,n_pixels_l1_mu,n_pixels_l1_std,n_pixels_l2_mu,n_pixels_l2_std,pred_err_l1_mu,pred_err_l1_std,pred_err_l1_thr-0.5_bin-True_mu,pred_err_l1_thr-0.5_bin-True_std,pred_err_l1_thr-0.5_bin-False_mu,pred_err_l1_thr-0.5_bin-False_std,pred_err_l2_mu,pred_err_l2_std,pred_err_l2_thr-0.5_bin-True_mu,pred_err_l2_thr-0.5_bin-True_std,pred_err_l2_thr-0.5_bin-False_mu,pred_err_l2_thr-0.5_bin-False_std,pw_pred_err_mu,pw_pred_err_std,pw_pred_err_thr-0.5_bin-True_mu,pw_pred_err_thr-0.5_bin-True_std,pw_pred_err_thr-0.5_bin-False_mu,pw_pred_err_thr-0.5_bin-False_std,pred_err_wd_mu,pred_err_wd_std,mahalanobis_mu,mahalanobis_std,mahalanobis_thr-0.5_bin-True_mu,mahalanobis_thr-0.5_bin-True_std,mahalanobis_thr-0.5_bin-False_mu,mahalanobis_thr-0.5_bin-False_std,kalmanw_pred_err_mu,kalmanw_pred_err_std,kalmanw_pred_err_thr-0.5_bin-True_mu,kalmanw_pred_err_thr-0.5_bin-True_std,kalmanw_pred_err_thr-0.5_bin-False_mu,kalmanw_pred_err_thr-0.5_bin-False_std
Abart,352.1019607843137,0.0,17.23783469642129,0.0,359.7138198386016,0.0,248.0,0.0,164.16119231716982,0.0,12.929298453524517,0.0,15.748015748023622,0.0,10.611470106417189,0.0,800.826647909301,0.0,229.3589059747596,0.0,173.56000207774545,0.0,9.057332173102038,0.0,25.25132626670231,0.0,4964.950429298289,0.0,4089.4254624968485,0.0,12.92929842851716,0.0,11.720854586218657,0.0,9.501648809599969,0.0
Abend,403.9411764705882,0.0,18.472889827876116,0.0,349.96298346881804,0.0,205.0,0.0,139.88694354775578,0.0,12.612530317640179,0.0,14.317821063276353,0.0,10.006100870341522,0.0,1054.92989266215,0.0,671.8989706233513,0.0,498.893647434785,0.0,3.670202079917733,0.0,18.34223085210262,0.0,4956.418409572543,0.0,4033.287106373834,0.0,12.612530287409657,0.0,10.811184729327676,0.0,8.952731798154128,0.0
Aboln,368.09019607843135,0.0,17.675841016269892,0.0,372.55289845330765,0.0,238.0,0.0,165.80111275410292,0.0,13.400466504929502,0.0,15.427248620541512,0.0,10.969327882011266,0.0,821.3169479925257,0.0,284.89063471075065,0.0,226.66266086276804,0.0,5.417378375670651,0.0,26.833860203506067,0.0,6168.797737082006,0.0,4113.258784885714,0.0,13.40046644982998,0.0,11.766476632631703,0.0,9.961840879040183,0.0
Abtäs,367.2078431372549,0.0,17.521867920978497,0.0,346.5331278971738,0.0,204.0,0.0,136.8846929927071,0.0,12.464038779431295,0.0,14.2828568570857,0.0,9.800592529110041,0.0,816.2303901752621,0.0,280.65875976692314,0.0,223.30591736734712,0.0,5.6361685475375,0.0,59.85677306368478,0.0,5154.192987983763,0.0,4076.792084609699,0.0,12.464038771365828,0.0,10.466701556385084,0.0,8.657583841279891,0.0
Acker,336.7450980392157,0.0,16.886657008682135,0.0,335.0587008272988,0.0,219.0,0.0,142.46481524618713,0.0,12.1395993460012,0.0,14.798648586948742,0.0,9.807447982528956,0.0,858.7655107538066,0.0,470.5143582636531,0.0,375.21297269919415,0.0,5.53562020366412,0.0,25.58198272616775,0.0,3734.5974146563585,0.0,4495.240338227697,0.0,12.139599370658551,0.0,11.11057900973536,0.0,8.798383848663903,0.0
Adern,360.63529411764705,0.0,17.477706786795075,0.0,345.5917864278547,0.0,214.0,0.0,142.6780912203596,0.0,12.482457979769075,0.0,14.628738838327793,0.0,9.940067148815526,0.0,1516.0773638959502,0.0,1566.290627462741,0.0,1196.1449202614237,0.0,5.998235185701635,0.0,27.73712522494185,0.0,3637.3864022997823,0.0,4003.5525476911776,0.0,12.482457883529413,0.0,10.882651344396313,0.0,8.91591482764114,0.0
Adler,340.2274509803922,0.0,16.984316894617166,0.0,346.61739019244595,0.0,217.0,0.0,144.4580373916108,0.0,12.498381521759057,0.0,14.730919862656235,0.0,10.021069710694354,0.0,1518.5184451031002,0.0,1567.0281123988661,0.0,1196.888457203699,0.0,8.868937174897647,0.0,26.00644094970449,0.0,7412.8435096359035,0.0,5199.711864197688,0.0,12.498381422529055,0.0,11.26387602406468,0.0,9.002547563279274,0.0
Adria,342.556862745098,0.0,17.043168836764547,0.0,369.12242640034776,0.0,265.0,0.0,175.793731267961,0.0,13.232387059199247,0.0,16.278820596099706,0.0,11.011352417027386,0.0,1520.0563381239397,0.0,1571.0862279267633,0.0,1198.9667741022383,0.0,7.220823184334992,0.0,27.212288736362297,0.0,4011.700421390815,0.0,3981.7794067309364,0.0,13.232386960671532,0.0,12.247342058658287,0.0,9.971732579189736,0.0
Affen,372.68235294117653,0.0,17.682495139866308,0.0,377.04991187598,0.0,257.0,0.0,175.0089085344852,0.0,13.44401749018615,0.0,16.0312195418814,0.0,11.182021253400784,0.0,5718.970039609076,0.0,2851.0391223498114,0.0,2222.6924931828858,0.0,3.441493534722005,0.0,33.941522776376516,0.0,14760.89191740167,0.0,9047.810686325905,0.0,13.444017556134481,0.0,12.186262462545102,0.0,10.235233712523438,0.0
Agenk,412.6196078431372,0.0,18.669322598992906,0.0,359.47136260168656,0.0,215.0,0.0,148.62877582300266,0.0,12.898115242144206,0.0,14.66287829861518,0.0,10.378055429354687,0.0,76622.21571369829,0.0,9838.218131462047,0.0,7106.721872023632,0.0,3.9429646650043946,0.0,39.241319328397836,0.0,3921.0558797438857,0.0,3970.7480558412035,0.0,12.898115257570854,0.0,11.422500228310874,0.0,9.313113388809432,0.0
Agent,376.0156862745098,0.0,17.76299866271835,0.0,334.37944601988045,0.0,191.0,0.0,126.6818915302598,0.0,12.020756930086604,0.0,13.820274961085254,0.0,9.362487387841966,0.0,76621.58735691512,0.0,9834.95888843118,0.0,7103.347775831635,0.0,7.356171793766655,0.0,37.28064413337641,0.0,3827.4327914258984,0.0,3759.9947627333772,0.0,12.020756938082766,0.0,10.570371979567726,0.0,8.283832767733596,0.0
Ahnen,384.8509803921568,0.0,18.08196256611031,0.0,327.64985273521603,0.0,185.0,0.0,122.22986715079432,0.0,11.852225157565176,0.0,13.601470508735444,0.0,9.16396266573935,0.0,801.296300923785,0.0,246.82169735712856,0.0,177.187351320072,0.0,4.024934760239933,0.0,13.687111638429588,0.0,4347.830618141138,0.0,3749.0776879684768,0.0,11.852225084325008,0.0,10.19911654824906,0.0,8.177104399807277,0.0
Aigön,379.8666666666667,0.0,17.871751243313664,0.0,360.8586163378004,0.0,236.0,0.0,157.70678251842833,0.0,12.886923059956565,0.0,15.362291495737216,0.0,10.474705724517221,0.0,1789.4820449466165,0.0,321.1210371813436,0.0,251.74105982890205,0.0,3.4316569504456416,0.0,21.84483209751796,0.0,5745.291335557713,0.0,4662.861654552348,0.0,12.88692307292907,0.0,11.968954620938405,0.0,9.406015902459561,0.0
Akkus,390.0941176470588,0.0,18.227404576229276,0.0,369.12614735038585,0.0,268.0,0.0,180.62835348854347,0.0,13.341396222993062,0.0,16.3707055437449,0.0,11.274471805834366,0.0,1425.4518422742683,0.0,1477.69561054605,0.0,1177.44760071906,0.0,6.459058060233108,0.0,47.812953163090796,0.0,6107.911468792788,0.0,5434.814104741191,0.0,13.341396229282802,0.0,12.327856185860707,0.0,10.314802126693522,0.0
Aktie,335.35686274509806,0.0,16.854650131787814,0.0,368.1604643304302,0.0,253.0,0.0,172.8671530301148,0.0,13.293663330224412,0.0,15.905973720586866,0.0,11.075753967152957,0.0,1375.589695525831,0.0,1407.5203068285614,0.0,1120.4075154877942,0.0,8.094499322648915,0.0,43.15570225544579,0.0,5925.740937540579,0.0,5073.617704390125,0.0,13.293663345047376,0.0,12.007819681519265,0.0,10.18723519908468,0.0
Alahn,376.38823529411764,0.0,17.903850597156627,0.0,348.70377796326886,0.0,237.0,0.0,153.70612103451194,0.0,12.539566145832476,0.0,15.394804318340652,0.0,10.146106410834475,0.0,778.9599896877797,0.0,161.33752692425162,0.0,118.41294967946823,0.0,3.585232078275239,0.0,17.493683880394332,0.0,5868.774393045227,0.0,4548.774480507746,0.0,12.539566201841264,0.0,11.673111556283498,0.0,9.040795273820653,0.0
Alarm,370.2862745098039,0.0,17.754069013928227,0.0,431.0370150153808,0.0,345.0,0.0,240.23785339476802,0.0,15.135103179650876,0.0,18.57417562100671,0.0,13.230961622353552,0.0,4375.047451009296,0.0,428.0654446073487,0.0,319.41318603905825,0.0,6.413863015661675,0.0,16.75923083684854,0.0,5338.924163062044,0.0,4509.035028473191,0.0,15.135103230117181,0.0,14.331699888465796,0.0,12.208853438915433,0.0
Alben,365.0705882352941,0.0,17.593180059935143,0.0,336.81426657735364,0.0,208.0,0.0,136.8738696162378,0.0,12.164495861989424,0.0,14.422205101855956,0.0,9.667002953220594,0.0,780.466467098635,0.0,160.67167918869208,0.0,119.11810451814763,0.0,3.2228295574299604,0.0,11.67694481879299,0.0,5323.032093239983,0.0,4482.254440403218,0.0,12.164495928413722,0.0,11.26431147325336,0.0,8.701547926710091,0.0
Algen,375.1803921568627,0.0,17.791649480420322,0.0,354.2376021380484,0.0,230.0,0.0,152.95537067103783,0.0,12.68687391871085,0.0,15.165750888103101,0.0,10.288946362059855,0.0,1782.5927247574282,0.0,260.85622817715944,0.0,186.01149262260154,0.0,3.679990027245522,0.0,11.243792983015387,0.0,5259.690929370713,0.0,4477.456726857232,0.0,12.68687397423299,0.0,11.843728000010293,0.0,9.284852880380194,0.0
Alibi,316.14509803921567,0.0,16.423000815509816,0.0,370.56254634582007,0.0,264.0,0.0,174.27975299194202,0.0,13.23168407484873,0.0,16.24807680927192,0.0,10.924365890956146,0.0,905.613513391071,0.0,317.0558782910664,0.0,208.46966779362262,0.0,5.443757520075725,0.0,21.772643361280736,0.0,6093.532820115816,0.0,4814.432245448708,0.0,13.23168415885013,0.0,12.296521247378738,0.0,9.88602530480698,0.0
Allas,317.12549019607843,0.0,16.390384086520132,0.0,356.3907685266144,0.0,242.0,0.0,157.77868514080768,0.0,12.750377071637038,0.0,15.556349186104045,0.0,10.340322264049549,0.0,783.6363117991854,0.0,175.1679986877779,0.0,130.72733350928482,0.0,4.451553060363366,0.0,12.635875172452305,0.0,8402.45947546405,0.0,5637.634906002238,0.0,12.750377135483948,0.0,11.597434288597455,0.0,9.241848034129863,0.0
Alpen,364.8588235294118,0.0,17.602383974014074,0.0,339.2050778862062,0.0,206.0,0.0,137.4716654171636,0.0,12.26496839929041,0.0,14.352700094407323,0.0,9.78194005147412,0.0,1127.6900744235584,0.0,619.2783891393717,0.0,546.3556159609694,0.0,3.250024932982266,0.0,20.825538824253652,0.0,5236.12719906494,0.0,4469.634413676371,0.0,12.264968467455613,0.0,11.245543376547454,0.0,8.87632099244735,0.0
Altar,314.1372549019608,0.0,16.31914172909585,0.0,344.5475951790429,0.0,238.0,0.0,152.54416224504223,0.0,12.397967007438686,0.0,15.427248620541512,0.0,10.051488034584418,0.0,778.8070523660241,0.0,167.6678188337229,0.0,121.94971111144027,0.0,4.956531332555454,0.0,13.814377278994172,0.0,5493.816534621812,0.0,4586.060620352557,0.0,12.397967082765183,0.0,11.477375951472185,0.0,8.937616683113255,0.0
Alten,327.94117647058823,0.0,16.663515734444054,0.0,328.2282824624838,0.0,201.0,0.0,130.6182598439147,0.0,11.88448957909345,0.0,14.177446878757825,0.0,9.371104292491282,0.0,777.3620762418724,0.0,153.621736419912,0.0,114.56700363773447,0.0,3.8527818787688677,0.0,11.19111301105932,0.0,5322.274194941732,0.0,4502.3913242290955,0.0,11.884489649839228,0.0,10.647215780466968,0.0,8.395605945863016,0.0
Alter,302.19215686274504,0.0,15.991268763385287,0.0,331.7833919281631,0.0,218.0,0.0,140.04227680570386,0.0,12.002972489632182,0.0,14.7648230602334,0.0,9.649241266361168,0.0,777.6518901998201,0.0,160.00363156810295,0.0,117.71230069711099,0.0,6.368465084959118,0.0,11.659349458548741,0.0,5359.817631068489,0.0,4499.936631272555,0.0,12.002972571771583,0.0,11.119957210104003,0.0,8.65623371018176,0.0
Amche,398.96862745098036,0.0,18.364200920065265,0.0,374.69413864850236,0.0,230.0,0.0,163.52759933184666,0.0,13.457657043519504,0.0,15.165750888103101,0.0,11.063148672857654,0.0,10094.57486107245,0.0,827.5434892113464,0.0,640.7514507554529,0.0,4.758588857603947,0.0,19.133993186211995,0.0,5406.190281311181,0.0,3695.380395492072,0.0,13.4576570228228,0.0,11.943709796738254,0.0,10.188542504518106,0.0
Amtig,393.69019607843137,0.0,18.225919158744347,0.0,446.2586165935055,0.0,347.0,0.0,247.25382089477915,0.0,15.536559191736728,0.0,18.627936010197157,0.0,13.592894451619983,0.0,11196.399983434823,0.0,1025.7611696928896,0.0,775.1554769487836,0.0,6.179993730993784,0.0,21.65620234141516,0.0,4997.187170338921,0.0,3684.3129487741835,0.0,15.536559203184922,0.0,14.652675799139741,0.0,12.640660443689308,0.0
Andam,434.90588235294115,0.0,19.20642393815461,0.0,417.89284038451945,0.0,300.0,0.0,213.44079954581267,0.0,14.759208158044121,0.0,17.320508075688775,0.0,12.621026743339451,0.0,4382.2512277888,0.0,502.8251595234435,0.0,371.8078259837401,0.0,5.889143592362161,0.0,17.89548283822297,0.0,7517.594262004713,0.0,3973.5519419862967,0.0,14.7592081860547,0.0,13.374348803859004,0.0,11.564096461858249,0.0
Anein,337.89803921568625,0.0,16.94412919075702,0.0,344.9134596964772,0.0,221.0,0.0,145.95177452020772,0.0,12.463504092522278,0.0,14.866068747318506,0.0,9.969299588659338,0.0,773.1847007312382,0.0,149.91601240372074,0.0,104.8906989163438,0.0,6.0175841053697745,0.0,16.226725892426888,0.0,7467.817164661259,0.0,3842.209140439997,0.0,12.463504112782054,0.0,10.835005531178389,0.0,8.98767533321825,0.0
Angel,375.1803921568627,0.0,17.791649480420322,0.0,366.75254690777945,0.0,243.0,0.0,164.56111685122244,0.0,13.11013015077907,0.0,15.588457268119896,0.0,10.78217224776923,0.0,1820.4447797121206,0.0,382.2519873958494,0.0,282.7375985086859,0.0,6.375002481302463,0.0,14.78459142343947,0.0,7876.4536767354275,0.0,4215.317978958796,0.0,13.110130171468573,0.0,11.911010666167899,0.0,9.78547672976392,0.0
Angst,365.2117647058824,0.0,17.50049507730533,0.0,355.68690348449485,0.0,240.0,0.0,158.67686915574345,0.0,12.754599658146516,0.0,15.491933384829668,0.0,10.425122077643026,0.0,1778.9101875653585,0.0,246.2851595285378,0.0,172.43409368607846,0.0,7.0510057222571385,0.0,12.438303686174631,0.0,7333.8773904262835,0.0,3956.8988227677773,0.0,12.754599674687467,0.0,11.641087861337443,0.0,9.32430190388877,0.0
Angur,379.87450980392157,0.0,17.938215977750875,0.0,356.3101781904531,0.0,249.0,0.0,162.511908825514,0.0,12.767726575843648,0.0,15.7797338380595,0.0,10.493569517778619,0.0,1779.1516010530177,0.0,254.3065424538148,0.0,176.19750889234115,0.0,6.233449148445066,0.0,15.5791018611787,0.0,7560.381396490249,0.0,3876.1800393292806,0.0,12.767726594116233,0.0,11.748030982058358,0.0,9.400874089804692,0.0
Anker,359.20392156862744,0.0,17.48551902646186,0.0,339.4564323271003,0.0,226.0,0.0,148.18775569214918,0.0,12.325040604498874,0.0,15.033296378372908,0.0,10.034549535832594,0.0,858.6494133919831,0.0,472.2965406900085,0.0,376.2589894306594,0.0,6.953503050049044,0.0,22.155374854703044,0.0,7487.44582786746,0.0,4366.491829227331,0.0,12.325040644600321,0.0,11.293443590074034,0.0,9.053451533262795,0.0
Anmas,394.5176470588235,0.0,18.262579628482364,0.0,388.5533370801635,0.0,261.0,0.0,181.87325047466504,0.0,13.857758100867049,0.0,16.15549442140351,0.0,11.522537924522814,0.0,3407.4058127992234,0.0,287.82770124241637,0.0,218.53585175385396,0.0,5.160338907873458,0.0,17.487320945095476,0.0,7415.469912218769,0.0,4167.139620343883,0.0,13.8577581188359,0.0,12.048955575341083,0.0,10.4256746851734,0.0
Anmut,394.9607843137255,0.0,18.32300012873986,0.0,389.5022596851679,0.0,278.0,0.0,192.44629250977678,0.0,13.94817653347745,0.0,16.673332000533065,0.0,11.802978720177405,0.0,3407.2789820925163,0.0,288.5106598587257,0.0,218.36579163371474,0.0,4.8708037290747,0.0,16.46980752390434,0.0,7563.028231711164,0.0,4086.7821855487045,0.0,13.948176548688437,0.0,12.638449205028182,0.0,10.778153239675301,0.0
Annag,407.5333333333333,0.0,18.55100308592613,0.0,357.408973749157,0.0,229.0,0.0,151.86311022185936,0.0,12.744918694980182,0.0,15.132745950421556,0.0,10.234663746524259,0.0,4903.209721413756,0.0,612.0643734455499,0.0,440.5410470925888,0.0,4.527392017299754,0.0,18.085096276921373,0.0,7404.284474455053,0.0,3954.7168120438764,0.0,12.744918717175523,0.0,11.34837104754219,0.0,9.077058629089372,0.0
Anper,359.5176470588235,0.0,17.461244392877312,0.0,330.4041869808136,0.0,198.0,0.0,130.5143149772236,0.0,11.968397835027128,0.0,14.071247279470288,0.0,9.4631706532232,0.0,1121.681283590851,0.0,613.6698337355582,0.0,541.9442500534723,0.0,7.305068714400453,0.0,22.448519673916778,0.0,7309.363710839782,0.0,3862.2787897127114,0.0,11.968397856624513,0.0,10.6256602322745,0.0,8.501168914590139,0.0
Antus,336.4588235294118,0.0,16.858860929768912,0.0,324.1004353300488,0.0,202.0,0.0,129.1964711261345,0.0,11.741969963169115,0.0,14.212670403551895,0.0,9.244754210555024,0.0,769.2970639323381,0.0,137.0260451404725,0.0,95.49218919769706,0.0,5.760085420688039,0.0,15.807774722299563,0.0,7578.123739689118,0.0,3902.875349679768,0.0,11.741969987039084,0.0,9.922323720139396,0.0,8.18562576116171,0.0
Anzug,394.7372549019608,0.0,18.309921089500342,0.0,361.2353982997903,0.0,247.0,0.0,163.59676846361808,0.0,12.932285633972121,0.0,15.716233645501712,0.0,10.621524278355258,0.0,4903.240091702997,0.0,614.1591137660287,0.0,441.81732519554134,0.0,4.510318811227376,0.0,32.06826706748853,0.0,8402.78340080697,0.0,3941.6684198199428,0.0,12.932285655631892,0.0,11.552507105165189,0.0,9.544625950837014,0.0
Apfel,367.2392156862745,0.0,17.60199737014766,0.0,387.3702882373433,0.0,261.0,0.0,182.1224111585521,0.0,13.802235440606022,0.0,16.15549442140351,0.0,11.556332145347444,0.0,1891.0194941389266,0.0,1318.4852050745067,0.0,1049.4172409981152,0.0,7.702356106548062,0.0,23.40692649567468,0.0,9774.350148303574,0.0,7283.119032820636,0.0,13.80223541133215,0.0,12.3256871543737,0.0,10.625126555245723,0.0
Arahn,371.04705882352937,0.0,17.765106258744066,0.0,341.8370336012962,0.0,228.0,0.0,147.77220863822606,0.0,12.349622717365738,0.0,15.0996688705415,0.0,9.93957251051601,0.0,769.3986116573517,0.0,131.50610008114094,0.0,94.97427872034743,0.0,3.87780623803707,0.0,17.521109002912226,0.0,5714.297853517136,0.0,3810.518216395676,0.0,12.349622712287085,0.0,10.938225312172099,0.0,8.845861268102704,0.0
Arcer,293.9647058823529,0.0,15.754666103631294,0.0,316.1097583433451,0.0,186.0,0.0,118.52911978766221,0.0,11.422976252398447,0.0,13.638181696985855,0.0,8.837420046475998,0.0,767.1196018953611,0.0,125.48413236409269,0.0,90.36741624403075,0.0,6.215646661431809,0.0,15.843399445562955,0.0,5205.532244412011,0.0,3678.8849727145353,0.0,11.422976253121428,0.0,9.695528988345647,0.0,7.863481617790133,0.0
Arche,336.64313725490194,0.0,16.86478874985055,0.0,320.0968441888882,0.0,178.0,0.0,115.95562595923927,0.0,11.567407088927771,0.0,13.341664064126334,0.0,8.846532063399195,0.0,768.3296097810927,0.0,120.57941440364543,0.0,88.56375681378539,0.0,3.7537036293126613,0.0,12.060975135281483,0.0,5810.412744228585,0.0,3761.630050985809,0.0,11.567407065283396,0.0,9.668812121164587,0.0,7.9009585528480635,0.0
Ardal,352.1725490196078,0.0,17.29337244403976,0.0,377.20104478821133,0.0,272.0,0.0,182.36037563377977,0.0,13.487573675147317,0.0,16.492422502470642,0.0,11.297474579069268,0.0,904.8277671172851,0.0,431.18138360575097,0.0,321.16356399640665,0.0,4.482016700798182,0.0,18.58134968649695,0.0,6119.0889225408255,0.0,4176.90862299076,0.0,13.487573686993672,0.0,12.284760130455698,0.0,10.248970079950402,0.0
Arena,342.99607843137255,0.0,17.028089510340394,0.0,326.74344551560324,0.0,202.0,0.0,129.61211987588638,0.0,11.814903989454034,0.0,14.212670403551895,0.0,9.270242212498268,0.0,770.5049379868753,0.0,156.7972165662642,0.0,111.69420978760758,0.0,3.6622013989340547,0.0,16.82025416156091,0.0,5138.420787554909,0.0,3703.248986747955,0.0,11.81490398704317,0.0,9.995507807857917,0.0,8.190977320261528,0.0
Argon,372.8588235294117,0.0,17.734409954223235,0.0,356.25672698560635,0.0,231.0,0.0,155.2413595576378,0.0,12.798967923288389,0.0,15.198684153570664,0.0,10.4207825843918,0.0,1780.501588992697,0.0,257.27790814297464,0.0,183.84573331340465,0.0,3.487840909709478,0.0,15.336756551175174,0.0,5110.70487074366,0.0,3756.7321731446395,0.0,12.798967928364162,0.0,11.425114083873378,0.0,9.386163200241715,0.0
Arier,286.4,0.0,15.594850242774985,0.0,333.18733985504525,0.0,220.0,0.0,140.8307785530535,0.0,12.049497736977813,0.0,14.832396974191326,0.0,9.651897678900038,0.0,770.3027659896335,0.0,130.79552246811042,0.0,94.02941027325768,0.0,6.432532619096498,0.0,12.715342982368359,0.0,5504.872816398639,0.0,3965.7066590481704,0.0,12.04949774929998,0.0,10.5310704500772,0.0,8.633015635738968,0.0
Arman,390.6941176470588,0.0,18.226633827992785,0.0,396.687906808423,0.0,278.0,0.0,193.87501539057556,0.0,14.139382265207994,0.0,16.673332000533065,0.0,11.889489400423631,0.0,3407.2486488888308,0.0,287.181558242984,0.0,219.1105229591876,0.0,3.5502284505503052,0.0,15.10357755124868,0.0,5252.7252784902075,0.0,4033.624947195098,0.0,14.139382271589758,0.0,12.440707192669295,0.0,10.83405959227163,0.0
Armee,367.62745098039215,0.0,17.613427211842293,0.0,372.62258842359677,0.0,235.0,0.0,166.64123333873758,0.0,13.443331846105664,0.0,15.329709716755891,0.0,11.130823014259542,0.0,3406.8849900911378,0.0,281.2732670921902,0.0,216.03164375962223,0.0,4.267724046161179,0.0,13.53081422193757,0.0,5136.476741361726,0.0,3940.456354501076,0.0,13.443331852033838,0.0,11.687370579022602,0.0,10.251027546283941,0.0
Armen,378.74901960784314,0.0,17.933668631605617,0.0,383.9237035575432,0.0,258.0,0.0,181.3731299512372,0.0,13.794342808231468,0.0,16.06237840420901,0.0,11.551424306545034,0.0,3406.98479492807,0.0,282.77537381708385,0.0,216.78070709058036,0.0,3.513848685862168,0.0,12.690838208299805,0.0,5112.934400880889,0.0,3935.491984914401,0.0,13.794342815341007,0.0,12.111749879034939,0.0,10.603123940918096,0.0
Armöt,373.47843137254904,0.0,17.74943420100986,0.0,402.5481641668313,0.0,286.0,0.0,202.1837785409511,0.0,14.344411521978316,0.0,16.911534525287763,0.0,12.234350419965681,0.0,3412.885936792555,0.0,356.23535609068665,0.0,287.7641978141502,0.0,4.603571748912734,0.0,22.484796874238054,0.0,5155.928236083606,0.0,4315.589832795282,0.0,14.344411525052195,0.0,13.058908802106464,0.0,11.241518216655038,0.0
Aroma,382.5921568627451,0.0,17.992829106883434,0.0,416.3686818678609,0.0,315.0,0.0,222.0643795074331,0.0,14.775769742205796,0.0,17.74823934929885,0.0,12.819668891866165,0.0,7900.7845736269,0.0,676.3543035151835,0.0,518.6806883148809,0.0,5.730641722454975,0.0,20.110941754409243,0.0,5223.550578624176,0.0,3981.2033283590777,0.0,14.77576974791256,0.0,13.511196299990294,0.0,11.888152009644456,0.0
Arten,322.59999999999997,0.0,16.51435408398483,0.0,321.3615381005111,0.0,192.0,0.0,124.6843474476288,0.0,11.683901518377706,0.0,13.856406460551018,0.0,9.147088173434081,0.0,767.7807992291479,0.0,121.91675301280937,0.0,90.13370784111031,0.0,4.0027326623971975,0.0,11.4224391028685,0.0,5151.644943541916,0.0,3755.040681085887,0.0,11.683901530328674,0.0,9.835976994073597,0.0,8.185321107640164,0.0
Artis,281.7725490196079,0.0,15.423124087942254,0.0,357.3088505039875,0.0,258.0,0.0,169.58715866335598,0.0,12.911631201222646,0.0,16.06237840420901,0.0,10.748758891401689,0.0,773.7768234293426,0.0,155.77148287689604,0.0,111.47937905239125,0.0,7.737089261520172,0.0,13.981222312306361,0.0,5413.996065843658,0.0,3752.3670322208227,0.0,12.911631216122373,0.0,11.548532179239084,0.0,9.798006129406701,0.0
Asien,315.97254901960787,0.0,16.323696519194105,0.0,316.6896355866339,0.0,177.0,0.0,113.97066941938014,0.0,11.453428220259276,0.0,13.30413469565007,0.0,8.701326156528658,0.0,769.156447363918,0.0,111.30884158575597,0.0,81.10421568353009,0.0,5.03948060313216,0.0,19.848972283681753,0.0,4104.7552928564655,0.0,3801.0651996876995,0.0,11.45342821746287,0.0,9.409021346050624,0.0,7.639775338122013,0.0
Astän,349.65098039215684,0.0,17.122806760043506,0.0,329.834646061125,0.0,194.0,0.0,126.63739588277917,0.0,11.921095550804134,0.0,13.92838827718412,0.0,9.248204313670987,0.0,783.9519704736285,0.0,207.92326921282762,0.0,168.61498331953234,0.0,4.0844127198536935,0.0,58.43814495085648,0.0,3911.5868365698816,0.0,3587.2913740193085,0.0,11.921095564319575,0.0,9.978253138541126,0.0,8.09855014303952,0.0
Athen,365.278431372549,0.0,17.57656070883617,0.0,327.93873465306626,0.0,201.0,0.0,131.4470088947508,0.0,11.909387759442215,0.0,14.177446878757825,0.0,9.438655738652727,0.0,777.407418932112,0.0,137.37788796846266,0.0,103.09917893317736,0.0,2.9818706401370023,0.0,13.877828323716932,0.0,3680.404650199971,0.0,3893.843463433592,0.0,11.909387780021213,0.0,10.929540591406969,0.0,8.47538066564062,0.0
Atmen,384.92549019607844,0.0,18.04291181230642,0.0,380.3707936604037,0.0,252.0,0.0,177.79503096551412,0.0,13.701566204091925,0.0,15.874507866387544,0.0,11.456825727328207,0.0,3408.596117531997,0.0,286.36988798280044,0.0,220.6113720302471,0.0,3.3726674057427672,0.0,14.491009244462077,0.0,3491.5792421787914,0.0,4022.9117153036364,0.0,13.70156621600538,0.0,12.362092561937278,0.0,10.505949733875083,0.0
Augen,394.5019607843137,0.0,18.230414696114586,0.0,337.2772774662984,0.0,195.0,0.0,130.3977892186173,0.0,12.155695225365836,0.0,13.96424004376894,0.0,9.51729653357423,0.0,1778.2555829089968,0.0,238.46402277593248,0.0,167.70289285622937,0.0,3.545941935837902,0.0,11.175053062803698,0.0,3516.573263436074,0.0,3611.505023839315,0.0,12.155695261679353,0.0,10.623151181454089,0.0,8.490579947274844,0.0
Aurer,315.33725490196076,0.0,16.35835289210257,0.0,314.4566910199187,0.0,190.0,0.0,119.8897670402171,0.0,11.394055194927759,0.0,13.784048752090222,0.0,8.82773793075287,0.0,766.7635999902457,0.0,119.16764801236339,0.0,83.9257230327942,0.0,8.139318140006248,0.0,12.05180987082358,0.0,3580.869903399708,0.0,3584.0011303142305,0.0,11.39405522310737,0.0,9.91626760843326,0.0,7.778347645286337,0.0
Autor,324.5333333333333,0.0,16.566269236980954,0.0,323.7089364659438,0.0,193.0,0.0,125.70459663616916,0.0,11.766896494238178,0.0,13.892443989449804,0.0,9.203425401505475,0.0,772.4325770459127,0.0,145.95264290084145,0.0,107.61348392866142,0.0,7.277892487866993,0.0,15.510181349873108,0.0,3698.330151390739,0.0,3671.807410996481,0.0,11.766896524894307,0.0,10.154161485871622,0.0,8.135731112042796,0.0
Babys,398.0,0.0,18.29081827213332,0.0,352.9085536705495,0.0,221.0,0.0,148.7845961017892,0.0,12.715963513420355,0.0,14.866068747318506,0.0,10.20502241527331,0.0,93427.00833321881,0.0,4115.822890350142,0.0,2684.848285968312,0.0,8.218297129474442,0.0,34.78326907589066,0.0,6854.906693959159,0.0,3020.7195444847134,0.0,12.715963512459734,0.0,11.273647886655546,0.0,9.093838472504375,0.0
Backe,385.5019607843137,0.0,18.03653049068706,0.0,320.9011319230249,0.0,172.0,0.0,112.60190939647623,0.0,11.58887867714319,0.0,13.114877048604,0.0,8.719877210157534,0.0,779.9895813940401,0.0,169.91851908740628,0.0,124.57246480719255,0.0,5.157378824440611,0.0,14.666530338965842,0.0,6922.929553509767,0.0,2959.069656194065,0.0,11.588878667330949,0.0,9.913040351936957,0.0,7.624549139515753,0.0
Bahre,382.10980392156864,0.0,17.978054886898633,0.0,334.1097401837504,0.0,204.0,0.0,133.33624504734576,0.0,12.0931865265477,0.0,14.2828568570857,0.0,9.475125053184561,0.0,768.5109421664687,0.0,113.64287363431735,0.0,77.11567585870857,0.0,8.783899017800806,0.0,12.581144220251074,0.0,6952.152784483817,0.0,3143.7456557830915,0.0,12.093186525536224,0.0,10.99128602298391,0.0,8.407178321424723,0.0
Banco,371.4901960784314,0.0,17.69842372161746,0.0,316.6586678981386,0.0,168.0,0.0,108.1151386495294,0.0,11.423004147070088,0.0,12.96148139681572,0.0,8.462930193458146,0.0,809.7290741121059,0.0,334.82822040221964,0.0,223.56668175933714,0.0,8.219715448261645,0.0,17.781103940361444,0.0,6885.821264914494,0.0,3348.7627110441554,0.0,11.423004145744791,0.0,9.790562536872907,0.0,7.243364999516086,0.0
Banda,421.3372549019608,0.0,18.873822926193007,0.0,336.6038225350135,0.0,203.0,0.0,132.17970651649995,0.0,12.125710085779128,0.0,14.247806848775006,0.0,9.43359783328541,0.0,787.778861142257,0.0,196.60773740201424,0.0,137.41662947449342,0.0,2.8373890351621576,0.0,15.698827253036653,0.0,7054.499292828776,0.0,3571.3417916373455,0.0,12.125710088118362,0.0,10.999726630812082,0.0,8.20227990959577,0.0
Bande,409.3921568627451,0.0,18.591059188163356,0.0,319.4252150812172,0.0,167.0,0.0,109.3374421109673,0.0,11.541586054941254,0.0,12.922847983320086,0.0,8.609607752806838,0.0,784.0068730877706,0.0,166.37259373783425,0.0,117.76087763105123,0.0,4.376898265731336,0.0,10.949766953245968,0.0,7056.374260864877,0.0,3584.5723204671244,0.0,11.541586058221371,0.0,10.156005834927626,0.0,7.471164906114275,0.0
Bands,398.5882352941177,0.0,18.340411342084106,0.0,328.08101649600326,0.0,189.0,0.0,122.5150288129997,0.0,11.839505101799455,0.0,13.74772708486752,0.0,9.074750151804642,0.0,784.5891133506443,0.0,170.52647538788213,0.0,120.29251305706076,0.0,6.157737974259335,0.0,13.00871156310367,0.0,7039.941265543378,0.0,3573.6813718441153,0.0,11.839505099279398,0.0,10.530029347329325,0.0,7.8711808946241835,0.0
Banja,386.92549019607844,0.0,18.08361458596307,0.0,362.6344869105259,0.0,244.0,0.0,162.41163980313289,0.0,13.011751108771827,0.0,15.620499351813308,0.0,10.571412659003089,0.0,1698.0811900691663,0.0,394.13598321280216,0.0,321.8044760611361,0.0,6.254608256653977,0.0,44.46435760864222,0.0,6882.789243365575,0.0,2984.2598820582284,0.0,13.011751104973726,0.0,11.936466399112724,0.0,9.43669467189206,0.0
Banjo,378.0,0.0,17.870052529114464,0.0,355.1514657487454,0.0,221.0,0.0,149.87724671978472,0.0,12.812072714654647,0.0,14.866068747318506,0.0,10.264993682277579,0.0,1716.9835127411325,0.0,498.2412747984252,0.0,380.8196481852384,0.0,7.648998217352088,0.0,45.58957346426055,0.0,6884.603982067917,0.0,3030.2429587740444,0.0,12.8120727125269,0.0,11.553249170345364,0.0,9.209254757979181,0.0
Bantu,381.3921568627451,0.0,17.97405922642326,0.0,336.98649255511083,0.0,212.0,0.0,138.8211084956967,0.0,12.235092420870059,0.0,14.560219778561036,0.0,9.657113816803568,0.0,766.625462805923,0.0,117.52368962961766,0.0,78.7755925514578,0.0,6.643782336440215,0.0,17.06820788168487,0.0,7161.6132147515855,0.0,3231.8769463719086,0.0,12.235092418830554,0.0,11.110634790950481,0.0,8.556787869945415,0.0
Barde,383.64313725490194,0.0,17.990981123011345,0.0,321.9935083486009,0.0,177.0,0.0,115.15856040591413,0.0,11.634525791868931,0.0,13.30413469565007,0.0,8.808128017174655,0.0,784.038379786016,0.0,167.9781229449085,0.0,118.58403848466162,0.0,5.230951243960439,0.0,10.89463816394135,0.0,7065.43095657961,0.0,3574.145383051196,0.0,11.634525797809841,0.0,10.190962733822321,0.0,7.667347927480297,0.0
Bares,343.2549019607843,0.0,16.97970835918836,0.0,302.144508161277,0.0,160.0,0.0,99.97898339673488,0.0,10.903754366745659,0.0,12.649110640673518,0.0,8.009880404750332,0.0,764.1537988209986,0.0,85.80820385629514,0.0,56.075990161673104,0.0,10.652858185893562,0.0,11.332844060152915,0.0,6787.911110231206,0.0,2968.7694929512672,0.0,10.90375436621478,0.0,9.256973870087027,0.0,6.826500165726337,0.0
Bargs,382.0431372549019,0.0,17.903695124630687,0.0,340.0281209101456,0.0,204.0,0.0,133.24109177250074,0.0,12.1921620486429,0.0,14.2828568570857,0.0,9.511232982787808,0.0,2808.064211926345,0.0,344.30263756018763,0.0,242.85841082160997,0.0,6.666129083033975,0.0,13.196204411662931,0.0,6832.045689882321,0.0,3070.995087901155,0.0,12.192162046846917,0.0,10.730565659172129,0.0,8.285897573865968,0.0
Barke,382.21176470588233,0.0,17.998570578468936,0.0,329.34164490937576,0.0,202.0,0.0,130.58622570516576,0.0,11.921011780406783,0.0,14.212670403551895,0.0,9.327396892038617,0.0,780.0494497390049,0.0,172.54536322758125,0.0,125.9764189763019,0.0,5.382225792118683,0.0,12.219890912072145,0.0,6865.999162644046,0.0,2983.319440053648,0.0,11.921011782510705,0.0,10.649095804418144,0.0,8.211816262438385,0.0
Basam,417.5254901960784,0.0,18.754385671890905,0.0,384.99053075314436,0.0,244.0,0.0,172.84063716783982,0.0,13.780756106053651,0.0,15.620499351813308,0.0,11.322666750701803,0.0,4372.7159822268095,0.0,404.03701065509244,0.0,300.64045857092566,0.0,5.875043613274838,0.0,14.510306252411338,0.0,7304.535014986627,0.0,3104.464091439986,0.0,13.780756102667965,0.0,12.121901284414117,0.0,10.200488039690356,0.0
Basar,355.20000000000005,0.0,17.288846291022043,0.0,317.4936434726134,0.0,179.0,0.0,112.74966163023902,0.0,11.427790247480486,0.0,13.379088160259652,0.0,8.528844268252838,0.0,765.6186553760601,0.0,105.65908665774818,0.0,67.95979878875784,0.0,9.79109221685285,0.0,13.466756800483394,0.0,7301.743395975849,0.0,3105.8998848590672,0.0,11.427790244606806,0.0,9.828309594917744,0.0,7.1986170318694045,0.0
Basen,369.00392156862745,0.0,17.614271938752783,0.0,301.1743307560543,0.0,142.0,0.0,90.8237592291115,0.0,10.868573806091248,0.0,11.916375287812984,0.0,7.715333337158164,0.0,764.1487409031477,0.0,81.55355922067615,0.0,53.59478084453164,0.0,6.497220401461615,0.0,10.58338095433467,0.0,7172.332855010987,0.0,2980.9625957758276,0.0,10.868573810380544,0.0,8.844699801029947,0.0,6.51347023348378,0.0
Basis,328.1764705882353,0.0,16.595524750762532,0.0,337.1216431595307,0.0,208.0,0.0,135.72657044483867,0.0,12.17877506827719,0.0,14.422205101855956,0.0,9.559966744522354,0.0,770.173042267334,0.0,126.69665833809938,0.0,84.7110807302886,0.0,12.98737825732444,0.0,12.889872985471941,0.0,7363.595295641965,0.0,2977.623963826693,0.0,12.178775064564014,0.0,10.716849668819119,0.0,8.45143401485887,0.0
Batik,369.48627450980393,0.0,17.710676179912262,0.0,369.0350860003012,0.0,254.0,0.0,172.53895600877223,0.0,13.323092623534798,0.0,15.937377450509228,0.0,11.016403357734838,0.0,830.8302940463723,0.0,282.69240200098704,0.0,234.8350046357337,0.0,7.903148250380007,0.0,15.638705958024511,0.0,7096.599668922405,0.0,3307.9745763913434,0.0,13.323092621801127,0.0,12.354984326035156,0.0,9.948202719468055,0.0
Bauch,395.43529411764706,0.0,18.296557431408523,0.0,337.6744527418486,0.0,203.0,0.0,132.26431043708294,0.0,12.17391315759571,0.0,14.247806848775006,0.0,9.442335626183711,0.0,820.6944605283707,0.0,348.8242504546486,0.0,240.7544697689641,0.0,5.8049737420803265,0.0,13.763063942463601,0.0,7302.11476321041,0.0,3385.0654150619794,0.0,12.173913151463609,0.0,10.802293264148343,0.0,8.253031241217302,0.0
Bauda,420.25098039215686,0.0,18.842059506833486,0.0,339.1054676667744,0.0,209.0,0.0,136.0943970501883,0.0,12.23355535874719,0.0,14.45683229480096,0.0,9.570084468046874,0.0,788.0292853520417,0.0,200.3229807670465,0.0,139.13263908063732,0.0,2.901985554488501,0.0,16.699050665546224,0.0,7475.677015022288,0.0,3632.748187674213,0.0,12.233555357600409,0.0,11.15651503360619,0.0,8.323321444988819,0.0
Bauts,359.4666666666667,0.0,17.39040997482971,0.0,332.8729354224076,0.0,209.0,0.0,135.80273289158256,0.0,12.091225502748294,0.0,14.45683229480096,0.0,9.529281885280914,0.0,766.2939058567193,0.0,110.20463778906147,0.0,75.0994758652645,0.0,10.639018328707397,0.0,12.19823073014622,0.0,7564.403760557917,0.0,3297.4564073105644,0.0,12.091225493926377,0.0,10.919559905800844,0.0,8.368233814192319,0.0
Bcckt,353.7686274509804,0.0,17.28826053499971,0.0,336.0698994766382,0.0,214.0,0.0,138.48833397934663,0.0,12.117875068231251,0.0,14.628738838327793,0.0,9.610739817768378,0.0,782.2238610569481,0.0,177.4384009932069,0.0,129.37212816243277,0.0,5.657144368131513,0.0,19.745975071791946,0.0,6939.047923591803,0.0,3492.86731294179,0.0,12.117875029736753,0.0,10.919299625895924,0.0,8.477918193716677,0.0
Bcdfw,423.7686274509804,0.0,18.89358003125769,0.0,438.62891104636503,0.0,347.0,0.0,244.47218768304725,0.0,15.348246820584476,0.0,18.627936010197157,0.0,13.425199592144383,0.0,74334.00060855536,0.0,14472.782067031,0.0,14443.930546325408,0.0,4.540272965107412,0.0,127.0805481542747,0.0,7075.419964832163,0.0,3552.231050011824,0.0,15.348246804595117,0.0,14.838540190000224,0.0,12.402643689089542,0.0
Bdhnf,439.0,0.0,19.288519433332016,0.0,381.2692836701445,0.0,258.0,0.0,176.81255635458712,0.0,13.609835534899457,0.0,16.06237840420901,0.0,11.266662740669556,0.0,2665.986981951478,0.0,1914.90347654442,0.0,1468.4213418045088,0.0,5.155901903769201,0.0,31.570652860320433,0.0,7233.133851632107,0.0,3649.6570759971246,0.0,13.609835492722091,0.0,12.655122630370018,0.0,10.176698644419835,0.0
Beben,396.5411764705882,0.0,18.27935053281643,0.0,304.03446619830186,0.0,147.0,0.0,96.6353641536258,0.0,11.051241146082363,0.0,12.12435565298214,0.0,8.091877870533045,0.0,767.6671132893455,0.0,92.68179135586024,0.0,63.46411275055679,0.0,4.603305343478166,0.0,9.511769752181022,0.0,6906.71845353105,0.0,3051.9869791960764,0.0,11.051241117332552,0.0,9.562351578065613,0.0,7.0477187346806485,0.0
Beere,342.1137254901961,0.0,16.940294548576816,0.0,304.72046918298474,0.0,153.0,0.0,99.50477832736283,0.0,11.070485518864114,0.0,12.36931687685298,0.0,8.153089271992355,0.0,764.5930077232252,0.0,96.1162231095672,0.0,65.2784382502946,0.0,9.055744608756507,0.0,13.656474495708324,0.0,6888.024606422196,0.0,3044.942133164136,0.0,11.070485498608473,0.0,9.224315933925832,0.0,7.153266528316775,0.0
Beete,348.29019607843134,0.0,17.05590148514504,0.0,305.3909938286678,0.0,148.0,0.0,98.63579597673703,0.0,11.135144888810245,0.0,12.165525060596439,0.0,8.22382680565052,0.0,764.9877206040161,0.0,91.18061999939714,0.0,65.1014526370009,0.0,8.184970909929113,0.0,11.35757254513714,0.0,7221.845929502673,0.0,3254.0120792799053,0.0,11.135144868934528,0.0,9.353977025435793,0.0,7.248542001174858,0.0
Beine,348.9607843137255,0.0,17.167264521901462,0.0,301.47392285115393,0.0,147.0,0.0,93.92991559583531,0.0,10.916644573717317,0.0,12.12435565298214,0.0,7.8506184354352815,0.0,766.6076502478114,0.0,80.12771539389361,0.0,53.88878592450661,0.0,6.404828498272284,0.0,8.812254573497714,0.0,7201.980614268739,0.0,3367.61789406901,0.0,10.91664456025812,0.0,8.843132026699926,0.0,6.716388257432863,0.0
Bekem,432.5921568627451,0.0,19.135767782142224,0.0,386.5295195996514,0.0,255.0,0.0,184.4215931688671,0.0,13.978326267424626,0.0,15.968719422671311,0.0,11.815512569108929,0.0,4389.294192485686,0.0,605.6708630283115,0.0,471.9184519891932,0.0,3.9375953135658865,0.0,21.61266552607583,0.0,7063.3860194548215,0.0,3649.706795301848,0.0,13.978326264774498,0.0,12.895285132848073,0.0,10.913827970967027,0.0
Betel,339.00392156862745,0.0,16.890358603769695,0.0,320.3194272242349,0.0,178.0,0.0,118.36686796321648,0.0,11.676128027671854,0.0,13.341664064126334,0.0,9.036756712909943,0.0,857.2197667519783,0.0,305.5509066880482,0.0,232.0256875164186,0.0,9.59577497370565,0.0,13.711785097018456,0.0,7515.566491259727,0.0,3500.7832213575193,0.0,11.676128023746628,0.0,10.166768197360051,0.0,8.059159281742076,0.0
Beule,357.4901960784313,0.0,17.381257499516934,0.0,332.49018929099,0.0,194.0,0.0,130.47128085492102,0.0,12.12897046778958,0.0,13.92838827718412,0.0,9.524682233210997,0.0,773.8437632319346,0.0,133.43993963078998,0.0,104.3423437191105,0.0,7.930744374886523,0.0,12.4858056485668,0.0,8163.5943810472,0.0,3231.4922863253732,0.0,12.128970454231828,0.0,10.881331560021696,0.0,8.541852247819772,0.0
Beuns,367.09411764705885,0.0,17.602685388087018,0.0,301.42600760496794,0.0,161.0,0.0,100.88373207990747,0.0,10.941400945874747,0.0,12.68857754044952,0.0,8.055983373257991,0.0,764.294010845885,0.0,91.08332466133923,0.0,58.848755605537015,0.0,7.699427065412874,0.0,12.773290612874462,0.0,7325.326998543798,0.0,3119.6724068852404,0.0,10.941400924496422,0.0,9.323911847901146,0.0,6.847114788482121,0.0
Bezug,405.8,0.0,18.51660518117729,0.0,340.81159829181047,0.0,211.0,0.0,139.73963040273523,0.0,12.30512666088993,0.0,14.52583904633395,0.0,9.81169369089987,0.0,4902.643669918492,0.0,607.3570001324023,0.0,436.5462128630943,0.0,4.840962765731982,0.0,31.756236410878003,0.0,8023.543727101765,0.0,3130.3767262870715,0.0,12.305126646032775,0.0,11.039117260632196,0.0,8.71875403094715,0.0
Bgrkq,435.3254901960784,0.0,19.203858704906576,0.0,388.1477353273168,0.0,277.0,0.0,188.51704169379593,0.0,13.789492753599948,0.0,16.64331697709324,0.0,11.581424734405234,0.0,28922092.761826538,0.0,233109.82479898172,0.0,229884.14529488646,0.0,4.867167182956075,0.0,339.39124282851344,0.0,7117.735751312373,0.0,3226.447459756852,0.0,13.789492756659335,0.0,12.966670067157429,0.0,10.468399586646104,0.0
Bgtts,367.8235294117647,0.0,17.528278684263835,0.0,360.1854021893664,0.0,232.0,0.0,157.79569389595653,0.0,12.966415383373079,0.0,15.231546211727817,0.0,10.566784136397583,0.0,76621.59885972118,0.0,9834.997624569409,0.0,7103.360168991224,0.0,12.860674420047326,0.0,40.310125053191015,0.0,7426.028301645334,0.0,3499.621931532084,0.0,12.966415382701834,0.0,11.755924145583355,0.0,9.503543101043258,0.0
Bhrps,387.8274509803922,0.0,18.13540425110559,0.0,349.3415553096852,0.0,219.0,0.0,146.9760057994459,0.0,12.626135480106848,0.0,14.798648586948742,0.0,10.157948853164871,0.0,989.7814347774744,0.0,510.2631084002141,0.0,410.2305680250158,0.0,8.419914618527745,0.0,25.316569175777005,0.0,7381.238904398275,0.0,3289.930689952951,0.0,12.626135420575393,0.0,11.289401584408118,0.0,9.115850887213236,0.0
Bhthl,395.1058823529412,0.0,18.345859200063177,0.0,371.65373259112755,0.0,253.0,0.0,171.97751571143596,0.0,13.373333891348677,0.0,15.905973720586866,0.0,11.029419431306554,0.0,891.2258136418452,0.0,382.3378663721391,0.0,284.3344949773143,0.0,7.923686767039319,0.0,20.769582776710163,0.0,8391.847691919193,0.0,3743.457963119923,0.0,13.37333387009145,0.0,12.262988402462057,0.0,10.002267443103563,0.0
Bhwxz,422.41568627450977,0.0,18.98664700049524,0.0,403.25796352333975,0.0,314.0,0.0,214.7458419861804,0.0,14.380705184516586,0.0,17.72004514666935,0.0,12.368861874755941,0.0,1011.459467673248,0.0,360.91305677195874,0.0,277.8615097375071,0.0,7.500515170207216,0.0,164.05959293077078,0.0,7988.976347622925,0.0,3233.310123739568,0.0,14.380705112802557,0.0,13.53107590934519,0.0,11.339515489479538,0.0
Bibel,357.23137254901957,0.0,17.404618742055927,0.0,347.23106525360856,0.0,228.0,0.0,150.57054405024385,0.0,12.545096046804305,0.0,15.0996688705415,0.0,10.156445262911001,0.0,860.9279067916439,0.0,311.0078181974225,0.0,235.17881569776407,0.0,7.341374064878537,0.0,13.947312551772251,0.0,8794.8746913335,0.0,4215.379909931804,0.0,12.54509605957495,0.0,11.952803050021387,0.0,9.170144737280152,0.0
Biegi,357.72549019607845,0.0,17.359505571281517,0.0,357.64744805604505,0.0,233.0,0.0,154.14724689294616,0.0,12.7921135965422,0.0,15.264337522473747,0.0,10.29162413519626,0.0,2845.167519553166,0.0,438.5815741235841,0.0,296.51595947677157,0.0,6.020871921216239,0.0,19.047406295357135,0.0,8304.960749975206,0.0,3918.037877553513,0.0,12.79211359366296,0.0,11.742895472596592,0.0,9.204291996589317,0.0
Biere,323.2117647058824,0.0,16.515534844372855,0.0,323.04612309748853,0.0,196.0,0.0,125.45284464206708,0.0,11.699113287235228,0.0,14.0,0.0,9.073583786488891,0.0,765.5961670196783,0.0,101.91704545479969,0.0,68.34402449714236,0.0,7.96133917310652,0.0,12.90392211838301,0.0,8265.256713830559,0.0,3868.6471655533896,0.0,11.699113276976611,0.0,10.539109085738609,0.0,8.067217049518018,0.0
Biest,318.58431372549023,0.0,16.353479560423207,0.0,318.0279891978828,0.0,196.0,0.0,123.6884475342695,0.0,11.522723329591974,0.0,14.0,0.0,8.930917125882722,0.0,765.0767855762643,0.0,89.40236698153963,0.0,58.49229447725798,0.0,9.176058733173551,0.0,10.1586855902396,0.0,8255.937687361376,0.0,3917.7149918459845,0.0,11.522723323386886,0.0,10.57770182672125,0.0,7.816420611568261,0.0
Binde,378.54509803921565,0.0,17.911534926673657,0.0,328.04315296222126,0.0,196.0,0.0,126.53704118670589,0.0,11.848204671023776,0.0,14.0,0.0,9.190185126716669,0.0,784.607266827412,0.0,167.84676704160378,0.0,118.48512488954033,0.0,3.5596524424023,0.0,10.878614619554103,0.0,8465.732480832545,0.0,4334.44648252485,0.0,11.848204660651842,0.0,11.004246459658212,0.0,8.12729593276273,0.0
Blama,419.043137254902,0.0,18.85110643341491,0.0,426.2082531648137,0.0,336.0,0.0,233.83933067577888,0.0,15.010287482950195,0.0,18.33030277982336,0.0,13.051128839726777,0.0,7900.3317902795525,0.0,663.6158171648324,0.0,506.1482061267286,0.0,4.0635705145272984,0.0,18.336657874660464,0.0,7973.043718900116,0.0,4320.472312888257,0.0,15.01028749282009,0.0,14.453691421904397,0.0,12.019174940193496,0.0
Blete,339.00392156862745,0.0,16.890358603769695,0.0,335.525748973781,0.0,204.0,0.0,135.63637006419805,0.0,12.180102827037373,0.0,14.2828568570857,0.0,9.649407358689857,0.0,776.1892806673658,0.0,146.34003343366223,0.0,108.23756955821756,0.0,7.540021798458451,0.0,13.171609637685602,0.0,8243.510954658714,0.0,4205.273223784104,0.0,12.18010284899774,0.0,11.197020857433568,0.0,8.694889737526498,0.0
Bljts,323.37254901960785,0.0,16.520637310100128,0.0,378.11961426688055,0.0,275.0,0.0,183.86065936295603,0.0,13.514089495054176,0.0,16.583123951777,0.0,11.298220208295216,0.0,1791.2604517099492,0.0,395.70996421541685,0.0,338.4245508521007,0.0,10.078537430375025,0.0,50.481911322304555,0.0,8754.963474701175,0.0,4255.924227269982,0.0,13.51408953657212,0.0,12.705121688295993,0.0,10.217865821197112,0.0
Bllly,340.321568627451,0.0,17.063101559586308,0.0,415.5896399591049,0.0,325.0,0.0,222.9657933228974,0.0,14.665637821821043,0.0,18.027756377319946,0.0,12.610227550877273,0.0,6175.76826363503,0.0,440.8829375567748,0.0,331.0776173914618,0.0,7.305493938487565,0.0,15.748964279632546,0.0,10893.390227516784,0.0,5300.569424983012,0.0,14.665637837504532,0.0,13.921559200561196,0.0,11.606206131175789,0.0
Bllsd,356.9490196078431,0.0,17.41132396545167,0.0,379.93361982013573,0.0,275.0,0.0,184.7089917700451,0.0,13.585557775211923,0.0,16.583123951777,0.0,11.363622206056291,0.0,1041.5330029363868,0.0,655.6132079383025,0.0,485.06733968494626,0.0,6.747494399627711,0.0,19.179675368933506,0.0,10237.81297508297,0.0,5288.856525675813,0.0,13.585557796065256,0.0,12.876111783815874,0.0,10.303737133765878,0.0
Block,367.29019607843134,0.0,17.664046289967153,0.0,362.9264800029913,0.0,243.0,0.0,163.587401956183,0.0,13.058638942015142,0.0,15.588457268119896,0.0,10.705260792640491,0.0,847.971952074974,0.0,329.83047245452946,0.0,273.5680140558644,0.0,5.603702732047348,0.0,19.625592785064683,0.0,8100.496637958457,0.0,4457.505451406836,0.0,13.058638973643,0.0,12.205780882028007,0.0,9.598806061771011,0.0
Blogs,378.4588235294118,0.0,17.827305624693174,0.0,356.8358491449512,0.0,226.0,0.0,151.5145982315828,0.0,12.785544748403261,0.0,15.033296378372908,0.0,10.301344512712873,0.0,2814.6354558772045,0.0,392.0185027384398,0.0,286.1474566855359,0.0,5.209850443541513,0.0,18.252230103751717,0.0,8004.226070799687,0.0,4087.599651064769,0.0,12.785544789548702,0.0,11.772848086338401,0.0,9.197197207387159,0.0
Bloht,370.0745098039216,0.0,17.71560760423953,0.0,340.6352057393384,0.0,224.0,0.0,146.39594848171663,0.0,12.34229023611494,0.0,14.966629547095765,0.0,9.943970795156169,0.0,789.6466545422861,0.0,208.57422591070363,0.0,162.7015900057374,0.0,5.044875629313016,0.0,18.80831000794631,0.0,8393.976085452592,0.0,4089.939556459271,0.0,12.342290274881353,0.0,11.846901330441362,0.0,8.868396825404187,0.0
Bluff,384.49411764705883,0.0,18.023545623638164,0.0,428.2983149868713,0.0,341.0,0.0,234.78827841365757,0.0,14.98960368828966,0.0,18.466185312619388,0.0,12.993563207505966,0.0,2495.6979333636345,0.0,1245.2473618974811,0.0,950.5996609319645,0.0,4.226366107468639,0.0,22.187698393725128,0.0,8426.981721822642,0.0,4122.315838937571,0.0,14.989603719656404,0.0,14.509755254094632,0.0,11.962296654645282,0.0
Blume,405.1882352941177,0.0,18.557005701138316,0.0,406.9644362832838,0.0,299.0,0.0,209.99026875119014,0.0,14.51268426427102,0.0,17.291616465790582,0.0,12.43265061510267,0.0,7899.92332088312,0.0,655.2415402175068,0.0,500.9488003197625,0.0,3.9764329973037587,0.0,16.380046404408354,0.0,8346.187801548775,0.0,4360.430174506336,0.0,14.512684276676017,0.0,13.888776787447085,0.0,11.52608231303935,0.0
Bluse,346.6862745098039,0.0,17.11289919106543,0.0,327.4600542610733,0.0,202.0,0.0,130.24321269880744,0.0,11.876390601258557,0.0,14.212670403551895,0.0,9.300903636427748,0.0,775.227256786119,0.0,144.76774970839642,0.0,103.69036241668643,0.0,7.467854937588767,0.0,13.895620301333791,0.0,8334.103764164985,0.0,4165.477249719515,0.0,11.876390622496762,0.0,10.98541970524053,0.0,8.248849629130525,0.0
Blöße,420.01960784313724,0.0,18.728095907400764,0.0,389.51076225291484,0.0,260.0,0.0,182.65503344163048,0.0,13.873632335178694,0.0,16.1245154965971,0.0,11.581307328451096,0.0,1285.5107152235164,0.0,673.5147016155644,0.0,515.7293450151557,0.0,4.5865722847533785,0.0,33.351893575711536,0.0,9045.40397894934,0.0,5764.127765639547,0.0,13.873632364119738,0.0,12.94765692979557,0.0,10.621897001168492,0.0
Bmlll,376.5803921568628,0.0,17.97046660849056,0.0,465.0041757130225,0.0,373.0,0.0,267.5431319554634,0.0,16.106330668160727,0.0,19.313207915827967,0.0,14.170217799891311,0.0,10103.030408673902,0.0,885.210259881237,0.0,685.5687302621423,0.0,12.725964650369606,0.0,22.011095692763252,0.0,10958.996548692585,0.0,4923.919513200444,0.0,16.106330658967916,0.0,15.327575474228976,0.0,13.199615602742721,0.0
Boden,400.4666666666667,0.0,18.38339312089711,0.0,322.8622933670283,0.0,174.0,0.0,117.01204432461961,0.0,11.754886529374417,0.0,13.19090595827292,0.0,9.039746259299793,0.0,817.6615671099248,0.0,303.08851569220207,0.0,219.92641023168812,0.0,4.370330226865031,0.0,11.994822379023015,0.0,6864.095506941507,0.0,2979.224022586941,0.0,11.754886527031559,0.0,10.326523320403782,0.0,8.017682291400062,0.0
Bogen,409.6705882352941,0.0,18.549200347334843,0.0,330.6672547465754,0.0,181.0,0.0,122.16212598684393,0.0,11.961023569993635,0.0,13.45362404707371,0.0,9.248811477560576,0.0,1778.9987446540156,0.0,233.99534054921529,0.0,163.42475424287642,0.0,4.856153607899348,0.0,10.711994799624797,0.0,6764.97351473117,0.0,2974.4775663313794,0.0,11.961023553119261,0.0,10.62552175461358,0.0,8.211252830956493,0.0
Bohne,398.9333333333333,0.0,18.370743000358924,0.0,312.5427899995725,0.0,163.0,0.0,106.99352266346298,0.0,11.364498522044052,0.0,12.767145334803704,0.0,8.52517843912231,0.0,771.4704264383029,0.0,109.88499147721774,0.0,77.56159479868695,0.0,5.402617804461077,0.0,11.990785929972345,0.0,6943.520166868743,0.0,3104.081464576675,0.0,11.364498498893141,0.0,9.949359709047133,0.0,7.494745291354006,0.0
Bombe,436.1372549019608,0.0,19.181259677063014,0.0,374.4414091617658,0.0,219.0,0.0,159.42142318587577,0.0,13.516713615574576,0.0,14.798648586948742,0.0,10.99770773702802,0.0,3407.6519422721613,0.0,276.6482200587705,0.0,211.65139623927857,0.0,4.244651235322075,0.0,16.003778435093956,0.0,7138.819090756597,0.0,3424.113655744973,0.0,13.516713603697845,0.0,12.007100913210618,0.0,10.034111938769168,0.0
Bonus,370.1137254901961,0.0,17.685301916651632,0.0,309.95141880576955,0.0,175.0,0.0,111.3685472356567,0.0,11.260343673062028,0.0,13.228756555322953,0.0,8.556599851296932,0.0,769.1312025045952,0.0,116.80926887973564,0.0,78.90764178447864,0.0,7.827233299970323,0.0,13.66354905269175,0.0,7012.453396468255,0.0,2957.246719448296,0.0,11.260343656269198,0.0,9.814191876719885,0.0,7.476962591911034,0.0
Borke,373.2862745098039,0.0,17.783987285414415,0.0,328.84338186345485,0.0,200.0,0.0,131.2830192446182,0.0,11.955041144531469,0.0,14.142135623730951,0.0,9.440761985478286,0.0,784.1547852392073,0.0,181.79429442511676,0.0,133.7921208521496,0.0,5.167349830630011,0.0,12.984347433697442,0.0,6846.927034118688,0.0,2952.9764314132094,0.0,11.955041135065711,0.0,10.650886158022093,0.0,8.42737020302262,0.0
Borte,336.6823529411764,0.0,16.830054038958057,0.0,323.78551909732346,0.0,189.0,0.0,125.22836749026112,0.0,11.814038207662755,0.0,13.74772708486752,0.0,9.250575524682619,0.0,769.6553884745057,0.0,114.38969388555974,0.0,82.38646140960783,0.0,8.75598780245071,0.0,10.790540875674639,0.0,7155.15901978152,0.0,3202.111313608402,0.0,11.814038199394375,0.0,10.429539052281772,0.0,8.27323581605176,0.0
Bosse,338.15294117647056,0.0,16.791181937245312,0.0,302.9859091147787,0.0,143.0,0.0,93.88479307293247,0.0,10.991154700570366,0.0,11.958260743101398,0.0,7.9746724030781575,0.0,768.5107868109556,0.0,103.4009260066775,0.0,72.59239723761566,0.0,8.91105058051848,0.0,11.470821902180841,0.0,7195.435280081124,0.0,3057.621573096153,0.0,10.991154684046219,0.0,8.84809612716965,0.0,6.916277015270594,0.0
Boten,362.4313725490196,0.0,17.470054348040563,0.0,304.6579350710108,0.0,152.0,0.0,99.82501515972079,0.0,11.106322864398395,0.0,12.328828005937952,0.0,8.215576192018432,0.0,769.0848514315742,0.0,101.52578746603184,0.0,72.33929246395127,0.0,5.8644502008236445,0.0,10.218047003913767,0.0,6813.141752362842,0.0,3011.8925903251366,0.0,11.106322854066827,0.0,9.273134496380598,0.0,7.190436643671832,0.0
Botin,343.52941176470597,0.0,17.058490868967382,0.0,343.2505611936475,0.0,219.0,0.0,146.2821362859152,0.0,12.495684180870747,0.0,14.798648586948742,0.0,10.033779232888877,0.0,774.9203074744306,0.0,138.40653210233992,0.0,96.21891374862402,0.0,8.592196420513341,0.0,12.281378099223303,0.0,7013.609829570899,0.0,3014.9102118877163,0.0,12.495684170173915,0.0,11.179265009866606,0.0,9.050376204722896,0.0
Boxer,347.24313725490197,0.0,17.121437039725002,0.0,314.53337505859724,0.0,179.0,0.0,115.73308637397113,0.0,11.451028084033268,0.0,13.379088160259652,0.0,8.779455819225602,0.0,769.8692336294376,0.0,119.59861899707661,0.0,84.81605911554686,0.0,10.270546080700438,0.0,38.49662094845896,0.0,7716.51002355753,0.0,2920.442324963188,0.0,11.451028068987357,0.0,9.962450922646468,0.0,7.67749009292738,0.0
Bqnhs,411.38039215686274,0.0,18.668518609731503,0.0,333.3608701571313,0.0,196.0,0.0,129.04868374980973,0.0,12.065589834331073,0.0,14.0,0.0,9.40427732436371,0.0,247439.9137334833,0.0,80285.86942967073,0.0,78040.2783042662,0.0,7.3576239320634835,0.0,189.52250742263843,0.0,7489.629834145587,0.0,3350.918789822359,0.0,12.06558982233116,0.0,10.880981149260842,0.0,8.268274750216824,0.0
Brand,394.7647058823529,0.0,18.304618384711528,0.0,352.1003710555899,0.0,241.0,0.0,158.53117781699746,0.0,12.724131255665087,0.0,15.524174696260024,0.0,10.405255081269896,0.0,1030.1651569074168,0.0,645.6785860953545,0.0,476.8319841356971,0.0,4.480788615141612,0.0,16.90775951650785,0.0,7858.364722357369,0.0,3232.7697976882137,0.0,12.724131230432869,0.0,11.540144438182292,0.0,9.28084014220048,0.0
Brata,357.55294117647054,0.0,17.364410965134695,0.0,357.02124563879227,0.0,257.0,0.0,168.79240256634841,0.0,12.900265347248778,0.0,16.0312195418814,0.0,10.684151424039158,0.0,771.1114566194747,0.0,159.68593623134444,0.0,111.85124734330057,0.0,5.5373894599990345,0.0,16.091008014325027,0.0,8147.75983181003,0.0,3430.9033181170153,0.0,12.900265321480388,0.0,11.863161439384653,0.0,9.560179949513419,0.0
Braue,364.0941176470588,0.0,17.542889059535522,0.0,319.9210297460396,0.0,195.0,0.0,124.73384949912581,0.0,11.619137653808783,0.0,13.96424004376894,0.0,9.064102357952425,0.0,766.168137789306,0.0,119.25439186739919,0.0,80.78222682432556,0.0,4.9143853500506545,0.0,14.272792190417002,0.0,8046.401843888794,0.0,3218.7848385311954,0.0,11.619137627626062,0.0,10.168694542683813,0.0,8.01431371570172,0.0
Braut,355.64313725490194,0.0,17.352657580489755,0.0,331.4164900589127,0.0,227.0,0.0,144.4724750811921,0.0,12.036505447317547,0.0,15.066519173319364,0.0,9.719173885369552,0.0,766.5513467024928,0.0,122.41362372667552,0.0,82.604501380913,0.0,6.443674934329886,0.0,14.167523132198973,0.0,8042.672690397384,0.0,3219.4449789339437,0.0,12.036505415857356,0.0,11.066583085487196,0.0,8.608354689094947,0.0
Brett,325.21176470588233,0.0,16.543793896614414,0.0,340.1544649246814,0.0,227.0,0.0,149.44108324997842,0.0,12.389530684328589,0.0,15.066519173319364,0.0,10.063154486759,0.0,766.9763420579997,0.0,115.94372533309303,0.0,83.73526084165754,0.0,9.160702961129573,0.0,12.809051518145825,0.0,8130.598475479922,0.0,3393.5296304798794,0.0,12.389530654912152,0.0,11.305902354351232,0.0,9.05477422120638,0.0
Briea,335.156862745098,0.0,16.833199378228418,0.0,332.8646774752774,0.0,211.0,0.0,136.2791980091463,0.0,12.047509211091018,0.0,14.52583904633395,0.0,9.523832409004887,0.0,771.7595893142663,0.0,145.29098927156426,0.0,100.58920215205345,0.0,6.5001523244781545,0.0,16.71270883945637,0.0,8079.022248330836,0.0,3465.815072933155,0.0,12.047509185973063,0.0,10.525831189210967,0.0,8.43885921046281,0.0
Brief,336.7137254901961,0.0,16.85624316053611,0.0,366.69685980264677,0.0,249.0,0.0,167.49774316780983,0.0,13.158045920214326,0.0,15.7797338380595,0.0,10.837267839614972,0.0,2323.437619198822,0.0,1108.9598180028365,0.0,856.8102397989438,0.0,7.089108410202394,0.0,18.514166651804217,0.0,8181.598425446419,0.0,3500.4118563717825,0.0,13.158045909015586,0.0,11.683554278645968,0.0,9.819227332955824,0.0
Brite,314.7607843137255,0.0,16.31332767237425,0.0,346.4811454182346,0.0,228.0,0.0,151.16711085971988,0.0,12.575796863238525,0.0,15.0996688705415,0.0,10.166071775614046,0.0,769.8144010111398,0.0,118.23214059376936,0.0,85.5446381604416,0.0,8.341974973722463,0.0,11.599891710935168,0.0,8393.373848967942,0.0,3694.431293258545,0.0,12.575796850850548,0.0,11.123229719337298,0.0,9.173392062765702,0.0
Brktp,390.28235294117644,0.0,18.227713372617803,0.0,384.40074912236156,0.0,283.0,0.0,195.11531640848852,0.0,13.871017068275664,0.0,16.822603841260722,0.0,11.820167668478039,0.0,3270.361949892786,0.0,2036.7615182739441,0.0,1917.859615591461,0.0,4.368605112766541,0.0,42.90510119995382,0.0,8286.853048250665,0.0,3969.788077715999,0.0,13.871017064537492,0.0,13.13630720139504,0.0,10.897788168886626,0.0
Brntq,371.05490196078426,0.0,17.746001060329565,0.0,367.2024316486011,0.0,263.0,0.0,176.4678611666522,0.0,13.258448058517256,0.0,16.217274740226856,0.0,11.083094047551574,0.0,28921991.276912585,0.0,232902.24961256073,0.0,229774.36575608214,0.0,5.032640144822348,0.0,337.18727889479226,0.0,8159.613918680413,0.0,3419.513632695932,0.0,13.258448035986078,0.0,12.334989585005415,0.0,10.04634323122696,0.0
Bruch,368.8627450980392,0.0,17.708807870702675,0.0,351.23474749148966,0.0,236.0,0.0,154.58250488929238,0.0,12.67668016735171,0.0,15.362291495737216,0.0,10.245299530355595,0.0,821.8304600033791,0.0,354.101476757062,0.0,245.35656368722113,0.0,5.162599320719324,0.0,14.24656948826554,0.0,8266.684033174437,0.0,3553.253948573112,0.0,12.676680139854865,0.0,11.397953280993883,0.0,9.165665223542561,0.0
Brust,332.8941176470588,0.0,16.770933827705814,0.0,332.08877021197367,0.0,225.0,0.0,144.04792588458787,0.0,12.091080159124676,0.0,15.0,0.0,9.729482221811947,0.0,766.0027477221464,0.0,113.95281222674258,0.0,77.76833354556476,0.0,9.078900002445788,0.0,12.156376824932506,0.0,8222.376806274739,0.0,3344.2393447710447,0.0,12.091080129495264,0.0,11.096377708080675,0.0,8.627360479322768,0.0
Brxgr,368.3843137254902,0.0,17.660453304456183,0.0,366.4755456030277,0.0,258.0,0.0,170.61659566249395,0.0,13.13638351713153,0.0,16.06237840420901,0.0,10.819658938273786,0.0,2808.814082706459,0.0,354.8483099437884,0.0,251.46830831084995,0.0,5.642040692061966,0.0,40.04055362891441,0.0,8684.601403953935,0.0,3239.365211217134,0.0,13.136383494348376,0.0,11.911740732124242,0.0,9.659663567468199,0.0
Bryin,345.7725490196078,0.0,17.16428433318766,0.0,375.6132210853652,0.0,275.0,0.0,184.38544120638173,0.0,13.506607837648525,0.0,16.583123951777,0.0,11.310336387741705,0.0,55153.07479783051,0.0,2587.834545165453,0.0,1770.0255340241324,0.0,7.388965768856169,0.0,28.876615921167755,0.0,8054.271872920807,0.0,3203.2872546344383,0.0,13.506607817422521,0.0,12.352414673303356,0.0,10.314190178373448,0.0
Brühe,391.478431372549,0.0,18.206742564703273,0.0,335.0878763882747,0.0,208.0,0.0,136.48170462790557,0.0,12.178110760304193,0.0,14.422205101855956,0.0,9.62764931091536,0.0,799.7183170888449,0.0,290.2906724137978,0.0,233.22200056790487,0.0,3.687268394786266,0.0,25.22743148007675,0.0,8688.588968201866,0.0,4817.443132266685,0.0,12.178110731423855,0.0,11.045998858642502,0.0,8.60865991838387,0.0
Bsmgt,423.9725490196078,0.0,18.87148996264542,0.0,406.414021448668,0.0,280.0,0.0,198.9679437495345,0.0,14.41154168051104,0.0,16.73320053068151,0.0,12.159624379088736,0.0,4347.974322465137,0.0,429.20756524796167,0.0,313.9837447180767,0.0,5.1213510360555174,0.0,21.746030897813387,0.0,7001.528488443261,0.0,3341.5144399362093,0.0,14.411541668910896,0.0,13.246197363432993,0.0,11.059278769317304,0.0
Bubul,396.20392156862744,0.0,18.371248619934363,0.0,352.9533087702654,0.0,233.0,0.0,155.5793589649963,0.0,12.78586788954247,0.0,15.264337522473747,0.0,10.386525394861746,0.0,861.824297000474,0.0,317.86574154211337,0.0,239.053920821778,0.0,7.784863159770176,0.0,17.13355168754863,0.0,7776.457437219144,0.0,3493.13149677534,0.0,12.785867893321957,0.0,11.774483095235492,0.0,9.3706525259913,0.0
Buche,383.4901960784314,0.0,18.004730037668846,0.0,307.3582186451725,0.0,147.0,0.0,96.09402552795359,0.0,11.129017282897783,0.0,12.12435565298214,0.0,8.039483543251325,0.0,766.2502230198454,0.0,89.27755972573904,0.0,60.70238916726847,0.0,5.128915850542831,0.0,11.43112707788785,0.0,7443.3995018342075,0.0,3104.024071717342,0.0,11.12901726996983,0.0,9.225528764129002,0.0,6.986162612027837,0.0
Buchs,372.6862745098039,0.0,17.745802607613697,0.0,316.0140200599586,0.0,169.0,0.0,109.27161222998598,0.0,11.437687619224372,0.0,13.0,0.0,8.535750716995878,0.0,766.8459454267522,0.0,96.79835500535337,0.0,65.47858006831108,0.0,7.002027675918556,0.0,12.608643522546746,0.0,7427.834846940028,0.0,3091.470680342748,0.0,11.437687600864404,0.0,9.635737882654126,0.0,7.41239851029496,0.0
Bucht,375.0392156862745,0.0,17.819429628354897,0.0,318.8536789580455,0.0,179.0,0.0,115.83265111001987,0.0,11.56408791250678,0.0,13.379088160259652,0.0,8.771412947799211,0.0,766.6333909019586,0.0,93.45570054745613,0.0,63.10717493524001,0.0,6.532451077299869,0.0,11.046729998956208,0.0,7439.4879183707735,0.0,3104.732414658952,0.0,11.564087883091915,0.0,10.206727851705791,0.0,7.6603533908128965,0.0
Buden,407.4823529411765,0.0,18.580081772625,0.0,326.82727085281283,0.0,183.0,0.0,122.00977618124196,0.0,11.890778921644266,0.0,13.527749258468683,0.0,9.179472120536184,0.0,814.4785450235488,0.0,299.74980397282593,0.0,217.0252957653589,0.0,4.8358804560107504,0.0,12.48548199359874,0.0,6991.235935182599,0.0,3064.18092906731,0.0,11.890778942361438,0.0,10.441118573369753,0.0,8.121678011671715,0.0
Bulle,348.20392156862744,0.0,17.218842892525558,0.0,364.1412406688818,0.0,234.0,0.0,160.62847933230802,0.0,13.158469950654728,0.0,15.297058540778355,0.0,10.685027644960375,0.0,780.668714775746,0.0,151.75302460812117,0.0,120.89311305477564,0.0,9.098389361033295,0.0,12.104406215075047,0.0,10127.44781857232,0.0,4602.594126072685,0.0,13.158469947611987,0.0,11.807477773967445,0.0,9.714095666560336,0.0
Bunde,407.4823529411765,0.0,18.580081772625,0.0,322.8919295210808,0.0,174.0,0.0,115.03196750704211,0.0,11.714689991946388,0.0,13.19090595827292,0.0,8.876862943698539,0.0,784.7886481080785,0.0,170.13053723093887,0.0,120.9555738653809,0.0,4.255856061458692,0.0,11.247582048022549,0.0,7161.963896162954,0.0,3630.7787142533225,0.0,11.714689997128287,0.0,10.274359452502658,0.0,7.815585176012762,0.0
Bupel,385.9568627450981,0.0,18.100857597131522,0.0,344.47065312132065,0.0,204.0,0.0,139.66326617150588,0.0,12.517505053472867,0.0,14.2828568570857,0.0,9.986389663409355,0.0,1184.921312755219,0.0,674.6762632802726,0.0,583.2803251011562,0.0,9.079166090457521,0.0,22.544229931883322,0.0,7487.552735981345,0.0,3471.4343011670285,0.0,12.517505053786762,0.0,11.26570262030534,0.0,9.066097543919078,0.0
Burve,346.58431372549023,0.0,17.146029521007353,0.0,321.98676268703844,0.0,190.0,0.0,123.36677877417642,0.0,11.719860678952145,0.0,13.784048752090222,0.0,9.077226438954877,0.0,765.9353025102009,0.0,106.82671997348335,0.0,73.81189835904688,0.0,8.901360518478436,0.0,34.3139069023258,0.0,6942.854076396066,0.0,3076.4198703841375,0.0,11.719860684580722,0.0,9.76986794059044,0.0,8.030128784434964,0.0
Busch,372.686274509804,0.0,17.745802607613697,0.0,337.5923241929522,0.0,195.0,0.0,129.1557295163256,0.0,12.181783609673875,0.0,13.96424004376894,0.0,9.420659400294301,0.0,821.3684548722168,0.0,349.06324048467997,0.0,241.76781080406093,0.0,6.891100072814641,0.0,13.252225917537656,0.0,7362.86294124642,0.0,3363.006964319219,0.0,12.181783612034067,0.0,10.32082028990632,0.0,8.304572739308188,0.0
Bvdct,360.97254901960787,0.0,17.45389444715846,0.0,350.66180233842977,0.0,236.0,0.0,155.3822260917229,0.0,12.660484263546971,0.0,15.362291495737216,0.0,10.291661968324172,0.0,816.2749418969458,0.0,308.3298608716631,0.0,223.0195694105908,0.0,8.678647932941605,0.0,98.8322208698784,0.0,7415.377336995149,0.0,3719.2193623452176,0.0,12.660484250266938,0.0,11.442050985789647,0.0,9.140401328714349,0.0
Bvrnx,349.7803921568628,0.0,17.275386236697184,0.0,334.3151143650573,0.0,224.0,0.0,143.88037631021538,0.0,12.157149299821826,0.0,14.966629547095765,0.0,9.756182320642662,0.0,768.9409288254086,0.0,133.27385823254926,0.0,99.05132048150348,0.0,5.7120801353511546,0.0,116.51993162377455,0.0,7352.692215761968,0.0,3410.708845246983,0.0,12.157149286748329,0.0,10.368837773723119,0.0,8.57212366912364,0.0
Bvßxn,422.67058823529413,0.0,18.877995139839605,0.0,400.20659928102594,0.0,297.0,0.0,203.8885120794215,0.0,14.215339010359806,0.0,17.233687939614086,0.0,12.064310806339698,0.0,4066.558506619126,0.0,2065.591312973339,0.0,1318.117753682431,0.0,4.422398097581331,0.0,190.16546495713135,0.0,8209.894627437377,0.0,4135.499046089589,0.0,14.215339002035655,0.0,12.847244987870665,0.0,11.011697520880356,0.0
Bxhmh,462.65098039215684,0.0,19.857929075665563,0.0,442.4813214563956,0.0,347.0,0.0,247.5102515902821,0.0,15.53627997229499,0.0,18.627936010197157,0.0,13.598759515244717,0.0,7905.31477912281,0.0,734.3262577700868,0.0,551.8229049069033,0.0,3.680939090084315,0.0,61.14309587409828,0.0,7445.128546829708,0.0,3447.278158925019,0.0,15.536279956344682,0.0,14.667333868055282,0.0,12.667224097237687,0.0
Bäche,396.6823529411764,0.0,18.252112842677633,0.0,312.4262752044233,0.0,149.0,0.0,97.68992226139218,0.0,11.256366392991852,0.0,12.206555615733702,0.0,8.126884985916098,0.0,769.9982630535683,0.0,108.34395589447587,0.0,77.93684803210863,0.0,5.783704555734626,0.0,13.235245822388473,0.0,10687.61346913912,0.0,6861.112366351402,0.0,11.256366348896798,0.0,9.525104393495328,0.0,7.0088543665218355,0.0
Bärte,356.89019607843136,0.0,17.305789045482317,0.0,332.81855314235884,0.0,200.0,0.0,131.8219960803221,0.0,12.067954404426033,0.0,14.142135623730951,0.0,9.462124890801915,0.0,770.0209086839205,0.0,121.82047780549308,0.0,88.93398865904433,0.0,9.871919038151798,0.0,12.41086852276259,0.0,10572.745383499027,0.0,6943.057498135723,0.0,12.067954397624966,0.0,10.80612745621334,0.0,8.392998677461987,0.0
Böhme,446.79215686274506,0.0,19.41358676336856,0.0,405.2609451040697,0.0,276.0,0.0,199.75287549067485,0.0,14.484393098985215,0.0,16.61324772583615,0.0,12.309221968539545,0.0,7900.903936859273,0.0,670.2494735040208,0.0,510.49285170737994,0.0,3.2054543104668967,0.0,16.51817574394306,0.0,10421.05299054071,0.0,9485.811461124715,0.0,14.484393108857061,0.0,13.5313816036964,0.0,11.453906591298697,0.0
Bölls,341.6666666666667,0.0,16.985108705096717,0.0,377.4907447543918,0.0,256.0,0.0,176.28413771907583,0.0,13.566045314390523,0.0,16.0,0.0,11.237001365306044,0.0,797.7315505819984,0.0,232.9324476056949,0.0,174.52962550518635,0.0,11.352878537806049,0.0,15.255081282090673,0.0,12687.846171786741,0.0,9941.441532484241,0.0,13.566045304024547,0.0,12.371693034572628,0.0,10.237096870646203,0.0
Börse,345.61176470588236,0.0,17.00484088752817,0.0,315.2600803956702,0.0,171.0,0.0,112.07013069238086,0.0,11.458897941824686,0.0,13.076696830622021,0.0,8.715617513116934,0.0,781.7972011312478,0.0,196.6419110159164,0.0,138.70272463800163,0.0,9.61833293236142,0.0,13.475952735600423,0.0,10334.57321182526,0.0,9356.974655240996,0.0,11.458897936670803,0.0,9.818325370081233,0.0,7.693628809824031,0.0
Börön,381.83921568627454,0.0,17.92352887550381,0.0,331.3803544213864,0.0,187.0,0.0,125.50981000815958,0.0,12.025186530311181,0.0,13.674794331177344,0.0,9.354161162390373,0.0,807.0196067824992,0.0,291.4275701762146,0.0,233.90658529323815,0.0,4.946060610968739,0.0,22.239469485488286,0.0,10319.016061664704,0.0,9487.042394348979,0.0,12.025186540181389,0.0,10.547564311530541,0.0,8.293527183223528,0.0
Bücke,394.8705882352941,0.0,18.264486016379493,0.0,333.2234498225198,0.0,188.0,0.0,125.68931281519926,0.0,12.060990928479681,0.0,13.711309200802088,0.0,9.326507609416662,0.0,785.8429174862456,0.0,190.08371858070242,0.0,141.11741100270598,0.0,5.551157740169134,0.0,16.997139254853057,0.0,7227.4781404005225,0.0,5184.922147220021,0.0,12.060990901400706,0.0,10.455229174144636,0.0,8.331985422160363,0.0
Bühne,417.2274509803922,0.0,18.79993496761679,0.0,325.3633709449884,0.0,181.0,0.0,119.38413254273354,0.0,11.811212170730974,0.0,13.45362404707371,0.0,9.027651907462861,0.0,773.2466486015429,0.0,126.71608097779281,0.0,91.54972541553403,0.0,6.490876095245187,0.0,13.88918530438956,0.0,7265.102861565695,0.0,5286.106733651737,0.0,11.811212179994678,0.0,10.487853578140506,0.0,7.992045833080013,0.0
Bürde,393.01176470588234,0.0,18.219506553954435,0.0,334.3158262480959,0.0,193.0,0.0,128.24596382463716,0.0,12.10485785067253,0.0,13.892443989449804,0.0,9.40907034702256,0.0,789.8617124899301,0.0,188.35117926019265,0.0,135.86021817772533,0.0,5.48675435487386,0.0,12.400979551752567,0.0,7364.017141205973,0.0,5558.950668372972,0.0,12.10485784735938,0.0,10.719103017173676,0.0,8.371168119049614,0.0
Büros,355.64313725490194,0.0,17.30609384798542,0.0,323.35269527030255,0.0,186.0,0.0,121.28628809834375,0.0,11.732075707656406,0.0,13.638181696985855,0.0,9.054520184122133,0.0,774.8870240842466,0.0,146.64398475473544,0.0,108.35512297891997,0.0,10.499051802750664,0.0,16.85519220914428,0.0,7115.342838364936,0.0,5213.150656714838,0.0,11.732075699732036,0.0,10.178954394919268,0.0,7.954094548771586,0.0
Büste,358.79999999999995,0.0,17.335388929659484,0.0,332.9906089183564,0.0,188.0,0.0,126.9094432914411,0.0,12.106336867531716,0.0,13.711309200802088,0.0,9.40461193307714,0.0,771.5819400818565,0.0,130.02833795236253,0.0,95.70488313896064,0.0,9.567274192595045,0.0,13.183103540688426,0.0,7819.642080254325,0.0,5347.4146185964655,0.0,12.10633687053817,0.0,10.485940935332918,0.0,8.412295901795737,0.0
Cache,342.65882352941173,0.0,16.90228105788183,0.0,296.389645381129,0.0,133.0,0.0,83.07068829568158,0.0,10.601901904484736,0.0,11.532562594670797,0.0,7.289483072226552,0.0,765.3946865897536,0.0,78.8488280135507,0.0,50.96314505854636,0.0,3.255160155763762,0.0,15.977075161140924,0.0,4672.084593731144,0.0,2667.7052323141893,0.0,10.601901869475505,0.0,8.238940217382702,0.0,6.094366002229029,0.0
Cahpa,394.4078431372549,0.0,18.193798031548123,0.0,338.0757063224805,0.0,205.0,0.0,133.96779964927222,0.0,12.17006675800287,0.0,14.317821063276353,0.0,9.540573610970307,0.0,966.4305123567243,0.0,470.22824594609517,0.0,384.06269171311124,0.0,4.813796617250725,0.0,27.68346215678815,0.0,4005.2241466957544,0.0,2816.3656887213515,0.0,12.170066728635916,0.0,10.868384587119431,0.0,8.37687437360456,0.0
Ccvjr,277.64313725490194,0.0,15.251652963151889,0.0,361.2773817893955,0.0,258.0,0.0,167.90727769411535,0.0,12.938726601563454,0.0,16.06237840420901,0.0,10.629724673666177,0.0,1697.6748809442927,0.0,387.0497810291431,0.0,317.45732801965033,0.0,3.9364046410286626,0.0,52.25186633719396,0.0,4150.013338227722,0.0,3313.7399802562113,0.0,12.93872656162103,0.0,11.407745751816751,0.0,9.5076832769068,0.0
Cdkvw,401.45098039215685,0.0,18.415074145553582,0.0,408.08878231638164,0.0,314.0,0.0,218.08087525157913,0.0,14.550657278753048,0.0,17.72004514666935,0.0,12.591443166207531,0.0,74340.45172680794,0.0,14550.4245730109,0.0,14490.577465534121,0.0,5.2047419285629095,0.0,134.16955930766485,0.0,4585.530108577263,0.0,3814.0881625998973,0.0,14.550657178304407,0.0,13.669943773982306,0.0,11.597058610101998,0.0
Cechu,340.74901960784314,0.0,16.89020609404366,0.0,301.9529330268796,0.0,150.0,0.0,94.4328738965508,0.0,10.878921067045065,0.0,12.24744871391589,0.0,7.802934687697947,0.0,766.1931604967274,0.0,100.50854511503955,0.0,63.25819942901273,0.0,5.3981174452903105,0.0,21.58040563434475,0.0,4770.408241744956,0.0,2701.5109409543934,0.0,10.878921027495783,0.0,8.675518892021683,0.0,6.692825390023882,0.0
Cents,305.8666666666667,0.0,15.941749983653937,0.0,313.1617154329673,0.0,182.0,0.0,115.81076328273136,0.0,11.357812155467691,0.0,13.490737563232042,0.0,8.710176889054479,0.0,765.5942524530459,0.0,97.59879191363245,0.0,67.83751220175292,0.0,3.903026303919932,0.0,17.597105094016598,0.0,4468.792507992477,0.0,2911.9465391590757,0.0,11.357812101599709,0.0,9.639236413152824,0.0,7.612543164542147,0.0
Cgkvz,375.61176470588236,0.0,17.804384117684975,0.0,374.55936411801,0.0,268.0,0.0,180.31506139459356,0.0,13.435286976318993,0.0,16.3707055437449,0.0,11.24982652869385,0.0,76622.565360408,0.0,9845.656992896642,0.0,7112.878131715306,0.0,6.174416749275938,0.0,59.944991941902934,0.0,4515.821330214606,0.0,3551.2694715247376,0.0,13.435286964825165,0.0,12.133702165202706,0.0,10.188467085998228,0.0
Cgpqv,401.9607843137255,0.0,18.342413605369238,0.0,369.3551002164004,0.0,228.0,0.0,157.3233494878628,0.0,13.184032420050263,0.0,15.0996688705415,0.0,10.681020938543714,0.0,51416925.935448326,0.0,413864.13701008895,0.0,408292.5562997717,0.0,5.488365683227238,0.0,458.5301237516673,0.0,4415.704259068531,0.0,3078.6144980111594,0.0,13.184032392582488,0.0,11.433186871872081,0.0,9.637819995278583,0.0
Chaos,346.2117647058824,0.0,16.986648306371453,0.0,328.31035872696236,0.0,189.0,0.0,123.2502033646092,0.0,11.834151251035216,0.0,13.74772708486752,0.0,9.14952584014876,0.0,804.9514650077529,0.0,255.51256432083056,0.0,183.19471209652176,0.0,6.001947623445052,0.0,19.186745005401058,0.0,4717.093626192448,0.0,2928.2713565235267,0.0,11.834151122263115,0.0,9.888815840504954,0.0,7.9876194112539896,0.0
Chaot,348.5647058823529,0.0,17.0635512943776,0.0,331.15001762504926,0.0,199.0,0.0,129.8112422446431,0.0,11.956360943263855,0.0,14.106735979665885,0.0,9.369763492088468,0.0,804.748975175808,0.0,254.2650525708949,0.0,182.36055938900898,0.0,5.589557507913501,0.0,19.507583885674638,0.0,4734.421201397805,0.0,2943.2190799284,0.0,11.956360845582186,0.0,10.445981417615286,0.0,8.218237455793563,0.0
Check,358.8666666666667,0.0,17.36302531853899,0.0,352.2150995511529,0.0,214.0,0.0,144.11753368918576,0.0,12.661469027505364,0.0,14.628738838327793,0.0,10.06501143674553,0.0,858.9248169211519,0.0,350.50006545213165,0.0,278.1608460440748,0.0,4.723594633026075,0.0,20.25409907707924,0.0,4891.200782635443,0.0,3429.5129962838014,0.0,12.661468902961085,0.0,10.799010934427901,0.0,8.955660506173245,0.0
Chefs,344.74901960784314,0.0,16.92356882732284,0.0,371.67928342746825,0.0,244.0,0.0,166.36301465634185,0.0,13.294698199336166,0.0,15.620499351813308,0.0,10.89546694544606,0.0,1208.0443640717344,0.0,606.791802981971,0.0,439.47306948941247,0.0,5.321502627319479,0.0,20.535677474964853,0.0,4693.587163555118,0.0,2843.890672824165,0.0,13.29469811100891,0.0,11.54112385541715,0.0,9.907416039523552,0.0
Chile,313.8627450980392,0.0,16.262339413465998,0.0,366.18304204950596,0.0,238.0,0.0,161.39446723903774,0.0,13.149529165677697,0.0,15.427248620541512,0.0,10.669996093556058,0.0,812.20353729239,0.0,260.80667967488193,0.0,192.05214902326935,0.0,5.517702054569526,0.0,17.48603755065971,0.0,6300.645287224664,0.0,3316.267610972889,0.0,13.149529050023338,0.0,11.390294947743419,0.0,9.6770272523655,0.0
Chlbr,346.81568627450974,0.0,17.126439805386745,0.0,360.5587479467358,0.0,239.0,0.0,158.35555941231632,0.0,12.923982536685026,0.0,15.459624833740307,0.0,10.441647065458433,0.0,807.649461278389,0.0,255.0732249142145,0.0,182.58081828005962,0.0,4.9156156723566165,0.0,22.336720047877225,0.0,8286.35044719288,0.0,4526.203860191545,0.0,12.923982456735855,0.0,11.588556876742697,0.0,9.342307078580241,0.0
Chlor,321.15686274509807,0.0,16.462725013766487,0.0,350.92219338859695,0.0,225.0,0.0,148.93593856015596,0.0,12.628228283541612,0.0,15.0,0.0,10.133053591960948,0.0,810.2030050169134,0.0,264.51549579877314,0.0,191.09812146502176,0.0,6.350250745006565,0.0,19.208958331219804,0.0,8012.285195313387,0.0,4415.463019489133,0.0,12.628228176142837,0.0,11.0832976836106,0.0,9.042126191450274,0.0
Choke,373.2235294117647,0.0,17.70848828889392,0.0,341.003754096612,0.0,204.0,0.0,136.55857424294328,0.0,12.32647775998225,0.0,14.2828568570857,0.0,9.764471428475845,0.0,827.3734649019917,0.0,320.1480778923394,0.0,239.26190401500915,0.0,3.435944857192497,0.0,20.87451854569991,0.0,4877.460332650654,0.0,2846.1426875031657,0.0,12.326477653989116,0.0,10.550568296543403,0.0,8.753517044831884,0.0
Chphr,383.9411764705883,0.0,18.02502724198225,0.0,353.8128335155466,0.0,230.0,0.0,152.93901282836302,0.0,12.747541804731192,0.0,15.165750888103101,0.0,10.3036834620355,0.0,1145.2922110927937,0.0,648.547512268035,0.0,561.9242754206634,0.0,5.802541428950534,0.0,27.079786622033172,0.0,5386.123463758565,0.0,2959.16721610633,0.0,12.747541734188689,0.0,11.55473134327588,0.0,9.267246684359199,0.0
Chqrb,382.37254901960785,0.0,17.948149079036586,0.0,382.0228465257478,0.0,262.0,0.0,178.94850814195786,0.0,13.633722264590967,0.0,16.186414056238647,0.0,11.30663903892034,0.0,28921988.737362515,0.0,232736.78799353208,0.0,229632.29534693478,0.0,4.748617460648664,0.0,338.6513491766552,0.0,4780.0212662763015,0.0,2912.9902698292162,0.0,13.63372211615816,0.0,12.18352991386252,0.0,10.26350302361417,0.0
Chrom,378.1411764705882,0.0,17.857637719292406,0.0,400.0091079002224,0.0,275.0,0.0,195.2191360166687,0.0,14.263525214111663,0.0,16.583123951777,0.0,12.072713230196898,0.0,4379.699423330256,0.0,466.7017054178425,0.0,345.366427014955,0.0,7.530735046331149,0.0,18.73503781904651,0.0,4773.519921623259,0.0,2884.07082279899,0.0,14.263525139002825,0.0,12.643671044148379,0.0,11.067987034332777,0.0
Chscr,305.28235294117644,0.0,15.977114062912477,0.0,336.0535284127935,0.0,208.0,0.0,133.0257140456808,0.0,12.05124822623797,0.0,14.422205101855956,0.0,9.387633186999357,0.0,801.4844505353967,0.0,247.97947229161224,0.0,174.56013387461527,0.0,7.945375625495734,0.0,21.71325765812849,0.0,5396.575036328965,0.0,3194.1978702356296,0.0,12.05124811835051,0.0,10.128172010411493,0.0,8.201521992226589,0.0
Chsth,350.84705882352944,0.0,17.14765512029465,0.0,364.15943708687075,0.0,236.0,0.0,160.3153413759585,0.0,13.091603090410898,0.0,15.362291495737216,0.0,10.657017202109781,0.0,854.3595768116365,0.0,414.3086599018217,0.0,290.62960042080687,0.0,5.163726323192435,0.0,21.894218485792642,0.0,5716.3476846320455,0.0,3118.8269210203975,0.0,13.091602946643642,0.0,11.376152986644858,0.0,9.64282426588773,0.0
Chstr,308.1686274509804,0.0,16.057100628207778,0.0,350.8059356825314,0.0,234.0,0.0,153.92890237419766,0.0,12.649931499868734,0.0,15.297058540778355,0.0,10.245825562189752,0.0,801.9326610528286,0.0,250.06152787111253,0.0,177.575545075219,0.0,7.617303450180942,0.0,18.94455451104645,0.0,5746.6371230496425,0.0,3111.4809652801905,0.0,12.64993139101034,0.0,11.117486429114239,0.0,9.160062946890408,0.0
Chthr,347.0235294117647,0.0,17.10936708758215,0.0,342.8360380918241,0.0,225.0,0.0,146.0856072551141,0.0,12.381900693486356,0.0,15.0,0.0,9.914491281752124,0.0,802.683712563974,0.0,246.38950934378443,0.0,174.29868197285916,0.0,4.759975094414565,0.0,20.43261014365239,0.0,5469.755142692324,0.0,3007.921833088918,0.0,12.381900639198998,0.0,10.973275485908298,0.0,8.807893399273818,0.0
Chtsm,370.49411764705883,0.0,17.625358335075937,0.0,405.10057146577793,0.0,284.0,0.0,201.6902999637172,0.0,14.43407896412699,0.0,16.852299546352718,0.0,12.25759824324475,0.0,4379.124302393844,0.0,461.257744809391,0.0,340.7422885987048,0.0,6.88560299321954,0.0,19.03544946889201,0.0,4846.501950927655,0.0,3013.8878264967657,0.0,14.434078889018785,0.0,12.68884003155228,0.0,11.251525221735733,0.0
Chöre,341.72549019607845,0.0,16.887075926084226,0.0,344.90101344444935,0.0,207.0,0.0,139.0847833569079,0.0,12.447414979715509,0.0,14.38749456993816,0.0,9.871639749870495,0.0,854.0968760537689,0.0,398.509830900083,0.0,334.0304717059282,0.0,5.586500898253133,0.0,35.11068868559804,0.0,6370.829575142957,0.0,4925.01936528037,0.0,12.447414854419954,0.0,10.603215108477842,0.0,8.887186699983141,0.0
Cjknp,376.91372549019604,0.0,17.856445371120504,0.0,366.8027948227608,0.0,254.0,0.0,170.3639288023304,0.0,13.181550727656536,0.0,15.937377450509228,0.0,10.92737025985927,0.0,10538.822617961523,0.0,3432.2974098881564,0.0,2812.2438585491877,0.0,7.23544841933258,0.0,164.82655530148435,0.0,6697.492586747231,0.0,3773.8615856769725,0.0,13.181550737805956,0.0,12.216799618236202,0.0,9.927326656649262,0.0
Cknpv,376.17647058823525,0.0,17.854290416437998,0.0,358.5115948687778,0.0,241.0,0.0,161.91457522977686,0.0,12.955765361046057,0.0,15.524174696260024,0.0,10.648179101871914,0.0,1490.2897250194083,0.0,1474.079077328704,0.0,1178.3371518938807,0.0,4.099528022200236,0.0,81.08623738791529,0.0,5968.76578323864,0.0,4471.201882520486,0.0,12.955765309251925,0.0,11.368415804178058,0.0,9.642575181388716,0.0
Ckscr,305.3843137254902,0.0,16.000195596651416,0.0,346.3379595154392,0.0,229.0,0.0,148.5217288032934,0.0,12.45162001693948,0.0,15.132745950421556,0.0,9.991382809415816,0.0,1372.1505428202452,0.0,1404.6097319797873,0.0,1118.1041042085815,0.0,7.823377928998877,0.0,47.516724792428754,0.0,6444.759809323108,0.0,4636.29984785107,0.0,12.451619963507564,0.0,10.735489488878347,0.0,8.833819372096531,0.0
Ckspr,345.18823529411765,0.0,17.051091779494392,0.0,354.70905964860776,0.0,232.0,0.0,155.41200151502707,0.0,12.800972579079488,0.0,15.231546211727817,0.0,10.42684334479983,0.0,1490.1161290979674,0.0,1473.9755067284334,0.0,1178.1800483704644,0.0,4.919560983787775,0.0,50.335525625496885,0.0,6369.415197418172,0.0,4471.419091271305,0.0,12.80097253731223,0.0,11.31974430099694,0.0,9.366878197196952,0.0
Ckstr,308.2705882352941,0.0,16.080067348620723,0.0,361.09036678517714,0.0,255.0,0.0,169.42491713181028,0.0,13.031923272764283,0.0,15.968719422671311,0.0,10.801713523393367,0.0,1372.41239449924,0.0,1404.9788070343047,0.0,1118.5788401889747,0.0,7.50494243657416,0.0,46.31658345671342,0.0,6740.6059748987545,0.0,4579.677774697168,0.0,13.031923218716734,0.0,11.673447255559818,0.0,9.730270042844987,0.0
Ckthr,347.12549019607843,0.0,17.13092313593833,0.0,353.1204691944698,0.0,246.0,0.0,161.5816220127267,0.0,12.77191144735987,0.0,15.684387141358123,0.0,10.487955518907253,0.0,1372.851386759452,0.0,1404.329900988003,0.0,1118.0633157595444,0.0,4.733253277788808,0.0,46.74144787245257,0.0,6506.196189569717,0.0,4510.017631035722,0.0,12.771911416834973,0.0,11.536188312168713,0.0,9.399488661599005,0.0
Claps,334.321568627451,0.0,16.730243675481365,0.0,341.4820180010055,0.0,222.0,0.0,143.71990980615368,0.0,12.283743155131209,0.0,14.89966442575134,0.0,9.84258362804719,0.0,970.1794823251887,0.0,472.0273073109254,0.0,386.8641447835107,0.0,5.115633854513557,0.0,27.1164763092663,0.0,5562.463249354265,0.0,3846.196388248998,0.0,12.28374318179191,0.0,11.148717138079183,0.0,8.730521097509166,0.0
Clips,303.4745098039216,0.0,15.971745525541074,0.0,348.1205252342442,0.0,229.0,0.0,148.93688250505778,0.0,12.507949593678267,0.0,15.132745950421556,0.0,10.046979575634499,0.0,972.202817529774,0.0,471.44859968589526,0.0,386.6351715254584,0.0,4.375613594904183,0.0,27.22240685354988,0.0,5919.00196265169,0.0,4071.3297418877023,0.0,12.507949649738476,0.0,11.186378581630606,0.0,8.968565709290827,0.0
Cmmfs,412.09411764705885,0.0,18.581515290631256,0.0,489.16720772310276,0.0,388.0,0.0,284.4044432695512,0.0,16.713258225011966,0.0,19.697715603592208,0.0,14.803175750689286,0.0,10664.663662438414,0.0,1028.5071951006555,0.0,782.0102012163122,0.0,7.252108145525436,0.0,23.192837087427627,0.0,4989.421642133684,0.0,3029.9087426935134,0.0,16.713258208505696,0.0,15.411991727092715,0.0,13.812013587905122,0.0
Codex,348.7137254901961,0.0,17.056638129115285,0.0,324.7656307951165,0.0,187.0,0.0,123.2374143986392,0.0,11.789851896151946,0.0,13.674794331177344,0.0,9.19649501227285,0.0,820.7066163593591,0.0,312.9138905135819,0.0,228.9920718191023,0.0,3.9022589102013563,0.0,64.87906895072412,0.0,4030.7554445398887,0.0,2576.53814137822,0.0,11.78985186308813,0.0,9.958702423494769,0.0,8.12808666687919,0.0
Comic,334.47843137254904,0.0,16.745424986476184,0.0,393.09900638801327,0.0,270.0,0.0,189.83661933943597,0.0,14.054464124216802,0.0,16.431676725154983,0.0,11.80956933541337,0.0,3410.9049053782746,0.0,298.28405806801027,0.0,222.10268133451558,0.0,6.1918541018079,0.0,57.47987338643071,0.0,4083.0434609690687,0.0,2870.8188461182117,0.0,14.054464086884616,0.0,12.426316821056128,0.0,10.828210418129776,0.0
Cover,296.8274509803922,0.0,15.74245185684891,0.0,302.5703455251118,0.0,166.0,0.0,103.8671752349191,0.0,10.947448288197652,0.0,12.884098726725126,0.0,8.165803796381628,0.0,768.7885718065761,0.0,110.88095746324552,0.0,75.45331558808147,0.0,4.104964150377114,0.0,21.53488747836353,0.0,3936.116046071392,0.0,2706.4401201482697,0.0,10.947448253079656,0.0,8.994026399470341,0.0,7.072324113615496,0.0
Cptck,350.83137254901965,0.0,17.16759104352154,0.0,360.83480556246786,0.0,235.0,0.0,158.86924695900595,0.0,12.982756902328203,0.0,15.329709716755891,0.0,10.593489819790241,0.0,1625.602021896975,0.0,1170.2723347393512,0.0,953.7936557240528,0.0,5.054844497699809,0.0,27.026051772862086,0.0,6810.539998947445,0.0,3707.4379742537876,0.0,12.982756852634003,0.0,11.332552663138495,0.0,9.500191010656774,0.0
Cqchp,385.4509803921569,0.0,17.995218297759163,0.0,337.492245422171,0.0,180.0,0.0,122.52286060206714,0.0,12.156397578367535,0.0,13.416407864998739,0.0,9.35107786184228,0.0,247460.0360575232,0.0,80310.31602798509,0.0,78062.93333831284,0.0,5.9107459183145625,0.0,193.1562188125261,0.0,5001.899818617792,0.0,2967.9874432217234,0.0,12.1563975514235,0.0,10.314537029191879,0.0,8.318340840370242,0.0
Crash,328.5647058823529,0.0,16.585005943481864,0.0,343.3663865066194,0.0,229.0,0.0,148.52963856143015,0.0,12.390259859712565,0.0,15.132745950421556,0.0,9.992712898157341,0.0,821.3276472144705,0.0,351.8129767432711,0.0,244.19899436926028,0.0,6.543080980535894,0.0,22.1321186687515,0.0,5408.904723942561,0.0,2954.1565975038047,0.0,12.390259805371576,0.0,10.65928901779646,0.0,8.8978515068549,0.0
Crdcr,302.9921568627451,0.0,15.950595100014239,0.0,349.0167699311053,0.0,246.0,0.0,157.55563929055788,0.0,12.542124143642186,0.0,15.684387141358123,0.0,10.223916441002725,0.0,816.4514262289772,0.0,310.8292188048342,0.0,223.9056197662347,0.0,4.971367798597083,0.0,23.02742684543012,0.0,5646.954537520719,0.0,3175.0475858428417,0.0,12.542124103939056,0.0,11.183236013804672,0.0,9.07698389745597,0.0
Creme,347.0705882352941,0.0,17.03926893649027,0.0,383.47740895167726,0.0,258.0,0.0,181.4866615448596,0.0,13.797201335517192,0.0,16.06237840420901,0.0,11.58325538780146,0.0,7898.9497087080435,0.0,646.792925313526,0.0,495.03811881768377,0.0,7.411658338644708,0.0,19.760255380863256,0.0,5427.783849617471,0.0,3170.684492608597,0.0,13.797201289724244,0.0,12.062425713236241,0.0,10.7373690243027,0.0
Crjnc,294.32941176470587,0.0,15.721624873345895,0.0,339.44525157746176,0.0,218.0,0.0,140.17622385434032,0.0,12.19721296784029,0.0,14.7648230602334,0.0,9.667130949053861,0.0,1790.7599774980147,0.0,385.77741915175466,0.0,329.41571075340596,0.0,3.135489375770926,0.0,76.15590540465186,0.0,6176.03686491314,0.0,2892.117442825103,0.0,12.19721294420184,0.0,10.11878762653241,0.0,8.518767895861266,0.0
Crvwx,331.19607843137254,0.0,16.71262452552962,0.0,387.8067125457119,0.0,293.0,0.0,197.49822729391337,0.0,13.876316393829375,0.0,17.11724276862369,0.0,11.775910757101638,0.0,10069.79405075382,0.0,2123.8873345768843,0.0,2102.316410902396,0.0,6.434166364765811,0.0,80.2563928474702,0.0,6407.821319179671,0.0,2951.7887221511496,0.0,13.876316355237732,0.0,12.321071450561709,0.0,10.670525381700902,0.0
Crêpe,343.27450980392155,0.0,16.90056452082726,0.0,327.9988238224961,0.0,179.0,0.0,119.71957137032881,0.0,11.870893613601567,0.0,13.379088160259652,0.0,9.155633157641399,0.0,1005.4044842156111,0.0,528.7619914422079,0.0,439.79678284448585,0.0,5.556209221497856,0.0,777.7632509702336,0.0,6201.862643039796,0.0,3555.32229062015,0.0,11.870893568871791,0.0,9.910610494447297,0.0,8.222405167218565,0.0
Curry,306.2196078431373,0.0,16.067535284516566,0.0,354.0661877317184,0.0,252.0,0.0,163.54600239948095,0.0,12.753814012286071,0.0,15.874507866387544,0.0,10.473850195837047,0.0,6172.658479179,0.0,414.3378318189834,0.0,306.1687034360235,0.0,4.048024422570005,0.0,19.01792962346819,0.0,4113.157907666213,0.0,2678.271281919603,0.0,12.753813987792663,0.0,10.995670325441449,0.0,9.411399082312812,0.0
Cäsar,323.74117647058824,0.0,16.388234824918236,0.0,318.5265556475481,0.0,181.0,0.0,112.71127192355524,0.0,11.403593855777103,0.0,13.45362404707371,0.0,8.485523933753935,0.0,770.1119130166369,0.0,125.32975390155855,0.0,86.28801587100173,0.0,5.0564684224673195,0.0,19.313909940930166,0.0,9029.212143427172,0.0,6725.799391671277,0.0,11.403593824119445,0.0,9.477271358807052,0.0,7.141611922664365,0.0
Dachs,367.6313725490196,0.0,17.581507883399993,0.0,322.3299780098855,0.0,175.0,0.0,114.33988342525363,0.0,11.65566572352527,0.0,13.228756555322953,0.0,8.800730146916997,0.0,767.8001869765185,0.0,108.04618966319487,0.0,79.2238400636576,0.0,6.186539751623414,0.0,11.641868723823707,0.0,3177.6355748619862,0.0,979.556733624448,0.0,11.655665714437651,0.0,9.970965706046213,0.0,7.678208413606263,0.0
Dackt,370.08627450980396,0.0,17.67670973052811,0.0,342.17926462568835,0.0,217.0,0.0,143.10333156988497,0.0,12.37880490540544,0.0,14.730919862656235,0.0,9.879666436626808,0.0,782.0882092867092,0.0,182.2207610112422,0.0,136.26310359436874,0.0,5.634518906082021,0.0,13.857906491790256,0.0,2070.9322162317244,0.0,706.0926047605755,0.0,12.37880488579813,0.0,11.239484043201612,0.0,8.791165728761491,0.0
Dampf,451.38823529411764,0.0,19.521293690309808,0.0,441.62447887115775,0.0,314.0,0.0,229.62597530623867,0.0,15.44312681603302,0.0,17.72004514666935,0.0,13.267505865487344,0.0,4093.125632128731,0.0,1223.515198462196,0.0,955.3147113156249,0.0,3.624777191228263,0.0,23.125289752312725,0.0,2210.962416702411,0.0,1767.2167340095523,0.0,15.443126824642565,0.0,14.177571542806293,0.0,12.230871241421218,0.0
Daten,364.3921568627451,0.0,17.511967457403028,0.0,314.9388705067222,0.0,167.0,0.0,109.8910182116108,0.0,11.47159618347915,0.0,12.922847983320086,0.0,8.639166566411054,0.0,766.6555900665388,0.0,102.95066647106206,0.0,77.16410244083448,0.0,5.485330323455569,0.0,9.33388493637747,0.0,1769.438501586093,0.0,993.6705286482928,0.0,11.47159620110093,0.0,9.74390111620623,0.0,7.575753173300012,0.0
Datum,411.00392156862745,0.0,18.64739572075614,0.0,396.8643342107297,0.0,276.0,0.0,195.91989930541695,0.0,14.247371656785447,0.0,16.61324772583615,0.0,12.073706740473229,0.0,4373.093206582873,0.0,410.15037669241394,0.0,306.1000046961032,0.0,5.6544149863844,0.0,11.634050933420117,0.0,2655.7407060199125,0.0,996.405432372421,0.0,14.24737166765962,0.0,12.918150183898204,0.0,11.079405674499473,0.0
Dbhsr,381.0745098039216,0.0,17.95429799822306,0.0,362.1965384628061,0.0,243.0,0.0,163.43564182383358,0.0,13.071964853767085,0.0,15.588457268119896,0.0,10.70009376860016,0.0,803.1303008807356,0.0,228.3694531018607,0.0,173.39568757025143,0.0,11.357994562576769,0.0,28.04999172590616,0.0,4246.464925936758,0.0,2364.280148526824,0.0,13.071964785701791,0.0,12.059295468199913,0.0,9.62479667601975,0.0
Deals,341.6313725490196,0.0,16.94246817878773,0.0,352.99387252330007,0.0,230.0,0.0,155.418461667352,0.0,12.806376719176697,0.0,15.165750888103101,0.0,10.445392162827895,0.0,776.5072450026634,0.0,151.1422772612187,0.0,120.25883873164582,0.0,9.042588580130154,0.0,15.079447620572996,0.0,4094.0855164116883,0.0,1359.9413782255806,0.0,12.806376716429698,0.0,11.545245928586219,0.0,9.408911988992067,0.0
Debüt,391.3176470588235,0.0,18.131998390376182,0.0,333.6329366953323,0.0,204.0,0.0,136.0257537230624,0.0,12.171163848638056,0.0,14.2828568570857,0.0,9.712978054460878,0.0,788.7331860645535,0.0,239.7342621658087,0.0,189.09635262462214,0.0,4.869890176872714,0.0,25.09112618602752,0.0,3119.6721187255143,0.0,1070.7954161272912,0.0,12.1711638476556,0.0,11.317773657306763,0.0,8.719538019367421,0.0
Decht,358.0392156862745,0.0,17.35322077984556,0.0,315.46192087447275,0.0,171.0,0.0,112.15245506632186,0.0,11.472581131134362,0.0,13.076696830622021,0.0,8.718290822733152,0.0,767.201369760968,0.0,101.89193777568865,0.0,75.71629448515583,0.0,5.2351309738087615,0.0,10.312139338527519,0.0,3358.0894941669853,0.0,1135.4522123721883,0.0,11.472581107129932,0.0,10.134800236888143,0.0,7.682194499722915,0.0
Decke,366.59215686274507,0.0,17.564469483457056,0.0,320.9760882793157,0.0,171.0,0.0,114.61623874885302,0.0,11.671325995773287,0.0,13.076696830622021,0.0,8.931994088285936,0.0,781.3330774714213,0.0,178.2830948215778,0.0,134.28092663912946,0.0,4.384627760434609,0.0,13.567297624637922,0.0,2321.6225158283937,0.0,859.1585555024413,0.0,11.671325985402746,0.0,9.961087229245772,0.0,7.983352314701706,0.0
Degen,399.6862745098039,0.0,18.301511651219503,0.0,331.24047414878714,0.0,182.0,0.0,123.47966179976828,0.0,12.00713702133733,0.0,13.490737563232042,0.0,9.33579774285873,0.0,1777.7830523359291,0.0,233.21474021780352,0.0,164.8952549536983,0.0,4.051968257816499,0.0,9.975816089921464,0.0,1864.1786942510178,0.0,1003.4248523590999,0.0,12.007137009996972,0.0,10.66857382978151,0.0,8.33295837688567,0.0
Deiot,325.443137254902,0.0,16.534700616902036,0.0,322.5820611505345,0.0,183.0,0.0,121.09159536873318,0.0,11.755806066862197,0.0,13.527749258468683,0.0,9.1079534623416,0.0,773.2119436703638,0.0,130.31940955808778,0.0,99.38132749686649,0.0,7.87494158066734,0.0,15.122747223642168,0.0,2813.9644702064265,0.0,1777.9429043216082,0.0,11.755806066585968,0.0,10.325584396228914,0.0,8.044336817270409,0.0
Dekan,400.99607843137255,0.0,18.43063995206558,0.0,338.0243984941114,0.0,206.0,0.0,138.171282700158,0.0,12.326651449247331,0.0,14.352700094407323,0.0,9.800315999642805,0.0,857.5946235910246,0.0,467.79649357310973,0.0,374.13557980599046,0.0,2.716442848015051,0.0,21.66720359341388,0.0,2707.7418913248157,0.0,2423.631607044168,0.0,12.326651451585295,0.0,11.077939499146172,0.0,8.755826533589163,0.0
Dekor,366.32156862745103,0.0,17.60846586086043,0.0,337.70117391844144,0.0,213.0,0.0,143.31331550549461,0.0,12.358102709897576,0.0,14.594519519326424,0.0,10.01451778138102,0.0,861.0892919101598,0.0,474.55836493652185,0.0,379.3322613331007,0.0,7.799879754711793,0.0,23.76117234526072,0.0,2551.533153669489,0.0,2303.3258231804944,0.0,12.358102710245976,0.0,11.480870030704304,0.0,9.029748345793202,0.0
Delle,331.2039215686275,0.0,16.735911977291508,0.0,360.74948258530895,0.0,226.0,0.0,156.94828328861,0.0,13.078123718812197,0.0,15.033296378372908,0.0,10.64146256594933,0.0,781.2264895322517,0.0,157.0890814047305,0.0,127.92805206963254,0.0,7.646014691083567,0.0,11.18988517405151,0.0,7652.073946592711,0.0,3582.380414926226,0.0,13.078123706001644,0.0,11.745357102084618,0.0,9.731328406483387,0.0
Delta,343.9843137254902,0.0,17.019570796020037,0.0,359.9473187222372,0.0,241.0,0.0,163.19594578980613,0.0,13.032276729791263,0.0,15.524174696260024,0.0,10.69799718934637,0.0,776.6010739722511,0.0,167.13793479079843,0.0,123.66367204197124,0.0,6.332595406834316,0.0,16.291919800642216,0.0,7095.605761115673,0.0,3672.6338308330064,0.0,13.03227670356963,0.0,11.868591442341494,0.0,9.664813610328185,0.0
Demut,399.0588235294117,0.0,18.361145308911937,0.0,378.8611320669785,0.0,255.0,0.0,179.35195104023637,0.0,13.703406779277602,0.0,15.968719422671311,0.0,11.490431786381638,0.0,3406.8155933909634,0.0,280.175171563257,0.0,214.02164613263824,0.0,5.4153389127234774,0.0,13.807947464547702,0.0,2721.6707959673404,0.0,1643.5014287299775,0.0,13.703406773781975,0.0,12.534863700558443,0.0,10.505316462594008,0.0
Depot,372.8117647058824,0.0,17.695760683693376,0.0,325.2881642854021,0.0,177.0,0.0,121.22258679834658,0.0,11.897089920257269,0.0,13.30413469565007,0.0,9.307197558147443,0.0,1123.3082770703622,0.0,613.7157192412034,0.0,543.3862822434235,0.0,6.833960766052956,0.0,23.464332969752494,0.0,1905.1370845477782,0.0,1104.7216215714845,0.0,11.897089915684992,0.0,10.763362768082429,0.0,8.362352270575702,0.0
Deven,355.33333333333337,0.0,17.307241474558264,0.0,307.090314285824,0.0,157.0,0.0,103.0895059222515,0.0,11.20493513348595,0.0,12.529964086141668,0.0,8.356439322542021,0.0,765.7317963543759,0.0,102.06440814410807,0.0,75.96263275416858,0.0,5.006511906607013,0.0,15.782631081733852,0.0,2216.80242031349,0.0,1302.7002448871447,0.0,11.204935124885369,0.0,9.29146163317601,0.0,7.347599094852142,0.0
Deves,333.40784313725493,0.0,16.70030423304783,0.0,304.44500056666374,0.0,156.0,0.0,101.53519601178428,0.0,11.088531072737283,0.0,12.489995996796797,0.0,8.277417488368199,0.0,765.8840816499679,0.0,104.73452637162995,0.0,77.77391664873713,0.0,8.5625156848101,0.0,17.022317826899986,0.0,2213.768943785219,0.0,1286.8998192496342,0.0,11.088531065304592,0.0,9.163431056558919,0.0,7.265103206411736,0.0
Devon,358.3529411764706,0.0,17.3912615548677,0.0,315.97618349535463,0.0,167.0,0.0,111.30940720513732,0.0,11.538410604678589,0.0,12.922847983320086,0.0,8.758352823979871,0.0,770.518469544781,0.0,131.5258031144468,0.0,99.85395774901502,0.0,4.711816303766932,0.0,13.16734339178976,0.0,2271.0412868666294,0.0,1390.5370869019007,0.0,11.538410595638622,0.0,9.65439580960709,0.0,7.704900813662736,0.0
Dffnp,416.3686274509804,0.0,18.734634867994163,0.0,408.10354273367193,0.0,294.0,0.0,205.50529422580342,0.0,14.439484246239765,0.0,17.146428199482248,0.0,12.286460705727663,0.0,6531.930672669107,0.0,3472.168516600565,0.0,2911.6989191379153,0.0,3.4168239085401457,0.0,50.649125078545204,0.0,14496.819635817137,0.0,8367.814775215806,0.0,14.439484303590188,0.0,13.465138495235065,0.0,11.328389322562328,0.0
Dfkqw,452.98039215686276,0.0,19.581380574558324,0.0,447.0607126238243,0.0,365.0,0.0,258.1502095793204,0.0,15.642666057940188,0.0,19.1049731745428,0.0,13.84524136917192,0.0,51416922.8673774,0.0,414009.0439943239,0.0,408491.5815343456,0.0,3.6563993621181003,0.0,469.0044181339192,0.0,13009.817381438634,0.0,6376.626190991659,0.0,15.642666174249724,0.0,15.497277358108592,0.0,12.89173077589531,0.0
Dgrks,391.28627450980395,0.0,18.169141657591464,0.0,374.6595611087939,0.0,263.0,0.0,177.01821392858986,0.0,13.397314090233678,0.0,16.217274740226856,0.0,11.161698396075728,0.0,76621.75448173081,0.0,9836.182781133279,0.0,7104.312313538264,0.0,8.031252184444721,0.0,40.899185444550426,0.0,2577.1092004506913,0.0,1430.9999665089242,0.0,13.397314095871744,0.0,12.408063133921717,0.0,10.092503359954073,0.0
Dhndy,429.97254901960787,0.0,19.103165153381124,0.0,386.4792409777048,0.0,265.0,0.0,183.15973200386668,0.0,13.80826936896739,0.0,16.278820596099706,0.0,11.507722859445959,0.0,6179.681189383433,0.0,491.87323118702665,0.0,362.1878606464521,0.0,3.4876266103014983,0.0,17.062632535515338,0.0,3890.3711287597894,0.0,2437.5475819424955,0.0,13.808269294086122,0.0,12.578355845144165,0.0,10.505138662776083,0.0
Dhpwz,441.8078431372549,0.0,19.405125820572884,0.0,418.99186741684184,0.0,307.0,0.0,218.53001445495693,0.0,14.86064377250907,0.0,17.52141546793523,0.0,12.767848617985825,0.0,10105.598534826264,0.0,2217.8286522141834,0.0,2174.9210299505967,0.0,4.3436749991255,0.0,54.98305526317155,0.0,4495.682522087096,0.0,1470.0798389942393,0.0,14.860643712565633,0.0,14.045097151005118,0.0,11.783720855599947,0.0
Dhshn,406.19607843137254,0.0,18.56725795724155,0.0,352.5835924792377,0.0,216.0,0.0,146.4487363297078,0.0,12.749813007861446,0.0,14.696938456699069,0.0,10.16148362394852,0.0,803.4168603426436,0.0,249.76875160030355,0.0,179.98792784860623,0.0,4.013512023955703,0.0,19.166063577295528,0.0,4779.5218104791375,0.0,1622.8363411294033,0.0,12.749812934670551,0.0,11.233935800213938,0.0,9.117058962151047,0.0
Diebe,359.5529411764706,0.0,17.38758699384897,0.0,321.22666850387793,0.0,175.0,0.0,115.25600376172379,0.0,11.647890371021745,0.0,13.228756555322953,0.0,8.858350671981857,0.0,767.9350688906565,0.0,105.65483734163807,0.0,78.75138379926055,0.0,3.6145008139193604,0.0,13.572161840180133,0.0,5386.350365899749,0.0,2776.036443790804,0.0,11.647890363584397,0.0,10.489091237009003,0.0,7.888567709455036,0.0
Diech,347.5882352941177,0.0,17.133645691640147,0.0,346.9566388671892,0.0,220.0,0.0,144.9858231303165,0.0,12.5034695948233,0.0,14.832396974191326,0.0,9.966532985532627,0.0,822.6046751346396,0.0,352.085235375579,0.0,245.61123160494805,0.0,5.102229942093498,0.0,13.086444950462564,0.0,5032.238807586247,0.0,2920.543247593906,0.0,12.503469600943378,0.0,11.298771472996687,0.0,8.941521139936661,0.0
Diele,321.5882352941176,0.0,16.477245620000865,0.0,351.4800914498302,0.0,225.0,0.0,151.94126078712026,0.0,12.743091138724122,0.0,15.0,0.0,10.315839779924927,0.0,776.2515451133298,0.0,144.0414221778651,0.0,116.13792547645795,0.0,6.27679468637968,0.0,11.765359460777587,0.0,6135.761051147161,0.0,2696.915776097854,0.0,12.743091142815832,0.0,11.722282371593753,0.0,9.406255899367556,0.0
Dildo,354.1921568627451,0.0,17.335602282513896,0.0,368.49967768031706,0.0,247.0,0.0,167.2366054762677,0.0,13.251436061929546,0.0,15.716233645501712,0.0,10.86541105162654,0.0,835.4431480921086,0.0,374.69180741004885,0.0,257.82307348582566,0.0,4.461157314377961,0.0,15.511190063574077,0.0,8347.978381002651,0.0,4669.069016608218,0.0,13.251436056094711,0.0,12.367909540653583,0.0,9.849212828499315,0.0
Dinar,339.3137254901961,0.0,16.986115505137246,0.0,336.9414516004073,0.0,230.0,0.0,145.60047308046381,0.0,12.166871598691836,0.0,15.165750888103101,0.0,9.738120064888975,0.0,767.8083506623891,0.0,121.85333214565712,0.0,85.67578086252462,0.0,6.098147774744074,0.0,12.824110708735136,0.0,5105.9244273489985,0.0,2713.145294475679,0.0,12.166871606356,0.0,11.517367295172779,0.0,8.587339478210847,0.0
Dinau,363.9764705882353,0.0,17.586421311138658,0.0,337.3562306800317,0.0,221.0,0.0,141.55521234600997,0.0,12.195664905747778,0.0,14.866068747318506,0.0,9.65777747905034,0.0,768.2545878486129,0.0,128.60924382082985,0.0,89.0417680500195,0.0,3.025132018912224,0.0,14.645260985073335,0.0,5085.309827265421,0.0,2712.8981142983084,0.0,12.195664916070639,0.0,11.299556319216679,0.0,8.560624640378675,0.0
Dirne,327.3686274509804,0.0,16.671364966383777,0.0,320.945180630099,0.0,199.0,0.0,126.32343604518027,0.0,11.646833594798721,0.0,14.106735979665885,0.0,9.091829697459971,0.0,766.2328043384118,0.0,103.32580473435647,0.0,75.77420695766185,0.0,4.760357607466885,0.0,10.728741012603228,0.0,5020.917964149211,0.0,2593.723982467732,0.0,11.646833597515126,0.0,10.55515181863263,0.0,8.05620879775538,0.0
Divir,291.7803921568627,0.0,15.785029334649094,0.0,367.5637037886439,0.0,284.0,0.0,184.9187103249393,0.0,13.247118367437603,0.0,16.852299546352718,0.0,11.142640220696105,0.0,772.8782869450355,0.0,149.72076022217217,0.0,104.57364056334482,0.0,10.811660536180636,0.0,17.46980673352283,0.0,5376.915713035313,0.0,2718.488853329229,0.0,13.247118366912856,0.0,12.711855204435457,0.0,10.126652677533277,0.0
Diwan,389.2196078431373,0.0,18.1726247597159,0.0,377.9645700916035,0.0,274.0,0.0,184.41233647964998,0.0,13.5761500068964,0.0,16.55294535724685,0.0,11.358874372090682,0.0,982.0112588537535,0.0,276.43835345484837,0.0,221.52735206658946,0.0,3.2394910457761017,0.0,16.858124429025867,0.0,5796.8045526663755,0.0,2697.481565832185,0.0,13.576150013861891,0.0,12.983397420517763,0.0,10.299017693214049,0.0
Djmkn,431.92156862745094,0.0,19.189923506038994,0.0,438.5573851847993,0.0,342.0,0.0,241.4307819806404,0.0,15.367660452600393,0.0,18.49324200890693,0.0,13.348318899663177,0.0,10583.345914885764,0.0,2781.9353862142298,0.0,2071.9996557985933,0.0,3.4720498782716684,0.0,159.10703584783434,0.0,5606.50612740489,0.0,2365.3736484180295,0.0,15.367660458863527,0.0,14.468229997880131,0.0,12.30219676640978,0.0
Dkrhs,380.5490196078431,0.0,17.986913949682833,0.0,363.8382009871061,0.0,255.0,0.0,171.09997525494379,0.0,13.158037531605894,0.0,15.968719422671311,0.0,10.93561331729279,0.0,1373.2829894902925,0.0,1405.1801217629577,0.0,1119.0859295960363,0.0,7.277821294839361,0.0,45.26457642414603,0.0,5466.2617173893195,0.0,3721.666146973343,0.0,13.158037510239684,0.0,12.09690167399328,0.0,9.902927627038956,0.0
Dlbls,349.078431372549,0.0,17.205898776596822,0.0,390.0824267276671,0.0,289.0,0.0,197.16920408240475,0.0,13.95752402908266,0.0,17.0,0.0,11.83575108048197,0.0,790.9266442534215,0.0,193.32095584965586,0.0,151.1255013892291,0.0,7.972105726812817,0.0,17.61776765839821,0.0,5766.7003024893365,0.0,2983.715757300865,0.0,13.957524065038644,0.0,13.478316563256216,0.0,10.860293991462617,0.0
Dlhnl,370.3764705882353,0.0,17.80779520786672,0.0,379.42282482164694,0.0,281.0,0.0,188.03064275826176,0.0,13.605776666701551,0.0,16.76305461424021,0.0,11.451332918057401,0.0,871.283737276567,0.0,335.6277117703969,0.0,255.28752916263915,0.0,5.800591911881803,0.0,18.52404725522935,0.0,5496.006269984895,0.0,3407.680612605522,0.0,13.605776722596712,0.0,13.165442429976027,0.0,10.44497934091168,0.0
Dljng,385.57254901960783,0.0,18.06183279519464,0.0,400.51554650263495,0.0,291.0,0.0,198.54761124040482,0.0,14.132211979413464,0.0,17.05872210923198,0.0,11.900854150941786,0.0,5163.271044252462,0.0,717.3524604439265,0.0,548.6930196802435,0.0,6.04130244955679,0.0,51.7933054766571,0.0,5358.964956497661,0.0,2907.9701202315896,0.0,14.132212029306546,0.0,13.353323476107827,0.0,10.798934191194583,0.0
Dlvqn,372.3176470588235,0.0,17.807936404883762,0.0,364.7591457071717,0.0,246.0,0.0,165.23083431681079,0.0,13.132897309846793,0.0,15.684387141358123,0.0,10.743551545201143,0.0,51416868.84399114,0.0,413746.858040883,0.0,408230.4290346584,0.0,3.8926670656805338,0.0,450.78578839137975,0.0,4714.064189054419,0.0,3171.931891651724,0.0,13.132897346500881,0.0,12.02399998560799,0.0,9.676319444746039,0.0
Dmltl,370.4509803921569,0.0,17.768141900316227,0.0,456.8060767859449,0.0,365.0,0.0,261.71132664246943,0.0,15.920168537301418,0.0,19.1049731745428,0.0,14.014322290939283,0.0,10102.513546141769,0.0,882.8641848040385,0.0,683.1306568801187,0.0,11.768443833650442,0.0,23.18622946061942,0.0,8266.036594579526,0.0,4090.5023892466293,0.0,15.920168526759921,0.0,15.132277026887335,0.0,13.067399527585525,0.0
Dmmkr,458.69803921568626,0.0,19.79018432498976,0.0,485.06667280157365,0.0,399.0,0.0,289.67881451228845,0.0,16.67873297510368,0.0,19.974984355438178,0.0,14.85597941964981,0.0,10627.497638449073,0.0,880.6277330355067,0.0,681.0571876967634,0.0,7.716392106725111,0.0,18.645117059401645,0.0,3797.4496964526666,0.0,1741.50136346071,0.0,16.67873295687751,0.0,15.906624719271285,0.0,13.838754517503661,0.0
Dmnkm,484.4470588235294,0.0,20.33724355920224,0.0,487.0667251211943,0.0,395.0,0.0,289.66496093826777,0.0,16.748720865382694,0.0,19.87460691435179,0.0,14.934602480024587,0.0,10975.367857617235,0.0,928.2956900696648,0.0,714.2856997013597,0.0,3.9142311018513873,0.0,20.704212120061378,0.0,3754.081908880296,0.0,1144.4092746382937,0.0,16.74872084621747,0.0,15.962696815828085,0.0,13.965499495332656,0.0
Docht,361.0588235294117,0.0,17.437019310800036,0.0,324.6713738620515,0.0,183.0,0.0,121.59771584473998,0.0,11.814163598436915,0.0,13.527749258468683,0.0,9.146537596370438,0.0,771.7595236373733,0.0,119.64651540264991,0.0,89.452564966021,0.0,5.147756027898481,0.0,10.866872527879625,0.0,3163.9386069201146,0.0,930.4870976940504,0.0,11.814163573425452,0.0,10.525594549106586,0.0,8.141184753419996,0.0
Dogma,451.2274509803921,0.0,19.47627032387274,0.0,439.4427580170181,0.0,330.0,0.0,237.8784833404702,0.0,15.407360857895934,0.0,18.16590212458495,0.0,13.404494293400868,0.0,8061.112285718566,0.0,691.6968116253839,0.0,524.4425101123952,0.0,3.5569673586414248,0.0,16.726022218451238,0.0,1726.157913992532,0.0,1671.4933032224137,0.0,15.407360855221818,0.0,14.559622060207362,0.0,12.441465645159074,0.0
Dogmo,442.3019607843138,0.0,19.278142198568304,0.0,431.9597368552376,0.0,307.0,0.0,225.34409025712205,0.0,15.239104597527932,0.0,17.52141546793523,0.0,13.164186148489556,0.0,8065.115246412848,0.0,755.8741124435732,0.0,562.5881531315214,0.0,3.5122466888379904,0.0,17.267216261992232,0.0,1731.9432818410762,0.0,1752.0519353169334,0.0,15.23910459557256,0.0,14.24713763633593,0.0,12.269850620206688,0.0
Dohle,371.56078431372543,0.0,17.727629577643416,0.0,362.0454454901711,0.0,231.0,0.0,160.5214547318514,0.0,13.136771571698398,0.0,15.198684153570664,0.0,10.769971053488186,0.0,783.2366320216549,0.0,162.95033903260148,0.0,129.59248811824764,0.0,6.565832744803129,0.0,12.933464500238669,0.0,4171.699615091015,0.0,1416.3372822516217,0.0,13.136771574324015,0.0,12.132006693348929,0.0,9.882557808912049,0.0
Dompf,442.4627450980392,0.0,19.3236272020287,0.0,441.12621582523684,0.0,312.0,0.0,230.32276884569114,0.0,15.469410226473446,0.0,17.663521732655695,0.0,13.347447919942647,0.0,4093.9099921181273,0.0,1224.8537479969498,0.0,956.3767412061417,0.0,3.730275277925568,0.0,23.672652098748472,0.0,2153.2355084282335,0.0,1715.7312257008603,0.0,15.46941022337695,0.0,14.178916368147641,0.0,12.376625289849745,0.0
Dosis,312.2862745098039,0.0,16.171609964939528,0.0,346.4060525034003,0.0,219.0,0.0,147.1861605756336,0.0,12.57754536425653,0.0,14.798648586948742,0.0,10.13843080172609,0.0,776.0663415358979,0.0,151.3205989568349,0.0,109.35190715234413,0.0,11.256525981508153,0.0,13.724673258158957,0.0,3224.8106518959385,0.0,653.718345175665,0.0,12.577545361961038,0.0,11.13012674951319,0.0,9.180941045080333,0.0
Draht,366.6941176470588,0.0,17.617039827173095,0.0,349.16900593607477,0.0,245.0,0.0,160.30380282398417,0.0,12.665053700724924,0.0,15.652475842498529,0.0,10.408349817054098,0.0,769.428920556082,0.0,129.0531735140257,0.0,95.18921830708746,0.0,3.9283624669912633,0.0,14.961547985392418,0.0,4939.391084043793,0.0,1619.4695294665155,0.0,12.665053662780984,0.0,11.833545367845126,0.0,9.331162035576684,0.0
Drama,406.7372549019608,0.0,18.552714468465375,0.0,429.1241811926315,0.0,340.0,0.0,238.6682148708355,0.0,15.153903483385958,0.0,18.439088914585774,0.0,13.245782395281598,0.0,7899.565103399158,0.0,659.7110177011535,0.0,503.92072041869966,0.0,4.609786572815011,0.0,17.301948219206544,0.0,4266.476269152941,0.0,2057.725584061238,0.0,15.153903476764972,0.0,14.187429485042788,0.0,12.257656716462707,0.0
Drang,397.00392156862745,0.0,18.30220236210235,0.0,370.8943718355364,0.0,259.0,0.0,173.814676740297,0.0,13.290849579742492,0.0,16.09347693943108,0.0,11.022248569877522,0.0,4903.096092451315,0.0,611.500164642287,0.0,441.16948375888734,0.0,5.655961827457216,0.0,15.64152097850679,0.0,4266.444471887396,0.0,1460.4405587240315,0.0,13.290849567169717,0.0,12.145503776650218,0.0,9.913996736935538,0.0
Drbtt,346.92549019607844,0.0,17.108301471471513,0.0,368.07456994691313,0.0,269.0,0.0,181.20172866181625,0.0,13.340564106055044,0.0,16.401219466856727,0.0,11.240741555914788,0.0,772.8519973697934,0.0,142.42346175571495,0.0,106.97610358499426,0.0,7.162224273163655,0.0,14.045833296181794,0.0,4842.049294910602,0.0,1888.59603967633,0.0,13.340564099916964,0.0,12.705849995129268,0.0,10.268758930524267,0.0
Dreck,351.964705882353,0.0,17.261001150206212,0.0,360.2766466265401,0.0,238.0,0.0,161.2475758055469,0.0,13.024387332683164,0.0,15.427248620541512,0.0,10.664559011728599,0.0,828.5630285360505,0.0,283.0093299141511,0.0,238.00735463417817,0.0,5.239487223321689,0.0,16.183472940803096,0.0,4396.914405953918,0.0,2324.9787825761314,0.0,13.02438731753366,0.0,11.59897665343629,0.0,9.629934612619516,0.0
Driet,307.79607843137256,0.0,16.121802813319515,0.0,336.96420272414457,0.0,220.0,0.0,143.93835577702245,0.0,12.257672848592323,0.0,14.832396974191326,0.0,9.86952438928147,0.0,770.0404708239942,0.0,120.27806000631966,0.0,90.28740912731033,0.0,7.499206001680946,0.0,13.494564115914375,0.0,4654.256726924774,0.0,1962.2394295731508,0.0,12.257672844650987,0.0,11.000055608897586,0.0,8.88291054241804,0.0
Drink,355.521568627451,0.0,17.44464568876247,0.0,371.1119829187643,0.0,263.0,0.0,177.444883753162,0.0,13.401661299510591,0.0,16.217274740226856,0.0,11.161674874375764,0.0,830.4916841327305,0.0,281.4920517038375,0.0,237.43448958263542,0.0,6.648350152007237,0.0,15.055321991089244,0.0,4793.305991747767,0.0,2373.858646595112,0.0,13.401661291116929,0.0,12.09375845438374,0.0,10.096828272975392,0.0
Drlds,344.64313725490194,0.0,17.0878085960248,0.0,372.402249671724,0.0,260.0,0.0,175.2249162325865,0.0,13.387321112881185,0.0,16.1245154965971,0.0,11.102902920008141,0.0,793.2977138499413,0.0,202.81576163963922,0.0,150.53318684992945,0.0,5.214704349551029,0.0,15.552609017395023,0.0,7910.491866079632,0.0,4094.83420743303,0.0,13.387321093270103,0.0,12.129682429669026,0.0,10.07909618571457,0.0
Droge,376.956862745098,0.0,17.773818378773598,0.0,351.0959757579829,0.0,208.0,0.0,143.16589572460697,0.0,12.682134780251594,0.0,14.422205101855956,0.0,10.149420741161377,0.0,2812.320372233867,0.0,383.55148508781986,0.0,281.1188155788382,0.0,4.349731748912807,0.0,15.897422235828994,0.0,4353.353827837171,0.0,1534.1222938444273,0.0,12.682134771340445,0.0,11.101209314041933,0.0,9.178280583206371,0.0
Drrch,337.2352941176471,0.0,16.930317416627442,0.0,361.084068016903,0.0,253.0,0.0,167.25172924189334,0.0,13.010948024629435,0.0,15.905973720586866,0.0,10.728343218374398,0.0,823.2563128590599,0.0,357.7968540749673,0.0,250.3426271357377,0.0,6.791921571518004,0.0,13.887729206216502,0.0,4334.1991138956255,0.0,1961.4687908648687,0.0,13.01094801908162,0.0,11.667968297744446,0.0,9.708519622165179,0.0
Drrgr,344.6823529411765,0.0,17.083805012195988,0.0,369.5715112344167,0.0,268.0,0.0,177.30040968830903,0.0,13.252463102014886,0.0,16.3707055437449,0.0,11.051871938840652,0.0,2808.914170311843,0.0,356.75168997138957,0.0,253.81304566499455,0.0,5.9835634511967175,0.0,15.124610711317676,0.0,4302.627586259265,0.0,1534.1983211225297,0.0,13.252463092313086,0.0,12.24796284104331,0.0,9.973914119639721,0.0
Druck,362.0,0.0,17.553570228262807,0.0,369.3950707719942,0.0,263.0,0.0,176.48845877939436,0.0,13.331669761962374,0.0,16.217274740226856,0.0,11.097750183110868,0.0,828.8608403158561,0.0,286.1292367688375,0.0,239.182018425691,0.0,4.610300937987864,0.0,16.42070677761341,0.0,5062.469528416452,0.0,2450.924387764124,0.0,13.331669744515574,0.0,12.267977336952814,0.0,10.020394121645158,0.0
Drxtt,320.35686274509806,0.0,16.454167818535772,0.0,365.8089163539504,0.0,272.0,0.0,181.4301731419543,0.0,13.273362958525665,0.0,16.492422502470642,0.0,11.180957528280748,0.0,770.2081306942309,0.0,141.64572636311422,0.0,107.75233395889018,0.0,7.901803174256124,0.0,39.35020196517596,0.0,6009.872755973237,0.0,1795.5827044166804,0.0,13.273362946783415,0.0,12.283577470331425,0.0,10.149579545896815,0.0
Dsckz,356.0235294117647,0.0,17.382720874643503,0.0,347.56781955339454,0.0,232.0,0.0,153.60504858954312,0.0,12.610609325117284,0.0,15.231546211727817,0.0,10.277176100006951,0.0,784.059099278137,0.0,195.92501281424407,0.0,148.44779478964816,0.0,4.338345354900309,0.0,28.979697986477518,0.0,2537.265106912323,0.0,523.0751429434067,0.0,12.610609305026315,0.0,11.31115517449725,0.0,9.233474571108145,0.0
Dsßqn,434.62745098039215,0.0,19.079559445117216,0.0,398.36708736895855,0.0,270.0,0.0,190.5492257081255,0.0,14.160925916630868,0.0,16.431676725154983,0.0,11.865271509491999,0.0,51416868.99888853,0.0,413751.9797007131,0.0,408232.5382259573,0.0,3.954146278650891,0.0,451.36805122933384,0.0,4431.744396159079,0.0,2657.5715506245906,0.0,14.160925912097971,0.0,12.999055307498113,0.0,10.822339805114243,0.0
Dtvzs,325.1921568627451,0.0,16.588162054258195,0.0,348.2344621261774,0.0,242.0,0.0,159.00763052135142,0.0,12.660858636718537,0.0,15.556349186104045,0.0,10.396353582341343,0.0,775.7938826522645,0.0,143.05244809695742,0.0,108.73494722768596,0.0,7.86252888177364,0.0,21.601876527265443,0.0,2261.3827149973345,0.0,1977.9227942734178,0.0,12.660858638583425,0.0,11.544286034663555,0.0,9.366582724569236,0.0
Duell,341.2392156862745,0.0,17.037500308518958,0.0,382.5009282834391,0.0,264.0,0.0,183.15519730186992,0.0,13.774505570355487,0.0,16.24807680927192,0.0,11.494075030708776,0.0,868.2627585386791,0.0,330.6875379772733,0.0,255.49070078168336,0.0,9.983704301268316,0.0,16.322248973202296,0.0,5077.573218433687,0.0,2095.0212916236774,0.0,13.774505590214988,0.0,12.546987571873643,0.0,10.552781630446354,0.0
Duett,342.90980392156865,0.0,16.977605169103505,0.0,339.8435570046947,0.0,214.0,0.0,143.58021078518627,0.0,12.413370346222083,0.0,14.628738838327793,0.0,9.96991117208989,0.0,768.3125114391075,0.0,120.69227970210238,0.0,91.04224712494872,0.0,9.404956881394764,0.0,13.470121106738215,0.0,2999.9739052539157,0.0,1556.5294743621005,0.0,12.413370352227936,0.0,11.225344387487445,0.0,8.979610668725744,0.0
Dusst,329.7529411764706,0.0,16.624190856866417,0.0,328.22901930322683,0.0,197.0,0.0,129.3839471029636,0.0,11.956230576120854,0.0,14.035668847618199,0.0,9.365502989929496,0.0,767.2626091774932,0.0,114.06643130624677,0.0,83.97227896382817,0.0,10.169282443665516,0.0,10.994013546000486,0.0,3146.4676885059534,0.0,1268.9466900068733,0.0,11.956230584336204,0.0,10.427190936107728,0.0,8.286383863503653,0.0
Dxmls,379.49411764705883,0.0,17.943314133873987,0.0,440.80263641716414,0.0,342.0,0.0,244.73789056956252,0.0,15.504765590954754,0.0,18.49324200890693,0.0,13.520088267933419,0.0,3410.442110301995,0.0,311.34337256052794,0.0,243.57798188276166,0.0,7.869666267112137,0.0,59.42476372973012,0.0,4821.439451671294,0.0,1761.814987527952,0.0,15.50476559229542,0.0,14.226669889855657,0.0,12.518913802313918,0.0
Dxxfh,395.54901960784315,0.0,18.298972518494114,0.0,418.7773068408204,0.0,323.0,0.0,225.15354209951198,0.0,14.8244365362357,0.0,17.97220075561143,0.0,12.78836326289013,0.0,1226.6204319525673,0.0,666.6915694801543,0.0,480.96691911050624,0.0,4.153125287947253,0.0,71.0925369593742,0.0,4823.465456949527,0.0,754.9266002065377,0.0,14.824436545491261,0.0,13.586096708070652,0.0,11.799673771659775,0.0
Dzvrr,315.1921568627451,0.0,16.429403223275393,0.0,360.5794428147599,0.0,269.0,0.0,175.91385859768096,0.0,13.050897462897973,0.0,16.401219466856727,0.0,10.895720395889978,0.0,769.5889646332969,0.0,147.66746989876398,0.0,107.9137729092772,0.0,11.48356609584538,0.0,35.224425581449644,0.0,2283.556335002821,0.0,1347.9837379277658,0.0,13.050897457217403,0.0,12.023954580266247,0.0,9.829179517618828,0.0
Dzzmn,409.06666666666666,0.0,18.72907511110715,0.0,420.9384526860484,0.0,321.0,0.0,227.0925285274721,0.0,14.966637434131716,0.0,17.916472867168917,0.0,12.967347741944721,0.0,7899.271001029623,0.0,652.1799388393107,0.0,499.8752542896772,0.0,3.493600247370173,0.0,43.64414898486533,0.0,4144.044977034606,0.0,1931.3752875740013,0.0,14.966637426834328,0.0,13.844506211838949,0.0,12.022375760546776,0.0
Dämon,434.843137254902,0.0,19.158241867390718,0.0,394.9216761723993,0.0,252.0,0.0,182.09012412761842,0.0,14.136078571769348,0.0,15.874507866387544,0.0,11.720339604873327,0.0,3408.8350979368174,0.0,295.9922979299442,0.0,228.42193078913428,0.0,4.285606333422964,0.0,16.75214045112005,0.0,7957.170795930447,0.0,6354.825208560289,0.0,14.136078608200469,0.0,12.641320753782185,0.0,10.666757430893602,0.0
Dänen,395.2470588235294,0.0,18.255195549544116,0.0,320.5389720019584,0.0,173.0,0.0,113.76539373311115,0.0,11.630521807222358,0.0,13.152946437965905,0.0,8.795926519675554,0.0,770.2750261947943,0.0,121.9637962005993,0.0,92.6018572618681,0.0,5.306439006149477,0.0,11.981764268413679,0.0,7918.128516385874,0.0,6199.585466731567,0.0,11.630521845029289,0.0,10.21611714506587,0.0,7.726293466037707,0.0
Dänin,376.3450980392157,0.0,17.86173217678644,0.0,359.13159812459514,0.0,240.0,0.0,160.22251485930556,0.0,12.963824786230324,0.0,15.491933384829668,0.0,10.51424542547033,0.0,776.1015334440016,0.0,154.02613476829023,0.0,112.25065744630392,0.0,7.430199816368311,0.0,13.817888197046345,0.0,8091.024958112267,0.0,6201.177565004411,0.0,12.96382481675738,0.0,11.97305275365325,0.0,9.481695060764112,0.0
Därme,406.0745098039216,0.0,18.49785880768502,0.0,404.921488696198,0.0,283.0,0.0,201.69780838480918,0.0,14.451971085691222,0.0,16.822603841260722,0.0,12.281346304883968,0.0,7899.458724755917,0.0,651.5821187378989,0.0,499.33420198686184,0.0,4.464703851093315,0.0,15.29651508280968,0.0,7977.790072412614,0.0,6376.999667538005,0.0,14.451971098624222,0.0,13.316191163793903,0.0,11.370819426215196,0.0
Döhnö,417.55294117647054,0.0,18.741727484319618,0.0,351.4782373325485,0.0,207.0,0.0,143.38176837829855,0.0,12.740276171687153,0.0,14.38749456993816,0.0,10.192245005185358,0.0,1631.01136706333,0.0,1690.6832045442395,0.0,1420.2816650061964,0.0,3.225407988123213,0.0,932.8289662696004,0.0,8610.87071086479,0.0,9128.74560834307,0.0,12.73727064109342,0.0,11.543668283331193,0.0,9.220028037432137,0.0
Döltö,360.64313725490194,0.0,17.377218865121986,0.0,381.13093919920505,0.0,248.0,0.0,175.42439128618474,0.0,13.713976666423177,0.0,15.748015748023622,0.0,11.365135569760149,0.0,1632.9531175173804,0.0,1692.2352135287706,0.0,1421.6112021876327,0.0,6.555940683058963,0.0,932.7917802914541,0.0,10890.906878098875,0.0,9753.174751279805,0.0,13.71118455893543,0.0,12.504546973014106,0.0,10.42946397990914,0.0
Döner,360.57254901960783,0.0,17.423918210258282,0.0,323.7197275791109,0.0,188.0,0.0,124.07158564619714,0.0,11.79725037825403,0.0,13.711309200802088,0.0,9.226064166965596,0.0,783.6038825382236,0.0,207.21454461113407,0.0,148.85933006841873,0.0,9.461201556991309,0.0,13.458264388030006,0.0,7931.5699711878915,0.0,8871.112019820706,0.0,11.79725039379785,0.0,10.721345769400724,0.0,8.253456028884143,0.0
Dürre,341.8352941176471,0.0,17.00181594661308,0.0,345.71824778684686,0.0,225.0,0.0,149.25075631149997,0.0,12.55182063736486,0.0,15.0,0.0,10.124311201717111,0.0,772.7873580429176,0.0,146.83424701156784,0.0,109.21425987401366,0.0,9.606892192956153,0.0,14.736828528570038,0.0,2737.6094564560385,0.0,4357.0856306280075,0.0,12.551820650156447,0.0,11.24110478911495,0.0,9.167997615634839,0.0
Ebene,378.7372549019608,0.0,17.871243539169114,0.0,309.31582582373596,0.0,141.0,0.0,94.25268210862535,0.0,11.202942893797935,0.0,11.874342087037917,0.0,8.093397260861291,0.0,797.1215821959557,0.0,204.70262270984162,0.0,156.44111207718404,0.0,5.407694993775576,0.0,25.369718628010297,0.0,6587.863035126203,0.0,2101.380688661087,0.0,11.202942795663345,0.0,8.891122033507063,0.0,6.995509199307423,0.0
Ecken,366.87450980392157,0.0,17.64519946631589,0.0,324.8533783710714,0.0,192.0,0.0,126.15811007415864,0.0,11.816198796557279,0.0,13.856406460551018,0.0,9.254615461387905,0.0,857.0747825132755,0.0,464.11852636750615,0.0,370.735899878582,0.0,3.052608409756232,0.0,25.553139914617088,0.0,5683.906935461642,0.0,2889.256150247979,0.0,11.81619876775274,0.0,10.48239234892263,0.0,8.210808928418166,0.0
Eenen,361.18039215686275,0.0,17.480160226321438,0.0,288.5086448229442,0.0,132.0,0.0,83.31895093820128,0.0,10.428594536188333,0.0,11.489125293076057,0.0,7.330539118046842,0.0,763.6467194746649,0.0,75.93250539452362,0.0,50.08145832156457,0.0,2.9982023925979675,0.0,12.04398578099842,0.0,5527.885797218651,0.0,982.7076033941487,0.0,10.428594485669114,0.0,8.579209847391704,0.0,6.212680302289893,0.0
Eiche,336.74901960784314,0.0,16.882554256275046,0.0,308.5042743297033,0.0,164.0,0.0,103.95434237252906,0.0,11.11600338596568,0.0,12.806248474865697,0.0,8.21820898551039,0.0,766.1304804278988,0.0,85.71093104444648,0.0,56.288816827622604,0.0,4.022440383082444,0.0,13.324102921330837,0.0,7705.980815894067,0.0,2653.464818999498,0.0,11.116003363510602,0.0,9.74355902619839,0.0,7.156318470907933,0.0
Eifer,318.90980392156865,0.0,16.412788404833524,0.0,346.17064107070814,0.0,231.0,0.0,150.58699041889068,0.0,12.46705811764293,0.0,15.198684153570664,0.0,10.09485012650401,0.0,1210.5215225389816,0.0,594.7950940606759,0.0,436.95090880420423,0.0,6.082284959085099,0.0,19.214393406037594,0.0,9907.463807430446,0.0,6431.7864299388975,0.0,12.467058063666336,0.0,11.472890863566287,0.0,9.020634336802978,0.0
Eiter,296.956862745098,0.0,15.854694871897372,0.0,313.3240777070055,0.0,195.0,0.0,122.10708082270776,0.0,11.362413266479045,0.0,13.96424004376894,0.0,8.845185853844455,0.0,765.8743658013007,0.0,98.34727958656754,0.0,64.64955205527237,0.0,6.540497562215962,0.0,13.137973165370472,0.0,7251.02422281143,0.0,2639.145295517819,0.0,11.362413266783703,0.0,10.415743016257675,0.0,7.760889918638032,0.0
Ekzem,415.0235294117647,0.0,18.82364174803081,0.0,408.0532284372397,0.0,289.0,0.0,208.07984128423846,0.0,14.584850442832783,0.0,17.0,0.0,12.521498775589523,0.0,4518.385240685724,0.0,1457.395635626872,0.0,1155.7958594642441,0.0,4.695510099668742,0.0,54.03757607367409,0.0,8019.828266164128,0.0,3752.381826055696,0.0,14.584850398107028,0.0,13.247845660824105,0.0,11.564205846563176,0.0
Elend,370.35686274509806,0.0,17.738683706915214,0.0,343.77831408776547,0.0,219.0,0.0,144.5726528852914,0.0,12.418966331970738,0.0,14.798648586948742,0.0,9.967024771545793,0.0,1036.8833570930576,0.0,651.106097098436,0.0,481.31517081882123,0.0,5.418723738341155,0.0,20.36053954713279,0.0,6848.910446804387,0.0,2840.981327737782,0.0,12.41896636792287,0.0,11.399944079120004,0.0,8.901348754667064,0.0
Elfen,354.2745098039216,0.0,17.318280217183574,0.0,354.42463283563825,0.0,227.0,0.0,152.2154812298583,0.0,12.753318516198966,0.0,15.066519173319364,0.0,10.307202079717076,0.0,1216.815620802854,0.0,603.1023327900823,0.0,444.14305177081786,0.0,3.2708121102274204,0.0,19.990139478035175,0.0,9626.709164575368,0.0,6541.561145222981,0.0,12.753318499309323,0.0,11.542467406883867,0.0,9.277749646542016,0.0
Elite,302.2980392156863,0.0,16.01000360093048,0.0,349.3427220235976,0.0,232.0,0.0,153.45626642091744,0.0,12.627062915998085,0.0,15.231546211727817,0.0,10.234365896346795,0.0,779.4355789428075,0.0,151.20359065498351,0.0,111.33092575558554,0.0,6.146228834376028,0.0,15.40331368752499,0.0,7473.235011307154,0.0,3409.0481958511914,0.0,12.6270629336285,0.0,11.603386714461385,0.0,9.223594614730295,0.0
Elste,310.39607843137253,0.0,16.163975685384724,0.0,337.09016237386544,0.0,209.0,0.0,138.4293898861251,0.0,12.214094677978101,0.0,14.45683229480096,0.0,9.731440300699123,0.0,776.4952437366369,0.0,149.13429057028796,0.0,109.89730887940738,0.0,5.651135021518386,0.0,15.694357792339982,0.0,7566.671965830046,0.0,3100.4207770403264,0.0,12.214094677732955,0.0,11.092684618109908,0.0,8.73492761472909,0.0
Emgab,466.04705882352937,0.0,19.826183565845962,0.0,423.7319516670872,0.0,293.0,0.0,211.06420661787035,0.0,14.872355407035634,0.0,17.11724276862369,0.0,12.640682839384702,0.0,10225.377206146451,0.0,893.7563790145318,0.0,688.2870053956658,0.0,4.111112185519069,0.0,28.18068812078639,0.0,6448.260771535014,0.0,1511.6999365945828,0.0,14.872355372344137,0.0,13.746203056605868,0.0,11.591068371088,0.0
Enbel,369.45098039215685,0.0,17.71332221604005,0.0,342.6789983565365,0.0,211.0,0.0,141.59692758618314,0.0,12.408732411776544,0.0,14.52583904633395,0.0,9.929546817485855,0.0,862.0092371898547,0.0,316.0850644718553,0.0,238.57979176087235,0.0,6.773117520863464,0.0,18.481866081213052,0.0,9026.987241454903,0.0,2435.518788236844,0.0,12.408732384492025,0.0,11.189674827363463,0.0,8.928270033050481,0.0
Enden,390.764705882353,0.0,18.211647750886893,0.0,327.42642739688125,0.0,188.0,0.0,124.541233396845,0.0,11.879975628174034,0.0,13.711309200802088,0.0,9.239374165816272,0.0,815.4469360852042,0.0,303.7465843294933,0.0,219.36201735187933,0.0,2.860558143857332,0.0,17.22092280555472,0.0,8566.429572478859,0.0,1775.837264417012,0.0,11.879975608586753,0.0,10.338629364483287,0.0,8.158043437155124,0.0
Engel,379.5607843137255,0.0,17.910460366559516,0.0,360.10233391723136,0.0,233.0,0.0,157.67842864098316,0.0,12.921240277929265,0.0,15.264337522473747,0.0,10.536003566078199,0.0,1819.7716453152364,0.0,377.01505443108925,0.0,278.0853638729536,0.0,6.817631299586014,0.0,17.78677288385456,0.0,8989.86058073453,0.0,2425.9417927121935,0.0,12.921240243223737,0.0,11.772765294161857,0.0,9.49766089212581,0.0
Ennus,360.4117647058823,0.0,17.5067094294747,0.0,314.5155528356225,0.0,189.0,0.0,118.89773630788211,0.0,11.39086490320243,0.0,13.74772708486752,0.0,8.767235799192537,0.0,766.7764171570834,0.0,118.50630550122706,0.0,77.32066134790253,0.0,6.014024841200723,0.0,18.539181860388393,0.0,8685.617250436251,0.0,1738.274348112091,0.0,11.390864864625112,0.0,9.826929096859686,0.0,7.627280836107573,0.0
Enten,352.72941176470584,0.0,17.289238563002925,0.0,309.2220691008638,0.0,166.0,0.0,107.3542042319462,0.0,11.238632976292065,0.0,12.884098726725126,0.0,8.434732640118987,0.0,766.7299237303939,0.0,103.4737873469878,0.0,70.60482967527437,0.0,4.250011721443231,0.0,16.75391974133145,0.0,8526.02820305439,0.0,1830.272053681506,0.0,11.23863294814869,0.0,9.286613846383112,0.0,7.346619811954089,0.0
Entok,372.7803921568627,0.0,17.79973994254689,0.0,343.3942000711271,0.0,209.0,0.0,142.52771877714156,0.0,12.492653037621668,0.0,14.45683229480096,0.0,10.041685718995481,0.0,831.5211251973616,0.0,285.70020524616797,0.0,238.96695750667135,0.0,4.415377836020135,0.0,23.231900315126794,0.0,8593.555893238712,0.0,2292.6908712084646,0.0,12.492653005313873,0.0,10.992047212907607,0.0,8.944002283291066,0.0
Enuel,350.80784313725496,0.0,17.284052026090404,0.0,333.6599898695494,0.0,207.0,0.0,135.83996173953528,0.0,12.110524825741093,0.0,14.38749456993816,0.0,9.602244976588654,0.0,858.6017080377084,0.0,313.7077455271032,0.0,236.2205753532497,0.0,7.122148689610754,0.0,18.731172903702323,0.0,9319.104244876056,0.0,2494.7504559091276,0.0,12.11052478794044,0.0,10.795895289545696,0.0,8.555962190189673,0.0
Epfel,371.61960784313726,0.0,17.722079751729016,0.0,380.7200752467952,0.0,251.0,0.0,175.23972294831276,0.0,13.62294538297559,0.0,15.84297951775486,0.0,11.3270007247037,0.0,1890.3714905609565,0.0,1316.9764634950636,0.0,1048.1733948607884,0.0,8.16156890535996,0.0,24.61679802082961,0.0,10691.198648649508,0.0,6415.4655010414435,0.0,13.622945309820802,0.0,12.192144659258581,0.0,10.360662243396536,0.0
Eptek,387.1058823529412,0.0,18.112555094654677,0.0,348.2888285030224,0.0,210.0,0.0,145.72631303252552,0.0,12.668890913283532,0.0,14.491376746189438,0.0,10.277475157215514,0.0,1624.9786452014598,0.0,1169.3445537122377,0.0,953.3985821846612,0.0,4.447873429622738,0.0,25.626239754124168,0.0,7800.742758259124,0.0,2380.2219230435153,0.0,12.668890866971593,0.0,11.303563960875316,0.0,9.291744440313476,0.0
Erain,328.4745098039216,0.0,16.73281038807515,0.0,354.93613628821595,0.0,253.0,0.0,165.7642218083153,0.0,12.832627785251299,0.0,15.905973720586866,0.0,10.570557583282095,0.0,771.715760755145,0.0,143.26406804360826,0.0,98.50928565718537,0.0,4.9725988414891935,0.0,16.132670541789565,0.0,6883.55483816935,0.0,1450.2487415945566,0.0,12.832627727947107,0.0,11.639707874749488,0.0,9.514648809194846,0.0
Erdöl,358.9098039215686,0.0,17.440087369141562,0.0,376.216743977145,0.0,261.0,0.0,178.77972160434933,0.0,13.510189165354738,0.0,16.15549442140351,0.0,11.311066691552623,0.0,924.555407131013,0.0,475.87321049246333,0.0,367.91607125057203,0.0,4.4732255552434905,0.0,26.3793444753316,0.0,7419.871928090435,0.0,2806.4179415299836,0.0,13.510189132568971,0.0,12.427308826224694,0.0,10.293415625734877,0.0
Ernst,316.17647058823525,0.0,16.361812142248763,0.0,325.58195732360315,0.0,214.0,0.0,136.4884785158112,0.0,11.837723643417013,0.0,14.628738838327793,0.0,9.45060484859931,0.0,765.8111756899767,0.0,107.97357417174157,0.0,75.15669883180294,0.0,6.3641964679664635,0.0,13.795044696561854,0.0,6714.5296155621945,0.0,1593.4129990479487,0.0,11.837723594759929,0.0,10.674799284996746,0.0,8.358703406579123,0.0
Erron,323.8235294117647,0.0,16.611768871854167,0.0,323.23081808299924,0.0,199.0,0.0,128.42663220720908,0.0,11.752864714305721,0.0,14.106735979665885,0.0,9.241461180212854,0.0,770.0768720643651,0.0,132.47643329298697,0.0,96.8444781533184,0.0,5.044901449378434,0.0,16.98293552818882,0.0,6703.28706266967,0.0,1433.4125023133324,0.0,11.752864678062428,0.0,10.12175071177515,0.0,8.155895345960717,0.0
Esaun,361.235294117647,0.0,17.484133742287185,0.0,314.27438232064446,0.0,187.0,0.0,118.38489710465294,0.0,11.39958217628313,0.0,13.674794331177344,0.0,8.762830585475204,0.0,765.820340753907,0.0,111.80486791818069,0.0,73.43092079185455,0.0,2.541522716599027,0.0,21.103800565165578,0.0,5919.70005134091,0.0,904.4904007529396,0.0,11.399582124526592,0.0,9.783366922233633,0.0,7.569025378325707,0.0
Esche,344.8470588235294,0.0,17.028638608883927,0.0,300.5040363956082,0.0,142.0,0.0,91.63684557711574,0.0,10.849365088569737,0.0,11.916375287812984,0.0,7.8011199033619585,0.0,765.8759614722602,0.0,88.58260726178628,0.0,60.839216210005716,0.0,3.569759247836199,0.0,19.037370984517732,0.0,6282.1630163664495,0.0,983.0325615712975,0.0,10.849365051464055,0.0,8.839017955413293,0.0,6.719861999964629,0.0
Eschu,354.88235294117646,0.0,17.325132031909785,0.0,315.7750400748584,0.0,173.0,0.0,111.7474984169506,0.0,11.436834318861331,0.0,13.152946437965905,0.0,8.609854764980483,0.0,767.0607268526088,0.0,111.30034510930753,0.0,73.10470938458104,0.0,3.976486972596697,0.0,23.923650861084997,0.0,6277.702742417017,0.0,950.4959329542123,0.0,11.436834283317388,0.0,9.67205048793916,0.0,7.515669937438261,0.0
Eslom,369.56470588235294,0.0,17.694125034764138,0.0,399.750192795383,0.0,270.0,0.0,194.3133106158029,0.0,14.298064876564025,0.0,16.431676725154983,0.0,12.09920003491022,0.0,4374.444324684693,0.0,416.12177997957326,0.0,312.0083602323652,0.0,7.958436931378937,0.0,23.066671180101398,0.0,8588.041883947646,0.0,3447.548573897417,0.0,14.29806483895858,0.0,12.818864108747354,0.0,11.088897618766795,0.0
Essen,328.45098039215685,0.0,16.602974492981968,0.0,297.7868629463536,0.0,144.0,0.0,92.06110467434846,0.0,10.770577824067077,0.0,12.0,0.0,7.773280817769421,0.0,764.5759134692931,0.0,88.27195710817074,0.0,60.42894390004578,0.0,4.316055501677085,0.0,17.043743818708908,0.0,6083.67975253763,0.0,743.5599014940782,0.0,10.77057777693906,0.0,8.582807200591223,0.0,6.636297018926974,0.0
Essig,337.21568627450984,0.0,16.801673265750267,0.0,368.0866469797339,0.0,247.0,0.0,167.0586047488914,0.0,13.17470444266064,0.0,15.716233645501712,0.0,10.8346353507261,0.0,4903.503882360273,0.0,612.2298503324398,0.0,440.08488134806265,0.0,6.546613185484251,0.0,19.956146223822373,0.0,6322.596100854447,0.0,723.0550017784017,0.0,13.174704394055704,0.0,11.935357906331504,0.0,9.769646899666643,0.0
Estar,317.0,0.0,16.33765449042077,0.0,318.08804302379014,0.0,193.0,0.0,122.29146946663282,0.0,11.52761311448322,0.0,13.892443989449804,0.0,8.915176963981304,0.0,766.7930503047235,0.0,112.62343170204585,0.0,75.6841477120421,0.0,5.628924263652029,0.0,20.176712364519233,0.0,5840.6391822211945,0.0,1293.8386136140316,0.0,11.52761309310042,0.0,9.987777966627368,0.0,7.689322040236161,0.0
Etage,381.2196078431373,0.0,17.859898613089026,0.0,339.3730978833619,0.0,201.0,0.0,134.25921345966407,0.0,12.228240959870734,0.0,14.177446878757825,0.0,9.651129081611039,0.0,2810.3613421822615,0.0,352.2151450682907,0.0,250.73085750912892,0.0,3.900276985912176,0.0,17.351067366712154,0.0,5612.708506668479,0.0,1853.1724218196866,0.0,12.228240919478406,0.0,11.044379738626937,0.0,8.542989929764005,0.0
Ethik,367.7882352941176,0.0,17.719034916869386,0.0,385.16740954588766,0.0,291.0,0.0,197.9750550730154,0.0,13.852195888747708,0.0,17.05872210923198,0.0,11.825119863026385,0.0,840.9048650721298,0.0,296.2789652421412,0.0,244.877806913352,0.0,4.535897575691739,0.0,19.945835082213936,0.0,5999.957207109212,0.0,2228.113499104067,0.0,13.852195844717302,0.0,13.523070436797019,0.0,10.822803943909337,0.0
Etlas,322.34117647058827,0.0,16.48841472274409,0.0,339.32090127695415,0.0,217.0,0.0,141.3839855485594,0.0,12.262811190270252,0.0,14.730919862656235,0.0,9.764705623653253,0.0,779.6237374217488,0.0,141.48305423014276,0.0,105.61508029337466,0.0,5.082992500853136,0.0,17.566750849947578,0.0,8580.264953716076,0.0,3797.392960858143,0.0,12.262811163096114,0.0,10.988011505425137,0.0,8.621124509061254,0.0
Euter,325.8941176470588,0.0,16.606254988074536,0.0,308.172854265865,0.0,173.0,0.0,110.60200714304399,0.0,11.223120908160896,0.0,13.152946437965905,0.0,8.519184576409536,0.0,766.060182513403,0.0,102.19613443887175,0.0,69.07308165965247,0.0,8.508258234649391,0.0,13.893690136595813,0.0,5675.240271709407,0.0,1166.587445742325,0.0,11.223120893253592,0.0,9.641406756757426,0.0,7.433831075915999,0.0
Fabal,365.443137254902,0.0,17.592682236698025,0.0,345.96880329876603,0.0,211.0,0.0,139.91742908370497,0.0,12.43655638990846,0.0,14.52583904633395,0.0,9.805096021790602,0.0,861.2543106662416,0.0,314.0948511866154,0.0,236.62396646057175,0.0,4.717230231015401,0.0,16.91711536994978,0.0,7576.630463384271,0.0,2158.9827633242817,0.0,12.436556374721647,0.0,11.07793350051781,0.0,8.668239399622637,0.0
Fabel,353.4980392156863,0.0,17.288977938846898,0.0,333.2046000478863,0.0,191.0,0.0,127.41554364436661,0.0,12.042827637590012,0.0,13.820274961085254,0.0,9.392302875418117,0.0,860.2098727389039,0.0,310.0713469259377,0.0,234.46823921115018,0.0,5.4810099214975825,0.0,15.079584627983271,0.0,7480.2355958201215,0.0,1969.4740882000076,0.0,12.042827620300379,0.0,10.707189185455377,0.0,8.377813815802895,0.0
Falke,352.97254901960787,0.0,17.32284661925496,0.0,342.3430903535632,0.0,209.0,0.0,138.43860245611512,0.0,12.339828879622896,0.0,14.45683229480096,0.0,9.735832315069148,0.0,785.6959341841323,0.0,184.18199124411686,0.0,136.7995347222847,0.0,3.3901181443048247,0.0,14.190779599685797,0.0,9436.296110099876,0.0,3480.4545703553526,0.0,12.33982885130819,0.0,10.791131465585156,0.0,8.674926453964275,0.0
Falle,315.5333333333333,0.0,16.373154855528195,0.0,355.2659989043,0.0,219.0,0.0,148.97855260609452,0.0,12.803967605648687,0.0,14.798648586948742,0.0,10.241708628972194,0.0,779.6942654999656,0.0,147.22600038745793,0.0,117.00384011149104,0.0,4.931580459837224,0.0,11.973960956429035,0.0,10076.516230023148,0.0,3591.382907445137,0.0,12.803967575666814,0.0,11.25708261462041,0.0,9.24280434120562,0.0
Falte,316.3686274509804,0.0,16.342017322861327,0.0,337.2852275874318,0.0,198.0,0.0,132.38395070175804,0.0,12.203272789831848,0.0,14.071247279470288,0.0,9.551522995760934,0.0,771.2255122775513,0.0,118.14754538437927,0.0,87.1854926103774,0.0,4.5969044096593965,0.0,12.619290957452394,0.0,9661.803174816507,0.0,3694.354019134264,0.0,12.203272748716335,0.0,10.57272089047339,0.0,8.525268973446966,0.0
Fanda,386.75686274509803,0.0,18.094330552815595,0.0,331.1952952102954,0.0,195.0,0.0,126.22430518636125,0.0,11.910283499244578,0.0,13.96424004376894,0.0,9.186343016205084,0.0,787.5922070697179,0.0,196.38145755174432,0.0,136.8236471577885,0.0,3.798567569866446,0.0,16.445316218263187,0.0,7088.065956905516,0.0,2190.805232760491,0.0,11.91028347419155,0.0,10.522232230681766,0.0,7.97547740201263,0.0
Fanft,350.27843137254905,0.0,17.18821650493531,0.0,360.44577395048594,0.0,243.0,0.0,162.34389571920536,0.0,12.950612788011425,0.0,15.588457268119896,0.0,10.600575865432848,0.0,1184.50759535043,0.0,563.6827544294713,0.0,408.7056681173318,0.0,3.937468643666185,0.0,16.0412798480773,0.0,6845.274016909989,0.0,1057.0328915562702,0.0,12.950612773644846,0.0,11.935118105085365,0.0,9.552804014980897,0.0
Faran,342.54509803921576,0.0,17.050755360457448,0.0,312.14549780659894,0.0,173.0,0.0,108.0797774164018,0.0,11.222617990628379,0.0,13.152946437965905,0.0,8.294173050831855,0.0,764.9847702627208,0.0,96.08995819463127,0.0,60.98346338850793,0.0,3.539171055305743,0.0,13.101813914156985,0.0,6927.251482984924,0.0,1296.41790937982,0.0,11.222617975650449,0.0,9.265767722626094,0.0,7.006286218376959,0.0
Farbe,348.156862745098,0.0,17.14525859674028,0.0,306.6026031894421,0.0,154.0,0.0,98.48551749961001,0.0,11.040367648327967,0.0,12.409673645990857,0.0,8.034703090292949,0.0,765.4710641257461,0.0,88.60293153870236,0.0,58.28367799346973,0.0,3.2994762142379437,0.0,15.759184507162395,0.0,7175.408645715617,0.0,1471.0190064317987,0.0,11.040367630777826,0.0,9.274111739472975,0.0,6.905918062263395,0.0
Farmt,358.72549019607845,0.0,17.446117410112425,0.0,392.6909782954481,0.0,285.0,0.0,197.4278139158809,0.0,14.057683657465898,0.0,16.881943016134134,0.0,11.965722359056288,0.0,7898.864868589184,0.0,645.4709211396511,0.0,493.5242277765152,0.0,4.071023421286759,0.0,14.59913103928074,0.0,6875.4879632511365,0.0,1790.9674090602405,0.0,14.057683639808744,0.0,13.00327974876912,0.0,10.983714638757826,0.0
Faser,308.6745098039216,0.0,16.108820635551144,0.0,299.32091289701555,0.0,151.0,0.0,94.292374860762,0.0,10.760026048191097,0.0,12.288205727444508,0.0,7.759688124556013,0.0,764.2512110232487,0.0,92.5396223229856,0.0,58.65465294484811,0.0,6.47039963429182,0.0,12.57616212567453,0.0,7234.693018489321,0.0,956.0001067005416,0.0,10.76002602406668,0.0,8.845470273364004,0.0,6.5726951464114,0.0
Faune,355.26274509803926,0.0,17.346142015724443,0.0,297.0693948989633,0.0,145.0,0.0,90.49921128670206,0.0,10.710389677122329,0.0,12.041594578792296,0.0,7.588949494374027,0.0,763.8921541920811,0.0,86.39366981518504,0.0,54.188768845723246,0.0,2.7295743495411267,0.0,12.738193621588731,0.0,7304.132242480946,0.0,1268.8671163915474,0.0,10.710389645383495,0.0,8.772541488203801,0.0,6.3837900993241385,0.0
Fausa,345.2823529411765,0.0,17.0540876906055,0.0,318.80309527853785,0.0,188.0,0.0,118.87796892570606,0.0,11.509722052306369,0.0,13.711309200802088,0.0,8.764332650631529,0.0,768.0765963695804,0.0,139.27705089841163,0.0,91.46658250540996,0.0,3.6060046716485403,0.0,16.207308082772936,0.0,7286.98599819114,0.0,1400.092920127207,0.0,11.50972201536569,0.0,9.92027232928905,0.0,7.513311059567956,0.0
Fazit,306.98823529411766,0.0,16.16711458493156,0.0,341.3171334336146,0.0,230.0,0.0,148.94227886455855,0.0,12.34760517576702,0.0,15.165750888103101,0.0,9.947958242171541,0.0,770.134916229353,0.0,128.41064004556995,0.0,86.04086041228229,0.0,7.129668970993087,0.0,32.833620833264554,0.0,7943.704805272637,0.0,1295.2368516351519,0.0,12.347605150960511,0.0,11.245894862406319,0.0,8.881254496682299,0.0
Fcnkl,340.81176470588235,0.0,17.078361135354545,0.0,361.21019183276354,0.0,255.0,0.0,167.6765152752978,0.0,12.959276829596424,0.0,15.968719422671311,0.0,10.692164346739121,0.0,872.9638355470536,0.0,344.7161422044532,0.0,260.0576015481901,0.0,4.31650413891615,0.0,20.980488342079287,0.0,7504.717316755059,0.0,2679.8585334460327,0.0,12.959276788978146,0.0,11.826121673729082,0.0,9.61845985650121,0.0
Fealt,316.3686274509804,0.0,16.342017322861327,0.0,340.6423317068784,0.0,219.0,0.0,145.26130262590476,0.0,12.356096692212796,0.0,14.798648586948742,0.0,9.96563250799609,0.0,774.3724142105015,0.0,136.2001892515666,0.0,106.03320613713227,0.0,4.87542683931221,0.0,14.861915559600847,0.0,7809.81645536077,0.0,1497.9250250667617,0.0,12.356096656951273,0.0,11.196214446162857,0.0,8.906151374343317,0.0
Febus,350.07058823529405,0.0,17.171589421939462,0.0,306.85409211222066,0.0,165.0,0.0,105.63954150743612,0.0,11.117637519125056,0.0,12.84523257866513,0.0,8.363463150511809,0.0,768.4475187960891,0.0,112.22330725499533,0.0,73.41464558814255,0.0,4.4368968663255774,0.0,15.008844963125808,0.0,7189.159558312432,0.0,1166.534615290035,0.0,11.117637470982958,0.0,9.492054139313467,0.0,7.313196136270609,0.0
Feder,337.11764705882354,0.0,16.86016897786977,0.0,311.79942252041076,0.0,171.0,0.0,111.03539917785199,0.0,11.308195151198735,0.0,13.076696830622021,0.0,8.645972969387035,0.0,813.4569644999142,0.0,299.73642647884986,0.0,216.02497440635562,0.0,4.949162557265185,0.0,13.233641870996667,0.0,7020.493071274476,0.0,1150.4140279096114,0.0,11.308195119435746,0.0,9.928582417790444,0.0,7.602333809502687,0.0
Feier,288.6313725490196,0.0,15.618786684661558,0.0,301.8657565132481,0.0,160.0,0.0,100.57078415658867,0.0,10.903894387712283,0.0,12.649110640673518,0.0,8.045568576389508,0.0,766.8517681666618,0.0,92.35265211467356,0.0,59.321110730721195,0.0,5.666145449185458,0.0,12.104769679269687,0.0,7207.010917582361,0.0,1780.0061032852543,0.0,10.903894355627237,0.0,9.044194010733735,0.0,6.949814663694506,0.0
Feige,342.04705882352937,0.0,16.93359761484454,0.0,324.89314466249084,0.0,164.0,0.0,109.67697895806575,0.0,11.673084019686142,0.0,12.806248474865697,0.0,8.729610448415515,0.0,2808.598316326891,0.0,341.8500917997289,0.0,241.45370972181442,0.0,4.211348813552014,0.0,12.284630912012215,0.0,7236.049959999123,0.0,1961.5523472452712,0.0,11.673083983598994,0.0,9.532094254156027,0.0,7.652977427263276,0.0
Feind,343.964705882353,0.0,17.08820323307039,0.0,330.06234018096984,0.0,193.0,0.0,126.72608749458777,0.0,11.943536577504746,0.0,13.892443989449804,0.0,9.295130333631095,0.0,1030.7362158838853,0.0,641.7946381967403,0.0,473.8706062909765,0.0,6.678454182886838,0.0,16.62262898228985,0.0,7229.902490907086,0.0,1833.0864404198348,0.0,11.943536545955636,0.0,10.123233718365261,0.0,8.19176299009255,0.0
Felge,351.6627450980392,0.0,17.185396552633875,0.0,334.6660489060472,0.0,175.0,0.0,119.16741458245204,0.0,12.029220303780983,0.0,13.228756555322953,0.0,9.192442832603986,0.0,2809.3698649574308,0.0,347.3325673571782,0.0,246.947498888685,0.0,4.452121890355891,0.0,13.024713879280135,0.0,9476.887330175843,0.0,3600.96888057804,0.0,12.029220250066233,0.0,10.120149320655829,0.0,8.164753692811225,0.0
Felle,303.5882352941177,0.0,16.046385568457804,0.0,345.55828287080027,0.0,205.0,0.0,140.23008536712888,0.0,12.521969877985345,0.0,14.317821063276353,0.0,9.968434911937727,0.0,779.3137431529575,0.0,144.98081473065366,0.0,115.98003249017236,0.0,4.513822196918863,0.0,12.1404345401494,0.0,10126.518639813416,0.0,3625.1921262251026,0.0,12.521969830280106,0.0,10.894314049409482,0.0,9.041753003900931,0.0
Ferse,296.7294117647059,0.0,15.776577327065041,0.0,291.98341992686477,0.0,142.0,0.0,89.19366504246628,0.0,10.537274722913423,0.0,11.916375287812984,0.0,7.568832684442587,0.0,763.5931160698439,0.0,82.64013263261029,0.0,53.21548624783831,0.0,4.644463822578783,0.0,12.300852268321098,0.0,6938.634526673164,0.0,1336.1490927146972,0.0,10.53727468522411,0.0,8.352476696974986,0.0,6.502634312668079,0.0
Feste,302.90588235294115,0.0,15.900647415602112,0.0,305.5520476606436,0.0,150.0,0.0,99.11817130361374,0.0,11.094059234271102,0.0,12.24744871391589,0.0,8.208073395595521,0.0,765.0399071736966,0.0,94.3550085778593,0.0,66.0488429701048,0.0,4.130470969772975,0.0,12.383547197012534,0.0,7636.910968558887,0.0,1662.3550583970477,0.0,11.09405918598519,0.0,8.977698154745672,0.0,7.220332410349897,0.0
Fette,305.25882352941176,0.0,15.982776677623866,0.0,309.533915021521,0.0,162.0,0.0,107.42263369477055,0.0,11.291154696685306,0.0,12.727922061357855,0.0,8.556526073473902,0.0,765.7889310185777,0.0,96.34369220959589,0.0,68.50364146582147,0.0,3.978195629927698,0.0,11.356038820531172,0.0,7318.624868311788,0.0,1767.6782557360998,0.0,11.291154662627322,0.0,9.398044399896056,0.0,7.604185861249818,0.0
Feßen,391.5450980392157,0.0,18.096424205127335,0.0,345.31639539780696,0.0,195.0,0.0,135.05970396025512,0.0,12.461078267209313,0.0,13.96424004376894,0.0,9.880484783960329,0.0,4065.4835926896053,0.0,2063.0994612080535,0.0,1315.8522908167238,0.0,4.858527011819174,0.0,24.25541270475449,0.0,7823.587141104093,0.0,2546.7751977194907,0.0,12.46107822523044,0.0,10.961891517962167,0.0,8.929667662603068,0.0
Ffscr,298.8941176470588,0.0,15.845185268521528,0.0,351.76568618543837,0.0,240.0,0.0,155.28220973123422,0.0,12.578625107822903,0.0,15.491933384829668,0.0,10.216882135412659,0.0,5641.497088880464,0.0,2790.0773513910585,0.0,2179.982194467402,0.0,7.95258360538043,0.0,37.36048554517225,0.0,14640.980814950957,0.0,6124.259589519623,0.0,12.57862522422976,0.0,11.395138586235571,0.0,9.136267847350664,0.0
Ffspr,338.69803921568626,0.0,16.905719976842438,0.0,360.13678631860694,0.0,243.0,0.0,162.17248244296792,0.0,12.924545157461047,0.0,15.588457268119896,0.0,10.643120419389273,0.0,5671.343612397573,0.0,2825.6338973774286,0.0,2211.3963477235525,0.0,4.510509908559064,0.0,41.048104190480785,0.0,14608.019844908791,0.0,6000.38352785692,0.0,12.92454530025994,0.0,11.947177893858303,0.0,9.652638642422405,0.0
Fgzns,361.5019607843137,0.0,17.492554575880494,0.0,335.8201544205459,0.0,198.0,0.0,129.97536747177622,0.0,12.066799134995556,0.0,14.071247279470288,0.0,9.42974429920823,0.0,76621.57701742444,0.0,9834.870584156262,0.0,7103.2379347718315,0.0,7.004144981914553,0.0,50.57394083160735,0.0,8002.682162321118,0.0,1795.849739460998,0.0,12.066799114295273,0.0,10.319950949438118,0.0,8.29887037232196,0.0
Fhlkx,371.18823529411765,0.0,17.843349707849608,0.0,385.83268062800175,0.0,281.0,0.0,190.00444174221957,0.0,13.774797146971325,0.0,16.76305461424021,0.0,11.553317415047353,0.0,823.9823179333332,0.0,303.04194872566586,0.0,222.42429110469368,0.0,3.9712910076193313,0.0,65.76136424026102,0.0,9907.552233795293,0.0,3671.463404817432,0.0,13.774797054891202,0.0,12.369657014463538,0.0,10.479561144073822,0.0
Fhrhn,374.75686274509803,0.0,17.911649119044935,0.0,341.0078838891121,0.0,214.0,0.0,140.44007248631726,0.0,12.315890307342254,0.0,14.628738838327793,0.0,9.763758085918251,0.0,801.4163844438181,0.0,242.66597133169867,0.0,171.68311275202507,0.0,3.8745611856887487,0.0,18.771516062175202,0.0,7840.995175465161,0.0,1703.8055064919872,0.0,12.315890219363393,0.0,10.805536548062658,0.0,8.692330365443656,0.0
Fhrsm,372.47843137254904,0.0,17.798817615131966,0.0,406.82752672874517,0.0,290.0,0.0,205.4687821567095,0.0,14.475585682557663,0.0,17.029386365926403,0.0,12.352036699787233,0.0,4378.943639670208,0.0,461.45337217171095,0.0,340.48635114951395,0.0,6.960872553853997,0.0,17.59712162934004,0.0,7448.634593093547,0.0,1708.582359291406,0.0,14.475585606737383,0.0,12.94773150881492,0.0,11.358636543671077,0.0
Fiene,314.38039215686274,0.0,16.306396826712017,0.0,296.56890863451343,0.0,149.0,0.0,92.45792738859318,0.0,10.667025782681858,0.0,12.206555615733702,0.0,7.648468554043799,0.0,764.1854545811908,0.0,78.61872631847054,0.0,50.46767391550392,0.0,3.561420396626716,0.0,12.634467618129657,0.0,8302.06310371613,0.0,2635.896126686146,0.0,10.667025773539397,0.0,8.884788209736103,0.0,6.5813944379364795,0.0
Figur,337.45490196078435,0.0,16.92229203461307,0.0,348.8035047722589,0.0,248.0,0.0,158.64743574919675,0.0,12.502902957697565,0.0,15.748015748023622,0.0,10.238200246985636,0.0,1777.8562795985763,0.0,239.63045798889323,0.0,163.28692786482094,0.0,5.784021577219373,0.0,15.062178770549757,0.0,8502.68605937296,0.0,2651.112468523027,0.0,12.502902945424925,0.0,11.921666124799648,0.0,9.139739287661678,0.0
Filet,285.52156862745096,0.0,15.564611523335776,0.0,326.60355038455543,0.0,206.0,0.0,131.59199810345672,0.0,11.79541820522635,0.0,14.352700094407323,0.0,9.292851230284118,0.0,770.3167032758793,0.0,106.63439908721216,0.0,76.51629130421956,0.0,3.4263814218156114,0.0,13.286224301895878,0.0,10488.496857420772,0.0,4248.389683810047,0.0,11.795418198880972,0.0,10.863502048294942,0.0,8.270037723555726,0.0
Final,317.0392156862745,0.0,16.45821150291439,0.0,343.0660875610222,0.0,230.0,0.0,147.44537177910735,0.0,12.324805067784212,0.0,15.165750888103101,0.0,9.873577109997179,0.0,858.162642676479,0.0,310.1231371659841,0.0,233.59641265510643,0.0,3.6923870276519293,0.0,16.62503647550368,0.0,8861.309562118548,0.0,3233.152570089545,0.0,12.324805064919795,0.0,11.337472706659863,0.0,8.767166467285675,0.0
Finne,325.5019607843137,0.0,16.651793594432178,0.0,303.18568764820657,0.0,168.0,0.0,103.7841198287523,0.0,10.920492693440957,0.0,12.96148139681572,0.0,8.082856103439402,0.0,764.2502135007084,0.0,80.51005667830624,0.0,51.3123960389408,0.0,3.3293573703648667,0.0,12.372055088688448,0.0,8313.187580277923,0.0,2666.437329709747,0.0,10.920492684082937,0.0,9.562041022757462,0.0,6.999080386402755,0.0
Finte,305.92941176470583,0.0,16.101563465103666,0.0,324.92489943214656,0.0,202.0,0.0,129.9546534014617,0.0,11.772798450075097,0.0,14.212670403551895,0.0,9.258401961495125,0.0,765.8630207730871,0.0,98.36005711199923,0.0,67.61055066896294,0.0,3.299125578238498,0.0,12.219762965076377,0.0,8583.80404776201,0.0,2914.535822375822,0.0,11.772798420351306,0.0,10.756312317578969,0.0,8.273774704991947,0.0
Firma,348.27450980392155,0.0,17.22772637175385,0.0,406.9920633173755,0.0,318.0,0.0,217.7310518150858,0.0,14.447897699383201,0.0,17.832554500127006,0.0,12.493026116378571,0.0,7899.262586063829,0.0,653.7099390870432,0.0,498.4528404975365,0.0,8.479901628880015,0.0,16.44627430900986,0.0,8317.76553475243,0.0,3008.102058235969,0.0,14.447897681787708,0.0,13.631466872759882,0.0,11.509177470333817,0.0
First,269.3764705882353,0.0,15.101373199499866,0.0,321.80453415424165,0.0,217.0,0.0,134.88035693923678,0.0,11.628450637788418,0.0,14.730919862656235,0.0,9.243845288463797,0.0,764.9815828979815,0.0,93.49669847195634,0.0,59.491635028420696,0.0,4.562179448969811,0.0,11.867002678620294,0.0,8303.518349025275,0.0,2735.843438808261,0.0,11.628450630966888,0.0,10.715203938299446,0.0,8.128318914391375,0.0
Fisir,258.92549019607844,0.0,14.848535812098376,0.0,346.53147690065634,0.0,247.0,0.0,157.94909506269497,0.0,12.479648288329722,0.0,15.716233645501712,0.0,10.184691960192037,0.0,770.7345028573458,0.0,133.8101698935584,0.0,87.38749888007551,0.0,6.633748353887002,0.0,14.841567925369535,0.0,8774.200827760194,0.0,2621.701562620196,0.0,12.479648266379888,0.0,11.626533153626138,0.0,9.145593810068165,0.0
Fitis,265.10196078431375,0.0,14.980294117326247,0.0,344.3129210766941,0.0,241.0,0.0,155.2752305815954,0.0,12.43898466377059,0.0,15.524174696260024,0.0,10.14716318348505,0.0,771.3370722462616,0.0,129.74996856247276,0.0,86.68764225635084,0.0,5.6098926636574316,0.0,13.878394341324107,0.0,8474.627529291427,0.0,2686.3246596486147,0.0,12.43898465018525,0.0,11.412598841313349,0.0,9.147822579682154,0.0
Fjerd,332.2901960784314,0.0,16.768104689296383,0.0,368.2200136044603,0.0,258.0,0.0,172.1155697200389,0.0,13.182762937775374,0.0,16.06237840420901,0.0,10.930294941521375,0.0,10071.537026183223,0.0,2838.1390798069133,0.0,2112.150429019398,0.0,5.277324777356798,0.0,159.46226290255007,0.0,8643.74462559905,0.0,2063.6119531761115,0.0,13.182762926952087,0.0,12.099256212601134,0.0,9.919461400373136,0.0
Fjqrf,342.47843137254904,0.0,17.018602120822575,0.0,410.5961756712992,0.0,318.0,0.0,216.58564534987093,0.0,14.436207351038039,0.0,17.832554500127006,0.0,12.413844296137606,0.0,28921990.553312913,0.0,232755.5588273673,0.0,229642.9530847604,0.0,4.793253045753304,0.0,373.6743151232402,0.0,8778.58854639149,0.0,2157.7543451361084,0.0,14.436207340331855,0.0,13.600883181927719,0.0,11.36020503585442,0.0
Fkckt,358.678431372549,0.0,17.48283015560993,0.0,360.0557749020495,0.0,246.0,0.0,165.16090916940448,0.0,12.979530648534183,0.0,15.684387141358123,0.0,10.719491183594446,0.0,1380.2074824361819,0.0,1411.2067386252957,0.0,1123.111106109587,0.0,4.26839037660413,0.0,45.4891798246044,0.0,8301.645935278833,0.0,3681.947648106802,0.0,12.979530598962926,0.0,11.782982126897872,0.0,9.703198156514258,0.0
Fkhrt,355.28627450980395,0.0,17.422496251248262,0.0,373.264383162775,0.0,278.0,0.0,185.895244820274,0.0,13.431726144787529,0.0,16.673332000533065,0.0,11.342364279479831,0.0,1373.7532586746308,0.0,1405.541482397603,0.0,1118.841849924155,0.0,7.888060347383606,0.0,44.88965537693352,0.0,8326.025446963495,0.0,3831.550959515518,0.0,13.431726106873201,0.0,12.703490370646122,0.0,10.329518513112959,0.0
Flash,342.06666666666666,0.0,17.03191522118107,0.0,352.32646236805374,0.0,237.0,0.0,155.83696146377457,0.0,12.6687423981457,0.0,15.394804318340652,0.0,10.306415318737088,0.0,830.1647001860744,0.0,364.5657328168558,0.0,254.5524574570372,0.0,5.145910769310861,0.0,20.235699027921125,0.0,7977.731881516854,0.0,3021.77889781429,0.0,12.668742397481468,0.0,11.609169911272868,0.0,9.240640016255487,0.0
Fldfl,346.6745098039215,0.0,17.174534764224354,0.0,426.6884408238716,0.0,339.0,0.0,234.1794629529597,0.0,14.953107754266425,0.0,18.411952639521967,0.0,12.9983529914603,0.0,1284.0057678904598,0.0,706.7998178577883,0.0,518.5007521306742,0.0,5.150346454563248,0.0,22.259854927328504,0.0,8585.602040232056,0.0,3362.2973618420137,0.0,14.953107758487658,0.0,14.422985920631668,0.0,12.019906862512226,0.0
Fleck,329.69019607843137,0.0,16.741767129793075,0.0,351.9521912740042,0.0,226.0,0.0,150.46329028035163,0.0,12.654035438420575,0.0,15.033296378372908,0.0,10.198537227164032,0.0,835.6651341842294,0.0,291.8435902967915,0.0,242.35262598823292,0.0,5.623378505730307,0.0,18.31506474835115,0.0,8073.947655172822,0.0,3447.9221874785317,0.0,12.65403546077752,0.0,11.484149310159376,0.0,9.125617966871966,0.0
Flegs,340.8588235294118,0.0,16.913930978052807,0.0,345.8615604159641,0.0,209.0,0.0,138.39048655575144,0.0,12.372013432433366,0.0,14.45683229480096,0.0,9.77370204707533,0.0,2810.952246920318,0.0,360.6425475828268,0.0,256.46774451482844,0.0,5.15070792531505,0.0,15.958348897722741,0.0,7977.43667984301,0.0,2954.3246852883367,0.0,12.372013465284793,0.0,11.022910250040997,0.0,8.702198687914596,0.0
Flert,289.7960784313725,0.0,15.681179564730781,0.0,340.942157316253,0.0,233.0,0.0,150.28857666675145,0.0,12.313172390531482,0.0,15.264337522473747,0.0,9.98264088863775,0.0,775.9892760531377,0.0,151.70493737772702,0.0,108.96587847551685,0.0,5.153778369971661,0.0,17.056185342270723,0.0,7978.378084313466,0.0,2901.856137032293,0.0,12.313172425670663,0.0,11.47844468146614,0.0,8.96852044612019,0.0
Flfvd,350.39607843137253,0.0,17.245616485535297,0.0,400.74844428880124,0.0,300.0,0.0,204.7953700345986,0.0,14.19154780972128,0.0,17.320508075688775,0.0,12.083495531276382,0.0,1398.928733476961,0.0,878.8635304999779,0.0,648.580555883561,0.0,6.46698436586896,0.0,40.938713435531255,0.0,10493.332249950396,0.0,6579.715837850205,0.0,14.191547786087293,0.0,12.968801178751162,0.0,11.04745214867517,0.0
Flich,310.6862745098039,0.0,16.289198662904962,0.0,361.39668118971633,0.0,245.0,0.0,160.78478617339982,0.0,12.91016314227578,0.0,15.652475842498529,0.0,10.46277938098487,0.0,833.2892364724968,0.0,365.45668846645054,0.0,255.11218385725334,0.0,6.698067822459547,0.0,16.676946586094296,0.0,8281.226096310578,0.0,3518.1607637309044,0.0,12.910163161665716,0.0,11.629969905430226,0.0,9.391009258517574,0.0
Flirt,270.8941176470588,0.0,15.221324001034958,0.0,358.76429812267907,0.0,266.0,0.0,171.75322985855917,0.0,12.889434202152353,0.0,16.30950643030009,0.0,10.678925306072319,0.0,779.1714901386057,0.0,155.92871750989966,0.0,111.70313048171046,0.0,5.927419395210676,0.0,17.008666415228035,0.0,8242.233546369662,0.0,3249.2148847888866,0.0,12.889434257636797,0.0,12.112985432334654,0.0,9.61618901155013,0.0
Fllms,340.4823529411765,0.0,17.043592479234874,0.0,428.68833127788025,0.0,332.0,0.0,232.9266599654304,0.0,15.075525926580507,0.0,18.2208671582886,0.0,13.093764505580252,0.0,7900.518813087314,0.0,658.7519518294162,0.0,504.09960145052827,0.0,5.803612794234267,0.0,16.636555194718746,0.0,10262.889851703809,0.0,4650.973340872358,0.0,15.07552593682307,0.0,14.174550654978221,0.0,12.156389873332563,0.0
Flora,313.21176470588233,0.0,16.310938204573578,0.0,352.1910658614453,0.0,246.0,0.0,160.56092583591047,0.0,12.680346732785846,0.0,15.684387141358123,0.0,10.40215021385843,0.0,792.4184042438578,0.0,238.2272004114914,0.0,180.37066365251732,0.0,3.6748393765992042,0.0,21.440639398248337,0.0,8036.927273579028,0.0,2889.3467938101326,0.0,12.68034674561616,0.0,11.719901799360324,0.0,9.338625270902066,0.0
Flshb,358.79999999999995,0.0,17.455698855382337,0.0,350.6859621591842,0.0,218.0,0.0,145.55446223474593,0.0,12.602139563244164,0.0,14.7648230602334,0.0,10.056585670129886,0.0,830.262614561851,0.0,302.1852286288602,0.0,231.72262181957197,0.0,8.371699310720873,0.0,24.55958982583225,0.0,8692.056962706962,0.0,2972.980445107821,0.0,12.602139593540706,0.0,11.357709086403695,0.0,9.020345261627606,0.0
Fluch,339.6235294117647,0.0,17.021584777204687,0.0,352.6929645287442,0.0,237.0,0.0,154.5610159554396,0.0,12.658900658342025,0.0,15.394804318340652,0.0,10.223045828229875,0.0,830.6116405865313,0.0,366.1077348825382,0.0,255.02693336816847,0.0,5.238928339601696,0.0,16.870415115540002,0.0,8402.460551093,0.0,3292.83433106068,0.0,12.658900664944122,0.0,11.672766795615397,0.0,9.155707545572614,0.0
Flude,352.49411764705883,0.0,17.30317401040325,0.0,336.9453719998735,0.0,207.0,0.0,135.54883816301233,0.0,12.160544585004038,0.0,14.38749456993816,0.0,9.595418606354107,0.0,794.6305415063136,0.0,203.74260722707214,0.0,146.34960721261015,0.0,4.665720768813105,0.0,15.81869068461496,0.0,8555.31777328416,0.0,3560.3877418009292,0.0,12.160544588855926,0.0,11.233086884575158,0.0,8.575141118048776,0.0
Fluhu,360.99607843137255,0.0,17.58182452515148,0.0,342.55488452218253,0.0,231.0,0.0,148.88474703750137,0.0,12.379289003352032,0.0,15.198684153570664,0.0,9.934036752057827,0.0,777.5243037475582,0.0,159.50175825167392,0.0,110.78282495499764,0.0,5.27547726003167,0.0,22.68194325031855,0.0,8737.483803198806,0.0,3046.974105134295,0.0,12.379289026093394,0.0,11.643628636057498,0.0,8.883419875516385,0.0
Fluid,333.5921568627451,0.0,16.887544008453307,0.0,381.0301411749342,0.0,289.0,0.0,192.40036880688618,0.0,13.634056108206638,0.0,17.0,0.0,11.531414492542446,0.0,1041.0442478620948,0.0,658.540601776006,0.0,485.5254490188229,0.0,5.4195110034573215,0.0,19.015348100159688,0.0,8501.26508291342,0.0,2963.549107632911,0.0,13.634056103754201,0.0,13.184136523610588,0.0,10.539446723360122,0.0
Fluss,301.30196078431374,0.0,15.961770938335423,0.0,330.7073283511413,0.0,216.0,0.0,137.46539807070118,0.0,11.951415566935802,0.0,14.696938456699069,0.0,9.49361274993953,0.0,775.6265531671643,0.0,149.22538215933844,0.0,105.79100160543086,0.0,4.913317752467392,0.0,15.569337192622479,0.0,8348.600328789258,0.0,3052.253762999631,0.0,11.951415585375548,0.0,10.86921776952501,0.0,8.397115461369733,0.0
Flyer,309.68627450980387,0.0,16.217389957210173,0.0,342.0339214656623,0.0,226.0,0.0,147.3308481081237,0.0,12.329498835879496,0.0,15.033296378372908,0.0,9.97884966173278,0.0,55153.12874840459,0.0,2588.1822371033486,0.0,1770.4617380164657,0.0,5.133248969671301,0.0,28.87276037667636,0.0,8048.393407525055,0.0,2905.067716727455,0.0,12.329498879903786,0.0,11.411730621296805,0.0,8.968686276361987,0.0
Flöte,318.72549019607845,0.0,16.368129026487985,0.0,345.30862981298367,0.0,214.0,0.0,144.56155759744797,0.0,12.497430003444274,0.0,14.628738838327793,0.0,10.06545778171637,0.0,831.0653369432509,0.0,346.7103225432032,0.0,304.81899500288995,0.0,3.2007013946662157,0.0,33.23014007716165,0.0,9302.578722126911,0.0,5068.822474317101,0.0,12.497430010968667,0.0,11.406318452103136,0.0,9.133853223544163,0.0
Flöße,385.4392156862745,0.0,17.942273619083743,0.0,384.1022349281967,0.0,252.0,0.0,176.6996321114918,0.0,13.685747408151585,0.0,15.874507866387544,0.0,11.380808818675755,0.0,1285.396339472318,0.0,673.4486823478911,0.0,515.5716610474146,0.0,7.456101633871821,0.0,33.888012758661475,0.0,9071.630037670104,0.0,5027.330154172898,0.0,13.685747431068139,0.0,12.544528906132646,0.0,10.447752881125638,0.0
Fnlls,303.90588235294115,0.0,16.112521488334277,0.0,371.99283905962784,0.0,258.0,0.0,174.02687875489312,0.0,13.345849394853204,0.0,16.06237840420901,0.0,11.029513161709367,0.0,782.0103132356282,0.0,163.10669143439435,0.0,126.49003250471226,0.0,6.548257304284363,0.0,18.21504989161843,0.0,11987.657897740095,0.0,3888.369010017263,0.0,13.345849354224118,0.0,11.851231885738436,0.0,9.999342141373525,0.0
Fnrmt,357.9019607843137,0.0,17.468742227684885,0.0,400.76201703598974,0.0,302.0,0.0,209.29855336264706,0.0,14.31163537283792,0.0,17.378147196982766,0.0,12.317074809267398,0.0,7899.036010479145,0.0,648.1987108721346,0.0,495.25077357583785,0.0,4.1174638710678995,0.0,18.919129005425596,0.0,9469.592673120878,0.0,2347.2765929044544,0.0,14.311635349998413,0.0,13.231704684752216,0.0,11.360555214205233,0.0
Fnyfr,343.5960784313725,0.0,17.06976840686634,0.0,393.1163485778144,0.0,292.0,0.0,198.5298737739166,0.0,13.973204261229682,0.0,17.08800749063506,0.0,11.846917329751216,0.0,55160.43365210122,0.0,2646.0173088173974,0.0,1814.817124218548,0.0,5.230845943150535,0.0,32.87831576752822,0.0,9520.44954172969,0.0,1871.5874335642018,0.0,13.973204245051297,0.0,12.759046692434199,0.0,10.818069215722138,0.0
Folge,354.6823529411764,0.0,17.270009429135524,0.0,343.87550189362594,0.0,187.0,0.0,128.61267536087018,0.0,12.355423296555577,0.0,13.674794331177344,0.0,9.599560425496431,0.0,2810.618056352163,0.0,352.9493363235586,0.0,251.4992471873712,0.0,4.393516707294102,0.0,13.11801759555452,0.0,9409.550679995196,0.0,3541.7668124668107,0.0,12.355423244523136,0.0,10.511488340958987,0.0,8.598021850414172,0.0
Folie,296.9921568627451,0.0,15.868545438475099,0.0,344.5845152673941,0.0,210.0,0.0,141.80768811129872,0.0,12.477629754357595,0.0,14.491376746189438,0.0,9.951242391570107,0.0,779.2882925327385,0.0,149.13369249562703,0.0,106.96394920910824,0.0,5.513011865651261,0.0,13.858905894014237,0.0,9523.930453090281,0.0,3456.2830088277606,0.0,12.477629698743602,0.0,10.95549431867688,0.0,9.059686305723327,0.0
Folve,310.32941176470587,0.0,16.212603258618785,0.0,331.02323064544123,0.0,188.0,0.0,126.22142366850346,0.0,12.012606844431193,0.0,13.711309200802088,0.0,9.36143375399399,0.0,775.0438585084886,0.0,132.57358330511278,0.0,97.77472995034218,0.0,3.7180871004066103,0.0,35.37731273171559,0.0,9398.74707472571,0.0,3488.0773769477833,0.0,12.012606787688663,0.0,9.80386267284074,0.0,8.403866159545165,0.0
Fongt,366.6392156862745,0.0,17.567532791527437,0.0,334.39269617020966,0.0,194.0,0.0,128.72240456690156,0.0,12.043120845628064,0.0,13.92838827718412,0.0,9.413193302875607,0.0,2809.0882506875914,0.0,347.2173388541119,0.0,245.6590782647745,0.0,4.608757537329062,0.0,12.54363351247449,0.0,6850.881318306761,0.0,1205.652792250231,0.0,12.04312081061337,0.0,10.74826223792011,0.0,8.32712605949378,0.0
Forst,291.29803921568623,0.0,15.658145858260797,0.0,312.6883332273166,0.0,186.0,0.0,118.37755140295069,0.0,11.35172259489588,0.0,13.638181696985855,0.0,8.788752630252029,0.0,768.5548901926303,0.0,107.3601345010337,0.0,73.47399256011417,0.0,5.739111693509036,0.0,12.4838302846898,0.0,6842.0277577077395,0.0,1168.8466556502221,0.0,11.35172256980994,0.0,9.844020736520612,0.0,7.708539175317019,0.0
Forum,368.2862745098039,0.0,17.706286230818097,0.0,380.8084952138058,0.0,260.0,0.0,182.30356661032204,0.0,13.729948443512361,0.0,16.1245154965971,0.0,11.581692513695625,0.0,4373.329248879695,0.0,409.418733812524,0.0,304.09969440231123,0.0,8.992282250767834,0.0,13.396263695507852,0.0,7087.44445218207,0.0,850.9255976741356,0.0,13.729948421697669,0.0,12.237273830842424,0.0,10.634155954855947,0.0
Fotos,308.9450980392157,0.0,16.082951540609493,0.0,305.4899632366629,0.0,153.0,0.0,100.53520520200075,0.0,11.09782471740451,0.0,12.36931687685298,0.0,8.27381715180361,0.0,773.8114950129212,0.0,132.8632043267878,0.0,97.72054767934574,0.0,4.121971259110811,0.0,16.101242120871976,0.0,6866.515513459975,0.0,1146.384829708812,0.0,11.097824688882335,0.0,8.956992651048042,0.0,7.225373322834826,0.0
Fotto,311.29803921568623,0.0,16.164154551014924,0.0,328.4389543011157,0.0,187.0,0.0,127.17576579537314,0.0,12.004694700590047,0.0,13.674794331177344,0.0,9.45237777976245,0.0,814.8183352161059,0.0,342.18618587226973,0.0,231.17686391409586,0.0,3.8658178910313734,0.0,15.808028372776999,0.0,7231.050914056052,0.0,1697.659851059268,0.0,12.004694668973046,0.0,10.258902038225283,0.0,8.503215687571423,0.0
Fouls,315.12549019607843,0.0,16.338613651102243,0.0,344.9469163686367,0.0,220.0,0.0,147.13872700523285,0.0,12.524134647496263,0.0,14.832396974191326,0.0,10.099108939278235,0.0,778.7607082850848,0.0,151.82243733370998,0.0,116.60263111873107,0.0,5.3719824544090775,0.0,15.373120755097824,0.0,8100.409200079803,0.0,1408.6371687754893,0.0,12.524134604752124,0.0,11.132735070216677,0.0,9.093626585785094,0.0
Foval,322.27450980392155,0.0,16.536088247613822,0.0,338.74371595057687,0.0,206.0,0.0,136.30556780044066,0.0,12.240974793192825,0.0,14.352700094407323,0.0,9.661883454115122,0.0,861.6972146203905,0.0,316.530330768759,0.0,238.77228482373863,0.0,3.423190428926369,0.0,21.238063044777668,0.0,7608.777339175269,0.0,2264.2151584655217,0.0,12.240974767412066,0.0,10.424045130390377,0.0,8.58868967992292,0.0
Foyer,321.9921568627451,0.0,16.478430439286587,0.0,321.10861930812774,0.0,182.0,0.0,119.7755347990808,0.0,11.645060415546096,0.0,13.490737563232042,0.0,9.041474473719832,0.0,55153.03583640621,0.0,2586.4104690090694,0.0,1768.990219752585,0.0,5.627374007600734,0.0,27.802009981561977,0.0,6907.696584521559,0.0,959.1872959715558,0.0,11.64506038344743,0.0,10.021235989212157,0.0,8.039923121402932,0.0
Fpnds,380.5294117647059,0.0,17.95810451795343,0.0,344.5240255532527,0.0,209.0,0.0,139.84886246789705,0.0,12.41849794564708,0.0,14.45683229480096,0.0,9.896906087159508,0.0,1604.5159561841056,0.0,1151.1486365823107,0.0,933.8516881298638,0.0,4.454321160382835,0.0,22.949261474686278,0.0,8926.54282857029,0.0,2786.023802741669,0.0,12.418497897099597,0.0,10.973567489771014,0.0,8.855855822020741,0.0
Frage,358.2666666666667,0.0,17.348852958104686,0.0,341.5226482123928,0.0,204.0,0.0,135.5266679503368,0.0,12.261253961641254,0.0,14.2828568570857,0.0,9.668097739441933,0.0,2808.3364393925553,0.0,348.9599384618565,0.0,246.88593295702984,0.0,5.737947243583002,0.0,12.585600162955943,0.0,7894.414378928859,0.0,1729.3229969716176,0.0,12.261253910389877,0.0,10.548899408217148,0.0,8.598134707224842,0.0
Franc,319.2627450980392,0.0,16.46007320749684,0.0,318.78415277179766,0.0,194.0,0.0,122.75061225657691,0.0,11.518583500695087,0.0,13.92838827718412,0.0,8.926418120255859,0.0,776.1436965925205,0.0,131.52155305997337,0.0,85.11755865794855,0.0,3.405691852096953,0.0,57.01244366174071,0.0,7875.034325913341,0.0,1563.0256763098291,0.0,11.518583450883307,0.0,9.630382177623652,0.0,7.775437245987811,0.0
Frdkv,359.7058823529412,0.0,17.534926096735997,0.0,373.6757088296072,0.0,282.0,0.0,187.50104781109638,0.0,13.434115304608175,0.0,16.792855623746664,0.0,11.372259206343571,0.0,830.9170212659508,0.0,344.5258043008021,0.0,251.08119435777277,0.0,5.120201020447885,0.0,74.94713686952868,0.0,8044.229947868924,0.0,1492.595076166226,0.0,13.434115273268903,0.0,12.135691634703898,0.0,10.352197060351422,0.0
Fregt,337.8705882352941,0.0,16.844903009545636,0.0,341.8344749520784,0.0,210.0,0.0,139.01761303949945,0.0,12.298236039412586,0.0,14.491376746189438,0.0,9.770134231163748,0.0,2808.2596291263108,0.0,347.4063187747487,0.0,245.90498576427044,0.0,5.197860343853148,0.0,14.003389216747204,0.0,7875.654256266749,0.0,1625.0055834656234,0.0,12.298235993468852,0.0,10.780428515572476,0.0,8.716588025653532,0.0
Frfhb,377.7647058823529,0.0,17.899145022635306,0.0,380.64764852179155,0.0,257.0,0.0,176.40492182579976,0.0,13.59490752702798,0.0,16.0312195418814,0.0,11.2470839597904,0.0,1246.7866725569945,0.0,653.5045715734612,0.0,485.562242961554,0.0,8.536193085159914,0.0,28.67121516408523,0.0,10704.672458698771,0.0,6118.345460629688,0.0,13.594907462384365,0.0,11.968479094766977,0.0,10.23282878450813,0.0
Frimm,384.0274509803922,0.0,18.1233328655657,0.0,485.7459931377218,0.0,395.0,0.0,288.57161435461535,0.0,16.6985882173405,0.0,19.87460691435179,0.0,14.868412346159747,0.0,8996.31864132842,0.0,758.2685366779506,0.0,576.7581814205629,0.0,13.467521956095082,0.0,17.572408383422506,0.0,8157.419186605188,0.0,2519.8016656411805,0.0,16.698588195369833,0.0,15.353904407192255,0.0,13.931098228453395,0.0
Frinz,299.98823529411766,0.0,16.06970255648027,0.0,335.5997216032466,0.0,226.0,0.0,144.39941627827093,0.0,12.164780122695236,0.0,15.033296378372908,0.0,9.748023415716425,0.0,770.0484265422715,0.0,125.0982024386671,0.0,90.99346632868728,0.0,4.154729736623047,0.0,23.154307045862378,0.0,8153.714421651958,0.0,2056.2858511656236,0.0,12.164780097244186,0.0,10.42721723888824,0.0,8.641901582969338,0.0
Frost,291.2980392156863,0.0,15.658145858260797,0.0,323.1275801460705,0.0,201.0,0.0,130.02035192629438,0.0,11.753421638027314,0.0,14.177446878757825,0.0,9.307002257412414,0.0,778.71607491371,0.0,186.13756307848124,0.0,145.83141069797335,0.0,4.00956900722813,0.0,16.019278157469778,0.0,7917.203069815172,0.0,1628.7705350479166,0.0,11.753421592599768,0.0,10.18355350239134,0.0,8.263204827982529,0.0
Frqck,350.61960784313726,0.0,17.278294304014278,0.0,370.4477638522387,0.0,257.0,0.0,173.69021717859277,0.0,13.29859081385563,0.0,16.0312195418814,0.0,11.05688319280091,0.0,28921988.736598674,0.0,232736.66982236644,0.0,229632.25219032637,0.0,5.5538669345057965,0.0,338.0692328372675,0.0,8002.388719363719,0.0,2437.0891482905954,0.0,13.298590757746974,0.0,12.03555521203306,0.0,9.972513396706335,0.0
Frsst,277.4745098039216,0.0,15.264513328844599,0.0,323.1313998984955,0.0,202.0,0.0,129.2894182376171,0.0,11.712479018672054,0.0,14.212670403551895,0.0,9.21828214097432,0.0,765.7326270043699,0.0,108.62111341344315,0.0,74.9107945924215,0.0,4.598415203786199,0.0,13.150381429744877,0.0,8214.111821083266,0.0,1659.281644624064,0.0,11.712478976363855,0.0,10.013229626413167,0.0,8.145583475180963,0.0
Frzhq,362.09019607843135,0.0,17.604178403727925,0.0,355.5593002160141,0.0,245.0,0.0,162.08635741295404,0.0,12.833216585593204,0.0,15.652475842498529,0.0,10.55060587298901,0.0,28921991.27692297,0.0,232902.24799795335,0.0,229774.36412305132,0.0,8.261644152747659,0.0,338.674562088745,0.0,9080.373279599364,0.0,1843.0372239004448,0.0,12.833216545343896,0.0,11.507264007814998,0.0,9.498000069468105,0.0
Fröhö,364.18823529411765,0.0,17.512738484520927,0.0,346.98421528610334,0.0,206.0,0.0,140.629533273057,0.0,12.541939914967584,0.0,14.352700094407323,0.0,10.007961221526042,0.0,1648.4661719827006,0.0,1710.0350448867318,0.0,1442.5280717271582,0.0,6.461726056909222,0.0,933.3396631834314,0.0,9772.377823690691,0.0,4717.166364990784,0.0,12.538886783043116,0.0,10.934723022987674,0.0,9.028179160285749,0.0
Fröss,300.2274509803922,0.0,15.845864645845975,0.0,329.91356800763526,0.0,200.0,0.0,131.17119156395643,0.0,11.959050414003299,0.0,14.142135623730951,0.0,9.453005727064372,0.0,821.4574559786369,0.0,332.6231802483042,0.0,294.9433060681038,0.0,4.200162954522345,0.0,33.63450438070049,0.0,8928.522362697064,0.0,4301.36634648112,0.0,11.959050370395753,0.0,10.028138664308091,0.0,8.41709544090107,0.0
Frühe,356.89803921568625,0.0,17.39738719241039,0.0,329.6793490635566,0.0,200.0,0.0,130.5263032977669,0.0,11.963627779158326,0.0,14.142135623730951,0.0,9.38550804086714,0.0,799.534450328297,0.0,290.137465616323,0.0,232.8731025995158,0.0,4.846354515432806,0.0,25.58488634153111,0.0,8715.821419619164,0.0,3905.76682003109,0.0,11.963627734128696,0.0,10.570594883877893,0.0,8.39284634703962,0.0
Fsgsn,350.46274509803925,0.0,17.141396726573745,0.0,339.9856469532789,0.0,208.0,0.0,137.48817031444617,0.0,12.240031179016889,0.0,14.422205101855956,0.0,9.692431031493047,0.0,1777.531087637476,0.0,232.36094602231285,0.0,160.96590648243892,0.0,4.515282370214927,0.0,22.305009303485722,0.0,6987.02406022145,0.0,1241.8027555664307,0.0,12.240031124654427,0.0,10.670007267351371,0.0,8.57395958613251,0.0
Fshcg,366.8588235294118,0.0,17.55400958741779,0.0,358.24530322657637,0.0,231.0,0.0,153.76305087923785,0.0,12.781479622849888,0.0,15.198684153570664,0.0,10.317972189432698,0.0,4903.284209265172,0.0,609.0069351084591,0.0,437.86472991635975,0.0,6.499570038790571,0.0,26.09609330595171,0.0,7178.090636914048,0.0,1882.625353058703,0.0,12.781479573198224,0.0,11.531061569603727,0.0,9.19028994996545,0.0
Fslbt,322.29803921568623,0.0,16.505151410031072,0.0,337.12573621812965,0.0,208.0,0.0,136.9140234430896,0.0,12.182635394211353,0.0,14.422205101855956,0.0,9.638645194493524,0.0,772.1529444304172,0.0,117.6741505303551,0.0,86.05507912784515,0.0,4.1198109820990805,0.0,24.016081833229425,0.0,9736.645259012104,0.0,3633.434136379105,0.0,12.18263536028012,0.0,10.933354203184862,0.0,8.557693282665456,0.0
Ftgtn,355.16862745098035,0.0,17.2934844933229,0.0,366.55945071703326,0.0,255.0,0.0,171.98020383984536,0.0,13.18527634510303,0.0,15.968719422671311,0.0,10.952349347727433,0.0,1781.543996995133,0.0,246.95558215132166,0.0,175.05082581325158,0.0,4.495000283543333,0.0,17.118572009827773,0.0,7261.769150630546,0.0,2116.3556158347633,0.0,13.18527629652045,0.0,12.358003825002719,0.0,9.920200562389432,0.0
Ftlkk,360.72941176470584,0.0,17.584946027707492,0.0,388.93785210074384,0.0,292.0,0.0,198.86420779741064,0.0,13.926605523302642,0.0,17.08800749063506,0.0,11.864678561122096,0.0,852.6694804736117,0.0,323.35963745059377,0.0,266.2153661940029,0.0,8.541166750317858,0.0,20.042841810120425,0.0,9527.567014981876,0.0,3950.7106335189164,0.0,13.926605490488258,0.0,13.17599427159195,0.0,10.820662057259474,0.0
Fugen,382.1058823529412,0.0,17.959029368838923,0.0,329.2237049076419,0.0,182.0,0.0,121.20445651332761,0.0,11.87860929717392,0.0,13.490737563232042,0.0,9.136867059219231,0.0,1777.4553007122122,0.0,229.4606513104082,0.0,158.98862773613115,0.0,4.149232216622694,0.0,12.362712183725266,0.0,6928.3430890036525,0.0,1186.588886115051,0.0,11.878609274823969,0.0,10.247193319151005,0.0,8.08912489271903,0.0
Fuhre,345.61960784313726,0.0,17.14602055175619,0.0,332.16792729889596,0.0,203.0,0.0,133.0753691132819,0.0,12.045452306064774,0.0,14.247806848775006,0.0,9.478790786208712,0.0,769.1173278209205,0.0,118.70272508711425,0.0,80.91251063489744,0.0,4.733813956116705,0.0,14.732792675480754,0.0,7092.767670119942,0.0,1504.3606720740056,0.0,12.045452274966141,0.0,10.627782523672689,0.0,8.501562086701203,0.0
Funde,372.9019607843137,0.0,17.78772174795578,0.0,317.4834021963627,0.0,166.0,0.0,109.07656617690346,0.0,11.491560797185944,0.0,12.884098726725126,0.0,8.613641834463579,0.0,784.6012826739856,0.0,169.86899117348065,0.0,120.28146662945379,0.0,3.2097612487580895,0.0,12.934608826132061,0.0,7195.040422040872,0.0,2286.8633687188126,0.0,11.491560773685727,0.0,9.761446991119055,0.0,7.577216885123615,0.0
Funke,371.47058823529414,0.0,17.7953978905299,0.0,324.83153875713754,0.0,191.0,0.0,124.50423147615507,0.0,11.781523713949515,0.0,13.820274961085254,0.0,9.143961902102152,0.0,780.6152290560997,0.0,174.3867160810685,0.0,127.57552731340544,0.0,3.1180937930753894,0.0,13.682811292394781,0.0,6999.483694395883,0.0,1163.7955342971259,0.0,11.781523697108335,0.0,10.2388167079298,0.0,8.12772525812872,0.0
Furie,298.66666666666674,0.0,15.94152328204853,0.0,330.13951998427314,0.0,204.0,0.0,132.99764188683304,0.0,11.981888973363732,0.0,14.2828568570857,0.0,9.44367264154355,0.0,770.0390239933403,0.0,126.44416084234084,0.0,84.65793121935714,0.0,6.339213119714986,0.0,13.863485210456078,0.0,7144.772345431466,0.0,1136.8300410900597,0.0,11.981888957619553,0.0,10.444177207228188,0.0,8.500985941426949,0.0
Futul,324.49411764705883,0.0,16.6384841308177,0.0,338.95879733067744,0.0,218.0,0.0,143.36834786253445,0.0,12.311237087152055,0.0,14.7648230602334,0.0,9.881431539635011,0.0,858.8428033047543,0.0,314.2195944196999,0.0,236.47543831067534,0.0,4.124203351308774,0.0,17.38295383589266,0.0,7806.54484209371,0.0,2104.988953663719,0.0,12.311237082841242,0.0,10.716357974876646,0.0,8.883087069338638,0.0
Fvhrg,368.8078431372549,0.0,17.687827417586515,0.0,382.77371852326064,0.0,279.0,0.0,187.886376687455,0.0,13.637068378617238,0.0,16.703293088490067,0.0,11.4629696677899,0.0,4903.44738859318,0.0,612.8752890939926,0.0,440.88504845120457,0.0,5.753416596888585,0.0,98.66226479285166,0.0,7412.6185398647485,0.0,2122.7666537391815,0.0,13.637068340969407,0.0,12.491011332605144,0.0,10.397941739311069,0.0
Fxkns,352.74117647058824,0.0,17.334600698942342,0.0,343.35832891482426,0.0,233.0,0.0,153.0926209556016,0.0,12.485148014110278,0.0,15.264337522473747,0.0,10.203845709216827,0.0,860.7980702536196,0.0,472.9153137245426,0.0,377.8432607417555,0.0,4.4698516505082715,0.0,62.052599789218654,0.0,7527.929849878368,0.0,2291.842272447595,0.0,12.485147987009064,0.0,11.03240256398792,0.0,9.172324479084171,0.0
Fzchs,328.30588235294124,0.0,16.697803440990096,0.0,317.2405305740632,0.0,177.0,0.0,113.67439437171517,0.0,11.446535308317483,0.0,13.30413469565007,0.0,8.677598239041354,0.0,767.5180374012182,0.0,109.44788207015642,0.0,77.65090048893184,0.0,3.4862351108846807,0.0,32.372982154329854,0.0,7393.510716060152,0.0,1195.574228888076,0.0,11.446535275216117,0.0,9.575865762345758,0.0,7.5822780915871455,0.0
Fzhld,370.7450980392157,0.0,17.82589470705137,0.0,391.45120575480377,0.0,289.0,0.0,197.9107453677516,0.0,13.985129131168119,0.0,17.0,0.0,11.877861367126364,0.0,1040.0138248706342,0.0,655.0948343908623,0.0,486.1369713544695,0.0,5.1242490960778975,0.0,35.62283121113676,0.0,7883.7938131266155,0.0,1620.3161355247612,0.0,13.985129088638734,0.0,13.190147522705516,0.0,10.875597826503345,0.0
Fählt,355.70196078431377,0.0,17.357015141583076,0.0,367.3827401335709,0.0,253.0,0.0,170.13551098249752,0.0,13.201299377255841,0.0,15.905973720586866,0.0,10.880454719996692,0.0,782.0644721704564,0.0,159.41763445108984,0.0,123.69096652412287,0.0,6.7423469744956295,0.0,15.30776709044952,0.0,11044.046943980813,0.0,6345.945011955295,0.0,13.201299362354591,0.0,12.449187566738512,0.0,9.828023028358146,0.0
Fälle,326.8156862745098,0.0,16.632542690618532,0.0,363.8007699034144,0.0,228.0,0.0,156.26897473560797,0.0,13.06973978625949,0.0,15.0996688705415,0.0,10.534652800965004,0.0,784.1603876959879,0.0,163.42577841271682,0.0,129.7763359787486,0.0,5.416916811215093,0.0,14.170214912282104,0.0,12722.913450859698,0.0,7118.502294442465,0.0,13.069739768368917,0.0,11.608494725653014,0.0,9.540024655628832,0.0
Föhne,375.6352941176471,0.0,17.810116828305997,0.0,315.7929428313629,0.0,164.0,0.0,108.51392487468212,0.0,11.450488299124958,0.0,12.806248474865697,0.0,8.631056284088343,0.0,784.6630590534586,0.0,199.50485773962743,0.0,140.8130513679302,0.0,3.9615889916671163,0.0,15.71654140167665,0.0,10444.764834087999,0.0,8939.794262617912,0.0,11.450488288945493,0.0,9.848767002204132,0.0,7.647077246364617,0.0
Föten,339.1333333333333,0.0,16.879539744204017,0.0,307.9080879028012,0.0,153.0,0.0,101.34541737093991,0.0,11.194296011769328,0.0,12.36931687685298,0.0,8.325392322712787,0.0,782.3177142796661,0.0,195.0255430202891,0.0,138.00539004697146,0.0,3.0439945406064397,0.0,14.013073443112381,0.0,10358.498310448525,0.0,8908.218024924863,0.0,11.19429601941608,0.0,9.165122807618348,0.0,7.349079018610224,0.0
Fötus,327.24313725490197,0.0,16.566957567549412,0.0,316.1362411414381,0.0,179.0,0.0,116.30499605488889,0.0,11.487479636060124,0.0,13.379088160259652,0.0,8.853533520251604,0.0,783.2712479207138,0.0,205.2511734652651,0.0,143.4228848413151,0.0,4.298895371394896,0.0,17.10140481120202,0.0,10526.54510537984,0.0,8908.009080157914,0.0,11.487479627690451,0.0,9.640363826906817,0.0,7.841595276832873,0.0
Fülle,324.9019607843137,0.0,16.623935070378028,0.0,367.58831680379495,0.0,235.0,0.0,162.06595602481758,0.0,13.232799387500213,0.0,15.329709716755891,0.0,10.762903013083676,0.0,785.5498020708649,0.0,170.10294568495334,0.0,134.48317106910733,0.0,5.285506020047837,0.0,14.453143398630514,0.0,10288.312270979462,0.0,5570.307705829883,0.0,13.232799372766806,0.0,11.737348828991374,0.0,9.834513912779695,0.0
Fürst,309.5921568627451,0.0,16.15954479928051,0.0,325.5089141727325,0.0,204.0,0.0,130.76816128222126,0.0,11.798919957180475,0.0,14.2828568570857,0.0,9.276960943067715,0.0,770.3378349423241,0.0,124.53293663325529,0.0,88.11344289419002,0.0,7.154822192866578,0.0,14.301174313929359,0.0,7167.997250572706,0.0,4435.4499474200165,0.0,11.798919918776468,0.0,10.387976613084916,0.0,8.192872854974267,0.0
Gaban,394.9764705882353,0.0,18.224125190158208,0.0,326.1065813213378,0.0,186.0,0.0,119.84460769857967,0.0,11.760978284965908,0.0,13.638181696985855,0.0,8.913649097274185,0.0,769.820901106125,0.0,113.69503679290179,0.0,77.36030346698305,0.0,2.462222434769047,0.0,13.2109522677324,0.0,4655.687868447778,0.0,3170.906064056282,0.0,11.76097825818655,0.0,10.120951515131765,0.0,7.687663058662632,0.0
Gabel,362.6235294117647,0.0,17.45055342064139,0.0,338.21332321126096,0.0,204.0,0.0,135.3298358411551,0.0,12.231854918991878,0.0,14.2828568570857,0.0,9.661595126578122,0.0,860.915383569613,0.0,312.0936057586964,0.0,236.30662455687965,0.0,5.864627060863578,0.0,14.625813915668482,0.0,5381.219577002143,0.0,3468.7078586476873,0.0,12.231854899873843,0.0,10.94545869093796,0.0,8.64060180532944,0.0
Gaben,383.0313725490196,0.0,17.93111900677321,0.0,313.34237807045804,0.0,166.0,0.0,107.3427222592413,0.0,11.343825319916048,0.0,12.884098726725126,0.0,8.457457391934673,0.0,768.6522343011462,0.0,102.05501474137564,0.0,70.49163246618032,0.0,2.681120446996514,0.0,10.357783643915786,0.0,4496.693006481808,0.0,3044.912640653868,0.0,11.343825291414303,0.0,9.713750519363066,0.0,7.3586380086838155,0.0
Gagen,393.1411764705882,0.0,18.125888542300615,0.0,330.76571363115283,0.0,188.0,0.0,123.4242233140413,0.0,11.902276384863368,0.0,13.711309200802088,0.0,9.161880630097702,0.0,1777.451876532479,0.0,229.44674615117708,0.0,159.31171586370806,0.0,3.6091594141481456,0.0,10.520123273851135,0.0,4419.020516465027,0.0,3036.758898972578,0.0,11.902276352882021,0.0,10.380083286783288,0.0,8.039969529968234,0.0
Gamma,450.5725490196079,0.0,19.494480927188867,0.0,466.31139029327244,0.0,361.0,0.0,262.72945575281034,0.0,16.154873262391522,0.0,19.0,0.0,14.161010175513981,0.0,8568.433466337005,0.0,702.4384210071195,0.0,536.9879259369729,0.0,5.2078326334303755,0.0,16.43611866346739,0.0,4537.017273257181,0.0,3611.6799856933844,0.0,16.154873235645884,0.0,14.861818320469538,0.0,13.131438114726917,0.0
Garbe,357.28235294117644,0.0,17.30817578099497,0.0,311.6113263528167,0.0,167.0,0.0,106.3998096963985,0.0,11.246256935567976,0.0,12.922847983320086,0.0,8.34790517647953,0.0,766.2638073947736,0.0,95.43928985617694,0.0,65.28746228132488,0.0,3.2644184051176954,0.0,15.598396773724756,0.0,4955.615342880447,0.0,3211.759643365351,0.0,11.246256908637053,0.0,9.54821002761369,0.0,7.222460763469461,0.0
Garde,358.1882352941177,0.0,17.33413005000661,0.0,321.59370418725746,0.0,182.0,0.0,117.11745127256397,0.0,11.609167739344597,0.0,13.490737563232042,0.0,8.838004083755594,0.0,784.6250085621612,0.0,171.42316886262003,0.0,121.5113992983763,0.0,3.309499483666567,0.0,11.999859427577213,0.0,4844.750206961968,0.0,3601.827943149554,0.0,11.609167714122517,0.0,9.936713384887078,0.0,7.719540378004732,0.0
Garta,332.0980392156863,0.0,16.682908349208223,0.0,341.0625854356973,0.0,232.0,0.0,149.3327292229911,0.0,12.328594140963503,0.0,15.231546211727817,0.0,9.941836495011163,0.0,769.9329931428045,0.0,148.16124475427594,0.0,102.35139125281047,0.0,4.969904124483712,0.0,15.561806435550716,0.0,4996.434884538761,0.0,3246.2812439148793,0.0,12.328594110744028,0.0,11.021308140652263,0.0,8.781910867563642,0.0
Gasse,321.6235294117647,0.0,16.322340297028816,0.0,303.0843679993561,0.0,150.0,0.0,95.14689040012985,0.0,10.927194514220155,0.0,12.24744871391589,0.0,7.873686739331173,0.0,764.9231787265055,0.0,92.64848309420856,0.0,62.78716945999464,0.0,5.884345558971213,0.0,11.774661008659931,0.0,5056.709912948105,0.0,3120.1409367146935,0.0,10.927194475259867,0.0,8.551796414993255,0.0,6.712028366547126,0.0
Gbstd,370.2941176470588,0.0,17.600021407837108,0.0,374.2269270141701,0.0,249.0,0.0,171.2162132689794,0.0,13.439168278438283,0.0,15.7797338380595,0.0,11.085440169983547,0.0,1055.5034120718346,0.0,672.5802739912996,0.0,499.1378119015419,0.0,4.98458129749149,0.0,24.423543842276537,0.0,6597.254852539636,0.0,3782.8734430109125,0.0,13.439168152099798,0.0,11.909615010480534,0.0,10.034782081892084,0.0
Gdnrm,405.0627450980392,0.0,18.534194216312226,0.0,420.2157127924761,0.0,315.0,0.0,222.24023565140746,0.0,14.87809105546469,0.0,17.74823934929885,0.0,12.822821806330383,0.0,4564.195663429273,0.0,1613.9071104894526,0.0,1231.0012078479,0.0,4.761331516217884,0.0,29.731642416830915,0.0,4739.222585817616,0.0,3560.24258143648,0.0,14.878090949228914,0.0,13.743112015982373,0.0,11.817622080166345,0.0
Gdrkl,365.10980392156864,0.0,17.624983578321473,0.0,382.331341866267,0.0,287.0,0.0,191.71914443260943,0.0,13.678073116655558,0.0,16.941074346097416,0.0,11.56122010299915,0.0,1571.7791680999717,0.0,1599.1173555395837,0.0,1221.0746344470379,0.0,4.662162706460716,0.0,29.624956583702854,0.0,5600.424214567119,0.0,3896.099935564098,0.0,13.678073047591905,0.0,12.707101174540247,0.0,10.5075583721446,0.0
Gebet,351.51372549019607,0.0,17.114597127386805,0.0,303.82900721588493,0.0,161.0,0.0,103.60098398984232,0.0,11.038699979893428,0.0,12.68857754044952,0.0,8.292761386456686,0.0,768.2059063264148,0.0,98.36356805898568,0.0,68.58623185317818,0.0,4.64354078760462,0.0,12.47177026156221,0.0,4622.693272499543,0.0,3092.0548209197486,0.0,11.038699946051398,0.0,9.761566327374311,0.0,7.280473445992434,0.0
Gefte,336.3372549019608,0.0,16.705402736372164,0.0,347.38920154859824,0.0,211.0,0.0,143.81683548774197,0.0,12.585779852892317,0.0,14.52583904633395,0.0,10.100192662513786,0.0,1210.9689392046596,0.0,595.5243925450463,0.0,438.5256510497868,0.0,4.150964071609631,0.0,17.924472607948715,0.0,8497.655179980147,0.0,6758.599087951915,0.0,12.585779755416983,0.0,10.79916324159354,0.0,9.134347745966108,0.0
Gehör,359.01176470588234,0.0,17.345352057118653,0.0,327.164009267824,0.0,196.0,0.0,127.90734226273398,0.0,11.860594904120246,0.0,14.0,0.0,9.31331643598915,0.0,793.7746190314014,0.0,241.93722882416387,0.0,202.65310843981896,0.0,4.3987031919350175,0.0,21.530333173082738,0.0,4774.288540120783,0.0,3622.7181357135883,0.0,11.86059485702213,0.0,10.70256867923334,0.0,8.245261518344801,0.0
Gelee,322.0,0.0,16.392654087589694,0.0,301.7911593205532,0.0,144.0,0.0,93.8195984034747,0.0,10.933149694274631,0.0,12.0,0.0,7.95780771083065,0.0,769.7270429128135,0.0,103.52213548835685,0.0,77.54251597594828,0.0,3.801550551089424,0.0,12.773149204370336,0.0,7893.965933464392,0.0,4527.765600481612,0.0,10.933149623428495,0.0,8.838728080248584,0.0,7.005743638999224,0.0
Gemüt,391.84705882352944,0.0,18.133491501447377,0.0,377.4266414863606,0.0,255.0,0.0,177.65502072965495,0.0,13.620744770410077,0.0,15.968719422671311,0.0,11.390118956544836,0.0,3410.7992204392253,0.0,343.44667555550194,0.0,267.42277912091356,0.0,4.684820731636614,0.0,26.489790770882752,0.0,5138.024665654199,0.0,3342.511018822734,0.0,13.620744752946084,0.0,12.264190331799742,0.0,10.380421103098548,0.0
Gengs,370.3921568627451,0.0,17.569784625756323,0.0,327.35230744791863,0.0,185.0,0.0,120.63039710523805,0.0,11.779794652690963,0.0,13.601470508735444,0.0,9.055941437169526,0.0,2808.113637314227,0.0,344.2683413771087,0.0,243.41317371006323,0.0,3.612176483002078,0.0,13.26639071994486,0.0,4586.0426259147725,0.0,3152.720095276182,0.0,11.779794605376942,0.0,10.063820997043534,0.0,7.9254731107409055,0.0
Gennt,345.078431372549,0.0,17.04311424522237,0.0,301.3642172099504,0.0,170.0,0.0,105.48897129290282,0.0,10.927270445954257,0.0,13.038404810405298,0.0,8.179912058237043,0.0,764.4246134296751,0.0,85.75999814708925,0.0,58.193916276274614,0.0,3.5740062877063496,0.0,11.750449859083517,0.0,4600.806349805347,0.0,3093.452637857307,0.0,10.927270412385203,0.0,9.469629904288215,0.0,7.0301592263886175,0.0
Genom,393.12549019607843,0.0,18.190438189403007,0.0,372.0518743739512,0.0,234.0,0.0,166.6574924222152,0.0,13.465923986345441,0.0,15.297058540778355,0.0,11.164661643891707,0.0,4373.357142507368,0.0,409.5762883314458,0.0,306.3218101276554,0.0,6.737796227800922,0.0,15.727126699570903,0.0,4593.2643692978645,0.0,3092.988697446332,0.0,13.465923950275705,0.0,11.903821836603601,0.0,10.198821200252384,0.0
Genua,364.38823529411764,0.0,17.507189932893436,0.0,308.86496769585756,0.0,182.0,0.0,113.54685502738866,0.0,11.18528252404483,0.0,13.490737563232042,0.0,8.528406689598128,0.0,768.4293503388692,0.0,143.02328574340478,0.0,95.2549166091444,0.0,1.9237929500678306,0.0,16.985228991630585,0.0,4914.971954853991,0.0,3057.750800482825,0.0,11.185282474176072,0.0,9.656055934031489,0.0,7.400485048988297,0.0
Gerke,344.8117647058823,0.0,17.03383384850937,0.0,319.23412471453264,0.0,193.0,0.0,123.79664933284992,0.0,11.5922064442385,0.0,13.892443989449804,0.0,9.055640714600514,0.0,780.2590145172037,0.0,174.02613842759902,0.0,127.8059992715388,0.0,3.301131687839962,0.0,13.277183745148756,0.0,4657.023646643625,0.0,3056.3310495073943,0.0,11.592206406876969,0.0,10.012490329640524,0.0,8.034977977190266,0.0
Geste,312.0313725490196,0.0,16.07618253043982,0.0,310.5607708240183,0.0,163.0,0.0,107.03246350040223,0.0,11.298970198388874,0.0,12.767145334803704,0.0,8.514900818789005,0.0,765.8330967499844,0.0,100.8020149338657,0.0,72.30432399503167,0.0,5.048020439622344,0.0,11.729445465447151,0.0,5601.717569899457,0.0,3304.8828912076424,0.0,11.298970142290477,0.0,9.260573967263442,0.0,7.523658368611583,0.0
Getem,370.53333333333336,0.0,17.60553284114203,0.0,366.1006746682988,0.0,227.0,0.0,161.85363774734245,0.0,13.302321376063423,0.0,15.066519173319364,0.0,11.005643697820506,0.0,4372.678894194902,0.0,402.02861153300984,0.0,300.27279859000197,0.0,6.79339184989881,0.0,12.7053727967169,0.0,4649.949163750894,0.0,3107.6705369969686,0.0,13.302321351358923,0.0,11.551392798524839,0.0,10.095381801301734,0.0
Getto,317.4039215686275,0.0,16.247386800795727,0.0,324.23822447691157,0.0,188.0,0.0,125.64479721374352,0.0,11.86368106385059,0.0,13.711309200802088,0.0,9.318152051003073,0.0,811.2511148539638,0.0,338.2547009407248,0.0,228.12146740587124,0.0,4.710270561196286,0.0,14.143308479505238,0.0,5156.930846777745,0.0,3384.6197979058034,0.0,11.863681022320264,0.0,10.115842637577048,0.0,8.337513731696506,0.0
Geäst,335.25882352941176,0.0,16.66129140539999,0.0,319.58378978328847,0.0,192.0,0.0,122.95528138116477,0.0,11.587707081555655,0.0,13.856406460551018,0.0,9.001492464381244,0.0,792.6568837731959,0.0,253.01254612427144,0.0,203.20951142052886,0.0,5.744745010087528,0.0,36.2622659858576,0.0,6127.783743761763,0.0,4658.006578682514,0.0,11.587707052468021,0.0,10.07657445739644,0.0,7.825985576785862,0.0
Gfcßc,380.3764705882353,0.0,17.739192170718077,0.0,396.7284289676302,0.0,281.0,0.0,193.73347796430494,0.0,14.0171069704638,0.0,16.76305461424021,0.0,11.83692198212105,0.0,5727.566988873485,0.0,2850.020732759784,0.0,2219.816915432424,0.0,4.5118814357576635,0.0,67.38617868166949,0.0,13489.384074051033,0.0,6671.992192171839,0.0,14.01710711112627,0.0,12.727536855900798,0.0,10.874962065048617,0.0
Ggcht,378.3372549019608,0.0,17.786929785755138,0.0,341.86660275167986,0.0,203.0,0.0,134.58862151064412,0.0,12.266425467405933,0.0,14.247806848775006,0.0,9.637520677904291,0.0,76621.59355612869,0.0,9834.855891499277,0.0,7103.235309475294,0.0,5.651308461872988,0.0,40.0763194234342,0.0,5534.309667030456,0.0,3316.7707336531043,0.0,12.266425427730166,0.0,10.97592105233694,0.0,8.557467032873308,0.0
Gggln,410.69803921568626,0.0,18.562498936889046,0.0,406.42100273961603,0.0,288.0,0.0,200.24060740453322,0.0,14.313314082505594,0.0,16.97056274847714,0.0,12.050078321743793,0.0,76638.47974863659,0.0,9837.680536452895,0.0,7105.329924880019,0.0,6.177631320423529,0.0,41.51623022709618,0.0,6013.3128482705515,0.0,3392.441588969574,0.0,14.313314048562312,0.0,13.315301918835628,0.0,10.990787655079787,0.0
Ghtcl,330.2627450980392,0.0,16.689023528766263,0.0,368.45328611163075,0.0,253.0,0.0,169.18097575980931,0.0,13.213242890603343,0.0,15.905973720586866,0.0,10.85575787614548,0.0,891.3060547993823,0.0,385.3787291029596,0.0,286.3048376247913,0.0,9.058892313903472,0.0,22.2933179041682,0.0,6190.685530012545,0.0,3965.8185455385747,0.0,13.213242823306821,0.0,11.625605529464274,0.0,9.80942674616562,0.0
Ghtcr,324.921568627451,0.0,16.54009191397907,0.0,347.13745043650715,0.0,232.0,0.0,150.61787913968465,0.0,12.509362167867256,0.0,15.231546211727817,0.0,10.065778934968998,0.0,802.8250791446718,0.0,252.05375684112,0.0,178.40767051480012,0.0,10.031774253560114,0.0,20.565880679257894,0.0,5472.8003772130305,0.0,3597.9459011839167,0.0,12.509362082244316,0.0,10.954397822664845,0.0,8.953132947612819,0.0
Ghtdr,365.843137254902,0.0,17.575075847401255,0.0,359.5995839116017,0.0,244.0,0.0,162.14805392330697,0.0,12.956677950625577,0.0,15.620499351813308,0.0,10.59749101810212,0.0,820.9842405685715,0.0,288.0572099704883,0.0,205.41676998899914,0.0,5.163129913952581,0.0,18.4912413346976,0.0,5685.641598241537,0.0,3842.342881557991,0.0,12.956677879565753,0.0,11.667734956307553,0.0,9.52516749133253,0.0
Ghtgl,380.38823529411764,0.0,17.88730968454633,0.0,390.2942307334838,0.0,270.0,0.0,185.61609520798584,0.0,13.867303342114576,0.0,16.431676725154983,0.0,11.553747374857688,0.0,2844.9092492494206,0.0,506.8440019423328,0.0,369.6654996992179,0.0,4.707102238260255,0.0,20.73460230377088,0.0,6139.31247706112,0.0,3778.9540887724506,0.0,13.867303286030314,0.0,12.443639563631088,0.0,10.513123700937184,0.0
Ghthl,369.65098039215684,0.0,17.70218101281688,0.0,371.2539284297841,0.0,258.0,0.0,173.93640657808578,0.0,13.351278761529592,0.0,16.06237840420901,0.0,11.05329317485183,0.0,891.7419323914625,0.0,383.86390439426214,0.0,285.5677695576343,0.0,4.806120976486007,0.0,21.337521418540984,0.0,6625.1072622479205,0.0,3770.600855325692,0.0,13.351278724655488,0.0,12.052528210601603,0.0,10.04233208604282,0.0
Ghtkn,390.16078431372546,0.0,18.196387336796462,0.0,363.39261100669717,0.0,252.0,0.0,168.15170226076944,0.0,13.10700495734532,0.0,15.874507866387544,0.0,10.790448004495964,0.0,816.899884667833,0.0,287.28154236726175,0.0,208.02246497577133,0.0,3.0976262203785287,0.0,18.348517215619253,0.0,5400.925616895425,0.0,3302.921624287502,0.0,13.107004860877211,0.0,11.63586329244657,0.0,9.743219938630311,0.0
Ghtpr,364.72549019607845,0.0,17.55870474336059,0.0,355.5085505696758,0.0,235.0,0.0,157.50815185141835,0.0,12.85714586410863,0.0,15.329709716755891,0.0,10.498153992982395,0.0,991.0484719425509,0.0,513.0364427608772,0.0,412.044579419112,0.0,5.67304734538228,0.0,26.360048816011105,0.0,5383.946720633249,0.0,3382.8767452578572,0.0,12.85714579644699,0.0,11.527562964479099,0.0,9.479484806248365,0.0
Ghtsc,328.7450980392157,0.0,16.579694644649035,0.0,335.9387679439174,0.0,206.0,0.0,135.6575225532839,0.0,12.16887476887842,0.0,14.352700094407323,0.0,9.62776389051238,0.0,811.5458690132315,0.0,256.00925150897115,0.0,179.3403731324349,0.0,9.192346875312866,0.0,58.57054865207674,0.0,5349.903673006232,0.0,3384.5980237927156,0.0,12.168874670275255,0.0,10.216064036718874,0.0,8.569721822140524,0.0
Ghtsm,387.7803921568627,0.0,18.06491519747291,0.0,412.20262612861427,0.0,296.0,0.0,210.97800266656424,0.0,14.66908891131809,0.0,17.204650534085253,0.0,12.553855735520262,0.0,4379.238953490407,0.0,463.0515580596742,0.0,342.2470811610943,0.0,5.7801102661817145,0.0,17.976064936898293,0.0,5393.364815294102,0.0,3386.7136102176064,0.0,14.669088838299922,0.0,13.065276514315224,0.0,11.56719516115351,0.0
Ghtsp,368.5490196078431,0.0,17.59601506737937,0.0,356.01076947143025,0.0,224.0,0.0,152.87488695890437,0.0,12.873419843426756,0.0,14.966629547095765,0.0,10.433834617094815,0.0,3256.0264643784026,0.0,1996.939495019828,0.0,1888.8939837303865,0.0,4.717282289630065,0.0,39.730006661185016,0.0,5364.921618176951,0.0,3383.536433559753,0.0,12.873419725021055,0.0,11.177359291791696,0.0,9.45945308413773,0.0
Ghtsw,375.3607843137255,0.0,17.754845984688888,0.0,389.30724929185556,0.0,284.0,0.0,195.8917549967282,0.0,13.975769605522341,0.0,16.852299546352718,0.0,11.885763132068593,0.0,74328.3365072994,0.0,14460.971027075082,0.0,14437.65734399788,0.0,4.859835559254196,0.0,126.02356118980421,0.0,5546.984472763324,0.0,3394.6346072093147,0.0,13.975769515753216,0.0,12.858474858400918,0.0,10.900984431606572,0.0
Gifte,317.435294117647,0.0,16.274513583746312,0.0,365.714855463102,0.0,254.0,0.0,169.76490180244622,0.0,13.142125269135658,0.0,15.937377450509228,0.0,10.856838852688869,0.0,1211.6025731296684,0.0,596.4881037586031,0.0,438.9924575806603,0.0,3.598405531648874,0.0,18.41460906993683,0.0,9646.507422756895,0.0,7167.666677921143,0.0,13.142125189603467,0.0,11.941806500752229,0.0,9.866462281207731,0.0
Gilde,332.6823529411765,0.0,16.751612820950623,0.0,348.6216148371671,0.0,226.0,0.0,148.12482842939062,0.0,12.541266595717536,0.0,15.033296378372908,0.0,10.041635391953518,0.0,791.0203515407702,0.0,184.71228747884678,0.0,133.9507180862276,0.0,4.692574607278687,0.0,13.627163278523028,0.0,9316.070526312129,0.0,5484.741880504973,0.0,12.541266570341689,0.0,11.40215549305819,0.0,9.017511638485924,0.0
Ginis,293.79999999999995,0.0,15.749417520947718,0.0,346.3869747361906,0.0,251.0,0.0,159.77347617037086,0.0,12.494475723035046,0.0,15.84297951775486,0.0,10.234392905288814,0.0,771.2027021165669,0.0,131.67031142240398,0.0,88.59469179509647,0.0,6.045317052764834,0.0,13.586927938551039,0.0,6635.7912563316495,0.0,3878.134858626653,0.0,12.49447569371339,0.0,11.696015469915315,0.0,9.212807882486603,0.0
Ginzi,304.8392156862745,0.0,16.13090623931276,0.0,350.0551708330387,0.0,258.0,0.0,164.15409362810436,0.0,12.610329209433784,0.0,16.06237840420901,0.0,10.362748719779804,0.0,892.491066967236,0.0,292.79016618052606,0.0,185.7368834761809,0.0,5.538641240087675,0.0,20.191216168135195,0.0,6493.119583049054,0.0,3966.4015255120266,0.0,12.610329194721105,0.0,11.735988766239439,0.0,9.304236989358483,0.0
Gisiß,340.94117647058823,0.0,16.853243104893302,0.0,412.5106449033839,0.0,314.0,0.0,215.38196808280452,0.0,14.507816403774088,0.0,17.72004514666935,0.0,12.418402405126606,0.0,24447.382039493463,0.0,11842.400511705733,0.0,6490.3427056195505,0.0,9.989776531490785,0.0,58.33050920136392,0.0,7534.282029405764,0.0,3906.5788284765363,0.0,14.507816374586366,0.0,13.511455257913019,0.0,11.436932738094777,0.0
Gisti,274.2274509803922,0.0,15.166485036366328,0.0,355.7286876992805,0.0,257.0,0.0,167.01198329695168,0.0,12.821439660231132,0.0,16.0312195418814,0.0,10.58288340790282,0.0,893.257437133015,0.0,294.7266691279826,0.0,187.8593692294437,0.0,7.409731777379366,0.0,18.93054100998096,0.0,7257.832485103833,0.0,4075.8159116906586,0.0,12.82143963532415,0.0,11.72544721651332,0.0,9.54588597520291,0.0
Gitei,285.0313725490196,0.0,15.468647707516954,0.0,328.9154796634043,0.0,216.0,0.0,137.58626843200233,0.0,11.915054094591525,0.0,14.696938456699069,0.0,9.504001093682609,0.0,892.2585785389441,0.0,288.78870981214754,0.0,182.7731888422471,0.0,6.092617339903821,0.0,17.795044945923625,0.0,6538.983992736192,0.0,3927.101312114772,0.0,11.915054095003864,0.0,10.69708549450029,0.0,8.509906811287134,0.0
Gjkqw,416.16078431372546,0.0,18.760950307482585,0.0,425.67954196944316,0.0,340.0,0.0,236.24961016670284,0.0,15.008590075668813,0.0,18.439088914585774,0.0,13.120630207095399,0.0,51416923.53966543,0.0,414008.87986613065,0.0,408490.9514757051,0.0,6.84485517051768,0.0,482.6613355160636,0.0,7307.24258930324,0.0,4219.204063356237,0.0,15.008590088453026,0.0,14.601503365478038,0.0,12.114526831319921,0.0
Gjtnn,340.25098039215686,0.0,16.95204353712504,0.0,339.01566862656176,0.0,223.0,0.0,143.71290842527284,0.0,12.249591959074381,0.0,14.933184523068078,0.0,9.784231636000248,0.0,10048.004029845682,0.0,2765.59395363565,0.0,2058.934919767922,0.0,3.5338146969822564,0.0,158.9617296979693,0.0,6973.780535214311,0.0,3580.8003234196103,0.0,12.249591967919411,0.0,10.786183359158471,0.0,8.683415836093001,0.0
Glanz,345.3019607843137,0.0,17.134808458213183,0.0,340.83668189535524,0.0,241.0,0.0,153.03064817244123,0.0,12.318260161717385,0.0,15.524174696260024,0.0,10.011895679128061,0.0,777.8580867713765,0.0,161.8322550089409,0.0,119.68249753868548,0.0,2.5056900382461875,0.0,22.954449775558587,0.0,6100.2416123919265,0.0,4095.2947147400014,0.0,12.318260189313905,0.0,11.386905366163656,0.0,8.855972208001669,0.0
Gleis,292.2941176470588,0.0,15.660511686965336,0.0,351.5792969531069,0.0,245.0,0.0,159.4997915029685,0.0,12.676358036622243,0.0,15.652475842498529,0.0,10.36976294639178,0.0,781.2702420811231,0.0,170.26112276198182,0.0,121.78088799892414,0.0,7.166241532863267,0.0,15.02119980222007,0.0,6228.63036934621,0.0,4035.153655892512,0.0,12.676358048908341,0.0,11.670269289119112,0.0,9.399597495910628,0.0
Glied,332.6823529411765,0.0,16.751612820950623,0.0,356.1499548766442,0.0,243.0,0.0,160.08131009544053,0.0,12.81049937023884,0.0,15.588457268119896,0.0,10.482492076158724,0.0,1039.438636199567,0.0,652.386954003946,0.0,482.30572330844603,0.0,6.609336827020116,0.0,18.512329593648523,0.0,6368.51932252607,0.0,4295.864455436012,0.0,12.81049940043285,0.0,11.789758024267142,0.0,9.471500234663289,0.0
Glott,308.11764705882354,0.0,16.07351909656487,0.0,352.1871665295796,0.0,250.0,0.0,164.5025968586068,0.0,12.76181960889787,0.0,15.811388300841896,0.0,10.57975547193318,0.0,790.1920904840414,0.0,216.50560625644454,0.0,169.28672799184912,0.0,5.113339461391235,0.0,17.802135121849286,0.0,6499.705977900059,0.0,4233.028936506959,0.0,12.761819633336497,0.0,12.08890097910072,0.0,9.563982015263717,0.0
Glxjs,308.478431372549,0.0,16.112759146244404,0.0,383.39391584757107,0.0,290.0,0.0,192.8580606752521,0.0,13.683174271776068,0.0,17.029386365926403,0.0,11.543101811788606,0.0,1702.4197045534772,0.0,402.6580757982616,0.0,329.92114792443317,0.0,5.598503834702543,0.0,59.32477540347691,0.0,7131.723970874516,0.0,4032.883763830973,0.0,13.683174276804012,0.0,12.596381773097548,0.0,10.48772359326074,0.0
Glück,360.1294117647059,0.0,17.45762156072464,0.0,375.3415511654298,0.0,273.0,0.0,181.30458694737393,0.0,13.435532407158593,0.0,16.522711641858304,0.0,11.19784107771766,0.0,866.8194713601673,0.0,400.27776468385895,0.0,329.7912172270854,0.0,4.222590602495965,0.0,17.600880986786134,0.0,6770.334976625833,0.0,5719.7602206257325,0.0,13.435532423665054,0.0,12.696941771465996,0.0,10.087714519837075,0.0
Gommo,432.721568627451,0.0,19.09654702871277,0.0,458.3301060855712,0.0,336.0,0.0,250.89185620891462,0.0,16.019861339966358,0.0,18.33030277982336,0.0,14.009896251083324,0.0,8572.574076972305,0.0,767.8529762075555,0.0,576.0657859108296,0.0,5.406035894024724,0.0,16.101857619389744,0.0,4511.87005624288,0.0,3625.084449526958,0.0,16.01986130001694,0.0,14.557132779812802,0.0,13.106505107543052,0.0
Gongs,373.4117647058823,0.0,17.652555135351164,0.0,336.5617604354974,0.0,197.0,0.0,130.07565788365616,0.0,12.112716696915612,0.0,14.035668847618199,0.0,9.468929741291191,0.0,2809.3623868472396,0.0,349.9342974600478,0.0,248.0297910817223,0.0,3.601594394216933,0.0,13.76194570922673,0.0,4446.413817969633,0.0,3084.978137458133,0.0,12.112716651319603,0.0,10.457268186216496,0.0,8.371134985012034,0.0
Gonon,359.56862745098044,0.0,17.405077323799606,0.0,310.2093306153197,0.0,164.0,0.0,106.5877607012434,0.0,11.275652867164464,0.0,12.806248474865697,0.0,8.458626697260849,0.0,773.5268036518685,0.0,132.6743005544381,0.0,98.00569879917356,0.0,2.1222522252075806,0.0,14.641150702355727,0.0,4408.105491619476,0.0,3029.649930547116,0.0,11.27565282174369,0.0,9.441391506532899,0.0,7.389497870873252,0.0
Goten,336.97647058823526,0.0,16.792839597443983,0.0,304.2581309096673,0.0,157.0,0.0,101.78390602637063,0.0,11.079755988596252,0.0,12.529964086141668,0.0,8.247598995126006,0.0,769.6828774145993,0.0,107.12954100249576,0.0,77.04426786142379,0.0,3.160391596450199,0.0,11.217121408241006,0.0,4467.3049381713645,0.0,3044.653435635384,0.0,11.079755952840442,0.0,8.99297363210678,0.0,7.246065041452324,0.0
Gotin,318.07450980392156,0.0,16.36425291752224,0.0,342.85075703230405,0.0,224.0,0.0,148.241027152565,0.0,12.47207714643553,0.0,14.966629547095765,0.0,10.060016039345841,0.0,775.5138335451901,0.0,142.56795279235652,0.0,99.80443546798352,0.0,5.552758440898103,0.0,13.458148186202859,0.0,4766.338151625471,0.0,3048.1417999976807,0.0,12.472077106248006,0.0,10.947991489174822,0.0,9.094635165032553,0.0
Gouda,385.8705882352941,0.0,18.00393096467268,0.0,338.20740045951,0.0,212.0,0.0,138.75008145629056,0.0,12.242669186617396,0.0,14.560219778561036,0.0,9.707799329813925,0.0,792.6739309650362,0.0,211.12984813235224,0.0,148.6304501025415,0.0,3.2033048385465643,0.0,17.8565784176165,0.0,5398.944138403079,0.0,3634.3402465070976,0.0,12.242669135561268,0.0,10.926505072621193,0.0,8.582971591180296,0.0
Grabe,357.28235294117644,0.0,17.30817578099497,0.0,327.17018239456826,0.0,197.0,0.0,127.81837390640564,0.0,11.845315225700617,0.0,14.035668847618199,0.0,9.248010413667322,0.0,768.0472057151146,0.0,117.58297013599991,0.0,83.66715573102432,0.0,3.5220896980376057,0.0,16.666385927367635,0.0,6280.731926711095,0.0,3428.5742804570245,0.0,11.845315169732775,0.0,10.262369701262577,0.0,8.200128091080213,0.0
Grahf,370.15686274509807,0.0,17.645882313722876,0.0,378.50185885323356,0.0,279.0,0.0,185.82208108142137,0.0,13.516574980969605,0.0,16.703293088490067,0.0,11.353405017378915,0.0,2323.4330484163384,0.0,1110.4724403851044,0.0,857.7504322560458,0.0,4.888134649812774,0.0,21.839181178836185,0.0,6568.199800652774,0.0,3350.9895853961616,0.0,13.516574926811174,0.0,12.264565391831518,0.0,10.265709435080096,0.0
Grall,310.0313725490196,0.0,16.221122923890224,0.0,393.59566561527,0.0,308.0,0.0,207.22264112621554,0.0,14.054221384612127,0.0,17.549928774784245,0.0,12.034528978617182,0.0,868.1980183108983,0.0,333.5343992658277,0.0,255.89526110251248,0.0,5.418660031010715,0.0,17.388491841428625,0.0,7520.319102756696,0.0,3747.3971774495026,0.0,14.054221344326246,0.0,12.971240176130733,0.0,11.01559656477804,0.0
Grbnd,386.0431372549019,0.0,18.068508611952666,0.0,358.65436595350013,0.0,249.0,0.0,165.240237011239,0.0,12.95221373266019,0.0,15.7797338380595,0.0,10.69091116243598,0.0,1033.1981135726733,0.0,647.6863389403317,0.0,478.5092931381198,0.0,5.633860350900127,0.0,16.81168260096323,0.0,5996.562687608466,0.0,3258.661257865667,0.0,12.952213684877039,0.0,11.770871183417949,0.0,9.658969277533874,0.0
Grdch,362.95686274509796,0.0,17.502028003543817,0.0,369.4723259982809,0.0,260.0,0.0,173.22978099516575,0.0,13.24815898551641,0.0,16.1245154965971,0.0,10.976070368000876,0.0,868.5800947346208,0.0,455.4050279543235,0.0,322.6359780289608,0.0,4.422712436109631,0.0,16.757557641030182,0.0,6094.294707121868,0.0,3537.450566395815,0.0,13.248158947769637,0.0,11.856555528436791,0.0,9.933384511563059,0.0
Grees,305.85490196078433,0.0,15.953477635725294,0.0,306.1199264684975,0.0,169.0,0.0,107.1087579804882,0.0,11.098234077023266,0.0,13.0,0.0,8.378697776426657,0.0,765.8777807278599,0.0,106.78962534202424,0.0,76.18376152228505,0.0,4.528736339886397,0.0,13.446449909728589,0.0,5851.384757922735,0.0,3176.5325563161305,0.0,11.098234024399401,0.0,8.977387239637576,0.0,7.393158010072449,0.0
Grehe,344.70980392156866,0.0,17.01215477906417,0.0,316.30743549888024,0.0,179.0,0.0,115.51359102432163,0.0,11.485496330258078,0.0,13.379088160259652,0.0,8.773164316817093,0.0,767.2314532411087,0.0,107.9189436256516,0.0,77.02831621535157,0.0,3.567598531039018,0.0,14.427078222373481,0.0,6428.214460103139,0.0,3275.5513127137638,0.0,11.485496267524528,0.0,9.629598251757823,0.0,7.803797733966148,0.0
Greif,311.25882352941176,0.0,16.153315334912268,0.0,387.06754095751387,0.0,288.0,0.0,194.44910196884632,0.0,13.813514161290803,0.0,16.97056274847714,0.0,11.69479705644433,0.0,2324.509348901694,0.0,1112.8839277607472,0.0,859.2134265953649,0.0,5.182399756536396,0.0,20.399050057928473,0.0,6234.321368397067,0.0,3215.6479951681877,0.0,13.813514117104932,0.0,12.466082411884683,0.0,10.741997169342067,0.0
Grfmm,425.55686274509804,0.0,18.96441354645832,0.0,515.3305873759443,0.0,433.0,0.0,318.2434020039513,0.0,17.432955675452632,0.0,20.808652046684813,0.0,15.67385701330769,0.0,9044.90651418173,0.0,959.2164088385282,0.0,721.3010053201401,0.0,11.182519487002532,0.0,22.75998618040813,0.0,9041.31644878113,0.0,6874.280922805644,0.0,17.432955606616424,0.0,16.129919764009284,0.0,14.71743420860101,0.0
Grgxn,368.678431372549,0.0,17.62499230383127,0.0,373.0357362862566,0.0,277.0,0.0,182.63409990691304,0.0,13.344280273121202,0.0,16.64331697709324,0.0,11.164425208587934,0.0,1779.6117119326098,0.0,249.2787512965692,0.0,175.8126491802065,0.0,3.4920771835606095,0.0,161.97737849906179,0.0,6000.721672449749,0.0,3260.7560271348048,0.0,13.344280222725923,0.0,11.914512618513864,0.0,10.106771688855002,0.0
Griff,324.7607843137255,0.0,16.501504131458386,0.0,429.73548312452726,0.0,345.0,0.0,237.03702710198175,0.0,15.026503670133476,0.0,18.57417562100671,0.0,13.044945174507218,0.0,2493.8081742403824,0.0,1242.0136954623338,0.0,948.3588655756779,0.0,6.110760659407933,0.0,20.97541298203652,0.0,6377.634782502038,0.0,3543.8805159005838,0.0,15.026503662488592,0.0,13.70406886263652,0.0,12.032330511896468,0.0
Grill,279.1843137254902,0.0,15.437630342886631,0.0,400.2341728485086,0.0,315.0,0.0,212.4396138251196,0.0,14.250599842268127,0.0,17.74823934929885,0.0,12.202263472622237,0.0,870.4584363925889,0.0,332.7148911488714,0.0,255.5489659461891,0.0,6.671829122215439,0.0,17.116707550381594,0.0,7787.746992735691,0.0,3978.0974324959984,0.0,14.25059983089886,0.0,13.003624244481676,0.0,11.205201470414922,0.0
Grips,315.41960784313727,0.0,16.30446852748841,0.0,348.35583553510776,0.0,232.0,0.0,152.29067281161892,0.0,12.592092721984953,0.0,15.231546211727817,0.0,10.205096967716871,0.0,965.0792881676042,0.0,463.88131799540656,0.0,381.46166275391846,0.0,4.418697881833784,0.0,25.041781601065825,0.0,6232.781261401903,0.0,3576.547201304153,0.0,12.59209268849988,0.0,10.872584518892538,0.0,9.173420141798184,0.0
Grjtj,298.55294117647054,0.0,15.841088491099743,0.0,405.52888353456444,0.0,315.0,0.0,213.99723111749896,0.0,14.352742992132411,0.0,17.74823934929885,0.0,12.30499595382088,0.0,4410.745799312821,0.0,915.733977362278,0.0,771.9282036444941,0.0,5.167056590766579,0.0,191.91855740118814,0.0,7015.177303354279,0.0,3516.6792564323077,0.0,14.35274296956297,0.0,13.017629847744164,0.0,11.258329777533872,0.0
Grlnr,303.8666666666667,0.0,16.092417637539487,0.0,348.9712583161332,0.0,250.0,0.0,160.60181735233533,0.0,12.611576359418434,0.0,15.811388300841896,0.0,10.325508162465718,0.0,772.3547856443736,0.0,136.3175449085541,0.0,99.09828990780959,0.0,4.478731182292962,0.0,16.31620602168283,0.0,8774.416121376957,0.0,4639.694477068867,0.0,12.611576310203542,0.0,11.237876344668333,0.0,9.239479061073782,0.0
Grobe,348.35686274509806,0.0,17.08492346384598,0.0,321.55231022564976,0.0,180.0,0.0,118.73940375919466,0.0,11.686406474594008,0.0,13.416407864998739,0.0,9.010732109215756,0.0,780.5792155755663,0.0,188.4327866141001,0.0,148.86604367214213,0.0,3.6973952004032875,0.0,18.76859884425807,0.0,6334.043369944278,0.0,3380.217848844415,0.0,11.686406418327318,0.0,9.899821550519789,0.0,8.038007188822432,0.0
Groll,301.1058823529412,0.0,15.982693446713258,0.0,387.97779344635137,0.0,291.0,0.0,198.14367097900458,0.0,13.920551074612915,0.0,17.05872210923198,0.0,11.853163470986523,0.0,879.3038158570346,0.0,364.5906686940412,0.0,283.9776235290374,0.0,5.56342716502598,0.0,19.318334117412427,0.0,7565.15986234475,0.0,3703.183482326787,0.0,13.920551039083996,0.0,12.686343312642824,0.0,10.895449810448245,0.0
Gruft,331.7450980392157,0.0,16.693942617238474,0.0,381.51643699526244,0.0,295.0,0.0,196.49107290189164,0.0,13.690436039928812,0.0,17.175564037317667,0.0,11.657850779612826,0.0,1185.9734583494949,0.0,569.3686139624618,0.0,413.05868662213436,0.0,3.505353644240133,0.0,15.78497560131568,0.0,6397.833957502764,0.0,3298.3198854107413,0.0,13.690436002517979,0.0,12.818106369174526,0.0,10.65952522968396,0.0
Gruie,307.79215686274506,0.0,16.116613200943295,0.0,345.17517532180216,0.0,239.0,0.0,155.62917537849768,0.0,12.533778203979384,0.0,15.459624833740307,0.0,10.22668594940697,0.0,771.465520849869,0.0,143.62843431225298,0.0,98.92898629595322,0.0,4.744554369243836,0.0,14.66499591190289,0.0,6599.813876012564,0.0,3285.1297247824127,0.0,12.53377814649882,0.0,11.30523637280477,0.0,9.29522401784991,0.0
Grund,367.4,0.0,17.64788015517868,0.0,349.6353574665129,0.0,245.0,0.0,159.48327116459112,0.0,12.666807492984521,0.0,15.652475842498529,0.0,10.387626777704172,0.0,1030.35688474177,0.0,646.5294852297544,0.0,477.3373930493002,0.0,5.992560972531388,0.0,15.85533796442908,0.0,6426.223719693497,0.0,3302.2111159228775,0.0,12.666807440764622,0.0,11.397190044039597,0.0,9.315909553842808,0.0
Grömm,426.35686274509806,0.0,18.966464262698516,0.0,488.123983658591,0.0,393.0,0.0,289.9018422229847,0.0,16.79038325458869,0.0,19.82422760159901,0.0,14.987350474682334,0.0,9001.02818341319,0.0,820.8602458860195,0.0,643.6406657786968,0.0,11.147541132004228,0.0,34.74852845443606,0.0,7302.736616452762,0.0,5322.1705862732715,0.0,16.790383218169236,0.0,15.522218320509445,0.0,14.071471990361873,0.0
Größe,389.22352941176473,0.0,17.960773182632053,0.0,382.24421372959875,0.0,256.0,0.0,178.68001191199443,0.0,13.680669629292998,0.0,16.0,0.0,11.423900509257232,0.0,1280.0990509035,0.0,667.8737628411732,0.0,511.54480766843596,0.0,6.258030624044247,0.0,33.06327615824005,0.0,7316.105532202323,0.0,5220.899281097905,0.0,13.68066959312702,0.0,12.07922228150102,0.0,10.494810988254068,0.0
Gschr,322.56862745098044,0.0,16.460743556454933,0.0,318.96562459050006,0.0,192.0,0.0,121.39640685314262,0.0,11.530211323593521,0.0,13.856406460551018,0.0,8.886521046491872,0.0,767.1478120650253,0.0,108.24589273039534,0.0,73.374863550121,0.0,4.147931106761155,0.0,21.79802191514262,0.0,5430.407069036681,0.0,3050.739270675555,0.0,11.530211292096414,0.0,9.955164744018086,0.0,7.765926922509572,0.0
Gsglb,378.6627450980392,0.0,17.80177278213749,0.0,395.8090694627491,0.0,279.0,0.0,193.48268249622117,0.0,14.062950848210138,0.0,16.703293088490067,0.0,11.833460489969,0.0,1806.100573172443,0.0,368.6004669461299,0.0,278.21427883343455,0.0,4.701531383866266,0.0,28.450438020836287,0.0,5899.2783483617095,0.0,3144.357774608318,0.0,14.06295079366515,0.0,12.881796964325634,0.0,10.80803888768043,0.0
Gsvwx,352.3058823529412,0.0,17.21369678977526,0.0,381.9661724058162,0.0,279.0,0.0,189.3498378248762,0.0,13.719058601873684,0.0,16.703293088490067,0.0,11.570084819426038,0.0,10069.778663631632,0.0,2123.638189989697,0.0,2102.196232536706,0.0,3.9416896593914315,0.0,81.90508424444815,0.0,5797.456782124732,0.0,3129.268963420029,0.0,13.719058566564717,0.0,12.223750371496397,0.0,10.456801004972164,0.0
Gtrts,288.9529411764706,0.0,15.53180561862342,0.0,342.54716424918854,0.0,245.0,0.0,158.40814698597725,0.0,12.45304584808561,0.0,15.652475842498529,0.0,10.287387800446892,0.0,775.0028152762732,0.0,134.65411130443033,0.0,99.8769095731403,0.0,6.382558712965602,0.0,15.9908832201285,0.0,5076.020552735415,0.0,3523.285394216087,0.0,12.453045820846832,0.0,11.432734227426227,0.0,9.25449557606658,0.0
Gullu,332.78431372549016,0.0,16.83659349246764,0.0,379.0124401867885,0.0,270.0,0.0,182.6980230387927,0.0,13.625284329248615,0.0,16.431676725154983,0.0,11.312344589807097,0.0,782.41934768505,0.0,169.5261691441049,0.0,130.23393975975978,0.0,5.04996696409733,0.0,18.07852656250948,0.0,8720.42351037439,0.0,4617.79589348144,0.0,13.62528429053078,0.0,12.235988093137045,0.0,10.319664871299672,0.0
Gunst,333.18823529411765,0.0,16.733587907096354,0.0,319.093740609092,0.0,198.0,0.0,125.46845716141468,0.0,11.597821667405315,0.0,14.071247279470288,0.0,9.025583767907955,0.0,765.9284234148388,0.0,101.16750390952825,0.0,69.29427389879429,0.0,6.748326275780714,0.0,11.662971410000079,0.0,4627.572259045757,0.0,3178.773960711263,0.0,11.597821636696189,0.0,10.184916100785586,0.0,7.912162552953206,0.0
Gusto,325.08627450980396,0.0,16.478612891087106,0.0,333.43078758939754,0.0,197.0,0.0,131.78332745762717,0.0,12.14506130321817,0.0,14.035668847618199,0.0,9.548954873613047,0.0,811.6658343101923,0.0,340.525508038982,0.0,229.5871552768182,0.0,5.2633516597815895,0.0,15.508651461195155,0.0,5644.050505975566,0.0,3345.8019130202615,0.0,12.145061269868824,0.0,10.249874913444357,0.0,8.530234109505523,0.0
Gvngs,364.8274509803922,0.0,17.479256668607032,0.0,348.1242561009567,0.0,223.0,0.0,146.6121217536035,0.0,12.508852354881741,0.0,14.933184523068078,0.0,10.0216738991928,0.0,2808.58196098334,0.0,350.6212519799489,0.0,248.51917160769528,0.0,4.01936191572033,0.0,98.17693429994473,0.0,5117.062870804357,0.0,3516.330976390905,0.0,12.508852313077762,0.0,10.71946051411584,0.0,8.89121229685638,0.0
Gvrtg,341.4313725490196,0.0,16.91717753673183,0.0,377.9564836461293,0.0,279.0,0.0,186.99599778770641,0.0,13.53041251111893,0.0,16.703293088490067,0.0,11.41044431082914,0.0,4903.095892475837,0.0,611.3651403034221,0.0,440.5173318439786,0.0,6.215253347110451,0.0,98.52796023852802,0.0,5577.781409937471,0.0,3635.101461834182,0.0,13.530412478586685,0.0,12.211196186936736,0.0,10.332887742130895,0.0
Gzckr,333.7098039215686,0.0,16.848030972060943,0.0,345.4593046399935,0.0,240.0,0.0,154.76942270535747,0.0,12.470360463726681,0.0,15.491933384829668,0.0,10.154446833622124,0.0,782.9344930304467,0.0,191.97068599184558,0.0,141.2211043738231,0.0,4.200614993624165,0.0,33.667555482927504,0.0,4697.298699008577,0.0,3008.798819558157,0.0,12.470360418899858,0.0,11.18415851282842,0.0,9.066708045921914,0.0
Gztzm,371.00392156862745,0.0,17.76978241969687,0.0,409.9845036539973,0.0,309.0,0.0,216.63868565836586,0.0,14.620420996490278,0.0,17.578395831246947,0.0,12.60078168758905,0.0,4373.248467082302,0.0,411.495796074217,0.0,307.72242875678,0.0,6.863396086591975,0.0,33.28177121836555,0.0,4612.721168977302,0.0,3195.3598113585094,0.0,14.620420973421663,0.0,13.226128799662252,0.0,11.59757542294323,0.0
Gägän,427.6509803921569,0.0,18.87495956084895,0.0,360.71618739361304,0.0,225.0,0.0,150.1037860505893,0.0,12.857635120871898,0.0,15.0,0.0,10.200108931627554,0.0,1786.8203384025146,0.0,297.93116094539647,0.0,224.43751398362463,0.0,3.728083224295896,0.0,56.00741344295679,0.0,9037.459305419165,0.0,6860.354095511825,0.0,12.857635109136837,0.0,11.431709391089095,0.0,8.97381691555127,0.0
Gäsäs,356.1333333333333,0.0,17.150366052880308,0.0,328.0796866380107,0.0,183.0,0.0,117.90790292184212,0.0,11.772681493281953,0.0,13.527749258468683,0.0,8.879261972896929,0.0,786.4276903977359,0.0,210.925534262117,0.0,169.84016579579165,0.0,4.716173512730649,0.0,56.13428095268562,0.0,9333.18917154372,0.0,6847.706753736928,0.0,11.77268146324234,0.0,9.679169666456925,0.0,7.609938616532106,0.0
Gäule,355.26274509803926,0.0,17.26440736400014,0.0,350.33287216226057,0.0,222.0,0.0,148.46906109004993,0.0,12.670472692936508,0.0,14.89966442575134,0.0,10.141793909586685,0.0,779.3150815562992,0.0,157.04782371403536,0.0,122.39567031787661,0.0,5.76904286162959,0.0,15.596284441304038,0.0,9973.403859934286,0.0,6940.089500428008,0.0,12.670472665962484,0.0,11.373521819980187,0.0,9.111810582584539,0.0
Gören,342.0823529411765,0.0,16.929315473888956,0.0,312.5504348296814,0.0,173.0,0.0,111.66478125466217,0.0,11.351203859730287,0.0,13.152946437965905,0.0,8.63410726736598,0.0,782.216810567785,0.0,197.67091045348369,0.0,139.9082186978881,0.0,3.755832477446018,0.0,13.122432857632635,0.0,8931.077110561782,0.0,9333.295835131834,0.0,11.351203850395935,0.0,9.55301568965787,0.0,7.627060558320314,0.0
Götze,337.37254901960785,0.0,16.794447188369652,0.0,325.6900566057419,0.0,188.0,0.0,124.51168475934391,0.0,11.857360578097415,0.0,13.711309200802088,0.0,9.236706974766655,0.0,783.8314224635127,0.0,203.78715426794105,0.0,145.63685753189185,0.0,4.310695763674949,0.0,15.822700428402976,0.0,8987.782212087524,0.0,9390.70090829853,0.0,11.857360556422844,0.0,10.04860099657956,0.0,8.280573747527965,0.0
Hacke,387.18823529411765,0.0,18.15269549433669,0.0,339.04954296212173,0.0,201.0,0.0,134.76167475707166,0.0,12.258595357021033,0.0,14.177446878757825,0.0,9.659077438505676,0.0,781.8960447669778,0.0,183.23346251943377,0.0,135.94785573784952,0.0,5.392879318626139,0.0,14.487603618984343,0.0,2574.8395443369245,0.0,767.4436203219457,0.0,12.258595360997917,0.0,10.871010699494501,0.0,8.63854264317181,0.0
Hafen,394.99607843137255,0.0,18.30555471252738,0.0,356.1511725197311,0.0,219.0,0.0,149.7678965770467,0.0,12.838694430255616,0.0,14.798648586948742,0.0,10.31010391666216,0.0,1211.1343507652844,0.0,596.5244651990251,0.0,439.2183424967748,0.0,5.657535904702935,0.0,16.730819986999663,0.0,7139.652756423759,0.0,5956.972779683215,0.0,12.838694403993916,0.0,11.357945035338743,0.0,9.25995882114019,0.0
Hafer,369.2470588235294,0.0,17.695797618759396,0.0,359.7062819854105,0.0,236.0,0.0,159.19191353883588,0.0,12.9484489690759,0.0,15.362291495737216,0.0,10.563546001607184,0.0,1211.3203871626718,0.0,598.1997674650962,0.0,440.0492470150274,0.0,10.470899283858284,0.0,17.268538065157273,0.0,7166.74442258325,0.0,5955.0954093335295,0.0,12.948448930380199,0.0,11.802252323287801,0.0,9.496895291308997,0.0
Hahft,403.4745098039216,0.0,18.512552969669663,0.0,397.0674882678738,0.0,298.0,0.0,204.21586945079764,0.0,14.140132498413685,0.0,17.26267650163207,0.0,12.049329219208957,0.0,1188.1264049540207,0.0,570.3058149535906,0.0,414.15879768381626,0.0,7.41823492354108,0.0,14.279569943288639,0.0,2596.4379932364905,0.0,1262.000346491907,0.0,14.140132533337429,0.0,13.704945469887809,0.0,11.026278024894792,0.0
Hahir,364.8941176470588,0.0,17.69756172155136,0.0,375.58245119403927,0.0,282.0,0.0,187.50988550169245,0.0,13.49080733661394,0.0,16.792855623746664,0.0,11.344443539977163,0.0,775.500536437412,0.0,156.67168416252733,0.0,108.40556585587586,0.0,12.467764364707888,0.0,12.664751841218004,0.0,3079.415356313861,0.0,1201.6084255034411,0.0,13.490807354861792,0.0,13.104203427836953,0.0,10.30249352331241,0.0
Haine,362.5921568627451,0.0,17.592970267838787,0.0,329.3300499237505,0.0,190.0,0.0,124.83814819539644,0.0,11.928371083422661,0.0,13.784048752090222,0.0,9.187852266381165,0.0,768.9331599976174,0.0,108.52975620709714,0.0,78.14123370161968,0.0,7.285213828087189,0.0,9.308928810181765,0.0,3095.857309216083,0.0,1711.7058726369826,0.0,11.928371106257158,0.0,10.302782105245065,0.0,8.079398206005239,0.0
Halle,351.79999999999995,0.0,17.352248130616008,0.0,378.82293726811497,0.0,256.0,0.0,177.09371929682868,0.0,13.604801712341219,0.0,16.0,0.0,11.258684830493097,0.0,781.7895335818755,0.0,162.68564590732362,0.0,129.6766699409978,0.0,9.448910061456141,0.0,9.413272744023915,0.0,7732.481428928544,0.0,3561.4518942063146,0.0,13.604801724936323,0.0,12.526333404755043,0.0,10.275663361880552,0.0
Halme,408.78431372549016,0.0,18.680857186464138,0.0,423.16242911529554,0.0,305.0,0.0,219.6121331056368,0.0,14.97442006875804,0.0,17.46424919657298,0.0,12.85027154348658,0.0,7899.613002800213,0.0,651.8438294563614,0.0,499.4008833067643,0.0,4.7921860549418485,0.0,13.60731229231349,0.0,6856.287759731748,0.0,3762.357880616099,0.0,14.974420069138688,0.0,13.911411958032776,0.0,11.933852887477272,0.0
Hanoi,365.61176470588236,0.0,17.67563220527654,0.0,344.79695668849297,0.0,218.0,0.0,145.39139852508214,0.0,12.479446684977837,0.0,14.7648230602334,0.0,10.012575971600876,0.0,896.1992098327142,0.0,304.244800696907,0.0,197.9012641247722,0.0,11.038520324141963,0.0,19.781386266720975,0.0,2363.3420203957135,0.0,1012.4125465753896,0.0,12.479446697075186,0.0,11.391791117407356,0.0,8.94263327369275,0.0
Hansa,382.63529411764705,0.0,18.02942615871223,0.0,339.858388510592,0.0,219.0,0.0,143.07844508275184,0.0,12.288031301872676,0.0,14.798648586948742,0.0,9.802304149390226,0.0,769.9472478978396,0.0,150.71339318089474,0.0,104.96530207624531,0.0,6.99868142097745,0.0,14.64217586760709,0.0,2277.3127680477037,0.0,1141.9410993307483,0.0,12.288031316612384,0.0,11.185932271170698,0.0,8.637672383654042,0.0
Hanse,370.6901960784314,0.0,17.73320324986327,0.0,322.6797810567956,0.0,183.0,0.0,120.23618067721924,0.0,11.71200567174775,0.0,13.527749258468683,0.0,9.01208878197376,0.0,766.0874672853807,0.0,108.3501934692044,0.0,77.4726331310782,0.0,8.992442558557475,0.0,9.587149078547055,0.0,2283.3010310776945,0.0,1182.6786107908424,0.0,11.712005687325739,0.0,10.357391051007403,0.0,7.94671589862645,0.0
Hapar,396.156862745098,0.0,18.38199811422252,0.0,350.6007172963101,0.0,225.0,0.0,150.06729495524024,0.0,12.655663650912103,0.0,15.0,0.0,10.183964259725906,0.0,1121.4674925629427,0.0,613.3118016071342,0.0,541.5636756180554,0.0,9.015466733525116,0.0,21.47796270016973,0.0,2513.042027095165,0.0,1245.427172918891,0.0,12.655663663501779,0.0,11.71876232232272,0.0,9.072159297356837,0.0
Harem,403.4431372549019,0.0,18.547926013445025,0.0,393.99022966574444,0.0,272.0,0.0,193.2080511671875,0.0,14.12809489506413,0.0,16.492422502470642,0.0,11.978564167998114,0.0,4372.825089564989,0.0,406.9356908685087,0.0,303.85245616821726,0.0,6.773725290825918,0.0,11.169112162465591,0.0,2281.6298825577546,0.0,806.1373141572068,0.0,14.128094906033724,0.0,12.984603429914232,0.0,10.99869600511538,0.0
Hasen,370.6901960784314,0.0,17.73320324986327,0.0,319.32274179515116,0.0,171.0,0.0,112.98352458970697,0.0,11.580023649029666,0.0,13.076696830622021,0.0,8.762869787135305,0.0,766.094625984845,0.0,106.55131007905916,0.0,76.39320012509815,0.0,6.711084793224029,0.0,10.252295619725018,0.0,3186.061325246413,0.0,850.2234129171156,0.0,11.580023668637601,0.0,9.906524076758842,0.0,7.675673516923718,0.0
Hatar,359.2392156862745,0.0,17.485041885415015,0.0,339.6239218725877,0.0,220.0,0.0,143.21388938199132,0.0,12.287288763800026,0.0,14.832396974191326,0.0,9.790013918963018,0.0,768.3073802203631,0.0,127.45697562786614,0.0,88.95141358841141,0.0,9.868950210683224,0.0,12.085248892273011,0.0,2687.667604941495,0.0,1357.5429817096888,0.0,12.287288781867218,0.0,11.14586687963294,0.0,8.602394964104352,0.0
Haube,409.08627450980396,0.0,18.647635297577676,0.0,330.0928934176342,0.0,187.0,0.0,124.69425642908567,0.0,11.979641517549087,0.0,13.674794331177344,0.0,9.24974688066729,0.0,767.8299901408375,0.0,116.53106044081997,0.0,82.48114066326907,0.0,4.95054230324175,0.0,14.865653100095122,0.0,3961.8562505067257,0.0,1568.8718958330737,0.0,11.97964152821775,0.0,10.906825503812122,0.0,8.178135140459068,0.0
Hauen,391.52941176470586,0.0,18.27317591698392,0.0,322.87158478391126,0.0,186.0,0.0,121.78663090653907,0.0,11.744403361245883,0.0,13.638181696985855,0.0,9.048210624839044,0.0,766.1727481424031,0.0,111.5838396837963,0.0,78.16385319806294,0.0,5.835179256160913,0.0,9.500111411909899,0.0,3278.1573833885805,0.0,1093.133812646661,0.0,11.744403376302307,0.0,10.52271043962236,0.0,7.957865716159727,0.0
Hblhs,395.0666666666666,0.0,18.377207018291884,0.0,377.5076979165665,0.0,254.0,0.0,174.2126558850046,0.0,13.530077105141713,0.0,15.937377450509228,0.0,11.14857343382002,0.0,806.8471457662995,0.0,232.21859650257102,0.0,178.06434562167263,0.0,8.36801899358342,0.0,29.08524887905253,0.0,8138.804716403927,0.0,4002.756518692616,0.0,13.530077067189968,0.0,12.340424787423041,0.0,10.08513891624035,0.0
Hbrst,353.22352941176473,0.0,17.33468985908236,0.0,356.7050301391707,0.0,243.0,0.0,162.47963385495277,0.0,12.89759250898056,0.0,15.588457268119896,0.0,10.605156565303519,0.0,799.6854005904906,0.0,221.40087483435147,0.0,168.38774803763596,0.0,12.703893098589914,0.0,26.639508734947174,0.0,4300.974955237358,0.0,2233.4998607742614,0.0,12.897592487109153,0.0,11.855087814739344,0.0,9.526057746981497,0.0
Hcrtx,326.121568627451,0.0,16.691117013513058,0.0,366.81181180929616,0.0,273.0,0.0,181.12521683492466,0.0,13.236716668631182,0.0,16.522711641858304,0.0,11.13349704329523,0.0,773.033947097387,0.0,154.1007344678895,0.0,115.58869917990343,0.0,8.225870308282316,0.0,65.45206504670604,0.0,3380.030367617228,0.0,2371.0643277496165,0.0,13.23671666820417,0.0,12.165288321790134,0.0,10.037061284475781,0.0
Hebel,377.8196078431373,0.0,17.925829501638113,0.0,347.0538223782017,0.0,214.0,0.0,146.78224309613506,0.0,12.610982668808752,0.0,14.628738838327793,0.0,10.225352841245856,0.0,861.7653479548014,0.0,316.6690793692003,0.0,240.547219190982,0.0,8.71616592405584,0.0,13.453215147102222,0.0,3893.9164451238144,0.0,1977.1471826789798,0.0,12.610982669475693,0.0,11.695947554205517,0.0,9.309750531685266,0.0
Hecke,375.24313725490197,0.0,17.858517396430642,0.0,329.3418269286221,0.0,187.0,0.0,126.01320751810604,0.0,11.963749550448178,0.0,13.674794331177344,0.0,9.368824681667641,0.0,781.5165944724314,0.0,181.43440477686997,0.0,135.06771936812,0.0,5.149725080553305,0.0,14.847813416805502,0.0,2763.8870506312046,0.0,912.8122730937148,0.0,11.963749543448017,0.0,10.49490559265064,0.0,8.423080456362829,0.0
Hecks,364.4392156862745,0.0,17.597438735727145,0.0,337.9976283434082,0.0,209.0,0.0,139.19079422013843,0.0,12.251407090525149,0.0,14.45683229480096,0.0,9.797990639733818,0.0,782.1006886426283,0.0,185.25086261039817,0.0,137.2805638553868,0.0,6.622899351026867,0.0,16.099218844344488,0.0,2717.3208119485153,0.0,867.3891871149281,0.0,12.251407079458716,0.0,10.85726056310518,0.0,8.779833029578729,0.0
Hehen,397.59999999999997,0.0,18.405780313334024,0.0,323.7269995722235,0.0,184.0,0.0,122.8802801747432,0.0,11.799917548916044,0.0,13.564659966250536,0.0,9.203379993313012,0.0,768.9910309237937,0.0,114.19085447569164,0.0,82.2042730182576,0.0,4.860339191127737,0.0,9.520462522689273,0.0,2710.5788311209726,0.0,1300.0268252233436,0.0,11.799917535244251,0.0,10.696220349943491,0.0,8.234933204233792,0.0
Heibe,368.20392156862744,0.0,17.68457624123314,0.0,329.08889404510666,0.0,181.0,0.0,122.16955940808026,0.0,11.949665290294162,0.0,13.45362404707371,0.0,9.21921920111804,0.0,770.3407755768153,0.0,111.56678314525253,0.0,81.29020549823234,0.0,5.695355042591112,0.0,14.828535526695346,0.0,3836.641243132264,0.0,2059.545757213627,0.0,11.949665293518025,0.0,10.484547098883604,0.0,8.220087218406235,0.0
Heime,387.22352941176473,0.0,18.160109818493986,0.0,403.68180883823953,0.0,280.0,0.0,201.37323024228485,0.0,14.444727376729897,0.0,16.73320053068151,0.0,12.300880905224199,0.0,7899.301096993774,0.0,648.4334139807761,0.0,496.467056625323,0.0,5.362278460261992,0.0,13.534436561675953,0.0,3250.1176691352457,0.0,2298.0931568474916,0.0,14.444727377570205,0.0,13.188440048402864,0.0,11.430029335221075,0.0
Hende,399.1333333333333,0.0,18.41840636957837,0.0,327.8659100868143,0.0,182.0,0.0,122.74874023259711,0.0,11.917944578488326,0.0,13.490737563232042,0.0,9.266280969881695,0.0,785.5260768436656,0.0,178.1178824681404,0.0,128.81232133457348,0.0,4.015785042000205,0.0,10.118241699283757,0.0,3081.6617153021443,0.0,2218.9378112850495,0.0,11.917944576482665,0.0,10.724697141827987,0.0,8.284493936835172,0.0
Hepft,391.9450980392157,0.0,18.221160029431356,0.0,388.20646120840195,0.0,274.0,0.0,191.98004735223583,0.0,13.932656184370634,0.0,16.55294535724685,0.0,11.829481866584382,0.0,1440.3303035672916,0.0,826.1571040925222,0.0,675.1577496399781,0.0,6.949486900682549,0.0,22.29664307418625,0.0,2428.6086058384612,0.0,1086.8131383634056,0.0,13.93265620262848,0.0,13.278071220909336,0.0,10.92344699498982,0.0
Hertz,335.5843137254902,0.0,16.95418708824298,0.0,348.9907924425118,0.0,246.0,0.0,163.30111239383763,0.0,12.72552669260647,0.0,15.684387141358123,0.0,10.575838980219606,0.0,769.0607704066606,0.0,137.1362730638696,0.0,102.6889253635606,0.0,8.980543900490424,0.0,21.93666990394066,0.0,3360.3872597700188,0.0,1557.0297316062604,0.0,12.725526697184765,0.0,11.838694417215436,0.0,9.557355377513568,0.0
Heudu,408.0823529411765,0.0,18.660797808663613,0.0,345.6385588978255,0.0,219.0,0.0,146.77408360612034,0.0,12.56013101122334,0.0,14.798648586948742,0.0,10.086121107026404,0.0,786.9320226232072,0.0,194.2718785211706,0.0,136.78473465328767,0.0,3.0690919465103215,0.0,18.580877413966512,0.0,3944.017084016621,0.0,2302.1261877181355,0.0,12.560131004807609,0.0,11.572091105088296,0.0,9.053279695888472,0.0
Heueu,378.4980392156863,0.0,17.947625541873528,0.0,317.1337572957153,0.0,180.0,0.0,118.41691989490869,0.0,11.58968884465131,0.0,13.416407864998739,0.0,8.948695952851622,0.0,766.5269439265963,0.0,124.45289062104443,0.0,84.79234473879677,0.0,5.446210842735363,0.0,16.73620602554343,0.0,3455.74979722648,0.0,1189.8999037933347,0.0,11.589688838253531,0.0,10.392885677714188,0.0,7.977315958432542,0.0
Heums,405.35686274509806,0.0,18.572268313988936,0.0,403.63389359205354,0.0,294.0,0.0,208.327046726357,0.0,14.46344616257022,0.0,17.146428199482248,0.0,12.432953363377592,0.0,7899.076899648684,0.0,649.8781529055141,0.0,497.02989155795706,0.0,4.304905202321561,0.0,14.608991987295347,0.0,3506.5930276460363,0.0,1914.1672278619951,0.0,14.463446160859743,0.0,13.515520664594314,0.0,11.507331586450476,0.0
Hgbgn,475.8039215686274,0.0,20.0699323311134,0.0,396.6536484146085,0.0,260.0,0.0,183.29731005900203,0.0,14.012566759816956,0.0,16.1245154965971,0.0,11.60424700007826,0.0,76669.25952328354,0.0,9840.776451853217,0.0,7107.397172145244,0.0,4.582638093891104,0.0,41.02768720064237,0.0,3049.42018682797,0.0,1736.289787388249,0.0,14.012566774236252,0.0,13.140296135201227,0.0,10.53106606488724,0.0
Hggvl,421.15294117647056,0.0,18.905476851400874,0.0,426.09565786792155,0.0,321.0,0.0,224.97467300334912,0.0,14.896844554587359,0.0,17.916472867168917,0.0,12.820793111339986,0.0,76639.38499837396,0.0,9841.905378143756,0.0,7108.634572984089,0.0,11.309631361238937,0.0,53.36007676743591,0.0,4144.482144611096,0.0,2313.1390131035273,0.0,14.896844565836485,0.0,14.040192857721864,0.0,11.773034522160076,0.0
Hhmhs,451.42352941176466,0.0,19.64764157094355,0.0,424.84805022729336,0.0,309.0,0.0,221.28464008325878,0.0,15.0018831303914,0.0,17.578395831246947,0.0,12.866371676726057,0.0,3415.4360436191337,0.0,359.9272773423664,0.0,268.48859412889533,0.0,7.004429911201613,0.0,20.494490988751778,0.0,4464.257825070714,0.0,2105.7174234098725,0.0,15.001883094438076,0.0,13.871932942287676,0.0,11.84258607613071,0.0
Hhmtd,455.30980392156863,0.0,19.725955633225556,0.0,462.1409584186259,0.0,362.0,0.0,263.0063841203579,0.0,16.05817799771466,0.0,19.026297590440446,0.0,14.114189926658538,0.0,3484.1434317210683,0.0,732.0650621941842,0.0,542.9353309378273,0.0,4.737889620403939,0.0,21.721473949444132,0.0,4294.508583107003,0.0,2339.957785854901,0.0,16.058177925201907,0.0,15.170987295860936,0.0,13.106949912204572,0.0
Hieli,311.3372549019608,0.0,16.361692772702714,0.0,386.6880930598951,0.0,292.0,0.0,197.36968303821845,0.0,13.845822832491718,0.0,17.08800749063506,0.0,11.749371689831987,0.0,901.5135962343843,0.0,312.146632388946,0.0,208.21511819523275,0.0,11.647054939273444,0.0,18.9126275559431,0.0,6353.491183827196,0.0,2713.0800209780914,0.0,13.845822839717536,0.0,13.193739223353205,0.0,10.78423641159073,0.0
Hilfe,343.74117647058824,0.0,17.125586730871028,0.0,402.10345591872135,0.0,302.0,0.0,207.54893227964666,0.0,14.270910453371531,0.0,17.378147196982766,0.0,12.170254983442083,0.0,1189.9028595892823,0.0,571.8701099943625,0.0,416.22235932126006,0.0,5.784960002163809,0.0,12.560654318767064,0.0,8281.31573501956,0.0,4234.877457671174,0.0,14.27091045949374,0.0,13.621651695722141,0.0,11.235456168336258,0.0
Hilin,322.4588235294118,0.0,16.705946331461767,0.0,388.5587696920806,0.0,301.0,0.0,201.1575569508186,0.0,13.883813173006622,0.0,17.349351572897472,0.0,11.774519058702813,0.0,778.3072851644738,0.0,158.41299767799478,0.0,114.15978921405996,0.0,8.39938348155603,0.0,12.942347441680061,0.0,8417.098654438525,0.0,4220.399468738892,0.0,13.883813160504195,0.0,13.34993183446744,0.0,10.780927805323376,0.0
Hilms,367.1333333333333,0.0,17.745794808116656,0.0,440.43616841108576,0.0,356.0,0.0,249.98931888340775,0.0,15.439257561502094,0.0,18.867962264113206,0.0,13.553205539943692,0.0,7899.730418176256,0.0,653.2935895298203,0.0,500.1749765475865,0.0,5.59364815280983,0.0,14.853825382929942,0.0,8283.86608194989,0.0,4473.828378403842,0.0,15.43925755646256,0.0,14.805858007648755,0.0,12.601137344242165,0.0
Hirti,297.5450980392157,0.0,16.0036837358788,0.0,377.89239402410385,0.0,300.0,0.0,197.92239186898792,0.0,13.576111136936277,0.0,17.320508075688775,0.0,11.605084923431969,0.0,894.2822770807478,0.0,300.92630716085927,0.0,193.76654181164844,0.0,12.267087115756036,0.0,18.118722954443953,0.0,5700.7950958670135,0.0,2863.492222346422,0.0,13.576111135877941,0.0,13.127821854830996,0.0,10.592111539249395,0.0
Hisin,320.94117647058823,0.0,16.596728924573387,0.0,366.53330579879207,0.0,267.0,0.0,176.64024479163993,0.0,13.193195539926874,0.0,16.34013463836819,0.0,10.968275955678424,0.0,772.5624481600936,0.0,143.8567396642436,0.0,100.16050955235758,0.0,8.53984909638183,0.0,13.295030523574358,0.0,5897.88623242284,0.0,2585.39146873516,0.0,13.193195537598484,0.0,12.452836919505005,0.0,9.967824646697625,0.0
Hitze,331.30980392156863,0.0,16.846429863747733,0.0,344.6957925765988,0.0,234.0,0.0,153.73956124821785,0.0,12.50507402997856,0.0,15.297058540778355,0.0,10.19005617331251,0.0,768.2094829085979,0.0,120.25465299498731,0.0,87.38685118743544,0.0,6.431311443084006,0.0,12.25222514502811,0.0,5260.182615194363,0.0,2774.8584119378106,0.0,12.50507403457828,0.0,11.645948614191685,0.0,9.215625033442079,0.0
Hkstl,358.03921568627453,0.0,17.51035679692762,0.0,408.05647232357745,0.0,312.0,0.0,217.47659094872756,0.0,14.53742308344179,0.0,17.663521732655695,0.0,12.541510637081464,0.0,1427.0514240209484,0.0,1436.7122539398315,0.0,1142.2119841371918,0.0,12.32973498350818,0.0,45.221255911749196,0.0,6679.218955746304,0.0,4215.992186340419,0.0,14.537423078335232,0.0,13.64360602068234,0.0,11.560068866792676,0.0
Hktzg,417.15294117647056,0.0,18.88454245852261,0.0,412.1538377311544,0.0,314.0,0.0,218.58801325432805,0.0,14.594951999776615,0.0,17.72004514666935,0.0,12.569740594503997,0.0,5033.581602443872,0.0,1528.056906805921,0.0,1199.796918790397,0.0,5.624875406210602,0.0,45.1930247757804,0.0,5129.161617627597,0.0,3797.1395058849503,0.0,14.59495199018653,0.0,13.760895113310898,0.0,11.534614384853006,0.0
Hnbby,438.34509803921566,0.0,19.339433472660073,0.0,381.67101526363626,0.0,264.0,0.0,182.10169426066858,0.0,13.66630288315427,0.0,16.24807680927192,0.0,11.40381375802331,0.0,6173.601518401542,0.0,422.8161157004458,0.0,313.2917004084327,0.0,3.437430494570867,0.0,21.39322236808705,0.0,7316.367912877216,0.0,2092.867171442292,0.0,13.666302887924537,0.0,12.672007043959725,0.0,10.393914576212588,0.0
Hnnhg,447.5098039215687,0.0,19.554748899863597,0.0,378.99144674860446,0.0,265.0,0.0,179.86547851383125,0.0,13.527589938175346,0.0,16.278820596099706,0.0,11.250962736344267,0.0,4903.37459228841,0.0,611.826445647027,0.0,440.5362548625648,0.0,3.49920921842677,0.0,20.55416770238853,0.0,7350.5831494386475,0.0,1887.8715463567864,0.0,13.527589942447053,0.0,12.764102354123922,0.0,10.164834473210922,0.0
Hobon,404.26666666666665,0.0,18.55180097706158,0.0,340.278199434508,0.0,198.0,0.0,136.46029157552522,0.0,12.395147181828884,0.0,14.071247279470288,0.0,9.862516263332672,0.0,778.8830612411615,0.0,155.26534786081402,0.0,116.01943600289593,0.0,4.5616965242715395,0.0,14.443559167333536,0.0,2320.0934274996775,0.0,980.9210812523497,0.0,12.395147177162789,0.0,11.238288852634449,0.0,8.877052988317727,0.0
Hocke,378.2627450980392,0.0,17.939955814041614,0.0,338.5512799162009,0.0,199.0,0.0,135.45846829652413,0.0,12.29169016148799,0.0,14.106735979665885,0.0,9.76859411828998,0.0,785.9917353240214,0.0,191.96813511895363,0.0,143.22043479805035,0.0,5.035434188727744,0.0,15.271686037180789,0.0,2524.46438048386,0.0,640.6518692527485,0.0,12.291690157529256,0.0,10.87276451263638,0.0,8.843701782015495,0.0
Hoden,402.15294117647056,0.0,18.497379928143193,0.0,341.0107044061251,0.0,203.0,0.0,139.17180968521507,0.0,12.415651753013277,0.0,14.247806848775006,0.0,9.94879544645226,0.0,819.4803939495147,0.0,310.74884875491614,0.0,226.56378000240173,0.0,4.616701031301013,0.0,12.085528796818927,0.0,2411.147368772838,0.0,841.0170747373965,0.0,12.415651761380285,0.0,11.249337237631577,0.0,8.987430032074574,0.0
Hokle,380.313725490196,0.0,18.039484226475192,0.0,380.31011845979197,0.0,265.0,0.0,186.10450935643382,0.0,13.764727291116154,0.0,16.278820596099706,0.0,11.636168924386896,0.0,869.6876513999521,0.0,481.7703275025617,0.0,386.55193617250166,0.0,7.572876530468311,0.0,22.429392369700707,0.0,4519.862878313377,0.0,2365.5253037170187,0.0,13.764727310785169,0.0,13.009998423287534,0.0,10.770025648309145,0.0
Hokon,403.74117647058824,0.0,18.58336827157018,0.0,351.7212560896473,0.0,224.0,0.0,154.7315280913766,0.0,12.83581875392057,0.0,14.966629547095765,0.0,10.51880305417934,0.0,865.0582257494383,0.0,477.7771661756157,0.0,381.6321563493893,0.0,4.425030945691542,0.0,23.509696928475847,0.0,2665.6739596077855,0.0,2236.0822049649737,0.0,12.835818769704959,0.0,11.853855145106284,0.0,9.569185940586344,0.0
Honat,376.0627450980392,0.0,17.888555855731173,0.0,332.8302250360358,0.0,207.0,0.0,136.07734832120823,0.0,12.085821614133263,0.0,14.38749456993816,0.0,9.59649845346693,0.0,771.202243092206,0.0,129.15526149075376,0.0,93.02891018721313,0.0,7.372931496153465,0.0,13.429052138028196,0.0,2445.0812967299576,0.0,1184.6745328509546,0.0,12.08582161716828,0.0,11.150582797761162,0.0,8.508611490466164,0.0
Honry,369.38039215686274,0.0,17.77477531354857,0.0,373.1831868418267,0.0,269.0,0.0,182.21572944470444,0.0,13.44219193277435,0.0,16.401219466856727,0.0,11.304112922147105,0.0,6173.323257799113,0.0,422.30642464472754,0.0,313.2104784891822,0.0,7.377334915713069,0.0,14.173904377728899,0.0,2411.8706950297,0.0,865.9524014248184,0.0,13.442191933315696,0.0,12.350561442537584,0.0,10.335224390715174,0.0
Horde,376.4039215686274,0.0,17.894160618392583,0.0,339.64365634177693,0.0,204.0,0.0,138.01511930596206,0.0,12.334736658483628,0.0,14.2828568570857,0.0,9.847451023214179,0.0,790.0097732888482,0.0,190.2527570372802,0.0,138.0433560115628,0.0,5.207857356140611,0.0,11.120716403397415,0.0,2895.035283661863,0.0,2104.2290650209497,0.0,12.334736665349546,0.0,11.126740796702169,0.0,8.880627001173382,0.0
Hordu,386.43921568627457,0.0,18.17654123555871,0.0,354.91466002102715,0.0,235.0,0.0,158.12577214579696,0.0,12.854500567744683,0.0,15.329709716755891,0.0,10.499734233876064,0.0,791.1583989382221,0.0,201.83409046155077,0.0,143.87097151298903,0.0,4.67418937313676,0.0,19.02903382716207,0.0,2883.2285991366048,0.0,2088.999862833954,0.0,12.854500572005168,0.0,11.799350951994139,0.0,9.49706719023236,0.0
Horet,338.3686274509804,0.0,16.954487327043417,0.0,322.6343150525399,0.0,197.0,0.0,129.3965811768167,0.0,11.77212081555522,0.0,14.035668847618199,0.0,9.36087610131617,0.0,770.0677510423128,0.0,121.27059022825135,0.0,88.5063936038532,0.0,9.752341169725714,0.0,12.451213594498768,0.0,2162.9543872510876,0.0,740.3679966234224,0.0,11.772120823462847,0.0,10.815269461850491,0.0,8.391411017493295,0.0
Hosen,361.764705882353,0.0,17.515369205375467,0.0,318.82447874923025,0.0,169.0,0.0,113.68031812915945,0.0,11.61505207095213,0.0,13.0,0.0,8.883441956310008,0.0,770.2743401790576,0.0,120.95637558124793,0.0,88.69156943800657,0.0,6.279452393352967,0.0,11.371555059134273,0.0,3145.967125740082,0.0,737.6316008159106,0.0,11.615052075421985,0.0,9.908448607739611,0.0,7.90585897695453,0.0
Hotel,343.70980392156866,0.0,17.099810125955024,0.0,347.67729125091057,0.0,219.0,0.0,149.97189410223007,0.0,12.659279622963917,0.0,14.798648586948742,0.0,10.323519042613928,0.0,863.0285202768156,0.0,319.3694990136089,0.0,243.03959407364889,0.0,9.840283379403974,0.0,13.717809535535185,0.0,3726.6224669896724,0.0,1913.993755073589,0.0,12.659279634486966,0.0,11.460700028155479,0.0,9.418253273506476,0.0
Hotto,347.5647058823529,0.0,17.155180197609607,0.0,351.9958926649307,0.0,224.0,0.0,155.29093248610727,0.0,12.855416680916893,0.0,14.966629547095765,0.0,10.545749578050806,0.0,816.8235100491306,0.0,349.11675696821953,0.0,237.84213784631925,0.0,8.122459996496936,0.0,13.329005990658407,0.0,3242.1281768039976,0.0,1633.150166463306,0.0,12.855416690193328,0.0,11.637533687736195,0.0,9.615846412340938,0.0
Hpcks,392.90588235294115,0.0,18.308544003955927,0.0,369.5568807588754,0.0,251.0,0.0,171.2284964441401,0.0,13.283901337393017,0.0,15.84297951775486,0.0,11.032907661749912,0.0,1603.577298058443,0.0,1153.7446731757036,0.0,936.4057828937471,0.0,8.370382835453146,0.0,24.06361495869419,0.0,6001.902615278096,0.0,1859.1221533024259,0.0,13.283901325812629,0.0,12.071877149674037,0.0,10.044971498684152,0.0
Hpckt,395.25882352941176,0.0,18.379916910483946,0.0,372.3965396569624,0.0,261.0,0.0,177.78953532417398,0.0,13.39288863221146,0.0,16.15549442140351,0.0,11.21622468885248,0.0,1603.4756633253908,0.0,1153.4690361316093,0.0,936.242949942693,0.0,7.897243340245478,0.0,23.456113354489418,0.0,6016.059525231848,0.0,1882.0274627438475,0.0,13.392888614667044,0.0,12.532360782332084,0.0,10.229311553597448,0.0
Hpmgn,484.5019607843137,0.0,20.326058789094645,0.0,445.6019237438969,0.0,321.0,0.0,234.52811284527405,0.0,15.532529381122831,0.0,17.916472867168917,0.0,13.37544902220996,0.0,4567.995693606426,0.0,1218.2629958476814,0.0,979.1031648061492,0.0,3.860212001722541,0.0,23.95874278974129,0.0,5937.367853460344,0.0,2456.754802514398,0.0,15.53252937438973,0.0,14.320586222891274,0.0,12.338071396943386,0.0
Hpnry,394.82745098039214,0.0,18.400005432692307,0.0,395.53298626971525,0.0,299.0,0.0,204.80817089028795,0.0,14.110394724499885,0.0,17.291616465790582,0.0,12.07712071319057,0.0,6329.508976879228,0.0,1212.9378728588351,0.0,976.648266640239,0.0,8.789239183058307,0.0,22.578602878741382,0.0,5976.956279149905,0.0,1969.0544606364524,0.0,14.110394716549617,0.0,13.126786121599409,0.0,11.10720804494796,0.0
Hqjlq,396.85490196078433,0.0,18.42372139901136,0.0,432.0339489376145,0.0,324.0,0.0,229.93294303809705,0.0,15.141088302862979,0.0,18.0,0.0,13.045189078734003,0.0,28923049.76943517,0.0,246352.21212004198,0.0,242665.7154534509,0.0,7.440552186587751,0.0,389.5630420869428,0.0,5525.791056186777,0.0,1933.5916453183602,0.0,15.14108832966693,0.0,14.252630435060325,0.0,11.984225060149244,0.0
Hqnsx,387.12549019607843,0.0,18.174955200489283,0.0,358.32743726107935,0.0,240.0,0.0,161.83065810209152,0.0,12.965842825876788,0.0,15.491933384829668,0.0,10.63899703866006,0.0,247439.9253982492,0.0,80285.93581812699,0.0,78040.32340173436,0.0,9.334009760049911,0.0,199.56018746217026,0.0,3086.9409158433564,0.0,1761.006505657765,0.0,12.965842836224283,0.0,11.75878479010116,0.0,9.541025001571795,0.0
Hrllt,316.77647058823527,0.0,16.531791980836644,0.0,403.87869233062895,0.0,321.0,0.0,219.15053933110443,0.0,14.403395144684348,0.0,17.916472867168917,0.0,12.444711083837687,0.0,783.356964629441,0.0,175.8965685134326,0.0,139.10752256921737,0.0,9.94038660158545,0.0,12.697896964240963,0.0,8643.563362437057,0.0,3722.6876317162073,0.0,14.403395144109691,0.0,13.754989634498997,0.0,11.461269474044679,0.0
Hrmzr,377.10588235294114,0.0,18.049061251829134,0.0,427.05653950189355,0.0,344.0,0.0,239.70285270258586,0.0,15.09504908791847,0.0,18.547236990991408,0.0,13.18742482618833,0.0,3407.3829679227065,0.0,292.6174726279345,0.0,222.77134201476247,0.0,7.933566427299497,0.0,18.426906967248122,0.0,4533.576567438769,0.0,2062.7563505237235,0.0,15.09504908571646,0.0,14.185946323615768,0.0,12.157451011660934,0.0
Hsjlt,325.0588235294118,0.0,16.647383539178154,0.0,397.27911635622786,0.0,300.0,0.0,205.8060609397518,0.0,14.16418572670865,0.0,17.320508075688775,0.0,12.097387445401353,0.0,1791.1676651172627,0.0,396.1275603596193,0.0,341.6779109856713,0.0,10.027738552656594,0.0,53.03122999298601,0.0,5370.364419216969,0.0,1342.7837908287595,0.0,14.16418575777055,0.0,13.375338303643689,0.0,11.05335735603974,0.0
Hsttz,330.9568627450981,0.0,16.796364557862827,0.0,359.68258465941483,0.0,260.0,0.0,174.5266102261948,0.0,13.093770832774718,0.0,16.1245154965971,0.0,10.99633380336509,0.0,770.6955996014855,0.0,143.7879687938969,0.0,108.73945713987705,0.0,8.011704094579635,0.0,27.620015460592455,0.0,3583.2428542354032,0.0,1563.6180940972445,0.0,13.093770836138486,0.0,12.133809386898012,0.0,9.975299818189766,0.0
Htbtp,398.67058823529413,0.0,18.41769246178984,0.0,387.5531936091798,0.0,280.0,0.0,195.42574626750957,0.0,13.953731370204771,0.0,16.73320053068151,0.0,11.892238801091112,0.0,3250.7783913672606,0.0,1987.7076720214704,0.0,1884.3147122710495,0.0,4.255924347789228,0.0,39.26005676934875,0.0,3419.6352790356377,0.0,2062.58800955553,0.0,13.953731365737937,0.0,13.578850230254757,0.0,10.974240246938546,0.0
Htfkn,402.7529411764706,0.0,18.55377711239644,0.0,402.0114955351176,0.0,310.0,0.0,212.29282105399636,0.0,14.316406360341366,0.0,17.60681686165901,0.0,12.28812633161801,0.0,1226.847112789221,0.0,620.8099788233206,0.0,458.42511861948077,0.0,3.27224821035941,0.0,21.783963393292094,0.0,7270.451997189965,0.0,6111.995487004678,0.0,14.316406321174837,0.0,13.557370760314837,0.0,11.249999107147014,0.0
Htnbn,400.8980392156863,0.0,18.52252678394959,0.0,348.8997482723213,0.0,231.0,0.0,154.25155797438327,0.0,12.664461420647186,0.0,15.198684153570664,0.0,10.302240720922583,0.0,776.3351965762886,0.0,136.77482929712895,0.0,102.78819172429992,0.0,2.8102407244587932,0.0,19.120667250548205,0.0,3222.804285294044,0.0,1960.9532808901201,0.0,12.664461429812176,0.0,12.038916131389794,0.0,9.2773874889738,0.0
Htscr,313.2078431372549,0.0,16.312018198747296,0.0,348.9279042403477,0.0,242.0,0.0,157.9746259455718,0.0,12.606146398008644,0.0,15.556349186104045,0.0,10.31376896704861,0.0,776.1514572889685,0.0,148.04453944000193,0.0,107.85503690113698,0.0,12.022091032271865,0.0,19.51939300584407,0.0,3583.214339341323,0.0,2151.6948588292867,0.0,12.606146407503038,0.0,11.727920647002291,0.0,9.217367356327616,0.0
Htstr,316.09411764705885,0.0,16.3903704815156,0.0,363.6803115100856,0.0,268.0,0.0,178.87781427408868,0.0,13.17964757301931,0.0,16.3707055437449,0.0,11.100590745668638,0.0,776.6142884759677,0.0,151.50622000832507,0.0,112.67006193032447,0.0,11.557021838940768,0.0,16.315872692553437,0.0,4092.115877463688,0.0,2026.6608480718123,0.0,13.17964757753897,0.0,12.592170540778277,0.0,10.079764442076915,0.0
Hufus,381.1960784313726,0.0,18.00640195435478,0.0,367.8460401982318,0.0,252.0,0.0,170.4220006570705,0.0,13.247933907106132,0.0,15.874507866387544,0.0,10.956481702787753,0.0,1212.2564507964476,0.0,600.9984019204428,0.0,441.8144578309664,0.0,8.344544490111494,0.0,19.586927722647452,0.0,7480.033988332967,0.0,5984.798189745305,0.0,13.247933873726247,0.0,11.847280781335586,0.0,9.92439207579116,0.0
Hugul,407.99999999999994,0.0,18.674300630462948,0.0,388.5250553700571,0.0,284.0,0.0,193.82062538039173,0.0,13.871960174228244,0.0,16.852299546352718,0.0,11.728294817436232,0.0,1820.5020496368693,0.0,384.67052342182575,0.0,283.7630175261333,0.0,7.990765628500196,0.0,16.687402194315023,0.0,4296.989719612509,0.0,1998.0161391450556,0.0,13.871960189481399,0.0,13.112518316852412,0.0,10.714072750280426,0.0
Huhör,396.18823529411765,0.0,18.397123791048433,0.0,358.88665494162774,0.0,241.0,0.0,162.55120939172008,0.0,12.97697141785493,0.0,15.524174696260024,0.0,10.66154001696697,0.0,796.2130889470785,0.0,252.9568868717925,0.0,210.54717782213402,0.0,8.323278532277424,0.0,21.970607630839268,0.0,2914.3119261750985,0.0,2202.7492902229164,0.0,12.976971431750059,0.0,12.248541461189946,0.0,9.62357152830287,0.0
Humor,404.55294117647054,0.0,18.6153938274488,0.0,401.77446772813437,0.0,283.0,0.0,201.315213125222,0.0,14.377749042688132,0.0,16.822603841260722,0.0,12.216301215990512,0.0,3408.0986309576583,0.0,294.9213723646649,0.0,225.23258024537864,0.0,8.76710028514738,0.0,16.114940330130523,0.0,2669.0323326786784,0.0,1737.5236267768641,0.0,14.377749060720955,0.0,13.243707428203582,0.0,11.185736256939517,0.0
Humus,415.3921568627451,0.0,18.844490371934487,0.0,397.5616422915613,0.0,282.0,0.0,198.63087356449597,0.0,14.246227176220488,0.0,16.792855623746664,0.0,12.088919987875537,0.0,3407.172570822494,0.0,286.68498385259306,0.0,217.53912912876967,0.0,7.451607927164991,0.0,15.48424144741176,0.0,3157.671841623087,0.0,1673.9727519825894,0.0,14.24622719487063,0.0,12.929291613110848,0.0,11.080608417381702,0.0
Hunan,402.6509803921569,0.0,18.58205076234617,0.0,336.60085734289385,0.0,207.0,0.0,136.0683512082639,0.0,12.20524350248461,0.0,14.38749456993816,0.0,9.585106761170083,0.0,767.8870145538132,0.0,121.45844627046066,0.0,86.09993959800741,0.0,4.495074684543632,0.0,12.98061446502761,0.0,2751.4468953771707,0.0,1369.0594211439634,0.0,12.205243522990541,0.0,10.851189400008222,0.0,8.458310654492724,0.0
Hunde,409.16862745098035,0.0,18.692869235247414,0.0,341.0403405601777,0.0,203.0,0.0,137.19173286763757,0.0,12.377601251496285,0.0,14.247806848775006,0.0,9.801031278596804,0.0,786.6834814194965,0.0,183.4300911968681,0.0,132.64151439381087,0.0,4.504452712823035,0.0,10.687327668935401,0.0,3159.6355812458587,0.0,2239.482376886338,0.0,12.3776012702229,0.0,11.201471630476416,0.0,8.807612674389834,0.0
Hurku,392.0235294117647,0.0,18.382874868407495,0.0,366.22777406758655,0.0,269.0,0.0,178.5511693016709,0.0,13.236305464820376,0.0,16.401219466856727,0.0,11.054742356829488,0.0,783.8988692721489,0.0,200.69765642112003,0.0,145.73638352689113,0.0,4.74856410511112,0.0,19.759218679825505,0.0,2695.7747400412954,0.0,1001.9091986229574,0.0,13.236305488306103,0.0,12.294392051243541,0.0,10.025887081311783,0.0
Hurtu,355.41960784313727,0.0,17.461689597916767,0.0,361.16991130145516,0.0,258.0,0.0,172.4965175473138,0.0,13.109091210404667,0.0,16.06237840420901,0.0,10.892772339826312,0.0,769.3946497347434,0.0,142.5320520957864,0.0,100.62947334145048,0.0,8.19367631992053,0.0,18.253607639554488,0.0,3405.7641311524726,0.0,1593.303644277746,0.0,13.109091232777189,0.0,12.103139459618966,0.0,9.896679945488073,0.0
Husar,354.9764705882353,0.0,17.398278207421928,0.0,339.10876895157395,0.0,215.0,0.0,140.6039523869093,0.0,12.27156037420825,0.0,14.66287829861518,0.0,9.73016202429079,0.0,768.359322419714,0.0,130.88392186508798,0.0,91.34922709939347,0.0,9.905238690077011,0.0,13.970755324989579,0.0,3672.995095465219,0.0,1348.7912801082098,0.0,12.271560390334455,0.0,10.90523644089152,0.0,8.577635063150097,0.0
Hvnhb,420.71372549019605,0.0,18.99496847520645,0.0,365.9272918879233,0.0,246.0,0.0,167.5391952695282,0.0,13.210388628641976,0.0,15.684387141358123,0.0,10.882689059040803,0.0,823.2251603115462,0.0,295.03082130716876,0.0,227.27791908066484,0.0,3.871788673214444,0.0,100.23751867648154,0.0,4196.8204944778345,0.0,1996.269922541864,0.0,13.21038862501559,0.0,12.002041492459053,0.0,9.854877883003326,0.0
Hvrts,318.98039215686276,0.0,16.495743628656474,0.0,362.1522272166658,0.0,266.0,0.0,177.10218342283628,0.0,13.124850618356081,0.0,16.30950643030009,0.0,11.037831666474254,0.0,769.3347811033422,0.0,140.24225250445997,0.0,102.94034828412391,0.0,11.042144728657936,0.0,98.01193992766629,0.0,4010.4220728090336,0.0,2203.0809227919644,0.0,13.12485062614501,0.0,11.915335874703208,0.0,10.002601623952774,0.0
Hvxvn,360.52941176470586,0.0,17.60790733208089,0.0,365.720513798158,0.0,262.0,0.0,175.87615532612386,0.0,13.24475425336417,0.0,16.186414056238647,0.0,11.027858774360583,0.0,770.2298194518127,0.0,147.20575149023327,0.0,108.68953891869944,0.0,6.238248697859095,0.0,109.92444972288675,0.0,4964.114718777519,0.0,1862.8417942248743,0.0,13.244754259427443,0.0,11.379845110524462,0.0,9.935898393472806,0.0
Hxfms,410.93333333333334,0.0,18.691393245787374,0.0,463.7922648203215,0.0,377.0,0.0,270.4444002401982,0.0,16.09361984299245,0.0,19.4164878389476,0.0,14.249952412362385,0.0,7955.176534278194,0.0,880.6320654707938,0.0,663.3280491440703,0.0,4.618205682597083,0.0,61.471884625045185,0.0,7661.385406348459,0.0,6139.1549929302,0.0,16.093619796715345,0.0,14.937461471451734,0.0,13.284533699306868,0.0
Hymnv,423.121568627451,0.0,19.04408370552405,0.0,429.293741581968,0.0,325.0,0.0,231.93566849512314,0.0,15.15969771184995,0.0,18.027756377319946,0.0,13.142526406781228,0.0,39139.98148854596,0.0,2262.161564080373,0.0,1702.3605899096005,0.0,6.835791581641609,0.0,77.97450767932132,0.0,2984.3757870317186,0.0,2078.081274947807,0.0,15.159697716763347,0.0,13.621793940645448,0.0,12.117579229788179,0.0
Hzkrz,372.42352941176466,0.0,17.982467432143366,0.0,388.52515311551815,0.0,314.0,0.0,211.09304545261247,0.0,13.998383823468073,0.0,17.72004514666935,0.0,12.117609366240181,0.0,861.3192488439375,0.0,480.5705322778618,0.0,383.47991716427316,0.0,8.204067149870903,0.0,42.088479161608234,0.0,2898.7230016146113,0.0,2298.3389378420547,0.0,13.998383837010953,0.0,13.52630045811004,0.0,11.110161124408732,0.0
Hähne,420.8274509803922,0.0,18.918978182934495,0.0,339.72423508370474,0.0,203.0,0.0,135.74691661411944,0.0,12.295808331556135,0.0,14.247806848775006,0.0,9.690141677652427,0.0,773.7616425039813,0.0,136.13279088991848,0.0,100.5039640735919,0.0,6.8756573357279045,0.0,13.303030297801108,0.0,8214.831864887683,0.0,6278.407127478754,0.0,12.295808346156063,0.0,11.264873223639464,0.0,8.640478698059544,0.0
Händä,445.5882352941176,0.0,19.430585845058793,0.0,373.9822700575562,0.0,250.0,0.0,169.4208454558438,0.0,13.346754980317147,0.0,15.811388300841896,0.0,10.922990514001935,0.0,1570.0942524279765,0.0,1453.6413922653296,0.0,1305.8090136849073,0.0,2.620533126285958,0.0,550.0930634014576,0.0,8295.84938770691,0.0,6524.411781382494,0.0,13.346754992261989,0.0,12.511315241444844,0.0,9.77231537505728,0.0
Hännä,427.12549019607843,0.0,19.04791869100281,0.0,354.53333206825965,0.0,230.0,0.0,152.62332542802886,0.0,12.735425681838683,0.0,15.165750888103101,0.0,10.236632843046918,0.0,1560.1153279839616,0.0,1446.1920878165886,0.0,1301.4968447992828,0.0,4.03462245266854,0.0,550.0967560507726,0.0,8110.54057722854,0.0,6232.507382989111,0.0,12.735425694902293,0.0,11.711055115606168,0.0,9.060987281611256,0.0
Härte,358.5764705882353,0.0,17.426825759597282,0.0,350.96696418145575,0.0,229.0,0.0,153.98176144091755,0.0,12.712457458766155,0.0,15.132745950421556,0.0,10.334085632118487,0.0,771.9519917387378,0.0,139.79423260908197,0.0,104.27259865557654,0.0,10.108396655294133,0.0,11.937717626879271,0.0,8395.801016957545,0.0,6327.626123974817,0.0,12.712457464493712,0.0,11.691145998300941,0.0,9.323791926117185,0.0
Häsär,379.4509803921569,0.0,17.894990374613148,0.0,352.8283250232908,0.0,225.0,0.0,149.08710428804412,0.0,12.672087495877491,0.0,15.0,0.0,10.108427859904635,0.0,787.8726985085747,0.0,222.42273543139686,0.0,177.6470751516685,0.0,9.16990130139381,0.0,56.687734727628595,0.0,8525.783822697602,0.0,6208.18583183982,0.0,12.672087497331121,0.0,11.461558084445121,0.0,8.902158516423293,0.0
Höböt,407.25882352941176,0.0,18.52599117716786,0.0,358.6754709907741,0.0,225.0,0.0,156.5268424237111,0.0,12.987433226252609,0.0,15.0,0.0,10.632724153489502,0.0,812.6339068806324,0.0,303.28790630169516,0.0,243.00105120464988,0.0,7.218446843073082,0.0,23.649156979239816,0.0,8122.027952327305,0.0,9060.928984547298,0.0,12.987433236154518,0.0,12.310512497018783,0.0,9.661522605495684,0.0
Höhen,411.90196078431376,0.0,18.714181165663348,0.0,341.5951327163108,0.0,205.0,0.0,139.80134449451913,0.0,12.423052988868424,0.0,14.317821063276353,0.0,9.938465357508232,0.0,786.883455794437,0.0,211.63476877902863,0.0,151.66239056964804,0.0,5.535953059131098,0.0,12.299945831980338,0.0,8153.6912779371905,0.0,8916.60428111093,0.0,12.423053022760262,0.0,11.435390743244023,0.0,9.002923992423753,0.0
Höhle,391.49411764705883,0.0,18.25424231659217,0.0,379.06986429598606,0.0,256.0,0.0,179.3942270424622,0.0,13.661115174686987,0.0,16.0,0.0,11.419587087309045,0.0,796.5990070451548,0.0,235.59031553603762,0.0,176.01496702077063,0.0,8.290037104873598,0.0,14.283457755165418,0.0,8947.812699738857,0.0,8963.259596419,0.0,13.661115202319325,0.0,12.899241750908445,0.0,10.528772848124202,0.0
Höhlö,405.79607843137256,0.0,18.56516065945616,0.0,399.5639590826631,0.0,278.0,0.0,197.5438726245975,0.0,14.268476866124816,0.0,16.673332000533065,0.0,12.079845361688143,0.0,1635.875002435142,0.0,1694.2410583456005,0.0,1423.17909714928,0.0,6.100843359661815,0.0,932.8067813255569,0.0,9442.349716081544,0.0,9168.677563374236,0.0,14.265793309235306,0.0,13.54183036026162,0.0,11.155300520180711,0.0
Höllö,368.4588235294118,0.0,17.70317656783889,0.0,407.4774491653796,0.0,285.0,0.0,203.41596195977422,0.0,14.491595097741508,0.0,16.881943016134134,0.0,12.280947363452496,0.0,1637.0574364878942,0.0,1694.8481501167223,0.0,1423.8254528630712,0.0,7.823579093053799,0.0,932.731223375629,0.0,11360.02283553472,0.0,9719.70742156528,0.0,14.488952852537635,0.0,13.498998521050982,0.0,11.346246509375506,0.0
Hörer,343.4745098039216,0.0,17.08967235472492,0.0,334.6537594958012,0.0,214.0,0.0,141.28967271039699,0.0,12.175407633073297,0.0,14.628738838327793,0.0,9.827125268630798,0.0,783.8183833914715,0.0,211.20667289888692,0.0,150.21841294447452,0.0,11.703203377718946,0.0,12.164050458102205,0.0,8081.971533425068,0.0,8872.351032292998,0.0,12.17540763314018,0.0,11.250702468882757,0.0,8.848944863763966,0.0
Hürde,394.6980392156862,0.0,18.334512282529253,0.0,352.46423728719276,0.0,222.0,0.0,150.40572918523262,0.0,12.747495233128035,0.0,14.89966442575134,0.0,10.28552979666307,0.0,791.7444048406776,0.0,200.44541747495427,0.0,146.3609216111973,0.0,5.726260109058132,0.0,11.892302587025668,0.0,3597.346732653997,0.0,4768.311237791317,0.0,12.747495238799308,0.0,11.61075682019824,0.0,9.304145575417042,0.0
Hüter,356.6627450980392,0.0,17.41861064850638,0.0,339.1820365212029,0.0,216.0,0.0,143.79940736137598,0.0,12.34927613334726,0.0,14.696938456699069,0.0,9.943203883498784,0.0,773.0870661816946,0.0,144.8912082196018,0.0,106.26679808193799,0.0,11.810387228674262,0.0,13.177436101197626,0.0,3174.313295461213,0.0,4380.469114893024,0.0,12.349276134507628,0.0,11.278168557512402,0.0,8.96319253684708,0.0
Iband,375.6745098039216,0.0,17.842012892823117,0.0,365.733041596811,0.0,242.0,0.0,162.58958268612565,0.0,13.092766587144869,0.0,15.556349186104045,0.0,10.677938668379312,0.0,1054.873428854912,0.0,672.6442041587355,0.0,498.59087109058015,0.0,7.929161948475992,0.0,25.089246664536432,0.0,7308.238980129358,0.0,2711.33843533503,0.0,13.092766473576262,0.0,11.723682763119445,0.0,9.589211197684815,0.0
Ichzt,302.84313725490193,0.0,16.054673504318224,0.0,350.45978744854966,0.0,249.0,0.0,160.3002718482166,0.0,12.589962481088472,0.0,15.7797338380595,0.0,10.307048134705306,0.0,771.3774941132688,0.0,130.85165862396806,0.0,90.28647206475634,0.0,6.154578721064279,0.0,20.518803486485524,0.0,6461.400019970467,0.0,2854.2539319037687,0.0,12.589962471085334,0.0,11.803268913718107,0.0,9.26242399161989,0.0
Icken,322.28235294117644,0.0,16.541079779187267,0.0,336.09001591642493,0.0,213.0,0.0,139.49575692986423,0.0,12.16221154010678,0.0,14.594519519326424,0.0,9.719625182561211,0.0,857.8401052484248,0.0,467.4814030104849,0.0,372.7881910776391,0.0,7.908978627367576,0.0,26.857318666995678,0.0,6492.514489016482,0.0,3310.217775647044,0.0,12.162211541466224,0.0,10.935684356495544,0.0,8.77185165048794,0.0
Icons,286.34509803921566,0.0,15.520458896809428,0.0,318.48583792676675,0.0,185.0,0.0,117.40071571213973,0.0,11.467861036409156,0.0,13.601470508735444,0.0,8.77934168737417,0.0,780.3767287342293,0.0,189.29422067571156,0.0,146.98785965128732,0.0,5.875264105065648,0.0,23.980380316277916,0.0,6401.64898114944,0.0,2599.756033128492,0.0,11.46786102000417,0.0,9.577211999041712,0.0,7.675228598326752,0.0
Ideen,335.0509803921568,0.0,16.808769063092583,0.0,320.0536602315895,0.0,167.0,0.0,110.53389025909388,0.0,11.566957577920359,0.0,12.922847983320086,0.0,8.719270765109089,0.0,1514.9344281778967,0.0,1564.4981309908298,0.0,1194.7556401022762,0.0,4.488932520335569,0.0,24.338461860897073,0.0,6434.08603852995,0.0,2555.543829547549,0.0,11.566957420732983,0.0,9.82307508789158,0.0,7.774819237350749,0.0
Idels,303.8392156862745,0.0,16.008582377182186,0.0,366.18419322605087,0.0,240.0,0.0,163.30435950906934,0.0,13.154999135429863,0.0,15.491933384829668,0.0,10.76500361904338,0.0,1520.3039256808188,0.0,1568.3645501455255,0.0,1198.3419761718144,0.0,6.404563550684455,0.0,26.335143114362666,0.0,7398.945633518642,0.0,2698.699175103951,0.0,13.154999016199785,0.0,11.825909866536938,0.0,9.817709241955768,0.0
Idils,284.9372549019608,0.0,15.558406779943141,0.0,384.00633403247707,0.0,273.0,0.0,184.76901270087706,0.0,13.69588631618372,0.0,16.522711641858304,0.0,11.413659776740614,0.0,1521.9306426167557,0.0,1568.7787412738226,0.0,1198.5939756826924,0.0,6.00837021856968,0.0,25.942497566571713,0.0,7683.052361887785,0.0,3069.074727315127,0.0,13.695886178729115,0.0,12.442743580299105,0.0,10.412691587598328,0.0
Idiot,299.5960784313726,0.0,15.912809819132173,0.0,346.9560154264729,0.0,219.0,0.0,145.2251737033541,0.0,12.498581377791169,0.0,14.798648586948742,0.0,10.002743734495368,0.0,1518.9588535377338,0.0,1567.0838829832792,0.0,1196.753562419329,0.0,4.656982499604957,0.0,23.95294093484914,0.0,6790.277926597908,0.0,2991.3397981287694,0.0,12.49858129090335,0.0,11.282982121508706,0.0,8.966309456639745,0.0
Idole,317.6627450980392,0.0,16.384348454519742,0.0,363.0941532155337,0.0,227.0,0.0,157.29548315272962,0.0,13.088688855281193,0.0,15.066519173319364,0.0,10.660587941260005,0.0,1526.707860820162,0.0,1575.402950713906,0.0,1204.7252262714217,0.0,5.0763930035300815,0.0,27.199315049091553,0.0,7475.292230951028,0.0,2718.257290309562,0.0,13.088688717818,0.0,11.787021153503257,0.0,9.76940375387001,0.0
Ihnon,347.65882352941173,0.0,17.21536513166903,0.0,341.12214649955195,0.0,206.0,0.0,136.9047270791464,0.0,12.30607014518901,0.0,14.352700094407323,0.0,9.717624035340108,0.0,805.1654477809726,0.0,258.7652774312148,0.0,185.77593145795439,0.0,4.491447388342747,0.0,14.157399974835801,0.0,6910.932597742741,0.0,2240.4570137284245,0.0,12.306070009073457,0.0,10.832014960989287,0.0,8.73048254770919,0.0
Illan,298.8392156862745,0.0,15.993160783575233,0.0,363.62250680058014,0.0,254.0,0.0,165.7879536967411,0.0,12.982562873318,0.0,15.937377450509228,0.0,10.57412131168104,0.0,782.7609692991697,0.0,171.13817576013025,0.0,125.41141546349883,0.0,9.64105819123242,0.0,18.045612891681003,0.0,9959.80029606487,0.0,4748.68699687029,0.0,12.982562910032375,0.0,11.970703546763712,0.0,9.51815363721026,0.0
Indas,336.1921568627451,0.0,16.848490555148498,0.0,348.7819544739542,0.0,228.0,0.0,148.82645578142174,0.0,12.50895054785402,0.0,15.0996688705415,0.0,10.039888353245505,0.0,817.4945712257754,0.0,313.780745261559,0.0,225.69809357976263,0.0,6.490865187360727,0.0,20.456569619999684,0.0,9202.864790078525,0.0,2551.0901912220424,0.0,12.508950556208084,0.0,11.059377013170316,0.0,8.934584091672672,0.0
Inder,320.4235294117647,0.0,16.491400482933656,0.0,342.21817440791403,0.0,226.0,0.0,147.30289721433974,0.0,12.339404868300576,0.0,15.033296378372908,0.0,9.97394118104623,0.0,816.5273012431829,0.0,312.08391075038173,0.0,224.44645245073716,0.0,6.679195857652235,0.0,18.268023349002885,0.0,9146.164332973383,0.0,2396.411977110501,0.0,12.339404877722215,0.0,11.264375010107006,0.0,8.973619872942962,0.0
Index,337.16078431372546,0.0,16.9053060699283,0.0,348.06826119450284,0.0,229.0,0.0,151.43306216276738,0.0,12.557183427592724,0.0,15.132745950421556,0.0,10.191718771798048,0.0,819.3528016662059,0.0,319.2743066812965,0.0,232.46564690538392,0.0,5.549256701328675,0.0,65.46460221426535,0.0,9190.826336998462,0.0,2391.9311390541952,0.0,12.557183437689108,0.0,11.133140078692737,0.0,9.17956094409512,0.0
Indiz,316.3843137254902,0.0,16.46903820904395,0.0,382.2208912245952,0.0,293.0,0.0,194.96234508764456,0.0,13.675250384710793,0.0,17.11724276862369,0.0,11.597169984380205,0.0,823.236466872487,0.0,329.16400595324137,0.0,237.50641018296446,0.0,5.577412460588236,0.0,27.675962391345845,0.0,9293.704713085757,0.0,2395.342533469347,0.0,13.675250377891102,0.0,12.84616088018706,0.0,10.612004884669219,0.0
Insel,285.3764705882353,0.0,15.541886947982961,0.0,341.3477844261428,0.0,213.0,0.0,140.37450227840876,0.0,12.29339597108459,0.0,14.594519519326424,0.0,9.79510522335409,0.0,859.2960213829093,0.0,316.93474667159535,0.0,238.85648671736274,0.0,3.695120014647959,0.0,18.580857759356473,0.0,9802.454709310035,0.0,2890.959563591891,0.0,12.29339597252626,0.0,10.66169696458819,0.0,8.849905327593921,0.0
Ionen,319.6078431372549,0.0,16.453742085142302,0.0,308.95473535587644,0.0,165.0,0.0,106.101858572325,0.0,11.180642345900061,0.0,12.84523257866513,0.0,8.379174496607513,0.0,769.079707233748,0.0,113.27807679735291,0.0,79.39070817298703,0.0,6.534087321820129,0.0,14.423464105988039,0.0,6255.441639941229,0.0,1776.1906367132297,0.0,11.18064234132898,0.0,9.559573707632746,0.0,7.442323003368488,0.0
Irben,319.5176470588235,0.0,16.46411777666156,0.0,334.5339467701863,0.0,210.0,0.0,137.3949158654182,0.0,12.108971674262255,0.0,14.491376746189438,0.0,9.637318693732729,0.0,770.1854145697387,0.0,127.42083934952669,0.0,90.02476175311357,0.0,8.039078319569976,0.0,15.549020027092538,0.0,7427.264230860381,0.0,2156.036323434709,0.0,12.108971662412182,0.0,10.802889596617435,0.0,8.729732212731554,0.0
Irnst,271.58431372549023,0.0,15.16453601774886,0.0,336.81859486895667,0.0,235.0,0.0,149.8261253715168,0.0,12.183125075466432,0.0,15.329709716755891,0.0,9.906419048056,0.0,766.6676073528308,0.0,121.61886515884973,0.0,84.70216837514103,0.0,4.624314559594626,0.0,15.620997801205105,0.0,7412.299795708323,0.0,2269.508911678689,0.0,12.183125058809278,0.0,11.12025101991508,0.0,8.91043886617184,0.0
Irnta,294.3333333333333,0.0,15.805494496726253,0.0,359.6858608680418,0.0,266.0,0.0,173.56380453422116,0.0,12.953187788103275,0.0,16.30950643030009,0.0,10.804242937474621,0.0,771.4316078052781,0.0,165.03269031549962,0.0,115.83024168777088,0.0,7.963921599824242,0.0,19.09102028663691,0.0,7732.0844534908265,0.0,2447.5497752898336,0.0,12.953187769501636,0.0,11.962585017921645,0.0,9.80870584346833,0.0
Irrer,250.46274509803925,0.0,14.606083326028038,0.0,329.1366958845015,0.0,227.0,0.0,142.96839474181797,0.0,11.902628811908398,0.0,15.066519173319364,0.0,9.624936696644202,0.0,766.4385096220261,0.0,125.70796219952133,0.0,86.22573285641589,0.0,3.9396824811890228,0.0,15.936463473045709,0.0,7413.368975205959,0.0,2099.199864011212,0.0,11.90262880711822,0.0,10.750470959772214,0.0,8.666748279579416,0.0
Islam,333.89803921568625,0.0,16.823039437080816,0.0,414.8651643820857,0.0,301.0,0.0,211.932941627961,0.0,14.655558131818735,0.0,17.349351572897472,0.0,12.50038945357489,0.0,4373.959310240636,0.0,414.631925083993,0.0,309.3383257933053,0.0,16.017789804629754,0.0,24.45943964524533,0.0,9209.298601242614,0.0,3878.70218707123,0.0,14.655558116789768,0.0,13.237542495041525,0.0,11.491909086450708,0.0
Itidi,277.6745098039216,0.0,15.36526788350507,0.0,374.711694475954,0.0,275.0,0.0,181.94034183156475,0.0,13.396760890673113,0.0,16.583123951777,0.0,11.181009937031519,0.0,918.5051895924333,0.0,336.5533497778392,0.0,222.60504761883098,0.0,7.390235611441331,0.0,23.11148431955735,0.0,6994.4560087028385,0.0,3329.747218740535,0.0,13.396760914929887,0.0,12.438607265736835,0.0,10.178452304532327,0.0
Ixtra,285.321568627451,0.0,15.546210462561332,0.0,365.5607784355444,0.0,277.0,0.0,180.9182596450185,0.0,13.146505619304625,0.0,16.64331697709324,0.0,11.029493104390937,0.0,776.567748885916,0.0,185.28775965966025,0.0,132.88144233120198,0.0,5.627833092825416,0.0,57.86257731702953,0.0,6928.039430510157,0.0,1951.719532325359,0.0,13.146505608396044,0.0,11.841777952593011,0.0,10.00927324648113,0.0
Jacht,324.39607843137253,0.0,16.51743245116901,0.0,332.7866823886559,0.0,200.0,0.0,130.0159051827228,0.0,11.977422244018829,0.0,14.142135623730951,0.0,9.33879657536001,0.0,805.1872310714741,0.0,235.78188307564872,0.0,153.9869983271523,0.0,4.358511244746471,0.0,10.549208913272542,0.0,6402.192391310618,0.0,1124.274545234556,0.0,11.977422223555271,0.0,10.617962409631371,0.0,8.28039378287457,0.0
Jacke,332.9490196078431,0.0,16.739232108437992,0.0,338.30084979349886,0.0,200.0,0.0,132.479688865254,0.0,12.16792407523445,0.0,14.142135623730951,0.0,9.538608126942718,0.0,818.6634920823111,0.0,277.4815152441218,0.0,189.76407895675842,0.0,4.796843528716275,0.0,15.316494377792143,0.0,5922.87054632093,0.0,844.457155030073,0.0,12.16792407626637,0.0,10.4522824706972,0.0,8.560532874051573,0.0
Jagen,366.043137254902,0.0,17.51104314610042,0.0,348.5652356629704,0.0,211.0,0.0,141.34311191616922,0.0,12.490390916629725,0.0,14.52583904633395,0.0,9.917744002633306,0.0,1794.5030277183416,0.0,315.59506405815614,0.0,212.53113538841484,0.0,5.526275055579603,0.0,10.492620875840068,0.0,5759.723436736053,0.0,990.6512751718776,0.0,12.49039092405318,0.0,11.12858561624381,0.0,8.887463314805874,0.0
Jahre,329.55686274509804,0.0,16.676208110809164,0.0,351.5094580542244,0.0,232.0,0.0,153.21402451612352,0.0,12.649167074278088,0.0,15.231546211727817,0.0,10.233610370374603,0.0,807.7346311844924,0.0,247.05948858763136,0.0,162.6005354767106,0.0,4.834249144631633,0.0,11.978350607747302,0.0,5956.3564273637985,0.0,1355.261836024025,0.0,12.649167076496196,0.0,11.479991651089303,0.0,9.264427697889316,0.0
Japan,367.6666666666667,0.0,17.621903203416277,0.0,346.2969146620079,0.0,207.0,0.0,138.36129210163338,0.0,12.454749398812655,0.0,14.38749456993816,0.0,9.80357764920563,0.0,1147.208420719311,0.0,646.1975946191609,0.0,556.8565466245751,0.0,4.892204859708565,0.0,21.772311256392523,0.0,5863.064479991741,0.0,1302.8409195497672,0.0,12.4547494093702,0.0,10.867864603111682,0.0,8.74746794697071,0.0
Jcrys,278.8588235294118,0.0,15.29273749428807,0.0,365.0292184303997,0.0,259.0,0.0,170.95963648598175,0.0,13.05123751170871,0.0,16.09347693943108,0.0,10.843808104882982,0.0,93427.32152364713,0.0,4121.5937752128075,0.0,2688.572738514924,0.0,3.8137681811785304,0.0,37.665811127050105,0.0,5813.273830543531,0.0,2073.405802188852,0.0,13.051237496274464,0.0,11.338110817763894,0.0,9.80682370249735,0.0
Jecke,321.00392156862745,0.0,16.419749738308006,0.0,328.5931337599992,0.0,186.0,0.0,123.73122162628833,0.0,11.870826402544242,0.0,13.638181696985855,0.0,9.244573757191462,0.0,818.3010912139537,0.0,276.2968200179838,0.0,189.1345420537796,0.0,5.804921689508348,0.0,15.300339595674219,0.0,6007.511530208558,0.0,978.4355979442065,0.0,11.870826390223948,0.0,10.060535702543152,0.0,8.343056300681878,0.0
Jeeps,321.8509803921569,0.0,16.392181255259082,0.0,325.0652059773586,0.0,175.0,0.0,117.67824653076403,0.0,11.779102944493417,0.0,13.228756555322953,0.0,9.102082482844956,0.0,992.4091778204903,0.0,506.4339825858392,0.0,402.76863689527875,0.0,5.343873621526616,0.0,23.852598177811128,0.0,5847.745826311161,0.0,1218.8427346873166,0.0,11.779102929799588,0.0,9.903687676718656,0.0,8.178494377194125,0.0
Jemen,363.0078431372549,0.0,17.494726837765363,0.0,375.4103654109382,0.0,234.0,0.0,166.94631635368881,0.0,13.524890756493054,0.0,15.297058540778355,0.0,11.160649843589304,0.0,3415.3127077225176,0.0,345.826646460055,0.0,249.6518885516805,0.0,6.079803588928541,0.0,12.050497958586158,0.0,5869.151578602421,0.0,1684.5314733082082,0.0,13.524890737884768,0.0,11.783333137060797,0.0,10.247698828762584,0.0
Jhntz,335.14509803921567,0.0,16.903290971723244,0.0,378.16480092822883,0.0,278.0,0.0,187.22623620942676,0.0,13.57839677482957,0.0,16.673332000533065,0.0,11.44864207684966,0.0,840.6679772169057,0.0,335.9613242242119,0.0,232.71694541248274,0.0,4.976025117256634,0.0,24.443795087203043,0.0,6836.308778227879,0.0,1956.4912713308595,0.0,13.578396666168485,0.0,12.556262098937948,0.0,10.476119185909315,0.0
Jhrln,319.44705882352946,0.0,16.530768208944636,0.0,393.74866535275703,0.0,292.0,0.0,199.01561269981056,0.0,14.027061678912931,0.0,17.08800749063506,0.0,11.877125335026381,0.0,847.0326271647283,0.0,342.0793136876487,0.0,240.21188334418025,0.0,5.310760451590748,0.0,17.188892708652368,0.0,7394.388413433684,0.0,1746.857755772301,0.0,14.027061563782718,0.0,12.801072633836911,0.0,10.91522635602198,0.0
Jirir,237.12941176470588,0.0,14.243217154479185,0.0,372.95521322023154,0.0,302.0,0.0,194.49180993970202,0.0,13.343046633582784,0.0,17.378147196982766,0.0,11.367799272570858,0.0,809.89281819111,0.0,257.4444843057468,0.0,168.1813214127915,0.0,4.034196496383272,0.0,14.453126314632483,0.0,7633.686047499059,0.0,2597.1487252527863,0.0,13.343046636156247,0.0,12.89419904467039,0.0,10.384667220263966,0.0
Jjxlt,283.73333333333335,0.0,15.502527729795288,0.0,403.04984946002116,0.0,320.0,0.0,215.8877157264746,0.0,14.283532104309737,0.0,17.88854381999832,0.0,12.29863098906366,0.0,10051.843453792671,0.0,2776.3798154812494,0.0,2065.9701867269837,0.0,3.5632519856410374,0.0,163.20292105019712,0.0,9376.846047860088,0.0,2176.15184691017,0.0,14.283532115172951,0.0,13.549257062694132,0.0,11.282473754162405,0.0
Jngjr,334.64313725490194,0.0,16.80412245058046,0.0,414.7268498468139,0.0,325.0,0.0,221.22696532256916,0.0,14.551748480808506,0.0,18.027756377319946,0.0,12.51384852858311,0.0,2349.0376987875206,0.0,494.0366778576315,0.0,379.21280161954803,0.0,7.4002557648985485,0.0,47.35097936966806,0.0,8786.960169989243,0.0,1815.6751002609906,0.0,14.551748468481433,0.0,13.693606200645464,0.0,11.486928587800412,0.0
Joule,307.956862745098,0.0,16.121691682771402,0.0,359.09936014904275,0.0,234.0,0.0,159.7943211021169,0.0,12.99317265473716,0.0,15.297058540778355,0.0,10.645135659767938,0.0,817.113919010071,0.0,264.31652866647806,0.0,183.43455371167667,0.0,3.8313512742164546,0.0,14.598437326863298,0.0,7247.281722676428,0.0,1404.6533164008304,0.0,12.993172647952498,0.0,11.724298746442628,0.0,9.766011984704432,0.0
Jrgll,309.77647058823527,0.0,16.21270238330985,0.0,435.772322267036,0.0,356.0,0.0,245.97319911073518,0.0,15.208365140793033,0.0,18.867962264113206,0.0,13.310221615804034,0.0,1840.7934502527653,0.0,449.2857865442133,0.0,326.46953068411193,0.0,6.688249626252086,0.0,17.97433475240669,0.0,8385.377902631393,0.0,2388.738938674948,0.0,15.208365131496345,0.0,14.4304353607311,0.0,12.35068552734677,0.0
Jschj,305.2705882352941,0.0,16.01615869941396,0.0,365.24054122847804,0.0,241.0,0.0,162.4485618671932,0.0,13.059621680322483,0.0,15.524174696260024,0.0,10.685104989662769,0.0,4112.074051571549,0.0,864.1592987052359,0.0,714.3960011378173,0.0,6.569477601015947,0.0,186.1396867581232,0.0,6607.220809047699,0.0,1126.595225258279,0.0,13.059621666769186,0.0,11.50323162113194,0.0,9.697148539702566,0.0
Jtllx,279.27450980392155,0.0,15.420919797377682,0.0,408.78794033820816,0.0,325.0,0.0,221.83790739421374,0.0,14.513161226435544,0.0,18.027756377319946,0.0,12.54189927824567,0.0,829.8459327686767,0.0,288.1525789756715,0.0,207.3068119723043,0.0,4.4296565349174655,0.0,65.1087531898688,0.0,9501.694703144969,0.0,3819.121777858262,0.0,14.513161207830722,0.0,13.593445923055725,0.0,11.559348490736896,0.0
Jubel,333.6156862745098,0.0,16.798885922673072,0.0,359.4795596829422,0.0,234.0,0.0,158.94324983935786,0.0,12.96108443810202,0.0,15.297058540778355,0.0,10.603837035504851,0.0,896.2743363048613,0.0,381.6037390348881,0.0,276.39230824352575,0.0,5.85448757727965,0.0,14.887184310480688,0.0,6642.66955705333,0.0,2030.8913926471607,0.0,12.96108445031406,0.0,11.76096775524583,0.0,9.709323362746973,0.0
Juden,354.9294117647059,0.0,17.323535958807867,0.0,344.22698872328687,0.0,211.0,0.0,141.88755565001972,0.0,12.455797472283562,0.0,14.52583904633395,0.0,9.960496717074603,0.0,851.5876152744539,0.0,371.44802214450425,0.0,259.9847797010608,0.0,5.020818470209847,0.0,12.02211357483638,0.0,6002.240295536527,0.0,1160.0898011225452,0.0,12.455797507115168,0.0,10.954396234936745,0.0,9.006143858051288,0.0
Judun,364.964705882353,0.0,17.615066425286148,0.0,355.10045568108416,0.0,238.0,0.0,158.40144424443594,0.0,12.821539137517558,0.0,15.427248620541512,0.0,10.468946040197673,0.0,852.3268537689208,0.0,376.1841800622286,0.0,262.37046585783526,0.0,5.240503448976737,0.0,15.216407773496535,0.0,6286.171607524471,0.0,1176.7558375533806,0.0,12.821539175149278,0.0,11.458565629609765,0.0,9.47616849193844,0.0
Junge,364.1333333333333,0.0,17.49938824657105,0.0,349.67045853831337,0.0,207.0,0.0,139.81469164037406,0.0,12.542375434554605,0.0,14.38749456993816,0.0,9.91978685183346,0.0,2819.098176007536,0.0,407.42644177010897,0.0,281.8469915567482,0.0,6.666940720587515,0.0,10.44625789940342,0.0,5952.306240979155,0.0,1368.7820416865318,0.0,12.542375441562676,0.0,10.958857435984083,0.0,8.942205304195838,0.0
Junme,373.0431372549019,0.0,17.783451132419767,0.0,404.90218435024696,0.0,286.0,0.0,203.395776233859,0.0,14.441308694612673,0.0,16.911534525287763,0.0,12.31431505109481,0.0,7902.833423355017,0.0,681.7694539670564,0.0,514.2871094040993,0.0,7.367871808813168,0.0,14.553882147334575,0.0,5948.399268203949,0.0,1876.4583622538541,0.0,14.44130869789392,0.0,13.152321727732375,0.0,11.483933014355923,0.0
Jurys,300.2313725490196,0.0,15.913956936439655,0.0,364.82262562952303,0.0,256.0,0.0,170.50636288125241,0.0,13.103162592300317,0.0,16.0,0.0,10.873631061128545,0.0,93427.31255076395,0.0,4121.522923617004,0.0,2688.543264252012,0.0,3.873987792941046,0.0,35.17167092626313,0.0,5916.725526685201,0.0,1092.4768132359745,0.0,13.103162596566582,0.0,11.361115340869304,0.0,9.87785687496245,0.0
Jxdrs,310.4509803921569,0.0,16.18533328221458,0.0,385.4105787742818,0.0,297.0,0.0,198.62550055457757,0.0,13.772926856905412,0.0,17.233687939614086,0.0,11.752024693031368,0.0,857.6324830553526,0.0,388.7859078125044,0.0,274.35395183675337,0.0,5.51280514898168,0.0,58.65606436876061,0.0,6494.174121794354,0.0,1083.5822172116623,0.0,13.772926842495465,0.0,12.55941525433161,0.0,10.753074496609209,0.0
Jüdin,347.3058823529411,0.0,17.163253487630524,0.0,391.67521830555495,0.0,287.0,0.0,195.73755479886233,0.0,13.967041436534835,0.0,16.941074346097416,0.0,11.775681039439352,0.0,861.4814794603382,0.0,390.9187549251625,0.0,274.318045261861,0.0,5.021302969307512,0.0,16.59235311625897,0.0,6450.329839872703,0.0,4377.260373333118,0.0,13.96704149376101,0.0,12.946396441094057,0.0,10.832392302988922,0.0
Kabul,390.79607843137256,0.0,18.253666056181167,0.0,350.2099509472124,0.0,233.0,0.0,153.92042125581895,0.0,12.651092717597294,0.0,15.264337522473747,0.0,10.273132083277735,0.0,861.3962911502823,0.0,317.5762157829445,0.0,238.7316828204392,0.0,7.041232125507053,0.0,16.59187694104955,0.0,5063.2051901054065,0.0,3924.5064685775583,0.0,12.65109273081011,0.0,11.983282262812933,0.0,9.278509586978398,0.0
Kacha,390.02745098039213,0.0,18.17849175470756,0.0,321.79346827591587,0.0,183.0,0.0,117.27735222430887,0.0,11.586690267897858,0.0,13.527749258468683,0.0,8.783965567301982,0.0,769.6301792411673,0.0,136.9717792640716,0.0,92.44741818094866,0.0,3.6673934339145613,0.0,15.015763837409567,0.0,4533.330375655247,0.0,3569.3791228978985,0.0,11.586690265126919,0.0,10.388479886086865,0.0,7.651612257719984,0.0
Kairo,330.8588235294117,0.0,16.7796745466984,0.0,342.6692689317372,0.0,220.0,0.0,144.06135776721814,0.0,12.388965458475772,0.0,14.832396974191326,0.0,9.85877920967365,0.0,813.0897047500235,0.0,340.8083095520521,0.0,228.459377372888,0.0,9.050213806068584,0.0,15.73791118420258,0.0,4170.876134521823,0.0,3857.408206508553,0.0,12.388965469966703,0.0,11.14988949405527,0.0,8.811754864429941,0.0
Kakao,404.48627450980393,0.0,18.52866851917389,0.0,337.06726991270074,0.0,204.0,0.0,135.7685157443635,0.0,12.236565327435743,0.0,14.2828568570857,0.0,9.673426824267475,0.0,896.471504851761,0.0,565.7121877930249,0.0,429.2202409043127,0.0,4.458237779344741,0.0,23.134185266842543,0.0,4095.6881039227296,0.0,4200.388595235078,0.0,12.23656534829739,0.0,11.308955603809794,0.0,8.630561833119554,0.0
Kamin,401.2862745098039,0.0,18.5161695601109,0.0,407.0343463134112,0.0,294.0,0.0,206.3097129369686,0.0,14.480934267970532,0.0,17.146428199482248,0.0,12.273790618759666,0.0,3407.73045202001,0.0,286.4575105018967,0.0,216.116314625086,0.0,5.512563133776042,0.0,12.501399711468437,0.0,3965.9227965998184,0.0,3767.1163373711292,0.0,14.480934281979808,0.0,13.500536381552246,0.0,11.282557367722992,0.0
Kanal,375.1490196078431,0.0,17.882366271064864,0.0,340.58003362154693,0.0,216.0,0.0,140.2367617204049,0.0,12.268029546435594,0.0,14.696938456699069,0.0,9.699892839412914,0.0,858.0700911109445,0.0,311.2124216976739,0.0,234.87756170169493,0.0,7.193690843073403,0.0,15.131064378507727,0.0,4777.764083368283,0.0,4000.2680696811167,0.0,12.268029556391939,0.0,11.324509945734976,0.0,8.593276853565408,0.0
Kanne,383.61176470588236,0.0,18.06069011664358,0.0,300.6996337087313,0.0,154.0,0.0,96.57550977004985,0.0,10.856375530573484,0.0,12.409673645990857,0.0,7.869749610879705,0.0,764.1462875716566,0.0,84.60898557247388,0.0,56.86076831046033,0.0,5.368696293955669,0.0,10.37641049655671,0.0,3664.2554231209338,0.0,3557.72053433095,0.0,10.856375542766163,0.0,9.54666782867175,0.0,6.779994518830043,0.0
Kapfa,415.2823529411765,0.0,18.732803006937644,0.0,386.17226996053876,0.0,270.0,0.0,185.70797574096986,0.0,13.778197599809065,0.0,16.431676725154983,0.0,11.536539339290297,0.0,1441.5260125731716,0.0,830.5307222710344,0.0,677.081703504413,0.0,3.545972083715117,0.0,25.22026600313185,0.0,3595.6285203422976,0.0,3540.7078036418116,0.0,13.77819762948123,0.0,13.06115344466709,0.0,10.565906582997993,0.0
Karat,350.2352941176471,0.0,17.22812449864665,0.0,318.47172692705436,0.0,197.0,0.0,123.0774954030046,0.0,11.490648806678745,0.0,14.035668847618199,0.0,8.859574858640391,0.0,765.4357839964065,0.0,101.58254070422193,0.0,66.81167509197451,0.0,7.581159230017909,0.0,12.868418054772723,0.0,3790.304092348591,0.0,3634.7007936733485,0.0,11.490648814482762,0.0,10.605504894194027,0.0,7.6704468527670375,0.0
Karte,338.29019607843134,0.0,16.91787704262486,0.0,325.0071387600551,0.0,198.0,0.0,128.56716163770614,0.0,11.804935157698957,0.0,14.071247279470288,0.0,9.261542881150849,0.0,765.7915711797577,0.0,104.34712209435924,0.0,73.25244999490074,0.0,8.375604788632367,0.0,9.976231004573922,0.0,4258.694433696393,0.0,3737.2385837008173,0.0,11.804935176230053,0.0,10.775702287253097,0.0,8.270820184842293,0.0
Kasse,339.7607843137255,0.0,16.879207194794372,0.0,304.20752877751033,0.0,152.0,0.0,97.22358722037748,0.0,10.981369539234693,0.0,12.328828005937952,0.0,7.987391873318549,0.0,764.6411857380648,0.0,92.1687111832505,0.0,62.03264095105435,0.0,8.547227637535123,0.0,10.811772810025952,0.0,4326.339804691934,0.0,3614.134536101802,0.0,10.981369554343692,0.0,9.253609027422414,0.0,6.913387262334738,0.0
Kasus,349.7960784313725,0.0,17.17827996558248,0.0,310.125840611502,0.0,175.0,0.0,109.81892559995796,0.0,11.197022102882475,0.0,13.228756555322953,0.0,8.42199204802385,0.0,765.4443393382171,0.0,108.74119613284189,0.0,70.75099023083608,0.0,8.178727091886497,0.0,14.029374414249405,0.0,4649.551549700631,0.0,3523.9530291659157,0.0,11.197022114309272,0.0,9.723397702906388,0.0,7.31119871166199,0.0
Kater,338.29019607843134,0.0,16.91787704262486,0.0,309.4346641994217,0.0,178.0,0.0,112.58782626895496,0.0,11.223442382126182,0.0,13.341664064126334,0.0,8.543358971979208,0.0,765.5125648452315,0.0,100.56007934092551,0.0,67.39401348578465,0.0,10.216502604924466,0.0,10.632707866025452,0.0,3709.3026593608993,0.0,3572.637262650112,0.0,11.223442396822003,0.0,10.179476550691435,0.0,7.490433742643753,0.0
Katze,353.15294117647056,0.0,17.311504309812765,0.0,318.65280027330846,0.0,183.0,0.0,118.41578449878128,0.0,11.568559214654176,0.0,13.527749258468683,0.0,8.864099079584243,0.0,765.9733953863713,0.0,101.71955852248134,0.0,71.48780749122609,0.0,7.031941654244795,0.0,12.034038267772205,0.0,3712.062011550207,0.0,3668.974471691588,0.0,11.568559233328529,0.0,10.254132760382706,0.0,7.8580607761530565,0.0
Kblqs,384.28235294117644,0.0,18.065483858334808,0.0,368.7734093253457,0.0,233.0,0.0,159.64681277253914,0.0,13.211240897383757,0.0,15.264337522473747,0.0,10.699643009915556,0.0,51416868.84439875,0.0,413746.88842577033,0.0,408230.44786287507,0.0,7.3374105094090645,0.0,451.2223251290817,0.0,8302.329900312696,0.0,5332.582861634908,0.0,13.21124083210719,0.0,11.842734905273787,0.0,9.642228808781885,0.0
Kcrfc,325.6235294117647,0.0,16.589998515663336,0.0,367.4130517827258,0.0,261.0,0.0,173.4915854485354,0.0,13.154754980958682,0.0,16.15549442140351,0.0,10.948625626096074,0.0,1192.7627823939551,0.0,571.4757376108778,0.0,412.8927020008265,0.0,6.836087091515916,0.0,59.10806281430426,0.0,3637.559447808806,0.0,3984.5634278868392,0.0,13.154754999268564,0.0,12.167328362191759,0.0,9.954442465083114,0.0
Kcstp,347.29803921568623,0.0,17.12497832808581,0.0,351.22621009938524,0.0,222.0,0.0,150.14919996464937,0.0,12.685099971639312,0.0,14.89966442575134,0.0,10.267095381392691,0.0,3247.9445339530416,0.0,1985.1595609914098,0.0,1882.525361972257,0.0,5.989740544765267,0.0,40.86931815935948,0.0,4863.402836730965,0.0,4164.44486085014,0.0,12.685099960411277,0.0,11.539184169651023,0.0,9.305371706030044,0.0
Kedes,368.2039215686275,0.0,17.597693917634835,0.0,311.7308832770999,0.0,168.0,0.0,110.04806132263175,0.0,11.323667506949038,0.0,12.96148139681572,0.0,8.665027554039053,0.0,813.8044955645281,0.0,299.2692553888625,0.0,216.76242339386573,0.0,7.293314705572962,0.0,12.885351580491855,0.0,3880.3427635228,0.0,3577.102085831662,0.0,11.323667503464842,0.0,10.17737381292286,0.0,7.704650701904341,0.0
Kehle,368.1882352941176,0.0,17.687597881014295,0.0,343.77667672961263,0.0,213.0,0.0,144.34898504898828,0.0,12.496331761105665,0.0,14.594519519326424,0.0,10.070017058928597,0.0,777.330579343254,0.0,141.88536549776052,0.0,111.27657338175408,0.0,6.538146421323494,0.0,12.459754224635219,0.0,5376.180682200746,0.0,3771.810416703207,0.0,12.496331754555538,0.0,11.726018547296595,0.0,9.201768883072372,0.0
Keian,353.5882352941176,0.0,17.337652287758313,0.0,317.2067342399773,0.0,178.0,0.0,113.63964165117403,0.0,11.46640171867186,0.0,13.341664064126334,0.0,8.619745948100812,0.0,768.2394666736042,0.0,101.03629035302845,0.0,67.64050986988512,0.0,5.130398682135853,0.0,12.285165394688752,0.0,4380.591851888405,0.0,3931.812951783385,0.0,11.466401703557661,0.0,9.860990583520481,0.0,7.484796890484222,0.0
Kekse,366.7725490196078,0.0,17.605452914320015,0.0,318.51072087489706,0.0,183.0,0.0,121.30642866074314,0.0,11.649595729978833,0.0,13.527749258468683,0.0,9.117375639635817,0.0,855.4136732466976,0.0,463.2469050312313,0.0,370.3861968894887,0.0,6.580168442193999,0.0,21.600728258108898,0.0,4085.6325935178293,0.0,4186.480866265514,0.0,11.649595725364213,0.0,10.632679741583082,0.0,8.234513826832965,0.0
Kelle,330.8509803921569,0.0,16.780595611631984,0.0,351.69016681232915,0.0,220.0,0.0,150.22107438416504,0.0,12.75049818169333,0.0,14.832396974191326,0.0,10.310395130580845,0.0,779.815911834491,0.0,148.95954186451803,0.0,119.25876672880166,0.0,7.735059578248989,0.0,11.49401343214405,0.0,8292.634060679573,0.0,4962.628385250159,0.0,12.750498172377823,0.0,11.676527855878936,0.0,9.432344946741736,0.0
Kepfe,391.3921568627451,0.0,18.15848254325622,0.0,359.2859464732427,0.0,220.0,0.0,154.11724409647155,0.0,12.9950850654124,0.0,14.832396974191326,0.0,10.616092334601863,0.0,1439.2620506790704,0.0,823.4989129480606,0.0,673.1904610140648,0.0,4.488029267404865,0.0,22.498686231732044,0.0,3736.828793980812,0.0,3588.1070091682013,0.0,12.995085082269306,0.0,12.029479107854703,0.0,9.823602017121676,0.0
Kerbe,363.4745098039216,0.0,17.534767791650754,0.0,303.0267710974713,0.0,155.0,0.0,99.72803927768051,0.0,10.978312039886218,0.0,12.449899597988733,0.0,8.122075218631306,0.0,765.5949704057165,0.0,91.4545209360987,0.0,62.68765397816253,0.0,4.694231589195656,0.0,15.25114367521756,0.0,4325.426063394325,0.0,3727.4956585291375,0.0,10.978312035881439,0.0,9.778984738421407,0.0,7.157611564304277,0.0
Kereu,344.83137254901965,0.0,17.10101611070098,0.0,299.77535100905214,0.0,162.0,0.0,102.19916998246919,0.0,10.884588586312692,0.0,12.727922061357855,0.0,8.124798385467672,0.0,764.6761132026786,0.0,104.54196232253615,0.0,67.48981987595415,0.0,5.724412894676941,0.0,16.910132569330607,0.0,3734.8202094878466,0.0,3550.4736114973093,0.0,10.88458858137447,0.0,9.628998031435573,0.0,7.187712675016302,0.0
Kerle,325.5098039215686,0.0,16.632483977454616,0.0,333.28019404342365,0.0,205.0,0.0,136.413296303077,0.0,12.134098933155228,0.0,14.317821063276353,0.0,9.690938014164828,0.0,773.9365929901909,0.0,133.97356473941144,0.0,105.905520370577,0.0,8.095005316276279,0.0,12.348158608126965,0.0,5227.821563160537,0.0,3668.685946196013,0.0,12.134098948221247,0.0,11.091411608983226,0.0,8.802247034278277,0.0
Kerne,345.9176470588235,0.0,17.136007043902875,0.0,293.5602109426154,0.0,150.0,0.0,93.64816082603102,0.0,10.624171241915999,0.0,12.24744871391589,0.0,7.737430542529101,0.0,763.7903608659285,0.0,83.90132138720944,0.0,56.47270306385389,0.0,5.3709271136536225,0.0,10.457450118324115,0.0,3818.495033857127,0.0,3581.319516336518,0.0,10.624171242545579,0.0,9.155015212660604,0.0,6.72771211242101,0.0
Kette,332.52156862745096,0.0,16.719780189832314,0.0,315.66579896304984,0.0,177.0,0.0,117.4136227118067,0.0,11.544074178584925,0.0,13.30413469565007,0.0,8.952580164466834,0.0,766.2999627781284,0.0,102.23314287011,0.0,73.91910713294031,0.0,7.404249875139532,0.0,9.816311818228868,0.0,4445.4082687645805,0.0,3822.368229068097,0.0,11.544074182221248,0.0,10.294584139529093,0.0,8.064705597604943,0.0
Keute,351.0078431372549,0.0,17.21554379323772,0.0,315.23277459093254,0.0,180.0,0.0,117.91226663748199,0.0,11.51901415700431,0.0,13.416407864998739,0.0,8.91006456922792,0.0,765.6296165148955,0.0,105.68891954820153,0.0,73.535039840595,0.0,6.79489291874696,0.0,10.485554856790346,0.0,5012.923477435663,0.0,3837.7102627127074,0.0,11.519014150400862,0.0,10.52817667122007,0.0,7.985029545881851,0.0
Kfckt,371.2901960784314,0.0,17.740914250588983,0.0,369.52205401411584,0.0,273.0,0.0,180.53896860832288,0.0,13.235244688875138,0.0,16.522711641858304,0.0,11.143584812160864,0.0,5643.550128146184,0.0,2793.542059014529,0.0,2182.6940075983334,0.0,5.6405367604622985,0.0,35.824090929913424,0.0,13239.810538391679,0.0,6842.4147543264835,0.0,13.23524485044785,0.0,12.905685447843792,0.0,10.201566806750277,0.0
Kfrls,328.20784313725494,0.0,16.69589087203091,0.0,388.0458166531166,0.0,303.0,0.0,202.50219618695795,0.0,13.84712581528562,0.0,17.406895185529212,0.0,11.881543530312213,0.0,5642.754862696532,0.0,2791.624128994443,0.0,2181.6932884288944,0.0,10.730421193318493,0.0,35.474904747169376,0.0,13669.50105711726,0.0,6903.932920404255,0.0,13.847125911723666,0.0,13.44005695747617,0.0,10.94576911045506,0.0
Kgmmc,472.2705882352941,0.0,20.00918474222383,0.0,483.22463970793166,0.0,368.0,0.0,273.3819020961838,0.0,16.56199245071853,0.0,19.183326093250876,0.0,14.592708144441977,0.0,77095.45607410096,0.0,9859.21715393025,0.0,7122.999797893173,0.0,5.712429271169639,0.0,69.35251645762132,0.0,4093.993100469898,0.0,4228.597270458699,0.0,16.561992460961754,0.0,15.612514524593477,0.0,13.652371280542424,0.0
Khkns,405.94509803921574,0.0,18.62736676967549,0.0,355.1024242856287,0.0,241.0,0.0,160.97575013165783,0.0,12.866418683304726,0.0,15.524174696260024,0.0,10.582621319721218,0.0,888.050262821928,0.0,515.9618589866898,0.0,404.540130200948,0.0,7.959554607698732,0.0,25.240281122299923,0.0,4877.562467948046,0.0,4266.847528984798,0.0,12.866418632169715,0.0,12.01378869863979,0.0,9.613743953877968,0.0
Khmhr,438.5960784313725,0.0,19.38555568766324,0.0,413.6234189898468,0.0,305.0,0.0,214.13878928181717,0.0,14.666568601903679,0.0,17.46424919657298,0.0,12.538635652952618,0.0,3415.103513679612,0.0,356.89687006647466,0.0,264.9214929622571,0.0,6.71676084251442,0.0,21.096669904162447,0.0,5320.761189102366,0.0,4018.984993214413,0.0,14.666568562230166,0.0,13.876298610125232,0.0,11.530504061650774,0.0
Kihni,350.79215686274506,0.0,17.361824689679686,0.0,349.22461050406673,0.0,252.0,0.0,161.56336936849178,0.0,12.59037539386504,0.0,15.874507866387544,0.0,10.336957030221289,0.0,894.4547008542862,0.0,293.12921366611624,0.0,185.5232871336274,0.0,6.780568396188167,0.0,18.994644197564007,0.0,6123.203523950847,0.0,4390.927972745447,0.0,12.590375404142524,0.0,12.24835847725541,0.0,9.325964382089902,0.0
Kilos,313.45098039215685,0.0,16.329600119461432,0.0,338.78164463752796,0.0,221.0,0.0,143.24184952334483,0.0,12.23046530822447,0.0,14.866068747318506,0.0,9.802635277476409,0.0,775.790078153975,0.0,141.6271534107552,0.0,105.50568023977718,0.0,6.898881022201677,0.0,15.571406585072054,0.0,8734.477094192254,0.0,5448.898306300232,0.0,12.230465303659075,0.0,11.455005485941735,0.0,8.789213778310463,0.0
Kimme,425.9176470588235,0.0,19.05585266928456,0.0,458.87388149863443,0.0,356.0,0.0,259.16348724326394,0.0,15.984803282232315,0.0,18.867962264113206,0.0,14.064296279693602,0.0,8568.11728267731,0.0,694.8733697649361,0.0,532.3694649964591,0.0,4.762511893420205,0.0,12.557685792184357,0.0,5968.936219844305,0.0,4734.59008821192,0.0,15.984803277759518,0.0,15.279697519793649,0.0,13.18915498389472,0.0
Kinos,333.8588235294118,0.0,16.84218080326652,0.0,317.8033786012386,0.0,196.0,0.0,123.61295314730995,0.0,11.49310458300399,0.0,14.0,0.0,8.957896891523099,0.0,769.8479298228573,0.0,123.61800709723245,0.0,89.05180786064815,0.0,6.253921369222794,0.0,15.009266813787685,0.0,5891.666009800432,0.0,4312.482318177916,0.0,11.49310458987347,0.0,10.825155537546578,0.0,7.924063450723325,0.0
Kinti,314.29019607843134,0.0,16.405839115797328,0.0,357.89904633443393,0.0,268.0,0.0,173.97709590034304,0.0,12.914458677581775,0.0,16.3707055437449,0.0,10.78375571189727,0.0,892.8620308259608,0.0,293.93573579740035,0.0,187.07236092445933,0.0,9.62821398638879,0.0,18.030058922939066,0.0,6352.442654290867,0.0,4469.138046072388,0.0,12.914458673806676,0.0,12.613347884977951,0.0,9.812182036336864,0.0
Kipft,364.03921568627453,0.0,17.575026845710678,0.0,389.1070607006195,0.0,295.0,0.0,199.80393599324208,0.0,13.894565178753746,0.0,17.175564037317667,0.0,11.868566213690702,0.0,1439.999175620865,0.0,824.6591421492021,0.0,673.7156399120404,0.0,5.259455611406029,0.0,22.498574377438977,0.0,5894.7684682305635,0.0,4309.705948928369,0.0,13.89456518407218,0.0,13.775343775849155,0.0,10.967610112140106,0.0
Kippe,387.45490196078435,0.0,18.1571663888556,0.0,338.5869411647067,0.0,202.0,0.0,136.2021789829767,0.0,12.280125520042379,0.0,14.212670403551895,0.0,9.793699620673719,0.0,1262.1703769487083,0.0,755.0793354904356,0.0,654.3257071311497,0.0,3.943249734520284,0.0,24.911718963617595,0.0,5902.706034749836,0.0,4362.556293210653,0.0,12.280125524454395,0.0,11.701690500672965,0.0,8.96177284535624,0.0
Kippi,368.5529411764706,0.0,17.76153155208582,0.0,365.42920412546516,0.0,253.0,0.0,170.23363246482188,0.0,13.160944803496449,0.0,15.905973720586866,0.0,10.934046802445947,0.0,1342.7388256346208,0.0,803.5538627595777,0.0,676.6060354205515,0.0,6.081243006956039,0.0,28.455861923420372,0.0,5943.732931240423,0.0,4361.7315328898185,0.0,13.160944810495403,0.0,12.754317975194818,0.0,10.045949795780304,0.0
Kirdi,326.5764705882353,0.0,16.731581540253128,0.0,358.17706580717424,0.0,264.0,0.0,170.42520065039537,0.0,12.866250549457177,0.0,16.24807680927192,0.0,10.671681520620016,0.0,908.8566207957874,0.0,324.5673080500411,0.0,210.9396518640007,0.0,6.25419728313597,0.0,18.782442875441458,0.0,6241.663194901451,0.0,4715.757812006462,0.0,12.866250536293462,0.0,12.44694270881258,0.0,9.652837452116362,0.0
Kiste,311.26666666666665,0.0,16.20869517598374,0.0,330.0095855166762,0.0,208.0,0.0,135.0572266353541,0.0,11.965250796949151,0.0,14.422205101855956,0.0,9.495476821940358,0.0,766.5533439673317,0.0,105.92984435766196,0.0,74.45378665327455,0.0,6.709109389414645,0.0,11.466440420257388,0.0,6737.0564060780025,0.0,4465.31356935779,0.0,11.965250789904568,0.0,11.146259643790561,0.0,8.559194049667976,0.0
Klaga,402.8156862745098,0.0,18.45608772637861,0.0,371.69988396969075,0.0,264.0,0.0,174.29383376919145,0.0,13.21612640879464,0.0,16.24807680927192,0.0,10.928058523164808,0.0,2812.164593659321,0.0,377.6946555335316,0.0,267.84541845316886,0.0,3.9423116602486568,0.0,18.446316387185394,0.0,5502.502342356381,0.0,4533.2496656183885,0.0,13.21612643437197,0.0,12.78283202078359,0.0,9.802528373594772,0.0
Klage,390.8705882352941,0.0,18.166823168960708,0.0,354.52127651589433,0.0,228.0,0.0,151.45156936365882,0.0,12.682324740854412,0.0,15.0996688705415,0.0,10.225215922548502,0.0,2811.1102690604944,0.0,362.8753096578881,0.0,258.3127221618369,0.0,4.051239696901344,0.0,14.618832209225655,0.0,5505.284643175962,0.0,4543.682765188989,0.0,12.682324764623104,0.0,12.064462815417238,0.0,9.199482151781224,0.0
Klaue,362.11764705882354,0.0,17.54956774256244,0.0,327.51113072482303,0.0,211.0,0.0,134.70334958230916,0.0,11.84607022969194,0.0,14.52583904633395,0.0,9.414722951313474,0.0,776.0843729487156,0.0,155.04236889146432,0.0,110.16327461872628,0.0,4.231181110772747,0.0,15.891261798234659,0.0,5761.666841618484,0.0,4479.36739512529,0.0,11.846070257835564,0.0,11.28705977134006,0.0,8.441719007439465,0.0
Kldbd,427.9843137254902,0.0,19.095370429949195,0.0,385.7292054296305,0.0,280.0,0.0,190.26214407199768,0.0,13.762909534090534,0.0,16.73320053068151,0.0,11.616182051155395,0.0,1075.5808764001497,0.0,713.3083321308726,0.0,526.0134793892082,0.0,4.701562293002329,0.0,23.64357473995168,0.0,5977.367935541932,0.0,4600.434529780909,0.0,13.762909567602998,0.0,13.660344709620514,0.0,10.622872007099911,0.0
Klebe,368.8156862745098,0.0,17.675320289260693,0.0,323.97645396150756,0.0,182.0,0.0,119.58130263003555,0.0,11.715847603582544,0.0,13.490737563232042,0.0,9.008694457314581,0.0,776.6922567449029,0.0,143.62330723840182,0.0,105.48169760672414,0.0,3.6188580769910548,0.0,16.711353082757096,0.0,5845.986293833945,0.0,4571.651852565448,0.0,11.715847638847306,0.0,10.968158388255683,0.0,8.102398228940181,0.0
Kleck,356.9529411764706,0.0,17.446737972977402,0.0,358.08407521553306,0.0,241.0,0.0,160.45427929738776,0.0,12.880220771904353,0.0,15.524174696260024,0.0,10.533029703224848,0.0,836.1334597863734,0.0,293.8404153104955,0.0,243.9386825180574,0.0,5.209280072989974,0.0,17.637799543593474,0.0,5600.830913103494,0.0,4834.747679419428,0.0,12.880220810695974,0.0,12.228692057263872,0.0,9.512767056246535,0.0
Kleid,350.81960784313725,0.0,17.294663190008205,0.0,378.043600971009,0.0,279.0,0.0,187.15047485007486,0.0,13.548586899291566,0.0,16.703293088490067,0.0,11.422820717401137,0.0,1041.18320757572,0.0,658.080218016441,0.0,485.7424318215928,0.0,6.278379189798966,0.0,18.384747458587174,0.0,5671.004422542332,0.0,4434.099811869156,0.0,13.548586926784516,0.0,13.248006325359404,0.0,10.517752297701286,0.0
Kleus,339.3686274509804,0.0,16.97459349434757,0.0,324.9832985664217,0.0,207.0,0.0,131.63325579143793,0.0,11.761386384385556,0.0,14.38749456993816,0.0,9.302783048497911,0.0,776.0164235809735,0.0,153.59753055216478,0.0,109.35023605753742,0.0,6.474435379749827,0.0,15.609085142411919,0.0,5719.660430590752,0.0,4430.980211300548,0.0,11.761386434851806,0.0,11.00028316804665,0.0,8.341237537503424,0.0
Klfpp,410.5725490196079,0.0,18.698766270902084,0.0,398.4270655582691,0.0,279.0,0.0,195.02496418289712,0.0,14.150430233230123,0.0,16.703293088490067,0.0,11.953945486893039,0.0,3432.169388638157,0.0,2120.04290719897,0.0,1968.2951260096438,0.0,4.859246547520183,0.0,39.63596364064734,0.0,8724.32383777034,0.0,7418.39238397039,0.0,14.150430226716065,0.0,13.558334867266446,0.0,11.045264999642129,0.0
Klgßb,465.8666666666666,0.0,19.799496302316676,0.0,437.5544032039528,0.0,333.0,0.0,234.47285649434625,0.0,15.197116465962829,0.0,18.24828759089466,0.0,13.141035055129825,0.0,2055.7544212074067,0.0,687.6323806559046,0.0,500.6540683326456,0.0,5.764636032626875,0.0,24.897901493162898,0.0,5514.852777386814,0.0,4586.102090908945,0.0,15.197116485839937,0.0,14.81413691078473,0.0,12.15490329621041,0.0
Klima,380.878431372549,0.0,18.051186139153653,0.0,433.57011701486306,0.0,350.0,0.0,243.09189106158047,0.0,15.213962983449752,0.0,18.708286933869708,0.0,13.293908123484279,0.0,7900.611456314461,0.0,664.018477925327,0.0,506.5743398331887,0.0,5.257580928442007,0.0,17.96143762328348,0.0,5856.111865617511,0.0,4897.17558880285,0.0,15.213963011736428,0.0,14.735296970871843,0.0,12.33776382413692,0.0
Kljrl,311.3960784313726,0.0,16.368384112737882,0.0,405.6887050979715,0.0,326.0,0.0,218.3066528928603,0.0,14.329104887542215,0.0,18.05547008526779,0.0,12.326973393228398,0.0,1832.6524370692737,0.0,495.0014108204045,0.0,407.13168371039,0.0,9.970054346786073,0.0,52.07616987227831,0.0,6882.081324431858,0.0,4808.976348521557,0.0,14.3291049458301,0.0,13.935521245139926,0.0,11.32674952816905,0.0
Klntd,372.3921568627451,0.0,17.834278343813025,0.0,376.8628292588189,0.0,284.0,0.0,189.74972342014576,0.0,13.530596364603307,0.0,16.852299546352718,0.0,11.473724120624812,0.0,1038.307075322462,0.0,654.4965896016066,0.0,483.9648573027789,0.0,4.548748800240788,0.0,19.14390328998316,0.0,5893.231887140875,0.0,4620.603227119009,0.0,13.530596387695129,0.0,13.408972522916036,0.0,10.511157135727922,0.0
Klotz,334.9411764705883,0.0,16.923069481074766,0.0,358.08118228853095,0.0,260.0,0.0,172.19890841818736,0.0,12.981858749393071,0.0,16.1245154965971,0.0,10.867133098616236,0.0,791.5219871002001,0.0,225.77643915317134,0.0,176.99957823859847,0.0,6.229409386133547,0.0,22.73119601426307,0.0,5970.242178412799,0.0,4599.9014209764455,0.0,12.981858780069585,0.0,12.614021290552003,0.0,9.899874878788223,0.0
Klqgd,434.7803921568627,0.0,19.20284925353673,0.0,402.696904537448,0.0,296.0,0.0,203.11630139417335,0.0,14.212138830587286,0.0,17.204650534085253,0.0,12.08296513039856,0.0,28921988.869591158,0.0,232737.65583853502,0.0,229632.76175017873,0.0,5.156088516973624,0.0,338.2119118140637,0.0,5534.336657121041,0.0,4525.888168478851,0.0,14.212138855647833,0.0,13.984415149005416,0.0,11.051335456127255,0.0
Klumm,445.56862745098033,0.0,19.542321113276827,0.0,490.04090478025125,0.0,411.0,0.0,298.2727455499772,0.0,16.820264982767775,0.0,20.273134932713294,0.0,15.072940193926962,0.0,8996.937325010522,0.0,765.0835953147111,0.0,581.7037981351896,0.0,8.10707337967348,0.0,18.14041064788831,0.0,6042.702003509786,0.0,4740.935689134131,0.0,16.820265006811272,0.0,16.462431469260864,0.0,14.156764281587131,0.0
Klung,400.08235294117645,0.0,18.466430987965566,0.0,366.6365909967958,0.0,261.0,0.0,172.01458271308172,0.0,13.116631234693589,0.0,16.15549442140351,0.0,10.853944863485472,0.0,4904.327537845921,0.0,616.5311394434827,0.0,444.14917888133937,0.0,5.386669165350968,0.0,17.788728164446987,0.0,6024.641996263951,0.0,4510.9125797327015,0.0,13.116631269961106,0.0,12.820154757487016,0.0,9.792523956569637,0.0
Klöße,412.7019607843137,0.0,18.601803189249697,0.0,390.23411886972553,0.0,267.0,0.0,186.69062112852794,0.0,13.89514866332564,0.0,16.34013463836819,0.0,11.681496587441789,0.0,1285.700857747252,0.0,674.3164214436971,0.0,516.3191098346483,0.0,4.830487905027329,0.0,33.599287660162126,0.0,6963.326734816957,0.0,6062.807780324318,0.0,13.89514869260449,0.0,13.229528693753164,0.0,10.787556435173746,0.0
Kmgml,474.32156862745103,0.0,20.09846886197863,0.0,518.0327473201673,0.0,436.0,0.0,320.22139451027033,0.0,17.452273154414065,0.0,20.8806130178211,0.0,15.717745377343748,0.0,12900.77459739094,0.0,1106.1361592172466,0.0,849.7075966510214,0.0,6.134245772050427,0.0,24.451342078336655,0.0,5700.723205635932,0.0,4272.934445766245,0.0,17.452273150337447,0.0,17.041680204747575,0.0,14.803579887440717,0.0
Knabe,401.1686274509804,0.0,18.439465056987167,0.0,322.8040871636232,0.0,183.0,0.0,119.44761572120998,0.0,11.670851234459247,0.0,13.527749258468683,0.0,8.947208647058496,0.0,768.3117589540741,0.0,116.43214921433758,0.0,79.85016929899118,0.0,3.7911093715648567,0.0,19.47497583159969,0.0,7746.774341625126,0.0,4026.71169987963,0.0,11.670851240057443,0.0,10.515760354718878,0.0,7.906265410069705,0.0
Knall,353.9176470588235,0.0,17.42313839794619,0.0,389.2295703843249,0.0,294.0,0.0,198.85188294101988,0.0,13.907494902690168,0.0,17.146428199482248,0.0,11.804945306941315,0.0,868.4320628231541,0.0,333.1304339118281,0.0,254.67281214075666,0.0,9.600094327771313,0.0,18.878135641375852,0.0,8784.006835131197,0.0,4301.2094459026885,0.0,13.907494917264659,0.0,13.172625245767847,0.0,10.798624901176062,0.0
Knapf,414.45882352941175,0.0,18.753875621497684,0.0,379.7062214373038,0.0,263.0,0.0,179.58616478968293,0.0,13.555451892096523,0.0,16.217274740226856,0.0,11.313274159160068,0.0,2394.9153126126075,0.0,1197.3805971247125,0.0,934.6039846864461,0.0,2.9108963536075936,0.0,24.970925626980335,0.0,7564.327240241504,0.0,3962.0233609840066,0.0,13.555451896462131,0.0,12.588156843206198,0.0,10.282518395861821,0.0
Knast,353.2352941176471,0.0,17.28900951638555,0.0,329.3880802474186,0.0,217.0,0.0,138.6428560850982,0.0,11.93181334497229,0.0,14.730919862656235,0.0,9.518960423058653,0.0,767.210561056666,0.0,118.1308649731718,0.0,79.66942032757204,0.0,9.429940978454953,0.0,15.721470575040556,0.0,7455.024469207222,0.0,3949.2876286758847,0.0,11.931813347566242,0.0,11.019921820158277,0.0,8.40549001081057,0.0
Knauf,396.0274509803922,0.0,18.340135888008543,0.0,366.16592013491686,0.0,260.0,0.0,172.3827917447761,0.0,13.119777110351164,0.0,16.1245154965971,0.0,10.900569133370876,0.0,2323.1484134275674,0.0,1111.2059765677093,0.0,857.6862922573756,0.0,3.9373273059239127,0.0,21.11656691442218,0.0,7773.3832006116445,0.0,3895.0684632364114,0.0,13.119777114871894,0.0,12.12896258924058,0.0,9.846888180538658,0.0
Knaut,374.07450980392156,0.0,17.84243006570994,0.0,326.6505906666241,0.0,218.0,0.0,138.06060776264627,0.0,11.83998835820986,0.0,14.7648230602334,0.0,9.461309845591781,0.0,767.4162097293773,0.0,126.0358632031771,0.0,83.07951741232658,0.0,6.955326586947473,0.0,17.74866452558931,0.0,7663.003416835609,0.0,3876.826292991458,0.0,11.83998836052104,0.0,11.07324686900189,0.0,8.37697927828495,0.0
Kniff,368.6470588235294,0.0,17.684472322423655,0.0,425.3693878935822,0.0,331.0,0.0,228.66626891678612,0.0,14.889361580981197,0.0,18.193405398660254,0.0,12.833450064912327,0.0,2493.8896644896818,0.0,1241.9052742543086,0.0,948.0297434706068,0.0,5.887131162917965,0.0,22.67388658271538,0.0,7826.953695719225,0.0,4125.281225414387,0.0,14.889361613936293,0.0,13.894836726005813,0.0,11.834014929860915,0.0
Knips,359.3058823529412,0.0,17.500760460216863,0.0,343.98974030416286,0.0,218.0,0.0,143.9199146264233,0.0,12.428116303757802,0.0,14.7648230602334,0.0,9.933320194335987,0.0,965.2898430991581,0.0,463.5909486711554,0.0,380.64268906671816,0.0,6.499520279434108,0.0,25.61214365233183,0.0,7707.596702380864,0.0,4154.170467542486,0.0,12.428116309479543,0.0,11.112069042771434,0.0,8.911709648131493,0.0
Knmst,388.98823529411766,0.0,18.18159751709791,0.0,390.3180606488346,0.0,279.0,0.0,193.82619714397515,0.0,13.994655432159888,0.0,16.703293088490067,0.0,11.842402193619897,0.0,3406.9299731307956,0.0,279.75859613584066,0.0,212.25700991959872,0.0,8.098259063392954,0.0,16.900417238129698,0.0,7475.391617905096,0.0,4137.585216225273,0.0,13.994655437670893,0.0,12.975404936403846,0.0,10.826213343110574,0.0
Knupf,412.5490196078431,0.0,18.742993564696214,0.0,377.64101200957026,0.0,262.0,0.0,178.57936727062676,0.0,13.52346799653487,0.0,16.186414056238647,0.0,11.27370533362298,0.0,2394.8056687195594,0.0,1197.351485598644,0.0,934.485959190389,0.0,3.0035329107730857,0.0,25.371304312112027,0.0,7955.1434691700615,0.0,3993.810316603109,0.0,13.523467999610158,0.0,12.660969515845423,0.0,10.27517797346387,0.0
Koaps,382.0509803921569,0.0,17.961423483789194,0.0,328.7819312844615,0.0,192.0,0.0,127.52899602020548,0.0,11.937657533625607,0.0,13.856406460551018,0.0,9.391556727553708,0.0,965.1799268861182,0.0,463.9083624661165,0.0,381.29919425231174,0.0,5.251790681865312,0.0,24.154275234741068,0.0,3560.7445951211994,0.0,3604.8158899105474,0.0,11.937657529710956,0.0,10.801958901503363,0.0,8.388790834603181,0.0
Kobra,378.4392156862745,0.0,17.915835526978857,0.0,349.96931887361177,0.0,237.0,0.0,156.8257400187064,0.0,12.66264955413969,0.0,15.394804318340652,0.0,10.35092058421923,0.0,777.4262498784296,0.0,168.81905431175628,0.0,117.62288956610784,0.0,5.417799569587117,0.0,17.867714783987164,0.0,3709.9252690588255,0.0,3548.7724838099098,0.0,12.66264954806453,0.0,11.958870606313962,0.0,9.360552441315287,0.0
Kobro,369.51372549019607,0.0,17.700249250488305,0.0,342.48629771183136,0.0,214.0,0.0,144.2913469353582,0.0,12.457376692543551,0.0,14.628738838327793,0.0,10.037772991609305,0.0,817.8901081185669,0.0,348.4265600501105,0.0,235.16085512012242,0.0,6.709683699304493,0.0,17.23798096967523,0.0,3712.917847112226,0.0,3587.5323546184222,0.0,12.457376686318256,0.0,11.576395057811789,0.0,9.131216176932561,0.0
Kodex,384.1372549019608,0.0,18.030686389387224,0.0,332.99084623610713,0.0,201.0,0.0,134.60181392173388,0.0,12.125470658260165,0.0,14.177446878757825,0.0,9.6814041189826,0.0,821.0555277575717,0.0,315.4115899150125,0.0,231.02152751285942,0.0,4.993460163479024,0.0,64.20114292704714,0.0,3875.545550146823,0.0,3516.6188166722222,0.0,12.125470662087913,0.0,11.01665108958661,0.0,8.718519112162895,0.0
Kofor,354.3372549019608,0.0,17.304908820362094,0.0,350.66883372673396,0.0,222.0,0.0,149.98443068747616,0.0,12.676182256922164,0.0,14.89966442575134,0.0,10.27929904879002,0.0,1215.9701519410046,0.0,603.6393813055143,0.0,444.4313782180727,0.0,8.180594570378407,0.0,20.404411704864646,0.0,7703.026443787537,0.0,6871.950438439214,0.0,12.676182209177206,0.0,11.561812083216868,0.0,9.285039317291083,0.0
Kofra,363.2627450980392,0.0,17.52535900863066,0.0,374.2298981224445,0.0,266.0,0.0,179.05003984256618,0.0,13.4138707903649,0.0,16.30950643030009,0.0,11.188247976851164,0.0,1215.8759302051496,0.0,608.5993255193767,0.0,446.67454793427146,0.0,5.932273752644079,0.0,22.005509102648706,0.0,7702.993844436491,0.0,6868.647638353073,0.0,13.413870745715075,0.0,12.354456656071807,0.0,10.174951391304665,0.0
Kohle,371.2078431372548,0.0,17.769819633626305,0.0,352.9861297171914,0.0,225.0,0.0,153.7942458274064,0.0,12.810646010400486,0.0,15.0,0.0,10.442978440041797,0.0,781.8296810328952,0.0,155.1282650155826,0.0,121.04247152145511,0.0,6.569049355706623,0.0,13.124533518136392,0.0,5256.94816713752,0.0,3715.2145257118273,0.0,12.810646012990318,0.0,12.06538337159183,0.0,9.58829117147051,0.0
Kokon,394.7372549019608,0.0,18.341841792005315,0.0,334.2962016673611,0.0,202.0,0.0,136.60735041767862,0.0,12.222302326242385,0.0,14.212670403551895,0.0,9.7833727505481,0.0,863.618522760666,0.0,473.97194515828625,0.0,378.53434208666835,0.0,3.3827385794540707,0.0,23.681567212328048,0.0,3883.161779399134,0.0,4086.0868405988426,0.0,12.222302337984868,0.0,11.31291238298745,0.0,8.867092429377195,0.0
Kombi,409.9176470588235,0.0,18.681422327458236,0.0,402.007028739335,0.0,277.0,0.0,197.48846435461843,0.0,14.342524690665435,0.0,16.64331697709324,0.0,12.12093584561683,0.0,3438.3795819758725,0.0,391.36789350836824,0.0,273.9682017234038,0.0,5.907567610900165,0.0,21.68262918015771,0.0,4260.006564275996,0.0,3905.237222542059,0.0,14.342524686715356,0.0,13.315109779340165,0.0,11.173084403245952,0.0
Komet,391.6901960784313,0.0,18.203268947759565,0.0,368.1378023237802,0.0,234.0,0.0,165.55611431979332,0.0,13.342811164480324,0.0,15.297058540778355,0.0,11.061499158524676,0.0,3407.337044844593,0.0,276.41003937391656,0.0,211.38817469020665,0.0,6.488325114132397,0.0,12.367406916136549,0.0,3587.9560776023172,0.0,3746.456145216602,0.0,13.342811163378736,0.0,12.340370043044132,0.0,10.159118439294774,0.0
Komma,459.78431372549016,0.0,19.76980754263865,0.0,466.9362880255058,0.0,361.0,0.0,265.5029461125104,0.0,16.21663695185916,0.0,19.0,0.0,14.299138062998287,0.0,8568.783012995094,0.0,704.7044262119309,0.0,538.7876445879951,0.0,3.811634788889413,0.0,15.234017027798414,0.0,3670.511325908061,0.0,4025.248816285925,0.0,16.216636951003103,0.0,15.27769080680734,0.0,13.370299465751538,0.0
Konak,403.6627450980392,0.0,18.549973030257988,0.0,340.4970871955558,0.0,209.0,0.0,139.90005494025309,0.0,12.351368134203973,0.0,14.45683229480096,0.0,9.859503621288752,0.0,829.7926860416621,0.0,277.81132256658725,0.0,232.90698872417144,0.0,2.95865622409476,0.0,17.0793379064323,0.0,3833.7638907009036,0.0,3838.603892833908,0.0,12.351368128233272,0.0,11.425600602326671,0.0,8.807080872427004,0.0
Kongo,405.37254901960785,0.0,18.50064080272615,0.0,338.72470609088134,0.0,190.0,0.0,129.28263932405588,0.0,12.231406588907523,0.0,13.784048752090222,0.0,9.577114595069913,0.0,2821.6402687866284,0.0,474.174926254166,0.0,327.5715527149765,0.0,3.1617763141271293,0.0,14.947283872367326,0.0,3631.346923839003,0.0,3621.9444120843004,0.0,12.231406588737185,0.0,11.088792564255131,0.0,8.596544277182652,0.0
Kopie,362.0078431372549,0.0,17.523273917753404,0.0,343.6495981002342,0.0,208.0,0.0,142.43923293356198,0.0,12.504688730463904,0.0,14.422205101855956,0.0,10.0665774598692,0.0,1125.923367199284,0.0,615.8699336407294,0.0,543.0666645468134,0.0,7.781096154469466,0.0,21.454848751128406,0.0,3899.5804716048783,0.0,3516.8298618584895,0.0,12.504688734666937,0.0,11.634163638503614,0.0,9.2960309374154,0.0
Koreh,365.8666666666667,0.0,17.63002053290843,0.0,321.9235263213458,0.0,185.0,0.0,122.07613049710203,0.0,11.708818853527081,0.0,13.601470508735444,0.0,9.155123958480686,0.0,823.3427135085242,0.0,349.70149907857217,0.0,243.24488343283343,0.0,5.569466533603596,0.0,17.784954477637655,0.0,3537.435286052754,0.0,3496.852874734138,0.0,11.708818854580203,0.0,10.563129117380917,0.0,8.274140592439867,0.0
Kpdnp,447.06274509803916,0.0,19.529084570847584,0.0,369.85145311356735,0.0,240.0,0.0,166.61159393222744,0.0,13.317831319887913,0.0,15.491933384829668,0.0,11.01211384550155,0.0,3546.9964520906956,0.0,2305.1907265354384,0.0,2107.671383089502,0.0,3.0644875973216656,0.0,44.105777161298434,0.0,6661.125994374967,0.0,3954.131624586874,0.0,13.317831326813806,0.0,12.456959400739658,0.0,10.082958985485163,0.0
Krach,363.4549019607843,0.0,17.586796889615837,0.0,354.0233135360338,0.0,244.0,0.0,159.62489009524603,0.0,12.73427625015152,0.0,15.620499351813308,0.0,10.401470367406878,0.0,822.4471808583917,0.0,355.72201658502377,0.0,247.04070410133792,0.0,4.472180755907864,0.0,14.545788385463688,0.0,5379.221811736301,0.0,3988.286918877471,0.0,12.734276237430254,0.0,11.638448862722894,0.0,9.365201500741652,0.0
Kraft,351.79215686274506,0.0,17.250640739427613,0.0,384.7048072011501,0.0,298.0,0.0,199.57456724119544,0.0,13.765210689075941,0.0,17.26267650163207,0.0,11.772965264516612,0.0,1186.0130189581905,0.0,569.3519673914468,0.0,413.21168758442474,0.0,5.295709397250281,0.0,15.000792079476836,0.0,5300.624282200549,0.0,3736.404832738932,0.0,13.765210692818767,0.0,13.227299531474847,0.0,10.794442044835533,0.0
Krahz,375.0274509803922,0.0,17.92766447149593,0.0,344.8805451438921,0.0,247.0,0.0,159.19620865887205,0.0,12.506765727899735,0.0,15.716233645501712,0.0,10.283828955631229,0.0,769.6452006068307,0.0,135.48313638470947,0.0,98.40268667648036,0.0,3.4308124094630883,0.0,24.74762873580843,0.0,5903.411815809597,0.0,3784.890995533199,0.0,12.506765701644174,0.0,11.785441594772479,0.0,9.226870325945795,0.0
Krant,349.4117647058823,0.0,17.25103521736426,0.0,330.32224333073964,0.0,226.0,0.0,143.5538178570701,0.0,11.988376566467853,0.0,15.033296378372908,0.0,9.67126143179384,0.0,766.3501759572416,0.0,114.7870741530963,0.0,80.39385890992338,0.0,5.3253971870583605,0.0,12.334274907605915,0.0,5330.689514800078,0.0,3744.0645033417877,0.0,11.988376547053504,0.0,11.18324477354539,0.0,8.595984673169852,0.0
Krdnt,367.0509803921569,0.0,17.69498850589511,0.0,346.89441657114105,0.0,244.0,0.0,159.2354055772375,0.0,12.58014286864065,0.0,15.620499351813308,0.0,10.374021335538218,0.0,815.3976216735207,0.0,306.5012050496935,0.0,222.3372602170231,0.0,4.979206745348144,0.0,15.163602878323328,0.0,5459.421707879067,0.0,3735.9693515463096,0.0,12.5801428622293,0.0,11.945101047848937,0.0,9.359470070419814,0.0
Krech,351.5098039215686,0.0,17.282989172163063,0.0,342.8396799628463,0.0,218.0,0.0,143.37720960234236,0.0,12.377275508740542,0.0,14.7648230602334,0.0,9.89290681958483,0.0,821.8275982799759,0.0,353.1186478542342,0.0,245.45462337641015,0.0,5.187962912877844,0.0,14.718369493477905,0.0,5357.325027030005,0.0,3943.656428002732,0.0,12.37727549691734,0.0,11.014760083263146,0.0,8.937753588456518,0.0
Krenk,374.0705882352941,0.0,17.889214369915177,0.0,344.23052633935833,0.0,224.0,0.0,149.2530216569093,0.0,12.514755680033808,0.0,14.966629547095765,0.0,10.161701709177754,0.0,826.1752909169154,0.0,274.6822962421112,0.0,231.57758330900208,0.0,5.06385817617637,0.0,16.463460391336522,0.0,5376.917498523339,0.0,3910.658539367906,0.0,12.514755664003422,0.0,11.38758793731255,0.0,9.174943495371885,0.0
Krenz,346.15294117647056,0.0,17.22056699763709,0.0,323.90946473834924,0.0,208.0,0.0,132.92575210349935,0.0,11.79974787684235,0.0,14.422205101855956,0.0,9.358001233562247,0.0,767.3386936731852,0.0,124.57805507554968,0.0,91.90794161708935,0.0,4.060185580493272,0.0,23.48606241895781,0.0,5327.673716223006,0.0,3684.3638053177774,0.0,11.799747859252152,0.0,10.55520533209694,0.0,8.35832308453491,0.0
Kreta,338.29019607843134,0.0,16.91787704262486,0.0,346.5609686824155,0.0,238.0,0.0,156.58030976034226,0.0,12.57177336885006,0.0,15.427248620541512,0.0,10.303436042171645,0.0,770.7678062685726,0.0,157.2730350234868,0.0,111.07758575385418,0.0,5.434246066693528,0.0,16.531375530650905,0.0,5727.9665027155415,0.0,3866.46253834387,0.0,12.571773359563519,0.0,11.575174141200343,0.0,9.333818014743857,0.0
Kreuz,345.0666666666667,0.0,17.185748233052674,0.0,325.727068083333,0.0,216.0,0.0,137.87999701451884,0.0,11.873829325248007,0.0,14.696938456699069,0.0,9.530577815939495,0.0,767.8580222979526,0.0,135.6808668309777,0.0,97.0364194564751,0.0,4.217308191117367,0.0,24.203327437399473,0.0,5594.599005373816,0.0,3667.9568708430998,0.0,11.873829309586759,0.0,10.779390819902364,0.0,8.580271602847304,0.0
Krgtc,353.7960784313725,0.0,17.281554282413197,0.0,371.032383117215,0.0,268.0,0.0,179.7438042287142,0.0,13.31249083442767,0.0,16.3707055437449,0.0,11.17637955724207,0.0,1783.1142829298215,0.0,255.57454168811276,0.0,176.81973301636125,0.0,7.774837842642474,0.0,57.457361714660976,0.0,5728.089889018375,0.0,3901.4789099071063,0.0,13.312490825475253,0.0,12.59167244155149,0.0,10.197629683383916,0.0
Krimi,344.6901960784314,0.0,17.207325675455554,0.0,436.36702815985245,0.0,356.0,0.0,248.34716774160717,0.0,15.34019167772294,0.0,18.867962264113206,0.0,13.466589188899642,0.0,7912.572380594017,0.0,704.8147563740852,0.0,525.598648346085,0.0,6.159317928207286,0.0,20.112655669660793,0.0,5745.625690878355,0.0,4230.5766391915895,0.0,15.340191684547989,0.0,14.436265145842293,0.0,12.565124071022721,0.0
Krims,352.7882352941176,0.0,17.350675824217724,0.0,418.18056661388005,0.0,327.0,0.0,227.49330096179438,0.0,14.828289441756827,0.0,18.083141320025124,0.0,12.881690177340145,0.0,7899.357029813183,0.0,650.0840500986469,0.0,497.1951401467454,0.0,5.634984957190477,0.0,15.61781875625258,0.0,5682.391635037909,0.0,4222.252410151372,0.0,14.828289443102637,0.0,13.79854152960697,0.0,11.975466246344098,0.0
Kripo,347.38039215686274,0.0,17.219079570892948,0.0,350.51878119049184,0.0,225.0,0.0,151.4976542520186,0.0,12.706305540262225,0.0,15.0,0.0,10.305556639119324,0.0,1000.2573760069683,0.0,563.5368003373356,0.0,437.37551947387504,0.0,4.890206480916639,0.0,25.310578722005715,0.0,5678.922550102484,0.0,4047.735758284948,0.0,12.70630553408083,0.0,11.481287237613714,0.0,9.379568722796938,0.0
Krise,305.0901960784314,0.0,16.087001063887797,0.0,330.02038317688346,0.0,208.0,0.0,134.5686582073793,0.0,11.972599740066439,0.0,14.422205101855956,0.0,9.46827356498517,0.0,768.8413415982625,0.0,113.25219053299989,0.0,80.01458432491299,0.0,7.747585498689842,0.0,12.166411263272673,0.0,5686.020203878687,0.0,4030.258956631643,0.0,11.972599739589063,0.0,10.509234523559925,0.0,8.512787718840938,0.0
Krkmb,439.3254901960785,0.0,19.393392771734646,0.0,448.2340379852602,0.0,360.0,0.0,257.7036207582125,0.0,15.729335370104174,0.0,18.973665961010276,0.0,13.90417483836305,0.0,7913.831607631849,0.0,835.9789399295129,0.0,650.5372378346553,0.0,5.763068433202477,0.0,29.96632310863911,0.0,5536.382420568924,0.0,4481.0907269008885,0.0,15.729335377136643,0.0,15.098482983233385,0.0,13.052938086645,0.0
Krlth,345.10980392156864,0.0,17.194314752939267,0.0,385.1871322825667,0.0,288.0,0.0,195.23548674705324,0.0,13.818454417160723,0.0,16.97056274847714,0.0,11.721779863524729,0.0,827.8904878423873,0.0,361.67323996745887,0.0,254.15941053542886,0.0,6.440209115510103,0.0,19.20604560881675,0.0,8623.505621708879,0.0,5126.799472341562,0.0,13.818454397260783,0.0,12.994995232372505,0.0,10.800791664171593,0.0
Krmns,382.8117647058824,0.0,18.073192639799686,0.0,388.41256483406875,0.0,278.0,0.0,192.17612003591313,0.0,13.939008303743563,0.0,16.673332000533065,0.0,11.793495455702494,0.0,3406.7841635450623,0.0,279.50312487008387,0.0,213.2461563418229,0.0,5.764531024099059,0.0,15.85668155813062,0.0,5343.299468283568,0.0,3931.825685411302,0.0,13.939008294647433,0.0,12.67507676709416,0.0,10.803158013519548,0.0
Krnns,346.2352941176471,0.0,17.19795325930129,0.0,322.9157298731584,0.0,209.0,0.0,132.0712909242917,0.0,11.718388137854191,0.0,14.45683229480096,0.0,9.271847927335438,0.0,765.9626335510394,0.0,110.75927697961619,0.0,77.92907031827032,0.0,5.806475857436814,0.0,14.193091098304992,0.0,5309.414893549237,0.0,3707.611470725272,0.0,11.718388120960942,0.0,10.587715964059829,0.0,8.246356990099068,0.0
Krnss,324.30980392156863,0.0,16.58701752355731,0.0,327.4708227989366,0.0,216.0,0.0,137.6077841577631,0.0,11.885168859304843,0.0,14.696938456699069,0.0,9.5037421023208,0.0,766.2769953725463,0.0,115.00906790590874,0.0,80.54158733957797,0.0,8.516704826508501,0.0,14.110357708277657,0.0,5287.928919295185,0.0,3767.3171837688624,0.0,11.885168847954004,0.0,10.756603406908843,0.0,8.499434106294174,0.0
Krntj,332.6392156862745,0.0,16.849585836694256,0.0,379.33075944809843,0.0,287.0,0.0,192.35341778118016,0.0,13.614323795610398,0.0,16.941074346097416,0.0,11.564468436482024,0.0,4104.767381091679,0.0,839.648426880456,0.0,702.6035913619907,0.0,7.223534972410104,0.0,185.53161753095057,0.0,5799.840198601402,0.0,3918.2089030025295,0.0,13.614323785583139,0.0,12.889458273352771,0.0,10.606576766916385,0.0
Krtht,345.94509803921574,0.0,17.16466690852864,0.0,338.4775051074788,0.0,235.0,0.0,152.07115247480775,0.0,12.314761112779163,0.0,15.329709716755891,0.0,10.062950305094875,0.0,768.3232729818081,0.0,115.66520950712781,0.0,82.18324807666318,0.0,5.009864464678865,0.0,15.282690289028615,0.0,5945.920231573626,0.0,3814.420265498607,0.0,12.314761082513364,0.0,11.6359400163599,0.0,9.081235658389556,0.0
Kruhs,362.07843137254906,0.0,17.573591735607483,0.0,335.2048218372746,0.0,228.0,0.0,146.00875752044914,0.0,12.17242574839483,0.0,15.0996688705415,0.0,9.819617256863463,0.0,767.8669653710058,0.0,121.37926705751806,0.0,83.68024180720552,0.0,4.32441201853701,0.0,16.92413383389281,0.0,6367.467478831059,0.0,3819.181967097225,0.0,12.172425719046108,0.0,11.354703553850008,0.0,8.800721509707532,0.0
Kruns,345.1490196078431,0.0,17.163088618278394,0.0,325.41737500491934,0.0,215.0,0.0,135.98598145798005,0.0,11.829947260261484,0.0,14.66287829861518,0.0,9.41068077415334,0.0,766.2201880049245,0.0,117.22760619454121,0.0,80.91663118347542,0.0,5.839463893153897,0.0,14.66560448390724,0.0,5857.494368247082,0.0,3766.8616034871247,0.0,11.829947242355447,0.0,10.750514919856775,0.0,8.36676089298935,0.0
Krvtn,331.9019607843137,0.0,16.8473020941285,0.0,352.0940846927384,0.0,251.0,0.0,165.15913596508778,0.0,12.788948178614127,0.0,15.84297951775486,0.0,10.570620407954408,0.0,767.8101734834495,0.0,127.03855980481076,0.0,91.20554308526474,0.0,5.840817992837711,0.0,19.253261597843725,0.0,5855.838515157171,0.0,3995.159744909207,0.0,12.788948171429341,0.0,11.6945041254351,0.0,9.603462286513375,0.0
Kröte,340.6470588235294,0.0,16.943101288619864,0.0,344.5737693925398,0.0,220.0,0.0,148.61863421819822,0.0,12.539285987756626,0.0,14.832396974191326,0.0,10.202922125671158,0.0,822.5862255336268,0.0,335.6212344221569,0.0,297.7992481294792,0.0,5.633421257062397,0.0,32.75932674954294,0.0,7137.451526287154,0.0,5568.100018417174,0.0,12.539285981761775,0.0,11.451749387206961,0.0,9.335758720840886,0.0
Kshlm,405.0823529411765,0.0,18.597007113701977,0.0,436.45520459017797,0.0,339.0,0.0,242.22644368016876,0.0,15.372733278372356,0.0,18.411952639521967,0.0,13.448897952013901,0.0,4375.041918207807,0.0,420.3707604215042,0.0,316.45857335402,0.0,5.171420074516855,0.0,23.202953805275808,0.0,5481.348073468918,0.0,3711.9433711613315,0.0,15.37273328142618,0.0,14.744848003233608,0.0,12.511742257499485,0.0
Kstzt,321.9529411764706,0.0,16.528746061537216,0.0,330.7659605330905,0.0,222.0,0.0,143.03651236117284,0.0,12.042408508236154,0.0,14.89966442575134,0.0,9.722618565722712,0.0,766.7166723356762,0.0,110.01620675289332,0.0,78.18134014228583,0.0,7.400841676097599,0.0,20.935775396343367,0.0,3956.4630400697733,0.0,3651.187963091842,0.0,12.042408514754174,0.0,11.19617938375968,0.0,8.706431589570585,0.0
Kthxb,399.81176470588235,0.0,18.44711634644893,0.0,370.37658311246696,0.0,269.0,0.0,179.98792508857144,0.0,13.333938646221803,0.0,16.401219466856727,0.0,11.1841878280706,0.0,833.1651797802571,0.0,303.7768616590782,0.0,234.2252684318373,0.0,3.505062507040468,0.0,163.20968082828665,0.0,4109.810693455746,0.0,3906.4183439909375,0.0,13.333938639740417,0.0,12.711472999453056,0.0,10.239626713178879,0.0
Kubul,388.8862745098039,0.0,18.242485615458744,0.0,353.6766653870761,0.0,240.0,0.0,159.61494665189375,0.0,12.80921152503298,0.0,15.491933384829668,0.0,10.498123302023416,0.0,862.1078909033972,0.0,319.5609684902847,0.0,240.32362125048587,0.0,6.911057145117323,0.0,17.47598493230844,0.0,5208.683466840312,0.0,3966.679875111286,0.0,12.80921153932551,0.0,12.083751961292647,0.0,9.558023160228421,0.0
Kubus,387.3686274509804,0.0,18.14252048631361,0.0,326.16040652711285,0.0,201.0,0.0,130.07352315951272,0.0,11.855165457637982,0.0,14.177446878757825,0.0,9.331576508627924,0.0,770.1390898817885,0.0,125.2365660074131,0.0,84.62950375116226,0.0,7.053852955351239,0.0,15.205612849305261,0.0,4284.872489380491,0.0,3596.6982733177356,0.0,11.855165468351721,0.0,10.872357332144666,0.0,8.345050798879315,0.0
Kufen,384.0823529411765,0.0,18.049013110946632,0.0,342.1928325373086,0.0,204.0,0.0,137.33824429942354,0.0,12.388876409418328,0.0,14.2828568570857,0.0,9.8000386489005,0.0,1210.6131007355891,0.0,594.54552526341,0.0,437.40201681449133,0.0,4.48782691669681,0.0,17.430356863777234,0.0,7774.674003818443,0.0,6893.631454752712,0.0,12.388876389726661,0.0,10.90362453770194,0.0,8.835604826457255,0.0
Kugel,388.96078431372547,0.0,18.155589249372387,0.0,360.22653398997363,0.0,235.0,0.0,159.18255911227754,0.0,12.95425547693099,0.0,15.329709716755891,0.0,10.594089279713451,0.0,1819.4722675775508,0.0,375.24510882078386,0.0,277.3453079040466,0.0,8.000337266787705,0.0,14.484695609437004,0.0,4792.226838122976,0.0,3956.540007005115,0.0,12.954255489451041,0.0,12.169893672727481,0.0,9.651954276202138,0.0
Kulis,320.4666666666667,0.0,16.55071406621175,0.0,363.3371781094936,0.0,256.0,0.0,169.9739956869896,0.0,13.101360882744007,0.0,16.0,0.0,10.804314829299054,0.0,777.040121664436,0.0,150.98709285335644,0.0,107.4597106708111,0.0,11.67362489202133,0.0,13.720046712394955,0.0,7644.783261112809,0.0,4885.255716976068,0.0,13.101360882687596,0.0,12.157097371132705,0.0,9.854408037882218,0.0
Kunst,351.3254901960784,0.0,17.277204837510862,0.0,320.21690138724614,0.0,200.0,0.0,127.54515398166231,0.0,11.648878247907167,0.0,14.142135623730951,0.0,9.124946488629904,0.0,765.6468006650276,0.0,100.72831651927876,0.0,68.61134228191038,0.0,9.37145242146436,0.0,11.30568356994376,0.0,3823.447481467702,0.0,3666.17606706859,0.0,11.64887825875639,0.0,10.780935688733106,0.0,8.08368201346366,0.0
Kuppe,416.3921568627451,0.0,18.81698824255808,0.0,333.4357177235662,0.0,180.0,0.0,124.69710530331291,0.0,12.1513575566245,0.0,13.416407864998739,0.0,9.50030238033867,0.0,1262.2831376073152,0.0,755.5902761264515,0.0,654.7775630255612,0.0,4.068871640081147,0.0,24.7053547155975,0.0,3804.0348914186984,0.0,3664.180467191563,0.0,12.151357573055895,0.0,11.018102491667708,0.0,8.680080930422047,0.0
Kurie,325.9294117647059,0.0,16.68034963127593,0.0,336.2714039258019,0.0,219.0,0.0,142.9886309038692,0.0,12.220521168354809,0.0,14.798648586948742,0.0,9.803953596167437,0.0,770.5472370697339,0.0,130.98715312444475,0.0,89.09686203001033,0.0,9.66144689544196,0.0,12.30152486527084,0.0,4153.396087485325,0.0,3574.3119571030834,0.0,12.220521195009358,0.0,11.257711209971394,0.0,8.915301217703515,0.0
Kuron,358.97254901960787,0.0,17.514102188550023,0.0,317.8657621466423,0.0,185.0,0.0,119.48330767306021,0.0,11.56263345304274,0.0,13.601470508735444,0.0,8.908160369086962,0.0,769.9134077578886,0.0,126.64085599607519,0.0,91.8577152950132,0.0,5.53149383172187,0.0,14.443067563601673,0.0,3806.537354407469,0.0,3599.3100995096665,0.0,11.562633472560204,0.0,10.233624581340582,0.0,7.8737933094596055,0.0
Kurse,334.02745098039213,0.0,16.82818939985846,0.0,311.28973434175697,0.0,178.0,0.0,113.62764669454289,0.0,11.312702710115998,0.0,13.341664064126334,0.0,8.626588692611579,0.0,765.2954171621163,0.0,99.59677854034973,0.0,67.85521862708332,0.0,8.567773901334066,0.0,11.304753632347566,0.0,3851.6470201173715,0.0,3655.3564562293386,0.0,11.31270272964064,0.0,9.893074795697583,0.0,7.644690181660186,0.0
Kuwel,385.45098039215685,0.0,18.125709945130264,0.0,375.86077276740644,0.0,264.0,0.0,181.66528203811666,0.0,13.564711759094818,0.0,16.24807680927192,0.0,11.415779536484054,0.0,1054.0303021482819,0.0,398.9709873324469,0.0,312.05634897395504,0.0,7.6250360105081905,0.0,21.165931027739713,0.0,5547.822177820633,0.0,3929.3294453586186,0.0,13.564711772392922,0.0,12.992110158668797,0.0,10.532350770571412,0.0
Kvrls,309.1411764705882,0.0,16.254532032972183,0.0,362.7079441112478,0.0,265.0,0.0,175.5726076534748,0.0,13.111439832763738,0.0,16.278820596099706,0.0,10.980159228498914,0.0,776.222636361267,0.0,154.15228306965216,0.0,119.70985407676382,0.0,9.919783772460713,0.0,98.26530951110038,0.0,5678.925802553847,0.0,3975.37858339262,0.0,13.111439847380323,0.0,12.015940066432579,0.0,9.992860884248225,0.0
Kzbrl,354.4235294117647,0.0,17.457196513515438,0.0,379.562787019172,0.0,287.0,0.0,192.0584011360774,0.0,13.623817825915339,0.0,16.941074346097416,0.0,11.542243666199251,0.0,863.494099365584,0.0,325.6450585362037,0.0,246.2774521455597,0.0,9.313375615250742,0.0,34.50018009831979,0.0,4804.580135627143,0.0,3968.545284757368,0.0,13.623817829663246,0.0,13.1231579228332,0.0,10.578697379943144,0.0
Kzchp,394.83921568627454,0.0,18.376840480657133,0.0,340.8778683237786,0.0,203.0,0.0,136.63157009094863,0.0,12.332135611389797,0.0,14.247806848775006,0.0,9.775846376024502,0.0,3247.850360888208,0.0,1984.9509713608302,0.0,1882.5001043869354,0.0,4.58108208754915,0.0,48.50537667795262,0.0,4576.245752311596,0.0,3591.23964193733,0.0,12.33213559691641,0.0,11.250875327115914,0.0,8.846895708601068,0.0
Kzntn,363.4509803921569,0.0,17.659608609476816,0.0,343.84171290530406,0.0,234.0,0.0,153.53064882320157,0.0,12.49677767311635,0.0,15.297058540778355,0.0,10.177302029174625,0.0,767.8665978013162,0.0,123.13072707710865,0.0,90.34954062299381,0.0,5.292450598592066,0.0,32.36211362381799,0.0,4274.824620177936,0.0,3763.3130004426876,0.0,12.496777660144742,0.0,11.706781346751482,0.0,9.17936437192328,0.0
Kämme,468.0470588235294,0.0,19.9120866735248,0.0,458.79071461674476,0.0,336.0,0.0,249.25431029703878,0.0,15.975565791008563,0.0,18.33030277982336,0.0,13.91246156627169,0.0,8568.469895470376,0.0,698.1323603794115,0.0,535.1617937784752,0.0,3.8706753860779117,0.0,14.271054630199233,0.0,8607.413519978858,0.0,7365.410942298376,0.0,15.975565815136097,0.0,14.951769504107405,0.0,13.01160302696225,0.0
Kästä,376.6235294117647,0.0,17.755068588774304,0.0,357.8002915729143,0.0,233.0,0.0,155.78126554389655,0.0,12.843367552102903,0.0,15.264337522473747,0.0,10.380500025472468,0.0,1560.1967022646497,0.0,1446.1741573435763,0.0,1301.4139622948924,0.0,6.450610509534797,0.0,550.1203425612591,0.0,9157.582993814412,0.0,7203.359925854045,0.0,12.843367563953379,0.0,11.822358851783521,0.0,9.285167865855673,0.0
Köche,380.43921568627445,0.0,17.908600448151553,0.0,312.7752779327071,0.0,154.0,0.0,102.60768489958647,0.0,11.330449661206517,0.0,12.409673645990857,0.0,8.416568064147269,0.0,783.3562317109395,0.0,197.18055536898484,0.0,139.77205342647974,0.0,4.42157945362651,0.0,13.676578800529871,0.0,8984.847939387228,0.0,9533.758405963097,0.0,11.3304496380154,0.0,9.919384265792889,0.0,7.526650009411123,0.0
Köhns,392.0941176470588,0.0,18.222112039126376,0.0,330.58062818767786,0.0,201.0,0.0,131.68250059375066,0.0,11.993949680422668,0.0,14.177446878757825,0.0,9.468655152383253,0.0,785.7431909127836,0.0,205.8425019168575,0.0,145.60997678026172,0.0,7.0625379652719955,0.0,16.000741431804585,0.0,8662.566537156537,0.0,9556.59323411221,0.0,11.993949692349078,0.0,11.063023931073616,0.0,8.47530574409156,0.0
König,394.73333333333335,0.0,18.266912920658037,0.0,381.4050863738321,0.0,268.0,0.0,182.91785985450593,0.0,13.618011412093614,0.0,16.3707055437449,0.0,11.395567093162754,0.0,4906.236480770666,0.0,636.77449707598,0.0,457.5025958408844,0.0,5.422993156023854,0.0,14.280562755313923,0.0,8701.275909912769,0.0,9512.310504426638,0.0,13.618011436216875,0.0,13.108512072867407,0.0,10.457116951092502,0.0
Köntö,380.69803921568626,0.0,17.901636489556733,0.0,351.09335738993593,0.0,217.0,0.0,149.06828600570486,0.0,12.732564988414202,0.0,14.730919862656235,0.0,10.314169237566636,0.0,1629.462948981502,0.0,1690.0873186371546,0.0,1419.7303451856983,0.0,5.5243458057296575,0.0,932.8041747151769,0.0,9340.283203989247,0.0,9788.893791429053,0.0,12.729557637358106,0.0,11.862479762943044,0.0,9.411939260998308,0.0
Körso,341.313725490196,0.0,16.951858016042916,0.0,325.67902330449687,0.0,191.0,0.0,126.41358970146278,0.0,11.856306380786684,0.0,13.820274961085254,0.0,9.31533272806576,0.0,825.9401747863376,0.0,378.97833871244563,0.0,257.5428140704543,0.0,8.107772632129024,0.0,16.218782076947132,0.0,8572.089714637012,0.0,9553.402842715388,0.0,11.856306390871437,0.0,10.61253929393776,0.0,8.364021735838278,0.0
Körzo,352.3529411764706,0.0,17.3068620508873,0.0,336.1424274394177,0.0,210.0,0.0,139.30132458870975,0.0,12.222972725562663,0.0,14.491376746189438,0.0,9.783024982629268,0.0,826.4802747414246,0.0,380.91618381636505,0.0,259.34621631996197,0.0,6.73196676716188,0.0,18.25875844707331,0.0,8561.815237035577,0.0,9555.082642753829,0.0,12.222972736833682,0.0,11.154361240673357,0.0,8.844241800660939,0.0
Köthö,397.62745098039215,0.0,18.295576093011213,0.0,342.07626194222945,0.0,199.0,0.0,136.33657510347754,0.0,12.417804880404063,0.0,14.106735979665885,0.0,9.859706031444714,0.0,1629.9170433283844,0.0,1689.659459722462,0.0,1419.3949780275448,0.0,3.3927563657307522,0.0,932.8672444235854,0.0,9468.864195263783,0.0,9755.017117886508,0.0,12.414721264453625,0.0,11.332180795098434,0.0,8.935628321713962,0.0
Kübel,390.1294117647059,0.0,18.201254757309574,0.0,351.65880188891015,0.0,222.0,0.0,150.49393608012576,0.0,12.726765690788035,0.0,14.89966442575134,0.0,10.300358832925962,0.0,865.9730452622126,0.0,323.3778990555765,0.0,245.2396081468037,0.0,8.625150875868037,0.0,16.164587663653084,0.0,5142.3245482984275,0.0,5787.094635561946,0.0,12.72676569982211,0.0,11.972575871070106,0.0,9.417633982918632,0.0
Küche,387.45098039215685,0.0,18.114603767830896,0.0,316.9371787216145,0.0,163.0,0.0,107.52249123749925,0.0,11.471362086813087,0.0,12.767145334803704,0.0,8.557926985716426,0.0,771.7300043830793,0.0,122.66223051979381,0.0,89.03170262662519,0.0,4.781624307764898,0.0,13.18932593532144,0.0,4988.778815153223,0.0,5564.30334162411,0.0,11.471362058853542,0.0,10.055567163743882,0.0,7.640439184041908,0.0
Küken,410.01176470588234,0.0,18.693879899934824,0.0,338.2309134032464,0.0,210.0,0.0,140.77805901406333,0.0,12.335040839090098,0.0,14.491376746189438,0.0,9.882082163270015,0.0,860.945518368267,0.0,470.9031377560132,0.0,376.10278923684336,0.0,4.775565968708828,0.0,22.502879985971266,0.0,4403.760801068054,0.0,5896.295664724838,0.0,12.33504088533395,0.0,11.493963689422708,0.0,8.9971458597314,0.0
Küsse,349.1294117647059,0.0,17.12257728339505,0.0,316.52984667700525,0.0,168.0,0.0,110.31099063910051,0.0,11.478495987739711,0.0,12.96148139681572,0.0,8.645571962932085,0.0,770.611112563891,0.0,125.51728272151158,0.0,90.79577767346808,0.0,8.979044895860895,0.0,13.366766454983111,0.0,4798.526117368513,0.0,5584.669110827528,0.0,11.478496005521455,0.0,9.832229056753391,0.0,7.686556773776392,0.0
Küste,351.4823529411765,0.0,17.198872489711047,0.0,333.71396553516706,0.0,195.0,0.0,130.94503097833856,0.0,12.130988193645322,0.0,13.96424004376894,0.0,9.52771791659241,0.0,771.8986895428857,0.0,134.11916942400498,0.0,98.83365078415446,0.0,8.624057700631202,0.0,13.440594518066417,0.0,5274.934786489162,0.0,5668.040553804609,0.0,12.130988213642734,0.0,10.832061979672297,0.0,8.620522041404,0.0
Labor,338.72549019607845,0.0,16.912717108732117,0.0,315.30368154135886,0.0,170.0,0.0,108.70675604249283,0.0,11.345212563620763,0.0,13.038404810405298,0.0,8.473718456562304,0.0,772.7048518619076,0.0,130.93001717451745,0.0,92.68373865502869,0.0,5.37481927847807,0.0,14.304228732556838,0.0,2624.002471064693,0.0,3223.0470343401657,0.0,11.345212562152229,0.0,9.954277020829045,0.0,7.26448866793554,0.0
Lachs,327.56470588235294,0.0,16.603309796356015,0.0,301.66782625444233,0.0,144.0,0.0,89.25609323913753,0.0,10.762081656765677,0.0,12.0,0.0,7.537856380114193,0.0,765.6296885777584,0.0,84.37203618005258,0.0,54.01657451618512,0.0,3.6924842786908285,0.0,11.558058627550558,0.0,3635.158569754272,0.0,3212.8989026497457,0.0,10.762081637878483,0.0,8.536763240210687,0.0,6.267570500203336,0.0
Lacht,329.9176470588235,0.0,16.68198004690315,0.0,304.5074851525293,0.0,154.0,0.0,95.81713211917142,0.0,10.896321983133538,0.0,12.409673645990857,0.0,7.803712168279417,0.0,765.4167963012446,0.0,80.51513474025533,0.0,51.11615598817405,0.0,3.6174900243129913,0.0,9.500484803160703,0.0,3657.937817763059,0.0,3226.5795858064503,0.0,10.896321955788022,0.0,9.17639229574364,0.0,6.558948279486753,0.0
Laden,362.3607843137255,0.0,17.492164665438473,0.0,312.4810770472966,0.0,158.0,0.0,101.99425719039351,0.0,11.242434205960617,0.0,12.569805089976535,0.0,8.259718331531268,0.0,813.3335209604378,0.0,295.97071466476757,0.0,213.8464983971958,0.0,4.026398657170678,0.0,11.351569000961806,0.0,2633.3201587782787,0.0,3186.4838790021718,0.0,11.24243422610867,0.0,9.436410268853242,0.0,7.092280435328848,0.0
Lader,336.61176470588236,0.0,16.853004026391606,0.0,316.03618651297586,0.0,175.0,0.0,111.41827415218268,0.0,11.367611134562948,0.0,13.228756555322953,0.0,8.573984387199012,0.0,813.6105217302572,0.0,299.3329052300892,0.0,215.54793501590376,0.0,5.39251411160193,0.0,12.088025946734092,0.0,2703.9614382128984,0.0,3182.916155279286,0.0,11.367611141529359,0.0,9.96674887989205,0.0,7.398961043752002,0.0
Lager,345.81568627450986,0.0,17.033714674189294,0.0,323.84114789252305,0.0,182.0,0.0,116.568355814407,0.0,11.580643783059498,0.0,13.490737563232042,0.0,8.794129268259821,0.0,1777.1404492110596,0.0,229.10992821727865,0.0,157.48313138735867,0.0,6.6826367967901295,0.0,10.599814467204375,0.0,2440.3253986095565,0.0,3178.381506364667,0.0,11.580643775290422,0.0,10.276220696062882,0.0,7.608289442017682,0.0
Lagos,352.6588235294118,0.0,17.157343634717158,0.0,326.526593917214,0.0,174.0,0.0,113.80993022503648,0.0,11.673489295870041,0.0,13.19090595827292,0.0,8.809692185006925,0.0,1779.147065873998,0.0,240.67385830827158,0.0,168.96538431828893,0.0,6.077788941074026,0.0,15.370403782216732,0.0,2408.9944528700516,0.0,3212.0307494985786,0.0,11.673489287132169,0.0,9.991184907547028,0.0,7.590433558927271,0.0
Lahfa,375.15294117647056,0.0,17.778947673924822,0.0,373.7227450040476,0.0,255.0,0.0,170.83874931889488,0.0,13.302303757259226,0.0,15.968719422671311,0.0,10.914276786071177,0.0,1188.8526581626907,0.0,574.2569806156358,0.0,415.5417330530054,0.0,4.5703442444076465,0.0,18.665924497125935,0.0,2767.9762963988715,0.0,3280.3470661951983,0.0,13.302303766923538,0.0,12.212474518788076,0.0,9.812060770943749,0.0
Lahna,372.7725490196079,0.0,17.77933043008367,0.0,319.3401811336372,0.0,183.0,0.0,114.81799993476952,0.0,11.453882862818961,0.0,13.527749258468683,0.0,8.605348588265356,0.0,770.7375389014536,0.0,137.0601671015477,0.0,91.61989796302767,0.0,3.9629982991492274,0.0,16.145035984550212,0.0,2826.6748972865416,0.0,3288.933272183129,0.0,11.453882855786853,0.0,9.962331288936934,0.0,7.324446050496565,0.0
Laibe,331.43137254901967,0.0,16.717726170740953,0.0,309.7687196738568,0.0,148.0,0.0,94.43726769167682,0.0,11.090210218633565,0.0,12.165525060596439,0.0,7.866954549964859,0.0,768.3768810475888,0.0,86.10624659314256,0.0,57.237051864569324,0.0,3.7487487856970225,0.0,14.554492842834101,0.0,3819.9204168674814,0.0,3642.297994651215,0.0,11.090210219893919,0.0,8.972064583792722,0.0,6.660266798936411,0.0
Laici,272.51372549019607,0.0,15.19414839103264,0.0,334.1312269939615,0.0,202.0,0.0,127.65618796606513,0.0,11.92916036006887,0.0,14.212670403551895,0.0,9.108330590574983,0.0,894.0166053983268,0.0,289.48174047754884,0.0,181.83919048187335,0.0,7.015775137402468,0.0,21.73628575703823,0.0,3404.4098473811055,0.0,3754.7982467760226,0.0,11.929160362980745,0.0,9.883003590060962,0.0,7.8628256240171135,0.0
Lakai,342.8509803921569,0.0,17.065999392232232,0.0,342.61111059897996,0.0,217.0,0.0,141.13551662235315,0.0,12.32494680909763,0.0,14.730919862656235,0.0,9.74844434314923,0.0,970.529188106268,0.0,538.1830780992065,0.0,407.66006491050723,0.0,5.68277850625984,0.0,25.460311450021116,0.0,3185.611350702219,0.0,3876.8523604445018,0.0,12.324946819235508,0.0,10.947874483022954,0.0,8.598444724950031,0.0
Laken,360.92941176470583,0.0,17.49997045090052,0.0,314.3057595212881,0.0,169.0,0.0,109.33407431366919,0.0,11.376195039213206,0.0,13.0,0.0,8.544645559384394,0.0,854.9476628574904,0.0,460.89363629841563,0.0,368.56721222112594,0.0,3.951696677375659,0.0,20.725325560385482,0.0,2826.4816861458094,0.0,3770.168234910717,0.0,11.376195063450806,0.0,9.804898426584916,0.0,7.464420848619835,0.0
Lampe,397.8196078431372,0.0,18.33770274030034,0.0,369.9515373345489,0.0,209.0,0.0,150.48137555592643,0.0,13.290661884063992,0.0,14.45683229480096,0.0,10.66689864409515,0.0,3455.672274634305,0.0,522.2805121922132,0.0,424.5541967212841,0.0,6.193548861375602,0.0,22.311401952857803,0.0,2529.052412546998,0.0,3513.0472297752667,0.0,13.29066188354103,0.0,11.441060028636654,0.0,9.65711114443911,0.0
Lange,371.5647058823529,0.0,17.666338487953134,0.0,317.924546862323,0.0,154.0,0.0,99.92139318074787,0.0,11.338281075459657,0.0,12.409673645990857,0.0,8.210579958272602,0.0,2807.779278326216,0.0,340.03137537227525,0.0,239.9499236301659,0.0,5.5154034132462355,0.0,10.62750071146259,0.0,2518.0210293292002,0.0,3268.2951731942767,0.0,11.338281069226932,0.0,9.441588753481469,0.0,7.010909380070855,0.0
Lanze,333.01176470588234,0.0,16.815852720861923,0.0,304.11529478696696,0.0,155.0,0.0,96.6431566090971,0.0,10.911303470800904,0.0,12.449899597988733,0.0,7.843594096845991,0.0,764.308421494869,0.0,86.73754870670066,0.0,57.99672108148174,0.0,2.728323630340891,0.0,12.889383247307688,0.0,2430.1830902496677,0.0,3271.180745006782,0.0,10.911303462277669,0.0,9.033588348944386,0.0,6.67287285109488,0.0
Larve,301.46274509803925,0.0,15.96066146312985,0.0,307.64056888152214,0.0,165.0,0.0,103.351259783328,0.0,11.061502513039647,0.0,12.84523257866513,0.0,8.14593630766863,0.0,764.7175973165643,0.0,95.71137371137615,0.0,63.863465409157236,0.0,3.3501879298511232,0.0,34.37313392957116,0.0,2508.606081111106,0.0,3198.925518801348,0.0,11.061502511681027,0.0,8.687876702790636,0.0,6.98725671762561,0.0
Lasso,303.06666666666666,0.0,15.90238484964409,0.0,302.3002790870629,0.0,140.0,0.0,89.17487726089084,0.0,10.848438964131184,0.0,11.832159566199232,0.0,7.65402420517265,0.0,808.7219666893742,0.0,332.1200448672616,0.0,221.615758651523,0.0,3.7549549440568466,0.0,13.685999808625805,0.0,3406.496946130065,0.0,3288.9859832182406,0.0,10.848438959228917,0.0,8.339390133097568,0.0,6.4086158966191356,0.0
Latex,315.313725490196,0.0,16.281906658283784,0.0,303.6819150035472,0.0,156.0,0.0,98.36140993571149,0.0,10.946121517998934,0.0,12.489995996796797,0.0,7.980195288758209,0.0,767.7925054113483,0.0,112.1817315214538,0.0,83.60817292481758,0.0,2.6842845029103386,0.0,64.1154038731302,0.0,2733.059640730393,0.0,3209.6450577066557,0.0,10.946121518384928,0.0,8.703487022318502,0.0,6.7751206597933855,0.0
Laube,360.3686274509804,0.0,17.432117587024777,0.0,301.0650030128847,0.0,140.0,0.0,88.21349747371656,0.0,10.796676164963015,0.0,11.832159566199232,0.0,7.545189694244867,0.0,765.472257619669,0.0,88.82886973455007,0.0,56.855874779151975,0.0,4.205577648792884,0.0,14.328018485719191,0.0,4070.03968971428,0.0,3424.450439402228,0.0,10.796676155544878,0.0,9.027470703224687,0.0,6.324166317401089,0.0
Lauch,348.4039215686274,0.0,17.178834558428335,0.0,326.794973376196,0.0,185.0,0.0,117.94331684230929,0.0,11.714589963989782,0.0,13.601470508735444,0.0,8.81993711122973,0.0,820.3060152812616,0.0,347.4070183719761,0.0,239.49047400074934,0.0,4.673237032471409,0.0,13.393039008432712,0.0,3588.250497688007,0.0,3542.513492085204,0.0,11.714589951483172,0.0,9.956727822646767,0.0,7.597129668172775,0.0
Lauht,351.2901960784314,0.0,17.253250812265108,0.0,312.88135000325724,0.0,180.0,0.0,111.89502066660245,0.0,11.26992881646951,0.0,13.416407864998739,0.0,8.426029489764353,0.0,765.7032621036534,0.0,91.21496884139636,0.0,56.96167019564347,0.0,4.039592749257027,0.0,13.758676130234132,0.0,4309.310584333393,0.0,3325.5887647847994,0.0,11.26992879082945,0.0,10.104633712929436,0.0,7.165915439240392,0.0
Laute,323.2392156862745,0.0,16.493377324812027,0.0,313.33765464196887,0.0,169.0,0.0,108.30415259477655,0.0,11.325171884881838,0.0,13.0,0.0,8.438901418858118,0.0,765.2813937228109,0.0,98.78715522737672,0.0,66.5600428294505,0.0,3.2822090222372426,0.0,9.162770321426214,0.0,4123.235632364132,0.0,3470.5873550232855,0.0,11.325171873497133,0.0,9.692606161332725,0.0,7.313959807761895,0.0
Lbbst,347.8117647058823,0.0,17.100097015942126,0.0,336.62950008578537,0.0,196.0,0.0,129.84941298497301,0.0,12.13215464190537,0.0,14.0,0.0,9.453580405655087,0.0,801.3051053624041,0.0,213.9264597537334,0.0,161.8148749526207,0.0,6.842350073532038,0.0,26.69877803304541,0.0,4469.943420833524,0.0,3805.485607725008,0.0,12.132154585921349,0.0,10.700445461716262,0.0,8.330596783148804,0.0
Lbmpb,443.2313725490196,0.0,19.39318500813386,0.0,416.8639571416791,0.0,260.0,0.0,192.74855921055837,0.0,14.706633470665942,0.0,16.1245154965971,0.0,12.250565307669696,0.0,3475.682477865082,0.0,616.6595356113137,0.0,495.4245651786836,0.0,6.2270492560645465,0.0,37.17159556160448,0.0,4401.682151172201,0.0,3995.8266431043253,0.0,14.706633380077719,0.0,12.877081881733746,0.0,11.233997680113534,0.0
Lcfnc,311.65882352941173,0.0,16.193917626355784,0.0,334.640591530049,0.0,193.0,0.0,125.1890926919881,0.0,11.96209908420409,0.0,13.892443989449804,0.0,9.201630156756345,0.0,1217.535782969632,0.0,598.2140024681474,0.0,438.2546513953416,0.0,4.162124476283459,0.0,59.96521399036016,0.0,7255.922288877339,0.0,6950.291594013489,0.0,11.962099027713892,0.0,9.70843579263626,0.0,7.998040436290915,0.0
Lcftc,292.08627450980396,0.0,15.627574482253642,0.0,356.379803313989,0.0,227.0,0.0,151.3596262646975,0.0,12.744937707925827,0.0,15.066519173319364,0.0,10.249655683652842,0.0,1218.548792852906,0.0,600.8767131098462,0.0,440.4604000862686,0.0,3.825155977156267,0.0,59.82294778802588,0.0,7564.377938639558,0.0,7049.149234473782,0.0,12.744937641455715,0.0,10.886659340517078,0.0,9.134378590886651,0.0
Ldthr,344.26666666666665,0.0,17.10073013543388,0.0,333.8925795056126,0.0,204.0,0.0,132.26868239953012,0.0,12.049028372974249,0.0,14.2828568570857,0.0,9.437146361595204,0.0,1515.8941478975873,0.0,1564.636585890415,0.0,1194.7019395379227,0.0,4.621523028556891,0.0,29.45607911375739,0.0,3955.6231340132663,0.0,3774.232517429015,0.0,12.049028332076377,0.0,10.779676426096955,0.0,8.298198091234527,0.0
Lebby,378.50588235294117,0.0,17.8542559626121,0.0,334.8643700848454,0.0,186.0,0.0,125.00172861956766,0.0,12.061423869643043,0.0,13.638181696985855,0.0,9.34688809514225,0.0,6173.041687161621,0.0,410.9740021671898,0.0,304.3607160707863,0.0,6.211155969732062,0.0,16.639421536588525,0.0,3606.0473003986913,0.0,3404.6754318293374,0.0,12.061423844022896,0.0,10.44450055822541,0.0,8.309649995285406,0.0
Lecks,315.721568627451,0.0,16.30381156153566,0.0,308.9697379386587,0.0,162.0,0.0,102.71003526476935,0.0,11.097449302423714,0.0,12.727922061357855,0.0,8.208086911213613,0.0,779.7861056731823,0.0,169.20095197354016,0.0,123.59370997037658,0.0,4.028419717550648,0.0,15.470490322973788,0.0,2871.8246984777315,0.0,3165.435188092845,0.0,11.097449275957533,0.0,8.967524286671546,0.0,7.085100797228828,0.0
Leder,324.6666666666667,0.0,16.535719960197564,0.0,306.3284704794763,0.0,161.0,0.0,102.669806913217,0.0,11.049014711064096,0.0,12.68857754044952,0.0,8.245623519462177,0.0,813.2458691464252,0.0,298.2350241057578,0.0,214.99391067006144,0.0,5.217345723021367,0.0,11.709884723686814,0.0,2885.178347910644,0.0,3221.156631405567,0.0,11.049014702695912,0.0,9.555116581171296,0.0,7.146222069574115,0.0
Lefte,314.7607843137255,0.0,16.20562126878881,0.0,336.90952634428913,0.0,188.0,0.0,127.53695102631852,0.0,12.166294660356634,0.0,13.711309200802088,0.0,9.493170354044173,0.0,1210.3256213926215,0.0,593.7114853110036,0.0,437.0296020590484,0.0,3.280408885750606,0.0,16.776955957226118,0.0,7632.388556323647,0.0,6825.088426343915,0.0,12.166294591494273,0.0,10.207167339294445,0.0,8.499240219165896,0.0
Legen,359.61960784313726,0.0,17.36392252515078,0.0,310.578322393344,0.0,151.0,0.0,98.39587161365218,0.0,11.14177712833549,0.0,12.288205727444508,0.0,8.156196857846231,0.0,1776.846722169178,0.0,223.23480114733593,0.0,154.3755764176307,0.0,4.926307211502175,0.0,9.435232517520229,0.0,2567.7195420325565,0.0,3220.1979154719156,0.0,11.1417770984542,0.0,9.342089537977516,0.0,7.054484439343703,0.0
Lehre,323.1333333333333,0.0,16.521655194013263,0.0,313.52254478459815,0.0,172.0,0.0,110.26678421360647,0.0,11.319485854060439,0.0,13.114877048604,0.0,8.537486884019819,0.0,767.7098358154626,0.0,106.16931235814279,0.0,71.42317006476284,0.0,4.122924014329478,0.0,12.226973776193017,0.0,2979.3550484402886,0.0,3350.370424375476,0.0,11.319485817120333,0.0,9.758044233605933,0.0,7.523853203813639,0.0
Leier,276.1803921568627,0.0,15.267980683139308,0.0,296.3948044723136,0.0,150.0,0.0,92.20519189195372,0.0,10.6348653647378,0.0,12.24744871391589,0.0,7.6137134405441635,0.0,766.6278399136347,0.0,87.35683486519451,0.0,55.448951624591096,0.0,3.644864384753264,0.0,10.630151085610086,0.0,3320.4291314712023,0.0,3496.0079016739746,0.0,10.6348653464157,0.0,8.632551735155156,0.0,6.447707684199139,0.0
Leine,301.9294117647059,0.0,15.97070174131236,0.0,290.59444348550136,0.0,129.0,0.0,79.60892200106169,0.0,10.401951028754171,0.0,11.357816691600547,0.0,7.089837684132522,0.0,766.1917844659644,0.0,73.71383508612156,0.0,47.926753194701725,0.0,3.382835626608252,0.0,8.71622847104325,0.0,3387.247896623101,0.0,3527.743184151466,0.0,10.401951011864309,0.0,7.787674463928995,0.0,5.891835544703541,0.0
Leite,282.35686274509806,0.0,15.396149850503093,0.0,312.33365526944135,0.0,163.0,0.0,105.77945557377112,0.0,11.29345863246478,0.0,12.767145334803704,0.0,8.405429345313351,0.0,767.8005133724114,0.0,92.87928236068359,0.0,65.07840076622313,0.0,3.445210227193459,0.0,9.700747107198598,0.0,4004.7087924154544,0.0,3718.7799007950575,0.0,11.293458608541805,0.0,9.21485211571153,0.0,7.360838785337085,0.0
Leken,348.9843137254902,0.0,17.194628686624664,0.0,304.59804348778846,0.0,155.0,0.0,100.58560707470353,0.0,11.057845936207038,0.0,12.449899597988733,0.0,8.215112092253085,0.0,854.6006487471373,0.0,460.18136145464723,0.0,368.24347823150725,0.0,4.275009834759886,0.0,20.5556806530141,0.0,3000.995085929438,0.0,3802.518897296671,0.0,11.057845929481857,0.0,9.386170824462797,0.0,7.213975594448049,0.0
Lende,350.41568627450977,0.0,17.18668422271494,0.0,298.8380196820649,0.0,135.0,0.0,86.26798127722802,0.0,10.72817823761397,0.0,11.61895003862225,0.0,7.56544996536996,0.0,783.2216166750472,0.0,161.36003255388218,0.0,114.1142675540182,0.0,5.174287333381493,0.0,10.36589182662189,0.0,3219.5510260228843,0.0,3767.2424860792853,0.0,10.728178212487684,0.0,8.806560821193973,0.0,6.461116385080735,0.0
Lepra,335.49411764705883,0.0,16.835930801003503,0.0,331.5478412124223,0.0,198.0,0.0,129.62169375954295,0.0,11.969662255951112,0.0,14.071247279470288,0.0,9.382393743814879,0.0,1121.9658709752582,0.0,616.595152404455,0.0,542.8314497541792,0.0,4.617192452648443,0.0,24.319173689965556,0.0,2645.7112500031076,0.0,3237.024892971498,0.0,11.969662230760003,0.0,10.468353931014512,0.0,8.335855068227435,0.0
Lesbe,327.5843137254902,0.0,16.548188809180388,0.0,287.80844399062494,0.0,111.0,0.0,70.66192391791881,0.0,10.275811247302792,0.0,10.535653752852738,0.0,6.806229343017537,0.0,765.0064285780043,0.0,78.33733432520339,0.0,52.15738596856295,0.0,4.413324791262588,0.0,14.804338125453631,0.0,4121.672607665689,0.0,3392.235795073975,0.0,10.275811227935664,0.0,7.801998547018763,0.0,5.648653132435154,0.0
Leser,284.278431372549,0.0,15.429359312577326,0.0,284.1422448225814,0.0,127.0,0.0,77.17831535716138,0.0,10.141092260902596,0.0,11.269427669584644,0.0,6.922955826847919,0.0,763.6381910003947,0.0,83.72411477351145,0.0,52.511234089539506,0.0,3.492057814866576,0.0,10.824137318125306,0.0,3523.469798111375,0.0,3196.519368725066,0.0,10.141092241247744,0.0,7.932844272241584,0.0,5.726883740430092,0.0
Lesst,279.65098039215684,0.0,15.255770427418677,0.0,294.3924370744204,0.0,145.0,0.0,89.857164281807,0.0,10.571267566028894,0.0,12.041594578792296,0.0,7.542070195345015,0.0,763.9004659086511,0.0,80.84054575408719,0.0,51.88024584875677,0.0,3.526049873532253,0.0,10.028825931766853,0.0,3539.801610567334,0.0,3299.6870959771904,0.0,10.571267549236255,0.0,8.469276370459616,0.0,6.328547374629678,0.0
Leute,311.29411764705884,0.0,16.169037864608026,0.0,303.6299386084692,0.0,155.0,0.0,99.55568535581088,0.0,11.005346945952654,0.0,12.449899597988733,0.0,8.105069778230225,0.0,764.8937012368914,0.0,95.40882290330482,0.0,64.7434061279167,0.0,2.758167146031239,0.0,8.347336194260595,0.0,4244.231681684341,0.0,3505.6680194604673,0.0,11.005346915001224,0.0,9.268807036754147,0.0,7.05817776902202,0.0
Lfths,332.0078431372549,0.0,16.70354858042977,0.0,346.8768206386949,0.0,229.0,0.0,148.99818380377621,0.0,12.453145508584141,0.0,15.132745950421556,0.0,10.059170964759296,0.0,5641.617889420281,0.0,2789.5158103185595,0.0,2179.7556339129083,0.0,4.271708847597598,0.0,36.38241542577649,0.0,13183.448011656898,0.0,6737.542722579404,0.0,12.453145690808388,0.0,11.302767783044354,0.0,9.022679915156907,0.0
Lhsts,307.70196078431377,0.0,16.074255794480976,0.0,341.22789195621897,0.0,205.0,0.0,135.95839374336484,0.0,12.290315949078435,0.0,14.317821063276353,0.0,9.686548038749587,0.0,801.4518480358438,0.0,246.1371265378377,0.0,175.49595751150278,0.0,6.544101029603985,0.0,16.38943785967976,0.0,4928.204381002224,0.0,3598.8127279835026,0.0,12.290315858708471,0.0,10.402143840497887,0.0,8.617484664878823,0.0
Liane,313.87450980392157,0.0,16.29898844166267,0.0,302.2815901667665,0.0,165.0,0.0,100.34001561686185,0.0,10.814607258334457,0.0,12.84523257866513,0.0,7.877658936675837,0.0,764.627218709257,0.0,84.43033811316137,0.0,53.700237563821375,0.0,4.8252654949731335,0.0,12.50318376846194,0.0,5313.770493265665,0.0,4044.756607682082,0.0,10.81460725736878,0.0,9.262371078834404,0.0,6.664182094979268,0.0
Libir,285.956862745098,0.0,15.624005327817196,0.0,353.62837633546917,0.0,256.0,0.0,164.14357496153997,0.0,12.692240189181218,0.0,16.0,0.0,10.413473434772843,0.0,774.3842847538023,0.0,140.00841328108973,0.0,92.66062138962208,0.0,5.489741466383083,0.0,13.172395962757896,0.0,5591.496584519999,0.0,4014.3596706508706,0.0,12.692240190369159,0.0,12.212512467880446,0.0,9.372090280690676,0.0
Lifte,295.8588235294118,0.0,15.761074598851843,0.0,355.23518025879287,0.0,231.0,0.0,153.48501734102274,0.0,12.740970443683095,0.0,15.198684153570664,0.0,10.294529684461569,0.0,1210.9595919333603,0.0,594.6781344555941,0.0,437.498004863975,0.0,4.113932080241925,0.0,17.267884409458485,0.0,8893.90372269401,0.0,7230.404174339404,0.0,12.740970386880464,0.0,11.409254194542763,0.0,9.281586799612565,0.0
Lihst,299.6039215686274,0.0,15.919415965747728,0.0,326.8300647994962,0.0,215.0,0.0,134.45045342051316,0.0,11.762153854937345,0.0,14.66287829861518,0.0,9.283162086655544,0.0,768.1916508113492,0.0,100.13180195949077,0.0,65.27896472001355,0.0,4.736443149002157,0.0,11.193853865900186,0.0,5436.030755583292,0.0,4159.440681033731,0.0,11.762153871189925,0.0,11.046230098687,0.0,8.156934264225567,0.0
Likör,318.63529411764705,0.0,16.460264738556308,0.0,344.9089222983331,0.0,234.0,0.0,151.76160997134417,0.0,12.433249055920909,0.0,15.297058540778355,0.0,10.105201920915418,0.0,879.0140426452319,0.0,511.8033394850638,0.0,415.43267182231824,0.0,5.346061345967097,0.0,28.242312111307218,0.0,5522.15528974723,0.0,4819.319825140459,0.0,12.433249079140102,0.0,11.80037367742007,0.0,9.044888919456222,0.0
Lilit,254.1686274509804,0.0,14.738086046541572,0.0,359.7252244662577,0.0,263.0,0.0,169.68352696501617,0.0,12.88910604827605,0.0,16.217274740226856,0.0,10.619584556517342,0.0,775.9216507939888,0.0,139.00353204771437,0.0,97.13619830769588,0.0,4.167028231937204,0.0,12.883171819709007,0.0,8477.424188586172,0.0,5208.373078632848,0.0,12.889106040031287,0.0,12.236180929972772,0.0,9.585064672157749,0.0
Limit,311.1529411764706,0.0,16.281433915655754,0.0,404.24379339087875,0.0,307.0,0.0,210.15945970060272,0.0,14.339161689803259,0.0,17.52141546793523,0.0,12.24937572143972,0.0,3407.68977150888,0.0,283.5480953776487,0.0,213.62396901086493,0.0,5.807709822744511,0.0,12.249703302125399,0.0,5535.197431552333,0.0,4212.332111252251,0.0,14.339161683266122,0.0,13.573828025408083,0.0,11.230306626779791,0.0
Linde,331.51372549019607,0.0,16.76816705470432,0.0,317.16367359656863,0.0,178.0,0.0,112.21604759193225,0.0,11.375737795070606,0.0,13.341664064126334,0.0,8.549449761936353,0.0,784.2009463926001,0.0,164.8812175936893,0.0,115.89519939781164,0.0,6.828950440572205,0.0,10.985421723544798,0.0,5587.102704821072,0.0,4459.759310671122,0.0,11.375737786113378,0.0,10.175476885991927,0.0,7.460348102482251,0.0
Linie,283.02745098039213,0.0,15.519427370657409,0.0,327.25149811709537,0.0,206.0,0.0,130.31600500691502,0.0,11.77977599357235,0.0,14.352700094407323,0.0,9.19910022938902,0.0,769.5990164321839,0.0,117.39530537021012,0.0,77.04856562176373,0.0,3.6810943379189154,0.0,12.091994865743887,0.0,5510.254777303961,0.0,4003.38468374123,0.0,11.77977598266909,0.0,10.799261689108858,0.0,8.218237087557664,0.0
Linin,294.1490196078431,0.0,15.881948191405204,0.0,338.55261325104175,0.0,229.0,0.0,145.0479016194146,0.0,12.17882772869507,0.0,15.132745950421556,0.0,9.703794493156513,0.0,770.0407153236484,0.0,120.95006812582551,0.0,79.12449257707071,0.0,4.5543864225698805,0.0,12.233578513914374,0.0,5487.74541847283,0.0,3998.3745100531282,0.0,12.178827716732775,0.0,11.257171363793464,0.0,8.65344395428,0.0
Linse,291.12549019607843,0.0,15.678218029132388,0.0,302.2698285330503,0.0,165.0,0.0,100.95502079758873,0.0,10.835092405697393,0.0,12.84523257866513,0.0,7.93246313486767,0.0,764.3406812848062,0.0,80.89216114639056,0.0,51.015304916326954,0.0,3.4171353538942957,0.0,10.51535208095965,0.0,5286.134931754342,0.0,4075.301658410108,0.0,10.835092401568831,0.0,9.368079860370877,0.0,6.818952491561984,0.0
Lippe,347.74117647058824,0.0,17.168154491465575,0.0,326.98410518224335,0.0,177.0,0.0,117.84559770130559,0.0,11.799638004596572,0.0,13.30413469565007,0.0,9.067494568079693,0.0,1261.724108097317,0.0,753.7091605236105,0.0,653.3960801576372,0.0,6.548113416098004,0.0,25.28813831168684,0.0,5265.901803358921,0.0,4075.211274573991,0.0,11.799638009189406,0.0,10.58290324085038,0.0,8.146812218390892,0.0
Liste,271.5529411764706,0.0,15.092535793504043,0.0,318.4067495342129,0.0,183.0,0.0,116.70064535368303,0.0,11.47158231829489,0.0,13.527749258468683,0.0,8.744540328580843,0.0,765.8183163483513,0.0,95.67563795536697,0.0,65.78505073113338,0.0,3.816370841194219,0.0,10.289833598039587,0.0,6186.760358299678,0.0,4186.068172081219,0.0,11.47158230619055,0.0,9.965309053090683,0.0,7.701751723543007,0.0
Listi,252.65098039215684,0.0,14.614169442063869,0.0,345.2490124949714,0.0,234.0,0.0,150.73209883552823,0.0,12.409922893318074,0.0,15.297058540778355,0.0,10.005189292375764,0.0,892.385111414584,0.0,291.04610488602464,0.0,184.3400907413666,0.0,3.98677222402237,0.0,18.0108383310095,0.0,6223.889361450187,0.0,4185.159338496847,0.0,12.409922886830053,0.0,11.182595895804774,0.0,8.940062328883625,0.0
Liter,267.7294117647059,0.0,15.049019991058309,0.0,306.44976609796254,0.0,182.0,0.0,111.43084406302243,0.0,11.025759766078938,0.0,13.490737563232042,0.0,8.344222253296019,0.0,765.3920156054467,0.0,92.39979755846421,0.0,59.138482615494446,0.0,2.9197139952691393,0.0,10.699466695255847,0.0,5337.472393167104,0.0,4033.5010039113813,0.0,11.025759778419514,0.0,9.830514175845805,0.0,7.2386745205347625,0.0
Ljngs,343.98823529411766,0.0,17.00450084028855,0.0,351.78375933526917,0.0,221.0,0.0,144.16513213773823,0.0,12.495402560045864,0.0,14.866068747318506,0.0,9.917041473929016,0.0,10404.829180873432,0.0,2785.0816716367835,0.0,2072.006011002653,0.0,6.314760015587631,0.0,158.88662542062346,0.0,5824.925868987268,0.0,3716.530539450253,0.0,12.495402573093164,0.0,11.21917781823243,0.0,8.766144089886714,0.0
Lkgln,378.48627450980393,0.0,17.951810413339754,0.0,402.1295951313352,0.0,289.0,0.0,200.24489353406113,0.0,14.233994322981921,0.0,17.0,0.0,12.01628976155244,0.0,2114.269996666049,0.0,1422.6764262905508,0.0,1130.5306200441273,0.0,5.113878056610554,0.0,44.760892458148604,0.0,6282.265393849533,0.0,4864.872431102881,0.0,14.23399428620124,0.0,13.145820596013316,0.0,10.972688335040417,0.0
Lkljg,362.53725490196075,0.0,17.543884449688047,0.0,431.63064916292603,0.0,324.0,0.0,226.9253292607103,0.0,15.026936091393056,0.0,18.0,0.0,12.878818432626506,0.0,5256.789673124416,0.0,1571.3522693994612,0.0,1238.2180327625642,0.0,6.361090478462301,0.0,63.01540206332003,0.0,8310.21544887239,0.0,5818.756062585172,0.0,15.026936047779039,0.0,13.88498641181423,0.0,11.832568897574912,0.0
Lkstr,303.98039215686276,0.0,16.056405286092676,0.0,357.7127462437044,0.0,244.0,0.0,162.43273537323384,0.0,12.895248326025738,0.0,15.620499351813308,0.0,10.589333582805066,0.0,1372.2107252924018,0.0,1404.801591743274,0.0,1118.4527283213934,0.0,7.24673464887548,0.0,44.56319368441455,0.0,6091.056701370759,0.0,4925.898085858312,0.0,12.895248297556861,0.0,11.5554531851228,0.0,9.522715719753263,0.0
Lkthr,342.83529411764704,0.0,17.108714512332995,0.0,349.74284865299705,0.0,235.0,0.0,154.5894402541503,0.0,12.632423647972558,0.0,15.329709716755891,0.0,10.269088647637684,0.0,1372.6497820491984,0.0,1404.1526037998406,0.0,1117.9371457368627,0.0,4.608572773233009,0.0,45.27279985715209,0.0,5830.688026656348,0.0,4861.048109266426,0.0,12.632423633853683,0.0,11.416775739415709,0.0,9.184462235391667,0.0
Llctl,271.34901960784316,0.0,15.192513180754686,0.0,361.56288917760395,0.0,246.0,0.0,163.19738109025425,0.0,12.949759691670401,0.0,15.684387141358123,0.0,10.6032947325892,0.0,867.707580315622,0.0,328.9396810502935,0.0,249.46555858459394,0.0,3.423251415117034,0.0,19.84984087234755,0.0,6091.209340519042,0.0,4632.630791442419,0.0,12.94975974438527,0.0,11.892674140375645,0.0,9.612502074534406,0.0
Llspr,303.45882352941175,0.0,16.061709142451225,0.0,338.69076822787883,0.0,213.0,0.0,137.89615108394537,0.0,12.168479986610622,0.0,14.594519519326424,0.0,9.641688313554171,0.0,969.6737989883327,0.0,471.79837166046116,0.0,386.4448343267841,0.0,4.917275765993262,0.0,25.62268616265128,0.0,5335.593675980115,0.0,4228.710356842401,0.0,12.168480040766514,0.0,11.11108891926778,0.0,8.562304809809326,0.0
Lltst,272.7176470588235,0.0,15.157095094989995,0.0,328.5090595804111,0.0,213.0,0.0,135.1622007604248,0.0,11.854415853425428,0.0,14.594519519326424,0.0,9.391710571278761,0.0,775.8570331354139,0.0,141.47767719523466,0.0,102.46478162831369,0.0,3.1740217323081117,0.0,14.338661471242894,0.0,4851.46440393534,0.0,4282.783790648781,0.0,11.854415912384335,0.0,10.831860719127079,0.0,8.294618791766156,0.0
Lmstr,323.5254901960784,0.0,16.543314228858147,0.0,392.8026254620896,0.0,279.0,0.0,193.54712767705007,0.0,14.021915663595873,0.0,16.703293088490067,0.0,11.870293250001069,0.0,10094.485810254879,0.0,827.9542532074704,0.0,640.443108253217,0.0,8.70840537795079,0.0,19.940911104236125,0.0,5196.562871427929,0.0,3491.5062557724777,0.0,14.021915644716852,0.0,12.811657665465523,0.0,10.869560535379005,0.0
Lnpqx,377.678431372549,0.0,17.92381502203848,0.0,350.26382544404566,0.0,211.0,0.0,142.22630926282488,0.0,12.600370550957576,0.0,14.52583904633395,0.0,10.009904057888814,0.0,51416868.8503703,0.0,413747.28402703046,0.0,408230.7729932667,0.0,4.843968857017364,0.0,455.4575740548155,0.0,7106.320133765354,0.0,3685.883728680983,0.0,12.600370538845388,0.0,10.733656373641855,0.0,8.899975373290392,0.0
Lnqvz,341.7725490196078,0.0,17.094087508801234,0.0,348.1551675748642,0.0,233.0,0.0,152.59376811091443,0.0,12.559531749280046,0.0,15.264337522473747,0.0,10.181059416175058,0.0,28921988.734989844,0.0,232736.54171078603,0.0,229632.15384756366,0.0,4.063970757897591,0.0,340.2230822050691,0.0,7007.438987867527,0.0,3547.8909097925894,0.0,12.559531732931928,0.0,10.834944258261094,0.0,9.051477644013367,0.0
Lnsbl,329.41960784313727,0.0,16.721442629109962,0.0,341.7592590394158,0.0,203.0,0.0,134.00014079806405,0.0,12.265203426775718,0.0,14.247806848775006,0.0,9.577969335336416,0.0,859.9772399891982,0.0,313.29875393465727,0.0,236.35152490194426,0.0,3.8850836535949664,0.0,21.384329963280994,0.0,8178.446234580477,0.0,4035.9916713718208,0.0,12.26520341427745,0.0,10.509315263323442,0.0,8.476836793484658,0.0
Lobby,381.5254901960784,0.0,17.935713729584876,0.0,344.07382307242415,0.0,198.0,0.0,134.4469893979858,0.0,12.386778817891543,0.0,14.071247279470288,0.0,9.7475572424673,0.0,6173.609842871273,0.0,415.73182716942546,0.0,308.06533335570094,0.0,6.129972504318004,0.0,16.970021861275338,0.0,3426.613336711963,0.0,3342.059692441423,0.0,12.386778798185487,0.0,10.824119217094905,0.0,8.735734659391941,0.0
Lobto,335.9764705882353,0.0,16.801543291557635,0.0,331.55398637505107,0.0,184.0,0.0,125.06578330306131,0.0,12.043753998769152,0.0,13.564659966250536,0.0,9.392457333707224,0.0,817.5705710707832,0.0,344.1065832551123,0.0,232.5120619851018,0.0,4.1828487040009,0.0,14.954843900237659,0.0,3376.305126304251,0.0,3429.466514881581,0.0,12.043753972936234,0.0,10.558886504189509,0.0,8.414774186795613,0.0
Locke,329.5450980392157,0.0,16.672925237826718,0.0,309.52338951145134,0.0,152.0,0.0,98.97770934115506,0.0,11.141905238697523,0.0,12.328828005937952,0.0,8.172973829250543,0.0,783.6886444394488,0.0,176.53001147653183,0.0,130.1596899025625,0.0,4.490362074364488,0.0,14.99577344329506,0.0,2692.4150868641345,0.0,3111.5130326636877,0.0,11.141905217441952,0.0,8.986289175151924,0.0,7.164094260819577,0.0
Logen,362.6392156862745,0.0,17.447669657309202,0.0,319.7877753809228,0.0,163.0,0.0,107.84113239207029,0.0,11.493195434589612,0.0,12.767145334803704,0.0,8.612438813483992,0.0,1778.819579003231,0.0,231.87733418254217,0.0,161.55687148095282,0.0,5.013215528845963,0.0,10.60221814926152,0.0,2308.4869673108756,0.0,3153.9414537471393,0.0,11.493195411938252,0.0,9.764660869374719,0.0,7.551723491632129,0.0
Logik,360.7686274509804,0.0,17.470205757130135,0.0,383.6666632642923,0.0,263.0,0.0,181.2518667805742,0.0,13.67700324206817,0.0,16.217274740226856,0.0,11.409084414373362,0.0,1808.1504767646716,0.0,355.8818200614921,0.0,279.3660723044525,0.0,6.4402463801078005,0.0,16.686459465595323,0.0,2995.5125207577075,0.0,3411.1473497407437,0.0,13.67700321072147,0.0,12.72954636212327,0.0,10.386507019759295,0.0
Lohso,332.99607843137255,0.0,16.736411394295153,0.0,315.913989851714,0.0,165.0,0.0,108.5168936243452,0.0,11.436086661431954,0.0,12.84523257866513,0.0,8.610978925793463,0.0,815.7770955636036,0.0,340.4752787402756,0.0,228.7006123477469,0.0,4.184364815553506,0.0,15.121901280368215,0.0,2743.5323878103945,0.0,3370.009677273318,0.0,11.436086636526655,0.0,9.689649281534928,0.0,7.565136851124048,0.0
Lokol,334.61568627450976,0.0,16.866617430439053,0.0,347.5643108257008,0.0,215.0,0.0,146.23788271792128,0.0,12.599625005375795,0.0,14.66287829861518,0.0,10.189952046593007,0.0,946.0759259875023,0.0,556.3895157991923,0.0,439.2542603702238,0.0,5.009989094394716,0.0,24.508975195314928,0.0,4090.354937034382,0.0,4127.092219328231,0.0,12.599625005821855,0.0,11.335624537316288,0.0,9.230002764120428,0.0
Lonst,304.5960784313725,0.0,16.00919574268384,0.0,304.6490879189983,0.0,166.0,0.0,104.19084084336887,0.0,10.996048046509117,0.0,12.884098726725126,0.0,8.186687848168694,0.0,768.2993074972142,0.0,100.4569205385604,0.0,68.98891039701371,0.0,3.8448934087511693,0.0,10.902321037169298,0.0,2393.639487941477,0.0,3239.212866301709,0.0,10.996048030015423,0.0,9.429580118524514,0.0,7.051571980122943,0.0
Lonus,323.08235294117645,0.0,16.526289566268133,0.0,299.0719394401169,0.0,157.0,0.0,97.04755364088308,0.0,10.76209998518859,0.0,12.529964086141668,0.0,7.86441285689936,0.0,768.7167019330544,0.0,112.50637317537833,0.0,74.96257970051558,0.0,3.48813688894115,0.0,13.51007403327315,0.0,2951.1966772543497,0.0,3137.1419357270734,0.0,10.762099964723921,0.0,8.874978957051047,0.0,6.746022847204962,0.0
Lorum,355.8352941176471,0.0,17.3976236517351,0.0,375.33754317287134,0.0,250.0,0.0,173.93797434568708,0.0,13.517282743555517,0.0,15.811388300841896,0.0,11.285967398461233,0.0,4373.289989206861,0.0,408.32083444480435,0.0,303.3681199360256,0.0,10.987298238096614,0.0,11.954509946637403,0.0,3050.0757729751936,0.0,3127.0600648962177,0.0,13.51728273437885,0.0,11.936263026623365,0.0,10.313015245667367,0.0
Lotos,296.49411764705883,0.0,15.742492397881193,0.0,300.01901119572847,0.0,143.0,0.0,92.1696129373658,0.0,10.833612599957169,0.0,11.958260743101398,0.0,7.854521557600829,0.0,773.5895813701488,0.0,129.44047013601545,0.0,95.41958654642686,0.0,2.7029276124519206,0.0,15.433083875299593,0.0,2495.41630129312,0.0,3219.49072420298,0.0,10.833612587852814,0.0,8.541148724382847,0.0,6.7438142167235124,0.0
Lotto,298.84705882352944,0.0,15.825442457917266,0.0,322.9680022601812,0.0,177.0,0.0,118.81017353073818,0.0,11.760873409831898,0.0,13.30413469565007,0.0,9.087623689869837,0.0,814.6075926448614,0.0,340.8718088180108,0.0,230.2136713296935,0.0,2.963393104708237,0.0,14.16056589503702,0.0,3373.8542199403532,0.0,3454.9592292521215,0.0,11.760873397802852,0.0,9.897907617061897,0.0,8.09800516262165,0.0
Lpftr,328.6,0.0,16.660932346860623,0.0,383.3250033593822,0.0,270.0,0.0,183.73056682460896,0.0,13.666556377676825,0.0,16.431676725154983,0.0,11.431323552330232,0.0,1850.891000407001,0.0,1285.3602615782866,0.0,1024.7241098824477,0.0,7.448801903923736,0.0,24.74654698073866,0.0,9329.283930380388,0.0,7016.066368767331,0.0,13.666556308975915,0.0,12.346111693755919,0.0,10.384600277489517,0.0
Lppbk,423.4745098039216,0.0,18.988061163361575,0.0,370.9137360853712,0.0,226.0,0.0,159.5430039811353,0.0,13.315165053334722,0.0,15.033296378372908,0.0,10.86792840059462,0.0,1819.4593614649655,0.0,1314.5775374100933,0.0,1093.0156756908625,0.0,5.792902855340641,0.0,31.88009550123911,0.0,6371.501422006147,0.0,3988.0375873263356,0.0,13.315165032172107,0.0,12.138870126045939,0.0,9.884499264899764,0.0
Lrhnn,345.3764705882353,0.0,17.196871669946333,0.0,327.0229835634282,0.0,203.0,0.0,129.02582659394596,0.0,11.807691438107677,0.0,14.247806848775006,0.0,9.194196257795513,0.0,768.5398893150084,0.0,111.2092007865397,0.0,77.07030841338867,0.0,5.939821172445045,0.0,14.82904631659172,0.0,4771.3230348002535,0.0,3470.691495720938,0.0,11.807691405217998,0.0,10.233384913342908,0.0,8.088756699427599,0.0
Lrstt,267.3764705882353,0.0,14.992953874995134,0.0,334.84456671572286,0.0,219.0,0.0,141.55786631222017,0.0,12.115800331977862,0.0,14.798648586948742,0.0,9.70802134319148,0.0,766.8045166536187,0.0,114.60416165838002,0.0,81.8012010205356,0.0,2.7041083092698046,0.0,12.489473034362236,0.0,5595.6702729346625,0.0,3571.922011155838,0.0,12.115800305634515,0.0,10.66063367444409,0.0,8.651808237583893,0.0
Lsmst,327.34901960784316,0.0,16.582909264108896,0.0,371.2618858727385,0.0,244.0,0.0,168.48097869586314,0.0,13.356303923460814,0.0,15.620499351813308,0.0,11.030242279197347,0.0,3406.4488378867745,0.0,271.40729727303,0.0,206.96439146984613,0.0,5.812667422777598,0.0,21.672512314872062,0.0,2882.264062451371,0.0,3499.9855120873867,0.0,13.35630390881811,0.0,11.771871991294322,0.0,9.950986401002508,0.0
Lswmn,393.00392156862745,0.0,18.25977273322774,0.0,429.6533157119878,0.0,324.0,0.0,231.35235702803297,0.0,15.158556420632788,0.0,18.0,0.0,13.16548387108322,0.0,7922.5996427712935,0.0,692.7095677060614,0.0,534.9040750545118,0.0,8.806105848493054,0.0,27.767176280074455,0.0,3987.5306177619095,0.0,3471.655342203253,0.0,15.158556395399758,0.0,14.12373350631541,0.0,12.221417200402398,0.0
Lubst,329.1686274509804,0.0,16.65502892420108,0.0,320.13471902353086,0.0,185.0,0.0,118.86022908032743,0.0,11.578652720823662,0.0,13.601470508735444,0.0,8.863074746279404,0.0,768.9904683030481,0.0,105.12279541978636,0.0,71.31998920544991,0.0,5.094111988748642,0.0,11.25651355907185,0.0,2873.469418639598,0.0,3340.5720026812364,0.0,11.578652724291011,0.0,10.169963791265264,0.0,7.740341892682707,0.0
Luder,334.7019607843137,0.0,16.840893730833002,0.0,319.5029009528396,0.0,182.0,0.0,117.11279954825748,0.0,11.543324298070894,0.0,13.490737563232042,0.0,8.842316344485143,0.0,814.3638782636565,0.0,301.43780105507506,0.0,217.30977621425242,0.0,5.409833596632335,0.0,12.9802780679574,0.0,2968.02831658423,0.0,3235.518743337945,0.0,11.543324309556578,0.0,10.08732327778351,0.0,7.746592225792659,0.0
Luken,359.01960784313724,0.0,17.488308172091145,0.0,317.77247396115183,0.0,176.0,0.0,115.02859970974401,0.0,11.551777634373577,0.0,13.2664991614216,0.0,8.81387076144892,0.0,855.6646255256361,0.0,462.263457058645,0.0,369.6003469602277,0.0,4.0255090731147565,0.0,21.168633854409862,0.0,3079.433897121442,0.0,3814.7201442429487,0.0,11.551777660901129,0.0,9.927438784873312,0.0,7.809138571397537,0.0
Lundi,341.5490196078431,0.0,17.06918549391287,0.0,338.85471311618664,0.0,207.0,0.0,134.7424273941137,0.0,12.193047338373665,0.0,14.38749456993816,0.0,9.543013753938087,0.0,908.3662679689122,0.0,321.7323202267802,0.0,208.9899983906159,0.0,4.163304918302554,0.0,18.72155558096281,0.0,3363.3845333859904,0.0,3778.5778173650915,0.0,12.193047331860948,0.0,10.665477857963712,0.0,8.443634341269162,0.0
Luxus,321.08627450980396,0.0,16.50028928014098,0.0,312.2919169516868,0.0,179.0,0.0,111.94538635797969,0.0,11.27769638891265,0.0,13.379088160259652,0.0,8.487683202199236,0.0,766.7517440606817,0.0,115.74092869987582,0.0,78.18656018277841,0.0,3.3250864443004304,0.0,39.17782554813516,0.0,4889.485750100331,0.0,3187.9573776704437,0.0,11.277696386908682,0.0,9.095278181259609,0.0,7.298191870670047,0.0
Lxhnt,342.5411764705882,0.0,17.074354885946406,0.0,330.8281014516623,0.0,215.0,0.0,137.1019817156711,0.0,11.958691540030875,0.0,14.66287829861518,0.0,9.487927986221187,0.0,773.106590709804,0.0,133.03717713405686,0.0,97.97922229052978,0.0,4.6703664188465845,0.0,58.85531406808718,0.0,3885.6998159897244,0.0,3300.894670385814,0.0,11.95869152721672,0.0,10.705726114868488,0.0,8.36826002420871,0.0
Lyrpk,363.1411764705882,0.0,17.598358509310525,0.0,371.67102906294514,0.0,246.0,0.0,169.24425504792,0.0,13.341362970744052,0.0,15.684387141358123,0.0,11.054845002348506,0.0,39004.47999673471,0.0,2304.24645836059,0.0,1743.760419492217,0.0,7.7013636325111925,0.0,35.98386789387109,0.0,3027.5759409876737,0.0,3732.0066415983756,0.0,13.341362958512832,0.0,11.908132320444137,0.0,10.005593543306894,0.0
Läden,373.64313725490194,0.0,17.73519385614253,0.0,321.015848046411,0.0,167.0,0.0,109.28467931990694,0.0,11.544212338197292,0.0,12.922847983320086,0.0,8.620281950861582,0.0,817.6159136757884,0.0,304.35366565705743,0.0,221.0934726670499,0.0,3.7895106346720535,0.0,13.53607029416597,0.0,8201.417173832293,0.0,6923.000744882755,0.0,11.544212388550001,0.0,9.852973165978531,0.0,7.47549867610727,0.0
Lätäs,336.9098039215686,0.0,16.742320566824723,0.0,321.58187879457904,0.0,172.0,0.0,109.93248085157546,0.0,11.516289545264932,0.0,13.114877048604,0.0,8.53166773338572,0.0,786.1663167597122,0.0,206.67086408746758,0.0,166.9314458128877,0.0,3.653320287726356,0.0,56.64197780850846,0.0,8269.553338298067,0.0,6938.917849735305,0.0,11.516289547878598,0.0,9.432647484850845,0.0,7.238949078625271,0.0
Löhne,363.1843137254902,0.0,17.503285350975183,0.0,310.32199079042846,0.0,154.0,0.0,100.14833261004716,0.0,11.194602752939195,0.0,12.409673645990857,0.0,8.229981240345412,0.0,784.444215246337,0.0,197.2419643654968,0.0,139.2261020552077,0.0,4.3726011055005305,0.0,14.645438933838623,0.0,8256.989287383938,0.0,9432.64416649143,0.0,11.19460276000587,0.0,9.472154754237197,0.0,7.193802948320542,0.0
Lömöt,377.56078431372555,0.0,17.78769581088762,0.0,383.6237619281869,0.0,237.0,0.0,170.47925619962723,0.0,13.7392248299366,0.0,15.394804318340652,0.0,11.338418060309753,0.0,3416.135342540971,0.0,386.2345154686224,0.0,305.426305341225,0.0,6.0352038445962215,0.0,23.69511987819798,0.0,8151.149721512664,0.0,9640.168521586023,0.0,13.739224832645231,0.0,12.26831839996639,0.0,10.327353179109666,0.0
Lösön,338.6313725490196,0.0,16.82001380150944,0.0,316.8853839313508,0.0,150.0,0.0,100.47928233529538,0.0,11.413656506048618,0.0,12.24744871391589,0.0,8.377807956201888,0.0,806.7643518674246,0.0,289.4536580260664,0.0,232.6190178468063,0.0,4.1795371035498645,0.0,22.690444136367717,0.0,8453.132842919891,0.0,9547.335851147222,0.0,11.413656522364818,0.0,9.158185505348532,0.0,7.280463611166012,0.0
Löwen,370.4117647058824,0.0,17.659829366136616,0.0,344.08069431486416,0.0,201.0,0.0,137.7996588592672,0.0,12.466838377321023,0.0,14.177446878757825,0.0,9.933767276521346,0.0,992.7352047792563,0.0,316.1525859338502,0.0,246.03760266203287,0.0,4.376330205347148,0.0,19.203018025787507,0.0,8577.373458493741,0.0,9379.929151030681,0.0,12.466838404758354,0.0,11.149990315330518,0.0,8.987461176082332,0.0
Löwin,351.5098039215686,0.0,17.252793543197978,0.0,382.6733204375008,0.0,268.0,0.0,184.2567799854616,0.0,13.719102547398979,0.0,16.3707055437449,0.0,11.483064304948327,0.0,997.2628344838945,0.0,329.8504815831845,0.0,254.0858281220352,0.0,4.6635452418380865,0.0,20.63903911613905,0.0,8736.591037447293,0.0,9381.039027208812,0.0,13.719102563877648,0.0,12.779171598346744,0.0,10.534770468463599,0.0
Lüfte,336.0745098039216,0.0,16.777690190248293,0.0,358.9395602772837,0.0,218.0,0.0,149.3728216840072,0.0,12.896742835587444,0.0,14.7648230602334,0.0,10.324275763772,0.0,1214.3503164515323,0.0,600.3406560286685,0.0,442.299930409526,0.0,4.291677350911464,0.0,18.901665834535216,0.0,7845.091662417403,0.0,8029.157824075423,0.0,12.896742803909662,0.0,11.102501700670999,0.0,9.338171706972753,0.0
Lüste,311.7686274509804,0.0,16.151286397299184,0.0,322.1111295527038,0.0,170.0,0.0,112.58844969666745,0.0,11.644348363299935,0.0,13.038404810405298,0.0,8.779539519833955,0.0,771.168756774514,0.0,126.17704775240588,0.0,92.47917106035642,0.0,4.180632162806331,0.0,12.77125916863497,0.0,4551.9644063165815,0.0,5450.930815114504,0.0,11.64434837124327,0.0,9.612587953265356,0.0,7.76985053091861,0.0
Mache,418.89019607843136,0.0,18.757463720166953,0.0,367.6117898378412,0.0,223.0,0.0,157.9273851961953,0.0,13.30064343541191,0.0,14.933184523068078,0.0,10.79452741132343,0.0,7140.16868597442,0.0,269.40390535315396,0.0,224.6355740142374,0.0,9.175971427075991,0.0,10.011493916018399,0.0,11609.2594689678,0.0,1911.294588593407,0.0,13.30064344396739,0.0,12.19140318603158,0.0,9.873463850151275,0.0
Macht,410.43921568627457,0.0,18.579672057491674,0.0,379.1072501507142,0.0,255.0,0.0,177.66601077826155,0.0,13.666755992594357,0.0,15.968719422671311,0.0,11.350163500691243,0.0,7140.209815960422,0.0,270.8171883647048,0.0,225.2973071086257,0.0,10.657219823864587,0.0,9.67868730705555,0.0,11607.56629817113,0.0,1912.4426108818172,0.0,13.666755983978906,0.0,12.949796295996487,0.0,10.361459091962836,0.0
Macke,418.9921568627451,0.0,18.777127857187512,0.0,384.62141755555723,0.0,255.0,0.0,180.1297944607927,0.0,13.834014314372633,0.0,15.968719422671311,0.0,11.515126356920511,0.0,7141.742060038672,0.0,307.8065048520562,0.0,251.11209966646138,0.0,9.038577731040524,0.0,14.586451582206845,0.0,11349.15205862796,0.0,1762.7071703351264,0.0,13.834014328846248,0.0,12.814300890913643,0.0,10.586672587680464,0.0
Madam,491.4039215686274,0.0,20.355735952285528,0.0,470.89704204257157,0.0,361.0,0.0,265.860013788212,0.0,16.31643514228614,0.0,19.0,0.0,14.311801027379087,0.0,8342.35976946531,0.0,557.721121608496,0.0,425.8974346718891,0.0,4.744474812546028,0.0,15.33799699412038,0.0,11410.16611765898,0.0,2038.6096302342705,0.0,16.316435162039813,0.0,15.532181565620851,0.0,13.276488079125903,0.0
Maden,442.88235294117646,0.0,19.31040082860727,0.0,387.0808420454815,0.0,259.0,0.0,183.84313584948364,0.0,13.944271708352069,0.0,16.09347693943108,0.0,11.668386126765993,0.0,7145.505213782675,0.0,393.01135674519105,0.0,306.39246084741205,0.0,8.80610483803445,0.0,11.769359650602029,0.0,11325.156177577144,0.0,1845.3947347728174,0.0,13.944271744752486,0.0,13.135329764013358,0.0,10.70702918608249,0.0
Mafia,408.721568627451,0.0,18.524386080560635,0.0,446.19316555565325,0.0,353.0,0.0,249.7035051999952,0.0,15.588280732994049,0.0,18.788294228055936,0.0,13.568598831145628,0.0,7202.376227120639,0.0,660.2939981810885,0.0,496.1903138192654,0.0,11.125618237992613,0.0,20.317395925442206,0.0,13270.968185956728,0.0,6161.844085221066,0.0,15.588280712262385,0.0,14.891775220942566,0.0,12.550832795692873,0.0
Magen,452.0862745098039,0.0,19.468314540545013,0.0,394.8858034250286,0.0,266.0,0.0,188.99321751170797,0.0,14.118478706993296,0.0,16.30950643030009,0.0,11.831091924173219,0.0,7318.094755832784,0.0,342.5625455080237,0.0,268.7310262066528,0.0,9.032405439043446,0.0,9.83523188530222,0.0,11265.501694619497,0.0,1837.731585683826,0.0,14.118478728770485,0.0,13.37166843140308,0.0,10.852737795279166,0.0
Magie,422.06274509803916,0.0,18.799492823248723,0.0,422.17731441371893,0.0,310.0,0.0,220.71844202540274,0.0,14.918526542294297,0.0,17.60681686165901,0.0,12.791230867694447,0.0,7318.663865243388,0.0,354.04903464952145,0.0,275.53088159706004,0.0,12.775107458137263,0.0,11.764937488514542,0.0,11398.61275312622,0.0,1853.628909348938,0.0,14.91852656763871,0.0,14.411335999871923,0.0,11.859434070049067,0.0
Magma,500.60784313725486,0.0,20.505601114019786,0.0,493.87863430568086,0.0,402.0,0.0,293.94677827399175,0.0,16.869870374010162,0.0,20.049937655763422,0.0,14.994916763771055,0.0,10740.973640065196,0.0,733.1242323634443,0.0,563.7349214164295,0.0,5.00565214801523,0.0,16.253204369736963,0.0,11300.37633489022,0.0,2363.8181967822193,0.0,16.869870395082586,0.0,16.397916897069628,0.0,13.995392554451968,0.0
Mahsa,431.3686274509804,0.0,19.036278523872433,0.0,398.4950390576003,0.0,291.0,0.0,202.20337182733104,0.0,14.254067402007058,0.0,17.05872210923198,0.0,12.09686993285546,0.0,7140.81587603196,0.0,294.28594981916024,0.0,238.65084994748207,0.0,10.068943033871077,0.0,16.020315607219526,0.0,11362.992685846228,0.0,2124.968412268265,0.0,14.254067421006418,0.0,13.650783184234317,0.0,11.055565059037567,0.0
Mails,363.1843137254902,0.0,17.501793394128644,0.0,423.2777090327802,0.0,321.0,0.0,226.1489900781958,0.0,14.990725244660048,0.0,17.916472867168917,0.0,12.883678829280523,0.0,7141.490871394021,0.0,291.989680989543,0.0,243.5384917715535,0.0,15.905674052102796,0.0,13.927188213610753,0.0,12010.859939873664,0.0,2449.9058622304756,0.0,14.99072527948874,0.0,14.110879644020965,0.0,11.877900448865223,0.0
Major,385.74117647058824,0.0,18.018068593713114,0.0,405.70407778541596,0.0,291.0,0.0,204.60448847781322,0.0,14.445196106785646,0.0,17.05872210923198,0.0,12.256636307998402,0.0,7320.702179870352,0.0,463.1420795260821,0.0,396.5712262157002,0.0,14.535904387619617,0.0,47.85163895151361,0.0,11671.597252596353,0.0,1958.1292029228257,0.0,14.445196128566641,0.0,13.647856308387174,0.0,11.207013161601765,0.0
Makro,418.721568627451,0.0,18.818289303307047,0.0,417.42454642861304,0.0,318.0,0.0,225.35808728917613,0.0,14.89874751238845,0.0,17.832554500127006,0.0,12.893270204397089,0.0,7155.403312533526,0.0,622.1570985455988,0.0,482.0614787413904,0.0,11.893718093617554,0.0,23.986000818200484,0.0,11400.400399351429,0.0,2811.6825159762006,0.0,14.89874753665498,0.0,14.37876427833788,0.0,11.956459549587127,0.0
Malta,396.3843137254902,0.0,18.268435412224314,0.0,423.59264799847864,0.0,325.0,0.0,228.70950150174588,0.0,15.00001127707951,0.0,18.027756377319946,0.0,12.933087817143027,0.0,7141.225910323052,0.0,301.4880955795973,0.0,245.59849983812967,0.0,10.83350655301522,0.0,16.302462332952917,0.0,13180.196071821956,0.0,3982.0426196851417,0.0,15.000011283299985,0.0,14.347352085856613,0.0,11.905979363227445,0.0
Maori,371.66666666666663,0.0,17.70694978651101,0.0,410.55649521404416,0.0,310.0,0.0,216.98129445818287,0.0,14.642738163446005,0.0,17.60681686165901,0.0,12.577084176939579,0.0,7156.227446699603,0.0,418.1476646982242,0.0,312.465089709098,0.0,17.35232009509345,0.0,21.572970852924605,0.0,11346.984485162517,0.0,1843.4914044775592,0.0,14.64273817881522,0.0,13.842818601159522,0.0,11.601206703374988,0.0
Marke,415.70196078431377,0.0,18.740668112204826,0.0,393.0619305419081,0.0,285.0,0.0,198.11411076948224,0.0,14.113410818272104,0.0,16.881943016134134,0.0,11.981744832754217,0.0,7141.748598843304,0.0,309.2643588771904,0.0,251.8115282286583,0.0,9.186061129362285,0.0,12.331207648595122,0.0,11314.448160540629,0.0,1802.8432284358007,0.0,14.113410840924335,0.0,13.391832577144092,0.0,11.017159944610684,0.0
Maske,419.5254901960784,0.0,18.775629823756617,0.0,389.4464394175251,0.0,266.0,0.0,187.40457669139164,0.0,13.993832649380952,0.0,16.30950643030009,0.0,11.730982728131105,0.0,7141.764387154501,0.0,309.005754717803,0.0,251.8241254247768,0.0,9.05300909372659,0.0,12.91953305509,0.0,11549.984248955738,0.0,1812.9779274238795,0.0,13.993832676847417,0.0,13.019813315960814,0.0,10.770167842764554,0.0
Masse,380.5686274509804,0.0,17.8012985024605,0.0,367.2044577932319,0.0,228.0,0.0,160.7158845977965,0.0,13.306796677252938,0.0,15.0996688705415,0.0,10.864143882846768,0.0,7140.047839567431,0.0,270.71577287855234,0.0,225.34056510854842,0.0,13.56639396094761,0.0,10.633485315058051,0.0,11528.718691177563,0.0,1970.1992895106941,0.0,13.306796698325348,0.0,12.007856139562286,0.0,9.90919433567399,0.0
Matta,397.2196078431373,0.0,18.24053350832164,0.0,405.54905146606745,0.0,303.0,0.0,212.49665173372404,0.0,14.51593960910796,0.0,17.406895185529212,0.0,12.440667523917147,0.0,7140.682364854116,0.0,294.74462654060284,0.0,240.10121315711285,0.0,10.820690039217327,0.0,15.005631217721232,0.0,11529.943393888745,0.0,2256.014670021354,0.0,14.515939634932423,0.0,13.799389596715338,0.0,11.42680666571494,0.0
Matte,385.27450980392155,0.0,17.947795200433642,0.0,388.37044401227115,0.0,267.0,0.0,189.65438732819138,0.0,14.031673681871245,0.0,16.34013463836819,0.0,11.828050812271279,0.0,7140.267213397889,0.0,275.498879154298,0.0,229.41858425991248,0.0,13.02301948401334,0.0,9.940940470368476,0.0,11530.696671609008,0.0,2276.924566274666,0.0,14.031673710271809,0.0,13.136727973191727,0.0,10.913881981933386,0.0
Mauer,397.5843137254902,0.0,18.303471118311254,0.0,371.9985688430261,0.0,257.0,0.0,176.5787675720493,0.0,13.485846590630453,0.0,16.0312195418814,0.0,11.245476198007134,0.0,7140.069297426429,0.0,274.9960365810199,0.0,226.75017635897538,0.0,14.357946676320925,0.0,11.4941594349812,0.0,11549.327566590231,0.0,1922.2491553515256,0.0,13.485846605563612,0.0,12.924593368993667,0.0,10.257925083250598,0.0
Maxan,427.3529411764706,0.0,18.990308947198162,0.0,387.9610175222509,0.0,267.0,0.0,185.64204637638437,0.0,13.93554382285038,0.0,16.34013463836819,0.0,11.582200144608214,0.0,7140.288527537759,0.0,278.22458373653114,0.0,230.1900017865814,0.0,8.529189347390165,0.0,38.78624423264713,0.0,11904.167690259044,0.0,1965.556056491862,0.0,13.935543844083274,0.0,12.76466600660438,0.0,10.47890862252498,0.0
Mbbrp,461.4274509803921,0.0,19.753192258035906,0.0,442.4086542065488,0.0,330.0,0.0,239.6064621560904,0.0,15.542980986355845,0.0,18.16590212458495,0.0,13.469401065713509,0.0,7810.198243420368,0.0,2010.795748929244,0.0,1900.8387584633658,0.0,9.229855763833427,0.0,46.074661667635205,0.0,11888.162679489174,0.0,2692.1040255534654,0.0,15.542980885875624,0.0,14.904444190383613,0.0,12.546728905356886,0.0
Mbprp,461.2156862745098,0.0,19.761390166945684,0.0,444.7994655154014,0.0,328.0,0.0,240.20425795701618,0.0,15.62173960228034,0.0,18.110770276274835,0.0,13.55212788244348,0.0,7852.499831213918,0.0,2097.8536361418687,0.0,1974.2095435755155,0.0,9.30555358674468,0.0,50.43600627463974,0.0,11849.693017474585,0.0,2670.9125054078568,0.0,15.6217395134959,0.0,14.890264925449712,0.0,12.668565207338393,0.0
Mbscr,382.1411764705882,0.0,17.916175444568342,0.0,404.45388948339973,0.0,287.0,0.0,201.2863594835269,0.0,14.395428714346293,0.0,16.941074346097416,0.0,12.146263389404222,0.0,7143.854091568063,0.0,336.61627601103083,0.0,272.31541347382057,0.0,17.444455434577552,0.0,30.00254451369576,0.0,12133.5947217397,0.0,2989.9235992301446,0.0,14.395428643658104,0.0,13.3308022160787,0.0,11.104884407271868,0.0
Mbsst,388.8509803921569,0.0,18.023964140902983,0.0,398.66141360822314,0.0,278.0,0.0,197.1382194805832,0.0,14.286135647695668,0.0,16.673332000533065,0.0,12.075738087499014,0.0,7143.727352003907,0.0,331.705898043423,0.0,270.0671124099849,0.0,15.99483048454964,0.0,26.92224414971371,0.0,12086.721285449954,0.0,2746.5208484772165,0.0,14.28613559130975,0.0,13.29454396613654,0.0,11.082314516353932,0.0
Mbstr,385.02745098039213,0.0,17.987541504208643,0.0,419.2062967531377,0.0,313.0,0.0,222.18954781204374,0.0,14.900219830955288,0.0,17.69180601295413,0.0,12.821115354053664,0.0,7143.904391159431,0.0,338.15302204585305,0.0,274.2581234637461,0.0,17.020630021360788,0.0,27.794263393772,0.0,12293.891033820113,0.0,2901.1235765495094,0.0,14.900219763145504,0.0,14.09712466981499,0.0,11.830479619159213,0.0
Mbzng,469.05490196078426,0.0,19.913205362003172,0.0,432.3834921149769,0.0,318.0,0.0,227.74544709571833,0.0,15.19973024431634,0.0,17.832554500127006,0.0,13.060774202191494,0.0,8630.398415004407,0.0,684.4704576970918,0.0,509.1573987638556,0.0,7.019624260469186,0.0,39.930074406411464,0.0,12431.899077604976,0.0,2771.936225931257,0.0,15.199730167350403,0.0,14.301830279988916,0.0,12.0261470647793,0.0
Mchzt,398.7294117647059,0.0,18.37160020150286,0.0,406.94860329233813,0.0,316.0,0.0,218.13526689191582,0.0,14.516323553527293,0.0,17.776388834631177,0.0,12.519147535285141,0.0,7140.707633863085,0.0,282.3368532441821,0.0,232.57155849813287,0.0,11.39917549388477,0.0,17.3231829692721,0.0,11367.253560034544,0.0,2843.8792513871845,0.0,14.516323551540776,0.0,14.186291610228134,0.0,11.522652865085908,0.0
Mckbr,421.0980392156863,0.0,18.884580733116373,0.0,414.6563649935621,0.0,321.0,0.0,224.39429107039882,0.0,14.768468531872193,0.0,17.916472867168917,0.0,12.78604994454168,0.0,7150.821271416126,0.0,533.9551709045497,0.0,432.0384937522588,0.0,9.498263516472464,0.0,28.52826432117402,0.0,11607.283355730446,0.0,3479.0881581185895,0.0,14.768468524440127,0.0,14.49635851477525,0.0,11.801081889514583,0.0
Mcndc,408.2627450980392,0.0,18.544454522604482,0.0,392.9080616499497,0.0,275.0,0.0,191.93953517469714,0.0,14.055564958951162,0.0,16.583123951777,0.0,11.836362588570932,0.0,7143.5385136127325,0.0,318.5213011162784,0.0,253.33490129677492,0.0,8.955387066286717,0.0,58.37914692333412,0.0,11431.814189811257,0.0,3248.243567829172,0.0,14.05556495020921,0.0,13.243098189304439,0.0,10.829858963888585,0.0
Medes,409.01176470588234,0.0,18.48397749586561,0.0,374.72781229282157,0.0,244.0,0.0,173.54035870005077,0.0,13.590651443564125,0.0,15.620499351813308,0.0,11.371626791338945,0.0,7145.480023440388,0.0,392.8791742826982,0.0,306.45761523522145,0.0,12.153614089520007,0.0,12.895922395358545,0.0,11370.916752688865,0.0,1900.0226103746968,0.0,13.590651445960013,0.0,12.73335254943732,0.0,10.47658586246421,0.0
Meere,375.60392156862747,0.0,17.72675034562806,0.0,368.44075481551704,0.0,236.0,0.0,167.03266339167936,0.0,13.402741983642857,0.0,15.362291495737216,0.0,11.092102647050178,0.0,7140.076916427541,0.0,274.06362335273496,0.0,227.59670935924606,0.0,13.164537476145304,0.0,13.57736660422871,0.0,11328.33453016799,0.0,1903.4342873474482,0.0,13.402741987362871,0.0,12.289261287670831,0.0,10.252468428504399,0.0
Mehlt,400.54509803921565,0.0,18.389983148440432,0.0,418.2690660582073,0.0,321.0,0.0,227.57990800847358,0.0,14.916828479984757,0.0,17.916472867168917,0.0,12.95919852440595,0.0,7141.459037881168,0.0,292.723249163295,0.0,244.15268378896616,0.0,12.989878256277917,0.0,12.927336313389569,0.0,11962.314086808443,0.0,2246.579173555392,0.0,14.916828489929218,0.0,14.667165801429132,0.0,12.039281781644807,0.0
Meile,362.043137254902,0.0,17.463557926156263,0.0,404.9141915844944,0.0,285.0,0.0,204.22293613719776,0.0,14.512557119530607,0.0,16.881943016134134,0.0,12.338579110592104,0.0,7141.385392840678,0.0,288.44839467934634,0.0,241.80529752840692,0.0,13.142653084076505,0.0,12.061830930061065,0.0,12061.74202934363,0.0,2514.9782348626395,0.0,14.51255713886809,0.0,13.540459023685662,0.0,11.457364476479807,0.0
Melti,353.5921568627451,0.0,17.27245274970445,0.0,423.5485874719411,0.0,326.0,0.0,231.15022333909275,0.0,15.048017490789828,0.0,18.05547008526779,0.0,13.057996179882545,0.0,7155.449601617561,0.0,393.4695137338651,0.0,291.0635374921918,0.0,16.702259630835467,0.0,18.905683739631954,0.0,13239.299789651152,0.0,4023.549859666835,0.0,15.04801747908649,0.0,14.342392297896383,0.0,12.133624931199478,0.0
Menen,412.47450980392153,0.0,18.64332079396897,0.0,356.2340982120861,0.0,220.0,0.0,154.4915928376061,0.0,13.010338726652655,0.0,14.832396974191326,0.0,10.632677173301033,0.0,7139.968560813342,0.0,267.3771552578466,0.0,223.54409676867212,0.0,8.944168388494589,0.0,10.12511034426573,0.0,11306.544876546497,0.0,1876.1059934222078,0.0,13.010338726609785,0.0,12.051771534982745,0.0,9.752149784292019,0.0
Menge,440.1411764705882,0.0,19.19431063982504,0.0,382.8165958270083,0.0,241.0,0.0,173.02180460087234,0.0,13.764633940857001,0.0,15.524174696260024,0.0,11.393814554004052,0.0,7634.118454824311,0.0,426.4088886021961,0.0,324.782158335552,0.0,7.344974460726772,0.0,10.946073888517883,0.0,11343.387998647619,0.0,2043.7355215068721,0.0,13.764633942433294,0.0,12.8296070564119,0.0,10.479348643793914,0.0
Mensa,402.49411764705883,0.0,18.37189904054605,0.0,375.72254707052787,0.0,259.0,0.0,179.69809754750725,0.0,13.600023837389527,0.0,16.09347693943108,0.0,11.39572830681411,0.0,7140.402212373066,0.0,288.4940397588025,0.0,235.275691678344,0.0,9.992573999650523,0.0,15.609961402861403,0.0,11332.053809347284,0.0,2017.0929739426258,0.0,13.600023837714424,0.0,12.77171423670099,0.0,10.41088214704122,0.0
Menüs,411.8627450980392,0.0,18.595743912440152,0.0,373.2102374212392,0.0,254.0,0.0,176.55814693566631,0.0,13.53917216240133,0.0,15.937377450509228,0.0,11.338936167390411,0.0,7142.098667135167,0.0,342.69590223335416,0.0,281.52269917887395,0.0,10.496668112785951,0.0,25.366220335311503,0.0,11544.725889238951,0.0,1878.558842067193,0.0,13.539172167215744,0.0,12.711335934176953,0.0,10.413969823506102,0.0
Meper,404.0705882352941,0.0,18.432867690713373,0.0,373.7006726053661,0.0,245.0,0.0,174.18506198065728,0.0,13.582802369765501,0.0,15.652475842498529,0.0,11.382707514295518,0.0,7186.683265895919,0.0,658.9038736609205,0.0,580.1832511361797,0.0,13.39100641401439,0.0,20.69986539039135,0.0,11318.473347261714,0.0,1878.966781789249,0.0,13.58280237027691,0.0,12.932296149618281,0.0,10.541847427362393,0.0
Messe,368.6235294117647,0.0,17.501214765330058,0.0,357.49674175973223,0.0,214.0,0.0,151.96741735883086,0.0,13.035681071137832,0.0,14.628738838327793,0.0,10.606918556299576,0.0,7140.0062964905765,0.0,269.50133790968147,0.0,224.81067505575894,0.0,13.091280230750685,0.0,10.912132820239906,0.0,11572.52573317579,0.0,2031.193480434913,0.0,13.03568107261069,0.0,11.66845228923695,0.0,9.72193384831121,0.0
Meter,367.15294117647056,0.0,17.538513231365478,0.0,362.72387718164373,0.0,240.0,0.0,167.33165640740833,0.0,13.240247842699013,0.0,15.491933384829668,0.0,11.031648781851,0.0,7140.099667226928,0.0,272.4852828520838,0.0,226.34872239397714,0.0,14.70216172212768,0.0,10.760131091961384,0.0,11358.583966777987,0.0,1955.430397931698,0.0,13.240247845593602,0.0,12.415524221021178,0.0,10.140398016010785,0.0
Meute,391.8156862745098,0.0,18.120528164095827,0.0,378.22970360665414,0.0,256.0,0.0,181.404564014901,0.0,13.75383757362955,0.0,16.0,0.0,11.559430954724908,0.0,7140.153760113949,0.0,275.612238623971,0.0,228.77439503675978,0.0,11.860141906723783,0.0,10.652326609160422,0.0,11804.593132365986,0.0,2354.444562364861,0.0,13.75383757903034,0.0,13.015445956072224,0.0,10.684470307333193,0.0
Midil,372.7254901960784,0.0,17.800934793091105,0.0,459.1623511899253,0.0,393.0,0.0,275.48696963333043,0.0,15.979426653966824,0.0,19.82422760159901,0.0,14.194515144606296,0.0,7156.713321134942,0.0,500.7860811959136,0.0,385.9330217463732,0.0,13.315396367366215,0.0,17.1510103204124,0.0,12717.382265611775,0.0,3482.113132887825,0.0,15.979426648137718,0.0,15.966118280750424,0.0,13.251131424090872,0.0
Mieze,371.56470588235294,0.0,17.70594836371861,0.0,380.7162186524629,0.0,266.0,0.0,184.36544190376674,0.0,13.74070426421673,0.0,16.30950643030009,0.0,11.53043458342185,0.0,7140.150104396446,0.0,273.083132229049,0.0,227.144798501822,0.0,10.318392425008518,0.0,13.89338563901961,0.0,12204.165454026055,0.0,3119.2409699174386,0.0,13.740704268672824,0.0,13.05957831332235,0.0,10.65032979787093,0.0
Milch,378.75686274509803,0.0,17.92814784627795,0.0,428.4892971599136,0.0,334.0,0.0,232.70600041948455,0.0,15.077119982175258,0.0,18.275666882497067,0.0,13.011830330815584,0.0,7146.983061298899,0.0,437.430841336525,0.0,329.24074128568117,0.0,9.193943278719452,0.0,14.615827200360703,0.0,13837.865902037884,0.0,4732.644417842346,0.0,15.07711997553658,0.0,14.530512040407253,0.0,12.031220165251298,0.0
Milin,354.2627450980392,0.0,17.382428474892013,0.0,434.13064428551604,0.0,355.0,0.0,246.52567665453964,0.0,15.292712648383919,0.0,18.841443681416774,0.0,13.339402427266068,0.0,7141.350044455408,0.0,293.7090745545778,0.0,240.016509000065,0.0,11.529061187338739,0.0,13.853482549908778,0.0,13892.383198542828,0.0,4508.710083003086,0.0,15.292712639037028,0.0,14.97491615055876,0.0,12.396839184765666,0.0
Miliz,343.3764705882353,0.0,17.136812934579947,0.0,439.0958444452398,0.0,372.0,0.0,257.1520203634392,0.0,15.448532654534395,0.0,19.28730152198591,0.0,13.603813212051902,0.0,7141.521028091565,0.0,300.61642927151206,0.0,245.65522737559274,0.0,13.007980036358079,0.0,23.900375065832133,0.0,13905.979794306419,0.0,4503.546353440133,0.0,15.448532647460755,0.0,15.286959157958197,0.0,12.649413770240512,0.0
Minen,393.57254901960783,0.0,18.258223408371048,0.0,374.55975212658996,0.0,263.0,0.0,180.43965915231036,0.0,13.54926255802956,0.0,16.217274740226856,0.0,11.353892809296468,0.0,7140.076055120066,0.0,269.5167879059971,0.0,224.45844689872982,0.0,7.894612766971366,0.0,10.602655780733098,0.0,12194.413186631007,0.0,3035.679342501974,0.0,13.54926256983342,0.0,13.085488629661121,0.0,10.441034143625828,0.0
Mirki,365.95294117647063,0.0,17.66911301640862,0.0,428.52213138367074,0.0,365.0,0.0,249.34516332706602,0.0,15.125114727527171,0.0,19.1049731745428,0.0,13.324158264650675,0.0,7156.492739366792,0.0,414.3563060967505,0.0,305.3420089397206,0.0,11.25249239138317,0.0,19.793281494128077,0.0,12264.792574035979,0.0,3030.3671314333615,0.0,15.125114707403949,0.0,14.934297150044117,0.0,12.337754310562357,0.0
Mitte,354.4274509803921,0.0,17.242939257805382,0.0,396.98838189327523,0.0,296.0,0.0,206.85398640392998,0.0,14.284943527272809,0.0,17.204650534085253,0.0,12.257118055391482,0.0,7140.333162033433,0.0,276.3916237416367,0.0,229.79118199677964,0.0,11.597265104116227,0.0,10.330043708652642,0.0,12443.581154192821,0.0,3335.258607125412,0.0,14.284943532030209,0.0,13.802992677628295,0.0,11.373102210298788,0.0
Mitti,335.5254901960784,0.0,16.825821407928906,0.0,423.8306448540337,0.0,347.0,0.0,240.88543988577516,0.0,15.048873609345563,0.0,18.627936010197157,0.0,13.186120363545063,0.0,7155.01440657209,0.0,389.8029465585129,0.0,287.15428514705224,0.0,15.899059758978785,0.0,17.621361263077933,0.0,12464.837914143269,0.0,3334.1281819539317,0.0,15.04887361324174,0.0,14.705974072677881,0.0,12.245619162123354,0.0
Mixer,358.8117647058824,0.0,17.41498336263786,0.0,387.3698616180546,0.0,293.0,0.0,199.76377697457377,0.0,13.94858937678121,0.0,17.11724276862369,0.0,11.909963218190367,0.0,7140.260131456377,0.0,278.19382651573244,0.0,229.94255489204835,0.0,13.40814290899945,0.0,38.73285106490117,0.0,12751.289293113019,0.0,2999.6645575402295,0.0,13.948589380320367,0.0,13.531415948581435,0.0,10.933239807892472,0.0
Mißis,399.8862745098039,0.0,18.289320346976407,0.0,468.7181746730376,0.0,395.0,0.0,279.39386788514173,0.0,16.187790904247812,0.0,19.87460691435179,0.0,14.370573398328474,0.0,8181.401165888617,0.0,2081.5596723840035,0.0,1335.6204761614504,0.0,12.525551162516933,0.0,25.750906821125298,0.0,12856.110752758337,0.0,3803.226085513317,0.0,16.18779089922613,0.0,16.09299806460845,0.0,13.426251085487955,0.0
Mkdcn,447.7529411764706,0.0,19.48021009023142,0.0,436.1912201633669,0.0,336.0,0.0,239.44590029807358,0.0,15.360935865362597,0.0,18.33030277982336,0.0,13.341128794309231,0.0,7235.79655893177,0.0,1455.7550287418526,0.0,1157.9097768450026,0.0,10.545402796180374,0.0,46.51638951568691,0.0,12251.559180581457,0.0,4268.7795865582175,0.0,15.360935866205116,0.0,14.631503720463936,0.0,12.337239011121893,0.0
Mlrkl,385.18431372549014,0.0,18.148823867299054,0.0,449.6610299282711,0.0,388.0,0.0,269.08522781239105,0.0,15.713261454688014,0.0,19.697715603592208,0.0,13.959837413924527,0.0,7153.479747365982,0.0,442.6334138107583,0.0,349.0610861092761,0.0,9.966935133687036,0.0,18.936248601786954,0.0,12385.033191186305,0.0,3648.5043343054544,0.0,15.713261471274299,0.0,15.64377545693435,0.0,12.985166242190523,0.0
Mmbnm,525.4274509803922,0.0,21.116520806714163,0.0,525.7279174326127,0.0,430.0,0.0,323.8765204645115,0.0,17.770301708897943,0.0,20.73644135332772,0.0,15.980717238193812,0.0,13070.32383727784,0.0,950.7111705194062,0.0,737.2483572976705,0.0,5.8570836108108795,0.0,21.915292235920752,0.0,11796.328004747314,0.0,2054.5972835501234,0.0,17.770301706177555,0.0,17.174239431764338,0.0,15.038956265807728,0.0
Mmhrm,499.0509803921568,0.0,20.600717038095063,0.0,548.3407269056945,0.0,477.0,0.0,355.0011870483687,0.0,18.298265371098896,0.0,21.840329667841555,0.0,16.630469094809747,0.0,13070.35906067334,0.0,952.7415296812869,0.0,738.419100972633,0.0,8.245289835369904,0.0,22.33841860068235,0.0,11831.94355784593,0.0,2198.4605807127955,0.0,18.29826537400257,0.0,17.88494623678919,0.0,15.681817633160533,0.0
Mmtth,449.078431372549,0.0,19.478890080933326,0.0,484.7377592254913,0.0,394.0,0.0,290.0869077290579,0.0,16.746517073542115,0.0,19.849433241279208,0.0,14.942185031041841,0.0,12344.365436839727,0.0,928.3682703157839,0.0,715.2455380950083,0.0,10.104125245386147,0.0,23.330509007637747,0.0,11969.13456863261,0.0,2416.719450919182,0.0,16.746517078607265,0.0,16.160821389292416,0.0,14.044754468464452,0.0
Mobil,393.74117647058824,0.0,18.251033477344706,0.0,440.4277760818526,0.0,347.0,0.0,248.05274470446864,0.0,15.520622896522566,0.0,18.627936010197157,0.0,13.590062083755456,0.0,7152.047436715968,0.0,417.4108919796236,0.0,329.7458749353985,0.0,14.483581415667913,0.0,15.851987621071242,0.0,11784.90329958967,0.0,2454.075092232615,0.0,15.520622906429352,0.0,15.161844572624169,0.0,12.711977802536369,0.0
Mocko,413.08627450980396,0.0,18.64986762623185,0.0,393.8187408016522,0.0,266.0,0.0,191.13445932242965,0.0,14.172530320970717,0.0,16.30950643030009,0.0,11.966977112618252,0.0,7147.124082263629,0.0,449.3306851889257,0.0,334.01908545704913,0.0,8.003792390368295,0.0,17.899325454761435,0.0,11337.310737702035,0.0,1763.2951501250727,0.0,14.172530327922372,0.0,13.156455051721586,0.0,11.085239565272195,0.0
Modem,470.5333333333334,0.0,19.90185762554159,0.0,457.6345757457709,0.0,339.0,0.0,254.05492188832608,0.0,16.04369986382823,0.0,18.411952639521967,0.0,14.10782577292415,0.0,8342.63688193877,0.0,558.4073577997965,0.0,427.0870543804422,0.0,5.406060205512244,0.0,14.195729963065272,0.0,11334.904119026198,0.0,1787.2256890465453,0.0,16.04369987087279,0.0,15.271217643138046,0.0,13.225020528037843,0.0
Moden,433.9568627450981,0.0,19.11055313331172,0.0,386.5825789995606,0.0,257.0,0.0,184.53992938893612,0.0,13.973374695297872,0.0,16.0312195418814,0.0,11.759204432619807,0.0,7145.954543892008,0.0,397.1588972248814,0.0,309.6879292580781,0.0,8.273377947965084,0.0,12.475166906425404,0.0,11313.496236298213,0.0,1796.146424551705,0.0,13.973374716068871,0.0,13.136781284029292,0.0,10.873229336729132,0.0
Mokka,461.50196078431367,0.0,19.77568439257982,0.0,430.137691956287,0.0,345.0,0.0,243.77494331570807,0.0,15.25545594449778,0.0,18.57417562100671,0.0,13.396344387146074,0.0,7152.957328871355,0.0,562.5791182332924,0.0,451.7054198623064,0.0,5.725577032986092,0.0,25.394782996627484,0.0,11404.944693200427,0.0,2689.4875106649733,0.0,15.255455960204454,0.0,14.928617935735135,0.0,12.439078637459502,0.0
Monat,407.8666666666667,0.0,18.521895352762087,0.0,378.4020996294713,0.0,261.0,0.0,181.44546802492928,0.0,13.681150390655752,0.0,16.15549442140351,0.0,11.462684703863632,0.0,7140.5791870865505,0.0,279.0186807601297,0.0,230.71594060619276,0.0,11.11174051716045,0.0,13.33861028483363,0.0,11322.75354788449,0.0,1980.4632104325024,0.0,13.681150394593228,0.0,13.05231514593297,0.0,10.480920135219629,0.0
Moped,451.3019607843137,0.0,19.477230863417983,0.0,402.05084564785307,0.0,271.0,0.0,198.2259824136777,0.0,14.446757933869259,0.0,16.46207763315433,0.0,12.31897925018449,0.0,7220.064014238174,0.0,916.9556604867656,0.0,748.0899595944529,0.0,6.693876406584943,0.0,25.218275375662593,0.0,11249.506166753083,0.0,1771.7964401801478,0.0,14.44675794395858,0.0,13.765305724964898,0.0,11.500901493154512,0.0
Moral,381.28235294117644,0.0,17.947902307284657,0.0,405.64699285873144,0.0,300.0,0.0,210.24697093222323,0.0,14.489699045930076,0.0,17.320508075688775,0.0,12.40582693978605,0.0,7151.109164091106,0.0,406.76676700316824,0.0,322.9901145204459,0.0,12.456042839806225,0.0,15.080524747032076,0.0,11701.578165594881,0.0,2562.152859174316,0.0,14.489699053788478,0.0,13.695008438806479,0.0,11.436703084725508,0.0
Morgo,420.4313725490196,0.0,18.76966230359932,0.0,404.2899283739868,0.0,276.0,0.0,198.59605499642177,0.0,14.430580367183351,0.0,16.61324772583615,0.0,12.22334204896878,0.0,7639.195652603193,0.0,538.6748823671237,0.0,392.97327360912783,0.0,7.690229213380378,0.0,15.556809855328456,0.0,11292.016770625823,0.0,1964.936355884968,0.0,14.430580374910551,0.0,13.499330222949673,0.0,11.281298753734378,0.0
Motel,375.51372549019607,0.0,17.761297339968433,0.0,393.24916584434607,0.0,273.0,0.0,195.3400138059511,0.0,14.19028373555225,0.0,16.522711641858304,0.0,12.077889032277474,0.0,7151.079390841243,0.0,403.939623635243,0.0,321.93743399403513,0.0,13.648365860146116,0.0,14.192196050762965,0.0,11666.37274342174,0.0,2486.3671799625654,0.0,14.190283745701505,0.0,13.318223566672335,0.0,11.231950498664567,0.0
Motol,378.5333333333333,0.0,17.843179487129508,0.0,402.13503505387666,0.0,283.0,0.0,203.55991508883693,0.0,14.45505103526135,0.0,16.822603841260722,0.0,12.359371728125913,0.0,7151.593527464763,0.0,412.3701165429848,0.0,328.39641092719194,0.0,13.109876864986017,0.0,17.268882847313996,0.0,11676.890869936306,0.0,2533.5057330282757,0.0,14.455051046919506,0.0,13.573915357380805,0.0,11.46887074210973,0.0
Motor,373.1921568627451,0.0,17.70395968107364,0.0,380.81919937875307,0.0,262.0,0.0,184.99681846871226,0.0,13.8145884699038,0.0,16.186414056238647,0.0,11.671610686454938,0.0,7141.105769168911,0.0,291.65638088405507,0.0,240.21456983501332,0.0,14.11662566552463,0.0,14.792351708760764,0.0,11313.008567670797,0.0,1906.9965548942805,0.0,13.81458847754136,0.0,13.003665083994356,0.0,10.74563785202748,0.0
Motte,376.34901960784316,0.0,17.732597481935997,0.0,387.87218096635024,0.0,265.0,0.0,190.35118086764385,0.0,14.060595763101974,0.0,16.278820596099706,0.0,11.917652457699523,0.0,7140.716873108769,0.0,281.3838935146477,0.0,233.80154034532364,0.0,12.520155042308454,0.0,10.897862288829296,0.0,11519.148650953059,0.0,2237.1555822835476,0.0,14.060595779458652,0.0,13.138179341316995,0.0,11.076978927709792,0.0
Mpkrv,426.65882352941173,0.0,19.052006365708987,0.0,447.1920584813614,0.0,373.0,0.0,264.1095224579225,0.0,15.738443616831676,0.0,19.313207915827967,0.0,13.962872708688968,0.0,7286.317561294097,0.0,1258.1285181836458,0.0,1022.3987915529418,0.0,14.314175748908264,0.0,78.68725384320277,0.0,12664.310266790511,0.0,3252.8474323156224,0.0,15.738443615486228,0.0,15.168891402569251,0.0,13.057367334406486,0.0
Mpstr,384.8156862745098,0.0,17.996543732421415,0.0,421.0963376329871,0.0,323.0,0.0,228.79507349635935,0.0,14.969636697790078,0.0,17.97220075561143,0.0,13.003579898591296,0.0,7276.16556983308,0.0,1172.400106079279,0.0,954.5306098818963,0.0,17.11946113539619,0.0,22.75739482311069,0.0,12944.721405840999,0.0,2776.174305901976,0.0,14.96963669383223,0.0,14.319700659073233,0.0,12.056080685674596,0.0
Mqmgn,514.1098039215686,0.0,20.829725454609754,0.0,484.26360677343393,0.0,361.0,0.0,269.91539646611494,0.0,16.621436173152578,0.0,19.0,0.0,14.517227896282085,0.0,247578.72395591586,0.0,80287.36852186908,0.0,78041.18658085774,0.0,6.141860643391384,0.0,189.5754661631587,0.0,11448.56787292015,0.0,2719.0966869330664,0.0,16.62143619202376,0.0,15.64720586132373,0.0,13.48691581815013,0.0
Mrjmm,466.17254901960786,0.0,19.8909630581387,0.0,570.9907291668595,0.0,502.0,0.0,375.63695015398844,0.0,18.811842584913222,0.0,22.40535650240808,0.0,17.151153852711477,0.0,11572.831161949242,0.0,879.4343609193547,0.0,694.2339095375861,0.0,6.931077384231837,0.0,50.72550895656872,0.0,12313.017627480782,0.0,2649.911499231775,0.0,18.811842596128127,0.0,18.035991437916298,0.0,16.19624337514524,0.0
Mrmcs,401.16078431372546,0.0,18.385719848521774,0.0,458.3962983639924,0.0,362.0,0.0,260.9357626575247,0.0,15.979041050137399,0.0,19.026297590440446,0.0,14.030462855068501,0.0,7874.232308911429,0.0,380.88034570152763,0.0,305.4187873047506,0.0,12.112172881308686,0.0,19.785233737805196,0.0,11976.644566777411,0.0,2860.8672215913375,0.0,15.979041050134501,0.0,14.915223415873706,0.0,13.035791625351333,0.0
Mrntt,369.8235294117647,0.0,17.673281171268343,0.0,410.49152957090695,0.0,329.0,0.0,228.29516075445406,0.0,14.698640592032323,0.0,18.138357147217054,0.0,12.832086589744838,0.0,7140.339459308728,0.0,282.1638776365658,0.0,233.74464142691167,0.0,12.858110012590775,0.0,13.941640352881096,0.0,12132.992710733322,0.0,2455.8315015380977,0.0,14.698640590400109,0.0,14.361564443221754,0.0,11.899798180051343,0.0
Msrkt,384.5019607843137,0.0,18.02009728580639,0.0,405.17509080169015,0.0,324.0,0.0,222.73483863187377,0.0,14.50435814855654,0.0,18.0,0.0,12.63009376525298,0.0,7141.828355699825,0.0,312.0915584151652,0.0,253.79294922316808,0.0,9.604091586086948,0.0,21.585198507285682,0.0,11399.400296442665,0.0,1766.5208097750292,0.0,14.504358132693527,0.0,14.126159199419137,0.0,11.637467278032153,0.0
Msttx,364.63529411764705,0.0,17.47934509087351,0.0,409.69445534539466,0.0,317.0,0.0,222.82256813123308,0.0,14.697473411229314,0.0,17.804493814764857,0.0,12.758429706360005,0.0,7140.708693259554,0.0,290.31249596234755,0.0,240.94776384140812,0.0,11.646053609044628,0.0,66.55148690100964,0.0,11659.09092144998,0.0,2228.288107691519,0.0,14.697473411721104,0.0,13.826231062728194,0.0,11.782039095065635,0.0
Mtglt,402.83137254901965,0.0,18.388634639113672,0.0,453.86338017007847,0.0,376.0,0.0,267.06482110820366,0.0,15.856905380544918,0.0,19.390719429665317,0.0,14.055067192469348,0.0,7320.063566607059,0.0,366.8533809842311,0.0,290.52800030089725,0.0,12.270803951529095,0.0,16.510166155666674,0.0,11897.163109762094,0.0,2464.779775262873,0.0,15.856905388424343,0.0,15.900985881829827,0.0,13.088335176380491,0.0
Mtndn,433.6078431372549,0.0,19.158373914346356,0.0,404.4540007001974,0.0,300.0,0.0,210.33731925426977,0.0,14.484124258565954,0.0,17.320508075688775,0.0,12.404004082296103,0.0,7143.128918498137,0.0,316.47265497399286,0.0,256.20977129189504,0.0,5.53894021614436,0.0,16.2536859008278,0.0,11467.835552067054,0.0,3003.5907919680553,0.0,14.484124251525884,0.0,14.090170100649507,0.0,11.443360523895148,0.0
Mtrkc,383.9686274509804,0.0,18.021658122280403,0.0,409.1585690898695,0.0,327.0,0.0,225.78061523457785,0.0,14.619733832750274,0.0,18.083141320025124,0.0,12.750713989901705,0.0,7143.801354988289,0.0,327.8026583286495,0.0,263.0066997365299,0.0,10.228805957761578,0.0,57.93785968250503,0.0,11349.877106052696,0.0,2241.3895191437528,0.0,14.619733827996045,0.0,14.251079262732716,0.0,11.784748695234603,0.0
Mtrrd,382.10980392156864,0.0,17.976071069714365,0.0,431.33787263712924,0.0,360.0,0.0,250.4201100611284,0.0,15.264241336228975,0.0,18.973665961010276,0.0,13.485248535021322,0.0,7174.211587863245,0.0,698.5190293449463,0.0,527.2987005114434,0.0,10.386991270341069,0.0,20.22071757599755,0.0,11341.556208790353,0.0,2302.283573790459,0.0,15.264241334776298,0.0,15.039027403923662,0.0,12.52762700720154,0.0
Mtslm,409.38823529411764,0.0,18.588864058200024,0.0,494.7298447009201,0.0,408.0,0.0,300.931511419747,0.0,17.004307414583476,0.0,20.199009876724155,0.0,15.219923615221356,0.0,8339.295861941577,0.0,493.8858101212027,0.0,386.1667379928158,0.0,8.677521981964077,0.0,17.907030934103794,0.0,12133.757067864686,0.0,2421.2154918491015,0.0,17.004307421424443,0.0,16.427857311476945,0.0,14.28404559744962,0.0
Mtvst,356.96078431372547,0.0,17.29450579796508,0.0,394.5483301320854,0.0,303.0,0.0,209.44602298711237,0.0,14.226522978815186,0.0,17.406895185529212,0.0,12.268878278247623,0.0,7141.01132648356,0.0,284.00601303420325,0.0,235.31593584885434,0.0,14.202409214378038,0.0,20.128267151476038,0.0,11399.679361858025,0.0,2564.7923519474225,0.0,14.226522987001305,0.0,13.775116083153907,0.0,11.308141706787465,0.0
Muhne,439.4392156862745,0.0,19.28778351311794,0.0,380.22805311788943,0.0,255.0,0.0,179.51913958440184,0.0,13.763827075316504,0.0,15.968719422671311,0.0,11.47981880752798,0.0,7140.452883808287,0.0,275.5622421333794,0.0,228.66381804544432,0.0,9.724542929134916,0.0,12.558418832672528,0.0,11439.716429156999,0.0,2121.125494746324,0.0,13.7638270917957,0.0,12.934742759277796,0.0,10.573245399992569,0.0
Mulde,420.56470588235294,0.0,18.854185820467308,0.0,407.59048118990245,0.0,282.0,0.0,202.18874894739352,0.0,14.553509314386911,0.0,16.792855623746664,0.0,12.296678976085161,0.0,7142.91071885622,0.0,315.5848220422074,0.0,255.67648022348777,0.0,8.551640254380604,0.0,13.134901277696772,0.0,13179.38876163309,0.0,4315.814054000865,0.0,14.553509324121903,0.0,13.621070421077773,0.0,11.379224768727042,0.0
Mulur,386.38823529411764,0.0,18.138066330550707,0.0,404.81537114521547,0.0,310.0,0.0,214.50138740488683,0.0,14.491534889817949,0.0,17.60681686165901,0.0,12.440876751433526,0.0,7140.858870343855,0.0,289.3621066211284,0.0,236.9622492802148,0.0,13.689923865724653,0.0,15.621303146172782,0.0,13182.555675902353,0.0,3836.5998340225487,0.0,14.49153488944416,0.0,13.83193289978375,0.0,11.473292868040454,0.0
Mumus,447.1960784313726,0.0,19.446721940547906,0.0,443.13351688499677,0.0,336.0,0.0,243.99899326821702,0.0,15.622476778013544,0.0,18.33030277982336,0.0,13.617721708349485,0.0,7874.131263489854,0.0,378.6272871953892,0.0,303.14804934434795,0.0,10.851676061291032,0.0,15.898448146938213,0.0,11496.086314582952,0.0,2306.875417360943,0.0,15.62247679827592,0.0,14.601164864390439,0.0,12.658321383739148,0.0
Mvvsd,397.88235294117646,0.0,18.311515170810598,0.0,418.1066622407832,0.0,322.0,0.0,226.9521325768506,0.0,14.892839511238307,0.0,17.944358444926362,0.0,12.91747466312137,0.0,7173.400066008747,0.0,695.3186151675545,0.0,524.6412753520013,0.0,9.326694947237355,0.0,99.72613938496923,0.0,11620.31741384325,0.0,2710.9919268846775,0.0,14.892839521117429,0.0,13.837711750201494,0.0,11.93241588038111,0.0
Mvzdv,408.921568627451,0.0,18.64064300669886,0.0,417.5384561398004,0.0,325.0,0.0,227.59031117725925,0.0,14.87370989257558,0.0,18.027756377319946,0.0,12.891876039426728,0.0,7142.517699587578,0.0,319.97028768108214,0.0,257.2961227321619,0.0,8.62116187905979,0.0,125.77418810736218,0.0,12303.172429260128,0.0,3227.6487621869105,0.0,14.87370989581144,0.0,13.729696671969212,0.0,11.912735750116198,0.0
Mzbnl,420.98039215686276,0.0,18.938964674174837,0.0,421.49102889663664,0.0,324.0,0.0,228.51118259016118,0.0,14.972740310279558,0.0,18.0,0.0,12.970258315843536,0.0,7151.179275859869,0.0,408.3128800601234,0.0,324.99477724408564,0.0,11.031397002885537,0.0,33.051365304349105,0.0,11725.620577425105,0.0,2549.6428912897522,0.0,14.972740313207098,0.0,14.454060282699798,0.0,12.008745337161576,0.0
Mzffb,446.1490196078431,0.0,19.38196008607391,0.0,490.9130360461425,0.0,397.0,0.0,289.62069595764444,0.0,16.77882775885989,0.0,19.924858845171276,0.0,14.858617626187106,0.0,7264.183420807039,0.0,896.2575366354207,0.0,669.125159462599,0.0,6.158681010779145,0.0,39.124991115848964,0.0,13189.060598433432,0.0,6186.604943856424,0.0,16.778827730351725,0.0,15.947425972822824,0.0,13.89559136014244,0.0
Mzllr,357.26666666666665,0.0,17.490104193902667,0.0,449.3527887398625,0.0,373.0,0.0,262.6704614427812,0.0,15.747844851228667,0.0,19.313207915827967,0.0,13.878316795788374,0.0,7141.988207238321,0.0,307.32417760920833,0.0,255.17398222089855,0.0,15.887061044984456,0.0,32.87649558407165,0.0,13515.058672322062,0.0,3911.4755187177952,0.0,15.747844846049638,0.0,15.325499789678219,0.0,12.896156043444215,0.0
Mznsn,401.90588235294115,0.0,18.472190097476496,0.0,389.65452306286386,0.0,283.0,0.0,196.38890586138257,0.0,14.044387087018501,0.0,16.822603841260722,0.0,11.907022122695702,0.0,7140.25489883187,0.0,278.7826590184455,0.0,231.45008953739722,0.0,10.08206171785661,0.0,32.5306564093237,0.0,11300.891704204501,0.0,2009.8170178677362,0.0,14.044387082659965,0.0,13.226761510743694,0.0,10.928297855549548,0.0
Mzsnr,376.156862745098,0.0,17.868120411169894,0.0,387.60734174576584,0.0,284.0,0.0,195.3880138065566,0.0,13.961784106915546,0.0,16.852299546352718,0.0,11.841664041278005,0.0,7140.27197828491,0.0,281.316102522071,0.0,232.56529910809195,0.0,13.355130183148786,0.0,31.855810151325297,0.0,11570.44962317162,0.0,1880.1527909997021,0.0,13.961784106136639,0.0,13.134622295081124,0.0,10.826935010565421,0.0
Mähne,452.6313725490196,0.0,19.51891165873259,0.0,385.2961096771402,0.0,257.0,0.0,181.11503631784046,0.0,13.867000196490029,0.0,16.0312195418814,0.0,11.54119594261239,0.0,7140.856062595971,0.0,282.316275474611,0.0,233.83009625299636,0.0,10.29767418602271,0.0,13.759485518716437,0.0,13772.795270367184,0.0,6475.9895709391685,0.0,13.86700022941125,0.0,13.150087549742814,0.0,10.588252435757267,0.0
Mäuse,412.69019607843137,0.0,18.571213352872878,0.0,379.2880717811064,0.0,252.0,0.0,176.80941304414205,0.0,13.703335799845979,0.0,15.874507866387544,0.0,11.366537067571397,0.0,7140.545302798852,0.0,281.81073638873653,0.0,232.81760239313664,0.0,13.109638669742726,0.0,13.764041336564974,0.0,13923.507595025301,0.0,6490.969770178133,0.0,13.703335835721855,0.0,12.83791513625773,0.0,10.40127075144521,0.0
Mäzen,424.8156862745098,0.0,18.92749150417252,0.0,380.1937460884161,0.0,254.0,0.0,178.2521372927661,0.0,13.729224434064305,0.0,15.937377450509228,0.0,11.413531147610705,0.0,7140.557740176992,0.0,280.5675364821222,0.0,232.9334624732683,0.0,10.298319560967029,0.0,32.47602353934603,0.0,14173.445366116837,0.0,6456.963576158083,0.0,13.729224478290778,0.0,12.758054046553031,0.0,10.456268787844758,0.0
Möbel,423.9254901960784,0.0,18.863811066044143,0.0,410.4938301157244,0.0,289.0,0.0,209.071427119632,0.0,14.67098726054589,0.0,17.0,0.0,12.566984090936371,0.0,7152.873276495298,0.0,439.54450580251756,0.0,344.5030768955979,0.0,12.70210231531112,0.0,17.388992546535935,0.0,14018.341175879646,0.0,9178.276722714001,0.0,14.670987282812185,0.0,14.113173090990134,0.0,11.720204251756149,0.0
Mödeu,444.15294117647056,0.0,19.301495082461894,0.0,399.21114770137285,0.0,274.0,0.0,197.3944891576292,0.0,14.35014920074196,0.0,16.55294535724685,0.0,12.183233105769377,0.0,7147.490888649424,0.0,435.02324000714566,0.0,333.46728783271647,0.0,8.957431283364727,0.0,20.424933950626652,0.0,13733.400950592913,0.0,9024.44769841203,0.0,14.350149265071515,0.0,13.644799634875127,0.0,11.322055132088023,0.0
Möhre,417.9568627450981,0.0,18.743763591847873,0.0,405.9904429268703,0.0,294.0,0.0,209.0367271924725,0.0,14.535313481459037,0.0,17.146428199482248,0.0,12.445395154150745,0.0,7142.4050643496175,0.0,331.48289486546327,0.0,263.6118787542233,0.0,12.519897143137339,0.0,15.95497456336247,0.0,13761.189996938374,0.0,9071.478135534002,0.0,14.535313516369392,0.0,13.966728606177552,0.0,11.58390758520441,0.0
Möpse,422.1960784313726,0.0,18.775784219276364,0.0,390.3235376884193,0.0,252.0,0.0,184.0463496430125,0.0,14.093386880463164,0.0,15.874507866387544,0.0,11.844325084591775,0.0,7188.606820167827,0.0,681.6641548333082,0.0,593.7111569069729,0.0,12.176253045677011,0.0,22.70857182878093,0.0,13689.140574471314,0.0,9056.018716244005,0.0,14.093386915294902,0.0,13.165676066183368,0.0,11.033939944786203,0.0
Möwön,465.235294117647,0.0,19.754319944717853,0.0,437.11057474341055,0.0,321.0,0.0,235.45245713850454,0.0,15.447922609510853,0.0,17.916472867168917,0.0,13.419677341735591,0.0,7170.954905782482,0.0,462.42535942386854,0.0,380.1596297235096,0.0,7.205611837719127,0.0,26.901741427202758,0.0,13968.476420228943,0.0,9182.55766782101,0.0,15.447922651653775,0.0,14.922697060640758,0.0,12.511119435038053,0.0
Mühen,450.71764705882356,0.0,19.51157741471211,0.0,391.32890809865364,0.0,268.0,0.0,190.08427053615293,0.0,14.094399458258582,0.0,16.3707055437449,0.0,11.852128417698529,0.0,7141.024017198858,0.0,286.5754165642978,0.0,236.57422722270755,0.0,9.48705916008646,0.0,13.183925031763518,0.0,11525.986751257517,0.0,4700.565187037096,0.0,14.094399510845617,0.0,13.398352229199524,0.0,10.965022066595727,0.0
Mühle,430.30980392156863,0.0,19.070879346844478,0.0,428.80363967832886,0.0,319.0,0.0,229.677153084096,0.0,15.196904893457424,0.0,17.86057109949175,0.0,13.11894902848019,0.0,7142.101120765039,0.0,304.69491429496765,0.0,252.8777429669202,0.0,12.21570719743458,0.0,14.755705156297369,0.0,12101.022557233035,0.0,4788.320736671511,0.0,15.196904943481393,0.0,14.667587353251948,0.0,12.248841827971823,0.0
Münze,422.9019607843137,0.0,18.919927999583386,0.0,391.0373776846469,0.0,272.0,0.0,191.5794386869103,0.0,14.080920538666197,0.0,16.492422502470642,0.0,11.84895530717501,0.0,7140.732879118608,0.0,285.73096067416327,0.0,236.44335377329105,0.0,11.735856810386101,0.0,15.765467181431834,0.0,11469.931488321923,0.0,4698.9808572294105,0.0,14.080920580002216,0.0,13.271782692028697,0.0,10.961546246710077,0.0
Mütze,403.3294117647059,0.0,18.43751045067116,0.0,393.9720471885251,0.0,275.0,0.0,194.99548529492336,0.0,14.194270546202908,0.0,16.583123951777,0.0,11.989617654045936,0.0,7140.832416091586,0.0,287.05111720853733,0.0,237.56399781942454,0.0,12.370310752682094,0.0,14.745304988634313,0.0,11502.078114650141,0.0,4733.520122610403,0.0,14.194270580782216,0.0,13.219304652964277,0.0,11.110110688270273,0.0
Nabal,399.1411764705882,0.0,18.335352305732147,0.0,374.18018034142074,0.0,260.0,0.0,175.39740492792743,0.0,13.404695409646658,0.0,16.1245154965971,0.0,11.075204579614155,0.0,863.8197341728192,0.0,323.9323996576384,0.0,245.05614728218296,0.0,7.727388865385666,0.0,16.561338329079796,0.0,9569.063553116526,0.0,2980.2525587060677,0.0,13.404695429195181,0.0,12.40829493613174,0.0,9.985686786340517,0.0
Nabel,387.1960784313726,0.0,18.044152350936898,0.0,361.4159770905409,0.0,240.0,0.0,162.89551948858903,0.0,13.040230891158755,0.0,15.491933384829668,0.0,10.711470570718097,0.0,862.7784018290549,0.0,320.03259863719995,0.0,242.97524362788545,0.0,9.055415167708384,0.0,14.687213995906783,0.0,9492.965275856337,0.0,2846.0128488636033,0.0,13.040230910676792,0.0,12.078454903851291,0.0,9.734645892427213,0.0
Nadel,388.1019607843137,0.0,18.06904949875734,0.0,371.0343512716886,0.0,255.0,0.0,173.82693888116472,0.0,13.346936143705928,0.0,15.968719422671311,0.0,11.105114660200373,0.0,903.6754902084484,0.0,426.3335272081453,0.0,317.9749946108566,0.0,8.700479443113842,0.0,15.907621935088866,0.0,9529.371590761088,0.0,2843.252564563727,0.0,13.346936163195046,0.0,12.369867590221915,0.0,10.105119667119178,0.0
Napal,398.92941176470595,0.0,18.344183850001208,0.0,376.5709916502733,0.0,258.0,0.0,175.9952007288532,0.0,13.49593825136425,0.0,16.06237840420901,0.0,11.175668282181794,0.0,1186.9041792977166,0.0,680.1636084867354,0.0,586.8286390326233,0.0,7.872598530056157,0.0,23.934059164415853,0.0,9521.091049837829,0.0,2961.1359714391324,0.0,13.495938267093903,0.0,12.391259663912477,0.0,10.138346936214544,0.0
Narbe,381.8549019607843,0.0,17.906495141232508,0.0,334.8139802320967,0.0,203.0,0.0,133.96549334383246,0.0,12.120546274664193,0.0,14.247806848775006,0.0,9.543411456755676,0.0,768.3563597179495,0.0,118.8574923312194,0.0,86.36319203051514,0.0,5.400817180373808,0.0,15.753194776941196,0.0,9253.999030004908,0.0,2526.9711628178275,0.0,12.120546293630277,0.0,10.828403431765993,0.0,8.501015851936016,0.0
Nasen,368.121568627451,0.0,17.553599577621902,0.0,323.97718047399076,0.0,183.0,0.0,120.34833374319527,0.0,11.745885607841327,0.0,13.527749258468683,0.0,9.024563530634007,0.0,766.8473083368297,0.0,113.30790568791924,0.0,82.28848471356932,0.0,6.474233087444964,0.0,11.53902187118395,0.0,9277.289636904563,0.0,2270.6051887362773,0.0,11.745885631047729,0.0,9.959782747347127,0.0,7.958121951606527,0.0
Natan,382.4196078431372,0.0,17.925990358540492,0.0,340.72325108574796,0.0,215.0,0.0,141.15468157369045,0.0,12.329480529776099,0.0,14.66287829861518,0.0,9.757508451953884,0.0,768.7648431668687,0.0,125.41633160680763,0.0,90.09572829829531,0.0,4.868069977840862,0.0,12.843828922253303,0.0,9097.112342318074,0.0,2510.4304716507213,0.0,12.329480555916195,0.0,10.723719364238523,0.0,8.600741672885103,0.0
Natar,356.6705882352941,0.0,17.302862490502665,0.0,344.27836055142734,0.0,232.0,0.0,150.57869853547962,0.0,12.443727181412088,0.0,15.231546211727817,0.0,10.024930550664688,0.0,769.0578969373234,0.0,133.1569767155332,0.0,94.06289210139491,0.0,9.567154608520662,0.0,13.385691958779782,0.0,9120.983438929636,0.0,2506.0996046503365,0.0,12.443727205694334,0.0,11.193230167681472,0.0,8.855333994134662,0.0
Natta,362.8470588235294,0.0,17.416062885844077,0.0,364.63161555147167,0.0,261.0,0.0,174.49334118349128,0.0,13.170975355401275,0.0,16.15549442140351,0.0,10.960141896892177,0.0,772.9037629459297,0.0,164.89254696316578,0.0,118.35792804641225,0.0,7.393053797254912,0.0,15.601244073317842,0.0,9310.658614859907,0.0,2647.1653970039433,0.0,13.17097538176639,0.0,12.060421739436114,0.0,9.875952319330217,0.0
Nazis,338.33333333333337,0.0,16.89496101814652,0.0,366.68885157818227,0.0,269.0,0.0,177.8612158287471,0.0,13.212639652598975,0.0,16.401219466856727,0.0,11.018324594675779,0.0,773.2136074025236,0.0,152.97669773482974,0.0,108.48766011484555,0.0,12.385279808254575,0.0,32.69561578550442,0.0,9853.679217360535,0.0,2411.6671904211707,0.0,13.212639673437343,0.0,12.098986518910904,0.0,9.98573408438012,0.0
Ncbgt,403.53725490196075,0.0,18.35784080735083,0.0,378.2962971182735,0.0,265.0,0.0,179.3250422528119,0.0,13.485130356934071,0.0,16.278820596099706,0.0,11.225551854489993,0.0,2810.3632300650756,0.0,358.3012023594496,0.0,254.74605823138288,0.0,4.717325326163258,0.0,18.635931556248412,0.0,9077.26843215038,0.0,3072.6807248737096,0.0,13.485130354280123,0.0,12.679089521150244,0.0,10.134424242859577,0.0
Nchdr,387.52941176470586,0.0,18.093938311323896,0.0,373.8223725930926,0.0,276.0,0.0,182.9225362410021,0.0,13.38591555061017,0.0,16.61324772583615,0.0,11.218136087221517,0.0,792.5569055535868,0.0,203.1853152821086,0.0,145.27067583709797,0.0,5.357154746964315,0.0,18.10022314302241,0.0,9306.91851564335,0.0,3631.3770634729135,0.0,13.385915538450886,0.0,12.711817349167664,0.0,10.12626723961657,0.0
Nchpr,386.4117647058824,0.0,18.07803708472248,0.0,369.7313392511667,0.0,267.0,0.0,178.28263416911346,0.0,13.289598616316665,0.0,16.34013463836819,0.0,11.12434261666903,0.0,967.6303007959127,0.0,470.6524277330806,0.0,385.6011609086865,0.0,5.847771127467027,0.0,26.440367665071673,0.0,9126.061636643108,0.0,3141.193685231832,0.0,13.289598606016678,0.0,12.58328133511523,0.0,10.083308216336404,0.0
Ndhmr,446.56470588235294,0.0,19.463953611640118,0.0,451.9770431545297,0.0,369.0,0.0,261.7157841646176,0.0,15.784428158044735,0.0,19.209372712298546,0.0,13.94604035362428,0.0,8007.019632554642,0.0,1692.8017847688411,0.0,1293.3699137940023,0.0,5.868358033133738,0.0,28.931776846896028,0.0,9244.992179241905,0.0,3389.4334377807913,0.0,15.784428064043805,0.0,15.289617328942859,0.0,12.986204897283596,0.0
Ndhrt,390.4156862745098,0.0,18.164605980286762,0.0,385.6254910580452,0.0,296.0,0.0,199.05446280987627,0.0,13.821365667888259,0.0,17.204650534085253,0.0,11.780281224543026,0.0,1518.3514760077205,0.0,1567.8860270744833,0.0,1197.2459903780634,0.0,11.041714705548813,0.0,27.621903762678592,0.0,9225.673386222845,0.0,3084.489880701747,0.0,13.82136559048778,0.0,13.359734063715312,0.0,10.760123729239865,0.0
Ndscr,348.6745098039216,0.0,17.102357792443293,0.0,360.7923989101711,0.0,246.0,0.0,163.05435729895422,0.0,12.958112495193788,0.0,15.684387141358123,0.0,10.591177497064164,0.0,1516.832286239847,0.0,1567.178386154918,0.0,1196.6244005099659,0.0,13.375641410610976,0.0,30.57634568752064,0.0,9483.71040054764,0.0,3249.486723209422,0.0,12.958112386354758,0.0,11.700007922183117,0.0,9.478851392282197,0.0
Ndsfr,373.51372549019607,0.0,17.69353618151809,0.0,408.18815826637945,0.0,310.0,0.0,213.80776143888698,0.0,14.460950608991324,0.0,17.60681686165901,0.0,12.39783427527526,0.0,1765.8893974962507,0.0,1662.7921703705165,0.0,1263.0575170583916,0.0,10.176013253091279,0.0,30.497742725774312,0.0,9431.92562057016,0.0,2931.544889408061,0.0,14.460950524651075,0.0,13.54768189598128,0.0,11.38644891509318,0.0
Ndspr,388.47843137254904,0.0,18.089337019426214,0.0,369.16349904333964,0.0,249.0,0.0,169.9446300106879,0.0,13.294161777344009,0.0,15.7797338380595,0.0,11.002925632168242,0.0,1624.3242135163837,0.0,1629.6390365029135,0.0,1252.941097748011,0.0,8.745720956852303,0.0,34.74053375238914,0.0,9432.660516743288,0.0,3009.257182187286,0.0,13.294161693090496,0.0,12.238303053607765,0.0,9.977508024861955,0.0
Ndstr,351.56078431372555,0.0,17.17710536923555,0.0,375.544806179909,0.0,272.0,0.0,183.95754562747106,0.0,13.51668829924937,0.0,16.492422502470642,0.0,11.358799468759345,0.0,1517.0691655270189,0.0,1567.5091843668226,0.0,1197.0679971356149,0.0,12.948357533321408,0.0,28.74198228415874,0.0,9687.892588131168,0.0,3167.939497270506,0.0,13.516688191810198,0.0,12.566177684266869,0.0,10.319419263016872,0.0
Ndthr,390.4156862745098,0.0,18.164605980286762,0.0,367.5749085892017,0.0,263.0,0.0,176.11425050838753,0.0,13.266181078631917,0.0,16.217274740226856,0.0,11.060855360079776,0.0,1517.4663101845324,0.0,1566.927587882662,0.0,1196.5862886123123,0.0,8.567403898933787,0.0,29.666335683906794,0.0,9526.754517104382,0.0,3067.7443984195975,0.0,13.266181030368204,0.0,12.438773731402252,0.0,10.008129039809965,0.0
Ndths,394.2392156862745,0.0,18.200674284377424,0.0,361.3744854043621,0.0,245.0,0.0,165.13592363613117,0.0,13.06010162231511,0.0,15.652475842498529,0.0,10.75815142421429,0.0,1517.3946686243153,0.0,1566.465039207051,0.0,1196.3973500547588,0.0,7.807454988791707,0.0,29.401090023768884,0.0,9504.919937876224,0.0,3064.995233133887,0.0,13.060101558887435,0.0,11.919314438170366,0.0,9.721778440301403,0.0
Nebel,375.25098039215686,0.0,17.748175228803834,0.0,351.7082610570412,0.0,226.0,0.0,154.14705224962339,0.0,12.763454268864773,0.0,15.033296378372908,0.0,10.450488062293324,0.0,862.4345385455299,0.0,319.0059648977672,0.0,242.48389297356715,0.0,8.443821706998188,0.0,14.883566462353107,0.0,9546.11679429512,0.0,2888.5936529074283,0.0,12.763454266775753,0.0,11.741092047602972,0.0,9.543961230002246,0.0
Neffe,382.8627450980392,0.0,17.83671420700635,0.0,403.23520751434864,0.0,285.0,0.0,201.23273494659185,0.0,14.326528936820567,0.0,16.881943016134134,0.0,12.169101962061193,0.0,1512.1255093116997,0.0,816.9825618226572,0.0,598.2001307811959,0.0,5.532507650197322,0.0,17.27528400069229,0.0,11331.595208118673,0.0,6348.840149869453,0.0,14.326528909188509,0.0,12.974544153412094,0.0,11.256129204055194,0.0
Negro,383.0392156862745,0.0,17.8881814546778,0.0,372.77967338607317,0.0,258.0,0.0,176.4165740389264,0.0,13.396124459055319,0.0,16.06237840420901,0.0,11.184967499791473,0.0,1798.3550605792618,0.0,405.96236882626533,0.0,277.00776979731364,0.0,7.482111361027811,0.0,17.34307257850401,0.0,9075.34061669563,0.0,2446.6002051751775,0.0,13.396124453189831,0.0,12.366005257651723,0.0,10.196451398416881,0.0
Nehgt,414.24705882352947,0.0,18.618405646968363,0.0,366.45939617885836,0.0,249.0,0.0,168.51392667356404,0.0,13.15964560580288,0.0,15.7797338380595,0.0,10.88240042414739,0.0,2809.5732609483384,0.0,354.4326924496688,0.0,251.99650561909166,0.0,4.596850064639999,0.0,13.626762341861214,0.0,9170.127565827845,0.0,2605.8674965434116,0.0,13.159645603931272,0.0,12.405148751882997,0.0,9.83954952411909,0.0
Neift,342.0078431372549,0.0,16.909447411571612,0.0,390.1547967523739,0.0,292.0,0.0,199.21386507611072,0.0,13.951559664183637,0.0,17.08800749063506,0.0,11.871073714277236,0.0,1188.1668343353738,0.0,569.523682491064,0.0,413.9824357563148,0.0,7.9967978483571756,0.0,15.326003265288556,0.0,9280.281719997574,0.0,2749.052234432325,0.0,13.951559699140649,0.0,12.966608784407907,0.0,10.886682446990065,0.0
Ngkgm,509.2862745098039,0.0,20.70042263134967,0.0,483.80314049479756,0.0,380.0,0.0,278.44834822773157,0.0,16.537369275929112,0.0,19.493588689617926,0.0,14.609628956620856,0.0,76790.97017474324,0.0,9859.03717180502,0.0,7122.830151564052,0.0,3.5864168864083528,0.0,45.786514406227816,0.0,9349.29379532517,0.0,3384.365108093548,0.0,16.53736929486204,0.0,15.766269269179167,0.0,13.592659600996672,0.0
Ngspr,397.6823529411765,0.0,18.25781489364222,0.0,378.82550059469577,0.0,256.0,0.0,175.98121727435668,0.0,13.52830428199469,0.0,16.0,0.0,11.24181400608781,0.0,76623.81838833538,0.0,9845.459584356666,0.0,7113.2718292564905,0.0,9.759548388345213,0.0,46.00552912021887,0.0,9491.051509094214,0.0,2681.097325392926,0.0,13.528304298102276,0.0,12.488651297664731,0.0,10.209957023388432,0.0
Ngstr,360.7647058823529,0.0,17.35444149933788,0.0,385.20680773126514,0.0,279.0,0.0,189.99413289113986,0.0,13.747041207587408,0.0,16.703293088490067,0.0,11.590355259953625,0.0,76621.61975650853,0.0,9835.366596166139,0.0,7103.643185875419,0.0,13.868811526002801,0.0,41.338251321785975,0.0,9744.671743590123,0.0,2857.9627932516937,0.0,13.747041223344201,0.0,12.810119870280253,0.0,10.544333563230566,0.0
Ngthf,427.74901960784314,0.0,18.921286191125848,0.0,413.39147532209785,0.0,304.0,0.0,212.05573376196367,0.0,14.54981759491216,0.0,17.435595774162696,0.0,12.427248286809153,0.0,76652.99320184594,0.0,9896.94000623141,0.0,7154.618087814285,0.0,5.284373400471977,0.0,45.117277672573465,0.0,9660.848317998045,0.0,2784.185154210917,0.0,14.549817605879102,0.0,13.567799827236545,0.0,11.389921829258595,0.0
Ngthl,404.9607843137255,0.0,18.466874860896947,0.0,398.5527458156815,0.0,291.0,0.0,200.71393439218093,0.0,14.155475464791147,0.0,17.05872210923198,0.0,12.00766856949681,0.0,76622.60578730112,0.0,9839.593425141176,0.0,7107.090447694599,0.0,8.59499779097847,0.0,43.30465779844534,0.0,10011.504259896721,0.0,3213.410461670344,0.0,14.155475479118849,0.0,13.269111256314432,0.0,10.996429678411372,0.0
Ngths,403.443137254902,0.0,18.36813096899403,0.0,371.03648695571826,0.0,252.0,0.0,171.17251089979993,0.0,13.29836583077933,0.0,15.874507866387544,0.0,11.0023557362399,0.0,76621.6262019957,0.0,9835.200239800119,0.0,7103.530202771439,0.0,8.74074389362384,0.0,42.72496993707449,0.0,9562.797187338152,0.0,2743.5069789349564,0.0,13.298365845614017,0.0,12.176222973620275,0.0,9.960197375974671,0.0
Ngthw,449.5254901960784,0.0,19.43689203578507,0.0,421.8384205843301,0.0,323.0,0.0,227.15556563982102,0.0,14.890488752479031,0.0,17.97220075561143,0.0,12.914728033364755,0.0,106747.04757756469,0.0,17486.85110211222,0.0,16089.598383358543,0.0,4.466297127788158,0.0,131.6214611361801,0.0,9673.422159239,0.0,2754.666035353151,0.0,14.890488767088037,0.0,14.349118006975932,0.0,11.921263752632054,0.0
Nickt,345.32156862745103,0.0,17.080400597844676,0.0,363.81737983483856,0.0,274.0,0.0,179.06470856836486,0.0,13.083840795255357,0.0,16.55294535724685,0.0,10.98140170651968,0.0,783.6098398056365,0.0,190.5680564842287,0.0,141.01818736662375,0.0,5.592395841815154,0.0,15.064588570660936,0.0,10216.809210412815,0.0,3311.8002455930796,0.0,13.083840768437845,0.0,12.50011297407238,0.0,9.95737615896523,0.0
Niger,361.11764705882354,0.0,17.40290138303041,0.0,366.1414148571163,0.0,270.0,0.0,177.61352299900295,0.0,13.118518642410919,0.0,16.431676725154983,0.0,10.997893272778773,0.0,1778.7464398408538,0.0,245.27224920066578,0.0,171.69175562774126,0.0,8.195605318866276,0.0,12.272127450193596,0.0,10147.437857464995,0.0,3348.4111208181343,0.0,13.118518647276266,0.0,12.730725269489522,0.0,9.971121209365943,0.0
Nihri,331.47843137254904,0.0,16.79469122104672,0.0,392.37279074344946,0.0,325.0,0.0,214.09187211901332,0.0,13.988060019011044,0.0,18.027756377319946,0.0,12.069190420765487,0.0,897.527628454123,0.0,308.46248706789595,0.0,199.17459255718182,0.0,10.983760573902003,0.0,19.68338617414051,0.0,10264.99791893322,0.0,3475.94166967799,0.0,13.988060031804755,0.0,13.618699571830703,0.0,11.064783173710556,0.0
Nkhmn,470.88235294117646,0.0,20.02674989270346,0.0,464.2722028362348,0.0,383.0,0.0,274.6125250574486,0.0,16.146732137937608,0.0,19.570385790780925,0.0,14.338627214349692,0.0,7981.111770166657,0.0,1545.0350310440604,0.0,1222.5162101081667,0.0,2.8439210603409473,0.0,45.11545954129809,0.0,10170.125778085036,0.0,4571.711425211019,0.0,16.14673211814901,0.0,15.415041320239924,0.0,13.40490924520298,0.0
Nlppt,395.0549019607843,0.0,18.28158535076572,0.0,383.970995809315,0.0,281.0,0.0,192.48229916498605,0.0,13.782847578827957,0.0,16.76305461424021,0.0,11.723024952564339,0.0,1270.0521937655826,0.0,766.7908109940448,0.0,662.4180975386506,0.0,5.307169408988774,0.0,27.661319230483,0.0,9883.168055681877,0.0,3629.4380198901817,0.0,13.7828476285653,0.0,13.471376884702089,0.0,10.802621393512764,0.0
Nmtdn,435.8117647058823,0.0,19.196775007890665,0.0,424.62143864623334,0.0,319.0,0.0,226.9001276703806,0.0,15.020370872364499,0.0,17.86057109949175,0.0,12.995217798260791,0.0,10096.181308695232,0.0,842.3000006950558,0.0,650.8287233332773,0.0,4.920276082196956,0.0,21.969126328703595,0.0,9768.58317220255,0.0,3174.2370060852704,0.0,15.020370874747602,0.0,13.97185533406155,0.0,12.02599673361864,0.0
Nndkr,410.0901960784314,0.0,18.67385551142743,0.0,393.64249249999165,0.0,315.0,0.0,210.91941071826952,0.0,14.050759082228526,0.0,17.74823934929885,0.0,12.099409561839504,0.0,833.6030914793947,0.0,352.2949900826436,0.0,256.9091380948179,0.0,6.565782873925446,0.0,20.503135304906394,0.0,11210.85694859987,0.0,2758.823187507663,0.0,14.050759100385557,0.0,13.390265742400695,0.0,11.019864494653362,0.0
Nnknl,396.9686274509804,0.0,18.410249473034355,0.0,389.98593609903537,0.0,302.0,0.0,204.59713913460328,0.0,13.995064510283125,0.0,17.378147196982766,0.0,11.990455481003714,0.0,942.9843538959024,0.0,557.46274634167,0.0,439.54966304178953,0.0,7.586625285562218,0.0,25.044573728234123,0.0,11610.875733525834,0.0,3820.2753195104856,0.0,13.995064524283103,0.0,13.138248203483707,0.0,10.994473790096558,0.0
Noito,334.5450980392157,0.0,16.744853283787787,0.0,364.9210236326251,0.0,247.0,0.0,169.37815578323114,0.0,13.227894920636555,0.0,15.716233645501712,0.0,10.95752433585246,0.0,819.6235695632574,0.0,351.58250756548273,0.0,239.77325438981126,0.0,8.402855862328718,0.0,16.665292234951547,0.0,9475.53811046718,0.0,2958.343805200271,0.0,13.22789492800594,0.0,11.847235977730213,0.0,9.998276737690288,0.0
Nonne,381.121568627451,0.0,17.91901127332243,0.0,322.28086376393617,0.0,186.0,0.0,122.76129013668861,0.0,11.74375691546425,0.0,13.638181696985855,0.0,9.145835574259337,0.0,770.7034004122467,0.0,124.67180550261601,0.0,92.48647873543015,0.0,5.62603862487779,0.0,12.463197533657828,0.0,9007.076766115179,0.0,2282.971627952369,0.0,11.743756918792469,0.0,10.23557275615807,0.0,8.18014061198913,0.0
Norto,338.8196078431373,0.0,16.853259986262362,0.0,356.2839551072759,0.0,243.0,0.0,165.06081332652934,0.0,12.964551965103965,0.0,15.588457268119896,0.0,10.769042578896496,0.0,816.689858550544,0.0,350.92543032099655,0.0,239.09770511847233,0.0,8.23724000610408,0.0,16.168058627690634,0.0,9264.039093961235,0.0,2589.105387266316,0.0,12.964551978347556,0.0,11.772498049056843,0.0,9.82705952294332,0.0
Norvo,341.70588235294116,0.0,16.955756706958695,0.0,350.52022121120626,0.0,235.0,0.0,158.20149275382232,0.0,12.75343001599424,0.0,15.329709716755891,0.0,10.499974970118432,0.0,816.3730358774959,0.0,351.40903096219967,0.0,238.9477491504046,0.0,7.841554459552981,0.0,35.87453688804534,0.0,9003.647237867714,0.0,2323.9710318693274,0.0,12.753430025888871,0.0,11.085435129066848,0.0,9.535680989553525,0.0
Notar,347.7450980392157,0.0,17.079540721720186,0.0,343.78009750550643,0.0,230.0,0.0,151.2754920749321,0.0,12.476330913544137,0.0,15.165750888103101,0.0,10.130492911526588,0.0,773.2215930877007,0.0,144.94151773114956,0.0,104.29813581508591,0.0,8.926595651989473,0.0,13.792546434843576,0.0,9106.449066464269,0.0,2469.821886699797,0.0,12.476330925569439,0.0,11.194933502911791,0.0,9.055582939210788,0.0
Noten,361.5490196078431,0.0,17.408879375842808,0.0,327.46078478894725,0.0,193.0,0.0,129.34958967380456,0.0,11.966216599339148,0.0,13.892443989449804,0.0,9.455795608083186,0.0,771.7661593909786,0.0,128.43357812667193,0.0,95.56132804051562,0.0,5.833375745609022,0.0,11.85709651223207,0.0,9002.503029915099,0.0,2310.7959236027705,0.0,11.966216608632957,0.0,10.34212653135395,0.0,8.52107913508952,0.0
Novum,411.0470588235294,0.0,18.643786026475407,0.0,411.24540830555634,0.0,306.0,0.0,217.32542571721706,0.0,14.685888771273012,0.0,17.4928556845359,0.0,12.69917502481779,0.0,4373.898036307704,0.0,417.84451414085595,0.0,311.33492435025795,0.0,5.855349007629251,0.0,19.372053932901004,0.0,9261.177775857293,0.0,2410.811837472813,0.0,14.685888775855203,0.0,13.353578440387668,0.0,11.757605815037902,0.0
Npbtb,433.2313725490196,0.0,19.09766960225336,0.0,404.84145289952477,0.0,293.0,0.0,206.77939588922936,0.0,14.425694748941694,0.0,17.11724276862369,0.0,12.324623862213453,0.0,1625.4848031612162,0.0,1177.3262640567916,0.0,954.5505846322106,0.0,5.516047528565633,0.0,29.193637428878723,0.0,10776.705375868976,0.0,3136.3698127750176,0.0,14.42569473374088,0.0,13.504519126437845,0.0,11.385860636230158,0.0
Nrffr,353.6078431372549,0.0,17.234022126209375,0.0,441.35944289711506,0.0,372.0,0.0,256.4553102120557,0.0,15.403776326385248,0.0,19.28730152198591,0.0,13.57382952192346,0.0,1513.3120704798753,0.0,821.3859315082707,0.0,601.143782331487,0.0,7.374712541088938,0.0,20.088988533399828,0.0,11941.927849041642,0.0,6416.455544894462,0.0,15.403776297669335,0.0,14.490980772365047,0.0,12.572204588852166,0.0
Nstds,355.3843137254902,0.0,17.215242747424416,0.0,354.43623566472695,0.0,240.0,0.0,160.3377522154218,0.0,12.827070714831152,0.0,15.491933384829668,0.0,10.548617358435262,0.0,788.4700235752101,0.0,192.39633870991207,0.0,140.01627135979479,0.0,5.538422956718882,0.0,22.3633368824264,0.0,9322.340176628506,0.0,3038.0624638210206,0.0,12.82707071944109,0.0,11.471711179858897,0.0,9.503643955531144,0.0
Nthsl,355.3686274509804,0.0,17.307133512931834,0.0,386.57844081645896,0.0,301.0,0.0,202.81690253246546,0.0,13.876440316063276,0.0,17.349351572897472,0.0,11.90845379229164,0.0,870.1926878443508,0.0,330.9597676328269,0.0,251.80769359344902,0.0,9.162897089539422,0.0,18.46071419887474,0.0,9618.818849162884,0.0,3333.3729882100524,0.0,13.876440334048919,0.0,13.35745435195409,0.0,10.928298416462408,0.0
Nudel,386.1921568627451,0.0,18.057754753240545,0.0,374.50106571155226,0.0,262.0,0.0,179.52146427723955,0.0,13.496905473772799,0.0,16.186414056238647,0.0,11.3135724543671,0.0,904.3538227673512,0.0,427.81402054300634,0.0,319.1719344592229,0.0,8.573368518204614,0.0,16.694870300138412,0.0,9607.894713709815,0.0,2901.35074027661,0.0,13.496905497042885,0.0,12.467222299237495,0.0,10.362360257048833,0.0
Nutte,348.9921568627451,0.0,17.097294910944786,0.0,350.919722537539,0.0,232.0,0.0,157.3456021740335,0.0,12.793580747219714,0.0,15.231546211727817,0.0,10.484781258617291,0.0,769.855775397374,0.0,132.20949034070256,0.0,98.77003555944029,0.0,8.811031341680774,0.0,11.841509644996371,0.0,9392.129821353206,0.0,2726.9708720449553,0.0,12.793580780871586,0.0,11.402729883001342,0.0,9.55721770355911,0.0
Nutve,351.878431372549,0.0,17.198337321172684,0.0,345.1559886414692,0.0,224.0,0.0,150.48628160132645,0.0,12.57958973308004,0.0,14.966629547095765,0.0,10.208223858638695,0.0,769.5196706785497,0.0,133.48782241075006,0.0,98.40647415458913,0.0,8.511704622022311,0.0,35.100029983304495,0.0,9135.534470818979,0.0,2476.5220133375783,0.0,12.579589763856584,0.0,10.691932029042702,0.0,9.257349692912852,0.0
Nutzu,367.7137254901961,0.0,17.6648402790349,0.0,359.47001149354816,0.0,255.0,0.0,169.7099495618773,0.0,13.045774089282693,0.0,15.968719422671311,0.0,10.77512993948268,0.0,770.3249037456817,0.0,145.80614658884565,0.0,103.95359438579746,0.0,6.325444157634209,0.0,20.436383556164454,0.0,9120.985730431452,0.0,2542.9990668077417,0.0,13.045774116861997,0.0,11.686552815168637,0.0,9.782774029430264,0.0
Nylen,369.1333333333333,0.0,17.65328561167442,0.0,374.06330089452285,0.0,257.0,0.0,176.22672633623296,0.0,13.457393060810658,0.0,16.0312195418814,0.0,11.203355907283708,0.0,38999.06799240577,0.0,2248.2099155488445,0.0,1691.504778325071,0.0,6.574902469799338,0.0,25.904818436344502,0.0,11156.968623731496,0.0,4246.030151381906,0.0,13.45739304976042,0.0,11.970358404465646,0.0,10.237374975343407,0.0
Nägel,408.5882352941176,0.0,18.470937093412566,0.0,387.37408365035014,0.0,271.0,0.0,186.26744267290246,0.0,13.780636544865121,0.0,16.46207763315433,0.0,11.542676766125144,0.0,1822.0537458410429,0.0,386.89008430779677,0.0,287.4023666551056,0.0,9.441397140971887,0.0,16.473652975372627,0.0,12238.601151174968,0.0,6769.576299898953,0.0,13.78063655965942,0.0,12.934971712662653,0.0,10.527940224064398,0.0
Näher,392.5098039215686,0.0,18.15593611322852,0.0,350.17903474935656,0.0,236.0,0.0,155.70799565849978,0.0,12.64735385953412,0.0,15.362291495737216,0.0,10.308081281815467,0.0,774.9382505068045,0.0,149.04738737011726,0.0,108.69283808093468,0.0,10.51220366422251,0.0,13.908713267659241,0.0,11960.025147801158,0.0,6605.684573604559,0.0,12.647353884150426,0.0,11.909177068133394,0.0,9.2699957759609,0.0
Nähte,398.68627450980387,0.0,18.26384987416582,0.0,366.11788554648433,0.0,249.0,0.0,169.28225934031718,0.0,13.20596101029252,0.0,15.7797338380595,0.0,10.90592269534524,0.0,776.0983671564062,0.0,152.34982171314977,0.0,113.90673843153962,0.0,8.560882090602737,0.0,14.045989057531466,0.0,12165.719890188991,0.0,6726.030113635691,0.0,13.205961040969548,0.0,12.337789437537063,0.0,9.926824022524169,0.0
Nässe,357.47843137254904,0.0,17.20609451855112,0.0,334.82179287775045,0.0,195.0,0.0,130.00299617707722,0.0,12.112367172485381,0.0,13.96424004376894,0.0,9.458881448811884,0.0,771.5588819571304,0.0,136.50888877427374,0.0,101.44148872426891,0.0,10.010798786204452,0.0,14.117270114793602,0.0,12124.060202615736,0.0,6600.819944797461,0.0,12.1123671983615,0.0,10.35637331269818,0.0,8.410546585490257,0.0
Nöblö,403.85490196078433,0.0,18.381876385979613,0.0,402.6742754266779,0.0,282.0,0.0,200.82353111756385,0.0,14.36388669270359,0.0,16.792855623746664,0.0,12.190788594163706,0.0,1636.5158449756934,0.0,1694.753912949277,0.0,1423.589789177373,0.0,5.866671331206223,0.0,932.8604257001972,0.0,12811.947488660295,0.0,9378.431854720591,0.0,14.361220970835772,0.0,13.467708241074705,0.0,11.278446464103983,0.0
Nöbst,379.58431372549023,0.0,17.78117230183454,0.0,358.5107507778439,0.0,244.0,0.0,165.1838688739203,0.0,12.99246920895497,0.0,15.620499351813308,0.0,10.756929071738242,0.0,788.7546894191538,0.0,219.2129733536327,0.0,157.59233362488484,0.0,9.838643240075061,0.0,15.978932470921361,0.0,11916.341484039169,0.0,9167.468449687609,0.0,12.99246922459396,0.0,12.159565191094444,0.0,9.77306312478295,0.0
Nöckö,401.27843137254905,0.0,18.316240327814317,0.0,372.35849353822596,0.0,242.0,0.0,168.44872657350555,0.0,13.381245830353334,0.0,15.556349186104045,0.0,11.046099809739427,0.0,1637.4606617274728,0.0,1697.3814050379106,0.0,1424.7386338078168,0.0,4.069430135413651,0.0,932.8717052492674,0.0,12320.282794092442,0.0,9317.011201137064,0.0,13.378384287138527,0.0,12.022930564209634,0.0,10.10881855895879,0.0
Nösön,384.7803921568627,0.0,17.90058109495614,0.0,350.56771301493995,0.0,209.0,0.0,144.32485044415276,0.0,12.691888374721033,0.0,14.45683229480096,0.0,10.172042862544158,0.0,809.7145511592172,0.0,301.592174808356,0.0,242.11077882516133,0.0,4.7070770068030585,0.0,23.588446434131583,0.0,12102.99163734413,0.0,9290.185755411982,0.0,12.691888413455898,0.0,11.063183494344463,0.0,9.181922753434007,0.0
Obhut,398.3686274509804,0.0,18.318561732843964,0.0,360.8265294953419,0.0,247.0,0.0,165.57579411017508,0.0,13.030302268636644,0.0,15.716233645501712,0.0,10.754056085564553,0.0,803.7971798137957,0.0,231.86864891580004,0.0,175.63360879959023,0.0,6.777531615905547,0.0,32.093181050054795,0.0,8295.275389394625,0.0,3645.607084212766,0.0,13.030302205347118,0.0,12.352860962617392,0.0,9.72422685407004,0.0
Ochse,345.964705882353,0.0,16.98104649375497,0.0,335.7803705018855,0.0,206.0,0.0,135.88350655064443,0.0,12.149751942517534,0.0,14.352700094407323,0.0,9.642395428951176,0.0,772.088112728452,0.0,130.15282328229557,0.0,95.15993389684311,0.0,4.618911478143741,0.0,23.772156512238105,0.0,7266.131021775233,0.0,3692.7344788601263,0.0,12.149751910334192,0.0,10.988839224610818,0.0,8.618602377616407,0.0
Odalt,363.84705882352944,0.0,17.481822931998806,0.0,387.4869331984551,0.0,284.0,0.0,194.32267405374793,0.0,13.88300247899203,0.0,16.852299546352718,0.0,11.758487146359807,0.0,1521.378809451065,0.0,1569.4044813957564,0.0,1199.4304317388066,0.0,8.74659791559399,0.0,31.85710106053344,0.0,8121.721891931616,0.0,3639.3274306734106,0.0,13.883002380325658,0.0,13.32699035796802,0.0,10.703945341189128,0.0
Oenin,343.3960784313726,0.0,17.021360712120476,0.0,345.6173559920642,0.0,228.0,0.0,151.32331409184235,0.0,12.556098794449401,0.0,15.0996688705415,0.0,10.184210103485562,0.0,772.0462350935798,0.0,140.71647964795355,0.0,100.95962977223624,0.0,5.575829362759232,0.0,21.691939078639038,0.0,7347.546152101071,0.0,3020.5976170878694,0.0,12.55609876990134,0.0,11.60148932463159,0.0,9.217289902133071,0.0
Ohnst,359.9725490196078,0.0,17.38683120265196,0.0,353.3210265086695,0.0,239.0,0.0,158.99728685443642,0.0,12.783062936202326,0.0,15.459624833740307,0.0,10.477423798475717,0.0,802.723993364309,0.0,252.30578670415542,0.0,181.9631372604587,0.0,9.24243704442996,0.0,22.25340256380359,0.0,7672.407104048014,0.0,3310.089956437075,0.0,12.783062861432299,0.0,11.909804567738487,0.0,9.442809315665773,0.0
Ohren,364.6,0.0,17.539341399608656,0.0,342.084018058535,0.0,214.0,0.0,142.71553926294848,0.0,12.402438390463244,0.0,14.628738838327793,0.0,9.949292243968314,0.0,802.2243536804295,0.0,250.33583280849,0.0,180.6665868055446,0.0,5.589585717425252,0.0,21.43290787786889,0.0,7645.508258331283,0.0,3199.0764085877026,0.0,12.40243827392835,0.0,11.111518508926904,0.0,8.968783046436624,0.0
Olymp,418.37254901960785,0.0,18.809676683753178,0.0,466.37373526440325,0.0,374.0,0.0,270.0197874298124,0.0,16.146892998949326,0.0,19.339079605813716,0.0,14.300322606813118,0.0,55799.991916667415,0.0,3322.579971528429,0.0,2629.8051095303945,0.0,6.5782628571295625,0.0,50.12162874832231,0.0,8294.262224565964,0.0,4307.985473183402,0.0,16.14689301293687,0.0,15.611655254623686,0.0,13.40079279800379,0.0
Onkel,370.043137254902,0.0,17.700718852765615,0.0,372.63814005815897,0.0,266.0,0.0,181.41540612948114,0.0,13.461185937625402,0.0,16.30950643030009,0.0,11.347783430784402,0.0,942.6642767030119,0.0,556.111463571526,0.0,439.0472622776142,0.0,6.799121755925553,0.0,24.34171573950354,0.0,10191.240571524375,0.0,4254.502756117433,0.0,13.461185944518222,0.0,12.705523944132675,0.0,10.422828875128651,0.0
Onreh,364.6,0.0,17.539341399608656,0.0,344.2803887808713,0.0,221.0,0.0,147.11697390987663,0.0,12.472519300606404,0.0,14.866068747318506,0.0,10.096283093070783,0.0,823.2112105621134,0.0,356.08481339398156,0.0,248.93988116051713,0.0,5.02614548564269,0.0,26.375565120414635,0.0,9630.79430551369,0.0,3333.113981462389,0.0,12.472519293333221,0.0,11.245355974328364,0.0,9.129034690800724,0.0
Opern,365.0156862745098,0.0,17.536198624754554,0.0,362.0917540222721,0.0,242.0,0.0,164.17686235622247,0.0,13.082593843895957,0.0,15.556349186104045,0.0,10.760233854194995,0.0,1596.5749148792925,0.0,1145.5255220064096,0.0,930.7685429319196,0.0,7.028243649300114,0.0,27.16431361799129,0.0,8949.941237938809,0.0,3445.266499906482,0.0,13.082593817555578,0.0,11.804250191201417,0.0,9.79381652665099,0.0
Opfer,367.39607843137253,0.0,17.535810561730564,0.0,377.92032461815484,0.0,259.0,0.0,178.22386835563478,0.0,13.549439561261432,0.0,16.09347693943108,0.0,11.339033030326686,0.0,1851.3495346450047,0.0,1286.3233794632283,0.0,1025.7611275499291,0.0,9.261016404349418,0.0,26.10052089840674,0.0,11251.53717934471,0.0,6820.223315650139,0.0,13.549439491707219,0.0,12.469935403947819,0.0,10.364900612443128,0.0
Oppig,416.87450980392157,0.0,18.715156577925157,0.0,422.7952312458757,0.0,314.0,0.0,222.17084744545457,0.0,14.87245108547178,0.0,17.72004514666935,0.0,12.823763349376014,0.0,5164.824559031859,0.0,1426.6943724580885,0.0,1157.6314947147803,0.0,5.3062977082385,0.0,32.539969010772815,0.0,9091.330583524774,0.0,3436.217742808586,0.0,14.872451060285302,0.0,14.281342841808483,0.0,11.89768837053525,0.0
Optik,369.3215686274509,0.0,17.67018310632772,0.0,405.3975396721424,0.0,306.0,0.0,213.73067618616662,0.0,14.47068864665516,0.0,17.4928556845359,0.0,12.47428664404921,0.0,1628.9428087930298,0.0,1175.3306205342801,0.0,957.4202582397421,0.0,6.9419063346003105,0.0,28.33208272386292,0.0,9179.974044966573,0.0,3718.0341797854458,0.0,14.47068862158162,0.0,13.739078261707503,0.0,11.51944231606952,0.0
Orbit,326.7529411764706,0.0,16.581970726420217,0.0,380.6003655728794,0.0,294.0,0.0,197.06836113292036,0.0,13.694625718724726,0.0,17.146428199482248,0.0,11.69616363802747,0.0,777.6113946093926,0.0,164.4834975431016,0.0,119.31787700577662,0.0,7.04743263026059,0.0,22.569827259244537,0.0,8302.638110044405,0.0,3199.229070407523,0.0,13.694625704384109,0.0,13.302351351874258,0.0,10.750494768236358,0.0
Order,340.3843137254902,0.0,16.91571343499866,0.0,354.9868779181431,0.0,250.0,0.0,165.95994739152414,0.0,12.859316295130597,0.0,15.811388300841896,0.0,10.711360071485732,0.0,817.5914003214465,0.0,315.64323335694843,0.0,230.3037855149654,0.0,5.938982630909473,0.0,22.10269376995055,0.0,8190.557226364694,0.0,3183.758812194709,0.0,12.859316276588936,0.0,12.100220923712282,0.0,9.727724730238135,0.0
Organ,387.28235294117644,0.0,18.022509314295064,0.0,372.0009330828907,0.0,260.0,0.0,174.18789753129766,0.0,13.306341510763636,0.0,16.1245154965971,0.0,11.008679722527956,0.0,1779.345129749401,0.0,251.06101441967164,0.0,177.94610671871763,0.0,3.291270183096528,0.0,22.461253852824484,0.0,8170.589863950846,0.0,3303.30703316272,0.0,13.306341489949121,0.0,12.266476299575967,0.0,9.913450428681154,0.0
Orhab,394.10196078431375,0.0,18.22217196005859,0.0,371.7715290280862,0.0,256.0,0.0,173.04312487843154,0.0,13.347168548981905,0.0,16.0,0.0,11.045621669387442,0.0,826.2352504925427,0.0,302.0181918121535,0.0,232.45404547912838,0.0,4.456987131073734,0.0,29.63120421018667,0.0,8270.15649220704,0.0,3392.580212629518,0.0,13.347168528769528,0.0,12.307293368530624,0.0,10.014353670364924,0.0
Orion,320.66666666666663,0.0,16.45265971002942,0.0,350.3839716548317,0.0,232.0,0.0,154.29121669135753,0.0,12.693925426133774,0.0,15.231546211727817,0.0,10.310187408254263,0.0,775.6983707187728,0.0,152.30924797632207,0.0,115.59386715523478,0.0,5.5439737362846,0.0,23.429391076992957,0.0,8340.217242446204,0.0,3498.4086236440116,0.0,12.693925401270722,0.0,11.23485189343135,0.0,9.277239573949252,0.0
Orkan,376.6470588235294,0.0,17.85945945977396,0.0,366.0206541773351,0.0,264.0,0.0,176.377632992349,0.0,13.236143077666625,0.0,16.24807680927192,0.0,11.052400134701074,0.0,859.783161918509,0.0,474.3044823195292,0.0,378.72979492259657,0.0,2.966506775516669,0.0,25.33942704780522,0.0,8314.688150422391,0.0,3871.861511407817,0.0,13.236143073278418,0.0,12.30008153940157,0.0,10.027571613162014,0.0
Osten,331.92156862745094,0.0,16.633061391614255,0.0,320.2848153537143,0.0,185.0,0.0,121.91280909295196,0.0,11.684420743502859,0.0,13.601470508735444,0.0,9.11404753080036,0.0,767.8620041925865,0.0,115.57541891588178,0.0,87.41592958160122,0.0,4.079064337826129,0.0,24.651505768081748,0.0,7273.550510069336,0.0,3008.7907036621687,0.0,11.684420724722756,0.0,10.168358948333527,0.0,8.116956742947718,0.0
Ottis,293.44705882352946,0.0,15.634134423419486,0.0,365.6218126627832,0.0,271.0,0.0,180.67361349484025,0.0,13.241997519863068,0.0,16.46207763315433,0.0,11.176390331815313,0.0,781.7617411301023,0.0,165.8940163001162,0.0,123.10021402714652,0.0,8.929573993904944,0.0,23.174049669787937,0.0,7402.834272996545,0.0,3320.9443617562642,0.0,13.241997511366085,0.0,12.578872802829341,0.0,10.225154299587185,0.0
Owögö,442.72549019607845,0.0,19.168862920154456,0.0,421.74450299629814,0.0,288.0,0.0,208.87613466086563,0.0,14.824687611545343,0.0,16.97056274847714,0.0,12.60336256868236,0.0,6631.57147588515,0.0,2408.535769377599,0.0,2094.522846753509,0.0,3.1799381989247033,0.0,933.9203954451178,0.0,8901.313235709807,0.0,5579.057046139188,0.0,14.822104722855732,0.0,13.966257903679082,0.0,11.58530098185823,0.0
Oxide,352.84705882352944,0.0,17.214011263371212,0.0,362.3125616227722,0.0,241.0,0.0,162.76600865934216,0.0,13.065336619386047,0.0,15.524174696260024,0.0,10.689018723465832,0.0,795.3023162303562,0.0,207.69490415081216,0.0,155.06170646746332,0.0,4.301197090358115,0.0,61.25282821438719,0.0,8084.306486443246,0.0,3838.5745640394643,0.0,13.065336614906476,0.0,11.664926510012155,0.0,9.681861275881502,0.0
Ozean,363.35686274509806,0.0,17.494360710540736,0.0,332.98162241880004,0.0,199.0,0.0,130.84306207173557,0.0,12.065591215288773,0.0,14.106735979665885,0.0,9.427086352963334,0.0,769.3434624470567,0.0,133.34570293502327,0.0,100.0165280818187,0.0,2.7362460276215197,0.0,35.31272597795689,0.0,7209.794435430301,0.0,3104.9079817967167,0.0,12.06559119681038,0.0,10.52489279098137,0.0,8.317895492298803,0.0
Ozäun,384.6745098039215,0.0,18.022197428554236,0.0,351.37214478697047,0.0,240.0,0.0,158.11107452176304,0.0,12.711807447855366,0.0,15.491933384829668,0.0,10.388849102173852,0.0,796.8238499635466,0.0,273.5191279540619,0.0,218.66293121958154,0.0,2.160525532279046,0.0,50.16544165579205,0.0,8414.666052385986,0.0,4553.6750686561745,0.0,12.711807442005073,0.0,11.608119085835655,0.0,9.28338440124416,0.0
Paket,361.1058823529412,0.0,17.458969750810265,0.0,327.8540470532152,0.0,198.0,0.0,129.93106135980847,0.0,11.916414923670905,0.0,14.071247279470288,0.0,9.377863276715475,0.0,855.7532515962129,0.0,463.3645419839036,0.0,370.3788814886582,0.0,5.456857697176578,0.0,22.8317061333076,0.0,4677.592605552424,0.0,2559.262102836063,0.0,11.916414928994909,0.0,10.965480652892968,0.0,8.340538477973427,0.0
Palme,379.8156862745098,0.0,17.93620331802665,0.0,407.4884810635465,0.0,278.0,0.0,198.7216322268403,0.0,14.476201559868056,0.0,16.673332000533065,0.0,12.193059250441857,0.0,7899.477280442218,0.0,649.2911433257119,0.0,497.1879810405892,0.0,3.93023800389089,0.0,16.50229588816842,0.0,7847.85358545744,0.0,3964.628577537962,0.0,14.47620153096365,0.0,13.084435100595392,0.0,11.262555604440609,0.0
Palza,344.2980392156863,0.0,17.11583890906134,0.0,355.6261106300532,0.0,236.0,0.0,154.70457546723722,0.0,12.75322541307438,0.0,15.362291495737216,0.0,10.217939000641895,0.0,775.081516537598,0.0,160.1328650511662,0.0,113.77936457617655,0.0,3.790134976224732,0.0,19.141257956740183,0.0,7822.148934967402,0.0,3741.01203410318,0.0,12.75322538000681,0.0,11.34138805175332,0.0,9.042176133138886,0.0
Panik,361.77647058823527,0.0,17.567777903129116,0.0,368.5748794837708,0.0,253.0,0.0,170.39217388255815,0.0,13.251339942536069,0.0,15.905973720586866,0.0,10.900031507651786,0.0,830.4762619592937,0.0,283.7950697335635,0.0,235.3177694546248,0.0,4.522497801716753,0.0,17.083188127544528,0.0,4785.052926697783,0.0,2001.8675741510938,0.0,13.25133991158513,0.0,12.313464239019147,0.0,9.8288685458291,0.0
Papst,350.6156862745098,0.0,17.167134628172274,0.0,332.4127582455203,0.0,196.0,0.0,129.35375756175102,0.0,12.031819730576313,0.0,14.0,0.0,9.396025433389212,0.0,1119.8873691873616,0.0,608.148096993815,0.0,538.5206076758284,0.0,6.876839751122139,0.0,21.76526156970257,0.0,4426.702535803712,0.0,1732.203318753878,0.0,12.031819711511178,0.0,10.757618853114838,0.0,8.308735936849974,0.0
Paris,297.0705882352941,0.0,15.844137514531756,0.0,343.21159727126155,0.0,229.0,0.0,147.70536900472825,0.0,12.368580403994075,0.0,15.132745950421556,0.0,9.906661959114421,0.0,770.5675768152171,0.0,132.63762632044276,0.0,89.03813529388901,0.0,9.245288209087482,0.0,13.882449373831935,0.0,4704.274315753682,0.0,1491.2632657370089,0.0,12.36858038923757,0.0,11.057218104042095,0.0,8.816292780265472,0.0
Party,329.7647058823529,0.0,16.683286753550448,0.0,361.24631974906544,0.0,249.0,0.0,165.58057097077653,0.0,12.992189040899515,0.0,15.7797338380595,0.0,10.668306621824401,0.0,6172.682344124385,0.0,413.9522326821874,0.0,306.6539599173412,0.0,5.166901406025483,0.0,14.365943208435821,0.0,5054.858431210284,0.0,1932.7790420018891,0.0,12.992189025574516,0.0,11.545277895666874,0.0,9.59169398215491,0.0
Pasta,334.09411764705885,0.0,16.726365055389852,0.0,340.32136146000573,0.0,210.0,0.0,137.93356876004964,0.0,12.268693570528207,0.0,14.491376746189438,0.0,9.652429536274262,0.0,770.02304598352,0.0,148.33551040869494,0.0,102.65219163559169,0.0,4.813835217230055,0.0,17.16852228781524,0.0,5487.693493753957,0.0,1943.1522750304578,0.0,12.268693550725642,0.0,10.69329717813338,0.0,8.476825156032662,0.0
Paste,322.1490196078431,0.0,16.406632130168315,0.0,323.1427540062093,0.0,174.0,0.0,115.09130435451704,0.0,11.691715250841893,0.0,13.19090595827292,0.0,8.848840236424442,0.0,766.1636472268899,0.0,105.01743278581466,0.0,74.30859096965469,0.0,5.59946776163354,0.0,13.365818013528106,0.0,5489.575299367229,0.0,1967.4685611926936,0.0,11.691715230958613,0.0,9.823292378748235,0.0,7.771581184057758,0.0
Patan,356.01960784313724,0.0,17.33238973565046,0.0,320.3948643551593,0.0,176.0,0.0,112.89937154140564,0.0,11.553110591525689,0.0,13.2664991614216,0.0,8.607864213684813,0.0,766.6167725541742,0.0,104.51012976150395,0.0,70.54369433293839,0.0,3.054959936147986,0.0,14.355626465756464,0.0,4629.123288441247,0.0,1851.4022385291191,0.0,11.553110585873815,0.0,9.571581024225175,0.0,7.347471019793945,0.0
Paten,344.0745098039215,0.0,17.024042523354602,0.0,307.6306611042795,0.0,156.0,0.0,100.39748610206729,0.0,11.12816817851671,0.0,12.489995996796797,0.0,8.134541881894101,0.0,765.4432137511419,0.0,91.71167791120988,0.0,62.93541535083709,0.0,3.581892245808428,0.0,12.50690586299576,0.0,4469.670313560777,0.0,1626.2451539689341,0.0,11.1281681701724,0.0,9.13993724891076,0.0,7.002479593094359,0.0
Pater,318.3254901960784,0.0,16.36661064080597,0.0,311.1857705699589,0.0,173.0,0.0,109.82150306385645,0.0,11.25461607699872,0.0,13.152946437965905,0.0,8.453462780659056,0.0,765.7375387363186,0.0,102.04193294720469,0.0,68.49418893790036,0.0,7.42646676822288,0.0,12.884827071386603,0.0,4515.220808171471,0.0,1619.3233138533324,0.0,11.254616067497494,0.0,9.686521433881179,0.0,7.312927135442004,0.0
Patin,325.17254901960786,0.0,16.601425711068867,0.0,346.2232872269163,0.0,223.0,0.0,146.85460722826167,0.0,12.515104577635649,0.0,14.933184523068078,0.0,9.967537567312263,0.0,771.3062217513975,0.0,131.37699369862167,0.0,89.36426933714868,0.0,6.08741163805318,0.0,14.000613424051217,0.0,4769.3794481262985,0.0,1632.5036923483833,0.0,12.515104565036495,0.0,11.069028672223283,0.0,8.901777951460021,0.0
Pauke,379.59215686274507,0.0,17.934311340564054,0.0,331.7494597611007,0.0,200.0,0.0,129.94906242570624,0.0,11.99507307612801,0.0,14.142135623730951,0.0,9.324110759934182,0.0,780.8045520941447,0.0,179.1384833201186,0.0,130.03167380230823,0.0,2.560165414869921,0.0,15.367694546342689,0.0,5140.512520137218,0.0,1674.6063081256,0.0,11.995073061435939,0.0,10.66542921598744,0.0,8.208731618425043,0.0
Pause,340.63529411764705,0.0,16.911578174589383,0.0,309.5074781368075,0.0,162.0,0.0,103.26037033211108,0.0,11.18594044738844,0.0,12.727922061357855,0.0,8.20686956171517,0.0,764.9446635242097,0.0,99.46391025264069,0.0,65.35454329513851,0.0,5.3061777015227545,0.0,13.555847461504689,0.0,5093.081950087384,0.0,1843.7962695373114,0.0,11.185940420386872,0.0,9.403427591129288,0.0,7.041228000573792,0.0
Pbllm,387.2627450980392,0.0,18.185244408224246,0.0,465.46359659864083,0.0,352.0,0.0,257.1338168306421,0.0,16.101967039457882,0.0,18.76166303929372,0.0,14.002881115470272,0.0,4381.395259434725,0.0,462.6600986244991,0.0,351.1292735836424,0.0,6.541520277632944,0.0,29.41231493397362,0.0,9369.657411822416,0.0,4222.79667727121,0.0,16.10196696309169,0.0,14.792173098472206,0.0,12.991740121674923,0.0
Pbstm,386.58039215686273,0.0,18.056777470261252,0.0,425.4573613884842,0.0,297.0,0.0,216.021902767127,0.0,15.01838084508885,0.0,17.233687939614086,0.0,12.809506384242058,0.0,4378.87891688025,0.0,449.37489678774335,0.0,337.9391195003096,0.0,6.328784186681446,0.0,28.97615458094785,0.0,6600.310870280706,0.0,2730.6307059715796,0.0,15.018380761996786,0.0,13.443264868257257,0.0,11.796830676247536,0.0
Pedal,361.7019607843137,0.0,17.480307588899503,0.0,353.76245175848015,0.0,222.0,0.0,149.32504704925265,0.0,12.73166757103724,0.0,14.89966442575134,0.0,10.22798026949619,0.0,902.5164865933045,0.0,422.8577351996169,0.0,314.2360345196837,0.0,4.277657490306416,0.0,18.77037810256386,0.0,5649.006089359303,0.0,2497.257443707279,0.0,12.731667557541318,0.0,11.387339923508494,0.0,9.132386977729892,0.0
Pegel,358.9607843137255,0.0,17.351977817504316,0.0,348.8032098871475,0.0,209.0,0.0,141.97324327213857,0.0,12.543757384938745,0.0,14.45683229480096,0.0,10.025493853930016,0.0,1819.0668325383006,0.0,373.079750073511,0.0,275.8056625014196,0.0,5.725017805338568,0.0,16.036167402497906,0.0,5395.317640190269,0.0,2329.0334377242266,0.0,12.543757353512113,0.0,11.3074943536413,0.0,9.032791686173283,0.0
Pelze,320.4078431372549,0.0,16.485281961129658,0.0,328.73978714275717,0.0,186.0,0.0,123.11384382273894,0.0,11.902867939896094,0.0,13.638181696985855,0.0,9.166021707951522,0.0,770.8627393239589,0.0,118.37108371594145,0.0,87.70123934842529,0.0,3.8971686182045167,0.0,16.15878142353136,0.0,7888.2330505745185,0.0,3786.132345257284,0.0,11.902867885830155,0.0,10.136159099142805,0.0,8.162458205313975,0.0
Penis,310.87450980392157,0.0,16.19861300967276,0.0,330.93558797037815,0.0,205.0,0.0,133.13578347081574,0.0,11.986907134481715,0.0,14.317821063276353,0.0,9.442524906781804,0.0,770.150471741595,0.0,128.06198313612597,0.0,86.57198732443813,0.0,7.51244413167643,0.0,14.118016180243504,0.0,4796.820362785839,0.0,1593.9001258454616,0.0,11.986907093700065,0.0,10.654340652301931,0.0,8.43095275113721,0.0
Perkt,334.53333333333336,0.0,16.842015530224945,0.0,333.603852176097,0.0,222.0,0.0,142.84564853006535,0.0,12.08883679070707,0.0,14.89966442575134,0.0,9.725459101721997,0.0,780.5796861122589,0.0,176.80536918975884,0.0,129.17983467473576,0.0,4.068704809725095,0.0,14.710531467652125,0.0,4624.5225387232695,0.0,1594.5481496729783,0.0,12.088836759493423,0.0,11.04626125854965,0.0,8.634310704670765,0.0
Pfade,384.4901960784314,0.0,17.959698143370886,0.0,362.8686377894666,0.0,238.0,0.0,159.6910405883937,0.0,12.97684642707382,0.0,15.427248620541512,0.0,10.579400713670564,0.0,5644.16672349032,0.0,2793.52213559373,0.0,2182.44115223619,0.0,3.0501101699288595,0.0,33.40268513327828,0.0,13561.363775143054,0.0,6400.436347318932,0.0,12.976846496756313,0.0,12.008673104355493,0.0,9.560620563597269,0.0
Pfahl,373.67058823529413,0.0,17.789498347107855,0.0,389.37920690727475,0.0,292.0,0.0,195.63530681746124,0.0,13.82644794086599,0.0,17.08800749063506,0.0,11.68856866693491,0.0,5654.9922436015595,0.0,2805.5283367672423,0.0,2191.6790540281036,0.0,4.245147988292782,0.0,35.87768544417364,0.0,13986.993976059877,0.0,6352.79574369805,0.0,13.826448098329005,0.0,13.180505534437954,0.0,10.644808067452992,0.0
Pfand,395.61176470588236,0.0,18.27387232751636,0.0,377.41664445470406,0.0,272.0,0.0,181.6450937894699,0.0,13.457587869532354,0.0,16.492422502470642,0.0,11.259296506619036,0.0,5683.344594901878,0.0,2861.421501979113,0.0,2230.1610277440727,0.0,4.399942023809403,0.0,32.81434656945564,0.0,13446.062177104463,0.0,6100.2337532888805,0.0,13.457587966430173,0.0,12.62456035222522,0.0,10.181997529844184,0.0
Pfaue,364.94117647058823,0.0,17.510805583628073,0.0,345.2373031451538,0.0,226.0,0.0,147.84776547159822,0.0,12.418031843772516,0.0,15.033296378372908,0.0,10.032964470838582,0.0,5641.46959127299,0.0,2790.17092405214,0.0,2180.0860617747207,0.0,3.7153656454186295,0.0,34.35943627454507,0.0,13557.30446021237,0.0,6092.754570500332,0.0,12.418031931278382,0.0,11.38450436681642,0.0,9.042582838986258,0.0
Pfbhl,390.4039215686274,0.0,18.195646124005872,0.0,396.3330059665285,0.0,295.0,0.0,200.38547514505294,0.0,14.057610103713198,0.0,17.175564037317667,0.0,11.921480136330146,0.0,5655.464184617754,0.0,2805.7827343678973,0.0,2191.884265287327,0.0,5.0595540402317996,0.0,35.7962032191212,0.0,14012.194802316997,0.0,6349.385958740981,0.0,14.057610276415458,0.0,13.572827631361104,0.0,10.939403701695921,0.0
Pfeil,314.7725490196078,0.0,16.31007924938157,0.0,397.9448890115551,0.0,301.0,0.0,204.26232770488622,0.0,14.11687064931479,0.0,17.349351572897472,0.0,12.020445506903092,0.0,5655.434541912048,0.0,2806.483715295228,0.0,2192.252034842673,0.0,8.738536739626312,0.0,33.85838944877133,0.0,13833.370806306984,0.0,6282.477837798199,0.0,14.116870770358073,0.0,13.368222474370175,0.0,11.104848092519124,0.0
Pffpn,396.0509803921569,0.0,18.279375351606134,0.0,401.2930978895736,0.0,284.0,0.0,196.75750328045615,0.0,14.192425333581228,0.0,16.852299546352718,0.0,11.954192167899196,0.0,5748.457234958653,0.0,2885.8557463412017,0.0,2253.339929314315,0.0,3.654440908892179,0.0,39.42261509132154,0.0,15053.724451508833,0.0,8493.685156679063,0.0,14.19242537703316,0.0,13.083221699381985,0.0,10.9612162656928,0.0
Pfgdm,459.0313725490196,0.0,19.65815858033768,0.0,469.59888428957174,0.0,368.0,0.0,264.7695990826749,0.0,16.109994411644216,0.0,19.183326093250876,0.0,14.14659971334282,0.0,7277.779101114946,0.0,2828.8433781790436,0.0,2207.0752217445547,0.0,7.582874431418187,0.0,34.67298501243357,0.0,13570.08090872628,0.0,6387.381925364091,0.0,16.10999448931402,0.0,15.45406912079978,0.0,13.125256580241707,0.0
Pfihl,342.82352941176475,0.0,17.078110350194198,0.0,396.01771414051336,0.0,299.0,0.0,200.85227951636534,0.0,14.026015820547219,0.0,17.291616465790582,0.0,11.861196550085774,0.0,5655.339721509386,0.0,2805.4310277927984,0.0,2191.6386484105833,0.0,4.980014790316653,0.0,35.42414579735113,0.0,14131.361185492724,0.0,6491.556674275931,0.0,14.026016010422376,0.0,13.212376695993703,0.0,10.840899902197355,0.0
Pfiii,286.2549019607843,0.0,15.59541183920605,0.0,406.43723250399034,0.0,324.0,0.0,217.03942418412572,0.0,14.343001699011673,0.0,18.0,0.0,12.294561667464718,0.0,5661.071727882772,0.0,2804.526657856846,0.0,2187.471291855329,0.0,11.32222824662303,0.0,36.310014757497015,0.0,13697.286300151245,0.0,6235.154452816257,0.0,14.343001809430906,0.0,13.560095534249188,0.0,11.31852461608891,0.0
Pfint,326.7294117647059,0.0,16.624790760189107,0.0,361.55366734628177,0.0,257.0,0.0,167.84911884154914,0.0,12.957056096459013,0.0,16.0312195418814,0.0,10.666320135431372,0.0,5641.799298088733,0.0,2789.692038236693,0.0,2179.8914800042007,0.0,5.108170237893988,0.0,32.885493571750104,0.0,13596.3943789955,0.0,6247.195017939231,0.0,12.957056294764367,0.0,12.030466201138795,0.0,9.59669357517609,0.0
Pflug,382.4980392156863,0.0,17.962372992500807,0.0,404.65698766663877,0.0,303.0,0.0,205.82744935573675,0.0,14.231785548195159,0.0,17.406895185529212,0.0,12.097322280559021,0.0,7435.4480601504765,0.0,2854.3507222629564,0.0,2222.971759293738,0.0,6.118456279243508,0.0,34.74509424831036,0.0,15008.720367192687,0.0,6923.4514125120095,0.0,14.231785627225216,0.0,13.487320449412238,0.0,11.073297553889892,0.0
Pfote,337.52941176470586,0.0,16.79660902047486,0.0,359.54103941519156,0.0,235.0,0.0,159.98508398607726,0.0,12.963640235546709,0.0,15.329709716755891,0.0,10.651464231702867,0.0,5643.337404142354,0.0,2794.1077594506364,0.0,2183.782354164615,0.0,5.182083207036732,0.0,34.51531220204937,0.0,13642.394689333794,0.0,6188.471294075101,0.0,12.963640312560273,0.0,11.907136270129518,0.0,9.738813529822831,0.0
Pfptb,391.6549019607843,0.0,18.164598360615095,0.0,401.45444625722837,0.0,286.0,0.0,199.9954926157172,0.0,14.254446269279676,0.0,16.911534525287763,0.0,12.096476142283223,0.0,5708.105847124027,0.0,2866.354585824849,0.0,2254.395362741749,0.0,4.411440589114256,0.0,41.7816101263635,0.0,13601.660171505284,0.0,6199.587998378819,0.0,14.25444632121942,0.0,13.43856843677016,0.0,11.184796574118202,0.0
Pfudu,392.6156862745098,0.0,18.22987606627572,0.0,376.0744320409833,0.0,268.0,0.0,178.7948959091724,0.0,13.439676717028084,0.0,16.3707055437449,0.0,11.149085457421185,0.0,5644.281088785269,0.0,2794.3222964180163,0.0,2182.7669758843667,0.0,3.3194606622813767,0.0,36.48986761701021,0.0,13781.018563432284,0.0,6414.565644664543,0.0,13.439676781795615,0.0,12.70696691668975,0.0,10.128342040537994,0.0
Pgrpr,367.45882352941175,0.0,17.638219136794117,0.0,362.11260498849015,0.0,236.0,0.0,158.43544132016245,0.0,12.955087944841239,0.0,15.362291495737216,0.0,10.545662176851593,0.0,76623.79539534652,0.0,9845.22358432822,0.0,7113.050607513588,0.0,7.055015278800072,0.0,45.923176971398576,0.0,4832.90077143871,0.0,2068.8404429760953,0.0,12.955087934696595,0.0,11.933526666064248,0.0,9.467686800275679,0.0
Phase,358.65098039215684,0.0,17.36257404063167,0.0,334.3559664527651,0.0,192.0,0.0,127.54692861455527,0.0,12.068640816258107,0.0,13.856406460551018,0.0,9.365740117494145,0.0,800.9627702612971,0.0,245.93840592400267,0.0,174.73239803426748,0.0,6.563453836478789,0.0,17.403745900774094,0.0,5291.897263501357,0.0,2146.2199415434484,0.0,12.068640675499292,0.0,10.28081358936528,0.0,8.292846709788916,0.0
Photo,355.0980392156863,0.0,17.30071013914526,0.0,355.6177994340243,0.0,215.0,0.0,149.4098701287668,0.0,12.883550590136208,0.0,14.66287829861518,0.0,10.387441009524622,0.0,856.3972635461764,0.0,433.90803192347863,0.0,306.1008389467724,0.0,5.785476060272634,0.0,21.91912479475474,0.0,5785.570986417294,0.0,2323.4119756773803,0.0,12.883550473110345,0.0,11.309026017111437,0.0,9.412080967898957,0.0
Phsth,366.30588235294124,0.0,17.603130510445624,0.0,374.1357588983984,0.0,245.0,0.0,168.91341769395467,0.0,13.420775930016811,0.0,15.652475842498529,0.0,11.009002284959703,0.0,854.8962552900938,0.0,416.5588318215832,0.0,292.486995819757,0.0,5.057799200013047,0.0,22.21957289791046,0.0,6168.585665509977,0.0,2303.600687183638,0.0,13.420775799181921,0.0,11.908595983610617,0.0,10.015145930585943,0.0
Piano,336.64313725490194,0.0,16.88670891857648,0.0,325.33111881178286,0.0,198.0,0.0,126.23814501561888,0.0,11.742855563531084,0.0,14.071247279470288,0.0,9.094471255304079,0.0,810.3129163168074,0.0,336.7075435045164,0.0,225.23343271571443,0.0,3.2482957901486627,0.0,17.005130481381677,0.0,6478.443909368128,0.0,2971.752724109563,0.0,11.742855555907163,0.0,10.477502573659134,0.0,7.933770185495175,0.0
Pigil,321.156862745098,0.0,16.512715033738914,0.0,405.721489924288,0.0,319.0,0.0,214.3784307130372,0.0,14.29864213819599,0.0,17.86057109949175,0.0,12.229007261263597,0.0,1821.9629905603572,0.0,386.2462146510943,0.0,283.7313884304933,0.0,6.6733623223039515,0.0,17.479678670246784,0.0,7262.255448042423,0.0,3337.9203928377224,0.0,14.298642118837515,0.0,13.88629496027531,0.0,11.212003613804127,0.0
Pille,291.9843137254902,0.0,15.780655281788684,0.0,371.76692709737006,0.0,258.0,0.0,173.40281749377075,0.0,13.326272175716678,0.0,16.06237840420901,0.0,10.983321731696327,0.0,781.0200836984053,0.0,153.74630871804138,0.0,121.58036638488086,0.0,4.7897778442078165,0.0,14.355816081481557,0.0,9810.799854052355,0.0,4493.235350259634,0.0,13.326272157630672,0.0,12.350428073062158,0.0,10.012602337531193,0.0
Pilot,295.83921568627454,0.0,15.840637057624543,0.0,343.37240990615203,0.0,226.0,0.0,147.0365651982802,0.0,12.37709323567699,0.0,15.033296378372908,0.0,9.93188570419733,0.0,775.8020293119672,0.0,140.43690234000303,0.0,104.76650470423044,0.0,3.9512507160830084,0.0,17.319185539669697,0.0,9114.595253753507,0.0,4431.136676477719,0.0,12.377093232376108,0.0,11.521890236798756,0.0,8.852115413473987,0.0
Pilze,301.50588235294117,0.0,16.048483826863507,0.0,347.06544105726095,0.0,229.0,0.0,149.0619101374432,0.0,12.489670423145286,0.0,15.132745950421556,0.0,9.993648583175005,0.0,771.8577500900104,0.0,123.12785740633201,0.0,90.00632515172614,0.0,3.8355703231983336,0.0,16.519771515164344,0.0,9115.330680495252,0.0,4475.725618902157,0.0,12.489670403035662,0.0,11.345771787553314,0.0,8.974212659575596,0.0
Pinne,332.79999999999995,0.0,16.82365921609963,0.0,311.06867796027257,0.0,178.0,0.0,111.00878564068992,0.0,11.213088738586782,0.0,13.341664064126334,0.0,8.410657905536533,0.0,764.9874680104853,0.0,89.17176807384524,0.0,59.61332365376944,0.0,3.047688541218111,0.0,13.58238033625981,0.0,6474.755184945213,0.0,2908.3777949515174,0.0,11.213088735256287,0.0,9.96467798010024,0.0,7.319512653048426,0.0
Pinni,313.8980392156863,0.0,16.395878177841123,0.0,337.91094092103106,0.0,229.0,0.0,145.04023912253513,0.0,12.17137397306096,0.0,15.132745950421556,0.0,9.714730753966272,0.0,891.6722041383197,0.0,288.97337540433733,0.0,182.2288245911896,0.0,4.693475134163844,0.0,19.774598459242,0.0,6512.639873469262,0.0,2907.0948089904286,0.0,12.171373975326022,0.0,11.182033521741635,0.0,8.612955374410129,0.0
Pirat,299.4235294117647,0.0,15.926558186591846,0.0,328.8407711785957,0.0,221.0,0.0,137.51077127364468,0.0,11.82824921097855,0.0,14.866068747318506,0.0,9.343354544374085,0.0,766.2755488893938,0.0,105.4131697547202,0.0,69.16936686705165,0.0,3.9571952133888413,0.0,15.655638252504241,0.0,6546.533053259791,0.0,3002.177658586779,0.0,11.828249209217404,0.0,10.98329069372833,0.0,8.151238862186121,0.0
Piste,291.30196078431374,0.0,15.632439974179603,0.0,331.7606918872134,0.0,203.0,0.0,132.2909034302556,0.0,11.994496686798664,0.0,14.247806848775006,0.0,9.41467633728833,0.0,766.778012492226,0.0,107.33759103029594,0.0,75.45109151993756,0.0,4.229228349114742,0.0,13.856185866985903,0.0,7211.695355496344,0.0,3132.4700611263825,0.0,11.994496665035303,0.0,10.697946485129867,0.0,8.404291073620598,0.0
Pizza,322.97254901960787,0.0,16.633469129169946,0.0,348.9829433184838,0.0,251.0,0.0,159.99693325362182,0.0,12.55101574865696,0.0,15.84297951775486,0.0,10.222443304093577,0.0,770.2888556329327,0.0,151.3190133071415,0.0,103.97656245241606,0.0,4.1806440553340725,0.0,33.56084060831852,0.0,7432.055956888361,0.0,3079.7290151505226,0.0,12.55101573397195,0.0,11.575603067545151,0.0,9.083305842851026,0.0
Plana,355.18431372549014,0.0,17.36175117005448,0.0,344.6232412041728,0.0,234.0,0.0,149.82504587172383,0.0,12.373397575250006,0.0,15.297058540778355,0.0,9.93563056451522,0.0,779.6043423709916,0.0,180.06531958073333,0.0,127.79732675729838,0.0,3.495700517569008,0.0,18.833480011690927,0.0,6072.5465226386295,0.0,3155.6509804865814,0.0,12.373397601581091,0.0,11.4311546892932,0.0,8.736962858952941,0.0
Platz,323.9019607843137,0.0,16.604818577750255,0.0,365.4501608279866,0.0,272.0,0.0,178.5115553602998,0.0,13.151759472850289,0.0,16.492422502470642,0.0,10.995409756356434,0.0,779.3870320805373,0.0,172.02926144723963,0.0,127.73975712636911,0.0,3.7364833422892256,0.0,20.667739262787226,0.0,6449.9945247480155,0.0,3369.165999371736,0.0,13.15175947816886,0.0,12.515200872911741,0.0,9.900119652658548,0.0
Plbgt,379.1882352941176,0.0,17.879091119783233,0.0,374.7216422585582,0.0,258.0,0.0,173.1740400682183,0.0,13.33645109089782,0.0,16.06237840420901,0.0,10.992294198232788,0.0,2812.225214341772,0.0,366.29183208080985,0.0,260.90660267906037,0.0,5.225618048000882,0.0,17.993126222631492,0.0,6128.894015277024,0.0,3236.1783661510335,0.0,13.336451136731066,0.0,12.857723517949566,0.0,9.91140445796458,0.0
Plctt,291.93333333333334,0.0,15.696570640529279,0.0,350.24023156872806,0.0,237.0,0.0,155.80725455447975,0.0,12.623133733918122,0.0,15.394804318340652,0.0,10.273527935129561,0.0,777.1393221028826,0.0,153.29016875012948,0.0,112.69445543832862,0.0,5.644126906609612,0.0,19.06795192038215,0.0,6501.0293711682925,0.0,3321.9491138747853,0.0,12.623133776366393,0.0,11.836186640430409,0.0,9.259414319908387,0.0
Plint,303.94117647058823,0.0,16.105715253338087,0.0,345.57860129648816,0.0,237.0,0.0,151.93837974716158,0.0,12.438162719484051,0.0,15.394804318340652,0.0,10.01094740113434,0.0,778.6986682189142,0.0,147.19458362741597,0.0,106.94426487546137,0.0,4.4031754232827,0.0,15.52721827891293,0.0,6394.847388100888,0.0,3440.93220144595,0.0,12.43816280149097,0.0,11.520844173823235,0.0,8.886121094457112,0.0
Pllhn,350.0588235294117,0.0,17.328202150631906,0.0,364.94460719347325,0.0,252.0,0.0,166.44486246445027,0.0,13.07887830295723,0.0,15.874507866387544,0.0,10.658974530066937,0.0,783.1507881240184,0.0,162.84674793331286,0.0,120.83707671509067,0.0,5.156054843581681,0.0,19.401455293509017,0.0,9187.380639439527,0.0,4616.365251248248,0.0,13.078878334081798,0.0,12.19324055734089,0.0,9.590433961212986,0.0
Plllf,315.10196078431375,0.0,16.400922227237196,0.0,434.5868181091454,0.0,345.0,0.0,238.51613483072367,0.0,15.147795610827362,0.0,18.57417562100671,0.0,13.109784366987665,0.0,2331.17978672083,0.0,1120.378436242677,0.0,866.5279175104904,0.0,5.648033914768734,0.0,22.96687844154412,0.0,9633.247168141608,0.0,4662.1012854736455,0.0,15.14779563650517,0.0,14.4217369674347,0.0,12.085659033940699,0.0
Plots,303.93725490196084,0.0,15.996239465802253,0.0,352.2217747801841,0.0,237.0,0.0,157.25193159372208,0.0,12.721801354296634,0.0,15.394804318340652,0.0,10.398467078204458,0.0,790.3433764529415,0.0,218.45408563693516,0.0,170.34742719731506,0.0,5.555541038856638,0.0,19.060440242315984,0.0,6473.683404029621,0.0,3320.8050234199695,0.0,12.72180137573162,0.0,11.72666579795692,0.0,9.37274204165805,0.0
Pltmn,370.5411764705882,0.0,17.77242528036117,0.0,421.1730387766954,0.0,321.0,0.0,225.49278591981343,0.0,14.90150645982647,0.0,17.916472867168917,0.0,12.871408562078434,0.0,7900.08410361664,0.0,656.3924241854116,0.0,502.084358901182,0.0,6.437644181031653,0.0,18.833544647032454,0.0,6110.318614166592,0.0,3500.5558205885613,0.0,14.90150647497058,0.0,13.989978463235918,0.0,11.93277034509579,0.0
Plugu,379.03137254901964,0.0,17.929374453154526,0.0,369.47817713794825,0.0,253.0,0.0,167.78910147933905,0.0,13.182126233449136,0.0,15.905973720586866,0.0,10.742694177863253,0.0,2811.401152944023,0.0,369.3912439251359,0.0,261.33742811268337,0.0,5.332424194759767,0.0,23.16190843704786,0.0,6552.906140935354,0.0,3270.143900585319,0.0,13.182126247163795,0.0,12.3700038892371,0.0,9.653011160227623,0.0
Plztz,312.19215686274504,0.0,16.37166699514509,0.0,366.6004671122081,0.0,276.0,0.0,181.3117223942362,0.0,13.21665530980547,0.0,16.61324772583615,0.0,11.091311967316388,0.0,779.3334008270186,0.0,172.01368909364473,0.0,128.52155219069766,0.0,4.116509253038179,0.0,36.60877663992093,0.0,7435.947137414578,0.0,3435.33091687143,0.0,13.216655324523241,0.0,12.507859275470604,0.0,10.041491023920125,0.0
Pläne,354.521568627451,0.0,17.30312023918039,0.0,336.54225883844185,0.0,206.0,0.0,133.99111026823724,0.0,12.112650738041063,0.0,14.352700094407323,0.0,9.493355504838052,0.0,802.7531735224127,0.0,274.9644545836392,0.0,219.35098780514744,0.0,3.2882684761155074,0.0,35.40351717789517,0.0,7311.373752680471,0.0,4641.364837513204,0.0,12.11265076841032,0.0,10.929092158386517,0.0,8.385056831593674,0.0
Pmtmr,401.77647058823527,0.0,18.48731809677597,0.0,472.45869834001627,0.0,381.0,0.0,276.5548638579241,0.0,16.35424224105531,0.0,19.519221295943137,0.0,14.524020625449275,0.0,12794.807005327748,0.0,1046.1383402136616,0.0,806.558528847717,0.0,5.26774599372364,0.0,23.733369283644446,0.0,5605.649614787043,0.0,2357.998433763147,0.0,16.354242224294953,0.0,15.445363616279153,0.0,13.591531403123815,0.0
Pnrns,326.2705882352941,0.0,16.65595919025625,0.0,321.7458735019801,0.0,198.0,0.0,124.67863100869675,0.0,11.61403053027751,0.0,14.071247279470288,0.0,8.978883441226627,0.0,766.7662136437332,0.0,113.6838352791592,0.0,76.72696685324273,0.0,5.360892328710259,0.0,19.216616486593306,0.0,7896.182276576988,0.0,2160.251946552335,0.0,11.614030511738447,0.0,9.78707702820979,0.0,7.80179221683603,0.0
Pobei,342.2549019607843,0.0,16.982125075727673,0.0,331.2595300000405,0.0,189.0,0.0,126.64944628318848,0.0,12.009610479743605,0.0,13.74772708486752,0.0,9.382346232845007,0.0,897.9724058101531,0.0,297.6756486288493,0.0,190.74605307713,0.0,6.912587183549853,0.0,18.568931533723983,0.0,4524.3317808500615,0.0,1523.8212408830404,0.0,12.00961045285314,0.0,10.61797103930051,0.0,8.433099255581736,0.0
Pokef,374.1333333333334,0.0,17.752339547232378,0.0,366.871113475587,0.0,238.0,0.0,164.95003888139075,0.0,13.219555916697013,0.0,15.427248620541512,0.0,10.926023849448383,0.0,2355.170083592379,0.0,1198.6983129330615,0.0,931.6299474735407,0.0,3.5761166054406934,0.0,27.804994237240244,0.0,4830.927030943491,0.0,2551.992579758848,0.0,13.21955590704362,0.0,12.032241589816616,0.0,9.996931995399198,0.0
Polen,334.313725490196,0.0,16.827309781395435,0.0,325.1759945907698,0.0,176.0,0.0,117.30712940954157,0.0,11.787130672281444,0.0,13.2664991614216,0.0,8.988491406149091,0.0,774.6533180615944,0.0,125.33543745138711,0.0,93.06540996862508,0.0,3.667074347969864,0.0,14.044986083133658,0.0,7780.365331606196,0.0,3637.9633806103975,0.0,11.787130618926076,0.0,9.949871645064972,0.0,7.987602666733863,0.0
Polyp,363.0980392156863,0.0,17.543481654399358,0.0,381.8478198377045,0.0,247.0,0.0,173.67408082093664,0.0,13.66174636665607,0.0,15.716233645501712,0.0,11.281222440411822,0.0,93480.3440992127,0.0,4568.735391216744,0.0,3278.6904337086794,0.0,4.737806381831297,0.0,51.72680425959788,0.0,7804.719838890807,0.0,3642.963786670888,0.0,13.661746320328927,0.0,11.993767167681117,0.0,10.330247308886925,0.0
Poppo,392.4313725490196,0.0,18.203722194378376,0.0,340.91743290033475,0.0,179.0,0.0,127.24092156377652,0.0,12.402061333078473,0.0,13.379088160259652,0.0,9.729586420389401,0.0,1292.044798286294,0.0,822.8642369012479,0.0,690.3853954192745,0.0,3.792580601101704,0.0,28.133705783135216,0.0,4396.1153102157805,0.0,1720.147482143114,0.0,12.402061306827221,0.0,10.86616453737965,0.0,8.846238955361361,0.0
Porno,331.9921568627451,0.0,16.76677845232524,0.0,314.2163565927473,0.0,170.0,0.0,110.6349697215351,0.0,11.410357539673457,0.0,13.038404810405298,0.0,8.62978499764975,0.0,813.1521623776855,0.0,339.3360237674488,0.0,228.2294033882476,0.0,3.418977392632539,0.0,16.88206983079028,0.0,4463.648587451142,0.0,1564.2234873336504,0.0,11.410357520957689,0.0,9.536408690840119,0.0,7.557476451745071,0.0
Porto,312.41960784313727,0.0,16.220449308775226,0.0,335.9555683766873,0.0,204.0,0.0,136.80550329424455,0.0,12.228568267044848,0.0,14.2828568570857,0.0,9.739539680979275,0.0,814.6681636907788,0.0,344.0083845417641,0.0,232.4368411966114,0.0,5.154474498679881,0.0,16.776844302921024,0.0,4949.36759719572,0.0,1957.3828765565536,0.0,12.228568242796296,0.0,10.733532352869927,0.0,8.75120973852448,0.0
Posse,310.8705882352941,0.0,16.0897693166441,0.0,305.46037210212654,0.0,145.0,0.0,95.15405755473145,0.0,11.050053755154607,0.0,12.041594578792296,0.0,8.024844763774919,0.0,769.052805336777,0.0,109.87520629294909,0.0,77.63905506846758,0.0,5.314714353520554,0.0,14.135408279727464,0.0,5007.662816682941,0.0,1658.748113045049,0.0,11.050053720131128,0.0,8.710589487672586,0.0,6.982397244583683,0.0
Potzt,315.8117647058824,0.0,16.340838141210728,0.0,331.4011039107978,0.0,208.0,0.0,136.08488041520155,0.0,12.05063802886315,0.0,14.422205101855956,0.0,9.564326766481136,0.0,770.7585021762989,0.0,121.1934136699601,0.0,87.1092212464168,0.0,5.237724312225702,0.0,14.830739007935064,0.0,4479.510366313043,0.0,1774.1828866748565,0.0,12.050638010889042,0.0,10.698562538715178,0.0,8.519543027150432,0.0
Ppktc,366.29019607843134,0.0,17.622551174016067,0.0,375.09445221452324,0.0,262.0,0.0,180.13825701749357,0.0,13.51994967630022,0.0,16.186414056238647,0.0,11.346413505232753,0.0,1646.3045134109643,0.0,1232.8807784881737,0.0,999.3599637986289,0.0,8.20780357882224,0.0,63.3514137443867,0.0,7514.253497664857,0.0,3309.0925680247224,0.0,13.519949646987179,0.0,12.49692826160478,0.0,10.386655126355436,0.0
Pplbt,368.8666666666667,0.0,17.69076113693242,0.0,366.24256296525425,0.0,239.0,0.0,162.545821959738,0.0,13.145382039011967,0.0,15.459624833740307,0.0,10.717226545441433,0.0,1598.7436229197506,0.0,1144.7604810891005,0.0,930.2652791137738,0.0,4.873648748854019,0.0,25.412654548882625,0.0,9763.19705211303,0.0,4199.119706292047,0.0,13.145381998119651,0.0,12.08612475136017,0.0,9.684204551159642,0.0
Pqrpm,417.26666666666665,0.0,18.83877119849188,0.0,417.6713946922488,0.0,289.0,0.0,209.34321082986986,0.0,14.79614821872175,0.0,17.0,0.0,12.622628760450485,0.0,247478.04620523177,0.0,80288.08828008326,0.0,78041.72333918227,0.0,6.7695745376560765,0.0,190.54596903607256,0.0,4840.61746447809,0.0,2136.2530827520523,0.0,14.796148207510926,0.0,13.508056206372999,0.0,11.628038199925467,0.0
Prall,308.20392156862744,0.0,16.22544458260279,0.0,396.4699327639613,0.0,305.0,0.0,206.53301474136467,0.0,14.121216656827032,0.0,17.46424919657298,0.0,12.045971287775123,0.0,868.148008041747,0.0,333.8513919660793,0.0,256.00333086470977,0.0,5.444005308942949,0.0,18.40277879257416,0.0,7510.310008643246,0.0,2690.111266120798,0.0,14.121216626828518,0.0,13.075017586108054,0.0,11.020856219332762,0.0
Prcms,340.38823529411764,0.0,16.961942157011183,0.0,402.8540914727172,0.0,288.0,0.0,202.42531899130455,0.0,14.348271068448431,0.0,16.97056274847714,0.0,12.220918809924717,0.0,7899.069065913641,0.0,649.2675084221232,0.0,496.66613350656974,0.0,5.41990093957711,0.0,20.460551878934492,0.0,5976.15911618968,0.0,2345.122407094498,0.0,14.348271038590653,0.0,12.794785687404115,0.0,11.31766237251021,0.0
Prdfr,343.29019607843134,0.0,17.05345103589758,0.0,406.3888510988413,0.0,319.0,0.0,216.90711974848682,0.0,14.395778763199436,0.0,17.86057109949175,0.0,12.397089860110786,0.0,1218.6449162166423,0.0,638.2116465374961,0.0,463.27220955684805,0.0,5.128545576528913,0.0,20.0067918081343,0.0,6029.407883138044,0.0,1923.542943143201,0.0,14.395778734690856,0.0,13.568790258441199,0.0,11.380391899778168,0.0
Prebe,343.5098039215686,0.0,17.003513217728933,0.0,318.86081597007205,0.0,168.0,0.0,110.88106702865116,0.0,11.54271507669104,0.0,12.96148139681572,0.0,8.687937193429166,0.0,767.3271212901282,0.0,110.41710768337663,0.0,79.2109611177205,0.0,3.9594169296739787,0.0,17.231297256590707,0.0,6245.669031013203,0.0,2143.6910800075657,0.0,11.542715031658885,0.0,9.689720981970217,0.0,7.715856721038245,0.0
Prgll,335.0470588235294,0.0,16.879074173196,0.0,420.8470673839098,0.0,330.0,0.0,227.36468412375638,0.0,14.79311695649362,0.0,18.16590212458495,0.0,12.767769835368016,0.0,1824.1512405115693,0.0,393.8462127229556,0.0,294.7005506037568,0.0,6.166895807655745,0.0,19.088210118815127,0.0,7513.0252793993695,0.0,2673.0614466663187,0.0,14.793116927774442,0.0,13.95855253270767,0.0,11.760503519756028,0.0
Prinz,307.2862745098039,0.0,16.247726602870635,0.0,343.48271191531256,0.0,236.0,0.0,151.62408209020856,0.0,12.428116262147112,0.0,15.362291495737216,0.0,10.021505082990894,0.0,770.7801350563227,0.0,130.84072473223807,0.0,95.91974397537717,0.0,4.348286887728596,0.0,21.838019667532443,0.0,6269.2731012064,0.0,2361.789638163133,0.0,12.42811624205227,0.0,10.797640397251307,0.0,8.903403970227982,0.0
Prlxy,319.0941176470588,0.0,16.492776371299023,0.0,391.1312397763212,0.0,300.0,0.0,200.86804838863011,0.0,13.91792480678433,0.0,17.320508075688775,0.0,11.806524208016373,0.0,6173.807163686396,0.0,425.7304740907371,0.0,316.79297158540754,0.0,4.6125172639333325,0.0,162.23843408644612,0.0,8850.988729842753,0.0,3842.908779269892,0.0,13.917924764944393,0.0,12.249170025433806,0.0,10.79814928829274,0.0
Profo,334.37254901960785,0.0,16.76637258083619,0.0,379.03816738191165,0.0,257.0,0.0,178.29851962900415,0.0,13.610195668254624,0.0,16.0312195418814,0.0,11.35432608157746,0.0,1223.2223159418488,0.0,670.2652619037486,0.0,481.91053063855355,0.0,3.848450128461497,0.0,21.560853277167716,0.0,5955.488627363057,0.0,1917.4200119725244,0.0,13.610195647797559,0.0,12.150703582942514,0.0,10.42129812522244,0.0
Prost,298.5960784313726,0.0,15.840795788925863,0.0,331.01057045813644,0.0,211.0,0.0,137.245017738232,0.0,12.025768939788135,0.0,14.52583904633395,0.0,9.593064923919592,0.0,779.4396466091713,0.0,190.04454052633855,0.0,148.95498217902258,0.0,5.112458592409604,0.0,17.184886968296098,0.0,5956.9888964944,0.0,2000.4183551673236,0.0,12.025768901705995,0.0,10.562525299290858,0.0,8.536316144777151,0.0
Prrnz,311.56078431372543,0.0,16.359427876017048,0.0,334.84564338996336,0.0,232.0,0.0,147.30673963350682,0.0,12.147447363537912,0.0,15.231546211727817,0.0,9.815065085046513,0.0,767.6597852389657,0.0,129.0646863723813,0.0,94.21834405539471,0.0,3.8369103144393915,0.0,22.70430739061021,0.0,5943.552865810832,0.0,1878.7278079664295,0.0,12.147447335889243,0.0,10.715584363695923,0.0,8.71069246170519,0.0
Prrrl,276.29019607843134,0.0,15.399806766414523,0.0,375.8200755092996,0.0,292.0,0.0,191.7070254298563,0.0,13.476353323337285,0.0,17.08800749063506,0.0,11.412985679690955,0.0,859.6932485190082,0.0,321.95795285698597,0.0,242.84064880768423,0.0,7.059073258655695,0.0,19.624980839341013,0.0,6601.054978765013,0.0,2530.8385028635776,0.0,13.47635330010541,0.0,12.356520666050478,0.0,10.399838691044907,0.0
Pruxy,338.41568627450977,0.0,16.965167290417426,0.0,372.65461887179276,0.0,281.0,0.0,185.15384254628358,0.0,13.373213295938045,0.0,16.76305461424021,0.0,11.231207453154612,0.0,6173.095261259598,0.0,421.83443657676486,0.0,312.45979576213836,0.0,3.6136124055376073,0.0,162.14110308665366,0.0,6548.852097750903,0.0,2027.7159552846617,0.0,13.373213254380273,0.0,11.810285754466864,0.0,10.20494069178611,0.0
Psalm,369.01176470588234,0.0,17.67627211616308,0.0,429.7083895666366,0.0,323.0,0.0,230.6248014869566,0.0,15.14723873379063,0.0,17.97220075561143,0.0,13.110440801035068,0.0,4374.579028660115,0.0,419.329059961174,0.0,315.6416394607907,0.0,7.526245100270608,0.0,24.306065547669245,0.0,5917.876380445945,0.0,1770.8187425898766,0.0,15.147238702071615,0.0,13.93059639462827,0.0,12.079083945008682,0.0
Psölm,371.3686274509804,0.0,17.700415632738775,0.0,433.71616415736986,0.0,315.0,0.0,229.25770985744157,0.0,15.28014536999946,0.0,17.74823934929885,0.0,13.20488264183948,0.0,4384.565743406855,0.0,522.3725249434995,0.0,424.51192574619085,0.0,7.718429686228059,0.0,38.77203617636544,0.0,7272.71941284192,0.0,4328.944130696903,0.0,15.280145348337403,0.0,13.96210595793253,0.0,12.230128043073641,0.0
Ptfff,361.51372549019607,0.0,17.37673122766191,0.0,453.632711450927,0.0,361.0,0.0,254.5267971839552,0.0,15.67191674631508,0.0,19.0,0.0,13.701774493218148,0.0,2665.585293293701,0.0,1374.307878004171,0.0,1043.0124812326392,0.0,4.916801742168024,0.0,26.07589956241329,0.0,8292.519505387028,0.0,6260.730445278222,0.0,15.671916700437679,0.0,14.693676493763812,0.0,12.684508693586842,0.0
Ptsls,290.1137254901961,0.0,15.611134247555304,0.0,359.78671159036503,0.0,244.0,0.0,163.6035884273723,0.0,12.985633561474522,0.0,15.620499351813308,0.0,10.668675405981803,0.0,783.5192390540317,0.0,160.93492971381727,0.0,126.9868130996553,0.0,6.428143230893903,0.0,18.709812068006887,0.0,6256.906333398302,0.0,2213.8996962367014,0.0,12.985633541180668,0.0,11.769633181623322,0.0,9.650363483457868,0.0
Pulli,302.01960784313724,0.0,16.100147458137744,0.0,393.4579666169881,0.0,287.0,0.0,195.9291972959522,0.0,14.030414217509895,0.0,16.941074346097416,0.0,11.77324834265933,0.0,905.6216227547706,0.0,316.170519510838,0.0,212.19544687418013,0.0,9.3737107650211,0.0,20.118003528838774,0.0,8738.419712021336,0.0,3817.86140112581,0.0,14.030414201314393,0.0,12.757161201957704,0.0,10.765239095812065,0.0
Pumor,375.5843137254902,0.0,17.868011965396157,0.0,386.10051967638526,0.0,256.0,0.0,180.42471224642546,0.0,13.858095927681491,0.0,16.0,0.0,11.52298704951351,0.0,3407.784029035297,0.0,289.2355902691326,0.0,220.28245832937256,0.0,6.045621774639435,0.0,17.847411539474287,0.0,4661.8835475914775,0.0,2140.470782920498,0.0,13.858095919418945,0.0,12.372180316529677,0.0,10.466566278859569,0.0
Pumpe,415.6588235294118,0.0,18.773700796576705,0.0,386.77219412741306,0.0,236.0,0.0,171.76615902857384,0.0,13.890219441913581,0.0,15.362291495737216,0.0,11.429139150659411,0.0,3456.062519922574,0.0,525.7461592034836,0.0,427.05279160096256,0.0,5.07742409025866,0.0,24.276761171319908,0.0,4647.455666993803,0.0,2229.8321705689605,0.0,13.890219435950753,0.0,12.18419208307973,0.0,10.480457576923182,0.0
Punks,367.964705882353,0.0,17.696685340741407,0.0,341.3703304839896,0.0,223.0,0.0,144.90648399012508,0.0,12.338807552036787,0.0,14.933184523068078,0.0,9.861256894668092,0.0,781.9212703022015,0.0,182.42779558436337,0.0,133.41276526717047,0.0,3.4700910589376766,0.0,15.127902221892272,0.0,4643.666839656729,0.0,1618.6811381417515,0.0,12.338807540005476,0.0,10.974179235147023,0.0,8.762718802543352,0.0
Punkt,370.3176470588236,0.0,17.77051586591439,0.0,344.2099893820765,0.0,233.0,0.0,151.46752287015897,0.0,12.456066914537148,0.0,15.264337522473747,0.0,10.065934250766938,0.0,781.7128149003278,0.0,180.67635992249689,0.0,132.26502567488464,0.0,3.159040723752994,0.0,14.521842178750026,0.0,4662.174945462413,0.0,1645.128011193901,0.0,12.456066889956483,0.0,11.47878298268274,0.0,8.973438760285662,0.0
Puppe,396.42745098039217,0.0,18.322948091367255,0.0,335.1868240941034,0.0,175.0,0.0,121.93078209821441,0.0,12.180156591960023,0.0,13.228756555322953,0.0,9.419543289234298,0.0,1262.4195858674716,0.0,755.7889202015307,0.0,654.8917146416127,0.0,3.985081096769867,0.0,26.030318446121612,0.0,4592.489923980393,0.0,1814.8782495953815,0.0,12.180156579451946,0.0,10.564352186583879,0.0,8.527374182560598,0.0
Purty,327.85490196078433,0.0,16.671053171315556,0.0,364.7130341889291,0.0,256.0,0.0,171.2750963668513,0.0,13.146205879198146,0.0,16.0,0.0,10.88513280770056,0.0,6172.781687911485,0.0,415.47684736216195,0.0,307.8949133741162,0.0,5.063187380837687,0.0,15.166318749602564,0.0,5201.030181243502,0.0,2018.026711700207,0.0,13.1462058673222,0.0,11.64952571149292,0.0,9.86233542494236,0.0
Puxil,313.4156862745098,0.0,16.37342254332891,0.0,380.88127732949,0.0,278.0,0.0,187.02030045871152,0.0,13.657777197817456,0.0,16.673332000533065,0.0,11.407711472179736,0.0,864.4334772953325,0.0,327.88181846119653,0.0,246.67904852536245,0.0,8.489538083553173,0.0,40.82679880367491,0.0,6761.247255291575,0.0,2289.357846667812,0.0,13.65777718489607,0.0,12.383726449881845,0.0,10.383373994123453,0.0
Pxdvl,346.30196078431374,0.0,17.17699569436397,0.0,392.9083735007323,0.0,297.0,0.0,201.83010613664698,0.0,14.027564888174298,0.0,17.233687939614086,0.0,11.938675101540083,0.0,908.15353845937,0.0,436.19014779189814,0.0,325.6296667096697,0.0,5.573722579883515,0.0,69.0263238327651,0.0,6086.140706488901,0.0,2330.0501385445677,0.0,14.02756486536398,0.0,12.603792548810073,0.0,10.901596556414242,0.0
Pzsst,299.63529411764705,0.0,15.881821826026401,0.0,327.5558477396068,0.0,202.0,0.0,130.24859846528796,0.0,11.856244015011418,0.0,14.212670403551895,0.0,9.289443464749551,0.0,766.9157152410352,0.0,116.28063374220416,0.0,83.44308819676283,0.0,6.7143719602829774,0.0,32.397751006856694,0.0,5077.57384031641,0.0,1758.986141163476,0.0,11.856243989222952,0.0,10.31734122248614,0.0,8.15618089571029,0.0
Pömpt,411.4745098039216,0.0,18.629969695556742,0.0,402.9613571110101,0.0,268.0,0.0,193.98285629537557,0.0,14.37838243153779,0.0,16.3707055437449,0.0,12.116280387709018,0.0,3459.909562142674,0.0,554.0772644858791,0.0,444.87594145966773,0.0,5.687198267197852,0.0,25.614179686631584,0.0,8954.08950961287,0.0,9093.814289122056,0.0,14.378382424902123,0.0,13.1691550138638,0.0,11.13606089537337,0.0
Qdqdt,436.92941176470583,0.0,19.161597745047825,0.0,400.02431794865385,0.0,284.0,0.0,199.00278464853017,0.0,14.240329864998293,0.0,16.852299546352718,0.0,12.097807976888378,0.0,28922016.990400314,0.0,233299.8424169176,0.0,229898.46239598928,0.0,6.773367700529434,0.0,343.7407963364636,0.0,7449.1671212657775,0.0,4012.5297502941676,0.0,14.240329778126236,0.0,13.87330276522828,0.0,11.04920032838025,0.0
Qffqn,424.3372549019608,0.0,18.860343901627523,0.0,435.07960670284024,0.0,330.0,0.0,232.5487839011807,0.0,15.181205701332761,0.0,18.16590212458495,0.0,13.124425152340596,0.0,51416885.03295413,0.0,414070.80578759237,0.0,408384.5684958263,0.0,4.1361918271340405,0.0,455.55989611238994,0.0,16052.305023605075,0.0,8903.598211012659,0.0,15.181205720712684,0.0,14.381591440512286,0.0,12.101330923798884,0.0
Qkhll,397.57254901960783,0.0,18.416638666624504,0.0,455.14147019648505,0.0,376.0,0.0,266.1937027512188,0.0,15.853085197498633,0.0,19.390719429665317,0.0,14.025611054155044,0.0,40431.70846020462,0.0,16190.688200523979,0.0,11056.993215576807,0.0,11.27062790440213,0.0,73.94339901222763,0.0,9668.096937181333,0.0,5074.515188594568,0.0,15.853085183177381,0.0,15.524455339597955,0.0,13.059590085136913,0.0
Qmrtl,375.27450980392155,0.0,17.827378087029533,0.0,461.75409541181324,0.0,382.0,0.0,272.77780440478716,0.0,16.053140799818767,0.0,19.544820285692065,0.0,14.294602949385908,0.0,41649.97396365732,0.0,16150.558069188293,0.0,11018.57861766722,0.0,13.412094176846791,0.0,62.314920680607436,0.0,8580.099641618412,0.0,3695.204349168545,0.0,16.05314079187129,0.0,15.562750592044782,0.0,13.344508463393732,0.0
Qnggl,439.3529411764706,0.0,19.199348396606766,0.0,435.1317782072739,0.0,327.0,0.0,230.22234628658555,0.0,15.126166128507593,0.0,18.083141320025124,0.0,13.025339028004245,0.0,40537.44119158643,0.0,16134.499040562889,0.0,11003.69290357706,0.0,6.158268591947553,0.0,61.43832491679711,0.0,10047.09594059466,0.0,3812.225161203533,0.0,15.126166117738004,0.0,14.466578852249594,0.0,11.954436487549298,0.0
Qskrr,348.035294117647,0.0,17.157356631546826,0.0,392.6232628351639,0.0,314.0,0.0,212.19739919203744,0.0,14.091933204221727,0.0,17.72004514666935,0.0,12.217465979060739,0.0,40415.42130090118,0.0,16133.507317939202,0.0,11004.012336229353,0.0,10.898987593795017,0.0,65.33213052584784,0.0,7372.171079723081,0.0,3606.2743041999906,0.0,14.091933200078405,0.0,13.748434303732617,0.0,11.218055714097746,0.0
Qtmfn,423.81176470588235,0.0,18.888014544297807,0.0,474.30483969425364,0.0,383.0,0.0,277.7745450926334,0.0,16.375359672489783,0.0,19.570385790780925,0.0,14.510504083821157,0.0,40559.92048419559,0.0,16138.723804909558,0.0,11007.211661359663,0.0,4.022899215625097,0.0,61.57613976754611,0.0,7122.191386557169,0.0,3525.7892029901354,0.0,16.37535966272773,0.0,15.722312115080983,0.0,13.52884529766417,0.0
Qttxr,330.52156862745096,0.0,16.667244741993322,0.0,380.5690841251397,0.0,299.0,0.0,199.82106862395432,0.0,13.706671407480071,0.0,17.291616465790582,0.0,11.78039296768204,0.0,40413.80410775148,0.0,16127.289203634087,0.0,10998.1500347541,0.0,10.128643855064206,0.0,172.39292382150958,0.0,7267.091904374671,0.0,3340.634148846908,0.0,13.706671409799707,0.0,13.118897519304731,0.0,10.77493571076965,0.0
Quaft,386.9725490196078,0.0,17.997179496223854,0.0,407.0285340591264,0.0,310.0,0.0,214.5523629329116,0.0,14.459088703285628,0.0,17.60681686165901,0.0,12.438990752818954,0.0,40423.71674673389,0.0,16136.589527073205,0.0,11005.309003534592,0.0,7.962182985062035,0.0,59.96392414985875,0.0,7145.548261598536,0.0,3069.870408071062,0.0,14.459088714451319,0.0,13.867337933493085,0.0,11.420434609060658,0.0
Quark,395.4470588235294,0.0,18.302444776956253,0.0,398.8065739087791,0.0,301.0,0.0,207.5180137648643,0.0,14.25040328372678,0.0,17.349351572897472,0.0,12.203848710878558,0.0,40414.795522764936,0.0,16129.066088724914,0.0,11000.111498475819,0.0,6.640226451252593,0.0,60.139832621469175,0.0,7208.371772235882,0.0,3343.2183229911016,0.0,14.250403275038705,0.0,13.527899473342194,0.0,11.135779187340965,0.0
Quarz,367.52941176470586,0.0,17.649459531692784,0.0,378.4855123077701,0.0,285.0,0.0,191.19074421145436,0.0,13.62677269110181,0.0,16.881943016134134,0.0,11.54322003684668,0.0,40413.63557274187,0.0,16127.20813477626,0.0,10998.057640853724,0.0,9.549418928598927,0.0,62.38659433020563,0.0,7170.7962810913605,0.0,3075.512111112502,0.0,13.626772687174402,0.0,12.8350794609167,0.0,10.473182651330658,0.0
Queen,381.0980392156863,0.0,17.887330748526722,0.0,332.21212782378836,0.0,184.0,0.0,125.71756040291918,0.0,12.105245451597755,0.0,13.564659966250536,0.0,9.457604358468178,0.0,40413.56397232303,0.0,16126.875800317117,0.0,10997.795855961389,0.0,6.387716645938433,0.0,58.65155669450033,0.0,7097.039761255472,0.0,2987.543951785971,0.0,12.105245457085097,0.0,10.620449101504938,0.0,8.515528141718104,0.0
Quill,332.5019607843137,0.0,16.826263318244546,0.0,423.68106048463915,0.0,329.0,0.0,229.4941063370834,0.0,14.961641410116483,0.0,18.138357147217054,0.0,12.9160558899893,0.0,40415.68402615619,0.0,16129.971185069422,0.0,11000.51332704133,0.0,12.164348351178385,0.0,59.78856075140877,0.0,8762.298403491892,0.0,3822.8040763098807,0.0,14.961641432153066,0.0,14.104322403614582,0.0,11.925036103633614,0.0
Quirl,327.16078431372546,0.0,16.67855723478694,0.0,405.02976452208793,0.0,313.0,0.0,213.76848678337268,0.0,14.401152452149269,0.0,17.69180601295413,0.0,12.329032119305007,0.0,40415.51406576458,0.0,16129.76063682724,0.0,11000.237631310505,0.0,12.971457745781143,0.0,59.967555953713095,0.0,7992.387568639846,0.0,3747.9132526011144,0.0,14.401152461278704,0.0,13.475293942513845,0.0,11.317469943989602,0.0
Quote,364.54509803921565,0.0,17.459956713220336,0.0,357.2718494908644,0.0,223.0,0.0,155.88455139221844,0.0,13.00132747533614,0.0,14.933184523068078,0.0,10.64930648808432,0.0,40413.844523365886,0.0,16127.698114777213,0.0,10998.6065904814,0.0,8.90451134835544,0.0,59.80565463042088,0.0,7528.062800949971,0.0,3245.7884980948324,0.0,13.0013274769488,0.0,11.844641006621613,0.0,9.734394402530542,0.0
Qvjlt,331.8117647058823,0.0,16.729034863334757,0.0,422.7179017743248,0.0,333.0,0.0,231.63450314297904,0.0,14.91824876730362,0.0,18.24828759089466,0.0,12.958593264700992,0.0,40445.99073279683,0.0,16131.455779633252,0.0,11002.88666677284,0.0,10.462400120080959,0.0,124.37181508933887,0.0,8803.342391271097,0.0,3549.502973149715,0.0,14.91824878142858,0.0,14.105509856590354,0.0,11.922961230359975,0.0
Qztnt,354.39607843137253,0.0,17.30316912211717,0.0,357.6488229719224,0.0,250.0,0.0,167.38435557592265,0.0,12.976815102390129,0.0,15.811388300841896,0.0,10.796773555004458,0.0,40413.603753859716,0.0,16127.009814942236,0.0,10997.921913100417,0.0,8.148368624889056,0.0,66.27599382017283,0.0,7147.920061579292,0.0,3072.7934546574384,0.0,12.976815099979044,0.0,12.186359675522418,0.0,9.754056720488817,0.0
Raben,403.9725490196078,0.0,18.486843935426364,0.0,312.9148404321195,0.0,161.0,0.0,105.1780337847014,0.0,11.334791312099448,0.0,12.68857754044952,0.0,8.410741934039887,0.0,768.0134214930115,0.0,96.57964234155308,0.0,65.84852672717483,0.0,4.761199081633303,0.0,11.252839267990488,0.0,5684.6126170661355,0.0,1425.4287408408413,0.0,11.334791320979747,0.0,10.054372817813498,0.0,7.347634881692198,0.0
Rache,380.8862745098039,0.0,17.9335824494002,0.0,303.0641624056268,0.0,140.0,0.0,90.19370252398869,0.0,10.910315262992897,0.0,11.832159566199232,0.0,7.726521658570707,0.0,765.4093940555402,0.0,82.38675400158041,0.0,54.698790685503006,0.0,4.814216647983134,0.0,11.167323811649316,0.0,6286.902434946085,0.0,1504.306134449901,0.0,10.910315253260684,0.0,9.181959922443287,0.0,6.64700427415311,0.0
Radau,415.7372549019608,0.0,18.763215053364195,0.0,339.2673064094507,0.0,204.0,0.0,133.99009484395071,0.0,12.23685205330476,0.0,14.2828568570857,0.0,9.53860834687945,0.0,815.4885113683133,0.0,308.0129902439776,0.0,220.7745171041909,0.0,3.6272951517082705,0.0,18.092983208938595,0.0,5885.187453582234,0.0,1665.4052085778796,0.0,12.236852075568358,0.0,11.027789556244175,0.0,8.38299105954642,0.0
Radio,377.87450980392157,0.0,17.888083876996586,0.0,359.5203118939735,0.0,233.0,0.0,158.14254901315633,0.0,12.979589622222983,0.0,15.264337522473747,0.0,10.557090168011273,0.0,860.7547650626409,0.0,447.82208298198657,0.0,310.78810837626503,0.0,7.737275616922976,0.0,16.566977222606273,0.0,6000.611003078697,0.0,1501.6059849671249,0.0,12.979589623109671,0.0,12.080890708482524,0.0,9.561399866595705,0.0
Raese,353.3686274509804,0.0,17.202149754338947,0.0,297.0872492043236,0.0,135.0,0.0,86.54442526857457,0.0,10.720728076999839,0.0,11.61895003862225,0.0,7.540684690849496,0.0,764.0366033975513,0.0,82.57272542536359,0.0,54.97560110064641,0.0,8.605235938838916,0.0,12.60757572930181,0.0,5654.132699309323,0.0,1538.1925429956764,0.0,10.720728080029886,0.0,8.745735678741923,0.0,6.452016345829447,0.0
Ragar,400.278431372549,0.0,18.36920889553779,0.0,346.6574887093734,0.0,220.0,0.0,143.18543724062891,0.0,12.406764191509009,0.0,14.832396974191326,0.0,9.816662725867241,0.0,1777.808245824636,0.0,236.79330685665886,0.0,162.76767109431262,0.0,8.076601257375856,0.0,14.093427418244449,0.0,5788.944514493993,0.0,1657.463549746303,0.0,12.406764192362107,0.0,11.525907665366322,0.0,8.595003652469732,0.0
Rahms,429.11764705882354,0.0,19.073842625715795,0.0,404.9289876085862,0.0,291.0,0.0,204.5520675040069,0.0,14.422783630590068,0.0,17.05872210923198,0.0,12.285515543907016,0.0,7899.233492600626,0.0,647.7822044091697,0.0,495.24742573340507,0.0,3.9741665212799626,0.0,16.2040719194508,0.0,5816.653103361433,0.0,2191.1322153948377,0.0,14.42278363604831,0.0,13.569383343238883,0.0,11.331727257801814,0.0
Rampe,440.3372549019608,0.0,19.312121362665884,0.0,380.0036749005195,0.0,227.0,0.0,164.59657154281,0.0,13.668209219185805,0.0,15.066519173319364,0.0,11.175344714013063,0.0,3455.7556177907763,0.0,523.3023113102684,0.0,425.3505586346354,0.0,4.207327958833218,0.0,22.94856934786233,0.0,5694.220506817136,0.0,2049.765551514118,0.0,13.668209225067603,0.0,12.250182838769067,0.0,10.212600309765811,0.0
Randa,416.82352941176475,0.0,18.79511171898234,0.0,335.77648073533146,0.0,203.0,0.0,131.97390890860984,0.0,12.092913275262429,0.0,14.247806848775006,0.0,9.41976429866147,0.0,787.7398780330598,0.0,196.81528579382964,0.0,137.6703826414395,0.0,2.492941754108031,0.0,16.695753113184292,0.0,5948.791458978509,0.0,2390.2934642722357,0.0,12.092913282895132,0.0,11.072940014561377,0.0,8.241277812953923,0.0
Ranke,403.4470588235294,0.0,18.518521958220877,0.0,325.94600984231,0.0,192.0,0.0,124.55930980232884,0.0,11.796704901335836,0.0,13.856406460551018,0.0,9.125883553609272,0.0,779.9784109130557,0.0,171.22133875795112,0.0,125.48032696684618,0.0,4.081758215826643,0.0,12.742253734289163,0.0,5713.030879268887,0.0,1390.4710665529528,0.0,11.796704910399859,0.0,10.691491444007971,0.0,8.068783764622692,0.0
Rasat,356.8627450980392,0.0,17.31673857378336,0.0,313.3055373861787,0.0,171.0,0.0,108.12657603012649,0.0,11.281942274556982,0.0,13.076696830622021,0.0,8.363870006290258,0.0,765.2235860803149,0.0,95.7089166815748,0.0,62.699941431591284,0.0,7.852028208653567,0.0,15.28951224624829,0.0,6220.730668465459,0.0,1635.682537680459,0.0,11.281942274723765,0.0,9.843195516860835,0.0,7.109785043381267,0.0
Rasen,364.4901960784314,0.0,17.529906121028496,0.0,300.34698895637234,0.0,142.0,0.0,90.61796162122144,0.0,10.831971333838796,0.0,11.916375287812984,0.0,7.6984128147063,0.0,764.1085522390221,0.0,82.05264978858264,0.0,54.2420937490758,0.0,6.03600650187644,0.0,12.308806043886042,0.0,6088.420934765053,0.0,1359.846675118236,0.0,10.831971344768213,0.0,8.935587792772616,0.0,6.562511622239353,0.0
Rassa,354.5098039215686,0.0,17.240964959689855,0.0,319.835437814814,0.0,181.0,0.0,115.82446633112255,0.0,11.533574362374871,0.0,13.45362404707371,0.0,8.72206166205684,0.0,768.1501055549281,0.0,135.9077082431409,0.0,91.24084956249196,0.0,7.457365825829086,0.0,16.59406869827212,0.0,6135.0848248689945,0.0,1548.439774183051,0.0,11.533574367660417,0.0,9.885151320510507,0.0,7.506570486003509,0.0
Rasse,342.56470588235294,0.0,16.930952797458204,0.0,302.65683036101757,0.0,145.0,0.0,92.98220192558995,0.0,10.917815768352186,0.0,12.041594578792296,0.0,7.823486257017786,0.0,764.2812490505831,0.0,86.58026738592206,0.0,57.525532359035964,0.0,8.954997840835816,0.0,12.251407863784298,0.0,6137.013943078947,0.0,1578.6098854189947,0.0,10.917815772967648,0.0,8.936816278680698,0.0,6.699963418098021,0.0
Raten,366.843137254902,0.0,17.60443610865101,0.0,304.3288563172497,0.0,154.0,0.0,98.92242401237826,0.0,11.0337494564662,0.0,12.409673645990857,0.0,8.068905095748113,0.0,764.8584881578108,0.0,84.33194366417293,0.0,57.205803645012985,0.0,5.83129900439645,0.0,11.502906309667974,0.0,5683.754032564626,0.0,1486.978678565704,0.0,11.033749468957756,0.0,9.357825787771702,0.0,6.982621370573703,0.0
Ratte,347.2705882352941,0.0,17.084914012448653,0.0,323.82281658005684,0.0,184.0,0.0,121.92070465598482,0.0,11.790493189703641,0.0,13.564659966250536,0.0,9.114828628351745,0.0,766.3279683422911,0.0,100.54225694035458,0.0,71.85891311154865,0.0,8.434247056494925,0.0,11.429211500607762,0.0,6140.1136609457035,0.0,1947.8043361326806,0.0,11.790493201461787,0.0,10.40440762323407,0.0,8.11234844911476,0.0
Rauha,414.20392156862744,0.0,18.75082117899326,0.0,328.6166347101512,0.0,202.0,0.0,129.11385547695238,0.0,11.880281071036057,0.0,14.212670403551895,0.0,9.201446012468043,0.0,769.5576073682283,0.0,139.99936897249682,0.0,92.94855526914435,0.0,2.6988781023438,0.0,19.002951374885562,0.0,6686.413957415146,0.0,1680.8917095955026,0.0,11.880281069541095,0.0,10.956977995463339,0.0,7.998268448899875,0.0
Raupe,402.6745098039215,0.0,18.46318905958296,0.0,317.00848507137016,0.0,164.0,0.0,108.40643296487693,0.0,11.50963261569074,0.0,12.806248474865697,0.0,8.623381416031858,0.0,960.8131605142496,0.0,457.67414594297304,0.0,376.824462765248,0.0,4.439527686160474,0.0,23.711622723395088,0.0,6180.372746511723,0.0,1711.4413722876873,0.0,11.509632618087679,0.0,10.246120228031444,0.0,7.588917570414679,0.0
Raupi,383.7725490196078,0.0,18.0742541216244,0.0,343.85074803212854,0.0,215.0,0.0,142.4378864467221,0.0,12.44510459099706,0.0,14.66287829861518,0.0,9.899471413386548,0.0,1064.4413665567386,0.0,533.872298715517,0.0,414.30697784753187,0.0,7.686321630109743,0.0,27.120101305275572,0.0,6221.239364441323,0.0,1709.3132282600684,0.0,12.445104590471763,0.0,11.433549155144297,0.0,8.84304272379197,0.0
Rausu,373.43921568627445,0.0,17.784411440162195,0.0,321.4766770290279,0.0,191.0,0.0,121.89596108225695,0.0,11.667271324660511,0.0,13.820274961085254,0.0,8.919713736793048,0.0,765.5466687290433,0.0,114.60716736656647,0.0,72.2892945031404,0.0,6.5635768930252105,0.0,19.397008302110407,0.0,6182.2919705171935,0.0,1704.5752772806113,0.0,11.66727132649798,0.0,10.386299785493012,0.0,7.786521814721927,0.0
Raute,365.75686274509803,0.0,17.570378064041225,0.0,323.3897922079395,0.0,187.0,0.0,122.4193485816601,0.0,11.76595802155704,0.0,13.674794331177344,0.0,9.07307334649215,0.0,765.6576465984052,0.0,104.05420532023764,0.0,71.46377458964706,0.0,7.862951242913157,0.0,12.27288911812682,0.0,6562.744860685685,0.0,1976.978725779562,0.0,11.765958023877229,0.0,10.635588352815644,0.0,8.033144950567578,0.0
Rchch,385.65490196078434,0.0,18.095919405095856,0.0,351.083549004719,0.0,225.0,0.0,148.04842833716677,0.0,12.590728821192405,0.0,15.0,0.0,10.063674979984194,0.0,825.4094813546988,0.0,353.34581681744004,0.0,244.62239720392787,0.0,4.3232683498579485,0.0,18.004523630749816,0.0,5901.036453813942,0.0,2847.0643564933434,0.0,12.59072879087809,0.0,11.485595418775224,0.0,8.987948762320933,0.0
Rchcr,342.9764705882353,0.0,17.066068779175474,0.0,337.73004760037963,0.0,223.0,0.0,141.66198933540593,0.0,12.130834584781056,0.0,14.933184523068078,0.0,9.627174035381152,0.0,771.0165486445444,0.0,125.42873799084377,0.0,83.11213378201468,0.0,9.50642652658873,0.0,21.01943842687728,0.0,5934.299984259869,0.0,2839.1621253803814,0.0,12.130834567013096,0.0,11.229450107091402,0.0,8.467934569768508,0.0
Recht,360.4901960784314,0.0,17.446530827316263,0.0,304.85190668500024,0.0,158.0,0.0,101.18386086708932,0.0,11.034773485745639,0.0,12.569805089976535,0.0,8.15356519270855,0.0,765.405549293892,0.0,83.0361606712773,0.0,55.23732900616232,0.0,5.554269332935578,0.0,10.988639499144112,0.0,6361.893084787965,0.0,1584.8361428963017,0.0,11.034773460325578,0.0,9.76419327380573,0.0,7.097962901207351,0.0
Redon,395.9529411764706,0.0,18.302572915226584,0.0,321.71136778929815,0.0,172.0,0.0,115.58088722119724,0.0,11.705258131860255,0.0,13.114877048604,0.0,8.982444806433238,0.0,817.8311116051156,0.0,308.04687057500047,0.0,224.43065141077975,0.0,3.48960786085324,0.0,16.570913680845447,0.0,5852.940727399214,0.0,1579.8769955209243,0.0,11.705258133889002,0.0,10.346749866871104,0.0,7.939773347484629,0.0
Regel,381.72941176470584,0.0,17.92175440758386,0.0,345.5014051001176,0.0,207.0,0.0,140.49818118244954,0.0,12.460070200079997,0.0,14.38749456993816,0.0,9.972310907261624,0.0,1818.8208638209267,0.0,371.33454562133204,0.0,274.55491423964054,0.0,7.8428216980135925,0.0,14.92018107733995,0.0,6437.775019095822,0.0,2233.9842658187954,0.0,12.460070189355005,0.0,11.48433190138687,0.0,9.01740574961149,0.0
Regen,402.1372549019608,0.0,18.390010744808066,0.0,320.63045995931463,0.0,169.0,0.0,112.51106760053572,0.0,11.589540436118432,0.0,13.0,0.0,8.810740603238838,0.0,1777.0088053523066,0.0,225.61505280055886,0.0,156.55238858419676,0.0,4.30514618912653,0.0,11.2773769912261,0.0,5715.051116208223,0.0,1493.5418676411784,0.0,11.589540419622917,0.0,10.317158632788063,0.0,7.7976381296579245,0.0
Regie,372.1137254901961,0.0,17.680445541782596,0.0,347.92197094800497,0.0,213.0,0.0,144.2362921142305,0.0,12.551830173872677,0.0,14.594519519326424,0.0,10.063299705861093,0.0,1779.3510646782438,0.0,242.70099588077548,0.0,167.95699639785693,0.0,7.89914652163148,0.0,13.391373776721066,0.0,5972.669030935086,0.0,1513.0801141301163,0.0,12.551830159515644,0.0,11.633092923537415,0.0,9.146989623767967,0.0
Regil,362.8274509803922,0.0,17.520804571962564,0.0,384.0940312227544,0.0,274.0,0.0,186.95530230864392,0.0,13.712952452726087,0.0,16.55294535724685,0.0,11.516423852853853,0.0,1821.296051965479,0.0,383.06426011806343,0.0,281.78982781838744,0.0,9.93035742594233,0.0,16.121919330693135,0.0,6649.254974897156,0.0,2238.3363245342484,0.0,13.712952442164168,0.0,13.071909654592215,0.0,10.560328439853452,0.0
Rehst,361.0235294117647,0.0,17.4449185329731,0.0,318.556548450963,0.0,190.0,0.0,122.61758309269246,0.0,11.585029614375529,0.0,13.784048752090222,0.0,9.023615853269819,0.0,767.5672016811109,0.0,99.72962228533417,0.0,67.29445614602963,0.0,8.793177108791845,0.0,12.28960269934842,0.0,5900.441949978446,0.0,1862.2067937753266,0.0,11.585029606393077,0.0,10.733289723581947,0.0,7.978860638718509,0.0
Reibe,362.00392156862745,0.0,17.480713599367125,0.0,310.1131412063278,0.0,152.0,0.0,99.80399643959473,0.0,11.226270788426588,0.0,12.328828005937952,0.0,8.214114415906865,0.0,768.3656773686888,0.0,88.46808893122865,0.0,60.9457235487042,0.0,5.2145091867680415,0.0,15.982163294411732,0.0,6451.490739601043,0.0,2317.2376404395723,0.0,11.226270776806388,0.0,9.572420679596043,0.0,7.191691639028113,0.0
Reihe,361.3764705882353,0.0,17.493127776804506,0.0,310.4340278838273,0.0,160.0,0.0,103.74689405041431,0.0,11.25162795186286,0.0,12.649110640673518,0.0,8.320779507908966,0.0,768.2136231551708,0.0,86.56049853905724,0.0,58.554992235993446,0.0,5.260615846762013,0.0,14.851946293941833,0.0,6613.127627890038,0.0,2167.475414935896,0.0,11.251627940523004,0.0,9.652601742564862,0.0,7.293911631496441,0.0
Reime,381.0235294117647,0.0,17.961645240090697,0.0,384.70605599946066,0.0,251.0,0.0,179.00766727379929,0.0,13.852249068402909,0.0,15.84297951775486,0.0,11.566734370765793,0.0,7899.108729762429,0.0,644.8607198647849,0.0,493.54414394574866,0.0,4.9830982732795315,0.0,14.699302850624088,0.0,6121.462492661179,0.0,2531.6328735766774,0.0,13.852249054109203,0.0,12.47559460189552,0.0,10.714297242084916,0.0
Reise,322.52156862745096,0.0,16.465404880000996,0.0,305.20167397725015,0.0,154.0,0.0,99.26061122141662,0.0,11.059631703285246,0.0,12.409673645990857,0.0,8.107117313864212,0.0,766.8817043326518,0.0,86.38039912822158,0.0,58.20492023391493,0.0,8.612538366913755,0.0,11.815583119393798,0.0,6104.73601860036,0.0,2178.6917506621326,0.0,11.059631686384389,0.0,9.13355276519902,0.0,7.07029787118717,0.0
Reize,333.56078431372555,0.0,16.830672645937984,0.0,315.66507811217093,0.0,173.0,0.0,112.1483461086636,0.0,11.451834554650093,0.0,13.152946437965905,0.0,8.640457459934176,0.0,767.4633676278806,0.0,94.52053339633923,0.0,65.72649069886756,0.0,7.124099459359937,0.0,14.320617152571275,0.0,6090.627946479308,0.0,2186.421271017434,0.0,11.451834538793724,0.0,9.757846608958173,0.0,7.632356471675849,0.0
Relpe,371.4078431372549,0.0,17.7338775055045,0.0,325.77738994239894,0.0,169.0,0.0,115.3721715682578,0.0,11.84042158014198,0.0,13.0,0.0,9.06056284222012,0.0,965.0691590920712,0.0,460.5558706628254,0.0,380.1115730309977,0.0,4.8369994840630754,0.0,23.51350227610132,0.0,8639.669287224347,0.0,3718.3167004509837,0.0,11.84042154812811,0.0,10.368532499726928,0.0,8.147069939948233,0.0
Remis,370.2196078431373,0.0,17.702087622366097,0.0,393.1306181442586,0.0,272.0,0.0,191.76555049274816,0.0,14.09144331329602,0.0,16.492422502470642,0.0,11.88348036170954,0.0,3407.5968839547563,0.0,284.5260897646111,0.0,214.95890223129476,0.0,9.224325822184483,0.0,14.419426082621893,0.0,5974.064674559637,0.0,1954.8267968349141,0.0,14.091443299198026,0.0,12.888105634575666,0.0,10.93202015327417,0.0
Rente,354.89803921568625,0.0,17.30093814196444,0.0,311.18043104267895,0.0,167.0,0.0,109.75619080900609,0.0,11.343230567723968,0.0,12.922847983320086,0.0,8.61417496097083,0.0,765.0122704233531,0.0,93.25516005909505,0.0,66.2870968799607,0.0,7.167261214753982,0.0,11.851061519825935,0.0,6161.450888437516,0.0,1926.643261427412,0.0,11.343230552924291,0.0,10.079983513751301,0.0,7.671701176902673,0.0
Reste,332.97254901960787,0.0,16.693771731090774,0.0,310.1332331856798,0.0,158.0,0.0,104.86777502586233,0.0,11.289900298238091,0.0,12.569805089976535,0.0,8.468502246468395,0.0,765.1919304167608,0.0,95.25464553336596,0.0,67.78549618296618,0.0,7.982166743944873,0.0,12.249194599695583,0.0,6593.446134858495,0.0,1917.2926831552904,0.0,11.289900284845796,0.0,9.617260181588062,0.0,7.512896930866352,0.0
Retan,366.84313725490193,0.0,17.60443610865101,0.0,307.38534353462984,0.0,160.0,0.0,102.67584221275095,0.0,11.146300174381214,0.0,12.649110640673518,0.0,8.216378952428602,0.0,765.6456308268839,0.0,94.69505546505839,0.0,63.63583590253624,0.0,4.2691406603105815,0.0,13.307301596192776,0.0,5896.480210047328,0.0,1799.4130687086567,0.0,11.146300168394907,0.0,9.360009805627744,0.0,7.073293186079658,0.0
Retel,334.4901960784314,0.0,16.802358359577845,0.0,319.492085424553,0.0,178.0,0.0,118.1610703553264,0.0,11.642064770359115,0.0,13.341664064126334,0.0,9.022314739050781,0.0,857.1839416900347,0.0,305.6844956710363,0.0,232.17606221998184,0.0,8.994148812016928,0.0,14.978291994998646,0.0,6488.561362945397,0.0,2283.6567656548573,0.0,11.642064771813383,0.0,10.245935301689707,0.0,8.09884637839772,0.0
Reten,354.89803921568625,0.0,17.30093814196444,0.0,294.62114028375004,0.0,140.0,0.0,90.17395677341258,0.0,10.705221634638841,0.0,11.832159566199232,0.0,7.719088572944689,0.0,764.4705812002154,0.0,80.34810621323687,0.0,55.08151510495929,0.0,5.458249953756412,0.0,11.371866977987692,0.0,5772.25270560592,0.0,1566.9398411410505,0.0,10.70522162578593,0.0,8.918131707666571,0.0,6.7142286643470666,0.0
Reusu,361.49411764705883,0.0,17.484037867766027,0.0,311.76896099552823,0.0,177.0,0.0,113.14749384329127,0.0,11.357084279951295,0.0,13.30413469565007,0.0,8.604556473119926,0.0,765.1591106532541,0.0,111.70829987814038,0.0,70.62019141398473,0.0,6.121389136914481,0.0,19.031446715773157,0.0,6264.040152362701,0.0,1774.8785865613727,0.0,11.357084259926708,0.0,9.9919664151944,0.0,7.546773304979239,0.0
Reuzo,365.5176470588235,0.0,17.623372775205553,0.0,316.6569477432148,0.0,178.0,0.0,116.23244721288779,0.0,11.54937855187016,0.0,13.341664064126334,0.0,8.842011697634295,0.0,809.3368757690153,0.0,336.5804075379456,0.0,225.29463233061,0.0,5.735959323248947,0.0,17.333832039017366,0.0,6253.435372306922,0.0,1851.363154508369,0.0,11.54937853315466,0.0,10.249913304001502,0.0,7.817099771018679,0.0
Revue,356.69803921568626,0.0,17.36634067795712,0.0,296.0526519202024,0.0,148.0,0.0,93.90290370493554,0.0,10.741551666995928,0.0,12.165525060596439,0.0,7.819799386171544,0.0,764.3117420783898,0.0,98.10108726461004,0.0,63.32849798595857,0.0,5.6219039882498905,0.0,19.68250127209928,0.0,6149.569985080926,0.0,1731.7377861724963,0.0,10.741551655986912,0.0,8.95302347082322,0.0,6.833494570133865,0.0
Rfhmt,433.02745098039213,0.0,19.162629432883342,0.0,444.17075166808036,0.0,363.0,0.0,255.27595232692371,0.0,15.534578399156665,0.0,19.05255888325765,0.0,13.730283621918106,0.0,9676.660677942677,0.0,2862.192637630457,0.0,2234.433600321403,0.0,4.0824489502662695,0.0,36.136427005861215,0.0,13956.06682214923,0.0,6277.887981941561,0.0,15.534578515002865,0.0,15.40457200413504,0.0,12.832084647970898,0.0
Rgmls,418.6235294117647,0.0,18.819852173499456,0.0,439.90099716358475,0.0,319.0,0.0,230.87328069601136,0.0,15.366381902586426,0.0,17.86057109949175,0.0,13.222076384095997,0.0,76693.54955141585,0.0,9838.702902297824,0.0,7106.528960946277,0.0,10.34429260358344,0.0,42.54528557726151,0.0,6967.327611136653,0.0,2416.9685636471168,0.0,15.366381910938243,0.0,14.307525661830041,0.0,12.212066674732919,0.0
Rhqzh,434.83529411764704,0.0,19.286526882384212,0.0,383.90597517164076,0.0,265.0,0.0,182.41511278978618,0.0,13.734610858509306,0.0,16.278820596099706,0.0,11.44915347687481,0.0,28921988.737375826,0.0,232736.87251202657,0.0,229632.31805229626,0.0,4.22510687215324,0.0,338.280918328702,0.0,6350.950342348341,0.0,2014.037306599565,0.0,13.734610748721108,0.0,12.7743855430101,0.0,10.462255022591194,0.0
Rhrzs,355.0823529411765,0.0,17.415515405954995,0.0,348.1748059233316,0.0,234.0,0.0,153.0368183563479,0.0,12.570409126933626,0.0,15.297058540778355,0.0,10.187331790729253,0.0,800.988105085113,0.0,247.08488910695655,0.0,175.71926484901138,0.0,10.97127787368128,0.0,18.962628478564614,0.0,6324.364186917583,0.0,1964.2942406630814,0.0,12.570409060268545,0.0,11.328385084013311,0.0,9.149494943928968,0.0
Riege,372.1137254901961,0.0,17.680445541782596,0.0,329.9778432956046,0.0,182.0,0.0,119.90999580321089,0.0,11.850522829512979,0.0,13.490737563232042,0.0,9.056483395017647,0.0,2808.0319268629173,0.0,341.8792827963227,0.0,241.53244558465252,0.0,4.511867673367515,0.0,13.709050427074887,0.0,7354.599285852655,0.0,2884.473804351255,0.0,11.850522828473972,0.0,10.666233739111197,0.0,8.046895094935012,0.0
Riffe,360.32941176470587,0.0,17.409952210909687,0.0,397.93066991123396,0.0,287.0,0.0,197.45042913932224,0.0,14.10421241070739,0.0,16.941074346097416,0.0,11.906591181508821,0.0,1511.2463944402039,0.0,813.9430065905382,0.0,595.335063362252,0.0,4.337223613550778,0.0,17.59372940584539,0.0,10013.288517615847,0.0,6534.049868765158,0.0,14.104212365164015,0.0,13.22766300645683,0.0,10.970235528694518,0.0
Rigil,343.92549019607844,0.0,17.11046184800565,0.0,402.41968513725817,0.0,317.0,0.0,212.90336862334817,0.0,14.225282670474787,0.0,17.804493814764857,0.0,12.185445269334167,0.0,1821.7174128829686,0.0,384.560766575566,0.0,282.51573097083445,0.0,8.857535924468694,0.0,16.709476179419244,0.0,8067.153986033162,0.0,3271.9611792231462,0.0,14.225282662753512,0.0,14.030667770295809,0.0,11.19961185681526,0.0
Rilie,305.1372549019608,0.0,16.141130737944703,0.0,358.28190171935523,0.0,249.0,0.0,164.06009736983344,0.0,12.900937993087279,0.0,15.7797338380595,0.0,10.562991502790846,0.0,775.9143487649116,0.0,140.09593939302957,0.0,99.06834671640154,0.0,8.583852999991063,0.0,14.170293814509531,0.0,9899.742866553124,0.0,4356.492455039749,0.0,12.900937976976799,0.0,12.240356864076146,0.0,9.64553409107495,0.0
Rille,314.7529411764706,0.0,16.405097622057447,0.0,368.46512231034023,0.0,256.0,0.0,171.92775540408172,0.0,13.247529209629876,0.0,16.0,0.0,10.934798309884524,0.0,780.4470286762834,0.0,149.4616081183092,0.0,118.7157232870662,0.0,7.3312187089332195,0.0,13.232570096021982,0.0,10420.053992820147,0.0,4444.414014375962,0.0,13.247529200386467,0.0,12.512534670577503,0.0,9.998724229437878,0.0
Rinde,374.0313725490196,0.0,17.828575829526844,0.0,327.21581116253924,0.0,196.0,0.0,126.3312435788158,0.0,11.814637545228472,0.0,14.0,0.0,9.175984635203696,0.0,784.5681261301214,0.0,168.08983170342538,0.0,118.77932909643883,0.0,3.6067280099064027,0.0,12.709642768595877,0.0,7569.015289341442,0.0,3427.530298820573,0.0,11.814637538909997,0.0,11.077429968883305,0.0,8.16665190964506,0.0
Ringe,383.2352941176471,0.0,17.999494631719767,0.0,336.5946223092978,0.0,201.0,0.0,131.23618824337,0.0,12.0791809718998,0.0,14.177446878757825,0.0,9.426207246339384,0.0,2808.0495512230345,0.0,342.31916263004246,0.0,241.71036003224725,0.0,4.455480996534703,0.0,12.775608617847983,0.0,7367.141030313466,0.0,2912.4548472197457,0.0,12.079180972914033,0.0,11.236623568681923,0.0,8.391954136996445,0.0
Rippe,390.25882352941176,0.0,18.205279958779734,0.0,337.036242748214,0.0,195.0,0.0,131.96079368818914,0.0,12.22332634688464,0.0,13.96424004376894,0.0,9.660489663354312,0.0,1261.9523545563243,0.0,754.4175728759996,0.0,653.9138088024347,0.0,4.051947490529015,0.0,26.107898208577446,0.0,7334.298682363221,0.0,2908.8814354122783,0.0,12.223326351975734,0.0,11.45281475392379,0.0,8.798179292348749,0.0
Risse,311.7176470588235,0.0,16.181865291783108,0.0,311.2747682420217,0.0,174.0,0.0,110.18180100132852,0.0,11.24146104447882,0.0,13.19090595827292,0.0,8.458196865755657,0.0,764.8971262593667,0.0,89.38031080658496,0.0,58.99396064721407,0.0,7.378742518490567,0.0,12.679337120505094,0.0,7716.288261269176,0.0,2903.7848853763335,0.0,11.241461038219857,0.0,9.890180516790304,0.0,7.424563552253141,0.0
Ritze,325.10980392156864,0.0,16.632297203491845,0.0,325.7200397378199,0.0,205.0,0.0,131.37399827973232,0.0,11.815732383575016,0.0,14.317821063276353,0.0,9.290582208592195,0.0,766.228890914882,0.0,99.19998601163604,0.0,68.86759375341364,0.0,5.601291091616323,0.0,13.931639221577843,0.0,7389.62221602644,0.0,2971.1187939660635,0.0,11.815732383361743,0.0,10.83206487071721,0.0,8.31133802262331,0.0
Rkbnn,431.30196078431374,0.0,19.20767019674105,0.0,355.0384140358028,0.0,230.0,0.0,155.51345298909877,0.0,12.862336169399956,0.0,15.165750888103101,0.0,10.442169462784967,0.0,1373.5365260189803,0.0,1404.256572683851,0.0,1118.1852927923817,0.0,4.718588337819429,0.0,44.96700290889793,0.0,7312.415051919302,0.0,3865.3203148561774,0.0,12.862336145886815,0.0,11.806245651514601,0.0,9.419570018320737,0.0
Rkscr,343.61176470588236,0.0,17.08603329157787,0.0,353.012476539937,0.0,236.0,0.0,155.64474303160054,0.0,12.715246603657619,0.0,15.362291495737216,0.0,10.314567558767294,0.0,1372.1587467966435,0.0,1404.812777108799,0.0,1118.2806013681327,0.0,13.009180482401376,0.0,46.554609412416184,0.0,7701.012402487644,0.0,4079.4389304090473,0.0,12.715246581672089,0.0,11.475146486877449,0.0,9.223759192704323,0.0
Rktlt,354.1921568627451,0.0,17.379938675332653,0.0,386.36675820066773,0.0,287.0,0.0,197.02970766338825,0.0,13.90616943067287,0.0,16.941074346097416,0.0,11.84129248731555,0.0,1377.416389057644,0.0,1407.3188976522597,0.0,1121.282823013813,0.0,11.113562592422197,0.0,44.82517714291899,0.0,8148.651719028444,0.0,3974.4323923038846,0.0,13.906169433972186,0.0,13.192349800916277,0.0,10.874138098672532,0.0
Rldsh,389.7725490196078,0.0,18.205822272805722,0.0,373.4798211334912,0.0,263.0,0.0,177.26815290619052,0.0,13.394758463562894,0.0,16.217274740226856,0.0,11.164778508387657,0.0,875.7777968656001,0.0,462.43450314670105,0.0,328.63362908089863,0.0,4.195732087679826,0.0,22.275267049724796,0.0,7083.814171792614,0.0,3159.5065045127826,0.0,13.394758484196194,0.0,12.817407326165235,0.0,10.169000704312209,0.0
Rmstr,366.0431372549019,0.0,17.617262426650115,0.0,402.85476302806035,0.0,297.0,0.0,207.66232366393365,0.0,14.380277077299995,0.0,17.233687939614086,0.0,12.329211841583454,0.0,10094.514341643848,0.0,828.599192017014,0.0,640.9712994246962,0.0,13.280059187392323,0.0,21.34785746698224,0.0,7288.999700808774,0.0,2010.6944161463903,0.0,14.38027706305394,0.0,13.539117302959221,0.0,11.36594720342677,0.0
Rntzt,346.6823529411765,0.0,17.192714138670954,0.0,336.66860091023057,0.0,225.0,0.0,145.7837642328262,0.0,12.22772780586147,0.0,15.0,0.0,9.839561499892048,0.0,767.7603542413949,0.0,116.79162640833958,0.0,81.0959046591333,0.0,9.078204857034375,0.0,18.23527202294578,0.0,8664.066162459369,0.0,2278.9475391496367,0.0,12.227727807236002,0.0,11.15545970746528,0.0,8.782851436455058,0.0
Rnvmt,397.0313725490196,0.0,18.395757413361007,0.0,407.5687386101217,0.0,307.0,0.0,214.59004034756825,0.0,14.537968429267282,0.0,17.52141546793523,0.0,12.516652493116402,0.0,7899.085535241243,0.0,648.8650576377188,0.0,495.87997512492456,0.0,4.518004801467274,0.0,23.838417143870544,0.0,8729.205362064613,0.0,2699.7702538693384,0.0,14.537968425100871,0.0,13.575442979854058,0.0,11.573810538697282,0.0
Robbe,412.60392156862747,0.0,18.65235651843724,0.0,319.63788601992155,0.0,160.0,0.0,108.78245284670045,0.0,11.613388031277966,0.0,12.649110640673518,0.0,8.749624895435309,0.0,773.827120571786,0.0,117.18969749040778,0.0,84.02292874274586,0.0,3.62095946711021,0.0,17.12414170704205,0.0,6083.203419585329,0.0,1765.935783548183,0.0,11.613388014942887,0.0,10.457531008429704,0.0,7.818481195934799,0.0
Rocho,374.98039215686276,0.0,17.8002924520986,0.0,312.2614856517219,0.0,151.0,0.0,101.19836738562562,0.0,11.336474001490199,0.0,12.288205727444508,0.0,8.385078600612273,0.0,814.0973747997119,0.0,337.5511775390918,0.0,226.94365061204317,0.0,4.335417646786957,0.0,15.095522294640244,0.0,6265.737429649662,0.0,1504.9448121673813,0.0,11.336473985683243,0.0,9.653724166616922,0.0,7.41536011164756,0.0
Rohre,368.67058823529413,0.0,17.679568747447785,0.0,332.7841353381475,0.0,202.0,0.0,133.82724097890815,0.0,12.093938715876249,0.0,14.212670403551895,0.0,9.573131160727716,0.0,772.6378406381381,0.0,127.5681000792164,0.0,89.70454351747745,0.0,7.629268652790847,0.0,14.286064853059267,0.0,5804.37172863256,0.0,1631.7732248861366,0.0,12.093938700658644,0.0,11.06627839645386,0.0,8.654972779938095,0.0
Rohöl,388.3137254901961,0.0,18.137360466041496,0.0,357.2617602921879,0.0,224.0,0.0,153.75101118673683,0.0,12.90460469131475,0.0,14.966629547095765,0.0,10.494188201637419,0.0,886.5718810654753,0.0,382.5768081623315,0.0,304.7051162386208,0.0,6.204657355236036,0.0,24.237155012565285,0.0,6486.247805458813,0.0,2872.555554476166,0.0,12.904604682833497,0.0,12.021159564556564,0.0,9.547332750275997,0.0
Rolle,336.6745098039216,0.0,16.919021460983846,0.0,359.3489213834152,0.0,225.0,0.0,155.4249498677956,0.0,13.00529783572774,0.0,15.0,0.0,10.552881651784077,0.0,783.9498463776521,0.0,158.5034326323413,0.0,126.30358625130235,0.0,8.101142238285577,0.0,12.843443597250495,0.0,9296.97989315474,0.0,3692.286137179336,0.0,13.005297819156798,0.0,11.775086956234354,0.0,9.660563880459685,0.0
Roman,426.01176470588234,0.0,19.01904628239108,0.0,379.1569619792407,0.0,238.0,0.0,168.80988549477746,0.0,13.636887112440313,0.0,15.427248620541512,0.0,11.177013003447673,0.0,3407.5337254049723,0.0,279.2824601833194,0.0,212.57495952476924,0.0,3.4147416838864624,0.0,15.066118240960982,0.0,5752.739364601907,0.0,2049.6627055587983,0.0,13.636887103901985,0.0,12.067799711706892,0.0,10.13513734637006,0.0
Rommé,461.54117647058825,0.0,19.76335079388301,0.0,457.6160729386023,0.0,328.0,0.0,246.88555251698517,0.0,15.984401537208072,0.0,18.110770276274835,0.0,13.942533269520927,0.0,8576.72858620562,0.0,769.1607895674622,0.0,600.9395679910174,0.0,3.5636609284937273,0.0,114.94449968166103,0.0,5694.448087515578,0.0,2385.480239073365,0.0,15.98440152554809,0.0,14.794791283652637,0.0,13.087947737230305,0.0
Romon,417.0862745098039,0.0,18.81610433621657,0.0,375.27862793789154,0.0,228.0,0.0,164.52790133832494,0.0,13.561371638713432,0.0,15.0996688705415,0.0,11.130127179160242,0.0,3408.3488165459416,0.0,287.00043673078903,0.0,219.93876060257773,0.0,3.5843330082042373,0.0,16.431571430314325,0.0,5647.169921023933,0.0,1911.9115320378633,0.0,13.56137162865493,0.0,12.017952348375816,0.0,10.156214018160352,0.0
Rondo,398.97254901960787,0.0,18.382044128125013,0.0,327.7951965276302,0.0,178.0,0.0,120.13630936471415,0.0,11.91195108749337,0.0,13.341664064126334,0.0,9.191025145077413,0.0,831.5698128101606,0.0,367.3073841973946,0.0,249.89776179792054,0.0,2.992797925476769,0.0,16.01160392025701,0.0,5928.773938320501,0.0,2410.3672745131457,0.0,11.911951080317992,0.0,10.660509900872182,0.0,8.201491881154846,0.0
Rosen,355.56470588235294,0.0,17.309513843887306,0.0,299.84872591045144,0.0,140.0,0.0,91.31475516067391,0.0,10.869410741891597,0.0,11.832159566199232,0.0,7.835382182795834,0.0,768.2990711827246,0.0,100.04949001127335,0.0,70.51580105413946,0.0,5.605023430725223,0.0,12.85278349746968,0.0,6067.107435203223,0.0,1292.1776317489025,0.0,10.869410735152753,0.0,8.937721394163338,0.0,6.830314856082298,0.0
Roton,360.9372549019608,0.0,17.46863482400325,0.0,312.7164624808594,0.0,162.0,0.0,107.83911883471656,0.0,11.40791224998872,0.0,12.727922061357855,0.0,8.608922671683125,0.0,773.8110997162081,0.0,131.41930342023002,0.0,97.4847102775231,0.0,5.089924903075829,0.0,15.498260276474342,0.0,5682.402899438985,0.0,1506.0855005398437,0.0,11.407912246453098,0.0,9.720243679256273,0.0,7.597494819509226,0.0
Rotor,335.18823529411765,0.0,16.828580529716003,0.0,316.27157194653876,0.0,179.0,0.0,117.26313579650571,0.0,11.531292986249584,0.0,13.379088160259652,0.0,8.910881601879717,0.0,774.1022431153948,0.0,138.8256371343953,0.0,101.1625234499962,0.0,9.417112754197902,0.0,15.780363353513081,0.0,5718.937673385396,0.0,1498.6830973356102,0.0,11.53129298279056,0.0,10.235886954954902,0.0,7.884548835089595,0.0
Rotos,339.01176470588234,0.0,16.867505939885262,0.0,310.0711487616991,0.0,161.0,0.0,106.28480892424935,0.0,11.293600484738032,0.0,12.68857754044952,0.0,8.53223954729571,0.0,773.9617953237245,0.0,133.5035988875995,0.0,98.90262521203694,0.0,8.528866543032036,0.0,16.45786795415009,0.0,5682.933096145089,0.0,1492.634121921011,0.0,11.293600479101274,0.0,9.597934498905824,0.0,7.5177416588108095,0.0
Rotte,338.3450980392157,0.0,16.858705398470498,0.0,323.32455353413593,0.0,182.0,0.0,122.61749819543726,0.0,11.824898162575902,0.0,13.490737563232042,0.0,9.230804678307345,0.0,770.5064167409942,0.0,115.69791936265912,0.0,84.81731460967475,0.0,7.810358976690532,0.0,11.948851960199171,0.0,6118.885310491793,0.0,1901.1819815841827,0.0,11.824898160440505,0.0,10.40624007804288,0.0,8.330476554840955,0.0
Route,356.8313725490196,0.0,17.35049988366315,0.0,322.8915291620186,0.0,185.0,0.0,123.11614212111257,0.0,11.800434528604677,0.0,13.601470508735444,0.0,9.189576379554527,0.0,769.8397333016992,0.0,118.7625393759087,0.0,84.48280619524505,0.0,7.221829409006083,0.0,12.838130228632636,0.0,6543.0556390495785,0.0,1931.1041028365153,0.0,11.800434517007549,0.0,10.637380981668718,0.0,8.253366592119349,0.0
Rpssh,387.1372549019608,0.0,18.089763791097038,0.0,352.71809274695033,0.0,215.0,0.0,146.81378948667557,0.0,12.735077004770432,0.0,14.66287829861518,0.0,10.238846866172045,0.0,1622.1209170337897,0.0,1189.7977375811847,0.0,956.5917493577172,0.0,7.114090484318162,0.0,25.86037868383662,0.0,8191.000101911037,0.0,2328.8032169644134,0.0,12.735076983821418,0.0,11.220045305237136,0.0,9.267875747769653,0.0
Rqhrl,382.63529411764705,0.0,18.089603965435437,0.0,384.39580347688695,0.0,279.0,0.0,189.15785653602498,0.0,13.750511728792436,0.0,16.703293088490067,0.0,11.559569393687385,0.0,247440.2263475543,0.0,80286.44463879302,0.0,78040.62127101657,0.0,10.9222054369213,0.0,189.69265161337344,0.0,6769.402326526876,0.0,2710.9682552719974,0.0,13.75051173625326,0.0,13.096299562974405,0.0,10.560802707408177,0.0
Rqngk,456.56078431372543,0.0,19.692011116363847,0.0,379.50540614104204,0.0,242.0,0.0,169.03049794459642,0.0,13.549901573950693,0.0,15.556349186104045,0.0,11.118449575093583,0.0,247454.8547064953,0.0,80286.94747460006,0.0,78040.9370295818,0.0,2.841809096164245,0.0,189.73894007704166,0.0,6033.519474510578,0.0,2441.4846287571477,0.0,13.549901571602986,0.0,12.635786156751605,0.0,10.02659096647917,0.0
Rqvxs,364.2392156862745,0.0,17.567115218530187,0.0,347.19377513422296,0.0,227.0,0.0,149.51515009433555,0.0,12.541297476540372,0.0,15.066519173319364,0.0,10.107170030130716,0.0,247439.9205349113,0.0,80285.90340110713,0.0,78040.2989104627,0.0,10.162197509110928,0.0,249.14900783285324,0.0,6157.683480782295,0.0,2159.208400029608,0.0,12.541297476893908,0.0,10.915950918161707,0.0,9.043626412983839,0.0
Rqzgz,417.75686274509803,0.0,18.863212256250925,0.0,364.9015053837488,0.0,237.0,0.0,160.42488347786738,0.0,13.092711492015974,0.0,15.394804318340652,0.0,10.655401482696334,0.0,247454.66695348505,0.0,80286.58383047626,0.0,78040.65329591422,0.0,4.745178898933576,0.0,192.85799677694956,0.0,7043.185585521151,0.0,2210.5171692523445,0.0,13.092711493662758,0.0,11.95198595881365,0.0,9.54907651179053,0.0
Rrhmc,402.01176470588234,0.0,18.512309152497203,0.0,415.922734638901,0.0,317.0,0.0,222.61908425279321,0.0,14.769910112926624,0.0,17.804493814764857,0.0,12.802468250208895,0.0,7900.336646102689,0.0,654.2069121598788,0.0,498.753771066936,0.0,4.340632271417994,0.0,58.363012990690564,0.0,6985.532767287786,0.0,2441.6952176867107,0.0,14.769910101161457,0.0,13.928974609726584,0.0,11.909013608342804,0.0
Rrhrn,362.14509803921567,0.0,17.620073921470297,0.0,358.1438082676558,0.0,260.0,0.0,170.18053850416476,0.0,12.942397291370025,0.0,16.1245154965971,0.0,10.717547716708882,0.0,770.1257132577289,0.0,132.48817470474316,0.0,92.61729943984331,0.0,5.298192641305747,0.0,16.95679912427376,0.0,6980.316581710197,0.0,1992.7627091312695,0.0,12.942397276793647,0.0,12.072615137131955,0.0,9.724272584967302,0.0
Rrtqt,346.9686274509804,0.0,17.14449481385046,0.0,345.6175725220516,0.0,229.0,0.0,151.38810174125268,0.0,12.534314259915465,0.0,15.132745950421556,0.0,10.187933223446395,0.0,51416868.84382751,0.0,413746.8425953944,0.0,408230.4195249193,0.0,5.342354714675703,0.0,450.6465683611727,0.0,7002.285291464307,0.0,2165.6896367226473,0.0,12.534314247721865,0.0,11.407396171712037,0.0,9.15259357747415,0.0
Rstfr,331.8470588235294,0.0,16.717763886755847,0.0,371.940093213062,0.0,269.0,0.0,180.80893632201477,0.0,13.384314506988202,0.0,16.401219466856727,0.0,11.235977215352937,0.0,1185.6675965907955,0.0,567.2243837678828,0.0,411.4183711843021,0.0,7.694260679570661,0.0,24.375650043148124,0.0,5911.184293206895,0.0,1468.4528172290793,0.0,13.384314519727416,0.0,12.466472696175003,0.0,10.243834352704543,0.0
Rstwh,396.3019607843137,0.0,18.31592000959193,0.0,387.1828895726269,0.0,269.0,0.0,187.49446845406317,0.0,13.887409490135063,0.0,16.401219466856727,0.0,11.686082414212851,0.0,10073.852052664737,0.0,2147.756593150495,0.0,2113.719429877256,0.0,5.7962974865420165,0.0,51.71681838797867,0.0,6617.628013729301,0.0,1469.9670624337973,0.0,13.887409482350327,0.0,12.864204007106782,0.0,10.688797072357163,0.0
Rthpl,391.0078431372549,0.0,18.261854997318835,0.0,373.751061020433,0.0,264.0,0.0,179.7076551329465,0.0,13.467005951836985,0.0,16.24807680927192,0.0,11.300779880069605,0.0,1044.968323449562,0.0,551.6339666867124,0.0,444.96263496432226,0.0,4.953897248858793,0.0,26.80012401530131,0.0,6588.178959274622,0.0,2786.0398593537107,0.0,13.467005967551469,0.0,13.099508471077636,0.0,10.365956649309547,0.0
Rthsp,389.4901960784314,0.0,18.161996479164642,0.0,352.9374442470639,0.0,232.0,0.0,156.51129362030792,0.0,12.793488271842428,0.0,15.231546211727817,0.0,10.480158393672825,0.0,3249.86025613217,0.0,1985.9192631787773,0.0,1883.080011499705,0.0,4.108561717369619,0.0,40.050153757883066,0.0,5897.7496748338535,0.0,2232.647059541386,0.0,12.79348826318174,0.0,12.185643301829291,0.0,9.539780651671638,0.0
Rthwh,435.156862745098,0.0,19.245074365951897,0.0,406.70268092791406,0.0,304.0,0.0,211.69322207306934,0.0,14.469251056838162,0.0,17.435595774162696,0.0,12.415285452133862,0.0,10074.655535766015,0.0,2149.321674186333,0.0,2114.6744979854366,0.0,4.280306129860522,0.0,50.115467362004225,0.0,6623.105648540973,0.0,2126.4640633206664,0.0,14.469251048830136,0.0,14.152020218979692,0.0,11.436852157103418,0.0
Rtswr,353.6235294117647,0.0,17.29917137488363,0.0,379.2372057130027,0.0,275.0,0.0,186.66156024730662,0.0,13.627434033957686,0.0,16.583123951777,0.0,11.493781850221177,0.0,10070.094855742398,0.0,2123.2334617423217,0.0,2101.84575786532,0.0,5.589036720937317,0.0,48.260230367541546,0.0,6932.535913328129,0.0,1936.5108569646998,0.0,13.62743403368903,0.0,13.044369781928118,0.0,10.447486995149918,0.0
Rtthr,348.74901960784314,0.0,17.21555451287288,0.0,336.7346610805995,0.0,230.0,0.0,148.6689561865196,0.0,12.256772138128355,0.0,15.165750888103101,0.0,9.950928790182733,0.0,775.4326574624014,0.0,128.4936300071354,0.0,92.9934561839065,0.0,6.060512980084627,0.0,18.35963228809043,0.0,6372.03710053063,0.0,2146.1231039774448,0.0,12.256772145337056,0.0,11.708225266391327,0.0,8.9120411980402,0.0
Rubin,383.16078431372546,0.0,18.087140941442396,0.0,354.9741809946199,0.0,235.0,0.0,157.3296803069706,0.0,12.856708856174833,0.0,15.329709716755891,0.0,10.42089072356705,0.0,774.6489753292027,0.0,139.4312363649334,0.0,95.51838121318706,0.0,6.585566376284293,0.0,14.205702876221597,0.0,6048.77840000115,0.0,1544.6847914434084,0.0,12.856708862308325,0.0,11.937058394441056,0.0,9.458315669757608,0.0
Ruffu,399.30196078431374,0.0,18.37630153989847,0.0,408.05045014934376,0.0,296.0,0.0,206.05600829949336,0.0,14.452517836671232,0.0,17.204650534085253,0.0,12.222038862190493,0.0,1511.9412998089688,0.0,817.2000789170113,0.0,597.2087172862654,0.0,4.223105191420396,0.0,22.937484026507928,0.0,8935.201095265722,0.0,6084.928686764118,0.0,14.45251782079838,0.0,13.223479607009542,0.0,11.256342623462876,0.0
Rugby,441.16862745098035,0.0,19.30465279089895,0.0,375.51427368487407,0.0,247.0,0.0,169.64141829629168,0.0,13.409161633903524,0.0,15.716233645501712,0.0,11.00352862093533,0.0,6377.8796076972985,0.0,462.7301672154983,0.0,338.7101814841669,0.0,3.4774220952601578,0.0,18.810287912861273,0.0,6236.481718194162,0.0,1869.2674603238493,0.0,13.409161636861286,0.0,12.332872130174383,0.0,9.975993716710272,0.0
Ruhru,385.721568627451,0.0,18.166538310499643,0.0,352.0201165031823,0.0,242.0,0.0,158.93562567536537,0.0,12.750257884463766,0.0,15.556349186104045,0.0,10.366419995692796,0.0,770.4480936958554,0.0,137.1196751280479,0.0,91.7722535273052,0.0,6.374606549858096,0.0,20.662418899939986,0.0,5949.258260483066,0.0,1764.276356985132,0.0,12.750257893351021,0.0,11.843256008469417,0.0,9.37633870570503,0.0
Ruine,354.4823529411765,0.0,17.37629623641958,0.0,313.8210115248353,0.0,168.0,0.0,108.16711062298572,0.0,11.381847166108297,0.0,12.96148139681572,0.0,8.459766680719252,0.0,767.7535759189391,0.0,91.77539643918378,0.0,63.04730495437192,0.0,6.325556765109212,0.0,12.395277732066578,0.0,6163.555253254642,0.0,2095.7880877793027,0.0,11.381847176973126,0.0,9.501096602016599,0.0,7.395426747784834,0.0
Rumpf,451.9294117647059,0.0,19.59387737936014,0.0,434.48117912154896,0.0,308.0,0.0,224.35190650308093,0.0,15.253262827052033,0.0,17.549928774784245,0.0,13.083275294694102,0.0,4092.9392371090053,0.0,1222.6066569484897,0.0,954.3097135992571,0.0,3.53780434343299,0.0,24.436146449402383,0.0,5963.8669740115965,0.0,2163.7637297241354,0.0,15.2532628334028,0.0,14.001672650164675,0.0,12.092321651842738,0.0
Rumse,399.156862745098,0.0,18.378255124954286,0.0,372.6675776187908,0.0,230.0,0.0,163.66997221642993,0.0,13.46873479604878,0.0,15.165750888103101,0.0,11.022165772368893,0.0,3406.5461889293547,0.0,272.4668038662798,0.0,208.01899513206078,0.0,6.89956306909475,0.0,14.988309048372269,0.0,5830.652179831424,0.0,2139.1626348092786,0.0,13.46873480308127,0.0,11.830338483338807,0.0,10.063387823088302,0.0
Runde,402.96862745098036,0.0,18.500120847096387,0.0,322.06458772139877,0.0,174.0,0.0,114.82616989915203,0.0,11.680739189197809,0.0,13.19090595827292,0.0,8.862160407224549,0.0,784.7495164574834,0.0,170.37034370528025,0.0,121.24378355038978,0.0,3.769216907140694,0.0,12.58822147208281,0.0,6075.858429093222,0.0,2478.5287245938116,0.0,11.680739199728002,0.0,10.352703838866683,0.0,7.856502779070233,0.0
Runen,384.50588235294117,0.0,18.097790238977392,0.0,304.86090125323517,0.0,158.0,0.0,101.20090280043999,0.0,11.07088013164675,0.0,12.569805089976535,0.0,8.150299987695387,0.0,764.7309384866163,0.0,87.29418348734046,0.0,59.194062227170164,0.0,4.916849096376236,0.0,12.345725411630422,0.0,5749.486517327101,0.0,1489.8641230732367,0.0,11.070880146439766,0.0,9.55913757194322,0.0,7.123412390936871,0.0
Rvrms,368.9294117647059,0.0,17.7153393631192,0.0,405.49673754193566,0.0,307.0,0.0,213.84963616749536,0.0,14.479665239436052,0.0,17.52141546793523,0.0,12.503755419390867,0.0,7899.029179912875,0.0,648.9975010514858,0.0,496.3635673712345,0.0,5.335979561113371,0.0,98.6304022089242,0.0,6199.042801560181,0.0,2589.246279406873,0.0,14.479665234963303,0.0,13.237770768760333,0.0,11.566306337254007,0.0
Rzdjr,362.59215686274507,0.0,17.604713901597304,0.0,390.72554233525534,0.0,296.0,0.0,200.17527600485352,0.0,13.946894839729206,0.0,17.204650534085253,0.0,11.863826505375874,0.0,1720.3698660607386,0.0,483.2934699154473,0.0,382.0998832945392,0.0,9.086124765245204,0.0,54.87790932962532,0.0,5929.381868696562,0.0,1479.357046924251,0.0,13.946894815887209,0.0,13.320512573670033,0.0,10.833358635244448,0.0
Räder,390.4117647058823,0.0,18.145845554297836,0.0,334.62309507806094,0.0,202.0,0.0,132.82389226857967,0.0,12.094517124862703,0.0,14.212670403551895,0.0,9.523923826956484,0.0,818.2435256477459,0.0,309.35586889553036,0.0,224.2537465595515,0.0,9.656618550388593,0.0,15.272417068739763,0.0,9682.026940389904,0.0,6305.960231662104,0.0,12.094517129775932,0.0,11.24901992746368,0.0,8.44776138613224,0.0
Räume,433.18823529411765,0.0,19.13562231866242,0.0,394.24482637110265,0.0,266.0,0.0,188.82278642431817,0.0,14.123690248162035,0.0,16.30950643030009,0.0,11.850716125117577,0.0,7899.306366626781,0.0,649.6231052158824,0.0,496.923396367634,0.0,3.290428014178367,0.0,17.24869093477372,0.0,9939.95568798426,0.0,6511.729538957108,0.0,14.12369025872605,0.0,13.141872642306955,0.0,10.940332020270487,0.0
Röcke,383.34509803921566,0.0,17.977919303086257,0.0,328.23420723393053,0.0,179.0,0.0,120.5687088693964,0.0,11.89370211388716,0.0,13.379088160259652,0.0,9.182779494044667,0.0,797.2248481071687,0.0,245.04616504806884,0.0,177.74563492551846,0.0,4.619788640938484,0.0,18.35327382735998,0.0,9679.716122919179,0.0,8931.740357840994,0.0,11.893702092212676,0.0,10.402287479256636,0.0,8.266643499185493,0.0
Rösön,381.1490196078431,0.0,17.877347510681933,0.0,326.9375214973214,0.0,168.0,0.0,114.59447832217893,0.0,11.851152044463454,0.0,12.96148139681572,0.0,9.016277998410454,0.0,807.1212670103212,0.0,291.29331566580674,0.0,234.06930435483073,0.0,4.284240145332058,0.0,23.805011592582776,0.0,9873.627027415914,0.0,9110.552570216623,0.0,11.851152063841848,0.0,10.150935239882166,0.0,8.002659533438667,0.0
Rüben,413.34117647058827,0.0,18.70931361632084,0.0,325.2371583316145,0.0,177.0,0.0,118.26543720342443,0.0,11.81705916343699,0.0,13.30413469565007,0.0,9.038145025905436,0.0,773.9573369853446,0.0,128.79108763976154,0.0,93.44438544988606,0.0,5.266704090618547,0.0,14.208021672712402,0.0,6051.5622463156615,0.0,4490.0673701142105,0.0,11.817059193084047,0.0,10.589327711211208,0.0,8.079354570236557,0.0
Sache,343.9450980392157,0.0,16.921326424549786,0.0,293.722695472281,0.0,133.0,0.0,81.84580690864964,0.0,10.476432553650914,0.0,11.532562594670797,0.0,7.175172900912467,0.0,764.8696569617074,0.0,76.50317708928354,0.0,47.55287432058392,0.0,3.2118722341212917,0.0,8.705182252235552,0.0,5185.122537756988,0.0,1082.495311041806,0.0,10.476432525910129,0.0,8.488601804855392,0.0,6.007992447203708,0.0
Safes,329.9294117647059,0.0,16.49248031555175,0.0,325.1886390284461,0.0,182.0,0.0,117.5001280827549,0.0,11.670147379413379,0.0,13.490737563232042,0.0,8.90199118595168,0.0,1209.6340824623649,0.0,592.3159880613277,0.0,435.3927132878744,0.0,4.714311007476504,0.0,17.348276556481984,0.0,8077.868466969315,0.0,5956.500015125083,0.0,11.670147309804085,0.0,9.80273469440571,0.0,7.78493749450292,0.0
Salat,321.43921568627457,0.0,16.377563163163153,0.0,325.98953434612145,0.0,198.0,0.0,124.29599257396605,0.0,11.691994742897494,0.0,14.071247279470288,0.0,8.94843630605876,0.0,770.4873017505506,0.0,112.36223515354435,0.0,78.74598789035822,0.0,3.2351769113723665,0.0,13.088657296629886,0.0,7880.567749487537,0.0,3565.5444956015617,0.0,11.691994714060517,0.0,10.38190748517062,0.0,7.7028064387974755,0.0
Salch,334.65882352941173,0.0,16.75445392303584,0.0,345.98226491334924,0.0,215.0,0.0,139.42482305620032,0.0,12.369168320840489,0.0,14.66287829861518,0.0,9.691999570572396,0.0,825.4948942028085,0.0,352.31706682807646,0.0,245.00714264309445,0.0,5.02252121045826,0.0,13.638266578329157,0.0,7857.71685562632,0.0,3738.3370200084273,0.0,12.369168279656789,0.0,10.798742675799524,0.0,8.551392249827462,0.0
Salet,309.49411764705883,0.0,16.050883622153115,0.0,313.2253310952416,0.0,178.0,0.0,111.79410713462768,0.0,11.272289196843358,0.0,13.341664064126334,0.0,8.494113116190771,0.0,769.3196472696782,0.0,100.56806914335935,0.0,72.00961258104212,0.0,3.917785239940855,0.0,11.45751096659623,0.0,7787.721146028302,0.0,3454.0397452244847,0.0,11.272289162747791,0.0,9.985353902568532,0.0,7.374457067558504,0.0
Salon,332.0862745098039,0.0,16.69036009059912,0.0,321.9168551258456,0.0,179.0,0.0,115.00727944794684,0.0,11.590361102879564,0.0,13.379088160259652,0.0,8.73295005969303,0.0,774.1440131083966,0.0,130.68896651500734,0.0,97.01723553464294,0.0,3.5736377540050666,0.0,14.340456682806327,0.0,7792.499961918472,0.0,3481.8024378503364,0.0,11.590361066188283,0.0,9.880097836272382,0.0,7.564986868006853,0.0
Salut,319.5294117647059,0.0,16.365101041638493,0.0,324.0987980530389,0.0,205.0,0.0,128.30799572904388,0.0,11.675165049009816,0.0,14.317821063276353,0.0,9.08500379594641,0.0,770.1378570372565,0.0,116.8539289251784,0.0,80.19700731523689,0.0,3.2846967179192927,0.0,13.310923335779577,0.0,8009.364933732321,0.0,3459.701971860316,0.0,11.67516502091806,0.0,10.53599649346025,0.0,7.941647132048986,0.0
Salve,312.38039215686274,0.0,16.15847079376405,0.0,326.7612122830525,0.0,191.0,0.0,122.92633823596054,0.0,11.772620552110462,0.0,13.820274961085254,0.0,9.035254201966952,0.0,770.5050823162326,0.0,116.33671216759664,0.0,83.85324288072007,0.0,3.4267711212460283,0.0,34.44349914978196,0.0,7818.251466624422,0.0,3488.136508353282,0.0,11.772620512821268,0.0,9.783567369720105,0.0,7.953744502614045,0.0
Salze,318.1803921568627,0.0,16.34546685820764,0.0,325.8042314558811,0.0,191.0,0.0,122.03935335667649,0.0,11.72383392870916,0.0,13.820274961085254,0.0,8.95875449107688,0.0,770.1310572403381,0.0,111.5068416597616,0.0,80.6907285048653,0.0,2.908971564610663,0.0,13.205925093630531,0.0,7803.983408228405,0.0,3544.485462189343,0.0,11.723833888137627,0.0,10.126992374400801,0.0,7.870034731775208,0.0
Samen,386.0509803921569,0.0,17.98684683254173,0.0,357.549554840936,0.0,213.0,0.0,147.26331090064758,0.0,12.89320075858696,0.0,14.594519519326424,0.0,10.327505997048759,0.0,3406.2061880845404,0.0,266.97425524611873,0.0,203.4984319395851,0.0,4.565240462347249,0.0,10.344892935359358,0.0,4389.467427975361,0.0,1582.865430272797,0.0,12.89320074503552,0.0,11.192181082501957,0.0,9.27885037150762,0.0
Samma,434.5725490196079,0.0,19.104739332820262,0.0,456.5423857215882,0.0,349.0,0.0,252.2168716629314,0.0,15.858616309038755,0.0,18.681541692269406,0.0,13.839442646048413,0.0,8568.327986076018,0.0,700.9973576681815,0.0,535.7166312335069,0.0,7.098950188468012,0.0,15.372501952594403,0.0,4475.826332783553,0.0,2171.5611403070648,0.0,15.85861629082734,0.0,14.674981410598946,0.0,12.81351470752208,0.0
Sande,367.9372549019607,0.0,17.532268048209385,0.0,309.25640634818933,0.0,160.0,0.0,100.78374888773817,0.0,11.096601956255252,0.0,12.649110640673518,0.0,8.102376579559115,0.0,783.4407508306309,0.0,163.78844016797783,0.0,114.92061022566122,0.0,3.8061450543255972,0.0,9.843561244933698,0.0,4772.123907161568,0.0,2171.5117644030342,0.0,11.096601935891123,0.0,9.618130870075683,0.0,6.955061218287577,0.0
Satin,311.0,0.0,16.137638953807965,0.0,333.58001550654063,0.0,214.0,0.0,137.0316495232336,0.0,12.052219818820676,0.0,14.628738838327793,0.0,9.490639187605243,0.0,770.1899329217711,0.0,122.58025208006698,0.0,81.03658589269807,0.0,4.457614750195566,0.0,11.323577195272835,0.0,4736.4140306577665,0.0,1067.0529326197347,0.0,12.052219801733756,0.0,10.691202865959756,0.0,8.418862081236805,0.0
Satta,322.27450980392155,0.0,16.346434027670742,0.0,331.65995710050737,0.0,213.0,0.0,136.41507344617835,0.0,11.981695455589747,0.0,14.594519519326424,0.0,9.472670825317563,0.0,769.6501567008235,0.0,141.94599944972938,0.0,97.20456420848083,0.0,3.4305248464841083,0.0,14.300609939665042,0.0,5003.698160698653,0.0,1614.6309132281706,0.0,11.981695437870888,0.0,10.670014142301936,0.0,8.317607541883477,0.0
Sauha,377.2627450980392,0.0,17.785139959621183,0.0,319.27516777680535,0.0,195.0,0.0,120.7659598616133,0.0,11.483106645856708,0.0,13.96424004376894,0.0,8.743602114574431,0.0,769.0207817026552,0.0,136.6198454930127,0.0,88.93116484289386,0.0,4.4251315723088,0.0,17.536015237442275,0.0,5662.455785213629,0.0,1315.7432724871258,0.0,11.483106622010848,0.0,10.382838680607419,0.0,7.475667560649873,0.0
Sbhls,351.9254901960784,0.0,17.18344428224445,0.0,371.20952433017806,0.0,253.0,0.0,170.36946738058015,0.0,13.294527113593771,0.0,15.905973720586866,0.0,10.946954159048461,0.0,810.150035334859,0.0,237.13176172819792,0.0,183.8865595224468,0.0,7.407810876420412,0.0,27.91716990518187,0.0,6868.919234900315,0.0,2427.3741193330025,0.0,13.294526996933342,0.0,12.196194476096691,0.0,9.911850405462934,0.0
Sbndb,413.34901960784316,0.0,18.633429793850432,0.0,356.1688261553195,0.0,211.0,0.0,143.0509325423701,0.0,12.758446210239246,0.0,14.52583904633395,0.0,10.09663953556179,0.0,867.4544525934426,0.0,366.49516037358484,0.0,280.0106792311167,0.0,5.846210750236031,0.0,31.75510619267965,0.0,5979.794116104746,0.0,2887.8142778576143,0.0,12.75844608034777,0.0,11.288481951108842,0.0,9.017526527688323,0.0
Scdzn,344.89019607843136,0.0,17.043807229010465,0.0,340.9394155941743,0.0,224.0,0.0,143.89322836685722,0.0,12.25625563367441,0.0,14.966629547095765,0.0,9.7750654531231,0.0,816.0888649779525,0.0,304.40781961013977,0.0,219.59265180622066,0.0,4.536152785520408,0.0,19.83740268233036,0.0,4563.00800145989,0.0,2236.30239594198,0.0,12.256255594825376,0.0,10.9441470010991,0.0,8.634079898786,0.0
Schaf,357.44705882352946,0.0,17.25402359618165,0.0,361.264680972438,0.0,243.0,0.0,158.89388622172328,0.0,12.84121315855764,0.0,15.588457268119896,0.0,10.416679096771064,0.0,2323.956677135364,0.0,1109.6441163674995,0.0,856.7411719667283,0.0,5.866370554257737,0.0,21.67647560167128,0.0,4923.6837405510005,0.0,2427.3550759771974,0.0,12.841213129789345,0.0,11.633270008886676,0.0,9.256936465033014,0.0
Schah,371.99607843137255,0.0,17.6627986451318,0.0,338.46361719523725,0.0,211.0,0.0,135.37542923357677,0.0,12.11778476698098,0.0,14.52583904633395,0.0,9.50380495356474,0.0,824.6583469049998,0.0,351.6000278267151,0.0,242.84030196525086,0.0,7.581500527122446,0.0,19.93495807408477,0.0,4730.953502539518,0.0,2393.4784257629453,0.0,12.11778471666507,0.0,10.861840195670316,0.0,8.36020710440259,0.0
Scham,391.643137254902,0.0,18.12693124314574,0.0,392.6070030714289,0.0,274.0,0.0,189.07996576941667,0.0,13.956584540908144,0.0,16.55294535724685,0.0,11.712763644652686,0.0,4373.522634130928,0.0,408.1467199489571,0.0,302.99351957575846,0.0,10.724247036209363,0.0,16.213774891333642,0.0,4776.072314698518,0.0,2381.804136188775,0.0,13.956584511210423,0.0,12.74778573848243,0.0,10.632291614610374,0.0
Schar,329.3176470588235,0.0,16.606109130024798,0.0,325.110115790898,0.0,209.0,0.0,128.98899023181593,0.0,11.639218321407645,0.0,14.45683229480096,0.0,9.040311631805558,0.0,770.2123703846876,0.0,120.42292812973241,0.0,77.71050010505321,0.0,4.96275669109792,0.0,15.26114634461009,0.0,4771.660673776316,0.0,2384.060681440464,0.0,11.639218285758464,0.0,10.59061943692447,0.0,7.798445729838132,0.0
Scheu,342.03529411764714,0.0,16.90926506107836,0.0,312.7606916196426,0.0,180.0,0.0,112.44184405802368,0.0,11.2487618784004,0.0,13.416407864998739,0.0,8.499668413760098,0.0,769.489818914741,0.0,116.97200221859772,0.0,74.90976273417868,0.0,4.176995861558689,0.0,17.469917924412798,0.0,4593.358664536235,0.0,2213.373764161105,0.0,11.248761820808166,0.0,9.955638265217672,0.0,7.443590577576932,0.0
Schib,341.77647058823527,0.0,16.93327747949629,0.0,363.0332383680411,0.0,249.0,0.0,164.37178669829473,0.0,12.98951682393489,0.0,15.7797338380595,0.0,10.628144448865509,0.0,828.273038256322,0.0,299.1725338765948,0.0,226.56739562658345,0.0,5.765960418575223,0.0,22.625305143123388,0.0,4866.987714611625,0.0,2224.664980294721,0.0,12.989516766456363,0.0,12.00463909296923,0.0,9.616502154473977,0.0
Schil,303.81176470588235,0.0,15.997103736326403,0.0,372.2543743377786,0.0,277.0,0.0,181.5073225387966,0.0,13.29400343093593,0.0,16.64331697709324,0.0,11.113563187948923,0.0,866.2202276921429,0.0,325.3073890601778,0.0,243.28922047522263,0.0,4.8946657959362065,0.0,16.951948756951385,0.0,5696.586989172868,0.0,2775.5802082877976,0.0,13.2940033968034,0.0,12.578764837673859,0.0,10.106351434797169,0.0
Schin,324.2196078431372,0.0,16.52000430082246,0.0,347.3834291969756,0.0,239.0,0.0,153.52020895688278,0.0,12.48177172324662,0.0,15.459624833740307,0.0,10.084317125071271,0.0,774.5892088664534,0.0,137.2505178698706,0.0,91.20249030439066,0.0,4.5179118767168545,0.0,14.049978187986952,0.0,4866.132848005354,0.0,2223.277903966616,0.0,12.481771663761151,0.0,11.52298606780817,0.0,9.034815608942138,0.0
Schjr,312.54509803921565,0.0,16.188674659640256,0.0,366.88137851764066,0.0,269.0,0.0,175.07620179032216,0.0,13.09740398469249,0.0,16.401219466856727,0.0,10.872688580245297,0.0,1698.8265889956,0.0,388.4996240910093,0.0,318.1485316429109,0.0,5.13894631761834,0.0,46.19311620323689,0.0,4746.736485277619,0.0,2222.1107871220656,0.0,13.09740394349684,0.0,12.307354454386719,0.0,9.796083898096933,0.0
Schjß,385.435294117647,0.0,17.888904888461447,0.0,427.85182335699346,0.0,323.0,0.0,224.5947826136432,0.0,14.889208484431943,0.0,17.97220075561143,0.0,12.789568321421948,0.0,24494.18817634138,0.0,11847.962630656342,0.0,6497.481426214641,0.0,11.073149701558373,0.0,72.59060136945843,0.0,5416.4939113613755,0.0,2273.194919742316,0.0,14.889208434894666,0.0,13.917433592396081,0.0,11.775082549776338,0.0
Schnb,371.8,0.0,17.672866967072217,0.0,333.496475858218,0.0,201.0,0.0,129.47430925549708,0.0,11.976102622963683,0.0,14.177446878757825,0.0,9.322233145649692,0.0,823.096944007911,0.0,285.14315838640135,0.0,218.13953640236429,0.0,7.634450936417617,0.0,23.79364841665433,0.0,4636.763005318477,0.0,2255.7589467042612,0.0,11.97610257115962,0.0,10.566145916204698,0.0,8.197428231581139,0.0
Schnm,390.81960784313725,0.0,18.148707354068122,0.0,388.8986634333627,0.0,273.0,0.0,188.13772401347507,0.0,13.879453051655892,0.0,16.522711641858304,0.0,11.678693737997511,0.0,4373.36993591205,0.0,405.86168580446696,0.0,301.77260530033954,0.0,10.701864133087508,0.0,16.456919057527685,0.0,4683.959228539178,0.0,2247.0983875934508,0.0,13.87945302076745,0.0,12.686463390675282,0.0,10.631211647770952,0.0
Schor,320.3921568627451,0.0,16.373286821464617,0.0,321.23178174954876,0.0,199.0,0.0,124.7070060753634,0.0,11.55064992713621,0.0,14.106735979665885,0.0,8.98227954058445,0.0,773.8104813010932,0.0,137.37627064728085,0.0,96.04096430699873,0.0,4.807273304264539,0.0,10.540718919650072,0.0,4643.43527069265,0.0,2266.560166267943,0.0,11.550649886918954,0.0,10.533784162879087,0.0,7.825818161645917,0.0
Schub,370.7137254901961,0.0,17.638941052274024,0.0,335.31407920320174,0.0,209.0,0.0,134.42855416651653,0.0,12.049099838736153,0.0,14.45683229480096,0.0,9.495459822471751,0.0,823.5811136945862,0.0,290.1658604870173,0.0,220.34939144567906,0.0,7.5433907301126135,0.0,23.316889055919443,0.0,4940.774842429678,0.0,2228.9860684868113,0.0,12.049099785743683,0.0,10.790104094744924,0.0,8.423617131812899,0.0
Schur,327.40784313725493,0.0,16.59381864966384,0.0,323.21937949781545,0.0,216.0,0.0,133.00099338689375,0.0,11.622312204852745,0.0,14.696938456699069,0.0,9.175511759511236,0.0,769.8628008786325,0.0,124.62443755495525,0.0,79.1804975992775,0.0,4.926073260265353,0.0,15.726682137325847,0.0,4980.806788879725,0.0,2222.611143914826,0.0,11.622312166559302,0.0,10.74171490237706,0.0,8.03444384472816,0.0
Sclbl,314.05490196078426,0.0,16.250054860463983,0.0,360.09766206552763,0.0,241.0,0.0,158.56181288282517,0.0,12.86457270971363,0.0,15.524174696260024,0.0,10.414275863768317,0.0,865.1125974824292,0.0,317.81960129099264,0.0,240.87853953456414,0.0,4.72428273100378,0.0,22.618031143906347,0.0,8616.585714314468,0.0,4394.941253226472,0.0,12.864572671378397,0.0,11.6796162388903,0.0,9.334073545255093,0.0
Sdhsn,373.2392156862745,0.0,17.696697072451833,0.0,335.94589321567554,0.0,207.0,0.0,134.46644341313285,0.0,12.117549239938931,0.0,14.38749456993816,0.0,9.525994409558063,0.0,1516.27263120059,0.0,1564.6570545480781,0.0,1194.7038400300057,0.0,4.767137250329244,0.0,27.45578314576181,0.0,4814.067366982609,0.0,2333.730972797753,0.0,12.117549052101497,0.0,10.938871440267532,0.0,8.428430598790426,0.0
Sdldc,353.83137254901965,0.0,17.224722716617528,0.0,353.5413669234239,0.0,219.0,0.0,145.79407192876275,0.0,12.661142425555017,0.0,14.798648586948742,0.0,10.08261356854458,0.0,1532.8091376329676,0.0,1573.5498211795275,0.0,1200.630343740938,0.0,4.3264351069757305,0.0,62.74232207859577,0.0,8139.08312654684,0.0,4368.388926849784,0.0,12.66114227427898,0.0,11.339386653830504,0.0,8.98932058580919,0.0
Sdnft,361.0431372549019,0.0,17.364288745720398,0.0,372.90293338566164,0.0,263.0,0.0,176.20062149249537,0.0,13.337716551545206,0.0,16.217274740226856,0.0,11.102950166943032,0.0,1764.2358726937512,0.0,1659.9321352894158,0.0,1260.8713136132644,0.0,5.155293912997123,0.0,28.10574260474451,0.0,4641.196340097221,0.0,2073.46483543284,0.0,13.337716466325707,0.0,12.638287145638262,0.0,10.089521838984888,0.0
Seele,306.0,0.0,15.927190159907367,0.0,313.2029564125081,0.0,162.0,0.0,106.6767046578444,0.0,11.35515467398842,0.0,12.727922061357855,0.0,8.533199400655421,0.0,772.9509703428068,0.0,123.19647462006806,0.0,98.3153597805134,0.0,2.9902711795361494,0.0,11.818376784807592,0.0,5772.461069001005,0.0,1306.7854602417483,0.0,11.355154639114875,0.0,9.581250187587063,0.0,7.60560014577916,0.0
Segel,344.78823529411767,0.0,16.908790303936104,0.0,336.1599381667718,0.0,200.0,0.0,132.15028556711047,0.0,12.08197042308176,0.0,14.142135623730951,0.0,9.55148962459341,0.0,1818.5937936500698,0.0,370.07364624036455,0.0,273.22100776995376,0.0,5.856096507395032,0.0,13.092811754013278,0.0,5366.119700136343,0.0,1974.3736190825898,0.0,12.081970389129946,0.0,10.937908921010905,0.0,8.557272567668653,0.0
Segen,365.19607843137254,0.0,17.404321408514843,0.0,311.28899302596886,0.0,162.0,0.0,104.16317198519667,0.0,11.182043973877276,0.0,12.727922061357855,0.0,8.331453606375531,0.0,1776.7763916519948,0.0,223.53369079410896,0.0,154.20106525283836,0.0,4.571798754951766,0.0,8.495693945124367,0.0,4474.178213843277,0.0,1066.802213871034,0.0,11.182043927941427,0.0,9.705242636502776,0.0,7.26061069582518,0.0
Segtä,368.8509803921569,0.0,17.436843359499274,0.0,358.6568262269037,0.0,237.0,0.0,157.79466848357083,0.0,12.821478350621048,0.0,15.394804318340652,0.0,10.45105422376433,0.0,2236.0124183085327,0.0,1458.9801055774656,0.0,1307.98440533422,0.0,5.401631485484184,0.0,550.0350971853138,0.0,5043.248039750181,0.0,1684.6003272862547,0.0,12.821478294821068,0.0,11.845562006780337,0.0,9.347523690475041,0.0
Seher,328.70980392156866,0.0,16.564108445108506,0.0,298.9648892657782,0.0,165.0,0.0,101.59083855270777,0.0,10.77142633873634,0.0,12.84523257866513,0.0,8.015865944112637,0.0,766.7677781882353,0.0,97.39450696934723,0.0,62.15892355858213,0.0,5.088895574108377,0.0,9.514354354310123,0.0,4695.65240462323,0.0,1305.3951388494245,0.0,10.771426300872765,0.0,9.703239496528145,0.0,6.951417835436482,0.0
Seile,287.0980392156863,0.0,15.474646948896854,0.0,331.02509721893426,0.0,195.0,0.0,128.1413578496521,0.0,11.977597313437663,0.0,13.96424004376894,0.0,9.338191398365934,0.0,776.145641648028,0.0,128.36178667467624,0.0,101.34069595303122,0.0,3.9664669390975043,0.0,10.95084729084149,0.0,6133.069621956177,0.0,1960.5587804693243,0.0,11.977597283502567,0.0,10.332960802595867,0.0,8.359538586782337,0.0
Sekte,334.98823529411766,0.0,16.70442965238664,0.0,324.8026743832204,0.0,196.0,0.0,129.3511880898546,0.0,11.851032410448278,0.0,14.0,0.0,9.39949520876311,0.0,855.7700560571927,0.0,463.57015500944556,0.0,370.7298323763199,0.0,3.665049899176915,0.0,20.803599500684577,0.0,5272.556132609828,0.0,2608.8626966444626,0.0,11.851032370967399,0.0,10.756397854220353,0.0,8.487953621871453,0.0
Senke,354.5607843137255,0.0,17.235424389969204,0.0,306.8968268754645,0.0,171.0,0.0,107.46294694802413,0.0,11.078855970774832,0.0,13.076696830622021,0.0,8.33923370606904,0.0,779.068120087229,0.0,166.5108019492392,0.0,121.55698229631024,0.0,4.320732055874516,0.0,10.473793884723415,0.0,4583.235706941103,0.0,1041.3094796324747,0.0,11.078855938298503,0.0,9.696397853268344,0.0,7.303591175842426,0.0
Seoul,319.0549019607843,0.0,16.333291904944755,0.0,317.038398335702,0.0,185.0,0.0,118.75353463192403,0.0,11.491389757655053,0.0,13.601470508735444,0.0,8.90928530355572,0.0,868.3913879455938,0.0,344.2651313483408,0.0,264.0948535341475,0.0,2.663037109514873,0.0,19.289838449877056,0.0,5737.481829271688,0.0,1923.5070248048175,0.0,11.491389734515103,0.0,9.98713732983505,0.0,7.9013507422220215,0.0
Serie,281.75686274509803,0.0,15.313909767664315,0.0,312.20480810260017,0.0,184.0,0.0,115.95635735870209,0.0,11.291696593906241,0.0,13.564659966250536,0.0,8.66681789920502,0.0,768.4706229743322,0.0,115.33969928590645,0.0,75.28313286542628,0.0,4.863079449399218,0.0,11.136302044261418,0.0,4803.099401629057,0.0,1011.6294698514625,0.0,11.291696561451767,0.0,9.913001640760061,0.0,7.716818525701581,0.0
Serum,358.3921568627451,0.0,17.35415039544467,0.0,366.83876081791743,0.0,249.0,0.0,170.26001393881342,0.0,13.253735281243449,0.0,15.7797338380595,0.0,11.073033775723442,0.0,4372.459328682611,0.0,403.64107404244095,0.0,299.5155454995881,0.0,10.299410708912427,0.0,10.443232010878429,0.0,4899.624087318207,0.0,984.5026412248548,0.0,13.253735259693086,0.0,11.887704058408369,0.0,10.101793080052843,0.0
Seshe,332.5333333333333,0.0,16.60365389208782,0.0,288.84000130074924,0.0,130.0,0.0,80.3721219002829,0.0,10.347037373010757,0.0,11.40175425099138,0.0,7.139889765439581,0.0,764.6903061090518,0.0,77.04796930556144,0.0,48.79394161973598,0.0,3.649247289351255,0.0,13.848437521034256,0.0,5700.731041402944,0.0,1264.1210298428728,0.0,10.347037335027267,0.0,8.326449518519627,0.0,6.0281603654732345,0.0
Setup,345.3372549019608,0.0,16.981617036834205,0.0,311.0132803972278,0.0,170.0,0.0,109.75182654421981,0.0,11.280748169637453,0.0,13.038404810405298,0.0,8.589127085797305,0.0,3247.113679223229,0.0,1984.0605006311018,0.0,1881.7102919522354,0.0,6.775751560758936,0.0,38.030530880827605,0.0,4926.239247863501,0.0,1159.6654633285912,0.0,11.280748142780604,0.0,9.666848038087183,0.0,7.618176757802455,0.0
Seugt,355.6588235294118,0.0,17.177723564291373,0.0,322.9246069060821,0.0,189.0,0.0,120.59354242908134,0.0,11.610934758982046,0.0,13.74772708486752,0.0,8.926277629516454,0.0,2807.8039964602035,0.0,342.54487541849346,0.0,240.94788190737026,0.0,5.333440928785606,0.0,12.550639603763104,0.0,5179.255340297084,0.0,1462.204754704753,0.0,11.610934723672955,0.0,10.515018765567623,0.0,7.765453183837335,0.0
Sgpdr,397.4980392156863,0.0,18.237307078438953,0.0,364.9035382702572,0.0,234.0,0.0,157.70071957333818,0.0,13.0104241299192,0.0,15.297058540778355,0.0,10.573134257121058,0.0,76626.13720740943,0.0,9854.242204820763,0.0,7124.057882908834,0.0,6.393242480298507,0.0,44.68125441016898,0.0,5107.030401474995,0.0,2486.075866015082,0.0,13.01042411002608,0.0,12.18344728235076,0.0,9.526430845391397,0.0
Shows,370.83137254901965,0.0,17.59955785680692,0.0,376.4673898781148,0.0,251.0,0.0,172.6059367452901,0.0,13.4788992265195,0.0,15.84297951775486,0.0,11.169985839983344,0.0,10073.17463130572,0.0,2138.539784140098,0.0,2110.53427300424,0.0,4.037372432752952,0.0,46.789664416301065,0.0,6105.4082623604245,0.0,1459.1290444502763,0.0,13.478899132170298,0.0,12.183964970851,0.0,10.126179987768937,0.0
Shshr,345.956862745098,0.0,17.05157069165982,0.0,336.18722082209877,0.0,213.0,0.0,136.55626347692538,0.0,12.09358324696509,0.0,14.594519519326424,0.0,9.529008893641267,0.0,801.4680785871258,0.0,244.8757835219015,0.0,172.3768110941215,0.0,4.821477696819498,0.0,19.09778685173196,0.0,6307.420905938043,0.0,1656.2227621743377,0.0,12.093583168388138,0.0,10.810403565674296,0.0,8.41684143183714,0.0
Shstr,309.45490196078435,0.0,16.07714724666433,0.0,348.13898577368343,0.0,234.0,0.0,152.70402098716573,0.0,12.544962415657162,0.0,15.297058540778355,0.0,10.164815991867838,0.0,801.4315683476434,0.0,249.33183941662762,0.0,176.6270305209595,0.0,7.644663078247955,0.0,17.021677545749295,0.0,6174.193846857241,0.0,1931.8309346356,0.0,12.544962302780009,0.0,11.303748461640811,0.0,9.102825348697188,0.0
Sicht,304.6470588235294,0.0,15.965232795308104,0.0,313.83609366615815,0.0,194.0,0.0,118.7840315664545,0.0,11.260572271390103,0.0,13.92838827718412,0.0,8.609393278433274,0.0,765.8686114589829,0.0,84.31440362269745,0.0,52.25047228012653,0.0,4.877666764284693,0.0,8.609404008391515,0.0,6977.132182471284,0.0,2667.6686154870918,0.0,11.260572249945088,0.0,10.443766503458063,0.0,7.497009657845418,0.0
Siebe,325.06274509803916,0.0,16.440597812726605,0.0,301.2751873810596,0.0,155.0,0.0,95.93951394715216,0.0,10.795374846659875,0.0,12.449899597988733,0.0,7.792713027400861,0.0,765.6017468574162,0.0,82.10444883723855,0.0,52.81386057810392,0.0,5.439993897597343,0.0,13.244976148462252,0.0,6749.142670698948,0.0,2799.612383251081,0.0,10.795374825584371,0.0,9.507591821083814,0.0,6.745944939575615,0.0
Siege,335.1725490196078,0.0,16.65280946425173,0.0,320.63637636225883,0.0,175.0,0.0,111.56210018787183,0.0,11.452316413988447,0.0,13.228756555322953,0.0,8.590917337622143,0.0,2807.8848541052603,0.0,340.5093286169489,0.0,240.01508374224295,0.0,6.597362637665545,0.0,11.154312378606171,0.0,6437.991186588026,0.0,2688.746410463183,0.0,11.452316398279947,0.0,10.075540425729008,0.0,7.527670828097288,0.0
Sifti,282.53333333333336,0.0,15.349442418054636,0.0,382.78811385217614,0.0,293.0,0.0,193.28377119441245,0.0,13.624985249009098,0.0,17.11724276862369,0.0,11.511026915683997,0.0,1294.6222223350478,0.0,655.232497322509,0.0,470.11089154116667,0.0,4.977831545732707,0.0,22.89350340739287,0.0,9643.742458806972,0.0,6560.246400624183,0.0,13.624985185850033,0.0,12.760534664661991,0.0,10.474077774126744,0.0
Sihls,304.3450980392157,0.0,15.995345343704207,0.0,359.86596670906397,0.0,264.0,0.0,170.8853571555983,0.0,12.913809123084944,0.0,16.24807680927192,0.0,10.70889927930851,0.0,778.0198514004878,0.0,144.03430793478992,0.0,110.11461232880009,0.0,4.694717399576676,0.0,13.906359452169212,0.0,7472.676491885917,0.0,2859.2559979210287,0.0,12.913809111096242,0.0,12.377672169541375,0.0,9.681342714249217,0.0
Sihni,316.6549019607843,0.0,16.367663002300077,0.0,338.3324451542282,0.0,238.0,0.0,148.97408845836517,0.0,12.159212008439987,0.0,15.427248620541512,0.0,9.800263166775606,0.0,893.6850386103525,0.0,289.81194963939856,0.0,182.06962006987112,0.0,5.305819723140878,0.0,18.448394946612932,0.0,6619.116155201498,0.0,2759.4182972832336,0.0,12.15921201542777,0.0,11.489458790698881,0.0,8.71673708864027,0.0
Silbe,315.77647058823527,0.0,16.26879512234373,0.0,328.87023243104215,0.0,199.0,0.0,126.89460276334617,0.0,11.811209438444882,0.0,14.106735979665885,0.0,9.13277666201247,0.0,771.6407356685853,0.0,108.71496917082952,0.0,77.95193278929769,0.0,5.754895473279196,0.0,15.312112271360405,0.0,9343.437913899923,0.0,4369.688320101315,0.0,11.811209416181795,0.0,10.812984206094667,0.0,8.101829676551295,0.0
Silos,279.31372549019613,0.0,15.268375017113199,0.0,327.8894792876894,0.0,207.0,0.0,130.6525686132182,0.0,11.786142955328144,0.0,14.38749456993816,0.0,9.23494103265648,0.0,774.9025627250222,0.0,134.62719202489242,0.0,99.3071248520415,0.0,3.088088403662861,0.0,14.84165867816326,0.0,9088.180406298558,0.0,4245.316513043872,0.0,11.786142940825378,0.0,10.639667685409734,0.0,8.13991232476932,0.0
Sinai,300.5490196078431,0.0,15.901287188654111,0.0,328.9760088387216,0.0,221.0,0.0,136.15952317344866,0.0,11.786328495274475,0.0,14.866068747318506,0.0,9.267867361218574,0.0,891.4562241695743,0.0,288.3256013959733,0.0,180.3515115712083,0.0,3.9301440513508665,0.0,18.17650873147473,0.0,6555.215838270049,0.0,2747.2860802048795,0.0,11.786328491196574,0.0,10.880072815481002,0.0,8.114280761308027,0.0
Sirgi,301.64313725490194,0.0,15.891411118209446,0.0,356.66371160409426,0.0,255.0,0.0,162.74086440482296,0.0,12.696071830922351,0.0,15.968719422671311,0.0,10.379400416035931,0.0,2845.0376502086133,0.0,438.56400363660896,0.0,295.87389600697315,0.0,5.742515703354952,0.0,18.391053273164033,0.0,6500.564067397427,0.0,2703.7693275428533,0.0,12.696071824798798,0.0,11.851751566718903,0.0,9.269080626750727,0.0
Sirup,320.25882352941176,0.0,16.43880874365351,0.0,328.97255807523726,0.0,220.0,0.0,138.10496454585783,0.0,11.854023366201016,0.0,14.832396974191326,0.0,9.47284255333638,0.0,3247.138760423449,0.0,1984.2947043753547,0.0,1881.729685791651,0.0,8.986854536625625,0.0,37.80798712609133,0.0,6671.525339310852,0.0,2577.1429669694253,0.0,11.85402335878078,0.0,11.024256617364669,0.0,8.46393769893005,0.0
Sitze,288.16862745098035,0.0,15.535482572550317,0.0,316.3785728044741,0.0,198.0,0.0,123.02610266439328,0.0,11.416312525223027,0.0,14.071247279470288,0.0,8.83735746658673,0.0,765.6897314871741,0.0,94.37052556040015,0.0,63.34085271827337,0.0,3.646806991598007,0.0,11.768434425600928,0.0,6477.721020249898,0.0,2781.3993591869616,0.0,11.416312510897082,0.0,10.250931770823902,0.0,7.80971492212127,0.0
Sjjlj,291.5176470588235,0.0,15.632897911663518,0.0,425.38376658826735,0.0,336.0,0.0,228.82720673470502,0.0,14.820845747727796,0.0,18.33030277982336,0.0,12.76596163172842,0.0,10947.149029456084,0.0,2912.0804546935865,0.0,2198.497479460054,0.0,4.291543427507856,0.0,248.72726205455652,0.0,8352.02666032606,0.0,2307.715865734299,0.0,14.820845766241236,0.0,13.951526600994756,0.0,11.700814351741164,0.0
Skala,358.043137254902,0.0,17.356383839294747,0.0,384.34062346386145,0.0,288.0,0.0,193.29089231624698,0.0,13.723770212945121,0.0,16.97056274847714,0.0,11.60592560848605,0.0,1378.8725851610436,0.0,1410.8902020510595,0.0,1123.1324167569687,0.0,4.642117496951004,0.0,44.896180987157294,0.0,7286.566137641553,0.0,3804.0775662713545,0.0,13.723770156509955,0.0,12.790397566914534,0.0,10.51745472432827,0.0
Slawe,353.22352941176473,0.0,17.18769442586897,0.0,371.0732208556368,0.0,259.0,0.0,173.479666275576,0.0,13.267076042629638,0.0,16.09347693943108,0.0,11.01641669396605,0.0,10070.219508202683,0.0,2124.192631306114,0.0,2102.3297539768187,0.0,5.908438283166742,0.0,46.66264636580355,0.0,6746.857849451806,0.0,2902.9681717875055,0.0,13.267076042194127,0.0,12.599727349980922,0.0,9.96880019712396,0.0
Smugs,401.00392156862745,0.0,18.295080570669104,0.0,397.95025325074994,0.0,278.0,0.0,192.67113861282996,0.0,14.101273575890193,0.0,16.673332000533065,0.0,11.877006271216455,0.0,10449.72055185558,0.0,890.2962053648043,0.0,680.8489940026567,0.0,5.83732433154251,0.0,20.922175465201914,0.0,6010.156875281459,0.0,1575.1476136863766,0.0,14.10127354426117,0.0,13.025424219788897,0.0,10.840626448796575,0.0
Sodot,342.4588235294118,0.0,16.86996060855674,0.0,321.77369902245766,0.0,186.0,0.0,121.68498135384299,0.0,11.661923200982438,0.0,13.638181696985855,0.0,9.10401263036535,0.0,821.5496904682581,0.0,312.7420327406537,0.0,227.77350853705943,0.0,4.390991155916609,0.0,16.569851965644087,0.0,4529.076476403872,0.0,1011.9854128258866,0.0,11.661923182731234,0.0,10.57564316968207,0.0,8.046611693922781,0.0
Sofas,332.9490196078431,0.0,16.580629601134316,0.0,337.45457923340507,0.0,200.0,0.0,130.69880706154572,0.0,12.109626917735454,0.0,14.142135623730951,0.0,9.449743692426164,0.0,1213.026858364518,0.0,597.1824077991012,0.0,438.87655958476216,0.0,3.7557558290232365,0.0,18.505594338399156,0.0,8151.316107356052,0.0,6006.967757410808,0.0,12.109626837814284,0.0,10.20825413837901,0.0,8.315197170151647,0.0
Sofos,324.02352941176474,0.0,16.347444414025865,0.0,333.5762451920558,0.0,190.0,0.0,126.4168229050932,0.0,12.024523886316807,0.0,13.784048752090222,0.0,9.394241171994214,0.0,1215.3146607325705,0.0,600.8305803655038,0.0,442.49020277447727,0.0,3.677872256167249,0.0,20.186211113602457,0.0,8077.087404312139,0.0,5961.331655745129,0.0,12.024523804927014,0.0,10.14927787173277,0.0,8.340873944974843,0.0
Sohbt,366.58431372549023,0.0,17.504977926598144,0.0,323.33600173427357,0.0,193.0,0.0,124.25833347394962,0.0,11.687669451272074,0.0,13.892443989449804,0.0,9.088811358694034,0.0,773.0630938085151,0.0,115.36683882692384,0.0,79.95770500432545,0.0,4.866497067102835,0.0,15.392102782484493,0.0,5024.811124921161,0.0,1604.3912972450003,0.0,11.687669423016748,0.0,10.919473303394465,0.0,8.03552226137186,0.0
Sohle,337.07058823529417,0.0,16.79981920775645,0.0,342.0939643673529,0.0,211.0,0.0,141.20496491727982,0.0,12.38715202585077,0.0,14.52583904633395,0.0,9.912026845837088,0.0,780.9490293864608,0.0,148.7649449837511,0.0,115.67945537364498,0.0,4.0266148489547104,0.0,12.044994070846085,0.0,5826.399181568664,0.0,1461.8321554662182,0.0,12.38715198845032,0.0,11.294195567091318,0.0,8.996845062374632,0.0
Solzo,312.27450980392155,0.0,16.19911475123156,0.0,335.00155470197615,0.0,202.0,0.0,133.0440182183134,0.0,12.121425066241986,0.0,14.212670403551895,0.0,9.53255937455801,0.0,818.5382339716541,0.0,345.8135277285226,0.0,234.56866056084843,0.0,2.76751818949154,0.0,16.298795576341757,0.0,7786.886040063004,0.0,3544.8405283518528,0.0,12.121425008458035,0.0,10.556608201627673,0.0,8.528912378570178,0.0
Sonde,359.01176470588234,0.0,17.31190584002575,0.0,308.7581433022684,0.0,158.0,0.0,101.48054242719064,0.0,11.13315147990051,0.0,12.569805089976535,0.0,8.232627789583852,0.0,787.5284078923664,0.0,173.50480179766595,0.0,123.43832516144167,0.0,4.474744663747965,0.0,10.495840517938227,0.0,4744.9226574732265,0.0,2129.939520830778,0.0,11.133151443252054,0.0,9.620113097566806,0.0,7.208295140123591,0.0
Sonko,360.6,0.0,17.403752351853445,0.0,325.8018661550592,0.0,196.0,0.0,127.21607904862668,0.0,11.805234859631945,0.0,14.0,0.0,9.256139910877872,0.0,827.3109259945861,0.0,368.1509553688717,0.0,252.04383241822057,0.0,4.480582134564743,0.0,14.622642061727282,0.0,4441.796903936503,0.0,917.7285860673911,0.0,11.80523483601094,0.0,10.532899120915436,0.0,8.235501109126227,0.0
Sorge,342.4666666666667,0.0,16.848551710244863,0.0,320.7052477164107,0.0,173.0,0.0,112.20660538669166,0.0,11.5074756675495,0.0,13.152946437965905,0.0,8.711407627761462,0.0,2808.8868853605795,0.0,345.78742555150166,0.0,244.43187011491887,0.0,4.778027475453927,0.0,11.096973356747009,0.0,4431.668987119206,0.0,1094.782230740838,0.0,11.507475638285252,0.0,9.83921224316568,0.0,7.658990069785002,0.0
Sorte,295.2274509803922,0.0,15.652592760648918,0.0,313.6167103642957,0.0,182.0,0.0,116.674674267032,0.0,11.37971287353371,0.0,13.490737563232042,0.0,8.780450336836576,0.0,769.0787020981932,0.0,110.59753728197059,0.0,78.27292876722916,0.0,3.317347562770055,0.0,9.954804119495263,0.0,4917.851945293563,0.0,1457.4134212293052,0.0,11.379712842366931,0.0,9.906526741696156,0.0,7.810313850676107,0.0
Sowoe,356.60392156862747,0.0,17.212595193488013,0.0,333.7174388665645,0.0,190.0,0.0,129.5791603598401,0.0,12.13279633265425,0.0,13.784048752090222,0.0,9.61703969988901,0.0,985.4558248118113,0.0,279.82891530696014,0.0,224.45891653953421,0.0,4.273333973900525,0.0,20.801169594959955,0.0,5200.379941641968,0.0,884.7979714465222,0.0,12.132796299070082,0.0,10.942145990806676,0.0,8.705460848476932,0.0
Spann,377.94117647058823,0.0,17.83785011088049,0.0,327.5269744343012,0.0,198.0,0.0,126.92884851020338,0.0,11.809607078746197,0.0,14.071247279470288,0.0,9.184478085984882,0.0,1594.781663043416,0.0,1141.827224540277,0.0,927.7684383221832,0.0,2.899733049657188,0.0,20.931213496535396,0.0,7013.90380328489,0.0,2022.9887581293885,0.0,11.809607032360846,0.0,10.231019683521968,0.0,8.038030030021751,0.0
Spatz,347.48235294117643,0.0,17.078891959301046,0.0,354.2313863779649,0.0,249.0,0.0,163.72572579181238,0.0,12.790564610881711,0.0,15.7797338380595,0.0,10.57658539394883,0.0,1596.320289842262,0.0,1145.0185410648733,0.0,930.2854754674298,0.0,5.3387777478920295,0.0,26.899771280365986,0.0,7357.775276252242,0.0,2330.317571318586,0.0,12.790564555927066,0.0,11.763604737502211,0.0,9.508112064601372,0.0
Speck,360.56862745098033,0.0,17.378394537286216,0.0,348.6164071360485,0.0,213.0,0.0,142.90212652380183,0.0,12.539161738416187,0.0,14.594519519326424,0.0,10.019076208624263,0.0,1624.887065569523,0.0,1169.6648275384882,0.0,953.2938697002843,0.0,4.758249923673847,0.0,23.250716567789343,0.0,7108.560096988942,0.0,2704.6125038629334,0.0,12.53916168579006,0.0,11.02270419077287,0.0,8.95861977061304,0.0
Speer,329.12549019607843,0.0,16.560780599239042,0.0,310.8425867139795,0.0,170.0,0.0,108.54554129569217,0.0,11.217888860809724,0.0,13.038404810405298,0.0,8.496841100149448,0.0,1594.4585682785794,0.0,1141.610381407914,0.0,927.5917995023598,0.0,7.229698262793026,0.0,19.149311765376748,0.0,6984.821369819594,0.0,1885.9201018083643,0.0,11.217888821650526,0.0,9.711767792629265,0.0,7.503526082704741,0.0
Speil,315.5647058823529,0.0,16.278747853570405,0.0,370.7510485117398,0.0,258.0,0.0,173.56575904201122,0.0,13.29429922607788,0.0,16.06237840420901,0.0,11.04105591447258,0.0,1643.5347504114745,0.0,1181.9935761473541,0.0,956.3434612008631,0.0,8.200556447092966,0.0,19.66012666885358,0.0,7740.942794269114,0.0,2521.8388828669817,0.0,13.294299190378064,0.0,12.184385462127544,0.0,10.127985837392458,0.0
Spert,320.6745098039216,0.0,16.359132697263927,0.0,337.60637317829725,0.0,220.0,0.0,142.72741291020165,0.0,12.195088295879758,0.0,14.832396974191326,0.0,9.799226786429244,0.0,1595.0175910984374,0.0,1142.7849822289845,0.0,928.3899877512097,0.0,7.4095305644134175,0.0,20.52255557337881,0.0,6999.337630162943,0.0,1962.2199450268592,0.0,12.195088257422174,0.0,11.016760620701303,0.0,8.798541018448445,0.0
Spgßc,429.46666666666664,0.0,18.847558192694077,0.0,407.2250645149162,0.0,287.0,0.0,200.26363836545798,0.0,14.296655744580814,0.0,16.941074346097416,0.0,12.112240749450379,0.0,2469.2132262005034,0.0,1299.6741855955543,0.0,1028.7999660562955,0.0,6.299469022015672,0.0,60.574460980661186,0.0,7036.395904145015,0.0,2217.634518236164,0.0,14.296655716448734,0.0,13.205573760245548,0.0,11.089218435403135,0.0
Sphlt,354.06666666666666,0.0,17.268852203890994,0.0,375.9392241081144,0.0,273.0,0.0,183.53603194492962,0.0,13.480554669609745,0.0,16.522711641858304,0.0,11.34136417789013,0.0,1601.009862986106,0.0,1147.0702076461378,0.0,932.427211512618,0.0,7.005066584015737,0.0,20.782532986533095,0.0,7986.430746822778,0.0,2295.2500206343993,0.0,13.480554641639111,0.0,12.899686491082335,0.0,10.361996651706292,0.0
Spilt,307.1137254901961,0.0,16.073562151268167,0.0,374.0798099472746,0.0,269.0,0.0,179.9176856557201,0.0,13.405260162034866,0.0,16.401219466856727,0.0,11.190649621336318,0.0,1600.8647889469755,0.0,1146.3198167858577,0.0,931.9750582275984,0.0,6.844593821786774,0.0,19.72590208828437,0.0,8135.125591492195,0.0,2559.792344438904,0.0,13.405260144584853,0.0,12.397060213329153,0.0,10.177053405953657,0.0
Spind,365.556862745098,0.0,17.55303273206773,0.0,356.8613111881274,0.0,236.0,0.0,156.16549782549896,0.0,12.810834609265601,0.0,15.362291495737216,0.0,10.404369729308977,0.0,1738.2757240572093,0.0,1306.8836922707758,0.0,1040.223500272778,0.0,6.064686269531835,0.0,21.879309433765346,0.0,7309.437809346714,0.0,2426.310630079377,0.0,12.810834570719248,0.0,11.400463728378718,0.0,9.335132164722634,0.0
Spion,338.9921568627451,0.0,16.879461390686526,0.0,333.9954872642569,0.0,196.0,0.0,128.80607880859657,0.0,12.04651078658847,0.0,14.0,0.0,9.389943553858524,0.0,1598.1707805055044,0.0,1144.3137721440767,0.0,929.785177921125,0.0,4.3543995440089605,0.0,20.533433313558106,0.0,7274.585323891807,0.0,2439.7578455555413,0.0,12.046510728220651,0.0,10.289509808896101,0.0,8.323084560402208,0.0
Spjlq,355.9098039215686,0.0,17.300691027661355,0.0,410.62692072938825,0.0,302.0,0.0,209.20032053715258,0.0,14.467273088379937,0.0,17.378147196982766,0.0,12.324434635423868,0.0,28921991.355999436,0.0,232905.32551222603,0.0,229776.46147432784,0.0,5.250946165048923,0.0,341.1000366588868,0.0,8433.412865747536,0.0,2221.8883845415753,0.0,14.46727305048158,0.0,13.373949618596978,0.0,11.29025584593401,0.0
Spjtz,330.7098039215686,0.0,16.67329833460865,0.0,376.9858166830908,0.0,272.0,0.0,182.52474789563433,0.0,13.488652196585242,0.0,16.492422502470642,0.0,11.307349422970095,0.0,2269.9010133599486,0.0,1201.2466929379075,0.0,983.2919552595052,0.0,5.332029647351406,0.0,55.625330218298295,0.0,7927.037302634381,0.0,2362.7513767659657,0.0,13.488652157384987,0.0,12.351664737427086,0.0,10.259002188871044,0.0
Spkhn,411.07843137254906,0.0,18.661081303123048,0.0,355.7112769810494,0.0,240.0,0.0,159.97302941611548,0.0,12.855015533434024,0.0,15.491933384829668,0.0,10.540097246115941,0.0,1640.9934893015331,0.0,1228.9634745850499,0.0,997.1415679790442,0.0,3.879558671193931,0.0,30.0817505826915,0.0,7606.663259086192,0.0,2912.422256237,0.0,12.855015510668917,0.0,11.947391146661296,0.0,9.549125746329855,0.0
Spnkt,374.57647058823534,0.0,17.775110574621557,0.0,349.9515396038048,0.0,245.0,0.0,159.23927475409204,0.0,12.608695897282285,0.0,15.652475842498529,0.0,10.37167484832788,0.0,1602.2837299234068,0.0,1151.2159750643775,0.0,934.3894650771039,0.0,4.067935805962185,0.0,19.629693947136293,0.0,7040.845355819187,0.0,1947.6072181338593,0.0,12.608695859031162,0.0,11.871695508928644,0.0,9.329146500606008,0.0
Spnkz,383.2627450980392,0.0,18.041562507191117,0.0,354.72239458460194,0.0,253.0,0.0,164.85888949342495,0.0,12.785027652831172,0.0,15.905973720586866,0.0,10.579768855118811,0.0,1603.0745440568016,0.0,1153.0339172279876,0.0,935.8678897018358,0.0,3.2377881632675183,0.0,27.921729998307335,0.0,7054.29299326469,0.0,1924.033012310841,0.0,12.785027618608472,0.0,11.891724118034118,0.0,9.530327734220979,0.0
Spore,332.14509803921567,0.0,16.64856825878075,0.0,331.6766742696932,0.0,197.0,0.0,130.15749767382803,0.0,12.003021330826591,0.0,14.035668847618199,0.0,9.471485266264713,0.0,1601.2245094722487,0.0,1152.7014202038322,0.0,936.7776028682074,0.0,5.760028035319635,0.0,21.93703155666614,0.0,7068.316703278911,0.0,1967.7226572046015,0.0,12.00302127906538,0.0,10.446094437485174,0.0,8.528235248089716,0.0
Spott,329.8705882352941,0.0,16.56703925559032,0.0,343.84265922824926,0.0,224.0,0.0,149.02714090526854,0.0,12.4652086506742,0.0,14.966629547095765,0.0,10.157356214091315,0.0,1601.5963994459391,0.0,1152.631609211196,0.0,936.9241897550984,0.0,6.565435117098458,0.0,21.691225180386237,0.0,7389.77086149433,0.0,2278.8230539873152,0.0,12.465208610474,0.0,11.427890583238318,0.0,9.163922842011669,0.0
Spqlt,352.28627450980395,0.0,17.198012724622526,0.0,381.6199860810556,0.0,276.0,0.0,187.61387175843942,0.0,13.661374121996827,0.0,16.61324772583615,0.0,11.542841519310086,0.0,28921988.76900114,0.0,232739.3258411923,0.0,229634.02510560543,0.0,6.914800881484991,0.0,338.2321192029762,0.0,7906.776273330486,0.0,2154.0639670543947,0.0,13.66137408520098,0.0,12.973166239958774,0.0,10.544976149150896,0.0
Spqrl,346.10980392156864,0.0,17.083367513398727,0.0,387.64529008038073,0.0,289.0,0.0,194.8686368170758,0.0,13.813006257080138,0.0,17.0,0.0,11.724817760435448,0.0,28921988.771364458,0.0,232739.49830604933,0.0,229634.12272331753,0.0,7.817526131909483,0.0,338.32335070919055,0.0,7630.233631666685,0.0,2605.8077750133916,0.0,13.813006214726867,0.0,12.939618901719808,0.0,10.726310330503672,0.0
Spreu,339.16078431372546,0.0,16.865500914804354,0.0,320.44243807468087,0.0,190.0,0.0,121.64759129634425,0.0,11.583100269136047,0.0,13.784048752090222,0.0,8.996068985634995,0.0,1594.720024998606,0.0,1142.7178745950089,0.0,928.0598953164649,0.0,4.14978884351926,0.0,23.15314568974519,0.0,6992.4047854640585,0.0,1908.90172299591,0.0,11.583100226019369,0.0,10.126850014695755,0.0,8.030385509322754,0.0
Spril,300.9372549019607,0.0,15.950837098793567,0.0,379.9361207928168,0.0,287.0,0.0,190.71306977711717,0.0,13.578074063343509,0.0,16.941074346097416,0.0,11.497659795930916,0.0,1643.5798914507143,0.0,1182.347913684063,0.0,956.4901157572714,0.0,8.393299830120794,0.0,19.656920838121735,0.0,7761.152735853171,0.0,2539.346210507567,0.0,13.578074035643754,0.0,12.71470342117475,0.0,10.546012989718172,0.0
Sprit,301.7725490196078,0.0,15.918873528294718,0.0,355.25952083094046,0.0,258.0,0.0,167.73268516477003,0.0,12.796115605049984,0.0,16.06237840420901,0.0,10.636848821572094,0.0,1597.1578237029591,0.0,1144.9347668356527,0.0,929.5026210808253,0.0,7.895780585809183,0.0,19.717854895231486,0.0,7186.009053189042,0.0,1931.784187850528,0.0,12.796115574877522,0.0,12.049258254225556,0.0,9.656076771787045,0.0
Sprkh,385.32941176470587,0.0,18.06332957769763,0.0,369.2340985622807,0.0,265.0,0.0,175.86412004302224,0.0,13.229526573022321,0.0,16.278820596099706,0.0,11.052173600544965,0.0,1629.3373557613988,0.0,1198.766544915911,0.0,962.7916537643869,0.0,5.75329000901595,0.0,24.448750350564396,0.0,7039.239705199153,0.0,1923.1720621073662,0.0,13.22952654602453,0.0,12.197949002808738,0.0,10.049502931534306,0.0
Spsml,371.3607843137255,0.0,17.669348450454844,0.0,430.8433421065993,0.0,324.0,0.0,230.38960754208296,0.0,15.139634684668481,0.0,18.0,0.0,13.138281719168283,0.0,8031.271728641208,0.0,1341.242841715475,0.0,1073.1932608311981,0.0,4.697358131619784,0.0,21.949175494307998,0.0,7962.81813193748,0.0,2955.242644384937,0.0,15.139634650033193,0.0,13.971169725424799,0.0,12.231223880216607,0.0
Späks,384.32941176470587,0.0,17.919467847868365,0.0,360.7763603532777,0.0,250.0,0.0,164.60805272884872,0.0,12.923036748420941,0.0,15.811388300841896,0.0,10.642130881893117,0.0,1615.8952216291966,0.0,1175.4298268126906,0.0,954.4014709315062,0.0,4.646976921763518,0.0,39.8291039811363,0.0,8124.351058414898,0.0,3922.833507514382,0.0,12.923036725651507,0.0,11.741634478909143,0.0,9.533128919874994,0.0
Späße,425.24313725490197,0.0,18.74444374934905,0.0,385.8563012875732,0.0,255.0,0.0,177.51388878650312,0.0,13.704073184368617,0.0,15.968719422671311,0.0,11.387876655900117,0.0,1883.945039697049,0.0,1301.3826322337165,0.0,1035.4063060949427,0.0,5.7717924675035315,0.0,40.37792783308665,0.0,8143.242271166222,0.0,4072.5244806372725,0.0,13.704073164772522,0.0,12.358152374690077,0.0,10.387371703497294,0.0
Spüle,355.7803921568627,0.0,17.26490797222806,0.0,363.1428455560264,0.0,238.0,0.0,161.64141135207984,0.0,13.080708606587953,0.0,15.427248620541512,0.0,10.714025342949967,0.0,1615.2576801104121,0.0,1177.1905917370445,0.0,957.516440077773,0.0,5.4543764283716385,0.0,27.10152208190494,0.0,8343.709544825859,0.0,4134.035176093603,0.0,13.080708570637096,0.0,11.992411969996667,0.0,9.781307862209333,0.0
Sqfgt,385.39607843137253,0.0,17.873447214800333,0.0,380.8532554934709,0.0,250.0,0.0,170.6316742407105,0.0,13.490211597400691,0.0,15.811388300841896,0.0,11.062454595186992,0.0,247456.43701556302,0.0,80288.69002207895,0.0,78041.82502579661,0.0,5.029773981325925,0.0,189.74146803547828,0.0,8328.165081920952,0.0,6162.057245676291,0.0,13.49021154638031,0.0,12.264568432099946,0.0,9.937461113537255,0.0
Sqnkq,407.10196078431375,0.0,18.532753718750115,0.0,363.4725357501328,0.0,248.0,0.0,164.9590241477266,0.0,13.026870096580268,0.0,15.748015748023622,0.0,10.716947057314362,0.0,28923049.7244952,0.0,246351.95480855627,0.0,242665.50790993407,0.0,5.744907750614049,0.0,386.4399868391353,0.0,4852.530684273763,0.0,1626.7183531753735,0.0,13.026870087169877,0.0,12.103757900348015,0.0,9.618542102193087,0.0
Sqtzt,324.89019607843136,0.0,16.49621861997985,0.0,334.19744005441225,0.0,215.0,0.0,138.87352807287687,0.0,12.089773850573133,0.0,14.66287829861518,0.0,9.63418706938657,0.0,247439.91182610847,0.0,80285.87384161104,0.0,78040.28123013613,0.0,5.393896848573981,0.0,189.17480956246325,0.0,4831.883577270086,0.0,1893.9813290085908,0.0,12.089773838763584,0.0,10.942679606551403,0.0,8.543247850725733,0.0
Srlnt,294.0431372549019,0.0,15.743328106023274,0.0,335.8414894576961,0.0,230.0,0.0,145.6719452702339,0.0,12.126407733957846,0.0,15.165750888103101,0.0,9.75120648654522,0.0,770.8313399765849,0.0,120.31098463538794,0.0,87.74788683691388,0.0,3.3000981448039193,0.0,13.80242940433161,0.0,8731.83210957498,0.0,3641.4642468823317,0.0,12.126407690099409,0.0,10.929232103423397,0.0,8.672206026935884,0.0
Srmfl,352.5725490196078,0.0,17.22589183412484,0.0,459.4192222146039,0.0,375.0,0.0,265.1490120022929,0.0,15.903321699565186,0.0,19.364916731037084,0.0,14.017157298204758,0.0,3546.0191990568333,0.0,688.1924386088659,0.0,508.99744194818953,0.0,6.376108847101205,0.0,20.115818000456425,0.0,6580.186539331779,0.0,2557.024697209977,0.0,15.903321685910432,0.0,14.844135053642757,0.0,13.040746803192631,0.0
Srßgm,445.40784313725493,0.0,19.250557794362198,0.0,472.7597342677168,0.0,369.0,0.0,266.3051746334956,0.0,16.18396757099095,0.0,19.209372712298546,0.0,14.217580650609694,0.0,6508.935401451166,0.0,2127.2624493059357,0.0,1369.5901146170947,0.0,11.872334369634773,0.0,27.2894504034206,0.0,6982.900902338299,0.0,2796.0139469706305,0.0,16.183967549488504,0.0,15.20367840428785,0.0,13.200938114624694,0.0
Ssnkt,335.3058823529411,0.0,16.767970327739636,0.0,328.7177031687462,0.0,224.0,0.0,140.83214204938133,0.0,11.877329111327185,0.0,14.966629547095765,0.0,9.540585890474041,0.0,780.1792014149521,0.0,173.6047317275346,0.0,126.55609798006809,0.0,4.710502718988843,0.0,20.723081371132526,0.0,4677.533677997143,0.0,843.0169746222945,0.0,11.87732907174478,0.0,11.05726710458823,0.0,8.430386130273332,0.0
Ssphr,346.37254901960785,0.0,17.048337998980706,0.0,328.9803046653835,0.0,208.0,0.0,133.31647295826835,0.0,11.895769660668845,0.0,14.422205101855956,0.0,9.417773925525154,0.0,1120.5207801130375,0.0,608.8676130346508,0.0,538.5976332403335,0.0,5.208731124344621,0.0,28.955884652960723,0.0,5285.5747456702065,0.0,1106.8536026586605,0.0,11.895769630472861,0.0,10.941626407159644,0.0,8.365005051850009,0.0
Ssthr,309.4549019607843,0.0,16.07714724666433,0.0,318.00350924166105,0.0,203.0,0.0,126.46306738501941,0.0,11.503085609508341,0.0,14.247806848775006,0.0,8.990312019191354,0.0,766.924841357218,0.0,103.98886886646599,0.0,68.61887322396949,0.0,4.111263315938558,0.0,22.963987628887722,0.0,5370.796782597981,0.0,1231.6370408123862,0.0,11.503085588717544,0.0,10.3257031934992,0.0,7.853052552860915,0.0
Staat,322.27450980392155,0.0,16.346434027670742,0.0,319.585507721828,0.0,207.0,0.0,128.32867971716203,0.0,11.517209504723246,0.0,14.38749456993816,0.0,9.019211283787834,0.0,773.4559218498821,0.0,123.07778170263232,0.0,87.22097873491536,0.0,3.117374140285119,0.0,14.212815200018746,0.0,4653.324737707082,0.0,1916.908387146115,0.0,11.517209490044356,0.0,10.7115300709259,0.0,7.801958264216663,0.0
Stall,300.2078431372549,0.0,15.874863884294168,0.0,380.2737511464462,0.0,290.0,0.0,193.1319580506135,0.0,13.61932240514091,0.0,17.029386365926403,0.0,11.560679198730483,0.0,873.4656882280034,0.0,333.5694175884594,0.0,256.503730060957,0.0,3.786880658014736,0.0,15.384889677758197,0.0,6492.140298460319,0.0,2530.021524068508,0.0,13.619322385277588,0.0,12.994666410365687,0.0,10.537722833114932,0.0
Stann,341.0235294117647,0.0,16.91205876413857,0.0,315.6828229048351,0.0,197.0,0.0,122.37970899165374,0.0,11.409938587154265,0.0,14.035668847618199,0.0,8.819581650424764,0.0,772.6520132138342,0.0,115.63684235673465,0.0,83.03974903527113,0.0,4.751785830247597,0.0,13.004258947444104,0.0,4539.543266303371,0.0,1734.1011878955615,0.0,11.409938560688591,0.0,10.20833631105979,0.0,7.636472616362967,0.0
Starm,351.8509803921569,0.0,17.173710943143046,0.0,407.80350678930233,0.0,318.0,0.0,218.9342174143789,0.0,14.499573239072221,0.0,17.832554500127006,0.0,12.560408475801921,0.0,4374.217526206684,0.0,414.21337665556825,0.0,308.79384441808486,0.0,9.066319123913267,0.0,14.725096957152203,0.0,4573.784623094091,0.0,1744.0248033594921,0.0,14.499573211287672,0.0,13.663891842327745,0.0,11.53628399032762,0.0
Starn,315.27450980392155,0.0,16.250096974247068,0.0,336.751510043092,0.0,236.0,0.0,149.41922491498897,0.0,12.169326980971801,0.0,15.362291495737216,0.0,9.849467088526122,0.0,773.8573292665196,0.0,132.24648880156178,0.0,94.11110380446063,0.0,3.466818514525506,0.0,13.518049081130187,0.0,4524.38935314251,0.0,1753.4944370227024,0.0,12.169326936078413,0.0,11.227950600210766,0.0,8.741384116694261,0.0
Stars,293.34901960784316,0.0,15.602089785990822,0.0,334.1061963239317,0.0,235.0,0.0,147.86491500452178,0.0,12.062233175297212,0.0,15.329709716755891,0.0,9.78251317675455,0.0,774.0080158733667,0.0,134.31794893023113,0.0,95.57907927592727,0.0,4.08492835109588,0.0,13.675881025960724,0.0,4524.758739888126,0.0,1741.6179391613616,0.0,12.062233136910745,0.0,11.122233770538731,0.0,8.672157083199382,0.0
Start,295.70196078431366,0.0,15.685782345220222,0.0,336.9458552220186,0.0,245.0,0.0,154.42595388455567,0.0,12.18215499607798,0.0,15.652475842498529,0.0,9.98880417525043,0.0,773.7974287012148,0.0,131.92936685172697,0.0,93.97037552217587,0.0,3.706878202557678,0.0,12.810659678443432,0.0,4543.572294752401,0.0,1765.9305629819985,0.0,12.18215497260284,0.0,11.620410193303753,0.0,8.885025110950115,0.0
Stcld,315.7960784313726,0.0,16.246375871264448,0.0,367.6595612477694,0.0,256.0,0.0,172.079835018604,0.0,13.209644040839493,0.0,16.0,0.0,10.984926249572926,0.0,1042.1004464680257,0.0,653.5256206363363,0.0,485.34298003444735,0.0,7.113521149817379,0.0,20.8998944228368,0.0,5864.970518848703,0.0,1801.3591753850926,0.0,13.209644021210117,0.0,12.321196584435109,0.0,10.018647934826298,0.0
Steak,346.9333333333333,0.0,17.018568686086077,0.0,333.49379073044656,0.0,205.0,0.0,134.02788351700127,0.0,12.06416394978079,0.0,14.317821063276353,0.0,9.543220427392885,0.0,832.7707260564613,0.0,278.2488667093747,0.0,234.03526160022486,0.0,7.8678950173060755,0.0,16.96130231758471,0.0,4706.052736327523,0.0,2223.879633870206,0.0,12.064163926175107,0.0,10.924700086508834,0.0,8.43559056456441,0.0
Steig,326.72156862745095,0.0,16.452289555050672,0.0,365.7431097522143,0.0,255.0,0.0,169.56988488989631,0.0,13.088091692742257,0.0,15.968719422671311,0.0,10.830598257407782,0.0,4904.61864356582,0.0,614.74275803727,0.0,442.5611024417635,0.0,7.154553783450168,0.0,14.164064131686198,0.0,4770.895806445304,0.0,1569.618499562149,0.0,13.08809165777101,0.0,12.343125396117077,0.0,9.847338235762301,0.0
Steiß,346.19607843137254,0.0,16.906132963970894,0.0,398.56150614650284,0.0,290.0,0.0,199.97210372665796,0.0,14.124417277756448,0.0,17.029386365926403,0.0,12.006890766163275,0.0,24447.580929807333,0.0,11842.508693417349,0.0,6490.503784239215,0.0,10.641085163629027,0.0,57.93675816060687,0.0,5456.63225211847,0.0,1649.4887084783768,0.0,14.124417245239966,0.0,13.23116499883161,0.0,11.086249607342465,0.0
Stern,303.32941176470587,0.0,15.920802164493411,0.0,325.56787646990455,0.0,210.0,0.0,133.17154442208533,0.0,11.795239572552298,0.0,14.491376746189438,0.0,9.310801333124013,0.0,773.1988114658661,0.0,125.07501820678809,0.0,89.86524641519938,0.0,3.0197039969109025,0.0,14.135793837420474,0.0,4498.2836309153345,0.0,1649.4930907725284,0.0,11.79523954106911,0.0,10.580090860432954,0.0,8.28180152510707,0.0
Sters,281.4039215686274,0.0,15.258816978344802,0.0,322.9225627507442,0.0,209.0,0.0,131.61723451161814,0.0,11.684717650817932,0.0,14.45683229480096,0.0,9.239944999312554,0.0,773.3496263844338,0.0,127.26326172116974,0.0,91.40143898869717,0.0,4.253658854015408,0.0,14.197440861906985,0.0,4498.690354501076,0.0,1636.870559668234,0.0,11.684717625164287,0.0,10.467833204223401,0.0,8.208699573914128,0.0
Stetz,298.61960784313726,0.0,15.777315218674547,0.0,331.2036012753113,0.0,222.0,0.0,142.9289057803591,0.0,12.05626723648305,0.0,14.89966442575134,0.0,9.745437953679101,0.0,775.1659722270238,0.0,137.20260336561466,0.0,103.88095731504662,0.0,2.408185847354592,0.0,22.204864542700175,0.0,5031.206793389521,0.0,1997.668815797878,0.0,12.056267209409345,0.0,11.126104926884226,0.0,8.734209898236518,0.0
Stfns,320.6549019607843,0.0,16.31421520758178,0.0,344.25188749376116,0.0,228.0,0.0,147.799867232638,0.0,12.394620751933353,0.0,15.0996688705415,0.0,10.000248478107377,0.0,1215.1234291431729,0.0,597.6996126079305,0.0,440.1779465475586,0.0,3.7279606545525654,0.0,19.83799602008925,0.0,8179.017691512405,0.0,6123.932015024021,0.0,12.394620693832975,0.0,11.043607951281924,0.0,8.909463230141734,0.0
Stftx,313.99607843137255,0.0,16.144447447683163,0.0,378.0416092491297,0.0,283.0,0.0,189.07889262603146,0.0,13.557857331417576,0.0,16.822603841260722,0.0,11.462405584620122,0.0,1218.1265648128733,0.0,605.3319095238594,0.0,447.00228528687035,0.0,3.308089385921343,0.0,66.0814346058157,0.0,8526.134995522769,0.0,6235.527629945931,0.0,13.557857255444898,0.0,12.48761792465428,0.0,10.403600940705411,0.0
Stgßk,432.03921568627453,0.0,18.937821324245167,0.0,425.8790361846694,0.0,327.0,0.0,228.47359972310824,0.0,14.90788237461916,0.0,18.083141320025124,0.0,12.926810404186407,0.0,2056.958659932865,0.0,676.4493827406995,0.0,500.96279809045427,0.0,10.331876766558116,0.0,20.52060696402528,0.0,4677.083150090754,0.0,2355.8216768158472,0.0,14.90788235107159,0.0,14.398950353473866,0.0,11.874613359948073,0.0
Sthst,315.6313725490196,0.0,16.198915385585476,0.0,328.93018240361835,0.0,224.0,0.0,141.75825018280543,0.0,11.917151896797344,0.0,14.966629547095765,0.0,9.610641287550475,0.0,775.7413906359718,0.0,124.18741410993019,0.0,89.1572979578175,0.0,4.516738347126988,0.0,12.683800287056723,0.0,4713.460257552737,0.0,1998.1246586025297,0.0,11.917151896598542,0.0,11.4165650543939,0.0,8.549695668312367,0.0
Stich,304.64705882352945,0.0,15.965232795308104,0.0,346.21674552229445,0.0,231.0,0.0,148.6744828983004,0.0,12.429728709581408,0.0,15.198684153570664,0.0,9.96352656703965,0.0,830.6354746390097,0.0,355.11151394606804,0.0,247.5034500976203,0.0,6.489514755577628,0.0,14.076477066261111,0.0,5035.125874446218,0.0,2592.2963795751198,0.0,12.429728671832487,0.0,11.153783601193211,0.0,8.881261568855157,0.0
Stieg,326.721568627451,0.0,16.452289555050672,0.0,344.9726244360037,0.0,221.0,0.0,144.57741695550962,0.0,12.370518514213222,0.0,14.866068747318506,0.0,9.925076909880442,0.0,4904.2046163546265,0.0,608.5714032640487,0.0,438.6789828030994,0.0,8.992240863586272,0.0,14.819286342535612,0.0,4927.774217868348,0.0,2140.2501559372567,0.0,12.37051848544224,0.0,11.328615331679737,0.0,8.876929199641731,0.0
Stiel,278.6470588235294,0.0,15.258652192889127,0.0,338.13641166606305,0.0,223.0,0.0,144.0241515890749,0.0,12.214329915047236,0.0,14.933184523068078,0.0,9.825507189797381,0.0,866.4917407653563,0.0,314.899629999781,0.0,239.40146430921763,0.0,3.545888018747844,0.0,14.115665629254865,0.0,5732.587259114573,0.0,2718.4596794043528,0.0,12.214329921439951,0.0,11.134648457611124,0.0,8.83808159775355,0.0
Stier,273.3058823529412,0.0,15.095615287980879,0.0,316.8205759909395,0.0,202.0,0.0,125.46105496895024,0.0,11.44920125748546,0.0,14.212670403551895,0.0,8.944999610896081,0.0,775.1835661288146,0.0,119.06346402952116,0.0,84.68705901468647,0.0,3.752412202135352,0.0,12.357025589532894,0.0,4949.15419440646,0.0,2146.642593896141,0.0,11.449201252205064,0.0,10.431899342642835,0.0,7.876891701704246,0.0
Stiet,279.4823529411765,0.0,15.225235531877772,0.0,313.45981170418673,0.0,194.0,0.0,121.04376697672777,0.0,11.338709564222016,0.0,13.92838827718412,0.0,8.802667982309313,0.0,774.8330084921582,0.0,109.95821156217806,0.0,80.0927098315656,0.0,3.145922672608687,0.0,13.269279807336222,0.0,4925.2951852997785,0.0,2162.026605401166,0.0,11.33870957218591,0.0,10.368285189313093,0.0,7.754554465384715,0.0
Stift,292.9843137254902,0.0,15.594160422817888,0.0,376.89823918741075,0.0,285.0,0.0,188.62416004424986,0.0,13.483967869038764,0.0,16.881943016134134,0.0,11.387887730724087,0.0,1191.705839360191,0.0,568.9707347713621,0.0,413.4885090104786,0.0,3.7449103575587332,0.0,15.124859238048169,0.0,4951.913393275872,0.0,2185.5836846033103,0.0,13.483967881610397,0.0,12.802923477159021,0.0,10.377368998519879,0.0
Stirn,284.4274509803922,0.0,15.46807206357957,0.0,343.3900172763307,0.0,243.0,0.0,154.63619761389305,0.0,12.395603103785302,0.0,15.588457268119896,0.0,10.053723093763494,0.0,776.3924629641702,0.0,130.16580618169425,0.0,93.16538628019225,0.0,4.761617472702928,0.0,14.468327671543568,0.0,4952.361364925218,0.0,2203.9671742511628,0.0,12.395603065213914,0.0,11.265347144055884,0.0,8.97914073041455,0.0
Stkbs,352.8627450980392,0.0,17.17527796020724,0.0,340.9009250549235,0.0,230.0,0.0,149.92668237627908,0.0,12.361483641798849,0.0,15.165750888103101,0.0,10.072035488318233,0.0,864.2853108827269,0.0,469.9359008730225,0.0,375.49538746011604,0.0,5.36880170686991,0.0,25.9097131868601,0.0,5212.321483686319,0.0,2833.176735625261,0.0,12.361483641290224,0.0,11.763173387372381,0.0,9.06671846637252,0.0
Stlfn,322.1725490196078,0.0,16.425311250420876,0.0,386.47679825204057,0.0,287.0,0.0,193.10786669906946,0.0,13.782099219670968,0.0,16.941074346097416,0.0,11.628185012874626,0.0,1193.56191654089,0.0,572.3546977811517,0.0,416.75219103944096,0.0,5.719858878583474,0.0,16.529625051800327,0.0,7861.159752795273,0.0,3721.7812429007845,0.0,13.782099182571969,0.0,12.90365810445731,0.0,10.642041694591464,0.0
Stlll,278.9764705882353,0.0,15.355716574824374,0.0,396.6851626232412,0.0,308.0,0.0,207.83936637390386,0.0,14.12393891583298,0.0,17.549928774784245,0.0,12.083441409783925,0.0,878.1838843069062,0.0,338.3799443411776,0.0,261.3431195680855,0.0,4.351404772697816,0.0,15.504410083566214,0.0,9146.387640486599,0.0,4159.927044239487,0.0,14.123938900410465,0.0,13.463251029819913,0.0,11.106390675655012,0.0
Stoda,351.3843137254902,0.0,17.096020298145476,0.0,335.39138104506304,0.0,213.0,0.0,138.2086266652907,0.0,12.110161737032948,0.0,14.594519519326424,0.0,9.659344010583597,0.0,808.0119800182296,0.0,258.42268314097026,0.0,194.91318842773626,0.0,6.8744611043808685,0.0,18.76994869409785,0.0,4952.371817466384,0.0,2519.636762445839,0.0,12.11016170874688,0.0,11.137066023020786,0.0,8.555480654989866,0.0
Stola,312.51372549019607,0.0,16.141444670879142,0.0,355.6624261565746,0.0,248.0,0.0,164.17624211452173,0.0,12.848134433922946,0.0,15.748015748023622,0.0,10.621972750063453,0.0,798.2790048433428,0.0,236.83332754589526,0.0,186.48008172035173,0.0,3.614900047231721,0.0,18.914479240150204,0.0,5852.8939731139235,0.0,1804.833521740111,0.0,12.84813440237417,0.0,11.993963080357847,0.0,9.592550976213635,0.0
Stolz,300.8039215686274,0.0,15.901500440618042,0.0,354.7501339964484,0.0,252.0,0.0,166.6922180303883,0.0,12.868595316897169,0.0,15.874507866387544,0.0,10.706219781371509,0.0,796.5191817862769,0.0,223.7582197509194,0.0,181.16811289053555,0.0,2.6605405426308724,0.0,22.347884490347205,0.0,5865.666883336517,0.0,1807.1022355568593,0.0,12.868595295350586,0.0,12.064347460023848,0.0,9.70704188127534,0.0
Story,306.6666666666667,0.0,15.983421822756464,0.0,354.32059735870024,0.0,252.0,0.0,165.38809069344728,0.0,12.787969273414697,0.0,15.874507866387544,0.0,10.61621189990188,0.0,6175.176808007964,0.0,445.5232151969864,0.0,334.98482181548934,0.0,3.084732069948645,0.0,17.263403819396743,0.0,4708.446301129585,0.0,1641.0239399725795,0.0,12.78796924605476,0.0,11.645942757689015,0.0,9.62592359693318,0.0
Stqvk,355.6941176470588,0.0,17.29354229624066,0.0,371.12324592045775,0.0,270.0,0.0,181.55769405558905,0.0,13.370282405034043,0.0,16.431676725154983,0.0,11.284131766713559,0.0,28921988.736781757,0.0,232736.67553297887,0.0,229632.25690959502,0.0,6.371372140643805,0.0,339.5460730842396,0.0,4661.924782906797,0.0,2151.2380676673333,0.0,13.370282363980033,0.0,12.487427123642156,0.0,10.228557904248701,0.0
Strck,309.0235294117647,0.0,16.10183232520891,0.0,345.95732788765935,0.0,241.0,0.0,155.50029774035818,0.0,12.47301726398095,0.0,15.524174696260024,0.0,10.20311403088536,0.0,833.1080004237365,0.0,280.27852634294265,0.0,234.9277602602814,0.0,6.43593556093676,0.0,16.584964407953656,0.0,4718.447526178003,0.0,2513.516446211912,0.0,12.473017235824036,0.0,11.58623355644996,0.0,9.088726439084404,0.0
Stscr,270.06666666666666,0.0,14.95429561444156,0.0,320.610684468223,0.0,206.0,0.0,127.26116736174723,0.0,11.526935507165218,0.0,14.352700094407323,0.0,8.979725635153157,0.0,773.657572783977,0.0,127.91325258003415,0.0,89.48916609047507,0.0,4.884267025117034,0.0,18.2618736652501,0.0,5210.0209632588,0.0,2160.0896423826293,0.0,11.526935487563149,0.0,10.343964673577997,0.0,7.811770805002869,0.0
Stsls,275.94117647058823,0.0,15.116995993203012,0.0,347.1434398699894,0.0,235.0,0.0,153.7806307223442,0.0,12.540129144666356,0.0,15.329709716755891,0.0,10.224532358583842,0.0,782.4203748813263,0.0,153.83775651223073,0.0,121.27079747486188,0.0,4.014949452908361,0.0,15.22558491125856,0.0,6231.837069528382,0.0,1836.9156323871678,0.0,12.54012911787884,0.0,11.41502028670388,0.0,9.206796589409882,0.0
Stsrn,292.52549019607847,0.0,15.62738455468452,0.0,331.1374576265986,0.0,220.0,0.0,139.6093210791007,0.0,11.97465520274428,0.0,14.832396974191326,0.0,9.541280473387108,0.0,773.440559042051,0.0,127.75620492122347,0.0,91.44743118359096,0.0,3.740754895156735,0.0,15.376696824717575,0.0,5092.11664131152,0.0,1688.0193107915672,0.0,11.974655166575323,0.0,10.73858068745981,0.0,8.476392587546616,0.0
Ststr,272.95294117647063,0.0,15.039722874081857,0.0,335.3630917379609,0.0,232.0,0.0,148.16435569026407,0.0,12.151478318596206,0.0,15.231546211727817,0.0,9.873436943627889,0.0,774.1218950134655,0.0,131.90431846157395,0.0,95.23730738532124,0.0,4.545837987630589,0.0,14.640613147959856,0.0,5572.585901884179,0.0,2035.5839916276068,0.0,12.151478290906494,0.0,11.31442625121736,0.0,8.812806210083135,0.0
Stuck,333.6862745098039,0.0,16.733890725355856,0.0,345.89067975203636,0.0,237.0,0.0,153.59386997909968,0.0,12.491965800492903,0.0,15.394804318340652,0.0,10.16068457648839,0.0,833.315160639285,0.0,281.94669124674317,0.0,235.5229582427765,0.0,5.996297475112071,0.0,16.659176279993442,0.0,5314.991565848326,0.0,2613.480275653432,0.0,12.491965759497567,0.0,11.704844398824163,0.0,9.035226236697076,0.0
Stufe,330.37254901960785,0.0,16.55936067576293,0.0,356.69906221356564,0.0,245.0,0.0,162.66176424422332,0.0,12.865447502738414,0.0,15.652475842498529,0.0,10.602853914861395,0.0,1189.5882487878896,0.0,568.7182906571489,0.0,413.07568555504616,0.0,3.9006635505784457,0.0,15.513163269900916,0.0,5157.337446574965,0.0,1798.9961759609275,0.0,12.865447474905567,0.0,12.076639505366032,0.0,9.667014358491594,0.0
Stuhl,335.63529411764705,0.0,16.81862033592068,0.0,348.27600545025985,0.0,247.0,0.0,159.38280111698046,0.0,12.588757186756208,0.0,15.716233645501712,0.0,10.323424118447747,0.0,865.6450255392382,0.0,318.24514535763734,0.0,240.83527955967813,0.0,4.8751740723003865,0.0,17.462940011079684,0.0,6456.544587725044,0.0,2531.706855752089,0.0,12.588757178812113,0.0,12.03538223255264,0.0,9.28037011811591,0.0
Stunk,356.14509803921567,0.0,17.338030150626597,0.0,338.9038752378344,0.0,229.0,0.0,148.32652473490708,0.0,12.308361792824359,0.0,15.132745950421556,0.0,9.985156562034923,0.0,832.2650104460247,0.0,278.0972026818382,0.0,233.65503023766226,0.0,7.741984624417223,0.0,16.892365317204654,0.0,5251.635932995054,0.0,2218.8271143296165,0.0,12.308361766903143,0.0,11.565309875677574,0.0,8.877436679314231,0.0
Sturm,349.94117647058823,0.0,17.16182695689098,0.0,405.7382973615688,0.0,317.0,0.0,217.92741989532277,0.0,14.469676387866418,0.0,17.804493814764857,0.0,12.524780270648945,0.0,4374.157496355008,0.0,414.1292154569091,0.0,308.43644091238485,0.0,9.132696062369783,0.0,16.101337418116575,0.0,5194.507328757097,0.0,1813.3498739007505,0.0,14.469676363366213,0.0,13.73100129908997,0.0,11.52974180796338,0.0
Sturt,293.79215686274506,0.0,15.672770167435655,0.0,334.8806457942852,0.0,244.0,0.0,153.41915636549948,0.0,12.146555520098168,0.0,15.620499351813308,0.0,9.943966442046188,0.0,773.4580124412727,0.0,131.66489103950576,0.0,92.78917613589115,0.0,3.6815159099434154,0.0,14.45667305340666,0.0,5167.852313850507,0.0,1834.4666428449534,0.0,12.146555500437064,0.0,11.699247386110278,0.0,8.876529112007818,0.0
Sturz,302.47843137254904,0.0,15.97432773177395,0.0,339.6515007750823,0.0,252.0,0.0,159.0387711048324,0.0,12.329498402463175,0.0,15.874507866387544,0.0,10.16082371015488,0.0,775.0949229837994,0.0,146.71276893009832,0.0,106.65301559669341,0.0,2.91857408727576,0.0,24.243320530993632,0.0,5186.389924806039,0.0,1809.599873602007,0.0,12.329498371265087,0.0,11.719570705502477,0.0,9.087735752503512,0.0
Stute,308.4196078431372,0.0,16.00637848637645,0.0,324.05571012709515,0.0,207.0,0.0,132.8115484328074,0.0,11.7941302989706,0.0,14.38749456993816,0.0,9.366778624168992,0.0,773.4686098720567,0.0,125.09090837002663,0.0,91.04405727632697,0.0,2.606950883570789,0.0,12.027754691165425,0.0,5611.598549384942,0.0,2162.7908883723135,0.0,11.794130253313595,0.0,10.964230872221233,0.0,8.383934740384351,0.0
Stzck,323.8862745098039,0.0,16.51492119473887,0.0,349.1061954639914,0.0,242.0,0.0,157.4008345320922,0.0,12.594701237140422,0.0,15.556349186104045,0.0,10.307832786769788,0.0,833.5800648261587,0.0,282.0607974390651,0.0,236.4149063702042,0.0,6.099298547375403,0.0,34.1445218071297,0.0,5989.396314413436,0.0,2652.087834363882,0.0,12.594701201896088,0.0,11.6181417089358,0.0,9.198118725944193,0.0
Stäbe,358.74117647058824,0.0,17.234288489255153,0.0,322.9458930138099,0.0,187.0,0.0,120.73601963284965,0.0,11.64973276994002,0.0,13.674794331177344,0.0,8.978840618908864,0.0,801.0177923677918,0.0,260.77923642564485,0.0,210.02470499695457,0.0,5.367167995189172,0.0,37.424106186590706,0.0,6444.431813441984,0.0,3949.9971511553176,0.0,11.649732756897285,0.0,10.608855016581009,0.0,7.897853149865257,0.0
Stöch,337.8509803921569,0.0,16.749542506103953,0.0,343.586012879789,0.0,216.0,0.0,142.09041856988125,0.0,12.368657967900054,0.0,14.696938456699069,0.0,9.883915374045822,0.0,879.4886477406908,0.0,472.95494323075314,0.0,376.8498361523133,0.0,5.992643028510775,0.0,33.30263572004398,0.0,6258.497269901966,0.0,4532.443119610487,0.0,12.368657942932426,0.0,11.155474176953298,0.0,8.850728688044653,0.0
Stöck,337.9529411764706,0.0,16.771561033951816,0.0,351.9636637705031,0.0,230.0,0.0,153.2335758686408,0.0,12.686973641345416,0.0,15.165750888103101,0.0,10.325624383113949,0.0,884.5419158357172,0.0,420.23784372467475,0.0,369.15091042346563,0.0,6.162759825548889,0.0,34.796256294842124,0.0,6328.692286396435,0.0,4710.441062631176,0.0,12.6869736153603,0.0,11.663782114200991,0.0,9.244348461917228,0.0
Stöfö,348.94117647058823,0.0,16.938784326390678,0.0,383.2661410187093,0.0,260.0,0.0,180.45111571589973,0.0,13.689163390225977,0.0,16.1245154965971,0.0,11.459285042960705,0.0,1882.720768234135,0.0,1798.7485565612049,0.0,1498.6294828112561,0.0,6.302186053976721,0.0,933.3118760861574,0.0,6891.898717229459,0.0,4723.5093564563085,0.0,13.686366201084146,0.0,12.723065047536078,0.0,10.52898399308897,0.0
Stömm,416.5333333333333,0.0,18.671187457179318,0.0,474.8020691897672,0.0,375.0,0.0,275.8111591473827,0.0,16.42807882509262,0.0,19.364916731037084,0.0,14.609588976071288,0.0,9001.537805736929,0.0,820.8744752596123,0.0,643.8828197152842,0.0,13.30143491741205,0.0,34.20970321881417,0.0,6238.045531633374,0.0,4548.246802143335,0.0,16.428078811097286,0.0,15.541799929704649,0.0,13.700604324922574,0.0
Störe,306.5098039215686,0.0,15.922817491829887,0.0,329.45816949987886,0.0,205.0,0.0,133.32023667297432,0.0,11.940510795321469,0.0,14.317821063276353,0.0,9.484570996107218,0.0,828.0399683353306,0.0,337.1617813922418,0.0,298.51872058102134,0.0,2.9150079206544635,0.0,32.15310981756825,0.0,6212.098808941243,0.0,4326.6008980084935,0.0,11.940510767131672,0.0,10.809528558839848,0.0,8.528826878562771,0.0
Stött,304.2352941176471,0.0,15.837552888849737,0.0,341.6241544584349,0.0,232.0,0.0,152.1898799044148,0.0,12.405027355461707,0.0,15.231546211727817,0.0,10.169559434462645,0.0,828.7588829957286,0.0,336.92303163252154,0.0,298.9784049895118,0.0,3.1392362248107264,0.0,32.53247513883806,0.0,6574.884920090217,0.0,4476.6346867037,0.0,12.4050273441044,0.0,11.761024693812617,0.0,9.164473448828641,0.0
Sucen,325.1058823529412,0.0,16.482224647627856,0.0,289.6472146009222,0.0,131.0,0.0,80.68980917135825,0.0,10.374517611223538,0.0,11.445523142259598,0.0,7.120748443486289,0.0,764.161937605253,0.0,79.51505479541892,0.0,51.14729601444855,0.0,3.3247932633169914,0.0,13.835371593200666,0.0,4617.87599291397,0.0,955.642565486773,0.0,10.374517598143392,0.0,8.04372289829549,0.0,6.027109918486113,0.0
Suche,342.035294117647,0.0,16.90926506107836,0.0,297.1894099121447,0.0,140.0,0.0,87.54033230472444,0.0,10.666836081753157,0.0,11.832159566199232,0.0,7.493761153253106,0.0,765.6709719528108,0.0,84.36406732838164,0.0,54.99002095669216,0.0,3.2559364323206585,0.0,10.09153122218781,0.0,5328.04895203466,0.0,1227.8719883453402,0.0,10.666836055683337,0.0,8.629853310736257,0.0,6.431254913596945,0.0
Sucht,333.58431372549023,0.0,16.711822565368593,0.0,308.68487022501773,0.0,172.0,0.0,107.27895788679072,0.0,11.120004296768006,0.0,13.114877048604,0.0,8.274106941574788,0.0,766.0544295668776,0.0,88.77376386309528,0.0,57.63365234400746,0.0,3.476509453567059,0.0,9.686032566957302,0.0,5321.423307440746,0.0,1229.6375562040942,0.0,11.120004261201617,0.0,9.671674137717934,0.0,7.157903738311809,0.0
Sudan,377.97254901960787,0.0,17.820384113856747,0.0,329.42266537066484,0.0,196.0,0.0,125.95796839735118,0.0,11.872456654207847,0.0,14.0,0.0,9.149340068247762,0.0,815.0373585306247,0.0,302.50304713313096,0.0,217.84087692855329,0.0,3.8815135001685044,0.0,14.455492208024394,0.0,4827.472558340503,0.0,1428.5656335228696,0.0,11.87245666436741,0.0,10.317831866591575,0.0,7.966607513649029,0.0
Sulun,337.19215686274504,0.0,16.89468475389485,0.0,327.37116731397595,0.0,203.0,0.0,128.995792155552,0.0,11.833125144557352,0.0,14.247806848775006,0.0,9.18947425660664,0.0,770.9938192925277,0.0,122.4874541295072,0.0,84.97443682957578,0.0,3.681981607438476,0.0,14.411645849088286,0.0,8091.332622280727,0.0,3501.566724824706,0.0,11.833125115154965,0.0,10.220478033695438,0.0,8.111901812267833,0.0
Sumen,384.1411764705883,0.0,17.975500435786344,0.0,361.01626928079963,0.0,220.0,0.0,152.95783629672238,0.0,13.048386059012119,0.0,14.832396974191326,0.0,10.551337838544208,0.0,3406.3862142886646,0.0,269.3321605669349,0.0,205.36367339560846,0.0,4.6201337286075495,0.0,11.70501335054329,0.0,4556.982486017587,0.0,1685.6162219556074,0.0,13.048386049391189,0.0,11.2996869439182,0.0,9.558353983012898,0.0
Summa,432.6627450980392,0.0,19.09405724079218,0.0,460.00910016145184,0.0,356.0,0.0,257.91139705900616,0.0,15.985038760700721,0.0,18.867962264113206,0.0,14.007266786110709,0.0,8568.399554299738,0.0,701.8987499698271,0.0,536.4279406675656,0.0,7.23097752610413,0.0,16.16368972840384,0.0,4640.096913169051,0.0,2247.6225376585753,0.0,15.985038745562015,0.0,14.757136817041808,0.0,13.017343270195212,0.0
Summe,420.71764705882356,0.0,18.814603684456195,0.0,442.8304927076554,0.0,320.0,0.0,235.06913265347356,0.0,15.54660180748041,0.0,17.88854381999832,0.0,13.466109326539149,0.0,8568.053580896318,0.0,694.036809362386,0.0,531.7322914523347,0.0,6.776622480064678,0.0,12.92811480924204,0.0,4643.068583289088,0.0,2268.6660212404727,0.0,15.546601791266543,0.0,14.139432649918461,0.0,12.569492239178372,0.0
Sumpf,414.98823529411766,0.0,18.67184884402541,0.0,425.13971218820313,0.0,301.0,0.0,216.00401088774188,0.0,14.945992331873727,0.0,17.349351572897472,0.0,12.765424460407864,0.0,4092.8383366923613,0.0,1222.224282398529,0.0,953.9268041226167,0.0,6.254759495923631,0.0,23.582505727555105,0.0,4787.934290147067,0.0,1894.8131580355698,0.0,14.945992323250854,0.0,13.557094428209963,0.0,11.753193197762418,0.0
Sunse,325.6392156862745,0.0,16.480518015173033,0.0,297.8292757245346,0.0,154.0,0.0,95.21724748946944,0.0,10.730896746179502,0.0,12.409673645990857,0.0,7.7558195218278385,0.0,764.3634004558152,0.0,86.30723436565896,0.0,56.03782022486099,0.0,3.509789311656343,0.0,10.67224284641402,0.0,4583.315854862711,0.0,1330.6964311360455,0.0,10.730896722184461,0.0,8.896462185105094,0.0,6.669277491897893,0.0
Svhns,338.09019607843135,0.0,16.849096619735786,0.0,322.5922783467902,0.0,204.0,0.0,128.15388001221356,0.0,11.653211867030825,0.0,14.2828568570857,0.0,9.121452184570856,0.0,768.6404637739203,0.0,114.464899422671,0.0,78.74381964064641,0.0,4.606011326139523,0.0,97.95506071282344,0.0,5233.184548439403,0.0,2065.904251407824,0.0,11.653211832599522,0.0,10.081824477883877,0.0,7.990038635514111,0.0
Svllz,291.3843137254902,0.0,15.741286379639154,0.0,377.83626540919886,0.0,284.0,0.0,188.97175844380303,0.0,13.563286348980478,0.0,16.852299546352718,0.0,11.427373145100162,0.0,782.616904104639,0.0,172.11108376896163,0.0,136.116440784164,0.0,3.499898390953957,0.0,99.86887709079956,0.0,8964.302278554062,0.0,3911.6232120039836,0.0,13.563286314031988,0.0,12.30836631998659,0.0,10.386831818793173,0.0
Svmpf,399.38823529411764,0.0,18.310634999763906,0.0,432.7372303678779,0.0,318.0,0.0,227.54274290106682,0.0,15.163208835730288,0.0,17.832554500127006,0.0,13.083718239531771,0.0,4092.9373803239014,0.0,1223.2441087732584,0.0,954.7182809245231,0.0,7.016037822305675,0.0,100.03781973687494,0.0,5253.625087953638,0.0,2433.7337073403023,0.0,15.163208816358447,0.0,13.673599089539296,0.0,12.059721441741077,0.0
Svßhn,407.156862745098,0.0,18.453188174052876,0.0,380.1713730877042,0.0,266.0,0.0,180.02555646139587,0.0,13.557365298538421,0.0,16.30950643030009,0.0,11.276810852569795,0.0,4066.101644564167,0.0,2064.3816532312876,0.0,1316.8951587479542,0.0,6.422761640034398,0.0,100.97474144108256,0.0,6759.451362611342,0.0,3047.1554947247582,0.0,13.557365282495576,0.0,12.381548876211173,0.0,10.22647944088248,0.0
Sxtyr,305.75686274509803,0.0,15.994031951155856,0.0,357.52525146644,0.0,261.0,0.0,170.34124058286125,0.0,12.887355700906976,0.0,16.15549442140351,0.0,10.731671723455067,0.0,93427.02702587626,0.0,4116.734525347965,0.0,2685.7143809371396,0.0,3.601845365076354,0.0,67.38966995586122,0.0,5248.927444100557,0.0,1080.2993111608296,0.0,12.88735567844271,0.0,11.390250018977191,0.0,9.676580669406603,0.0
Syrer,297.47058823529414,0.0,15.76782185574744,0.0,326.2367791403324,0.0,211.0,0.0,133.76469747962113,0.0,11.776216338051338,0.0,14.52583904633395,0.0,9.382017850732243,0.0,38998.89230570009,0.0,2246.145238901246,0.0,1689.4828961798444,0.0,5.6643178323714425,0.0,25.391688208830487,0.0,4671.6982261112435,0.0,1561.8052370438263,0.0,11.776216317060326,0.0,10.42368757520256,0.0,8.331063075730254,0.0
Syrmr,345.1686274509804,0.0,17.055162104247295,0.0,419.3521177011346,0.0,334.0,0.0,230.60789044887196,0.0,14.82148584462459,0.0,18.275666882497067,0.0,12.94479863488567,0.0,39783.44324279851,0.0,2335.629032087433,0.0,1759.3298871354555,0.0,4.5598332984161924,0.0,27.651219443981493,0.0,4729.746000623569,0.0,2169.159770608868,0.0,14.821485821429595,0.0,13.820048747033928,0.0,11.974109061168466,0.0
Szlzt,298.01960784313724,0.0,15.901180319814152,0.0,347.40144404744046,0.0,246.0,0.0,157.83068780668543,0.0,12.519089545110008,0.0,15.684387141358123,0.0,10.211883397215365,0.0,772.166384523987,0.0,130.99489943006847,0.0,97.34574066982864,0.0,3.108987934862467,0.0,31.40753576970896,0.0,7832.0374246953315,0.0,3567.55083269806,0.0,12.519089509073128,0.0,11.53981238023012,0.0,9.126527513822339,0.0
Szwlb,370.1921568627451,0.0,17.690034381446598,0.0,411.1583560002749,0.0,312.0,0.0,216.62342791979873,0.0,14.57951708708257,0.0,17.663521732655695,0.0,12.537075683510164,0.0,1030.8695856272502,0.0,393.9314816059763,0.0,313.7858994232024,0.0,5.798708015824866,0.0,39.629932349624454,0.0,6377.555271436192,0.0,1282.461230696655,0.0,14.579517052854882,0.0,13.838888841117765,0.0,11.560216877107004,0.0
Säbel,357.90588235294115,0.0,17.263816770149045,0.0,336.9790896386911,0.0,201.0,0.0,132.10767388078955,0.0,12.124791441780621,0.0,14.177446878757825,0.0,9.509400504147852,0.0,863.9167052293373,0.0,316.8792652824992,0.0,240.06060894445997,0.0,6.148228335031466,0.0,15.778816080654103,0.0,9422.095939017807,0.0,6439.979306885875,0.0,12.124791437010549,0.0,11.059825637916088,0.0,8.484935490934857,0.0
Särge,362.67450980392164,0.0,17.32377875249169,0.0,329.73828176144605,0.0,184.0,0.0,118.80023397675262,0.0,11.768008369067132,0.0,13.564659966250536,0.0,8.93573067903776,0.0,2808.987062546431,0.0,348.3161931565368,0.0,246.71575637378086,0.0,4.192316913373292,0.0,13.285462277909366,0.0,8956.80382940852,0.0,6257.022322966324,0.0,11.768008356985419,0.0,10.237538945373435,0.0,7.788204210088278,0.0
Sätze,330.2980392156863,0.0,16.57458577167161,0.0,316.29540592258445,0.0,178.0,0.0,113.11692571816812,0.0,11.40337485329419,0.0,13.341664064126334,0.0,8.593663013070726,0.0,769.6254574618578,0.0,115.95511500143853,0.0,83.62393127961114,0.0,3.6191157175097004,0.0,13.668042064933607,0.0,8967.515658982398,0.0,6290.301653252822,0.0,11.403374848785635,0.0,9.75540142438463,0.0,7.505974362210785,0.0
Säule,339.2627450980392,0.0,16.823080573563846,0.0,340.56386759057625,0.0,210.0,0.0,137.956477000171,0.0,12.290510948525583,0.0,14.491376746189438,0.0,9.687721469302394,0.0,778.1544874063311,0.0,150.4711902129839,0.0,116.69180130003791,0.0,4.708881544669083,0.0,14.446597493049332,0.0,9947.07558553905,0.0,6311.69377516427,0.0,12.290510947385513,0.0,11.12827187087652,0.0,8.647345523857307,0.0
Söhgs,385.6235294117647,0.0,17.870673000181917,0.0,348.51621197389437,0.0,212.0,0.0,140.79568437599315,0.0,12.467937555106225,0.0,14.560219778561036,0.0,9.900791216829468,0.0,2813.6892793808765,0.0,388.54514006752834,0.0,274.75668171320115,0.0,5.789815907375843,0.0,16.569027916313267,0.0,9020.797925839815,0.0,8950.806168523906,0.0,12.467937554118341,0.0,11.283276477214914,0.0,8.82983858432796,0.0
Söndö,384.5960784313725,0.0,17.879663540455034,0.0,337.9109182454539,0.0,189.0,0.0,127.10599155068373,0.0,12.167591126444504,0.0,13.74772708486752,0.0,9.471651929230903,0.0,1637.8466306721798,0.0,1694.9543609497134,0.0,1422.5574252550866,0.0,5.264870894629324,0.0,932.8138372619369,0.0,9592.321106602918,0.0,9300.42704906509,0.0,12.16444408021168,0.0,10.854601559818699,0.0,8.457004780332884,0.0
Sönör,340.3843137254902,0.0,16.82277707536688,0.0,322.19836188665414,0.0,187.0,0.0,120.55901545177278,0.0,11.62788681119524,0.0,13.674794331177344,0.0,8.991995300139012,0.0,806.7183768628553,0.0,292.47488134485883,0.0,233.63957397608812,0.0,4.345929568429534,0.0,22.47297266307127,0.0,8929.842444556305,0.0,9051.072788526026,0.0,11.62788680764414,0.0,10.497336709318194,0.0,7.925366170404683,0.0
Sühne,375.7725490196078,0.0,17.75360515397059,0.0,315.1945622119606,0.0,174.0,0.0,110.83043931950442,0.0,11.376778948980988,0.0,13.19090595827292,0.0,8.545271180139006,0.0,772.6726425768659,0.0,123.30360239658594,0.0,87.86623115772412,0.0,4.228045230170075,0.0,13.12044348566031,0.0,5075.062919884139,0.0,4450.990201519899,0.0,11.376778956284001,0.0,9.967901471360927,0.0,7.511815248354906,0.0
Sünde,377.3058823529411,0.0,17.76669469021466,0.0,321.5787242476843,0.0,176.0,0.0,113.8711523064612,0.0,11.588786310865041,0.0,13.2664991614216,0.0,8.751913611620614,0.0,789.2684929364068,0.0,184.62440270254004,0.0,132.67468241758024,0.0,3.4589698092150054,0.0,11.887930812029545,0.0,5203.8157775308,0.0,4779.677661225769,0.0,11.588786316006942,0.0,10.176044906174198,0.0,7.724060361163003,0.0
Süßes,384.05882352941177,0.0,17.784211686587096,0.0,359.94083420333163,0.0,225.0,0.0,152.74297281438615,0.0,12.887786076574358,0.0,15.0,0.0,10.435849702615458,0.0,4066.6393187385625,0.0,2064.965587765078,0.0,1317.5286748821507,0.0,7.334197968549448,0.0,24.493753572854988,0.0,6083.445972020341,0.0,4914.156480477236,0.0,12.887786082034236,0.0,11.684184002486345,0.0,9.472147097722605,0.0
Tabak,397.61176470588236,0.0,18.34502133458132,0.0,371.43802351958743,0.0,248.0,0.0,168.35160196836935,0.0,13.302512247306844,0.0,15.748015748023622,0.0,10.89768163302878,0.0,832.5582096551576,0.0,285.2788069800524,0.0,239.67582606055868,0.0,5.627759487424474,0.0,18.463797436873236,0.0,6711.868337650493,0.0,2128.304068194227,0.0,13.302512235405848,0.0,12.283782830338208,0.0,9.779384253061528,0.0
Tabus,356.7450980392157,0.0,17.33475462188161,0.0,341.61571174661185,0.0,221.0,0.0,143.8556819506705,0.0,12.320444762377363,0.0,14.866068747318506,0.0,9.85371693414422,0.0,772.4305625618863,0.0,137.58580958193014,0.0,100.16944645908522,0.0,5.160686563466641,0.0,14.849383653394762,0.0,6796.528054509747,0.0,1440.2158236324296,0.0,12.32044475252248,0.0,11.137501650825534,0.0,8.804733415425206,0.0
Tafel,333.0509803921568,0.0,16.736377395818238,0.0,382.5190828976106,0.0,262.0,0.0,179.10751667249508,0.0,13.62602552739273,0.0,16.186414056238647,0.0,11.308227520497423,0.0,1272.583151019622,0.0,666.1210339460332,0.0,495.0394327463774,0.0,5.292603625928474,0.0,20.67654906159316,0.0,9850.882393874943,0.0,6278.322494432282,0.0,13.626025479683696,0.0,12.254425086127306,0.0,10.318033554444225,0.0
Tango,381.7647058823529,0.0,17.913309977667915,0.0,358.14498879616497,0.0,219.0,0.0,148.06252997183597,0.0,12.808941576217014,0.0,14.798648586948742,0.0,10.211965394973763,0.0,2821.3460306437096,0.0,475.47325356782693,0.0,330.0109700169025,0.0,5.25071574745857,0.0,15.3663450698084,0.0,6540.015744364107,0.0,1663.6404614667126,0.0,12.808941565318234,0.0,11.453252054783315,0.0,9.135778863302697,0.0
Tanks,357.3058823529412,0.0,17.40298710036236,0.0,355.07452933295144,0.0,248.0,0.0,161.45496598638135,0.0,12.75906966770255,0.0,15.748015748023622,0.0,10.43023270903448,0.0,783.9586327560281,0.0,190.32953426152147,0.0,143.25233041890107,0.0,3.7863552201197352,0.0,13.86596371575652,0.0,6540.381020345571,0.0,1377.6406269875217,0.0,12.759069665656076,0.0,11.664537897670035,0.0,9.343253884260003,0.0
Tanne,351.07843137254906,0.0,17.23726058959493,0.0,319.6216533680939,0.0,181.0,0.0,116.05219395728241,0.0,11.538416430318685,0.0,13.45362404707371,0.0,8.753497945611343,0.0,767.2553357101596,0.0,108.02267226847576,0.0,82.87061373174207,0.0,2.8571851516430575,0.0,12.289777028212438,0.0,6538.749162383168,0.0,1458.6329908048742,0.0,11.538416419784436,0.0,9.969586919590006,0.0,7.688748268863929,0.0
Tante,331.50588235294117,0.0,16.70632421398529,0.0,341.36086515203397,0.0,215.0,0.0,142.22272752999183,0.0,12.348144654078256,0.0,14.66287829861518,0.0,9.849323346074653,0.0,768.8618392972235,0.0,121.90869260538474,0.0,93.83902810014015,0.0,4.031463837429696,0.0,11.894567147520412,0.0,6879.4448624908,0.0,1874.1311195452085,0.0,12.348144638194347,0.0,11.120174882895796,0.0,8.864822132824958,0.0
Tapps,374.9647058823529,0.0,17.781027000265198,0.0,357.54682435785134,0.0,222.0,0.0,151.65685079650305,0.0,12.879036220761057,0.0,14.89966442575134,0.0,10.416280874679762,0.0,1264.0438186403894,0.0,758.657868720145,0.0,657.4253467410516,0.0,5.529289504408621,0.0,25.6936196246269,0.0,6485.294350641847,0.0,1576.6897074359886,0.0,12.879036208720553,0.0,11.617720733450806,0.0,9.453277011282985,0.0
Tasse,307.2274509803922,0.0,15.995069886342273,0.0,323.12954843687294,0.0,179.0,0.0,116.70027140761005,0.0,11.656098876375623,0.0,13.379088160259652,0.0,8.859412863380731,0.0,767.7482297557439,0.0,114.04073222143425,0.0,86.50109936169696,0.0,4.650222766554056,0.0,12.196707672135496,0.0,6930.769971122348,0.0,1592.5550612478673,0.0,11.656098861721606,0.0,9.689327975725861,0.0,7.806628445005667,0.0
Taste,309.5803921568627,0.0,16.07671679045435,0.0,340.31366729503475,0.0,206.0,0.0,137.33431174684807,0.0,12.299172550608866,0.0,14.352700094407323,0.0,9.722175189521872,0.0,769.040599971253,0.0,123.44493489323062,0.0,94.90341129156803,0.0,4.397989533583638,0.0,12.222648490483193,0.0,7268.8062582911025,0.0,1864.4904930769933,0.0,12.29917253620889,0.0,10.702519102452303,0.0,8.72775416612892,0.0
Tasts,298.77647058823527,0.0,15.786197427484902,0.0,348.96946870982094,0.0,228.0,0.0,150.5118984488805,0.0,12.579162047671199,0.0,15.0996688705415,0.0,10.136391620110254,0.0,769.6341625367415,0.0,128.98872358448034,0.0,98.02714864732236,0.0,6.029381426388184,0.0,13.825958830596512,0.0,7252.848705617879,0.0,1842.969729006467,0.0,12.579162030393766,0.0,11.058073008654501,0.0,9.07253417890149,0.0
Tatal,323.043137254902,0.0,16.513381383165665,0.0,362.4367227847878,0.0,246.0,0.0,163.12949251565053,0.0,12.999373297717165,0.0,15.684387141358123,0.0,10.589234063932755,0.0,861.6652635473838,0.0,319.56149753410443,0.0,243.58377235509582,0.0,4.000268148021719,0.0,16.297175506340864,0.0,7274.450224313823,0.0,2407.807919930939,0.0,12.999373296428633,0.0,11.623601952337003,0.0,9.501157568268608,0.0
Tatar,317.70196078431366,0.0,16.36285118446795,0.0,341.1208871096642,0.0,225.0,0.0,144.56639589552586,0.0,12.283243069083623,0.0,15.0,0.0,9.777745372166574,0.0,769.7848081027524,0.0,130.8964560213513,0.0,95.87435009374786,0.0,4.6089822540091765,0.0,13.84387490729781,0.0,6674.433434263132,0.0,1736.6651456382835,0.0,12.283243063991257,0.0,10.95227144722025,0.0,8.614274889346481,0.0
Tatem,368.0823529411765,0.0,17.606020692620714,0.0,395.85357113931536,0.0,270.0,0.0,192.1554859937883,0.0,14.161732658034628,0.0,16.431676725154983,0.0,11.964169326172094,0.0,4373.241798033127,0.0,408.2947590004388,0.0,306.50040094503936,0.0,8.371046170035127,0.0,13.12224988561444,0.0,6567.919721118542,0.0,1490.98418266303,0.0,14.16173265338066,0.0,12.736575706152225,0.0,11.022023001556363,0.0
Taten,331.50588235294117,0.0,16.70632421398529,0.0,324.801574393105,0.0,188.0,0.0,122.64049349439836,0.0,11.764759535674052,0.0,13.711309200802088,0.0,9.076865566608314,0.0,768.3228641331787,0.0,112.34332480018715,0.0,86.28880163881902,0.0,3.5106835674665415,0.0,11.176570459652934,0.0,6532.900033091262,0.0,1501.730388437656,0.0,11.764759532466,0.0,10.078953066733792,0.0,8.050524154040396,0.0
Tatze,320.61960784313726,0.0,16.45061721069581,0.0,337.5748199326711,0.0,210.0,0.0,137.89246868601384,0.0,12.210885568277739,0.0,14.491376746189438,0.0,9.657278076071277,0.0,769.075057329186,0.0,121.88964628067444,0.0,93.51416078499742,0.0,3.313380370566833,0.0,13.36770709872874,0.0,6565.262795752132,0.0,1712.3087667972989,0.0,12.210885558988613,0.0,10.648992220785981,0.0,8.654342458729555,0.0
Taube,367.54901960784315,0.0,17.59973043378198,0.0,331.5898586547106,0.0,192.0,0.0,126.04676294262023,0.0,11.975491890447351,0.0,13.856406460551018,0.0,9.236760762618543,0.0,769.3083348335648,0.0,120.28337212686185,0.0,89.90370176825806,0.0,3.8800479271562085,0.0,16.90712967100488,0.0,7280.130999719985,0.0,1906.783160831785,0.0,11.975491879768994,0.0,10.708909563296132,0.0,8.190630453220669,0.0
Taxis,301.2392156862745,0.0,15.941863815584682,0.0,367.06921731848865,0.0,264.0,0.0,174.02735896258673,0.0,13.173898933089047,0.0,16.24807680927192,0.0,10.888019798216956,0.0,774.8030096719026,0.0,154.9738777044016,0.0,113.92772792350424,0.0,7.039448844453609,0.0,38.52167792790508,0.0,7625.639678438185,0.0,1309.0473376669481,0.0,13.173898919294341,0.0,11.881776279217881,0.0,9.829022011046604,0.0
Tbbkn,413.521568627451,0.0,18.760198200563174,0.0,389.20199217297795,0.0,277.0,0.0,189.36464157790516,0.0,13.873626032608303,0.0,16.64331697709324,0.0,11.60086940219864,0.0,820.1131168628895,0.0,273.1727556338448,0.0,209.03977395867642,0.0,4.130811982481764,0.0,28.608116907224527,0.0,7533.043740387206,0.0,2396.157955122531,0.0,13.873625919585914,0.0,12.808002244589765,0.0,10.571787819028158,0.0
Tbrsb,348.81568627450986,0.0,17.156774453554334,0.0,373.6574593683862,0.0,249.0,0.0,169.67698914033258,0.0,13.374192627829357,0.0,15.7797338380595,0.0,10.987678254637755,0.0,853.1762121667405,0.0,347.35748915663515,0.0,269.5836226897209,0.0,5.754526647020727,0.0,32.49998042705708,0.0,7459.517769044957,0.0,2474.5269462737033,0.0,13.374192498674208,0.0,11.774128487009476,0.0,9.963315386386745,0.0
Tbxgn,397.5882352941177,0.0,18.325971888954225,0.0,388.96701316599894,0.0,260.0,0.0,179.07036542334578,0.0,13.793535950346953,0.0,16.1245154965971,0.0,11.334777757856095,0.0,2818.5705692289307,0.0,402.2131136070098,0.0,293.89078073939766,0.0,4.466602479478388,0.0,46.03155235621163,0.0,8318.53640485725,0.0,2451.3699428931077,0.0,13.793535815164018,0.0,12.144846925168896,0.0,10.218328677254924,0.0
Tchbl,352.99607843137255,0.0,17.314566186593055,0.0,381.9983569920124,0.0,275.0,0.0,184.75568864500758,0.0,13.602412085973084,0.0,16.583123951777,0.0,11.360300499438315,0.0,866.4220937655989,0.0,324.64718977662085,0.0,247.1562831774941,0.0,5.760042620856891,0.0,22.399261899376082,0.0,7578.042524417658,0.0,3169.8234042702647,0.0,13.602412065317989,0.0,12.800002458575431,0.0,10.34258086611078,0.0
Tchcr,307.6392156862745,0.0,16.13802347298961,0.0,358.202765676235,0.0,257.0,0.0,165.38005881742603,0.0,12.799339341836575,0.0,16.0312195418814,0.0,10.486407343681002,0.0,774.4533781490685,0.0,145.74468847597447,0.0,105.26575938732967,0.0,5.612074734027914,0.0,20.88525875113267,0.0,6752.192854347615,0.0,2846.907419068738,0.0,12.799339309457956,0.0,11.837100203290479,0.0,9.368022940047762,0.0
Tchfl,337.81960784313725,0.0,16.910211352361788,0.0,426.9143607075669,0.0,342.0,0.0,234.69655957748347,0.0,14.93770887734414,0.0,18.49324200890693,0.0,12.96246760529443,0.0,1251.9031872133587,0.0,644.2490904460855,0.0,473.94765401899144,0.0,5.419500876234107,0.0,21.625181513622376,0.0,7278.248295116571,0.0,2987.040861634092,0.0,14.937708864625202,0.0,14.209937121328071,0.0,11.984519693486662,0.0
Tchgr,357.7647058823529,0.0,17.374353024556473,0.0,380.04371029808794,0.0,274.0,0.0,181.81517826560258,0.0,13.47350740837841,0.0,16.55294535724685,0.0,11.20742335749583,0.0,2810.491093753788,0.0,360.0216544582645,0.0,256.44297947088654,0.0,6.7197374038963575,0.0,18.718802511532548,0.0,6704.483198246062,0.0,2579.9669200309927,0.0,13.473507381156686,0.0,12.641455729131215,0.0,10.102513083241032,0.0
Tchph,390.1215686274509,0.0,18.203869613260206,0.0,379.92736721374285,0.0,262.0,0.0,178.65677053092054,0.0,13.565192591226543,0.0,16.186414056238647,0.0,11.289426241645598,0.0,1012.0579502128368,0.0,574.4890838217722,0.0,449.40494997445603,0.0,8.643631614287619,0.0,28.774709565909316,0.0,6650.708579968206,0.0,2578.1941531041844,0.0,13.565192549650027,0.0,12.602427140326927,0.0,10.321782952170807,0.0
Tchpl,352.78431372549016,0.0,17.323918124293925,0.0,387.88970148452717,0.0,281.0,0.0,190.83342814928437,0.0,13.8112559657257,0.0,16.76305461424021,0.0,11.635447742486852,0.0,1042.748951848388,0.0,553.0845125197966,0.0,446.2885633515464,0.0,5.897898294719709,0.0,27.650256372967785,0.0,7279.858292661734,0.0,3063.4341423799146,0.0,13.811255941981168,0.0,12.967601545883086,0.0,10.654959385516163,0.0
Tchpr,347.443137254902,0.0,17.180491068546363,0.0,366.5738658094035,0.0,260.0,0.0,172.2703315291597,0.0,13.139449969902948,0.0,16.1245154965971,0.0,10.902113128669752,0.0,968.2081392771498,0.0,470.01788208744904,0.0,386.04704199041157,0.0,5.792248241318201,0.0,26.548861811836268,0.0,6680.380090836223,0.0,2569.4661917324547,0.0,13.139449939603729,0.0,12.36943076422759,0.0,9.87227918166276,0.0
Tchsp,351.26666666666665,0.0,17.218620947780035,0.0,367.07608471115805,0.0,249.0,0.0,167.63706663664576,0.0,13.155374726922481,0.0,15.7797338380595,0.0,10.840190875940667,0.0,3249.1473133662894,0.0,1986.3226738501683,0.0,1883.3937625928688,0.0,6.032915766466892,0.0,40.50693643802293,0.0,6661.481987693729,0.0,2570.322769257856,0.0,13.15537468745863,0.0,12.043731578731222,0.0,9.853046091799952,0.0
Tcnhn,355.84705882352944,0.0,17.40609296424365,0.0,344.38352257513606,0.0,227.0,0.0,146.95466563305519,0.0,12.392891354971304,0.0,15.066519173319364,0.0,9.902199305364746,0.0,771.2264111763639,0.0,123.9167927359051,0.0,92.56207229615332,0.0,6.481860914087324,0.0,20.50192924097464,0.0,7002.239591731855,0.0,2433.9661365618854,0.0,12.39289132937577,0.0,11.16888812559468,0.0,8.819089191758675,0.0
Tctjs,281.4705882352941,0.0,15.34830972137795,0.0,380.36503389230757,0.0,277.0,0.0,185.82307958257988,0.0,13.571699447149314,0.0,16.64331697709324,0.0,11.380395411473364,0.0,1699.4231322865921,0.0,392.3817141669226,0.0,323.79074039936376,0.0,3.9680892967800183,0.0,47.24282331496562,0.0,6647.849741907185,0.0,2385.2872033450863,0.0,13.571699420568727,0.0,12.186254190210564,0.0,10.371613497717,0.0
Tdlhs,354.4352941176471,0.0,17.338888737984465,0.0,376.26060849501005,0.0,260.0,0.0,175.33647076419922,0.0,13.44937931992468,0.0,16.1245154965971,0.0,11.105739332835308,0.0,1520.318403770857,0.0,1567.5574942280518,0.0,1197.6563418262733,0.0,4.868664520003399,0.0,29.737682062013775,0.0,9618.231972194624,0.0,4110.73862922216,0.0,13.44937920098995,0.0,12.335204233221326,0.0,10.073837466908849,0.0
Tdmrr,364.9176470588235,0.0,17.63484457475318,0.0,438.2608409103724,0.0,348.0,0.0,243.80747023290832,0.0,15.345329502726416,0.0,18.65475810617763,0.0,13.363262542220763,0.0,3649.8244306034294,0.0,1588.3607979497915,0.0,1213.4821866762347,0.0,8.8635842300593,0.0,30.617273413399314,0.0,6732.388503644253,0.0,2684.462753781051,0.0,15.345329355346315,0.0,14.416518437847078,0.0,12.329811993525038,0.0
Tdntr,334.5176470588235,0.0,16.853701177128286,0.0,373.43453059514513,0.0,274.0,0.0,182.83365877066103,0.0,13.4141569871622,0.0,16.55294535724685,0.0,11.252372076524077,0.0,1517.3472043208642,0.0,1567.1985267371938,0.0,1197.1277955263151,0.0,8.056022455017516,0.0,28.998201605901663,0.0,7050.092440601561,0.0,2609.793988995868,0.0,13.41415684892784,0.0,12.715622046260892,0.0,10.231841670654452,0.0
Tdtds,356.8039215686275,0.0,17.322913645747025,0.0,367.87850311954014,0.0,245.0,0.0,165.89836496152327,0.0,13.203123619103986,0.0,15.652475842498529,0.0,10.83983364498536,0.0,1527.1918698083468,0.0,1572.840407808542,0.0,1201.0407753631434,0.0,4.455014310483178,0.0,28.49143826126127,0.0,6964.241565758942,0.0,3075.561711837025,0.0,13.203123487045584,0.0,11.94832122432024,0.0,9.810627546165772,0.0
Teams,365.7294117647059,0.0,17.531497441390613,0.0,407.19606825686355,0.0,300.0,0.0,210.6863507589477,0.0,14.489926134124772,0.0,17.320508075688775,0.0,12.459213523185046,0.0,7899.253980630271,0.0,650.6150393989386,0.0,498.5367091764034,0.0,5.953714543040063,0.0,16.70850705554503,0.0,6600.184288099177,0.0,2142.6167364001476,0.0,14.489926100943244,0.0,13.287315154259783,0.0,11.522765079529183,0.0
Teddy,387.4980392156863,0.0,18.06777449499095,0.0,384.9899777422597,0.0,268.0,0.0,184.48405505721246,0.0,13.737164876318035,0.0,16.3707055437449,0.0,11.522280334406322,0.0,6181.670503251775,0.0,524.49385980688,0.0,387.3747877597522,0.0,6.34785506291308,0.0,16.438512685685232,0.0,7002.559602351542,0.0,2476.57548114038,0.0,13.737164861831044,0.0,12.528671841943657,0.0,10.53181408313847,0.0
Teich,314.70196078431377,0.0,16.309324915529384,0.0,356.31582964549443,0.0,231.0,0.0,153.2518852902075,0.0,12.781177468941394,0.0,15.198684153570664,0.0,10.276932316192768,0.0,826.227276433229,0.0,355.1574537862267,0.0,249.01953974872683,0.0,6.211204837992562,0.0,14.196332094107246,0.0,6950.919268234829,0.0,2497.589395737146,0.0,12.781177426355637,0.0,11.10355037193809,0.0,9.246386651843322,0.0
Teile,288.70196078431366,0.0,15.618318979182309,0.0,360.83928222813546,0.0,236.0,0.0,160.20732294701128,0.0,13.015687356176532,0.0,15.362291495737216,0.0,10.616030729278195,0.0,780.0894320907939,0.0,151.39595540654594,0.0,123.18227072165709,0.0,4.582451977192397,0.0,13.221828450911046,0.0,7786.025099060772,0.0,2231.311578562377,0.0,13.015687338658575,0.0,11.534231573739621,0.0,9.696520820395422,0.0
Teint,300.65882352941173,0.0,15.946688384565878,0.0,332.6147594402004,0.0,213.0,0.0,137.18081305203162,0.0,12.038184189355038,0.0,14.594519519326424,0.0,9.53719296804185,0.0,770.4055680030166,0.0,113.02537896078155,0.0,86.28322110475249,0.0,3.652546258253736,0.0,11.589858939961022,0.0,6914.542060187166,0.0,2085.828206469692,0.0,12.038184184235696,0.0,10.62545540634042,0.0,8.466381749025034,0.0
Tempo,396.07450980392156,0.0,18.288378563043956,0.0,400.4642632348912,0.0,260.0,0.0,189.87404510804888,0.0,14.318247205995467,0.0,16.1245154965971,0.0,12.047009571388589,0.0,3466.6188975889318,0.0,618.5259521527379,0.0,480.9771405905018,0.0,6.221450110739259,0.0,25.093683806725966,0.0,6618.509637853763,0.0,2161.1074528003874,0.0,14.318247180888518,0.0,12.84116071401033,0.0,11.130735189954912,0.0
Tente,319.5607843137255,0.0,16.38620024994494,0.0,331.6531491185343,0.0,201.0,0.0,133.47426029102618,0.0,12.055489188610837,0.0,14.177446878757825,0.0,9.564845494220313,0.0,768.4759531312952,0.0,119.18754457841032,0.0,92.55934599145012,0.0,3.055245249743289,0.0,12.006268245054253,0.0,6952.57761621003,0.0,1938.10519961563,0.0,12.055489152313339,0.0,10.75278843878915,0.0,8.654994903986463,0.0
Tenzt,319.7960784313725,0.0,16.474609219727014,0.0,336.4278947081664,0.0,225.0,0.0,145.46658042110138,0.0,12.191471608580354,0.0,15.0,0.0,9.833174392390994,0.0,768.1464797865269,0.0,119.19878611650364,0.0,90.9555361933237,0.0,3.5872229970917235,0.0,14.232765975886556,0.0,6580.56903994938,0.0,1689.5232743039576,0.0,12.191471580007315,0.0,11.217054758905634,0.0,8.821393951844097,0.0
Teste,297.63529411764705,0.0,15.743796005061204,0.0,330.60595126153515,0.0,192.0,0.0,128.58584450788246,0.0,12.005323344596842,0.0,13.856406460551018,0.0,9.433863968095473,0.0,768.6548035481778,0.0,120.75840923376852,0.0,93.63827641708598,0.0,3.758597943648157,0.0,12.238704057431582,0.0,7338.012736973554,0.0,1928.807875611698,0.0,12.005323310069425,0.0,10.320275428230369,0.0,8.514549790779439,0.0
Teten,319.56078431372543,0.0,16.38620024994494,0.0,315.0938583596054,0.0,174.0,0.0,113.89202625543268,0.0,11.457212143925105,0.0,13.19090595827292,0.0,8.767359207141856,0.0,767.9367071337026,0.0,109.38447822719962,0.0,84.89538635196577,0.0,3.604725410029435,0.0,11.305123983084878,0.0,6609.992347459419,0.0,1580.9377301536526,0.0,11.457212118833878,0.0,9.672097221541042,0.0,7.8188748883604235,0.0
Texas,320.1411764705883,0.0,16.38150512350729,0.0,331.53307841323203,0.0,203.0,0.0,131.32365603676504,0.0,11.968971469127261,0.0,14.247806848775006,0.0,9.368542855993892,0.0,769.7496051698525,0.0,130.47335731900932,0.0,98.6480445897164,0.0,3.07764283486978,0.0,38.4804787279576,0.0,7605.772560279702,0.0,1649.59513983582,0.0,11.96897144251153,0.0,10.111011070990005,0.0,8.22661648337659,0.0
Texte,310.5490196078431,0.0,16.13624993892643,0.0,340.9081491443196,0.0,214.0,0.0,143.37436115150044,0.0,12.388914128407645,0.0,14.628738838327793,0.0,9.956522982761665,0.0,769.8917441792048,0.0,130.21771276065888,0.0,101.62986413244536,0.0,3.2767530529416495,0.0,38.34173893352007,0.0,7860.059204279974,0.0,1887.1226681221378,0.0,12.388914096804953,0.0,10.825960447125972,0.0,8.999182893483908,0.0
Theke,373.09411764705885,0.0,17.770384323805807,0.0,362.58522779269623,0.0,236.0,0.0,160.23094760757783,0.0,13.03906449435536,0.0,15.362291495737216,0.0,10.639603274177464,0.0,818.2021240049885,0.0,291.62963397584303,0.0,214.1779265521334,0.0,3.8614482330414117,0.0,17.753530693077725,0.0,7139.1321289888065,0.0,1806.7527611789494,0.0,13.039064388683276,0.0,11.616382755166022,0.0,9.722569025101102,0.0
Thmrs,367.20784313725494,0.0,17.658834415397273,0.0,437.6262557702714,0.0,340.0,0.0,239.6538864576595,0.0,15.318048726083415,0.0,18.439088914585774,0.0,13.291593702572778,0.0,3415.6717525066397,0.0,365.46256471849927,0.0,273.62763105442394,0.0,8.2605273707967,0.0,20.081319104266292,0.0,7130.946559675097,0.0,2297.469005701597,0.0,15.318048609066125,0.0,14.023317972053707,0.0,12.292170170146271,0.0
Thpjs,357.77647058823527,0.0,17.39498440662504,0.0,410.4518009635136,0.0,301.0,0.0,209.8084469184127,0.0,14.504221374030594,0.0,17.349351572897472,0.0,12.362326767232716,0.0,1899.580184252528,0.0,750.0292081001008,0.0,644.467055468449,0.0,7.876456212161586,0.0,50.31973112597035,0.0,7151.011349251917,0.0,1845.850396421232,0.0,14.504221256770515,0.0,13.37225278107463,0.0,11.447617772200129,0.0
Tibet,318.21568627450984,0.0,16.37443783868234,0.0,342.1998415679056,0.0,233.0,0.0,151.10243131202674,0.0,12.354252725054845,0.0,15.264337522473747,0.0,10.0559038818388,0.0,772.0137388355082,0.0,123.47345672906924,0.0,93.02641520487862,0.0,4.86416834785816,0.0,13.648037313944702,0.0,8045.827114166845,0.0,2838.8590432575465,0.0,12.35425274098633,0.0,11.917333958606944,0.0,9.099900306525415,0.0
Ticks,304.0,0.0,16.0460391066191,0.0,357.8202474949885,0.0,257.0,0.0,166.49136704837724,0.0,12.818391978369913,0.0,16.0312195418814,0.0,10.564923599302741,0.0,784.53102612705,0.0,190.67049973719406,0.0,143.30080747519642,0.0,5.337381206205463,0.0,17.119452292330035,0.0,8097.139820621389,0.0,2760.594163663212,0.0,12.818391962260371,0.0,11.814686816055369,0.0,9.549909409661186,0.0
Tiefe,311.4901960784314,0.0,16.153064468822887,0.0,376.00537610581534,0.0,263.0,0.0,177.94634997698722,0.0,13.438561306122786,0.0,16.217274740226856,0.0,11.189003760865198,0.0,1186.953177421686,0.0,568.1955827571732,0.0,413.80356386702886,0.0,4.947422303268396,0.0,15.563846228806074,0.0,8008.202945836934,0.0,2801.5061074637933,0.0,13.438561302985487,0.0,12.439653193368388,0.0,10.310583746529637,0.0
Tiere,283.3607843137255,0.0,15.459075713465156,0.0,342.69149937366194,0.0,230.0,0.0,148.9651165161971,0.0,12.358838860118775,0.0,15.165750888103101,0.0,9.967515897288246,0.0,769.0172878283885,0.0,126.4036564937355,0.0,94.41378714238627,0.0,3.592109497669835,0.0,14.049762671643034,0.0,8019.335469688508,0.0,2823.631876383206,0.0,12.358838847745762,0.0,11.256341627901472,0.0,9.042963741498962,0.0
Tifil,283.30196078431374,0.0,15.527113119638996,0.0,429.7296469012515,0.0,358.0,0.0,242.76423687442804,0.0,15.021052976266958,0.0,18.920887928424502,0.0,13.091646198586334,0.0,1276.4872253976096,0.0,673.096435685552,0.0,499.25969857609147,0.0,5.036092531521348,0.0,22.23581617147573,0.0,11030.716636361443,0.0,6736.100681279062,0.0,15.021052926022485,0.0,14.391138349903308,0.0,12.120370510129865,0.0
Tiger,322.1490196078431,0.0,16.468601187328627,0.0,362.9839414153532,0.0,263.0,0.0,171.60122035904925,0.0,12.966389069438707,0.0,16.217274740226856,0.0,10.77305566943322,0.0,1779.0608475233905,0.0,244.05240826281965,0.0,172.690828609848,0.0,6.438415029897019,0.0,12.556677513078483,0.0,8019.538780680404,0.0,2819.1528038127894,0.0,12.966389065632068,0.0,12.51939354728651,0.0,9.75766623032438,0.0
Tings,337.0941176470588,0.0,16.849632384582716,0.0,365.72314179993924,0.0,257.0,0.0,168.1318444274225,0.0,13.020684513803122,0.0,16.0312195418814,0.0,10.693988347736202,0.0,2809.1577204753266,0.0,352.2655161520584,0.0,251.39573556776574,0.0,6.810707126245245,0.0,13.889175117599228,0.0,8025.794557284264,0.0,2906.272191226335,0.0,13.02068451444537,0.0,12.166148303325624,0.0,9.623721527104891,0.0
Tinni,301.3294117647059,0.0,16.065742003667683,0.0,355.08185420985654,0.0,261.0,0.0,167.2832465148662,0.0,12.756009733258571,0.0,16.15549442140351,0.0,10.51640197539294,0.0,894.1454186568445,0.0,296.16819960023884,0.0,191.55217381895622,0.0,4.4306150020704145,0.0,19.318363267871668,0.0,8070.379361669325,0.0,2839.0409017497996,0.0,12.75600973950578,0.0,11.96180236869385,0.0,9.484683393587764,0.0
Tippi,336.01960784313724,0.0,16.923552470445305,0.0,384.3512237848278,0.0,280.0,0.0,189.71031665205444,0.0,13.72897054331801,0.0,16.73320053068151,0.0,11.586377640313609,0.0,1344.5106006398037,0.0,806.3553978490238,0.0,679.2864777212457,0.0,6.087051048439634,0.0,29.00473017776539,0.0,8041.697619239269,0.0,2915.1967994474985,0.0,13.728970548507634,0.0,13.073883283634402,0.0,10.680338561081971,0.0
Tirms,320.2549019607843,0.0,16.491833636720592,0.0,423.5231608792567,0.0,346.0,0.0,237.53404731585428,0.0,14.930921680118011,0.0,18.601075237738275,0.0,13.078965719164314,0.0,7899.296050520129,0.0,650.7235101177786,0.0,498.44545337899166,0.0,7.123165060186177,0.0,15.690589933783691,0.0,8031.087999113883,0.0,3165.6185433960372,0.0,14.930921672265576,0.0,14.199064828212766,0.0,12.145106714206237,0.0
Titel,280.25098039215686,0.0,15.404338878577159,0.0,358.2904574149121,0.0,255.0,0.0,167.82720615205073,0.0,12.904154914816626,0.0,15.968719422671311,0.0,10.702405354589219,0.0,861.1683052864863,0.0,316.3872826268883,0.0,241.84418200493687,0.0,3.379038339171617,0.0,14.99448586286112,0.0,8563.763869778539,0.0,3309.7596230336967,0.0,12.90415492459279,0.0,12.040780618358347,0.0,9.775275938479641,0.0
Titim,318.3333333333333,0.0,16.4607678473332,0.0,443.0641351429562,0.0,366.0,0.0,255.81220619572125,0.0,15.508647030618262,0.0,19.131126469708992,0.0,13.662230352286624,0.0,4374.379451351732,0.0,419.57858631547026,0.0,313.27097284604025,0.0,10.925958077029913,0.0,14.96544545606758,0.0,8233.179593347468,0.0,2860.3114530898956,0.0,15.508647026417375,0.0,14.803860623298398,0.0,12.72503656593452,0.0
Titin,281.75686274509803,0.0,15.494714654926723,0.0,372.01213839674597,0.0,284.0,0.0,186.2972136963313,0.0,13.355636554462448,0.0,16.852299546352718,0.0,11.220725424316575,0.0,774.7720851283098,0.0,148.1978491558582,0.0,107.8979329584125,0.0,4.895551973675759,0.0,13.830183339608283,0.0,8205.385429289772,0.0,2866.0926990470944,0.0,13.35563654477169,0.0,12.590441760731139,0.0,10.259264286414803,0.0
Tlttm,338.40000000000003,0.0,16.944629277768662,0.0,447.07568564768246,0.0,365.0,0.0,258.13777009838975,0.0,15.639983798380069,0.0,19.1049731745428,0.0,13.806202797213823,0.0,4375.482176714345,0.0,427.77819201562113,0.0,321.5533248585486,0.0,10.600030106265425,0.0,17.189926162098413,0.0,8068.416113368405,0.0,3332.7851047790605,0.0,15.639983822286542,0.0,14.927945912398544,0.0,12.85552295735839,0.0
Tnlgn,368.63529411764705,0.0,17.695809785587794,0.0,388.79982241492655,0.0,271.0,0.0,183.98619108495217,0.0,13.771666415913565,0.0,16.46207763315433,0.0,11.389522799358343,0.0,2811.06388450056,0.0,362.42491174048615,0.0,260.11275287984597,0.0,5.541538876404949,0.0,20.325560992448434,0.0,11246.883102949296,0.0,3992.7230559903464,0.0,13.771666383675322,0.0,12.347260913301898,0.0,10.31826509836099,0.0
Tnrfn,338.0078431372549,0.0,16.95084237687494,0.0,395.94466438037637,0.0,303.0,0.0,204.49669769562038,0.0,14.0646381997861,0.0,17.406895185529212,0.0,11.96757770182081,0.0,1188.0438471830878,0.0,572.3350574104734,0.0,416.38225694111804,0.0,4.568536814286527,0.0,20.911959708403334,0.0,9204.485306874789,0.0,2063.583549257393,0.0,14.064638201762833,0.0,12.887707250223709,0.0,10.976278734850569,0.0
Toast,312.6,0.0,16.167133133973575,0.0,339.7407981203187,0.0,225.0,0.0,146.94559436501703,0.0,12.298389464683314,0.0,15.0,0.0,9.944707571538142,0.0,772.7167313605964,0.0,134.95748559635297,0.0,101.51214864100972,0.0,4.784846465251805,0.0,14.229133997529644,0.0,6500.241528617865,0.0,1609.108277618904,0.0,12.298389437241147,0.0,11.123753109997937,0.0,8.886349155744401,0.0
Todes,338.69019607843137,0.0,16.838314267588867,0.0,339.8623559240413,0.0,207.0,0.0,138.97000628828243,0.0,12.30666297526338,0.0,14.38749456993816,0.0,9.870360935153364,0.0,821.0077825021398,0.0,313.05850279098854,0.0,229.97639872699682,0.0,5.0929082106746435,0.0,14.377880809301965,0.0,6566.663330783877,0.0,1356.4217344147291,0.0,12.306662955913156,0.0,10.95019175345222,0.0,8.931570055978657,0.0
Toigo,342.8156862745098,0.0,16.959186142543953,0.0,368.8520875429771,0.0,231.0,0.0,158.89778426293702,0.0,13.18836795495766,0.0,15.198684153570664,0.0,10.675426283172051,0.0,2823.3428559878034,0.0,479.9484240974854,0.0,333.8496137577185,0.0,5.223933027325198,0.0,16.913243534267117,0.0,6827.499237594313,0.0,2136.1018192841425,0.0,13.18836793492903,0.0,11.562511589203092,0.0,9.665063678455965,0.0
Tokio,332.1803921568627,0.0,16.785810818334394,0.0,381.31944939789946,0.0,276.0,0.0,189.89722915790455,0.0,13.746769082922459,0.0,16.61324772583615,0.0,11.646891722246071,0.0,906.6730145448282,0.0,578.0616810226219,0.0,439.20865216594126,0.0,4.326177405882314,0.0,24.133154310879913,0.0,6866.796262069804,0.0,2484.6647685722846,0.0,13.746769071992462,0.0,12.92643185875621,0.0,10.792501311339807,0.0
Tolid,321.3058823529411,0.0,16.52136105201837,0.0,403.6353635228196,0.0,306.0,0.0,210.02693454445853,0.0,14.331566972349744,0.0,17.4928556845359,0.0,12.248414338436174,0.0,1043.0044568791368,0.0,658.3991315109357,0.0,487.50275227511617,0.0,6.094608169316347,0.0,19.449394845696816,0.0,9282.318641096774,0.0,3588.045258179138,0.0,14.331566932075107,0.0,13.434558726122003,0.0,11.318415937684108,0.0
Tolle,301.33725490196076,0.0,15.982439902481957,0.0,379.8216394592706,0.0,259.0,0.0,179.1430193498157,0.0,13.630983517712504,0.0,16.09347693943108,0.0,11.342203058782312,0.0,787.3302218753597,0.0,175.02138172582875,0.0,141.86560265805042,0.0,4.163122595291766,0.0,13.08234527094268,0.0,9838.92885134072,0.0,3698.2029145702695,0.0,13.630983484601806,0.0,12.355932348336964,0.0,10.458510045779228,0.0
Tondo,363.63529411764705,0.0,17.523830756074737,0.0,348.26791460348556,0.0,212.0,0.0,143.85437884673422,0.0,12.592081582288127,0.0,14.560219778561036,0.0,10.087477498737485,0.0,834.7573720668087,0.0,374.7317178874982,0.0,258.1126588705054,0.0,4.865227016290267,0.0,16.24353496250638,0.0,6747.266056346718,0.0,2419.571127782973,0.0,12.59208155992959,0.0,11.29879917708534,0.0,9.127891708469658,0.0
Tonne,342.15294117647056,0.0,17.013077720778696,0.0,319.123390322173,0.0,179.0,0.0,116.74898749673488,0.0,11.573570780804479,0.0,13.379088160259652,0.0,8.874197449271806,0.0,771.428761034441,0.0,122.25449209828903,0.0,94.32821467778898,0.0,2.8874803952469543,0.0,12.722006763369617,0.0,6518.778465710321,0.0,1395.8338963564763,0.0,11.573570759312709,0.0,9.971499283631092,0.0,7.918553673015259,0.0
Tools,302.83921568627454,0.0,15.959840989611616,0.0,366.4481572283432,0.0,246.0,0.0,168.53422758134676,0.0,13.229900975528148,0.0,15.684387141358123,0.0,10.962602731658613,0.0,794.949654666769,0.0,224.6789993423837,0.0,182.71112996958306,0.0,4.9343250486558246,0.0,18.532926493203632,0.0,7465.440363100716,0.0,1538.1492013255154,0.0,13.229900954695154,0.0,11.861643620972597,0.0,10.028796717028346,0.0
Torso,297.4980392156863,0.0,15.804039312557055,0.0,335.942362807351,0.0,209.0,0.0,138.41447034733753,0.0,12.19451997295721,0.0,14.45683229480096,0.0,9.749146421684395,0.0,816.1585795005611,0.0,346.86942219185596,0.0,236.61690270212202,0.0,4.169318490363901,0.0,15.937404154643424,0.0,6510.944296474672,0.0,1581.3976150263902,0.0,12.194519954443905,0.0,10.611065932466568,0.0,8.782348516936098,0.0
Tosto,303.67450980392164,0.0,15.927895487831412,0.0,349.5109905411298,0.0,217.0,0.0,148.338976608485,0.0,12.67873452195518,0.0,14.730919862656235,0.0,10.253345630272992,0.0,817.5123482562561,0.0,349.84549757557903,0.0,239.8293566797884,0.0,3.746673629436548,0.0,16.267036897785893,0.0,7250.767594289442,0.0,1864.891947141839,0.0,12.678734496177315,0.0,11.109901773298064,0.0,9.32623142697066,0.0
Toter,296.83137254901965,0.0,15.794646234506255,0.0,327.85842081286347,0.0,203.0,0.0,132.76130399563996,0.0,11.91856995878124,0.0,14.247806848775006,0.0,9.476676841320412,0.0,772.7821630171807,0.0,133.79017137166974,0.0,101.02780887045564,0.0,4.889557048000699,0.0,12.275191362144835,0.0,6544.958436041557,0.0,1433.0295407113806,0.0,11.918569942192741,0.0,10.578925942080097,0.0,8.53473867582663,0.0
Toton,325.6,0.0,16.56316094993932,0.0,333.18918055671475,0.0,196.0,0.0,131.55718831673664,0.0,12.11636916603353,0.0,14.0,0.0,9.560115513795298,0.0,777.2355721959505,0.0,150.9310412620333,0.0,116.94666329350443,0.0,3.804257614630333,0.0,15.390655510702517,0.0,6531.685885867382,0.0,1520.6726032242534,0.0,12.116369150401729,0.0,10.41631070443988,0.0,8.589287837673803,0.0
Tpkth,393.10980392156864,0.0,18.294295861099464,0.0,414.3858378118539,0.0,321.0,0.0,223.99720798726503,0.0,14.71453672840031,0.0,17.916472867168917,0.0,12.76709634233343,0.0,1669.198470245321,0.0,1276.7614686594513,0.0,1026.8114055210694,0.0,4.602074980812414,0.0,32.610094165985686,0.0,8901.69398118125,0.0,3260.008760598503,0.0,14.714536706435256,0.0,14.000966945740405,0.0,11.868703935924225,0.0
Tpsrs,309.121568627451,0.0,16.131120745835496,0.0,370.15048044610546,0.0,261.0,0.0,174.6701157845423,0.0,13.267355349603326,0.0,16.15549442140351,0.0,11.03582811904689,0.0,1597.1594864679723,0.0,1146.17422058194,0.0,931.34510445745,0.0,8.535140976993318,0.0,23.63451763869103,0.0,8805.253748973733,0.0,2242.0758025944765,0.0,13.267355308281635,0.0,11.818899155143576,0.0,10.053784702211841,0.0
Tqtkm,410.5607843137255,0.0,18.680499488245342,0.0,446.6478541202694,0.0,348.0,0.0,249.24871390640743,0.0,15.61627640092166,0.0,18.65475810617763,0.0,13.673246946217029,0.0,247477.42269027565,0.0,80287.00315013983,0.0,78040.94198868821,0.0,8.999873582076926,0.0,189.6080592364237,0.0,6878.222146433933,0.0,2004.5103474030093,0.0,15.616276399826221,0.0,14.53312797947099,0.0,12.681108838213767,0.0
Trakt,333.9098039215686,0.0,16.83836221660644,0.0,376.0413375401737,0.0,298.0,0.0,195.25568737136916,0.0,13.479186527085645,0.0,17.26267650163207,0.0,11.496275416337577,0.0,785.5258630454917,0.0,202.09721597308928,0.0,152.14661136834798,0.0,5.234174083761241,0.0,15.087561809985763,0.0,7617.2416188552,0.0,1828.325716865701,0.0,13.479186489179893,0.0,12.73775796787885,0.0,10.444225011035847,0.0
Trass,292.6,0.0,15.661220678513523,0.0,350.95969701779364,0.0,250.0,0.0,162.00595639774016,0.0,12.650079993802796,0.0,15.811388300841896,0.0,10.416303096091736,0.0,769.9749471042599,0.0,138.85860256935138,0.0,104.0024057789655,0.0,4.1525707149369175,0.0,14.31379660336545,0.0,7574.027186417388,0.0,1963.085766213098,0.0,12.650079960243747,0.0,11.206859466673016,0.0,9.356286159723572,0.0
Traum,371.9411764705883,0.0,17.78278481008224,0.0,421.91951790236976,0.0,334.0,0.0,232.49301048514536,0.0,14.91917670023633,0.0,18.275666882497067,0.0,13.018119820995874,0.0,4373.541765098879,0.0,418.02303651492315,0.0,312.3936107560664,0.0,11.413961000924287,0.0,13.908223789328682,0.0,7807.185709689567,0.0,1815.4248430862067,0.0,14.9191766740193,0.0,13.77569143971646,0.0,12.039150717949171,0.0
Trege,341.0509803921569,0.0,16.894540930848912,0.0,355.39291824009683,0.0,220.0,0.0,148.74666066170187,0.0,12.744533904021942,0.0,14.832396974191326,0.0,10.236037023057017,0.0,2809.1420292078724,0.0,354.4113299364621,0.0,254.12045116185868,0.0,6.426031649176184,0.0,14.128228952711604,0.0,7590.06200173685,0.0,1895.6943619390852,0.0,12.744533874766155,0.0,11.093229801370192,0.0,9.29885577388749,0.0
Trehe,330.31372549019613,0.0,16.698409448920533,0.0,336.3526159363971,0.0,208.0,0.0,137.0669720318018,0.0,12.181038010638247,0.0,14.422205101855956,0.0,9.667609091424266,0.0,770.0480360227409,0.0,126.75979480584365,0.0,97.33228159740365,0.0,5.219445089461937,0.0,14.941081077797966,0.0,7989.175150325373,0.0,1878.9777959488042,0.0,12.181037973653877,0.0,10.652653072468809,0.0,8.763069210354745,0.0
Tremm,397.6588235294118,0.0,18.376681059609982,0.0,492.97775593218716,0.0,404.0,0.0,296.5746343670763,0.0,16.892873853623634,0.0,20.09975124224178,0.0,15.109886816760515,0.0,8996.351726631594,0.0,761.1514452151825,0.0,580.0445244123549,0.0,14.040911096031106,0.0,17.540672281944076,0.0,7601.420864271443,0.0,2273.756799614286,0.0,16.89287382995636,0.0,15.706103199461158,0.0,14.22684518642006,0.0
Trend,342.9686274509804,0.0,17.04950072047208,0.0,360.56211375857583,0.0,249.0,0.0,165.79576919822387,0.0,12.99270256252742,0.0,15.7797338380595,0.0,10.72239727278828,0.0,1032.2168301875856,0.0,648.5724810242365,0.0,480.44839604983395,0.0,8.964450794538473,0.0,17.896965204232565,0.0,7583.793509911728,0.0,1762.1589333140162,0.0,12.992702535870064,0.0,11.605119026584763,0.0,9.747083466403014,0.0
Trepf,344.2313725490196,0.0,17.032224924831233,0.0,392.93386353257813,0.0,280.0,0.0,193.26262348945514,0.0,13.976738486736329,0.0,16.73320053068151,0.0,11.816793100891667,0.0,2395.5216585910407,0.0,1198.56821976519,0.0,936.4122093388036,0.0,7.683438865104332,0.0,25.063881274785107,0.0,7676.337244144477,0.0,1919.7848052262964,0.0,13.976738460341789,0.0,12.641914873797665,0.0,10.887231769004167,0.0
Trfmf,376.964705882353,0.0,17.837828988470392,0.0,504.03344571447013,0.0,431.0,0.0,309.610703463738,0.0,17.043459390116073,0.0,20.760539492026695,0.0,15.280131488241214,0.0,8251.52944193824,0.0,1410.4056105088855,0.0,1079.8220754623635,0.0,9.629135855089414,0.0,26.949430444860706,0.0,10282.024330952318,0.0,6346.674821297789,0.0,17.04345933416899,0.0,15.929566751654749,0.0,14.322717630870644,0.0
Trhqs,345.7803921568627,0.0,17.11086315273438,0.0,373.3807381495146,0.0,268.0,0.0,178.885892776084,0.0,13.369311195299293,0.0,16.3707055437449,0.0,11.162129971518116,0.0,51416868.84392018,0.0,413746.8523940047,0.0,408230.4260261926,0.0,5.605247443430008,0.0,450.6322564315757,0.0,7758.811981791128,0.0,2239.4392124810583,0.0,13.36931117110079,0.0,12.222798240368512,0.0,10.14743306980743,0.0
Trias,284.5019607843137,0.0,15.502255916001323,0.0,356.7514509633203,0.0,251.0,0.0,162.6286776191145,0.0,12.798179470377095,0.0,15.84297951775486,0.0,10.440675797932304,0.0,773.075330696623,0.0,140.12952416822029,0.0,104.70792736893458,0.0,3.8454020396969835,0.0,15.23551159463546,0.0,7906.4407351841,0.0,2411.5152080929506,0.0,12.798179457814127,0.0,11.153016226034142,0.0,9.356187799893869,0.0
Trick,300.17647058823525,0.0,16.0051159640979,0.0,387.9614913193492,0.0,292.0,0.0,195.46170428014216,0.0,13.819190029080788,0.0,17.08800749063506,0.0,11.656476099057393,0.0,833.0814945260234,0.0,288.8180060839063,0.0,242.3695239302917,0.0,7.944052902789242,0.0,16.982716160127584,0.0,7950.50088569216,0.0,2968.2327622632383,0.0,13.819190002680083,0.0,12.495906110167674,0.0,10.592038305256017,0.0
Trieb,312.0392156862745,0.0,16.253984694666123,0.0,362.2823706026664,0.0,242.0,0.0,162.5326798316553,0.0,13.026247824601173,0.0,15.556349186104045,0.0,10.661219294532437,0.0,825.6282730631724,0.0,295.3629478324032,0.0,229.5313349773658,0.0,8.28480911161589,0.0,22.21409224129479,0.0,7814.190621546955,0.0,2253.933972261211,0.0,13.026247798638579,0.0,11.40210519978961,0.0,9.728429912309545,0.0
Trips,301.0235294117647,0.0,15.976832034568767,0.0,368.4010159726247,0.0,261.0,0.0,173.8440538190991,0.0,13.229582766788543,0.0,16.15549442140351,0.0,10.983544852879714,0.0,967.3199612279831,0.0,468.6229020983701,0.0,386.0741012978834,0.0,4.841842830934098,0.0,24.919446354376664,0.0,7831.999912666413,0.0,2365.7514555524367,0.0,13.229582750246752,0.0,11.788254714410996,0.0,10.002187757624743,0.0
Tritt,266.45882352941175,0.0,15.023533506328102,0.0,377.62198200728096,0.0,294.0,0.0,194.41800831591615,0.0,13.560804422061613,0.0,17.146428199482248,0.0,11.518457155270715,0.0,773.5965756101301,0.0,142.59426560829263,0.0,108.89755788719589,0.0,4.3363122897918345,0.0,14.014448816550104,0.0,8147.576981175724,0.0,2580.753802566272,0.0,13.560804411208744,0.0,12.586721499944987,0.0,10.522398513327015,0.0
Trkll,311.843137254902,0.0,16.38095968072429,0.0,432.03770176717967,0.0,366.0,0.0,251.79742697713874,0.0,15.216652338236926,0.0,19.131126469708992,0.0,13.423828923197211,0.0,951.3687261454986,0.0,566.7962059021288,0.0,449.5606143500577,0.0,5.340142143048396,0.0,25.056252177824277,0.0,9029.558700466403,0.0,3291.603852980421,0.0,15.216652337051602,0.0,14.618946479132156,0.0,12.50445340571892,0.0
Trmnx,363.1921568627451,0.0,17.60926934265039,0.0,419.3850944648598,0.0,326.0,0.0,226.7612960438297,0.0,14.84645970279341,0.0,18.05547008526779,0.0,12.836418132808253,0.0,3408.192943547349,0.0,297.69325868074543,0.0,230.7043751044547,0.0,5.651939906085114,0.0,65.36127657187694,0.0,7688.2054573279465,0.0,2219.3944581283617,0.0,14.846459680466543,0.0,13.365068891360933,0.0,11.800207773603054,0.0
Trntt,296.4823529411765,0.0,15.852472982281952,0.0,366.41662021454795,0.0,280.0,0.0,184.2795475642676,0.0,13.2228528865686,0.0,16.73320053068151,0.0,11.185795466722446,0.0,770.4555711673413,0.0,139.04931773752722,0.0,106.49238143237162,0.0,3.71197417660471,0.0,14.237520023032964,0.0,7891.750201156817,0.0,2164.6345968146825,0.0,13.222852854088309,0.0,12.487954249688004,0.0,10.2155035078014,0.0
Tronk,344.5568627450981,0.0,17.142753189849774,0.0,368.7183074029899,0.0,260.0,0.0,175.89841618983453,0.0,13.308595713999072,0.0,16.1245154965971,0.0,11.132813030316942,0.0,841.2805585991323,0.0,321.69413264671635,0.0,270.5635084322416,0.0,8.67705192629153,0.0,19.406312652072096,0.0,7691.279877052643,0.0,2189.199305526914,0.0,13.308595684262956,0.0,12.03119873100179,0.0,10.1251731404048,0.0
Tropf,347.25098039215686,0.0,17.11759495084493,0.0,398.4996249368471,0.0,289.0,0.0,200.4313338351478,0.0,14.162438519398382,0.0,17.0,0.0,12.0675256861168,0.0,2399.7812780267755,0.0,1208.342795425686,0.0,944.8861673002126,0.0,7.798969982128549,0.0,26.104905588770908,0.0,7734.812190816995,0.0,1926.7541902763458,0.0,14.162438494787649,0.0,12.90878765336168,0.0,11.123076658009236,0.0
Trost,286.02745098039213,0.0,15.498840477024622,0.0,348.181483746962,0.0,243.0,0.0,159.48802513056307,0.0,12.617153344398043,0.0,15.588457268119896,0.0,10.404115124340313,0.0,782.267775623133,0.0,200.8156322245307,0.0,160.22633210191765,0.0,3.48760058588497,0.0,16.396399815605186,0.0,7628.881098686562,0.0,1900.115350023222,0.0,12.617153313654667,0.0,11.38480490703614,0.0,9.415142701273158,0.0
Trott,288.38039215686274,0.0,15.583087570303906,0.0,365.36560260512385,0.0,270.0,0.0,180.12206546980113,0.0,13.213537108959894,0.0,16.431676725154983,0.0,11.147964193180991,0.0,783.5361975616894,0.0,206.30143356489566,0.0,164.91420430887194,0.0,3.3333708032840486,0.0,17.01221502084108,0.0,7937.321204990718,0.0,2133.06006824779,0.0,13.213537075765304,0.0,12.258654956353672,0.0,10.191916265331761,0.0
Trotz,297.0666666666667,0.0,15.886347597374964,0.0,370.13645758592094,0.0,278.0,0.0,185.74168020913402,0.0,13.381901314214467,0.0,16.673332000533065,0.0,11.341824170773869,0.0,785.1520970583271,0.0,216.21580544822007,0.0,173.09456753670653,0.0,3.213269704985207,0.0,23.469570224793852,0.0,7949.577255732691,0.0,2111.7943576163048,0.0,13.381901282129897,0.0,12.278052350556202,0.0,10.376383250893575,0.0
Trpxm,380.53725490196075,0.0,18.00654458322747,0.0,449.1003892181415,0.0,364.0,0.0,258.21876815990896,0.0,15.689125597801537,0.0,19.078784028338912,0.0,13.846098249441841,0.0,4449.755004749951,0.0,732.1917659399255,0.0,620.3637814616155,0.0,10.303158697998258,0.0,163.00323448162356,0.0,7665.585254921979,0.0,1827.0488264921403,0.0,15.68912557433405,0.0,14.475112594288838,0.0,12.934202342377697,0.0
Trsfb,333.6392156862745,0.0,16.748610551379137,0.0,413.46823843615823,0.0,310.0,0.0,215.086196364385,0.0,14.583400776823478,0.0,17.60681686165901,0.0,12.482680210302519,0.0,1223.4719872645858,0.0,631.0742194746202,0.0,465.75249019342573,0.0,9.23956634065878,0.0,25.021844542419704,0.0,7920.5779827856595,0.0,1780.670725973435,0.0,14.583400767623788,0.0,13.222351662269359,0.0,11.550899713786125,0.0
Truff,339.3019607843137,0.0,16.91506611708871,0.0,441.076946901072,0.0,366.0,0.0,252.36663789150168,0.0,15.356833238997321,0.0,19.131126469708992,0.0,13.479827953336113,0.0,2493.783036012776,0.0,1243.9838621533256,0.0,950.2006418902935,0.0,7.046836735331835,0.0,21.878269773683556,0.0,8075.429486836009,0.0,1955.9913860548609,0.0,15.356833222614833,0.0,14.475795087981936,0.0,12.502200848669299,0.0
Truhe,340.34901960784316,0.0,17.000663080448735,0.0,345.47104008185113,0.0,233.0,0.0,152.3078550056493,0.0,12.509054331438408,0.0,15.264337522473747,0.0,10.14346616086852,0.0,770.3684690683774,0.0,133.5803312418419,0.0,100.17040540591029,0.0,5.4480987356079975,0.0,16.55773991009597,0.0,8373.990288364961,0.0,2033.0978810151057,0.0,12.509054296616918,0.0,11.377434957643501,0.0,9.190431967076384,0.0
Trupp,369.2313725490196,0.0,17.732603986354356,0.0,377.2027531198392,0.0,264.0,0.0,180.58647030333614,0.0,13.560244747712394,0.0,16.24807680927192,0.0,11.358304414849872,0.0,3299.987535756657,0.0,2036.410007368652,0.0,1919.8998456295972,0.0,9.280565596076412,0.0,37.357538303554385,0.0,7964.766654253596,0.0,2011.366083593298,0.0,13.560244719082409,0.0,12.53754364224094,0.0,10.45181681723408,0.0
Trure,297.67058823529413,0.0,15.90002986270013,0.0,356.75228038775276,0.0,259.0,0.0,169.32459486651544,0.0,12.890382634136085,0.0,16.09347693943108,0.0,10.688915602523174,0.0,769.9385109663625,0.0,144.81141034969463,0.0,107.42685135387602,0.0,3.653967666750174,0.0,16.038812758981,0.0,7984.1772480455365,0.0,1950.6889423221378,0.0,12.890382601488527,0.0,11.745086156615832,0.0,9.75244127672236,0.0
Träne,336.61176470588236,0.0,16.844356594910398,0.0,346.8464277652947,0.0,229.0,0.0,150.3002052642824,0.0,12.512482166229702,0.0,15.132745950421556,0.0,10.109111831365727,0.0,796.2568214830652,0.0,266.6073870148134,0.0,215.86624006692892,0.0,4.035018963451767,0.0,35.66450910730395,0.0,8624.10459375285,0.0,3869.9653287302476,0.0,12.51248215009078,0.0,10.994322964290959,0.0,9.088381552478603,0.0
Tschm,370.4980392156863,0.0,17.69752305221766,0.0,406.5076923085479,0.0,286.0,0.0,203.0407633982236,0.0,14.447203298392777,0.0,16.911534525287763,0.0,12.28519871714732,0.0,4373.479024330413,0.0,410.1472709462993,0.0,307.71778177627465,0.0,12.62758619519781,0.0,22.5597735965744,0.0,7216.086823132729,0.0,1449.5890267735833,0.0,14.447203278707718,0.0,13.046071481345994,0.0,11.332767221127536,0.0
Tubke,383.75686274509803,0.0,18.04267315544974,0.0,361.406095976777,0.0,243.0,0.0,163.64356106075996,0.0,13.030456610591571,0.0,15.588457268119896,0.0,10.68755817873049,0.0,788.138271973186,0.0,197.64201248220448,0.0,149.25116528798043,0.0,4.551448672013557,0.0,15.710876829027951,0.0,6728.793472060819,0.0,1568.0578752645797,0.0,13.030456618062857,0.0,11.952978618034534,0.0,9.743411983881868,0.0
Tulpe,346.1058823529412,0.0,17.142379545167824,0.0,359.42453849161757,0.0,224.0,0.0,153.53323368531835,0.0,12.962605171213863,0.0,14.966629547095765,0.0,10.46767926520253,0.0,968.7567708203827,0.0,468.55253089545187,0.0,386.8581374131521,0.0,3.8072774066038577,0.0,24.464459396283548,0.0,9246.977345166233,0.0,3736.423774676409,0.0,12.962605147535625,0.0,11.488111053240816,0.0,9.55875974513136,0.0
Tumor,363.0156862745098,0.0,17.565565647064872,0.0,403.2714329652108,0.0,288.0,0.0,202.66771963875652,0.0,14.374291727375786,0.0,16.97056274847714,0.0,12.20647153887013,0.0,3408.431999999439,0.0,296.4240500367749,0.0,228.0553709749298,0.0,6.590959683815239,0.0,17.395928912202024,0.0,6666.348141538061,0.0,2047.3748336839337,0.0,14.37429172256667,0.0,13.081195960975258,0.0,11.194875091559055,0.0
Tusch,332.8352941176471,0.0,16.767040314478383,0.0,357.2377004691256,0.0,229.0,0.0,152.66800139045566,0.0,12.816688268649475,0.0,15.132745950421556,0.0,10.284467607446349,0.0,824.5582069707876,0.0,356.9817167284847,0.0,250.38916082588324,0.0,5.27964302023548,0.0,14.36469671601545,0.0,7085.921800659843,0.0,2078.0589585910393,0.0,12.816688261882796,0.0,11.052227718451926,0.0,9.25532984893373,0.0
Tutor,306.8666666666667,0.0,16.113861012319077,0.0,340.70926750817864,0.0,222.0,0.0,145.97893713514816,0.0,12.363248919432369,0.0,14.89966442575134,0.0,9.961514240916625,0.0,774.1774095219157,0.0,150.89400275689968,0.0,114.62749475151,0.0,5.1132271286813396,0.0,15.893349092999447,0.0,6696.551337858566,0.0,1674.683916182425,0.0,12.363248917371985,0.0,11.007708492994356,0.0,8.938594556931944,0.0
Tvthn,342.04705882352937,0.0,17.058071653477683,0.0,354.70911745781234,0.0,244.0,0.0,161.45617064966393,0.0,12.833044611605654,0.0,15.620499351813308,0.0,10.501525615692024,0.0,771.5865766221942,0.0,134.24398949757216,0.0,102.23058505777377,0.0,6.188734696832531,0.0,98.77879572569097,0.0,7461.728185958145,0.0,2340.3716416000166,0.0,12.833044603625023,0.0,11.271581502988283,0.0,9.473805685343171,0.0
Typos,349.01176470588234,0.0,17.129499748391435,0.0,370.0795818344413,0.0,242.0,0.0,167.52057087392492,0.0,13.30499762370005,0.0,15.556349186104045,0.0,11.025365627975724,0.0,39007.635661349865,0.0,2327.4815586069376,0.0,1774.4633725375804,0.0,5.550211949443527,0.0,26.511040786349817,0.0,6662.194715903815,0.0,1974.9891000167838,0.0,13.304997604666443,0.0,11.838172192512427,0.0,10.093952429792823,0.0
Typus,356.02745098039213,0.0,17.340416882823977,0.0,372.067179582708,0.0,259.0,0.0,175.81455818545527,0.0,13.367258096351748,0.0,16.09347693943108,0.0,11.18335180231202,0.0,39007.55754927267,0.0,2326.763721643071,0.0,1773.6307239255004,0.0,5.4264448066091875,0.0,25.726598201036552,0.0,6902.064214891068,0.0,1924.076026194735,0.0,13.367258077173263,0.0,12.023566488366429,0.0,10.256545891725803,0.0
Tztvn,314.2313725490196,0.0,16.378028905649618,0.0,359.9346681724752,0.0,256.0,0.0,169.56405904574018,0.0,13.0084195392625,0.0,16.0,0.0,10.765622595313738,0.0,771.5468007921088,0.0,144.10830869058753,0.0,110.71106035855838,0.0,3.6596692261893566,0.0,46.71292540130984,0.0,6602.792770048592,0.0,1629.6232713818151,0.0,13.00841951282752,0.0,11.322874548997246,0.0,9.749175933003377,0.0
Töbön,385.29411764705884,0.0,17.979166892201636,0.0,359.97809104892394,0.0,221.0,0.0,152.872619967679,0.0,12.971570288785216,0.0,14.866068747318506,0.0,10.490497987707403,0.0,814.0878283647859,0.0,304.8867521458697,0.0,245.67359706855353,0.0,4.068888022506718,0.0,24.21059683219228,0.0,10154.112773293278,0.0,9123.01130266744,0.0,12.971570314407478,0.0,11.76025348374886,0.0,9.540318534080969,0.0
Töböt,365.72156862745095,0.0,17.470791574706286,0.0,360.1724362278506,0.0,230.0,0.0,157.87934893724565,0.0,12.983605698555188,0.0,15.165750888103101,0.0,10.621429044795914,0.0,814.0308881712008,0.0,304.7493325203731,0.0,245.61972215823138,0.0,5.056308423065262,0.0,24.95381292927345,0.0,10162.597591829117,0.0,9125.314715621138,0.0,12.983605712369675,0.0,12.135510720920294,0.0,9.672101772844197,0.0
Töckt,339.55686274509804,0.0,16.904213943808646,0.0,360.2023856226589,0.0,245.0,0.0,164.02540393348278,0.0,12.961450281631185,0.0,15.652475842498529,0.0,10.67286689530736,0.0,800.9159299515334,0.0,257.52719119343766,0.0,189.90655473247844,0.0,4.036608805946419,0.0,18.854391030364788,0.0,10197.974612094577,0.0,8934.353574277444,0.0,12.961450252173572,0.0,11.886584432038411,0.0,9.709061722586089,0.0
Töpfe,373.1607843137255,0.0,17.66671846089337,0.0,396.0760992766926,0.0,268.0,0.0,190.51499260348,0.0,14.115260936976464,0.0,16.3707055437449,0.0,11.893825043431159,0.0,1450.5429394722669,0.0,845.228017177212,0.0,687.7962828182405,0.0,4.834707412486763,0.0,24.359135457745467,0.0,10120.711958956843,0.0,8953.398254744912,0.0,14.11526096892436,0.0,13.012347855708084,0.0,11.08558510940273,0.0
Töten,333.8627450980392,0.0,16.731867390995248,0.0,332.9619915036926,0.0,195.0,0.0,130.81309057520858,0.0,12.098012295989813,0.0,13.96424004376894,0.0,9.536114398859322,0.0,785.8531373768961,0.0,209.08057821639255,0.0,153.13773158398868,0.0,3.5596657069018707,0.0,13.940831643819,0.0,10140.195609457433,0.0,8961.816093049478,0.0,12.098012332304306,0.0,10.483725335639647,0.0,8.623996781540697,0.0
Tücke,355.01960784313724,0.0,17.315068009149613,0.0,352.86882609869326,0.0,222.0,0.0,149.20158468932928,0.0,12.701934830555821,0.0,14.89966442575134,0.0,10.198293711242423,0.0,789.1762724429832,0.0,204.26115707646977,0.0,155.42580611406999,0.0,3.884939687114575,0.0,18.077577628256357,0.0,6945.1188797010345,0.0,4459.808319370861,0.0,12.701934832660905,0.0,11.177845206672021,0.0,9.279934474774088,0.0
Türme,371.27450980392155,0.0,17.72898152324593,0.0,418.57173948296145,0.0,311.0,0.0,220.24426495680632,0.0,14.831061922410244,0.0,17.635192088548397,0.0,12.784636414256685,0.0,7899.758752759096,0.0,654.8346871082729,0.0,502.06566281449057,0.0,4.821661849002074,0.0,16.74055499457483,0.0,6867.70618345711,0.0,4721.235425566316,0.0,14.831061935906067,0.0,13.67372813251635,0.0,11.933986388891539,0.0
Uhmst,394.8274509803922,0.0,18.24757292693887,0.0,410.5172991875976,0.0,292.0,0.0,208.08759498888813,0.0,14.60039316333803,0.0,17.08800749063506,0.0,12.447738745592318,0.0,3414.9575754098546,0.0,357.49235838755624,0.0,266.24408925644235,0.0,8.04676804567682,0.0,31.82946112649828,0.0,6345.802375893855,0.0,4033.8788548816815,0.0,14.60039312339221,0.0,13.374161008403872,0.0,11.445926117357622,0.0
Uhran,374.82352941176475,0.0,17.833214219869753,0.0,346.5476590274325,0.0,218.0,0.0,144.2029037251171,0.0,12.499926636209338,0.0,14.7648230602334,0.0,9.948034489206826,0.0,802.154428687587,0.0,251.92769095793534,0.0,178.97013840625675,0.0,4.141613125155756,0.0,30.77501938684614,0.0,6401.117921539264,0.0,3823.391350493444,0.0,12.499926558742924,0.0,10.954882483426305,0.0,8.861514366472091,0.0
Uhren,362.878431372549,0.0,17.533676719395423,0.0,333.7834557765527,0.0,198.0,0.0,131.70101828577873,0.0,12.108258693137696,0.0,14.071247279470288,0.0,9.541427330619987,0.0,801.0329362638013,0.0,246.89314715868497,0.0,176.11009095562366,0.0,5.424798403166377,0.0,29.61507036305381,0.0,6287.031609685363,0.0,3719.7209700262947,0.0,12.10825860591987,0.0,10.579827019962378,0.0,8.577635274872417,0.0
Umbau,436.6901960784313,0.0,19.214945964130624,0.0,404.8442182451315,0.0,282.0,0.0,200.0426050992706,0.0,14.411860569142537,0.0,16.792855623746664,0.0,12.194017026411052,0.0,10094.89461934581,0.0,832.5092823600082,0.0,643.1683915968546,0.0,5.338727423295445,0.0,35.070759683863216,0.0,6644.382857156167,0.0,3746.9839285575904,0.0,14.411860570734309,0.0,13.417559433064298,0.0,11.237839214445989,0.0
Umken,425.3058823529411,0.0,18.999754748614443,0.0,399.5531831040872,0.0,280.0,0.0,200.4331999484483,0.0,14.340513349685663,0.0,16.73320053068151,0.0,12.264319891588361,0.0,10101.763717831942,0.0,943.9440846125808,0.0,737.2339807890262,0.0,5.724814253531476,0.0,37.97276381894815,0.0,6650.711957288141,0.0,4161.332056966816,0.0,14.340513371366557,0.0,13.447991227950007,0.0,11.406997517738514,0.0
Unarm,394.47058823529414,0.0,18.293023526115853,0.0,422.2463244182617,0.0,323.0,0.0,227.50651883307648,0.0,14.934352841203278,0.0,17.97220075561143,0.0,12.931982910388374,0.0,4373.397092765751,0.0,416.91954646091256,0.0,309.70657704083857,0.0,4.349214825593947,0.0,30.002361304997617,0.0,8637.804390128116,0.0,3892.123074060962,0.0,14.934352846586746,0.0,13.73860550719035,0.0,11.909390806707947,0.0
Unmut,398.7372549019608,0.0,18.3890419202605,0.0,393.06756945912076,0.0,281.0,0.0,196.09632534981435,0.0,14.09015025701734,0.0,16.76305461424021,0.0,11.954629100296359,0.0,3407.2098058361566,0.0,287.64016902849835,0.0,217.04487034136062,0.0,5.007362943952768,0.0,29.32654641728337,0.0,8814.003396266346,0.0,4069.047861713629,0.0,14.090150267839437,0.0,12.920135161149148,0.0,10.950317741740731,0.0
Unrat,338.32156862745103,0.0,16.903908718104795,0.0,332.02976405867673,0.0,215.0,0.0,137.80061137806194,0.0,12.004342806137567,0.0,14.66287829861518,0.0,9.528314526220624,0.0,768.2361923566222,0.0,128.02237495117345,0.0,87.58660318228667,0.0,5.843043173770525,0.0,28.73127014299163,0.0,8685.142787501623,0.0,3938.8298431476524,0.0,12.00434281434028,0.0,10.763832915252985,0.0,8.39267694495615,0.0
Untat,344.4980392156863,0.0,17.019762807643666,0.0,332.3961402951711,0.0,208.0,0.0,135.39553969112816,0.0,12.04803957462747,0.0,14.422205101855956,0.0,9.522824886535538,0.0,769.1287194591401,0.0,128.87622220560195,0.0,89.48774603542624,0.0,5.593998365687442,0.0,28.58192119540126,0.0,8720.695459711278,0.0,3989.315066225093,0.0,12.048039586682627,0.0,10.665769176265808,0.0,8.411074296546225,0.0
Unzen,360.8117647058823,0.0,17.511251285063196,0.0,322.2200832052024,0.0,187.0,0.0,122.19253376089094,0.0,11.713409720623448,0.0,13.674794331177344,0.0,9.069062626691684,0.0,767.6381792637364,0.0,122.32910616895602,0.0,85.9260760705972,0.0,3.90156844845293,0.0,39.80360222010858,0.0,9349.236806201205,0.0,3924.9726145228483,0.0,11.713409734596025,0.0,9.97781234048423,0.0,8.059465346496491,0.0
Ursel,303.6156862745098,0.0,15.985200768167283,0.0,345.81592565438956,0.0,221.0,0.0,148.0170314784234,0.0,12.530687855299814,0.0,14.866068747318506,0.0,10.161113993270694,0.0,859.1963500330003,0.0,317.7579487417504,0.0,241.01948759425352,0.0,5.962726026116265,0.0,31.02829016674054,0.0,7782.608249156702,0.0,4043.457972854778,0.0,12.530687854378591,0.0,11.030316417351045,0.0,9.249884135929088,0.0
Vasen,337.0823529411765,0.0,16.82674771539146,0.0,313.5993144902568,0.0,160.0,0.0,104.81115163483791,0.0,11.350225095531872,0.0,12.649110640673518,0.0,8.406137206858949,0.0,765.879425876362,0.0,97.55295163046958,0.0,71.01205214258343,0.0,3.4567226362026835,0.0,14.275387152710229,0.0,12206.554528728295,0.0,3783.120269721861,0.0,11.350225114678485,0.0,9.141532360049837,0.0,7.330590990456854,0.0
Vater,313.68627450980387,0.0,16.24210333668926,0.0,321.1362913168135,0.0,189.0,0.0,122.5396309877839,0.0,11.664899907049795,0.0,13.74772708486752,0.0,9.044062896441666,0.0,766.9214999171833,0.0,109.07493740992243,0.0,78.12552847032558,0.0,6.7098427460321455,0.0,12.125796428662444,0.0,12028.758946954375,0.0,3828.409236429603,0.0,11.664899922327969,0.0,10.078791234560535,0.0,7.992007849896375,0.0
Vchsm,378.4274509803921,0.0,17.884603831506006,0.0,416.0475488263712,0.0,305.0,0.0,216.215302875902,0.0,14.742834941311083,0.0,17.46424919657298,0.0,12.663311219543276,0.0,4373.829173358711,0.0,411.5846916883985,0.0,307.1024279646583,0.0,7.874037089573003,0.0,20.209018369359413,0.0,12098.049786480202,0.0,4365.58903129996,0.0,14.742834932965323,0.0,13.435998421356125,0.0,11.662689903902844,0.0
Vdlvr,324.92549019607844,0.0,16.648305456913548,0.0,381.42867019339394,0.0,275.0,0.0,186.07835510558533,0.0,13.668682188528631,0.0,16.583123951777,0.0,11.43923682438854,0.0,1519.344416566441,0.0,1567.9612576964694,0.0,1197.5691005658314,0.0,8.461308371543929,0.0,44.53272471755932,0.0,13713.43299489416,0.0,5387.220099584951,0.0,13.6686820573786,0.0,12.236088321145521,0.0,10.398329784226837,0.0
Vekel,343.68627450980387,0.0,17.06401363462208,0.0,352.7734517284465,0.0,229.0,0.0,156.88110665711736,0.0,12.840798857720973,0.0,15.132745950421556,0.0,10.57398161575551,0.0,940.200374814789,0.0,550.0967140360431,0.0,435.0314338230246,0.0,4.71190665561711,0.0,24.185075852133906,0.0,12481.842226915189,0.0,4640.731262793536,0.0,12.840798867613927,0.0,11.680681893612089,0.0,9.708774637737386,0.0
Vemps,390.18039215686275,0.0,18.136961099899125,0.0,392.2040858156905,0.0,253.0,0.0,183.2188810194932,0.0,14.076212756709959,0.0,15.905973720586866,0.0,11.789349259615054,0.0,3456.1939134865434,0.0,526.6617798627444,0.0,428.2379458650852,0.0,6.049573300068115,0.0,25.418734951159593,0.0,12047.57657705803,0.0,4103.023070053931,0.0,14.076212754278417,0.0,12.389152414381408,0.0,10.836478191133272,0.0
Venen,347.0627450980392,0.0,17.122680121647157,0.0,304.93879631375637,0.0,155.0,0.0,100.95110017901601,0.0,11.085701775995226,0.0,12.449899597988733,0.0,8.223668381755818,0.0,765.312446728533,0.0,92.10644496262645,0.0,67.84752467916157,0.0,2.4381820573158097,0.0,14.052518165359114,0.0,12021.814945616283,0.0,3820.5712055497224,0.0,11.085701769003707,0.0,9.200334669769745,0.0,7.243811725813628,0.0
Venus,335.17254901960786,0.0,16.814618509412288,0.0,313.1669495523933,0.0,181.0,0.0,115.910678862965,0.0,11.38168305023844,0.0,13.45362404707371,0.0,8.757946113114883,0.0,766.2871412604578,0.0,112.14579342161278,0.0,78.28105019273721,0.0,3.660845643674326,0.0,16.365339844308664,0.0,12167.181836308555,0.0,3820.484709199209,0.0,11.381683045170329,0.0,9.67384602216023,0.0,7.743026701370125,0.0
Verse,299.38823529411764,0.0,15.830149986550778,0.0,309.81693098578546,0.0,168.0,0.0,109.13645877833136,0.0,11.265605344539939,0.0,12.96148139681572,0.0,8.54563470497937,0.0,765.5171409522691,0.0,98.91366138195299,0.0,71.8666725742377,0.0,4.948194305455907,0.0,15.15034532428502,0.0,12051.121748598653,0.0,3894.253154014318,0.0,11.265605344315157,0.0,9.240096367668926,0.0,7.567408971726593,0.0
Veter,301.7411764705882,0.0,15.912643108176493,0.0,311.4285752833139,0.0,175.0,0.0,113.79116374881824,0.0,11.354648079978597,0.0,13.228756555322953,0.0,8.733394106964841,0.0,766.5346369530637,0.0,106.02491886747595,0.0,76.58372891387393,0.0,5.791756703463567,0.0,12.57924590728528,0.0,12070.790025743781,0.0,3860.094520396099,0.0,11.354648081682376,0.0,9.671928582840376,0.0,7.758611658238936,0.0
Vfzlz,329.50588235294117,0.0,16.792252108420158,0.0,410.5068252257246,0.0,333.0,0.0,226.5351913168877,0.0,14.569921581564357,0.0,18.24828759089466,0.0,12.671367854836532,0.0,5643.21160504763,0.0,2792.7594902870997,0.0,2182.7753688692487,0.0,5.121218350300654,0.0,51.415601015031726,0.0,18214.688152641218,0.0,7089.795822607032,0.0,14.569921659080823,0.0,13.825397901749884,0.0,11.709288099810145,0.0
Vglvg,387.54509803921565,0.0,18.057962126312173,0.0,419.2427201898143,0.0,301.0,0.0,211.2313043558135,0.0,14.664878827700106,0.0,17.349351572897472,0.0,12.436409547494197,0.0,76774.53898312912,0.0,9853.529143811751,0.0,7116.755849759542,0.0,5.755407413527947,0.0,54.363601658055536,0.0,13744.71220963033,0.0,5208.316602278074,0.0,14.664878825324344,0.0,13.244818179125343,0.0,11.382981522498069,0.0
Vikar,331.38823529411764,0.0,16.811148604910322,0.0,362.5474732187065,0.0,271.0,0.0,176.76796179103536,0.0,13.066457395946772,0.0,16.46207763315433,0.0,10.911605127514935,0.0,858.7265892955427,0.0,470.4049504977884,0.0,374.8817983766365,0.0,5.11775275992832,0.0,24.204232454710972,0.0,13028.567093196363,0.0,5023.062219308286,0.0,13.066457421790279,0.0,12.463706633865357,0.0,9.851670963723262,0.0
Villa,299.2901960784314,0.0,15.986330666106277,0.0,398.8960552980211,0.0,310.0,0.0,208.96320982323084,0.0,14.171015253780656,0.0,17.60681686165901,0.0,12.07620881633525,0.0,785.9616637974522,0.0,189.99335723936485,0.0,145.6352825605235,0.0,5.1412024276354344,0.0,18.590172884026845,0.0,14848.435692226278,0.0,5667.601411216645,0.0,14.171015253179334,0.0,13.346757656668492,0.0,11.050094221772724,0.0
Viren,302.4117647058823,0.0,16.03194955026246,0.0,325.83274349564397,0.0,208.0,0.0,132.7202847886671,0.0,11.805099224002163,0.0,14.422205101855956,0.0,9.324352696900364,0.0,766.3468983053341,0.0,100.84226720022363,0.0,72.16278592220642,0.0,5.062166834486259,0.0,14.347592857293801,0.0,12864.843116459082,0.0,4496.271238302345,0.0,11.805099235460338,0.0,10.551883281289017,0.0,8.32787465998318,0.0
Virus,290.52156862745096,0.0,15.702503859288823,0.0,334.06089673428096,0.0,234.0,0.0,147.6798634726161,0.0,12.083471888423368,0.0,15.297058540778355,0.0,9.798798481616346,0.0,767.3202788182502,0.0,119.42463997262462,0.0,82.04939906082552,0.0,3.7505909600805967,0.0,16.512138588128963,0.0,13000.972433714114,0.0,4496.150890397215,0.0,12.083471899206174,0.0,10.967195604974007,0.0,8.765566182554702,0.0
Vitim,326.2627450980392,0.0,16.661740909939223,0.0,435.84374260098537,0.0,350.0,0.0,246.28732672731766,0.0,15.341062531593932,0.0,18.708286933869708,0.0,13.445142691833222,0.0,4374.082016051072,0.0,416.3183700294696,0.0,309.9450853385649,0.0,9.678090842281124,0.0,16.61205089324384,0.0,13015.205972841015,0.0,4539.126687232379,0.0,15.341062536584117,0.0,14.452016545666535,0.0,12.511739409521192,0.0
Vlies,285.82745098039214,0.0,15.534858422936605,0.0,343.63359953244236,0.0,224.0,0.0,146.53582510765838,0.0,12.398095223368518,0.0,14.966629547095765,0.0,9.967289192030508,0.0,779.7755094225834,0.0,152.104196362636,0.0,113.47673893846806,0.0,4.530970175901668,0.0,17.095047520766474,0.0,12822.438727886616,0.0,4860.709015785679,0.0,12.398095285130674,0.0,11.074128140633146,0.0,8.982840603781305,0.0
Vmnst,364.3843137254902,0.0,17.554539169230846,0.0,396.60940327402943,0.0,289.0,0.0,201.6926011292333,0.0,14.197624000656388,0.0,17.0,0.0,12.138285665828029,0.0,10094.509637535366,0.0,827.4448476519436,0.0,640.6735097856125,0.0,8.943553273102683,0.0,22.638419757875848,0.0,12433.282378075393,0.0,3958.926673511193,0.0,14.197623993230767,0.0,13.197004654813576,0.0,11.185910191748388,0.0
Vngst,355.4745098039216,0.0,17.26671075419772,0.0,365.4668419847589,0.0,253.0,0.0,169.42633018631884,0.0,13.111062125369278,0.0,15.905973720586866,0.0,10.831769060937503,0.0,1778.9373034171908,0.0,243.7170511715622,0.0,170.93733001514985,0.0,6.5507522870953805,0.0,18.71218981229111,0.0,13658.697460308862,0.0,4171.472158830418,0.0,13.111062126750978,0.0,11.970132447294356,0.0,9.760534070444365,0.0
Vogel,357.3411764705882,0.0,17.318963078725606,0.0,367.96318362158087,0.0,237.0,0.0,164.13663197448415,0.0,13.217552718004542,0.0,15.394804318340652,0.0,10.885546510766384,0.0,1821.4921275174572,0.0,380.2717547630928,0.0,282.3999147960056,0.0,5.951552160323931,0.0,17.19121996547416,0.0,12334.740338476206,0.0,4127.22280628152,0.0,13.217552716610863,0.0,11.986939939068474,0.0,9.962298374454445,0.0
Vokal,358.6509803921569,0.0,17.45536142407866,0.0,374.7471079669051,0.0,261.0,0.0,178.82825287487387,0.0,13.508467579828999,0.0,16.15549442140351,0.0,11.28646078429136,0.0,944.8754033455689,0.0,555.9236024986174,0.0,438.7900395944633,0.0,4.614735843901959,0.0,24.900369241656275,0.0,12488.423140827741,0.0,4679.109120428141,0.0,13.5084675915859,0.0,12.352692204290307,0.0,10.318609005734414,0.0
Votum,377.121568627451,0.0,17.864378651549032,0.0,399.0083825092209,0.0,279.0,0.0,199.84128865925334,0.0,14.333255067806725,0.0,16.703293088490067,0.0,12.238123299619447,0.0,4373.822459261392,0.0,413.2766296863972,0.0,308.4577741269743,0.0,8.666997849120104,0.0,15.898470550745632,0.0,12163.815434201057,0.0,3808.4012601046174,0.0,14.333255071498538,0.0,12.777516109991568,0.0,11.330306386553756,0.0
Vssbg,370.67843137254897,0.0,17.588237042866112,0.0,364.4465961155787,0.0,227.0,0.0,155.87315499855794,0.0,13.04069953651162,0.0,15.066519173319364,0.0,10.551212817852774,0.0,4903.173406067451,0.0,608.8268677414026,0.0,439.0472472062505,0.0,9.453408761558249,0.0,26.301926246276725,0.0,12484.878910423327,0.0,3918.396072444086,0.0,13.040699535302949,0.0,11.52572787549548,0.0,9.48743491044617,0.0
Vsvvt,294.43529411764706,0.0,15.75366650841274,0.0,345.28372829025517,0.0,237.0,0.0,155.8222569088922,0.0,12.544522926838916,0.0,15.394804318340652,0.0,10.267897526970115,0.0,767.9631630749594,0.0,124.35190089558972,0.0,90.82341823734384,0.0,4.315471285926929,0.0,42.47556509572443,0.0,12147.9801061637,0.0,3910.88854768781,0.0,12.544522926384332,0.0,10.765705707229083,0.0,9.228404994526363,0.0
Vögel,368.6235294117647,0.0,17.5635685118277,0.0,376.6218637780894,0.0,246.0,0.0,171.61243551584192,0.0,13.484937802454763,0.0,15.684387141358123,0.0,11.176558417825694,0.0,1827.1992549823212,0.0,415.23849763305236,0.0,306.1451387156001,0.0,6.5038052937550885,0.0,19.10562535141474,0.0,14579.073505265467,0.0,9760.673162706675,0.0,13.484937825293128,0.0,12.327684147720063,0.0,10.257832528230939,0.0
Vörnö,349.9176470588235,0.0,17.15021137176207,0.0,343.62406599077156,0.0,204.0,0.0,138.67067544677118,0.0,12.451297168577696,0.0,14.2828568570857,0.0,9.912643826441933,0.0,1629.3833890093545,0.0,1689.8296172290156,0.0,1419.6662366537216,0.0,3.9430886236491243,0.0,932.8882594900372,0.0,14617.818113123662,0.0,9811.080761634677,0.0,12.448221873885402,0.0,10.729601893403313,0.0,8.935988460942324,0.0
Waban,455.33333333333337,0.0,19.52375223136806,0.0,376.9504216843435,0.0,239.0,0.0,166.1637891216265,0.0,13.4837960684382,0.0,15.459624833740307,0.0,10.990913848730713,0.0,4906.2300664878285,0.0,306.02321356560725,0.0,228.89724979649512,0.0,8.310890141412465,0.0,11.954806545128081,0.0,4417.497359655791,0.0,4336.733183255686,0.0,13.483796093587552,0.0,12.330078008959374,0.0,9.904198606669324,0.0
Wache,420.3019607843137,0.0,18.71986035890701,0.0,354.33554040697106,0.0,198.0,0.0,138.67757242157543,0.0,12.756645489062123,0.0,14.071247279470288,0.0,10.091292761416613,0.0,4905.639859156043,0.0,297.65554220212164,0.0,223.68355748681984,0.0,9.6115776217243,0.0,9.164481060961387,0.0,5027.095698442131,0.0,4272.70699873225,0.0,12.75664549970729,0.0,11.277060299344308,0.0,9.12893573949302,0.0
Wachs,409.4980392156863,0.0,18.470960405892065,0.0,362.99134182175715,0.0,220.0,0.0,151.85515912360785,0.0,13.02680607537895,0.0,14.832396974191326,0.0,10.49094534620718,0.0,4905.732944981822,0.0,299.99710109399143,0.0,225.02666128062947,0.0,11.59837810076212,0.0,10.846706708114159,0.0,5000.19500279917,0.0,4262.759894031806,0.0,13.02680608308619,0.0,11.615039927044425,0.0,9.459104154644583,0.0
Wacht,411.8509803921569,0.0,18.54170813079355,0.0,365.8310007198441,0.0,230.0,0.0,158.41619800364174,0.0,13.137926308925502,0.0,15.165750888103101,0.0,10.683565839888388,0.0,4905.699723740579,0.0,298.93528914778847,0.0,224.34809864951364,0.0,11.108123825275593,0.0,8.918852909488125,0.0,5016.668746315685,0.0,4273.217483649886,0.0,13.137926307320043,0.0,12.092931880150372,0.0,9.654636917155807,0.0
Wackt,411.95294117647063,0.0,18.561600840426543,0.0,382.84062843756016,0.0,262.0,0.0,180.6186072682392,0.0,13.677643947444231,0.0,16.186414056238647,0.0,11.411173999079264,0.0,4907.989462851781,0.0,333.95911023294406,0.0,250.85496776792124,0.0,10.954707096974353,0.0,14.590362534265621,0.0,4380.597575439743,0.0,4208.621110299095,0.0,13.677643946867915,0.0,12.72065237819508,0.0,10.382887935267398,0.0
Wagen,453.4980392156863,0.0,19.432086807473738,0.0,381.60955399415855,0.0,241.0,0.0,169.74340473708816,0.0,13.60721607594537,0.0,15.524174696260024,0.0,11.193172190270422,0.0,5161.182463246009,0.0,365.1978301811837,0.0,267.9357333827167,0.0,9.364880050041819,0.0,8.471989047722616,0.0,4167.526368834957,0.0,4239.433785058402,0.0,13.607216101853652,0.0,12.543655496951308,0.0,10.18008333812234,0.0
Wagon,456.5176470588235,0.0,19.506956930909148,0.0,390.4954232036891,0.0,251.0,0.0,177.96330601997397,0.0,13.883107623079121,0.0,15.84297951775486,0.0,11.496337230571864,0.0,5161.894801996616,0.0,374.50146681173067,0.0,275.6629255567959,0.0,8.963691469067207,0.0,13.574367742288894,0.0,4196.536490808769,0.0,4267.195320769938,0.0,13.883107646873116,0.0,12.814811445260842,0.0,10.440899426841078,0.0
Wahan,454.7058823529411,0.0,19.534868125082387,0.0,378.4945440191683,0.0,247.0,0.0,170.24893978214845,0.0,13.525894742084494,0.0,15.716233645501712,0.0,11.079818800733511,0.0,4906.133935838422,0.0,305.6102834984045,0.0,228.3862503918833,0.0,8.314431952666723,0.0,11.960823641510622,0.0,4520.967297936878,0.0,4398.038543041484,0.0,13.525894768074973,0.0,12.453548938562058,0.0,9.987305250118126,0.0
Wahsa,432.7803921568627,0.0,18.999227002224206,0.0,385.2187896267302,0.0,266.0,0.0,182.95355905271123,0.0,13.74784804391594,0.0,16.30950643030009,0.0,11.47373652021123,0.0,4906.581797846739,0.0,320.3507106985611,0.0,237.75495990180545,0.0,10.469046399233333,0.0,15.124667155982404,0.0,4421.048309313685,0.0,4371.177928113483,0.0,13.74784806754576,0.0,12.840781057256427,0.0,10.396042411132301,0.0
Wahst,412.3843137254902,0.0,18.540191075636393,0.0,379.5356424858069,0.0,262.0,0.0,179.84992022924487,0.0,13.603374323416963,0.0,16.186414056238647,0.0,11.361496238210181,0.0,4906.0374574309035,0.0,303.99556029656276,0.0,227.6168945397217,0.0,14.116116807933853,0.0,9.904174179360306,0.0,4412.501061437649,0.0,4382.532843579963,0.0,13.603374351448357,0.0,12.888096804937987,0.0,10.319552005617467,0.0
Wahta,435.1333333333333,0.0,19.06801480945378,0.0,402.402908484892,0.0,293.0,0.0,203.58759939194925,0.0,14.297144129245144,0.0,17.11724276862369,0.0,12.152288832444182,0.0,4906.78418509231,0.0,323.81775922618306,0.0,240.93907578868038,0.0,10.165199577844902,0.0,15.096809645725669,0.0,4934.5416101228175,0.0,4477.676129043769,0.0,14.297144152642907,0.0,13.621545310505583,0.0,11.104410967343606,0.0
Walle,385.0156862745098,0.0,17.96528370733736,0.0,411.1185624306803,0.0,285.0,0.0,203.2120262259299,0.0,14.56098588327229,0.0,16.881943016134134,0.0,12.303280445798913,0.0,4907.912658726944,0.0,321.95856815865164,0.0,246.91030481415652,0.0,13.637925618849529,0.0,10.559877891481763,0.0,8513.127861294617,0.0,5459.240199597202,0.0,14.560985905619257,0.0,13.471385957797365,0.0,11.35317815845399,0.0
Walöl,399.31764705882347,0.0,18.281117209943037,0.0,416.94489142216946,0.0,291.0,0.0,207.41017688004786,0.0,14.691162538537226,0.0,17.05872210923198,0.0,12.45128060740722,0.0,4925.739440035451,0.0,476.39950017633873,0.0,373.7612717277711,0.0,12.644113771919839,0.0,23.6793106902659,0.0,8240.973280150018,0.0,5901.160956187886,0.0,14.691162559422914,0.0,13.644619296329491,0.0,11.44623533142978,0.0
Wanst,395.4549019607843,0.0,18.1515610774989,0.0,366.470866532234,0.0,244.0,0.0,166.09311318838672,0.0,13.189990928007935,0.0,15.620499351813308,0.0,10.868986120535373,0.0,4905.495810840493,0.0,299.4894821951732,0.0,224.60722218661695,0.0,14.745848255896997,0.0,9.344872395222582,0.0,4214.57528422493,0.0,4303.238150721755,0.0,13.189990948188546,0.0,12.284611207741785,0.0,9.814796812501912,0.0
Waren,400.08235294117645,0.0,18.297698407523484,0.0,355.23385808209946,0.0,219.0,0.0,149.81136559689878,0.0,12.821452362320677,0.0,14.798648586948742,0.0,10.360833267233545,0.0,4905.414075721728,0.0,297.83177991787653,0.0,223.55812784304027,0.0,10.804256137251963,0.0,7.9052993756051855,0.0,4176.579535195818,0.0,4219.063379132656,0.0,12.821452393985227,0.0,11.512344304322221,0.0,9.3596291926672,0.0
Warte,380.5098039215686,0.0,17.79842361339555,0.0,374.7278183449066,0.0,249.0,0.0,172.80964624050534,0.0,13.478195104228098,0.0,15.7797338380595,0.0,11.194629849684356,0.0,4905.643413706853,0.0,302.821131755255,0.0,227.74862446914244,0.0,13.88930864917942,0.0,8.288919089660618,0.0,4777.995170008186,0.0,4402.941676315244,0.0,13.478195133488255,0.0,12.378080058244581,0.0,10.230144413350384,0.0
Wartu,390.5450980392157,0.0,18.082299360784024,0.0,389.9988220241569,0.0,280.0,0.0,192.92029908034021,0.0,13.955436205280247,0.0,16.73320053068151,0.0,11.77250461027181,0.0,4905.828520521688,0.0,310.22818432516505,0.0,231.3273097858156,0.0,11.994618958666916,0.0,16.832468134396382,0.0,4770.423514466631,0.0,4395.547906661128,0.0,13.955436234055918,0.0,12.986038198655573,0.0,10.769614848890518,0.0
Warze,389.1960784313725,0.0,18.064531681799487,0.0,368.0071036216656,0.0,241.0,0.0,165.06334078851424,0.0,13.231999097211217,0.0,15.524174696260024,0.0,10.872920367394428,0.0,4905.531946134378,0.0,301.562319218297,0.0,226.44508717069584,0.0,12.86722447770099,0.0,11.757723469436824,0.0,4225.37693022771,0.0,4298.653123837621,0.0,13.231999124073775,0.0,12.014566649079379,0.0,9.883792942455857,0.0
Watte,386.6862745098039,0.0,17.908491818137772,0.0,375.094194581401,0.0,242.0,0.0,170.40457455357156,0.0,13.517128195447478,0.0,15.556349186104045,0.0,11.189957711290853,0.0,4905.783264912513,0.0,303.1830964934924,0.0,228.48649759028663,0.0,13.525086023516272,0.0,8.59660597993784,0.0,4841.094728918401,0.0,4447.9343773361625,0.0,13.51712822746141,0.0,12.292900346904226,0.0,10.2452427563604,0.0
Wcllz,361.9686274509804,0.0,17.488921082517546,0.0,431.05818496509085,0.0,335.0,0.0,234.71806554813318,0.0,15.134094519398444,0.0,18.303005217723125,0.0,13.11718875677622,0.0,4908.526452005879,0.0,332.3528180467701,0.0,254.85011616330192,0.0,12.687311056963754,0.0,26.019866077638838,0.0,8535.449969993202,0.0,5758.201398934215,0.0,15.134094524224013,0.0,14.244891118711617,0.0,12.100833606280213,0.0
Wcrzq,392.1843137254902,0.0,18.158596029579897,0.0,403.60705888550547,0.0,300.0,0.0,206.65035084789932,0.0,14.298281015831849,0.0,17.320508075688775,0.0,12.218218465721545,0.0,28921991.682821397,0.0,232902.4209461859,0.0,229774.46454570643,0.0,9.058012482168952,0.0,337.37876127785427,0.0,4283.681440929414,0.0,4684.048015161599,0.0,14.298281024572027,0.0,13.309692709062714,0.0,11.166844362796798,0.0
Wctfn,396.47843137254904,0.0,18.174480928393308,0.0,422.7119690425582,0.0,313.0,0.0,221.13448597829122,0.0,14.878151450561324,0.0,17.69180601295413,0.0,12.785342282756952,0.0,4988.7031461704555,0.0,634.3568457509907,0.0,464.5362183438071,0.0,8.336373270783035,0.0,19.408901603700663,0.0,4309.319870616716,0.0,4663.183850205045,0.0,14.878151475592958,0.0,13.73833829392421,0.0,11.804036475019464,0.0
Wdspr,424.2627450980392,0.0,18.847086158621746,0.0,396.8046855270654,0.0,266.0,0.0,188.6981277863008,0.0,14.134975649873581,0.0,16.30950643030009,0.0,11.875278441807874,0.0,5110.155293447455,0.0,1652.7034185566424,0.0,1270.0687306722114,0.0,12.924314641581613,0.0,34.06955291235145,0.0,5066.869337659176,0.0,4663.820940690722,0.0,14.134975586823504,0.0,13.163860336831696,0.0,10.883029089083683,0.0
Webeh,448.37254901960785,0.0,19.345516186956406,0.0,371.3871132699827,0.0,224.0,0.0,160.72389240687247,0.0,13.387763921581556,0.0,14.966629547095765,0.0,11.010815911683888,0.0,4914.874080158897,0.0,449.00471656335776,0.0,323.73284022493556,0.0,6.9928044981044195,0.0,17.46942802692745,0.0,4369.140974572349,0.0,4276.854370965156,0.0,13.387763918545037,0.0,12.32991807643086,0.0,10.148295190431584,0.0
Wechs,397.5529411764706,0.0,18.181932466174676,0.0,353.28362578825755,0.0,206.0,0.0,143.1066918846422,0.0,12.749738024924325,0.0,14.352700094407323,0.0,10.224335343184,0.0,4905.672480923849,0.0,298.9016596050863,0.0,224.49603030497715,0.0,11.108469910863228,0.0,11.365601844639203,0.0,5100.27649061599,0.0,4291.413503465604,0.0,12.749738028434582,0.0,11.263805856885032,0.0,9.262748881012385,0.0
Wefle,395.8588235294118,0.0,18.142417495253703,0.0,416.2138132284721,0.0,285.0,0.0,206.73061881512533,0.0,14.72805894762479,0.0,16.881943016134134,0.0,12.530839673501317,0.0,4995.8031760782505,0.0,665.6497582629789,0.0,494.7753727901743,0.0,12.169503469738391,0.0,17.760349399526817,0.0,8844.478514285616,0.0,7326.507530533017,0.0,14.728058921906594,0.0,13.459516059243636,0.0,11.626629619251522,0.0
Wehen,430.81568627450986,0.0,18.98482690048473,0.0,356.0226247347889,0.0,213.0,0.0,148.99858710384441,0.0,12.890684016837476,0.0,14.594519519326424,0.0,10.455377990150177,0.0,4905.890234862094,0.0,300.3835073241782,0.0,225.6240288597237,0.0,9.002732163017646,0.0,8.613121647708216,0.0,4472.111308859342,0.0,4336.391306983925,0.0,12.890684016050283,0.0,11.788907514497819,0.0,9.545654585833036,0.0
Weher,405.06666666666666,0.0,18.397596921123316,0.0,359.5777342004683,0.0,230.0,0.0,158.42260406563358,0.0,12.999999632816738,0.0,15.165750888103101,0.0,10.705381369788537,0.0,4905.936165633174,0.0,303.69684833183067,0.0,227.2372984608201,0.0,13.747114865352208,0.0,9.77149154477602,0.0,4512.825064079309,0.0,4333.74209024456,0.0,12.999999641403758,0.0,12.21755232545472,0.0,9.775668999769266,0.0
Wehre,405.06666666666666,0.0,18.397596921123316,0.0,374.8460603519129,0.0,248.0,0.0,172.86585009807678,0.0,13.490961231095138,0.0,15.748015748023622,0.0,11.230731843681793,0.0,4906.058020392354,0.0,306.8412342926409,0.0,229.8270593005632,0.0,12.59120485932825,0.0,12.029593053291888,0.0,4545.486262730068,0.0,4367.29906695517,0.0,13.490961226822694,0.0,12.540026044652473,0.0,10.334436532379646,0.0
Weide,402.3254901960785,0.0,18.31104191615986,0.0,371.36689704211267,0.0,225.0,0.0,159.0055079133469,0.0,13.342438358494368,0.0,15.0,0.0,10.864139342021202,0.0,4909.003247394357,0.0,331.5344508531758,0.0,247.50621170930654,0.0,8.940156508492212,0.0,10.048961460322575,0.0,5129.876802849138,0.0,4900.851505758726,0.0,13.342438373574373,0.0,11.919097990657352,0.0,9.914766499383983,0.0
Weine,383.8627450980392,0.0,17.904463025520155,0.0,351.9179590528162,0.0,205.0,0.0,142.207987885532,0.0,12.730901780441071,0.0,14.317821063276353,0.0,10.173812158538384,0.0,4905.820701781861,0.0,297.1756209024124,0.0,223.6429780619781,0.0,11.1197292669251,0.0,8.00586696221249,0.0,4824.218711160688,0.0,4504.915686678556,0.0,12.730901795295669,0.0,11.076131983633505,0.0,9.214441789183649,0.0
Welle,373.07058823529417,0.0,17.667985413555943,0.0,401.41084639718065,0.0,271.0,0.0,194.46355898696424,0.0,14.31364569463441,0.0,16.46207763315433,0.0,12.076746609942319,0.0,4907.852221522742,0.0,320.9380953714368,0.0,246.42680040735374,0.0,13.210315877042579,0.0,10.877118602757333,0.0,8572.169730975154,0.0,5481.613220713238,0.0,14.31364570042171,0.0,13.169753575527336,0.0,11.190108113360266,0.0
Welpe,410.8235294117647,0.0,18.528631999362005,0.0,377.0487679437431,0.0,227.0,0.0,163.85604146584456,0.0,13.560700873893103,0.0,15.066519173319364,0.0,11.145799732369007,0.0,4940.729639341008,0.0,542.1466172270332,0.0,437.63818862115136,0.0,9.116971280299211,0.0,22.88364600421462,0.0,7773.940599075287,0.0,5460.526248401066,0.0,13.560700866620527,0.0,12.262551422296106,0.0,10.272757695883884,0.0
Werft,382.06666666666666,0.0,17.820219283213294,0.0,409.15891471075054,0.0,305.0,0.0,213.6500203950219,0.0,14.519339514870476,0.0,17.46424919657298,0.0,12.521389508698013,0.0,4988.205882682036,0.0,632.1398764140685,0.0,462.8943101749052,0.0,12.433964777841304,0.0,13.501896966115847,0.0,4340.3811780626675,0.0,4265.465269223819,0.0,14.51933954765094,0.0,13.77965207721,0.0,11.576487869026547,0.0
Werke,405.1686274509804,0.0,18.41764528445246,0.0,370.07796507753835,0.0,246.0,0.0,170.11583075589678,0.0,13.3368435711616,0.0,15.684387141358123,0.0,11.106379957160398,0.0,4907.878704212713,0.0,333.1797453413155,0.0,250.48694149933635,0.0,9.133309867854956,0.0,11.378379946832968,0.0,4418.885119179025,0.0,4253.54310333161,0.0,13.336843586246081,0.0,12.241206100088911,0.0,10.176141601865917,0.0
Wernt,379.6862745098039,0.0,17.820601152928297,0.0,354.77635084034,0.0,233.0,0.0,157.6292710108965,0.0,12.847231893791912,0.0,15.264337522473747,0.0,10.569568666275885,0.0,4905.391282973769,0.0,297.6831083096773,0.0,223.5853666641932,0.0,12.706284713707452,0.0,10.378636932771933,0.0,4379.122545151104,0.0,4272.079342191133,0.0,12.847231911902682,0.0,11.831412517558785,0.0,9.559604851969112,0.0
Werte,368.56470588235294,0.0,17.498290573949806,0.0,365.02010231140696,0.0,235.0,0.0,164.0611790015397,0.0,13.21059750527241,0.0,15.329709716755891,0.0,10.945174115756195,0.0,4905.582948545358,0.0,301.7359429822868,0.0,227.22435011057362,0.0,13.4478766600345,0.0,8.672079913093674,0.0,4882.682794853407,0.0,4430.653020882735,0.0,13.210597521058968,0.0,12.049109335479159,0.0,10.048866607170057,0.0
Wespe,409.3058823529412,0.0,18.430218987680846,0.0,355.0233040504546,0.0,193.0,0.0,139.33872930666593,0.0,12.852733114905925,0.0,13.892443989449804,0.0,10.290414474171325,0.0,4939.827919596972,0.0,538.0734506405355,0.0,434.196792180679,0.0,9.239506696445725,0.0,23.09794061547089,0.0,4935.062438462293,0.0,4323.914219463575,0.0,12.852733124019979,0.0,11.279301154905207,0.0,9.415873527720093,0.0
Weste,372.38823529411764,0.0,17.535729440126197,0.0,361.404611187024,0.0,216.0,0.0,153.3516449234491,0.0,13.08277010957044,0.0,14.696938456699069,0.0,10.670078863565037,0.0,4905.605933787077,0.0,301.4708809560374,0.0,227.23831032700866,0.0,13.243715208940564,0.0,9.988798895557775,0.0,5405.399744513846,0.0,4435.8384616904095,0.0,13.082770118854814,0.0,11.634233729443102,0.0,9.777444557807778,0.0
Wette,374.74117647058824,0.0,17.610234782330757,0.0,365.38647854790133,0.0,228.0,0.0,161.65610731460592,0.0,13.250316895487162,0.0,15.0996688705415,0.0,10.940395446840716,0.0,4905.722801474745,0.0,302.0992079586749,0.0,227.96392020813764,0.0,13.07440474230649,0.0,8.85840857470025,0.0,4944.201558130092,0.0,4475.370771089951,0.0,13.250316913662095,0.0,11.961587217922553,0.0,10.06423690752025,0.0
Weuns,401.9960784313725,0.0,18.322373152494578,0.0,351.8700438066302,0.0,219.0,0.0,149.16180436960414,0.0,12.752136528941127,0.0,14.798648586948742,0.0,10.333107573650645,0.0,4905.459693405695,0.0,300.3149528675728,0.0,224.8896538845959,0.0,12.195296430320417,0.0,12.6334838232348,0.0,4996.899283953948,0.0,4320.678415389259,0.0,12.752136535137033,0.0,11.463640234056285,0.0,9.3101582677903,0.0
Whhgp,515.0,0.0,20.795381810682315,0.0,441.2573724944075,0.0,310.0,0.0,225.700800273694,0.0,15.343309923526949,0.0,17.60681686165901,0.0,13.138923416808163,0.0,6433.072361388851,0.0,2044.510864024258,0.0,1915.803793222038,0.0,5.182450360456845,0.0,40.57887588579283,0.0,5275.016930108168,0.0,4536.338283362473,0.0,15.343309848273478,0.0,14.506679654820868,0.0,12.17569151309538,0.0
Whlzz,410.878431372549,0.0,18.687718397808805,0.0,425.4666705724654,0.0,325.0,0.0,227.5091199543895,0.0,14.981195166031217,0.0,18.027756377319946,0.0,12.912988209218232,0.0,4912.471550325247,0.0,388.14334404313286,0.0,288.76706188851915,0.0,13.215892068998503,0.0,26.809530532419213,0.0,8218.840978499242,0.0,5569.012914976319,0.0,14.981195105997871,0.0,14.011555877707455,0.0,11.911724167273174,0.0
Wichs,378.65098039215684,0.0,17.78684851252996,0.0,371.60927970276134,0.0,249.0,0.0,169.05475819934642,0.0,13.299226360521317,0.0,15.7797338380595,0.0,10.972424128844033,0.0,4905.828932360924,0.0,300.8171503157067,0.0,225.40651899792448,0.0,10.142883195382407,0.0,11.191586117805395,0.0,6845.221575592165,0.0,4910.593049008704,0.0,13.299226366969032,0.0,12.363581098186888,0.0,9.985453690256652,0.0
Wicht,381.00392156862745,0.0,17.860306327137636,0.0,374.44893860084824,0.0,259.0,0.0,175.6157970793803,0.0,13.408089086876327,0.0,16.09347693943108,0.0,11.156735009014184,0.0,4905.795711769694,0.0,299.75824318463015,0.0,224.72910333845604,0.0,9.647021455491974,0.0,9.183750978974855,0.0,6857.108204676442,0.0,4919.643946923857,0.0,13.408089084358659,0.0,12.813586014552746,0.0,10.170872531633103,0.0
Wiese,361.93725490196084,0.0,17.31846847298871,0.0,356.97656508667194,0.0,222.0,0.0,152.2278942418999,0.0,12.876442861269611,0.0,14.89966442575134,0.0,10.456152986122653,0.0,4905.521848353429,0.0,298.53340987594424,0.0,224.13342772450278,0.0,12.271930549889818,0.0,8.792289132184377,0.0,6290.080159015417,0.0,4929.267303109353,0.0,12.876442874809458,0.0,11.717532957382367,0.0,9.540332842002242,0.0
Wilfi,358.0549019607843,0.0,17.341451386155455,0.0,461.2413440420452,0.0,382.0,0.0,267.69869269059313,0.0,15.905959598891393,0.0,19.544820285692065,0.0,14.013017490736722,0.0,5010.204995761407,0.0,692.6616276383518,0.0,497.0345143450571,0.0,13.375605906993266,0.0,19.487256824651453,0.0,9038.533586011072,0.0,5920.202355534781,0.0,15.905959620316489,0.0,15.357788657415018,0.0,13.044102378291019,0.0
Wille,354.16862745098035,0.0,17.261141919837694,0.0,419.73650031168444,0.0,314.0,0.0,220.41162530166844,0.0,14.805203651274441,0.0,17.72004514666935,0.0,12.716322846409277,0.0,4908.008603476739,0.0,322.7228173991314,0.0,247.2565451976433,0.0,12.391300276445387,0.0,11.246188497503798,0.0,9712.93234615983,0.0,5978.899323083095,0.0,14.805203664541752,0.0,14.12187044295834,0.0,11.79530788364283,0.0
Winde,413.44705882352935,0.0,18.619288614142377,0.0,378.4871891638835,0.0,254.0,0.0,174.81511347640256,0.0,13.53819357672343,0.0,15.937377450509228,0.0,11.239828587738845,0.0,4908.665606024858,0.0,331.7611129876555,0.0,247.28709066205437,0.0,7.104409754410852,0.0,10.34241076838302,0.0,6557.784712691378,0.0,5266.72582019756,0.0,13.53819358427491,0.0,12.867523264081061,0.0,10.288294559488474,0.0
Wirin,350.3333333333333,0.0,17.198566234064312,0.0,402.44442208574037,0.0,315.0,0.0,213.46808579883174,0.0,14.295212538536058,0.0,17.74823934929885,0.0,12.282591604585656,0.0,4906.4283358297525,0.0,313.1219395001133,0.0,232.75404007904947,0.0,12.581614908415705,0.0,11.468408782738445,0.0,6485.352076788253,0.0,4874.999280862094,0.0,14.295212552276777,0.0,13.764737542215135,0.0,11.315662721482902,0.0
Wisch,378.65098039215684,0.0,17.78684851252996,0.0,393.18758383575494,0.0,275.0,0.0,188.93887548568608,0.0,13.944338479337976,0.0,16.583123951777,0.0,11.674068463774594,0.0,4914.6465740916965,0.0,450.5176825053436,0.0,323.99433436402506,0.0,9.831990869957334,0.0,13.624550904205512,0.0,6777.934640067742,0.0,5087.095327869143,0.0,13.944338496741958,0.0,12.904651276640841,0.0,10.664500073399287,0.0
Witin,356.5098039215686,0.0,17.31244860168337,0.0,402.81079832223475,0.0,308.0,0.0,211.06301411189799,0.0,14.33192635016108,0.0,17.549928774784245,0.0,12.278333463221776,0.0,4906.568164662891,0.0,313.4720101670346,0.0,233.47609472194227,0.0,12.028082880787977,0.0,11.973064713304291,0.0,6532.244451185748,0.0,4915.674109016903,0.0,14.33192636717689,0.0,13.688189531339306,0.0,11.329314512851713,0.0
Witwe,399.5686274509804,0.0,18.267338490242874,0.0,418.24477950410113,0.0,307.0,0.0,217.7534825710136,0.0,14.786943323448282,0.0,17.52141546793523,0.0,12.72617554275103,0.0,11174.720174364444,0.0,2140.6072572898456,0.0,2111.949796608068,0.0,7.2987603365368345,0.0,46.25645988545563,0.0,7046.577236936669,0.0,4923.873462652666,0.0,14.78694334179606,0.0,14.105023869937964,0.0,11.772738497414085,0.0
Witze,364.5254901960784,0.0,17.47721667351028,0.0,376.99141773916415,0.0,263.0,0.0,179.85786817731906,0.0,13.539149041057808,0.0,16.217274740226856,0.0,11.333577124229883,0.0,4905.767789093234,0.0,302.74061801058485,0.0,227.56344534412418,0.0,11.116688085423348,0.0,11.90303508577244,0.0,6350.06569352601,0.0,4981.929180035895,0.0,13.539149060841428,0.0,12.656908390723467,0.0,10.403515819680022,0.0
Witzi,345.6235294117647,0.0,17.065825923639867,0.0,403.8336806999226,0.0,314.0,0.0,213.8893216591643,0.0,14.342856831491439,0.0,17.72004514666935,0.0,12.332347613044353,0.0,4927.111841020509,0.0,408.9081672754792,0.0,285.37469721705475,0.0,15.279788034838518,0.0,18.563408523548976,0.0,6385.4372628128485,0.0,4981.14398962132,0.0,14.34285685701201,0.0,13.635996346353549,0.0,11.350809500831637,0.0
Wkrfc,407.33333333333337,0.0,18.47644884334711,0.0,446.5281341177067,0.0,352.0,0.0,250.3620465715311,0.0,15.561366891702805,0.0,18.76166303929372,0.0,13.658733670862885,0.0,5118.102793243925,0.0,1538.6701508629667,0.0,1209.0442202991867,0.0,13.944140628403273,0.0,71.61153560885467,0.0,6177.920625559793,0.0,5531.973370205635,0.0,15.561366910687909,0.0,14.663872722500274,0.0,12.699859307813467,0.0
Wnbnn,453.686274509804,0.0,19.564170972765382,0.0,381.313120786819,0.0,255.0,0.0,177.09228681245105,0.0,13.67004603549363,0.0,15.968719422671311,0.0,11.337330494597708,0.0,4906.369483947054,0.0,308.73779972559265,0.0,231.0037850216057,0.0,8.333269580307793,0.0,17.779078030166193,0.0,7812.920199922558,0.0,4526.75845315341,0.0,13.670046050116465,0.0,12.50855151758521,0.0,10.319419260900307,0.0
Wngst,422.29803921568623,0.0,18.738123240904116,0.0,403.4858944522186,0.0,293.0,0.0,203.71701007028912,0.0,14.28639101763878,0.0,17.11724276862369,0.0,12.16818354442584,0.0,5161.526847876062,0.0,372.05551274775513,0.0,272.3259814358405,0.0,13.78082089474739,0.0,15.059912948096892,0.0,7762.524718277237,0.0,4574.566769748575,0.0,14.286391032474059,0.0,13.506475743184033,0.0,11.124379610830957,0.0
Wnstr,368.88235294117646,0.0,17.55895873651976,0.0,394.0395905606912,0.0,287.0,0.0,198.12676518346967,0.0,14.067556511727787,0.0,16.941074346097416,0.0,11.947206710179586,0.0,4906.0571969273215,0.0,312.9191506203313,0.0,233.747164568544,0.0,16.83758664302905,0.0,18.11360842602778,0.0,8410.522451734738,0.0,4655.6920813895,0.0,14.067556530025483,0.0,13.029737085890105,0.0,10.93076569706139,0.0
Woche,411.3764705882353,0.0,18.51363910085297,0.0,353.8372773610501,0.0,196.0,0.0,139.3743659610279,0.0,12.788451471247486,0.0,14.0,0.0,10.196168088132891,0.0,4906.294325752986,0.0,303.11068096955455,0.0,228.17670204028911,0.0,9.08868866979302,0.0,9.93121055447231,0.0,5002.113912251416,0.0,4251.961236352633,0.0,12.788451477348795,0.0,11.278750977473816,0.0,9.323310034610376,0.0
Wogon,447.5921568627451,0.0,19.30914367868235,0.0,389.99716015776823,0.0,249.0,0.0,178.66009955942644,0.0,13.912338558734136,0.0,15.7797338380595,0.0,11.588503950203107,0.0,5162.516782544643,0.0,378.85170153811623,0.0,279.32118070521443,0.0,8.491663686510947,0.0,14.13218037505352,0.0,4166.82702776253,0.0,4246.391570087959,0.0,13.912338569480237,0.0,12.816299269460307,0.0,10.611268685597853,0.0
Wohbo,454.4117647058823,0.0,19.495633833299483,0.0,382.14897264810645,0.0,239.0,0.0,171.6593447269936,0.0,13.72490639200091,0.0,15.459624833740307,0.0,11.363799452964182,0.0,4914.040846677266,0.0,446.2824946314741,0.0,316.7802811608034,0.0,7.630204305929208,0.0,17.741814457781654,0.0,4866.200546083898,0.0,4452.926636278754,0.0,13.724906399982899,0.0,12.811384808388746,0.0,10.447718585454195,0.0
Wohrt,399.63529411764705,0.0,18.296139265807778,0.0,395.55097365236475,0.0,292.0,0.0,202.0497364585612,0.0,14.1362471053753,0.0,17.08800749063506,0.0,12.086533098261214,0.0,4906.832733218638,0.0,314.4015744565792,0.0,235.3444641220066,0.0,14.173852059532491,0.0,12.681961643841406,0.0,4392.511494830182,0.0,4319.179159987616,0.0,14.136247120996936,0.0,13.579143219468747,0.0,11.132740087016577,0.0
Wolke,413.52941176470586,0.0,18.629919341100262,0.0,397.6973908340226,0.0,273.0,0.0,193.36886961540293,0.0,14.183250231296498,0.0,16.522711641858304,0.0,11.974648180184639,0.0,4909.523724579354,0.0,345.2275965700271,0.0,260.8048814474939,0.0,8.89466902840443,0.0,13.081158866803955,0.0,7728.531864942994,0.0,5370.193760795473,0.0,14.183250234542438,0.0,13.085984229041932,0.0,11.059213952405575,0.0
Wolle,376.0901960784314,0.0,17.75029801397078,0.0,410.6202993847594,0.0,283.0,0.0,203.90881976538236,0.0,14.58885865281098,0.0,16.822603841260722,0.0,12.389445662047116,0.0,4908.56682228811,0.0,327.0085361652769,0.0,250.98799191882293,0.0,13.17717139245138,0.0,10.774980867090548,0.0,8498.412590614133,0.0,5443.03538877942,0.0,14.588858662822098,0.0,13.472801271390795,0.0,11.510051976323712,0.0
Worbt,400.2627450980392,0.0,18.284270304316838,0.0,373.4523639827746,0.0,250.0,0.0,173.15441024096407,0.0,13.440834487508265,0.0,15.811388300841896,0.0,11.201187945027456,0.0,4906.387510480165,0.0,306.3870955284415,0.0,230.21684578837127,0.0,10.726231361588763,0.0,14.936350566800186,0.0,4695.278315885136,0.0,4346.795745667758,0.0,13.440834494755585,0.0,12.643991692559418,0.0,10.228299701198138,0.0
Worfo,396.5568627450981,0.0,18.166705501371144,0.0,416.56849367747213,0.0,298.0,0.0,213.66452691355818,0.0,14.749936842333511,0.0,17.26267650163207,0.0,12.673362340564168,0.0,4995.909007256794,0.0,711.7911328696046,0.0,512.5655084276423,0.0,10.362210643402975,0.0,16.709419032138836,0.0,4203.6490017981505,0.0,4236.350477990236,0.0,14.749936878702743,0.0,13.701595943486256,0.0,11.773765732757262,0.0
Worte,371.5843137254902,0.0,17.581397669739744,0.0,374.2295552989857,0.0,247.0,0.0,173.50643977995782,0.0,13.50830226810465,0.0,15.716233645501712,0.0,11.2892600092426,0.0,4906.297879829643,0.0,308.1848486731974,0.0,232.16310949763297,0.0,13.417794291174905,0.0,9.249192019382345,0.0,4751.930934498496,0.0,4382.780672676009,0.0,13.508302288736635,0.0,12.379620371881602,0.0,10.403965446098319,0.0
Wotan,409.278431372549,0.0,18.483812758797043,0.0,367.8661745235528,0.0,230.0,0.0,160.6049728887558,0.0,13.262404619573916,0.0,15.165750888103101,0.0,10.83025811687947,0.0,4906.39164150175,0.0,307.7526925350358,0.0,230.99935049033115,0.0,8.659568659844073,0.0,11.538577790398898,0.0,4387.349280030022,0.0,4336.463758179011,0.0,13.262404641168612,0.0,11.770618054908901,0.0,9.82084799130596,0.0
Wprms,442.3764705882353,0.0,19.27067442342286,0.0,467.55541930570905,0.0,369.0,0.0,268.38948364071837,0.0,16.186876298687285,0.0,19.209372712298546,0.0,14.345016929661455,0.0,9371.83339077949,0.0,1339.9266092804367,0.0,1071.8755518736446,0.0,10.2671886515881,0.0,22.676778015630966,0.0,6900.384266865672,0.0,4792.989635404713,0.0,16.186876302264093,0.0,15.242245445941649,0.0,13.435389697224387,0.0
Wprst,386.2274509803921,0.0,17.957347046725893,0.0,390.8906961815855,0.0,282.0,0.0,195.20346646836958,0.0,13.976875353292453,0.0,16.792855623746664,0.0,11.907735412214192,0.0,5101.2865024804205,0.0,1177.4479139307455,0.0,953.1076856794666,0.0,16.78916191151387,0.0,20.094963132082697,0.0,6898.115353908165,0.0,4625.843165022722,0.0,13.976875366195445,0.0,13.093403706657787,0.0,10.928861131961348,0.0
Wrack,405.77647058823527,0.0,18.45542819012585,0.0,412.1216440115994,0.0,309.0,0.0,215.01053199680473,0.0,14.575412208738053,0.0,17.578395831246947,0.0,12.516424510056751,0.0,4915.7129754108855,0.0,400.3297840573863,0.0,319.04422837384794,0.0,8.672505637484617,0.0,16.36781896862885,0.0,5870.17446459503,0.0,4793.058981167249,0.0,14.575412207284758,0.0,13.570328167393612,0.0,11.448972320463668,0.0
Wrllr,343.8156862745098,0.0,17.0593333257158,0.0,439.53508177994706,0.0,358.0,0.0,249.68613425242813,0.0,15.39179478836941,0.0,18.920887928424502,0.0,13.491093877367863,0.0,4908.217934755407,0.0,331.9873540031956,0.0,253.488892317143,0.0,15.955951034797096,0.0,15.134600861941475,0.0,9358.800813459879,0.0,5560.065893911414,0.0,15.391794796742946,0.0,14.666019810031383,0.0,12.513129217374244,0.0
Wtstv,358.37254901960785,0.0,17.25371430850315,0.0,398.7312740358218,0.0,297.0,0.0,206.61027913479592,0.0,14.262353121468811,0.0,17.233687939614086,0.0,12.247939280025658,0.0,4907.171674877107,0.0,317.53281614447087,0.0,239.6128422830603,0.0,14.038528622606568,0.0,74.45790897003877,0.0,5475.9871373820515,0.0,4604.692833758744,0.0,14.262353131616907,0.0,13.233361723582554,0.0,11.302058133680706,0.0
Wuchs,407.5882352941177,0.0,18.45991157226033,0.0,366.45805626162087,0.0,227.0,0.0,157.54968451968264,0.0,13.18041841025255,0.0,15.066519173319364,0.0,10.711362393324332,0.0,4905.857944603619,0.0,302.09736909849437,0.0,226.7148535843546,0.0,11.493419445976178,0.0,11.979750494858862,0.0,5147.844649607725,0.0,4302.285473716697,0.0,13.180418420495796,0.0,11.71866716480818,0.0,9.733432999495951,0.0
Wucht,409.94117647058823,0.0,18.530701480169984,0.0,369.29771515970776,0.0,237.0,0.0,164.11072339971653,0.0,13.290254348301666,0.0,15.394804318340652,0.0,10.900088491349361,0.0,4905.82472420885,0.0,301.0429651217668,0.0,226.04135886231109,0.0,11.001979079514244,0.0,10.448198350339998,0.0,5163.855906564353,0.0,4312.656365809299,0.0,13.290254348037305,0.0,12.192498064459942,0.0,9.923561885374443,0.0
Wulti,365.03921568627453,0.0,17.524668832406096,0.0,423.4467685144343,0.0,322.0,0.0,226.34340319951338,0.0,14.947753292916053,0.0,17.944358444926362,0.0,12.8848703100914,0.0,4928.0393918268,0.0,415.6431571957238,0.0,292.04851112067695,0.0,17.517318258532843,0.0,18.940490857418165,0.0,8138.615721839975,0.0,5557.393282911064,0.0,14.947753308434645,0.0,13.953488153098396,0.0,11.917140370300046,0.0
Wunde,442.3843137254902,0.0,19.263287978554274,0.0,373.335965722743,0.0,232.0,0.0,163.31003979673878,0.0,13.421501145616116,0.0,15.231546211727817,0.0,10.98512356505995,0.0,4908.694601501738,0.0,332.9223611939838,0.0,248.4802431524823,0.0,8.467257659391285,0.0,10.564401358037205,0.0,4758.281082178624,0.0,4704.71250757891,0.0,13.421501170414546,0.0,12.249170474693791,0.0,10.043875626833595,0.0
Wurst,367.7960784313725,0.0,17.524812310566094,0.0,372.5058742394815,0.0,261.0,0.0,177.60875687940836,0.0,13.422205309217073,0.0,16.15549442140351,0.0,11.23681373264471,0.0,4905.625851943122,0.0,302.4819325811159,0.0,226.72798832511344,0.0,15.95945837679737,0.0,9.892081546501803,0.0,4406.962654617697,0.0,4334.305107780792,0.0,13.422205335472007,0.0,12.411323359207428,0.0,10.225713788751943,0.0
Wvnkt,416.90196078431376,0.0,18.74434816778898,0.0,399.77708077606565,0.0,306.0,0.0,210.01506269138162,0.0,14.2582728072301,0.0,17.4928556845359,0.0,12.272822174626244,0.0,4908.201478606477,0.0,340.0735062076106,0.0,255.65347440912635,0.0,9.489662059628142,0.0,98.05781201429612,0.0,4941.101765263653,0.0,4537.979795875066,0.0,14.25827280481052,0.0,13.484402575460047,0.0,11.256065774229356,0.0
Wärkt,419.94509803921574,0.0,18.754370501781935,0.0,399.81591242302545,0.0,301.0,0.0,205.89334570644215,0.0,14.204325695440254,0.0,17.349351572897472,0.0,12.13529069510763,0.0,4908.710454935897,0.0,342.7255117579884,0.0,257.74400629894774,0.0,11.5655224913145,0.0,14.032930687966365,0.0,8873.369752318293,0.0,7458.207372769251,0.0,14.204325675736836,0.0,13.600923104714905,0.0,11.076424353521414,0.0
Wölfe,410.16078431372546,0.0,18.455219866765123,0.0,433.9415603108702,0.0,309.0,0.0,224.64023721381955,0.0,15.210889347691449,0.0,17.578395831246947,0.0,13.074466118557927,0.0,4991.851755611193,0.0,659.4142030865934,0.0,482.9327275326876,0.0,10.920736821868587,0.0,16.52845286185168,0.0,10933.87879921058,0.0,10352.58222661681,0.0,15.21088938390145,0.0,14.159548782316026,0.0,12.20117284227202,0.0
Würfe,411.83137254901965,0.0,18.52207262062708,0.0,419.69348833087207,0.0,303.0,0.0,215.74726547064427,0.0,14.806936428160453,0.0,17.406895185529212,0.0,12.686654107582054,0.0,4989.125089384139,0.0,637.7718350235411,0.0,467.5550901006107,0.0,11.59652235113727,0.0,15.37763217546878,0.0,4715.321559293593,0.0,6006.523359108318,0.0,14.806936473694519,0.0,13.780100765875808,0.0,11.794273662523384,0.0
Wüten,415.62745098039215,0.0,18.628230737033423,0.0,367.92255221808887,0.0,228.0,0.0,160.49369732868803,0.0,13.289320721809165,0.0,15.0996688705415,0.0,10.871511749923702,0.0,4906.488024852314,0.0,310.1332588283781,0.0,233.9031954851027,0.0,10.8345462727084,0.0,12.444580768453713,0.0,4727.451407856959,0.0,6027.6101972319675,0.0,13.289320768439737,0.0,11.894370622508887,0.0,9.95992141421094,0.0
Xbllm,397.1882352941176,0.0,18.416196088076358,0.0,468.9021200577297,0.0,365.0,0.0,265.4329466151565,0.0,16.207077909548715,0.0,19.1049731745428,0.0,14.196704562248021,0.0,4381.4135452457695,0.0,463.20546284421283,0.0,351.5630060677452,0.0,5.99229131937234,0.0,207.27137053085343,0.0,8444.65742321056,0.0,4239.56774916087,0.0,16.207077854146632,0.0,15.329386703504813,0.0,13.198294634234854,0.0
Xdgzr,393.36470588235295,0.0,18.26495921435041,0.0,381.9254152216103,0.0,279.0,0.0,186.8966331459895,0.0,13.605400648895332,0.0,16.703293088490067,0.0,11.40883746925777,0.0,2207.2061535143584,0.0,1580.1417201664758,0.0,1204.7193285759674,0.0,8.577026169135078,0.0,207.37312170051433,0.0,2365.6608470100214,0.0,2556.9827646577523,0.0,13.605400533319711,0.0,13.284402428423299,0.0,10.313045194354856,0.0
Xnprt,355.8941176470588,0.0,17.39660840084539,0.0,360.4359146576297,0.0,258.0,0.0,171.0266494828954,0.0,13.01285354676482,0.0,16.06237840420901,0.0,10.823857288480209,0.0,1121.7816152178048,0.0,614.0323173845844,0.0,541.8151745139304,0.0,8.27548127018777,0.0,206.8450447170184,0.0,6751.766527215659,0.0,2251.9432977944257,0.0,13.01285354845867,0.0,12.496109653626554,0.0,9.834790102068773,0.0
Zahan,395.0901960784314,0.0,18.305532029512452,0.0,337.96095796961595,0.0,215.0,0.0,138.5631889976935,0.0,12.188016991826766,0.0,14.66287829861518,0.0,9.5865400885221,0.0,769.5520028241929,0.0,118.62236841582256,0.0,81.06198620297086,0.0,2.5591381582528916,0.0,23.759602503396696,0.0,6415.591399219656,0.0,2735.5030115141167,0.0,12.188016993280103,0.0,11.273431836802247,0.0,8.408433673670883,0.0
Zahga,422.75686274509803,0.0,18.866389521971904,0.0,368.9578597874547,0.0,252.0,0.0,167.433779727154,0.0,13.150300035614881,0.0,15.874507866387544,0.0,10.752199998989424,0.0,2810.1520621608615,0.0,364.5115780267736,0.0,257.0655407305439,0.0,4.0751594437696514,0.0,25.89061613907035,0.0,6366.3190178875275,0.0,2695.0811301940425,0.0,13.150300032669886,0.0,12.498668186764824,0.0,9.587625363511162,0.0
Zahmt,411.2705882352941,0.0,18.674347571167402,0.0,418.506438458465,0.0,327.0,0.0,227.91122549717258,0.0,14.839780100893208,0.0,18.083141320025124,0.0,12.895229964824802,0.0,7899.308501289796,0.0,649.2077450705613,0.0,496.4053043660179,0.0,3.903089007785846,0.0,24.679236280736472,0.0,6359.492054387304,0.0,3001.645905465819,0.0,14.839780101960919,0.0,14.502451449804237,0.0,11.92709929421828,0.0
Zanga,405.82745098039214,0.0,18.484618958037437,0.0,355.89308383388186,0.0,234.0,0.0,153.6769726862958,0.0,12.722203375383703,0.0,15.297058540778355,0.0,10.23039917773469,0.0,2809.2063343452487,0.0,360.7621651186284,0.0,254.40449251058527,0.0,3.5934190659983067,0.0,25.166839263128196,0.0,6230.153963994755,0.0,2563.592245960399,0.0,12.722203371001427,0.0,11.875409030585745,0.0,9.042103906685806,0.0
Zarig,349.2313725490196,0.0,17.173370657685446,0.0,385.0000560659274,0.0,290.0,0.0,193.12311488698674,0.0,13.69507432566702,0.0,17.029386365926403,0.0,11.552127973428465,0.0,4903.5621072664135,0.0,613.5233013211717,0.0,440.92181653220024,0.0,6.034634326594426,0.0,24.551847207406997,0.0,6410.000223538486,0.0,2429.7863963279856,0.0,13.695074323400531,0.0,13.16516783228379,0.0,10.486358356573914,0.0
Zatat,339.0156862745098,0.0,16.875699082732826,0.0,328.02519669884794,0.0,209.0,0.0,133.2291575344151,0.0,11.87388732438627,0.0,14.45683229480096,0.0,9.331152658095789,0.0,766.9581083039861,0.0,109.65537649625813,0.0,75.59579564051705,0.0,4.831796604704908,0.0,24.12456157970023,0.0,6354.193685949989,0.0,2676.0631294199075,0.0,11.873887320216458,0.0,10.93049665014631,0.0,8.14553731580303,0.0
Zauga,404.74117647058824,0.0,18.452185578776366,0.0,358.39472896564274,0.0,240.0,0.0,157.59166321998418,0.0,12.825033737023498,0.0,15.491933384829668,0.0,10.356390103756206,0.0,2809.2765704777676,0.0,362.80026736227137,0.0,255.33547934233715,0.0,3.608958880381426,0.0,25.9870836678781,0.0,6703.464371089549,0.0,2648.353955300289,0.0,12.825033728895901,0.0,12.020781226611424,0.0,9.152044974871552,0.0
Zbgtn,402.16470588235296,0.0,18.413703671211714,0.0,391.8325388434779,0.0,280.0,0.0,192.47154050945977,0.0,13.954813302259065,0.0,16.73320053068151,0.0,11.72300995904907,0.0,1792.9764609699034,0.0,306.37476048156697,0.0,224.22280479666836,0.0,5.19473680995427,0.0,34.256389440170985,0.0,7514.672374561332,0.0,3362.9516104554446,0.0,13.954813161605797,0.0,13.176293221998852,0.0,10.664730219102955,0.0
Zcchc,326.0666666666666,0.0,16.580706120536423,0.0,323.56451529361885,0.0,191.0,0.0,122.06602963653384,0.0,11.644861027409325,0.0,13.820274961085254,0.0,8.96581357288239,0.0,778.9366660924526,0.0,131.0567843707976,0.0,84.95328382656966,0.0,3.924071390134813,0.0,61.74944279822386,0.0,6779.2468085458595,0.0,3120.462184837611,0.0,11.644861001444083,0.0,10.269796946923844,0.0,7.8623540703118495,0.0
Zckhr,362.26666666666665,0.0,17.58219888981028,0.0,361.1674161906391,0.0,272.0,0.0,177.40162512214363,0.0,13.042256571840348,0.0,16.492422502470642,0.0,10.940681100393295,0.0,859.8632825144088,0.0,470.6041013172379,0.0,374.6405277021732,0.0,4.591342808354581,0.0,34.269288138458975,0.0,6927.523110230033,0.0,3763.5400471208804,0.0,13.042256551201476,0.0,12.736838466851701,0.0,9.876938892844622,0.0
Zebre,346.078431372549,0.0,17.073922549278535,0.0,332.76835196753575,0.0,208.0,0.0,137.09494865309986,0.0,12.102350697253058,0.0,14.422205101855956,0.0,9.659529312009697,0.0,769.6808800049605,0.0,122.79139152188722,0.0,86.39973971133416,0.0,4.824747845815038,0.0,24.34730830472405,0.0,6359.986078210223,0.0,2581.477634136813,0.0,12.102350662402173,0.0,11.233502566896744,0.0,8.723700651960966,0.0
Zefet,337.078431372549,0.0,16.781241701638987,0.0,338.399840778171,0.0,211.0,0.0,140.45871445229398,0.0,12.269156813353094,0.0,14.52583904633395,0.0,9.863652491650596,0.0,1210.2199603219324,0.0,594.1093537418051,0.0,437.27243164099065,0.0,5.042543516749982,0.0,27.299509460023803,0.0,9247.608169677644,0.0,6405.21386626399,0.0,12.269156747946912,0.0,11.24734362533257,0.0,8.880510398341125,0.0
Zehen,371.20000000000005,0.0,17.717366696564,0.0,315.4890386852365,0.0,181.0,0.0,117.31283631938945,0.0,11.479009715173959,0.0,13.45362404707371,0.0,8.85744292268769,0.0,767.9968002410997,0.0,104.42160878371203,0.0,72.91754684573564,0.0,2.6904665390698432,0.0,22.35123736725523,0.0,6381.717584804639,0.0,2635.25196339389,0.0,11.479009682013524,0.0,10.534596555345809,0.0,7.878769710806821,0.0
Zehnt,362.74901960784314,0.0,17.52902881539855,0.0,324.73924747697663,0.0,209.0,0.0,133.87920897235284,0.0,11.81402757386288,0.0,14.45683229480096,0.0,9.399261246268374,0.0,768.2374029902551,0.0,107.10459735680294,0.0,74.61688122731039,0.0,4.012401639062915,0.0,23.180599374775255,0.0,6440.96745061524,0.0,2673.337579326368,0.0,11.814027555379532,0.0,11.2455237998977,0.0,8.338736893807342,0.0
Zeile,303.8392156862745,0.0,16.032716934536094,0.0,351.10435610407194,0.0,228.0,0.0,153.28737257812298,0.0,12.729380664603857,0.0,15.0996688705415,0.0,10.329194946504773,0.0,777.6496520376978,0.0,141.05479391287554,0.0,111.59641987609426,0.0,5.996539169907045,0.0,23.203600927426187,0.0,7529.253448238217,0.0,3009.632055455173,0.0,12.729380653746341,0.0,11.570876858417295,0.0,9.385034388422158,0.0
Zelle,313.4549019607843,0.0,16.29843976559634,0.0,360.8772603476283,0.0,239.0,0.0,162.77780820250928,0.0,13.056737061403787,0.0,15.459624833740307,0.0,10.723207304370591,0.0,780.4316222264691,0.0,153.86644198540975,0.0,123.03224861032324,0.0,5.474445303856605,0.0,22.834824706659937,0.0,9702.706952263383,0.0,4263.634721562778,0.0,13.056737029237262,0.0,12.059925066625004,0.0,9.806834854782117,0.0
Zeugs,370.0470588235294,0.0,17.60792261652877,0.0,340.1642068931328,0.0,212.0,0.0,139.1785182775183,0.0,12.267056268951892,0.0,14.560219778561036,0.0,9.751422315306936,0.0,2808.2781476866976,0.0,348.4144828360132,0.0,246.0581943118743,0.0,3.79119662904719,0.0,24.118440636724856,0.0,6763.214142477667,0.0,2697.004404144138,0.0,12.267056242375057,0.0,11.240590868117463,0.0,8.646495567613243,0.0
Zfllm,374.6549019607843,0.0,17.867946983684632,0.0,489.34019342269187,0.0,420.0,0.0,299.9360104962474,0.0,16.72498352930024,0.0,20.493901531919196,0.0,14.976991319569034,0.0,7098.27223100274,0.0,2820.0040165751234,0.0,2202.2544897636376,0.0,6.715481588498088,0.0,40.64008489719602,0.0,15941.460667662499,0.0,7238.175929722797,0.0,16.724983587240004,0.0,16.311203782145853,0.0,14.013702505277648,0.0
Zicke,329.94117647058823,0.0,16.72866668684535,0.0,339.42951995613885,0.0,227.0,0.0,146.3938299774565,0.0,12.246408259970519,0.0,15.066519173319364,0.0,9.868334499627485,0.0,781.5210108954784,0.0,178.69392877547554,0.0,131.19583124060577,0.0,4.40207122799252,0.0,25.278069025963088,0.0,7865.555835071323,0.0,3432.106814976586,0.0,12.246408239192649,0.0,11.519394692207879,0.0,8.894939027602703,0.0
Zidim,371.50588235294117,0.0,17.799419833388637,0.0,451.5335673149101,0.0,380.0,0.0,266.0792849917318,0.0,15.74719331249766,0.0,19.493588689617926,0.0,13.959585175159296,0.0,4382.7473088566285,0.0,504.55631250707376,0.0,372.22740928111955,0.0,7.211252669291117,0.0,25.638558829406488,0.0,8033.91651676434,0.0,3473.537315992682,0.0,15.747193291462812,0.0,15.512802552713334,0.0,12.983210688650532,0.0
Zihlt,323.43921568627457,0.0,16.614841223009652,0.0,382.7848844922886,0.0,307.0,0.0,202.59241076410302,0.0,13.720356844565677,0.0,17.52141546793523,0.0,11.757959781479206,0.0,779.3111480446985,0.0,153.39372510900162,0.0,118.3390180869501,0.0,5.146008336747008,0.0,23.720856207151026,0.0,8666.17454441645,0.0,3670.9743568670433,0.0,13.72035685167882,0.0,13.843833634182165,0.0,10.754661528331358,0.0
Zilti,276.48627450980393,0.0,15.368770043717568,0.0,388.06440590602233,0.0,312.0,0.0,206.1627260947222,0.0,13.862873094854923,0.0,17.663521732655695,0.0,11.866762661389345,0.0,898.5252790105852,0.0,304.4026815585955,0.0,197.76646090249267,0.0,7.5194810673413155,0.0,27.792203653042943,0.0,10359.524145229945,0.0,4961.631023778733,0.0,13.862873078195717,0.0,13.499266401740059,0.0,10.860170001324352,0.0
Zitat,308.1686274509804,0.0,16.12404481582108,0.0,336.643134579852,0.0,238.0,0.0,150.42875661015367,0.0,12.17213808067737,0.0,15.427248620541512,0.0,9.86937520488611,0.0,767.5718376821462,0.0,111.87939423236116,0.0,76.71912954522728,0.0,3.5292266332611213,0.0,24.22756692620917,0.0,7889.657253928595,0.0,3619.31730800713,0.0,12.172138082462403,0.0,11.722829979483835,0.0,8.75125205357656,0.0
Zjgst,346.73333333333335,0.0,17.03288223636769,0.0,380.0846807202845,0.0,289.0,0.0,191.22667209402596,0.0,13.5317129623655,0.0,17.0,0.0,11.462136815771881,0.0,10175.29598169088,0.0,2774.0276150975124,0.0,2064.4358358793556,0.0,6.183403888447821,0.0,160.09123665597377,0.0,8154.412818689575,0.0,3157.404723736957,0.0,13.531712958783466,0.0,13.319941248974693,0.0,10.38471631671113,0.0
Zlbqr,363.06274509803916,0.0,17.58126340057724,0.0,375.1688572374386,0.0,279.0,0.0,184.793031015216,0.0,13.430683836610038,0.0,16.703293088490067,0.0,11.286105648564924,0.0,51416868.84403847,0.0,413746.8613530713,0.0,408230.4296604154,0.0,4.806668428099444,0.0,451.1642041212631,0.0,7582.962028531139,0.0,3839.0618850311457,0.0,13.430683879098344,0.0,13.283569844274231,0.0,10.223014452703806,0.0
Zobel,354.43921568627457,0.0,17.302689618979752,0.0,348.02531447879335,0.0,223.0,0.0,150.66006001919945,0.0,12.630155876829381,0.0,14.933184523068078,0.0,10.293711074602568,0.0,864.9428969804126,0.0,319.4948334917775,0.0,242.2626568922489,0.0,5.435172390753781,0.0,24.995501490044283,0.0,6876.058142975886,0.0,2955.579843583759,0.0,12.63015586252007,0.0,11.892760359375123,0.0,9.391225643504281,0.0
Zogig,393.721568627451,0.0,18.167183362492185,0.0,410.87748893206555,0.0,310.0,0.0,213.7519475666286,0.0,14.461474210556634,0.0,17.60681686165901,0.0,12.390300742473466,0.0,5160.044581941492,0.0,651.4244318554621,0.0,467.17624346356456,0.0,5.180583180272252,0.0,25.055866027187733,0.0,6387.049216112154,0.0,2428.839535298906,0.0,14.461474187546738,0.0,14.077251176610712,0.0,11.383399851195996,0.0
Zokel,353.91372549019604,0.0,17.33653151224454,0.0,359.4683711339326,0.0,249.0,0.0,168.93129653505082,0.0,13.062901932469147,0.0,15.7797338380595,0.0,10.92412368730356,0.0,943.2884637719428,0.0,553.3901344444089,0.0,436.8910483792797,0.0,5.284235412537306,0.0,30.220818834885176,0.0,7000.107269115057,0.0,3573.659104197197,0.0,13.062901931103037,0.0,12.476076881376782,0.0,10.048003223573481,0.0
Zonen,357.29019607843134,0.0,17.3942788899319,0.0,311.6337157192424,0.0,175.0,0.0,113.00129005694943,0.0,11.342225330999273,0.0,13.228756555322953,0.0,8.669262527935208,0.0,769.1030634453199,0.0,110.081076079416,0.0,78.89693495262624,0.0,2.5148437224666544,0.0,23.14826058637531,0.0,6143.121982415941,0.0,2414.4732739789647,0.0,11.342225314383679,0.0,10.191188484683604,0.0,7.692520532099154,0.0
Zoten,337.71764705882356,0.0,16.868285455549987,0.0,314.56838522312063,0.0,178.0,0.0,116.4173366649625,0.0,11.482642055804641,0.0,13.341664064126334,0.0,8.860547522418731,0.0,770.026665758952,0.0,113.46367398287161,0.0,82.1944028587398,0.0,3.312305825875463,0.0,23.106863022027152,0.0,6203.593087428364,0.0,2480.9769006944957,0.0,11.482642039724801,0.0,10.122752726037666,0.0,7.902780259085979,0.0
Zotis,296.8901960784314,0.0,15.801516383903078,0.0,350.51569762659705,0.0,244.0,0.0,161.3201478806897,0.0,12.729797098421118,0.0,15.620499351813308,0.0,10.505993434699544,0.0,776.0053368317151,0.0,149.2483350867678,0.0,105.1640933304943,0.0,8.367757962157187,0.0,24.447039438036377,0.0,6423.534397224431,0.0,2476.8322389023997,0.0,12.729797082341998,0.0,11.793738805904585,0.0,9.563230534009005,0.0
Ztltt,297.38823529411764,0.0,15.853832538269105,0.0,374.1070502296343,0.0,291.0,0.0,193.41039458569105,0.0,13.506098801815945,0.0,17.05872210923198,0.0,11.523253617007004,0.0,781.0043253978564,0.0,152.09560133694552,0.0,116.1776355162216,0.0,5.917900967278471,0.0,25.548042405911563,0.0,9270.76860577656,0.0,4533.32995953993,0.0,13.506098781195975,0.0,13.302469703475591,0.0,10.527160420077024,0.0
Zuber,356.1137254901961,0.0,17.369643009281916,0.0,330.6744562894543,0.0,211.0,0.0,137.09469525569716,0.0,12.026157228256576,0.0,14.52583904633395,0.0,9.590547959774927,0.0,770.0861649150027,0.0,122.794856398361,0.0,85.33689038332514,0.0,6.801870036628,0.0,23.376800714198797,0.0,6377.456178094435,0.0,2542.9596884272573,0.0,12.026157228447657,0.0,11.342916276759594,0.0,8.59111635337519,0.0
Zucht,350.3254901960785,0.0,17.2298673113382,0.0,328.76412911015535,0.0,205.0,0.0,132.42497261526157,0.0,11.925971250244581,0.0,14.317821063276353,0.0,9.378235192774826,0.0,767.5782131640772,0.0,106.30375232280983,0.0,74.19880157675543,0.0,3.8777627593727924,0.0,22.949792379352992,0.0,6885.126243724468,0.0,2593.0674657128952,0.0,11.925971223458665,0.0,10.984370389650715,0.0,8.33262088692526,0.0
Zuhun,391.2705882352941,0.0,18.283227744651203,0.0,339.53693611639704,0.0,229.0,0.0,148.2697175488461,0.0,12.336135901915567,0.0,15.132745950421556,0.0,9.951777860343753,0.0,769.998939534505,0.0,127.92730301449654,0.0,86.97299310320732,0.0,2.595830276521653,0.0,24.581542632063705,0.0,6685.560035570052,0.0,2659.387477985629,0.0,12.336135902907381,0.0,11.520915415843113,0.0,8.927673582095576,0.0
Zunft,358.2352941176471,0.0,17.41204733916521,0.0,379.2314658671776,0.0,284.0,0.0,190.58614395066056,0.0,13.617003253075266,0.0,16.852299546352718,0.0,11.517944219424834,0.0,1185.7606399679762,0.0,567.1492332022625,0.0,411.6898298010211,0.0,4.439190530194965,0.0,25.43811095678497,0.0,6319.831104420342,0.0,2547.3038568480843,0.0,13.617003259713867,0.0,13.100410905892732,0.0,10.532893412539595,0.0
Zunge,391.97254901960787,0.0,18.18459196275737,0.0,342.1811908199491,0.0,205.0,0.0,136.52923367683803,0.0,12.331081673870614,0.0,14.317821063276353,0.0,9.719413304147311,0.0,2808.369262946414,0.0,347.04342246069007,0.0,245.9035717563733,0.0,3.4668514234677947,0.0,22.691942542592486,0.0,6351.558424155277,0.0,2645.8593991097864,0.0,12.33108167137046,0.0,11.206864675944468,0.0,8.692848728006675,0.0
Zutar,330.9294117647059,0.0,16.746670725614596,0.0,334.8526754254643,0.0,224.0,0.0,143.3409709227124,0.0,12.146309233205047,0.0,14.966629547095765,0.0,9.709264360643516,0.0,768.1110305098139,0.0,123.99258656357614,0.0,85.05531531647294,0.0,5.961943130825601,0.0,24.053105495109733,0.0,6489.578240792187,0.0,2725.761432424129,0.0,12.146309231725645,0.0,11.100313092644482,0.0,8.574797540330538,0.0
Zvhlg,384.0156862745098,0.0,18.054383222816682,0.0,416.74399196263977,0.0,329.0,0.0,226.15971907654608,0.0,14.700537703207068,0.0,18.138357147217054,0.0,12.721502295645427,0.0,4905.0257900939405,0.0,620.5350877586943,0.0,449.58948533488115,0.0,4.920615704667668,0.0,100.57465066475203,0.0,7708.888378095835,0.0,3179.4617609840698,0.0,14.700537692828394,0.0,14.146711340333486,0.0,11.690135375663314,0.0
Zwack,396.06666666666666,0.0,18.324858269673303,0.0,407.3885987539503,0.0,315.0,0.0,216.0338074477613,0.0,14.443524380364902,0.0,17.74823934929885,0.0,12.430723872879495,0.0,5885.915764132084,0.0,1686.0604202148838,0.0,1517.6750931379856,0.0,4.862356553873303,0.0,38.48705884804422,0.0,6432.209536585509,0.0,3468.7318013953222,0.0,14.443524352605493,0.0,13.981476525398435,0.0,11.305228042321257,0.0
Zwerg,391.4666666666667,0.0,18.157350605396836,0.0,416.7077439548285,0.0,323.0,0.0,223.14506332003936,0.0,14.6834447287122,0.0,17.97220075561143,0.0,12.683259089786072,0.0,7615.619836003807,0.0,1771.1759987089245,0.0,1562.600309138236,0.0,5.131614172598053,0.0,38.321333350360064,0.0,6294.257797380526,0.0,2848.8486452147026,0.0,14.683444709875612,0.0,14.21472223615859,0.0,11.653704753006808,0.0
Zwest,348.0509803921568,0.0,17.0918395847889,0.0,368.6813370105328,0.0,264.0,0.0,178.10839065139362,0.0,13.310557953370894,0.0,16.24807680927192,0.0,11.17908053458392,0.0,5877.535742436131,0.0,1666.0246959739732,0.0,1501.3820385514703,0.0,8.807315005111086,0.0,37.0646577511624,0.0,6286.322115025296,0.0,2930.505018595279,0.0,13.310557931827791,0.0,12.765977585715756,0.0,10.162872181073677,0.0
Zwoig,390.2117647058824,0.0,18.137323158324133,0.0,430.7415807306637,0.0,341.0,0.0,238.17173518519442,0.0,15.107074100123496,0.0,18.466185312619388,0.0,13.178773854160328,0.0,7617.399508116584,0.0,1778.9522989642205,0.0,1568.2628596492166,0.0,5.363705107815205,0.0,39.19259493007802,0.0,6546.208653463369,0.0,2817.1945845495675,0.0,15.107074081009054,0.0,14.815137228939896,0.0,12.173046246421846,0.0
Zwong,420.2352941176471,0.0,18.829679550849956,0.0,401.2048182208405,0.0,293.0,0.0,203.27425774239677,0.0,14.24511055004812,0.0,17.11724276862369,0.0,12.150171056203236,0.0,7616.83842677443,0.0,1776.6467566003423,0.0,1567.067474468143,0.0,4.33149006345893,0.0,39.283830411031936,0.0,6376.588865842553,0.0,2841.7872881748144,0.0,14.245110534226399,0.0,13.675539144329546,0.0,11.086197307764191,0.0
Zwöck,398.42352941176466,0.0,18.34814836027529,0.0,411.3963733446835,0.0,307.0,0.0,214.66671581824625,0.0,14.58284601153232,0.0,17.52141546793523,0.0,12.53028984465582,0.0,5893.341960443379,0.0,1714.5949769269464,0.0,1543.9943066185954,0.0,4.6369567030754615,0.0,46.250982660345244,0.0,7697.106727585895,0.0,5257.173374795603,0.0,14.582845991892153,0.0,14.012871682237156,0.0,11.466470428750547,0.0
Zwölf,385.8235294117647,0.0,18.033976647580815,0.0,458.55296481777617,0.0,372.0,0.0,264.5398057404866,0.0,15.891813869908743,0.0,19.28730152198591,0.0,14.027708698155775,0.0,6281.491193714913,0.0,2025.676073587621,0.0,1752.6683283057569,0.0,5.4299200273843296,0.0,46.040554706526,0.0,8503.444360242554,0.0,4987.589292642668,0.0,15.89181386188353,0.0,15.429610510582439,0.0,13.02099016714224,0.0
Zyste,324.2117647058824,0.0,16.47572002219945,0.0,358.6393976982148,0.0,238.0,0.0,161.7754418118188,0.0,12.974374736100481,0.0,15.427248620541512,0.0,10.688735437677021,0.0,38998.94822802034,0.0,2247.0922540290585,0.0,1690.474263975727,0.0,6.072076154329763,0.0,32.60800836915891,0.0,7160.1199577234265,0.0,3048.716956735343,0.0,12.974374718995014,0.0,11.676270110230009,0.0,9.738137007170021,0.0
Zähne,394.4274509803922,0.0,18.249933402731973,0.0,331.48627419671766,0.0,200.0,0.0,130.17947275876568,0.0,11.988182197739846,0.0,14.142135623730951,0.0,9.362207942591994,0.0,772.773549592497,0.0,128.04865438796415,0.0,93.06166197766764,0.0,4.456367055154583,0.0,23.903709943918205,0.0,10042.936633711308,0.0,6683.72065042198,0.0,11.988182217935352,0.0,11.111523951312215,0.0,8.301732345938355,0.0
Zätzä,370.26666666666665,0.0,17.648093215871615,0.0,364.24853774584983,0.0,256.0,0.0,168.89615630140653,0.0,13.064889965843687,0.0,16.0,0.0,10.732196296445931,0.0,1560.5215185251413,0.0,1446.5559319102733,0.0,1301.6646353055287,0.0,3.7229973314472455,0.0,550.4938022282353,0.0,9975.303628858383,0.0,6700.769645315743,0.0,13.064889972130011,0.0,12.154249431371488,0.0,9.599123481373926,0.0
Zöhlö,379.39607843137253,0.0,17.882883549059404,0.0,391.325998195676,0.0,275.0,0.0,191.97642876924374,0.0,14.004250853186699,0.0,16.583123951777,0.0,11.818407498036889,0.0,1635.4078705728136,0.0,1693.6106650936958,0.0,1422.6728958893466,0.0,3.9726852734796037,0.0,933.0588077040418,0.0,11069.635454580355,0.0,9450.795929836093,0.0,14.00151665016631,0.0,13.414535591110116,0.0,10.895027194225227,0.0
Zügel,382.843137254902,0.0,17.954365237038456,0.0,378.269230984904,0.0,263.0,0.0,179.13217095327,0.0,13.52240932712797,0.0,16.217274740226856,0.0,11.277933781265364,0.0,1821.9162691611755,0.0,385.0841281328812,0.0,285.4258200025486,0.0,6.967064258856864,0.0,25.91147824723972,0.0,7154.058115645495,0.0,5195.9451522457375,0.0,13.522409332295307,0.0,12.877586848028127,0.0,10.31446873951254,0.0
Ädarn,383.9019607843137,0.0,18.011865455676354,0.0,368.06971193123877,0.0,252.0,0.0,168.1343915871592,0.0,13.157512019350655,0.0,15.874507866387544,0.0,10.799896790963812,0.0,9083.589878848776,0.0,6635.959081671767,0.0,4242.682106440936,0.0,6.707312338906851,0.0,43.24547986514267,0.0,3669.953563483871,0.0,4047.7123707289675,0.0,13.157511898524513,0.0,11.94909258083449,0.0,9.700091478478756,0.0
Ämter,370.4980392156863,0.0,17.662331082111812,0.0,390.80823395600123,0.0,273.0,0.0,190.8889576559214,0.0,13.963916348546363,0.0,16.522711641858304,0.0,11.857633310519091,0.0,13494.893293640585,0.0,6501.384104985731,0.0,4120.725810343023,0.0,11.412816575164008,0.0,37.57275433232111,0.0,4734.187292369525,0.0,3686.010140051167,0.0,13.96391635765746,0.0,12.90050871839747,0.0,10.936159957293286,0.0
Äpfel,378.56078431372543,0.0,17.837983741874922,0.0,398.66458016753995,0.0,273.0,0.0,191.3310310324481,0.0,14.101249089519431,0.0,16.522711641858304,0.0,11.876896394388735,0.0,9153.581292423878,0.0,6581.735672778405,0.0,4203.579926016032,0.0,9.126110899654165,0.0,39.62086814143064,0.0,9774.55653517548,0.0,7283.202633133082,0.0,14.101249060896944,0.0,12.733527602752238,0.0,10.939286639975258,0.0
Ärger,355.4117647058823,0.0,17.26282705702542,0.0,362.22025917195174,0.0,250.0,0.0,165.65409511043708,0.0,12.938431540293879,0.0,15.811388300841896,0.0,10.701222374024663,0.0,9131.011926122714,0.0,6453.073127052033,0.0,4074.2038484184955,0.0,7.289383899738568,0.0,32.884362646231494,0.0,5126.413797972027,0.0,3722.4180525720735,0.0,12.938431543381101,0.0,12.006978750517547,0.0,9.692297775820954,0.0
Ärmel,369.6627450980392,0.0,17.691144931760064,0.0,420.0889406285428,0.0,308.0,0.0,218.568863407047,0.0,14.817669118598115,0.0,17.549928774784245,0.0,12.757942376136546,0.0,9590.098549182938,0.0,6461.253000392605,0.0,4082.483713896391,0.0,6.154125124770794,0.0,35.37854818892387,0.0,5908.301593694867,0.0,4271.927198689058,0.0,14.817669125124182,0.0,13.504101732539965,0.0,11.819956059835674,0.0
Ärzte,323.035294117647,0.0,16.510868579150685,0.0,354.93228163335255,0.0,242.0,0.0,161.1968564437992,0.0,12.811264894889069,0.0,15.556349186104045,0.0,10.55492366461192,0.0,8989.062676268073,0.0,6449.766250234055,0.0,4071.7548115269137,0.0,5.740205437806954,0.0,40.53774489570526,0.0,6703.011463203805,0.0,4000.0432140607563,0.0,12.811264904671496,0.0,11.42327777580151,0.0,9.618661604890868,0.0
Ödlor,360.06666666666666,0.0,17.38901755605482,0.0,378.66800312503307,0.0,258.0,0.0,176.55378903935295,0.0,13.540361338556202,0.0,16.06237840420901,0.0,11.241636316848098,0.0,67960.99977689331,0.0,24203.888881099123,0.0,14436.180518298153,0.0,10.667317492865337,0.0,92.54980149949138,0.0,9727.067313347192,0.0,4851.227927508484,0.0,13.540361203803553,0.0,12.757471558131286,0.0,10.191942509846653,0.0
Öktie,352.17647058823525,0.0,17.177740574412866,0.0,391.3252080534867,0.0,284.0,0.0,196.74300339497108,0.0,14.009603181962044,0.0,16.852299546352718,0.0,11.905721684828563,0.0,67957.90230642239,0.0,24193.943278932547,0.0,14429.895304102592,0.0,10.443584761386697,0.0,98.6717048897394,0.0,8634.46856990178,0.0,4690.638595248132,0.0,14.009603164069674,0.0,13.160160020658719,0.0,11.010508913804308,0.0
Öllau,354.7843137254902,0.0,17.29400738037854,0.0,386.170714514135,0.0,282.0,0.0,188.58760164346648,0.0,13.720291398789712,0.0,16.792855623746664,0.0,11.447380926964549,0.0,67948.50423385759,0.0,24153.666455581555,0.0,14386.962686621346,0.0,4.7244128669385175,0.0,90.2015255650951,0.0,10497.761261746033,0.0,5296.9711171683975,0.0,13.72029141695316,0.0,13.08379986555055,0.0,10.394944268517921,0.0
Öteme,390.6235294117647,0.0,18.03215334900835,0.0,413.2361468357126,0.0,295.0,0.0,212.35115613534106,0.0,14.706114662874255,0.0,17.175564037317667,0.0,12.664329678688892,0.0,68401.69049763796,0.0,24161.76271753314,0.0,14395.009999872227,0.0,4.111933313454511,0.0,90.1701105460653,0.0,7203.905194627589,0.0,3587.6622893654435,0.0,14.706114649157966,0.0,13.892913040129473,0.0,11.835469438695439,0.0
Übles,358.2392156862745,0.0,17.321519796439315,0.0,358.01879646138684,0.0,212.0,0.0,146.39989557419628,0.0,12.86684255617768,0.0,14.560219778561036,0.0,10.29611809866604,0.0,16218.398306385743,0.0,11141.716103128028,0.0,6672.710413729734,0.0,10.429390447789476,0.0,80.73845773692281,0.0,9276.8856721766,0.0,5214.410617085972,0.0,12.866842486652155,0.0,11.258155391588883,0.0,9.318040554254363,0.0
