,pred_err_l1_mu,pred_err_l1_std,pred_err_l2_mu,pred_err_l2_std,pred_err_wd_mu,pred_err_wd_std
Abart,227.44578175814075,0.0,13.462073298534529,0.0,9.326363021018025,0.0
Abend,255.02213218669627,0.0,14.063504272554388,0.0,8.907274352472234,0.0
Aboln,225.99419503994565,0.0,13.238713309252793,0.0,9.767869760656469,0.0
Abtäs,242.12145855039762,0.0,13.696781861691667,0.0,8.157986313264916,0.0
Acker,222.87661678859428,0.0,13.248907223733518,0.0,7.018652796924184,0.0
Adern,235.23763679763573,0.0,13.561140068500443,0.0,8.340989378525583,0.0
Adler,226.08172801656815,0.0,13.545750438155972,0.0,8.734330041103506,0.0
Adria,224.73084968339566,0.0,13.450908636617925,0.0,9.894232270799003,0.0
Affen,230.60467686348275,0.0,13.327639783595068,0.0,9.046751306328243,0.0
Agenk,251.74209838340695,0.0,13.91537059745974,0.0,8.19751253606815,0.0
Agent,237.08389342307208,0.0,13.489740187148845,0.0,8.343282431153792,0.0
Ahnen,237.3993330042661,0.0,13.247479308313464,0.0,6.812633785327825,0.0
Aigön,233.51125518551913,0.0,13.327909129021283,0.0,9.110302620501358,0.0
Akkus,239.69575816365884,0.0,13.629588136395109,0.0,7.712904440208595,0.0
Aktie,219.74578271428857,0.0,13.413337258405392,0.0,9.130587592776275,0.0
Alahn,227.87757273866825,0.0,13.162306745521333,0.0,8.817830753811624,0.0
Alarm,228.58278683108122,0.0,13.58583690889668,0.0,9.278036038791647,0.0
Alben,233.77230537770194,0.0,13.579095137108782,0.0,7.805739145201003,0.0
Algen,235.67295386509798,0.0,13.51562379426156,0.0,8.583236962289291,0.0
Alibi,211.49006799405765,0.0,13.340941354126644,0.0,11.099272227628436,0.0
Allas,212.78551044115812,0.0,13.029906391170414,0.0,9.319166609218218,0.0
Alpen,237.2080048374218,0.0,13.698851719226298,0.0,8.670918288808664,0.0
Altar,205.69198605494122,0.0,12.933309011540176,0.0,9.19308056065448,0.0
Alten,213.39255067724065,0.0,13.026303375387918,0.0,7.7854110311589135,0.0
Alter,206.20875864861094,0.0,13.012831218926445,0.0,8.450978061574082,0.0
Amche,245.52954665173897,0.0,13.639018618271345,0.0,7.626968174410787,0.0
Amtig,239.0522291179824,0.0,13.854428933662442,0.0,10.680683808652994,0.0
Andam,256.75552452210894,0.0,14.0742550692196,0.0,8.347204496307784,0.0
Anein,220.98783587516775,0.0,13.067998257758347,0.0,8.557392741050473,0.0
Angel,236.01644168114063,0.0,13.523493935756374,0.0,9.392878890111756,0.0
Angst,234.84839415676154,0.0,13.335566115254633,0.0,8.526174860882602,0.0
Angur,232.50660680764497,0.0,13.237029887990927,0.0,8.903682698868138,0.0
Anker,229.84738959703208,0.0,13.461098602618561,0.0,7.012718160935546,0.0
Anmas,245.69991358424596,0.0,13.647746695613016,0.0,7.348683615549194,0.0
Anmut,232.6332064157204,0.0,13.370611595559332,0.0,8.187588055311664,0.0
Annag,244.1491747078963,0.0,13.446227362405542,0.0,8.372827137959653,0.0
Anper,239.0437419090369,0.0,13.69539743292623,0.0,8.144128489006556,0.0
Antus,218.30355511004916,0.0,12.794674088820278,0.0,7.522601273460055,0.0
Anzug,236.19911632636982,0.0,13.29717574581114,0.0,8.346086477660904,0.0
Apfel,237.67293601275472,0.0,13.823789955401317,0.0,10.646444523523371,0.0
Arahn,229.59889920639412,0.0,13.156463712356482,0.0,8.108886577720703,0.0
Arcer,208.96673374751862,0.0,12.836796771921982,0.0,7.440948796029238,0.0
Arche,223.37676955305002,0.0,13.02469128244668,0.0,7.812638867589062,0.0
Ardal,225.8229580181541,0.0,13.475556868467331,0.0,10.453710046753564,0.0
Arena,225.86328020120692,0.0,13.194696443449002,0.0,7.831257182616426,0.0
Argon,229.1854121637342,0.0,13.156406281373377,0.0,8.342631321504513,0.0
Arier,206.12160580427283,0.0,13.027598585540412,0.0,8.18655943838653,0.0
Arman,237.50815149009526,0.0,13.59152693020872,0.0,7.749784733538086,0.0
Armee,241.1478557855928,0.0,13.85741916970689,0.0,6.8771256142920985,0.0
Armen,238.02492408376503,0.0,13.667219857705856,0.0,7.007682234457689,0.0
Armöt,228.97502259161786,0.0,13.458979445930854,0.0,8.670467532533314,0.0
Aroma,232.3713913169431,0.0,13.43526961500214,0.0,8.191620313932075,0.0
Arten,215.11387714496652,0.0,13.020399309506573,0.0,7.0764668550679914,0.0
Artis,203.4451066361404,0.0,12.84301974063764,0.0,9.390662166035888,0.0
Asien,221.2884118753049,0.0,13.096330963971893,0.0,6.443052741040582,0.0
Astän,229.42308591310513,0.0,13.19117632187157,0.0,6.677641028758429,0.0
Athen,229.56869170776747,0.0,13.20591971352331,0.0,7.402834614916916,0.0
Atmen,237.51230270905057,0.0,13.641667865967287,0.0,7.375893347214884,0.0
Augen,242.62930449004085,0.0,13.44095533982313,0.0,7.4172953367455445,0.0
Aurer,213.62428998185666,0.0,12.962491285212176,0.0,7.011095470848493,0.0
Autor,204.95624110446423,0.0,12.565575648277017,0.0,7.753374971336475,0.0
Babys,256.19886490296096,0.0,13.988610919906256,0.0,7.947279247109123,0.0
Backe,242.1879874125549,0.0,13.633508294773673,0.0,6.353097386046094,0.0
Bahre,241.92563104854824,0.0,13.598142635676556,0.0,6.626034251804689,0.0
Banco,226.776729004917,0.0,12.870408013256627,0.0,5.8535601170751885,0.0
Banda,253.3510837413147,0.0,13.841372775493046,0.0,7.185378115348582,0.0
Bande,253.8893636468341,0.0,13.917268966349628,0.0,6.477953501879475,0.0
Bands,251.65999140663814,0.0,13.768683179018334,0.0,6.690821658182529,0.0
Banja,236.72872733926948,0.0,13.376335038393924,0.0,8.735973491380284,0.0
Banjo,228.97351286905297,0.0,13.096903995179249,0.0,8.41022555234888,0.0
Bantu,229.2853453355261,0.0,13.127377685494642,0.0,7.199155519657834,0.0
Barde,246.44258167584113,0.0,13.900188626373748,0.0,6.724345970692857,0.0
Bares,235.33779999888662,0.0,13.46760652478222,0.0,5.357691650433889,0.0
Bargs,246.6203065601522,0.0,13.709553712685487,0.0,7.07979158430766,0.0
Barke,241.61051948967594,0.0,13.819348828055663,0.0,6.380241510318176,0.0
Basam,257.2380266432157,0.0,13.995750624162067,0.0,6.0809011077724335,0.0
Basar,235.09591202735209,0.0,13.39737065987471,0.0,6.367562276467283,0.0
Basen,242.7964766496516,0.0,13.48716568585587,0.0,4.959892746971718,0.0
Basis,231.12770614082547,0.0,13.316005261231199,0.0,7.274088057939615,0.0
Batik,228.39309864733343,0.0,13.58065029288221,0.0,8.45151789782243,0.0
Bauch,237.0630961932955,0.0,13.118286728111055,0.0,6.673724105542769,0.0
Bauda,251.39274002251756,0.0,13.761575402154303,0.0,7.693999287785278,0.0
Bauts,230.2123022164827,0.0,13.171358337010712,0.0,7.199143850455727,0.0
Bcckt,222.1608915531974,0.0,13.076144799904503,0.0,7.76260865077631,0.0
Bcdfw,254.61721456725138,0.0,13.988457561013291,0.0,9.558092191343182,0.0
Bdhnf,255.94970224069104,0.0,13.903879987675532,0.0,9.036747423131505,0.0
Beben,255.15932503947786,0.0,14.018853792396268,0.0,5.815114509702482,0.0
Beere,238.89079168923766,0.0,13.717080321399356,0.0,6.645797686173491,0.0
Beete,238.42665207438486,0.0,13.690611515112563,0.0,6.975908037171728,0.0
Beine,233.12068792057224,0.0,13.509050452818709,0.0,6.554222897364685,0.0
Bekem,264.3569947744269,0.0,14.47317973767974,0.0,5.927789186959453,0.0
Betel,226.10352905481454,0.0,13.482493927466669,0.0,7.796785153700134,0.0
Beule,232.11377757048683,0.0,13.44762441061142,0.0,8.17584566720977,0.0
Beuns,238.6474139529389,0.0,13.297370946044373,0.0,6.310853239205844,0.0
Bezug,248.56660688790103,0.0,13.736635105042678,0.0,7.547818672379661,0.0
Bgrkq,266.64049962765284,0.0,14.556657745528835,0.0,9.783825928789739,0.0
Bgtts,236.2140266355377,0.0,13.537226921098721,0.0,8.424016139358729,0.0
Bhrps,252.99343513511968,0.0,13.943735687176593,0.0,8.378224353813193,0.0
Bhthl,234.2480659897123,0.0,13.425393934720693,0.0,9.915983648016612,0.0
Bhwxz,259.02742137274265,0.0,14.080514486237965,0.0,8.046286685842661,0.0
Bibel,233.6240556084428,0.0,13.805185376114922,0.0,8.901305150489803,0.0
Biegi,234.82909021959608,0.0,13.728413132156323,0.0,10.049920229964574,0.0
Biere,226.03156354240468,0.0,13.500242523504323,0.0,7.729989568921069,0.0
Biest,223.21433945174272,0.0,13.318003874013026,0.0,7.746727772496961,0.0
Binde,241.8246460100658,0.0,13.786219955413019,0.0,7.807610700809181,0.0
Blama,247.53036560166868,0.0,13.951153883044382,0.0,8.330393768171628,0.0
Blete,226.36705728647905,0.0,13.490454248922266,0.0,8.37973662118349,0.0
Bljts,216.0236710272805,0.0,13.14019610961943,0.0,10.225953132924007,0.0
Bllly,213.99000764532065,0.0,13.329014922707001,0.0,12.450845439312094,0.0
Bllsd,231.53557237371518,0.0,13.648770688174045,0.0,9.559959394445892,0.0
Block,222.5754476182999,0.0,13.159414298585025,0.0,8.290361111382659,0.0
Blogs,237.72487568178053,0.0,13.456871048852339,0.0,8.851007120560128,0.0
Bloht,221.9642855624616,0.0,13.099338563799481,0.0,9.030492311288851,0.0
Bluff,226.39988417811543,0.0,13.301868266782137,0.0,11.4943285845222,0.0
Blume,243.6345544813331,0.0,13.835848022514893,0.0,7.746650892631867,0.0
Bluse,229.63427357635157,0.0,13.288098400057715,0.0,7.375557888159251,0.0
Blöße,244.5066767925465,0.0,13.625399750400545,0.0,8.163455043088025,0.0
Bmlll,225.19786729842278,0.0,13.726036768227633,0.0,11.538668564557641,0.0
Boden,246.44270873116625,0.0,13.657683452459866,0.0,6.567820036395094,0.0
Bogen,248.82121716796416,0.0,13.614452654954054,0.0,6.732504032960041,0.0
Bohne,241.6578468112419,0.0,13.344070800360123,0.0,6.207745697722314,0.0
Bombe,261.99263385160754,0.0,14.254373532676158,0.0,6.888285252215493,0.0
Bonus,230.33825199196644,0.0,12.934801335546245,0.0,6.343891740352861,0.0
Borke,234.16627364083075,0.0,13.556932883035326,0.0,6.765598532669574,0.0
Borte,219.50899035563765,0.0,13.120288020129438,0.0,7.1094040128807565,0.0
Bosse,236.31890986554853,0.0,13.264049035233851,0.0,5.533904939368736,0.0
Boten,226.54081398010686,0.0,13.12881617563514,0.0,5.934678101829663,0.0
Botin,213.97848400964898,0.0,12.909560164640515,0.0,8.166561876660095,0.0
Boxer,232.97134554763414,0.0,13.435198013053203,0.0,6.2435338248194086,0.0
Bqnhs,260.72360056209845,0.0,13.985590454547731,0.0,7.96390655540166,0.0
Brand,243.80535376071677,0.0,13.722523727278812,0.0,8.132535454780959,0.0
Brata,226.7937277668989,0.0,13.32213886240562,0.0,8.510368293795404,0.0
Braue,232.94385957795004,0.0,13.356342847660846,0.0,7.07095572030873,0.0
Braut,222.1330917046268,0.0,13.118141034728644,0.0,8.017595279073696,0.0
Brett,217.27761588088168,0.0,13.248860491996728,0.0,8.617432003857536,0.0
Briea,225.21747450308106,0.0,13.412437121207565,0.0,7.5110643497881195,0.0
Brief,223.0116517950439,0.0,13.420929610510912,0.0,8.794694147197731,0.0
Brite,215.1418183740007,0.0,13.260317144228615,0.0,8.382863232717536,0.0
Brktp,244.28932739843873,0.0,14.084213338716456,0.0,9.29804848732011,0.0
Brntq,237.9368971237838,0.0,13.735005421249621,0.0,9.608428636946032,0.0
Bruch,227.51933838318018,0.0,12.991012545002798,0.0,7.614073829645738,0.0
Brust,220.5448321707542,0.0,13.042756901197821,0.0,7.6132532708332965,0.0
Brxgr,242.15434014762957,0.0,13.818137220495561,0.0,8.520626460444753,0.0
Bryin,223.63213567100536,0.0,13.307576951250564,0.0,9.815451915474139,0.0
Brühe,244.4546019102891,0.0,13.604333224374018,0.0,7.347573985735092,0.0
Bsmgt,258.9300333898076,0.0,14.157610642102878,0.0,7.8811293885132985,0.0
Bubul,236.37795546324486,0.0,13.478616211982962,0.0,8.902235762591197,0.0
Buche,237.93921858413722,0.0,13.209069136213216,0.0,6.768845366649477,0.0
Buchs,235.70984634394125,0.0,13.052423853358595,0.0,6.98171352295253,0.0
Bucht,227.12845071081398,0.0,12.96816245225325,0.0,7.715484925414443,0.0
Buden,249.57822092711314,0.0,13.730776588933141,0.0,6.665815288693839,0.0
Bulle,220.0790873429807,0.0,13.24550324764864,0.0,9.134786430077755,0.0
Bunde,249.58062999393587,0.0,13.729832886563404,0.0,6.961305776529618,0.0
Bupel,244.81573905203277,0.0,13.867166523321375,0.0,8.920179369817902,0.0
Burve,224.444417545123,0.0,13.150541596466281,0.0,6.9297876378940755,0.0
Busch,235.61816040059819,0.0,13.049273334562868,0.0,6.5793603092448905,0.0
Bvdct,227.9905387784728,0.0,13.288074536923432,0.0,8.867738120118561,0.0
Bvrnx,229.13330088515352,0.0,13.316339061254805,0.0,7.520187959121734,0.0
Bvßxn,248.42968303174797,0.0,13.601593361115318,0.0,7.582497189880315,0.0
Bxhmh,271.2780052405774,0.0,14.307281579007368,0.0,7.14170324977778,0.0
Bäche,249.08838730960048,0.0,13.592466559149473,0.0,6.342441912701973,0.0
Bärte,233.79367127704785,0.0,13.580114355007714,0.0,6.780995811231997,0.0
Böhme,263.3195506068936,0.0,14.101413679250516,0.0,6.882087917241646,0.0
Bölls,221.5585436263855,0.0,13.197574997828582,0.0,9.679164327884083,0.0
Börse,234.8110144726994,0.0,13.3841186730444,0.0,6.278897300495461,0.0
Börön,232.48227008730566,0.0,13.165926970201365,0.0,6.93694448992609,0.0
Bücke,244.72228103255787,0.0,13.640307672493114,0.0,7.022810107367641,0.0
Bühne,251.63638628009002,0.0,13.617402224286192,0.0,6.492101396692463,0.0
Bürde,248.97687529584408,0.0,13.906857618649228,0.0,7.394058692014403,0.0
Büros,229.66322544979994,0.0,13.120007302748105,0.0,6.495742907061578,0.0
Büste,237.83976593688254,0.0,13.459569706496897,0.0,7.078272344526197,0.0
Cache,221.32084008861744,0.0,12.654367919064958,0.0,7.420532084272728,0.0
Cahpa,243.42993518070236,0.0,13.427686309847166,0.0,9.043067327168185,0.0
Ccvjr,190.8795998749047,0.0,12.042943724726403,0.0,11.280743057010037,0.0
Cdkvw,241.0478680768491,0.0,13.657446932561777,0.0,9.429202602964159,0.0
Cechu,217.0006777587323,0.0,12.447137809786652,0.0,8.387498398396712,0.0
Cents,212.03804429692644,0.0,12.586898280655136,0.0,8.071026986474552,0.0
Cgkvz,227.53070178365573,0.0,13.20579668598121,0.0,9.371088126499538,0.0
Cgpqv,256.1517036221738,0.0,14.026964579258117,0.0,11.875174794342195,0.0
Chaos,220.9600843293182,0.0,12.548521779168976,0.0,8.296466232065416,0.0
Chaot,212.37868869619092,0.0,12.460853413092725,0.0,9.03023763452733,0.0
Check,226.05840707797938,0.0,12.953892727861518,0.0,8.85743038622185,0.0
Chefs,227.2787891584292,0.0,12.93716701771999,0.0,10.142904537220993,0.0
Chile,207.47179200932996,0.0,12.730317663309977,0.0,10.718507246120955,0.0
Chlbr,219.1439051486225,0.0,13.05725075732919,0.0,10.409067124528017,0.0
Chlor,201.51719574865854,0.0,12.35882015855437,0.0,9.724457268672436,0.0
Choke,227.88879611061583,0.0,13.00815743019482,0.0,8.834052227008172,0.0
Chphr,238.62865725704782,0.0,13.355867153996556,0.0,10.600098170315183,0.0
Chqrb,244.3192838859099,0.0,13.717105434306804,0.0,11.058035305010137,0.0
Chrom,225.10231817686946,0.0,12.992359056931445,0.0,8.454513591954303,0.0
Chscr,209.57757701306963,0.0,12.356057024396538,0.0,8.530801275338334,0.0
Chsth,223.1653120697897,0.0,12.72980843275412,0.0,9.433668194304657,0.0
Chstr,208.90737180789256,0.0,12.54279015972589,0.0,9.536572354416826,0.0
Chthr,214.81320309686663,0.0,12.665118579685599,0.0,9.71459091266543,0.0
Chtsm,230.69575300057062,0.0,13.172077536851866,0.0,8.579327812041212,0.0
Chöre,220.5357728653056,0.0,12.772412386252196,0.0,8.897757639228395,0.0
Cjknp,233.28997294807533,0.0,13.430421924320534,0.0,10.601445043637893,0.0
Cknpv,232.52068983268316,0.0,13.345399964759716,0.0,9.765068363541344,0.0
Ckscr,209.26938767101808,0.0,12.599535642931427,0.0,8.227094494126721,0.0
Ckspr,232.03301826678535,0.0,13.459263842210591,0.0,9.477324691827972,0.0
Ckstr,208.59918246584095,0.0,12.782712474990474,0.0,9.232865573205212,0.0
Ckthr,214.50501375481508,0.0,12.9027664423122,0.0,9.410884131453818,0.0
Claps,225.88803261702284,0.0,13.185283540557005,0.0,10.104254123616425,0.0
Clips,213.69784331860524,0.0,13.042298638262748,0.0,10.684173676007664,0.0
Cmmfs,246.82503394777262,0.0,13.77269672198916,0.0,9.899494093898959,0.0
Codex,231.4428405394757,0.0,13.207282856332435,0.0,8.206459554371826,0.0
Comic,209.0417724549269,0.0,12.597964629122908,0.0,9.472896569068586,0.0
Cover,200.3986289773805,0.0,12.30290283489426,0.0,8.073110520802462,0.0
Cptck,223.735263296531,0.0,13.177945978321967,0.0,9.603356263195256,0.0
Cqchp,247.87647446996,0.0,13.640421943698282,0.0,10.710939613840498,0.0
Crash,218.81379545295405,0.0,12.702065958656506,0.0,8.371190456880967,0.0
Crdcr,206.28856176342572,0.0,12.637255594152721,0.0,9.49687117815526,0.0
Creme,229.61923590828252,0.0,13.390726617371572,0.0,7.91691273565127,0.0
Crjnc,196.64428076624557,0.0,12.134396430870174,0.0,9.676060806282408,0.0
Crvwx,220.93157490061725,0.0,13.044793480653533,0.0,9.210643092712996,0.0
Crêpe,243.48611830301803,0.0,13.769487673878487,0.0,9.606247674519645,0.0
Curry,203.04880094530216,0.0,12.47185820506168,0.0,10.162445290145246,0.0
Cäsar,221.00923495149908,0.0,12.847356596696718,0.0,7.559550089443315,0.0
Dachs,228.68342354702202,0.0,12.96127017209357,0.0,6.978360557780449,0.0
Dackt,220.04206308941414,0.0,13.115371516047514,0.0,7.779736254289121,0.0
Dampf,258.7596791725489,0.0,14.290019749511128,0.0,9.644716174080433,0.0
Daten,222.6499033791345,0.0,13.114742797611214,0.0,6.029320388956325,0.0
Datum,232.60614183730036,0.0,13.441676665315352,0.0,7.255461787057599,0.0
Dbhsr,238.5213640588823,0.0,13.556701003998228,0.0,8.232699662215644,0.0
Deals,222.98333990632835,0.0,13.20917613883118,0.0,8.74503139506154,0.0
Debüt,237.98101264222382,0.0,13.635031900321463,0.0,8.071098295402743,0.0
Decht,220.89653842395938,0.0,12.964305725410279,0.0,7.957597276424489,0.0
Decke,231.64734147280205,0.0,13.438395350218594,0.0,7.078562011706283,0.0
Degen,245.72481707705646,0.0,13.684122737518052,0.0,7.072611636268832,0.0
Deiot,205.73923023655004,0.0,12.81825482222519,0.0,8.003732731947341,0.0
Dekan,237.54674314370575,0.0,13.557862566501226,0.0,6.770985133797593,0.0
Dekor,222.67085553965617,0.0,13.270299527977306,0.0,7.162788200438506,0.0
Delle,213.8471750561261,0.0,13.241727298103726,0.0,9.376898781087801,0.0
Delta,214.4313025468632,0.0,13.125075746219114,0.0,9.140218737681938,0.0
Demut,233.66554052743413,0.0,13.531452518888205,0.0,7.869319559508482,0.0
Depot,231.36316370879518,0.0,13.481219732014413,0.0,8.444714436693722,0.0
Deven,225.4131330635205,0.0,13.158368434751281,0.0,6.612612101422691,0.0
Deves,226.3066925251523,0.0,13.200912403058112,0.0,6.694923637560154,0.0
Devon,217.20426489443088,0.0,12.79513114453517,0.0,7.080950636728834,0.0
Dffnp,241.4664700453527,0.0,13.724426457819863,0.0,10.860479391047669,0.0
Dfkqw,260.88813456868974,0.0,14.439772832075189,0.0,10.534714619607398,0.0
Dgrks,239.99533417921612,0.0,13.713383459330311,0.0,8.286269003443767,0.0
Dhndy,248.25721349418797,0.0,13.704199062058638,0.0,10.304920283406151,0.0
Dhpwz,257.54084472480696,0.0,14.141404641339825,0.0,9.274043338546454,0.0
Dhshn,240.4003676447965,0.0,13.231973367608544,0.0,7.804555866948384,0.0
Diebe,234.26404474320853,0.0,13.728295875702262,0.0,8.113824124160567,0.0
Diech,218.85368921435125,0.0,12.979553851593671,0.0,8.227547640787463,0.0
Diele,213.10986008147796,0.0,13.226743524645848,0.0,9.484203886272338,0.0
Dildo,213.306205401172,0.0,13.147537315959157,0.0,9.89896166156161,0.0
Dinar,210.79058379936254,0.0,12.927962248781558,0.0,8.246313683386376,0.0
Dinau,215.98263468987025,0.0,12.854771927364215,0.0,8.171691030747475,0.0
Dirne,211.1939633442886,0.0,13.00793109950636,0.0,7.399947571505114,0.0
Divir,192.80778291759998,0.0,12.695709578036595,0.0,10.594254789415869,0.0
Diwan,230.61669825947556,0.0,13.411107023561499,0.0,8.102827146521498,0.0
Djmkn,242.34769623007418,0.0,13.852628807884319,0.0,9.438417000112732,0.0
Dkrhs,232.63350165197994,0.0,13.440017101815414,0.0,7.898647989198941,0.0
Dlbls,220.92178983253018,0.0,13.396291026571626,0.0,10.304582092603264,0.0
Dlhnl,214.70287894639853,0.0,13.009500000827831,0.0,10.0842372632482,0.0
Dljng,225.78346118700765,0.0,13.296518668317914,0.0,11.047888850765439,0.0
Dlvqn,226.47316299884784,0.0,13.414266713625711,0.0,10.224372319413545,0.0
Dmltl,214.98511824486178,0.0,13.412002970416335,0.0,11.07456321716073,0.0
Dmmkr,255.02952482847036,0.0,14.403097565092565,0.0,8.616199845873226,0.0
Dmnkm,262.16655518483117,0.0,14.413845970667895,0.0,7.8779898637934584,0.0
Docht,212.65778206504964,0.0,12.594364635738879,0.0,8.097488982593758,0.0
Dogma,251.91474078235092,0.0,13.84794932039312,0.0,8.479676130425446,0.0
Dogmo,244.1595263121344,0.0,13.578227262045422,0.0,8.153928191394044,0.0
Dohle,221.5596817387764,0.0,13.05433668851743,0.0,8.765605591507354,0.0
Dompf,251.31543332370373,0.0,14.036405936173946,0.0,10.030073196431829,0.0
Dosis,212.34830384216286,0.0,12.750635863293079,0.0,8.139444389769071,0.0
Draht,219.9033314589513,0.0,13.08296890982301,0.0,8.818172774311382,0.0
Drama,237.91653561957708,0.0,13.672147046358825,0.0,8.101448901558769,0.0
Drang,234.8624255919495,0.0,13.401681795241583,0.0,8.83774755447078,0.0
Drbtt,215.18412806338526,0.0,13.271976018606603,0.0,9.385304662099283,0.0
Dreck,221.2708695965762,0.0,13.228529953135387,0.0,7.945890339171463,0.0
Driet,203.60983008545975,0.0,12.966906581069868,0.0,8.23027860456204,0.0
Drink,215.29470023758643,0.0,13.21760360280359,0.0,8.529976278442911,0.0
Drlds,221.891287363365,0.0,13.362473331504143,0.0,9.340845668600224,0.0
Droge,230.34041793988484,0.0,13.322688452855541,0.0,8.409194097644214,0.0
Drrch,210.69574368116685,0.0,12.764819219635301,0.0,7.831844435500486,0.0
Drrgr,217.6640408099579,0.0,13.251538899240373,0.0,9.083396112166394,0.0
Druck,216.08040248893462,0.0,12.939505787716229,0.0,8.201723312334533,0.0
Drxtt,208.41869695908096,0.0,13.035629524313961,0.0,9.008265240631772,0.0
Dsckz,222.88748540964968,0.0,13.137283356988904,0.0,7.243922601573496,0.0
Dsßqn,253.97824519140113,0.0,13.811542003517397,0.0,7.956589210614459,0.0
Dtvzs,209.13773361743216,0.0,12.814977556301095,0.0,8.58767748302978,0.0
Duell,209.0668710793182,0.0,12.96598061317389,0.0,10.770454340198109,0.0
Duett,211.17748358828123,0.0,12.888753676041116,0.0,8.64043386388277,0.0
Dusst,217.30849773835467,0.0,12.809267224824938,0.0,7.058539059910509,0.0
Dxmls,238.1254993216552,0.0,13.76797016394814,0.0,8.947433315977941,0.0
Dxxfh,244.09916875974028,0.0,13.691571158636636,0.0,9.063457885750308,0.0
Dzvrr,201.560110340647,0.0,12.78527602106806,0.0,8.576362683345486,0.0
Dzzmn,233.2102237157658,0.0,13.55376750678995,0.0,6.361953774335094,0.0
Dämon,244.19251722140842,0.0,13.5987085995743,0.0,6.485823124354803,0.0
Dänen,237.39630113099534,0.0,13.351793725782446,0.0,5.565935775663743,0.0
Dänin,224.83397116053743,0.0,13.136259938304274,0.0,7.797819550494176,0.0
Därme,244.91647912972599,0.0,13.92363913936033,0.0,6.372076418995362,0.0
Döhnö,235.72019702616194,0.0,13.065393306110245,0.0,7.746350889568844,0.0
Döltö,212.12833275821038,0.0,12.849621443155485,0.0,9.63129171275057,0.0
Döner,222.77216890050312,0.0,13.05719423235738,0.0,6.989416001529687,0.0
Dürre,218.61651298952114,0.0,13.140910016723693,0.0,7.543648670330728,0.0
Ebene,251.65393743048628,0.0,13.984523703290856,0.0,7.2245441519403055,0.0
Ecken,235.52495892292086,0.0,13.465750294729556,0.0,6.13370326786376,0.0
Eenen,238.82265825013914,0.0,13.481375829099125,0.0,5.641866514506674,0.0
Eiche,226.32035983209386,0.0,13.22033256005316,0.0,7.982563843770542,0.0
Eifer,218.9143400806753,0.0,13.369516232345026,0.0,8.745056765573413,0.0
Eiter,210.87367539538067,0.0,13.202825639952326,0.0,7.9119588616646395,0.0
Ekzem,254.0492695090171,0.0,14.2955830547577,0.0,6.536576669591965,0.0
Elend,238.9775286066042,0.0,13.764446601091139,0.0,9.076741948479656,0.0
Elfen,226.8977654682322,0.0,13.399851645340416,0.0,8.39912643642243,0.0
Elite,209.5576171381016,0.0,13.218771811376344,0.0,9.45922096164996,0.0
Elste,220.17751327086512,0.0,13.28726643846043,0.0,8.425267076240042,0.0
Emgab,276.9278793201629,0.0,14.68685938625614,0.0,8.8043807445107,0.0
Enbel,239.5803432994415,0.0,13.785743052393533,0.0,8.395998574378213,0.0
Enden,247.77852463424176,0.0,13.767692019324945,0.0,7.006813636861812,0.0
Engel,241.4809917868375,0.0,13.723227510756148,0.0,9.173496391466502,0.0
Ennus,231.67406789504187,0.0,13.050904636899185,0.0,6.782885340819579,0.0
Enten,227.8766298831823,0.0,13.243218658053136,0.0,6.373671702296381,0.0
Entok,226.63813050293203,0.0,13.287170784743127,0.0,7.512323281116256,0.0
Enuel,225.14820755947886,0.0,13.202922606430697,0.0,8.363958198777599,0.0
Epfel,243.13748611845162,0.0,14.0192458360851,0.0,10.427062024878115,0.0
Eptek,250.7432315061984,0.0,14.238911978615617,0.0,8.262278406443333,0.0
Erain,218.39780726655914,0.0,13.173924663098427,0.0,8.953574131765299,0.0
Erdöl,230.44221539686907,0.0,13.583752945315638,0.0,10.338927408504162,0.0
Ernst,218.64030112137806,0.0,13.079078191210424,0.0,7.472045651238102,0.0
Erron,212.82873978987658,0.0,12.893828542739099,0.0,7.05148192654704,0.0
Esaun,233.94106715035133,0.0,13.166154311786716,0.0,6.490986226385042,0.0
Esche,236.82433370114921,0.0,13.286437618907335,0.0,6.515316702013026,0.0
Eschu,231.7096608611995,0.0,13.002169330472489,0.0,7.236817699954883,0.0
Eslom,234.32706860716542,0.0,13.56712200244767,0.0,7.335730629359861,0.0
Essen,237.37285811376535,0.0,13.370545650975618,0.0,5.189716356985409,0.0
Essig,239.15843298809222,0.0,13.594324111084633,0.0,8.979604003748683,0.0
Estar,220.8608766707663,0.0,13.19104022196189,0.0,7.1868142189875215,0.0
Etage,244.85295412539588,0.0,13.797614648386743,0.0,8.681444783400242,0.0
Ethik,229.4412806318458,0.0,13.591272049706845,0.0,10.085648934615826,0.0
Etlas,219.45876563986639,0.0,13.204884237358932,0.0,8.759051047239236,0.0
Euter,218.62965937925074,0.0,13.143936066221277,0.0,7.065653937385076,0.0
Fabal,232.71693549923427,0.0,13.504433622322853,0.0,9.778774306908527,0.0
Fabel,233.233708092904,0.0,13.580611981939708,0.0,9.03667180782813,0.0
Falke,227.71244652502136,0.0,13.473095506483379,0.0,8.828547874609491,0.0
Falle,211.9327558435718,0.0,13.070760665877401,0.0,10.116458011695645,0.0
Falte,213.05516323982826,0.0,13.033642279226866,0.0,9.172353354820673,0.0
Fanda,240.89601858900755,0.0,13.483432946493142,0.0,8.650401971616615,0.0
Fanft,219.10158176267993,0.0,12.965476743355104,0.0,9.757022516045897,0.0
Faran,221.4724027912779,0.0,12.977328941887011,0.0,7.482506469644855,0.0
Farbe,234.52994831764977,0.0,13.565898827051166,0.0,7.762795741560591,0.0
Farmt,226.14536748134805,0.0,13.425369774170871,0.0,8.246791703847661,0.0
Faser,223.15761946871473,0.0,13.106189326221747,0.0,7.090483633654918,0.0
Faune,227.62721053076308,0.0,12.99545871676183,0.0,7.317543622988696,0.0
Fausa,227.90601279636616,0.0,12.95590235832093,0.0,7.898712457702501,0.0
Fazit,205.7210443678591,0.0,12.86383986860004,0.0,9.410104517581576,0.0
Fcnkl,215.58693533629767,0.0,12.95413603444844,0.0,10.194299981943411,0.0
Fealt,213.2820355707114,0.0,13.04080040802223,0.0,10.463827344313424,0.0
Febus,238.59573521973445,0.0,13.435421655484333,0.0,8.209685438488934,0.0
Feder,235.04260790913918,0.0,13.632904315243776,0.0,8.558519216909025,0.0
Feier,213.33223384601578,0.0,13.123563044271418,0.0,8.369902835246963,0.0
Feige,234.9214641377388,0.0,13.579002731168623,0.0,9.295879118539975,0.0
Feind,229.49836763017194,0.0,13.430232393633585,0.0,9.48259445551939,0.0
Felge,235.7461163457582,0.0,13.597306057505671,0.0,9.560695108478049,0.0
Felle,212.72726635363642,0.0,13.157355886052661,0.0,10.361923327877772,0.0
Ferse,223.75036495975436,0.0,13.189424617682693,0.0,7.174524456792207,0.0
Feste,223.64491767463704,0.0,13.170617485427568,0.0,8.11904879565481,0.0
Fette,214.8335008539375,0.0,13.080952324647471,0.0,8.708477128161357,0.0
Feßen,242.09396604345596,0.0,13.432814221982735,0.0,7.116737382435277,0.0
Ffscr,211.12026586239836,0.0,12.700445259730346,0.0,9.741472322429399,0.0
Ffspr,233.88389645816562,0.0,13.553774181096017,0.0,10.991702520130648,0.0
Fgzns,235.84077854278974,0.0,13.305241040874733,0.0,8.103076936600221,0.0
Fhlkx,235.3524941498095,0.0,13.608056844060295,0.0,10.659555108836443,0.0
Fhrhn,230.92822282991006,0.0,13.084691442142415,0.0,9.105067781063061,0.0
Fhrsm,239.6269807049843,0.0,13.5630654661857,0.0,8.635371710854011,0.0
Fiene,220.75296000163632,0.0,13.145897729977555,0.0,8.39136784875533,0.0
Figur,219.5598040700361,0.0,13.092625436168161,0.0,10.654630632602506,0.0
Filet,200.79361376433644,0.0,12.888106149443056,0.0,9.869426616116822,0.0
Final,208.17842584130045,0.0,12.85349404803213,0.0,10.567769957800923,0.0
Finne,217.52083661279192,0.0,12.940404754000252,0.0,8.138579649481706,0.0
Finte,209.88023538640033,0.0,12.899221336584064,0.0,9.272335576913715,0.0
Firma,224.35313781238355,0.0,13.446543557219513,0.0,9.337233957481509,0.0
First,200.08036893959815,0.0,12.718211640714964,0.0,9.20535589830475,0.0
Fisir,198.5305718614885,0.0,12.744905386189917,0.0,10.652024607415058,0.0
Fitis,197.7965065310504,0.0,12.710271192193856,0.0,10.6581974456439,0.0
Fjerd,227.21735955032054,0.0,13.450511859420024,0.0,11.571167143725438,0.0
Fjqrf,228.6447788853283,0.0,13.547237610058167,0.0,13.701092435883787,0.0
Fkckt,223.44970041476134,0.0,13.316280400101116,0.0,9.657904108225502,0.0
Fkhrt,223.1873440507547,0.0,13.28006997009651,0.0,9.930840973984095,0.0
Flash,225.56451598133907,0.0,13.086029542305077,0.0,9.410119496966526,0.0
Fldfl,218.8442244438957,0.0,13.377152869932953,0.0,13.745707604240806,0.0
Fleck,218.42963442636065,0.0,13.14992236648349,0.0,9.639859062052354,0.0
Flegs,233.57906248984128,0.0,13.44758907716097,0.0,10.200505071229825,0.0
Flert,203.56536387570145,0.0,12.90855911337283,0.0,10.46128968521825,0.0
Flfvd,221.44723060677165,0.0,13.287226863104772,0.0,12.131139690683138,0.0
Flich,205.58684849058454,0.0,12.676757596800549,0.0,10.244279676466586,0.0
Flirt,190.61879849549726,0.0,12.673923416027991,0.0,11.173360472843218,0.0
Fllms,222.0186710242868,0.0,13.401282144927986,0.0,10.145596709602922,0.0
Flora,205.5285998831374,0.0,12.700373357456456,0.0,10.337600645520729,0.0
Flshb,235.61268367120024,0.0,13.477889357341999,0.0,9.835062876629681,0.0
Fluch,213.34294676314715,0.0,12.615052600186816,0.0,9.788041862004691,0.0
Flude,228.21087049788866,0.0,13.361805197849666,0.0,10.100892430778092,0.0
Fluhu,218.3241002962543,0.0,12.751980333874327,0.0,10.41068467429851,0.0
Fluid,215.60587595257905,0.0,13.143858739694597,0.0,12.216601430933176,0.0
Fluss,214.94983618384845,0.0,12.754575014656389,0.0,9.053449900730337,0.0
Flyer,214.83428199280053,0.0,13.146216821134706,0.0,10.423103203417826,0.0
Flöte,212.44286059883407,0.0,12.943190901709633,0.0,10.010296666057137,0.0
Flöße,232.05161164023934,0.0,13.261631953520347,0.0,9.628478899356056,0.0
Fnlls,207.45782842577944,0.0,12.799139143515458,0.0,10.786263237975312,0.0
Fnrmt,223.89981230375162,0.0,13.31643612237068,0.0,8.703728773824274,0.0
Fnyfr,221.20727167128,0.0,13.088330291315543,0.0,11.677674448895996,0.0
Folge,227.50735998684843,0.0,13.24505680084177,0.0,9.70058681464732,0.0
Folie,203.66252345512498,0.0,12.772901848590529,0.0,10.210370655603981,0.0
Folve,207.41083238452163,0.0,12.707664471811128,0.0,9.280098749886646,0.0
Fongt,225.5863818968656,0.0,13.010374877393854,0.0,9.41755139657562,0.0
Forst,204.70084072752135,0.0,12.577736255954374,0.0,8.261055721726441,0.0
Forum,224.50116799426834,0.0,13.113831663600378,0.0,8.351902391017129,0.0
Fotos,206.77044012034185,0.0,12.420922970366785,0.0,7.9503520295413,0.0
Fotto,198.30125011929175,0.0,12.334986476837472,0.0,9.230045508768331,0.0
Fouls,209.19058381907394,0.0,12.549463121576045,0.0,9.993629385950127,0.0
Foval,206.8616541242492,0.0,12.623528080450539,0.0,10.481629611502072,0.0
Foyer,218.65512042179654,0.0,12.992624914150236,0.0,9.159166325575335,0.0
Fpnds,252.85560391091133,0.0,13.915938546773766,0.0,9.831076245060395,0.0
Frage,236.77338511597648,0.0,13.510928694365417,0.0,9.410843974069577,0.0
Franc,212.47396569957243,0.0,12.647249999486787,0.0,8.504848550073309,0.0
Frdkv,230.14081254685422,0.0,13.559774145767351,0.0,10.707470414219253,0.0
Fregt,226.71899332443982,0.0,13.360065100134882,0.0,10.225332297600817,0.0
Frfhb,236.56325800352116,0.0,13.548993625369874,0.0,10.548644936954084,0.0
Frimm,236.9801084095953,0.0,13.923448856610829,0.0,9.468430869156784,0.0
Frinz,203.92275266271042,0.0,12.777589590596518,0.0,9.262547010430712,0.0
Frost,204.9709821657207,0.0,12.58432183856152,0.0,8.937970059536593,0.0
Frqck,233.1552277045577,0.0,13.598319078778761,0.0,10.533133469127739,0.0
Frsst,210.95356487864797,0.0,12.794882710057152,0.0,8.500561056153305,0.0
Frzhq,236.73433323502218,0.0,13.62410692157859,0.0,10.530169021356814,0.0
Fröhö,227.43460112142355,0.0,12.967467456663313,0.0,9.519043604274728,0.0
Fröss,220.39249822387805,0.0,12.86091241747371,0.0,8.25420894008196,0.0
Frühe,231.99953675798196,0.0,13.239986638672391,0.0,8.812597842003123,0.0
Fsgsn,240.0934014597035,0.0,13.298817181404258,0.0,7.993792714260077,0.0
Fshcg,239.34086086180946,0.0,13.2054433890471,0.0,8.96636792926309,0.0
Fslbt,220.71542886426616,0.0,13.27326615763826,0.0,9.55512786552103,0.0
Ftgtn,223.1400826450726,0.0,13.136650543283851,0.0,10.699955200135363,0.0
Ftlkk,221.5035044272032,0.0,13.52263453648889,0.0,10.93797837514898,0.0
Fugen,239.5016642116039,0.0,13.325711735363354,0.0,8.295523141526818,0.0
Fuhre,225.1618322433428,0.0,13.036363851314551,0.0,8.574410382722863,0.0
Funde,237.1255648416287,0.0,13.368907016109235,0.0,8.42632963279765,0.0
Funke,232.2935026554635,0.0,13.284834699313649,0.0,8.08222517242297,0.0
Furie,208.24104346341926,0.0,12.83816160119521,0.0,9.325083399879443,0.0
Futul,203.5431356104764,0.0,12.53735273442276,0.0,10.346931504817139,0.0
Fvhrg,232.4306902385776,0.0,13.280749909972949,0.0,11.07535835032661,0.0
Fxkns,237.4766541511914,0.0,13.482359154728375,0.0,7.677478828649977,0.0
Fzchs,221.83859108010012,0.0,12.812050479626846,0.0,8.25792082685989,0.0
Fzhld,230.99183998260645,0.0,13.468894777591139,0.0,11.12315654012207,0.0
Fählt,223.91368608437358,0.0,13.196956336927707,0.0,10.368861495413533,0.0
Fälle,218.7731909161368,0.0,13.26417580222094,0.0,10.173406832398284,0.0
Föhne,236.0471223784824,0.0,13.157958284719333,0.0,8.102274547792362,0.0
Föten,220.93008954734734,0.0,12.93960798753229,0.0,7.829206951899712,0.0
Fötus,216.8215648799111,0.0,12.696313818060217,0.0,8.758754024418131,0.0
Fülle,214.46704946357477,0.0,13.077852628060153,0.0,10.786170733017192,0.0
Fürst,214.67938019636946,0.0,12.867356649184787,0.0,8.545411420696592,0.0
Gaban,241.13579026674293,0.0,13.407255006053989,0.0,6.920653082090746,0.0
Gabel,232.9765215762106,0.0,13.48237394186355,0.0,8.180549341050092,0.0
Gaben,241.6525628604127,0.0,13.483982391772845,0.0,6.178550583010349,0.0
Gagen,243.55321134780877,0.0,13.420061212490722,0.0,6.956048400098638,0.0
Gamma,258.6125351629542,0.0,14.083263973070117,0.0,7.3566106363453,0.0
Garbe,234.27276180095637,0.0,13.46755346341811,0.0,6.906673274782553,0.0
Garde,233.73033000684057,0.0,13.445296310064114,0.0,7.333247360182852,0.0
Garta,213.70270462996285,0.0,12.836662510660863,0.0,8.04037299348846,0.0
Gasse,231.0509040453931,0.0,13.064444827932816,0.0,5.7574493065073336,0.0
Gbstd,241.67003491773357,0.0,13.667027621447444,0.0,9.741252520122528,0.0
Gdnrm,243.57900920089475,0.0,13.74195611182099,0.0,8.489212378975513,0.0
Gdrkl,226.6910070288061,0.0,13.535330917660106,0.0,10.345002614895375,0.0
Gebet,234.75923719898185,0.0,13.528411141671366,0.0,7.2400988377918525,0.0
Gefte,222.61697902253871,0.0,13.148462207874028,0.0,8.685452565292092,0.0
Gehör,228.48889725825015,0.0,13.039041673820973,0.0,7.874113822133532,0.0
Gelee,224.20642326779927,0.0,13.253402575605463,0.0,6.98247270782624,0.0
Gemüt,239.13520966137798,0.0,13.54928070588182,0.0,8.110887640762282,0.0
Gengs,242.14934737220926,0.0,13.351365966754381,0.0,7.687765821166401,0.0
Gennt,219.31211036960823,0.0,12.821502829023077,0.0,7.1449048587210555,0.0
Genom,236.72273576745613,0.0,13.310729508801572,0.0,6.7305987481816265,0.0
Genua,227.55584901655217,0.0,12.896976420721089,0.0,7.307457880839639,0.0
Gerke,229.69277833073994,0.0,13.446426312434607,0.0,7.234608215990298,0.0
Geste,223.38773115794368,0.0,13.069298001487583,0.0,7.262926328876772,0.0
Getem,237.02564125724993,0.0,13.616991488376328,0.0,6.782593646870705,0.0
Getto,206.2828199615081,0.0,12.607477108920556,0.0,8.234031335821024,0.0
Geäst,229.44286264550368,0.0,13.178417144982133,0.0,7.064086011660284,0.0
Gfcßc,222.2900026759424,0.0,12.631529911132407,0.0,9.372159701411627,0.0
Ggcht,230.67427607426532,0.0,13.025574153357482,0.0,9.054194067598772,0.0
Gggln,243.76621129650619,0.0,13.551837276309929,0.0,10.69253658071661,0.0
Ghtcl,207.48877141621514,0.0,12.558463944447189,0.0,9.930523732686057,0.0
Ghtcr,208.98102067178755,0.0,12.546218050950772,0.0,8.594092005061482,0.0
Ghtdr,227.8001609379687,0.0,13.264476637396585,0.0,9.600162064303472,0.0
Ghtgl,228.7150088069033,0.0,13.232691633820812,0.0,11.079171249239797,0.0
Ghthl,221.53581432071175,0.0,12.953839250163973,0.0,10.524885037506607,0.0
Ghtkn,230.15189078043323,0.0,13.193039905273125,0.0,8.590490573513623,0.0
Ghtpr,231.74465126755484,0.0,13.409365090813994,0.0,9.844322202762733,0.0
Ghtsc,217.03164454765164,0.0,12.604389771481038,0.0,7.914364668282895,0.0
Ghtsm,238.91061347998806,0.0,13.438486524026871,0.0,8.053190209257814,0.0
Ghtsp,239.79515045877963,0.0,13.46267272528899,0.0,9.149341605299103,0.0
Ghtsw,236.54541828779367,0.0,13.299187996881278,0.0,8.140113743176284,0.0
Gifte,209.75775087570577,0.0,12.922086289821952,0.0,9.769644448039669,0.0
Gilde,220.22260455772488,0.0,13.322012416510347,0.0,9.64618706713584,0.0
Ginis,205.4452826936528,0.0,12.65198485630308,0.0,9.281741544870641,0.0
Ginzi,201.2841393876598,0.0,12.662768810666593,0.0,9.513591811098763,0.0
Gisiß,217.43108571730997,0.0,12.93845027768078,0.0,9.81343462916393,0.0
Gisti,197.89372670728955,0.0,12.613618128438928,0.0,10.194062084194371,0.0
Gitei,199.69624592118973,0.0,12.763766881242962,0.0,9.204266920302393,0.0
Gjkqw,254.34806078794813,0.0,14.157359223998863,0.0,10.828543643744254,0.0
Gjtnn,211.04287201329106,0.0,12.615980915152289,0.0,8.846153253514142,0.0
Glanz,214.13442897670876,0.0,12.826227456811067,0.0,8.535449167352354,0.0
Gleis,209.47703944142438,0.0,12.880005018190733,0.0,9.854166445408449,0.0
Glied,220.1549211337809,0.0,13.31811208336185,0.0,9.584833003786601,0.0
Glott,194.53478578378736,0.0,12.398222652919522,0.0,10.050803475036787,0.0
Glxjs,216.76865997461238,0.0,12.98537866267684,0.0,10.663234450467915,0.0
Glück,219.8214179560777,0.0,12.963936777099539,0.0,8.87192791017478,0.0
Gommo,243.4130748438925,0.0,13.55569645936324,0.0,7.416219719665294,0.0
Gongs,233.91059101329947,0.0,12.992450531529899,0.0,7.8276575273356706,0.0
Gonon,213.52565682131248,0.0,12.315828273089881,0.0,6.491584592630578,0.0
Goten,213.8285623111063,0.0,12.646207462724647,0.0,6.543579491319656,0.0
Gotin,201.2662323406484,0.0,12.418433583231293,0.0,8.775463266150089,0.0
Gouda,231.23624250467185,0.0,13.029111010712633,0.0,8.68825769962667,0.0
Grabe,234.65153326889185,0.0,13.477211312556124,0.0,7.985569964579491,0.0
Grahf,226.5929014995349,0.0,13.065431865810814,0.0,9.991489706437067,0.0
Grall,201.69837562113145,0.0,12.76077270151531,0.0,11.488505104896594,0.0
Grbnd,241.09114680582383,0.0,13.648705919602339,0.0,8.897158957800913,0.0
Grdch,228.76136250474042,0.0,13.096410199564605,0.0,8.86782941525969,0.0
Grees,223.7606958796082,0.0,13.09388476920126,0.0,6.913338494487095,0.0
Grehe,230.09338019487808,0.0,13.2225874277543,0.0,7.868284060324624,0.0
Greif,210.68363553578968,0.0,12.960539870155662,0.0,10.923408523893192,0.0
Grfmm,246.57206589026055,0.0,13.967635546236792,0.0,9.000880753384148,0.0
Grgxn,236.94946468436345,0.0,13.382340203647312,0.0,8.776907353941347,0.0
Griff,207.65286070427808,0.0,12.880500689701316,0.0,11.850523612383169,0.0
Grill,189.50818632271387,0.0,12.612976320618586,0.0,12.068424657287835,0.0
Grips,223.63403026574858,0.0,13.305527638564401,0.0,9.449091897133343,0.0
Grjtj,199.43342792871508,0.0,12.615406875570816,0.0,12.721201098640915,0.0
Grlnr,200.5880964089537,0.0,12.624277010437964,0.0,8.918948335294354,0.0
Grobe,227.0986573903106,0.0,13.20442086067441,0.0,7.968944634944101,0.0
Groll,194.14549974255016,0.0,12.47232237565487,0.0,11.471879775261206,0.0
Gruft,207.34229371707403,0.0,12.645919894939345,0.0,10.349870945807522,0.0
Gruie,208.23727104170467,0.0,12.739359957503858,0.0,9.188187086177544,0.0
Grund,226.65901106586125,0.0,13.059771327422627,0.0,8.865118582200298,0.0
Grömm,248.20035573776826,0.0,13.87518822064803,0.0,8.065773803359393,0.0
Größe,233.5157515912718,0.0,13.15516955140546,0.0,8.063412256487098,0.0
Gschr,217.66823306986453,0.0,12.639543778524285,0.0,7.552928189242276,0.0
Gsglb,242.68916852586258,0.0,13.65470527111324,0.0,9.934825261599784,0.0
Gsvwx,237.12944942243706,0.0,13.367897624123762,0.0,7.606565822998815,0.0
Gtrts,201.9552331104565,0.0,12.599686677715802,0.0,8.85437737318257,0.0
Gullu,202.2521628340304,0.0,12.471210366170865,0.0,10.465188817509608,0.0
Gunst,215.0259483777678,0.0,12.570516087620776,0.0,7.256536038433768,0.0
Gusto,209.99099261924482,0.0,12.40358965635952,0.0,7.8824899617824915,0.0
Gvngs,233.08998806152405,0.0,13.066336702143667,0.0,8.738040255139731,0.0
Gvrtg,217.20110887781877,0.0,12.966732468235385,0.0,10.317248622273244,0.0
Gzckr,213.44408824866463,0.0,12.892973577978601,0.0,8.052658148406316,0.0
Gztzm,224.1881377699273,0.0,13.33357775855471,0.0,7.661322377769636,0.0
Gägän,256.71984114611,0.0,13.719445919341679,0.0,7.6921110614224935,0.0
Gäsäs,244.14441424058413,0.0,13.368282202649649,0.0,6.3871683339230305,0.0
Gäule,225.44745046398666,0.0,13.085170885605761,0.0,8.596230561220276,0.0
Gören,221.13208373895677,0.0,12.863904938356413,0.0,6.699143519939834,0.0
Götze,217.47776551965595,0.0,12.894248129078345,0.0,7.6721861897476735,0.0
Hacke,237.47674938542127,0.0,13.437854264449925,0.0,6.448104939340852,0.0
Hafen,237.31448648711302,0.0,13.367218305498897,0.0,6.477426536681795,0.0
Hafer,230.13069445848333,0.0,13.354090082498653,0.0,7.142993567096963,0.0
Hahft,233.9068821460731,0.0,13.303028765388522,0.0,8.86549629415957,0.0
Hahir,224.49513574024624,0.0,13.18167689517983,0.0,8.499936085110352,0.0
Haine,227.614939383374,0.0,13.225981756305924,0.0,6.403765134477316,0.0
Halle,219.67658296874535,0.0,13.241178175720002,0.0,8.74644170872237,0.0
Halme,243.25695466749747,0.0,13.833342889912354,0.0,6.913418350132704,0.0
Hanoi,219.4590717100312,0.0,12.862346305229519,0.0,7.308720986488374,0.0
Hansa,237.60818364033688,0.0,13.211436855082919,0.0,6.020074982292531,0.0
Hanse,238.14646354585628,0.0,13.290930702828966,0.0,5.312650368823424,0.0
Hapar,245.38871133970005,0.0,13.777264858344001,0.0,7.93750541991834,0.0
Harem,244.69132509735505,0.0,13.820241226079222,0.0,5.749293529311501,0.0
Hasen,238.08523862251795,0.0,13.28935728493521,0.0,5.054900300266476,0.0
Hatar,221.57325717951892,0.0,13.108740144623127,0.0,7.051998162268588,0.0
Haube,247.76221369501917,0.0,13.667118019329122,0.0,6.65500814221063,0.0
Hauen,235.22144076231706,0.0,13.161719674066196,0.0,5.632616371214497,0.0
Hblhs,243.53093564242727,0.0,13.648391517673094,0.0,8.864239239433724,0.0
Hbrst,230.13298310948778,0.0,13.433630419240874,0.0,7.766126201942982,0.0
Hcrtx,215.82998244621464,0.0,12.947662877698301,0.0,7.916083395658295,0.0
Hebel,241.7720457281422,0.0,13.827084523793037,0.0,7.912120821036983,0.0
Hecke,238.2712598954859,0.0,13.522098829700653,0.0,6.69357025552298,0.0
Hecks,236.04188765528994,0.0,13.3691218022223,0.0,6.906438411826033,0.0
Hehen,245.03576824939844,0.0,13.493987887983156,0.0,5.8479505960468785,0.0
Heibe,240.80062593252114,0.0,13.806591742512987,0.0,7.356711272854653,0.0
Heime,243.2268129695427,0.0,13.897308667115729,0.0,6.894067676376758,0.0
Hende,249.97263612976514,0.0,13.808149181488725,0.0,6.818426371356362,0.0
Hepft,243.54941087880343,0.0,13.843859609354924,0.0,10.038312220899723,0.0
Hertz,216.6319069020391,0.0,13.131938016326984,0.0,7.612935708883397,0.0
Heudu,242.89961957101823,0.0,13.453227261680723,0.0,8.048548541734913,0.0
Heueu,234.0242101342597,0.0,13.162987670341105,0.0,6.4690260651728915,0.0
Heums,248.75353900190933,0.0,13.691633143237281,0.0,6.650698018217916,0.0
Hgbgn,272.8854264430989,0.0,14.292843651972834,0.0,8.59991670803336,0.0
Hggvl,246.013506043966,0.0,13.732278547360782,0.0,10.958925218400719,0.0
Hhmhs,262.01747564721114,0.0,13.905807564222627,0.0,8.022519358798787,0.0
Hhmtd,258.3623446396402,0.0,14.131704158882714,0.0,9.684408678640347,0.0
Hieli,207.0990022003407,0.0,13.092058196741215,0.0,10.946156002659055,0.0
Hilfe,216.70166934106797,0.0,13.233244600758772,0.0,9.999698830074026,0.0
Hilin,203.6629470905476,0.0,12.882132095962257,0.0,9.915211149374604,0.0
Hilms,228.96286479053316,0.0,13.550539535002368,0.0,8.455943705365463,0.0
Hirti,197.54250423675973,0.0,12.829549911919589,0.0,9.995655615323841,0.0
Hisin,213.45819101529173,0.0,12.933191087076093,0.0,8.616441274026615,0.0
Hitze,214.01396665405207,0.0,13.119048960775089,0.0,7.67308753632873,0.0
Hkstl,223.32280733155298,0.0,13.339306229791239,0.0,9.529265861851151,0.0
Hktzg,241.83120346161428,0.0,13.776273161803257,0.0,8.925134136643866,0.0
Hnbby,260.81606518466816,0.0,14.135524573316419,0.0,9.29410297147845,0.0
Hnnhg,253.38544622337656,0.0,13.547579616563603,0.0,8.30674986282784,0.0
Hobon,234.0004624843449,0.0,13.128181871026738,0.0,6.5183523044726535,0.0
Hocke,230.03250353657614,0.0,13.167837878567466,0.0,6.83346196169225,0.0
Hoden,241.7314707040327,0.0,13.462380773716383,0.0,6.662827589689853,0.0
Hokle,227.83526607212116,0.0,13.368631317954048,0.0,8.176554117811067,0.0
Hokon,228.23980963205997,0.0,13.009732420963548,0.0,6.252121120009306,0.0
Honat,221.53092986710382,0.0,12.84971352629718,0.0,7.067537658808973,0.0
Honry,223.57594484163272,0.0,12.971214032788431,0.0,8.778026130054485,0.0
Horde,234.28709779986238,0.0,13.443758768340933,0.0,7.204710546339013,0.0
Hordu,229.17242495991266,0.0,13.16288845650935,0.0,7.92621154428087,0.0
Horet,214.60092048978058,0.0,12.91136322853775,0.0,6.571827628541957,0.0
Hosen,230.64099277367282,0.0,13.01626076145917,0.0,5.440257322617874,0.0
Hotel,213.15353466877116,0.0,12.92384690984664,0.0,8.031684413164164,0.0
Hotto,206.04507724446535,0.0,12.515426739839082,0.0,7.860029205795058,0.0
Hpcks,248.89805480180564,0.0,13.795634587652858,0.0,8.336203826253739,0.0
Hpckt,240.31665916867837,0.0,13.715939727789356,0.0,9.06997522871565,0.0
Hpmgn,277.1180529584628,0.0,14.558435671953804,0.0,8.972874676646324,0.0
Hpnry,244.67086834705825,0.0,13.758405131473316,0.0,10.067899838312922,0.0
Hqjlq,250.60082539749573,0.0,14.221967408143264,0.0,13.27812132936445,0.0
Hqnsx,254.78648231790086,0.0,13.90374558847114,0.0,7.631601166332923,0.0
Hrllt,199.3220572853068,0.0,12.872431382121231,0.0,10.633430991590307,0.0
Hrmzr,229.13924968904615,0.0,13.568089418919422,0.0,8.011119091472448,0.0
Hsjlt,211.31297048089135,0.0,12.939688170052221,0.0,10.211952902533948,0.0
Hsttz,213.8174719159587,0.0,12.945774338727555,0.0,7.503821415055297,0.0
Htbtp,244.82612084887552,0.0,13.980939499174989,0.0,10.027498337835409,0.0
Htfkn,231.30145455287658,0.0,13.421845124439345,0.0,9.021405389729301,0.0
Htnbn,236.54124652715876,0.0,13.406593679945042,0.0,7.585504426799691,0.0
Htscr,210.90133657963585,0.0,12.7051841310587,0.0,7.602480584861841,0.0
Htstr,210.23113137445876,0.0,12.886859338290439,0.0,8.608251663940331,0.0
Hufus,228.89722816677852,0.0,12.933034853960676,0.0,7.890325883850357,0.0
Hugul,233.56736592350728,0.0,13.215776012184085,0.0,9.774741132974242,0.0
Huhör,231.3866667371542,0.0,13.027123383447389,0.0,7.598106944406311,0.0
Humor,232.48347488999931,0.0,13.287404552275772,0.0,7.192801852534172,0.0
Humus,243.76761042028238,0.0,13.419989999462638,0.0,6.988443359331281,0.0
Hunan,232.35427823454614,0.0,12.968737363623413,0.0,6.349449972508342,0.0
Hunde,244.86939196680225,0.0,13.535571280957832,0.0,7.056313329824376,0.0
Hurku,227.4758749696943,0.0,13.153809301826554,0.0,7.680102336204934,0.0
Hurtu,212.8185916845012,0.0,12.703315617776575,0.0,8.023907816416116,0.0
Husar,226.07594034732026,0.0,13.000417493997787,0.0,6.945922104412183,0.0
Hvnhb,245.45129213219067,0.0,13.52311637786713,0.0,8.180587322129304,0.0
Hvrts,211.7477771365327,0.0,12.831873656722294,0.0,8.327662450282627,0.0
Hvxvn,225.8092755562936,0.0,13.042728085759132,0.0,7.8849689446161575,0.0
Hxfms,253.4594071895873,0.0,13.964724293146311,0.0,7.6313007257240475,0.0
Hymnv,244.91345578232054,0.0,13.659978973514075,0.0,8.651658306993479,0.0
Hzkrz,224.7365333822686,0.0,13.423467131115945,0.0,7.359933658753082,0.0
Hähne,251.23128970551844,0.0,13.603130246303264,0.0,5.974345049368313,0.0
Händä,262.3231559699091,0.0,14.016967039087477,0.0,7.204482100503707,0.0
Hännä,250.4744117249424,0.0,13.55176061627316,0.0,6.070427192908199,0.0
Härte,229.0824332499142,0.0,13.383679789356103,0.0,6.876003364526755,0.0
Häsär,244.0680763921896,0.0,13.578710069002419,0.0,6.4565299920055,0.0
Höböt,240.003769880835,0.0,13.452729989472541,0.0,8.142304061044154,0.0
Höhen,243.64135261003634,0.0,13.322191401644638,0.0,6.417347296018166,0.0
Höhle,235.02794088100785,0.0,13.323688323191929,0.0,8.81011882912607,0.0
Höhlö,233.58110682619775,0.0,13.147850722813839,0.0,9.439219717692524,0.0
Höllö,217.62984378463779,0.0,12.974529345051943,0.0,10.190404613442238,0.0
Hörer,221.94930535219402,0.0,13.125238160123933,0.0,6.850816714159765,0.0
Hürde,244.2656372687105,0.0,13.715103631920343,0.0,7.489066245309162,0.0
Hüter,224.62432339319167,0.0,13.194233873179083,0.0,6.979608384509738,0.0
Iband,236.89720355269463,0.0,13.623340669413047,0.0,10.094692665974112,0.0
Ichzt,199.03428497002682,0.0,12.45321784347391,0.0,9.25815382568112,0.0
Icken,212.691856265009,0.0,12.882158974412906,0.0,7.408352844777168,0.0
Icons,198.82181317802858,0.0,12.139610318300589,0.0,8.030015691179141,0.0
Ideen,228.01888066516767,0.0,13.394363700133505,0.0,8.14714331139345,0.0
Idels,217.17609669594324,0.0,13.24141709657334,0.0,10.752783000804408,0.0
Idils,204.229531315739,0.0,13.012784601972273,0.0,11.464853788429375,0.0
Idiot,199.17561094437832,0.0,12.763543152017474,0.0,10.143635572923934,0.0
Idole,211.0962169757713,0.0,13.035258182047594,0.0,10.65544075009969,0.0
Ihnon,211.82191228296148,0.0,12.495363263585467,0.0,8.33623939890212,0.0
Illan,194.52339842731135,0.0,12.598519995526532,0.0,10.292122151348906,0.0
Indas,225.3222088442919,0.0,13.16172733516752,0.0,9.10587724899308,0.0
Inder,217.76162994770016,0.0,13.184162054739987,0.0,8.947030244190389,0.0
Index,230.8726659330573,0.0,13.475959332958785,0.0,8.785063739478558,0.0
Indiz,209.101421922325,0.0,13.032508830558315,0.0,10.931206217317216,0.0
Insel,205.17890276176792,0.0,12.740365240502172,0.0,9.060891704742984,0.0
Ionen,207.7507992333175,0.0,12.526606911829731,0.0,7.056407797589352,0.0
Irben,218.12507929321282,0.0,13.202413310360377,0.0,8.152062047378234,0.0
Irnst,195.8071984634662,0.0,12.477414602946958,0.0,8.746695228151511,0.0
Irnta,197.6220030337559,0.0,12.55949728776973,0.0,9.767491989042965,0.0
Irrer,191.02071327242464,0.0,12.64716880946168,0.0,8.523359998569473,0.0
Islam,219.1860615246734,0.0,13.268548254645728,0.0,8.884144170047524,0.0
Itidi,194.78778874073828,0.0,12.907199881890326,0.0,12.240380327963159,0.0
Ixtra,203.13127075237483,0.0,12.844508342371702,0.0,9.398623206157938,0.0
Jacht,207.06545042916542,0.0,12.371077862181238,0.0,8.807999088321091,0.0
Jacke,217.81625347800806,0.0,12.867043721034824,0.0,7.928963823602885,0.0
Jagen,231.89372908226247,0.0,13.123473611270132,0.0,7.923013448165435,0.0
Jahre,217.55389711400142,0.0,12.829565418811493,0.0,8.201900689361478,0.0
Japan,232.91200746091658,0.0,13.234376341889451,0.0,8.752797273765205,0.0
Jcrys,202.69022899022139,0.0,12.360693774959875,0.0,9.691748311407235,0.0
Jecke,218.61076398807268,0.0,12.955000719668774,0.0,8.174429139785012,0.0
Jeeps,235.25938170058646,0.0,13.444754193049278,0.0,9.009101749654333,0.0
Jemen,233.31888334326828,0.0,13.37054160057863,0.0,7.30186821260688,0.0
Jhntz,208.4594178254427,0.0,12.53387862731801,0.0,9.798786896507945,0.0
Jhrln,203.17189854174023,0.0,12.49838031772454,0.0,10.571424793484734,0.0
Jirir,178.26166696685203,0.0,12.257767910429253,0.0,11.078354556028522,0.0
Jjxlt,196.54686854975822,0.0,12.594193601235068,0.0,12.350350517061873,0.0
Jngjr,214.71743491074966,0.0,12.807399886486241,0.0,12.17563540115094,0.0
Joule,199.50328727703024,0.0,12.291121414267932,0.0,9.891603810935832,0.0
Jrgll,201.93758655708885,0.0,12.793117885848082,0.0,13.388690083581642,0.0
Jschj,208.48678439728897,0.0,12.346440158231836,0.0,10.5319284953492,0.0
Jtllx,192.76402013140202,0.0,12.589131436045049,0.0,12.170018575713497,0.0
Jubel,217.00830565776604,0.0,12.989220892655045,0.0,9.63086666376703,0.0
Juden,225.20648699256634,0.0,12.970061350300297,0.0,8.24168172625063,0.0
Judun,220.20440286349827,0.0,12.68321697037689,0.0,9.088917262631584,0.0
Junge,227.61599318389602,0.0,12.924663823020369,0.0,8.679749671398158,0.0
Junme,228.17751489052637,0.0,13.088498495151411,0.0,7.647954532208215,0.0
Jurys,207.59782332335737,0.0,12.49741580279438,0.0,9.712228880092127,0.0
Jxdrs,223.666316660296,0.0,13.170401463566172,0.0,9.471011991359196,0.0
Jüdin,219.48718429500968,0.0,12.956887367990058,0.0,10.659925947752466,0.0
Kabul,236.40469623787783,0.0,13.458727154741192,0.0,8.965778998409618,0.0
Kacha,237.4276794532508,0.0,13.108660263716509,0.0,7.539813215937006,0.0
Kairo,212.57422854496758,0.0,12.832086995618562,0.0,8.040975342522598,0.0
Kakao,238.63483353128512,0.0,13.383229837681487,0.0,6.8435360728780825,0.0
Kamin,240.05178391902732,0.0,13.615615821099672,0.0,8.259315744166958,0.0
Kanal,228.41621575211065,0.0,13.149358828480901,0.0,8.319984413071747,0.0
Kanne,237.75862652360212,0.0,13.23432671331275,0.0,5.890794104752532,0.0
Kapfa,253.45663348541095,0.0,13.898183790688195,0.0,10.005519916595542,0.0
Karat,221.95763889382425,0.0,13.092088349436855,0.0,7.380461062444763,0.0
Karte,222.6712433262175,0.0,13.176042949785359,0.0,7.270942500997923,0.0
Kasse,239.48116283612836,0.0,13.319202186787482,0.0,5.695443427485903,0.0
Kasus,234.40595910395004,0.0,13.03643912962673,0.0,6.436335329958701,0.0
Kater,222.519274922057,0.0,13.171224732790773,0.0,6.761783620361997,0.0
Katze,226.50792943968872,0.0,13.24079902785513,0.0,6.79531829457283,0.0
Kblqs,252.97649343945474,0.0,14.10051445639422,0.0,10.356245108446041,0.0
Kcrfc,211.37873390608746,0.0,12.589681063959457,0.0,8.972155727171085,0.0
Kcstp,234.5270793167777,0.0,13.346617343062398,0.0,9.023940717565663,0.0
Kedes,251.29303167344253,0.0,13.834418141258553,0.0,7.0571353768318525,0.0
Kehle,236.85160166923828,0.0,13.479851421684433,0.0,8.692610086328589,0.0
Keian,228.17232555501758,0.0,13.212805510667401,0.0,7.5283099581127235,0.0
Kekse,246.08335837366977,0.0,13.745171833545573,0.0,6.2844340057533215,0.0
Kelle,220.90033862767828,0.0,13.31085374598134,0.0,9.443794982078305,0.0
Kepfe,254.78942390099496,0.0,14.054804067609881,0.0,9.543560619308563,0.0
Kerbe,243.49753110175624,0.0,13.797378520865687,0.0,7.090132711943251,0.0
Kereu,228.96501703093216,0.0,13.212515051107049,0.0,6.658685318723384,0.0
Kerle,222.3433464400257,0.0,13.298431887406235,0.0,8.46051247405502,0.0
Kerne,231.10635506267374,0.0,13.302011180620466,0.0,6.382651889748041,0.0
Kette,223.00657312797932,0.0,13.235336310587691,0.0,7.79034878236189,0.0
Keute,228.95419208847798,0.0,13.196659661223059,0.0,7.7786365208033645,0.0
Kfckt,225.0016038840726,0.0,13.19815291968191,0.0,9.924168726734072,0.0
Kfrls,217.22584091287132,0.0,13.06928104436689,0.0,10.505451585630396,0.0
Kgmmc,269.48683919183225,0.0,14.317796773857527,0.0,8.170977112110231,0.0
Khkns,247.07812882217516,0.0,13.525016627184808,0.0,7.574942712987572,0.0
Khmhr,254.36936930581794,0.0,13.83755942163956,0.0,9.0576628102503,0.0
Kihni,220.12060584123225,0.0,13.042178390685072,0.0,9.545885257339204,0.0
Kilos,209.33921350241596,0.0,12.764456347798808,0.0,8.685865403161584,0.0
Kimme,255.51635622244052,0.0,14.266604806837073,0.0,7.916837342784469,0.0
Kinos,218.22900328575633,0.0,12.770119056018512,0.0,7.45619042632492,0.0
Kinti,205.41853135662103,0.0,12.831651531020057,0.0,10.201151103684268,0.0
Kipft,231.11942788083877,0.0,13.613577890157554,0.0,11.574392060821106,0.0
Kippe,257.39663494227193,0.0,14.317834565943999,0.0,10.004507041381979,0.0
Kippi,244.76185863845078,0.0,14.113785567537283,0.0,11.851450913952,0.0
Kirdi,217.46109485698636,0.0,13.344117155579841,0.0,10.447842552661147,0.0
Kiste,218.95876180184595,0.0,13.100619608698825,0.0,8.28511233260292,0.0
Klaga,242.68685101677306,0.0,13.588782653202333,0.0,9.909084417830137,0.0
Klage,243.2251309222925,0.0,13.666081704992513,0.0,9.201659804361029,0.0
Klaue,226.9405402319589,0.0,13.146400760663813,0.0,8.326795406868214,0.0
Kldbd,259.71339521851394,0.0,14.35429529989256,0.0,10.864391897588956,0.0
Klebe,242.11684167368787,0.0,13.811692502919511,0.0,8.500357026415255,0.0
Kleck,226.6027067004025,0.0,13.303505995759297,0.0,8.721730716252887,0.0
Kleid,228.96941533426246,0.0,13.578918616530745,0.0,11.042640111970636,0.0
Kleus,225.46754407354953,0.0,13.075416984375329,0.0,8.40751232793754,0.0
Klfpp,255.14140669051022,0.0,14.26089775886465,0.0,11.877348266832382,0.0
Klgßb,262.14624524413136,0.0,14.115848087671942,0.0,10.333780802024002,0.0
Klima,231.05818342498577,0.0,13.607598011412913,0.0,9.457208831031434,0.0
Kljrl,202.63621701803416,0.0,12.90378151901102,0.0,12.362425514296612,0.0
Klntd,227.68568588127619,0.0,13.363057863283105,0.0,10.137191634265102,0.0
Klotz,207.37121066247113,0.0,12.762871165989026,0.0,9.590573886127544,0.0
Klqgd,265.81851867645713,0.0,14.450575898231248,0.0,12.13507485418028,0.0
Klumm,251.18795248847394,0.0,14.018501773848778,0.0,8.80300888498634,0.0
Klung,235.76017166992082,0.0,13.277182030133492,0.0,9.737269669481549,0.0
Klöße,240.22468391428117,0.0,13.413936618505872,0.0,8.710350553556589,0.0
Kmgml,267.7604764108114,0.0,14.514496156882585,0.0,10.341025104725473,0.0
Knabe,250.37999469214606,0.0,13.73923615628566,0.0,7.440151431431706,0.0
Knall,217.42683704438562,0.0,13.037204659536288,0.0,10.94308657174881,0.0
Knapf,251.03795061405975,0.0,13.78961367539607,0.0,10.101940066169982,0.0
Knast,227.99513295086274,0.0,13.042868600622597,0.0,7.553054389246159,0.0
Knauf,233.21596671864705,0.0,13.084538034802549,0.0,9.125492987529656,0.0
Knaut,225.14930145888042,0.0,12.914246343421727,0.0,8.081078135415904,0.0
Kniff,223.38132212753226,0.0,13.154416878459209,0.0,11.305105079235384,0.0
Knips,239.36249168900275,0.0,13.570867737012897,0.0,8.903673363985558,0.0
Knmst,240.52446990330765,0.0,13.531076952533104,0.0,7.6196637681237265,0.0
Knupf,246.60385958820478,0.0,13.595685564871557,0.0,10.225621804099326,0.0
Koaps,246.35399031617163,0.0,13.551668131504478,0.0,8.2521737639691,0.0
Kobra,235.0734311788642,0.0,13.380763943805468,0.0,8.327882865044119,0.0
Kobro,227.3182167086477,0.0,13.101427361910671,0.0,8.002134926012717,0.0
Kodex,248.08795980962844,0.0,13.720169171595911,0.0,7.618316072566996,0.0
Kofor,214.90682558941688,0.0,12.700364903201406,0.0,8.44857708192831,0.0
Kofra,222.7343411636976,0.0,12.9910337545859,0.0,9.140652654910802,0.0
Kohle,228.61284531032857,0.0,13.124450159406003,0.0,8.832501792497858,0.0
Kokon,228.66905478092832,0.0,12.99353439612237,0.0,6.704009077183112,0.0
Kombi,245.07586466952108,0.0,13.844417591391089,0.0,9.282124635254076,0.0
Komet,237.4820318691446,0.0,13.521796819558697,0.0,7.2288719302872995,0.0
Komma,259.5985481048443,0.0,14.066832604720927,0.0,7.679961779675269,0.0
Konak,236.61837997630698,0.0,13.279999423716786,0.0,7.373655720897135,0.0
Kongo,236.27672766849474,0.0,13.04356998947107,0.0,7.93446016644889,0.0
Kopie,236.6348769933926,0.0,13.570115957328737,0.0,9.46840802461282,0.0
Koreh,229.79215004341188,0.0,13.104534938594579,0.0,6.770295517419386,0.0
Kpdnp,276.1251641161437,0.0,14.609827907093079,0.0,10.325114081850217,0.0
Krach,227.67143653076988,0.0,12.975336740497761,0.0,8.037287602184957,0.0
Kraft,220.20664353366425,0.0,13.113027779939314,0.0,10.164183328856748,0.0
Krahz,231.36266111845202,0.0,13.245870613998875,0.0,8.486845265414072,0.0
Krant,219.87984814722137,0.0,12.98561628640671,0.0,8.162722822127817,0.0
Krdnt,229.40003291192716,0.0,13.360548460080668,0.0,8.93125875618112,0.0
Krech,228.42781261255647,0.0,13.06184439051989,0.0,7.905136366951231,0.0
Krenk,235.29442918934282,0.0,13.510850981285543,0.0,7.884801691808447,0.0
Krenz,225.0423903169565,0.0,13.165567701716451,0.0,7.632347877006277,0.0
Kreta,223.26811097042025,0.0,13.191435724330406,0.0,8.925112569030242,0.0
Kreuz,223.0136409960966,0.0,13.079516199951634,0.0,8.03411584442072,0.0
Krgtc,224.9051299487264,0.0,13.101549931201834,0.0,9.653696062324101,0.0
Krimi,220.68301349440995,0.0,13.465447402585871,0.0,9.887783914041425,0.0
Krims,231.0884175580351,0.0,13.527970223414433,0.0,8.25370819777446,0.0
Kripo,226.00016692094385,0.0,13.355448812996888,0.0,9.555894536246564,0.0
Krise,219.3175088932495,0.0,13.124884226179322,0.0,7.66974703699879,0.0
Krkmb,259.0554836332667,0.0,14.36606906584175,0.0,8.074006689367831,0.0
Krlth,215.63569423519453,0.0,13.029047236971358,0.0,9.887794223592763,0.0
Krmns,240.99058073279355,0.0,13.557004962739756,0.0,7.495560798543472,0.0
Krnns,225.98549647329082,0.0,12.95031369583968,0.0,7.044011985158554,0.0
Krnss,226.80257864441333,0.0,12.991953611812816,0.0,6.9177562064032525,0.0
Krntj,212.74557734960854,0.0,12.873353486268362,0.0,10.773058664908397,0.0
Krtht,216.57478504414985,0.0,12.988883046950232,0.0,9.020462974789755,0.0
Kruhs,231.1037996377758,0.0,13.033852570396657,0.0,8.274979310769318,0.0
Kruns,224.02715275449367,0.0,12.864990558087138,0.0,7.55263315759525,0.0
Krvtn,211.514092280293,0.0,12.775744294315139,0.0,8.953616206732558,0.0
Kröte,222.3372593406018,0.0,13.093327415295029,0.0,8.383224144166748,0.0
Kshlm,246.33173827686682,0.0,13.724518419139871,0.0,8.81901730920456,0.0
Kstzt,214.1364177986525,0.0,12.928039511807029,0.0,7.6043679105099855,0.0
Kthxb,249.9871792266654,0.0,13.824361282379982,0.0,8.836481954693925,0.0
Kubul,232.09596258497953,0.0,13.264813313311555,0.0,9.44913127305976,0.0
Kubus,241.66556333081343,0.0,13.308646613347314,0.0,7.529444051157481,0.0
Kufen,233.43499798308306,0.0,13.155959078541152,0.0,7.412666768505744,0.0
Kugel,238.99869520144367,0.0,13.475683016280197,0.0,9.379393553767093,0.0
Kulis,212.74173568491773,0.0,12.849046836962282,0.0,9.603105718406312,0.0
Kunst,223.45620716850308,0.0,12.835080947916016,0.0,7.194530159412339,0.0
Kuppe,265.15261892614194,0.0,14.263549245951047,0.0,9.158202117102414,0.0
Kurie,216.4141157374611,0.0,12.995430228855987,0.0,8.406955054079974,0.0
Kuron,217.6446458370016,0.0,12.646257592557335,0.0,6.773966434721275,0.0
Kurse,226.82019307083334,0.0,13.06026191788809,0.0,6.494283069460754,0.0
Kuwel,237.26657712436548,0.0,13.496727305231888,0.0,8.583314682191784,0.0
Kvrls,211.05461488914455,0.0,12.853199341098946,0.0,9.723655064331405,0.0
Kzbrl,225.53206018276668,0.0,13.469910587374995,0.0,9.662192329718415,0.0
Kzchp,244.9609634585356,0.0,13.556598065543074,0.0,8.732538202684566,0.0
Kzntn,221.27016983095052,0.0,12.931725058361351,0.0,7.449642374639601,0.0
Kämme,274.4215089317739,0.0,14.569149009627596,0.0,6.644128964557402,0.0
Kästä,244.16850978882292,0.0,13.540249615082002,0.0,7.586976179002688,0.0
Köche,237.3660542294727,0.0,13.099925695579863,0.0,7.647250618621313,0.0
Köhns,241.99082241232827,0.0,13.156022984152122,0.0,7.397014358295948,0.0
König,238.79469937501193,0.0,13.368274651533637,0.0,10.180632818868297,0.0
Köntö,228.07128611310293,0.0,12.926440023919469,0.0,8.468512936904409,0.0
Körso,222.23552721869814,0.0,12.80283523010556,0.0,7.207469485401729,0.0
Körzo,218.07371064295808,0.0,12.813432528425292,0.0,7.717916019982108,0.0
Köthö,234.88257154348082,0.0,13.090072759367903,0.0,8.577436596641688,0.0
Kübel,243.94107398694885,0.0,13.736130470961506,0.0,8.788256183350208,0.0
Küche,240.50025297877318,0.0,13.1958021377145,0.0,7.502101323789446,0.0
Küken,246.85646241886607,0.0,13.624559911240837,0.0,6.520026240847119,0.0
Küsse,242.01545645613135,0.0,13.326161933172523,0.0,6.36515614880745,0.0
Küste,233.55777305861727,0.0,13.245459370332405,0.0,7.6251678549947615,0.0
Labor,218.3672027589996,0.0,13.011145010463641,0.0,8.15277151905324,0.0
Lachs,219.4136284241452,0.0,12.663284619283905,0.0,7.947578008113963,0.0
Lacht,210.83223279101793,0.0,12.576416273696527,0.0,8.681349410575875,0.0
Laden,233.2820030073171,0.0,13.361408407666543,0.0,7.6316797738552715,0.0
Lader,226.0982109786874,0.0,13.348274470548104,0.0,8.29724680427044,0.0
Lager,228.47671941548526,0.0,13.304038302240253,0.0,8.461930800835386,0.0
Lagos,228.34520273665714,0.0,13.00163020519355,0.0,8.347013841863824,0.0
Lahfa,228.2856565683162,0.0,13.08730816180319,0.0,9.980490555380529,0.0
Lahna,227.9588611818733,0.0,12.959643810781662,0.0,7.979030048651598,0.0
Laibe,224.11240187689583,0.0,13.358828980131676,0.0,8.465455163189343,0.0
Laici,192.11605351277768,0.0,12.39028295086317,0.0,9.732903061917671,0.0
Lakai,217.9705929087709,0.0,13.165955510873566,0.0,9.211124520353408,0.0
Laken,227.99921010443404,0.0,13.265442136009217,0.0,6.752634768868583,0.0
Lampe,252.23398666322856,0.0,14.0871505425343,0.0,8.622879213535228,0.0
Lange,235.6915091986468,0.0,13.317345011074849,0.0,8.0697477190028,0.0
Lanze,218.09093342455552,0.0,12.923926179077773,0.0,7.17730610992062,0.0
Larve,208.14819962532695,0.0,12.764393960610029,0.0,7.895652123055508,0.0
Lasso,214.8647097659634,0.0,12.58672690519553,0.0,6.979441351266617,0.0
Latex,219.3073522129851,0.0,13.106840926974831,0.0,7.502138364993177,0.0
Laube,231.86850014945844,0.0,13.300288743401236,0.0,8.009217348727448,0.0
Lauch,216.45814462060116,0.0,12.52598863137924,0.0,8.122940865354344,0.0
Lauht,215.74320312033478,0.0,12.709861870574615,0.0,8.970722238471271,0.0
Laute,211.83672288398435,0.0,12.743993249840686,0.0,8.435492453964248,0.0
Lbbst,234.1598435560855,0.0,13.585728797952399,0.0,9.414604487683729,0.0
Lbmpb,271.7881687459716,0.0,14.738864573432835,0.0,10.606918290297493,0.0
Lcfnc,202.31046380220735,0.0,12.22406309939991,0.0,8.980055338875776,0.0
Lcftc,194.66986257581578,0.0,12.180457895783055,0.0,10.113811266307787,0.0
Ldthr,219.8913404968625,0.0,13.161753781581561,0.0,10.05522292872746,0.0
Lebby,247.96241732676853,0.0,13.967996734179387,0.0,10.436840424200781,0.0
Lecks,220.14817410972918,0.0,12.993882540112116,0.0,8.26064761834285,0.0
Leder,226.892721488752,0.0,13.43308084054745,0.0,8.542712120452569,0.0
Lefte,214.72427911884495,0.0,13.043475530998066,0.0,9.525767935613672,0.0
Legen,236.45502195417959,0.0,13.402218770429336,0.0,8.041829086602347,0.0
Lehre,222.11518998591856,0.0,13.114558977728096,0.0,8.32071632779839,0.0
Leier,205.18234742562862,0.0,12.915861867372891,0.0,8.354095738790505,0.0
Leine,212.51573634787792,0.0,12.934658428010717,0.0,8.00343965717626,0.0
Leite,204.87513512148632,0.0,12.893456656077221,0.0,9.13719558460827,0.0
Leken,228.79372061449868,0.0,13.350774681321138,0.0,6.9981000850507105,0.0
Lende,234.07892258420443,0.0,13.445168259334746,0.0,8.172635577873178,0.0
Lepra,230.42492830306486,0.0,13.501686081076233,0.0,9.955491551825522,0.0
Lesbe,235.52680851972397,0.0,13.51092381939154,0.0,7.676966593961554,0.0
Leser,215.80224355839215,0.0,12.985954296179244,0.0,7.320141853380588,0.0
Lesst,213.1419467784407,0.0,12.80214332165991,0.0,7.789869551776008,0.0
Leute,212.63123339404896,0.0,12.832793674004957,0.0,8.680957770146374,0.0
Lfths,216.28335701606971,0.0,12.849054663545743,0.0,10.326199369022333,0.0
Lhsts,217.30688387387772,0.0,12.772364918460294,0.0,9.267494627677303,0.0
Liane,211.84669749946258,0.0,12.851217552211729,0.0,8.507711987532598,0.0
Libir,201.949023320863,0.0,13.014514512277508,0.0,11.245973957507235,0.0
Lifte,201.86505097201194,0.0,12.815245201612733,0.0,10.60995981836125,0.0
Lihst,206.4387377484236,0.0,12.696558266901041,0.0,9.42164641412186,0.0
Likör,207.3886351183843,0.0,12.938816355602286,0.0,9.594561357689706,0.0
Lilit,180.08139737349137,0.0,12.449328913248975,0.0,12.085503294490797,0.0
Limit,203.97627141633447,0.0,13.084805844160632,0.0,11.30737713103905,0.0
Linde,221.21969443737146,0.0,13.223872548218825,0.0,9.256827460620755,0.0
Linie,199.78195503015502,0.0,12.705772518722044,0.0,9.909188758889167,0.0
Linin,196.65902332832727,0.0,12.498059365014297,0.0,10.039745379054757,0.0
Linse,210.1880323635272,0.0,12.772074609408065,0.0,7.996516774269947,0.0
Lippe,241.07367624784285,0.0,13.983173957409333,0.0,10.90682829072499,0.0
Liste,202.63580310741696,0.0,12.734009635509702,0.0,9.18743358194593,0.0
Listi,190.00102680359578,0.0,12.504141625315066,0.0,11.034377454515951,0.0
Liter,194.13159859085965,0.0,12.66409939176169,0.0,8.993762068634714,0.0
Ljngs,226.2055356199986,0.0,13.05336919728139,0.0,10.525079090885225,0.0
Lkgln,228.4517140410956,0.0,13.40487371979069,0.0,11.212835230840122,0.0
Lkljg,223.5247850595481,0.0,13.406908878041992,0.0,13.289144413804259,0.0
Lkstr,208.92134304156468,0.0,12.951340746569258,0.0,9.547043340743393,0.0
Lkthr,214.8271743305388,0.0,13.069845859088234,0.0,9.725061898992,0.0
Llctl,183.86169529079643,0.0,12.271398524407747,0.0,11.927968904468074,0.0
Llspr,216.56254853683103,0.0,13.220602565184645,0.0,10.547653052413633,0.0
Lltst,192.27093516983533,0.0,12.49401995296563,0.0,9.783126468294316,0.0
Lmstr,217.00281630230148,0.0,13.162703052506844,0.0,9.408579064521678,0.0
Lnpqx,253.99687591880294,0.0,14.109944533051243,0.0,11.052514326598637,0.0
Lnqvz,223.1812148326644,0.0,13.196484998105882,0.0,10.509619355535822,0.0
Lnsbl,220.68776984603306,0.0,13.118010859664405,0.0,10.020993725961372,0.0
Lobby,239.72366096785873,0.0,13.625334139098772,0.0,10.57673213037005,0.0
Lobto,210.53111839936588,0.0,12.706325877249595,0.0,9.234566526353964,0.0
Locke,214.13878999101541,0.0,12.786693086948285,0.0,8.187671168209066,0.0
Logen,228.21626559526982,0.0,13.04470258788957,0.0,8.181720792771616,0.0
Logik,222.62430441365132,0.0,13.230591104484967,0.0,11.083917611115783,0.0
Lohso,213.57648303393412,0.0,12.427839067850575,0.0,7.91238335321629,0.0
Lokol,203.67005480229716,0.0,12.622096867606666,0.0,9.608329084565867,0.0
Lonst,203.9977362781272,0.0,12.380071153163382,0.0,7.998856156456605,0.0
Lonus,209.7333004192721,0.0,12.333694908767454,0.0,7.793108500164436,0.0
Lorum,216.35128157388118,0.0,12.90597387651697,0.0,8.336095294560673,0.0
Lotos,198.6205536999547,0.0,12.20126666522275,0.0,7.934544933084844,0.0
Lotto,190.1513636989046,0.0,12.113772004782572,0.0,9.214238412311875,0.0
Lpftr,217.27372253490321,0.0,13.271488203651721,0.0,11.751657000622137,0.0
Lppbk,267.23445009273286,0.0,14.666610529614026,0.0,11.382537262224881,0.0
Lrhnn,215.83045157544967,0.0,12.708301842940488,0.0,8.342511779451051,0.0
Lrstt,194.3459950607467,0.0,12.496247693855949,0.0,9.744765665884161,0.0
Lsmst,224.88632261876208,0.0,13.215657763156111,0.0,7.927458004662314,0.0
Lswmn,244.21167786721972,0.0,13.670218207239637,0.0,7.552999750700928,0.0
Lubst,219.6070404952395,0.0,12.992111976088516,0.0,8.637512956792659,0.0
Luder,221.7894773257891,0.0,13.152732299880729,0.0,8.780599078920583,0.0
Luken,223.69047645153577,0.0,13.068660630494934,0.0,7.235987043518725,0.0
Lundi,216.3409021174204,0.0,12.942867224620219,0.0,10.257466408911213,0.0
Luxus,218.57717353208014,0.0,12.705555147300245,0.0,8.05472587903298,0.0
Lxhnt,221.09370618701604,0.0,12.966308200512998,0.0,8.599502852168417,0.0
Lyrpk,235.12214569098435,0.0,13.77164857150827,0.0,10.965023454890048,0.0
Läden,240.1224380798821,0.0,13.550675627585433,0.0,7.68862859455791,0.0
Lätäs,227.44029751619075,0.0,13.176012800456093,0.0,7.816912036751159,0.0
Löhne,227.89723595809522,0.0,12.950808740094374,0.0,8.086467451335904,0.0
Lömöt,226.6413485736115,0.0,13.177191097426265,0.0,9.407400532908577,0.0
Lösön,220.22955462700807,0.0,12.64125067535286,0.0,8.070673882412956,0.0
Löwen,233.32848823773932,0.0,13.2506663148687,0.0,7.815146914998325,0.0
Löwin,220.7661582672814,0.0,13.033460294904435,0.0,10.047030689828757,0.0
Lüfte,216.46406222878332,0.0,12.96327386799957,0.0,9.950015340753092,0.0
Lüste,217.23481436418825,0.0,12.88297175330895,0.0,8.527489104337771,0.0
Mache,250.09963464567107,0.0,13.630616439861537,0.0,7.1007317967454195,0.0
Macht,239.28886677234783,0.0,13.397292057479154,0.0,8.047371355510386,0.0
Macke,250.03966982119044,0.0,13.856575374899279,0.0,7.168336090792179,0.0
Madam,276.1801869822111,0.0,14.622784280586316,0.0,8.118710079590498,0.0
Maden,261.73863698864704,0.0,14.13677554538366,0.0,6.9977017187897825,0.0
Mafia,239.8997287487327,0.0,13.694181275998995,0.0,10.006409456267074,0.0
Magen,264.11714542544485,0.0,14.095014247135293,0.0,7.162385715354729,0.0
Magie,254.67774715681475,0.0,14.07819319031714,0.0,9.263712870019571,0.0
Magma,278.54582548964913,0.0,14.582013382095772,0.0,8.429558503342074,0.0
Mahsa,257.2325773343257,0.0,13.79687608545028,0.0,7.218796214830807,0.0
Mails,229.18547895629922,0.0,13.49616232574661,0.0,9.414725026538678,0.0
Major,229.46815408900588,0.0,13.3128084248733,0.0,8.864268470661527,0.0
Makro,241.13548499210884,0.0,13.696178504664008,0.0,7.618889913475492,0.0
Malta,232.8236308952516,0.0,13.552926801081659,0.0,9.229992816767835,0.0
Maori,225.00393532361963,0.0,13.292360296466844,0.0,9.178040852905804,0.0
Marke,249.4622018983115,0.0,14.039463477216142,0.0,7.195480215064261,0.0
Maske,257.8144380107083,0.0,14.098055747797709,0.0,6.879992847739554,0.0
Masse,251.61483812302927,0.0,13.756856557442529,0.0,5.9637866217634246,0.0
Matta,233.80745799929616,0.0,13.514661594162495,0.0,8.52065127392639,0.0
Matte,234.34573790481556,0.0,13.592382174449378,0.0,7.813226660457283,0.0
Mauer,240.60056916945655,0.0,13.576038279667427,0.0,7.018414553080992,0.0
Maxan,254.93429324007482,0.0,13.860308803702958,0.0,6.749950975879326,0.0
Mbbrp,278.15362949227506,0.0,14.907605349176626,0.0,10.369502106969545,0.0
Mbprp,281.58932895199496,0.0,15.01677098878109,0.0,11.234681250577207,0.0
Mbscr,243.76470560818257,0.0,13.691832707323195,0.0,8.274594704994215,0.0
Mbsst,251.04813965765373,0.0,13.911859015543174,0.0,8.1708699860696,0.0
Mbstr,243.0945004030055,0.0,13.860581614279498,0.0,9.280365784072705,0.0
Mbzng,267.8965975152796,0.0,14.332113069792214,0.0,8.976267899070388,0.0
Mchzt,233.58194480474754,0.0,13.335855522781829,0.0,8.431329400672295,0.0
Mckbr,249.47356530197436,0.0,14.02446816045598,0.0,8.400043841345235,0.0
Mcndc,242.48114002250517,0.0,13.42851586472296,0.0,8.126700853501802,0.0
Medes,263.42670696034344,0.0,14.2562646144321,0.0,7.325478571109373,0.0
Meere,246.74247409787327,0.0,13.93881003674001,0.0,7.461036390919577,0.0
Mehlt,238.17450908281592,0.0,13.683935097148893,0.0,9.907592839371075,0.0
Meile,232.20936170655978,0.0,13.730672454327756,0.0,9.447322186417752,0.0
Melti,221.5216450070145,0.0,13.500310587661147,0.0,10.614977392050875,0.0
Menen,250.53721542694802,0.0,13.75258124698595,0.0,6.089691666411257,0.0
Menge,264.9426536900413,0.0,14.175475154494544,0.0,7.681234980119439,0.0
Mensa,250.9656145861707,0.0,13.720132914484104,0.0,6.985771449925986,0.0
Menüs,253.2754551126387,0.0,13.720975316912654,0.0,7.131904740171544,0.0
Meper,259.26291487920366,0.0,14.337932373132038,0.0,8.161099388471397,0.0
Messe,252.40934863309388,0.0,13.839159362824255,0.0,6.2092519379455515,0.0
Meter,235.4474607190225,0.0,13.696800573082793,0.0,7.275592130821646,0.0
Meute,241.08786737537886,0.0,13.638247015788975,0.0,8.046979715080885,0.0
Midil,228.43554809721866,0.0,13.800922557398927,0.0,12.561241450589664,0.0
Mieze,237.7149731579615,0.0,13.786917464514442,0.0,8.125773453058459,0.0
Milch,225.9186149006195,0.0,13.290940992488176,0.0,9.53967381361853,0.0
Milin,216.2258675263168,0.0,13.318336278435492,0.0,10.635442300825932,0.0
Miliz,212.94419744276982,0.0,13.370134845699779,0.0,11.053301529537496,0.0
Minen,237.67798728011505,0.0,13.536312149350817,0.0,7.173883549158835,0.0
Mirki,224.762707957722,0.0,13.699437079459816,0.0,10.372081286563986,0.0
Mitte,222.28102026804729,0.0,13.458169948161558,0.0,9.142883859386988,0.0
Mitti,209.6462439642261,0.0,13.240879681587694,0.0,10.989827731957007,0.0
Mixer,236.20255616834655,0.0,13.790943998153997,0.0,8.003072706143803,0.0
Mißis,237.8727149487396,0.0,13.633190398274694,0.0,9.865339424628804,0.0
Mkdcn,256.32245218706123,0.0,14.02042904830895,0.0,8.464297443256223,0.0
Mlrkl,226.39814463444048,0.0,13.735309789033709,0.0,10.977329493463484,0.0
Mmbnm,286.81050400564817,0.0,14.979552488731247,0.0,7.963940359877967,0.0
Mmhrm,274.22172363116357,0.0,14.659616168269787,0.0,8.705414469361378,0.0
Mmtth,250.90597372482893,0.0,14.033906311092403,0.0,9.261125181850566,0.0
Mobil,233.5338798345437,0.0,13.691338408741698,0.0,11.004127453488014,0.0
Mocko,234.3019295966094,0.0,13.240713285617396,0.0,7.935369787581281,0.0
Modem,269.2527137270357,0.0,14.446630805294493,0.0,7.761964602861498,0.0
Moden,254.2943911398019,0.0,13.88036202640978,0.0,7.3830587411411805,0.0
Mokka,255.63959728382048,0.0,14.09687199961992,0.0,8.316299745645349,0.0
Monat,234.093850302873,0.0,13.286982034893205,0.0,7.7877688102603,0.0
Moped,270.1636271126582,0.0,14.469430098376561,0.0,8.968215145946582,0.0
Moral,225.65886321917338,0.0,13.307760464494631,0.0,9.220077098514048,0.0
Morgo,240.96362098440264,0.0,13.472547713287453,0.0,8.449195829539793,0.0
Motel,225.71645510454036,0.0,13.358689038854923,0.0,8.75191556461549,0.0
Motol,217.50758693545072,0.0,13.001049726003574,0.0,9.220254099921632,0.0
Motor,218.99983619102312,0.0,12.98922109735763,0.0,7.8838223722970575,0.0
Motte,226.90149205597044,0.0,13.32549737683102,0.0,8.19858368280868,0.0
Mpkrv,254.16605900126928,0.0,14.264723162237283,0.0,9.927216393430426,0.0
Mpstr,246.50110865163805,0.0,13.977770893227495,0.0,9.695152709141327,0.0
Mqmgn,289.8660022547965,0.0,14.966341568539205,0.0,9.702668749128389,0.0
Mrjmm,262.1194073317397,0.0,14.51082001919499,0.0,9.739923285447333,0.0
Mrmcs,246.15385999847996,0.0,13.781463460073134,0.0,7.891888841174511,0.0
Mrntt,221.89717490067284,0.0,13.277947322659388,0.0,9.179882509329998,0.0
Msrkt,237.0906902572753,0.0,13.744889284780736,0.0,8.004529831001417,0.0
Msttx,235.5893063920023,0.0,13.603968175233275,0.0,8.3097938634984,0.0
Mtglt,234.63658663826337,0.0,13.725239784834532,0.0,11.810357644087764,0.0
Mtndn,248.56173516881216,0.0,13.804582737707467,0.0,8.732309663651316,0.0
Mtrkc,229.36224466655142,0.0,13.496997599733993,0.0,8.874677992835416,0.0
Mtrrd,234.04542390504827,0.0,13.77751829023898,0.0,9.981083883024043,0.0
Mtslm,243.81375902983504,0.0,13.959238723870744,0.0,9.985926303571782,0.0
Mtvst,223.904993418498,0.0,13.245568939710259,0.0,9.146241746179339,0.0
Muhne,252.64504141582432,0.0,13.645448569732862,0.0,7.120979654767144,0.0
Mulde,248.54252261923105,0.0,13.946176857459346,0.0,9.006219458112367,0.0
Mulur,224.358305322947,0.0,13.184320239598755,0.0,9.07005616851206,0.0
Mumus,256.3305308560516,0.0,13.839251622589542,0.0,7.7086745107826085,0.0
Mvvsd,245.34003653793735,0.0,13.717541626138013,0.0,9.650128802596338,0.0
Mvzdv,241.09785238556518,0.0,13.726195106229582,0.0,9.471830682964514,0.0
Mzbnl,244.84219708120634,0.0,13.914997732755115,0.0,9.126889947562166,0.0
Mzffb,253.93898811330774,0.0,14.147240521639667,0.0,10.532160137173499,0.0
Mzllr,216.20785590962487,0.0,13.399739684448049,0.0,10.557332233043926,0.0
Mznsn,241.86152851536548,0.0,13.4619414042918,0.0,6.457973862729809,0.0
Mzsnr,234.76610845701705,0.0,13.452372978524808,0.0,7.180701773388954,0.0
Mähne,263.79421014128764,0.0,14.016915009571854,0.0,6.69457620081964,0.0
Mäuse,255.59147533539334,0.0,13.819136203166455,0.0,6.598451513414084,0.0
Mäzen,253.11839314332025,0.0,13.90197445174713,0.0,5.769301473332459,0.0
Möbel,252.94055052454925,0.0,14.071605982858003,0.0,9.201748672459598,0.0
Mödeu,259.14699072122755,0.0,13.974078755768712,0.0,8.403508112719464,0.0
Möhre,249.17740832788635,0.0,13.737027334377043,0.0,8.256134972704189,0.0
Möpse,266.01897033321336,0.0,14.231497252946394,0.0,8.253584228073137,0.0
Möwön,260.4230568984176,0.0,13.868081255543252,0.0,8.027871219409086,0.0
Mühen,259.338471795106,0.0,13.835847587253966,0.0,6.992429152637625,0.0
Mühle,250.7250600660775,0.0,13.83728894145194,0.0,9.385200685745529,0.0
Münze,249.08186102588837,0.0,13.730786614136823,0.0,7.213040776176677,0.0
Mütze,241.1758983465926,0.0,13.687737553086937,0.0,7.733374210171897,0.0
Nabal,250.5325746135705,0.0,14.183468491640975,0.0,8.635395112750796,0.0
Nabel,251.04934720724026,0.0,14.256018827065736,0.0,7.893292613670398,0.0
Nadel,250.57148725783844,0.0,14.237040801958148,0.0,8.50610643419374,0.0
Napal,253.9682740732904,0.0,14.298163942830918,0.0,9.500574256358458,0.0
Narbe,252.34558743198602,0.0,14.242003439805673,0.0,6.619416547402859,0.0
Nasen,248.1570506116807,0.0,13.817527019832207,0.0,5.281537409082018,0.0
Natan,238.8288611973113,0.0,13.65675317825443,0.0,6.613068240668962,0.0
Natar,231.64506916868163,0.0,13.643903549805184,0.0,7.27863527108413,0.0
Natta,231.31634955268964,0.0,13.621099809273602,0.0,8.027057231290605,0.0
Nazis,232.11807911532264,0.0,13.655473562580163,0.0,7.5329539209619325,0.0
Ncbgt,254.1037308951782,0.0,14.149242599383232,0.0,8.892348434069053,0.0
Nchdr,246.78835915059116,0.0,13.889819149352165,0.0,8.537083601622733,0.0
Nchpr,250.73284948017724,0.0,14.028250342662524,0.0,8.781243740081994,0.0
Ndhmr,268.5650181619233,0.0,14.648159647247677,0.0,8.40829855066116,0.0
Ndhrt,246.06714933141467,0.0,14.056037892342145,0.0,9.117622809561825,0.0
Ndscr,240.62123994778898,0.0,13.773458147944398,0.0,7.743861193699088,0.0
Ndsfr,247.9184313554463,0.0,14.09776650681906,0.0,9.617336852074502,0.0
Ndspr,263.3848705435562,0.0,14.564052805105929,0.0,8.994091391400339,0.0
Ndstr,239.95103474261185,0.0,13.941219069864498,0.0,8.74963227277758,0.0
Ndthr,245.85686603158592,0.0,14.051378323870379,0.0,8.927650831026185,0.0
Ndths,253.93421752184744,0.0,14.103668476834844,0.0,8.34439533674848,0.0
Nebel,251.84385771730487,0.0,14.335456125469099,0.0,8.138757929852526,0.0
Neffe,248.65720126640286,0.0,14.097203816648845,0.0,9.26590041720932,0.0
Negro,247.10018839524787,0.0,13.932734855286762,0.0,8.41449018857347,0.0
Nehgt,258.7022506283312,0.0,14.209471484248864,0.0,8.612770577335567,0.0
Neift,227.997289395721,0.0,13.730763125380392,0.0,9.823967624968882,0.0
Ngkgm,292.1549081672106,0.0,15.21667130562637,0.0,8.939228494105874,0.0
Ngspr,265.74250172894926,0.0,14.522830023764827,0.0,8.983947081862945,0.0
Ngstr,242.3086659280049,0.0,13.898149047380546,0.0,8.739487963240187,0.0
Ngthf,255.7771183338799,0.0,14.14034186997032,0.0,10.11243728178675,0.0
Ngthl,246.7222479614066,0.0,14.019615538657352,0.0,10.253938249113366,0.0
Ngths,256.2918487072405,0.0,14.0610960559167,0.0,8.334251027211087,0.0
Ngthw,267.99141664064814,0.0,14.453690423050647,0.0,8.717768886712413,0.0
Nickt,224.67307586449238,0.0,13.599859493752415,0.0,8.951038805851065,0.0
Niger,242.37752731344037,0.0,14.056186912471787,0.0,8.664015902063818,0.0
Nihri,222.58671106998787,0.0,13.583001855711506,0.0,10.124279985414713,0.0
Nkhmn,270.6846440242292,0.0,14.577671025235151,0.0,7.412570490510531,0.0
Nlppt,257.0280672681703,0.0,14.625102071244426,0.0,11.045532453052864,0.0
Nmtdn,260.8300625163133,0.0,14.469018183377736,0.0,8.20516724907528,0.0
Nndkr,253.86152858640776,0.0,14.31632133231832,0.0,8.86202979273312,0.0
Nnknl,240.06980436915077,0.0,13.860912625895542,0.0,8.529466068150178,0.0
Noito,214.30840992156402,0.0,13.09546762814383,0.0,8.53119186751397,0.0
Nonne,239.9569475150514,0.0,13.516718099351346,0.0,6.050900278745665,0.0
Norto,216.57606994193083,0.0,13.101837751446777,0.0,7.81272534942876,0.0
Norvo,218.37598493546932,0.0,13.055689586033957,0.0,7.535113722143334,0.0
Notar,224.20082331983647,0.0,13.378046615258436,0.0,7.663992293435528,0.0
Noten,231.90138794213595,0.0,13.467970481096401,0.0,6.256322763939963,0.0
Novum,243.82634557462316,0.0,13.745667444567358,0.0,7.820290558325474,0.0
Npbtb,275.19517449004593,0.0,14.979888359536746,0.0,9.738786733694475,0.0
Nrffr,228.0122092157655,0.0,13.694922981987185,0.0,10.756908475710919,0.0
Nstds,247.55385892165845,0.0,13.983505506470788,0.0,7.395209811460239,0.0
Nthsl,233.424396622379,0.0,13.639995207065944,0.0,9.458893773791413,0.0
Nudel,246.26275360494014,0.0,14.053870157642008,0.0,8.989458708843882,0.0
Nutte,227.5458958053108,0.0,13.507741143395934,0.0,7.802984892471641,0.0
Nutve,229.3458107988493,0.0,13.462984397919758,0.0,7.525373265186215,0.0
Nutzu,226.72708978713507,0.0,13.31923100871217,0.0,7.774920718806565,0.0
Nylen,239.85439485817642,0.0,13.856953288414374,0.0,8.32673820667704,0.0
Nägel,259.7904307672013,0.0,14.373862039500247,0.0,8.727739251461326,0.0
Näher,253.96971277243182,0.0,14.102350425470632,0.0,6.551638239798099,0.0
Nähte,253.66250046828952,0.0,14.081833129527439,0.0,7.334738085615865,0.0
Nässe,255.96416474898777,0.0,14.043965240596677,0.0,5.5271413998302785,0.0
Nöblö,249.06523757830627,0.0,14.01167177274035,0.0,9.728028293458427,0.0
Nöbst,249.2813945535637,0.0,13.99467085465592,0.0,7.841450600594658,0.0
Nöckö,245.5018221904764,0.0,13.70775602986054,0.0,8.118704952876262,0.0
Nösön,246.19508016173154,0.0,13.56505395605439,0.0,6.943101784711684,0.0
Obhut,230.28224126930758,0.0,13.065007252709368,0.0,9.13156732874692,0.0
Ochse,224.4784432406313,0.0,12.695024330942024,0.0,6.85933192423625,0.0
Odalt,218.3098988025705,0.0,13.074264093750172,0.0,10.67696983040052,0.0
Oenin,213.8987994433105,0.0,12.67707434065719,0.0,8.20666405815099,0.0
Ohnst,220.65826546501108,0.0,12.669516351404035,0.0,8.061459784307038,0.0
Ohren,223.05557230259922,0.0,12.850387215763442,0.0,7.172557524309833,0.0
Olymp,245.93562340311465,0.0,13.924762342920129,0.0,11.158201690835448,0.0
Onkel,221.45816161078585,0.0,13.100399996000426,0.0,8.46268115872875,0.0
Onreh,223.04842998838186,0.0,12.850427038952157,0.0,6.9953073762314215,0.0
Opern,232.3996235293816,0.0,13.338859290072989,0.0,8.906447042422172,0.0
Opfer,232.26820653765327,0.0,13.449967088171213,0.0,9.423544066067423,0.0
Oppig,257.0123629154964,0.0,14.171491607816403,0.0,12.60027403615651,0.0
Optik,225.81937269936978,0.0,13.479886272810097,0.0,10.827075950087648,0.0
Orbit,208.34648697280053,0.0,12.944873321803303,0.0,10.258292952708517,0.0
Order,220.9350011367224,0.0,13.170359645864343,0.0,8.48870709021722,0.0
Organ,229.98052900848023,0.0,13.0601258018021,0.0,8.729926555447395,0.0
Orhab,235.10060613476136,0.0,13.287933990714631,0.0,8.483295922464206,0.0
Orion,198.19955093313905,0.0,12.278180832124805,0.0,8.10286221344613,0.0
Orkan,222.31922766879927,0.0,13.007328802634841,0.0,7.686197553895759,0.0
Osten,216.19991245669502,0.0,12.692022293525536,0.0,6.112058458305839,0.0
Ottis,196.0355065307521,0.0,12.424058708357542,0.0,9.872404548961711,0.0
Owögö,250.60483764713328,0.0,13.466122174189143,0.0,8.906690679636373,0.0
Oxide,231.3578510238769,0.0,13.447548677237611,0.0,8.52439766865441,0.0
Ozean,222.65704593444622,0.0,12.877296042613102,0.0,7.01874138778192,0.0
Ozäun,224.25328111497646,0.0,12.781569030931786,0.0,6.916523157503385,0.0
Paket,227.15665329402583,0.0,13.474543927495594,0.0,7.220234896627257,0.0
Palme,234.20852048302405,0.0,13.71610086193602,0.0,7.919144745808821,0.0
Palza,215.508143096783,0.0,13.093470872996434,0.0,8.76592288938569,0.0
Panik,222.53938911502223,0.0,13.307435149275761,0.0,9.031918412798085,0.0
Papst,234.19675296894496,0.0,13.561203239831617,0.0,8.670857014909478,0.0
Paris,209.01579781682165,0.0,12.928293821346138,0.0,8.690309374235195,0.0
Party,214.06083492015864,0.0,13.076919864660125,0.0,9.974898323190821,0.0
Pasta,221.00752019975312,0.0,13.051483543633053,0.0,8.216718185644632,0.0
Paste,221.54580010527255,0.0,13.131945699753818,0.0,7.509293572175525,0.0
Patan,219.7086150236752,0.0,12.998458324722328,0.0,7.392157527529536,0.0
Paten,220.22538761734495,0.0,13.077584378004357,0.0,6.650055028449138,0.0
Pater,213.04159558871527,0.0,13.064165104148357,0.0,7.315622058864306,0.0
Patin,207.66305764688707,0.0,12.85745474947036,0.0,8.88193880327957,0.0
Pauke,233.3392855302647,0.0,13.443225693906056,0.0,7.743204162912364,0.0
Pause,227.13968564258568,0.0,13.084962496367094,0.0,6.826997936936235,0.0
Pbllm,232.70760907762576,0.0,13.910404740474002,0.0,11.522074391825608,0.0
Pbstm,243.62526039862638,0.0,13.922949079810905,0.0,9.279199859602645,0.0
Pedal,231.72897900059712,0.0,13.614487776913172,0.0,10.272763536316837,0.0
Pegel,234.6242600310648,0.0,13.646925499114738,0.0,9.695345033801388,0.0
Pelze,216.84093351236703,0.0,13.259599699883896,0.0,8.303963592098711,0.0
Penis,217.2570902978793,0.0,13.034076196324841,0.0,8.68938222160394,0.0
Perkt,217.83458991481027,0.0,13.357124977168416,0.0,8.673080334236143,0.0
Pfade,240.5118159653912,0.0,13.733707550774254,0.0,10.041163156812146,0.0
Pfahl,223.94074561767673,0.0,13.2243851745091,0.0,11.76200978059604,0.0
Pfand,237.49581658233132,0.0,13.544257388793527,0.0,10.370455951103311,0.0
Pfaue,226.6343223995646,0.0,13.173122068531024,0.0,9.30887621663108,0.0
Pfbhl,233.93879033178433,0.0,13.612609230459103,0.0,11.917731894126,0.0
Pfeil,208.03147965393146,0.0,13.120763968973986,0.0,12.693928598052166,0.0
Pffpn,238.9923292920905,0.0,13.68887024078884,0.0,11.38437181883364,0.0
Pfgdm,264.24590005230095,0.0,14.426339658664302,0.0,11.483845569316307,0.0
Pfihl,211.7505563192591,0.0,13.081827661627516,0.0,12.34192933298728,0.0
Pfiii,194.24911095593598,0.0,12.86969235567037,0.0,13.120387880041818,0.0
Pfint,205.6621145486836,0.0,12.873738990037765,0.0,10.433667360372844,0.0
Pflug,226.49375845212342,0.0,13.29610746651103,0.0,11.842172251058827,0.0
Pfote,213.46959461545157,0.0,12.940128102590691,0.0,10.024238847013258,0.0
Pfptb,243.7663273426557,0.0,14.021491355468427,0.0,11.785360705007324,0.0
Pfudu,230.9630520995865,0.0,13.260125431139166,0.0,10.88634589268335,0.0
Pgrpr,238.27001944291635,0.0,13.846189447173536,0.0,10.078523736048226,0.0
Phase,236.40951203832913,0.0,13.341234997445097,0.0,7.900166287364914,0.0
Photo,212.10545838649782,0.0,12.611956186475814,0.0,9.525229338354539,0.0
Phsth,230.3327520066007,0.0,13.154846760469104,0.0,9.399363151002136,0.0
Piano,210.39848248481388,0.0,12.740174812130016,0.0,8.540905851129601,0.0
Pigil,209.20270191377392,0.0,13.214679742580039,0.0,13.0114206913794,0.0
Pille,198.56343114750356,0.0,12.979535122776419,0.0,11.081825303328191,0.0
Pilot,191.28013853594692,0.0,12.567022865497464,0.0,9.973475244125805,0.0
Pilze,203.98170536553408,0.0,13.035154001808879,0.0,9.388155474846288,0.0
Pinne,216.21622955349204,0.0,12.988769673790566,0.0,7.774289742184546,0.0
Pinni,203.5814532496709,0.0,12.7634906678175,0.0,9.621233614754566,0.0
Pirat,200.41524192371418,0.0,12.843812184610071,0.0,9.263956699876777,0.0
Piste,209.4810824685042,0.0,12.992978220507892,0.0,8.838950771105228,0.0
Pizza,208.86846839722685,0.0,13.01007749521281,0.0,8.734031413879421,0.0
Plana,218.95333031395762,0.0,13.044951344442572,0.0,9.186290491425188,0.0
Platz,205.4464072077107,0.0,12.936793412738705,0.0,10.161037654265245,0.0
Plbgt,232.93472842973512,0.0,13.713698802091072,0.0,10.857859915158265,0.0
Plctt,191.6951797645903,0.0,12.498878940466424,0.0,10.393570274187006,0.0
Plint,196.49065304773615,0.0,12.7366052155961,0.0,10.005424989112289,0.0
Pllhn,212.07978831053316,0.0,12.967766295112217,0.0,10.176504193625053,0.0
Plllf,196.6189618928742,0.0,12.924809300202048,0.0,13.392516415471095,0.0
Plots,202.06876087430817,0.0,12.642038330437561,0.0,9.808864632055755,0.0
Pltmn,220.8043316073997,0.0,13.367544661982373,0.0,8.989653723326857,0.0
Plugu,224.19868772314604,0.0,13.083166338224444,0.0,10.600680978734543,0.0
Plztz,199.5059130545247,0.0,12.867072088441452,0.0,9.644224522158586,0.0
Pläne,226.32953301719215,0.0,13.317991740321425,0.0,8.139363375143262,0.0
Pmtmr,237.4946431451848,0.0,13.948724365065932,0.0,8.76060588447283,0.0
Pnrns,216.359237801475,0.0,12.838874532409186,0.0,7.36083023834789,0.0
Pobei,223.6490518669677,0.0,13.340922353317524,0.0,8.772127417247056,0.0
Pokef,227.7790727049474,0.0,13.371863676513556,0.0,8.650006771092405,0.0
Polen,211.79731466445526,0.0,12.840365539898443,0.0,7.744753593641979,0.0
Polyp,228.58066514239653,0.0,13.485884866231967,0.0,11.515129368854893,0.0
Poppo,244.24593302111742,0.0,13.752598211932877,0.0,9.995721977743685,0.0
Porno,205.0964249946863,0.0,12.456938950648485,0.0,7.458058708857323,0.0
Porto,197.4558237682947,0.0,12.414151759706206,0.0,8.591814636289334,0.0
Posse,222.55923765394147,0.0,12.938640692241744,0.0,6.63463888833961,0.0
Potzt,198.77523638417858,0.0,12.610303918194411,0.0,8.681153314191503,0.0
Ppktc,230.96058474239936,0.0,13.588449554860908,0.0,9.898686505781638,0.0
Pplbt,234.62224322925962,0.0,13.898535375855083,0.0,11.003658631661514,0.0
Pqrpm,262.29849719637116,0.0,14.622956205794846,0.0,10.263496191649471,0.0
Prall,200.650955078525,0.0,12.913171456963259,0.0,11.980337664377474,0.0
Prcms,224.4558661679391,0.0,13.238665103778702,0.0,8.061935993919477,0.0
Prdfr,220.7531931078941,0.0,13.406754664584717,0.0,11.336041793228153,0.0
Prebe,234.360488808072,0.0,13.704025585692982,0.0,8.345251288826644,0.0
Prgll,212.54964828002863,0.0,13.245717258785675,0.0,12.913557594995725,0.0
Prinz,202.61814560341054,0.0,12.82656844940024,0.0,8.898257103133552,0.0
Prlxy,216.62801647896566,0.0,13.284938473519707,0.0,11.199816288658294,0.0
Profo,205.69336181932852,0.0,12.5962812786949,0.0,10.136433553396405,0.0
Prost,203.66637510642082,0.0,12.634049967366977,0.0,8.573680152239433,0.0
Prrnz,204.8858056237773,0.0,12.833072050472662,0.0,8.179790585048345,0.0
Prrrl,192.3149728115834,0.0,12.764138217339285,0.0,10.567575690810298,0.0
Pruxy,223.55946254350897,0.0,13.207253398577933,0.0,10.478762484258322,0.0
Psalm,232.2683329923633,0.0,13.57493349033995,0.0,9.279305101127271,0.0
Psölm,231.55557753881203,0.0,13.48501782658872,0.0,9.312690054499159,0.0
Ptfff,215.94196278431576,0.0,13.153448523740337,0.0,13.099139635626647,0.0
Ptsls,208.13764128399035,0.0,12.856219350008196,0.0,9.974827222213714,0.0
Pulli,193.68463882755253,0.0,12.693121713195673,0.0,12.08246425161865,0.0
Pumor,223.43504070552586,0.0,13.165301632729584,0.0,8.198528248210287,0.0
Pumpe,254.77053237141757,0.0,14.139597860639546,0.0,8.757748677344669,0.0
Punks,228.75952335596764,0.0,13.17676578041748,0.0,7.930803421428864,0.0
Punkt,220.17812772284037,0.0,13.093304600912925,0.0,8.664574823890776,0.0
Puppe,255.67493959280023,0.0,14.1647480033511,0.0,9.712040555604725,0.0
Purty,209.75210126726034,0.0,12.8772578120492,0.0,10.458250597840966,0.0
Puxil,208.29260630594368,0.0,12.983768289068637,0.0,11.010578528544036,0.0
Pxdvl,226.0445530160876,0.0,13.496194350397074,0.0,10.968065448388371,0.0
Pzsst,213.46779186503113,0.0,12.909979344897033,0.0,7.490457147042648,0.0
Pömpt,247.66859302169513,0.0,14.016715954200837,0.0,10.035897977612908,0.0
Qdqdt,270.6049135527277,0.0,14.564314400508522,0.0,12.347413565377101,0.0
Qffqn,254.7499418463266,0.0,13.922669603895034,0.0,12.512396274231438,0.0
Qkhll,234.76587246498661,0.0,13.59008999014313,0.0,12.7704573304405,0.0
Qmrtl,229.46149789276723,0.0,13.578770689808914,0.0,11.455790785070246,0.0
Qnggl,258.324588502017,0.0,13.90808013379101,0.0,12.372692157909631,0.0
Qskrr,231.40804484677935,0.0,13.445131355771627,0.0,8.92501762745551,0.0
Qtmfn,245.89140354689607,0.0,13.722050387557955,0.0,11.080534756834432,0.0
Qttxr,221.38311514790314,0.0,13.22000725448558,0.0,10.2484675619042,0.0
Quaft,231.42187595488724,0.0,13.156318400165517,0.0,11.004799754346218,0.0
Quark,238.57682391724038,0.0,13.45693798579585,0.0,9.661214928965416,0.0
Quarz,228.32478504485402,0.0,13.11023488056298,0.0,9.408761114163246,0.0
Queen,242.51262762993457,0.0,13.348671636536109,0.0,7.609637504817671,0.0
Quill,209.15367753467206,0.0,12.92075137846026,0.0,12.847035203755876,0.0
Quirl,210.7402245457813,0.0,12.911324941622903,0.0,11.572820195882667,0.0
Quote,226.71237133679466,0.0,12.950948153685523,0.0,9.17383028664894,0.0
Qvjlt,211.01831886085802,0.0,12.908534529558585,0.0,13.394784427633319,0.0
Qztnt,219.2971804705567,0.0,13.001479672007555,0.0,8.949916694744484,0.0
Raben,249.64304346478843,0.0,13.741820025106346,0.0,5.864864504964677,0.0
Rache,237.52618117241065,0.0,13.200081716089803,0.0,6.580708403443657,0.0
Radau,246.6566697835949,0.0,13.564502621193148,0.0,7.810725202344684,0.0
Radio,231.4322908710205,0.0,13.353604476183424,0.0,8.960682154590566,0.0
Raese,241.3680538972095,0.0,13.486533933727122,0.0,5.765646326246611,0.0
Ragar,243.84312732988502,0.0,13.590576947580823,0.0,8.050031851548532,0.0
Rahms,256.9683124313703,0.0,13.843858208051316,0.0,6.575309368835606,0.0
Rampe,268.1171671712981,0.0,14.429741902506237,0.0,7.468877765167976,0.0
Randa,248.6293126766899,0.0,13.644199712243562,0.0,7.480593426792906,0.0
Ranke,244.33553039604408,0.0,13.63928587360273,0.0,6.429064352949117,0.0
Rasat,229.8700968198615,0.0,13.166238138501674,0.0,6.813293496095813,0.0
Rasen,238.07470558502678,0.0,13.284736494005266,0.0,5.25510805841604,0.0
Rassa,238.5031047442494,0.0,13.251142590407659,0.0,6.151187841930769,0.0
Rasse,239.04138464976887,0.0,13.330399661033203,0.0,5.443763228461662,0.0
Raten,229.26328876432717,0.0,13.195846789327506,0.0,5.8445363909225865,0.0
Ratte,221.7722844315552,0.0,13.16059671736483,0.0,7.29320326715552,0.0
Rauha,241.8988715962081,0.0,13.248008326525067,0.0,7.57750584480816,0.0
Raupe,251.15373919299824,0.0,13.781620001758325,0.0,7.5259501242197535,0.0
Raupi,238.5189628891771,0.0,13.569510170287952,0.0,9.372893996789774,0.0
Rausu,231.06291394961818,0.0,12.917057929423333,0.0,6.74298029735154,0.0
Raute,227.71990339205388,0.0,13.12169977239629,0.0,7.281491005596995,0.0
Rchch,232.14481411965323,0.0,12.832573063681997,0.0,7.401680031602595,0.0
Rchcr,217.8868738577561,0.0,12.647074511168006,0.0,7.504584191714764,0.0
Recht,227.50992380915204,0.0,13.046344958716043,0.0,7.772813278390751,0.0
Redon,241.7508258563616,0.0,13.458856796554969,0.0,7.191482176976289,0.0
Regel,243.66216117804697,0.0,13.760295596460473,0.0,8.889826396274836,0.0
Regen,252.33820246224911,0.0,13.761871563685236,0.0,6.887827638235094,0.0
Regie,242.89880419361896,0.0,13.744642804100561,0.0,8.989154792899937,0.0
Regil,231.0998312075891,0.0,13.551260619323346,0.0,11.12171017110527,0.0
Rehst,235.18114640332607,0.0,13.299397623201592,0.0,7.18345308300703,0.0
Reibe,240.79009289502994,0.0,13.802144116510396,0.0,7.5569190310042185,0.0
Reihe,235.47556373922953,0.0,13.470276922966097,0.0,7.5717843619830765,0.0
Reime,243.21627993205146,0.0,13.892890082973548,0.0,7.094275434526323,0.0
Reise,229.21599902706993,0.0,13.347481539416785,0.0,6.723182430053707,0.0
Reize,225.05418245132984,0.0,13.35764674919752,0.0,7.233628964634086,0.0
Relpe,245.0168036385196,0.0,13.937802097584028,0.0,8.49246924480185,0.0
Remis,241.3000757043642,0.0,13.750493094950478,0.0,8.335412397462308,0.0
Rente,230.47275762091564,0.0,13.291082619767408,0.0,7.018335149342428,0.0
Reste,231.37821176231938,0.0,13.3351560437987,0.0,6.9492402508311,0.0
Retan,229.541026680722,0.0,13.203723250307897,0.0,6.832104206185113,0.0
Retel,221.38175799018967,0.0,13.279993523402144,0.0,8.092000465144459,0.0
Reten,230.0577992743918,0.0,13.281626482287544,0.0,6.090001707104715,0.0
Reusu,231.85742445968282,0.0,13.004676661865721,0.0,6.988445613533669,0.0
Reuzo,224.51678634815653,0.0,12.936841795500383,0.0,7.159067824609894,0.0
Revue,230.1473660214729,0.0,13.158769790438699,0.0,7.144507019604318,0.0
Rfhmt,246.2932940213493,0.0,13.77688875990272,0.0,9.386617042751967,0.0
Rgmls,253.2808951134549,0.0,14.00243378746763,0.0,9.594551487067719,0.0
Rhqzh,258.99745603326875,0.0,13.960933392125657,0.0,9.768381022819907,0.0
Rhrzs,229.13369509132446,0.0,13.178397725239373,0.0,7.679415375027825,0.0
Riege,242.7420954587924,0.0,13.742319899344013,0.0,8.498191668838876,0.0
Riffe,225.71562809291595,0.0,13.356256281953181,0.0,10.323662949290918,0.0
Rigil,218.2406030607562,0.0,13.331726070638291,0.0,12.205902053852848,0.0
Rilie,206.77534575488414,0.0,13.079055830311544,0.0,9.98486228735858,0.0
Rille,207.60133229448581,0.0,13.09868280885403,0.0,10.276306665801641,0.0
Rinde,237.102874945441,0.0,13.588246617443156,0.0,8.102826012253503,0.0
Ringe,239.50997206994796,0.0,13.545877759902815,0.0,8.245403469565252,0.0
Rippe,256.9568567559124,0.0,14.32825163403025,0.0,9.752826842357736,0.0
Risse,226.9766670130005,0.0,13.193522664557173,0.0,6.773420427391367,0.0
Ritze,214.00343361656084,0.0,13.114368162580641,0.0,7.873295294478293,0.0
Rkbnn,251.19725468441715,0.0,13.83022882632338,0.0,7.203475381077601,0.0
Rkscr,225.47472875481128,0.0,13.147525557985709,0.0,7.387270813297649,0.0
Rktlt,214.36665518981235,0.0,13.243929584415255,0.0,10.077090789941867,0.0
Rldsh,242.8179948337272,0.0,13.619229631791384,0.0,9.00884688619612,0.0
Rmstr,232.88599681037095,0.0,13.528724722359934,0.0,8.254577616154426,0.0
Rntzt,213.01182820240953,0.0,12.899527685040542,0.0,7.947214724290168,0.0
Rnvmt,233.14264485745255,0.0,13.411130987650964,0.0,8.145687590466641,0.0
Robbe,254.73957054864542,0.0,13.971860826018291,0.0,7.2726132983122085,0.0
Rocho,221.7884409478296,0.0,12.55205021114512,0.0,7.347742100232757,0.0
Rohre,229.75961413507832,0.0,13.126541653507712,0.0,7.3066065856004085,0.0
Rohöl,226.7483722481437,0.0,12.9571860807212,0.0,9.036751177881706,0.0
Rolle,212.22180408240902,0.0,12.962331322462777,0.0,9.332006489223332,0.0
Roman,244.2133172606108,0.0,13.496118174002325,0.0,6.903211291744078,0.0
Rommé,265.70446738900154,0.0,14.294339251513621,0.0,7.0481969658565315,0.0
Romon,236.52122168519094,0.0,13.220484909870411,0.0,6.629447327969824,0.0
Rondo,233.42985235762825,0.0,13.098960575206174,0.0,7.540202510112898,0.0
Rosen,230.63045973618162,0.0,13.011542986087257,0.0,5.640465080767438,0.0
Roton,213.6101747463924,0.0,12.550662165489166,0.0,6.698231948580127,0.0
Rotor,206.4263827177627,0.0,12.53667888624676,0.0,7.363798978995295,0.0
Rotos,214.5037342080242,0.0,12.59525899697167,0.0,6.78054348471759,0.0
Rotte,214.32803858271006,0.0,12.884771364706287,0.0,7.678560289506918,0.0
Route,220.2756575432087,0.0,12.845039201207056,0.0,7.666848027948393,0.0
Rpssh,256.6432788377889,0.0,13.80932176488381,0.0,7.812213449540083,0.0
Rqhrl,239.24059351503848,0.0,13.736209428485889,0.0,10.738598593094915,0.0
Rqngk,269.2578333108728,0.0,14.385806195157828,0.0,9.401409585955442,0.0
Rqvxs,248.90128506409522,0.0,13.817043858448187,0.0,8.8299772047246,0.0
Rqzgz,255.5410475923583,0.0,14.1084923169245,0.0,9.017082073553963,0.0
Rrhmc,239.6103488145206,0.0,13.473171676884764,0.0,7.673427877546512,0.0
Rrhrn,224.5371704719804,0.0,13.074091229413481,0.0,7.992155907517571,0.0
Rrtqt,225.15131950594946,0.0,13.489870626319858,0.0,9.808900687604025,0.0
Rstfr,217.87221354621926,0.0,13.04325432407522,0.0,8.819441554205389,0.0
Rstwh,244.29811512903146,0.0,13.557015104588789,0.0,7.014115693268566,0.0
Rthpl,238.31820399915534,0.0,13.682809910179067,0.0,10.936935247935505,0.0
Rthsp,247.86095244595256,0.0,13.723860336859179,0.0,8.9055229228473,0.0
Rthwh,250.76991564943006,0.0,13.68259548954563,0.0,8.41842312004827,0.0
Rtswr,230.35595627071706,0.0,13.389455516937733,0.0,7.973742300562164,0.0
Rtthr,216.12642962594163,0.0,13.001230477149424,0.0,8.9864779803385,0.0
Rubin,232.77197984143226,0.0,13.339658267156157,0.0,8.580100554445252,0.0
Ruffu,228.35693923683633,0.0,13.014031466087173,0.0,10.198859022953213,0.0
Rugby,260.6430021592712,0.0,13.989336711222823,0.0,10.298223751389832,0.0
Ruhru,227.78045349107543,0.0,12.916461857878677,0.0,8.12610283584101,0.0
Ruine,223.2956726929845,0.0,13.023890958460587,0.0,7.087325167277022,0.0
Rumpf,261.06433090484325,0.0,14.182964918964135,0.0,9.943284450696837,0.0
Rumse,248.83228111496948,0.0,13.690352076050981,0.0,6.447759215008047,0.0
Runde,244.85885892931103,0.0,13.531034571324739,0.0,7.256521087973941,0.0
Runen,232.8605177907247,0.0,13.043337372751543,0.0,5.807555231577509,0.0
Rvrms,234.19520840153714,0.0,13.473519123120772,0.0,7.638951506717497,0.0
Rzdjr,228.50952075703796,0.0,13.468308406911886,0.0,10.567898930786379,0.0
Räder,248.8218265593219,0.0,13.893870865730035,0.0,7.200194176605826,0.0
Räume,257.0183027671145,0.0,13.93822476483298,0.0,6.449521124584938,0.0
Röcke,236.86631121863257,0.0,13.346064515418195,0.0,7.463174713643831,0.0
Rösön,236.1127351350776,0.0,13.021937628557012,0.0,6.916672434045705,0.0
Rüben,252.17733708479142,0.0,13.748565837171009,0.0,6.534577226286224,0.0
Sache,229.57814186727876,0.0,12.873881608612276,0.0,6.4340975018724755,0.0
Safes,230.24947360612168,0.0,13.083418156775059,0.0,6.613334929397642,0.0
Salat,212.1268135899854,0.0,12.7877438480699,0.0,7.9654524698726235,0.0
Salch,217.4618397589955,0.0,12.657912562126299,0.0,7.54338231981588,0.0
Salet,212.6435861836552,0.0,12.868165645037756,0.0,7.223349970792226,0.0
Salon,212.12255418606105,0.0,12.539278721699418,0.0,6.875605567498993,0.0
Salut,207.64150205458716,0.0,12.57899790743415,0.0,8.070585507173181,0.0
Salve,214.64033301591718,0.0,12.826714360685566,0.0,7.578322281140358,0.0
Salze,217.13628484415267,0.0,12.96717333724906,0.0,7.106368736818851,0.0
Samen,244.22629639799376,0.0,13.523577311805932,0.0,5.629140868741103,0.0
Samma,258.65497646219796,0.0,14.030425188035657,0.0,6.896313656728447,0.0
Sande,241.21955327707735,0.0,13.407670614997327,0.0,6.626557911752617,0.0
Satin,208.75291948873735,0.0,12.645788718754414,0.0,7.929809264181839,0.0
Satta,213.28596522090385,0.0,12.7510470607975,0.0,7.854016979053446,0.0
Sauha,233.95083229107615,0.0,12.923018029113578,0.0,7.430894943236979,0.0
Sbhls,235.68397083543397,0.0,13.330772423252593,0.0,9.522165631395303,0.0
Sbndb,260.7737353598204,0.0,14.090846313342286,0.0,8.610596988514882,0.0
Scdzn,225.68274701139467,0.0,12.940728637021921,0.0,7.62359745467368,0.0
Schaf,226.92841390527792,0.0,12.802367790954985,0.0,8.72155413220191,0.0
Schah,233.62373305027415,0.0,12.842117472937739,0.0,7.423719211791781,0.0
Scham,241.50790740424054,0.0,13.288530331857345,0.0,7.2399622032091,0.0
Schar,219.36579278837695,0.0,12.656758804884902,0.0,7.526623371903949,0.0
Scheu,225.07461627255447,0.0,12.66371948473046,0.0,6.709898220184651,0.0
Schib,226.93707181684158,0.0,13.05086462591931,0.0,8.943876268294279,0.0
Schil,205.82798615601646,0.0,12.524184465351158,0.0,10.35283637527856,0.0
Schin,214.50402744021852,0.0,12.525915956749117,0.0,8.350837617238817,0.0
Schjr,212.13561841676005,0.0,12.542912575769403,0.0,9.914638725417275,0.0
Schjß,231.2933187892749,0.0,12.843447857341209,0.0,9.932171213944187,0.0
Schnb,236.52606697909133,0.0,13.074175621583283,0.0,7.15746006243036,0.0
Schnm,239.05134518970215,0.0,13.173771779401601,0.0,6.943327273095216,0.0
Schor,211.67369721295714,0.0,12.362425285133453,0.0,7.252859408129694,0.0
Schub,234.49731765823145,0.0,12.987518596726645,0.0,7.559228029844802,0.0
Schur,214.88048125297874,0.0,12.44581612737448,0.0,7.631756409204508,0.0
Sclbl,211.85689431578868,0.0,12.898092220052757,0.0,10.025085887359566,0.0
Sdhsn,243.71814495378558,0.0,13.30853463258061,0.0,7.1985982635362165,0.0
Sdldc,231.87789764096726,0.0,13.36610846885935,0.0,9.450174166382142,0.0
Sdnft,228.47854873939087,0.0,13.187420246224347,0.0,9.663907406532875,0.0
Seele,224.63443430837165,0.0,13.208976221421358,0.0,8.068617103919841,0.0
Segel,235.7141218729151,0.0,13.447691447348372,0.0,8.743215494703655,0.0
Segen,244.39016315711717,0.0,13.449304045060673,0.0,6.741216736663913,0.0
Segtä,243.20375410198878,0.0,13.525633002666915,0.0,8.76445583752368,0.0
Seher,229.8934038781456,0.0,13.157081091764693,0.0,6.567114483040429,0.0
Seile,211.68786892816743,0.0,12.979772308864927,0.0,8.780687891544808,0.0
Sekte,229.23785748466423,0.0,13.363324039592522,0.0,7.146154611345209,0.0
Senke,237.1820016009768,0.0,13.408803788204704,0.0,6.527918767560064,0.0
Seoul,211.26046866376205,0.0,12.550075036825474,0.0,8.640605770830971,0.0
Serie,213.12954240893254,0.0,12.966401942747572,0.0,7.770776995016537,0.0
Serum,232.5251791357285,0.0,13.314791601498351,0.0,6.895591238452968,0.0
Seshe,238.14742056686117,0.0,13.219627526821968,0.0,6.391219575001978,0.0
Setup,232.95053540621723,0.0,13.312742097528036,0.0,8.265683599676098,0.0
Seugt,231.6520493195286,0.0,13.129291914624439,0.0,8.469861416448156,0.0
Sgpdr,258.77166440705895,0.0,14.132332041347585,0.0,10.041682281322824,0.0
Shows,239.3948002976376,0.0,13.129467554908889,0.0,7.569574159594423,0.0
Shshr,231.88192169622752,0.0,12.975472249854828,0.0,8.138727997758632,0.0
Shstr,217.16467358655382,0.0,12.764222860496508,0.0,8.550137772016573,0.0
Sicht,206.70265635718715,0.0,12.481988735479833,0.0,8.710394259567147,0.0
Siebe,232.92939082326927,0.0,13.49424587933133,0.0,7.782429224555648,0.0
Siege,234.79405615366048,0.0,13.429297322534174,0.0,8.351580767267695,0.0
Sifti,197.1654158711284,0.0,12.636984501540633,0.0,11.156291340992837,0.0
Sihls,213.37518379071793,0.0,12.786085780813902,0.0,9.591379024783798,0.0
Sihni,211.73278834974082,0.0,12.723658898521268,0.0,9.147594156743782,0.0
Silbe,220.80747765108444,0.0,13.28869914898174,0.0,8.75931600211869,0.0
Silos,200.9513960109245,0.0,12.438827293854033,0.0,8.287574302566162,0.0
Sinai,207.12787730605956,0.0,12.670647149893234,0.0,8.965739005770718,0.0
Sirgi,211.4803744900019,0.0,12.988798997716508,0.0,10.192128909377473,0.0
Sirup,220.55048796768708,0.0,13.116118629107936,0.0,9.075934517241837,0.0
Sitze,206.0553943114289,0.0,12.785981490086158,0.0,7.726684392907112,0.0
Sjjlj,200.6406183033655,0.0,12.613782096202272,0.0,14.507122267375433,0.0
Skala,227.07281383883787,0.0,13.243274307411374,0.0,9.555870943586957,0.0
Slawe,233.07622876868524,0.0,13.38448224977867,0.0,7.825775144762627,0.0
Smugs,252.04795373116488,0.0,13.61458092786975,0.0,8.24530372872881,0.0
Sodot,217.8761940208244,0.0,12.73221079059707,0.0,8.000845920173754,0.0
Sofas,222.28845516360678,0.0,12.72511546055249,0.0,7.740794450829437,0.0
Sofos,214.59635958818694,0.0,12.432400370397803,0.0,7.467030487055182,0.0
Sohbt,230.5684446072444,0.0,13.08653368562632,0.0,8.010470488555631,0.0
Sohle,220.2250278188371,0.0,12.807976833918739,0.0,8.434210691902436,0.0
Solzo,201.3985446195716,0.0,12.306883909012992,0.0,7.873402433607953,0.0
Sonde,233.77530742823222,0.0,13.137033854105118,0.0,7.0119149341040155,0.0
Sonko,220.6497508663311,0.0,12.682136913573991,0.0,7.049487148167038,0.0
Sorge,228.73562258174627,0.0,13.075048183495538,0.0,7.400884860229145,0.0
Sorte,206.83917998588092,0.0,12.578442414293447,0.0,7.258008422753897,0.0
Sowoe,229.33335225386736,0.0,12.953921440102414,0.0,6.422811486398427,0.0
Spann,242.37430229392106,0.0,13.366779595620493,0.0,7.683229789439882,0.0
Spatz,231.4520309839825,0.0,13.37867920302427,0.0,9.234844945583454,0.0
Speck,243.13065114333256,0.0,13.63095572949771,0.0,8.349376446073407,0.0
Speer,238.92022115528613,0.0,13.626168890945845,0.0,7.771178015654811,0.0
Speil,224.86564192925584,0.0,13.426497584158414,0.0,11.339493518109819,0.0
Spert,228.26638059267339,0.0,13.398260866187984,0.0,9.170807069239304,0.0
Spgßc,259.3204989653358,0.0,13.746591058195989,0.0,9.60846820153446,0.0
Sphlt,230.5091834509393,0.0,13.370838373053248,0.0,10.670723958925837,0.0
Spilt,213.73326820135992,0.0,13.18159076311108,0.0,11.157092864737479,0.0
Spind,242.13978955923807,0.0,13.704493795340294,0.0,9.595940423552204,0.0
Spion,224.94857963462195,0.0,13.061142348701862,0.0,8.286020308170752,0.0
Spjlq,242.45722419430803,0.0,13.893223425245978,0.0,13.322155264912096,0.0
Spjtz,224.09439304676653,0.0,13.267539693734017,0.0,10.736042065787192,0.0
Spkhn,253.68834103902591,0.0,13.797350208238534,0.0,8.295066871680563,0.0
Spnkt,239.2274008741693,0.0,13.604259071582378,0.0,8.904323740752735,0.0
Spnkz,243.63356696211778,0.0,13.694137143484973,0.0,8.506100030864921,0.0
Spore,230.76789650562873,0.0,13.277377543978023,0.0,8.339693416072674,0.0
Spott,219.49298901745266,0.0,13.009882224759513,0.0,9.616443325835878,0.0
Spqlt,239.68410039203528,0.0,13.85296010412982,0.0,12.047240660278817,0.0
Spqrl,240.28244229043798,0.0,13.881236538167034,0.0,11.958941471845975,0.0
Spreu,233.43336668595646,0.0,13.339780675880142,0.0,7.690159632555667,0.0
Spril,214.18673656941843,0.0,13.207390121246007,0.0,11.333097787649576,0.0
Sprit,215.174941682125,0.0,13.168425311974344,0.0,10.147181968209209,0.0
Sprkh,246.5426033079392,0.0,13.785770575243419,0.0,8.89729614126974,0.0
Spsml,246.94533092016894,0.0,13.879126806035003,0.0,9.476031440178264,0.0
Späks,257.1224666120695,0.0,13.980983719613365,0.0,8.215989269985354,0.0
Späße,264.3033066084776,0.0,14.009920222977373,0.0,7.965108827192402,0.0
Spüle,239.1395715012978,0.0,13.559682221325001,0.0,9.58657383324801,0.0
Sqfgt,246.78629105140485,0.0,13.785160840014596,0.0,10.753999917373896,0.0
Sqnkq,263.3038343664803,0.0,14.288774028791634,0.0,10.157671494145593,0.0
Sqtzt,221.1450505920189,0.0,13.239240526380998,0.0,9.028460404382944,0.0
Srlnt,200.1264935653317,0.0,12.536609489905965,0.0,8.609167263861709,0.0
Srmfl,223.35995788191107,0.0,13.332138872999058,0.0,11.01841742657926,0.0
Srßgm,257.78178165432587,0.0,13.90389333673324,0.0,8.596208139555317,0.0
Ssnkt,224.01597944987594,0.0,13.013079429011816,0.0,7.091503067315092,0.0
Ssphr,240.48947989810767,0.0,13.440356247839041,0.0,8.279223556729097,0.0
Ssthr,216.6740257379265,0.0,12.75418430442023,0.0,7.393716299079344,0.0
Staat,213.43597149555387,0.0,12.757675648043724,0.0,8.429277764403473,0.0
Stall,201.22819554566078,0.0,12.67493709207759,0.0,11.396419238036938,0.0
Stann,218.6672454525109,0.0,12.680402797501825,0.0,7.316559895690214,0.0
Starm,226.449106428206,0.0,13.28512670342287,0.0,8.499111333844304,0.0
Starn,211.49078384097214,0.0,12.667039902270544,0.0,8.120205472123986,0.0
Stars,212.38434330260395,0.0,12.711228433722239,0.0,8.202517008261449,0.0
Start,203.80294766947668,0.0,12.624689985681837,0.0,8.936288410723362,0.0
Stcld,212.51485203842563,0.0,12.841525774136013,0.0,10.561520471752225,0.0
Steak,228.8505525376753,0.0,13.291920547513108,0.0,8.151356634084104,0.0
Steig,224.18253121683261,0.0,13.197698940396617,0.0,10.52882873825325,0.0
Steiß,221.80853471593295,0.0,13.027460360533768,0.0,9.653924385262489,0.0
Stern,212.24715992275875,0.0,12.755638566475573,0.0,7.98805423689026,0.0
Sters,213.14071938439054,0.0,12.799521227261339,0.0,8.070365773027723,0.0
Stetz,208.50135022435896,0.0,12.781364986544853,0.0,8.73602381660006,0.0
Stfns,217.21975961308374,0.0,12.730079521581821,0.0,8.36736333522432,0.0
Stftx,214.61284288178777,0.0,12.934368159002311,0.0,9.922408252222205,0.0
Stgßk,249.5044572578676,0.0,13.688152427254378,0.0,9.672031030553125,0.0
Sthst,216.38221740329976,0.0,12.730930121696574,0.0,8.099937702113886,0.0
Stich,206.58080836614633,0.0,12.478160816884028,0.0,8.58712716673797,0.0
Stieg,223.79829580708628,0.0,13.186575151357292,0.0,9.009015751047782,0.0
Stiel,200.77434967809938,0.0,12.731816941326759,0.0,9.453010637154684,0.0
Stier,202.2665989336718,0.0,12.719737944056789,0.0,8.116578909530109,0.0
Stiet,201.76255479080598,0.0,12.691392122604796,0.0,8.267094817714316,0.0
Stift,199.11601536904072,0.0,12.621276932235066,0.0,10.71402289340976,0.0
Stirn,199.3005945425545,0.0,12.518136906523308,0.0,8.700125024515225,0.0
Stkbs,236.18937281504796,0.0,13.515211480323195,0.0,7.995843183089501,0.0
Stlfn,207.62850374855563,0.0,12.68326262835014,0.0,10.16275594474846,0.0
Stlll,189.8626584552626,0.0,12.545967434250201,0.0,12.241154780366253,0.0
Stoda,225.5477656152047,0.0,13.017974574335275,0.0,9.01085746695385,0.0
Stola,204.93601274758993,0.0,12.511886430853592,0.0,9.954663143665321,0.0
Stolz,199.0696908677346,0.0,12.441918436911182,0.0,9.795654379073367,0.0
Story,207.92811059150142,0.0,12.594326072470631,0.0,10.123140906013596,0.0
Stqvk,233.55757090075497,0.0,13.546759587566264,0.0,10.31308458728311,0.0
Strck,208.74468894208502,0.0,12.731421322299294,0.0,7.976310821863496,0.0
Stscr,202.9427642370127,0.0,12.360970060384325,0.0,7.656077441440223,0.0
Stsls,209.2275031258406,0.0,12.644532639058813,0.0,9.022697683115982,0.0
Stsrn,209.92049067531812,0.0,12.590443710046918,0.0,7.66617113910531,0.0
Ststr,202.27255903183558,0.0,12.547630080397466,0.0,8.661848520518715,0.0
Stuck,214.23312719428085,0.0,12.663395190779754,0.0,8.238539525486809,0.0
Stufe,217.6828815149266,0.0,12.807898750179058,0.0,9.3111455201829,0.0
Stuhl,212.63376002573597,0.0,12.641668897058018,0.0,10.16458654483337,0.0
Stunk,221.20352321549532,0.0,12.88701601092387,0.0,8.110554677133292,0.0
Sturm,222.01501540235103,0.0,13.083723177604526,0.0,8.62279307177365,0.0
Sturt,199.36885664362168,0.0,12.412574990579584,0.0,9.059970148652706,0.0
Sturz,203.77502273157017,0.0,12.511016949657014,0.0,8.661746438764894,0.0
Stute,209.7154849020921,0.0,12.63538044809109,0.0,8.443440940885978,0.0
Stzck,212.72672406694983,0.0,12.801299833257044,0.0,7.598044655450806,0.0
Stäbe,241.01927599113634,0.0,13.584671816297732,0.0,7.553981594907015,0.0
Stöch,218.0582422110127,0.0,12.53082328354907,0.0,8.040592567718619,0.0
Stöck,217.95446276658458,0.0,12.776511402254517,0.0,8.148242740929353,0.0
Stöfö,219.95738303242024,0.0,12.738337581676406,0.0,9.849949624191895,0.0
Stömm,247.73017566229763,0.0,13.7962878524187,0.0,7.973687936499735,0.0
Störe,213.90096008924868,0.0,12.7771653275704,0.0,8.023033805330284,0.0
Stött,202.62605260107262,0.0,12.498969352104552,0.0,9.299783715093486,0.0
Sucen,218.04316443747874,0.0,12.491850741173819,0.0,5.880192674547627,0.0
Suche,225.26940821438046,0.0,12.671020609398633,0.0,6.917449776522618,0.0
Sucht,214.45864034105722,0.0,12.419681687812107,0.0,7.864089335287584,0.0
Sudan,236.39163796368663,0.0,13.135683736656356,0.0,7.556522197647379,0.0
Sulun,211.02060457318436,0.0,12.414516769395862,0.0,7.737854843223949,0.0
Sumen,239.9175627450955,0.0,13.330606847388143,0.0,6.112493143391245,0.0
Summa,254.34624280929972,0.0,13.844521175118516,0.0,7.3796659313785895,0.0
Summe,254.88452271481913,0.0,13.920400200420367,0.0,6.672241317909483,0.0
Sumpf,253.11629159971133,0.0,13.879883438043866,0.0,9.796673549125655,0.0
Sunse,225.87915755033487,0.0,12.760824878833384,0.0,5.849599500051949,0.0
Svhns,225.9380612495138,0.0,12.726001978845007,0.0,7.4796009917025685,0.0
Svllz,197.04856004012697,0.0,12.55345947675642,0.0,10.644194164333365,0.0
Svmpf,249.16017645198906,0.0,13.877126496707492,0.0,10.60906102463097,0.0
Svßhn,236.92317359039518,0.0,12.963017882497812,0.0,8.018406092154297,0.0
Sxtyr,218.479281315428,0.0,13.036460026485557,0.0,9.04006889543884,0.0
Syrer,216.08322631010822,0.0,12.976465446780134,0.0,7.835982476831766,0.0
Syrmr,227.92725457800412,0.0,13.387529678981846,0.0,8.526287271515594,0.0
Szlzt,200.6005932063972,0.0,12.657912752292068,0.0,8.347544017873286,0.0
Szwlb,236.83531175130895,0.0,13.630584074901883,0.0,9.110575075524903,0.0
Säbel,239.85939794801942,0.0,13.615523833393546,0.0,7.777201182135877,0.0
Särge,243.0203035031564,0.0,13.536411384287362,0.0,7.072476658580386,0.0
Sätze,224.96054702076225,0.0,13.122706002006288,0.0,6.453976014680046,0.0
Säule,225.48989176323047,0.0,13.028284765363221,0.0,8.135933581603423,0.0
Söhgs,247.85884629031054,0.0,13.28719408584343,0.0,8.275355622607783,0.0
Söndö,239.17281409296976,0.0,13.144399703474983,0.0,8.070520816472484,0.0
Sönör,220.0754496599122,0.0,12.630962637930352,0.0,7.504723461401017,0.0
Sühne,238.96657591033323,0.0,13.096140621440304,0.0,6.640705806565604,0.0
Sünde,243.75384689708036,0.0,13.414584462325873,0.0,7.2962706330741645,0.0
Süßes,244.5125633975765,0.0,13.241300310241405,0.0,6.306876877317268,0.0
Tabak,245.8270739600872,0.0,13.977353781793802,0.0,9.097022800564101,0.0
Tabus,235.26495309748137,0.0,13.438723781841551,0.0,8.61415433048839,0.0
Tafel,218.3583464655489,0.0,13.285898819745817,0.0,10.499375805876396,0.0
Tango,233.0116296311095,0.0,13.252013006464395,0.0,9.117165698078544,0.0
Tanks,231.83659245597732,0.0,13.413244563895997,0.0,8.461675262257463,0.0
Tanne,227.04928263737176,0.0,13.169835282630372,0.0,7.458856658733583,0.0
Tante,219.40868141098017,0.0,13.129371548724222,0.0,8.592612586165592,0.0
Tapps,256.52263645261394,0.0,14.241289278004551,0.0,10.455780552736378,0.0
Tasse,228.771818949898,0.0,13.255123715357648,0.0,7.263505981466955,0.0
Taste,220.31413555238393,0.0,13.17398598645933,0.0,8.523517687654266,0.0
Tasts,218.084763312188,0.0,13.016918520674956,0.0,8.73638584395732,0.0
Tatal,209.80090918658445,0.0,13.039265841921022,0.0,10.40838040104802,0.0
Tatar,211.29315844215688,0.0,13.027471912627993,0.0,9.071948673423446,0.0
Tatem,233.9520456516902,0.0,13.717500272070449,0.0,8.043185005648198,0.0
Taten,218.99372306445633,0.0,13.119798857984355,0.0,7.66427914392788,0.0
Tatze,215.79858555345834,0.0,13.176339275874831,0.0,8.36338084855388,0.0
Taube,237.48211495765713,0.0,13.589189497881325,0.0,8.674958653365488,0.0
Taxis,220.93927615178723,0.0,13.267668021362393,0.0,9.621763147470356,0.0
Tbbkn,253.66089442345867,0.0,14.244844460368709,0.0,10.180469079698522,0.0
Tbrsb,239.97376492024424,0.0,13.886539600472098,0.0,9.563032425553928,0.0
Tbxgn,254.13462262982662,0.0,14.063750684787296,0.0,10.290111575917441,0.0
Tchbl,225.4866309626098,0.0,13.318874916681715,0.0,11.240254646186324,0.0
Tchcr,207.61730815788525,0.0,12.5677063650293,0.0,9.324326944720058,0.0
Tchfl,213.4222503099702,0.0,12.934200542251862,0.0,12.534234330720047,0.0
Tchgr,228.84354554857345,0.0,13.24146345799471,0.0,10.472974461273798,0.0
Tchph,244.63887901554966,0.0,13.604306883411489,0.0,10.47165298230914,0.0
Tchpl,228.8886894980801,0.0,13.44091355884387,0.0,11.910988870045884,0.0
Tchpr,230.3809387536525,0.0,13.429472366192796,0.0,10.574557142421309,0.0
Tchsp,238.43143794487727,0.0,13.482700501154621,0.0,9.87957654495768,0.0
Tcnhn,221.78666983279186,0.0,12.806326920484503,0.0,8.774631138038492,0.0
Tctjs,202.9240075747672,0.0,12.638736212068087,0.0,11.339580238624317,0.0
Tdlhs,232.5984796912781,0.0,13.546517328565903,0.0,10.84705028192924,0.0
Tdmrr,234.1628937490388,0.0,13.912232302185974,0.0,10.7334790360149,0.0
Tdntr,218.69366987468328,0.0,13.294472535790977,0.0,10.61204057362822,0.0
Tdtds,238.35440415700728,0.0,13.817532459499336,0.0,10.549417493509235,0.0
Teams,242.90753129040226,0.0,13.807518014540644,0.0,8.54696679144343,0.0
Teddy,252.55574039144955,0.0,14.203294613993453,0.0,12.14196963476246,0.0
Teich,215.11017166630182,0.0,12.980779727546473,0.0,9.490385300636408,0.0
Teile,209.36634253342854,0.0,13.227946492763804,0.0,10.747041546121283,0.0
Teint,207.31858328275334,0.0,12.991054966536076,0.0,9.615820520579268,0.0
Tempo,250.34861760575592,0.0,14.106140879600003,0.0,9.915762508793101,0.0
Tente,220.2031919210448,0.0,13.215582726162545,0.0,8.83807790234772,0.0
Tenzt,213.68829086949552,0.0,13.067563579493365,0.0,9.035152289505755,0.0
Teste,221.10864606244854,0.0,13.259907099939408,0.0,8.768983003836393,0.0
Teten,219.78823357452097,0.0,13.20607252749902,0.0,7.909744460110009,0.0
Texas,233.77934403863998,0.0,13.488810934902464,0.0,8.377447187902447,0.0
Texte,225.91155283790596,0.0,13.489285371841572,0.0,9.001700028917519,0.0
Theke,242.13382345490612,0.0,13.814881434381016,0.0,9.698445393586058,0.0
Thmrs,237.48426841502814,0.0,13.65779609892849,0.0,10.12376929321335,0.0
Thpjs,240.79152509087106,0.0,13.70233030408398,0.0,12.959065878666843,0.0
Tibet,219.62092395665377,0.0,13.495730795890495,0.0,9.83034739549905,0.0
Ticks,212.9025607710949,0.0,13.065512989064986,0.0,10.010580805728468,0.0
Tiefe,218.54348377589073,0.0,13.360384189770558,0.0,11.042762563665843,0.0
Tiere,211.04022677790906,0.0,13.222552070512869,0.0,9.844947633370683,0.0
Tifil,193.73129885832265,0.0,12.929637353641716,0.0,14.060916779636534,0.0
Tiger,222.02561658691562,0.0,13.458651896689648,0.0,10.457329304403132,0.0
Tings,227.01103412988115,0.0,13.318251194329388,0.0,10.2780143788736,0.0
Tinni,202.3497886967823,0.0,12.806740527456952,0.0,10.635457730233307,0.0
Tippi,234.05251475222042,0.0,14.053330596813556,0.0,13.419513467933047,0.0
Tirms,220.12577386551845,0.0,13.459663486201913,0.0,9.492611708497037,0.0
Titel,198.2529641434859,0.0,12.979030519182793,0.0,10.995935100897327,0.0
Titim,209.32499804446394,0.0,13.372741991170578,0.0,11.604725979408338,0.0
Titin,194.3666754572301,0.0,12.758900294387894,0.0,11.225820117688018,0.0
Tlttm,212.07302533924928,0.0,13.372969808161534,0.0,11.271702402240614,0.0
Tnlgn,227.04684734408093,0.0,13.297639785590672,0.0,10.552657690619709,0.0
Tnrfn,214.5608091733975,0.0,12.967129481122779,0.0,10.294203324418099,0.0
Toast,212.08709839338366,0.0,12.81181832862543,0.0,9.049536895601994,0.0
Todes,232.3449314283024,0.0,13.425091461891068,0.0,8.765089636982172,0.0
Toigo,215.8529417909046,0.0,12.953372695507579,0.0,10.467381707328533,0.0
Tokio,208.43568641942147,0.0,12.90651965806027,0.0,10.286736924960568,0.0
Tolid,209.95899670484334,0.0,13.15919174125399,0.0,12.323652565672235,0.0
Tolle,201.95223838253816,0.0,12.884905234415275,0.0,11.151749242228625,0.0
Tondo,223.16028665775735,0.0,13.02234685981633,0.0,9.359945263118192,0.0
Tonne,219.60503678852663,0.0,12.894207557475447,0.0,7.84421368108498,0.0
Tools,203.53552735415911,0.0,12.565081807601038,0.0,10.503256526566975,0.0
Torso,204.68184261292015,0.0,12.544380046904296,0.0,8.346027045580763,0.0
Tosto,204.57639532780283,0.0,12.524604343574559,0.0,9.290551384443367,0.0
Toter,204.36568518698152,0.0,12.829432798928908,0.0,8.715203196694446,0.0
Toton,203.34060904652156,0.0,12.470680429663963,0.0,8.51797470158542,0.0
Tpkth,243.72371476788075,0.0,13.993180180652992,0.0,11.235493170817978,0.0
Tpsrs,232.1995805836211,0.0,13.565506334113163,0.0,10.081506223568915,0.0
Tqtkm,251.83109941942843,0.0,14.426571787050657,0.0,10.963396673476112,0.0
Trakt,216.18718631979254,0.0,13.32320139874457,0.0,10.520735823329694,0.0
Trass,218.5689820652408,0.0,13.045924767728819,0.0,8.870758194891653,0.0
Traum,229.7879136988605,0.0,13.482460960909378,0.0,9.695376266644255,0.0
Trege,234.99348958557462,0.0,13.68055484578914,0.0,9.928626947017433,0.0
Trehe,227.814295099383,0.0,13.411018019969337,0.0,9.374340735284244,0.0
Tremm,247.390402177611,0.0,14.220582373529169,0.0,9.406294289713399,0.0
Trend,229.57039307800773,0.0,13.532900940395768,0.0,10.115342283996847,0.0
Trepf,233.78678017709709,0.0,13.794675107517213,0.0,12.021264039043663,0.0
Trfmf,229.71348729580276,0.0,13.690471557766836,0.0,11.988529357336576,0.0
Trhqs,238.43058537672135,0.0,13.701503710747682,0.0,10.853028685239133,0.0
Trias,208.01827281023907,0.0,12.97700067134461,0.0,9.87356845615208,0.0
Trick,204.66812390169378,0.0,13.004771605813552,0.0,10.292919881767983,0.0
Trieb,220.0745303189001,0.0,13.519279170441521,0.0,9.64219307198968,0.0
Trips,221.35494517025347,0.0,13.492799998070724,0.0,10.955148572092964,0.0
Tritt,189.3397137361818,0.0,12.73220624135046,0.0,11.444460855932117,0.0
Trkll,203.65668238745906,0.0,13.235507214715792,0.0,12.88405270892283,0.0
Trmnx,235.3149213416588,0.0,13.725766300307074,0.0,9.484912342090398,0.0
Trntt,199.0541557275416,0.0,12.757393443439177,0.0,10.479601869033527,0.0
Tronk,216.27583334274453,0.0,13.088519481022088,0.0,9.568390151387835,0.0
Tropf,225.47752821672918,0.0,13.444781570246239,0.0,12.136789944641999,0.0
Trost,202.4347105535322,0.0,12.677741419041071,0.0,9.587904267718175,0.0
Trott,193.9770271560181,0.0,12.592884083880847,0.0,10.847915973905486,0.0
Trotz,198.38319324396667,0.0,12.689927374414044,0.0,10.449692264017674,0.0
Trpxm,251.1637531484261,0.0,14.322456454502374,0.0,10.749551217140661,0.0
Trsfb,228.0478870298984,0.0,13.52078503209732,0.0,11.055167262275209,0.0
Truff,213.1298738813456,0.0,13.014040610132273,0.0,12.900342472880896,0.0
Truhe,222.6238279917414,0.0,13.126012709169677,0.0,9.630173708447314,0.0
Trupp,244.06034354720975,0.0,14.00231840835281,0.0,11.891656479255214,0.0
Trure,208.37071949692051,0.0,12.945275727188724,0.0,9.711473131707018,0.0
Träne,226.8191949320294,0.0,13.35368980682007,0.0,8.444643314531083,0.0
Tschm,237.53126259023298,0.0,13.459871764330794,0.0,8.772323695507048,0.0
Tubke,242.23102306444042,0.0,13.869884921436705,0.0,9.272820928641861,0.0
Tulpe,229.64399377568589,0.0,13.594402634232335,0.0,10.550098956275157,0.0
Tumor,222.20337615263725,0.0,13.20723574374654,0.0,9.21275236368903,0.0
Tusch,220.62682363610247,0.0,12.761773764807277,0.0,8.694318373694506,0.0
Tutor,199.29232921383874,0.0,12.536705130576623,0.0,9.281536984299333,0.0
Tvthn,214.83218633890976,0.0,12.889677815022884,0.0,10.12783261622392,0.0
Typos,236.98645668841954,0.0,13.572267175086564,0.0,10.84686739526827,0.0
Typus,240.1932407284411,0.0,13.648267890755953,0.0,11.225764396343083,0.0
Tztvn,204.45477825896282,0.0,12.772595945336647,0.0,9.260426735330446,0.0
Töbön,237.41150731496845,0.0,13.413538052126668,0.0,9.346171633599635,0.0
Töböt,229.72367114347293,0.0,13.373552273973853,0.0,10.16225457219901,0.0
Töckt,215.7859776454385,0.0,13.031113443564127,0.0,10.229557025414088,0.0
Töpfe,242.68566437540252,0.0,13.828512205470036,0.0,11.681019873260901,0.0
Töten,218.39381793515884,0.0,13.030480659691053,0.0,8.479141160081294,0.0
Tücke,229.73094426806222,0.0,13.36552761638179,0.0,9.137768171817255,0.0
Türme,236.95415736248577,0.0,13.751081410515884,0.0,8.619799074585824,0.0
Uhmst,237.09395815871778,0.0,13.546286429450529,0.0,8.717039334412533,0.0
Uhran,223.96940814313345,0.0,13.037355175107411,0.0,8.118690760110807,0.0
Uhren,224.48618073680325,0.0,13.116246578430143,0.0,7.3765882610304105,0.0
Umbau,249.67152491585514,0.0,13.904405518914748,0.0,8.561733159677676,0.0
Umken,246.41938579536196,0.0,13.947674196860497,0.0,6.962455098357664,0.0
Unarm,232.13594563485609,0.0,13.48504683513942,0.0,8.403241215463574,0.0
Unmut,227.16683611925052,0.0,13.258529418990667,0.0,8.505150062200869,0.0
Unrat,209.2002814241531,0.0,12.826804604063009,0.0,8.194860680328773,0.0
Untat,208.74110071585028,0.0,12.799285380949508,0.0,8.468801645510613,0.0
Unzen,221.3869253141832,0.0,13.017123410388372,0.0,6.258409076236311,0.0
Ursel,209.78288238499414,0.0,12.99448434099199,0.0,8.806599287490393,0.0
Vasen,224.82284688308124,0.0,12.897922170657244,0.0,6.761474587270244,0.0
Vater,208.82763803375195,0.0,12.792644050281607,0.0,8.01646995019196,0.0
Vchsm,234.5646079640111,0.0,13.153174482635762,0.0,8.4700489247653,0.0
Vdlvr,208.6215020828067,0.0,12.933085721324515,0.0,11.25072769902837,0.0
Vekel,222.74900113642056,0.0,13.335727356545007,0.0,9.352463923577403,0.0
Vemps,253.43044673922122,0.0,14.008822738124048,0.0,9.433577766507362,0.0
Venen,224.71190325174211,0.0,12.940406343733983,0.0,7.076034801963698,0.0
Venus,220.60337858430586,0.0,12.69712747185788,0.0,8.005581874482116,0.0
Verse,218.23180034549117,0.0,12.968975137447107,0.0,7.5110824408227,0.0
Veter,209.6221485438166,0.0,12.881109087528223,0.0,8.261935266374087,0.0
Vfzlz,203.34100960425235,0.0,12.768001901056149,0.0,11.717419441621768,0.0
Vglvg,232.5108301416143,0.0,13.347647542593222,0.0,12.13302023100865,0.0
Vikar,210.86524965149022,0.0,13.021872222209767,0.0,9.842326577780804,0.0
Villa,193.81119368702085,0.0,12.623030094259697,0.0,12.490097808124952,0.0
Viren,204.40589313391612,0.0,12.691620871965693,0.0,8.406619153524657,0.0
Virus,200.2973684664799,0.0,12.443479017275378,0.0,9.336166226043076,0.0
Vitim,206.3427050423893,0.0,13.065360744389363,0.0,11.291349755257249,0.0
Vlies,203.8314259341083,0.0,12.747275992760809,0.0,9.527033909011514,0.0
Vmnst,226.68232322166995,0.0,13.158615211861715,0.0,8.720543245516852,0.0
Vngst,226.20218926406136,0.0,12.999462711642936,0.0,9.74096064969437,0.0
Vogel,222.17154611719175,0.0,13.029301790318247,0.0,10.53608463129831,0.0
Vokal,213.99347218384105,0.0,12.896632406169717,0.0,10.234458128827072,0.0
Votum,218.52342267170235,0.0,12.864710069939802,0.0,8.962401340229464,0.0
Vssbg,247.02784919102743,0.0,13.584749663919984,0.0,9.334836907537,0.0
Vsvvt,199.9175482564333,0.0,12.351386767334715,0.0,9.66883418094569,0.0
Vögel,229.01588683673938,0.0,13.214044881419317,0.0,10.965589625100327,0.0
Vörnö,214.57346848019648,0.0,12.563935092228533,0.0,8.835835808115743,0.0
Waban,262.3416567136884,0.0,14.022176519818418,0.0,6.733563111485739,0.0
Wache,250.74156701498035,0.0,13.567950044360494,0.0,6.707304510884321,0.0
Wachs,248.51219477478438,0.0,13.415495868909424,0.0,6.920172667187375,0.0
Wacht,239.93079914165713,0.0,13.333529103318158,0.0,7.653944069649287,0.0
Wackt,239.87083431717645,0.0,13.564437877725483,0.0,7.721548363696047,0.0
Wagen,264.75907779475415,0.0,14.034421630497823,0.0,6.7689584294936305,0.0
Wagon,256.55020962566454,0.0,13.694440902927735,0.0,7.237296964799773,0.0
Wahan,256.92933795074254,0.0,13.692242439150254,0.0,6.671391644535377,0.0
Wahsa,257.874509703635,0.0,13.734968277826788,0.0,6.8253689289697075,0.0
Wahst,247.60202173583113,0.0,13.581231855293431,0.0,7.064583874265566,0.0
Wahta,249.4168263061209,0.0,13.656681721959337,0.0,8.08538063515702,0.0
Walle,232.88143577382382,0.0,13.60342299733681,0.0,9.0732455743126,0.0
Walöl,231.45674089799854,0.0,13.431015901927346,0.0,9.529175158720689,0.0
Wanst,240.54054847761154,0.0,13.418900351872372,0.0,6.586093793178619,0.0
Waren,242.93785531519964,0.0,13.589801090157383,0.0,5.697191533181412,0.0
Warte,235.44685098242772,0.0,13.555575500130997,0.0,7.145858409414346,0.0
Wartu,230.33217814247794,0.0,13.277070830454852,0.0,7.8673594073562025,0.0
Warze,239.74271780420167,0.0,13.644394024984654,0.0,6.396293237807413,0.0
Watte,234.98767027412487,0.0,13.529538685850582,0.0,7.419799374596185,0.0
Wcllz,217.2605060024149,0.0,13.138480082061335,0.0,10.084533129155004,0.0
Wcrzq,243.6070265765907,0.0,13.775381091951155,0.0,9.04958933489975,0.0
Wctfn,230.6158071990974,0.0,13.17656880353566,0.0,8.880932280023947,0.0
Wdspr,266.51791135947195,0.0,14.405516859040137,0.0,9.094258148175026,0.0
Webeh,270.7270880506902,0.0,14.329396102877102,0.0,6.799588798890468,0.0
Wechs,249.306705284849,0.0,13.499879960070851,0.0,7.1656379833695025,0.0
Wefle,242.70043807322764,0.0,13.810067317333273,0.0,9.442467251562055,0.0
Wehen,258.24062105447695,0.0,13.849621904021223,0.0,6.174754461637107,0.0
Weher,251.0568290258472,0.0,13.836951383486484,0.0,6.840321492052275,0.0
Wehre,251.21375633655776,0.0,13.842268933958845,0.0,7.293310986871803,0.0
Weide,253.46304694348385,0.0,14.133198147734813,0.0,8.11008922384518,0.0
Weine,241.6143026985171,0.0,13.671947217168528,0.0,6.976034316249672,0.0
Welle,233.67594628388844,0.0,13.686648485734876,0.0,9.318710890494728,0.0
Welpe,258.23218948108934,0.0,14.286687453928266,0.0,8.619065352242515,0.0
Werft,233.39799023200354,0.0,13.568640976050425,0.0,9.205667863658359,0.0
Werke,250.89864477768538,0.0,14.059634708317319,0.0,7.047518245385291,0.0
Wernt,233.07119484556065,0.0,13.445547616861338,0.0,7.204207356929429,0.0
Werte,236.24136149249227,0.0,13.639092956181086,0.0,7.3913237255964725,0.0
Wespe,268.02743340583345,0.0,14.332743727675972,0.0,7.3202954768945245,0.0
Weste,244.59359760488906,0.0,13.699397716953637,0.0,7.075836358271766,0.0
Wette,235.78218078418948,0.0,13.613215879413808,0.0,7.665264690778312,0.0
Weuns,247.1410287308838,0.0,13.46282922156208,0.0,6.7326646580908305,0.0
Whhgp,289.4072120415917,0.0,14.637933314897293,0.0,10.323296425448383,0.0
Whlzz,236.73084357636802,0.0,13.568670186885678,0.0,9.124841683065872,0.0
Wichs,236.447477138016,0.0,13.279496021537694,0.0,8.24982986611708,0.0
Wicht,227.86608150488877,0.0,13.196684565690807,0.0,8.983601268578992,0.0
Wiese,242.51872210301084,0.0,13.715071775885695,0.0,7.221899632616982,0.0
Wilfi,217.27174584232532,0.0,13.380644110636174,0.0,12.173446568234276,0.0
Wille,220.8167181370555,0.0,13.469320785465824,0.0,10.402902773242305,0.0
Winde,250.3182607880107,0.0,13.945879578974894,0.0,8.229422119694167,0.0
Wirin,218.31080770797342,0.0,13.241718480552544,0.0,9.25873250694155,0.0
Wisch,236.35579119467292,0.0,13.276399387576607,0.0,7.847476652409441,0.0
Witin,217.8516269996706,0.0,13.215063307846185,0.0,9.53267347212339,0.0
Witwe,243.05831057110606,0.0,13.88333789100853,0.0,7.914739451998159,0.0
Witze,227.21881945913054,0.0,13.484575017349355,0.0,7.999891401918958,0.0
Witzi,214.5840431553094,0.0,13.267717203317432,0.0,9.846835274488978,0.0
Wkrfc,237.8982155761687,0.0,13.592791684235193,0.0,9.277343236768667,0.0
Wnbnn,257.63953932155357,0.0,13.80838789634656,0.0,6.893865251348469,0.0
Wngst,252.6694338085766,0.0,13.74630747804778,0.0,8.361190228280831,0.0
Wnstr,231.2468081867706,0.0,13.300496795464786,0.0,8.08343176264701,0.0
Woche,243.2973211661352,0.0,13.300575008995027,0.0,7.092661533235719,0.0
Wogon,249.10596377681938,0.0,13.429584461457523,0.0,7.62265398715117,0.0
Wohbo,254.24914325253332,0.0,13.653272674490072,0.0,7.7187146132402145,0.0
Wohrt,232.16423210432475,0.0,13.260729120936638,0.0,8.37984225180604,0.0
Wolke,241.21688060642828,0.0,13.731302288941421,0.0,8.170692459577843,0.0
Wolle,225.4371899249787,0.0,13.336759141864757,0.0,9.458602596663997,0.0
Worbt,237.2236145257334,0.0,13.592339789455824,0.0,8.05157988529391,0.0
Worfo,227.67650737068107,0.0,13.094077503140394,0.0,8.780596685500369,0.0
Worte,228.00260513358256,0.0,13.28795147129131,0.0,7.531215431765744,0.0
Wotan,234.51765616438195,0.0,13.218555760807584,0.0,7.0985920197950465,0.0
Wprms,269.3261207013077,0.0,14.508575496365015,0.0,8.145038594612537,0.0
Wprst,246.74444416319884,0.0,13.908598076783909,0.0,8.507716992601832,0.0
Wrack,240.34326474255192,0.0,13.591269046813789,0.0,8.019853683812114,0.0
Wrllr,213.03095423325107,0.0,13.27192927974267,0.0,10.809718948996327,0.0
Wtstv,224.82910988683884,0.0,13.187755226737444,0.0,9.153704302732606,0.0
Wuchs,244.2034611218861,0.0,13.22094796222893,0.0,7.403524941837517,0.0
Wucht,235.62206548875884,0.0,13.137767464842414,0.0,8.137296344299429,0.0
Wulti,217.06033321336088,0.0,13.156772245600237,0.0,10.459437064657791,0.0
Wunde,258.07424477188073,0.0,13.89014066398173,0.0,7.383117195414605,0.0
Wurst,228.78503285372022,0.0,13.206426111244921,0.0,7.315838536642143,0.0
Wvnkt,238.47529956467002,0.0,13.576169244032696,0.0,8.798039769310206,0.0
Wärkt,246.13380146686254,0.0,13.935185821296765,0.0,7.805641308670768,0.0
Wölfe,241.37133465361728,0.0,13.643236397502056,0.0,9.811707512887963,0.0
Würfe,245.94854121526515,0.0,13.723283260328026,0.0,8.683275710032813,0.0
Wüten,245.01296822689986,0.0,13.570664263728235,0.0,6.640845219684799,0.0
Xbllm,239.19941093893203,0.0,13.999173776367693,0.0,10.971081042158911,0.0
Xdgzr,245.08744361921367,0.0,13.868584060414209,0.0,9.61541730200145,0.0
Xnprt,230.44945586999356,0.0,13.492653855528031,0.0,9.506702090408467,0.0
Zahan,234.74537508029854,0.0,13.18485128406279,0.0,6.749769829778974,0.0
Zahga,249.12930603154223,0.0,13.62378168704698,0.0,8.306635257875865,0.0
Zahmt,239.4183397703687,0.0,13.626070251181547,0.0,7.514055063981781,0.0
Zanga,242.0678327733226,0.0,13.46196328187535,0.0,7.828145176788917,0.0
Zarig,222.53946731908258,0.0,13.307127829581471,0.0,9.565457365188283,0.0
Zatat,212.0901029712876,0.0,12.930811535135149,0.0,7.607696121286622,0.0
Zauga,240.10948905452545,0.0,13.379903312116218,0.0,8.336766349225613,0.0
Zbgtn,242.20524829765816,0.0,13.70250144755031,0.0,9.687003916676963,0.0
Zcchc,209.2976981115718,0.0,12.286358245120562,0.0,7.619191343004159,0.0
Zckhr,222.61700564503928,0.0,13.126052323457237,0.0,8.099860071706592,0.0
Zebre,234.44211222905955,0.0,13.67900365344299,0.0,7.433860639065762,0.0
Zefet,221.44205076031665,0.0,13.265359785434239,0.0,7.944156842297125,0.0
Zehen,236.05665818403293,0.0,13.348214384505868,0.0,6.2531326468807045,0.0
Zehnt,225.3954872043293,0.0,13.115016384830612,0.0,7.514683154446594,0.0
Zeile,210.66733120542506,0.0,13.160156925130421,0.0,9.13227308580025,0.0
Zelle,211.49198341344447,0.0,13.1790419660328,0.0,9.397089075738325,0.0
Zeugs,239.2129072299135,0.0,13.38977514162197,0.0,8.087675208241686,0.0
Zfllm,220.43924101189222,0.0,13.511633014807986,0.0,11.738622512896555,0.0
Zicke,216.43292168328742,0.0,13.154183005553705,0.0,8.182944189104383,0.0
Zidim,230.52788146751993,0.0,13.827794233175073,0.0,10.623099453652738,0.0
Zihlt,203.77325043484828,0.0,12.884358720507567,0.0,10.676735621501152,0.0
Zilti,187.12038635904682,0.0,12.68916884035561,0.0,11.38412017418095,0.0
Zitat,200.02538533451929,0.0,12.789658796640897,0.0,8.937353320216328,0.0
Zjgst,225.4744247772768,0.0,13.24346482147062,0.0,10.225094559127184,0.0
Zlbqr,235.34521485367634,0.0,13.920051971866373,0.0,10.59263136223709,0.0
Zobel,224.5541793038669,0.0,13.334923404274003,0.0,8.45719457804008,0.0
Zogig,236.91644394979193,0.0,13.497332146354152,0.0,11.022581283851899,0.0
Zokel,218.793526451582,0.0,13.21832669531849,0.0,8.19096339357673,0.0
Zonen,220.75642856690354,0.0,12.819385821365127,0.0,5.914534271963025,0.0
Zoten,212.85046588760775,0.0,12.773265483667231,0.0,6.434867705958246,0.0
Zotis,201.18169537878163,0.0,12.59240521090604,0.0,8.749063016926142,0.0
Ztltt,190.9527332414833,0.0,12.653847558186017,0.0,10.462719498306356,0.0
Zuber,229.18194075538617,0.0,13.39830815377359,0.0,7.218758102714249,0.0
Zucht,213.43810261831482,0.0,12.608082103581683,0.0,8.215674529543026,0.0
Zuhun,225.95132989200198,0.0,12.781354960467803,0.0,7.338255141729675,0.0
Zunft,213.55756516958965,0.0,12.786424677130453,0.0,9.27554053855659,0.0
Zunge,238.29737902594377,0.0,13.347253132587173,0.0,7.6040728379699525,0.0
Zutar,208.28541346125513,0.0,12.757120440137998,0.0,7.940532487752557,0.0
Zvhlg,229.60886028727637,0.0,13.311384444800042,0.0,11.384739106060373,0.0
Zwack,237.91968236386296,0.0,13.55610157420623,0.0,7.696289267296814,0.0
Zwerg,245.8475289112707,0.0,13.876061242103896,0.0,9.127489588562451,0.0
Zwest,231.80533167765168,0.0,13.459186247093864,0.0,7.455667300039912,0.0
Zwoig,235.12574340019185,0.0,13.518279486145536,0.0,10.225786123590936,0.0
Zwong,244.71473856244154,0.0,13.540785832641836,0.0,8.439369917727015,0.0
Zwöck,237.20692691031172,0.0,13.466060166450283,0.0,7.729674220668702,0.0
Zwölf,228.82277460830997,0.0,13.405823284930285,0.0,10.86973470382156,0.0
Zyste,223.10771239562035,0.0,13.197510162927365,0.0,8.655180149580266,0.0
Zähne,242.25217964015292,0.0,13.458538948622317,0.0,6.3795271002021385,0.0
Zätzä,230.2446045756635,0.0,13.413004483552946,0.0,7.380133433562324,0.0
Zöhlö,224.60199676083224,0.0,12.998195904166456,0.0,9.844401768526348,0.0
Zügel,236.43336726011105,0.0,13.54510471780057,0.0,9.519048094098517,0.0
Ädarn,241.32439787015915,0.0,13.6699858675153,0.0,8.919712759504634,0.0
Ämter,236.92599936933587,0.0,13.81219206945653,0.0,8.00293533805021,0.0
Äpfel,244.51607316706475,0.0,14.011194729375473,0.0,11.093016669268696,0.0
Ärger,237.05362545850417,0.0,13.688824303694403,0.0,8.986431962358864,0.0
Ärmel,236.192019953873,0.0,13.855177141375535,0.0,9.456253138242758,0.0
Ärzte,218.9072257996722,0.0,13.278084925357525,0.0,8.319498745451721,0.0
Ödlor,217.81901827096914,0.0,13.001172944494238,0.0,10.10709939181698,0.0
Öktie,219.69194113777917,0.0,13.224524122492179,0.0,10.035018408183607,0.0
Öllau,209.84636826489498,0.0,12.703920816661851,0.0,10.732230266264354,0.0
Öteme,240.65246023160654,0.0,13.653453044370378,0.0,8.641311723029162,0.0
Übles,236.1882035783114,0.0,13.691646951655162,0.0,9.444785863300808,0.0
