,n_pixels_l1_mu,n_pixels_l1_std,n_pixels_l2_mu,n_pixels_l2_std,pred_err_l1_mu,pred_err_l1_std,pred_err_l1_thr-0.5_bin-True_mu,pred_err_l1_thr-0.5_bin-True_std,pred_err_l1_thr-0.5_bin-False_mu,pred_err_l1_thr-0.5_bin-False_std,pred_err_l2_mu,pred_err_l2_std,pred_err_l2_thr-0.5_bin-True_mu,pred_err_l2_thr-0.5_bin-True_std,pred_err_l2_thr-0.5_bin-False_mu,pred_err_l2_thr-0.5_bin-False_std,pw_pred_err_mu,pw_pred_err_std,pw_pred_err_thr-0.5_bin-True_mu,pw_pred_err_thr-0.5_bin-True_std,pw_pred_err_thr-0.5_bin-False_mu,pw_pred_err_thr-0.5_bin-False_std,pred_err_wd_mu,pred_err_wd_std,mahalanobis_mu,mahalanobis_std,mahalanobis_thr-0.5_bin-True_mu,mahalanobis_thr-0.5_bin-True_std,mahalanobis_thr-0.5_bin-False_mu,mahalanobis_thr-0.5_bin-False_std,kalmanw_pred_err_mu,kalmanw_pred_err_std,kalmanw_pred_err_thr-0.5_bin-True_mu,kalmanw_pred_err_thr-0.5_bin-True_std,kalmanw_pred_err_thr-0.5_bin-False_mu,kalmanw_pred_err_thr-0.5_bin-False_std
Abart,312.1529411764706,0.0,16.29842372491754,0.0,338.28791304501027,0.0,248.0,0.0,165.9694750520161,0.0,12.641483520325954,0.0,15.748015748023622,0.0,10.721090340412918,0.0,699.9979888451013,0.0,231.3354292557989,0.0,190.8468150397845,0.0,10.828485852578684,0.0,25.667571651123968,0.0,2501.147352315489,0.0,2724.047842168292,0.0,12.64148362259987,0.0,12.232010049656036,0.0,9.81286555035853,0.0
Abend,382.26666666666665,0.0,18.134332355952765,0.0,331.10563962787273,0.0,216.0,0.0,149.83364875146336,0.0,12.459744280075025,0.0,14.696938456699069,0.0,10.428224801751579,0.0,1838.7324355214018,0.0,462.33845028469733,0.0,418.566331381616,0.0,3.6897819623580803,0.0,18.436479681151912,0.0,17852.755663912612,0.0,8524.81338425832,0.0,12.4597442783761,0.0,11.993081445295847,0.0,9.633259202494,0.0
Aboln,352.10196078431375,0.0,17.399428592349054,0.0,356.9040455774518,0.0,256.0,0.0,179.5356035331273,0.0,13.364685522789333,0.0,16.0,0.0,11.426442399341115,0.0,713.6158982529954,0.0,252.37102157847693,0.0,211.4714184448757,0.0,4.891221398230678,0.0,27.327182033341025,0.0,24643.500147145613,0.0,13222.712271453456,0.0,13.364686439947137,0.0,12.79837142791582,0.0,10.612769639818648,0.0
Abtäs,332.2627450980392,0.0,16.767420947443235,0.0,336.9889582334699,0.0,238.0,0.0,160.4184946401192,0.0,12.595927197797822,0.0,15.427248620541512,0.0,10.604161792832093,0.0,733.6732702816546,0.0,323.026229359452,0.0,256.5438430958502,0.0,5.743191545430686,0.0,60.766266477719434,0.0,7911.806269234685,0.0,12085.110683033165,0.0,12.595927298921252,0.0,12.171778874753787,0.0,9.700542894814392,0.0
Acker,315.47843137254904,0.0,16.26279899942367,0.0,310.2433890111055,0.0,185.0,0.0,121.79301275396959,0.0,11.55226211168302,0.0,13.601470508735444,0.0,9.095209339893954,0.0,631.0254584980643,0.0,196.19159023334393,0.0,138.68074191893945,0.0,5.605601348684398,0.0,26.242724287214564,0.0,2998.6217526575538,0.0,1770.5449748584165,0.0,11.552262087390401,0.0,10.135887899189797,0.0,8.194678393286193,0.0
Adern,342.4,0.0,17.119686781872485,0.0,330.8643889117941,0.0,218.0,0.0,149.66657359398673,0.0,12.46665746247549,0.0,14.7648230602334,0.0,10.322093738488958,0.0,6353.6074627405815,0.0,1230.0596920443404,0.0,1200.562451171326,0.0,5.798848347360288,0.0,28.18833329495335,0.0,2497.3681825366357,0.0,2722.2949290070283,0.0,12.466657733104926,0.0,11.442110565372209,0.0,9.531410102492126,0.0
Adler,322.3686274509804,0.0,16.689674545883758,0.0,329.99547549201645,0.0,218.0,0.0,149.38799859759797,0.0,12.446274535659962,0.0,14.7648230602334,0.0,10.330953676945137,0.0,6354.452909120062,0.0,1230.4901074467411,0.0,1201.1093064489728,0.0,8.71146112751052,0.0,26.364946433534193,0.0,2999.573465300466,0.0,1773.14838399292,0.0,12.446274549841624,0.0,11.396044250099056,0.0,9.514958727931374,0.0
Adria,316.52156862745096,0.0,16.440577233692522,0.0,348.1379380257156,0.0,243.0,0.0,169.61907278449343,0.0,13.09152794586003,0.0,15.588457268119896,0.0,11.066787239444468,0.0,6354.189606624995,0.0,1234.4123551138644,0.0,1203.066989681654,0.0,7.647338844715813,0.0,27.66245976140924,0.0,8161.506461807538,0.0,4920.359680675251,0.0,13.091528668491552,0.0,12.135895261704917,0.0,10.203909197256412,0.0
Affen,325.78431372549016,0.0,16.681762482982396,0.0,323.8450186487364,0.0,206.0,0.0,137.1978788071604,0.0,12.081092384962389,0.0,14.352700094407323,0.0,9.7077622840864,0.0,816.6881090037954,0.0,575.9857262262158,0.0,520.5171740034846,0.0,3.4809861939719604,0.0,34.6396456447315,0.0,3045.9352421074072,0.0,1812.5700624864678,0.0,12.081092398170583,0.0,10.855873355450537,0.0,8.804835379804896,0.0
Agenk,398.2627450980392,0.0,18.34689065674271,0.0,347.9313310218601,0.0,243.0,0.0,166.21778090225027,0.0,12.849855078870785,0.0,15.588457268119896,0.0,10.886120481737338,0.0,98555.34935917566,0.0,9197.02187809797,0.0,6927.223892561883,0.0,3.865728135285955,0.0,39.999567543418344,0.0,17854.163849071305,0.0,8524.938499904543,0.0,12.84985508270065,0.0,12.507493550122868,0.0,10.154840321401755,0.0
Agent,356.20392156862744,0.0,17.431961436048486,0.0,327.5877252504672,0.0,219.0,0.0,145.68034650470577,0.0,12.137932496032704,0.0,14.798648586948742,0.0,10.033543212579984,0.0,98554.96022329612,0.0,9191.301446455356,0.0,6923.385961989379,0.0,8.507761021353412,0.0,38.028458263005284,0.0,17854.296760752382,0.0,8524.945954105842,0.0,12.137932515817322,0.0,11.761597979127142,0.0,9.197639971068464,0.0
Ahnen,367.7921568627451,0.0,17.70639653564738,0.0,306.99228739487904,0.0,184.0,0.0,122.84690074163835,0.0,11.603828695762044,0.0,13.564659966250536,0.0,9.202299432406372,0.0,629.4031975954342,0.0,217.96564115132782,0.0,160.9302805432611,0.0,3.7015794633006305,0.0,13.96112080396586,0.0,3002.5552579209766,0.0,1770.3148923939868,0.0,11.603828718162081,0.0,10.588956605300673,0.0,8.438182715492692,0.0
Aigön,375.74901960784314,0.0,17.84996206475485,0.0,347.04852871360566,0.0,236.0,0.0,159.05921653424144,0.0,12.761799214570223,0.0,15.362291495737216,0.0,10.53509294597552,0.0,2911.488348954933,0.0,593.4211667573489,0.0,358.5189512013081,0.0,3.925778510790341,0.0,21.997520183244617,0.0,11915.568142583754,0.0,10780.618370980596,0.0,12.761799241641945,0.0,11.898240613381738,0.0,9.512427516083726,0.0
Akkus,369.564705882353,0.0,17.60692735292636,0.0,348.64287098044053,0.0,249.0,0.0,167.46254985530095,0.0,12.88758558288733,0.0,15.7797338380595,0.0,10.814993147340779,0.0,810.5269614580287,0.0,611.2171711219147,0.0,483.8198546019128,0.0,6.029313679144221,0.0,50.16683188462923,0.0,39685.980368855504,0.0,3876.307748871514,0.0,12.887585635779578,0.0,11.990702800247377,0.0,9.890876823391961,0.0
Aktie,311.7372549019608,0.0,16.32034603593916,0.0,352.08289542560885,0.0,251.0,0.0,172.43331159667213,0.0,13.127994346660653,0.0,15.84297951775486,0.0,11.064831957949128,0.0,802.7705747286142,0.0,591.8541861527547,0.0,472.4000587398476,0.0,8.048250808199624,0.0,45.37571127944853,0.0,8163.668364316566,0.0,4920.737154068452,0.0,13.127995036690473,0.0,12.059419492028994,0.0,10.258484461138819,0.0
Alahn,349.0313725490196,0.0,17.261935732155557,0.0,317.8245114477864,0.0,223.0,0.0,147.0718550639084,0.0,12.03602834214408,0.0,14.933184523068078,0.0,9.991016420771864,0.0,610.561659904694,0.0,146.0625287183302,0.0,113.28382870607678,0.0,4.001133061054718,0.0,17.745514714299336,0.0,13289.363996790478,0.0,5767.788486051639,0.0,12.036028503632796,0.0,11.288017980870643,0.0,9.116307299725804,0.0
Alarm,347.4352941176471,0.0,17.18022789955091,0.0,398.4230934000432,0.0,324.0,0.0,225.55302364987392,0.0,14.518688831332817,0.0,18.0,0.0,12.782473991898806,0.0,776.0230732287404,0.0,489.9240230304259,0.0,348.1226515785528,0.0,7.324111830838457,0.0,16.965143648162968,0.0,2522.7168504345586,0.0,2727.441411509461,0.0,14.518688816721825,0.0,14.578352237101573,0.0,11.923691247599816,0.0
Alben,346.25098039215686,0.0,17.299063807387736,0.0,320.6275080081515,0.0,202.0,0.0,136.55399625955533,0.0,12.042039296392081,0.0,14.212670403551895,0.0,9.76581353107596,0.0,627.0219607140971,0.0,144.69833880716993,0.0,114.4688741359369,0.0,2.9612947971327483,0.0,11.768074339385961,0.0,3003.51157433673,0.0,1771.6742246645965,0.0,12.042039279661312,0.0,11.041212632519947,0.0,8.936679154420696,0.0
Algen,364.5019607843137,0.0,17.680290279287316,0.0,335.6174782362074,0.0,214.0,0.0,145.86600416565702,0.0,12.453986028028831,0.0,14.628738838327793,0.0,10.152589468963168,0.0,2894.4085367610924,0.0,243.8025531914908,0.0,182.49239674546925,0.0,3.6835473593242485,0.0,11.323847544180621,0.0,3002.896692911647,0.0,1771.1926493303554,0.0,12.453986013788603,0.0,11.400343488434205,0.0,9.23101496379675,0.0
Alibi,303.1372549019608,0.0,16.287322147765668,0.0,350.75713700374854,0.0,265.0,0.0,178.3073360253353,0.0,13.048810176879265,0.0,16.278820596099706,0.0,11.133215353014405,0.0,834.4590588058471,0.0,289.1846056418253,0.0,220.9424896895091,0.0,4.922596902302162,0.0,22.277894797436353,0.0,20716.60798485095,0.0,4167.525639908237,0.0,13.048810340187943,0.0,12.449054273023195,0.0,10.207754404128318,0.0
Allas,295.22352941176473,0.0,15.920206645116822,0.0,334.8151451273152,0.0,242.0,0.0,161.84711186456104,0.0,12.568727661519446,0.0,15.556349186104045,0.0,10.584836032951795,0.0,621.2821712491929,0.0,161.32973174551253,0.0,127.26126297787785,0.0,4.7125602467486765,0.0,12.77152377182981,0.0,7621.470409498614,0.0,10092.772561388641,0.0,12.5687276867953,0.0,11.682684407425572,0.0,9.650684494868601,0.0
Alpen,348.9529411764706,0.0,17.339668348145622,0.0,322.7634984762775,0.0,201.0,0.0,137.04935896453694,0.0,12.140148024453994,0.0,14.177446878757825,0.0,9.842125679564784,0.0,1771.0311710119925,0.0,454.2278170637188,0.0,422.73393806971853,0.0,3.1200282412578155,0.0,21.223243424292075,0.0,3003.110171509163,0.0,1771.620144971325,0.0,12.140148008707111,0.0,11.076791345647248,0.0,9.040679360160217,0.0
Altar,279.3254901960784,0.0,15.466927174356247,0.0,321.2619228747267,0.0,228.0,0.0,148.72791925533883,0.0,12.05554411999556,0.0,15.0996688705415,0.0,9.993507100368307,0.0,610.8710295360121,0.0,147.42780437362987,0.0,113.31099653781725,0.0,6.493826236817837,0.0,13.935749638665836,0.0,7624.581815867323,0.0,10092.263408946608,0.0,12.055544195814688,0.0,11.133759092320037,0.0,9.060558969989444,0.0
Alten,305.12549019607843,0.0,16.25193662490649,0.0,313.86822667234514,0.0,201.0,0.0,133.08994309025056,0.0,11.823364806201765,0.0,14.177446878757825,0.0,9.524398543058938,0.0,609.3241624833378,0.0,134.43047065576664,0.0,106.05987654386418,0.0,4.885341208132143,0.0,11.270582868574305,0.0,3008.160900099083,0.0,1771.093335198192,0.0,11.82336481498119,0.0,10.45299819703196,0.0,8.697677909705403,0.0
Alter,278.0549019607843,0.0,15.499337089419571,0.0,314.16203760342376,0.0,205.0,0.0,134.37229193851323,0.0,11.790886559316377,0.0,14.317821063276353,0.0,9.528665203341594,0.0,609.8087231038245,0.0,136.9016495706376,0.0,107.43495646027127,0.0,6.776667137737457,0.0,11.736696568378997,0.0,3012.790047556932,0.0,1771.6921943986622,0.0,11.790886537099981,0.0,10.522416617798603,0.0,8.660340906942013,0.0
Amche,382.90588235294115,0.0,17.976892767858462,0.0,356.64395776962715,0.0,235.0,0.0,164.84544705832485,0.0,13.151231436135705,0.0,15.329709716755891,0.0,10.993610725923062,0.0,1150.1825641363012,0.0,997.7398749792998,0.0,726.0421854861817,0.0,5.257727444578708,0.0,19.42512959235673,0.0,13288.598240841007,0.0,5768.062056060404,0.0,13.15123165258041,0.0,12.723987751503453,0.0,10.237624358745137,0.0
Amtig,380.0196078431373,0.0,18.009902440837624,0.0,435.48764425455926,0.0,352.0,0.0,251.31050699223698,0.0,15.460299448630815,0.0,18.76166303929372,0.0,13.666605923053085,0.0,6174.881170549927,0.0,1154.4172390452118,0.0,850.4700343844241,0.0,6.745627648199985,0.0,21.969945466403388,0.0,8166.4419162934355,0.0,4921.930021767521,0.0,15.46030003669256,0.0,15.404359301428011,0.0,12.796987991043618,0.0
Andam,410.521568627451,0.0,18.67224212335279,0.0,388.55229621492185,0.0,306.0,0.0,214.24716484910866,0.0,14.260190392274222,0.0,17.4928556845359,0.0,12.526857134384942,0.0,1084.1524475095812,0.0,520.7053116969462,0.0,381.7404046099383,0.0,6.160694139264523,0.0,18.07796069660498,0.0,7623.232371851247,0.0,10092.735199127352,0.0,14.260190394364143,0.0,14.790344613295709,0.0,11.699346148862013,0.0
Anein,326.3372549019608,0.0,16.737210798038074,0.0,326.9229898416859,0.0,220.0,0.0,149.3039981237124,0.0,12.356524181668016,0.0,14.832396974191326,0.0,10.206725963545917,0.0,607.6569354802745,0.0,144.24710692358883,0.0,107.60932453071817,0.0,5.363925871164834,0.0,16.420777843258826,0.0,8164.438751893354,0.0,4920.063700286896,0.0,12.35652501055787,0.0,11.399344190001539,0.0,9.453003020506198,0.0
Angel,364.5019607843137,0.0,17.680290279287316,0.0,345.4342546136607,0.0,229.0,0.0,158.13505887513344,0.0,12.825349986181884,0.0,15.132745950421556,0.0,10.668301261265087,0.0,2917.7035456869535,0.0,319.3444154037689,0.0,265.73507225940745,0.0,5.66011840798518,0.0,14.907386677472257,0.0,3004.430998318902,0.0,1772.906758386607,0.0,12.82534996966881,0.0,12.071344511824298,0.0,9.742689949869986,0.0
Angst,347.91764705882355,0.0,17.177871283205494,0.0,344.4759076912494,0.0,245.0,0.0,163.87316131627546,0.0,12.721682683922646,0.0,15.652475842498529,0.0,10.64524734112574,0.0,2893.8060153918696,0.0,242.30261547533192,0.0,177.06330768522582,0.0,7.723910487896882,0.0,12.508834381086336,0.0,1741.1781121900085,0.0,4492.901441247704,0.0,12.7216826824322,0.0,12.173367029910404,0.0,9.61704194720989,0.0
Angur,365.55294117647054,0.0,17.628129280936353,0.0,332.6560359890591,0.0,225.0,0.0,148.82056773677053,0.0,12.291702843257717,0.0,15.0,0.0,10.107821913388252,0.0,2893.547665113053,0.0,242.58881201521623,0.0,176.77695034444332,0.0,6.038726028717112,0.0,15.692924764193958,0.0,39686.46336806845,0.0,3875.8022725867836,0.0,12.291702900318423,0.0,11.631159806511745,0.0,9.111118958032083,0.0
Anker,340.1450980392157,0.0,16.955913615489663,0.0,315.3275873982147,0.0,199.0,0.0,132.1755898520359,0.0,11.831247471679196,0.0,14.106735979665885,0.0,9.516062973879347,0.0,616.3821355337849,0.0,203.92799057842876,0.0,145.55598285032062,0.0,7.118995530975985,0.0,22.707640771987933,0.0,3010.1173626288974,0.0,1770.8249962156544,0.0,11.831247466853517,0.0,10.655707014773569,0.0,8.680767116628145,0.0
Anmas,375.06666666666666,0.0,17.754053855297638,0.0,369.19848118216794,0.0,279.0,0.0,191.54788022336066,0.0,13.610738511370508,0.0,16.703293088490067,0.0,11.702820061682313,0.0,683.8528960045886,0.0,364.59687207047295,0.0,257.95644107482883,0.0,5.409120172110346,0.0,17.722779791529543,0.0,7621.7807709227845,0.0,10092.140368969538,0.0,13.61073846435137,0.0,13.571060778060815,0.0,10.825787721468958,0.0
Anmut,373.0274509803922,0.0,17.85654742787164,0.0,371.9967719143126,0.0,292.0,0.0,197.6759196216376,0.0,13.652726279001543,0.0,17.08800749063506,0.0,11.802831032889264,0.0,682.5942593470137,0.0,360.4715456436713,0.0,254.7384097287906,0.0,6.25681177712609,0.0,16.613461192256455,0.0,39686.72354081533,0.0,3876.073090705462,0.0,13.652726269364521,0.0,13.820959958439309,0.0,10.943223644739255,0.0
Annag,385.80392156862746,0.0,18.05900023332254,0.0,332.5766792933887,0.0,224.0,0.0,150.66733797660748,0.0,12.377289362645168,0.0,14.966629547095765,0.0,10.253228393675823,0.0,6096.450062473439,0.0,588.5227198481126,0.0,448.08494482880803,0.0,5.195033087337297,0.0,18.28680654950732,0.0,7618.60715261217,0.0,10092.016293233635,0.0,12.377289305091868,0.0,11.886524226582251,0.0,9.316231717006263,0.0
Anper,341.91372549019604,0.0,17.067704697382794,0.0,311.6170771569183,0.0,188.0,0.0,125.8292648317287,0.0,11.709535574965937,0.0,13.711309200802088,0.0,9.349602101736577,0.0,1769.2930204911067,0.0,451.59089109324356,0.0,419.40976342070053,0.0,7.070614387049799,0.0,22.853273631397183,0.0,3008.260810558759,0.0,1771.5626445207622,0.0,11.709535566424291,0.0,10.768391485922091,0.0,8.52857856851217,0.0
Antus,313.77647058823527,0.0,16.364335617431067,0.0,313.344149841746,0.0,212.0,0.0,136.95748438179362,0.0,11.736342117930015,0.0,14.560219778561036,0.0,9.552422261566107,0.0,606.2316970633419,0.0,136.62056785881853,0.0,99.97182672445912,0.0,5.352780144023818,0.0,15.95431423041253,0.0,39686.449477993636,0.0,3875.6985575400086,0.0,11.736342130353135,0.0,10.778740542743488,0.0,8.617319802800253,0.0
Anzug,378.72156862745095,0.0,17.98722943964033,0.0,342.5138663816377,0.0,231.0,0.0,155.06753447770873,0.0,12.616890102446138,0.0,15.198684153570664,0.0,10.41692408866151,0.0,6098.81515901052,0.0,642.8686688338418,0.0,475.8616932688163,0.0,5.7086359096527195,0.0,32.870338127578556,0.0,39685.988408556834,0.0,3875.7055038326753,0.0,12.616890114246877,0.0,11.756741128471294,0.0,9.390597981644007,0.0
Apfel,335.10196078431375,0.0,16.995406575752313,0.0,349.03185357283985,0.0,241.0,0.0,166.68511263946863,0.0,13.016640451123347,0.0,15.524174696260024,0.0,10.969413874498498,0.0,2088.313106196552,0.0,994.5109163142007,0.0,932.1026425160861,0.0,7.546946393760257,0.0,23.614693646038305,0.0,3034.0110740929986,0.0,1809.3124415985897,0.0,13.016640452477692,0.0,12.412045174520422,0.0,10.111184585573772,0.0
Arahn,341.9921568627451,0.0,16.98872774619831,0.0,308.10439441577967,0.0,203.0,0.0,132.63529296005402,0.0,11.655128493199493,0.0,14.247806848775006,0.0,9.443432074979443,0.0,605.0316352537817,0.0,134.22841949869786,0.0,97.783550176157,0.0,4.637650296767216,0.0,17.79523745418911,0.0,13289.643332903834,0.0,5767.845896035373,0.0,11.655128619025202,0.0,10.560311337131395,0.0,8.532770667051706,0.0
Arcer,274.678431372549,0.0,15.202149324961379,0.0,290.51403192624196,0.0,150.0,0.0,97.1683813884616,0.0,10.81226258804471,0.0,12.24744871391589,0.0,8.066678638323866,0.0,604.3873925060362,0.0,118.0567690781197,0.0,86.98743543598599,0.0,6.261894473222354,0.0,16.0150281531671,0.0,3009.411833203263,0.0,1770.958255988945,0.0,10.812262547826569,0.0,8.679563026548648,0.0,7.147737060696979,0.0
Arche,316.0549019607844,0.0,16.327771102902364,0.0,292.4492330869437,0.0,157.0,0.0,102.7150140165227,0.0,10.964228966507514,0.0,12.529964086141668,0.0,8.335695427195594,0.0,604.511416629129,0.0,117.89765464815028,0.0,87.08000284471667,0.0,3.6708421557579625,0.0,12.159065830233436,0.0,13288.629037815952,0.0,5766.940721048327,0.0,10.964229197935316,0.0,9.230464648818893,0.0,7.443025237720003,0.0
Ardal,323.6392156862745,0.0,16.65958050050789,0.0,343.44737369455993,0.0,246.0,0.0,168.47152098207334,0.0,12.900974311101118,0.0,15.684387141358123,0.0,10.976197369899761,0.0,1043.7392789651383,0.0,316.7624746816912,0.0,281.16756452280276,0.0,4.375679576850722,0.0,18.838720086142217,0.0,7622.355344282883,0.0,10092.688024853216,0.0,12.900974362514289,0.0,12.283998622180569,0.0,10.058008463433213,0.0
Arena,316.5019607843137,0.0,16.353222360868397,0.0,295.01019621503076,0.0,173.0,0.0,112.76962466381619,0.0,11.111778567013916,0.0,13.152946437965905,0.0,8.700580090462449,0.0,606.604429663364,0.0,146.74710186729584,0.0,108.02791073935637,0.0,2.911026901801857,0.0,17.220652531205893,0.0,17854.96659777023,0.0,8525.04761801565,0.0,11.111778588094614,0.0,9.78498237349206,0.0,7.778544578103916,0.0
Argon,363.313725490196,0.0,17.51335536958645,0.0,335.8407519209459,0.0,214.0,0.0,144.43541482162146,0.0,12.408992470846762,0.0,14.628738838327793,0.0,10.055405164571182,0.0,2894.5185530680856,0.0,246.6080788658789,0.0,179.96655620022625,0.0,3.7206320261819497,0.0,15.593706583837625,0.0,22556.358585524507,0.0,1519.4951693904386,0.0,12.408992541006983,0.0,11.13554297611812,0.0,9.009773601664913,0.0
Arier,272.19607843137254,0.0,15.242776571245894,0.0,308.5409714083087,0.0,191.0,0.0,124.3622750715509,0.0,11.548451370336366,0.0,13.820274961085254,0.0,9.138158291767008,0.0,605.0895640475345,0.0,126.18424810994316,0.0,92.13320778463465,0.0,6.269917097057999,0.0,12.841668807890622,0.0,3043.651135717919,0.0,1773.6840970228914,0.0,11.548451357547414,0.0,9.962412644105212,0.0,8.235671186030562,0.0
Arman,367.46666666666664,0.0,17.598257576885466,0.0,368.1874200529713,0.0,272.0,0.0,187.418434531885,0.0,13.584278975024983,0.0,16.492422502470642,0.0,11.589856060948835,0.0,682.541219188373,0.0,361.6883754782683,0.0,255.48053086509745,0.0,3.5980103993240826,0.0,15.277734899946523,0.0,7622.792860157292,0.0,10092.250754086263,0.0,13.584278932278782,0.0,13.168581361109705,0.0,10.727920452694491,0.0
Armee,355.01176470588234,0.0,17.3524657074553,0.0,352.19322245786384,0.0,227.0,0.0,158.74552104360671,0.0,13.03581560089138,0.0,15.066519173319364,0.0,10.763109479174924,0.0,681.4838867112227,0.0,356.43482617749686,0.0,252.3052938714003,0.0,4.122228389012163,0.0,13.654307920362596,0.0,3007.0611289046205,0.0,1772.3436096719572,0.0,13.035815623024055,0.0,12.220671906082378,0.0,9.976313314514886,0.0
Armen,366.19607843137254,0.0,17.626749097239234,0.0,361.0875347816683,0.0,249.0,0.0,173.0628072150594,0.0,13.349962438030074,0.0,15.7797338380595,0.0,11.191516425658033,0.0,681.590624890249,0.0,357.5270410875815,0.0,252.92921852632833,0.0,3.6116221404106685,0.0,12.800705624624978,0.0,3010.077602764141,0.0,1772.4002837827354,0.0,13.34996245440941,0.0,12.655915437746694,0.0,10.3921149680379,0.0
Armöt,356.2313725490196,0.0,17.341337429747583,0.0,385.4281458530706,0.0,297.0,0.0,203.94005983279413,0.0,14.021720873954399,0.0,17.233687939614086,0.0,12.081075975504579,0.0,756.6354000095914,0.0,653.2909918894217,0.0,405.31036235175026,0.0,5.503151126246775,0.0,22.611053820090373,0.0,11919.65909346391,0.0,10780.848139003836,0.0,14.02172086299345,0.0,13.854028731933425,0.0,11.153006359061585,0.0
Aroma,362.1333333333334,0.0,17.423746981116782,0.0,391.44405344130917,0.0,294.0,0.0,208.10701952643763,0.0,14.299598005682853,0.0,17.146428199482248,0.0,12.375704355954234,0.0,1018.2565727401262,0.0,823.2562083922631,0.0,593.2696420691551,0.0,5.309547514895082,0.0,20.57494372781348,0.0,4522.160284155485,0.0,720.1844787433109,0.0,14.299598156703311,0.0,14.008483422517457,0.0,11.476830045225311,0.0
Arten,298.0862745098039,0.0,15.961450099328582,0.0,304.1481096403385,0.0,181.0,0.0,118.6533809863962,0.0,11.435383565085413,0.0,13.45362404707371,0.0,8.948305305567123,0.0,603.782803745114,0.0,121.46834051001235,0.0,89.31458028365235,0.0,5.182024670155283,0.0,11.525229416603699,0.0,3010.623489547495,0.0,1771.1709651701374,0.0,11.435383588299189,0.0,9.662608229525306,0.0,8.083979102249224,0.0
Artis,262.65098039215684,0.0,14.97285510014899,0.0,342.7355602220066,0.0,248.0,0.0,166.81248063511984,0.0,12.822606377628906,0.0,15.748015748023622,0.0,10.762386224809125,0.0,609.7459203056771,0.0,153.78609328295542,0.0,114.19748504864216,0.0,7.20702110213059,0.0,14.137111281737578,0.0,8167.917954721116,0.0,4920.712740518391,0.0,12.822607115496984,0.0,11.620125192139142,0.0,9.851281031652528,0.0
Asien,306.8666666666667,0.0,16.17856575855365,0.0,305.6089135596494,0.0,185.0,0.0,121.28212195109887,0.0,11.477709447367664,0.0,13.601470508735444,0.0,9.043016451162622,0.0,662.4406532839643,0.0,291.8518246297436,0.0,233.21443544412364,0.0,4.7494534890880375,0.0,20.192750639328104,0.0,3027.428553285299,0.0,1772.054025220957,0.0,11.477709473410917,0.0,9.917701603752153,0.0,8.157691136189902,0.0
Astän,319.4666666666667,0.0,16.409511406210182,0.0,318.39692520346784,0.0,215.0,0.0,141.46366343831482,0.0,11.963974155574036,0.0,14.66287829861518,0.0,9.791814325109593,0.0,698.0725264380079,0.0,373.5365749077853,0.0,292.418585471679,0.0,4.633634779006272,0.0,59.3383454441858,0.0,7912.550061135943,0.0,12084.963138195817,0.0,11.96397418370781,0.0,10.939091660387493,0.0,8.876314863520154,0.0
Athen,339.4627450980392,0.0,17.036979026919834,0.0,309.2781203229519,0.0,189.0,0.0,125.71207218730274,0.0,11.671950786043366,0.0,13.74772708486752,0.0,9.280755698917979,0.0,608.5345017599622,0.0,131.6898418891679,0.0,98.93840959657581,0.0,3.161171438095661,0.0,13.987257193459483,0.0,3000.9742626396164,0.0,1774.5991718848093,0.0,11.671950775925255,0.0,10.468068731534876,0.0,8.443717733647926,0.0
Atmen,364.9372549019607,0.0,17.64484212657242,0.0,364.2677972607344,0.0,258.0,0.0,179.29782856388846,0.0,13.46688419770604,0.0,16.06237840420901,0.0,11.385929728490321,0.0,683.7500852095744,0.0,360.65180291861503,0.0,255.81883910984078,0.0,3.690946539084246,0.0,14.6060916992615,0.0,3003.686612996641,0.0,1775.2734860189935,0.0,13.466884208974408,0.0,12.954645964867193,0.0,10.58582041681403,0.0
Augen,381.43921568627445,0.0,18.02921845741832,0.0,325.7364098312697,0.0,197.0,0.0,133.58486534010765,0.0,12.099734140641667,0.0,14.035668847618199,0.0,9.68332611907139,0.0,2893.0808612817927,0.0,233.7599230873166,0.0,170.6809452343541,0.0,3.5501325713529317,0.0,11.291840369410021,0.0,2997.9706652104996,0.0,1771.0310930529265,0.0,12.099734165735049,0.0,10.998545241691733,0.0,8.763383200760657,0.0
Aurer,296.25098039215686,0.0,15.876124656296584,0.0,298.97507030476885,0.0,170.0,0.0,110.8429727740214,0.0,11.195990139553224,0.0,13.038404810405298,0.0,8.619916685901128,0.0,603.0734655172447,0.0,114.19423928689072,0.0,83.60153887761629,0.0,7.950219530457302,0.0,12.176874652572195,0.0,3007.2498702347275,0.0,1772.43873252764,0.0,11.195990155518635,0.0,9.57819592770874,0.0,7.731938146092296,0.0
Autor,300.84313725490193,0.0,16.00537443376725,0.0,314.22435991523116,0.0,208.0,0.0,135.09712587278273,0.0,11.75721431112145,0.0,14.422205101855956,0.0,9.495540649385207,0.0,609.5423761155683,0.0,136.5244727803943,0.0,98.62489395545825,0.0,7.06136438490861,0.0,15.775733410946325,0.0,22556.732009885454,0.0,1520.35193347387,0.0,11.757214296382534,0.0,10.566601799162253,0.0,8.535222249900324,0.0
Babys,370.50588235294117,0.0,17.70345541745455,0.0,356.05186418006286,0.0,261.0,0.0,176.87486835404798,0.0,13.133952747048527,0.0,16.15549442140351,0.0,11.12098446155876,0.0,104004.25713391998,0.0,3231.399520358289,0.0,2346.0612606160507,0.0,7.999043206147991,0.0,36.25151722864716,0.0,21766.459499124358,0.0,6879.247311903825,0.0,13.13395293513467,0.0,12.91413504947023,0.0,10.208154462688844,0.0
Backe,359.9686274509804,0.0,17.428115445937472,0.0,309.41263730523553,0.0,189.0,0.0,125.78806693364302,0.0,11.617128086395686,0.0,13.74772708486752,0.0,9.267904466634198,0.0,606.2273705911404,0.0,145.35021510599867,0.0,99.28141584971077,0.0,5.553010900800147,0.0,14.836317673448315,0.0,5962.247023179256,0.0,5522.619228335168,0.0,11.617128139841647,0.0,10.84774506615112,0.0,8.510683573964402,0.0
Bahre,358.1411764705882,0.0,17.463821668862025,0.0,321.4180204315676,0.0,212.0,0.0,142.03247700154049,0.0,12.114123050767759,0.0,14.560219778561036,0.0,9.878497745623289,0.0,604.2978344408856,0.0,113.79086651899578,0.0,81.56813721410467,0.0,8.800951420291057,0.0,12.68194247859873,0.0,2451.3372353628893,0.0,2724.3714851483087,0.0,12.114123377796059,0.0,11.703785712022514,0.0,9.117581594939837,0.0
Banco,352.0901960784314,0.0,17.25527227766614,0.0,307.6684108486387,0.0,195.0,0.0,127.85741621312687,0.0,11.563573671043528,0.0,13.96424004376894,0.0,9.264629579553889,0.0,694.1126852411153,0.0,210.44893832605885,0.0,159.62443285208224,0.0,7.834418279183192,0.0,18.057937672039305,0.0,290.1789770997548,0.0,1438.2949212364936,0.0,11.563573652413371,0.0,11.407431813835359,0.0,8.439432891685785,0.0
Banda,388.16078431372546,0.0,18.202764576186517,0.0,319.6375941420061,0.0,214.0,0.0,143.6171616234717,0.0,12.079230483210535,0.0,14.628738838327793,0.0,9.969478486522448,0.0,727.6844487945488,0.0,167.1329344441733,0.0,128.98527322113415,0.0,4.092927026995525,0.0,16.096407850130017,0.0,922.2840762458128,0.0,7603.33908697759,0.0,12.079230172770258,0.0,11.950378100039046,0.0,9.150146923697452,0.0
Bande,386.89019607843136,0.0,18.230311358029194,0.0,311.74152685770775,0.0,194.0,0.0,130.29583026915716,0.0,11.777614456195852,0.0,13.92838827718412,0.0,9.512161492636384,0.0,724.8910401417809,0.0,140.86222150496826,0.0,111.15112847063796,0.0,4.287339143883607,0.0,11.017784490385987,0.0,921.5404604976407,0.0,7603.192059559865,0.0,11.777614080478301,0.0,11.437617009364933,0.0,8.764586930649152,0.0
Bands,378.60392156862747,0.0,17.987502175821486,0.0,323.36701552914,0.0,220.0,0.0,146.8084430093021,0.0,12.173735732192334,0.0,14.832396974191326,0.0,10.07023515148396,0.0,726.2416119234298,0.0,149.92150215187658,0.0,117.31337310456965,0.0,5.630548338612266,0.0,13.149707050195394,0.0,934.4669174374873,0.0,7603.2808580112005,0.0,12.17373548979313,0.0,12.02923803807501,0.0,9.243747238289933,0.0
Banja,357.6901960784313,0.0,17.46423598784055,0.0,351.4501875038608,0.0,260.0,0.0,178.52930198665473,0.0,13.146265219641686,0.0,16.1245154965971,0.0,11.231918529470956,0.0,94669.0239617059,0.0,6351.891526644793,0.0,5733.828170527537,0.0,7.536251364189066,0.0,48.20854733797379,0.0,11906.141622181281,0.0,1049.1520229170278,0.0,13.146266058652536,0.0,13.138372292011626,0.0,10.495315079028533,0.0
Banjo,362.2705882352941,0.0,17.592204505455932,0.0,356.92951125094993,0.0,266.0,0.0,182.93603409046986,0.0,13.296798791854522,0.0,16.30950643030009,0.0,11.387146300737468,0.0,94669.5520527128,0.0,6354.0889692468645,0.0,5735.328702601141,0.0,6.750502959455657,0.0,49.416103537633425,0.0,11906.738659873023,0.0,1048.9706869074812,0.0,13.296799645945493,0.0,13.360204116028163,0.0,10.642754342274262,0.0
Bantu,350.6666666666667,0.0,17.36503090543722,0.0,333.1521951175256,0.0,242.0,0.0,161.47484831450296,0.0,12.52420340973147,0.0,15.556349186104045,0.0,10.497671156567518,0.0,602.7627417695563,0.0,118.66422968700171,0.0,83.40960079529289,0.0,7.992623643324733,0.0,17.329130766123075,0.0,13874.14851344586,0.0,3397.1809120065222,0.0,12.52420337315093,0.0,12.357232777267702,0.0,9.700874290250868,0.0
Barde,359.8196078431373,0.0,17.562695076843088,0.0,314.6753640613092,0.0,189.0,0.0,127.88635926361965,0.0,11.840526071599044,0.0,13.74772708486752,0.0,9.461391128080386,0.0,725.1225222344805,0.0,141.00095577085835,0.0,111.54464827211466,0.0,5.608583934404602,0.0,10.95989419467459,0.0,935.3982294132228,0.0,7603.3992706432045,0.0,11.840525513269576,0.0,11.067345219791676,0.0,8.664819965771743,0.0
Bares,324.36470588235295,0.0,16.583186085486314,0.0,302.1480020045781,0.0,176.0,0.0,115.45882575172274,0.0,11.334114535658902,0.0,13.2664991614216,0.0,8.820182285399103,0.0,601.3987609958348,0.0,101.81961931091892,0.0,72.48142098756368,0.0,10.052563061340269,0.0,11.446886800710603,0.0,2963.9283416619305,0.0,1773.205465882813,0.0,11.334114589074009,0.0,10.447672675025776,0.0,7.9809229135957285,0.0
Bargs,366.5960784313726,0.0,17.601297530025576,0.0,340.0132301325609,0.0,222.0,0.0,150.71109413299638,0.0,12.563204775003902,0.0,14.89966442575134,0.0,10.292102339208261,0.0,4814.6689860027545,0.0,348.8648474614714,0.0,258.4845949039162,0.0,6.178246418001645,0.0,13.328475693173369,0.0,25190.569780011192,0.0,9870.834760144222,0.0,12.563204750972512,0.0,11.857964095566494,0.0,9.339310031435437,0.0
Barke,357.56470588235294,0.0,17.403091374485644,0.0,318.03462705669347,0.0,206.0,0.0,137.3072350408978,0.0,11.961483250838423,0.0,14.352700094407323,0.0,9.68462601509079,0.0,605.7117766044839,0.0,147.3383799250357,0.0,100.89147414255278,0.0,5.707331679362727,0.0,12.323660177154753,0.0,5965.203592371902,0.0,5523.187148435358,0.0,11.961483343391953,0.0,11.27746675424354,0.0,8.901703569533614,0.0
Basam,392.48627450980393,0.0,18.181611896351704,0.0,376.3140022403444,0.0,284.0,0.0,196.89092484290245,0.0,13.82194594244317,0.0,16.852299546352718,0.0,11.917369827013031,0.0,769.2458852701625,0.0,478.783064968896,0.0,336.70511851577044,0.0,6.63731525789048,0.0,14.652377845931674,0.0,7604.829108047513,0.0,10092.77791349399,0.0,13.821945928847999,0.0,14.246630581945155,0.0,11.056603054829482,0.0
Basar,325.63529411764705,0.0,16.552898439586027,0.0,308.52576680473874,0.0,199.0,0.0,129.56025125636586,0.0,11.575466716427846,0.0,14.106735979665885,0.0,9.300367396378782,0.0,603.4695241725798,0.0,117.32785713146316,0.0,82.2636682948315,0.0,11.114342696506249,0.0,13.606236134187393,0.0,7603.290353691862,0.0,10092.197950933552,0.0,11.575466696078221,0.0,10.969424590519052,0.0,8.353529433951957,0.0
Basen,351.4352941176471,0.0,17.288668386963376,0.0,301.1320706023572,0.0,172.0,0.0,113.9222750912776,0.0,11.333456710752452,0.0,13.114877048604,0.0,8.79436280520294,0.0,601.9036358626798,0.0,100.51079542697235,0.0,71.94877759509569,0.0,6.411269518153452,0.0,10.664676713518151,0.0,2958.2463085964123,0.0,1771.561502166745,0.0,11.33345677240685,0.0,10.277784530108832,0.0,7.95847499319811,0.0
Basis,316.0,0.0,16.380371032766263,0.0,339.7195211840253,0.0,239.0,0.0,162.0813747400012,0.0,12.731790056762785,0.0,15.459624833740307,0.0,10.634735848146743,0.0,607.8851866066649,0.0,137.8333223075619,0.0,101.1958395272178,0.0,11.941303260718405,0.0,13.01282744494222,0.0,8147.403039518258,0.0,4920.637631082155,0.0,12.73179103412492,0.0,12.136481112787783,0.0,9.748556194141782,0.0
Batik,340.34117647058827,0.0,17.06787904791208,0.0,365.36697783496516,0.0,293.0,0.0,199.5172225794219,0.0,13.597148472811527,0.0,17.11724276862369,0.0,11.829181508248217,0.0,665.3542835627958,0.0,348.86498393581184,0.0,248.32506828678015,0.0,8.364900271483005,0.0,15.763654625314409,0.0,8149.175726094398,0.0,4920.795326109043,0.0,13.597149385046945,0.0,13.559953642825443,0.0,11.109059203353826,0.0
Bauch,368.63529411764705,0.0,17.702330870882705,0.0,320.10898437944604,0.0,209.0,0.0,137.89055661308586,0.0,11.97767999822033,0.0,14.45683229480096,0.0,9.681261348941964,0.0,647.8135072328222,0.0,250.6125349208233,0.0,178.801180402344,0.0,6.218256459079231,0.0,13.860464138229172,0.0,379.9501191552535,0.0,1439.0110366875897,0.0,11.977679985995266,0.0,11.65990685197534,0.0,8.873811526408073,0.0
Bauda,385.0666666666667,0.0,18.145584944542936,0.0,323.02427792483417,0.0,219.0,0.0,145.72589460045532,0.0,12.13240223761812,0.0,14.798648586948742,0.0,10.007201355673441,0.0,727.9210159377996,0.0,168.65592291552753,0.0,129.59863716017202,0.0,4.175404826565708,0.0,17.099086010360672,0.0,935.1371008134192,0.0,7603.204188644529,0.0,12.132401934610401,0.0,11.95275645292433,0.0,9.129032376653637,0.0
Bauts,331.1960784313726,0.0,16.82724169472442,0.0,334.5284221001635,0.0,242.0,0.0,160.44987704215296,0.0,12.516541043716602,0.0,15.556349186104045,0.0,10.452718920008863,0.0,603.5622190191613,0.0,121.47491198724055,0.0,86.32763341509205,0.0,11.244621374007744,0.0,12.324243054870838,0.0,13873.945034509668,0.0,3397.169201269107,0.0,12.516540924981953,0.0,12.263432032896306,0.0,9.583874519150537,0.0
Bcckt,328.07058823529405,0.0,16.66280462751077,0.0,327.85652797127295,0.0,229.0,0.0,150.28266055339634,0.0,12.185568303902306,0.0,15.132745950421556,0.0,10.052738639264337,0.0,623.417304230392,0.0,149.16678529847877,0.0,101.58453287813423,0.0,8.274804563288786,0.0,20.02720253102559,0.0,5966.688736558499,0.0,5522.563405308304,0.0,12.185568315509105,0.0,11.73082060685244,0.0,9.187286448935783,0.0
Bcdfw,384.37254901960785,0.0,18.125883451669292,0.0,410.5695972391313,0.0,337.0,0.0,237.96326294277108,0.0,14.891465729633627,0.0,18.35755975068582,0.0,13.201468623734774,0.0,335132.40668791725,0.0,34398.845714163115,0.0,26926.287751949243,0.0,4.472316800912088,0.0,144.98697311024512,0.0,21865.87361022548,0.0,5820.62533389184,0.0,14.891465835071253,0.0,14.770363719405166,0.0,12.373355098556441,0.0
Bdhnf,408.44313725490196,0.0,18.76994456347172,0.0,352.77834838189887,0.0,269.0,0.0,182.158352374878,0.0,13.168128569040269,0.0,16.401219466856727,0.0,11.309105107768584,0.0,6360.309587407838,0.0,1271.2809470511568,0.0,1225.9959998499078,0.0,7.65922766820203,0.0,31.950207423491804,0.0,17848.510869512418,0.0,8525.294684736446,0.0,13.168128566581176,0.0,13.45994147793535,0.0,10.478829393020549,0.0
Beben,382.43137254901956,0.0,18.17042224389235,0.0,310.7493706923416,0.0,185.0,0.0,123.99268382081414,0.0,11.677388347267902,0.0,13.601470508735444,0.0,9.246817720688142,0.0,618.2135682323001,0.0,108.54178039923146,0.0,78.74538018059462,0.0,5.124251356770323,0.0,9.564001053979254,0.0,2957.8966752404094,0.0,1771.8332805979833,0.0,11.677388386295327,0.0,11.131564412902149,0.0,8.479776524919371,0.0
Beere,331.38039215686274,0.0,16.876009375026726,0.0,307.3743582196263,0.0,180.0,0.0,119.9784832135008,0.0,11.54407530456042,0.0,13.416407864998739,0.0,9.059053082400467,0.0,601.3428127387709,0.0,104.18855819468449,0.0,74.62157981578996,0.0,9.792696860280971,0.0,13.818921048495953,0.0,2447.9553526115665,0.0,2723.5306222879367,0.0,11.544075572158548,0.0,10.671166260612832,0.0,8.313977800565068,0.0
Beete,330.121568627451,0.0,16.894906402837233,0.0,315.6620717348277,0.0,191.0,0.0,129.43691672246717,0.0,11.882588604531081,0.0,13.820274961085254,0.0,9.484244701938538,0.0,601.7087632203728,0.0,103.95062144587364,0.0,74.91223535577707,0.0,9.912274060462181,0.0,11.468872847473346,0.0,13871.417994191857,0.0,3396.6328954063106,0.0,11.882588486006153,0.0,11.1156218758224,0.0,8.74910173700239,0.0
Beine,342.48627450980393,0.0,17.219245690370084,0.0,302.41643829808265,0.0,189.0,0.0,122.99736327700549,0.0,11.405007422300141,0.0,13.74772708486752,0.0,9.06393590529965,0.0,601.1328202088521,0.0,96.6845814659921,0.0,67.24469704523737,0.0,6.829280923957061,0.0,8.869629511533327,0.0,17852.504365206416,0.0,8525.431210397606,0.0,11.40500745622833,0.0,10.761771641263593,0.0,8.279011789585395,0.0
Bekem,423.14509803921567,0.0,18.98535666722178,0.0,384.6779177684483,0.0,284.0,0.0,199.44739398090218,0.0,14.067227376219641,0.0,16.852299546352718,0.0,12.072635164983648,0.0,776.7023492039975,0.0,500.9559047585899,0.0,352.10834527344355,0.0,4.241077502113451,0.0,22.168734746914087,0.0,2967.8104794812907,0.0,1774.9943201806204,0.0,14.06722737885531,0.0,14.365889470559894,0.0,11.3231729060483,0.0
Betel,321.27450980392155,0.0,16.747944378560113,0.0,325.2470979844263,0.0,216.0,0.0,145.30012834205672,0.0,12.248816228832254,0.0,14.696938456699069,0.0,10.055741737963382,0.0,708.8335310061001,0.0,233.48558430191954,0.0,211.54448261675182,0.0,10.502119646730357,0.0,13.838993603028134,0.0,2965.5295589116854,0.0,1773.750919612639,0.0,12.248816250478102,0.0,11.628034199863835,0.0,9.26010158234532,0.0
Beule,346.5098039215686,0.0,17.368738572066054,0.0,333.6425966714802,0.0,225.0,0.0,153.28740831301184,0.0,12.55548281799894,0.0,15.0,0.0,10.384184915855641,0.0,613.213504233201,0.0,135.98636898550004,0.0,109.32863953053563,0.0,8.457120676612131,0.0,12.588295509047441,0.0,24639.568806318315,0.0,13222.849516554326,0.0,12.555483728643788,0.0,11.991598102409148,0.0,9.632797935529098,0.0
Beuns,358.2549019607843,0.0,17.533325439321793,0.0,305.0898238181328,0.0,201.0,0.0,128.35345442383698,0.0,11.446443251978824,0.0,14.177446878757825,0.0,9.179516372931596,0.0,601.5439250467996,0.0,105.12538966714244,0.0,73.49319863870814,0.0,7.672683832196875,0.0,12.9222217411944,0.0,17848.74204177431,0.0,8525.120896993445,0.0,11.4464432574164,0.0,11.121234205554531,0.0,8.282287806421385,0.0
Bezug,394.8705882352941,0.0,18.436610853452162,0.0,344.07596131626553,0.0,231.0,0.0,155.0086650200385,0.0,12.650676868952862,0.0,15.198684153570664,0.0,10.40088952382072,0.0,6098.468839030854,0.0,638.1088632023444,0.0,471.8422067544909,0.0,5.8780603540745595,0.0,32.611998889678915,0.0,39682.75433298148,0.0,3876.160079570114,0.0,12.65067685130747,0.0,12.182669859821702,0.0,9.411420751712502,0.0
Bgrkq,425.7450980392157,0.0,19.06156399243658,0.0,386.97551752782283,0.0,291.0,0.0,205.09673227454104,0.0,14.13560509429853,0.0,17.05872210923198,0.0,12.243754090546723,0.0,1391578.3250489437,0.0,305395.05426310527,0.0,294184.1880894189,0.0,5.014340045105559,0.0,389.46964832968456,0.0,5981.706067047843,0.0,5536.204130368128,0.0,14.135605171892498,0.0,13.9868057902589,0.0,11.451796864500809,0.0
Bgtts,346.92156862745094,0.0,17.256414817814136,0.0,378.42590380062836,0.0,291.0,0.0,200.71171468616325,0.0,13.858091924962642,0.0,17.05872210923198,0.0,11.95317825097029,0.0,98554.9755159381,0.0,9191.520788967551,0.0,6923.530092689751,0.0,14.394599382655914,0.0,41.204793788962334,0.0,13875.241014572397,0.0,3398.128211754956,0.0,13.858091804956004,0.0,13.629884978521012,0.0,11.116131765396887,0.0
Bhrps,375.26666666666665,0.0,17.890492213725302,0.0,347.9823065299171,0.0,241.0,0.0,165.44085099478892,0.0,12.969536519132246,0.0,15.524174696260024,0.0,10.85270423251297,0.0,2093.8246415502745,0.0,615.6886107423214,0.0,567.2786583890238,0.0,8.46356451676795,0.0,25.9732003024415,0.0,28940.595396187247,0.0,3077.5422785735605,0.0,12.96953651652147,0.0,12.537980032981908,0.0,9.998636111154005,0.0
Bhthl,372.2549019607843,0.0,17.968628734776274,0.0,360.09649011491115,0.0,284.0,0.0,193.58310379265438,0.0,13.496274634508264,0.0,16.852299546352718,0.0,11.684938546693758,0.0,733.7016710331689,0.0,305.37623740377563,0.0,256.69415761932913,0.0,8.744835617705212,0.0,21.107151482765982,0.0,13282.781716232845,0.0,5768.286731211519,0.0,13.496274726111704,0.0,13.553677315417312,0.0,10.871610740451358,0.0
Bhwxz,398.3607843137255,0.0,18.444944523359762,0.0,404.4452325852746,0.0,341.0,0.0,235.27746686693393,0.0,14.726398981177336,0.0,18.466185312619388,0.0,12.9758121453944,0.0,1420.056423507023,0.0,732.0879860332861,0.0,510.5613500894771,0.0,8.478424514124526,0.0,179.8018473148107,0.0,32643.527311963557,0.0,1958.1242127014057,0.0,14.726399128760049,0.0,14.41064705170569,0.0,12.079462323768377,0.0
Bibel,346.43529411764706,0.0,17.419315179715234,0.0,345.90346290014077,0.0,246.0,0.0,168.12551766011268,0.0,12.92255440573577,0.0,15.684387141358123,0.0,10.895878515119483,0.0,724.6184529437722,0.0,241.09975444009038,0.0,216.62232549356997,0.0,8.138806605782117,0.0,14.073178750197384,0.0,2966.824252820924,0.0,1775.527236847393,0.0,12.922554380112407,0.0,12.673349187051434,0.0,10.077202703656116,0.0
Biegi,357.56862745098044,0.0,17.59313941291187,0.0,358.8941516728638,0.0,256.0,0.0,175.0200742897447,0.0,13.188513595791884,0.0,16.0,0.0,11.119789688232581,0.0,4842.472959519652,0.0,424.6602206776523,0.0,317.506505076511,0.0,5.856972343093173,0.0,19.601453474706272,0.0,25191.143509662572,0.0,9870.976733404885,0.0,13.188513647189781,0.0,12.775113575653851,0.0,10.21027700625742,0.0
Biere,315.41568627450977,0.0,16.510797324684503,0.0,321.2714417995344,0.0,209.0,0.0,139.33981936225194,0.0,12.041836775323677,0.0,14.45683229480096,0.0,9.747395711093802,0.0,601.963040284781,0.0,107.71616109074185,0.0,76.73407468268591,0.0,8.99760353048692,0.0,13.04349704808084,0.0,2459.1142107081832,0.0,2724.0944026564307,0.0,12.041836876106705,0.0,11.2531410846558,0.0,8.983770108307384,0.0
Biest,305.8705882352941,0.0,16.26193655583319,0.0,326.8245558276613,0.0,234.0,0.0,153.15229186645132,0.0,12.209316716481911,0.0,15.297058540778355,0.0,10.116063276332039,0.0,602.9957729405082,0.0,103.6647766745798,0.0,72.52462700556794,0.0,11.87025084571006,0.0,10.233848283245033,0.0,1673.7785046563754,0.0,4493.586278113625,0.0,12.209316692913298,0.0,11.86220419257377,0.0,9.242526745657912,0.0
Binde,369.65490196078434,0.0,17.92078687100889,0.0,324.9059752434836,0.0,217.0,0.0,145.67411754744472,0.0,12.221083157382077,0.0,14.730919862656235,0.0,10.040729533593241,0.0,725.3754104045887,0.0,141.72665256435812,0.0,111.70598595612175,0.0,3.7584113609529903,0.0,10.939884876756686,0.0,953.8251717398316,0.0,7603.416781187885,0.0,12.221083076483788,0.0,11.780053892686913,0.0,9.26048045118652,0.0
Blama,391.92549019607844,0.0,18.287176036276794,0.0,410.34781019332996,0.0,338.0,0.0,239.24447233902882,0.0,14.936600554181666,0.0,18.384776310850235,0.0,13.23760630660078,0.0,1018.1407368193618,0.0,821.8555791889165,0.0,592.9513070336972,0.0,4.319523231063593,0.0,18.703963777425106,0.0,4499.180243958162,0.0,727.9093106400497,0.0,14.936600717138,0.0,15.247686002617808,0.0,12.411508358792734,0.0
Blete,321.27450980392155,0.0,16.747944378560113,0.0,338.02434262987515,0.0,230.0,0.0,157.9779575404956,0.0,12.694925710226485,0.0,15.165750888103101,0.0,10.549044580794561,0.0,609.3826106050124,0.0,133.22824889975246,0.0,104.92233315403735,0.0,9.487773294584265,0.0,13.308665156184954,0.0,13874.849631355331,0.0,3397.6292324966635,0.0,12.69492551689913,0.0,12.057796870573688,0.0,9.810263850999197,0.0
Bljts,309.68627450980387,0.0,16.432002421358995,0.0,386.0758681463444,0.0,309.0,0.0,212.85469944212988,0.0,14.141315216005314,0.0,17.578395831246947,0.0,12.297676296950897,0.0,101370.03816731392,0.0,6558.801135274032,0.0,5882.63541127854,0.0,11.598197050216676,0.0,52.47694903858413,0.0,13878.742128981521,0.0,3403.540843865554,0.0,14.141315024156167,0.0,13.793511280483278,0.0,11.455209060796985,0.0
Bllly,327.0,0.0,16.938380760605018,0.0,402.8110570890884,0.0,336.0,0.0,235.03883915823775,0.0,14.744256715001262,0.0,18.33030277982336,0.0,13.029115262476092,0.0,7278.582233458995,0.0,485.8737697587154,0.0,346.28397900142943,0.0,8.378849951045762,0.0,15.915407966631278,0.0,24642.104126179507,0.0,13223.526080120566,0.0,14.74425766996074,0.0,14.40699618250685,0.0,12.18050486303449,0.0
Bllsd,348.4549019607843,0.0,17.4662871843049,0.0,375.1970941227796,0.0,293.0,0.0,204.38751981973303,0.0,13.941849901629453,0.0,17.11724276862369,0.0,12.142332240596966,0.0,1810.7127088049776,0.0,433.45789598594274,0.0,394.37928045859945,0.0,6.991284935633314,0.0,19.401580191614574,0.0,1682.9181757111494,0.0,4495.441982780565,0.0,13.941849986369549,0.0,13.51327575320033,0.0,11.302295679334907,0.0
Block,355.7019607843137,0.0,17.414967908854614,0.0,353.9781372086268,0.0,264.0,0.0,178.99959218126895,0.0,13.126613886597328,0.0,16.24807680927192,0.0,11.190891521870567,0.0,686.1434011286882,0.0,356.2980995289734,0.0,257.3472143220312,0.0,6.312492798011842,0.0,19.94105082880412,0.0,415.76928649874645,0.0,1439.855140337377,0.0,13.126613893201686,0.0,13.054995714285303,0.0,10.40921409247739,0.0
Blogs,378.21568627450984,0.0,17.990257092379306,0.0,363.0822189462732,0.0,260.0,0.0,178.63174841593542,0.0,13.328070835976153,0.0,16.1245154965971,0.0,11.272511781018029,0.0,4816.293105373412,0.0,366.48616169706054,0.0,274.7726619895239,0.0,4.939978892367021,0.0,18.58974995154005,0.0,25191.646971578255,0.0,9870.906690338523,0.0,13.328070862441646,0.0,12.926762287477452,0.0,10.300941671406022,0.0
Bloht,352.6156862745098,0.0,17.4689764006357,0.0,338.0535121651119,0.0,259.0,0.0,170.83475669361906,0.0,12.660907266435682,0.0,16.09347693943108,0.0,10.757195977579684,0.0,613.6891858593206,0.0,150.29622200605962,0.0,116.04049284456634,0.0,7.526336109833221,0.0,19.14596558650972,0.0,13282.968507783702,0.0,5768.017382991736,0.0,12.660907490093463,0.0,12.8773186290728,0.0,9.877349563548716,0.0
Bluff,341.1764705882353,0.0,17.240098819463963,0.0,380.1345100203692,0.0,309.0,0.0,208.11227718199285,0.0,13.868008664050183,0.0,17.578395831246947,0.0,12.010284425899417,0.0,682.3562885990947,0.0,372.7609398210576,0.0,288.9764176812473,0.0,8.155935044587157,0.0,22.391597196050917,0.0,21867.411420784363,0.0,5819.392789647835,0.0,13.868008853722024,0.0,13.892428722859943,0.0,11.117716049755526,0.0
Blume,397.4745098039216,0.0,18.545723705026333,0.0,404.7657302346847,0.0,321.0,0.0,226.3575203024115,0.0,14.713553985377345,0.0,17.916472867168917,0.0,12.870534509310582,0.0,1015.6047538368259,0.0,815.5194298896747,0.0,588.2503026042976,0.0,4.141924905114373,0.0,16.56514501988019,0.0,4501.4813406703815,0.0,721.3365717009568,0.0,14.713554117528618,0.0,14.930024639561742,0.0,12.09791394461165,0.0
Bluse,338.2235294117647,0.0,17.113709764375155,0.0,328.4592840399031,0.0,225.0,0.0,150.02767349348008,0.0,12.307960694161975,0.0,15.0,0.0,10.133216232846273,0.0,609.9309009749867,0.0,130.06913259772048,0.0,101.3141916533703,0.0,7.907757665571161,0.0,14.036002691008138,0.0,1680.6350681962592,0.0,4493.897501428876,0.0,12.307960721627156,0.0,11.662476375634942,0.0,9.277985544146073,0.0
Blöße,395.88627450980397,0.0,18.370658868599023,0.0,362.0182411939754,0.0,267.0,0.0,184.66122308132304,0.0,13.441048447581533,0.0,16.34013463836819,0.0,11.494393539559885,0.0,839.7367975694942,0.0,948.2490783356265,0.0,566.5286204697774,0.0,3.6861566519083593,0.0,33.676592056276185,0.0,7658.130299267377,0.0,4044.6265999006223,0.0,13.441048574365908,0.0,13.31049064842514,0.0,10.690263587009797,0.0
Bmlll,371.69019607843137,0.0,18.070406538438384,0.0,456.59970531943,0.0,398.0,0.0,287.54729517620217,0.0,16.25878634383789,0.0,19.949937343260004,0.0,14.689025753923394,0.0,1220.8407647697773,0.0,1026.4629517383798,0.0,759.7498287577938,0.0,13.534284459160306,0.0,22.311772475419282,0.0,24641.733558248598,0.0,13224.32829331211,0.0,16.258787203780393,0.0,16.544345223760814,0.0,13.921518327787087,0.0
Boden,391.47058823529414,0.0,18.352939081615432,0.0,325.17514247118845,0.0,211.0,0.0,144.13693931597243,0.0,12.27329611833493,0.0,14.52583904633395,0.0,10.083810390302824,0.0,976.161299088857,0.0,225.5810258588759,0.0,190.80760861456585,0.0,4.993218777093166,0.0,12.079997041171685,0.0,2961.0877142957775,0.0,1772.2948570629824,0.0,12.273296164404217,0.0,12.057796979069261,0.0,9.324556848916943,0.0
Bogen,406.5333333333333,0.0,18.627447678018285,0.0,335.98202388002335,0.0,214.0,0.0,146.2219854030747,0.0,12.469100328559612,0.0,14.628738838327793,0.0,10.148170786400499,0.0,2894.445027131906,0.0,235.0833442716729,0.0,170.5461430235256,0.0,4.962551643185183,0.0,10.78599811892947,0.0,2959.5808292890283,0.0,1771.894677829478,0.0,12.46910037332265,0.0,12.072468787334431,0.0,9.265328387949271,0.0
Bohne,389.79215686274506,0.0,18.25834553986569,0.0,310.5098186243642,0.0,199.0,0.0,132.31178156834977,0.0,11.750127013710665,0.0,14.106735979665885,0.0,9.500059678536603,0.0,611.8526229667589,0.0,119.05803469898423,0.0,85.6178373467223,0.0,6.012734937266923,0.0,12.079918466503628,0.0,17847.588384182003,0.0,8525.252897658325,0.0,11.750127024172428,0.0,11.563964257492396,0.0,8.71164653145412,0.0
Bombe,428.0627450980392,0.0,19.13957475492358,0.0,380.5647152054987,0.0,281.0,0.0,197.2037979093623,0.0,13.95374408919977,0.0,16.76305461424021,0.0,11.971446956398593,0.0,724.9624029826581,0.0,361.477013387723,0.0,254.81429804496952,0.0,4.671649324947155,0.0,16.159134414319144,0.0,20705.00486953329,0.0,4166.494161387209,0.0,13.953744022358169,0.0,14.312808999489905,0.0,11.178663069821642,0.0
Bonus,364.1058823529412,0.0,17.632356838759538,0.0,316.90919163868125,0.0,216.0,0.0,140.97719926687728,0.0,11.881034391156966,0.0,14.696938456699069,0.0,9.719660761817115,0.0,611.2705208715546,0.0,128.85613029620723,0.0,91.65525303227615,0.0,8.197237166061836,0.0,13.79101212108447,0.0,39683.30777472108,0.0,3876.463016700694,0.0,11.881034390795744,0.0,11.768790275891837,0.0,8.84177584538116,0.0
Borke,362.14509803921567,0.0,17.531506213428884,0.0,327.5446748221872,0.0,217.0,0.0,146.24147984659308,0.0,12.288433641235873,0.0,14.730919862656235,0.0,10.047860832376948,0.0,614.8354735270253,0.0,161.82133997054265,0.0,112.5513470645481,0.0,5.885104410284396,0.0,13.105285406647393,0.0,5965.531724200435,0.0,5523.052024589102,0.0,12.288433734945736,0.0,11.668151838117724,0.0,9.229584862686146,0.0
Borte,320.08627450980396,0.0,16.571620103324367,0.0,331.9601346149982,0.0,217.0,0.0,148.3533051251822,0.0,12.462068868375486,0.0,14.730919862656235,0.0,10.187323861933974,0.0,611.1094012967204,0.0,126.99256779626123,0.0,91.99104013746116,0.0,10.968573313194565,0.0,10.875989592183842,0.0,13873.81980536648,0.0,3397.652821249099,0.0,12.462068755294808,0.0,11.708244267450977,0.0,9.370899766463625,0.0
Bosse,336.5450980392157,0.0,16.88182276956692,0.0,317.60209447066177,0.0,193.0,0.0,130.54449827733652,0.0,11.913390625654467,0.0,13.892443989449804,0.0,9.512078416770779,0.0,613.4451254038613,0.0,126.77581720522521,0.0,92.18046408799748,0.0,9.36416473637206,0.0,11.553634455929382,0.0,1652.2420465660007,0.0,4493.335713571633,0.0,11.913390743239635,0.0,10.913228615003284,0.0,8.56899888508755,0.0
Boten,347.15686274509807,0.0,17.27757467636659,0.0,314.2327723161611,0.0,201.0,0.0,133.44592432766828,0.0,11.839284199556937,0.0,14.177446878757825,0.0,9.519688282274476,0.0,609.4974753017048,0.0,117.88148816500038,0.0,83.85230731944591,0.0,7.158135992988655,0.0,10.287472543770816,0.0,2964.733300309693,0.0,1771.7184461153058,0.0,11.839284270487045,0.0,11.182210974302384,0.0,8.734086895354821,0.0
Botin,331.1921568627451,0.0,16.921031959317464,0.0,350.08904655020143,0.0,264.0,0.0,179.40969740769967,0.0,13.138540889717184,0.0,16.24807680927192,0.0,11.174003262165007,0.0,613.9293272928047,0.0,144.69678099208386,0.0,104.89306413159285,0.0,9.62440758003243,0.0,12.388182722024478,0.0,8149.8786866059545,0.0,4920.734480788868,0.0,13.138541844295137,0.0,12.792460603712007,0.0,10.38372022581428,0.0
Boxer,339.4666666666667,0.0,17.007934010345558,0.0,321.8147456215852,0.0,211.0,0.0,139.4202378690385,0.0,12.035092218101932,0.0,14.52583904633395,0.0,9.727034955661134,0.0,617.8900335668176,0.0,164.5736054647069,0.0,124.96395301162768,0.0,11.231086208300646,0.0,39.19571351071373,0.0,2970.3519788747644,0.0,1772.559276206606,0.0,12.035092247227485,0.0,11.29231497263104,0.0,8.818372485588071,0.0
Bqnhs,402.87450980392157,0.0,18.59459765360008,0.0,336.5062109654717,0.0,244.0,0.0,165.4026534979336,0.0,12.714401794890781,0.0,15.620499351813308,0.0,10.781842113585675,0.0,497631.7884718072,0.0,108504.30869783611,0.0,105011.29170396933,0.0,7.399878677067718,0.0,228.58640721497557,0.0,13281.721866714674,0.0,5771.439889859686,0.0,12.714401878655556,0.0,12.851795772035912,0.0,9.98476957592665,0.0
Brand,371.00392156862745,0.0,17.833745427441215,0.0,334.561402616435,0.0,237.0,0.0,160.93459616120776,0.0,12.606960499221325,0.0,15.394804318340652,0.0,10.642305649540027,0.0,1805.0347511086668,0.0,426.32554057387324,0.0,387.0293508120107,0.0,5.381091134532659,0.0,17.110776806815295,0.0,17849.915721985424,0.0,8525.947723065496,0.0,12.606960502975063,0.0,12.141146749828966,0.0,9.803953941148489,0.0
Brata,316.7764705882353,0.0,16.405147305997833,0.0,340.3945320562851,0.0,246.0,0.0,166.9456461823358,0.0,12.791923518124905,0.0,15.684387141358123,0.0,10.770035858415733,0.0,608.2866506512286,0.0,160.06348493112765,0.0,116.30393743661,0.0,8.961613202250533,0.0,16.488035241600816,0.0,13876.032389143016,0.0,3399.15490806998,0.0,12.791923422571095,0.0,12.13342506772606,0.0,9.882105886722,0.0
Braue,340.74117647058824,0.0,17.06786192830072,0.0,308.75587032783886,0.0,194.0,0.0,127.32612522403387,0.0,11.588431050168499,0.0,13.92838827718412,0.0,9.267303345069385,0.0,603.7613395347496,0.0,124.13971822079061,0.0,88.66844707922269,0.0,5.7096528778066,0.0,14.40378629310743,0.0,39683.56435523895,0.0,3877.54063645151,0.0,11.588431083527174,0.0,10.697315020455283,0.0,8.41096275405616,0.0
Braut,323.5960784313725,0.0,16.662782015566005,0.0,322.0945559305079,0.0,232.0,0.0,150.1477469753596,0.0,12.04080903955483,0.0,15.231546211727817,0.0,9.984563500587303,0.0,604.0642022644059,0.0,127.4695622263768,0.0,90.39437800964367,0.0,9.254542635086565,0.0,14.28979486064225,0.0,39684.20409978167,0.0,3877.6096465622545,0.0,12.040809068596761,0.0,11.676794173504383,0.0,9.067732919158255,0.0
Brett,297.0901960784314,0.0,16.045949015731527,0.0,341.64291120053747,0.0,248.0,0.0,166.363017187967,0.0,12.760349871801342,0.0,15.748015748023622,0.0,10.69808108073287,0.0,604.1446106360694,0.0,123.57423786803878,0.0,89.70029487990277,0.0,13.352230353864268,0.0,12.918988743462918,0.0,13876.55770972098,0.0,3397.714388020787,0.0,12.760349629337071,0.0,12.304725278800888,0.0,9.870252243120095,0.0
Briea,316.686274509804,0.0,16.480376643213937,0.0,319.73304901696156,0.0,207.0,0.0,138.06369978543734,0.0,12.014832152424756,0.0,14.38749456993816,0.0,9.715574241311693,0.0,606.4486694522782,0.0,142.65745768511113,0.0,103.23235607463275,0.0,7.515869755417999,0.0,17.1120325452287,0.0,3002.8732936683755,0.0,1775.4213565535179,0.0,12.014832197000553,0.0,11.081310115629881,0.0,8.868439913017847,0.0
Brief,312.74901960784314,0.0,16.443247615871467,0.0,337.26834250222294,0.0,236.0,0.0,156.15570032548936,0.0,12.503676934497513,0.0,15.362291495737216,0.0,10.313484639548465,0.0,670.2105644472019,0.0,346.4413075898943,0.0,266.14603957934617,0.0,8.39355909669143,0.0,18.62882260654821,0.0,3007.9346709420834,0.0,1775.262708551396,0.0,12.50367693462239,0.0,11.91484603287269,0.0,9.447444200790654,0.0
Brite,298.2705882352941,0.0,16.09170040709004,0.0,343.7645552490219,0.0,243.0,0.0,165.21521573903192,0.0,12.867039777641285,0.0,15.588457268119896,0.0,10.734521098633522,0.0,605.2441969884748,0.0,127.1869442697396,0.0,92.20751079911925,0.0,10.42488172826027,0.0,11.691711182071945,0.0,13882.601980580803,0.0,3398.7110304852417,0.0,12.867039628438082,0.0,11.985452618222054,0.0,9.926964359708892,0.0
Brktp,365.83137254901965,0.0,17.694141548447213,0.0,379.2711011238193,0.0,287.0,0.0,200.8571355805995,0.0,14.000181300848213,0.0,16.941074346097416,0.0,12.0355670437958,0.0,6112.274406425349,0.0,1132.504168630135,0.0,1103.654902182548,0.0,5.7729903192326715,0.0,44.06026378575155,0.0,13876.800554905625,0.0,3398.0786867604256,0.0,14.000181220321284,0.0,13.453571588251398,0.0,11.18979270357627,0.0
Brntq,352.6392156862745,0.0,17.47566045072855,0.0,361.3222293999666,0.0,268.0,0.0,186.2075971147893,0.0,13.500481254847967,0.0,16.3707055437449,0.0,11.559510589237702,0.0,1388084.1163037994,0.0,305256.7170910851,0.0,294102.7144587664,0.0,6.587607185825793,0.0,387.5069483962371,0.0,13883.077930981866,0.0,3418.6565786296933,0.0,13.500481178714443,0.0,13.123799745611041,0.0,10.769981926623318,0.0
Bruch,351.47843137254904,0.0,17.322654416021713,0.0,332.01850304835466,0.0,222.0,0.0,148.0119864567963,0.0,12.381785004520895,0.0,14.89966442575134,0.0,10.089896850233586,0.0,649.7614578771513,0.0,256.7692475146145,0.0,184.1168863397206,0.0,6.021146499941262,0.0,14.34280617860393,0.0,482.749530740005,0.0,1440.2969801369602,0.0,12.381785005682225,0.0,11.708068223445123,0.0,9.24622934998096,0.0
Brust,314.0392156862745,0.0,16.427352215356613,0.0,332.0778526105654,0.0,243.0,0.0,158.41273314095145,0.0,12.375430760650202,0.0,15.588457268119896,0.0,10.288278206967512,0.0,604.6976504146405,0.0,120.1615796105212,0.0,85.45181295578554,0.0,11.48920700921519,0.0,12.244835947625951,0.0,1698.166791098292,0.0,4493.874528853859,0.0,12.37543076496872,0.0,11.917598455507655,0.0,9.34139276425768,0.0
Brxgr,359.96078431372547,0.0,17.5011185450187,0.0,362.07944465298294,0.0,259.0,0.0,175.85969128832727,0.0,13.271423004821514,0.0,16.09347693943108,0.0,11.120190417835309,0.0,4815.863035576301,0.0,370.22989408231336,0.0,276.79806451153627,0.0,5.8991689573124875,0.0,40.74277818131939,0.0,25192.830059937245,0.0,9870.975168343575,0.0,13.271423009451238,0.0,12.293687382130841,0.0,10.104186843423507,0.0
Bryin,332.87450980392157,0.0,16.87722087283979,0.0,368.13667808182447,0.0,282.0,0.0,193.0074256479652,0.0,13.625388689605586,0.0,16.792855623746664,0.0,11.646217334904815,0.0,59547.28675254463,0.0,2285.090089377827,0.0,1611.369125131962,0.0,7.735461804277659,0.0,29.414401288552302,0.0,8155.6731425967155,0.0,4921.138933843608,0.0,13.62538949473063,0.0,12.863058679749122,0.0,10.784330227044848,0.0
Brühe,377.4745098039216,0.0,17.980273696874942,0.0,324.80754854521456,0.0,216.0,0.0,143.3362005796189,0.0,12.171198781572167,0.0,14.696938456699069,0.0,9.903826322925644,0.0,768.1384195387991,0.0,333.32142664312477,0.0,295.6740312059424,0.0,4.004128987302282,0.0,25.432188874113226,0.0,13286.978309018074,0.0,5774.1134111245265,0.0,12.171198916752369,0.0,11.627986372490719,0.0,9.055112677114593,0.0
Bsmgt,415.03137254901964,0.0,18.807398725718105,0.0,413.24302285017257,0.0,331.0,0.0,231.00133528330392,0.0,14.795737530593273,0.0,18.193405398660254,0.0,12.94605531579733,0.0,4832.779040855162,0.0,554.0183468187545,0.0,412.57280923539855,0.0,5.795573618804237,0.0,22.018065118619102,0.0,25191.35879784061,0.0,9871.009725147786,0.0,14.79573750785549,0.0,15.070541788965567,0.0,12.014337922878543,0.0
Bubul,378.58039215686273,0.0,18.183989391873492,0.0,352.67256088255346,0.0,263.0,0.0,179.19874120776234,0.0,13.144331123697725,0.0,16.217274740226856,0.0,11.24025948813877,0.0,726.0208884492808,0.0,247.6446059234637,0.0,220.40169030706966,0.0,8.288110758287791,0.0,17.296881821653475,0.0,39683.597535039116,0.0,3878.1872061627146,0.0,13.144331119385342,0.0,13.14309940025427,0.0,10.394322511492735,0.0
Buche,367.36470588235295,0.0,17.73065515588255,0.0,304.77241529325033,0.0,182.0,0.0,120.85016567411498,0.0,11.482856274397683,0.0,13.490737563232042,0.0,9.070916043077913,0.0,602.3268324278187,0.0,101.03767025074922,0.0,71.95557653998972,0.0,5.771421742252243,0.0,11.50617027350012,0.0,13279.431581268747,0.0,5767.52873121209,0.0,11.48285640525194,0.0,10.767431585580285,0.0,8.307805123000744,0.0
Buchs,359.078431372549,0.0,17.480907143833203,0.0,316.39790396468265,0.0,208.0,0.0,137.36277841425988,0.0,11.888802614937179,0.0,14.422205101855956,0.0,9.654529382872944,0.0,603.9515476210306,0.0,113.32652897649129,0.0,81.15084191847932,0.0,7.339902505910768,0.0,12.728719932664468,0.0,13280.785747071825,0.0,5767.671271263814,0.0,11.888802750771347,0.0,11.39390491243572,0.0,8.81183886383734,0.0
Bucht,350.2196078431373,0.0,17.34106472946679,0.0,318.1111008959193,0.0,220.0,0.0,143.6717874254407,0.0,11.939235165662422,0.0,14.832396974191326,0.0,9.802556547569324,0.0,602.6304160951947,0.0,105.10200028518007,0.0,74.07195868553603,0.0,9.1430169282247,0.0,11.120174438366869,0.0,13281.159601480798,0.0,5767.583184616867,0.0,11.939235354712986,0.0,11.74106275737978,0.0,8.972129778211807,0.0
Buden,393.70980392156866,0.0,18.46249437582772,0.0,327.41366200167244,0.0,216.0,0.0,147.47954763229265,0.0,12.3642555748235,0.0,14.696938456699069,0.0,10.194539442424297,0.0,971.2471074683191,0.0,219.21237547175258,0.0,186.94412644805394,0.0,5.098399232709754,0.0,12.581352512153453,0.0,2966.4581621849984,0.0,1773.2153939362506,0.0,12.364255629214526,0.0,12.018765751832555,0.0,9.467566059269105,0.0
Bulle,337.6627450980392,0.0,17.22581951988026,0.0,362.09270831211984,0.0,269.0,0.0,188.483501550705,0.0,13.592404278826372,0.0,16.401219466856727,0.0,11.663995290073483,0.0,624.2768560403612,0.0,155.50608650085132,0.0,126.67162356568159,0.0,9.5842064976397,0.0,12.193180965275634,0.0,24639.943171433402,0.0,13223.51888018907,0.0,13.592405374789513,0.0,13.005624926664582,0.0,10.943296727576177,0.0
Bunde,393.70980392156866,0.0,18.46249437582772,0.0,323.49009415368533,0.0,210.0,0.0,142.57268339117263,0.0,12.201710551598152,0.0,14.491376746189438,0.0,9.994705847207381,0.0,725.9703748738001,0.0,146.58437723941915,0.0,115.68860116666576,0.0,4.694605552675905,0.0,11.315017624434946,0.0,947.4139027050235,0.0,7603.54964268043,0.0,12.20171012285104,0.0,11.783202239593887,0.0,9.243935322548694,0.0
Bupel,373.1921568627451,0.0,18.01521933375262,0.0,346.6235722784686,0.0,238.0,0.0,165.5194462088222,0.0,12.995836366095793,0.0,15.427248620541512,0.0,10.92219703128791,0.0,1808.12894202813,0.0,494.88880340492517,0.0,461.9867057542851,0.0,9.192894072290732,0.0,22.95667530636414,0.0,2967.183852582048,0.0,1775.655340612346,0.0,12.995836378225373,0.0,12.707277358328898,0.0,10.154482139377516,0.0
Burve,334.3176470588236,0.0,16.95229074421375,0.0,333.5597820057991,0.0,222.0,0.0,150.41072975061195,0.0,12.499850400089455,0.0,14.89966442575134,0.0,10.219922117413773,0.0,666.820499265164,0.0,321.2303368193972,0.0,198.74803272848123,0.0,9.394459236403986,0.0,34.982890231513466,0.0,20353.84868981726,0.0,4823.594994140772,0.0,12.499850687083997,0.0,11.32320604963667,0.0,9.384632167570691,0.0
Busch,359.07843137254906,0.0,17.480907143833203,0.0,333.11995004160394,0.0,215.0,0.0,146.3079816608273,0.0,12.450564485986073,0.0,14.66287829861518,0.0,10.123783149321154,0.0,650.8774791577007,0.0,256.06412296425106,0.0,184.23861276618345,0.0,7.540885328168934,0.0,13.334785849342792,0.0,391.2369948949471,0.0,1440.0655836578246,0.0,12.45056444370469,0.0,11.624263467136034,0.0,9.264222172245491,0.0
Bvdct,338.65490196078434,0.0,17.079945003949717,0.0,351.11323301237,0.0,261.0,0.0,176.6521002176429,0.0,13.060653998231958,0.0,16.15549442140351,0.0,11.115885347446007,0.0,1127.519538694543,0.0,671.8001654116617,0.0,510.18246873284767,0.0,11.652166824969749,0.0,113.65975373858878,0.0,440.1236022699922,0.0,1442.006777039514,0.0,13.060653996749766,0.0,13.026954789049432,0.0,10.243619180497417,0.0
Bvrnx,339.6470588235294,0.0,17.04248124126591,0.0,341.78417303589765,0.0,254.0,0.0,168.92178997501884,0.0,12.76774202105016,0.0,15.937377450509228,0.0,10.750687773047135,0.0,839.8451510925809,0.0,683.9298289308567,0.0,511.96565988951585,0.0,6.376618181619927,0.0,131.29538690053482,0.0,17852.052006495458,0.0,8526.202677618538,0.0,12.767742032967982,0.0,12.153512943946934,0.0,9.830239576968065,0.0
Bvßxn,394.63529411764705,0.0,18.297384488593284,0.0,382.11471826492095,0.0,306.0,0.0,210.949069042446,0.0,14.088147438493104,0.0,17.4928556845359,0.0,12.244989971982845,0.0,1124.6113073055485,0.0,1207.9826853201112,0.0,858.6510005186216,0.0,4.264153589472199,0.0,211.4494821095525,0.0,32642.072296885264,0.0,1959.6384768540643,0.0,14.08814752301416,0.0,13.69081504235344,0.0,11.391868495691618,0.0
Bxhmh,451.4470588235294,0.0,19.614735651322967,0.0,436.88755151233704,0.0,362.0,0.0,259.4328028041118,0.0,15.657433799651608,0.0,19.026297590440446,0.0,13.882870717981765,0.0,1164.1952548188265,0.0,1037.9820018538348,0.0,793.1985649266762,0.0,3.506876187660303,0.0,62.10863695098854,0.0,4500.814940266429,0.0,725.8736099905966,0.0,15.657434006015711,0.0,15.87013463399881,0.0,13.096070967734331,0.0
Bäche,373.0549019607843,0.0,17.772358218521347,0.0,303.04578050126895,0.0,179.0,0.0,118.57523853435052,0.0,11.397863304866828,0.0,13.379088160259652,0.0,8.9932825810569,0.0,609.4996090382309,0.0,166.88601186682715,0.0,112.28838565399002,0.0,5.9820323280631476,0.0,13.285134154727755,0.0,13279.05164153239,0.0,5767.629674796308,0.0,11.397863435649933,0.0,10.97841392473225,0.0,8.260255130201186,0.0
Bärte,328.0156862745098,0.0,16.737159343314694,0.0,332.47201935350085,0.0,219.0,0.0,149.42098630173794,0.0,12.473951999639398,0.0,14.798648586948742,0.0,10.22861592033194,0.0,610.390795011847,0.0,175.88834172573647,0.0,120.14154540110383,0.0,11.212854364480341,0.0,12.459031493069086,0.0,13874.385535076954,0.0,3398.3609234549485,0.0,12.473951881246816,0.0,11.863019669192237,0.0,9.4717156753931,0.0
Böhme,442.08627450980384,0.0,19.386561575069468,0.0,409.7406854008679,0.0,317.0,0.0,227.13585151188954,0.0,14.874343722038203,0.0,17.804493814764857,0.0,12.983929607167722,0.0,1024.2794280052467,0.0,825.2721571186299,0.0,592.5248358424271,0.0,3.4795322547285386,0.0,16.61189450844992,0.0,4491.520247151365,0.0,724.7709513839303,0.0,14.874343982753294,0.0,15.31151014963136,0.0,12.213358810388026,0.0
Bölls,339.65098039215684,0.0,17.137576611150052,0.0,381.7714200366353,0.0,301.0,0.0,210.50193811737847,0.0,14.148875261823406,0.0,17.349351572897472,0.0,12.332030818414582,0.0,643.2511590200968,0.0,216.42004511189785,0.0,161.3074364290215,0.0,11.888153953595548,0.0,15.35131112499332,0.0,24640.240895227795,0.0,13223.577268696636,0.0,14.14887643630792,0.0,13.907290248002065,0.0,11.500996056672559,0.0
Börse,341.4588235294118,0.0,17.008327336034665,0.0,326.1785921088219,0.0,204.0,0.0,138.7341545119382,0.0,12.203923664896102,0.0,14.2828568570857,0.0,9.836600500002774,0.0,621.6218317697595,0.0,177.96319592404467,0.0,120.78344033945324,0.0,10.346683783154882,0.0,13.517427954751259,0.0,1665.4343568574716,0.0,4494.397157422589,0.0,12.20392380123104,0.0,11.35811038230524,0.0,8.955536226776653,0.0
Börön,379.2941176470589,0.0,17.91504836982142,0.0,339.1148537985488,0.0,226.0,0.0,153.41909316943625,0.0,12.624161643165774,0.0,15.033296378372908,0.0,10.348269954515082,0.0,700.8806640689188,0.0,573.6586740049983,0.0,337.7369134628833,0.0,5.356793538558146,0.0,22.340081689313934,0.0,11907.097085106165,0.0,10781.283116749235,0.0,12.624161688133533,0.0,12.049057912080915,0.0,9.457238690613396,0.0
Bücke,379.30196078431374,0.0,17.945595084299725,0.0,331.4529471847802,0.0,215.0,0.0,146.4098908017354,0.0,12.380371936288356,0.0,14.66287829861518,0.0,10.118209627087316,0.0,616.895831295358,0.0,169.16461878713798,0.0,122.63378330018628,0.0,6.558363609022883,0.0,17.15318361302288,0.0,5966.308538478915,0.0,5523.354557171737,0.0,12.380372010691515,0.0,11.56081962510083,0.0,9.337462542823024,0.0
Bühne,404.54509803921565,0.0,18.632934177500136,0.0,323.04008073841516,0.0,214.0,0.0,143.99936063074688,0.0,12.184125300918259,0.0,14.628738838327793,0.0,9.978362615987649,0.0,613.4138658827372,0.0,131.10015626800137,0.0,100.11964429589567,0.0,6.813258803009867,0.0,13.95750699346976,0.0,17848.482907357222,0.0,8525.831540769772,0.0,12.184125310800695,0.0,11.863377888774192,0.0,9.203496423965436,0.0
Bürde,379.15294117647056,0.0,18.076322449405648,0.0,336.7156739408539,0.0,215.0,0.0,148.508183131712,0.0,12.59023438849847,0.0,14.66287829861518,0.0,10.295728965621745,0.0,734.0650611951489,0.0,165.44259652922878,0.0,132.75712346817255,0.0,6.2361354351206515,0.0,12.439544365524723,0.0,962.3063554419506,0.0,7604.284162934583,0.0,12.590233783538839,0.0,11.767119710952597,0.0,9.478163103959679,0.0
Büros,349.5490196078431,0.0,17.227586668096222,0.0,334.1317026008679,0.0,222.0,0.0,149.08662237963392,0.0,12.437177365770996,0.0,14.89966442575134,0.0,10.14681370019466,0.0,618.1330348805612,0.0,150.16681194046365,0.0,113.1012435992127,0.0,10.30793835879303,0.0,17.09137804090911,0.0,22551.902544430905,0.0,1525.6922884607407,0.0,12.437177283852275,0.0,11.621725143781433,0.0,9.204068049900256,0.0
Büste,342.4392156862745,0.0,17.144836120920658,0.0,346.20564167445605,0.0,232.0,0.0,160.69966009582637,0.0,12.917983758289614,0.0,15.231546211727817,0.0,10.68486130791136,0.0,614.6458515572924,0.0,143.97647136543418,0.0,110.32486871372747,0.0,11.236660198418546,0.0,13.232811681659982,0.0,13874.138619217638,0.0,3398.826890507037,0.0,12.917983661715414,0.0,11.984680019942637,0.0,9.819733668474107,0.0
Cache,317.4509803921569,0.0,16.2327079497469,0.0,285.2607411687118,0.0,142.0,0.0,92.69058819006233,0.0,10.693852980590789,0.0,11.916375287812984,0.0,7.910896118879011,0.0,602.8525912670042,0.0,108.9597592499904,0.0,78.95653258654906,0.0,3.3635810266076303,0.0,16.32656972869937,0.0,13278.687993389209,0.0,5766.604366977257,0.0,10.693853133568224,0.0,9.222080765764444,0.0,7.0405049767744154,0.0
Cahpa,358.8862745098039,0.0,17.285901743249553,0.0,320.75199289071884,0.0,199.0,0.0,135.28503650558375,0.0,12.071013672859392,0.0,14.106735979665885,0.0,9.768346603362072,0.0,2087.283688908305,0.0,593.5183290342787,0.0,554.2283117123173,0.0,4.812344008777135,0.0,28.531060636077655,0.0,28939.23520763275,0.0,3076.268544246723,0.0,12.071013730475363,0.0,11.377838164503794,0.0,8.857372350524974,0.0
Ccvjr,266.34901960784316,0.0,14.912725214324665,0.0,364.323435222468,0.0,264.0,0.0,180.93863397171992,0.0,13.405723653774702,0.0,16.24807680927192,0.0,11.328779367509782,0.0,94669.2262955478,0.0,6353.1685507182565,0.0,5734.661194674888,0.0,4.682946319657172,0.0,55.95195708869139,0.0,11910.74442013972,0.0,1048.0812421126075,0.0,13.405724328664796,0.0,12.269257880809901,0.0,10.43323735014444,0.0
Cdkvw,377.18823529411765,0.0,17.77594199479689,0.0,414.9024617300262,0.0,333.0,0.0,237.90090360750875,0.0,15.075310214951374,0.0,18.24828759089466,0.0,13.300741458353482,0.0,335191.32131311885,0.0,34421.628172449564,0.0,26953.08378741707,0.0,4.449592697141665,0.0,151.5447414086663,0.0,20355.527764146613,0.0,4823.822346022475,0.0,15.075310357900335,0.0,14.034089857506535,0.0,12.406449315692694,0.0
Cechu,324.2705882352941,0.0,16.493036522986248,0.0,298.1640514462021,0.0,167.0,0.0,108.35385630907724,0.0,11.145756604275789,0.0,12.922847983320086,0.0,8.520316580047789,0.0,603.9264584192624,0.0,117.64238656959483,0.0,84.31613927071541,0.0,4.694959177424376,0.0,22.037109210576503,0.0,13280.000087047547,0.0,5766.467779966354,0.0,11.145756736644291,0.0,9.822817149891804,0.0,7.577635174148958,0.0
Cents,289.92549019607844,0.0,15.616727691020005,0.0,322.64599629464226,0.0,207.0,0.0,138.47537083266857,0.0,12.122333898350046,0.0,14.38749456993816,0.0,9.777995515450149,0.0,605.0609433418248,0.0,130.5754460515229,0.0,95.83098800820419,0.0,4.850469745558816,0.0,17.997589667094402,0.0,13873.834723530097,0.0,3396.258959063614,0.0,12.122333837773201,0.0,11.075200622949646,0.0,8.875283766021212,0.0
Cgkvz,363.4470588235294,0.0,17.44055780405903,0.0,388.4282661994639,0.0,289.0,0.0,200.82373247413463,0.0,14.095933681549857,0.0,17.0,0.0,12.03967295172689,0.0,98556.42763394091,0.0,9218.139058945917,0.0,6938.982632921759,0.0,7.097009979577338,0.0,61.25092471856421,0.0,20355.039342048793,0.0,4822.915384933647,0.0,14.09593381164098,0.0,13.09926897924197,0.0,11.093201433965381,0.0
Cgpqv,395.1529411764706,0.0,18.27996973051958,0.0,381.68815530688573,0.0,265.0,0.0,188.7547984930696,0.0,13.928786733408497,0.0,16.278820596099706,0.0,11.867278042986715,0.0,7872209979810047.0,0.0,7800463371553962.0,0.0,7544671231436474.0,0.0,5.531278327240135,0.0,8613.175823745907,0.0,21144.488083074706,0.0,6001.768068905244,0.0,13.411220341319543,0.0,12.782488314838126,0.0,10.3853887454525,0.0
Chaos,328.4980392156863,0.0,16.480881470847734,0.0,325.4605776671036,0.0,208.0,0.0,139.81955774668586,0.0,12.18383540730738,0.0,14.422205101855956,0.0,9.873643264714149,0.0,638.1935055488682,0.0,240.72254634767634,0.0,177.07754312636325,0.0,5.003586486169179,0.0,19.549504304970533,0.0,22552.27388253155,0.0,1521.283838991635,0.0,12.183835357816058,0.0,11.123631888166878,0.0,8.884650522593379,0.0
Chaot,319.6392156862745,0.0,16.332478851551308,0.0,327.17377459834034,0.0,220.0,0.0,146.12856675786665,0.0,12.233051702515203,0.0,14.832396974191326,0.0,10.018433439533961,0.0,636.9434017665798,0.0,236.96175348396554,0.0,173.94726844392463,0.0,6.558472934460573,0.0,19.860290590752907,0.0,22552.50405456635,0.0,1520.560985223721,0.0,12.233051686725346,0.0,11.478966544536949,0.0,9.043650956142967,0.0
Check,341.09411764705885,0.0,16.83971295283022,0.0,340.08409416657673,0.0,222.0,0.0,152.35077774209415,0.0,12.660273420031361,0.0,14.89966442575134,0.0,10.424249234890214,0.0,701.4785607207051,0.0,392.5988699262164,0.0,282.45669280816116,0.0,4.6017832570003065,0.0,20.557644916911997,0.0,426.0744851263095,0.0,1435.6550001620117,0.0,12.660273390880057,0.0,11.952257477184908,0.0,9.676634355462541,0.0
Chefs,318.70980392156866,0.0,16.337518942073856,0.0,353.421101413762,0.0,239.0,0.0,165.40720194144956,0.0,13.104830452321313,0.0,15.459624833740307,0.0,10.88225554336159,0.0,640.1349714283483,0.0,258.2657425890751,0.0,193.45280191729543,0.0,6.042429132149028,0.0,20.86841520612621,0.0,21865.836187442812,0.0,5818.414430815564,0.0,13.10483053034065,0.0,12.215624509834914,0.0,10.024593425568833,0.0
Chile,304.8509803921569,0.0,16.149213399593354,0.0,358.5576607092014,0.0,250.0,0.0,175.69791334710925,0.0,13.421532589327175,0.0,15.811388300841896,0.0,11.308640208338971,0.0,643.9587192615917,0.0,245.06721367146534,0.0,187.3043551554483,0.0,5.540534774604928,0.0,17.789768743397428,0.0,24644.61915721679,0.0,13222.894312374485,0.0,13.421533653355082,0.0,12.381059207668391,0.0,10.52899292925824,0.0
Chlbr,328.9098039215686,0.0,16.737895314576054,0.0,349.6495480818045,0.0,247.0,0.0,168.93691135383227,0.0,13.05286693436074,0.0,15.716233645501712,0.0,10.945678377300576,0.0,681.1064171641395,0.0,240.43141837808338,0.0,178.9327866967771,0.0,5.247450699055003,0.0,22.695697098119158,0.0,20707.653029871595,0.0,4167.170152889092,0.0,13.05286694982946,0.0,12.286568494586415,0.0,10.06352382675756,0.0
Chlor,310.7803921568628,0.0,16.191698121045253,0.0,341.30610872673736,0.0,233.0,0.0,158.2771505891676,0.0,12.763572649225047,0.0,15.264337522473747,0.0,10.5625402050806,0.0,645.7928376648672,0.0,240.87706795628063,0.0,179.31754464057732,0.0,6.498772126628196,0.0,19.5411321480562,0.0,22553.069694975264,0.0,1522.7870228920815,0.0,12.763572564233622,0.0,11.707074135960497,0.0,9.645499063670828,0.0
Choke,360.4274509803921,0.0,17.33460690911621,0.0,334.7043058616973,0.0,216.0,0.0,147.94083194659248,0.0,12.524848517226067,0.0,14.696938456699069,0.0,10.238989322174962,0.0,640.6414408954981,0.0,260.7772671845469,0.0,189.92020270499157,0.0,3.168183772647671,0.0,21.337230844017196,0.0,5969.588386654388,0.0,5522.442388536262,0.0,12.52484857452721,0.0,11.632392090781156,0.0,9.376928467568925,0.0
Chphr,365.9490196078432,0.0,17.541289567105586,0.0,340.2654573934701,0.0,232.0,0.0,158.17064646261895,0.0,12.757543032552142,0.0,15.231546211727817,0.0,10.593148260612079,0.0,1778.8328745168953,0.0,489.780246305556,0.0,441.9523697862594,0.0,5.750165202988077,0.0,27.608590993042167,0.0,13283.088554868567,0.0,5767.223261500605,0.0,12.757543149177085,0.0,12.319889964938316,0.0,9.734066051219589,0.0
Chqrb,364.9764705882353,0.0,17.600277426075344,0.0,372.5336845262003,0.0,267.0,0.0,189.20621081625188,0.0,13.811373682890562,0.0,16.34013463836819,0.0,11.824066977165556,0.0,7872209979810047.0,0.0,7800463371553962.0,0.0,7544671231436474.0,0.0,4.550432724958703,0.0,81.56875746093945,0.0,2474.3991288209936,0.0,2724.9237774686944,0.0,13.29121624046801,0.0,12.746612119833689,0.0,10.348987047532644,0.0
Chrom,370.5921568627451,0.0,17.589374566901128,0.0,392.67258843258656,0.0,286.0,0.0,202.15342894796902,0.0,14.293905936966338,0.0,16.911534525287763,0.0,12.214046817129953,0.0,795.3128250720166,0.0,519.1098742536461,0.0,368.53663463872755,0.0,7.739161260771783,0.0,19.05132065705133,0.0,22553.636945860613,0.0,1524.0862904234057,0.0,14.29390591228494,0.0,14.099280832968924,0.0,11.334220311236596,0.0
Chscr,292.0078431372549,0.0,15.537330126214748,0.0,323.36055091334947,0.0,195.0,0.0,131.24922724774248,0.0,12.06610231237403,0.0,13.96424004376894,0.0,9.572280616891382,0.0,646.8255528296701,0.0,226.90854702268658,0.0,167.64623238646135,0.0,8.917289466637607,0.0,22.07654173546871,0.0,459.1968912992055,0.0,1436.0214123950675,0.0,12.0661022749769,0.0,10.696282032294427,0.0,8.598326831057502,0.0
Chsth,329.721568627451,0.0,16.63327820568583,0.0,361.8249382664851,0.0,246.0,0.0,173.00124167915953,0.0,13.4556632501264,0.0,15.684387141358123,0.0,11.219019103730094,0.0,665.9238915879764,0.0,327.70291146541666,0.0,239.20435976473365,0.0,5.228287551170515,0.0,22.281543879458802,0.0,13876.862145002313,0.0,3396.77947891158,0.0,13.455663252561786,0.0,12.2457080120074,0.0,10.317355691490508,0.0
Chstr,288.3450980392157,0.0,15.529815799853948,0.0,348.5837807420014,0.0,237.0,0.0,162.94840581776978,0.0,12.997674790223057,0.0,15.394804318340652,0.0,10.760711984432033,0.0,634.5231730687858,0.0,234.1390795325009,0.0,173.2159486286712,0.0,9.37798887793571,0.0,19.2679938876432,0.0,13877.320264314165,0.0,3396.3509565713925,0.0,12.997674694367989,0.0,11.772980043504587,0.0,9.815228555175617,0.0
Chthr,322.121568627451,0.0,16.46688146897709,0.0,331.37018558953764,0.0,232.0,0.0,154.21123058833254,0.0,12.456470828942523,0.0,15.231546211727817,0.0,10.298617372540033,0.0,631.6414503117668,0.0,227.22968845947665,0.0,166.93295713027328,0.0,5.016735145981989,0.0,20.768708868228465,0.0,13284.237107458734,0.0,5767.114207681726,0.0,12.456470928691333,0.0,11.76220872994203,0.0,9.416355974095623,0.0
Chtsm,355.1960784313726,0.0,17.255368532016394,0.0,403.88938503617385,0.0,316.0,0.0,222.40090107890902,0.0,14.670691727510414,0.0,17.776388834631177,0.0,12.769724943139847,0.0,792.8966153143461,0.0,517.6484348071588,0.0,367.41236730884685,0.0,7.534595313632746,0.0,19.322938620014398,0.0,1709.9316406760006,0.0,4494.29542109695,0.0,14.670691800168825,0.0,14.634418791296534,0.0,11.900416032436537,0.0
Chöre,332.1411764705883,0.0,16.640622788747592,0.0,341.6313976876557,0.0,217.0,0.0,150.22663229103404,0.0,12.724784961157427,0.0,14.730919862656235,0.0,10.384003356338196,0.0,820.0648848883322,0.0,921.3447321735415,0.0,545.2586675682129,0.0,5.776217395456936,0.0,35.54691418113215,0.0,2481.364903283817,0.0,2728.0926657168466,0.0,12.72478526772465,0.0,11.715040268094032,0.0,9.517399819234884,0.0
Cjknp,363.6509803921569,0.0,17.5099242470011,0.0,364.5299468988257,0.0,259.0,0.0,179.74210794569063,0.0,13.449254171710587,0.0,16.09347693943108,0.0,11.390400357886142,0.0,1351873.1332223308,0.0,78431.43487591995,0.0,67811.3064133426,0.0,6.665166649038694,0.0,192.11896941435847,0.0,17852.040441399615,0.0,8526.973100177118,0.0,13.449254180037501,0.0,12.663809331698197,0.0,10.502027775757275,0.0
Cknpv,361.8,0.0,17.416974578272992,0.0,356.850246343778,0.0,251.0,0.0,172.63698718728753,0.0,13.21832961807897,0.0,15.84297951775486,0.0,11.119159968710186,0.0,2184.338347744563,0.0,847.9391000212826,0.0,728.6234183000824,0.0,3.793245728308922,0.0,82.97779913295905,0.0,28941.40984212791,0.0,3077.2534354796717,0.0,13.218329679029889,0.0,12.45720724030474,0.0,10.204169394178692,0.0
Ckscr,291.4313725490196,0.0,15.469038417363322,0.0,333.24946093652494,0.0,208.0,0.0,140.35044186079256,0.0,12.355571950764977,0.0,14.422205101855956,0.0,9.916019536656833,0.0,812.7595791526867,0.0,589.1211031071883,0.0,470.36496934060136,0.0,8.973809147019386,0.0,49.786752499027735,0.0,447.4920007372166,0.0,1438.3026214382753,0.0,12.355571927497197,0.0,10.876101968375494,0.0,8.934856003112067,0.0
Ckspr,331.5960784313725,0.0,16.601095001474498,0.0,349.3859892533892,0.0,230.0,0.0,158.40513943361935,0.0,12.929361601346153,0.0,15.165750888103101,0.0,10.668657797811429,0.0,2151.6724488291543,0.0,823.6278156283558,0.0,719.1977976897073,0.0,5.089926258893292,0.0,52.63970326006885,0.0,28940.748095053917,0.0,3076.9673529648285,0.0,12.92936164223263,0.0,11.668295695596811,0.0,9.697870401594447,0.0
Ckstr,287.76862745098043,0.0,15.461490901083094,0.0,358.4726907651768,0.0,250.0,0.0,172.04962043081986,0.0,13.266833954273054,0.0,15.811388300841896,0.0,11.067601802321255,0.0,803.0034214574209,0.0,591.9436577737872,0.0,472.3787781100458,0.0,9.4355304336696,0.0,48.588137757526404,0.0,13876.732320584397,0.0,3397.5388493409587,0.0,13.26683384731295,0.0,11.93659094562606,0.0,10.111337151001724,0.0
Ckthr,321.5450980392157,0.0,16.402460407518838,0.0,341.2590956127131,0.0,245.0,0.0,163.31244520138262,0.0,12.737071827156678,0.0,15.652475842498529,0.0,10.618870327338445,0.0,800.7282681802837,0.0,589.2448699239345,0.0,470.1112180385266,0.0,5.068777741393973,0.0,48.990408316770086,0.0,13283.626459288305,0.0,5767.691043502985,0.0,12.737071948375435,0.0,11.925967433616835,0.0,9.72461760306546,0.0
Claps,314.9921568627451,0.0,16.275097083663145,0.0,336.9942621350772,0.0,228.0,0.0,155.04628431278283,0.0,12.600827261355189,0.0,15.0996688705415,0.0,10.473630921284371,0.0,2088.4723036586875,0.0,595.6125159547299,0.0,556.8779095468163,0.0,4.648897812545272,0.0,27.89414869383091,0.0,28941.08168938555,0.0,3077.5775541879816,0.0,12.600827325700884,0.0,11.65380180851312,0.0,9.521951750069295,0.0
Clips,297.75686274509803,0.0,15.927621760579855,0.0,348.2603526121124,0.0,245.0,0.0,166.6371852237935,0.0,12.957772177503633,0.0,15.652475842498529,0.0,10.855528569902578,0.0,2088.5598120994173,0.0,594.476005466079,0.0,556.2115179258493,0.0,4.198774810027503,0.0,28.006035148961253,0.0,28944.608016402428,0.0,3077.5482643361006,0.0,12.957772194145718,0.0,12.009772011992641,0.0,9.922871290408253,0.0
Cmmfs,395.1490196078431,0.0,18.173252671136808,0.0,474.8326162001779,0.0,396.0,0.0,286.1621071887664,0.0,16.48166240641399,0.0,19.8997487421324,0.0,14.675934724837242,0.0,1198.1493672357842,0.0,1062.499059226187,0.0,771.447355399988,0.0,8.294232256612071,0.0,23.5041493249164,0.0,21867.34813314411,0.0,5820.397060138743,0.0,16.48166256305905,0.0,16.794392974789663,0.0,13.824235667003869,0.0
Codex,339.4274509803921,0.0,16.907628365998193,0.0,332.2583512530107,0.0,217.0,0.0,147.381630796256,0.0,12.441021369987801,0.0,14.730919862656235,0.0,10.211688298524614,0.0,994.6814951838869,0.0,329.3360867684494,0.0,264.62119353967483,0.0,3.6350439737964684,0.0,68.8385262545944,0.0,2968.91673520487,0.0,1771.6331963343505,0.0,12.441021373661544,0.0,11.81757395445702,0.0,9.300935099694014,0.0
Comic,331.54117647058825,0.0,16.639575213428756,0.0,393.2551431521357,0.0,295.0,0.0,208.88310734389137,0.0,14.370615449883415,0.0,17.175564037317667,0.0,12.388748871216768,0.0,994.293724112591,0.0,370.37152724322,0.0,262.8018866762891,0.0,7.002264589879278,0.0,60.74397367223966,0.0,8149.935061729037,0.0,4920.715362477092,0.0,14.37061642141798,0.0,14.249754879918413,0.0,11.564151367586474,0.0
Cover,288.9843137254902,0.0,15.523883448548116,0.0,312.76283383457525,0.0,188.0,0.0,124.34762029376279,0.0,11.69020358178726,0.0,13.711309200802088,0.0,9.205305287653678,0.0,626.1919270059659,0.0,190.26581946824072,0.0,141.17142563882032,0.0,5.189552002426173,0.0,22.028020238987896,0.0,2976.6064576529884,0.0,1770.8346449051865,0.0,11.690203597834854,0.0,10.220301327722751,0.0,8.237902641303252,0.0
Cptck,325.1411764705882,0.0,16.480242268742515,0.0,354.8529654113941,0.0,253.0,0.0,173.51355031818815,0.0,13.167454893744187,0.0,15.905973720586866,0.0,11.130796477090772,0.0,2074.535451541984,0.0,1018.6432949252469,0.0,934.6876679699815,0.0,5.462538414443704,0.0,27.432893217167685,0.0,402.599364673356,0.0,1436.449459127033,0.0,13.167454837243426,0.0,12.674418554909721,0.0,10.33027675054324,0.0
Cqchp,370.0823529411765,0.0,17.664876843461318,0.0,338.42927758408223,0.0,211.0,0.0,148.84140146682532,0.0,12.710643841141712,0.0,14.52583904633395,0.0,10.481216890856349,0.0,497668.9440382391,0.0,108510.02774051022,0.0,105016.99320174399,0.0,5.656712201585542,0.0,231.80345067680705,0.0,13281.547243325527,0.0,5770.694431033153,0.0,12.71064394022305,0.0,11.888550096530562,0.0,9.632645902509763,0.0
Crash,306.7607843137255,0.0,15.932205468422852,0.0,331.09135363304915,0.0,213.0,0.0,144.92647859099645,0.0,12.417291213186685,0.0,14.594519519326424,0.0,10.098926244156495,0.0,640.4405960340815,0.0,270.57571566413037,0.0,195.3784497838814,0.0,6.610487456839015,0.0,22.557995415330797,0.0,1694.2264409420086,0.0,4494.620639491363,0.0,12.41729128913902,0.0,10.88484003459088,0.0,9.147274615468557,0.0
Crdcr,286.08627450980396,0.0,15.47139489435041,0.0,326.80966116482796,0.0,207.0,0.0,139.49741757809497,0.0,12.22724639404101,0.0,14.38749456993816,0.0,9.898098973281735,0.0,982.5653963766188,0.0,232.58331613857587,0.0,196.10405672582698,0.0,5.496554240865604,0.0,23.45906506997183,0.0,483.6272690822065,0.0,1438.2149108021165,0.0,12.22724639699467,0.0,11.171254240625155,0.0,8.982156401756532,0.0
Creme,339.25098039215686,0.0,16.87348814193807,0.0,380.7742798743458,0.0,258.0,0.0,185.52093512744273,0.0,13.973331490671335,0.0,16.06237840420901,0.0,11.787814836820088,0.0,1013.2621347876017,0.0,815.0156349917881,0.0,587.0399853878612,0.0,7.372022591681295,0.0,20.173202646551452,0.0,4500.1473194346045,0.0,717.3746930748501,0.0,13.973331688874291,0.0,13.266424178137887,0.0,11.009744618849203,0.0
Crjnc,282.6862745098039,0.0,15.392171849624276,0.0,331.14528313941594,0.0,213.0,0.0,143.17342072925942,0.0,12.314576307163248,0.0,14.594519519326424,0.0,10.00636046629763,0.0,101372.5081651784,0.0,6558.404238808888,0.0,5882.282397883639,0.0,3.52471296277844,0.0,80.00499851374093,0.0,17852.21259365756,0.0,8527.16796869067,0.0,12.31457633387443,0.0,11.045670222363084,0.0,9.133395963700194,0.0
Crvwx,311.4549019607843,0.0,16.09180744417648,0.0,390.1129755906875,0.0,306.0,0.0,211.32411599458632,0.0,14.252822759391758,0.0,17.4928556845359,0.0,12.316661539912706,0.0,36777.0819295836,0.0,4241.069376455696,0.0,3460.493014919807,0.0,5.510304280999872,0.0,84.60688051911268,0.0,7587.810108504996,0.0,1250.0366653359206,0.0,14.25282276658273,0.0,12.915295664990198,0.0,11.309530127375423,0.0
Crêpe,332.49411764705883,0.0,16.73108014074088,0.0,325.9427276179588,0.0,183.0,0.0,128.29810207503954,0.0,12.192341655578074,0.0,13.527749258468683,0.0,9.696703234454363,0.0,2129.533384732919,0.0,749.726052039759,0.0,697.4947855349782,0.0,5.361598754025751,0.0,282.3791156508662,0.0,28941.73350581266,0.0,3082.5619141120465,0.0,12.029969846035241,0.0,10.560988817662658,0.0,8.652986094610391,0.0
Curry,286.7647058823529,0.0,15.436897633111997,0.0,348.98511417375073,0.0,237.0,0.0,160.62895435248228,0.0,12.892921826686965,0.0,15.394804318340652,0.0,10.595140091539523,0.0,7276.400066812197,0.0,473.0195862719866,0.0,329.758493077842,0.0,4.9198192701838686,0.0,19.37465210515819,0.0,2483.124830378382,0.0,2724.242899865924,0.0,12.89292208793644,0.0,11.532968884214307,0.0,9.615211786711573,0.0
Cäsar,295.0509803921569,0.0,15.544857638472745,0.0,310.78459248017407,0.0,188.0,0.0,123.67945287657972,0.0,11.614142627222943,0.0,13.711309200802088,0.0,9.17720351704915,0.0,613.7044817567037,0.0,190.68666167039737,0.0,131.58067822060573,0.0,5.530904430522036,0.0,19.632610778605812,0.0,7606.925589715746,0.0,10092.304815086478,0.0,11.614142605985748,0.0,10.491663444730095,0.0,8.17358191297948,0.0
Dachs,348.05490196078426,0.0,17.129957615378157,0.0,317.1028090890718,0.0,204.0,0.0,135.18819185686615,0.0,11.88961112729285,0.0,14.2828568570857,0.0,9.623666749149313,0.0,997.2612763011863,0.0,130.7585834959218,0.0,94.4374425192008,0.0,6.103633634566054,0.0,11.742988604908945,0.0,13279.09034190778,0.0,5766.600048913521,0.0,11.889611257059506,0.0,11.610831090463035,0.0,8.820296920184282,0.0
Dackt,338.61960784313726,0.0,16.92478600726675,0.0,335.2047953282714,0.0,239.0,0.0,158.71195524959046,0.0,12.48342005805046,0.0,15.459624833740307,0.0,10.417322257399746,0.0,999.6079114567827,0.0,166.92580350850787,0.0,116.31036104546133,0.0,8.02196932210194,0.0,13.996228439506712,0.0,5966.808071122153,0.0,5521.854625822184,0.0,12.48342008447477,0.0,12.353284884341951,0.0,9.627705430051723,0.0
Dampf,419.31372549019613,0.0,18.904772795468585,0.0,413.49354256269044,0.0,333.0,0.0,232.94778434888042,0.0,14.843664404506145,0.0,18.24828759089466,0.0,13.038689041659737,0.0,2272.5523749282293,0.0,753.1621548010734,0.0,651.3652803605243,0.0,4.853015488330793,0.0,23.432720452696728,0.0,28940.358123897324,0.0,3076.374228871976,0.0,14.843664349262749,0.0,15.580335436107458,0.0,12.22380030093412,0.0
Daten,338.37254901960785,0.0,17.041163272345596,0.0,317.17619697103424,0.0,202.0,0.0,134.61394608659475,0.0,11.934357704141695,0.0,14.212670403551895,0.0,9.605982070624771,0.0,995.8362393797069,0.0,123.76678299293947,0.0,88.90862588354837,0.0,6.250966482732375,0.0,9.37584549646296,0.0,2963.8241405042354,0.0,1769.6454531380284,0.0,11.934357779393386,0.0,11.361885177716543,0.0,8.894990408156644,0.0
Datum,386.24313725490197,0.0,18.182234422553616,0.0,393.4432224099293,0.0,315.0,0.0,217.40162622531574,0.0,14.316803614358536,0.0,17.74823934929885,0.0,12.507134912389443,0.0,1104.9955899426411,0.0,482.9641266979845,0.0,339.9226235094085,0.0,7.099063689747879,0.0,11.66932951235568,0.0,39683.88781957064,0.0,3876.8498845659215,0.0,14.316803589771483,0.0,15.007991645363084,0.0,11.736177256801556,0.0
Dbhsr,368.3607843137255,0.0,17.749253548751568,0.0,360.4061729659776,0.0,267.0,0.0,183.80835954338448,0.0,13.401679912498404,0.0,16.34013463836819,0.0,11.440293155292144,0.0,1059.763508069157,0.0,233.699385972447,0.0,192.41553206369557,0.0,11.88622671407553,0.0,28.535422976114774,0.0,1673.3643575974995,0.0,4493.097775171822,0.0,13.401679982361411,0.0,13.474639265526784,0.0,10.627477975755486,0.0
Deals,327.2,0.0,16.755070731948667,0.0,355.4075704376262,0.0,260.0,0.0,179.46790830008126,0.0,13.294145699738063,0.0,16.1245154965971,0.0,11.324837573094252,0.0,1005.2010316615259,0.0,171.2007689501972,0.0,134.13822239337344,0.0,9.579732205619663,0.0,15.275908134210892,0.0,24639.5829321293,0.0,13222.91050629833,0.0,13.294146697792678,0.0,12.972696356143013,0.0,10.534703534585285,0.0
Debüt,370.5019607843137,0.0,17.904769231846434,0.0,345.7850425395764,0.0,247.0,0.0,165.1182555135986,0.0,12.77956981288849,0.0,15.716233645501712,0.0,10.694759799126036,0.0,1049.0112474300781,0.0,239.83520209815745,0.0,199.71270320505405,0.0,7.380252750478257,0.0,25.242054440270376,0.0,30050.625028000904,0.0,5103.980892738709,0.0,12.779569849452024,0.0,12.999124137893503,0.0,9.847296033612402,0.0
Decht,337.9254901960784,0.0,17.016740971158605,0.0,318.0833708261763,0.0,210.0,0.0,137.51415199758333,0.0,11.8939932090521,0.0,14.491376746189438,0.0,9.637680834521138,0.0,996.4397333730587,0.0,121.6474346227263,0.0,87.3128991840861,0.0,7.973386450478845,0.0,10.359250753442257,0.0,13279.311531129015,0.0,5766.382794932145,0.0,11.893993409889378,0.0,11.748790351154506,0.0,8.83180952950756,0.0
Decke,354.49411764705883,0.0,17.35268283844481,0.0,321.13347453147014,0.0,195.0,0.0,131.90728462780115,0.0,12.002039043341718,0.0,13.96424004376894,0.0,9.596966130640812,0.0,999.4029786887397,0.0,162.85934766250955,0.0,114.11821026087564,0.0,5.149953349860138,0.0,13.686497001758777,0.0,5961.725390606032,0.0,5521.649303698279,0.0,12.002039099177317,0.0,11.219619705617282,0.0,8.863737278665921,0.0
Degen,396.47843137254904,0.0,18.435619869406143,0.0,338.19281334076425,0.0,209.0,0.0,143.40695829153756,0.0,12.515638994110189,0.0,14.45683229480096,0.0,10.100769761029099,0.0,2999.6617810774696,0.0,237.02977233403436,0.0,172.52083094176223,0.0,4.265536248081388,0.0,10.022986655907497,0.0,2957.0538900991646,0.0,1769.1006048302982,0.0,12.515639034327377,0.0,12.041025066725403,0.0,9.275532520315565,0.0
Deiot,315.8039215686274,0.0,16.525734012737413,0.0,334.9303766094033,0.0,238.0,0.0,156.567750792715,0.0,12.45000850058305,0.0,15.427248620541512,0.0,10.300403062349744,0.0,1000.1071799150802,0.0,141.64479924248053,0.0,101.37273973397977,0.0,10.359420704173042,0.0,15.395657520981771,0.0,22555.19235007722,0.0,1518.9854690404288,0.0,12.450008426597229,0.0,12.23644009759363,0.0,9.42712317525197,0.0
Dekan,380.4313725490196,0.0,17.975994073689826,0.0,336.1492290934338,0.0,230.0,0.0,155.29226542755032,0.0,12.573741568420392,0.0,15.165750888103101,0.0,10.39389404420431,0.0,1003.8661825547232,0.0,209.07301618032702,0.0,147.455251491938,0.0,4.313467546364173,0.0,22.25770841811857,0.0,7602.409435438298,0.0,10091.696517863786,0.0,12.573741483329032,0.0,12.187655096658167,0.0,9.60567753838325,0.0
Dekor,357.94117647058823,0.0,17.42775056659955,0.0,339.28654546995455,0.0,231.0,0.0,155.2249597188062,0.0,12.606592465221015,0.0,15.198684153570664,0.0,10.37871391881105,0.0,1007.1744921210043,0.0,214.66716976661073,0.0,151.97236993880392,0.0,8.843629762764031,0.0,24.465558335129423,0.0,22551.081074087484,0.0,1517.5071135279968,0.0,12.606592451756734,0.0,12.111454559941398,0.0,9.528482834526038,0.0
Delle,325.3686274509804,0.0,16.89928417003036,0.0,362.0649782423768,0.0,259.0,0.0,182.32586612284763,0.0,13.552682103371449,0.0,16.09347693943108,0.0,11.525778200479925,0.0,1009.6783234422451,0.0,167.13411029815168,0.0,134.8428252343608,0.0,8.463221584822863,0.0,11.259833713366499,0.0,24639.018631817464,0.0,13222.919287833694,0.0,13.552683193741078,0.0,13.012601539848223,0.0,10.828549745675009,0.0
Delta,318.3411764705882,0.0,16.609118176858193,0.0,358.4887470897939,0.0,264.0,0.0,182.31400459569477,0.0,13.390643131118276,0.0,16.24807680927192,0.0,11.386053652324543,0.0,1004.8685426045895,0.0,170.73780010411062,0.0,127.91006793964671,0.0,9.448789437163017,0.0,16.678221134425844,0.0,13872.868704740069,0.0,3397.593163459815,0.0,13.390643037262132,0.0,13.008508486404997,0.0,10.580561415878181,0.0
Demut,384.97254901960787,0.0,18.2098122612868,0.0,386.0123392693073,0.0,304.0,0.0,207.71931672858912,0.0,14.051313372147531,0.0,17.435595774162696,0.0,12.156930887886674,0.0,1045.4899837874714,0.0,360.1975157316942,0.0,253.85945881634757,0.0,7.917015207917556,0.0,13.905484157445114,0.0,39683.51800535835,0.0,3875.494559139136,0.0,14.051313326881141,0.0,14.636615637322466,0.0,11.354608946998038,0.0
Depot,358.45098039215685,0.0,17.554720073170248,0.0,339.7265975764441,0.0,232.0,0.0,156.10062143010938,0.0,12.618568425992416,0.0,15.231546211727817,0.0,10.43547302994884,0.0,1940.2321722913355,0.0,455.8697302912295,0.0,421.3239324751029,0.0,8.955606059324793,0.0,23.985140387953884,0.0,22550.507412981853,0.0,1517.5985227519302,0.0,12.61856842256739,0.0,12.598929011969878,0.0,9.582863649014499,0.0
Deven,349.09411764705885,0.0,17.324349992216906,0.0,322.4429191927985,0.0,203.0,0.0,136.13296869600012,0.0,12.079674012095532,0.0,14.247806848775006,0.0,9.694474905356591,0.0,1004.7311941891725,0.0,182.046899267168,0.0,135.00904060809967,0.0,5.687585106912433,0.0,15.981604762185563,0.0,2965.8094036129323,0.0,1769.1240802559291,0.0,12.079674065747433,0.0,11.18509265622738,0.0,8.917336405954943,0.0
Deves,329.6235294117647,0.0,16.78525744094228,0.0,325.17409554042626,0.0,207.0,0.0,138.32829526469237,0.0,12.12918607824071,0.0,14.38749456993816,0.0,9.772704292554284,0.0,1005.6337003585667,0.0,187.07101618447473,0.0,138.99664357814444,0.0,8.826287323864218,0.0,17.242261358350873,0.0,2965.606868718126,0.0,1769.4176852611536,0.0,12.129186112889935,0.0,11.320883817752751,0.0,8.926283685244098,0.0
Devon,354.9450980392157,0.0,17.424569130426363,0.0,332.3863099095437,0.0,223.0,0.0,149.13894145581895,0.0,12.402572654638849,0.0,14.933184523068078,0.0,10.132173683586075,0.0,1008.3867858338812,0.0,194.50945181788694,0.0,143.46961590468442,0.0,5.052209199703868,0.0,13.19100637447586,0.0,22550.910062587227,0.0,1516.906517884002,0.0,12.402572596313512,0.0,11.6205831705518,0.0,9.261865631100202,0.0
Dffnp,375.5960784313726,0.0,17.985867834307353,0.0,370.1097374194567,0.0,278.0,0.0,191.0847853235395,0.0,13.651994506836436,0.0,16.673332000533065,0.0,11.668850730020111,0.0,6186.798019966065,0.0,1255.5338266495978,0.0,1212.3469067737224,0.0,4.9339990507069835,0.0,51.81801526643165,0.0,17856.71548515504,0.0,8533.73976992039,0.0,13.651994523830126,0.0,13.622797226596392,0.0,10.810043454260235,0.0
Dfkqw,418.61568627450976,0.0,18.906039345184002,0.0,424.3360077283173,0.0,349.0,0.0,248.5552321671023,0.0,15.299637133037312,0.0,18.681541692269406,0.0,13.577983501179792,0.0,7872209979810047.0,0.0,7800463371553962.0,0.0,7544671231436474.0,0.0,3.6212384395450896,0.0,8613.967912755832,0.0,21146.83785136776,0.0,6004.003758827027,0.0,14.829990909047254,0.0,14.534565628685916,0.0,12.243590951004784,0.0
Dgrks,386.035294117647,0.0,18.062490952040402,0.0,381.1580175344671,0.0,285.0,0.0,197.45397563325332,0.0,13.89105132758385,0.0,16.881943016134134,0.0,11.903366509269638,0.0,98558.19915302108,0.0,9192.33960496132,0.0,6924.049038414084,0.0,8.742928627688281,0.0,41.80475750673855,0.0,5969.454252629654,0.0,5522.809007873001,0.0,13.891051415547832,0.0,13.706643263586775,0.0,11.0868149505728,0.0
Dhndy,413.18039215686275,0.0,18.802913956114917,0.0,378.02571217087313,0.0,285.0,0.0,197.82595454811997,0.0,13.893505857138123,0.0,16.881943016134134,0.0,11.941952851774968,0.0,7332.946374849441,0.0,519.2881699725741,0.0,368.41831193017214,0.0,4.523222147741776,0.0,17.302374637495888,0.0,982.4181819809321,0.0,7602.942365354516,0.0,13.893505601074871,0.0,13.956420457266123,0.0,11.111215996874586,0.0
Dhpwz,418.6039215686274,0.0,18.933467354984824,0.0,417.9928031386057,0.0,336.0,0.0,238.8407760769867,0.0,15.117891516522933,0.0,18.33030277982336,0.0,13.295107338568247,0.0,36825.51723935569,0.0,4302.487589210681,0.0,3505.4339523767853,0.0,5.832070274080848,0.0,56.878125250492985,0.0,7580.5969083216905,0.0,1247.9664235456592,0.0,15.117891481357772,0.0,15.073850978766687,0.0,12.461079108797636,0.0
Dhshn,396.94117647058823,0.0,18.40251140442532,0.0,347.7022999590765,0.0,246.0,0.0,168.32446823603334,0.0,13.025146726200136,0.0,15.684387141358123,0.0,10.90726225039705,0.0,1014.6210342887041,0.0,232.890597451119,0.0,171.70793635635647,0.0,4.391907321504002,0.0,19.478621491923217,0.0,13281.045736137708,0.0,5766.714379786448,0.0,13.025146750080257,0.0,12.740884432738925,0.0,10.095239736740476,0.0
Diebe,351.078431372549,0.0,17.45707714606486,0.0,328.371884290556,0.0,210.0,0.0,142.0934056524145,0.0,12.251470864806148,0.0,14.491376746189438,0.0,9.944144245665388,0.0,1022.622520272389,0.0,134.21886638421412,0.0,96.87181458339022,0.0,4.007140245714784,0.0,13.662997430728375,0.0,20704.911952154976,0.0,4165.343354763386,0.0,12.251471001285472,0.0,11.845644362322984,0.0,9.198570415557565,0.0
Diech,339.1058823529412,0.0,17.05988908098743,0.0,339.2186786858174,0.0,225.0,0.0,152.85381174691793,0.0,12.625905564251338,0.0,15.0,0.0,10.349398001781399,0.0,1025.413649393444,0.0,261.0320791953937,0.0,187.66749187164174,0.0,5.809286517953766,0.0,13.162284569787975,0.0,376.0427883553967,0.0,1436.7269951288067,0.0,12.625905576127016,0.0,12.197405460932922,0.0,9.614412614777619,0.0
Diele,318.25098039215686,0.0,16.68342778878324,0.0,353.4849261719837,0.0,247.0,0.0,172.2337123173075,0.0,13.216894831843588,0.0,15.716233645501712,0.0,11.12765748725069,0.0,1003.9349936512729,0.0,155.96997583235668,0.0,124.08892343311575,0.0,7.212359493607972,0.0,11.861684504754319,0.0,24639.85039160474,0.0,13222.618042297021,0.0,13.21689558339391,0.0,12.705530588376545,0.0,10.446558365952171,0.0
Dildo,351.2705882352941,0.0,17.506325983555833,0.0,370.09043162859587,0.0,282.0,0.0,194.5493717923938,0.0,13.705964672510174,0.0,16.792855623746664,0.0,11.789931554486222,0.0,1128.7067757802595,0.0,257.00443586118587,0.0,200.89583005336766,0.0,4.67803280810776,0.0,15.679860736421867,0.0,959.4852128948842,0.0,7603.795836043901,0.0,13.705964328517823,0.0,13.499132201129425,0.0,10.948105419002635,0.0
Dinar,323.6666666666667,0.0,16.660426513475546,0.0,329.494605461873,0.0,239.0,0.0,156.79150019656558,0.0,12.335043147427564,0.0,15.459624833740307,0.0,10.273509960039062,0.0,996.7241057424895,0.0,135.20740765569747,0.0,95.65502735126972,0.0,8.588558363102543,0.0,12.958863715121,0.0,7607.368146193241,0.0,10092.1183999534,0.0,12.33504318594598,0.0,12.251196460091018,0.0,9.457192423512327,0.0
Dinau,347.64313725490194,0.0,17.302815384294867,0.0,333.94242767861243,0.0,244.0,0.0,160.83818216632875,0.0,12.473897384337434,0.0,15.620499351813308,0.0,10.42506422130191,0.0,997.0268225907683,0.0,138.92973820429708,0.0,98.04205699670224,0.0,4.362913797174794,0.0,14.756701886944015,0.0,7607.541862849705,0.0,10092.068948100714,0.0,12.473897354532413,0.0,12.412015660700874,0.0,9.59773877941011,0.0
Dirne,322.39607843137253,0.0,16.690519033437408,0.0,319.36204456774874,0.0,206.0,0.0,136.78624041454384,0.0,11.985859403504042,0.0,14.352700094407323,0.0,9.663408427492257,0.0,995.9776145002942,0.0,120.79732036644872,0.0,87.20328994699545,0.0,5.514907151320206,0.0,10.795637411318962,0.0,17849.203541475803,0.0,8524.874357784942,0.0,11.985859447953668,0.0,11.277546625678776,0.0,8.887175229622137,0.0
Divir,290.09411764705885,0.0,15.869800898119166,0.0,372.4900879378255,0.0,299.0,0.0,202.74042677304536,0.0,13.760244888507657,0.0,17.291616465790582,0.0,11.884582489555072,0.0,1008.0892253722687,0.0,203.96130178574703,0.0,151.03674058441388,0.0,12.051204853897335,0.0,17.686500228299288,0.0,8154.332134095274,0.0,4920.319299035358,0.0,13.760245605776731,0.0,13.338927119478377,0.0,11.045092198345394,0.0
Diwan,365.6392156862745,0.0,17.672628099104504,0.0,374.0848154850583,0.0,292.0,0.0,200.42909988650453,0.0,13.814068054238572,0.0,17.08800749063506,0.0,11.926600363652323,0.0,1553.8149676433168,0.0,349.80165999674773,0.0,262.8472167706337,0.0,3.685256664200039,0.0,16.99985415653131,0.0,7611.088548456379,0.0,10092.107633279911,0.0,13.814068025296804,0.0,13.418556683855861,0.0,11.0783645285549,0.0
Djmkn,426.82352941176475,0.0,19.097692149682903,0.0,435.26517019628614,0.0,370.0,0.0,260.386894663269,0.0,15.510619376721278,0.0,19.235384061671343,0.0,13.784591719575578,0.0,1351859.7227576624,0.0,78424.18499954713,0.0,67802.85507300611,0.0,3.710741768470379,0.0,186.92340784959987,0.0,5975.00047619156,0.0,5525.878595300698,0.0,15.510619389720675,0.0,15.908348814840013,0.0,13.00750352409202,0.0
Dkrhs,369.2941176470588,0.0,17.681599312515992,0.0,358.6071413844729,0.0,263.0,0.0,178.96223350952855,0.0,13.294310502986947,0.0,16.217274740226856,0.0,11.23040762572371,0.0,1127.4055010486402,0.0,591.6747676508444,0.0,471.9094090480884,0.0,7.892145054668361,0.0,47.513069976903694,0.0,13281.848088380291,0.0,5767.724183500574,0.0,13.294310606932308,0.0,13.028057811703253,0.0,10.400581703476433,0.0
Dlbls,341.0627450980392,0.0,17.270215575399206,0.0,391.6961623086237,0.0,311.0,0.0,218.63735796153304,0.0,14.410954953789014,0.0,17.635192088548397,0.0,12.61084517620923,0.0,1020.2842797919675,0.0,193.05401086346515,0.0,155.83557582469732,0.0,8.610295643853124,0.0,17.83261145566046,0.0,24641.352769392222,0.0,13222.873463792612,0.0,14.410955781933916,0.0,14.379270257420384,0.0,11.81360485509386,0.0
Dlhnl,362.0431372549019,0.0,17.786765077396534,0.0,365.23419993184825,0.0,287.0,0.0,197.1265791368411,0.0,13.651861861873064,0.0,16.941074346097416,0.0,11.844809912161711,0.0,1070.5602287709773,0.0,261.5680447706143,0.0,232.64695247759013,0.0,6.414722899751838,0.0,18.729346226761656,0.0,17850.916918541316,0.0,8525.486893143901,0.0,13.651861874950695,0.0,13.768460372848757,0.0,11.059078022881161,0.0
Dljng,384.3294117647058,0.0,18.25483330161263,0.0,398.38073682868196,0.0,312.0,0.0,217.21118557421423,0.0,14.404213376713583,0.0,17.663521732655695,0.0,12.539407158592415,0.0,101554.48522686349,0.0,6583.920904737592,0.0,5898.949939790792,0.0,6.481579957089248,0.0,53.751184196532314,0.0,17851.494541283042,0.0,8527.149615352062,0.0,14.404213396948743,0.0,14.385532536666805,0.0,11.691927587241906,0.0
Dlvqn,367.46666666666664,0.0,17.884554388056802,0.0,369.1868763122427,0.0,280.0,0.0,193.54507418064662,0.0,13.701282629032027,0.0,16.73320053068151,0.0,11.775794361377864,0.0,7872209979810047.0,0.0,7800463371553962.0,0.0,7544671231436474.0,0.0,4.334032173442122,0.0,8612.758079407173,0.0,21145.22258601224,0.0,6001.213124709555,0.0,13.174781960656183,0.0,12.578034542581626,0.0,10.3781777403179,0.0
Dmltl,359.18823529411765,0.0,17.725489762276588,0.0,457.5808793029155,0.0,395.0,0.0,284.31636885935643,0.0,16.216516922701302,0.0,19.87460691435179,0.0,14.576515359278162,0.0,1451.910311804347,0.0,1025.9884227969887,0.0,757.9431531441498,0.0,13.996077465347861,0.0,23.514467417220025,0.0,13877.52485973344,0.0,3401.529655160577,0.0,16.216516722433127,0.0,16.5720095040268,0.0,13.797599267949932,0.0
Dmmkr,454.0196078431373,0.0,19.615951656757076,0.0,478.0257901185824,0.0,421.0,0.0,300.9186060783532,0.0,16.60729857644105,0.0,20.518284528683193,0.0,14.963746104646997,0.0,1435.0861649003089,0.0,1061.9530186377672,0.0,769.4227009870125,0.0,9.020115947088966,0.0,18.873133538378962,0.0,5977.171032002662,0.0,5524.443076579224,0.0,16.607298585750552,0.0,17.523966749464986,0.0,14.193333691939005,0.0
Dmnkm,481.0901960784313,0.0,20.215873793847017,0.0,480.6348643155396,0.0,425.0,0.0,305.0011441028216,0.0,16.701531720551106,0.0,20.615528128088304,0.0,15.101051645543501,0.0,1478.58146271093,0.0,1108.6909964116694,0.0,801.3420151305542,0.0,3.792449214551559,0.0,20.951711685809023,0.0,5977.842941890258,0.0,5525.153681936739,0.0,16.701531717110935,0.0,17.924139975621134,0.0,14.35992323390391,0.0
Docht,343.77647058823527,0.0,17.118761053525148,0.0,328.3260537858022,0.0,227.0,0.0,150.4314456737422,0.0,12.267562157057469,0.0,15.066519173319364,0.0,10.13225864340527,0.0,1002.0338831241893,0.0,140.63741793304587,0.0,101.53000857080657,0.0,8.255987276830433,0.0,10.930524310007556,0.0,13280.005754140566,0.0,5766.538098301922,0.0,12.267562338840904,0.0,12.321014379783247,0.0,9.305544406563214,0.0
Dogma,443.38039215686274,0.0,19.365627881703066,0.0,439.597985882281,0.0,352.0,0.0,253.66340851130605,0.0,15.601882029436432,0.0,18.76166303929372,0.0,13.771437393448716,0.0,3110.5524497040433,0.0,847.8804464702158,0.0,611.0127764681056,0.0,3.836948280987167,0.0,17.030969574267537,0.0,4489.848805131322,0.0,715.3921089823045,0.0,15.601882290230096,0.0,16.190909074607873,0.0,12.882508362771993,0.0
Dogmo,447.9607843137255,0.0,19.48111043999787,0.0,445.0773096293701,0.0,358.0,0.0,258.0701406151212,0.0,15.728931678482004,0.0,18.920887928424502,0.0,13.89833065167913,0.0,3126.5835254493363,0.0,864.1885872593394,0.0,624.9371574427314,0.0,3.674955443169268,0.0,17.48411621919686,0.0,4490.931617947269,0.0,716.0913105488913,0.0,15.728931944081848,0.0,16.371431322419657,0.0,13.002907473691563,0.0
Dohle,365.55686274509804,0.0,17.753915694610853,0.0,363.1415525695107,0.0,261.0,0.0,183.86061476229133,0.0,13.577959093935586,0.0,16.15549442140351,0.0,11.557044690137804,0.0,1010.8599039968245,0.0,173.63689462522356,0.0,136.57239794829556,0.0,7.589763624260924,0.0,13.032856949403872,0.0,24639.375426733448,0.0,13222.687730103247,0.0,13.577960046442376,0.0,13.443973920125948,0.0,10.839633763630312,0.0
Dompf,423.89411764705886,0.0,19.02305325574967,0.0,423.00359032818415,0.0,344.0,0.0,241.88202915457572,0.0,15.108371611413727,0.0,18.547236990991408,0.0,13.310707651351192,0.0,2275.0011428528505,0.0,756.1288113116202,0.0,653.2728714943943,0.0,4.927624782400727,0.0,23.998365301445755,0.0,28940.35085520931,0.0,3076.356801434339,0.0,15.108371557266807,0.0,15.865414070172891,0.0,12.464598030053056,0.0
Dosis,316.3764705882353,0.0,16.406567453126883,0.0,361.6830413698858,0.0,262.0,0.0,181.11788611031824,0.0,13.424446397969273,0.0,16.186414056238647,0.0,11.36147374325316,0.0,1005.9815354857498,0.0,171.39221627781717,0.0,126.85253089354705,0.0,11.406329506939597,0.0,13.859568354811085,0.0,8148.85023119084,0.0,4919.931813770888,0.0,13.424447358508761,0.0,13.010526090757995,0.0,10.476676437563752,0.0
Draht,336.79215686274506,0.0,16.96155183574495,0.0,337.4863736942486,0.0,253.0,0.0,167.22162348383603,0.0,12.639107479855038,0.0,15.905973720586866,0.0,10.67068006074439,0.0,997.971616059352,0.0,147.52203596294362,0.0,106.82817845481964,0.0,6.480902198791618,0.0,15.118475726332356,0.0,13283.085689378962,0.0,5767.766272681448,0.0,12.639107652803602,0.0,12.627733063461568,0.0,9.815131070873743,0.0
Drama,380.6823529411764,0.0,17.92863721243952,0.0,413.0811655816901,0.0,330.0,0.0,234.91017679979615,0.0,14.97554143604739,0.0,18.16590212458495,0.0,13.168529673707171,0.0,1288.885893140261,0.0,823.4253569940805,0.0,593.0277395171393,0.0,4.744639529910545,0.0,17.625670501092486,0.0,4500.136807662878,0.0,723.0685687207106,0.0,14.975541669796298,0.0,15.15281688283714,0.0,12.350228705733011,0.0
Drang,381.8627450980392,0.0,18.01573450444687,0.0,356.42882212575654,0.0,255.0,0.0,174.49341370025047,0.0,13.169278904623518,0.0,15.968719422671311,0.0,11.136278403887033,0.0,6147.905864746722,0.0,591.8661216935669,0.0,450.4029782251174,0.0,6.952713670143159,0.0,15.772642868974836,0.0,17849.804357687037,0.0,8525.412003064132,0.0,13.169278906353531,0.0,12.876087304538247,0.0,10.23997287583373,0.0
Drbtt,316.8666666666667,0.0,16.592583215473084,0.0,372.2169437709724,0.0,288.0,0.0,197.17661198739208,0.0,13.721949490742036,0.0,16.97056274847714,0.0,11.796650506486563,0.0,1009.4139544209147,0.0,159.0054053820614,0.0,117.51633957156896,0.0,11.357625264847092,0.0,14.15524310999851,0.0,13876.81949450588,0.0,3396.839824800914,0.0,13.721949315453536,0.0,13.66736142860915,0.0,10.949729338331482,0.0
Dreck,338.6078431372549,0.0,16.935578686651052,0.0,349.2167595636452,0.0,242.0,0.0,165.3035395801059,0.0,12.940476707922707,0.0,15.556349186104045,0.0,10.813794669535449,0.0,1043.4536833664713,0.0,350.75039302051186,0.0,250.33490921020575,0.0,5.947544474971733,0.0,16.326457877937496,0.0,433.85423910236284,0.0,1436.3175997484216,0.0,12.9404766977383,0.0,12.58296343587482,0.0,10.115339083321564,0.0
Driet,294.0666666666666,0.0,15.978598239259197,0.0,337.62913975569893,0.0,237.0,0.0,157.66625674707024,0.0,12.571344249252888,0.0,15.394804318340652,0.0,10.397578930648125,0.0,997.7107313916138,0.0,137.8311893229344,0.0,100.2277034880465,0.0,10.481286754839356,0.0,13.650539484204026,0.0,3008.8100444093448,0.0,1772.6018781399957,0.0,12.571344249561193,0.0,12.071994596762506,0.0,9.591819341674642,0.0
Drink,347.3098039215686,0.0,17.252389300118995,0.0,361.1943559555521,0.0,282.0,0.0,190.56316470467146,0.0,13.404586704788837,0.0,16.792855623746664,0.0,11.545845914760381,0.0,1035.538112526519,0.0,353.41425360431384,0.0,251.94459444477755,0.0,6.43544874686463,0.0,15.16412486753805,0.0,17856.076869706663,0.0,8525.391742984957,0.0,13.404586712789937,0.0,13.220523980723172,0.0,10.80383392521174,0.0
Drlds,337.2117647058824,0.0,17.0905357703645,0.0,367.0855995517734,0.0,272.0,0.0,188.07706363983192,0.0,13.614919824460376,0.0,16.492422502470642,0.0,11.629904453079229,0.0,1083.382829086822,0.0,188.55551291627043,0.0,148.5935239933553,0.0,5.610627607611433,0.0,15.724451003547433,0.0,987.5226415442692,0.0,7603.891905068403,0.0,13.614919439575106,0.0,13.092525404357298,0.0,10.783126538812374,0.0
Droge,375.25882352941176,0.0,17.873404623879143,0.0,354.190085663201,0.0,226.0,0.0,157.7848401365579,0.0,13.012095834181647,0.0,15.033296378372908,0.0,10.691915410615213,0.0,4880.505681138077,0.0,366.415803223828,0.0,272.3652124478669,0.0,4.483385612259573,0.0,16.152848512850007,0.0,25191.153007268254,0.0,9870.405789274475,0.0,13.012095833317646,0.0,12.261061244975169,0.0,9.796077161574766,0.0
Drrch,323.2980392156863,0.0,16.57195000912565,0.0,344.0191288894949,0.0,224.0,0.0,153.59604903889695,0.0,12.794367648706212,0.0,14.966629547095765,0.0,10.435856428163962,0.0,1026.411127347427,0.0,267.1289336312863,0.0,192.8478868759954,0.0,7.379888992965484,0.0,13.972898188971117,0.0,469.7103688568072,0.0,1438.9694611866378,0.0,12.794367629018867,0.0,11.903955722048552,0.0,9.639570891411116,0.0
Drrgr,337.63529411764705,0.0,16.952065763230962,0.0,361.9388558052872,0.0,247.0,0.0,170.021812820899,0.0,13.26277041408144,0.0,15.716233645501712,0.0,11.017391159341388,0.0,4879.926226930708,0.0,359.9253025926065,0.0,267.03304774305946,0.0,6.578662725576687,0.0,15.257876083246376,0.0,25192.507241045132,0.0,9870.63191201022,0.0,13.262770417212012,0.0,12.375452153682131,0.0,10.096765869775911,0.0
Druck,346.69803921568626,0.0,17.156038523619426,0.0,355.72498606341657,0.0,261.0,0.0,175.82083828918317,0.0,13.12778346709817,0.0,16.15549442140351,0.0,11.077360857669271,0.0,1043.5639843902063,0.0,351.9072779661593,0.0,250.80718849424298,0.0,5.45044075801501,0.0,16.559777499745774,0.0,476.4587734534083,0.0,1436.4238038168412,0.0,13.127783461659586,0.0,12.9024565292751,0.0,10.312501610751102,0.0
Drxtt,295.121568627451,0.0,15.96348582426998,0.0,372.74582480951153,0.0,293.0,0.0,198.40452351119484,0.0,13.730072344214246,0.0,17.11724276862369,0.0,11.764925326668953,0.0,1003.3673826383304,0.0,186.90793797246076,0.0,142.2915035595164,0.0,12.203624927569575,0.0,40.05001416134026,0.0,13877.846310173783,0.0,3396.849147349293,0.0,13.73007215095801,0.0,13.235256565045285,0.0,10.85400639488706,0.0
Dsckz,343.4901960784314,0.0,17.05313134691403,0.0,348.5614294702134,0.0,249.0,0.0,167.70075675623625,0.0,12.918980795404202,0.0,15.7797338380595,0.0,10.803665495360338,0.0,1124.758911236125,0.0,688.2126813173475,0.0,479.20785588506965,0.0,5.397762895687218,0.0,29.275885630046755,0.0,5968.6340963563625,0.0,5522.210829848054,0.0,12.918980827704788,0.0,12.32315764816955,0.0,9.934772866282904,0.0
Dsßqn,412.28235294117644,0.0,18.73470546268472,0.0,372.36667233349294,0.0,273.0,0.0,191.71324676278704,0.0,13.80410036555859,0.0,16.522711641858304,0.0,11.840923537874273,0.0,7872209979810047.0,0.0,7800463371553962.0,0.0,7544671231436474.0,0.0,3.3132201697784707,0.0,8612.771571644,0.0,21142.805911321873,0.0,6000.719513586395,0.0,13.281676014715517,0.0,12.971135840958834,0.0,10.450486173711692,0.0
Dtvzs,309.7607843137255,0.0,16.326939878078544,0.0,365.32955232916163,0.0,283.0,0.0,191.0899055465739,0.0,13.485471426970179,0.0,16.822603841260722,0.0,11.53618358722199,0.0,1011.5415024340053,0.0,220.0253498786276,0.0,164.3950089149134,0.0,8.150011316461638,0.0,21.83921387044893,0.0,4607.55019291292,0.0,4336.090791107776,0.0,13.485471473762026,0.0,12.83909290248033,0.0,10.635952899792281,0.0
Duell,333.45882352941175,0.0,17.120211383963788,0.0,382.22036603388113,0.0,294.0,0.0,208.22106202303547,0.0,14.191301562148382,0.0,17.146428199482248,0.0,12.352304281459974,0.0,1072.8616060365848,0.0,268.5278878604086,0.0,238.79609144271564,0.0,10.497470378339287,0.0,16.49944719132831,0.0,24640.545932195546,0.0,13223.079240180175,0.0,14.191302472188658,0.0,14.009808212449098,0.0,11.634051668959524,0.0
Duett,316.8627450980392,0.0,16.60309814846745,0.0,353.93543224797327,0.0,263.0,0.0,178.6207070308937,0.0,13.165904771266376,0.0,16.217274740226856,0.0,11.162464924130223,0.0,997.6811164597809,0.0,140.32577044005055,0.0,102.51100791659402,0.0,13.379851580724395,0.0,13.583011061866108,0.0,13874.780997535207,0.0,3396.8044467336717,0.0,13.165904567266436,0.0,13.088953687922102,0.0,10.39651386941424,0.0
Dusst,317.43529411764706,0.0,16.4844908645035,0.0,345.63277202418146,0.0,248.0,0.0,166.81099490960418,0.0,12.847101069138654,0.0,15.748015748023622,0.0,10.740185662930601,0.0,999.2243669975401,0.0,141.33970781800622,0.0,103.48478835605545,0.0,12.551266864610717,0.0,11.046322562726571,0.0,1676.451062974649,0.0,4492.892847785812,0.0,12.847101139273915,0.0,12.372909753814488,0.0,9.817136283727038,0.0
Dxmls,379.1294117647059,0.0,18.02760154684251,0.0,444.7660460943949,0.0,377.0,0.0,269.4518964329878,0.0,15.856654522824774,0.0,19.4164878389476,0.0,14.139987579164588,0.0,1182.4336107464542,0.0,710.6434705351064,0.0,577.1273359360998,0.0,8.22825177835338,0.0,60.32310531494149,0.0,24641.382281671016,0.0,13223.016996375849,0.0,15.856655539903482,0.0,16.002831073429544,0.0,13.337023617749361,0.0
Dxxfh,370.35686274509806,0.0,17.787985871613017,0.0,404.61685711962673,0.0,320.0,0.0,223.74478919497835,0.0,14.666506628951302,0.0,17.88854381999832,0.0,12.708343970423172,0.0,1158.569975513218,0.0,679.4099268268167,0.0,559.8976020910203,0.0,5.048495370364805,0.0,72.38262637139465,0.0,21866.40055043014,0.0,5819.039591395752,0.0,14.666506627036851,0.0,14.009435314911281,0.0,11.843389345068644,0.0
Dzvrr,303.41960784313727,0.0,16.137627994638763,0.0,362.6922438262916,0.0,274.0,0.0,184.62274594603576,0.0,13.377412098984836,0.0,16.55294535724685,0.0,11.323253210713215,0.0,1215.107799526571,0.0,858.0674350344311,0.0,678.7154564597889,0.0,12.753158664611354,0.0,35.60209272646099,0.0,2479.7599293721005,0.0,2723.4880969113083,0.0,13.377412250872192,0.0,12.757250498234825,0.0,10.419717620582688,0.0
Dzzmn,399.77647058823527,0.0,18.555717813949602,0.0,425.5323072895785,0.0,339.0,0.0,240.90147996030925,0.0,15.267387820009931,0.0,18.411952639521967,0.0,13.341349602192002,0.0,1465.1011164686465,0.0,1196.2081017165674,0.0,900.2360372167994,0.0,3.810253932617024,0.0,44.528238115165315,0.0,4498.12356947209,0.0,717.0713171514899,0.0,15.267388094726751,0.0,15.362155562112903,0.0,12.502347036530312,0.0
Dämon,424.843137254902,0.0,18.968873915548883,0.0,394.08094533310555,0.0,303.0,0.0,212.03127105732779,0.0,14.353136090967626,0.0,17.406895185529212,0.0,12.415369744854283,0.0,1053.2422248662797,0.0,390.34502891567604,0.0,273.34462564443,0.0,4.208306705170861,0.0,16.96871070736269,0.0,22551.691083813323,0.0,1520.4864841961476,0.0,14.35313597869446,0.0,14.779818973153052,0.0,11.656500403083838,0.0
Dänen,379.2117647058824,0.0,17.99052807301722,0.0,318.9583933777119,0.0,202.0,0.0,135.77716273544078,0.0,12.007966826384889,0.0,14.212670403551895,0.0,9.698685450541033,0.0,1000.5634026676202,0.0,183.4679884174929,0.0,126.07894920535348,0.0,5.26865483597059,0.0,12.02477022787551,0.0,2965.2929740994323,0.0,1771.3671282599212,0.0,12.007966878424961,0.0,11.834634390174175,0.0,9.049883553092535,0.0
Dänin,363.2470588235294,0.0,17.648394720677565,0.0,354.81466761175227,0.0,265.0,0.0,181.74093581547217,0.0,13.29074390906889,0.0,16.278820596099706,0.0,11.326887629871525,0.0,1003.269240667155,0.0,201.74641496551374,0.0,140.95122167915306,0.0,7.283113894503172,0.0,13.897460925097985,0.0,8150.056400286372,0.0,4920.5112893560845,0.0,13.290744846047376,0.0,13.366517072220924,0.0,10.65071657667575,0.0
Därme,391.92156862745094,0.0,18.23292837278997,0.0,405.15865287890585,0.0,303.0,0.0,217.38551691919832,0.0,14.704863566130868,0.0,17.406895185529212,0.0,12.729535931109728,0.0,1289.8802730527639,0.0,826.6472694490444,0.0,593.7922910453743,0.0,4.578138214489602,0.0,15.405285139462784,0.0,4494.781458169805,0.0,719.7445013692328,0.0,14.704863901686402,0.0,14.937171479982654,0.0,12.024372424510924,0.0
Döhnö,416.4666666666667,0.0,18.783303833019,0.0,358.7294563423285,0.0,260.0,0.0,178.96449046988567,0.0,13.309669113518565,0.0,16.1245154965971,0.0,11.289235107271473,0.0,7306.230057419317,0.0,12471.147435640534,0.0,7228.970431354119,0.0,3.5978600685730484,0.0,372.7438499206062,0.0,17850.364849434525,0.0,8530.745301328563,0.0,13.27922635228919,0.0,13.515189492255717,0.0,10.389075258099034,0.0
Döltö,353.80000000000007,0.0,17.418997349615097,0.0,396.60152806271896,0.0,310.0,0.0,218.46040925445325,0.0,14.492507282145725,0.0,17.60681686165901,0.0,12.605096139994332,0.0,7306.99516798216,0.0,12471.386641255818,0.0,7229.251966230274,0.0,8.397445606440627,0.0,372.66735521232744,0.0,13877.248437569648,0.0,3412.7192868908464,0.0,14.464554097953947,0.0,14.384788362156794,0.0,11.700084687788774,0.0
Döner,356.72549019607845,0.0,17.43686364470219,0.0,329.0320621538549,0.0,215.0,0.0,144.84026254999645,0.0,12.301162376656105,0.0,14.66287829861518,0.0,10.032445212010614,0.0,1007.5298050042127,0.0,191.5982371227399,0.0,131.624207552909,0.0,10.764404896357437,0.0,13.507837215195467,0.0,2968.9781436931503,0.0,1772.2203321488762,0.0,12.301162395128618,0.0,12.137117259506187,0.0,9.269756910275394,0.0
Dürre,331.8941176470588,0.0,16.85740955260619,0.0,348.65615563421466,0.0,233.0,0.0,160.68471724323462,0.0,12.959518159661792,0.0,15.264337522473747,0.0,10.678560392484771,0.0,1003.1280716479475,0.0,158.3944152224305,0.0,120.31071532027717,0.0,10.708370905061011,0.0,14.83014530998164,0.0,2467.721725633668,0.0,2724.9972703274498,0.0,12.959518502886004,0.0,12.142046479474702,0.0,9.898598932000517,0.0
Ebene,353.9490196078432,0.0,17.48397365793038,0.0,296.14332463430776,0.0,155.0,0.0,102.18726849803859,0.0,11.049514050248526,0.0,12.449899597988733,0.0,8.359035613163758,0.0,694.5746452322686,0.0,202.58166676932433,0.0,171.45297392349255,0.0,4.027044642387941,0.0,25.767701490636497,0.0,17847.01508690581,0.0,8524.755792005857,0.0,11.049514080970388,0.0,10.39566016581857,0.0,7.584927038622407,0.0
Ecken,341.4,0.0,17.025337880641878,0.0,305.75616401880876,0.0,166.0,0.0,108.28793873332108,0.0,11.318623798002793,0.0,12.884098726725126,0.0,8.504527671540428,0.0,627.4417862299168,0.0,180.35822192829588,0.0,124.65949637787325,0.0,3.137414164772528,0.0,26.150572596061625,0.0,2961.4772490033074,0.0,1770.3459020244477,0.0,11.31862383022278,0.0,9.979824175306819,0.0,7.6490495123189515,0.0
Eenen,341.15294117647056,0.0,17.141032472782594,0.0,279.07280561876087,0.0,134.0,0.0,83.48746776643131,0.0,10.356341027782362,0.0,11.575836902790225,0.0,7.26961072070061,0.0,597.6974116228993,0.0,69.9365214974937,0.0,44.5405520641055,0.0,2.3804483998953616,0.0,12.127256913773094,0.0,2958.68783816753,0.0,1770.0470219620024,0.0,10.35634106404423,0.0,9.170707450224281,0.0,6.449589548624227,0.0
Eiche,314.82745098039214,0.0,16.43752189672592,0.0,289.5107487425928,0.0,152.0,0.0,95.74914627871397,0.0,10.719269640711119,0.0,12.328828005937952,0.0,7.837417007392352,0.0,599.7413746020778,0.0,75.68877139190714,0.0,48.771194639100415,0.0,3.9548511199281995,0.0,13.419003259464075,0.0,13279.678584404639,0.0,5766.789700136444,0.0,10.719269899320448,0.0,9.504913272636736,0.0,6.949533790978399,0.0
Eifer,284.26666666666665,0.0,15.681373744246011,0.0,310.6386652492615,0.0,188.0,0.0,119.28236946013266,0.0,11.448962677517851,0.0,13.711309200802088,0.0,8.789525366396756,0.0,608.626688595466,0.0,141.41388597408647,0.0,108.61542667671046,0.0,6.090625099146948,0.0,19.398552334828583,0.0,3006.1665280170932,0.0,1807.5989797265584,0.0,11.448962679443461,0.0,10.404581770900132,0.0,7.868407297233356,0.0
Eiter,269.7882352941176,0.0,15.312345096078756,0.0,301.50343622706606,0.0,180.0,0.0,112.96986209685014,0.0,11.166444044324555,0.0,13.416407864998739,0.0,8.490862611347788,0.0,599.4998594332112,0.0,85.17042388041111,0.0,55.37480690218977,0.0,6.547513457330888,0.0,13.225097968684366,0.0,2973.3298365355768,0.0,1771.3307715504536,0.0,11.166444045849206,0.0,9.998198656450583,0.0,7.589467461817536,0.0
Ekzem,391.94509803921574,0.0,18.288153620867206,0.0,389.62192301086156,0.0,277.0,0.0,192.91957873110692,0.0,14.069154912547871,0.0,16.64331697709324,0.0,11.856972003747964,0.0,944.2178393875989,0.0,788.6998020388679,0.0,590.5502605108893,0.0,5.55075944335888,0.0,56.484827056464326,0.0,2979.7407967193276,0.0,1776.245073485393,0.0,14.069154922140275,0.0,14.01905596303303,0.0,11.014294559839302,0.0
Elend,348.29019607843134,0.0,17.433551993265283,0.0,323.4097328338676,0.0,204.0,0.0,137.08578532200906,0.0,12.09266354317356,0.0,14.2828568570857,0.0,9.781518626375249,0.0,1805.9064784530374,0.0,422.9596681475613,0.0,386.86313528381334,0.0,5.830991780964892,0.0,20.63385876772221,0.0,17849.76746705917,0.0,8525.111469869917,0.0,12.092663573103609,0.0,11.49131610604598,0.0,8.976648357646834,0.0
Elfen,318.45490196078435,0.0,16.644834605100222,0.0,318.8100416333224,0.0,194.0,0.0,127.17972528114723,0.0,11.835149531565756,0.0,13.92838827718412,0.0,9.24989874639846,0.0,615.1285306490471,0.0,159.76199747227994,0.0,128.76666261236622,0.0,3.836818310084938,0.0,20.200993254935106,0.0,3007.521958315614,0.0,1807.8832603001092,0.0,11.835149564250946,0.0,10.764444435334505,0.0,8.406457407013349,0.0
Elite,276.8274509803921,0.0,15.614911691329787,0.0,336.8071246405728,0.0,226.0,0.0,151.4493242912132,0.0,12.536278991648144,0.0,15.033296378372908,0.0,10.20261857931655,0.0,608.9321812794709,0.0,128.1180213546704,0.0,99.40059246210616,0.0,6.933672505235382,0.0,15.55515657667926,0.0,13882.172767627644,0.0,3397.9314214400315,0.0,12.536278815541086,0.0,11.577142344655647,0.0,9.370898603831252,0.0
Elste,284.50588235294117,0.0,15.723381111316458,0.0,329.11741985537094,0.0,202.0,0.0,136.43337462362575,0.0,12.247437289072685,0.0,14.212670403551895,0.0,9.727529394153482,0.0,609.7098952942688,0.0,128.84391138795218,0.0,101.47290199613595,0.0,6.39928659219742,0.0,15.852755483206975,0.0,13875.185729526182,0.0,3396.7417448543947,0.0,12.247437134513241,0.0,10.915958998178212,0.0,8.81408208382478,0.0
Emgab,437.2313725490196,0.0,19.2916019402483,0.0,411.7794350675339,0.0,299.0,0.0,212.34542987574437,0.0,14.627869958117381,0.0,17.291616465790582,0.0,12.5566858640032,0.0,3112.6713608929526,0.0,1057.639983397643,0.0,774.9869922204279,0.0,4.405158780125387,0.0,28.456790328925948,0.0,7607.900732788277,0.0,10093.079801179638,0.0,14.62786994754014,0.0,14.905510212544263,0.0,11.631070962135043,0.0
Enbel,345.10196078431375,0.0,17.342004307977675,0.0,326.25087032438665,0.0,202.0,0.0,136.6003257966459,0.0,12.17735931946638,0.0,14.212670403551895,0.0,9.787448274673388,0.0,724.3138488795273,0.0,241.22031074044858,0.0,216.83171174870594,0.0,5.7550887822952435,0.0,18.67022076187929,0.0,2972.007544512671,0.0,1774.031644126939,0.0,12.177359322869558,0.0,11.66081688007253,0.0,8.959894674626788,0.0
Enden,368.321568627451,0.0,17.845648605858607,0.0,309.1769505157165,0.0,179.0,0.0,119.05578992509797,0.0,11.603603608380197,0.0,13.379088160259652,0.0,9.051227217945618,0.0,970.5751356401239,0.0,216.1288427745017,0.0,184.75183514538392,0.0,2.5667390395467504,0.0,17.40444321466855,0.0,2971.3311283048806,0.0,1771.1582649544323,0.0,11.603603657096446,0.0,10.942459173466766,0.0,8.286776280948901,0.0
Engel,363.3529411764706,0.0,17.722307106178516,0.0,341.24084055244253,0.0,214.0,0.0,145.91233370274762,0.0,12.584877336147576,0.0,14.628738838327793,0.0,10.173401728574497,0.0,2917.03184592428,0.0,310.94905370953245,0.0,259.26114815727925,0.0,5.6231446528383335,0.0,17.96100217770747,0.0,2971.354649510408,0.0,1773.2048561604863,0.0,12.584877341243457,0.0,12.001420981034334,0.0,9.253492072252307,0.0
Ennus,340.956862745098,0.0,17.103707461239107,0.0,300.91099968320924,0.0,184.0,0.0,115.89604987600279,0.0,11.187886185331582,0.0,13.564659966250536,0.0,8.643684832761295,0.0,602.3096062413263,0.0,111.48443732833553,0.0,78.27121113658797,0.0,4.634556320564523,0.0,18.752978986546943,0.0,39683.96894216529,0.0,3875.9322524282416,0.0,11.187886218180696,0.0,10.62315247255212,0.0,7.739528469451497,0.0
Enten,324.0078431372549,0.0,16.73772349896246,0.0,298.2345803606891,0.0,169.0,0.0,108.3647749367938,0.0,11.143539359196307,0.0,13.0,0.0,8.418191442048247,0.0,600.510103564588,0.0,98.59473973543196,0.0,68.97033077470752,0.0,4.39472988786611,0.0,16.9582732799351,0.0,2974.942013931407,0.0,1770.6322866784035,0.0,11.143539434544897,0.0,9.969392511531492,0.0,7.616270386353827,0.0
Entok,343.5882352941177,0.0,17.120490296852296,0.0,332.9659501276917,0.0,229.0,0.0,150.4125176740302,0.0,12.339913425179946,0.0,15.132745950421556,0.0,10.088744199631028,0.0,667.0041444292109,0.0,345.92042795300915,0.0,245.4882827696615,0.0,4.760470659940001,0.0,23.590841839491734,0.0,22552.460625055246,0.0,1519.3426195883974,0.0,12.339913359600654,0.0,11.76903766469956,0.0,9.263115130963156,0.0
Enuel,329.2117647058824,0.0,16.93494574964008,0.0,314.6385366740898,0.0,193.0,0.0,126.40629627091977,0.0,11.742837629718066,0.0,13.892443989449804,0.0,9.255800375301643,0.0,708.7125492733473,0.0,234.2812944102318,0.0,211.78048439672813,0.0,5.959927105536551,0.0,18.91811520456456,0.0,2977.46956002576,0.0,1773.2299539089934,0.0,11.742837635895985,0.0,11.033660702006255,0.0,8.403220506685203,0.0
Epfel,333.95294117647063,0.0,17.039112344279232,0.0,344.8384395116217,0.0,226.0,0.0,154.46238746708278,0.0,12.779767757343869,0.0,15.033296378372908,0.0,10.488731652582807,0.0,2087.374532549078,0.0,991.8469745991011,0.0,930.2776738697909,0.0,7.516359414580538,0.0,24.81927563404313,0.0,3001.0448560973687,0.0,1809.6635112413667,0.0,12.779767780356266,0.0,12.344051711434494,0.0,9.640703386996528,0.0
Eptek,353.2352941176471,0.0,17.404295783692575,0.0,339.23418091179246,0.0,226.0,0.0,152.4201523906704,0.0,12.57903193179998,0.0,15.033296378372908,0.0,10.335373512712705,0.0,2069.0315412036266,0.0,1015.2159591139515,0.0,932.4336173029876,0.0,4.784192572272271,0.0,25.920161114946016,0.0,2965.213542186892,0.0,1771.134431858101,0.0,12.57903198424737,0.0,12.220123347247204,0.0,9.597306978526586,0.0
Erain,299.38823529411764,0.0,16.022550429337677,0.0,328.64393017301705,0.0,218.0,0.0,145.23007321992316,0.0,12.302552908076791,0.0,14.7648230602334,0.0,9.959840510741422,0.0,605.5410533544759,0.0,135.47720795179404,0.0,97.51547960533578,0.0,4.648111592509315,0.0,16.302448557115913,0.0,8153.2019928953505,0.0,4921.3100437724825,0.0,12.302553722579287,0.0,11.2379717240511,0.0,9.106209043132793,0.0
Erdöl,339.58431372549023,0.0,17.126303316319714,0.0,352.05031215457655,0.0,240.0,0.0,164.26608553072361,0.0,13.038418426448576,0.0,15.491933384829668,0.0,10.834523989663357,0.0,1091.7356783966027,0.0,625.2675771139228,0.0,417.93394218930547,0.0,4.243273934049124,0.0,26.60977464922226,0.0,11909.87934306162,0.0,10781.298088599182,0.0,13.038418493043695,0.0,12.51592380554955,0.0,9.90765643257673,0.0
Ernst,288.65098039215684,0.0,15.730905135868525,0.0,312.0136211872815,0.0,201.0,0.0,128.10154661229475,0.0,11.594719995754074,0.0,14.177446878757825,0.0,9.12779128140147,0.0,602.5533192277139,0.0,104.15429690903251,0.0,72.45726923077184,0.0,7.024488459383942,0.0,13.887318637333172,0.0,1690.077926001668,0.0,4493.3821602821645,0.0,11.594719975492257,0.0,10.791305924277657,0.0,8.161973528180546,0.0
Erron,304.0470588235294,0.0,16.096575128664522,0.0,304.59218740214834,0.0,168.0,0.0,108.1884482348867,0.0,11.29540649361426,0.0,12.96148139681572,0.0,8.441059764435622,0.0,606.2247559989935,0.0,115.109145359051,0.0,80.9495858246335,0.0,5.140282450069618,0.0,17.25730968368346,0.0,22552.360954427728,0.0,1520.9358034994386,0.0,11.295406511770938,0.0,9.572607935691066,0.0,7.450986990005402,0.0
Esaun,331.043137254902,0.0,16.791038601480757,0.0,298.33438809360695,0.0,177.0,0.0,111.64315357162414,0.0,11.079643441795271,0.0,13.30413469565007,0.0,8.477111002469213,0.0,660.0862308224793,0.0,288.1609231459967,0.0,229.08074718097765,0.0,3.3337408942924545,0.0,21.35726925769201,0.0,39683.0309353029,0.0,3876.3077209414914,0.0,11.079643487529486,0.0,10.015344388397653,0.0,7.500487018539882,0.0
Esche,322.50588235294117,0.0,16.540597708336286,0.0,285.6175721081449,0.0,140.0,0.0,88.69448457194751,0.0,10.569199957760944,0.0,11.832159566199232,0.0,7.584244966097761,0.0,659.3935432264213,0.0,280.2389134433028,0.0,224.45079324990002,0.0,3.2996644444057184,0.0,19.243447059755777,0.0,13278.561511257889,0.0,5766.712369111691,0.0,10.569200150632714,0.0,9.169811521382925,0.0,6.646749649125706,0.0
Eschu,330.5960784313725,0.0,16.766251964025358,0.0,299.2535175797674,0.0,171.0,0.0,108.34080156142605,0.0,11.075868971946283,0.0,13.076696830622021,0.0,8.375233490503103,0.0,660.4086785655635,0.0,284.6130490534702,0.0,226.8244254903073,0.0,4.0184213773697905,0.0,24.292807453003743,0.0,13280.085874885846,0.0,5766.716625311104,0.0,11.075869123068443,0.0,10.016746770435521,0.0,7.394492017120652,0.0
Eslom,358.4666666666667,0.0,17.5111854185704,0.0,386.45774258100835,0.0,287.0,0.0,198.45806162523178,0.0,14.040155045155851,0.0,16.941074346097416,0.0,11.963374988828743,0.0,825.2500295184985,0.0,550.7518984499898,0.0,403.2145923129966,0.0,8.609300868895929,0.0,23.408818967969047,0.0,22552.075490119805,0.0,1526.515742703586,0.0,14.040155019229285,0.0,14.042805914411336,0.0,11.065613183234339,0.0
Essen,313.39607843137253,0.0,16.32889283611611,0.0,293.7257947132294,0.0,146.0,0.0,94.0434471111256,0.0,10.884336389938877,0.0,12.083045973594572,0.0,7.873563342283776,0.0,660.1940500848605,0.0,282.9707970778966,0.0,226.7299258420449,0.0,4.005296822316781,0.0,17.19880286421196,0.0,2960.7592799602676,0.0,1770.2356854042084,0.0,10.884336431201106,0.0,9.044638621805637,0.0,6.8650808531491245,0.0
Essig,328.47843137254904,0.0,16.722705328689745,0.0,360.87060464476673,0.0,239.0,0.0,164.57014007516423,0.0,13.190188359278833,0.0,15.459624833740307,0.0,10.831495316030134,0.0,6102.702196738177,0.0,645.2999883040748,0.0,497.16628626328094,0.0,6.8908205236071405,0.0,20.126094757836754,0.0,8147.510510441267,0.0,4920.0823178169985,0.0,13.1901891958795,0.0,12.208005418530403,0.0,9.804651616817122,0.0
Estar,278.7372549019608,0.0,15.390371821059594,0.0,304.7101448639211,0.0,191.0,0.0,120.2708277069093,0.0,11.305125248593495,0.0,13.820274961085254,0.0,8.790059035668586,0.0,660.1567585448287,0.0,288.1873617012084,0.0,228.82965382618573,0.0,6.823302564470416,0.0,20.415702533492027,0.0,7607.123330685123,0.0,10091.997766001927,0.0,11.305125274431456,0.0,10.341440205599161,0.0,7.7830265911366805,0.0
Etage,345.1411764705882,0.0,17.168661937102026,0.0,324.9388342222211,0.0,188.0,0.0,126.43630369854175,0.0,11.963219792163951,0.0,13.711309200802088,0.0,9.385101796600363,0.0,4814.91617817285,0.0,352.30206592862964,0.0,261.2537335755533,0.0,5.40862476740187,0.0,17.497820079752636,0.0,25190.33869601559,0.0,9871.371621745498,0.0,11.963219820217455,0.0,10.768822545595183,0.0,8.396878723618434,0.0
Ethik,336.078431372549,0.0,17.00088787061079,0.0,365.7289595460314,0.0,277.0,0.0,188.49489007236585,0.0,13.519108198339685,0.0,16.64331697709324,0.0,11.501759591075617,0.0,669.8806631785156,0.0,352.61728892035313,0.0,252.01759755390927,0.0,4.5356622400799385,0.0,20.121441355953056,0.0,8151.65879603686,0.0,4921.892115433729,0.0,13.519108908663666,0.0,13.254894129869044,0.0,10.727315924170435,0.0
Etlas,285.77647058823527,0.0,15.691433955412926,0.0,324.08187651315643,0.0,216.0,0.0,141.42284593714993,0.0,12.081968596423982,0.0,14.696938456699069,0.0,9.770954962811494,0.0,615.059740295537,0.0,140.2244088719563,0.0,104.85766098743326,0.0,4.559919651174814,0.0,17.777581975018364,0.0,7606.307106171437,0.0,10093.294857792362,0.0,12.08196860160089,0.0,11.249593109670135,0.0,8.809510562469546,0.0
Euter,293.843137254902,0.0,15.942929744647087,0.0,300.0875551372678,0.0,173.0,0.0,109.86842794057807,0.0,11.145238420077211,0.0,13.152946437965905,0.0,8.436388047631143,0.0,600.2196103387662,0.0,93.02976248243871,0.0,63.02376044735347,0.0,8.078648901485408,0.0,13.993716167431915,0.0,2975.0565914404738,0.0,1771.8597626184605,0.0,11.145238464476556,0.0,10.001908042972047,0.0,7.569270807526295,0.0
Fabal,324.2196078431373,0.0,16.64801817139165,0.0,317.4566870502292,0.0,201.0,0.0,134.14008337048136,0.0,11.889311983364747,0.0,14.177446878757825,0.0,9.648117903256606,0.0,723.908382886052,0.0,242.8074835432797,0.0,216.4976637333892,0.0,4.164484006534105,0.0,17.120050730309565,0.0,7603.252457169398,0.0,10092.815486566955,0.0,11.889311990373292,0.0,11.435826281339276,0.0,8.758722745812092,0.0
Fabel,322.9490196078432,0.0,16.67813307986251,0.0,310.3568017789263,0.0,178.0,0.0,119.78445605365579,0.0,11.620869212898347,0.0,13.341664064126334,0.0,9.16577631558843,0.0,723.0121789152851,0.0,236.5641101632968,0.0,213.48097417625488,0.0,4.36997935348071,0.0,15.228837640480217,0.0,2962.8354365796254,0.0,1775.7930813674645,0.0,11.62086919805472,0.0,10.8415304239027,0.0,8.344039693976297,0.0
Falke,323.88235294117646,0.0,16.606115612631992,0.0,312.07417005101127,0.0,193.0,0.0,127.79885594046362,0.0,11.7226166654432,0.0,13.892443989449804,0.0,9.345024720523046,0.0,614.2911326297659,0.0,154.27398026409244,0.0,109.04216791807863,0.0,3.236735046566334,0.0,14.307713006927834,0.0,5964.95238501632,0.0,5524.128064327224,0.0,11.722616675450544,0.0,10.628307240736223,0.0,8.56095449601918,0.0
Falle,290.121568627451,0.0,15.866547933608263,0.0,327.9619282807036,0.0,208.0,0.0,143.24387410052017,0.0,12.380580605440574,0.0,14.422205101855956,0.0,10.112476332362219,0.0,621.7176226600462,0.0,143.57957362215814,0.0,117.4264429687614,0.0,3.984246189139589,0.0,12.050117881190545,0.0,24639.400581713042,0.0,13223.435701837274,0.0,12.380581695641633,0.0,11.224842606634788,0.0,9.388017971801169,0.0
Falte,281.8235294117647,0.0,15.589354010911057,0.0,316.4896298438224,0.0,193.0,0.0,129.91068121905278,0.0,11.904507575284354,0.0,13.892443989449804,0.0,9.494816859123791,0.0,610.5617384618818,0.0,117.22383372058623,0.0,87.66264953674448,0.0,4.921980805139507,0.0,12.71414798196129,0.0,13872.953842586563,0.0,3399.039491283567,0.0,11.904507474554,0.0,10.672306747482665,0.0,8.713120483829815,0.0
Fanda,347.43921568627445,0.0,17.172028703122226,0.0,297.2553814065675,0.0,169.0,0.0,110.65438729530239,0.0,11.16255657192673,0.0,13.0,0.0,8.66122517021527,0.0,726.568531848456,0.0,161.2798282550685,0.0,124.13601040417024,0.0,4.092139690845758,0.0,16.79758504755404,0.0,930.8257610519693,0.0,7603.528797820341,0.0,11.162556486760922,0.0,10.377240848180044,0.0,7.793374634354241,0.0
Fanft,299.1882352941177,0.0,15.979372997694927,0.0,320.6433026342964,0.0,215.0,0.0,139.89106778623423,0.0,11.931865141602966,0.0,14.66287829861518,0.0,9.660341969344836,0.0,607.6997730186498,0.0,152.15919746681058,0.0,113.0051817191771,0.0,5.404208332391812,0.0,16.165119957805775,0.0,21864.939669842293,0.0,5819.2091323717705,0.0,11.931865411731126,0.0,11.469441918905174,0.0,8.827301882919052,0.0
Faran,304.3843137254902,0.0,15.99764400185696,0.0,284.13449819281465,0.0,150.0,0.0,94.65635217168676,0.0,10.595731213784932,0.0,12.24744871391589,0.0,7.80856925513396,0.0,599.6165553210881,0.0,97.89486394316373,0.0,65.04299306007293,0.0,4.1140898441975375,0.0,13.236848753991383,0.0,7604.783930433814,0.0,10092.447767808551,0.0,10.595731152350229,0.0,9.176746653275277,0.0,6.902115655398402,0.0
Farbe,315.9098039215686,0.0,16.395199548739367,0.0,286.42713066951944,0.0,139.0,0.0,89.64917220789201,0.0,10.632177844312753,0.0,11.789826122551595,0.0,7.707933275434002,0.0,642.1171894300334,0.0,101.43503897722401,0.0,69.54495374720888,0.0,2.971008596879802,0.0,15.885778613113285,0.0,20704.876080720936,0.0,4166.842566924392,0.0,10.632177936805297,0.0,9.164158578338105,0.0,6.824945065343642,0.0
Farmt,325.7490196078431,0.0,16.611477714197758,0.0,373.63972082177315,0.0,271.0,0.0,187.14017179548196,0.0,13.682237380061062,0.0,16.46207763315433,0.0,11.603771238203722,0.0,1010.4144826168122,0.0,810.6012764769426,0.0,582.965073758355,0.0,4.717591099909732,0.0,14.743628547421245,0.0,4497.126422781977,0.0,722.9138165411033,0.0,13.682237579585689,0.0,13.575042620706247,0.0,10.791222155452424,0.0
Faser,283.64313725490194,0.0,15.444739956070796,0.0,279.04366879799716,0.0,131.0,0.0,82.24184961137092,0.0,10.313833025775576,0.0,11.445523142259598,0.0,7.283435333400249,0.0,601.045676390076,0.0,94.07813474903442,0.0,65.13637559522981,0.0,5.15960415945691,0.0,12.669673420546198,0.0,2965.2311198420625,0.0,1773.0521136953457,0.0,10.313833033839563,0.0,8.483190557037243,0.0,6.300851098210039,0.0
Faune,327.0901960784314,0.0,16.695683161129995,0.0,271.81475760539405,0.0,136.0,0.0,82.86111622598634,0.0,10.066070281026867,0.0,11.661903789690601,0.0,7.181341681523753,0.0,598.5952446344055,0.0,83.65439928795243,0.0,54.42452180292677,0.0,2.217861992412743,0.0,12.832167718411919,0.0,17848.351466847314,0.0,8525.275608571212,0.0,10.066070300116918,0.0,8.91531046589596,0.0,6.29494217777217,0.0
Fausa,308.89019607843136,0.0,16.104471022921075,0.0,292.34350288784754,0.0,167.0,0.0,105.8282385720605,0.0,10.886166615176867,0.0,12.922847983320086,0.0,8.276259994803008,0.0,604.3183287653,0.0,129.02015077164467,0.0,90.10533982915265,0.0,2.9724237050132496,0.0,16.56285177240526,0.0,1663.2691467122504,0.0,4493.945071441055,0.0,10.886166671198573,0.0,9.790648066837813,0.0,7.27685428071164,0.0
Fazit,271.98823529411766,0.0,15.305770824449358,0.0,323.25351651815606,0.0,217.0,0.0,141.75947063430823,0.0,12.056992691217424,0.0,14.730919862656235,0.0,9.767919958035698,0.0,626.5131854976647,0.0,285.9481478921723,0.0,181.73141803197154,0.0,7.415056740589733,0.0,33.81504281233915,0.0,8150.609250887027,0.0,4921.145653293807,0.0,12.056993551750832,0.0,11.274610345805677,0.0,8.86108247778066,0.0
Fcnkl,320.313725490196,0.0,16.52061589988852,0.0,327.9751031327174,0.0,222.0,0.0,147.5156874486936,0.0,12.259976032559104,0.0,14.89966442575134,0.0,10.070415276111428,0.0,726.6244137606686,0.0,257.7082499431268,0.0,223.01896258980128,0.0,4.401178457485607,0.0,21.260359954951785,0.0,5968.283405655412,0.0,5523.952844791266,0.0,12.259976002195781,0.0,11.54051286807957,0.0,9.220219239461871,0.0
Fealt,281.8235294117647,0.0,15.589354010911057,0.0,322.2850822130575,0.0,215.0,0.0,142.71187641847098,0.0,12.101327014727024,0.0,14.66287829861518,0.0,9.896488805243456,0.0,613.0853844164077,0.0,140.3256128364858,0.0,110.92590550601133,0.0,6.268480599759374,0.0,15.01767536421728,0.0,24640.081385324134,0.0,13223.324282775597,0.0,12.10132796400715,0.0,11.321785158915914,0.0,9.05873012970853,0.0
Febus,330.3294117647059,0.0,16.817543612673273,0.0,299.28331337674166,0.0,168.0,0.0,107.39989376525878,0.0,11.068380682142092,0.0,12.96148139681572,0.0,8.437904535707345,0.0,619.3145291892052,0.0,116.24026208739528,0.0,82.53518763225121,0.0,3.820639021775507,0.0,15.131326158176721,0.0,39683.15596404424,0.0,3876.7440198977893,0.0,11.068380743699274,0.0,10.19296437120615,0.0,7.475014439053161,0.0
Feder,317.82745098039214,0.0,16.52240309160773,0.0,292.8440577072025,0.0,153.0,0.0,99.5392201599069,0.0,10.933238379232545,0.0,12.36931687685298,0.0,8.222716810464817,0.0,969.8860960942611,0.0,211.31561630758355,0.0,181.07695617335182,0.0,4.878894692446459,0.0,13.320281427217365,0.0,2964.969022361893,0.0,1773.2991475973424,0.0,10.933238367361675,0.0,9.896909319723418,0.0,7.397192947326382,0.0
Feier,274.6941176470588,0.0,15.366989290735894,0.0,286.00073838906684,0.0,149.0,0.0,93.27475040849475,0.0,10.603595402736184,0.0,12.206555615733702,0.0,7.739947087842084,0.0,600.220203417631,0.0,90.33787815911342,0.0,60.252728261153834,0.0,5.384162608163783,0.0,12.196196076790406,0.0,2998.5389280738123,0.0,1774.6310195548456,0.0,10.603595412010204,0.0,9.056918686136104,0.0,6.8686996675247185,0.0
Feige,332.8117647058824,0.0,16.889338355782826,0.0,314.67784326216656,0.0,169.0,0.0,112.92738377005301,0.0,11.58818959741626,0.0,13.0,0.0,8.862941314272877,0.0,4814.445454230573,0.0,343.5841514635048,0.0,254.13051755200817,0.0,5.064666376101781,0.0,12.35213629917277,0.0,25193.672361169498,0.0,9870.985936969895,0.0,11.58818955971642,0.0,10.059909151483442,0.0,7.930037037024685,0.0
Feind,328.93333333333334,0.0,16.87283419111642,0.0,310.8031264949907,0.0,190.0,0.0,125.45824402987505,0.0,11.653842994210592,0.0,13.784048752090222,0.0,9.291991245954542,0.0,1803.9738588040486,0.0,418.15265486806965,0.0,381.70310905992443,0.0,6.802464728221225,0.0,16.816447669273057,0.0,17853.311228324703,0.0,8525.762747973018,0.0,11.653843000026757,0.0,10.713184199038777,0.0,8.457494083870504,0.0
Felge,339.9294117647059,0.0,17.102596082817684,0.0,321.6946492613142,0.0,177.0,0.0,120.70705342195367,0.0,11.899228870802295,0.0,13.30413469565007,0.0,9.269639135232701,0.0,4815.547795192272,0.0,347.3629458075383,0.0,258.6918096467538,0.0,5.170977028209767,0.0,13.099099693486064,0.0,25189.828767119023,0.0,9871.184690829346,0.0,11.89922883390255,0.0,10.37779723794608,0.0,8.366365005833474,0.0
Felle,288.8509803921568,0.0,15.898143203660801,0.0,327.22929308657143,0.0,202.0,0.0,139.26082523005655,0.0,12.33617805896501,0.0,14.212670403551895,0.0,9.982581353460771,0.0,621.6823504262701,0.0,141.81627854327854,0.0,116.58853032449234,0.0,4.084568070666663,0.0,12.220055947172991,0.0,24639.276461588353,0.0,13223.370350529027,0.0,12.336179116972302,0.0,11.008554909613306,0.0,9.245944737692605,0.0
Ferse,282.37254901960785,0.0,15.477196332193605,0.0,283.2619538301903,0.0,131.0,0.0,84.00565436476121,0.0,10.50780710447833,0.0,11.445523142259598,0.0,7.433712095109634,0.0,600.9080227413623,0.0,87.05981505430134,0.0,59.74353492246859,0.0,4.080181601428264,0.0,12.388988350385828,0.0,1660.6350525480425,0.0,4493.889337780468,0.0,10.507807182236025,0.0,8.406290626948925,0.0,6.484218972812339,0.0
Feste,281.11372549019603,0.0,15.497799077285384,0.0,301.0504838653406,0.0,155.0,0.0,103.13201302910107,0.0,11.23190692642803,0.0,12.449899597988733,0.0,8.40822343756933,0.0,602.5562197681746,0.0,103.98927451046168,0.0,74.6042602628716,0.0,4.978290661286878,0.0,12.470344074738778,0.0,13872.38615404761,0.0,3396.987349181568,0.0,11.231906883125841,0.0,9.365914379774729,0.0,7.48564011681389,0.0
Fette,272.2549019607843,0.0,15.339888774699316,0.0,304.6411378136508,0.0,173.0,0.0,113.72141745979648,0.0,11.39950098698848,0.0,13.152946437965905,0.0,8.764379211534937,0.0,600.9469862857376,0.0,100.64713903989923,0.0,70.22579528456463,0.0,5.570501343675807,0.0,11.429947599860263,0.0,13873.506660956196,0.0,3397.174660583837,0.0,11.399500931089035,0.0,9.907816574262966,0.0,7.939574770112144,0.0
Feßen,356.8313725490196,0.0,17.38620009846598,0.0,303.14539400783065,0.0,161.0,0.0,107.4704667613932,0.0,11.343389476181263,0.0,12.68857754044952,0.0,8.638277934585373,0.0,970.454103777282,0.0,1019.5132530344748,0.0,708.2719909517226,0.0,4.11377608565501,0.0,24.36976335191858,0.0,2960.6480609652062,0.0,1772.0101989965335,0.0,11.34338949880921,0.0,10.116429715792403,0.0,7.840938586409016,0.0
Ffscr,266.22352941176473,0.0,14.96286779109008,0.0,308.219211140815,0.0,175.0,0.0,113.36893865044487,0.0,11.404641967885956,0.0,13.228756555322953,0.0,8.70158485823269,0.0,820.6977340383629,0.0,562.8664258162145,0.0,510.5207469684204,0.0,7.112172620451855,0.0,38.024541710416116,0.0,481.0368827919651,0.0,1446.617910315521,0.0,11.404641993836043,0.0,9.896367271523149,0.0,7.662026761836124,0.0
Ffspr,306.38823529411764,0.0,16.130487228343725,0.0,324.35573945767936,0.0,197.0,0.0,131.42363622327167,0.0,12.023896689655137,0.0,14.035668847618199,0.0,9.550413331393937,0.0,2154.6834951337282,0.0,805.0575866741623,0.0,746.0788838347686,0.0,3.8957537524531407,0.0,41.939442631740114,0.0,28941.56628950151,0.0,3080.935069292623,0.0,12.023896765522206,0.0,10.760930318067599,0.0,8.539537031281824,0.0
Fgzns,348.956862745098,0.0,17.22587933538822,0.0,327.9500851673138,0.0,204.0,0.0,135.37802339074165,0.0,12.073916459951583,0.0,14.2828568570857,0.0,9.685621317680262,0.0,98555.09796904886,0.0,9194.895407632515,0.0,6925.1666020543935,0.0,6.233921497901256,0.0,51.87272091644462,0.0,17849.8102224647,0.0,8525.681389971809,0.0,12.073916465685006,0.0,11.190146161907386,0.0,8.751754312968256,0.0
Fhlkx,350.3372549019608,0.0,17.28997682853442,0.0,358.8082305059668,0.0,274.0,0.0,184.3972168865946,0.0,13.31799583468237,0.0,16.55294535724685,0.0,11.33697215249457,0.0,668.3883790881895,0.0,340.1035313093496,0.0,253.09340513601984,0.0,3.5236662600247324,0.0,69.70979601428644,0.0,5975.722758320746,0.0,5524.598281746955,0.0,13.31799584003779,0.0,12.745625708099674,0.0,10.478702385979828,0.0
Fhrhn,352.82352941176475,0.0,17.329449480588504,0.0,311.1513698578643,0.0,189.0,0.0,124.60065143499521,0.0,11.703709871546268,0.0,13.74772708486752,0.0,9.203729138221744,0.0,627.7520110409981,0.0,211.72245920450987,0.0,154.52578168278887,0.0,3.8228406891729443,0.0,19.043837857692974,0.0,13282.428693763391,0.0,5768.049407555113,0.0,11.70370994615719,0.0,10.70773170285432,0.0,8.38701534536482,0.0
Fhrsm,358.8274509803921,0.0,17.40699236841649,0.0,383.96438023557903,0.0,277.0,0.0,194.07267077383435,0.0,14.009832458770276,0.0,16.64331697709324,0.0,11.907740269991038,0.0,790.1755830057692,0.0,511.6868971225925,0.0,362.3493136974747,0.0,7.1359051569795495,0.0,17.821181450817324,0.0,1706.0211289891304,0.0,4495.693598986142,0.0,14.009832502276394,0.0,13.853817413491177,0.0,11.074568723251588,0.0
Fiene,301.7647058823529,0.0,16.125766763478612,0.0,278.47097949139857,0.0,140.0,0.0,87.72210479519664,0.0,10.348221143399515,0.0,11.832159566199232,0.0,7.492458424003268,0.0,598.9895931111068,0.0,80.18380783240183,0.0,53.37605718396104,0.0,3.5435729003190564,0.0,12.756661873722138,0.0,17848.863281122616,0.0,8525.329647988625,0.0,10.348221198584666,0.0,8.904545536080299,0.0,6.6736202006816905,0.0
Figur,325.0156862745098,0.0,16.687234828705854,0.0,325.7330017681564,0.0,209.0,0.0,135.1602600996821,0.0,11.932086431698503,0.0,14.45683229480096,0.0,9.508199609042498,0.0,2892.6661447575207,0.0,227.10660177909867,0.0,162.88982025191712,0.0,6.097103181685146,0.0,15.151080432944445,0.0,39684.08112799343,0.0,3877.1237613668654,0.0,11.93208654386984,0.0,11.09573551084056,0.0,8.485363618855501,0.0
Filet,264.5882352941177,0.0,15.226237497916058,0.0,311.06519031590847,0.0,198.0,0.0,127.63774294075691,0.0,11.603843855256775,0.0,14.071247279470288,0.0,9.195016698788317,0.0,609.3075754563924,0.0,104.43612669034545,0.0,77.39193159212552,0.0,4.5391826437502,0.0,13.40750270920831,0.0,2971.5081898866006,0.0,1776.1204177736793,0.0,11.603843821589502,0.0,10.531647167129663,0.0,8.338696955149569,0.0
Final,294.18823529411765,0.0,15.94027974228203,0.0,315.62211800288014,0.0,210.0,0.0,137.21560814605917,0.0,11.845555762070612,0.0,14.491376746189438,0.0,9.619944467520916,0.0,708.5509086486667,0.0,235.34833057119965,0.0,211.3557868754586,0.0,3.410663980981387,0.0,16.837325315458475,0.0,7607.799043251828,0.0,10092.987065726851,0.0,11.845555844139147,0.0,11.155217415490581,0.0,8.739227319635779,0.0
Finne,312.9490196078431,0.0,16.420553319505515,0.0,281.59252220834185,0.0,154.0,0.0,96.13067052729028,0.0,10.520506982773602,0.0,12.409673645990857,0.0,7.82004628962061,0.0,598.8943015376119,0.0,82.042273014853,0.0,54.10246265898586,0.0,3.3540412130551185,0.0,12.47529720374864,0.0,17849.15484354652,0.0,8525.422409417135,0.0,10.520507021462983,0.0,9.34753964025722,0.0,6.996482512634494,0.0
Finte,284.61960784313726,0.0,15.696392815065641,0.0,310.29848529624024,0.0,189.0,0.0,124.24404427514264,0.0,11.628685081621967,0.0,13.74772708486752,0.0,9.139950156181257,0.0,600.8850017984478,0.0,99.66194935594532,0.0,69.15346994618677,0.0,3.6560363446340385,0.0,12.321484431499005,0.0,13874.630035835604,0.0,3397.993783762433,0.0,11.6286849627076,0.0,10.453592587542571,0.0,8.34012825086667,0.0
Firma,326.9294117647059,0.0,16.655675730073963,0.0,381.3615508891784,0.0,276.0,0.0,193.01816867675834,0.0,13.9410383275568,0.0,16.61324772583615,0.0,11.83567608026067,0.0,1012.5866502293263,0.0,815.212941936149,0.0,586.4686764351035,0.0,7.122238680443423,0.0,16.714560837575235,0.0,4499.682008672881,0.0,725.9232485071713,0.0,13.941038470717128,0.0,13.502216460890425,0.0,10.99166528390017,0.0
First,249.2627450980392,0.0,14.61802776953235,0.0,310.4977230127674,0.0,198.0,0.0,126.18861226483808,0.0,11.525776180093782,0.0,14.071247279470288,0.0,9.056155526469587,0.0,601.8326848649814,0.0,95.73268382833264,0.0,64.79257732599754,0.0,5.857957049520069,0.0,11.942812939709496,0.0,1688.9834700311565,0.0,4494.24761812927,0.0,11.525776134064111,0.0,10.263531966133723,0.0,8.069106593090694,0.0
Fisir,250.44313725490196,0.0,14.66823363758926,0.0,328.06439141781334,0.0,217.0,0.0,143.58390996968987,0.0,12.225809964878614,0.0,14.730919862656235,0.0,9.880149162426676,0.0,606.1191446902496,0.0,127.02789935725522,0.0,91.31126340126666,0.0,6.3829659006555834,0.0,14.960395831981687,0.0,8152.397597984876,0.0,4921.234325863955,0.0,12.225810642209652,0.0,10.886703068485913,0.0,8.954138955957347,0.0
Fitis,249.18431372549023,0.0,14.68997100002398,0.0,334.0924107826728,0.0,235.0,0.0,155.08629212081485,0.0,12.459089012190638,0.0,15.329709716755891,0.0,10.255490315341666,0.0,605.5306126342454,0.0,128.98118447235817,0.0,92.20990684771536,0.0,5.609982190580612,0.0,14.00200566944532,0.0,8152.609567476182,0.0,4921.332625654175,0.0,12.459089712473395,0.0,11.426496108251861,0.0,9.380106197698908,0.0
Fjerd,314.5254901960784,0.0,16.471213806980916,0.0,350.131115971041,0.0,231.0,0.0,159.4249131555251,0.0,12.911056310987258,0.0,15.198684153570664,0.0,10.700480226830413,0.0,1351860.5200849709,0.0,78424.40493986433,0.0,67803.42072272704,0.0,5.119936228590763,0.0,187.28114292150838,0.0,2479.44030255806,0.0,2731.291203422721,0.0,12.911056380262925,0.0,11.954297824728735,0.0,9.900084156088518,0.0
Fjqrf,311.9098039215686,0.0,16.403995631075983,0.0,366.31475093411944,0.0,269.0,0.0,182.41839533166734,0.0,13.383607224298157,0.0,16.401219466856727,0.0,11.350164442067674,0.0,7872209979810047.0,0.0,7800463371553962.0,0.0,7544671231436474.0,0.0,4.536372299450726,0.0,203.03813058921824,0.0,2484.984897022102,0.0,2732.1025217293354,0.0,12.846140190519225,0.0,12.427140943789913,0.0,9.81858345267135,0.0
Fkckt,325.7450980392157,0.0,16.543538261459712,0.0,333.2514527164092,0.0,224.0,0.0,147.90178790220705,0.0,12.31252596587719,0.0,14.966629547095765,0.0,10.046797313474407,0.0,802.1175623128647,0.0,593.6679040178251,0.0,471.58898179408374,0.0,5.395285790953132,0.0,47.69996510101445,0.0,5972.442431171224,0.0,5523.347312726923,0.0,12.3125259286356,0.0,11.396286252754733,0.0,9.191767437531585,0.0
Fkhrt,323.9176470588235,0.0,16.58114946236454,0.0,345.2568358427412,0.0,247.0,0.0,164.1461979701045,0.0,12.78251180221709,0.0,15.716233645501712,0.0,10.612671707240494,0.0,800.6602473126967,0.0,586.7395133555447,0.0,468.18023156156056,0.0,9.178142364071665,0.0,47.117231086601954,0.0,2473.8830854812695,0.0,2725.943441650276,0.0,12.782511868144601,0.0,12.21394151087911,0.0,9.756389980885542,0.0
Flash,316.17254901960786,0.0,16.403857349651407,0.0,326.19236475817814,0.0,212.0,0.0,142.28299072871863,0.0,12.21621454582907,0.0,14.560219778561036,0.0,9.926879819605865,0.0,642.7005473311887,0.0,267.01600007906774,0.0,195.27181581029294,0.0,5.6022677917315,0.0,20.513930007903035,0.0,1686.9467896561787,0.0,4495.590893962456,0.0,12.216214561800658,0.0,11.050816240522533,0.0,9.044422112635868,0.0
Fldfl,313.3529411764706,0.0,16.588462891870236,0.0,378.2676799365843,0.0,287.0,0.0,200.24594616618253,0.0,13.95189138436557,0.0,16.941074346097416,0.0,12.0495341348896,0.0,1050.0907887102348,0.0,336.260418340139,0.0,297.0308219056042,0.0,4.735732983079919,0.0,22.47759656180295,0.0,21867.02098633451,0.0,5820.554959457836,0.0,13.95189162742351,0.0,13.543375536655258,0.0,11.213550255005737,0.0
Fleck,309.1294117647059,0.0,16.22764715240744,0.0,324.1011914398465,0.0,205.0,0.0,136.67506079116922,0.0,12.041012930631707,0.0,14.317821063276353,0.0,9.715375560011065,0.0,680.1150477832078,0.0,344.26861305269784,0.0,247.68824723142882,0.0,5.018609313545364,0.0,18.515844405489908,0.0,423.76180287148117,0.0,1439.9560462092627,0.0,12.041012968371358,0.0,11.22900818773207,0.0,8.991605771092617,0.0
Flegs,331.64313725490194,0.0,16.84353808101211,0.0,333.2052731774929,0.0,201.0,0.0,136.3072170258357,0.0,12.260321059280146,0.0,14.177446878757825,0.0,9.80928086410905,0.0,4815.437985082579,0.0,354.8022673556554,0.0,265.7478031406414,0.0,5.728800650578781,0.0,16.134937514202537,0.0,25191.872877289265,0.0,9870.939594725802,0.0,12.260321117159943,0.0,11.079661407151452,0.0,8.86603835105441,0.0
Flert,264.66666666666663,0.0,15.156839915768009,0.0,320.6931019819042,0.0,212.0,0.0,138.3783714546856,0.0,11.942156830257142,0.0,14.560219778561036,0.0,9.634978148120204,0.0,607.9883951192642,0.0,129.2860206863416,0.0,100.2338845008755,0.0,6.977064826222708,0.0,17.274639553365382,0.0,2477.06167249805,0.0,2725.180236196736,0.0,11.942156698274047,0.0,11.067870846810939,0.0,8.792479889061578,0.0
Flfvd,317.04705882352937,0.0,16.58872988647545,0.0,366.26866652355744,0.0,266.0,0.0,182.7134370312559,0.0,13.49252410416474,0.0,16.30950643030009,0.0,11.414310337149738,0.0,1832.1588447864294,0.0,535.8528596398803,0.0,440.40911541244475,0.0,6.57561210758038,0.0,41.65103641637905,0.0,20360.27048252213,0.0,4837.426377080227,0.0,13.492524219461206,0.0,12.427483421828706,0.0,10.516127792987705,0.0
Flich,293.74117647058824,0.0,15.914168085921874,0.0,328.3085104963049,0.0,211.0,0.0,140.64229582579475,0.0,12.229807385786499,0.0,14.52583904633395,0.0,9.84348370082068,0.0,654.7937232962703,0.0,261.2586027110035,0.0,190.97547630849044,0.0,6.020737438123156,0.0,16.84536521776275,0.0,626.1036775484727,0.0,1443.838293570019,0.0,12.229807371539552,0.0,11.12973431826816,0.0,9.020962210115284,0.0
Flirt,248.70196078431374,0.0,14.74911970603796,0.0,336.1534316330576,0.0,245.0,0.0,160.05219175707623,0.0,12.491542805818497,0.0,15.652475842498529,0.0,10.364478053889327,0.0,609.3812610901753,0.0,135.86250890942367,0.0,103.9805934618209,0.0,7.639420144980271,0.0,17.21996061145519,0.0,2518.4057220067166,0.0,2726.5020477615876,0.0,12.491542748404092,0.0,11.690061840928411,0.0,9.482084694079303,0.0
Fllms,331.52941176470586,0.0,16.918266099012662,0.0,409.97791532120823,0.0,324.0,0.0,228.84354995960115,0.0,14.849829985171532,0.0,18.0,0.0,12.976891477211414,0.0,1021.7000625843369,0.0,818.1233380106845,0.0,590.8353464752686,0.0,6.067306405455691,0.0,16.83173779953938,0.0,4502.973376859383,0.0,733.1342534883739,0.0,14.849830157802872,0.0,14.634854886556663,0.0,12.152575698840966,0.0
Flora,288.93333333333334,0.0,15.680315534805082,0.0,322.7452166968752,0.0,208.0,0.0,138.23983811960485,0.0,12.04733282975042,0.0,14.422205101855956,0.0,9.716344110642552,0.0,616.405048117743,0.0,174.5666945326685,0.0,132.93260756987164,0.0,3.806595757082646,0.0,21.95550163627725,0.0,2471.1468058497703,0.0,2725.9049868623183,0.0,12.047332913581936,0.0,11.035992136820887,0.0,8.789179912955143,0.0
Flshb,338.88235294117646,0.0,17.07509028348483,0.0,330.2836959539836,0.0,212.0,0.0,143.31641298614934,0.0,12.320581132052121,0.0,14.560219778561036,0.0,10.034396297768762,0.0,856.6109170693337,0.0,315.00323310336364,0.0,250.7890933829049,0.0,7.721185974060742,0.0,24.723492380916216,0.0,13282.723927699124,0.0,5768.457738571255,0.0,12.320581285386185,0.0,11.38131231317024,0.0,9.093125864361308,0.0
Fluch,317.7960784313725,0.0,16.521799005202787,0.0,319.3564073449228,0.0,197.0,0.0,129.48577423248136,0.0,11.875496541746175,0.0,14.035668847618199,0.0,9.384792931635346,0.0,653.6737622739234,0.0,259.47101069244724,0.0,189.58686496648957,0.0,4.946782600757126,0.0,17.03263155823563,0.0,478.8956400338901,0.0,1441.5240694168153,0.0,11.875496588690442,0.0,10.856040759882086,0.0,8.532475458353428,0.0
Flude,332.9568627450981,0.0,17.02536904388136,0.0,314.3756336060125,0.0,187.0,0.0,123.99978086553625,0.0,11.728690346363912,0.0,13.674794331177344,0.0,9.25107080315074,0.0,730.3686848683899,0.0,157.70900651580413,0.0,128.3997533513595,0.0,4.6444197605108455,0.0,15.976528673023365,0.0,992.4725518571059,0.0,7603.646122151699,0.0,11.728690506410482,0.0,10.619610780764596,0.0,8.39587026340405,0.0
Fluhu,339.3686274509804,0.0,17.143973645924813,0.0,314.98205276505644,0.0,212.0,0.0,135.85221925074939,0.0,11.753164340802543,0.0,14.560219778561036,0.0,9.458047908576688,0.0,607.9328095029708,0.0,128.86935270053968,0.0,97.90845442642684,0.0,5.136682147173565,0.0,23.02712319929133,0.0,13284.90566389269,0.0,5768.026385677287,0.0,11.753164513659097,0.0,11.13374442512878,0.0,8.550240915393042,0.0
Fluid,316.9921568627451,0.0,16.663430827748908,0.0,356.84795804423624,0.0,257.0,0.0,176.4470627745647,0.0,13.260250409648558,0.0,16.0312195418814,0.0,11.212730073655056,0.0,1807.5846431835146,0.0,432.6556218931394,0.0,392.76481718241223,0.0,5.52450937109128,0.0,19.212718536087905,0.0,8154.891233559737,0.0,4921.6019532497685,0.0,13.260251052220587,0.0,12.579609361937225,0.0,10.391863105586474,0.0
Fluss,289.2156862745098,0.0,15.736040663983642,0.0,317.70255997589675,0.0,206.0,0.0,133.57751190545565,0.0,11.81813843219147,0.0,14.352700094407323,0.0,9.446523758597367,0.0,610.2071264992421,0.0,132.77814519320506,0.0,102.20062597844097,0.0,3.6920366966417744,0.0,15.746340834791733,0.0,1695.6589075323145,0.0,4494.387951370411,0.0,11.818138394915314,0.0,10.713189471642105,0.0,8.468848236918756,0.0
Flyer,288.08627450980396,0.0,15.685449978329713,0.0,319.9121190754307,0.0,198.0,0.0,129.79978919188147,0.0,11.838516770226073,0.0,14.071247279470288,0.0,9.367502718030348,0.0,59547.28900397058,0.0,2284.0010666657445,0.0,1610.8621405812275,0.0,4.6111101718842225,0.0,29.387816234118045,0.0,2982.2874662998565,0.0,1774.4452059904959,0.0,11.83851674663875,0.0,10.444324533340616,0.0,8.451431303332628,0.0
Flöte,298.9176470588235,0.0,16.040857099960263,0.0,333.93620847612686,0.0,211.0,0.0,144.00934884907548,0.0,12.431969230196628,0.0,14.52583904633395,0.0,10.071520773045837,0.0,802.1414961220316,0.0,901.7835642825374,0.0,528.127031967226,0.0,3.7062012829819353,0.0,33.5689252798294,0.0,13878.14577164635,0.0,3402.1843287064185,0.0,12.43196911800104,0.0,11.40875080333102,0.0,9.231314925388435,0.0
Flöße,355.16470588235296,0.0,17.34990025421526,0.0,339.6360284585368,0.0,222.0,0.0,151.69844875315374,0.0,12.62365412727931,0.0,14.89966442575134,0.0,10.380144652085184,0.0,838.7699706399034,0.0,947.2349654602226,0.0,565.4442732776791,0.0,5.866220744951857,0.0,34.216075734975966,0.0,7659.303412696904,0.0,4044.9859331191988,0.0,12.623654224386424,0.0,11.918252716805648,0.0,9.554749165294966,0.0
Fnlls,291.74901960784314,0.0,15.923289774641816,0.0,349.77682040261345,0.0,250.0,0.0,171.81203580715896,0.0,13.119875538898667,0.0,15.811388300841896,0.0,11.062464591676312,0.0,625.2984678450512,0.0,163.19036655214683,0.0,131.5469016744329,0.0,5.627708773545817,0.0,18.445087436739705,0.0,24641.610219018206,0.0,13223.600498295642,0.0,13.119876658637502,0.0,12.194755143386185,0.0,10.26945641477091,0.0
Fnrmt,335.6627450980392,0.0,16.92746358591618,0.0,383.8291242722506,0.0,287.0,0.0,199.19572076197585,0.0,14.020283105353387,0.0,16.941074346097416,0.0,11.993124383324027,0.0,1011.6535669060833,0.0,812.6845266398221,0.0,584.770075247576,0.0,4.365085786251355,0.0,19.16814431214119,0.0,4504.507050285165,0.0,723.9678885184072,0.0,14.02028331749918,0.0,13.896519638198589,0.0,11.186976818542266,0.0
Fnyfr,305.4509803921569,0.0,16.07313733981753,0.0,350.5700404625146,0.0,248.0,0.0,165.97388255677308,0.0,12.889685724443364,0.0,15.748015748023622,0.0,10.689866023691405,0.0,59547.32617370708,0.0,2286.950979469761,0.0,1612.9830552029316,0.0,6.193227043464974,0.0,33.42377195239919,0.0,21867.218520005343,0.0,5819.51335313017,0.0,12.88968581872066,0.0,11.918262865548735,0.0,9.782775697005002,0.0
Folge,345.7803921568628,0.0,17.2041070532647,0.0,331.93733222094016,0.0,194.0,0.0,133.62434709811254,0.0,12.272638450635863,0.0,13.92838827718412,0.0,9.782841256312118,0.0,4816.708453754029,0.0,354.45987233066955,0.0,263.82996921269194,0.0,4.813531945569936,0.0,13.192508345104066,0.0,25190.09362666344,0.0,9871.291646393242,0.0,12.272638412080504,0.0,11.021433490663,0.0,8.865007644546626,0.0
Folie,287.58431372549023,0.0,15.779240202759881,0.0,329.92837832699763,0.0,211.0,0.0,144.33585179687032,0.0,12.39751180607106,0.0,14.52583904633395,0.0,10.089901483381027,0.0,621.8885751701036,0.0,146.09403599208022,0.0,109.62147919374381,0.0,5.055790404306522,0.0,13.975295952506263,0.0,8147.9546682758855,0.0,4922.178486156711,0.0,12.397512755890254,0.0,11.341064860547391,0.0,9.305812725641086,0.0
Folve,298.39607843137253,0.0,16.007570777097175,0.0,325.36080546963296,0.0,204.0,0.0,137.5597423338576,0.0,12.17981533678718,0.0,14.2828568570857,0.0,9.78462628849213,0.0,681.6790708417791,0.0,328.8062130621455,0.0,206.57038131068515,0.0,3.5647362385543544,0.0,36.05596613995459,0.0,20353.084529329026,0.0,4824.443056509054,0.0,12.179815585075023,0.0,10.720745934509061,0.0,8.912546784294026,0.0
Fongt,348.6666666666667,0.0,17.22951340743041,0.0,325.9204248902512,0.0,205.0,0.0,135.4010446272406,0.0,12.007220640898636,0.0,14.317821063276353,0.0,9.621054433809615,0.0,4815.456449473611,0.0,349.894868645445,0.0,258.62929274686286,0.0,4.784097167278444,0.0,12.61431322238451,0.0,25191.003698121793,0.0,9870.878420427705,0.0,12.007220660213365,0.0,11.437475708848043,0.0,8.64688413135229,0.0
Forst,271.07843137254906,0.0,15.144718773492675,0.0,306.8433223924852,0.0,186.0,0.0,119.74456979224581,0.0,11.407425874741955,0.0,13.638181696985855,0.0,8.879552120995179,0.0,610.4392007561775,0.0,115.74979924008403,0.0,81.01321071158291,0.0,7.416268711323218,0.0,12.576359239937362,0.0,1679.6667698322417,0.0,4494.089934548996,0.0,11.407425903980402,0.0,10.31280825832106,0.0,7.88142619304067,0.0
Forum,355.56470588235294,0.0,17.366829049930775,0.0,362.8116861259005,0.0,251.0,0.0,172.02264979927745,0.0,13.282653104593116,0.0,15.84297951775486,0.0,11.100454433701001,0.0,773.7600524599774,0.0,478.54381984812653,0.0,336.25115801710643,0.0,9.400405019284765,0.0,13.484582746100124,0.0,39684.058962618656,0.0,3878.6676497958038,0.0,13.282653136382974,0.0,13.269711099230289,0.0,10.252262593941639,0.0
Fotos,292.81568627450986,0.0,15.72090295422851,0.0,304.5251266450954,0.0,180.0,0.0,115.68444932801002,0.0,11.312268800289882,0.0,13.416407864998739,0.0,8.74367145485787,0.0,615.6604996601573,0.0,136.09245149994643,0.0,96.18977771009156,0.0,3.494809460727784,0.0,16.35708071665653,0.0,22551.82139098763,0.0,1521.5376260480066,0.0,11.312268756724219,0.0,10.144219943914191,0.0,7.727786790258464,0.0
Fotto,283.9568627450981,0.0,15.565256216217872,0.0,328.25921180466423,0.0,216.0,0.0,144.36677459408506,0.0,12.253603765679493,0.0,14.696938456699069,0.0,9.950502920220467,0.0,690.1903195505205,0.0,226.10295606397204,0.0,170.61338661658323,0.0,5.327294996476743,0.0,16.014853017824088,0.0,13874.826114309433,0.0,3397.951267862555,0.0,12.253603708168372,0.0,11.393367945503764,0.0,9.036201115470023,0.0
Fouls,303.35294117647055,0.0,16.121398828644917,0.0,333.12855556709974,0.0,223.0,0.0,149.7545404011463,0.0,12.443819958789282,0.0,14.933184523068078,0.0,10.206067294289898,0.0,622.5332085315885,0.0,155.51570373653192,0.0,121.72901962171882,0.0,4.655707027722963,0.0,15.534908421823692,0.0,24640.976011408828,0.0,13223.139669622979,0.0,12.4438209145052,0.0,11.67607888263362,0.0,9.328637005743264,0.0
Foval,299.6666666666667,0.0,15.976191917636632,0.0,326.2068108958131,0.0,218.0,0.0,145.1123464867409,0.0,12.192318139338427,0.0,14.7648230602334,0.0,9.99574700843346,0.0,728.7917810871787,0.0,280.8790810735987,0.0,240.8823576654023,0.0,3.9866330145094877,0.0,21.553258025327608,0.0,7607.829835007404,0.0,10092.81397000256,0.0,12.192318154038716,0.0,11.310265305659808,0.0,9.027232235694354,0.0
Foyer,302.78431372549016,0.0,15.951804575161779,0.0,307.79253114000915,0.0,176.0,0.0,114.17604205001193,0.0,11.36711305897753,0.0,13.2664991614216,0.0,8.729057023512267,0.0,59547.30484037635,0.0,2283.5712432277937,0.0,1610.0201188947622,0.0,5.399793036052635,0.0,28.291964415314812,0.0,2973.5567397870127,0.0,1773.1627179756513,0.0,11.367113067308214,0.0,10.051060567215849,0.0,7.766884335226055,0.0
Fpnds,363.2941176470588,0.0,17.63425156174829,0.0,327.3858277450248,0.0,208.0,0.0,140.91482512408572,0.0,12.252480796864052,0.0,14.422205101855956,0.0,9.996937914826587,0.0,2090.852862631283,0.0,969.3458035837645,0.0,908.9371721437803,0.0,3.879787829790416,0.0,23.19807958750294,0.0,953.1686232653675,0.0,7603.6424914439385,0.0,12.252480747077337,0.0,11.796713751950406,0.0,9.15000556249532,0.0
Frage,334.1607843137255,0.0,16.796952818614834,0.0,316.0539066481722,0.0,171.0,0.0,115.44096157321641,0.0,11.666378821031996,0.0,13.076696830622021,0.0,9.00531049545308,0.0,4814.674545146118,0.0,350.75583834820327,0.0,259.71007536547194,0.0,6.614695696601243,0.0,12.646313862183034,0.0,25191.40133267046,0.0,9871.294597692317,0.0,11.666378839186306,0.0,9.93541584933233,0.0,8.030273452334127,0.0
Franc,289.6313725490196,0.0,15.604424692153419,0.0,284.29437956161945,0.0,155.0,0.0,97.8121609930179,0.0,10.613392965845385,0.0,12.449899597988733,0.0,7.966294386312344,0.0,933.5889696237717,0.0,114.20819666460122,0.0,80.35547584233973,0.0,3.247775411498875,0.0,60.224396028322026,0.0,17850.252698366185,0.0,8525.997291044365,0.0,10.613392985677892,0.0,9.192263443316042,0.0,7.050087596698456,0.0
Frdkv,337.5882352941176,0.0,16.94479128101298,0.0,345.1116645331882,0.0,244.0,0.0,164.48587355977872,0.0,12.837638417106653,0.0,15.620499351813308,0.0,10.730683731721447,0.0,1046.3335417974997,0.0,323.3012600079914,0.0,236.63779491016027,0.0,5.115633830513366,0.0,76.79709351807125,0.0,5977.735964935057,0.0,5523.997685947498,0.0,12.837638377133697,0.0,12.08424486112929,0.0,9.819750604034335,0.0
Fregt,315.7450980392157,0.0,16.41577386784196,0.0,325.1983530767229,0.0,193.0,0.0,128.17966393316215,0.0,11.937052531541296,0.0,13.892443989449804,0.0,9.405326606191341,0.0,4814.574402147888,0.0,347.5214864153378,0.0,257.39364334080994,0.0,5.772586081152178,0.0,14.102892268929589,0.0,25192.235642069583,0.0,9870.956244093535,0.0,11.93705258620015,0.0,10.718731627171344,0.0,8.435541531655758,0.0
Frfhb,337.46274509803925,0.0,16.993208494810414,0.0,333.2894618924827,0.0,218.0,0.0,145.78176267627293,0.0,12.367494682276952,0.0,14.7648230602334,0.0,10.065994196528068,0.0,857.9916370859886,0.0,328.5878978251103,0.0,260.23138654907297,0.0,8.333938431216069,0.0,28.908003432086364,0.0,13291.154768253178,0.0,5779.846952680011,0.0,12.367494779507522,0.0,11.505256098893485,0.0,9.148765539130707,0.0
Frimm,376.62352941176476,0.0,17.907706055728994,0.0,458.5918623091103,0.0,381.0,0.0,273.0450140699532,0.0,16.102085663641947,0.0,19.519221295943137,0.0,14.299247848266413,0.0,1119.31825833622,0.0,936.8464502857199,0.0,670.2832560542465,0.0,14.146537363972781,0.0,17.761660751639244,0.0,4529.665009504784,0.0,738.1626902263823,0.0,16.102085843102053,0.0,16.517296248322964,0.0,13.488324811752276,0.0
Frinz,283.1607843137255,0.0,15.627740789991181,0.0,310.10042741896785,0.0,200.0,0.0,127.62586534946057,0.0,11.576529809596689,0.0,14.142135623730951,0.0,9.16772496060675,0.0,743.4575671743779,0.0,620.1722888369031,0.0,416.79441395093613,0.0,4.00280827183688,0.0,23.32936831951936,0.0,17856.980192342096,0.0,8526.077692904213,0.0,11.576529832518798,0.0,10.300701219324354,0.0,8.222764648357838,0.0
Frost,271.078431372549,0.0,15.144718773492675,0.0,310.6821464086971,0.0,193.0,0.0,124.29441716563528,0.0,11.531706084659598,0.0,13.892443989449804,0.0,9.065267295667573,0.0,608.6211348884935,0.0,134.94035489743476,0.0,97.40919336143347,0.0,5.05259452166023,0.0,16.275532167170123,0.0,1693.6260089573368,0.0,4494.508954473512,0.0,11.531706040892281,0.0,10.391352128762104,0.0,8.047345615963291,0.0
Frqck,329.3098039215686,0.0,16.692734400817617,0.0,335.9022495337053,0.0,220.0,0.0,149.2423040501294,0.0,12.49997006642458,0.0,14.832396974191326,0.0,10.283358291163603,0.0,7872209979810047.0,0.0,7800463371553962.0,0.0,7544671231436474.0,0.0,5.422960026000725,0.0,81.24171994479278,0.0,462.82096454442353,0.0,1441.9671655283241,0.0,11.922735836175253,0.0,11.164249593826886,0.0,8.798096418012957,0.0
Frsst,256.94117647058823,0.0,14.73383800353779,0.0,310.958038241307,0.0,188.0,0.0,121.59053073850808,0.0,11.54245842272483,0.0,13.711309200802088,0.0,8.990340586298922,0.0,605.3508160371157,0.0,116.76450080061274,0.0,83.78117897055837,0.0,5.616970818807945,0.0,13.249238514774937,0.0,1693.3979622629267,0.0,4494.131561285336,0.0,11.542458390269083,0.0,9.902022031370121,0.0,7.919724758214949,0.0
Frzhq,340.65098039215684,0.0,17.107972469874635,0.0,326.9878608510951,0.0,206.0,0.0,138.49940924049244,0.0,12.224347870913283,0.0,14.352700094407323,0.0,9.86478840371133,0.0,1388084.1255373694,0.0,305256.8214126314,0.0,294102.7543849956,0.0,9.170410661148653,0.0,388.87182934901085,0.0,13289.796850544468,0.0,5780.327133450925,0.0,12.224347987077579,0.0,11.15927749567723,0.0,8.945184016078978,0.0
Fröhö,352.878431372549,0.0,17.207023592116506,0.0,328.88626505737676,0.0,206.0,0.0,137.94821727915382,0.0,12.192767311374418,0.0,14.352700094407323,0.0,9.796763170538227,0.0,7279.9568343984265,0.0,12501.985766556889,0.0,7246.679051442907,0.0,7.23128978999013,0.0,374.09574347143723,0.0,13288.49206058218,0.0,5778.931259847197,0.0,12.159528726592722,0.0,11.403473303567031,0.0,8.770870979299563,0.0
Fröss,292.45098039215685,0.0,15.62136718245177,0.0,319.7682950258091,0.0,193.0,0.0,127.61781672927327,0.0,11.85156262309973,0.0,13.892443989449804,0.0,9.346224472939763,0.0,799.4416272596528,0.0,900.4922061540143,0.0,525.4270675240443,0.0,3.787366652067712,0.0,33.9877775769402,0.0,1715.1770901534014,0.0,4497.611524461009,0.0,11.851562625371814,0.0,10.517812565166933,0.0,8.328223341441085,0.0
Frühe,336.7529411764706,0.0,16.936002296271564,0.0,302.4253358097759,0.0,171.0,0.0,110.37342625144953,0.0,11.26201313866601,0.0,13.076696830622021,0.0,8.585574878283426,0.0,767.0813555461758,0.0,330.42539049757073,0.0,293.5910099112475,0.0,4.79950159695709,0.0,25.77909489245997,0.0,13287.553773914315,0.0,5774.3670757853315,0.0,11.26201330665797,0.0,10.004281814285362,0.0,7.681572923025993,0.0
Fsgsn,343.38823529411764,0.0,17.013206530895314,0.0,329.21532355703437,0.0,201.0,0.0,134.65385639254754,0.0,12.146392256456586,0.0,14.177446878757825,0.0,9.656690453862943,0.0,2905.839363188048,0.0,352.399876501626,0.0,273.20345104250316,0.0,4.802745681519912,0.0,22.60939861500039,0.0,1664.915469059736,0.0,4493.881424956076,0.0,12.146392294293323,0.0,10.893888135626506,0.0,8.622610108699872,0.0
Fshcg,352.4980392156863,0.0,17.216498707883506,0.0,331.5544111553079,0.0,199.0,0.0,134.03278923929125,0.0,12.199383585109379,0.0,14.106735979665885,0.0,9.688227265719238,0.0,6103.884902368925,0.0,640.9138860529517,0.0,493.76693836347454,0.0,7.291273124933104,0.0,26.424705570375014,0.0,336.6895431234107,0.0,1439.590927781762,0.0,12.199383599540997,0.0,11.335324011805554,0.0,8.712883935143772,0.0
Fslbt,296.2470588235294,0.0,16.022050837313202,0.0,325.45884375327284,0.0,220.0,0.0,144.248814758474,0.0,12.117271598145544,0.0,14.832396974191326,0.0,9.877384161210857,0.0,707.5185860019271,0.0,296.96855294952576,0.0,237.0807672937888,0.0,3.800108632880177,0.0,24.307689740072476,0.0,20706.17405873737,0.0,4167.766375188129,0.0,12.117271685844099,0.0,11.3354972667913,0.0,8.939756910168182,0.0
Ftgtn,325.67058823529413,0.0,16.72453345308549,0.0,351.1071180434245,0.0,236.0,0.0,161.15426476965874,0.0,12.946975932466716,0.0,15.362291495737216,0.0,10.661123891937391,0.0,2893.635686066289,0.0,241.14095182398435,0.0,175.7754440641846,0.0,5.229786900647175,0.0,17.254521428604605,0.0,13875.468078836122,0.0,3399.680896250476,0.0,12.94697590202558,0.0,11.969952486554602,0.0,9.722513253619516,0.0
Ftlkk,330.38039215686274,0.0,16.798053291580377,0.0,360.84624257304796,0.0,277.0,0.0,187.5143632818734,0.0,13.37451735701887,0.0,16.64331697709324,0.0,11.464827377561612,0.0,678.1578766990651,0.0,367.68922868444514,0.0,262.2139928427084,0.0,8.705580470536665,0.0,20.21126245629332,0.0,5970.735622945461,0.0,5525.555862053967,0.0,13.374517336772843,0.0,12.718261841601729,0.0,10.682012762502453,0.0
Fugen,368.0509803921568,0.0,17.735643890371573,0.0,315.8383306750687,0.0,174.0,0.0,116.60181939122558,0.0,11.679655023580374,0.0,13.19090595827292,0.0,8.992057212977162,0.0,2892.5108904670255,0.0,224.74254228437425,0.0,162.47799290842778,0.0,4.348905139253649,0.0,12.44839743661063,0.0,2967.9658722234362,0.0,1773.705720714046,0.0,11.679655059343695,0.0,10.47283876676135,0.0,8.096002318206837,0.0
Fuhre,324.2392156862745,0.0,16.644592071101638,0.0,310.78437499210656,0.0,183.0,0.0,121.34655579538662,0.0,11.645444411883686,0.0,13.527749258468683,0.0,9.089772636123962,0.0,604.2507859171649,0.0,112.56527320875463,0.0,80.34418746440984,0.0,4.328412036098563,0.0,14.8636408443995,0.0,2462.947310287829,0.0,2725.3720859810505,0.0,11.645444710067798,0.0,10.482316552352753,0.0,8.293017980557455,0.0
Funde,352.98823529411766,0.0,17.447109506799485,0.0,301.10788141824673,0.0,165.0,0.0,109.6099090630033,0.0,11.294981210251027,0.0,12.84523257866513,0.0,8.690251154491335,0.0,724.8518190978074,0.0,139.87403217442616,0.0,110.2560692707367,0.0,3.4483731279995964,0.0,13.027681149828126,0.0,955.9292756302166,0.0,7603.738079127692,0.0,11.294980994892011,0.0,10.18427444183427,0.0,7.903280313472755,0.0
Funke,350.73333333333335,0.0,17.28643864909083,0.0,304.467144413631,0.0,182.0,0.0,119.03078484028144,0.0,11.421717228499189,0.0,13.490737563232042,0.0,8.932778073018106,0.0,605.387680511477,0.0,146.2602938167807,0.0,99.4649777939005,0.0,3.1820486617208403,0.0,13.789612518593877,0.0,5967.9224012550485,0.0,5523.312848848933,0.0,11.421717249900475,0.0,10.412231785950901,0.0,8.162294863395273,0.0
Furie,282.78431372549016,0.0,15.609618580662254,0.0,315.74514212772516,0.0,184.0,0.0,124.22406488545535,0.0,11.844472023817424,0.0,13.564659966250536,0.0,9.281181421609169,0.0,604.2233006088293,0.0,120.40197724021677,0.0,87.2861681502723,0.0,5.6191688662652775,0.0,14.003255306262261,0.0,8151.1691913331915,0.0,4921.809267075079,0.0,11.844472728935116,0.0,10.33324422575959,0.0,8.499851301750303,0.0
Futul,296.73333333333335,0.0,16.095441504241357,0.0,323.53106681130845,0.0,217.0,0.0,142.77191371028826,0.0,12.093367842293977,0.0,14.730919862656235,0.0,9.864725399113102,0.0,709.6498437172717,0.0,237.78048333752727,0.0,213.2956345729978,0.0,3.749018747015343,0.0,17.53402982217641,0.0,39684.106919712394,0.0,3878.242540646974,0.0,12.09336785214442,0.0,11.179152283437103,0.0,8.991040217575089,0.0
Fvhrg,353.2274509803922,0.0,17.303030471973198,0.0,363.51807705753436,0.0,250.0,0.0,172.12131011844195,0.0,13.312369921130566,0.0,15.811388300841896,0.0,11.080279718123679,0.0,6121.793659084797,0.0,863.3479055699056,0.0,650.9083836863445,0.0,6.879752435262114,0.0,113.49105960906894,0.0,2475.5574223259523,0.0,2727.2517165378763,0.0,13.312370114977867,0.0,12.443422903109996,0.0,10.12913700071676,0.0
Fxkns,336.5921568627451,0.0,16.837420564243466,0.0,325.4184563177087,0.0,213.0,0.0,140.83660357680733,0.0,12.117582132858203,0.0,14.594519519326424,0.0,9.816680401439829,0.0,814.7667258286198,0.0,632.4156665561501,0.0,526.5625210624748,0.0,4.055366564992973,0.0,63.12265535729143,0.0,17850.265166716792,0.0,8525.540022523937,0.0,12.11758214060142,0.0,10.870179110462177,0.0,8.907346814645466,0.0
Fzchs,307.54901960784315,0.0,16.12736551619288,0.0,297.85014244039127,0.0,163.0,0.0,104.33311669644169,0.0,11.050119994134885,0.0,12.767145334803704,0.0,8.312798445532254,0.0,908.723468872669,0.0,840.9962012770667,0.0,666.4696778113972,0.0,3.086559892939456,0.0,32.681248267164,0.0,13281.171131447536,0.0,5767.860417979805,0.0,11.050120217167345,0.0,9.740806006332487,0.0,7.328160495446838,0.0
Fzhld,347.6392156862745,0.0,17.378839210015773,0.0,365.1477390876832,0.0,255.0,0.0,179.49494987721053,0.0,13.572684132631993,0.0,15.968719422671311,0.0,11.4649578750269,0.0,1933.0116329835837,0.0,939.8271096125375,0.0,770.6033807456298,0.0,5.120761326232805,0.0,35.983560240136306,0.0,24640.8430272922,0.0,13223.339111144043,0.0,13.572684903984738,0.0,12.881336160327736,0.0,10.650479728994027,0.0
Fählt,319.8235294117647,0.0,16.559498122991283,0.0,342.1564377548769,0.0,244.0,0.0,164.68487679738172,0.0,12.80049749797731,0.0,15.620499351813308,0.0,10.724983100551327,0.0,623.1888968309324,0.0,194.87235140878585,0.0,142.62891467543056,0.0,7.225948335302012,0.0,15.388057837953898,0.0,24641.04727089778,0.0,13223.364597220463,0.0,12.800498434387832,0.0,12.576332521169597,0.0,9.955239178611148,0.0
Fälle,302.6313725490196,0.0,16.17860853370554,0.0,337.9838607846999,0.0,221.0,0.0,153.2458000827712,0.0,12.708407214594402,0.0,14.866068747318506,0.0,10.501081849265159,0.0,629.9134288121338,0.0,199.75544626365,0.0,149.16207676710673,0.0,4.51049965224637,0.0,14.232717323004545,0.0,24640.079683460375,0.0,13223.649696728284,0.0,12.708408278348267,0.0,11.773268617090004,0.0,9.796909059804335,0.0
Föhne,361.58431372549023,0.0,17.512856155377804,0.0,298.4193484724925,0.0,165.0,0.0,108.1974393830292,0.0,11.178145687081198,0.0,12.84523257866513,0.0,8.55713940184107,0.0,620.694345386504,0.0,171.58394100888248,0.0,114.93502526619736,0.0,3.5798526277857077,0.0,15.78563009067194,0.0,17848.273062897413,0.0,8525.71113166437,0.0,11.178145695155074,0.0,10.394425064961265,0.0,7.712328759597405,0.0
Föten,318.9490196078431,0.0,16.487799597376384,0.0,302.1423021642895,0.0,167.0,0.0,109.3315821423477,0.0,11.271828002642582,0.0,12.922847983320086,0.0,8.578925680903053,0.0,618.3728734045746,0.0,170.76966486396304,0.0,113.62594511732976,0.0,3.9303860365567806,0.0,14.063003392931812,0.0,2969.829731275997,0.0,1774.1586806188259,0.0,11.27182805800107,0.0,9.967980987352648,0.0,7.737667822113083,0.0
Fötus,307.56862745098044,0.0,16.154724777639878,0.0,313.0584575841282,0.0,195.0,0.0,125.70156641496168,0.0,11.597710924062708,0.0,13.96424004376894,0.0,9.1469252034003,0.0,620.7820118414915,0.0,181.14909232341614,0.0,121.44764028328146,0.0,4.11936567753478,0.0,17.19741500826323,0.0,39683.65869115082,0.0,3877.315894159134,0.0,11.597710930626388,0.0,10.69905857846397,0.0,8.174915135051899,0.0
Fülle,309.45490196078424,0.0,16.433274727278395,0.0,350.0022381602482,0.0,234.0,0.0,163.86569796861255,0.0,13.099416797435069,0.0,15.297058540778355,0.0,10.89707715066799,0.0,632.1247061631136,0.0,167.64568941538093,0.0,137.73603298225785,0.0,4.912107656950174,0.0,14.517933161931458,0.0,24640.31116726148,0.0,13223.84422430098,0.0,13.099417818416777,0.0,11.915371080668521,0.0,10.143537477747792,0.0
Fürst,285.8313725490196,0.0,15.594279750539963,0.0,319.3735845065362,0.0,201.0,0.0,131.4321488546429,0.0,11.853977796413979,0.0,14.177446878757825,0.0,9.389517158504631,0.0,612.00404937038,0.0,128.1032839986142,0.0,96.21158668167891,0.0,8.484735389427504,0.0,14.362839953861764,0.0,1692.7859285524871,0.0,4495.290918331409,0.0,11.853977837400445,0.0,10.647463584681262,0.0,8.421902414396616,0.0
Gaban,357.78823529411767,0.0,17.33064037283131,0.0,320.3020375685598,0.0,201.0,0.0,135.89701153291543,0.0,12.03541895758067,0.0,14.177446878757825,0.0,9.746438196842266,0.0,670.4226164382795,0.0,142.6452988559921,0.0,103.84551677831149,0.0,2.582757021816899,0.0,13.346604532353842,0.0,7614.524590987055,0.0,10092.794773810072,0.0,12.03541885722563,0.0,11.324587975168361,0.0,8.835523901110204,0.0
Gabel,336.48627450980393,0.0,16.935650878107072,0.0,334.459160925148,0.0,210.0,0.0,146.3128819066372,0.0,12.547152138239062,0.0,14.491376746189438,0.0,10.304833049343241,0.0,768.3145915852899,0.0,250.90843595990367,0.0,223.36391438062194,0.0,5.220949531185995,0.0,14.768996831768353,0.0,2993.5002012785862,0.0,1778.4297583252928,0.0,12.547152135101209,0.0,11.787688913957162,0.0,9.435664309748848,0.0
Gaben,356.5176470588235,0.0,17.359571127393327,0.0,313.2021522972569,0.0,178.0,0.0,121.54138421608982,0.0,11.77030888762059,0.0,13.341664064126334,0.0,9.269214309591026,0.0,669.4548145163182,0.0,131.7375627467264,0.0,97.40009901525627,0.0,2.5986143169578,0.0,10.421812932344636,0.0,2991.8751231520046,0.0,1775.7586019591822,0.0,11.770308926198371,0.0,10.72412941745534,0.0,8.424622025453177,0.0
Gagen,374.7686274509804,0.0,17.739497328696135,0.0,328.1921225253127,0.0,190.0,0.0,130.8533921221915,0.0,12.1914408041251,0.0,13.784048752090222,0.0,9.67586135280382,0.0,2903.896345797628,0.0,236.340561748471,0.0,172.29953863008026,0.0,3.6531160016508064,0.0,10.5798078847645,0.0,2991.3040171999723,0.0,1775.4173120656528,0.0,12.191440843263212,0.0,11.093529962045531,0.0,8.736226829900568,0.0
Gamma,424.55294117647054,0.0,18.81036672140582,0.0,454.5447856846712,0.0,371.0,0.0,269.82591381905786,0.0,16.078756564490206,0.0,19.261360284258224,0.0,14.292950165453242,0.0,1092.1022072617177,0.0,886.1699095260647,0.0,636.0163712592594,0.0,5.588586819221992,0.0,16.77321396228447,0.0,4514.36180481968,0.0,732.0585454401432,0.0,16.07875690916547,0.0,16.50926637220334,0.0,13.443815721892788,0.0
Garbe,329.4470588235294,0.0,16.657092059495508,0.0,310.52948981574116,0.0,171.0,0.0,116.17759806087341,0.0,11.637423736803752,0.0,13.076696830622021,0.0,9.03273845995652,0.0,692.7302402411548,0.0,131.45924140509723,0.0,95.6755585501983,0.0,3.301350552427099,0.0,15.728695580558961,0.0,20709.435735708503,0.0,4168.007238560351,0.0,11.63742379133327,0.0,10.266091225470728,0.0,8.123339110423338,0.0
Garde,332.63529411764705,0.0,16.752383041301197,0.0,316.39551047209227,0.0,176.0,0.0,121.45201078843169,0.0,11.886098742816632,0.0,13.2664991614216,0.0,9.344643970847137,0.0,769.2467403179111,0.0,157.96043736598187,0.0,124.6277209992801,0.0,3.527253509892239,0.0,12.077988565408013,0.0,1036.5322886827737,0.0,7604.2371145780035,0.0,11.886098229688079,0.0,10.42940781082781,0.0,8.455729758720047,0.0
Garta,289.5921568627451,0.0,15.53457232535854,0.0,332.06630054458594,0.0,213.0,0.0,146.30604319861354,0.0,12.476038359377691,0.0,14.594519519326424,0.0,10.165027058886704,0.0,657.5061287478811,0.0,157.5152277645642,0.0,115.52542112082529,0.0,7.120092484874093,0.0,15.944075488826044,0.0,13880.554390118257,0.0,3399.6858940912475,0.0,12.476038288492333,0.0,11.242657328731147,0.0,9.230185078425169,0.0
Gasse,304.7803921568627,0.0,15.896663124711951,0.0,309.8121931159511,0.0,169.0,0.0,115.17590499645331,0.0,11.622462823181356,0.0,13.0,0.0,9.006473139666076,0.0,656.5949237771757,0.0,129.0921771513736,0.0,95.38543951471978,0.0,5.1378338473297624,0.0,11.851227060251182,0.0,1706.4754551266822,0.0,4494.663499321343,0.0,11.622462926520027,0.0,9.819392218470696,0.0,7.99394087193641,0.0
Gbstd,345.79999999999995,0.0,17.174360600996373,0.0,381.7865075717434,0.0,269.0,0.0,194.15027303821824,0.0,14.087321920604518,0.0,16.401219466856727,0.0,12.063285537366642,0.0,1857.4799704274276,0.0,470.8998387947823,0.0,424.05038498270795,0.0,6.05784772789506,0.0,24.699366504768236,0.0,13880.60789776508,0.0,3399.274336487802,0.0,14.08732188796704,0.0,13.234273910090554,0.0,11.137338848953164,0.0
Gdnrm,393.51372549019607,0.0,18.26228236897311,0.0,416.2722579854422,0.0,330.0,0.0,236.23354166497887,0.0,15.08966354124166,0.0,18.16590212458495,0.0,13.283011315950485,0.0,6376.568923322126,0.0,1316.1854803410824,0.0,1244.953531399438,0.0,4.744016803893787,0.0,30.156394906422587,0.0,2508.678136497099,0.0,2728.6395442849284,0.0,15.089663709798536,0.0,15.2717036099464,0.0,12.459429791607125,0.0
Gdrkl,347.43137254901956,0.0,17.198059223677838,0.0,376.2533111726409,0.0,279.0,0.0,197.32915414556675,0.0,13.979253355121742,0.0,16.703293088490067,0.0,12.04992022848129,0.0,6370.240039141796,0.0,1253.7364886280347,0.0,1219.735179628261,0.0,5.09286247330784,0.0,30.030298744584325,0.0,5985.0231858096095,0.0,5524.826189128117,0.0,13.979253431012854,0.0,13.171423345226488,0.0,11.159441158522796,0.0
Gebet,326.9176470588236,0.0,16.706301200677732,0.0,316.9138903819892,0.0,188.0,0.0,126.06267092549923,0.0,11.825524245919242,0.0,13.711309200802088,0.0,9.365424154071253,0.0,669.5865921849409,0.0,130.03679554026155,0.0,96.35619846494038,0.0,6.721876938547105,0.0,12.588225540792857,0.0,2993.296073417841,0.0,1775.296337053085,0.0,11.825524224040088,0.0,11.012980468117304,0.0,8.446130999866467,0.0
Gefte,300.27058823529416,0.0,15.981423760760238,0.0,337.878725982068,0.0,213.0,0.0,146.56235067606036,0.0,12.598584129391096,0.0,14.594519519326424,0.0,10.205561226741475,0.0,663.1171432855551,0.0,172.81839502128383,0.0,134.0892087688254,0.0,6.305779148879818,0.0,18.090730643723848,0.0,13887.286369308244,0.0,3417.7240898067043,0.0,12.598584061802201,0.0,11.307829303375394,0.0,9.314366686926812,0.0
Gehör,348.05098039215693,0.0,17.072207956382186,0.0,327.8500326944819,0.0,206.0,0.0,138.5732179145233,0.0,12.238250057144876,0.0,14.352700094407323,0.0,9.833748529382119,0.0,733.0479061756691,0.0,560.272286238366,0.0,329.2126153957861,0.0,4.56679432745748,0.0,21.64394364889931,0.0,11914.892348014335,0.0,10781.419201851562,0.0,12.238250128318441,0.0,11.324713905502392,0.0,8.872964128602863,0.0
Gelee,311.2352941176471,0.0,16.320273478496556,0.0,307.93178027955315,0.0,163.0,0.0,111.98321089366142,0.0,11.601987386879753,0.0,12.767145334803704,0.0,8.942739143674299,0.0,661.5922411234367,0.0,127.72640377341017,0.0,98.37700379782915,0.0,4.1093742470819645,0.0,12.909817735124351,0.0,2988.9944021807532,0.0,1777.8650103927548,0.0,11.60198744756336,0.0,9.881905365210287,0.0,8.116479773546779,0.0
Gemüt,374.50588235294117,0.0,17.810229943979934,0.0,385.2318603355162,0.0,289.0,0.0,199.52701353314734,0.0,14.01587213724611,0.0,17.0,0.0,11.995220255070414,0.0,783.0424175154751,0.0,408.5295641302206,0.0,306.19347350873863,0.0,5.6823600543478685,0.0,26.68360399112075,0.0,30054.5102897922,0.0,5106.015775543438,0.0,14.01587213572516,0.0,14.014689962710507,0.0,11.092281530519314,0.0
Gengs,365.2117647058824,0.0,17.51854336935378,0.0,338.06690414561035,0.0,208.0,0.0,142.7031677928823,0.0,12.503281868841738,0.0,14.422205101855956,0.0,10.10370558327293,0.0,4821.472369551281,0.0,355.29504761006126,0.0,263.8568300860186,0.0,3.8297538467269794,0.0,13.386221850097323,0.0,25194.25349176283,0.0,9871.207659785412,0.0,12.50328185731235,0.0,11.420239518797272,0.0,9.095848577037561,0.0
Gennt,325.3058823529412,0.0,16.637919845286017,0.0,305.1364833773245,0.0,195.0,0.0,126.11938198284622,0.0,11.489851283970413,0.0,13.96424004376894,0.0,9.175759875240281,0.0,652.5753344262133,0.0,117.53171288100805,0.0,85.05116344332798,0.0,5.487340928157875,0.0,11.847846179025542,0.0,17854.049302274332,0.0,8525.846493808254,0.0,11.489851286143319,0.0,10.86015196960803,0.0,8.261544356463537,0.0
Genom,388.08235294117645,0.0,18.073269221737377,0.0,375.49593675342913,0.0,267.0,0.0,186.87456803753454,0.0,13.782400355536646,0.0,16.34013463836819,0.0,11.692581780837054,0.0,812.9810053328349,0.0,483.6025156521863,0.0,340.9101924277748,0.0,7.32600045994939,0.0,15.93500013607677,0.0,22556.01304222974,0.0,1528.404305869319,0.0,13.782400373983242,0.0,13.781663630207147,0.0,10.8226343923528,0.0
Genua,340.62745098039215,0.0,16.952934372915045,0.0,304.6572337027045,0.0,180.0,0.0,118.43427572970006,0.0,11.442124996896348,0.0,13.416407864998739,0.0,8.97102815325338,0.0,656.1307357291945,0.0,148.82979726967082,0.0,108.07644800804748,0.0,2.492255966933408,0.0,17.384255070996794,0.0,39685.23892394132,0.0,3877.9049425385456,0.0,11.44212502484075,0.0,10.446362361480883,0.0,8.01768600727147,0.0
Gerke,329.1098039215686,0.0,16.61521238454753,0.0,319.02213827334435,0.0,187.0,0.0,126.88983769524624,0.0,11.96080600154258,0.0,13.674794331177344,0.0,9.433248794631758,0.0,657.8607558297344,0.0,162.09747481634295,0.0,114.33663338104425,0.0,3.43256391610201,0.0,13.385433035280727,0.0,5980.83021336089,0.0,5524.090201730417,0.0,11.960806094071712,0.0,10.423956165973022,0.0,8.544776115624005,0.0
Geste,294.65098039215684,0.0,15.774597423561481,0.0,325.15284301156225,0.0,187.0,0.0,129.66043888208247,0.0,12.18778727746634,0.0,13.674794331177344,0.0,9.637237679103132,0.0,656.2276272486212,0.0,133.4400023669995,0.0,99.41381977150503,0.0,6.673629010589988,0.0,11.806826658951866,0.0,13878.782869803823,0.0,3398.3681979501835,0.0,12.187787220983074,0.0,10.446587060897013,0.0,8.685825818862561,0.0
Getem,353.9019607843137,0.0,17.317699896907172,0.0,373.79228213400256,0.0,260.0,0.0,182.70730461112072,0.0,13.729957744151564,0.0,16.1245154965971,0.0,11.587031688176465,0.0,808.9498106435976,0.0,479.71178636796895,0.0,338.1314354214636,0.0,7.5695376173560645,0.0,12.774560211398638,0.0,3004.25094639283,0.0,1778.6055867811144,0.0,13.729957756989027,0.0,13.477730642826637,0.0,10.767133153624211,0.0
Getto,291.64313725490194,0.0,15.730570300655103,0.0,342.11888799126007,0.0,231.0,0.0,157.97790677090757,0.0,12.7871507359072,0.0,15.198684153570664,0.0,10.555229212290286,0.0,729.8928807023145,0.0,230.50862627410584,0.0,175.33236817117665,0.0,6.7980201861403735,0.0,14.311627794185982,0.0,13880.375207525001,0.0,3398.948456064532,0.0,12.787150686283683,0.0,11.723751128327097,0.0,9.616100855536201,0.0
Geäst,308.4313725490196,0.0,16.05722082547961,0.0,329.37061514570917,0.0,221.0,0.0,147.89450268647073,0.0,12.314164504357564,0.0,14.866068747318506,0.0,10.117108669006212,0.0,744.3287695397897,0.0,357.38832185445153,0.0,289.2568256102317,0.0,7.78734021808395,0.0,36.762886045501844,0.0,1721.6367039421336,0.0,4497.649594145955,0.0,12.314164538922125,0.0,11.505557599178012,0.0,9.145266261385968,0.0
Gfcßc,329.55294117647065,0.0,16.50016765028479,0.0,346.6033527593206,0.0,226.0,0.0,156.77205818333294,0.0,12.87770932240831,0.0,15.033296378372908,0.0,10.632770464231932,0.0,1136.9068755850967,0.0,638.9065119146969,0.0,553.1773039683484,0.0,4.5059163596694525,0.0,70.52097062749885,0.0,7668.189133665869,0.0,4044.7097776161327,0.0,12.877709490433384,0.0,11.848886383941043,0.0,9.732306661591426,0.0
Ggcht,357.1764705882353,0.0,17.326118629811976,0.0,347.12710939669927,0.0,232.0,0.0,158.4924471158261,0.0,12.793158589109003,0.0,15.231546211727817,0.0,10.612889129495636,0.0,98555.29397477086,0.0,9191.481744022296,0.0,6923.514506985713,0.0,7.5587363840681325,0.0,40.960544893216095,0.0,13288.113289819512,0.0,5768.68484075687,0.0,12.793158790633898,0.0,12.243627776328793,0.0,9.723877095630739,0.0
Gggln,406.88235294117646,0.0,18.589049787731625,0.0,410.63642386452716,0.0,302.0,0.0,218.1912935991569,0.0,14.791911808620572,0.0,17.378147196982766,0.0,12.791854805550427,0.0,98595.9806202272,0.0,9194.31954812182,0.0,6925.7075584827935,0.0,6.117634014037028,0.0,42.416318223677344,0.0,24644.119613108775,0.0,13223.601807739204,0.0,14.791912616914699,0.0,14.205832720082393,0.0,11.899892384290213,0.0
Ghtcl,306.09803921568624,0.0,16.138356524950517,0.0,357.39765579781624,0.0,252.0,0.0,174.7761564075718,0.0,13.32106466205434,0.0,15.874507866387544,0.0,11.22610331831165,0.0,788.4996345598109,0.0,312.2420717867861,0.0,261.88979470441126,0.0,9.973276073442756,0.0,22.641858375348807,0.0,635.8632061103432,0.0,1445.008704037251,0.0,13.321064608884276,0.0,12.509754448865527,0.0,10.338166308282917,0.0
Ghtcr,299.05882352941177,0.0,15.845787974720361,0.0,336.43445810100366,0.0,224.0,0.0,151.28700756528713,0.0,12.56156673248418,0.0,14.966629547095765,0.0,10.287635219332373,0.0,692.9537174477515,0.0,229.271375907979,0.0,168.7458979299564,0.0,11.460236046650008,0.0,20.871960450598472,0.0,648.3809186441534,0.0,1442.6728397424176,0.0,12.561566681776021,0.0,11.576155587476295,0.0,9.389999018990478,0.0
Ghtdr,339.7098039215686,0.0,17.005038491643244,0.0,353.88296514146026,0.0,249.0,0.0,171.45348507944715,0.0,13.189583036678151,0.0,15.7797338380595,0.0,11.086193461899487,0.0,792.4046257946945,0.0,253.24037748126418,0.0,191.94336914336762,0.0,5.931590134561519,0.0,18.75756766856183,0.0,1087.3730069267733,0.0,7604.224063568619,0.0,13.189582672105296,0.0,12.351827473955016,0.0,10.18772909476051,0.0
Ghtgl,361.8117647058823,0.0,17.569300582342784,0.0,388.5585402380923,0.0,284.0,0.0,201.25475605096358,0.0,14.20462328980987,0.0,16.852299546352718,0.0,12.189121031479344,0.0,4839.703175182432,0.0,456.345874612316,0.0,360.4407947997211,0.0,4.73701054821403,0.0,21.057295932148133,0.0,25196.06017717443,0.0,9871.64073779098,0.0,14.204623270267195,0.0,13.390142469135178,0.0,11.225424355913495,0.0
Ghthl,345.07058823529417,0.0,17.177476467995387,0.0,361.8166365256942,0.0,271.0,0.0,187.14875531746645,0.0,13.536274032459659,0.0,16.46207763315433,0.0,11.590609893503498,0.0,777.339062002484,0.0,313.5679776626496,0.0,262.6437717502961,0.0,5.160317772105206,0.0,21.674181704245,0.0,13290.547016910628,0.0,5769.371070089825,0.0,13.53627413583964,0.0,13.037967013625487,0.0,10.705707793528031,0.0
Ghtkn,364.5254901960784,0.0,17.535297516076437,0.0,356.94841720576596,0.0,262.0,0.0,179.5920120084626,0.0,13.327080478302902,0.0,16.186414056238647,0.0,11.273706200623126,0.0,684.3963992153961,0.0,255.514201646525,0.0,185.16361817996008,0.0,3.520590452218326,0.0,18.63691598409317,0.0,5988.840527829294,0.0,5524.1517131801675,0.0,13.327080552179476,0.0,12.482254961906152,0.0,10.421091118141975,0.0
Ghtpr,339.22352941176473,0.0,16.952704864708508,0.0,352.570986417868,0.0,246.0,0.0,169.34170513811392,0.0,13.12635486197472,0.0,15.684387141358123,0.0,11.014910538061145,0.0,2109.336636971599,0.0,619.5679691214227,0.0,569.6292179015464,0.0,6.331751681154488,0.0,26.994614894328635,0.0,28944.846843493557,0.0,3079.133619955294,0.0,13.126354867924169,0.0,12.323429157218609,0.0,10.118750925399072,0.0
Ghtsc,306.65882352941173,0.0,16.018637741524547,0.0,339.280370197999,0.0,225.0,0.0,154.18296260052466,0.0,12.69324308258704,0.0,15.0,0.0,10.453691322719212,0.0,986.7967855562977,0.0,231.1757820100473,0.0,170.5276368332193,0.0,10.079593731587217,0.0,61.8706411877975,0.0,1738.5017938150215,0.0,4494.936849951822,0.0,12.693243203487254,0.0,11.605717524269581,0.0,9.545730544940723,0.0
Ghtsm,371.1058823529412,0.0,17.671946720276047,0.0,413.37263827551783,0.0,327.0,0.0,231.84927696575826,0.0,14.954545796419511,0.0,18.083141320025124,0.0,13.08268457670236,0.0,832.119774409669,0.0,519.3473787104232,0.0,368.77621915237916,0.0,6.538380156170576,0.0,18.21227219049014,0.0,1760.6867627706954,0.0,4496.416663488974,0.0,14.954545871906548,0.0,14.943850408523438,0.0,12.200767183500549,0.0
Ghtsp,346.82352941176464,0.0,17.11437877295912,0.0,363.39609425148933,0.0,255.0,0.0,178.68169254337238,0.0,13.506118384629982,0.0,15.968719422671311,0.0,11.394152023148617,0.0,6119.140915472996,0.0,1137.4475422743621,0.0,1107.1660097884028,0.0,5.30186038730084,0.0,40.6845342365338,0.0,1740.6268480425124,0.0,4495.210698708479,0.0,13.50611851737995,0.0,12.6157097323036,0.0,10.471758351584455,0.0
Ghtsw,346.2274509803922,0.0,17.043389005837604,0.0,392.9917357413801,0.0,306.0,0.0,215.6473147490628,0.0,14.424406454292782,0.0,17.4928556845359,0.0,12.565820197441775,0.0,335131.64664574136,0.0,34398.70537949866,0.0,26926.01100240708,0.0,5.273935926941217,0.0,144.06647689131847,0.0,1764.1201154111598,0.0,4496.796768716894,0.0,14.424406556891615,0.0,13.482739170511934,0.0,11.66263742570082,0.0
Gifte,284.3058823529412,0.0,15.595276249294555,0.0,351.77580956197596,0.0,242.0,0.0,165.92368682481157,0.0,13.056204668720582,0.0,15.556349186104045,0.0,10.821218062291758,0.0,663.679643469284,0.0,174.96774948307473,0.0,135.2762135464079,0.0,5.748172508101605,0.0,18.59665856370617,0.0,13889.443568791088,0.0,3418.367211578306,0.0,13.05620452014234,0.0,11.858600127923955,0.0,9.916820358132815,0.0
Gilde,322.43921568627457,0.0,16.697611871598074,0.0,345.9817145876246,0.0,231.0,0.0,160.28469329445443,0.0,12.94487598838776,0.0,15.198684153570664,0.0,10.750283255140015,0.0,777.5169954970308,0.0,170.9089697299799,0.0,136.36084202618738,0.0,4.242950447703756,0.0,13.731613695240096,0.0,1053.6006468459339,0.0,7604.932547524397,0.0,12.944875666921137,0.0,11.731462102816172,0.0,9.87299329289609,0.0
Ginis,291.0509803921569,0.0,15.738780751092177,0.0,349.9550338315759,0.0,254.0,0.0,172.77600864039124,0.0,13.082540281593936,0.0,15.937377450509228,0.0,11.0060108945291,0.0,658.3366959575752,0.0,150.6112639129487,0.0,111.13406710860633,0.0,5.839168369009045,0.0,13.73299847039199,0.0,8162.058758686949,0.0,4922.313029973767,0.0,13.082541006274953,0.0,12.26087351283014,0.0,10.11583648288673,0.0
Ginzi,296.61960784313726,0.0,15.968435801461757,0.0,350.20365311923564,0.0,259.0,0.0,174.16413338425517,0.0,13.03478591978005,0.0,16.09347693943108,0.0,10.992615237207852,0.0,838.0980365722667,0.0,286.2044524770214,0.0,215.7032636840851,0.0,5.8161334073320266,0.0,20.71842549238214,0.0,4626.275207595259,0.0,4337.670733495379,0.0,13.034785889481013,0.0,12.215279383217537,0.0,10.076794703310986,0.0
Gisiß,318.9686274509804,0.0,16.375632444181917,0.0,385.83535941013025,0.0,285.0,0.0,202.4414279858056,0.0,14.213524682861125,0.0,16.881943016134134,0.0,12.201447961063053,0.0,3369.856941423802,0.0,4699.21420831279,0.0,3163.0553922407908,0.0,7.200842338754738,0.0,59.74848100990252,0.0,8163.937197719478,0.0,4923.268998785537,0.0,14.213525379030337,0.0,13.216709219218549,0.0,11.259064288822678,0.0
Gisti,262.721568627451,0.0,14.981702026708126,0.0,362.4472683379744,0.0,262.0,0.0,180.46417537599547,0.0,13.42800444993864,0.0,16.186414056238647,0.0,11.32211400863549,0.0,837.476470060561,0.0,282.69060742995816,0.0,213.65591253668015,0.0,8.937433860091417,0.0,19.45190373804142,0.0,13882.84083497996,0.0,3400.1804355942627,0.0,13.428004247397439,0.0,12.254317624616165,0.0,10.316082619875504,0.0
Gitei,271.0078431372549,0.0,15.272374186830806,0.0,334.11034876992585,0.0,224.0,0.0,150.5807324987818,0.0,12.478143502932992,0.0,14.966629547095765,0.0,10.225436020152248,0.0,834.7645979570032,0.0,274.4329353862674,0.0,207.09124216435742,0.0,6.575321065823807,0.0,18.27588472854561,0.0,3006.9993518015553,0.0,1777.773803841184,0.0,12.478143493784637,0.0,11.303304089282367,0.0,9.307040414041559,0.0
Gjkqw,395.0,0.0,18.270105082223637,0.0,424.768917423997,0.0,338.0,0.0,242.6676971447916,0.0,15.261928649521389,0.0,18.384776310850235,0.0,13.486989377031955,0.0,7872209979810047.0,0.0,7800463371553962.0,0.0,7544671231436474.0,0.0,5.599357871963936,0.0,8615.919948771652,0.0,21151.71764420189,0.0,6006.764292095112,0.0,14.791085181486773,0.0,13.873459737156187,0.0,12.09083764258195,0.0
Gjtnn,322.00392156862745,0.0,16.587087059874992,0.0,343.30191575028516,0.0,242.0,0.0,163.4393049255329,0.0,12.797290558150715,0.0,15.556349186104045,0.0,10.689251056362371,0.0,1351859.474074612,0.0,78423.37426892253,0.0,67802.39543692638,0.0,4.625625514805223,0.0,186.78021388541134,0.0,17857.33113613237,0.0,8527.970508088787,0.0,12.797290579610962,0.0,11.771864405175464,0.0,9.808676518295288,0.0
Glanz,320.97254901960787,0.0,16.53570786981504,0.0,332.65681312016096,0.0,235.0,0.0,156.99995239528567,0.0,12.502136372462065,0.0,15.329709716755891,0.0,10.426972406670233,0.0,791.6101251830161,0.0,629.5043086756343,0.0,426.67112867172636,0.0,2.7308769601805403,0.0,23.116268739041107,0.0,17856.599113159114,0.0,8526.59912868236,0.0,12.502136385675048,0.0,11.618559276068671,0.0,9.461801818394617,0.0
Gleis,286.9843137254902,0.0,15.664100503962283,0.0,355.29867842977217,0.0,250.0,0.0,173.54714757757486,0.0,13.258300887938173,0.0,15.811388300841896,0.0,11.158057567361046,0.0,664.8825162544065,0.0,169.05259595459432,0.0,131.71872620141184,0.0,6.822349987085659,0.0,15.183790312433779,0.0,8163.20129592215,0.0,4922.426110422296,0.0,13.258301576085355,0.0,12.301116804044568,0.0,10.296853061914495,0.0
Glied,322.43921568627445,0.0,16.697611871598074,0.0,354.0461461077997,0.0,240.0,0.0,168.1682371408281,0.0,13.202606964949535,0.0,15.491933384829668,0.0,11.067492647367462,0.0,1825.093512433738,0.0,433.67394560603,0.0,393.87640352252373,0.0,6.3198741642309955,0.0,18.717972213790755,0.0,3034.968699957356,0.0,1778.8748090594927,0.0,13.202606985760953,0.0,12.127224191630846,0.0,10.219434276557921,0.0
Glott,282.79607843137256,0.0,15.572624073372001,0.0,360.5779076766688,0.0,269.0,0.0,183.72698787856376,0.0,13.3771683277728,0.0,16.401219466856727,0.0,11.374059889803615,0.0,666.5315520158356,0.0,173.67509673091334,0.0,134.38108356456496,0.0,8.888646323286594,0.0,18.10148799534516,0.0,13883.292894181703,0.0,3399.889607070438,0.0,13.377168120666727,0.0,12.75969148426539,0.0,10.423784451523796,0.0
Glxjs,301.88235294117646,0.0,16.026727963849023,0.0,394.05728947435716,0.0,305.0,0.0,213.37490087137445,0.0,14.38643651024022,0.0,17.46424919657298,0.0,12.44311696994972,0.0,94669.46560970861,0.0,6353.427642410075,0.0,5735.064232483928,0.0,5.325721121806506,0.0,62.748536879934235,0.0,11919.625620204039,0.0,1057.8793906368178,0.0,14.386437134146288,0.0,13.434431669033243,0.0,11.512306472893782,0.0
Glück,343.2705882352941,0.0,17.008651935902,0.0,365.51112263418815,0.0,266.0,0.0,182.32487144726088,0.0,13.451471702132114,0.0,16.30950643030009,0.0,11.395596045199781,0.0,870.1959107635575,0.0,474.0122344743327,0.0,383.2177435638399,0.0,3.9762529624819796,0.0,17.587657598047077,0.0,714.9260106295387,0.0,1467.6304293840478,0.0,13.451471715007347,0.0,12.80305454711443,0.0,10.534865877673127,0.0
Gommo,433.7137254901961,0.0,19.047365635157252,0.0,469.534157197254,0.0,388.0,0.0,283.16689072856826,0.0,16.444923269538524,0.0,19.697715603592208,0.0,14.661754932766314,0.0,1141.8454946038603,0.0,904.265071349724,0.0,651.3181852416843,0.0,5.4766137669317025,0.0,16.277610264919193,0.0,4515.249842110273,0.0,731.5314786290874,0.0,16.444923618262248,0.0,16.952834987244703,0.0,13.776707611869696,0.0
Gongs,371.0627450980393,0.0,17.617657861137804,0.0,348.30958710523623,0.0,225.0,0.0,155.6204614690412,0.0,12.859162659831219,0.0,15.0,0.0,10.57651359674942,0.0,4822.631602251079,0.0,362.2366020004321,0.0,268.89631284102757,0.0,3.671461514464203,0.0,13.899965815214923,0.0,25194.57910417016,0.0,9871.307012441715,0.0,12.859162645979012,0.0,12.008130218519309,0.0,9.556503464327829,0.0
Gonon,354.15294117647056,0.0,17.246709730838298,0.0,317.65657334637075,0.0,195.0,0.0,131.1788392788942,0.0,11.945407315523328,0.0,13.96424004376894,0.0,9.53341907259943,0.0,666.3057605400571,0.0,150.71254314531043,0.0,109.58084416120582,0.0,2.2518564251637962,0.0,14.86568016305326,0.0,22555.191760319394,0.0,1524.6313212623477,0.0,11.94540728686255,0.0,10.93678593620487,0.0,8.596673304893073,0.0
Goten,319.97254901960787,0.0,16.453226610538483,0.0,315.9529187269442,0.0,188.0,0.0,127.01157585248033,0.0,11.884861632751516,0.0,13.711309200802088,0.0,9.403664916140167,0.0,661.3811666786328,0.0,137.7181015573184,0.0,100.60352740396053,0.0,4.477061252091604,0.0,11.302587065220422,0.0,2998.0282845808947,0.0,1775.2079898140362,0.0,11.884861693821087,0.0,10.551220653401185,0.0,8.526695326366365,0.0
Gotin,304.0078431372549,0.0,16.078414155897047,0.0,351.80919296098455,0.0,251.0,0.0,172.9753489325117,0.0,13.179626033485961,0.0,15.84297951775486,0.0,11.075323822184421,0.0,665.4675755799324,0.0,161.26806464402,0.0,118.71147874674583,0.0,6.371826888658201,0.0,13.585149727576994,0.0,8161.206914231364,0.0,4921.963984888378,0.0,13.179626941701686,0.0,12.244731942912384,0.0,10.20989241110272,0.0
Gouda,362.46274509803925,0.0,17.491210732900388,0.0,334.25447210111093,0.0,217.0,0.0,148.22579093096266,0.0,12.498199451205002,0.0,14.730919862656235,0.0,10.2526120618604,0.0,779.065327088683,0.0,194.91690139639732,0.0,149.58069129565325,0.0,2.314976993500321,0.0,18.26686196681277,0.0,1043.4735982177624,0.0,7604.0777692216,0.0,12.498199174548569,0.0,11.752417371250539,0.0,9.257667224874204,0.0
Grabe,329.44705882352946,0.0,16.657092059495508,0.0,320.5778677382233,0.0,191.0,0.0,130.3828525694077,0.0,12.020511264109667,0.0,13.820274961085254,0.0,9.594827264365474,0.0,695.3498407291613,0.0,152.1874982576925,0.0,111.46369689424412,0.0,3.5809107814565437,0.0,16.819922610762568,0.0,20710.906118204708,0.0,4168.801637019389,0.0,12.020511389071562,0.0,10.606682045539882,0.0,8.65266418003135,0.0
Grahf,328.29019607843134,0.0,16.58171011512914,0.0,338.8457228515556,0.0,239.0,0.0,159.27671858706722,0.0,12.614735994390035,0.0,15.459624833740307,0.0,10.484568642213361,0.0,718.0812759436077,0.0,357.5711456390601,0.0,274.39067373469993,0.0,3.993979555752069,0.0,22.02279251125029,0.0,13290.425974316848,0.0,5769.73027474784,0.0,12.614736182977069,0.0,11.915391759575924,0.0,9.487268372667103,0.0
Grall,287.7725490196078,0.0,15.68762935325493,0.0,375.8422305713467,0.0,282.0,0.0,199.61194309630076,0.0,14.009294267802884,0.0,16.792855623746664,0.0,12.11099628894153,0.0,766.7614417577586,0.0,275.4142724836056,0.0,243.22408476855335,0.0,5.798896583819791,0.0,17.593858321656707,0.0,24645.681133071477,0.0,13224.164758464365,0.0,14.009295082474594,0.0,12.976245614568413,0.0,11.221061093626176,0.0
Grbnd,366.52941176470586,0.0,17.68357224693398,0.0,350.20787000316795,0.0,236.0,0.0,165.12865652944322,0.0,13.076422471430474,0.0,15.362291495737216,0.0,10.977847894811328,0.0,1829.028565964346,0.0,433.40490307053864,0.0,392.1433279689513,0.0,5.475104037114997,0.0,16.939098569928305,0.0,17855.71270620537,0.0,8526.343938321288,0.0,13.07642246875543,0.0,12.261035950225857,0.0,10.070975942904957,0.0
Grdch,343.37254901960785,0.0,17.011901209913475,0.0,349.53407192865564,0.0,227.0,0.0,158.99862932633394,0.0,13.039559890677179,0.0,15.066519173319364,0.0,10.776668832848134,0.0,1034.4119134898772,0.0,329.27934383997894,0.0,258.21660306085005,0.0,4.424049140853344,0.0,16.8738259992597,0.0,630.6805192650685,0.0,1445.32122862134,0.0,13.03955988584043,0.0,12.05419756527527,0.0,9.9008619639754,0.0
Grees,295.9098039215686,0.0,15.754356665405034,0.0,309.7222871637251,0.0,167.0,0.0,113.14681239368912,0.0,11.589045604462234,0.0,12.922847983320086,0.0,8.923360633750066,0.0,655.6862458691942,0.0,134.98397433412882,0.0,100.53295087058828,0.0,4.235912571215192,0.0,13.588265740713236,0.0,3006.6115659478032,0.0,1776.659099068203,0.0,11.589045603969808,0.0,9.839364827290252,0.0,8.011799547353762,0.0
Grehe,329.68627450980387,0.0,16.678811722564042,0.0,309.2201229078776,0.0,174.0,0.0,117.78046730132066,0.0,11.646874791613484,0.0,13.19090595827292,0.0,9.08830382701683,0.0,654.8669809237456,0.0,130.38078165257295,0.0,96.56051863730124,0.0,3.540802325899163,0.0,14.529403260720954,0.0,13288.962240435265,0.0,5768.8173628606055,0.0,11.646874968859233,0.0,10.250840456888401,0.0,8.22737278010678,0.0
Greif,285.56470588235294,0.0,15.574802450020686,0.0,359.38443349589295,0.0,253.0,0.0,174.0113046279422,0.0,13.283534808017365,0.0,15.905973720586866,0.0,11.127295123702536,0.0,720.3099955418944,0.0,361.094415415656,0.0,277.7225016318943,0.0,6.021580214346413,0.0,20.5545321739733,0.0,8164.540036239709,0.0,4922.616529822185,0.0,13.283535522989771,0.0,12.356997712592934,0.0,10.227883607348797,0.0
Grfmm,403.45882352941175,0.0,18.420350479921726,0.0,487.73039964063577,0.0,415.0,0.0,301.45940204932504,0.0,16.87267556654831,0.0,20.37154878746336,0.0,15.114732873654603,0.0,1153.4606478786718,0.0,947.0587236087238,0.0,679.7867574933051,0.0,11.67488389800924,0.0,23.021403756357145,0.0,4551.902180389215,0.0,823.421997440172,0.0,16.87267578825735,0.0,17.265447050048767,0.0,14.231367770973684,0.0
Grgxn,359.84705882352944,0.0,17.389054700461,0.0,371.65669618163696,0.0,266.0,0.0,183.33619965871094,0.0,13.61808115717288,0.0,16.30950643030009,0.0,11.444468423898158,0.0,2906.1110005827045,0.0,268.52355201138016,0.0,199.20093796212112,0.0,3.8156732538999996,0.0,177.88498097613973,0.0,32644.802281163036,0.0,1960.7841704828068,0.0,13.618081211448992,0.0,12.482883172055779,0.0,10.450092462675869,0.0
Griff,282.89803921568625,0.0,15.503175004405522,0.0,381.0866425505277,0.0,290.0,0.0,198.39788819626395,0.0,13.889555878373116,0.0,17.029386365926403,0.0,11.841841667901189,0.0,725.4592693762379,0.0,376.34400075875544,0.0,289.5756900732336,0.0,5.506157219600855,0.0,21.13264286924183,0.0,21875.728679838565,0.0,5821.137377960832,0.0,13.889556080280835,0.0,13.01553610749665,0.0,10.876562305418876,0.0
Grill,270.53725490196075,0.0,15.326841311586094,0.0,387.10832104838187,0.0,299.0,0.0,211.2028440073114,0.0,14.331201555189638,0.0,17.291616465790582,0.0,12.442740331914129,0.0,766.9997614952456,0.0,272.9477484806494,0.0,241.6944392071228,0.0,6.796939083869596,0.0,17.30167643933627,0.0,24649.71893736333,0.0,13224.163302385377,0.0,14.33120252680603,0.0,13.29685981869321,0.0,11.563218672424496,0.0
Grips,306.62745098039215,0.0,16.089796079194105,0.0,348.02348881944977,0.0,236.0,0.0,161.64899900678836,0.0,12.9340305379935,0.0,15.362291495737216,0.0,10.737376838717472,0.0,2102.1650991812453,0.0,593.1665239167811,0.0,554.1693799489062,0.0,4.3856448193376165,0.0,25.707069047124968,0.0,28947.845866502197,0.0,3080.6751860806803,0.0,12.934030546819386,0.0,11.725523390960278,0.0,9.767461787866845,0.0
Grjtj,280.44705882352946,0.0,15.490394637595603,0.0,410.52708289651775,0.0,320.0,0.0,225.70637715567148,0.0,14.785267102495627,0.0,17.88854381999832,0.0,12.858950267305497,0.0,1545343.7626085237,0.0,88619.31258220624,0.0,76287.69262069586,0.0,6.692190915239237,0.0,205.74975033835523,0.0,13889.21755923484,0.0,3411.2396354635407,0.0,14.78526692949337,0.0,13.87954135155415,0.0,11.971480726732636,0.0
Grlnr,290.6470588235294,0.0,15.727110082329645,0.0,332.98366782593735,0.0,229.0,0.0,154.04679818760758,0.0,12.52694366407069,0.0,15.132745950421556,0.0,10.368708470553207,0.0,664.245274091306,0.0,148.68233399947346,0.0,112.62722825431723,0.0,4.970858224061965,0.0,16.49739245367893,0.0,17856.921338062115,0.0,8526.879494516586,0.0,12.526943689914258,0.0,11.261294099513696,0.0,9.449318223366317,0.0
Grobe,334.02745098039213,0.0,16.79121307712183,0.0,323.8783615974467,0.0,189.0,0.0,129.66169023995812,0.0,12.09169265074728,0.0,13.74772708486752,0.0,9.596380339120017,0.0,699.1385820762051,0.0,163.00295511878704,0.0,120.69771877216729,0.0,3.426337211663048,0.0,19.037831682034383,0.0,20710.9189827481,0.0,4168.366138215266,0.0,12.091692781640507,0.0,10.769555445911045,0.0,8.635765218677763,0.0
Groll,292.3529411764706,0.0,15.829966375450855,0.0,379.1427244305701,0.0,280.0,0.0,198.89078076685115,0.0,14.07041811715072,0.0,16.73320053068151,0.0,12.112226735443556,0.0,770.1989772207525,0.0,281.53498936934267,0.0,247.59187992132067,0.0,5.6937695439684575,0.0,19.641881860573303,0.0,24645.730052530704,0.0,13223.941010175226,0.0,14.070418929935371,0.0,13.10971284197322,0.0,11.2080352949089,0.0
Gruft,292.4745098039216,0.0,15.767687260763664,0.0,360.04186423225485,0.0,265.0,0.0,178.64965645990966,0.0,13.262239178263902,0.0,16.278820596099706,0.0,11.150475796741354,0.0,663.1226698928369,0.0,183.79361458055348,0.0,138.47474417950937,0.0,6.365729015994768,0.0,15.897359571813377,0.0,21871.94322332817,0.0,5820.331254326323,0.0,13.262239352876602,0.0,12.415361761803311,0.0,10.182941119292106,0.0
Gruie,296.32156862745103,0.0,15.884468510758584,0.0,340.4612992261045,0.0,223.0,0.0,153.11527144265284,0.0,12.733958783797767,0.0,14.933184523068078,0.0,10.426005830763854,0.0,658.4958928551333,0.0,153.10254480530514,0.0,113.60917459913543,0.0,4.779511676674661,0.0,14.818040214950425,0.0,8165.076697071345,0.0,4922.280658373992,0.0,12.73395948657088,0.0,11.387591127688646,0.0,9.545942889338143,0.0
Grund,350.6392156862745,0.0,17.284559628115204,0.0,338.59553635287114,0.0,227.0,0.0,154.93462700371708,0.0,12.672765296250846,0.0,15.066519173319364,0.0,10.506609408350558,0.0,1822.906585904073,0.0,429.581536617204,0.0,389.3730499431149,0.0,6.110114783319031,0.0,15.981265135684096,0.0,17856.59563475246,0.0,8526.205113019514,0.0,12.67276529657519,0.0,11.666191381362871,0.0,9.579089668717108,0.0
Grömm,424.4901960784314,0.0,18.83647716459525,0.0,485.5279703858689,0.0,406.0,0.0,296.8937852572931,0.0,16.820758494265284,0.0,20.149441679609886,0.0,15.052703586969121,0.0,1261.9211824427998,0.0,1296.2700550149077,0.0,849.6874369868175,0.0,11.28000036157387,0.0,35.107614016061305,0.0,4536.736155498478,0.0,758.2001424655242,0.0,16.820758632579967,0.0,17.31951686694357,0.0,14.167068918293726,0.0
Größe,361.6627450980392,0.0,17.329674886740463,0.0,354.0182705727519,0.0,234.0,0.0,163.79031250228076,0.0,13.142264301942019,0.0,15.297058540778355,0.0,10.921700048081574,0.0,874.2845666844387,0.0,949.1730880690029,0.0,566.3681973181925,0.0,4.538327218679002,0.0,33.37960727101611,0.0,7672.198052004888,0.0,4046.1699494271625,0.0,13.142264421346487,0.0,12.147279643197955,0.0,10.020135387323336,0.0
Gschr,307.91764705882355,0.0,15.998705733888414,0.0,313.2033894142668,0.0,190.0,0.0,126.06222466814802,0.0,11.736171112943167,0.0,13.784048752090222,0.0,9.305404068171592,0.0,709.7311839306714,0.0,296.87316139193507,0.0,236.5801556068616,0.0,4.740641429780176,0.0,22.087897487382648,0.0,13288.201625994088,0.0,5768.499484455688,0.0,11.73617132818428,0.0,10.400737102010552,0.0,8.333692684313151,0.0
Gsglb,369.16078431372546,0.0,17.715233020450455,0.0,399.6441442004457,0.0,291.0,0.0,209.63571051078895,0.0,14.525710798726749,0.0,17.05872210923198,0.0,12.53043981778594,0.0,2981.2334685780143,0.0,472.11203517632634,0.0,373.04528996308494,0.0,4.498594505102459,0.0,28.719131498099586,0.0,24644.108272720838,0.0,13223.679347190784,0.0,14.52571163792695,0.0,13.76797794599592,0.0,11.546507801839924,0.0
Gsvwx,334.964705882353,0.0,16.70341231854825,0.0,396.95798191245086,0.0,315.0,0.0,218.9746876092462,0.0,14.462238292999734,0.0,17.74823934929885,0.0,12.575468763420313,0.0,36778.94477162284,0.0,4249.512535210181,0.0,3467.3058670745454,0.0,3.265024109125878,0.0,86.25405975185191,0.0,7594.58125558675,0.0,1255.9522944538035,0.0,14.462238292837297,0.0,13.28625355837562,0.0,11.542003224946198,0.0
Gtrts,261.61960784313726,0.0,14.861781230063158,0.0,350.8855030796947,0.0,241.0,0.0,165.8537757769834,0.0,13.073745462239167,0.0,15.524174696260024,0.0,10.854283156387172,0.0,660.0701040707056,0.0,157.2324001555156,0.0,117.7735297412574,0.0,7.543376198020573,0.0,16.138101248684507,0.0,13883.158549559143,0.0,3401.733032453618,0.0,13.073745322362951,0.0,11.707453376770921,0.0,9.885836121984044,0.0
Gullu,318.5686274509804,0.0,16.626447897971474,0.0,377.44880019452546,0.0,287.0,0.0,201.69547006499556,0.0,14.028600268288223,0.0,16.941074346097416,0.0,12.102768249656501,0.0,676.017193643545,0.0,178.10983203348735,0.0,142.15034966045272,0.0,5.295646865751038,0.0,18.31643425166781,0.0,24645.053543945574,0.0,13223.981828891941,0.0,14.028601365085741,0.0,13.102765550221008,0.0,11.25500924111072,0.0
Gunst,313.92549019607844,0.0,16.30791138853192,0.0,330.25036386558935,0.0,228.0,0.0,152.0250749670849,0.0,12.380264679818291,0.0,15.0996688705415,0.0,10.20946968338447,0.0,655.9657981600513,0.0,132.35801182420894,0.0,96.60941948047022,0.0,8.493330311283549,0.0,11.736633450859955,0.0,1735.3159018629133,0.0,4495.410301547333,0.0,12.380264717903302,0.0,11.62574979951616,0.0,9.271028271033911,0.0
Gusto,308.5921568627451,0.0,16.11943742739735,0.0,351.0094365330596,0.0,235.0,0.0,163.64840433269123,0.0,13.076137026121762,0.0,15.329709716755891,0.0,10.831431943229894,0.0,732.318344414795,0.0,236.57176650665713,0.0,180.55729240107706,0.0,6.448194801905021,0.0,15.686489654510549,0.0,13881.422976907246,0.0,3399.9524455592846,0.0,13.076136977054977,0.0,11.825203944668226,0.0,9.836010362574367,0.0
Gvngs,360.05882352941177,0.0,17.37711133825556,0.0,363.0989606798464,0.0,245.0,0.0,170.8576180529568,0.0,13.33616164128866,0.0,15.652475842498529,0.0,11.124601249623725,0.0,4853.617502564569,0.0,728.6995251508706,0.0,544.0225967075268,0.0,4.193551625483944,0.0,113.05102656676034,0.0,25196.14748324058,0.0,9871.873890800643,0.0,13.33616165164708,0.0,12.196851663575687,0.0,10.094838314676032,0.0
Gvrtg,324.1294117647059,0.0,16.528714892387992,0.0,388.6525026216931,0.0,276.0,0.0,196.03631928936977,0.0,14.150204303467552,0.0,16.61324772583615,0.0,11.999168756305636,0.0,6127.076075066093,0.0,866.6390679930437,0.0,653.6966499462625,0.0,7.286553682615727,0.0,113.38627485870579,0.0,13884.30730761738,0.0,3401.262986849021,0.0,14.150204224120918,0.0,12.93790841636762,0.0,10.988482058783138,0.0
Gzckr,312.90980392156865,0.0,16.159295457441576,0.0,335.9039254780266,0.0,218.0,0.0,147.16331921053705,0.0,12.481875343757062,0.0,14.7648230602334,0.0,10.142218603787073,0.0,947.8372210661191,0.0,851.8485679138593,0.0,673.3561936663191,0.0,4.836160680439395,0.0,33.99179404404644,0.0,5986.634049230468,0.0,5524.103158663743,0.0,12.481875368140667,0.0,11.155933845736087,0.0,9.18408492766582,0.0
Gztzm,348.4666666666667,0.0,17.23015203581325,0.0,414.44097628188797,0.0,330.0,0.0,231.32242943282932,0.0,14.91675138581773,0.0,18.16590212458495,0.0,13.001839171384995,0.0,1060.683986200621,0.0,967.5586820414399,0.0,747.3234695066214,0.0,7.881072747488718,0.0,33.58079911779669,0.0,4630.917183664559,0.0,4338.449527678255,0.0,14.916751430270326,0.0,14.756844043032888,0.0,12.09291672932864,0.0
Gägän,401.0588235294117,0.0,18.26708003472372,0.0,355.10111751001915,0.0,239.0,0.0,165.4634048285505,0.0,13.100405008240848,0.0,15.459624833740307,0.0,10.912781165490584,0.0,2914.161750535873,0.0,360.5460958637128,0.0,263.60008373931964,0.0,3.6870726131962694,0.0,56.81071644732609,0.0,7910.507759643856,0.0,12085.890598915723,0.0,13.100405035557277,0.0,12.704710910224717,0.0,9.976517737658055,0.0
Gäsäs,331.0705882352941,0.0,16.48333540339337,0.0,332.4923883454744,0.0,212.0,0.0,144.29326589114083,0.0,12.398247451467396,0.0,14.560219778561036,0.0,10.106169964889377,0.0,699.832086983942,0.0,301.93338324935814,0.0,221.71374764786512,0.0,4.685785668021337,0.0,56.949382745200715,0.0,7910.988128935579,0.0,12085.935239343784,0.0,12.398247604367732,0.0,11.546369909296095,0.0,9.117372720182509,0.0
Gäule,333.1058823529412,0.0,16.8185485565154,0.0,346.1173107803918,0.0,231.0,0.0,160.8380346905385,0.0,12.963169338333214,0.0,15.198684153570664,0.0,10.782232364244374,0.0,672.5107136531929,0.0,208.2136024532079,0.0,153.94496239622006,0.0,5.286663138384036,0.0,15.703497751586797,0.0,24644.457175539246,0.0,13223.584880256647,0.0,12.963170211007903,0.0,12.145221675671348,0.0,9.9851382525834,0.0
Gören,333.7450980392157,0.0,16.72918148816998,0.0,320.93876241679413,0.0,181.0,0.0,124.6118276563866,0.0,12.01931458530057,0.0,13.45362404707371,0.0,9.412325209925985,0.0,670.4181867637719,0.0,187.74714215746252,0.0,129.79447042495997,0.0,4.468741429602023,0.0,13.16896264397065,0.0,2999.9247816198613,0.0,1777.877593530057,0.0,12.01931464505048,0.0,10.52577279511398,0.0,8.513306107950429,0.0
Götze,318.5843137254902,0.0,16.413322951770247,0.0,341.6833894333351,0.0,225.0,0.0,153.96483204275478,0.0,12.720674759119994,0.0,15.0,0.0,10.434057827944981,0.0,675.4238835977808,0.0,207.16986846899772,0.0,144.9939736366188,0.0,5.674999370125872,0.0,15.879355047325205,0.0,4621.765753783887,0.0,4337.199383105339,0.0,12.720674895412131,0.0,11.53425745715083,0.0,9.528737694845526,0.0
Hacke,361.25882352941176,0.0,17.52304880787759,0.0,320.72824388645,0.0,207.0,0.0,140.74542827907487,0.0,12.114468916168958,0.0,14.38749456993816,0.0,9.936710600675415,0.0,608.4954371399787,0.0,158.56643987636474,0.0,115.02231173838933,0.0,5.442949991838685,0.0,14.653862394547208,0.0,5964.280862204311,0.0,5531.049645830036,0.0,12.114468976686119,0.0,11.458858703806635,0.0,9.289373867487944,0.0
Hafen,358.34509803921566,0.0,17.572252777213347,0.0,325.17356015407734,0.0,216.0,0.0,145.78154823068738,0.0,12.265076294266374,0.0,14.696938456699069,0.0,10.072840283539584,0.0,611.6638831792176,0.0,161.79930236899995,0.0,129.0223531355591,0.0,5.988151858969381,0.0,16.89373921863503,0.0,3001.3367903513476,0.0,1833.7157460262872,0.0,12.26507637133162,0.0,11.747363406011504,0.0,9.408077001074142,0.0
Hafer,331.2745098039216,0.0,16.878627723181836,0.0,325.46737108515583,0.0,220.0,0.0,147.06389707895005,0.0,12.23377076041202,0.0,14.832396974191326,0.0,10.076874730195245,0.0,612.146591735489,0.0,163.85824502149958,0.0,130.1550616217348,0.0,11.03556709692465,0.0,17.440227311248453,0.0,3006.055810736286,0.0,1834.1669578625483,0.0,12.23377080757419,0.0,11.809175549819049,0.0,9.373570102253385,0.0
Hahft,355.50588235294117,0.0,17.513287315716745,0.0,364.53060625181536,0.0,290.0,0.0,197.4735826453179,0.0,13.574633219064532,0.0,17.029386365926403,0.0,11.765708151135057,0.0,614.2555631512624,0.0,174.2976304808679,0.0,134.83982769498454,0.0,10.627740802684624,0.0,14.348444829740425,0.0,21865.178752321277,0.0,5827.1001170194895,0.0,13.574633439901412,0.0,13.802710355157103,0.0,11.032570488333139,0.0
Hahir,343.4666666666667,0.0,17.20784224355191,0.0,354.1381645005481,0.0,274.0,0.0,187.53883264777642,0.0,13.343891656807639,0.0,16.55294535724685,0.0,11.501616520407522,0.0,609.8617042594909,0.0,146.59560180172565,0.0,111.9033942123989,0.0,12.08097152360933,0.0,12.747267602657148,0.0,8150.25547471102,0.0,4930.32322939182,0.0,13.34389257454041,0.0,13.354186575379828,0.0,10.815335509109357,0.0
Haine,345.0470588235295,0.0,17.286319436972327,0.0,314.46468007342924,0.0,213.0,0.0,141.93777349290093,0.0,11.957189196175799,0.0,14.594519519326424,0.0,9.87974420460472,0.0,603.4563755509606,0.0,117.76152265750784,0.0,89.95146497026313,0.0,6.626195858590782,0.0,9.360127648612139,0.0,17853.46756902056,0.0,8530.984310695972,0.0,11.957189223351582,0.0,11.586906722470603,0.0,9.222264076374724,0.0
Halle,332.1333333333333,0.0,17.07417474699852,0.0,361.6597475973566,0.0,271.0,0.0,191.16400977412138,0.0,13.65234808075042,0.0,16.46207763315433,0.0,11.81016603505499,0.0,625.2285182534391,0.0,162.9538571472347,0.0,135.60882641510528,0.0,9.033312932076191,0.0,9.46711060044068,0.0,24639.690477561748,0.0,13226.89741862805,0.0,13.652349242027542,0.0,13.219431810041872,0.0,11.179629669093005,0.0
Halme,391.94509803921574,0.0,18.40495729152148,0.0,410.42061026551363,0.0,328.0,0.0,235.69308094549262,0.0,15.008994082278768,0.0,18.110770276274835,0.0,13.265290798278619,0.0,1018.3512085267046,0.0,816.2043695858102,0.0,589.1337436487954,0.0,4.528021465023259,0.0,13.741276175670532,0.0,4491.6663437309535,0.0,786.3491863478195,0.0,15.008994472913852,0.0,15.232438100863746,0.0,12.60390214669757,0.0
Hanoi,350.8980392156863,0.0,17.386757788766392,0.0,332.2450151740079,0.0,239.0,0.0,160.7614184675279,0.0,12.538964087849266,0.0,15.459624833740307,0.0,10.569833932080135,0.0,799.678050142986,0.0,278.8611718559306,0.0,211.9752171957891,0.0,9.619851077157692,0.0,20.36242141836496,0.0,22551.50436999749,0.0,1552.2172689281904,0.0,12.538964052138992,0.0,12.467741600565082,0.0,9.814337485487743,0.0
Hansa,353.99607843137255,0.0,17.35547383755642,0.0,322.6546384216724,0.0,225.0,0.0,151.6396412686781,0.0,12.260876011717562,0.0,15.0,0.0,10.245035189046385,0.0,607.6464364797382,0.0,148.57207794269598,0.0,112.07653863887023,0.0,7.935358836405363,0.0,15.02961718953787,0.0,1658.3113471854813,0.0,4504.023309477114,0.0,12.260876122402642,0.0,12.023153626671185,0.0,9.496725766663994,0.0
Hanse,352.72549019607845,0.0,17.38436326474809,0.0,314.75857113737413,0.0,205.0,0.0,138.31830991436357,0.0,11.963840260843591,0.0,14.317821063276353,0.0,9.800584727125175,0.0,604.2983988287007,0.0,118.2472410485968,0.0,90.98639000221851,0.0,8.1239533530819,0.0,9.634423588508836,0.0,1656.324786989079,0.0,4503.764771459217,0.0,11.963840370947594,0.0,11.51363404149742,0.0,9.125820259068801,0.0
Hapar,361.8941176470588,0.0,17.57798464049648,0.0,332.3272991381957,0.0,235.0,0.0,159.06643290677954,0.0,12.537075022179708,0.0,15.329709716755891,0.0,10.56458186296852,0.0,1769.2567068761084,0.0,453.1554839348308,0.0,420.6682724466563,0.0,9.747892274846413,0.0,21.881409048243878,0.0,7604.676800051335,0.0,10096.749969203396,0.0,12.537074994786757,0.0,12.563230411628824,0.0,9.835065270145904,0.0
Harem,384.90588235294115,0.0,18.148964105868664,0.0,378.81447860484894,0.0,279.0,0.0,196.83388296326166,0.0,13.976910395980656,0.0,16.703293088490067,0.0,12.030171954049111,0.0,768.6193364475554,0.0,478.19167871597614,0.0,338.2763091665508,0.0,7.170726680907037,0.0,11.230369493684977,0.0,2975.728019510986,0.0,1802.3224286919567,0.0,13.97691042673542,0.0,14.276691094238354,0.0,11.367283372061355,0.0
Hasen,352.72549019607845,0.0,17.38436326474809,0.0,312.4476771835716,0.0,190.0,0.0,128.87963643670946,0.0,11.842716460322782,0.0,13.784048752090222,0.0,9.496577357577518,0.0,604.1879335364448,0.0,118.82361222024602,0.0,92.46598975811894,0.0,6.303433669378607,0.0,10.32001922514451,0.0,2962.387677595212,0.0,1797.191706076506,0.0,11.84271652489341,0.0,10.920839011692928,0.0,8.78624244749175,0.0
Hatar,318.06666666666666,0.0,16.50596527494905,0.0,323.43202733426335,0.0,235.0,0.0,155.10701703249316,0.0,12.23057690367215,0.0,15.329709716755891,0.0,10.26923169735877,0.0,604.1471849773062,0.0,130.76136381389722,0.0,97.5013356822427,0.0,11.345749732502783,0.0,12.20067476798961,0.0,7607.2718298217915,0.0,10096.622186934044,0.0,12.230576886042776,0.0,12.01684747469505,0.0,9.520726144532794,0.0
Haube,381.89803921568625,0.0,18.17691604251417,0.0,320.5777965653991,0.0,212.0,0.0,142.08751186401435,0.0,12.081082621961855,0.0,14.560219778561036,0.0,9.91700314836886,0.0,645.5238794386212,0.0,129.22937439893,0.0,97.5102852681582,0.0,4.790027330296951,0.0,14.97863233405172,0.0,20705.27485389849,0.0,4176.729073325708,0.0,12.081082626126973,0.0,11.87972579747904,0.0,9.207715858751865,0.0
Hauen,369.10196078431375,0.0,17.847294926077534,0.0,311.18527881739135,0.0,200.0,0.0,132.73906451098347,0.0,11.784215433615344,0.0,14.142135623730951,0.0,9.530673967285818,0.0,602.1875716304837,0.0,114.02487717340806,0.0,87.20799287230508,0.0,5.397224530492108,0.0,9.536571148606555,0.0,2968.2922420254217,0.0,1797.3546984487432,0.0,11.784215490095196,0.0,11.318985149222138,0.0,8.874070735081556,0.0
Hblhs,380.8941176470588,0.0,18.20271430723207,0.0,366.140817164836,0.0,289.0,0.0,200.09998017729947,0.0,13.73003966063882,0.0,17.0,0.0,11.996945471113511,0.0,708.78827463593,0.0,236.2666864139047,0.0,198.81406070041862,0.0,8.193105505138055,0.0,29.60168834358857,0.0,13281.117310029324,0.0,5776.964904566841,0.0,13.73003969000501,0.0,13.89118183071003,0.0,11.25598842642446,0.0
Hbrst,331.2196078431373,0.0,16.94487114758862,0.0,356.16322237734676,0.0,268.0,0.0,183.813590864785,0.0,13.30709090505982,0.0,16.3707055437449,0.0,11.418107440929985,0.0,700.6050637558936,0.0,225.54500956688648,0.0,189.76796345794628,0.0,14.569646225101293,0.0,27.114865772776874,0.0,1682.1713642007232,0.0,4504.449394029675,0.0,13.307090986132573,0.0,13.163236650108106,0.0,10.629905449544985,0.0
Hcrtx,304.278431372549,0.0,16.186771764668716,0.0,362.6115264282749,0.0,278.0,0.0,189.4940955471198,0.0,13.482602753156295,0.0,16.673332000533065,0.0,11.53690952645288,0.0,648.2992076283091,0.0,266.4568379053946,0.0,203.3390970492572,0.0,10.21911878318555,0.0,69.38130525293596,0.0,13875.532965257638,0.0,3411.8372133422445,0.0,13.482602625090053,0.0,12.951136956245382,0.0,10.727181046670685,0.0
Hebel,363.6901960784314,0.0,17.858998767729805,0.0,343.3219859014472,0.0,235.0,0.0,163.72154285679335,0.0,12.92497374187373,0.0,15.329709716755891,0.0,10.891237421719305,0.0,726.0032032137542,0.0,247.78661528286204,0.0,223.55944740394776,0.0,8.90128643553163,0.0,13.569257759036304,0.0,2963.152795855499,0.0,1800.204490164613,0.0,12.924973744081298,0.0,12.70772419905543,0.0,10.18944781312622,0.0
Hecke,359.98823529411766,0.0,17.551662414651148,0.0,319.99560869231783,0.0,201.0,0.0,136.76237940861125,0.0,12.06908737624773,0.0,14.177446878757825,0.0,9.804487261833323,0.0,608.4593984200144,0.0,156.9715858154234,0.0,114.16675563653592,0.0,5.586187632684312,0.0,15.00995493104451,0.0,5963.5887010742845,0.0,5530.855759473119,0.0,12.069087430805252,0.0,11.247072199699561,0.0,9.145768415780553,0.0
Hecks,351.7019607843137,0.0,17.299330502431943,0.0,331.6210973637501,0.0,227.0,0.0,153.2749921487562,0.0,12.45594273806544,0.0,15.066519173319364,0.0,10.346805797522277,0.0,610.0677817562196,0.0,165.14953864170866,0.0,120.17446584631948,0.0,7.017699435498093,0.0,16.302270424120774,0.0,5966.910943405958,0.0,5531.017249821942,0.0,12.455942788437552,0.0,11.848211644445644,0.0,9.605933486769628,0.0
Hehen,385.2313725490196,0.0,18.25384087394453,0.0,317.25544414129695,0.0,201.0,0.0,136.3096618490187,0.0,12.053061878886625,0.0,14.177446878757825,0.0,9.765334537374436,0.0,604.8757314764939,0.0,115.21896534011867,0.0,89.78511911193591,0.0,5.057804840993097,0.0,9.563020676059951,0.0,2962.7334330486997,0.0,1797.5457649661128,0.0,12.053061921244861,0.0,11.552670675000888,0.0,9.134266221498198,0.0
Heibe,356.5725490196079,0.0,17.65488018395709,0.0,328.7972645226491,0.0,220.0,0.0,149.2609845868641,0.0,12.385307459799282,0.0,14.832396974191326,0.0,10.225289108347217,0.0,646.6240437950064,0.0,130.8733976277409,0.0,99.19992344472715,0.0,5.731000896246308,0.0,14.951131662659094,0.0,20709.390109577787,0.0,4177.380650219796,0.0,12.385307406572846,0.0,11.930483687613902,0.0,9.524141233969624,0.0
Heime,383.55686274509804,0.0,18.234500931515875,0.0,402.67116907223374,0.0,314.0,0.0,223.93036242312834,0.0,14.726401690925352,0.0,17.72004514666935,0.0,12.88344720606948,0.0,1013.1040372999919,0.0,814.2944116510439,0.0,586.9781523817672,0.0,5.057504936858206,0.0,13.666279185219532,0.0,4511.956700826782,0.0,782.1572248535372,0.0,14.726402082299384,0.0,14.856697345209623,0.0,12.210666884301054,0.0
Hende,386.90980392156865,0.0,18.3484576390399,0.0,322.32449824479,0.0,206.0,0.0,141.27014274412542,0.0,12.223641331394353,0.0,14.352700094407323,0.0,10.035692976909377,0.0,726.7587183857041,0.0,152.8252569746359,0.0,124.62673035807995,0.0,4.372395905024857,0.0,10.15984917055499,0.0,931.8608201059484,0.0,7609.0353168610745,0.0,12.2236409298435,0.0,11.817027661965236,0.0,9.382501202752577,0.0
Hepft,355.42745098039217,0.0,17.589909204014084,0.0,370.74349465806824,0.0,285.0,0.0,196.6262797970632,0.0,13.727106532272213,0.0,16.881943016134134,0.0,11.844999318863476,0.0,1771.928143698192,0.0,466.67361868054866,0.0,430.23174479353327,0.0,10.698348602792246,0.0,22.690358905652747,0.0,21864.823587189097,0.0,5826.963434138049,0.0,13.72710674758429,0.0,13.80479374954165,0.0,11.102810295479568,0.0
Hertz,312.80784313725485,0.0,16.52095101306245,0.0,350.4571062298698,0.0,255.0,0.0,173.88017048090558,0.0,13.129568347665797,0.0,15.968719422671311,0.0,11.064557873866336,0.0,745.2850827387571,0.0,623.4772742747386,0.0,421.2467446464916,0.0,11.245479179346717,0.0,22.082772599884024,0.0,13875.432655256613,0.0,3411.1532309551994,0.0,13.129568215989343,0.0,12.506814910654343,0.0,10.283331575542887,0.0
Heudu,391.9058823529412,0.0,18.49603592306629,0.0,339.34712749924057,0.0,242.0,0.0,163.02519271058753,0.0,12.715017425233809,0.0,15.556349186104045,0.0,10.68140793721559,0.0,727.9164519724379,0.0,162.28894235764062,0.0,129.46655697162672,0.0,3.459793683315969,0.0,18.874414596779918,0.0,974.5685010318372,0.0,7609.012373636928,0.0,12.715017062013924,0.0,12.487944771826946,0.0,9.906795821280122,0.0
Heueu,364.7372549019608,0.0,17.817159283582857,0.0,315.19427677107717,0.0,203.0,0.0,134.08504645854572,0.0,11.851081105990044,0.0,14.247806848775006,0.0,9.562517934423619,0.0,603.1420228407773,0.0,119.11916218529294,0.0,90.36084912968907,0.0,5.849262429999166,0.0,16.936452302575184,0.0,2971.6613557867104,0.0,1797.0160974446337,0.0,11.851081149952385,0.0,11.346057154635705,0.0,8.839216578657,0.0
Heums,399.32549019607836,0.0,18.531381573894954,0.0,405.34455459228394,0.0,326.0,0.0,229.28645356995983,0.0,14.758515358278395,0.0,18.05547008526779,0.0,12.965022123279178,0.0,1013.3480234460444,0.0,815.3397010483018,0.0,587.7267667368536,0.0,4.313187167121467,0.0,14.75684362755859,0.0,4496.887387063417,0.0,779.3970564547104,0.0,14.758515615348175,0.0,15.119112964045744,0.0,12.2128882173943,0.0
Hgbgn,468.1843137254902,0.0,20.0770890329477,0.0,399.7072699816455,0.0,296.0,0.0,211.7172237055721,0.0,14.451344659722762,0.0,17.204650534085253,0.0,12.53960067463269,0.0,98670.77976303642,0.0,9197.635861302908,0.0,6928.119288324792,0.0,4.217504454561547,0.0,41.907474198736914,0.0,25190.986834934778,0.0,9875.651898967455,0.0,14.451344638761427,0.0,14.408403029878231,0.0,11.756235824834102,0.0
Hggvl,419.0196078431373,0.0,19.03016404044858,0.0,429.3777220862854,0.0,350.0,0.0,249.7361245379662,0.0,15.347753015113026,0.0,18.708286933869708,0.0,13.610720880899827,0.0,98596.7208728273,0.0,9201.254234900121,0.0,6930.548820527945,0.0,10.740159415436933,0.0,54.51063492058849,0.0,20354.318567246566,0.0,4833.955910127959,0.0,15.347753139961227,0.0,15.266518588783605,0.0,12.745945153700978,0.0
Hhmhs,442.2156862745098,0.0,19.449273723355663,0.0,409.82568955719216,0.0,342.0,0.0,240.37372024489434,0.0,14.957051720955409,0.0,18.49324200890693,0.0,13.25939216195336,0.0,707.6454789224825,0.0,408.1623920981463,0.0,293.17108567239256,0.0,6.941830285369222,0.0,20.828068269967996,0.0,13283.69493801208,0.0,5776.208587952298,0.0,14.957051727944705,0.0,15.596592262343162,0.0,12.521986010291613,0.0
Hhmtd,435.035294117647,0.0,19.413084526334426,0.0,449.77335091888045,0.0,385.0,0.0,278.611342245921,0.0,16.088428538842248,0.0,19.621416870348583,0.0,14.466873609639086,0.0,1842.5792042794722,0.0,577.8339474690441,0.0,477.9616265943103,0.0,5.975222918801872,0.0,22.058293276759617,0.0,13876.878653413789,0.0,3411.590027510596,0.0,16.088428455275828,0.0,16.557451083348347,0.0,13.741176106607771,0.0
Hieli,307.7803921568627,0.0,16.525397135336398,0.0,375.7444020793354,0.0,299.0,0.0,208.53120744327953,0.0,14.011753080690603,0.0,17.291616465790582,0.0,12.256410887795242,0.0,805.7839740871766,0.0,289.4888160006721,0.0,225.51085662409537,0.0,11.519198216311063,0.0,19.487269181071536,0.0,24641.39849090338,0.0,13226.809773109111,0.0,14.011753900616819,0.0,13.795832743203112,0.0,11.558629567802143,0.0
Hilfe,321.07843137254906,0.0,16.824267546309983,0.0,373.52247766741425,0.0,290.0,0.0,201.41279320899494,0.0,13.876750917603744,0.0,17.029386365926403,0.0,12.00059911422416,0.0,621.6420911332916,0.0,180.4188115453301,0.0,142.16803759963457,0.0,7.655890800262465,0.0,12.598551274764988,0.0,21865.535320162366,0.0,5828.1381651644115,0.0,13.876750989972786,0.0,13.375765958350733,0.0,11.292863328027664,0.0
Hilin,318.9647058823529,0.0,16.81317840532231,0.0,376.1749105877374,0.0,308.0,0.0,213.01731611451646,0.0,14.064469103172199,0.0,17.549928774784245,0.0,12.312472434183121,0.0,617.1185886696576,0.0,154.36600492210198,0.0,120.69722047156804,0.0,8.427147055798928,0.0,13.070139784511198,0.0,8152.0359434276,0.0,4931.372405328889,0.0,14.064470014141271,0.0,13.681720861162887,0.0,11.615085743417808,0.0
Hilms,366.42352941176466,0.0,17.853817101187648,0.0,435.2105473227218,0.0,377.0,0.0,267.58398096392506,0.0,15.66525499381342,0.0,19.4164878389476,0.0,14.043909463246381,0.0,1019.6575447967324,0.0,817.9658568002175,0.0,590.4321095542258,0.0,5.356854633766258,0.0,15.019289479638696,0.0,4500.432020959503,0.0,789.2842991285823,0.0,15.665255233164887,0.0,15.93302358895309,0.0,13.282535064132276,0.0
Hirti,283.5960784313726,0.0,15.813525520537684,0.0,370.32748356299885,0.0,293.0,0.0,201.1971092883682,0.0,13.778569976298135,0.0,17.11724276862369,0.0,11.923165436204284,0.0,797.346945172511,0.0,277.9760842662959,0.0,211.9354270855974,0.0,13.838612418912994,0.0,18.678632808075378,0.0,13877.913537550312,0.0,3412.4237904006395,0.0,13.778569725523706,0.0,13.34086399596968,0.0,11.138230898763194,0.0
Hisin,319.5254901960784,0.0,16.698298471909588,0.0,361.4683998033878,0.0,276.0,0.0,190.2216967950284,0.0,13.540502604163052,0.0,16.61324772583615,0.0,11.608354694978587,0.0,609.2352349330064,0.0,146.30257208377057,0.0,112.44980506964521,0.0,8.385981687140491,0.0,13.403901892522555,0.0,8151.5975083310595,0.0,4930.044701993802,0.0,13.54050342834444,0.0,12.877131417065636,0.0,10.847761973657052,0.0
Hitze,312.7294117647059,0.0,16.584641524215588,0.0,344.64150764048156,0.0,257.0,0.0,172.9521521931181,0.0,12.925189679776098,0.0,16.0312195418814,0.0,10.942102385361498,0.0,608.3259969013864,0.0,142.98257848344485,0.0,108.78678664709203,0.0,7.820475588856112,0.0,12.30937901796774,0.0,4605.071108656564,0.0,4345.599598727081,0.0,12.925189749345119,0.0,12.244484777967129,0.0,10.230111567254816,0.0
Hkstl,339.1921568627451,0.0,17.14902812714172,0.0,398.51460187176474,0.0,320.0,0.0,226.37885498057358,0.0,14.65596598021188,0.0,17.88854381999832,0.0,12.87681028312866,0.0,887.0833035085052,0.0,629.3133081826662,0.0,514.3348335985999,0.0,13.7393321746475,0.0,47.45280026469973,0.0,13876.127956741997,0.0,3412.6305743907383,0.0,14.655965806096217,0.0,14.19389617138966,0.0,12.06747820934487,0.0
Hktzg,395.8392156862745,0.0,18.469399653693635,0.0,404.5422498199505,0.0,328.0,0.0,228.70894451569808,0.0,14.663661618843392,0.0,18.110770276274835,0.0,12.864822525350618,0.0,6119.504669135514,0.0,826.242905582105,0.0,645.9724611166102,0.0,7.120529701923399,0.0,47.366943917297995,0.0,4606.952725657243,0.0,4346.189828548928,0.0,14.663661727575974,0.0,14.381936966107592,0.0,12.050570842778423,0.0
Hnbby,413.97647058823526,0.0,18.91007067093352,0.0,373.2168140382043,0.0,287.0,0.0,198.6112891382178,0.0,13.77144039789349,0.0,16.941074346097416,0.0,11.918874540453377,0.0,7281.615033379301,0.0,480.0798359901195,0.0,336.8626443479503,0.0,4.547398593260231,0.0,21.640970075003967,0.0,20707.966051874693,0.0,4177.4477661987885,0.0,13.77144042902541,0.0,13.9143007159398,0.0,11.105845562789051,0.0
Hnnhg,438.6470588235294,0.0,19.431946332123232,0.0,360.3998585981226,0.0,274.0,0.0,188.39506803227744,0.0,13.447531920974622,0.0,16.55294535724685,0.0,11.587123132067047,0.0,6096.504988601228,0.0,588.7132039082428,0.0,449.417196844914,0.0,3.917337453643067,0.0,20.763867361827423,0.0,13282.1689534077,0.0,5775.815815623711,0.0,13.447531964437522,0.0,13.699228764424419,0.0,10.836381229690721,0.0
Hobon,395.42352941176466,0.0,18.451213767772487,0.0,342.25105094992705,0.0,240.0,0.0,164.87331160222374,0.0,12.848944773536804,0.0,15.491933384829668,0.0,10.807574914432916,0.0,635.2023190014287,0.0,159.59820551067585,0.0,120.89275198572592,0.0,4.80643831272258,0.0,14.685181084994166,0.0,22551.094433034195,0.0,1550.3264113851026,0.0,12.848944708757436,0.0,12.698368827769006,0.0,10.03109693687819,0.0
Hocke,365.8392156862745,0.0,17.65059093192234,0.0,330.2382916519437,0.0,218.0,0.0,149.67967308477017,0.0,12.437398317807197,0.0,14.7648230602334,0.0,10.291051638011377,0.0,617.578011436624,0.0,172.1071286321185,0.0,125.37483148156244,0.0,5.702950797925985,0.0,15.442833796678189,0.0,5964.704129786017,0.0,5530.92536946035,0.0,12.437398380360518,0.0,11.843561699017943,0.0,9.604029214220867,0.0
Hoden,392.7607843137255,0.0,18.443112656485702,0.0,336.4907490524029,0.0,229.0,0.0,159.0943006614043,0.0,12.7450574637165,0.0,15.132745950421556,0.0,10.701747350152509,0.0,977.5714572373575,0.0,234.31480971387091,0.0,199.4514381239939,0.0,5.01738548722914,0.0,12.163174135116043,0.0,2965.0700821498235,0.0,1797.9084551731394,0.0,12.745057513281917,0.0,12.610405935593354,0.0,10.040323329325867,0.0
Hokle,370.4745098039216,0.0,17.889362661214406,0.0,372.65972057203976,0.0,279.0,0.0,198.19778058561758,0.0,13.931990853803189,0.0,16.703293088490067,0.0,12.05048780120462,0.0,636.5899173964418,0.0,232.00606611297155,0.0,176.23494475283582,0.0,8.314575924964409,0.0,23.048860952530976,0.0,24640.05881852404,0.0,13226.469319465637,0.0,13.931991831133848,0.0,13.557631346217624,0.0,11.375330329915027,0.0
Hokon,396.35686274509806,0.0,18.386142668176294,0.0,348.0975516593495,0.0,250.0,0.0,171.71499932751254,0.0,13.051170782267942,0.0,15.811388300841896,0.0,11.019999753254185,0.0,629.6078145876181,0.0,220.24799696276597,0.0,159.68065388011397,0.0,4.830753778360274,0.0,24.215647683212065,0.0,22551.457142702642,0.0,1549.6420549111297,0.0,13.051170717208972,0.0,12.634133872669693,0.0,10.2523958207975,0.0
Honat,349.71764705882356,0.0,17.344422856617125,0.0,328.8529013502244,0.0,245.0,0.0,162.4245392363938,0.0,12.418548859372663,0.0,15.652475842498529,0.0,10.522618553191926,0.0,612.3221990028867,0.0,141.4875741244659,0.0,105.9541316449552,0.0,10.673334916512118,0.0,13.618561431408725,0.0,7605.758956833472,0.0,10096.637319105603,0.0,12.418548855393725,0.0,12.702520402108387,0.0,9.756151119034522,0.0
Honry,355.98039215686276,0.0,17.43084584219359,0.0,362.8914708494407,0.0,279.0,0.0,190.53590274916866,0.0,13.477062373949122,0.0,16.703293088490067,0.0,11.580386927596253,0.0,7277.072741942249,0.0,476.7067829156086,0.0,333.7663706740495,0.0,8.433822418909228,0.0,14.290224702954063,0.0,2473.4265660103633,0.0,2741.10196219443,0.0,13.477062598723876,0.0,13.370862674505357,0.0,10.778822739103711,0.0
Horde,365.6901960784314,0.0,17.78348702058467,0.0,335.5010184080173,0.0,218.0,0.0,151.7779654147468,0.0,12.646314466764082,0.0,14.7648230602334,0.0,10.465639621737258,0.0,734.6384468620341,0.0,168.45013571656168,0.0,135.29322745081052,0.0,5.630085535663334,0.0,11.186734620355821,0.0,954.8528560225368,0.0,7609.334387172364,0.0,12.64631386726427,0.0,12.045020148059676,0.0,9.740880174012814,0.0
Hordu,373.7803921568627,0.0,17.993561153464533,0.0,349.1369638796398,0.0,249.0,0.0,171.42428240422532,0.0,13.072725627384482,0.0,15.7797338380595,0.0,11.05230188724242,0.0,735.5497437181806,0.0,175.63082675475317,0.0,139.19561344580993,0.0,5.081145809320914,0.0,19.340062723806334,0.0,978.0204153849772,0.0,7609.408007271533,0.0,13.072725063996803,0.0,12.70166454207448,0.0,10.265669865169874,0.0
Horet,321.3764705882353,0.0,16.671431383514744,0.0,324.68685328252286,0.0,217.0,0.0,145.65944091403068,0.0,12.222727722221311,0.0,14.730919862656235,0.0,10.034315294267163,0.0,611.5369094443294,0.0,130.632851401703,0.0,100.08397046339213,0.0,12.314553529258149,0.0,12.579821915851609,0.0,2971.2006835786688,0.0,1798.2561655440386,0.0,12.222727744039586,0.0,11.822932361325295,0.0,9.292544360676548,0.0
Hosen,357.3058823529412,0.0,17.51291542957716,0.0,321.9577249490653,0.0,201.0,0.0,137.81388124240473,0.0,12.172857222302806,0.0,14.177446878757825,0.0,9.866737442695811,0.0,613.3342989111898,0.0,136.3693465995756,0.0,105.0651009295452,0.0,6.560448454773066,0.0,11.456713212890971,0.0,2964.526931173644,0.0,1797.104698853315,0.0,12.172857282426099,0.0,11.323834833034631,0.0,9.118276512173647,0.0
Hotel,328.4156862745098,0.0,16.949754545770297,0.0,346.80538752526667,0.0,251.0,0.0,173.17478336364746,0.0,13.071426776488318,0.0,15.84297951775486,0.0,11.12384284356358,0.0,718.5957191142118,0.0,252.0177253152985,0.0,225.40896403330302,0.0,10.587736429300278,0.0,13.829814744764581,0.0,2971.6680470070414,0.0,1799.7366427511927,0.0,13.071426808086256,0.0,12.752112386252094,0.0,10.402043583749052,0.0
Hotto,325.9686274509804,0.0,16.794561650667227,0.0,361.9570311213173,0.0,279.0,0.0,192.28691026768627,0.0,13.537305390528537,0.0,16.703293088490067,0.0,11.671775896079248,0.0,693.354580941513,0.0,238.87530709243916,0.0,183.6020478811881,0.0,10.169845226925261,0.0,13.473145186144176,0.0,13875.043207408866,0.0,3410.9758915326856,0.0,13.53730527457901,0.0,13.362825960732653,0.0,10.885869977226385,0.0
Hpcks,378.3843137254902,0.0,17.94831144957127,0.0,358.7547575092058,0.0,266.0,0.0,184.32719746217276,0.0,13.396886965433822,0.0,16.30950643030009,0.0,11.513880701854674,0.0,2053.7984798077873,0.0,973.0645775626302,0.0,910.0932882792541,0.0,8.637865836908464,0.0,24.3636658109011,0.0,5968.523886825627,0.0,5531.276491662299,0.0,13.396887026889205,0.0,13.220182553935473,0.0,10.778941746116525,0.0
Hpckt,369.52549019607847,0.0,17.81213898640614,0.0,360.46795444044244,0.0,278.0,0.0,190.63620647335358,0.0,13.4416624376847,0.0,16.673332000533065,0.0,11.638282780551377,0.0,2053.41036867695,0.0,972.1410393565466,0.0,909.4894113129516,0.0,10.354395513026327,0.0,23.73633750895744,0.0,5969.454116811932,0.0,5531.128435064488,0.0,13.44166247045885,0.0,13.520529280315605,0.0,10.910370905672908,0.0
Hpmgn,479.61960784313726,0.0,20.296875819009756,0.0,437.244009352518,0.0,355.0,0.0,256.1998919202946,0.0,15.623599722239693,0.0,18.841443681416774,0.0,13.87492492534385,0.0,5208.487022360176,0.0,1075.6033968786855,0.0,969.0740207578128,0.0,3.6200523615826476,0.0,24.22796747139408,0.0,25191.245210895922,0.0,9875.67618549163,0.0,15.623599660361336,0.0,16.048587016991455,0.0,13.10104011344198,0.0
Hpnry,376.81176470588235,0.0,17.978512955875274,0.0,379.7824480352704,0.0,301.0,0.0,208.67081438642637,0.0,14.033220381711022,0.0,17.349351572897472,0.0,12.240941411875898,0.0,7535.94807759172,0.0,1068.5732889693322,0.0,960.491062449811,0.0,9.676014230283375,0.0,22.813712664856975,0.0,2473.487658587294,0.0,2741.381447365587,0.0,14.03322060480711,0.0,14.12089783507989,0.0,11.467447382998875,0.0
Hqjlq,390.84705882352944,0.0,18.577490896574353,0.0,431.6738316261577,0.0,357.0,0.0,260.7203740202708,0.0,15.664111012347131,0.0,18.894443627691185,0.0,14.07457499732155,0.0,1478069.7121656188,0.0,324033.70433891856,0.0,312343.35706025694,0.0,7.320648297651495,0.0,452.44298271182777,0.0,24645.704771790723,0.0,13234.861084102768,0.0,15.664112120551756,0.0,15.661183653500895,0.0,13.393712710998955,0.0
Hqnsx,380.9098039215686,0.0,18.13493106469559,0.0,364.667920820472,0.0,287.0,0.0,198.15110102103387,0.0,13.665431513330919,0.0,16.941074346097416,0.0,11.913375732288792,0.0,497631.8260416093,0.0,108504.57268859392,0.0,105011.4551812188,0.0,9.058157190690924,0.0,238.06344263184747,0.0,1692.8153084854025,0.0,4509.2101503784625,0.0,13.66543159664239,0.0,13.640142466574114,0.0,11.14721587376967,0.0
Hrllt,297.83137254901965,0.0,16.265474931291877,0.0,386.9079518689343,0.0,322.0,0.0,224.10706136915752,0.0,14.384705002150607,0.0,17.944358444926362,0.0,12.703063249670471,0.0,627.5381401694086,0.0,174.6871003342511,0.0,143.62440458415702,0.0,12.371125259057491,0.0,12.799693791902197,0.0,24642.33330647943,0.0,13227.12031594221,0.0,14.384706087981767,0.0,14.063917776902677,0.0,11.967114672246064,0.0
Hrmzr,365.0313725490196,0.0,17.736246519480083,0.0,409.51412631982726,0.0,341.0,0.0,237.70435600691954,0.0,14.874044433254982,0.0,18.466185312619388,0.0,13.120154256270913,0.0,687.4838225531821,0.0,371.2746696631024,0.0,265.037681834205,0.0,8.7434157228644,0.0,18.606426698598288,0.0,4615.926502647621,0.0,4346.497766155113,0.0,14.874044484358176,0.0,14.906103125992221,0.0,12.366542042886865,0.0
Hsjlt,310.9764705882353,0.0,16.53265662565711,0.0,398.2186061460894,0.0,332.0,0.0,231.21989630416627,0.0,14.598727683767068,0.0,18.2208671582886,0.0,12.914229247883968,0.0,101370.44001556237,0.0,6564.569650597645,0.0,5886.994186697944,0.0,12.410078759695027,0.0,55.02323660065868,0.0,24642.125680638725,0.0,13227.974691272191,0.0,14.598728800033703,0.0,14.446152392058586,0.0,12.162410875734174,0.0
Hsttz,303.2627450980392,0.0,16.272245531122746,0.0,365.76691206904707,0.0,290.0,0.0,197.4350252618328,0.0,13.634792933397751,0.0,17.029386365926403,0.0,11.774957171452424,0.0,794.8531138709778,0.0,680.5749332729735,0.0,475.551942321295,0.0,10.915775703271713,0.0,27.909224453236973,0.0,13876.320902360307,0.0,3410.8721323213313,0.0,13.634792764795947,0.0,13.14920017069872,0.0,10.955361916332551,0.0
Htbtp,364.9294117647059,0.0,17.87276961992647,0.0,387.9204694746774,0.0,304.0,0.0,215.20783054957167,0.0,14.34243928015055,0.0,17.435595774162696,0.0,12.547974946991408,0.0,6113.319709991413,0.0,1125.072827715638,0.0,1100.9153967923053,0.0,5.6365458299530475,0.0,40.171329677814995,0.0,13875.690149031127,0.0,3413.3720780717754,0.0,14.34243918269922,0.0,14.279648067015168,0.0,11.774846863841617,0.0
Htfkn,364.84313725490193,0.0,17.75374851441116,0.0,367.77545502559974,0.0,294.0,0.0,200.4990214525469,0.0,13.693572207839464,0.0,17.146428199482248,0.0,11.868253858279823,0.0,621.9122626724727,0.0,213.36028350880116,0.0,162.41739286518256,0.0,4.339390877874292,0.0,22.001451453769786,0.0,5988.303720368481,0.0,5544.495330544742,0.0,13.693572249387135,0.0,13.36740497087333,0.0,11.112954321462198,0.0
Htnbn,377.7607843137255,0.0,18.149735186801454,0.0,341.1752062543503,0.0,251.0,0.0,170.65251625102297,0.0,12.881515660131877,0.0,15.84297951775486,0.0,10.930116240381437,0.0,649.5985172900355,0.0,149.4542408063967,0.0,114.298436285757,0.0,3.2091224643620264,0.0,19.28514948427844,0.0,20706.53023443647,0.0,4178.70413399665,0.0,12.881515756884493,0.0,12.675744629599203,0.0,10.2200283765559,0.0
Htscr,293.75686274509803,0.0,15.881748717627827,0.0,334.53561295033177,0.0,230.0,0.0,155.2921052153935,0.0,12.550443863315335,0.0,15.165750888103101,0.0,10.407560073495112,0.0,624.0766289272601,0.0,144.01563706974702,0.0,111.67906576045455,0.0,12.726248431645798,0.0,19.729320370805205,0.0,431.18461364051734,0.0,1474.1243421596012,0.0,12.550443848799423,0.0,11.753824162462971,0.0,9.578978982438224,0.0
Htstr,290.09411764705885,0.0,15.874397426557206,0.0,359.75884277898365,0.0,272.0,0.0,186.99128378542082,0.0,13.448507950919748,0.0,16.492422502470642,0.0,11.510068326764802,0.0,611.3166120277488,0.0,155.15838221954078,0.0,119.8779352303125,0.0,13.256230525649574,0.0,16.43671913169396,0.0,13876.913351065241,0.0,3412.7896408770375,0.0,13.448507753394708,0.0,12.741467353990256,0.0,10.684770714526463,0.0
Hufus,353.78431372549016,0.0,17.505173838357365,0.0,347.83828286989365,0.0,260.0,0.0,174.42838562531685,0.0,12.963580784927023,0.0,16.1245154965971,0.0,10.997423103893317,0.0,615.37303058047,0.0,177.4163004413517,0.0,139.69509875014012,0.0,8.725903400290573,0.0,19.77951206491868,0.0,39686.590540206744,0.0,3905.6958367477287,0.0,12.963580721802984,0.0,12.693877458363175,0.0,10.203038926732544,0.0
Hugul,398.121568627451,0.0,18.63626994540198,0.0,378.97813769182375,0.0,293.0,0.0,203.4681104592959,0.0,13.952318459847284,0.0,17.11724276862369,0.0,12.119882702450804,0.0,2917.9283132196283,0.0,322.2523193955747,0.0,268.6086176552983,0.0,7.650781600260959,0.0,16.823095452204445,0.0,39684.04108108868,0.0,3889.8402857392543,0.0,13.952318442926915,0.0,13.943901461736768,0.0,11.280517517562325,0.0
Huhör,384.6156862745098,0.0,18.16865623000645,0.0,349.9266953550231,0.0,259.0,0.0,176.2248297276222,0.0,13.105845873733076,0.0,16.09347693943108,0.0,11.124994446695279,0.0,689.7726091168901,0.0,561.2481506525637,0.0,331.4962770554195,0.0,8.364062780710858,0.0,22.105956198687533,0.0,11909.710742512425,0.0,10785.20847052447,0.0,13.105845928049808,0.0,12.977988348327596,0.0,10.36579524310123,0.0
Humor,397.57647058823534,0.0,18.476656927352217,0.0,394.963525217013,0.0,316.0,0.0,220.44364182616505,0.0,14.450058662843634,0.0,17.776388834631177,0.0,12.635319413627998,0.0,687.4840313689184,0.0,365.3961320250198,0.0,259.98242719011694,0.0,8.916470322244459,0.0,16.3692446726856,0.0,22553.28764729298,0.0,1553.1807918454238,0.0,14.45005855394917,0.0,14.694485550411308,0.0,11.878255680265058,0.0
Humus,407.41568627450977,0.0,18.733070634828074,0.0,395.642478989028,0.0,320.0,0.0,222.52530449069752,0.0,14.460935404992032,0.0,17.88854381999832,0.0,12.68700826469468,0.0,683.8638080754961,0.0,363.0477723145507,0.0,258.41802234982856,0.0,7.326782923385927,0.0,15.639762818887386,0.0,39684.29520416719,0.0,3889.3968866556856,0.0,14.46093533349581,0.0,14.820572818197888,0.0,11.934635377320713,0.0
Hunan,380.2862745098039,0.0,18.114087164055633,0.0,326.64704760184384,0.0,234.0,0.0,157.26281197284098,0.0,12.412132559624862,0.0,15.297058540778355,0.0,10.419588327227087,0.0,604.2749573407541,0.0,130.87390918920383,0.0,98.85858142492822,0.0,5.449475863724694,0.0,13.137292351230059,0.0,7607.0196277795085,0.0,10096.915626175618,0.0,12.412132457532595,0.0,12.219930015544731,0.0,9.739592994603349,0.0
Hunde,395.0,0.0,18.552135459396748,0.0,334.8057007348998,0.0,228.0,0.0,157.5300447366045,0.0,12.676136340781527,0.0,15.0996688705415,0.0,10.617829784429512,0.0,727.8654115705265,0.0,159.69849866036014,0.0,129.44954655934438,0.0,4.7238718536760205,0.0,10.734278552677633,0.0,959.9511302547854,0.0,7609.4699537002,0.0,12.676135874669455,0.0,12.348106129911587,0.0,9.965494075745795,0.0
Hurku,373.7647058823529,0.0,17.95051251786364,0.0,354.734746405508,0.0,271.0,0.0,184.18776649782367,0.0,13.2671096154349,0.0,16.46207763315433,0.0,11.343405063558423,0.0,610.3667516143704,0.0,172.74484741844702,0.0,125.11140118821946,0.0,5.043890141370436,0.0,20.055501800821045,0.0,5973.883412122206,0.0,5531.702287877644,0.0,13.267109725097667,0.0,12.848644730237273,0.0,10.593991084186897,0.0
Hurtu,331.7058823529412,0.0,17.01428171835026,0.0,359.1502061983191,0.0,271.0,0.0,186.2995917764128,0.0,13.428095794752178,0.0,16.46207763315433,0.0,11.467122507284792,0.0,606.6132312456704,0.0,140.6476040153141,0.0,106.99256257706529,0.0,9.9638013912812,0.0,18.523298012816085,0.0,13877.464539693343,0.0,3411.976549864496,0.0,13.428095731069686,0.0,12.885064620226714,0.0,10.717330504114088,0.0
Husar,333.7450980392157,0.0,16.906682839763914,0.0,331.5899406819307,0.0,233.0,0.0,156.79446572381323,0.0,12.488541145963264,0.0,15.264337522473747,0.0,10.428515080142018,0.0,607.0391287948238,0.0,139.3817458856049,0.0,105.68785580872417,0.0,11.425537426853662,0.0,14.110120699374317,0.0,7608.36297869713,0.0,10096.951391249873,0.0,12.488541110688441,0.0,11.915742501204868,0.0,9.605963983625465,0.0
Hvnhb,404.0588235294118,0.0,18.701227274601976,0.0,362.00221876081696,0.0,278.0,0.0,192.60065319908705,0.0,13.556950233968239,0.0,16.673332000533065,0.0,11.753407284463103,0.0,1018.3888969374492,0.0,708.0688626051464,0.0,536.0372452760168,0.0,3.3373275346990043,0.0,114.91081026457917,0.0,13284.317174622347,0.0,5777.1518088855455,0.0,13.556950319415462,0.0,13.549771356432618,0.0,10.997636398000202,0.0
Hvrts,302.08627450980396,0.0,16.14697298690234,0.0,369.6906034422552,0.0,281.0,0.0,195.06043579467462,0.0,13.750950332041718,0.0,16.76305461424021,0.0,11.80882147684262,0.0,823.4056846422557,0.0,650.0505184873235,0.0,486.7226078043511,0.0,12.313506852565636,0.0,112.91207695791363,0.0,13878.987695124979,0.0,3413.109924088457,0.0,13.750950173465116,0.0,13.006396121938,0.0,10.99465203917255,0.0
Hvxvn,351.67058823529413,0.0,17.410646492975065,0.0,378.9146162230069,0.0,301.0,0.0,207.52007056714191,0.0,14.036040693486864,0.0,17.349351572897472,0.0,12.142441151203586,0.0,875.8668359619501,0.0,723.8987539183237,0.0,526.2859561330981,0.0,6.3999933094437305,0.0,123.86640968870377,0.0,20356.659190290557,0.0,4834.026521971333,0.0,14.036040891200187,0.0,13.006921678219898,0.0,11.279372075807677,0.0
Hxfms,390.80392156862746,0.0,18.293656131874794,0.0,444.5848468042651,0.0,380.0,0.0,270.7391435197885,0.0,15.838765443610471,0.0,19.493588689617926,0.0,14.157560337101096,0.0,1151.8283345087925,0.0,1020.9992781084999,0.0,783.9073315818039,0.0,4.997480740503823,0.0,62.44770025240603,0.0,4524.53827168185,0.0,863.151810972063,0.0,15.83876574105925,0.0,15.983313436359241,0.0,13.36024507572143,0.0
Hymnv,411.8274509803922,0.0,18.76137204797786,0.0,422.69959125235414,0.0,356.0,0.0,250.47590867196988,0.0,15.217689231186586,0.0,18.867962264113206,0.0,13.52938916092712,0.0,46955.456445005446,0.0,2796.327964001147,0.0,1915.474849148757,0.0,6.596061208041338,0.0,79.9638873190662,0.0,17853.15953785777,0.0,8531.474812318096,0.0,15.217689233791553,0.0,15.510830106893112,0.0,12.7079239532097,0.0
Hzkrz,352.1490196078431,0.0,17.44031663610357,0.0,376.3967273548714,0.0,295.0,0.0,202.1686728083055,0.0,13.900433732106377,0.0,17.175564037317667,0.0,11.971107559585628,0.0,1017.1297365480613,0.0,1055.5021718655812,0.0,794.086510647556,0.0,9.297661902454161,0.0,42.67920542674235,0.0,2476.7843486763395,0.0,2741.7701743817465,0.0,13.900433896259774,0.0,13.444438864609857,0.0,11.142318657892034,0.0
Hähne,399.01176470588234,0.0,18.498624906032113,0.0,322.3373099440812,0.0,219.0,0.0,148.3368240903374,0.0,12.254162353772198,0.0,14.798648586948742,0.0,10.195014194811733,0.0,613.3848112560235,0.0,181.66189179250193,0.0,129.13321107384928,0.0,6.405796898844054,0.0,13.365122326014136,0.0,17848.903776134877,0.0,8531.007786118538,0.0,12.254162364556795,0.0,12.288425018831129,0.0,9.573565283830455,0.0
Händä,414.47058823529414,0.0,18.83238517175158,0.0,352.98725470435886,0.0,258.0,0.0,179.3805280310113,0.0,13.254203157403477,0.0,16.06237840420901,0.0,11.381580316393437,0.0,4614.879974012343,0.0,4375.544343307471,0.0,3286.964788385465,0.0,3.269758052487057,0.0,435.61696135985704,0.0,1079.611176337353,0.0,7622.249270190846,0.0,13.251138029848363,0.0,13.470573681307428,0.0,10.701370113716226,0.0
Hännä,398.48627450980393,0.0,18.428260062605613,0.0,332.05601440465574,0.0,240.0,0.0,162.79985533902618,0.0,12.581940820784466,0.0,15.491933384829668,0.0,10.68882242099734,0.0,4596.8733829071,0.0,4374.237650784224,0.0,3285.6983764311217,0.0,4.480294531151801,0.0,435.60947685549155,0.0,17856.27208534132,0.0,8542.455420910659,0.0,12.578712243856435,0.0,12.852532699848597,0.0,10.035043351316448,0.0
Härte,329.3058823529412,0.0,16.835989261396026,0.0,343.78762593471527,0.0,237.0,0.0,164.3783476471698,0.0,12.938399075403732,0.0,15.394804318340652,0.0,10.838300051418814,0.0,612.6434483461982,0.0,186.95812252676842,0.0,133.4440841546957,0.0,11.071239073562696,0.0,11.970024346063921,0.0,13875.118485765155,0.0,3411.8419835528744,0.0,12.93839893905041,0.0,12.424295008329517,0.0,10.177137594770159,0.0
Häsär,351.9450980392157,0.0,17.24286924477442,0.0,339.6504830993566,0.0,243.0,0.0,164.77199799133112,0.0,12.746464850035586,0.0,15.588457268119896,0.0,10.757916819998524,0.0,652.1951578845258,0.0,298.2049415259259,0.0,220.5479649743045,0.0,9.985154545256025,0.0,57.51813971655764,0.0,7901.348233331498,0.0,12089.076626582339,0.0,12.746465055553305,0.0,12.612060946249404,0.0,9.987953286208992,0.0
Höböt,392.121568627451,0.0,18.351553073029915,0.0,366.94001388815116,0.0,279.0,0.0,191.5930236029884,0.0,13.556100204590958,0.0,16.703293088490067,0.0,11.669409290032712,0.0,718.7314248835133,0.0,580.457351424924,0.0,345.9326027942581,0.0,9.193395772365609,0.0,23.772190670126317,0.0,11907.988699294963,0.0,10785.18874129681,0.0,13.556100223861328,0.0,13.875231493729892,0.0,10.831845365312104,0.0
Höhen,403.5960784313726,0.0,18.613979442357497,0.0,337.7898696844899,0.0,229.0,0.0,158.07538766802637,0.0,12.74727043272001,0.0,15.132745950421556,0.0,10.605975328391546,0.0,624.1594947784387,0.0,188.2675301434697,0.0,133.6161123528154,0.0,6.074839955936512,0.0,12.316209640766182,0.0,2967.889423501368,0.0,1799.6263357949008,0.0,12.747270481538152,0.0,12.51721760214506,0.0,9.929896745014819,0.0
Höhle,383.56470588235294,0.0,18.21926978829306,0.0,372.29542931392535,0.0,278.0,0.0,197.56414168595023,0.0,13.93432804488714,0.0,16.673332000533065,0.0,12.039047894890807,0.0,637.0046584842789,0.0,213.20213593473383,0.0,160.53099280404606,0.0,8.901727703618372,0.0,14.341319726292333,0.0,24640.05305541234,0.0,13226.740173077456,0.0,13.934329019790637,0.0,13.813052475315358,0.0,11.364534104654151,0.0
Höhlö,401.92941176470595,0.0,18.58007846183185,0.0,397.76985202795584,0.0,316.0,0.0,225.26615188001557,0.0,14.65837459883296,0.0,17.776388834631177,0.0,12.882904801790202,0.0,7264.196427993654,0.0,12471.475875351445,0.0,7229.5216947524195,0.0,6.316221290157466,0.0,372.726782503593,0.0,24642.002602748413,0.0,13230.426163799935,0.0,14.630739428656288,0.0,14.740324950577582,0.0,12.076237547825727,0.0
Höllö,367.5921568627451,0.0,17.862981423718114,0.0,406.9359606604479,0.0,331.0,0.0,236.64869691673078,0.0,14.940153002511686,0.0,18.193405398660254,0.0,13.229712417039519,0.0,7264.801585486063,0.0,12471.586720786405,0.0,7229.674909897968,0.0,7.9146966535026495,0.0,372.554544358086,0.0,24641.974302932962,0.0,13230.765244860384,0.0,14.913040180056164,0.0,14.82018442460646,0.0,12.417231626375987,0.0
Hörer,335.1490196078431,0.0,16.943832852741373,0.0,330.828033518304,0.0,216.0,0.0,147.28588632526908,0.0,12.426519226552788,0.0,14.696938456699069,0.0,10.18395180189417,0.0,621.9875287008643,0.0,186.72412854763343,0.0,131.9986719297276,0.0,12.653350884733287,0.0,12.17968981312868,0.0,2975.7196639956246,0.0,1800.4799338618704,0.0,12.426519269281359,0.0,11.814966270682795,0.0,9.448214504600461,0.0
Hürde,380.44313725490196,0.0,18.16786902256901,0.0,348.0312805220683,0.0,233.0,0.0,163.46554447714385,0.0,13.05054382401093,0.0,15.264337522473747,0.0,10.901660391539432,0.0,735.9392544454764,0.0,177.16625968292576,0.0,144.9061299464713,0.0,6.218536633546288,0.0,11.91138461753498,0.0,975.2999267182769,0.0,7610.198155550205,0.0,13.050543188538711,0.0,12.332760285886108,0.0,10.183138403829059,0.0
Hüter,336.1294117647059,0.0,17.080857079934823,0.0,338.3724519425051,0.0,238.0,0.0,161.37321358375988,0.0,12.711877026122439,0.0,15.427248620541512,0.0,10.62386506415267,0.0,613.7963236928648,0.0,146.95448831948073,0.0,115.72226953548038,0.0,12.749167832619207,0.0,13.216827553664688,0.0,2981.149654280344,0.0,1801.0304439177537,0.0,12.711877079426577,0.0,12.130303324876063,0.0,9.915062841518761,0.0
Iband,348.121568627451,0.0,17.309791927641392,0.0,336.5549484339093,0.0,226.0,0.0,154.72985150646852,0.0,12.59385287276282,0.0,15.033296378372908,0.0,10.530015291241082,0.0,1838.4521834863624,0.0,463.58813970896443,0.0,418.18832825462493,0.0,8.027252117202162,0.0,25.422340469219506,0.0,17855.20531388451,0.0,8525.445235071153,0.0,12.59385283917408,0.0,12.021447758010773,0.0,9.662050062257956,0.0
Ichzt,276.6627450980392,0.0,15.411050724368723,0.0,329.3260275957567,0.0,227.0,0.0,146.7683220255674,0.0,12.174563958386306,0.0,15.066519173319364,0.0,9.879784736638507,0.0,624.3931490913666,0.0,133.87962860509927,0.0,93.93655100010649,0.0,6.047438636914202,0.0,20.83156902215409,0.0,4631.404709943206,0.0,4334.969868322946,0.0,12.17456395614882,0.0,11.311742524079472,0.0,8.928873567800329,0.0
Icken,307.1333333333333,0.0,16.12926302472858,0.0,311.2046477119454,0.0,175.0,0.0,115.32394726933212,0.0,11.544743057394587,0.0,13.228756555322953,0.0,8.850471396820405,0.0,628.6825429512727,0.0,189.4240118404962,0.0,130.82658048656432,0.0,7.504166364424121,0.0,27.570551640500206,0.0,3009.582161802884,0.0,1770.7925574446394,0.0,11.54474307038961,0.0,9.809439004202735,0.0,7.97182300336493,0.0
Icons,279.7843137254902,0.0,15.354807188832702,0.0,300.68510666188445,0.0,176.0,0.0,111.6874884999193,0.0,11.128215415374747,0.0,13.2664991614216,0.0,8.553250278027722,0.0,623.1918376084915,0.0,133.43995540161615,0.0,94.05926860247291,0.0,5.674287707593087,0.0,24.441326742129867,0.0,17855.960077667714,0.0,8525.084367175787,0.0,11.128215403098425,0.0,9.934682155395404,0.0,7.499172296667269,0.0
Ideen,322.8705882352941,0.0,16.708200152201567,0.0,308.47959854255515,0.0,167.0,0.0,113.46544315866922,0.0,11.576141010545962,0.0,12.922847983320086,0.0,8.965072922884447,0.0,6353.2518615253675,0.0,1227.6569258316042,0.0,1198.9339211897184,0.0,4.4038479025543005,0.0,24.59171582218262,0.0,3006.2486706059785,0.0,1769.9569783986476,0.0,11.576141038964675,0.0,10.134200055166758,0.0,8.198709929430013,0.0
Idels,294.5529411764706,0.0,15.994733370038514,0.0,354.6106468434229,0.0,242.0,0.0,169.466809916738,0.0,13.235077433552759,0.0,15.556349186104045,0.0,11.124428695706097,0.0,6354.680868052733,0.0,1232.7961334962383,0.0,1202.8164181198235,0.0,5.821367576076545,0.0,26.642629825536364,0.0,24645.360834054816,0.0,13222.692712070066,0.0,13.235078368443691,0.0,12.276203630508016,0.0,10.314916703572273,0.0
Idils,278.5882352941176,0.0,15.608915127241948,0.0,370.07097649457637,0.0,275.0,0.0,191.14063021912858,0.0,13.732836800285511,0.0,16.583123951777,0.0,11.761909505715852,0.0,6354.814282696511,0.0,1233.5031629248178,0.0,1203.1344346801566,0.0,5.55718807973669,0.0,26.23197675608239,0.0,24649.488948717168,0.0,13223.007007296577,0.0,13.732837919699431,0.0,12.839975041062047,0.0,10.908700089133553,0.0
Idiot,284.42745098039217,0.0,15.7224479967704,0.0,338.3276921893182,0.0,236.0,0.0,156.64957180075172,0.0,12.559307155588918,0.0,15.362291495737216,0.0,10.394388705155228,0.0,6353.981767306274,0.0,1230.299210312618,0.0,1200.2323071119665,0.0,5.597180847248813,0.0,24.128174253406772,0.0,22561.50492767796,0.0,1520.2971248468689,0.0,12.559307110206193,0.0,11.742276049949737,0.0,9.438993457068076,0.0
Idole,308.69019607843137,0.0,16.374004396979704,0.0,350.47989120533225,0.0,230.0,0.0,162.3159542385235,0.0,13.10330092613256,0.0,15.165750888103101,0.0,10.922378175095904,0.0,6355.047013132979,0.0,1234.3651155245393,0.0,1203.748375211195,0.0,4.894109999184184,0.0,27.54535655080431,0.0,24644.68129081484,0.0,13222.69173143821,0.0,13.103301818858109,0.0,12.084682966523445,0.0,10.113500250157204,0.0
Ihnon,338.2274509803922,0.0,16.993454198086635,0.0,318.19074774354266,0.0,198.0,0.0,130.6661568650824,0.0,11.900147372787467,0.0,14.071247279470288,0.0,9.43661584823838,0.0,633.3615687247091,0.0,224.19344422641967,0.0,162.57756080527096,0.0,4.5511252334228285,0.0,14.36577621922686,0.0,22557.51544704345,0.0,1519.184011121135,0.0,11.90014737664369,0.0,10.816774395660547,0.0,8.556594281736645,0.0
Illan,279.278431372549,0.0,15.608321994821889,0.0,333.3390384116059,0.0,232.0,0.0,154.46506865949402,0.0,12.483335580914368,0.0,15.231546211727817,0.0,10.305588401694783,0.0,617.9130391232499,0.0,149.10941345021877,0.0,115.23724057089811,0.0,8.22544452349097,0.0,18.33020330651748,0.0,7626.7509319226865,0.0,10092.816257754042,0.0,12.483335549878632,0.0,11.330222945928083,0.0,9.419403933655698,0.0
Indas,315.85490196078433,0.0,16.412383149497376,0.0,324.4564958277839,0.0,215.0,0.0,142.64275234662685,0.0,12.137678243286206,0.0,14.66287829861518,0.0,9.926036282810877,0.0,972.9777701983064,0.0,234.33188458770718,0.0,195.1885823019694,0.0,5.594356026456866,0.0,20.77059493782591,0.0,7625.441005497944,0.0,10092.227597456053,0.0,12.13767819066338,0.0,11.517858713633734,0.0,8.998029974735243,0.0
Inder,306.9843137254902,0.0,16.274586817677452,0.0,314.9192451399317,0.0,192.0,0.0,127.3741473093717,0.0,11.79179862425985,0.0,13.856406460551018,0.0,9.38135705168333,0.0,971.6817289702584,0.0,225.2433238479845,0.0,189.74302930893217,0.0,6.360327836290202,0.0,18.525550072139502,0.0,3023.1945413262893,0.0,1772.3815043944799,0.0,11.79179862292502,0.0,10.854570279196922,0.0,8.547781483450166,0.0
Index,325.1058823529412,0.0,16.737729011790282,0.0,329.47174981923627,0.0,218.0,0.0,145.21921430342974,0.0,12.299863330253421,0.0,14.7648230602334,0.0,10.040429515022277,0.0,988.8758439754498,0.0,323.00320588904344,0.0,259.30651583959525,0.0,5.2340054952420045,0.0,69.40949786385903,0.0,3022.747949109749,0.0,1772.825886790779,0.0,12.299863328627323,0.0,11.554057234961226,0.0,9.170128507211446,0.0
Indiz,304.18823529411765,0.0,16.292893939561438,0.0,359.01144411237203,0.0,266.0,0.0,181.22508305613815,0.0,13.352257528544195,0.0,16.30950643030009,0.0,11.328434106839591,0.0,1067.366401834279,0.0,655.657160042444,0.0,455.7004475827909,0.0,5.2132060580861594,0.0,27.959219029550265,0.0,8172.054038230975,0.0,4920.944047578035,0.0,13.352258349542344,0.0,12.79149432637043,0.0,10.461621196472306,0.0
Insel,278.5686274509804,0.0,15.516878979241923,0.0,321.3494187334067,0.0,192.0,0.0,129.58287673265679,0.0,12.018580737849625,0.0,13.856406460551018,0.0,9.54069855173759,0.0,711.509107325154,0.0,243.6338875481043,0.0,217.6494956049011,0.0,3.4951486040899487,0.0,18.809747937128748,0.0,3019.2638741659357,0.0,1773.5434054264103,0.0,12.018580734443692,0.0,10.464949660725889,0.0,8.608428624087793,0.0
Ionen,312.7372549019608,0.0,16.35813243411442,0.0,294.76397227152336,0.0,160.0,0.0,103.44076997860125,0.0,11.020419859722432,0.0,12.649110640673518,0.0,8.284254125099574,0.0,608.2602249443677,0.0,114.99682628822923,0.0,79.02066298921736,0.0,5.9023800073695805,0.0,14.676579239700732,0.0,3009.5795624867965,0.0,1771.119399701399,0.0,11.02041988155839,0.0,9.721285883655742,0.0,7.431790240126217,0.0
Irben,303.79607843137256,0.0,16.176481521089592,0.0,312.16246060806327,0.0,176.0,0.0,116.93071751932618,0.0,11.620935213411908,0.0,13.2664991614216,0.0,8.967631689479413,0.0,619.7367446396275,0.0,125.22556431084973,0.0,89.48932016969911,0.0,7.858408218454161,0.0,15.799534643806531,0.0,3021.432784263163,0.0,1772.3841965143654,0.0,11.620935215529588,0.0,10.047594395337706,0.0,8.081736387869714,0.0
Irnst,254.3843137254902,0.0,14.756434940884336,0.0,317.46210488041817,0.0,210.0,0.0,135.1375551483058,0.0,11.815556667397635,0.0,14.491376746189438,0.0,9.450948455407422,0.0,603.8452179297485,0.0,119.16579043176327,0.0,82.61755254788814,0.0,4.677093393009364,0.0,15.873687985777314,0.0,1774.4775365738578,0.0,4493.570960437784,0.0,11.815556619009302,0.0,10.633930919162697,0.0,8.46521206493192,0.0
Irnta,263.94117647058823,0.0,15.018081630336155,0.0,328.0927716517909,0.0,216.0,0.0,144.1048475073874,0.0,12.274837746200843,0.0,14.696938456699069,0.0,9.939373898410473,0.0,606.5332152030988,0.0,151.9822338803612,0.0,108.53592429948579,0.0,5.257473345576385,0.0,19.56624359874501,0.0,13886.577051243417,0.0,3397.6181706407797,0.0,12.274837729509724,0.0,10.985331105820318,0.0,9.015287089660077,0.0
Irrer,236.85882352941178,0.0,14.213100508576494,0.0,300.39109130961833,0.0,161.0,0.0,103.50083285934159,0.0,11.139291796858835,0.0,12.68857754044952,0.0,8.286044657331832,0.0,601.9124570984059,0.0,112.16122454141359,0.0,77.8840316432368,0.0,3.3832063912922754,0.0,16.205263128966028,0.0,3028.340564916723,0.0,1773.504707951819,0.0,11.139291789978696,0.0,8.932381999631488,0.0,7.3244691526855235,0.0
Islam,319.61960784313726,0.0,16.505953162771636,0.0,389.0627208287028,0.0,299.0,0.0,206.84372471824958,0.0,14.166921162763398,0.0,17.291616465790582,0.0,12.227952318243874,0.0,822.5167199576301,0.0,552.2500015612884,0.0,403.85471893196103,0.0,14.954903213688889,0.0,24.881319210949584,0.0,7625.892741139506,0.0,10093.193687887137,0.0,14.166921162602174,0.0,14.040523015394834,0.0,11.32778699946654,0.0
Itidi,262.61176470588236,0.0,15.215768142088228,0.0,351.33837273907756,0.0,253.0,0.0,170.19349136149356,0.0,13.011228106614999,0.0,15.905973720586866,0.0,10.914080402088986,0.0,895.5739919698965,0.0,297.1290532837361,0.0,227.08840618894266,0.0,7.610841842681593,0.0,23.700362879695124,0.0,1193.3647856720356,0.0,7604.838986728749,0.0,13.01122811704633,0.0,12.043890534942568,0.0,9.96106169526032,0.0
Ixtra,254.9921568627451,0.0,14.728753456858655,0.0,340.65465124616253,0.0,237.0,0.0,157.79085084777665,0.0,12.6392623200287,0.0,15.394804318340652,0.0,10.39973749089341,0.0,808.7169428969933,0.0,620.4428231290301,0.0,519.7373863273629,0.0,4.348872697035008,0.0,58.63924938758491,0.0,2529.0879941323706,0.0,2724.374255040703,0.0,12.639262579001404,0.0,11.122240206138882,0.0,9.439224938093528,0.0
Jacht,280.1686274509804,0.0,15.26912840338813,0.0,286.4477119304096,0.0,167.0,0.0,104.96494326718188,0.0,10.709330945920652,0.0,12.922847983320086,0.0,8.242623768574104,0.0,601.2697225423799,0.0,90.25039662833528,0.0,64.42934773485065,0.0,5.51320117714177,0.0,10.589899418758804,0.0,13279.824572799416,0.0,5773.662214992632,0.0,10.709331168774451,0.0,9.88049422658758,0.0,7.336893095183339,0.0
Jacke,296.7372549019608,0.0,15.642647174033662,0.0,289.4978156357035,0.0,152.0,0.0,99.35807589739969,0.0,10.829202927740122,0.0,12.328828005937952,0.0,8.194981002713405,0.0,606.1678404646221,0.0,140.96170707798456,0.0,97.72698910103259,0.0,6.802615899823328,0.0,15.472827034568256,0.0,5963.027884876749,0.0,5529.286000889367,0.0,10.829202949089863,0.0,9.244996327266527,0.0,7.3752951923865,0.0
Jagen,338.721568627451,0.0,16.83594039217557,0.0,306.5571544449976,0.0,166.0,0.0,110.8577495611361,0.0,11.395784934929567,0.0,12.884098726725126,0.0,8.779607308273334,0.0,2892.508243351862,0.0,222.5536984954542,0.0,162.1451066003659,0.0,7.186792736267752,0.0,10.531927610323612,0.0,2959.5448723904406,0.0,1793.4603608816533,0.0,11.395784964054954,0.0,10.22625909458403,0.0,7.865408070217388,0.0
Jahre,294.90980392156865,0.0,15.682419134055618,0.0,301.5031987620355,0.0,175.0,0.0,115.60248596529718,0.0,11.360719535469329,0.0,13.228756555322953,0.0,8.879660924971173,0.0,604.2381142146197,0.0,108.12899303204185,0.0,79.668851342348,0.0,5.535169147490012,0.0,12.029241818623905,0.0,2453.2032330417037,0.0,2738.3566916665895,0.0,11.360719851659583,0.0,10.235965199108565,0.0,8.068056635539323,0.0
Japan,324.44313725490196,0.0,16.447392162835207,0.0,300.8030599563707,0.0,176.0,0.0,116.39673167684165,0.0,11.33386423630425,0.0,13.2664991614216,0.0,8.941397713012892,0.0,1768.2905035180067,0.0,446.5492911348698,0.0,415.9190488391265,0.0,6.724471088510049,0.0,22.16878557456201,0.0,7602.273804432227,0.0,10096.323622625052,0.0,11.333864148356005,0.0,10.51395215138243,0.0,8.091916676109337,0.0
Jcrys,252.65490196078434,0.0,14.358574379386743,0.0,329.1770673443756,0.0,207.0,0.0,137.40561567798497,0.0,12.143326711165143,0.0,14.38749456993816,0.0,9.718728556769829,0.0,104004.24912348096,0.0,3230.665688565232,0.0,2345.5521274640405,0.0,5.018515494059908,0.0,39.18871398114072,0.0,21767.045303460727,0.0,6884.695689109485,0.0,12.143326872169038,0.0,10.486757881002898,0.0,8.697479744746477,0.0
Jecke,295.4666666666667,0.0,15.6746937643426,0.0,288.76518044157126,0.0,146.0,0.0,95.37502702693607,0.0,10.778411247714276,0.0,12.083045973594572,0.0,8.034143796367495,0.0,606.1316633529515,0.0,139.16524623872,0.0,96.71856230156978,0.0,6.759591879857384,0.0,15.447882050872334,0.0,5962.331316114537,0.0,5529.069283474808,0.0,10.778411262214972,0.0,8.981155124046834,0.0,7.193579932128975,0.0
Jeeps,302.4313725490196,0.0,15.941634221534827,0.0,298.2860372249403,0.0,160.0,0.0,105.87505742916827,0.0,11.14257737983266,0.0,12.649110640673518,0.0,8.571547543744444,0.0,2085.382687346694,0.0,583.2229638725223,0.0,548.468070368267,0.0,6.477725038625061,0.0,24.455428670011024,0.0,28939.19743481042,0.0,3088.7489907088907,0.0,11.142577478884249,0.0,9.945041321065917,0.0,7.677789720734215,0.0
Jemen,346.1843137254902,0.0,17.085657056352545,0.0,341.014692828333,0.0,215.0,0.0,148.50806584392922,0.0,12.68503505821831,0.0,14.66287829861518,0.0,10.358002903031915,0.0,678.415317865427,0.0,347.4619482374663,0.0,245.02299762483815,0.0,7.058516544606114,0.0,12.125430306399071,0.0,2963.66796090483,0.0,1794.1533510710385,0.0,12.685035093874856,0.0,12.077710958974347,0.0,9.60731784561954,0.0
Jhntz,300.84705882352944,0.0,15.989433265848238,0.0,340.01890849042184,0.0,240.0,0.0,162.03899690758908,0.0,12.755217158741104,0.0,15.491933384829668,0.0,10.64555103993522,0.0,766.3380162025502,0.0,648.643242853859,0.0,440.67848326325026,0.0,5.439733624657348,0.0,24.67009790429955,0.0,13876.631210210924,0.0,3408.691460485184,0.0,12.75521713213436,0.0,12.052334298987773,0.0,9.792912173416921,0.0
Jhrln,295.97647058823526,0.0,15.861648087324852,0.0,345.895308461426,0.0,235.0,0.0,163.7932072685213,0.0,13.027900259948314,0.0,15.329709716755891,0.0,10.876769967397808,0.0,641.1570965661293,0.0,234.24276666853643,0.0,180.01856137831797,0.0,5.353695833573377,0.0,17.42453821121425,0.0,24641.04978183142,0.0,13225.682562908714,0.0,13.027901104221787,0.0,11.847921671796662,0.0,10.108569322200303,0.0
Jirir,220.33333333333331,0.0,13.677155791395345,0.0,328.816537538313,0.0,225.0,0.0,149.4579173533688,0.0,12.325007944325122,0.0,15.0,0.0,10.108737836498205,0.0,605.4000208187064,0.0,123.33759822450128,0.0,90.79244037534004,0.0,2.8660812029196596,0.0,14.571417354605002,0.0,8154.317322440323,0.0,4929.163355969415,0.0,12.325008529895202,0.0,11.04110469383541,0.0,9.23723468288748,0.0
Jjxlt,256.9764705882353,0.0,14.857508001731992,0.0,373.57774484795965,0.0,290.0,0.0,198.08652926677786,0.0,13.745986299117272,0.0,17.029386365926403,0.0,11.854451857171162,0.0,1351859.4593008899,0.0,78423.47834789944,0.0,67802.4901849091,0.0,4.531085583750255,0.0,190.46694359171158,0.0,24642.94482608587,0.0,13227.054344946484,0.0,13.745987048663185,0.0,12.891581414294,0.0,10.941401971230512,0.0
Jngjr,318.2627450980392,0.0,16.384804148884683,0.0,373.00581291657176,0.0,271.0,0.0,188.0479339911175,0.0,13.660223582690932,0.0,16.46207763315433,0.0,11.651890052589387,0.0,94711.30004102341,0.0,6354.86610746757,0.0,5735.628750754394,0.0,8.013145099342697,0.0,51.10510349639648,0.0,11911.229579488512,0.0,1086.9049881056708,0.0,13.660224291942372,0.0,13.110490552450168,0.0,10.786742938473772,0.0
Joule,289.1294117647059,0.0,15.687854822356549,0.0,323.97045796157397,0.0,205.0,0.0,139.7747109529274,0.0,12.205741546002411,0.0,14.317821063276353,0.0,9.943476763568372,0.0,622.2044586934643,0.0,149.0523242134243,0.0,119.71347695094988,0.0,4.277053588032888,0.0,14.72303063785116,0.0,24640.034902364026,0.0,13225.61870839733,0.0,12.205742435176106,0.0,11.196790946337217,0.0,9.129421433513535,0.0
Jrgll,292.686274509804,0.0,15.832500311966275,0.0,383.12355369503734,0.0,282.0,0.0,199.55671728477046,0.0,14.09113745606425,0.0,16.792855623746664,0.0,12.136285580074547,0.0,2920.207948915875,0.0,330.2188637535001,0.0,277.2309916207712,0.0,7.585911222968081,0.0,18.14265386282033,0.0,24641.747354031082,0.0,13226.082350576444,0.0,14.091138207808003,0.0,13.213308407622057,0.0,11.211127720181072,0.0
Jschj,284.4549019607843,0.0,15.405536834763122,0.0,326.4569721218978,0.0,210.0,0.0,140.70214812010607,0.0,12.145203893091638,0.0,14.491376746189438,0.0,9.922130797564511,0.0,1542015.5121500364,0.0,88376.72729806782,0.0,76060.89797575792,0.0,7.577792993707014,0.0,199.87221415619103,0.0,13282.606330835988,0.0,5777.317974692314,0.0,12.145204104948103,0.0,11.10309890323015,0.0,9.042915850153243,0.0
Jtllx,251.4313725490196,0.0,14.747550380132047,0.0,369.2597284287725,0.0,290.0,0.0,199.57781059875913,0.0,13.770959446664094,0.0,17.029386365926403,0.0,11.943837020714373,0.0,654.2214863241662,0.0,285.82444665112916,0.0,223.5077029893777,0.0,6.514746199139091,0.0,69.03904028177504,0.0,24641.257076092752,0.0,13226.690635554916,0.0,13.770960420400742,0.0,12.870585660611377,0.0,11.079089084162199,0.0
Jubel,307.25882352941176,0.0,16.250995060179616,0.0,324.5727601408105,0.0,202.0,0.0,138.59409246759725,0.0,12.199723369363195,0.0,14.212670403551895,0.0,9.952975658256564,0.0,725.1642762030561,0.0,241.3983119775724,0.0,218.00142639290897,0.0,5.739759417972647,0.0,15.010876081302786,0.0,2968.6409423494897,0.0,1797.2195175417091,0.0,12.199723360296188,0.0,11.33509377107182,0.0,9.121792735840138,0.0
Juden,330.47843137254904,0.0,16.787403050854806,0.0,307.49884033214033,0.0,179.0,0.0,121.04955659604931,0.0,11.627071299084982,0.0,13.379088160259652,0.0,9.229967219623274,0.0,971.2099514138393,0.0,216.3274910660873,0.0,186.1232690424712,0.0,6.106096732276405,0.0,12.073571391130171,0.0,2967.727498138945,0.0,1794.6484916344648,0.0,11.62707133458062,0.0,10.594673815232111,0.0,8.461563169283696,0.0
Judun,338.5686274509804,0.0,17.0097834661119,0.0,315.68381940435125,0.0,203.0,0.0,135.2242142999711,0.0,11.892978956883749,0.0,14.247806848775006,0.0,9.681821327329981,0.0,971.8125841274896,0.0,220.44456681736062,0.0,188.11677045270787,0.0,6.724880650940779,0.0,15.305402786133186,0.0,39683.44786946743,0.0,3886.6595549323324,0.0,11.892978995305821,0.0,11.149000429630588,0.0,8.854159102886937,0.0
Junge,345.54117647058825,0.0,17.08708094601506,0.0,317.2876498839727,0.0,180.0,0.0,122.45481448416109,0.0,11.804411405378698,0.0,13.416407864998739,0.0,9.307998396132549,0.0,4814.585727232187,0.0,345.57433120460144,0.0,256.98607044185525,0.0,8.41797936439614,0.0,10.466844207388258,0.0,25190.366119163325,0.0,9874.478735892477,0.0,11.804411401721309,0.0,10.530049187548535,0.0,8.421894812434402,0.0
Junme,354.2745098039216,0.0,17.304204963518377,0.0,371.58315637738684,0.0,262.0,0.0,185.53765746363524,0.0,13.741072201764275,0.0,16.186414056238647,0.0,11.69839617685946,0.0,1011.6089095043969,0.0,811.485103066649,0.0,584.2962326851178,0.0,8.890595403284347,0.0,14.693148627322454,0.0,4494.3143296292665,0.0,774.5138121612284,0.0,13.741072463750458,0.0,13.477586403330019,0.0,10.967860858752973,0.0
Jurys,274.2274509803922,0.0,15.070323427591926,0.0,335.8204295769849,0.0,221.0,0.0,148.00949693157284,0.0,12.441417119020484,0.0,14.866068747318506,0.0,10.124806641679937,0.0,104004.15679192435,0.0,3230.8759462915536,0.0,2345.7387949241183,0.0,3.58416915947854,0.0,36.67504387422933,0.0,21768.025345510523,0.0,6884.844981926118,0.0,12.441417321111931,0.0,10.953230376253462,0.0,9.153332726829277,0.0
Jxdrs,289.26666666666665,0.0,15.5755795215381,0.0,346.6406850661109,0.0,244.0,0.0,166.4096012013299,0.0,12.925890108323815,0.0,15.620499351813308,0.0,10.87523636975124,0.0,1110.8297366264696,0.0,644.1688634644673,0.0,544.646695370741,0.0,5.7165411673973665,0.0,59.529262359039734,0.0,2471.63805828332,0.0,2739.184499876047,0.0,12.925890275624575,0.0,11.942867511381303,0.0,9.971696481748088,0.0
Jüdin,327.02745098039213,0.0,16.715542636379006,0.0,353.6468571497477,0.0,252.0,0.0,175.35830042215758,0.0,13.258499143787812,0.0,15.874507866387544,0.0,11.24710464658962,0.0,979.874325072091,0.0,244.30281534011857,0.0,206.79986202356622,0.0,5.741418326421135,0.0,16.68424122494052,0.0,8151.894546857168,0.0,4929.8506087668375,0.0,13.258499948217414,0.0,12.601845751614729,0.0,10.452728520322633,0.0
Kabul,364.9725490196078,0.0,17.733648998586695,0.0,339.9090173692441,0.0,254.0,0.0,169.58676173227664,0.0,12.711544603922333,0.0,15.937377450509228,0.0,10.82745700414024,0.0,725.3339529300812,0.0,249.5387847262897,0.0,220.72823032235362,0.0,7.032488418363161,0.0,16.759541935628732,0.0,39683.6503514698,0.0,3879.616993398875,0.0,12.711544605024272,0.0,13.18942629196115,0.0,9.994876183955526,0.0
Kacha,355.02745098039213,0.0,17.23941283407048,0.0,299.90493906423933,0.0,193.0,0.0,124.55951755294386,0.0,11.30758685725215,0.0,13.892443989449804,0.0,9.059867256622452,0.0,604.8621849732522,0.0,138.7141570928888,0.0,98.00142301957274,0.0,4.877487697548734,0.0,15.408512098477209,0.0,13279.300026405193,0.0,5768.753205661062,0.0,11.307586979800366,0.0,11.36441551303266,0.0,8.233009177321795,0.0
Kairo,315.74901960784314,0.0,16.35327502362943,0.0,335.9277378789677,0.0,252.0,0.0,166.02828949101453,0.0,12.567511005833284,0.0,15.874507866387544,0.0,10.582532959441076,0.0,684.0813422476126,0.0,227.3779289135219,0.0,170.86657729764838,0.0,9.092148288194933,0.0,15.951573244677437,0.0,2499.888289768626,0.0,2728.4188814138784,0.0,12.567511346904574,0.0,12.647439887015082,0.0,9.740821004385229,0.0
Kakao,373.78431372549016,0.0,17.663310599382484,0.0,327.89449435745047,0.0,235.0,0.0,155.24869866659898,0.0,12.283091280243562,0.0,15.329709716755891,0.0,10.253951727312398,0.0,693.4852165285909,0.0,275.92340934177344,0.0,202.30533183117936,0.0,4.909034877496681,0.0,23.749911864998793,0.0,7603.3590061625755,0.0,10092.934433967057,0.0,12.283091205253658,0.0,12.514816266733146,0.0,9.390285567094597,0.0
Kamin,387.9333333333334,0.0,18.16903627816294,0.0,396.5034477087059,0.0,328.0,0.0,227.5497524771974,0.0,14.53016518716411,0.0,18.110770276274835,0.0,12.773880195084985,0.0,682.9014566431902,0.0,363.4793066519299,0.0,256.28745524361864,0.0,5.197949964980127,0.0,12.611795722896598,0.0,8150.7100921077745,0.0,4922.810400379771,0.0,14.530166198170088,0.0,15.189911627167637,0.0,12.042011511664947,0.0
Kanal,345.35686274509806,0.0,17.149009295002347,0.0,323.8249061352112,0.0,239.0,0.0,157.46496884247077,0.0,12.245779825344501,0.0,15.459624833740307,0.0,10.338534645852448,0.0,709.6011046180319,0.0,244.24037610485817,0.0,216.6757761890004,0.0,8.000455225300511,0.0,15.327935388775597,0.0,7604.67894121048,0.0,10093.360653621194,0.0,12.245779817560978,0.0,12.682956233154385,0.0,9.5347812318555,0.0
Kanne,364.11764705882354,0.0,17.596322708355675,0.0,289.7953103406728,0.0,183.0,0.0,116.38003122370186,0.0,10.96918408055395,0.0,13.527749258468683,0.0,8.68879111482801,0.0,600.1364194435329,0.0,104.85923506604267,0.0,72.14014005481607,0.0,5.0482805017158,0.0,10.447737289037805,0.0,17848.254627771752,0.0,8526.08798965137,0.0,10.969184089654647,0.0,11.12632009571618,0.0,7.967981103599466,0.0
Kapfa,367.035294117647,0.0,17.609302529153304,0.0,353.70292873528354,0.0,262.0,0.0,178.81655057161356,0.0,13.16107787865687,0.0,16.186414056238647,0.0,11.20152222461817,0.0,1772.365352088007,0.0,473.4034999529974,0.0,432.51474957345874,0.0,6.237226934250281,0.0,25.813856405625174,0.0,21864.394727886764,0.0,5820.592519923862,0.0,13.161077968630297,0.0,13.456278346149373,0.0,10.391089143808935,0.0
Karat,309.98823529411766,0.0,16.170131140457,0.0,309.94610798978596,0.0,218.0,0.0,138.7883357262589,0.0,11.616990265996865,0.0,14.7648230602334,0.0,9.489670012437896,0.0,601.6245757401306,0.0,118.95472861981592,0.0,81.39527028772112,0.0,10.886988798888808,0.0,13.03694356337226,0.0,7607.106801594194,0.0,10092.986454047748,0.0,11.616990283419206,0.0,11.818179395230764,0.0,8.609641726000977,0.0
Karte,308.7176470588235,0.0,16.20113437677111,0.0,321.4351106321728,0.0,213.0,0.0,142.08393396601673,0.0,12.097690040642076,0.0,14.594519519326424,0.0,9.844661585819328,0.0,602.4016725478623,0.0,119.31526661580124,0.0,84.53970040645507,0.0,9.94135323689138,0.0,10.031190106803187,0.0,13874.187052934374,0.0,3399.7673058297837,0.0,12.09768992778756,0.0,11.720202530564555,0.0,9.07506575569565,0.0
Kasse,325.1764705882353,0.0,16.518295985614202,0.0,307.0770704878363,0.0,189.0,0.0,124.27512711817104,0.0,11.5316876492016,0.0,13.74772708486752,0.0,9.144147312799255,0.0,604.7710282553101,0.0,119.08454307828703,0.0,84.7457812443769,0.0,8.14982769470848,0.0,10.87368877671146,0.0,1657.7513285182727,0.0,4495.033050491649,0.0,11.531687763979745,0.0,10.926057061859066,0.0,8.244440418931624,0.0
Kasus,333.26666666666665,0.0,16.744250793646245,0.0,311.0332498048642,0.0,207.0,0.0,132.95713301042136,0.0,11.613763249083059,0.0,14.38749456993816,0.0,9.365490511110321,0.0,604.8489567264872,0.0,127.83467312216,0.0,90.49102814438342,0.0,7.710672490176866,0.0,14.146207752603942,0.0,39683.417254488326,0.0,3878.166565811868,0.0,11.613763237884069,0.0,11.401172694224682,0.0,8.41326478978041,0.0
Kater,308.71764705882356,0.0,16.20113437677111,0.0,304.00155926441425,0.0,201.0,0.0,128.45890201676548,0.0,11.421586786052663,0.0,14.177446878757825,0.0,9.156503274361944,0.0,601.2578406323479,0.0,112.58586073987077,0.0,77.52026431299538,0.0,10.978067098175863,0.0,10.696450076499504,0.0,2974.382389817507,0.0,1776.8404996407198,0.0,11.421586829977066,0.0,11.259577543166959,0.0,8.377304671006081,0.0
Katze,321.8862745098039,0.0,16.591149329177068,0.0,319.1464764561595,0.0,223.0,0.0,145.28137721592847,0.0,11.983097616498092,0.0,14.933184523068078,0.0,9.841429137785752,0.0,605.9471580286634,0.0,137.0024699387779,0.0,97.52386373075596,0.0,7.702782928499349,0.0,12.08918737018255,0.0,4601.330640703918,0.0,4336.834218691041,0.0,11.983097758358372,0.0,11.729860567319898,0.0,9.074354296949933,0.0
Kblqs,374.5450980392157,0.0,17.995679348161474,0.0,367.0685961751018,0.0,283.0,0.0,195.532289497239,0.0,13.663850166871088,0.0,16.822603841260722,0.0,11.867669558809926,0.0,7872209979810047.0,0.0,7800463371553962.0,0.0,7544671231436474.0,0.0,7.008765789597791,0.0,8612.759534393226,0.0,21143.640057531666,0.0,6004.034830130916,0.0,13.135849056886666,0.0,13.330223566499853,0.0,10.473208192188412,0.0
Kcrfc,294.9607843137255,0.0,15.7498452052956,0.0,339.5949864296739,0.0,235.0,0.0,157.22458911351606,0.0,12.583655169231083,0.0,15.329709716755891,0.0,10.37877274543296,0.0,949.6720211468792,0.0,166.69428255263142,0.0,124.09150967725711,0.0,10.402285684563685,0.0,62.30782121903021,0.0,21864.72448080135,0.0,5820.743946687513,0.0,12.58365506772028,0.0,12.246980834282521,0.0,9.551165865547866,0.0
Kcstp,328.2470588235294,0.0,16.6863122969089,0.0,355.25537530740826,0.0,254.0,0.0,174.17840592655745,0.0,13.1807624402031,0.0,15.937377450509228,0.0,11.091623616675747,0.0,6112.7607175233225,0.0,1121.2024587861715,0.0,1097.8837482221625,0.0,7.131458898547987,0.0,41.86234537000659,0.0,13874.108180612748,0.0,3399.8045301699885,0.0,13.180762387500561,0.0,12.871712645177723,0.0,10.185323973205044,0.0
Kedes,359.3607843137255,0.0,17.53008596325977,0.0,316.64865964185867,0.0,205.0,0.0,136.0798458550356,0.0,11.907387837154833,0.0,14.317821063276353,0.0,9.681512519433806,0.0,971.645236595953,0.0,224.38153725629965,0.0,189.70686534611775,0.0,7.41508976450543,0.0,12.990477730232445,0.0,2964.0223074735018,0.0,1776.5606487785806,0.0,11.907387858564517,0.0,11.996580104233056,0.0,8.888345249134607,0.0
Kehle,357.121568627451,0.0,17.54110940137886,0.0,339.43042097218625,0.0,239.0,0.0,163.5059281680405,0.0,12.811153996540925,0.0,15.459624833740307,0.0,10.736520681438861,0.0,616.3508873170878,0.0,147.83719239147067,0.0,117.38098129776034,0.0,7.191287074295056,0.0,12.550195059020838,0.0,24639.731000662607,0.0,13223.527416619674,0.0,12.811154920879414,0.0,12.774845828588125,0.0,10.03054524020338,0.0
Keian,336.9686274509804,0.0,16.965939146383864,0.0,314.1740492473981,0.0,220.0,0.0,141.9756768517568,0.0,11.823659611331305,0.0,14.832396974191326,0.0,9.673531513881917,0.0,602.6293124518166,0.0,122.44231735843276,0.0,83.87316705633062,0.0,6.299366527986544,0.0,12.414904158259976,0.0,7616.341523463546,0.0,10093.052194168857,0.0,11.823659518350297,0.0,11.755004163385177,0.0,8.85414173539482,0.0
Kekse,357.1058823529412,0.0,17.370182638815443,0.0,322.54087128724314,0.0,212.0,0.0,141.1872235729964,0.0,12.088492653415596,0.0,14.560219778561036,0.0,9.819112481223128,0.0,615.2820815071638,0.0,197.2247942296286,0.0,138.16261969858613,0.0,7.218351481851663,0.0,22.204713408234284,0.0,1659.5656254383855,0.0,4494.923008257221,0.0,12.088492743649491,0.0,11.66320544190362,0.0,9.00159974404913,0.0
Kelle,322.78431372549016,0.0,16.779669505905428,0.0,348.59652960467827,0.0,254.0,0.0,174.88847320475568,0.0,13.132627025155102,0.0,15.937377450509228,0.0,11.15028837512936,0.0,623.4426583909734,0.0,156.90971951042488,0.0,126.46605347965749,0.0,8.456210290066696,0.0,11.576936517519316,0.0,24639.77253784116,0.0,13223.872791522448,0.0,13.132628129542926,0.0,12.866909989444533,0.0,10.43858063958448,0.0
Kepfe,364.4941176470589,0.0,17.666203993854474,0.0,345.074226256853,0.0,236.0,0.0,161.51217034683538,0.0,12.842152355233159,0.0,15.362291495737216,0.0,10.674950492777565,0.0,1771.2079061611946,0.0,464.2374223794179,0.0,427.305859011887,0.0,6.50621733722966,0.0,22.899373637960952,0.0,21863.991338693402,0.0,5820.252410042981,0.0,12.842152363014906,0.0,12.816792243960641,0.0,9.920692599712462,0.0
Kerbe,348.57254901960783,0.0,17.28040895467776,0.0,307.06173199349416,0.0,185.0,0.0,121.29377131212752,0.0,11.499144410221042,0.0,13.601470508735444,0.0,9.026571256822919,0.0,643.7875666219951,0.0,119.56016580630207,0.0,83.91182137294622,0.0,5.336689038135293,0.0,15.384817221203456,0.0,20705.23011975058,0.0,4168.122477596078,0.0,11.499144476577344,0.0,11.11494850338206,0.0,8.2102958307724,0.0
Kereu,332.68235294117653,0.0,16.87186438323411,0.0,302.4108473933044,0.0,182.0,0.0,117.27435477712251,0.0,11.30590001965898,0.0,13.490737563232042,0.0,8.785444413917856,0.0,601.3198061120015,0.0,110.84680392990002,0.0,76.77307596779474,0.0,6.621578612714605,0.0,17.125658162991275,0.0,2970.6950829370094,0.0,1776.713040449892,0.0,11.305900080258693,0.0,10.768287440178947,0.0,7.962792429235234,0.0
Kerle,315.7450980392157,0.0,16.498477321886163,0.0,332.17477387492187,0.0,222.0,0.0,151.43407797702054,0.0,12.522703095256139,0.0,14.89966442575134,0.0,10.315897684131421,0.0,613.6701748059769,0.0,143.5498607289915,0.0,114.25894373849323,0.0,8.882494782332778,0.0,12.444738620040736,0.0,24640.013803762133,0.0,13223.553102110545,0.0,12.522703961217298,0.0,12.027189830581076,0.0,9.58779645566477,0.0
Kerne,335.77647058823527,0.0,16.93334559390705,0.0,291.99651235014215,0.0,172.0,0.0,109.98751134770075,0.0,10.986872518655149,0.0,13.114877048604,0.0,8.48065738958453,0.0,600.3794771824213,0.0,102.6222498192299,0.0,71.38452843516775,0.0,6.058903055562089,0.0,10.527597590681363,0.0,17848.580546177895,0.0,8526.107159167579,0.0,10.986872546559056,0.0,10.519184163566058,0.0,7.687812358293816,0.0
Kette,306.1882352941176,0.0,16.25172418617337,0.0,326.00837433175775,0.0,225.0,0.0,149.3490654344956,0.0,12.256966436753254,0.0,15.0,0.0,10.074291207507752,0.0,602.7678523245767,0.0,120.99028809740166,0.0,85.62966543695063,0.0,10.125953157965029,0.0,9.867067526152189,0.0,13873.98998436212,0.0,3399.0382166600916,0.0,12.25696634427558,0.0,11.93875692823676,0.0,9.301253493176917,0.0
Keute,331.4235294117647,0.0,16.890766048373422,0.0,321.1553220172672,0.0,217.0,0.0,142.6190890780742,0.0,12.044008340645746,0.0,14.730919862656235,0.0,9.79918295106373,0.0,602.372487624198,0.0,119.18554536323185,0.0,83.79646584273266,0.0,8.639361325106032,0.0,10.54511401363169,0.0,13873.74698795084,0.0,3398.969989279798,0.0,12.04400827191613,0.0,11.87198974822182,0.0,9.003463348981716,0.0
Kfckt,332.0980392156863,0.0,16.768943392903967,0.0,344.2075453456839,0.0,264.0,0.0,173.62798263269065,0.0,12.777549867957559,0.0,16.24807680927192,0.0,10.820935279317606,0.0,813.8632863008663,0.0,576.1388634402203,0.0,517.2025072279162,0.0,7.931456614872886,0.0,36.472870797054675,0.0,5977.1685424762845,0.0,5526.043416035645,0.0,12.777549856581667,0.0,12.889968842571376,0.0,9.950377143519278,0.0
Kfrls,304.7921568627451,0.0,16.161055043385637,0.0,367.00409639559746,0.0,284.0,0.0,194.28315988882116,0.0,13.63974058152641,0.0,16.852299546352718,0.0,11.706540114421406,0.0,820.0742895745655,0.0,575.438100767295,0.0,520.4020587093834,0.0,10.51756989143328,0.0,36.12637054639171,0.0,24642.93380802096,0.0,13224.547150724778,0.0,13.639741364026081,0.0,13.441118628851871,0.0,10.854166237250688,0.0
Kgmmc,471.15686274509807,0.0,19.933910412002096,0.0,485.8421157712023,0.0,421.0,0.0,304.3996601150683,0.0,16.777771179572106,0.0,20.518284528683193,0.0,15.138246111615706,0.0,98561.40898140678,0.0,9232.7799306751,0.0,6951.699012202324,0.0,6.333214605553187,0.0,72.55553509818265,0.0,4497.419687351549,0.0,735.3351968405026,0.0,16.777771501485464,0.0,17.989151748563263,0.0,14.377546798544447,0.0
Khkns,393.7803921568627,0.0,18.23475942711775,0.0,345.2597496754204,0.0,262.0,0.0,175.1907531242029,0.0,12.919621680287062,0.0,16.186414056238647,0.0,10.99310644370132,0.0,642.4112070136729,0.0,278.0312651472751,0.0,200.3455914636306,0.0,8.048632335531389,0.0,25.911520484967607,0.0,17851.03299500009,0.0,8526.185277535882,0.0,12.91962167154177,0.0,13.110039928822655,0.0,10.176020792500061,0.0
Khmhr,426.53725490196075,0.0,19.02085017167645,0.0,395.05774134209673,0.0,331.0,0.0,227.1682548255627,0.0,14.454223863790347,0.0,18.193405398660254,0.0,12.721203721456604,0.0,705.2321650815451,0.0,404.9475207894782,0.0,288.0108071539815,0.0,7.342271797689194,0.0,21.437682494532893,0.0,13284.72828738836,0.0,5769.531750053838,0.0,14.454223904976585,0.0,15.403456228738921,0.0,11.942345669997179,0.0
Kihni,345.22352941176473,0.0,17.258112000873066,0.0,336.54658477381855,0.0,264.0,0.0,172.86309803263373,0.0,12.640731246218715,0.0,16.24807680927192,0.0,10.774534635613081,0.0,796.545660092843,0.0,271.824105616581,0.0,203.9232229208349,0.0,7.108039097930104,0.0,19.53449857346986,0.0,17851.005472547065,0.0,8526.676461587787,0.0,12.640731263875576,0.0,13.047365459436628,0.0,9.938130975798497,0.0
Kilos,313.2313725490196,0.0,16.401120543859026,0.0,340.66262061952386,0.0,258.0,0.0,169.96235466409408,0.0,12.713668675389133,0.0,16.06237840420901,0.0,10.724889512778516,0.0,618.385572047873,0.0,148.003489130072,0.0,108.83557358483112,0.0,7.183373001490129,0.0,15.842884088211134,0.0,22552.640773571213,0.0,1529.9169052294283,0.0,12.713668633896843,0.0,12.537338348175691,0.0,9.819521088453754,0.0
Kimme,426.443137254902,0.0,19.07338627044519,0.0,457.0780441580339,0.0,394.0,0.0,280.9820918647486,0.0,16.120535198800884,0.0,19.849433241279208,0.0,14.429589196103775,0.0,1060.1712893656124,0.0,880.3218008314313,0.0,631.2220817332027,0.0,4.469872488469198,0.0,12.640315310212623,0.0,4500.53955361671,0.0,733.4027498215735,0.0,16.12053543086517,0.0,17.07255883704221,0.0,13.668767103213689,0.0
Kinos,333.2627450980392,0.0,16.838503322923145,0.0,321.30702768616595,0.0,231.0,0.0,148.91743044189644,0.0,12.020969846241663,0.0,15.198684153570664,0.0,9.903300632905466,0.0,608.2560305396962,0.0,133.61074489788305,0.0,93.9094799325513,0.0,6.409995948711873,0.0,15.269353953102577,0.0,22552.53966692102,0.0,1526.456060436787,0.0,12.020969889295683,0.0,12.025545098584134,0.0,9.006872533696896,0.0
Kinti,302.5882352941177,0.0,16.216961326924647,0.0,355.0630635608512,0.0,287.0,0.0,191.31409259500367,0.0,13.249147395493317,0.0,16.941074346097416,0.0,11.4273498401718,0.0,795.7640382430051,0.0,275.32078919394525,0.0,206.46787411655407,0.0,11.427483677535148,0.0,18.573311460727872,0.0,13876.961899834427,0.0,3400.9615648968966,0.0,13.249147182295868,0.0,13.48793577588688,0.0,10.603126872885587,0.0
Kipft,331.3843137254902,0.0,16.918566520779223,0.0,372.3099954394301,0.0,303.0,0.0,203.69512824691228,0.0,13.687599626074418,0.0,17.406895185529212,0.0,11.862059072095299,0.0,1771.5218247667121,0.0,465.94175568752416,0.0,428.04098548783827,0.0,9.146217605023002,0.0,22.89578748853047,0.0,21866.548246728467,0.0,5820.658849219213,0.0,13.687599857179917,0.0,14.104769899682132,0.0,11.02204758818786,0.0
Kippe,377.878431372549,0.0,18.02782803395029,0.0,339.7140282038106,0.0,234.0,0.0,159.02533646033265,0.0,12.677702137260816,0.0,15.297058540778355,0.0,10.57914663713249,0.0,2667.2515279066797,0.0,729.1111085199555,0.0,684.9899450520904,0.0,4.112717536512441,0.0,25.587929467205395,0.0,28940.05889524437,0.0,3079.5837972941486,0.0,12.677702190838302,0.0,12.743248110798193,0.0,9.797604275420602,0.0
Kippi,361.91372549019604,0.0,17.686416242204153,0.0,363.1113699503146,0.0,280.0,0.0,190.4677368054945,0.0,13.444445618237038,0.0,16.73320053068151,0.0,11.588225865595911,0.0,2717.3914934776953,0.0,770.0410626474232,0.0,710.3923058279717,0.0,6.026782401118109,0.0,29.361096775334868,0.0,28940.967491562908,0.0,3080.9007147258044,0.0,13.444445656899934,0.0,13.8082619679226,0.0,10.741747588919026,0.0
Kirdi,319.83137254901965,0.0,16.655618483458156,0.0,350.22217797625734,0.0,265.0,0.0,177.37192053359885,0.0,13.032619807543806,0.0,16.278820596099706,0.0,11.069097119974538,0.0,892.7821300983661,0.0,289.9523170576379,0.0,221.77734668813102,0.0,6.885635842596853,0.0,19.33067122569368,0.0,1001.4672336973091,0.0,7605.10098506051,0.0,13.032619804223787,0.0,12.959904176739789,0.0,10.193021111954309,0.0
Kiste,299.08235294117645,0.0,16.02482023343891,0.0,336.31480396335553,0.0,236.0,0.0,158.12099715255138,0.0,12.576982745057034,0.0,15.362291495737216,0.0,10.407713588731815,0.0,604.9893593177533,0.0,126.76785133316372,0.0,91.02917648791795,0.0,9.033572497460716,0.0,11.54117918802666,0.0,13875.043682161495,0.0,3399.514613451948,0.0,12.576982580422943,0.0,12.035316087649724,0.0,9.544484072397887,0.0
Klaga,376.4039215686274,0.0,17.868909205267183,0.0,355.0373274825841,0.0,263.0,0.0,178.82650300608444,0.0,13.138057813954173,0.0,16.217274740226856,0.0,11.194815866561703,0.0,4816.021457279375,0.0,372.75555981823607,0.0,278.2163385474022,0.0,4.407891721157419,0.0,18.8645517632829,0.0,25191.94847183386,0.0,9872.090203003556,0.0,13.138057827213078,0.0,13.07567232348145,0.0,10.255137695356257,0.0
Klage,375.1333333333333,0.0,17.896969860305955,0.0,347.14126019828575,0.0,243.0,0.0,165.5051716517699,0.0,12.861296837219534,0.0,15.588457268119896,0.0,10.789560568205832,0.0,4815.600174436802,0.0,361.739485053541,0.0,270.410250706382,0.0,4.386555639638176,0.0,14.742534067647599,0.0,25191.798831238746,0.0,9871.93562290262,0.0,12.861296856844184,0.0,12.6087569435203,0.0,9.912650720054948,0.0
Klaue,340.9921568627451,0.0,17.117644363587146,0.0,317.4610111425138,0.0,221.0,0.0,144.42756097441804,0.0,11.928753325419246,0.0,14.866068747318506,0.0,9.840133717634917,0.0,609.7696236527139,0.0,145.99394431774022,0.0,110.9370196071798,0.0,5.168208169442193,0.0,16.047686786706578,0.0,39684.20308002938,0.0,3879.541828654258,0.0,11.928753374358942,0.0,11.814245675502645,0.0,9.029459769422525,0.0
Kldbd,409.9490196078431,0.0,18.90170490429685,0.0,376.44117286963285,0.0,298.0,0.0,207.19766253844153,0.0,13.952788512509851,0.0,17.26267650163207,0.0,12.231650559258652,0.0,1974.8997134567435,0.0,475.98439591118375,0.0,429.64963562686984,0.0,4.205517402565881,0.0,23.904361772768084,0.0,20707.240679922314,0.0,4168.786316676137,0.0,13.952788637014198,0.0,14.483946374455144,0.0,11.425677116448453,0.0
Klebe,355.61176470588236,0.0,17.54907656908271,0.0,323.368622967997,0.0,215.0,0.0,143.83571740359983,0.0,12.129068690358912,0.0,14.66287829861518,0.0,9.937682632431377,0.0,650.7954036223541,0.0,144.56165553015978,0.0,110.780587520999,0.0,4.128760328263499,0.0,16.868545901673347,0.0,20706.693191105504,0.0,4168.375351701136,0.0,12.129068847462484,0.0,12.067430815296794,0.0,9.188512899855583,0.0
Kleck,343.0627450980392,0.0,17.09218779168845,0.0,345.4684279579534,0.0,257.0,0.0,172.30270876586832,0.0,12.855761193915528,0.0,16.0312195418814,0.0,10.911714926726347,0.0,681.7244910454864,0.0,350.7558711557137,0.0,252.48810882113222,0.0,6.068935971387349,0.0,17.823329145318404,0.0,443.24703320096177,0.0,1444.3225291455924,0.0,12.855761202788377,0.0,13.056022102019575,0.0,10.213982741756693,0.0
Kleid,342.83529411764704,0.0,17.290472694010262,0.0,371.7069680625718,0.0,290.0,0.0,201.5574120401866,0.0,13.828813509307416,0.0,17.029386365926403,0.0,12.02632727222159,0.0,1808.1271652064845,0.0,436.90593528951575,0.0,395.5101766892016,0.0,6.663152531502921,0.0,18.59312682890782,0.0,8153.200460513052,0.0,4922.79734989758,0.0,13.828814213627687,0.0,13.945366586075945,0.0,11.288918750733401,0.0
Kleus,331.435294117647,0.0,16.88855662474916,0.0,324.8922606398279,0.0,231.0,0.0,150.85725432318296,0.0,12.144228074258166,0.0,15.198684153570664,0.0,10.065416323581042,0.0,610.2857900525408,0.0,144.4030085155425,0.0,110.48977683843441,0.0,6.963224629560254,0.0,15.767061057315514,0.0,39684.63325593799,0.0,3878.7973206176525,0.0,12.144228124526093,0.0,12.154161206973434,0.0,9.238701441421044,0.0
Klfpp,382.32941176470587,0.0,18.166606456838096,0.0,375.4189874036733,0.0,291.0,0.0,200.3208568024721,0.0,13.823923036723057,0.0,17.05872210923198,0.0,11.9580929434231,0.0,6430.263698845232,0.0,1266.2049494714076,0.0,1229.8766183299847,0.0,5.187939142167244,0.0,40.32911480826676,0.0,28944.9096414248,0.0,3101.4486209558154,0.0,13.823923047755672,0.0,14.038687078646388,0.0,11.10929025098074,0.0
Klgßb,436.9450980392157,0.0,19.308548325722242,0.0,403.494907067447,0.0,329.0,0.0,229.3252060311612,0.0,14.613541106732928,0.0,18.138357147217054,0.0,12.88419702062422,0.0,2966.846523389237,0.0,480.5875451769047,0.0,359.20561579095994,0.0,4.0652696096262835,0.0,25.01682790118474,0.0,7657.33205219349,0.0,4043.9215413709694,0.0,14.613541156247894,0.0,15.087532086603952,0.0,11.978085378110086,0.0
Klima,367.9019607843137,0.0,17.764443143968847,0.0,420.59892445303353,0.0,362.0,0.0,253.50024689656928,0.0,15.205410612115733,0.0,19.026297590440446,0.0,13.552973736832172,0.0,1018.599559917177,0.0,822.6059891588263,0.0,593.3151141642551,0.0,4.948502222831117,0.0,18.294406841894986,0.0,4524.400018633772,0.0,738.1467542112443,0.0,15.205410851588535,0.0,15.816451292200151,0.0,12.740852315357198,0.0
Kljrl,303.5960784313726,0.0,16.29621467829922,0.0,395.2990106940747,0.0,333.0,0.0,228.6373107015484,0.0,14.447084382447708,0.0,18.24828759089466,0.0,12.743627928211666,0.0,101370.73093333966,0.0,6562.336031529365,0.0,5886.071803667218,0.0,10.953986154400077,0.0,54.054872817030585,0.0,2496.4244632694276,0.0,2736.0558131075377,0.0,14.447084401753731,0.0,14.515816004204757,0.0,11.924054601304304,0.0
Klntd,352.8392156862745,0.0,17.523821541400167,0.0,370.8998100618334,0.0,297.0,0.0,204.47505200015797,0.0,13.812276815948602,0.0,17.233687939614086,0.0,12.048306930584918,0.0,1807.3145373876648,0.0,433.6632282368092,0.0,393.27212009567825,0.0,6.012054997910545,0.0,19.361836430063143,0.0,13877.30425282611,0.0,3400.5024371188633,0.0,13.812276714423325,0.0,14.028603191666848,0.0,11.274683062895388,0.0
Klotz,317.61960784313726,0.0,16.5773380050165,0.0,361.9281474391681,0.0,288.0,0.0,193.4913859354062,0.0,13.4336585300004,0.0,16.97056274847714,0.0,11.560103611032934,0.0,754.2873788529497,0.0,632.7736650487097,0.0,429.1044475889441,0.0,8.896093442327876,0.0,22.89899898519701,0.0,13877.71792204328,0.0,3400.7070535702146,0.0,13.433658364235567,0.0,13.540011143162559,0.0,10.672779168298327,0.0
Klqgd,428.25098039215686,0.0,19.25164223036404,0.0,395.2370970823797,0.0,308.0,0.0,217.8497127042434,0.0,14.437543279912038,0.0,17.549928774784245,0.0,12.670096842495484,0.0,7872209979810047.0,0.0,7800463371553962.0,0.0,7544671231436474.0,0.0,5.21752623862007,0.0,80.49519248373626,0.0,25192.321499478374,0.0,9871.949662407811,0.0,13.94076878309822,0.0,14.204735643900891,0.0,11.237718155067736,0.0
Klumm,441.65098039215684,0.0,19.45659114206971,0.0,480.7271127078417,0.0,439.0,0.0,311.95270255519324,0.0,16.734543724825613,0.0,20.952326839756964,0.0,15.197620082202567,0.0,1122.6406349405693,0.0,940.5191206050296,0.0,674.109464852704,0.0,7.995086295326984,0.0,18.337592775482044,0.0,4512.650593023383,0.0,742.1850896508856,0.0,16.734543796004992,0.0,18.085131211939572,0.0,14.39220740086866,0.0
Klung,393.1372549019608,0.0,18.39606463774505,0.0,354.99447784571777,0.0,273.0,0.0,181.9269622037102,0.0,13.10827245931434,0.0,16.522711641858304,0.0,11.20132969937888,0.0,6096.851589724961,0.0,589.9372413799459,0.0,450.194751712587,0.0,6.063127921064312,0.0,17.977588334246303,0.0,17851.7588455586,0.0,8526.399204300038,0.0,13.108272472114063,0.0,13.428646028727957,0.0,10.299688881001677,0.0
Klöße,389.0980392156863,0.0,18.16109551306102,0.0,361.0032649766438,0.0,274.0,0.0,187.32609672785287,0.0,13.403031261790014,0.0,16.55294535724685,0.0,11.507580256869595,0.0,840.0755127471201,0.0,949.6119644398993,0.0,567.5632153883981,0.0,3.702231722592483,0.0,33.92582605999056,0.0,7660.585143351646,0.0,4046.5853639775314,0.0,13.4030314127084,0.0,13.65334525638314,0.0,10.713062227628166,0.0
Kmgml,475.79215686274506,0.0,20.14563775342241,0.0,514.9789864980781,0.0,461.0,0.0,335.311086180717,0.0,17.517120598609882,0.0,21.470910553583888,0.0,15.943420727700145,0.0,3183.0598452990857,0.0,1316.8554070643804,0.0,962.5901130876588,0.0,6.0395398670346605,0.0,24.78703286105823,0.0,4506.106201907417,0.0,747.866784480975,0.0,17.51712068599505,0.0,18.70860745905582,0.0,15.083058840492413,0.0
Knabe,376.91372549019604,0.0,17.93055809211776,0.0,316.1226298916774,0.0,214.0,0.0,141.41619381390888,0.0,11.912674170168918,0.0,14.628738838327793,0.0,9.780997407173754,0.0,646.6223043259091,0.0,144.69028795458374,0.0,103.37417014634194,0.0,4.7419091326727125,0.0,19.698573142441187,0.0,20706.514636232077,0.0,4168.719267485481,0.0,11.912674201431347,0.0,11.965199730771765,0.0,8.993667367160446,0.0
Knall,335.2392156862745,0.0,17.03372866818675,0.0,371.38699272480073,0.0,305.0,0.0,210.64528434080194,0.0,13.916876111969854,0.0,17.46424919657298,0.0,12.259014281616778,0.0,722.8638267447857,0.0,271.34344711107167,0.0,239.62474567459293,0.0,10.420014752288443,0.0,19.096377077909494,0.0,24641.96979059212,0.0,13224.233243366501,0.0,13.916877066344831,0.0,14.108410810298004,0.0,11.486064138892893,0.0
Knapf,376.9490196078432,0.0,17.907690168373875,0.0,346.108032593996,0.0,265.0,0.0,175.99215849450056,0.0,12.856086546021979,0.0,16.278820596099706,0.0,10.986780849042255,0.0,2106.3811554992913,0.0,675.3522846077017,0.0,607.5846333727777,0.0,5.2874646472218645,0.0,25.34164686282975,0.0,28941.45683122712,0.0,3080.713243074297,0.0,12.856086547929422,0.0,13.304351342969987,0.0,10.124636157228107,0.0
Knast,327.5019607843137,0.0,16.66069420093919,0.0,327.02877384914945,0.0,250.0,0.0,162.57734659256744,0.0,12.291031098499328,0.0,15.811388300841896,0.0,10.389157545991178,0.0,606.0577811729032,0.0,139.880950987836,0.0,99.61999096645113,0.0,12.048025876878167,0.0,15.890792743074401,0.0,1695.4503279928956,0.0,4496.089324102338,0.0,12.291031164289716,0.0,12.512941600315253,0.0,9.512000111465577,0.0
Knauf,358.35686274509806,0.0,17.473584391309068,0.0,331.4521396616358,0.0,253.0,0.0,163.3384498877137,0.0,12.327752703935001,0.0,15.905973720586866,0.0,10.400933987005047,0.0,671.218654955524,0.0,354.9884876822927,0.0,271.42851638979266,0.0,6.985062108592597,0.0,21.282905055532385,0.0,39684.58222789901,0.0,3879.4605816178855,0.0,12.32775269171964,0.0,12.749268361381686,0.0,9.523349667171024,0.0
Knaut,343.878431372549,0.0,17.14317885676046,0.0,319.359464494745,0.0,242.0,0.0,154.74673974467282,0.0,11.978375634150826,0.0,15.556349186104045,0.0,10.055006574177877,0.0,604.5166988140602,0.0,138.17729314611026,0.0,97.58620387733048,0.0,9.720321890388648,0.0,17.940943688537526,0.0,39684.61572168002,0.0,3879.254910805567,0.0,11.978375624785286,0.0,12.381366555112878,0.0,9.201168109586922,0.0
Kniff,330.36470588235295,0.0,16.86400405697074,0.0,376.6314047039818,0.0,313.0,0.0,209.43122944076515,0.0,13.796335648731933,0.0,17.69180601295413,0.0,11.993181985351903,0.0,678.8962770361786,0.0,373.3752157141009,0.0,286.5591450460138,0.0,9.357924162361346,0.0,22.90760668743642,0.0,21871.530182835944,0.0,5821.194660128961,0.0,13.796335838364353,0.0,14.144556607177076,0.0,11.149756164260019,0.0
Knips,354.09411764705885,0.0,17.404819317831237,0.0,343.5682509729038,0.0,259.0,0.0,172.68234025128953,0.0,12.833871621290701,0.0,16.09347693943108,0.0,10.90405710837737,0.0,2086.553883240347,0.0,591.2873835098821,0.0,552.5990997106927,0.0,6.723154254960509,0.0,26.246889247334224,0.0,28944.879299837525,0.0,3080.7213076449552,0.0,12.833871588191679,0.0,12.967351285580676,0.0,10.070787692190681,0.0
Knmst,377.1960784313726,0.0,17.912373751410694,0.0,391.1352386306229,0.0,329.0,0.0,224.15112849534927,0.0,14.29266511731734,0.0,18.138357147217054,0.0,12.566047360361397,0.0,683.1505711730689,0.0,361.6459086101261,0.0,254.87373971649987,0.0,10.173123648856613,0.0,17.109238553047977,0.0,1705.033405929698,0.0,4495.822876330408,0.0,14.292665198621338,0.0,15.078986833102356,0.0,11.738638470773964,0.0
Knupf,383.7686274509804,0.0,18.14400213660857,0.0,348.42201991964913,0.0,268.0,0.0,176.4265378121978,0.0,12.878711225583475,0.0,16.3707055437449,0.0,10.956052039074978,0.0,2106.120050051043,0.0,673.6596381980133,0.0,606.5384407104343,0.0,5.149424080034213,0.0,25.738366735334584,0.0,28941.904830851647,0.0,3079.502914073359,0.0,12.878711240472553,0.0,13.394473752097525,0.0,10.086101553581063,0.0
Koaps,365.99607843137255,0.0,17.550090448213776,0.0,331.62280481088476,0.0,237.0,0.0,157.97013517948025,0.0,12.415677582123646,0.0,15.394804318340652,0.0,10.427507194693856,0.0,2088.533450183618,0.0,593.3541568424083,0.0,553.614008996646,0.0,5.774053675952549,0.0,24.78465380107164,0.0,28940.238741153895,0.0,3080.451494370872,0.0,12.415677591497479,0.0,12.643643015885713,0.0,9.532674913029133,0.0
Kobra,355.6941176470588,0.0,17.351986237156577,0.0,342.618692396287,0.0,252.0,0.0,169.59331012530743,0.0,12.796224349700436,0.0,15.874507866387544,0.0,10.814383626166382,0.0,632.4609302937696,0.0,175.0036253556166,0.0,126.92844491519763,0.0,8.208338173864256,0.0,18.297946374741365,0.0,2460.0018753409145,0.0,2727.3457597145093,0.0,12.796224659371147,0.0,13.08662050431995,0.0,9.939964688923677,0.0
Kobro,360.27450980392155,0.0,17.480776501553652,0.0,348.0980161433761,0.0,258.0,0.0,174.00004222912256,0.0,12.950827251329143,0.0,16.06237840420901,0.0,10.975518221734296,0.0,707.1031237375759,0.0,241.9647324102613,0.0,182.53949675050728,0.0,7.362106325482375,0.0,17.477333279976918,0.0,2462.417894114025,0.0,2727.5810223359285,0.0,12.950827566943788,0.0,13.309314900038316,0.0,10.095517776030242,0.0
Kodex,375.73333333333335,0.0,17.90441449584604,0.0,339.00648186423984,0.0,248.0,0.0,165.92922880482294,0.0,12.691983095819786,0.0,15.748015748023622,0.0,10.717658801198594,0.0,993.8614872983735,0.0,328.23831885007706,0.0,262.8914102790316,0.0,5.708005106389585,0.0,68.16180868350261,0.0,2970.586497338311,0.0,1777.5575321303972,0.0,12.691983110812055,0.0,13.105943896412162,0.0,9.890091953016086,0.0
Kofor,333.62745098039215,0.0,16.78937022971666,0.0,332.59022676884854,0.0,240.0,0.0,156.7116269455621,0.0,12.356201783621325,0.0,15.491933384829668,0.0,10.239540351673812,0.0,625.3258318585139,0.0,185.98350267024458,0.0,139.94691445391305,0.0,9.80553864852762,0.0,20.698433207692545,0.0,22557.11772583153,0.0,1568.320442232893,0.0,12.356201700363084,0.0,12.40828750077345,0.0,9.311241966667188,0.0
Kofra,329.0470588235294,0.0,16.655234372043434,0.0,344.99464008267614,0.0,259.0,0.0,172.44176431928517,0.0,12.841879781741891,0.0,16.09347693943108,0.0,10.83766373250807,0.0,623.8209588708713,0.0,201.25629708684505,0.0,151.61578436248044,0.0,9.142958732239718,0.0,22.40871888469313,0.0,2507.840363788061,0.0,2750.7769697105186,0.0,12.841880117457714,0.0,12.919279283589963,0.0,9.94485202782982,0.0
Kohle,362.97254901960787,0.0,17.64009710175438,0.0,349.67310393181214,0.0,256.0,0.0,176.42322184419936,0.0,13.15871093775441,0.0,16.0,0.0,11.18260478116477,0.0,625.35444108196,0.0,163.81886468528728,0.0,128.30859303601935,0.0,7.450255594714555,0.0,13.227237628682037,0.0,24640.093019969267,0.0,13223.630720506877,0.0,13.158711899776334,0.0,13.303007502284117,0.0,10.450078291764086,0.0
Kokon,388.278431372549,0.0,18.085256250777483,0.0,335.76696886080333,0.0,239.0,0.0,159.42251162861047,0.0,12.55029203951488,0.0,15.459624833740307,0.0,10.435494752469767,0.0,627.8693382771111,0.0,216.9772287256093,0.0,152.63651008094,0.0,4.004440033992502,0.0,24.388816101467217,0.0,22551.718460373533,0.0,1525.0493410243703,0.0,12.550291995493097,0.0,12.459299554809194,0.0,9.57804019852676,0.0
Kombi,405.30980392156863,0.0,18.613821226127,0.0,402.947080734671,0.0,334.0,0.0,231.31107190105396,0.0,14.619009003410238,0.0,18.275666882497067,0.0,12.883613541937617,0.0,892.2585272037913,0.0,441.1489875843783,0.0,318.6685668463321,0.0,6.395970774746024,0.0,22.217330953588394,0.0,20707.121340002526,0.0,4168.987272699991,0.0,14.619008993552857,0.0,15.568522821692426,0.0,12.035055718572854,0.0
Komet,380.1490196078432,0.0,17.98709093253553,0.0,374.6015945190237,0.0,292.0,0.0,199.02455978273426,0.0,13.747798122408495,0.0,17.08800749063506,0.0,11.85363827457558,0.0,687.2325439132527,0.0,360.01619535127526,0.0,253.36624129118127,0.0,8.913508359584123,0.0,12.479188141997652,0.0,2973.5356960513254,0.0,1777.3825368025225,0.0,13.747798136160409,0.0,14.566410407327487,0.0,11.064711256756503,0.0
Komma,449.52941176470586,0.0,19.45420830268742,0.0,461.31971082205007,0.0,402.0,0.0,287.8593807464709,0.0,16.258939400146073,0.0,20.049937655763422,0.0,14.627194616515453,0.0,1066.983709801976,0.0,887.2941984589125,0.0,636.4660289822909,0.0,3.821096062034131,0.0,15.575464375547368,0.0,4497.068645916108,0.0,733.738663876308,0.0,16.258939748057156,0.0,17.44931654857263,0.0,13.81118382871916,0.0
Konak,383.6980392156863,0.0,17.960801010352714,0.0,336.8659243230711,0.0,258.0,0.0,170.66948593503622,0.0,12.616913153840239,0.0,16.06237840420901,0.0,10.771271379334571,0.0,670.4141069788031,0.0,351.820718337286,0.0,249.3670988870569,0.0,4.059342601753035,0.0,17.285141035238578,0.0,7605.7781113451665,0.0,10093.041610640299,0.0,12.61691307860012,0.0,13.23136562528935,0.0,10.016682050406443,0.0
Kongo,405.5960784313726,0.0,18.51509105280283,0.0,347.32436683707664,0.0,245.0,0.0,165.9351343087437,0.0,12.84308290675113,0.0,15.652475842498529,0.0,10.7635256228454,0.0,4826.436827629416,0.0,402.6280142246783,0.0,300.78780455813035,0.0,3.2000021220577954,0.0,15.12717447178441,0.0,25190.779458953086,0.0,9871.57388261956,0.0,12.843082885660882,0.0,13.082073522291472,0.0,9.838159048389683,0.0
Kopie,357.0470588235294,0.0,17.481705931957165,0.0,349.0750298129976,0.0,249.0,0.0,171.71670075706317,0.0,13.072985517616468,0.0,15.7797338380595,0.0,11.04126013954702,0.0,1772.7403020335792,0.0,459.34223127162176,0.0,423.4571256552073,0.0,8.256517046940086,0.0,21.867557248156707,0.0,8147.893243913975,0.0,4922.421459070578,0.0,13.072986370431027,0.0,13.24743316957988,0.0,10.29197098088556,0.0
Koreh,355.9333333333334,0.0,17.372837159563282,0.0,321.4468656606746,0.0,203.0,0.0,136.197802344908,0.0,12.063162069587621,0.0,14.247806848775006,0.0,9.690114396513566,0.0,642.648193132184,0.0,262.32700863635984,0.0,187.96676743128734,0.0,6.091922834846621,0.0,18.03294015708769,0.0,2972.2743647884868,0.0,1778.535932276148,0.0,12.063162136765825,0.0,11.709710636054812,0.0,8.912315900884872,0.0
Kpdnp,432.1960784313726,0.0,19.2728369808462,0.0,362.3782562108024,0.0,278.0,0.0,192.74163617223005,0.0,13.558495779601826,0.0,16.673332000533065,0.0,11.805140648189445,0.0,6462.817660689356,0.0,1486.267491099992,0.0,1430.2846005997192,0.0,3.344095491700896,0.0,45.1064583281551,0.0,17849.176754211883,0.0,8526.461282758057,0.0,13.55849576453314,0.0,14.357356175507352,0.0,11.025797307610228,0.0
Krach,337.8705882352941,0.0,16.849308372103103,0.0,328.6895395053699,0.0,226.0,0.0,150.24248078562886,0.0,12.316891733684372,0.0,15.033296378372908,0.0,10.138225491491848,0.0,651.0444202074293,0.0,266.0834739325701,0.0,190.63724750779798,0.0,5.84051973186014,0.0,14.646984551672645,0.0,478.50898550367367,0.0,1448.1461550372373,0.0,12.316891720935061,0.0,11.996556758126815,0.0,9.31447991663928,0.0
Kraft,306.0509803921568,0.0,16.13228808800067,0.0,354.9927542784869,0.0,282.0,0.0,187.31449926393014,0.0,13.160658206595576,0.0,16.792855623746664,0.0,11.291866953623067,0.0,612.750099982329,0.0,183.24800448253626,0.0,136.12100056263094,0.0,9.989703569007856,0.0,15.084611331374557,0.0,21867.349424572916,0.0,5821.353006863536,0.0,13.160658367359416,0.0,13.217159519717326,0.0,10.418196111476515,0.0
Krahz,348.63529411764705,0.0,17.199332980637774,0.0,328.10328744716406,0.0,247.0,0.0,160.44940650086875,0.0,12.335076381712675,0.0,15.716233645501712,0.0,10.349718167128252,0.0,745.138789293485,0.0,625.4380337831553,0.0,420.96581907660004,0.0,4.313330152073418,0.0,24.952368727641915,0.0,13284.774297133625,0.0,5769.991316798938,0.0,12.335076522310517,0.0,12.379544765818377,0.0,9.446083775205219,0.0
Krant,319.9019607843137,0.0,16.494574038234713,0.0,316.11621106942545,0.0,236.0,0.0,150.99743647802438,0.0,11.897952038467848,0.0,15.362291495737216,0.0,9.940359148863653,0.0,603.7395089891047,0.0,133.23620149567,0.0,94.1871981467276,0.0,7.973378431288738,0.0,12.421620377860345,0.0,17851.848961721098,0.0,8526.78428907147,0.0,11.897952049701633,0.0,12.020236775641491,0.0,9.061417798679484,0.0
Krdnt,345.79999999999995,0.0,17.25476069460889,0.0,334.22562086459646,0.0,257.0,0.0,168.8528071404472,0.0,12.561199816715437,0.0,16.0312195418814,0.0,10.708061761476252,0.0,972.255967884999,0.0,229.98411851069181,0.0,193.10087421078555,0.0,7.08952304616193,0.0,15.283366073208496,0.0,17851.996642190115,0.0,8526.457005709122,0.0,12.561199830361234,0.0,12.993485148920488,0.0,9.871399618783107,0.0
Krech,336.6,0.0,16.879064150978312,0.0,324.49530033125166,0.0,210.0,0.0,140.1595613942489,0.0,12.141058528882027,0.0,14.491376746189438,0.0,9.815272311974972,0.0,650.0220995338551,0.0,260.20015532422866,0.0,186.6431741450969,0.0,5.9309876294911295,0.0,14.822557592702756,0.0,473.0721867875591,0.0,1445.5060877473877,0.0,12.141058523044043,0.0,11.755046598949178,0.0,9.052796183708887,0.0
Krenk,360.6901960784313,0.0,17.487415588359976,0.0,332.2655776667002,0.0,244.0,0.0,161.4519514841889,0.0,12.451912029959596,0.0,15.620499351813308,0.0,10.497729478057435,0.0,663.2299610235449,0.0,346.1859871804832,0.0,246.0122387625076,0.0,4.996719968144161,0.0,16.617096832341115,0.0,17851.64069385699,0.0,8526.340128281083,0.0,12.45191203801837,0.0,12.524058717332505,0.0,9.789130512512186,0.0
Krenz,333.0588235294118,0.0,16.888632204285866,0.0,316.0073342859213,0.0,219.0,0.0,141.57969302176906,0.0,11.869166525105571,0.0,14.798648586948742,0.0,9.702297661307584,0.0,743.791183660282,0.0,622.3975617528755,0.0,418.75198932740756,0.0,5.154443689334171,0.0,23.68997379270189,0.0,17852.100279906925,0.0,8526.36787071551,0.0,11.869166542346587,0.0,11.67534806825958,0.0,8.859351012606034,0.0
Kreta,308.71764705882356,0.0,16.20113437677111,0.0,335.1853166648351,0.0,237.0,0.0,159.5276004374856,0.0,12.582219643221944,0.0,15.394804318340652,0.0,10.481075677594687,0.0,607.6606948657532,0.0,158.46322406812524,0.0,114.8609848098761,0.0,8.490169633498768,0.0,16.89384180905717,0.0,13876.488768074225,0.0,3400.218362238543,0.0,12.582219509662986,0.0,12.277150456935086,0.0,9.661136857274094,0.0
Kreuz,329.964705882353,0.0,16.826987623909222,0.0,320.9707029296719,0.0,222.0,0.0,143.39487716563409,0.0,11.96981191382376,0.0,14.89966442575134,0.0,9.763128019415516,0.0,744.4370145007287,0.0,623.2671154682826,0.0,419.31666971074355,0.0,5.5084372897459914,0.0,24.398658863513923,0.0,39684.89308677115,0.0,3878.924258257606,0.0,11.969811946319341,0.0,11.722621608262196,0.0,8.893287054518487,0.0
Krgtc,336.19607843137254,0.0,16.877613144391873,0.0,363.28387037163066,0.0,266.0,0.0,181.49359946509446,0.0,13.361927510687623,0.0,16.30950643030009,0.0,11.299486559428637,0.0,2980.246629772226,0.0,245.50371462545166,0.0,178.34816634438593,0.0,9.580558649061013,0.0,60.68929280247482,0.0,13876.478100687495,0.0,3400.1533386804163,0.0,13.36192739197439,0.0,13.246376771730992,0.0,10.393332676081025,0.0
Krimi,343.62745098039215,0.0,17.176385978840766,0.0,426.3800818832325,0.0,368.0,0.0,257.1847537835622,0.0,15.330164171855218,0.0,19.183326093250876,0.0,13.656516666293605,0.0,1138.7497448256952,0.0,852.4274731452907,0.0,616.372125865512,0.0,6.160268015123011,0.0,20.63699715329793,0.0,4529.302128303348,0.0,741.7993150025544,0.0,15.33016441932805,0.0,15.828652208772322,0.0,12.826352668549035,0.0
Krims,351.3058823529411,0.0,17.27505374051824,0.0,414.6082288081608,0.0,348.0,0.0,242.25496617854526,0.0,14.982409233293243,0.0,18.65475810617763,0.0,13.23103291730579,0.0,1014.2608266355711,0.0,817.2555651306703,0.0,588.1126153516261,0.0,5.59887315189299,0.0,15.800301187118205,0.0,4526.785378866494,0.0,738.3050320954674,0.0,14.982409521925186,0.0,15.36723761047379,0.0,12.39968182601071,0.0
Kripo,341.16078431372546,0.0,17.067755155600242,0.0,347.0382685512901,0.0,256.0,0.0,171.96367184649088,0.0,12.918043977144292,0.0,16.0,0.0,10.92163473789755,0.0,2110.880144461638,0.0,618.6602355939855,0.0,570.3260277984475,0.0,5.314629362402025,0.0,25.96915394956719,0.0,28944.544309640674,0.0,3081.2752176352096,0.0,12.918043971344279,0.0,12.82315695524902,0.0,10.043202889631942,0.0
Krise,300.34117647058827,0.0,16.004895925290878,0.0,326.6762939419468,0.0,226.0,0.0,149.41250662946894,0.0,12.246720891888994,0.0,15.033296378372908,0.0,10.05799308912594,0.0,606.0757820473959,0.0,130.8373268759118,0.0,93.24559562350449,0.0,8.106977306025092,0.0,12.267416281217388,0.0,1743.3482346835383,0.0,4496.425301080854,0.0,12.246720991226464,0.0,11.635128758320864,0.0,9.211119461306696,0.0
Krkmb,424.45098039215685,0.0,18.972475662301747,0.0,439.16466163943505,0.0,368.0,0.0,262.59148789525443,0.0,15.662701913124872,0.0,19.183326093250876,0.0,13.949192427709258,0.0,1184.781572275184,0.0,880.1430050396935,0.0,640.6430772839855,0.0,5.12605917060544,0.0,30.474421515603737,0.0,4507.623050791043,0.0,735.8314297646771,0.0,15.662702126360573,0.0,16.110101358631916,0.0,13.12751094953155,0.0
Krlth,324.0901960784314,0.0,16.724985395687703,0.0,372.1956658102047,0.0,293.0,0.0,201.31222991856748,0.0,13.83774073419025,0.0,17.11724276862369,0.0,11.935996780059867,0.0,647.3609966920737,0.0,274.57682686013584,0.0,199.59570316645207,0.0,7.299225317286782,0.0,19.46381133175154,0.0,13878.625191045154,0.0,3402.397620255199,0.0,13.837740651080402,0.0,13.52887326961714,0.0,11.138824442006104,0.0
Krmns,378.4549019607843,0.0,17.894551223084257,0.0,378.50947891966223,0.0,303.0,0.0,206.2622093696254,0.0,13.912957438198768,0.0,17.406895185529212,0.0,12.078969926789298,0.0,682.2639642829184,0.0,361.6205744424543,0.0,254.96374834908494,0.0,5.842867232830655,0.0,16.059075667152015,0.0,17852.31531712461,0.0,8526.742910176821,0.0,13.912957443399685,0.0,14.396414297174298,0.0,11.250607602942925,0.0
Krnns,338.6745098039216,0.0,16.956957065635265,0.0,313.3303176810138,0.0,222.0,0.0,143.01407380755722,0.0,11.81754714608544,0.0,14.89966442575134,0.0,9.721250327151287,0.0,603.863554739946,0.0,129.43552197359296,0.0,92.41871930602701,0.0,5.891787777899989,0.0,14.357751581141516,0.0,17851.8331686132,0.0,8526.430182425482,0.0,11.817547149847723,0.0,11.781507525972565,0.0,8.880643437810889,0.0
Krnss,319.2039215686275,0.0,16.40579646441099,0.0,325.9629956791689,0.0,233.0,0.0,152.65986479931684,0.0,12.232811060138307,0.0,15.264337522473747,0.0,10.125128840991891,0.0,606.1995804900662,0.0,135.316084797339,0.0,97.03368499022223,0.0,8.41579104356809,0.0,14.259329174362131,0.0,1699.134205554449,0.0,4495.947677759366,0.0,12.232811102193727,0.0,11.966014102996514,0.0,9.234984244975035,0.0
Krntj,315.3294117647059,0.0,16.47378727102952,0.0,374.48746614030927,0.0,301.0,0.0,204.85003584799352,0.0,13.811939391148217,0.0,17.349351572897472,0.0,11.993564248515405,0.0,1542015.4888388787,0.0,88376.37066602187,0.0,76060.61545962037,0.0,8.888085980311935,0.0,199.3163889916561,0.0,13880.788006865047,0.0,3406.2456957788067,0.0,13.81193922259824,0.0,13.881588336434048,0.0,11.200266033129068,0.0
Krtht,315.7921568627451,0.0,16.462252325668775,0.0,331.18496469669367,0.0,259.0,0.0,166.94858623986272,0.0,12.421556631494742,0.0,16.09347693943108,0.0,10.494849230167244,0.0,603.7833559038161,0.0,128.83965130709936,0.0,90.90500614011403,0.0,7.401855436700226,0.0,15.424168532134113,0.0,13285.558499483195,0.0,5769.287360671723,0.0,12.421556804020618,0.0,12.636659143694027,0.0,9.628884957047324,0.0
Kruhs,349.8862745098039,0.0,17.23527716432725,0.0,324.6187154509664,0.0,239.0,0.0,153.9096008722605,0.0,12.162165559768804,0.0,15.459624833740307,0.0,10.089317433560845,0.0,604.7081315707824,0.0,134.02489270462866,0.0,95.14164338915212,0.0,4.666047093669929,0.0,17.129522037647945,0.0,13285.254656824183,0.0,5769.321055213117,0.0,12.162165709822643,0.0,12.25005680858335,0.0,9.187701150238063,0.0
Kruns,335.5803921568628,0.0,16.89556177489669,0.0,316.71700146384194,0.0,227.0,0.0,145.1228067845408,0.0,11.871890984118354,0.0,15.066519173319364,0.0,9.759932663850579,0.0,604.1486085142097,0.0,131.39618300066596,0.0,93.27285630883993,0.0,5.962110843138178,0.0,14.840534488036798,0.0,17852.49417599645,0.0,8526.399262871117,0.0,11.871890991393416,0.0,11.78391993619084,0.0,8.858886570760596,0.0
Krvtn,313.47843137254904,0.0,16.374957202253224,0.0,353.54419793449955,0.0,273.0,0.0,183.27290179999136,0.0,13.192824609810089,0.0,16.522711641858304,0.0,11.220717493023487,0.0,619.5844250628962,0.0,193.31731578938417,0.0,142.44893503768907,0.0,7.8650141084153145,0.0,19.505153594072787,0.0,13879.31821196821,0.0,3400.051523445616,0.0,13.192824551200692,0.0,12.653782365154331,0.0,10.364534608737662,0.0
Kröte,325.81176470588235,0.0,16.636041990751032,0.0,345.5833279622271,0.0,243.0,0.0,165.20043471992028,0.0,12.876898087660527,0.0,15.588457268119896,0.0,10.745721534014994,0.0,799.3125311061083,0.0,902.4441292028101,0.0,527.3019400805872,0.0,7.473516226523645,0.0,33.09672018960515,0.0,13879.047096375494,0.0,3404.03593360306,0.0,12.876897979990963,0.0,12.594820819330716,0.0,9.91941337203004,0.0
Kshlm,399.80000000000007,0.0,18.47071437449123,0.0,426.41068660813517,0.0,367.0,0.0,258.74291121627715,0.0,15.402853316490603,0.0,19.157244060668017,0.0,13.75963299588599,0.0,827.0700511146104,0.0,558.8614469631425,0.0,411.47222071111474,0.0,5.079071837094284,0.0,23.50494316707402,0.0,24641.915908505718,0.0,13224.172204150173,0.0,15.40285409082422,0.0,16.267138854015176,0.0,12.975713686216245,0.0
Kstzt,295.18431372549026,0.0,15.931485369132954,0.0,341.7564338101565,0.0,272.0,0.0,176.4266245387753,0.0,12.717385501224514,0.0,16.492422502470642,0.0,10.820953014618345,0.0,665.8455962491972,0.0,304.39585003153826,0.0,240.7138075960784,0.0,11.35621120323885,0.0,21.207976244729686,0.0,4607.699968607225,0.0,4336.996531377495,0.0,12.717385553222426,0.0,12.696348011155223,0.0,9.932027180283667,0.0
Kthxb,375.03921568627453,0.0,17.92839403215156,0.0,371.0832106428383,0.0,300.0,0.0,203.3707045336286,0.0,13.728163105357204,0.0,17.320508075688775,0.0,11.927930918768553,0.0,861.7012440465943,0.0,337.68927621750265,0.0,265.7851163014013,0.0,3.9698505706213023,0.0,179.0226742151419,0.0,32641.833296523626,0.0,1966.0613462597676,0.0,13.728163125484404,0.0,13.933540138105643,0.0,11.082199809424818,0.0
Kubul,371.79215686274506,0.0,17.972249530091023,0.0,351.65758466522175,0.0,270.0,0.0,181.8636148542921,0.0,13.105453228473069,0.0,16.431676725154983,0.0,11.253743994187555,0.0,726.4126295637695,0.0,252.81301249347737,0.0,223.04759747829965,0.0,7.490016495032753,0.0,17.64717675971385,0.0,39684.18276426617,0.0,3880.2062298571095,0.0,13.105453221691931,0.0,13.4902089524309,0.0,10.417768797631197,0.0
Kubus,372.3529411764706,0.0,17.864824570637087,0.0,333.1317523849583,0.0,242.0,0.0,159.287443732437,0.0,12.412118253371196,0.0,15.556349186104045,0.0,10.387415902336976,0.0,622.3761821808577,0.0,142.01638304129332,0.0,102.16749806890513,0.0,7.264352405800143,0.0,15.341578543879834,0.0,39684.15283948065,0.0,3879.12694360183,0.0,12.412118245036872,0.0,12.692485611651582,0.0,9.520086864145664,0.0
Kufen,357.0862745098039,0.0,17.50227886518831,0.0,324.5915446515088,0.0,221.0,0.0,145.76591365380077,0.0,12.156414195787722,0.0,14.866068747318506,0.0,9.916360030525643,0.0,611.1567531011937,0.0,162.46158336598677,0.0,124.40273178008853,0.0,5.71686069309437,0.0,17.598479709770302,0.0,3009.7674777893917,0.0,1813.632738757932,0.0,12.156414273957942,0.0,11.901181644916084,0.0,9.152677414444502,0.0
Kugel,381.9529411764706,0.0,18.13342153448934,0.0,358.4625758210667,0.0,258.0,0.0,177.00096505647207,0.0,13.251030164455422,0.0,16.06237840420901,0.0,11.216298121450166,0.0,2917.3530156469255,0.0,317.2038324592195,0.0,263.0675472541182,0.0,7.757604414185513,0.0,14.607503463067035,0.0,2972.773819988524,0.0,1779.644371450125,0.0,13.2510301771914,0.0,13.34136790615645,0.0,10.347909341834693,0.0
Kulis,315.4705882352941,0.0,16.52362190133197,0.0,365.1596230470208,0.0,294.0,0.0,199.81872082803454,0.0,13.627602876907492,0.0,17.146428199482248,0.0,11.817653511343575,0.0,617.5169019024614,0.0,160.16812498751702,0.0,119.8585125771685,0.0,11.509200806292121,0.0,13.852824434826205,0.0,8152.756716288466,0.0,4924.133846927371,0.0,13.62760387714652,0.0,13.63571020000938,0.0,11.017755983929078,0.0
Kunst,334.321568627451,0.0,16.914436958527197,0.0,327.5152412374746,0.0,248.0,0.0,161.12429708880265,0.0,12.295085664804143,0.0,15.748015748023622,0.0,10.331124957069967,0.0,604.0879332040851,0.0,122.61721531881325,0.0,86.12110832808052,0.0,11.541029682333487,0.0,11.373255361293264,0.0,1686.731492687028,0.0,4495.780945112955,0.0,12.295085713109117,0.0,12.57443111163979,0.0,9.487869748263991,0.0
Kuppe,401.9333333333334,0.0,18.566412688589832,0.0,338.29814711401235,0.0,227.0,0.0,155.92390230406056,0.0,12.659028332634431,0.0,15.066519173319364,0.0,10.53547526101132,0.0,2667.413393588496,0.0,730.0709172202166,0.0,685.6506763388602,0.0,4.288870109559983,0.0,25.367313335274964,0.0,28939.977871609444,0.0,3079.868909253977,0.0,12.659028360292986,0.0,12.74615850045288,0.0,9.781967772492713,0.0
Kurie,316.71764705882356,0.0,16.506560624099215,0.0,337.112378645832,0.0,236.0,0.0,159.85171286015446,0.0,12.671863359519705,0.0,15.362291495737216,0.0,10.526980998885932,0.0,606.0343228470645,0.0,137.860216670108,0.0,100.09821391939084,0.0,10.047428319944276,0.0,12.404240027861285,0.0,8152.039860707033,0.0,4923.085256404239,0.0,12.671864121377116,0.0,12.294105445982611,0.0,9.78386140086678,0.0
Kuron,349.71764705882356,0.0,17.255043671432343,0.0,320.09380745234137,0.0,215.0,0.0,141.2111987113946,0.0,12.013234684335279,0.0,14.66287829861518,0.0,9.729699848841136,0.0,607.7500993965258,0.0,132.0491547614616,0.0,93.3789316733498,0.0,5.855166052363739,0.0,14.686298486991596,0.0,22552.431092907143,0.0,1527.7979026046453,0.0,12.013234611481943,0.0,11.545512334498493,0.0,8.883640476335318,0.0
Kurse,324.39607843137253,0.0,16.609207990772415,0.0,317.110392838407,0.0,205.0,0.0,135.89320433193944,0.0,11.914933434802709,0.0,14.317821063276353,0.0,9.589590798745887,0.0,604.062975091262,0.0,119.31582426180593,0.0,84.82588301456722,0.0,8.967281184665188,0.0,11.37283510778154,0.0,1680.7781056407257,0.0,4496.017435088961,0.0,11.914933575302213,0.0,11.307890734596953,0.0,8.763635616201235,0.0
Kuwel,365.80784313725485,0.0,17.73323316914588,0.0,373.35760911414974,0.0,289.0,0.0,200.30614318586225,0.0,13.846507167328618,0.0,17.0,0.0,12.000149416218079,0.0,1387.5430484603223,0.0,403.8018674323654,0.0,326.9753913730413,0.0,8.304626551918188,0.0,21.422618871400118,0.0,2988.9249005887623,0.0,1779.920957907684,0.0,13.846507187871339,0.0,13.677161281133905,0.0,11.184621591348229,0.0
Kvrls,302.3058823529412,0.0,16.077013806471868,0.0,368.83231908059025,0.0,285.0,0.0,196.10114097723994,0.0,13.704994784430715,0.0,16.881943016134134,0.0,11.790591640088547,0.0,830.3962867886556,0.0,654.2241825050049,0.0,490.71694419336086,0.0,10.391818113188291,0.0,113.14412907770071,0.0,24642.84365294343,0.0,13224.145709556704,0.0,13.704995593813427,0.0,13.299552653507453,0.0,10.941938526662307,0.0
Kzbrl,337.0078431372549,0.0,17.09257198073393,0.0,370.9469168053154,0.0,291.0,0.0,198.6364835596642,0.0,13.712596305249566,0.0,17.05872210923198,0.0,11.841880567559764,0.0,995.643512981118,0.0,873.1759751917241,0.0,699.937480668128,0.0,10.050270944833548,0.0,34.86569542067551,0.0,2474.9088174330336,0.0,2729.4702645346874,0.0,13.712596400534029,0.0,13.902665961925452,0.0,10.961377816237723,0.0
Kzchp,376.45098039215685,0.0,17.904394310898606,0.0,334.591704953526,0.0,228.0,0.0,153.21087611486197,0.0,12.500229156751201,0.0,15.0996688705415,0.0,10.321576444355108,0.0,6148.639891331218,0.0,1396.4712819549527,0.0,1281.48634578384,0.0,5.2250587565139925,0.0,49.43059664218496,0.0,13281.49420607848,0.0,5769.103222706658,0.0,12.50022929833247,0.0,12.495120298737346,0.0,9.46766478147838,0.0
Kzntn,342.9843137254902,0.0,17.188900060064757,0.0,342.9786042595007,0.0,256.0,0.0,171.02065687537356,0.0,12.860538864351165,0.0,16.0,0.0,10.815057055485571,0.0,909.344421368253,0.0,844.3788166061274,0.0,668.750818333843,0.0,6.983485866013793,0.0,32.674286489426386,0.0,13875.97479007818,0.0,3400.212712838628,0.0,12.860538817015438,0.0,12.834909195798168,0.0,10.011953549159015,0.0
Kämme,456.1882352941177,0.0,19.621002642922498,0.0,453.93552827625433,0.0,384.0,0.0,275.6057305687121,0.0,16.045367606853624,0.0,19.595917942265423,0.0,14.348817146229088,0.0,1064.6684095647586,0.0,891.0720166012285,0.0,637.79151622348,0.0,3.961526574616458,0.0,14.33237708366131,0.0,4498.437600598092,0.0,735.9534253331756,0.0,16.045367956924096,0.0,17.208557302535887,0.0,13.628691404199117,0.0
Kästä,342.6078431372549,0.0,16.94051242344166,0.0,353.0804768430164,0.0,259.0,0.0,176.87004629068605,0.0,13.141416613989469,0.0,16.09347693943108,0.0,11.144525953036261,0.0,4597.19531249673,0.0,4374.626305584378,0.0,3285.8137912996567,0.0,8.554682836733063,0.0,435.6211523799816,0.0,13883.73769209135,0.0,3428.6065652897337,0.0,13.138325441453114,0.0,13.187253514550871,0.0,10.295594728951228,0.0
Köche,370.8509803921569,0.0,17.67716342861514,0.0,311.8106621290017,0.0,195.0,0.0,129.02086314717332,0.0,11.695513223021841,0.0,13.96424004376894,0.0,9.364113232008089,0.0,620.8519894220747,0.0,181.15292125716303,0.0,122.13707597405401,0.0,5.523238182659331,0.0,13.709847485102873,0.0,13279.962412939856,0.0,5768.980400861048,0.0,11.695513357062746,0.0,11.643247487009889,0.0,8.567139457915806,0.0
Köhns,387.2313725490196,0.0,18.07518919504731,0.0,331.41207366203173,0.0,243.0,0.0,160.33770009787327,0.0,12.438777427039174,0.0,15.588457268119896,0.0,10.432164437776658,0.0,624.0297530375948,0.0,191.26981829153155,0.0,130.45570689437716,0.0,7.455439043729263,0.0,16.121142768891854,0.0,17849.92487593379,0.0,8526.513051405174,0.0,12.4387774149126,0.0,12.895605709576433,0.0,9.57002414942742,0.0
König,396.29411764705884,0.0,18.355594328085783,0.0,382.4146125166152,0.0,299.0,0.0,206.64721374768047,0.0,14.013869415454788,0.0,17.291616465790582,0.0,12.140112140328837,0.0,6098.432086525381,0.0,607.5078817695581,0.0,458.922969186365,0.0,5.754089317470931,0.0,14.300015709164716,0.0,8150.10815765319,0.0,4923.102254964765,0.0,14.013870291509045,0.0,14.467654221645013,0.0,11.282057677775205,0.0
Köntö,371.2470588235294,0.0,17.718109690251126,0.0,363.77748649166256,0.0,278.0,0.0,189.97809211416364,0.0,13.479236349530957,0.0,16.673332000533065,0.0,11.551014015435442,0.0,7262.849544039722,0.0,12471.091307632354,0.0,7228.891261787901,0.0,7.136061743465045,0.0,372.71684222970646,0.0,13877.785990129947,0.0,3414.6529655359955,0.0,13.449177365001953,0.0,13.80509292181794,0.0,10.64421043446397,0.0
Körso,340.52156862745096,0.0,16.885200279119424,0.0,338.53900692287766,0.0,237.0,0.0,159.12709161659768,0.0,12.613143625858301,0.0,15.394804318340652,0.0,10.46338482402512,0.0,700.734126362366,0.0,265.08372775013055,0.0,193.01406737291163,0.0,8.60353974354633,0.0,16.364852809131804,0.0,1678.296806753924,0.0,4496.274677641176,0.0,12.613143759434248,0.0,12.494880040833,0.0,9.524357257410886,0.0
Körzo,346.0901960784314,0.0,17.09946522205974,0.0,347.0177589428906,0.0,253.0,0.0,169.54393728365972,0.0,12.880734102755714,0.0,15.905973720586866,0.0,10.798360884135528,0.0,703.1280076986405,0.0,274.84878333978855,0.0,200.54331224977525,0.0,7.748892765015935,0.0,18.412603037591804,0.0,4605.097639183067,0.0,4338.168755545459,0.0,12.880734229465313,0.0,12.801892670129767,0.0,9.903759356453904,0.0
Köthö,385.5529411764706,0.0,18.042344144750174,0.0,351.2129734882072,0.0,268.0,0.0,179.49022178743598,0.0,13.060761956677462,0.0,16.3707055437449,0.0,11.126514956462472,0.0,7262.788190494061,0.0,12471.028803062782,0.0,7228.819755212975,0.0,4.682452356411605,0.0,372.8347595240647,0.0,13284.655577986015,0.0,5777.628655012134,0.0,13.029737714249599,0.0,13.473278556165317,0.0,10.182889138346,0.0
Kübel,376.21568627450984,0.0,18.0352890014446,0.0,353.76434817657787,0.0,256.0,0.0,176.03392789644724,0.0,13.17744850294418,0.0,16.0,0.0,11.188054732280692,0.0,733.4761455873283,0.0,260.69400578526063,0.0,230.5583416147227,0.0,9.133416497318565,0.0,16.283020792875643,0.0,2974.0685770730956,0.0,1782.1285375233754,0.0,13.17744851639761,0.0,13.337422786148334,0.0,10.38537142624635,0.0
Küche,373.0901960784314,0.0,17.790619544885157,0.0,314.0491816594856,0.0,199.0,0.0,131.86001006672166,0.0,11.789056707459054,0.0,14.106735979665885,0.0,9.46868642058678,0.0,612.2495142397148,0.0,136.52966076066653,0.0,102.4885205260605,0.0,5.634298670837202,0.0,13.224751722531847,0.0,13280.965261336283,0.0,5769.484251467415,0.0,11.789056838375837,0.0,11.538477468301437,0.0,8.696649189162025,0.0
Küken,397.1803921568627,0.0,18.368806197954832,0.0,338.35384025810913,0.0,234.0,0.0,158.1041179311887,0.0,12.648793245687697,0.0,15.297058540778355,0.0,10.466042110819227,0.0,623.517206905194,0.0,213.06970647853896,0.0,153.73790576750292,0.0,5.414281637508048,0.0,23.0628840604575,0.0,2975.227812484534,0.0,1779.1785601159884,0.0,12.648793302909265,0.0,12.341675547347824,0.0,9.710157016529836,0.0
Küsse,344.5098039215686,0.0,17.063389968030283,0.0,329.117380367381,0.0,215.0,0.0,144.89695098626342,0.0,12.300234320689242,0.0,14.66287829861518,0.0,10.004975908676553,0.0,615.4647337035065,0.0,147.21111241411782,0.0,111.19394188584928,0.0,9.271344534957807,0.0,13.40896921198715,0.0,1673.4720525606926,0.0,4496.337168683892,0.0,12.300234440335672,0.0,11.634332819701115,0.0,9.095453235022868,0.0
Küste,335.65098039215684,0.0,16.920097180019827,0.0,345.1906654571243,0.0,239.0,0.0,163.36453374235617,0.0,12.878422574745743,0.0,15.459624833740307,0.0,10.69904583106924,0.0,615.1085276287885,0.0,152.69509733413577,0.0,115.52013810297042,0.0,10.424603616961077,0.0,13.48624771315423,0.0,13875.099931828658,0.0,3401.1063976821733,0.0,12.878422484250924,0.0,12.36435316427322,0.0,9.844548519826795,0.0
Labor,313.15294117647056,0.0,16.296156640786606,0.0,295.69460624787774,0.0,165.0,0.0,104.10841446466368,0.0,10.901262598615455,0.0,12.84523257866513,0.0,8.217986813247835,0.0,622.4304716639343,0.0,117.58473201323086,0.0,82.06537177141537,0.0,5.153902112223279,0.0,14.531756506026156,0.0,22551.444311575116,0.0,1522.774366831041,0.0,10.901262630334417,0.0,10.18410597396163,0.0,7.25616999988558,0.0
Lachs,302.92941176470595,0.0,15.933619992305829,0.0,278.6247353822853,0.0,142.0,0.0,86.93028545754879,0.0,10.267151279067383,0.0,11.916375287812984,0.0,7.379636731533239,0.0,600.3577636017808,0.0,85.88561257337048,0.0,56.958969482945434,0.0,3.7174719935862806,0.0,11.652545859696149,0.0,13279.969003352311,0.0,5767.736102651479,0.0,10.267151458376706,0.0,9.241430568213008,0.0,6.441970474571345,0.0
Lacht,294.0705882352941,0.0,15.780071528337455,0.0,280.33793231352195,0.0,154.0,0.0,93.2392944687296,0.0,10.325507450547313,0.0,12.409673645990857,0.0,7.57226620985632,0.0,599.0287061954218,0.0,74.69850561550454,0.0,46.31975954161299,0.0,3.8220614745430415,0.0,9.532161998862517,0.0,13280.50379937694,0.0,5767.644928577844,0.0,10.325507691084846,0.0,9.66620527751945,0.0,6.659548948019277,0.0
Laden,337.5607843137255,0.0,17.004759041672994,0.0,289.6404934192751,0.0,150.0,0.0,97.04705467558156,0.0,10.814138139023006,0.0,12.24744871391589,0.0,8.07327288822707,0.0,969.0164684919808,0.0,206.36739528620362,0.0,177.78349606728705,0.0,4.613440822681917,0.0,11.409410030696117,0.0,2962.9342331375287,0.0,1773.6896840874638,0.0,10.814138182458583,0.0,10.001684854709856,0.0,7.31336353701976,0.0
Lader,310.4901960784314,0.0,16.28698364390533,0.0,289.9343043503536,0.0,154.0,0.0,98.32940352384425,0.0,10.778619308798742,0.0,12.409673645990857,0.0,8.078306015380448,0.0,969.3212367405173,0.0,207.98560539528435,0.0,178.60723370297112,0.0,5.404194227424849,0.0,12.148882324305116,0.0,2967.147869727789,0.0,1774.3854446353093,0.0,10.778619318212481,0.0,10.07421362242935,0.0,7.2689194401084585,0.0
Lager,325.55294117647054,0.0,16.595700355232413,0.0,300.7411857591885,0.0,157.0,0.0,100.41444961094652,0.0,11.001059021719646,0.0,12.529964086141668,0.0,8.158502705797508,0.0,2892.1453617074544,0.0,218.25533573787834,0.0,156.77687114501055,0.0,6.856980430268866,0.0,10.64397114544569,0.0,2966.500741716576,0.0,1773.9214791372945,0.0,11.001059030309591,0.0,10.091769653647463,0.0,7.19278385154401,0.0
Lagos,339.00392156862745,0.0,16.864386605010125,0.0,313.12194189248294,0.0,177.0,0.0,114.3334000911949,0.0,11.440898740152074,0.0,13.30413469565007,0.0,8.756761890849916,0.0,2893.628786393668,0.0,231.32709793889117,0.0,166.5356730279941,0.0,6.103353228676487,0.0,15.641025565343673,0.0,22551.01638366887,0.0,1522.0042988594282,0.0,11.440898744599362,0.0,10.64779335871268,0.0,7.668582274718307,0.0
Lahfa,323.3019607843137,0.0,16.518921612557826,0.0,321.7477800658105,0.0,204.0,0.0,134.86029106817924,0.0,11.967227725281619,0.0,14.2828568570857,0.0,9.557742482256305,0.0,612.7679771778794,0.0,172.61146057691633,0.0,128.33615191247836,0.0,4.194619055175796,0.0,19.020392527873085,0.0,21864.331819127303,0.0,5819.675645550484,0.0,11.967227820795664,0.0,11.426642926034962,0.0,8.704448951252523,0.0
Lahna,337.15294117647056,0.0,16.872908018192607,0.0,282.87123685674914,0.0,158.0,0.0,98.54322828227346,0.0,10.562806336745878,0.0,12.569805089976535,0.0,7.915486217990627,0.0,603.7576529872903,0.0,118.18109224685433,0.0,82.53768465532502,0.0,4.000688423376772,0.0,16.51567364685775,0.0,17847.98874956966,0.0,8525.690322244764,0.0,10.56280633667786,0.0,10.018031542405193,0.0,7.024095381911131,0.0
Laibe,307.22352941176473,0.0,16.253944956335943,0.0,292.1896918491471,0.0,158.0,0.0,100.13103227720026,0.0,10.813461130946328,0.0,12.569805089976535,0.0,8.061305693207213,0.0,642.3779081675168,0.0,98.9580869114657,0.0,65.96605484698253,0.0,4.189528291047177,0.0,14.6536059597431,0.0,20709.47957749338,0.0,4167.311593425885,0.0,10.813461116081715,0.0,9.855005050483676,0.0,7.209629451844622,0.0
Laici,253.79607843137256,0.0,14.734271160661773,0.0,304.0045472115457,0.0,184.0,0.0,116.68136783576043,0.0,11.253332764936868,0.0,13.564659966250536,0.0,8.718775396163526,0.0,804.226533941208,0.0,259.3406547517858,0.0,194.44459672835814,0.0,6.005196170703131,0.0,22.31467114616792,0.0,587.1235047969697,0.0,1443.9326779917271,0.0,11.253332711802583,0.0,10.498499949619529,0.0,7.827121764883956,0.0
Lakai,309.42745098039217,0.0,16.14899580034242,0.0,312.90682000347897,0.0,198.0,0.0,128.14252207240577,0.0,11.61843296094651,0.0,14.071247279470288,0.0,9.243942772649966,0.0,802.2037675626797,0.0,308.340273537133,0.0,226.70642699518731,0.0,5.252591757659632,0.0,26.30400729601536,0.0,7605.084244850278,0.0,10092.700339885982,0.0,11.618432971245985,0.0,11.01774652851214,0.0,8.339102987299889,0.0
Laken,335.3058823529411,0.0,16.839868202925096,0.0,291.30390530947653,0.0,151.0,0.0,96.66178058187097,0.0,10.813735178432175,0.0,12.288205727444508,0.0,7.963204975337678,0.0,610.2407927414481,0.0,177.48351652581928,0.0,122.34343826229625,0.0,4.281619310589235,0.0,21.326120046305004,0.0,2965.24444581259,0.0,1773.1935088600724,0.0,10.81373522395299,0.0,9.523709687860796,0.0,7.178129791137609,0.0
Lampe,376.85490196078433,0.0,17.890256251456858,0.0,349.5841080863442,0.0,222.0,0.0,153.2765460551965,0.0,12.853192738130756,0.0,14.89966442575134,0.0,10.53406953237009,0.0,2108.3011736806493,0.0,670.6489998604465,0.0,595.0993192093658,0.0,6.395528376425705,0.0,22.868191046991782,0.0,28939.868002646766,0.0,3078.1577405267094,0.0,12.853192730670798,0.0,12.734948612920071,0.0,9.778060107342519,0.0
Lange,352.62352941176465,0.0,17.300672360610182,0.0,299.4293029711074,0.0,151.0,0.0,98.45231256369334,0.0,11.004586558490095,0.0,12.288205727444508,0.0,8.162369410585885,0.0,4814.143731895765,0.0,339.42824990529544,0.0,251.01183357761667,0.0,6.760347589562365,0.0,10.665628180605053,0.0,25190.084780118737,0.0,9870.865597185075,0.0,11.004586565946868,0.0,9.933203025606472,0.0,7.267430604570623,0.0
Lanze,307.6745098039216,0.0,16.217193186970242,0.0,285.89711528975295,0.0,153.0,0.0,95.6221544012981,0.0,10.601556792176886,0.0,12.36931687685298,0.0,7.809705617875474,0.0,602.5114933191757,0.0,106.84802598997378,0.0,74.54209901442582,0.0,2.9394372454160838,0.0,12.94761477845192,0.0,4596.767661117341,0.0,4335.755728193894,0.0,10.601556877681022,0.0,9.502950555632687,0.0,7.019527506077498,0.0
Larve,278.16862745098035,0.0,15.351817252828557,0.0,295.7866134234017,0.0,156.0,0.0,99.97823679390089,0.0,10.968911878346656,0.0,12.489995996796797,0.0,8.105301275747918,0.0,663.5672917521902,0.0,312.60576701389715,0.0,190.15689725572022,0.0,3.2241578048126285,0.0,35.0522234898151,0.0,20353.47472987908,0.0,4823.929370691094,0.0,10.968912135967663,0.0,9.154122874165155,0.0,7.205678268809863,0.0
Lasso,288.48627450980393,0.0,15.518050904772863,0.0,295.4428364501358,0.0,158.0,0.0,101.18267709507533,0.0,10.927801149115071,0.0,12.569805089976535,0.0,8.148283929758772,0.0,682.9806676931307,0.0,209.24800025110866,0.0,158.71084090618626,0.0,3.1964563433657913,0.0,13.831654081512575,0.0,1659.8155850582787,0.0,4494.050587940185,0.0,10.927801248161545,0.0,9.571440425242587,0.0,7.070322011755544,0.0
Latex,284.2980392156863,0.0,15.564043381036369,0.0,293.5444388746308,0.0,170.0,0.0,105.48345552959812,0.0,10.86064501313659,0.0,13.038404810405298,0.0,8.185390998430599,0.0,626.0111843569575,0.0,244.6707464177256,0.0,183.74346751423073,0.0,3.5744255056372998,0.0,68.1260560854078,0.0,2971.2442272586077,0.0,1774.2493757620541,0.0,10.860645047403619,0.0,9.839496787787711,0.0,7.293887293132807,0.0
Laube,331.27843137254905,0.0,16.849327082852426,0.0,283.237588697765,0.0,144.0,0.0,88.97451068388685,0.0,10.411060034889552,0.0,12.0,0.0,7.494318947088211,0.0,641.2362624796167,0.0,94.1374041730028,0.0,61.83095671783076,0.0,4.512515333690452,0.0,14.4239893974665,0.0,20705.234909797655,0.0,4166.5091036739295,0.0,10.411060131193324,0.0,9.544828952903584,0.0,6.588181455255044,0.0
Lauch,319.3058823529412,0.0,16.43746014799361,0.0,294.0843830930263,0.0,159.0,0.0,99.73491677839027,0.0,10.849199233873138,0.0,12.609520212918492,0.0,8.024266365304815,0.0,645.6781533496052,0.0,242.86805705987365,0.0,172.215000082328,0.0,5.254077166915944,0.0,13.469975842141139,0.0,409.2033546502103,0.0,1440.7246355544692,0.0,10.849199246595713,0.0,9.978034373368411,0.0,7.157329621930785,0.0
Lauht,315.64313725490194,0.0,16.430357495906506,0.0,289.4127686442065,0.0,181.0,0.0,109.2766665585055,0.0,10.70219791963726,0.0,13.45362404707371,0.0,8.182543325010975,0.0,598.5141757404783,0.0,81.4498519725534,0.0,50.386317522883445,0.0,4.392602823038319,0.0,13.868034859876422,0.0,13281.781746737823,0.0,5767.863693404805,0.0,10.70219810602638,0.0,10.551445904544945,0.0,7.246454579912052,0.0
Laute,290.15294117647056,0.0,15.772370100680776,0.0,296.8783321423114,0.0,166.0,0.0,105.78162446731244,0.0,11.018914019860828,0.0,12.884098726725126,0.0,8.306199038752146,0.0,599.6377497920656,0.0,91.10495794820727,0.0,61.09623787320705,0.0,3.538210597911874,0.0,9.183090605582022,0.0,13873.662556069738,0.0,3397.59827324798,0.0,11.01891394322757,0.0,10.00579931327068,0.0,7.463552051684318,0.0
Lbbst,320.46666666666664,0.0,16.62523801403915,0.0,330.88819473923604,0.0,219.0,0.0,145.41282319290474,0.0,12.235671052288835,0.0,14.798648586948742,0.0,10.001610748962182,0.0,712.5279581795501,0.0,216.34228176246887,0.0,180.45132287431971,0.0,7.770617449183373,0.0,27.16792034221688,0.0,1672.1244563411403,0.0,4494.411555716807,0.0,12.235671064955865,0.0,12.077642833131232,0.0,9.090407697401552,0.0
Lbmpb,423.5450980392157,0.0,19.07883642235723,0.0,402.3914268144159,0.0,293.0,0.0,209.32961505898226,0.0,14.498934030078022,0.0,17.11724276862369,0.0,12.527968810795876,0.0,2221.04251076058,0.0,754.8207643411785,0.0,659.4811682873456,0.0,5.903628022470619,0.0,37.831240158253415,0.0,28940.181689229517,0.0,3079.2481081852507,0.0,14.498934028466861,0.0,14.831803859308089,0.0,11.713785482185259,0.0
Lcfnc,279.4901960784314,0.0,15.376180043361702,0.0,290.1499460674371,0.0,158.0,0.0,97.64770054860992,0.0,10.645817989845485,0.0,12.569805089976535,0.0,7.856675521521377,0.0,948.2068064943113,0.0,138.56536445204782,0.0,106.62235787960782,0.0,3.440316936000672,0.0,63.14738907820542,0.0,17854.19312867173,0.0,8533.095544047574,0.0,10.645818034172644,0.0,9.61328876384659,0.0,6.9214035783733845,0.0
Lcftc,251.1607843137255,0.0,14.600311257366926,0.0,318.85590915533555,0.0,193.0,0.0,125.7610742964623,0.0,11.742175702392931,0.0,13.892443989449804,0.0,9.171309346878553,0.0,949.4654016098938,0.0,149.67274238722354,0.0,114.9932743234941,0.0,4.631582683581913,0.0,62.99975132289065,0.0,13881.61038773997,0.0,3417.239008045939,0.0,11.742175602009759,0.0,10.69188589499791,0.0,8.277245890161542,0.0
Ldthr,317.5647058823529,0.0,16.546746893472207,0.0,316.46247536437977,0.0,209.0,0.0,136.15213990117343,0.0,11.858589026084333,0.0,14.45683229480096,0.0,9.59306861088064,0.0,6353.260311739537,0.0,1227.345233100028,0.0,1198.7135583295087,0.0,4.851942414603904,0.0,29.850910222283403,0.0,13282.417916608825,0.0,5767.881640172283,0.0,11.858589140214704,0.0,11.337546418517524,0.0,8.75497125294169,0.0
Lebby,352.17254901960786,0.0,17.363643094103935,0.0,324.95456752596044,0.0,197.0,0.0,129.45969012113284,0.0,11.90075538396196,0.0,14.035668847618199,0.0,9.385076596786757,0.0,7281.061116999516,0.0,467.7107237019413,0.0,324.7882461614277,0.0,5.175158080091961,0.0,16.787436532278097,0.0,20706.02258559372,0.0,4166.888582123505,0.0,11.900755531124425,0.0,11.399269941680009,0.0,8.40336524408527,0.0
Lecks,301.08235294117645,0.0,15.898628310665904,0.0,294.28088949611606,0.0,159.0,0.0,100.16199096862871,0.0,10.843805753764261,0.0,12.609520212918492,0.0,8.05445561460041,0.0,605.5291600990779,0.0,139.4130186548648,0.0,93.5773141151897,0.0,3.663106560576206,0.0,15.65239051325693,0.0,5966.794173646233,0.0,5523.0245184351415,0.0,10.843805762577464,0.0,9.505576885507475,0.0,7.134147614747045,0.0
Leder,309.2196078431373,0.0,16.31776486567499,0.0,289.20166915622144,0.0,148.0,0.0,94.34635465338064,0.0,10.727588134277317,0.0,12.165525060596439,0.0,7.915098292757244,0.0,969.2986136901455,0.0,206.7722780016387,0.0,178.05746214623252,0.0,5.224110660618412,0.0,11.766287446386858,0.0,2966.4579659665305,0.0,1773.8660137349293,0.0,10.727588133226119,0.0,9.832648149413483,0.0,7.084476181108307,0.0
Lefte,278.12549019607843,0.0,15.492882368215271,0.0,310.1339782848652,0.0,176.0,0.0,114.84105931655273,0.0,11.484047294838208,0.0,13.2664991614216,0.0,8.775594594341856,0.0,609.1177292123623,0.0,144.82478342387722,0.0,112.15257359958215,0.0,3.831292423894229,0.0,16.92882914271283,0.0,13881.08612459355,0.0,3416.549458813092,0.0,11.484047220567877,0.0,10.256136228004328,0.0,7.925907116343678,0.0
Legen,351.35294117647055,0.0,17.32965314493624,0.0,299.7147396339778,0.0,147.0,0.0,95.14905189222023,0.0,10.986025762754268,0.0,12.12435565298214,0.0,7.991847493291667,0.0,2892.0356484600807,0.0,215.5496329432442,0.0,155.20737986264655,0.0,5.265632333545744,0.0,9.471568695516153,0.0,2960.899340026584,0.0,1772.731629567826,0.0,10.98602579460978,0.0,9.77644741641365,0.0,7.052435669138379,0.0
Lehre,307.54117647058825,0.0,16.211300352874332,0.0,294.6607839510157,0.0,156.0,0.0,99.89378829638127,0.0,10.949648219935069,0.0,12.489995996796797,0.0,8.101635638005801,0.0,601.9717209097803,0.0,92.86212727525212,0.0,64.38494423072044,0.0,4.050675009296948,0.0,12.311591150847146,0.0,2454.719641370583,0.0,2724.9164320025848,0.0,10.94964851371147,0.0,9.786599649967101,0.0,7.277756681671019,0.0
Leier,266.08627450980396,0.0,15.146749029130977,0.0,282.35834983808576,0.0,144.0,0.0,88.08188490196848,0.0,10.391423443710298,0.0,12.0,0.0,7.412320160483025,0.0,599.2704361933551,0.0,79.12911907018758,0.0,50.45777474149545,0.0,4.002900584651333,0.0,10.695739472034822,0.0,3000.0041111314845,0.0,1775.2013661315311,0.0,10.39142346461319,0.0,8.986652971736541,0.0,6.530725410219725,0.0
Leine,293.15686274509807,0.0,15.916029655664756,0.0,276.3918370116629,0.0,139.0,0.0,84.84172344230986,0.0,10.213447027288455,0.0,11.789826122551595,0.0,7.26752801784931,0.0,598.8310321717759,0.0,74.33813808437247,0.0,47.010567118366474,0.0,3.351814235105839,0.0,8.75326788324436,0.0,17853.22972937558,0.0,8525.719034078189,0.0,10.213447071125666,0.0,8.911984721269391,0.0,6.405066155828005,0.0
Leite,264.82745098039214,0.0,15.167800634440075,0.0,305.09780009956137,0.0,174.0,0.0,112.95509719016223,0.0,11.351640838758797,0.0,13.19090595827292,0.0,8.67193913585038,0.0,600.8219420627137,0.0,93.42231190585343,0.0,63.758288564088964,0.0,4.395023592863476,0.0,9.753369427810867,0.0,13879.726016321376,0.0,3398.484424527901,0.0,11.351640750358817,0.0,10.066010729878638,0.0,7.850595178566581,0.0
Leken,334.035294117647,0.0,16.869640632998237,0.0,290.5712701153443,0.0,145.0,0.0,92.67873171140735,0.0,10.762870503910188,0.0,12.041594578792296,0.0,7.797588498062684,0.0,610.2048571022547,0.0,176.06010773799616,0.0,121.53942891411653,0.0,4.156052354832291,0.0,21.15763519529767,0.0,2964.5157033768583,0.0,1772.6207895020204,0.0,10.762870539196811,0.0,9.267806414611373,0.0,6.991291742803171,0.0
Lende,336.2901960784314,0.0,17.034243278172852,0.0,284.9842903771558,0.0,138.0,0.0,88.15714156399795,0.0,10.576153418420992,0.0,11.74734012447073,0.0,7.650686149798309,0.0,722.9530414508065,0.0,124.56796870085003,0.0,99.23020404750885,0.0,5.051659868541318,0.0,10.410793696754132,0.0,932.2452483672971,0.0,7603.456267609672,0.0,10.576153186808977,0.0,9.466679320961685,0.0,6.830331961200537,0.0
Lepra,310.00392156862745,0.0,16.232335147614556,0.0,309.50237483569913,0.0,177.0,0.0,116.35086567290476,0.0,11.504376413765243,0.0,13.30413469565007,0.0,8.889777989497754,0.0,1768.8671224195023,0.0,452.352148766312,0.0,418.9769774003971,0.0,4.432889198479284,0.0,24.910060649351653,0.0,2455.2949888920125,0.0,2725.241249630044,0.0,11.504376689228208,0.0,10.61302565423952,0.0,8.004693544380835,0.0
Lesbe,313.63137254901955,0.0,16.388825067157548,0.0,283.76735186981307,0.0,128.0,0.0,81.13203373914922,0.0,10.424724638977036,0.0,11.313708498984761,0.0,7.273637647306639,0.0,643.0810792031751,0.0,97.34470694101417,0.0,67.6144092979011,0.0,4.043348255076978,0.0,14.907615519850202,0.0,20704.193502834638,0.0,4166.364092784447,0.0,10.42472473383669,0.0,8.800014262296772,0.0,6.261443336075268,0.0
Leser,273.7647058823529,0.0,15.258546870365988,0.0,274.66864505288385,0.0,120.0,0.0,73.06593523438104,0.0,10.041071176912423,0.0,10.954451150103322,0.0,6.74343327991075,0.0,600.0606725301599,0.0,80.29908835556367,0.0,54.426639521131484,0.0,3.850617802857551,0.0,10.884004112651688,0.0,2966.054128294426,0.0,1773.0514351608156,0.0,10.041071185766109,0.0,8.117134167538138,0.0,5.7030410095125665,0.0
Lesst,264.2196078431373,0.0,14.988909394758869,0.0,294.67349582728514,0.0,164.0,0.0,102.29318651780775,0.0,10.855069017660034,0.0,12.806248474865697,0.0,8.072947965929313,0.0,602.2780953161043,0.0,90.04106280088517,0.0,61.72221554201569,0.0,5.301242447695737,0.0,10.06042100413838,0.0,1668.203916702287,0.0,4493.6610163656405,0.0,10.855069029064994,0.0,9.531419186671027,0.0,6.985539798646723,0.0
Leute,288.88235294117646,0.0,15.804153649830994,0.0,296.14569694817925,0.0,160.0,0.0,101.79857559684882,0.0,10.969000827411945,0.0,12.649110640673518,0.0,8.14755763264328,0.0,599.6011786856027,0.0,88.29992220318573,0.0,59.46987621635673,0.0,3.36864912510481,0.0,8.352802331183675,0.0,13873.593031870698,0.0,3397.4256791596094,0.0,10.969000778671248,0.0,9.762541097682371,0.0,7.284038872640383,0.0
Lfths,295.32941176470587,0.0,15.887868807372882,0.0,315.02382268257134,0.0,207.0,0.0,132.0510542049382,0.0,11.711094090852601,0.0,14.38749456993816,0.0,9.30740911372074,0.0,808.8366847834526,0.0,562.3601359628615,0.0,510.0072893792566,0.0,4.112152155443885,0.0,37.04830202431124,0.0,13285.216769142846,0.0,5769.906276109624,0.0,11.711094264982817,0.0,11.054835151156114,0.0,8.349986718657295,0.0
Lhsts,289.70980392156866,0.0,15.679808471238823,0.0,332.7596517006918,0.0,211.0,0.0,141.5884680655409,0.0,12.348011764598242,0.0,14.52583904633395,0.0,9.908727269542775,0.0,631.5707551827657,0.0,221.07670131545856,0.0,162.49662858001898,0.0,6.941807975251558,0.0,16.65656492548923,0.0,13876.391379535251,0.0,3397.930902739294,0.0,12.348011680239555,0.0,11.255082030218693,0.0,8.969272821264168,0.0
Liane,294.4274509803922,0.0,15.884469962997901,0.0,279.0228301145357,0.0,151.0,0.0,92.61215868005036,0.0,10.340775905696253,0.0,12.288205727444508,0.0,7.5905657254540735,0.0,599.1488988230788,0.0,87.32824607369956,0.0,57.196896173210206,0.0,4.895469973973286,0.0,12.621052611600183,0.0,17849.18234638181,0.0,8525.897733150312,0.0,10.340775955109805,0.0,9.152012882502653,0.0,6.694397890933414,0.0
Libir,274.10196078431375,0.0,15.44989644849205,0.0,334.7719381509488,0.0,231.0,0.0,152.44450206316378,0.0,12.410782394459233,0.0,15.198684153570664,0.0,10.169863549474355,0.0,621.4379029645994,0.0,128.13550509588794,0.0,92.05234923843659,0.0,5.32441440821802,0.0,13.25766830913648,0.0,8152.857282787968,0.0,4921.776980470127,0.0,12.410783071155615,0.0,11.8465245862041,0.0,9.320118919663157,0.0
Lifte,262.16078431372546,0.0,15.094241946721754,0.0,324.0310618647732,0.0,205.0,0.0,134.2023954653039,0.0,11.98430225571171,0.0,14.317821063276353,0.0,9.484531663880004,0.0,609.730048035313,0.0,147.3829487939919,0.0,113.56908826002523,0.0,3.7069857096308954,0.0,17.436242145828768,0.0,13883.266684898117,0.0,3417.1996823463924,0.0,11.98430209375638,0.0,10.860374015930615,0.0,8.625885627225818,0.0
Lihst,282.03137254901964,0.0,15.571035522760113,0.0,314.1109815590507,0.0,210.0,0.0,133.06759694933177,0.0,11.648885619935072,0.0,14.491376746189438,0.0,9.268483882060211,0.0,603.6229589127859,0.0,92.2740751586732,0.0,61.942411897547416,0.0,5.391138248999088,0.0,11.240290908490874,0.0,1683.2014426088701,0.0,4494.410219720971,0.0,11.64888555829431,0.0,11.073194298411508,0.0,8.322728891662393,0.0
Likör,309.36470588235295,0.0,16.179401754639258,0.0,324.6584024188687,0.0,210.0,0.0,135.69533374628293,0.0,11.94987071262206,0.0,14.491376746189438,0.0,9.493589089056487,0.0,693.8285596709761,0.0,575.604640851705,0.0,340.13912113568756,0.0,5.111675240487112,0.0,28.780205728768475,0.0,11910.064509664453,0.0,10781.144013452491,0.0,11.949870793957038,0.0,10.990087895518053,0.0,8.555653196624093,0.0
Lilit,240.0156862745098,0.0,14.591939230398832,0.0,343.27907599896776,0.0,256.0,0.0,168.40865051426204,0.0,12.75332287255507,0.0,16.0,0.0,10.668548413027153,0.0,612.8119867661392,0.0,126.68268622858824,0.0,94.21492612442539,0.0,5.40874895983843,0.0,12.988146107941217,0.0,8152.6675874902785,0.0,4922.606375947058,0.0,12.753323681136683,0.0,12.1759168265755,0.0,9.825608249599139,0.0
Limit,299.8274509803922,0.0,16.12884683154193,0.0,389.10264430425826,0.0,310.0,0.0,210.61186185413254,0.0,14.1219528846224,0.0,17.60681686165901,0.0,12.176569310550683,0.0,681.1359176486549,0.0,354.98054433883686,0.0,249.63083531956406,0.0,7.029731263051231,0.0,12.322835437971612,0.0,8154.125364548914,0.0,4921.994554744924,0.0,14.121953664935939,0.0,14.287570099679868,0.0,11.355777385424753,0.0
Linde,320.3254901960785,0.0,16.67249771122479,0.0,298.8813739570639,0.0,167.0,0.0,107.5184777127491,0.0,11.117336885070722,0.0,12.922847983320086,0.0,8.454482773157451,0.0,723.4690204696342,0.0,127.53311149538948,0.0,100.82842574648258,0.0,6.354650353580547,0.0,11.04421183164318,0.0,966.1366159149319,0.0,7603.749060533183,0.0,11.117336956480466,0.0,10.118172477995941,0.0,7.631470107093811,0.0
Linie,277.1921568627451,0.0,15.528256047309979,0.0,310.5847974629408,0.0,191.0,0.0,124.54210454073868,0.0,11.61138411326577,0.0,13.820274961085254,0.0,9.113804726774516,0.0,602.2851556818063,0.0,105.62898131353874,0.0,74.43930802999559,0.0,3.6060957986193394,0.0,12.20735629697653,0.0,8150.373730054412,0.0,4921.459386338197,0.0,11.611384770292416,0.0,10.666154884039946,0.0,8.352475375315086,0.0
Linin,288.3764705882353,0.0,15.834170438625163,0.0,319.4791097867453,0.0,213.0,0.0,138.85939071219136,0.0,11.962995015554068,0.0,14.594519519326424,0.0,9.615973733473172,0.0,602.4059269677741,0.0,109.25786694785279,0.0,76.52737319933334,0.0,4.476674364198816,0.0,12.346204220696977,0.0,8152.144969679933,0.0,4921.488245367634,0.0,11.962995742727909,0.0,11.162178691587851,0.0,8.844946127460322,0.0
Linse,284.8705882352941,0.0,15.637326571843872,0.0,290.5828116555158,0.0,160.0,0.0,100.58359601252363,0.0,10.780248549047565,0.0,12.649110640673518,0.0,8.012762278656707,0.0,600.3014960518292,0.0,79.92689329806926,0.0,52.12474056850048,0.0,3.3796280290333156,0.0,10.577992590582477,0.0,1669.5467969115443,0.0,4494.3069515073275,0.0,10.780248542383784,0.0,9.512635088409493,0.0,7.1303023798413445,0.0
Lippe,335.3372549019608,0.0,17.01399066968905,0.0,314.7044031347226,0.0,177.0,0.0,118.20482297910723,0.0,11.66125952559701,0.0,13.30413469565007,0.0,9.070669900221118,0.0,2666.627021680219,0.0,724.7031741373539,0.0,682.4412379919039,0.0,6.312717279308929,0.0,25.994750188008236,0.0,28939.80824374494,0.0,3077.8557424651017,0.0,11.661259618826529,0.0,10.805250604676154,0.0,8.245478734101969,0.0
Liste,256.5411764705882,0.0,14.875085156079448,0.0,311.30517889426756,0.0,179.0,0.0,117.30048367132598,0.0,11.55168114222696,0.0,13.379088160259652,0.0,8.870130270401816,0.0,602.2300926741415,0.0,98.29430384912828,0.0,69.29018300975285,0.0,3.4416260237828182,0.0,10.334103715802252,0.0,13874.858612526483,0.0,3397.9663085095344,0.0,11.551680988396384,0.0,9.960517126731139,0.0,7.943050184284931,0.0
Listi,240.57647058823528,0.0,14.459422335329792,0.0,334.7025206407716,0.0,225.0,0.0,148.74288401648784,0.0,12.388313997970327,0.0,15.0,0.0,10.052255774502209,0.0,795.4036083817618,0.0,266.49953051583253,0.0,200.61688069213312,0.0,5.182541137464367,0.0,18.547523816375055,0.0,13876.749068993113,0.0,3399.11623629975,0.0,12.38831377831013,0.0,11.291130466747378,0.0,9.08207781613637,0.0
Liter,248.94117647058823,0.0,14.688784832184485,0.0,292.1563825811021,0.0,167.0,0.0,103.01667581382762,0.0,10.78685117234899,0.0,12.922847983320086,0.0,8.033386234148326,0.0,599.0679564943077,0.0,80.69409319075815,0.0,51.45739797877654,0.0,3.50832413382518,0.0,10.75806522363757,0.0,2977.737229539117,0.0,1774.1901338582707,0.0,10.786851169740483,0.0,9.438842041457763,0.0,7.149308774659548,0.0
Ljngs,339.7647058823529,0.0,17.024510001524362,0.0,344.69222600291414,0.0,221.0,0.0,147.9674256225294,0.0,12.537261100159563,0.0,14.866068747318506,0.0,10.158253499517386,0.0,1351867.8889174366,0.0,78424.02867599169,0.0,67802.81215863698,0.0,6.696041850797694,0.0,186.6917015023155,0.0,25192.910667767017,0.0,9872.750960563782,0.0,12.537261148530739,0.0,11.739593789446186,0.0,9.203222870640964,0.0
Lkgln,367.4196078431372,0.0,17.73257363238161,0.0,376.7295893252932,0.0,266.0,0.0,185.19301449746803,0.0,13.748028032646786,0.0,16.30950643030009,0.0,11.57352647795669,0.0,2942.345557659678,0.0,624.6234700764446,0.0,495.9590175458966,0.0,4.897914145490937,0.0,47.00871274030815,0.0,24640.983169409894,0.0,13223.425722323513,0.0,13.748028817409153,0.0,13.066981178629307,0.0,10.722365220923336,0.0
Lkljg,352.9333333333333,0.0,17.411520047742343,0.0,409.9503024317454,0.0,311.0,0.0,219.23233462070976,0.0,14.683588067358123,0.0,17.635192088548397,0.0,12.68722653512937,0.0,94864.68617363735,0.0,6403.2135499240685,0.0,5768.776881375647,0.0,7.015276251633512,0.0,67.35786489810893,0.0,11909.299667950409,0.0,1060.2646166182362,0.0,14.683588811966887,0.0,14.200933687731053,0.0,11.854370409918612,0.0
Lkstr,281.53333333333336,0.0,15.434738651730148,0.0,340.211196307318,0.0,224.0,0.0,149.77670495816142,0.0,12.552973655216283,0.0,14.966629547095765,0.0,10.170553121450943,0.0,799.908015699684,0.0,585.8900169227475,0.0,467.70080823784406,0.0,8.622153245622325,0.0,46.80566482956284,0.0,13876.729902310006,0.0,3399.0766565422987,0.0,12.55297353955705,0.0,11.355878757631949,0.0,9.24881256838586,0.0
Lkthr,315.30980392156863,0.0,16.37724530509207,0.0,322.9976011548543,0.0,219.0,0.0,141.03952972872418,0.0,11.991716438794322,0.0,14.798648586948742,0.0,9.680327895807029,0.0,797.6240330953411,0.0,583.1632144458371,0.0,465.4104568477805,0.0,4.891492033697599,0.0,47.48517581683657,0.0,13283.681797193613,0.0,5768.650067609915,0.0,11.991716575170027,0.0,11.344711469330058,0.0,8.824374345660477,0.0
Llctl,249.6156862745098,0.0,14.796514443511597,0.0,339.58445246423787,0.0,226.0,0.0,153.39102818710137,0.0,12.631038515581727,0.0,15.033296378372908,0.0,10.381527063424432,0.0,715.3422475931704,0.0,245.08520317614975,0.0,221.94626720044164,0.0,5.113983401317711,0.0,20.06615724221802,0.0,13877.11668584566,0.0,3399.2995163571923,0.0,12.631038258371738,0.0,11.57640563477809,0.0,9.54551913501205,0.0
Llspr,291.6,0.0,15.835216424170135,0.0,319.87178795250253,0.0,195.0,0.0,128.43534236311808,0.0,11.846854993953604,0.0,13.96424004376894,0.0,9.374466990918263,0.0,2087.305574062993,0.0,587.6002755129308,0.0,551.8974608799357,0.0,4.74132186512715,0.0,26.221514004351324,0.0,28941.334075373175,0.0,3078.3065166764254,0.0,11.846855062805924,0.0,10.688138597426162,0.0,8.416134730858461,0.0
Lltst,246.51372549019607,0.0,14.65788507156615,0.0,320.6264206706429,0.0,221.0,0.0,141.42363176653157,0.0,11.899186517161988,0.0,14.866068747318506,0.0,9.62393134064451,0.0,608.3550910560225,0.0,119.86452761317115,0.0,92.5869945180305,0.0,5.011600461086138,0.0,14.469457414722886,0.0,1703.047490987577,0.0,4494.478631818696,0.0,11.899186497959288,0.0,11.096208634445775,0.0,8.688745702135733,0.0
Lmstr,307.58431372549023,0.0,16.16881054525314,0.0,383.4330971149668,0.0,273.0,0.0,189.77369429826638,0.0,13.889027266030837,0.0,16.522711641858304,0.0,11.716904052886019,0.0,1150.099275913521,0.0,997.7858520456407,0.0,725.7890672789136,0.0,10.678254813381393,0.0,20.199427943885052,0.0,13878.333486230631,0.0,3400.5786322573645,0.0,13.889027118152494,0.0,13.467315679262928,0.0,10.868910558497921,0.0
Lnpqx,365.2588235294118,0.0,17.721296137516042,0.0,337.0108003534375,0.0,224.0,0.0,150.36948503699645,0.0,12.520022445862105,0.0,14.966629547095765,0.0,10.2808786957808,0.0,7872209979810047.0,0.0,7800463371553962.0,0.0,7544671231436474.0,0.0,4.998591469139832,0.0,8612.988383350405,0.0,21145.137541270364,0.0,6002.509935917037,0.0,11.941553244690187,0.0,11.41685347572319,0.0,8.745069262002497,0.0
Lnqvz,328.47058823529414,0.0,16.84440589620647,0.0,338.8658600724831,0.0,235.0,0.0,156.5252940831036,0.0,12.617188324916192,0.0,15.329709716755891,0.0,10.41191411061694,0.0,7872209979810047.0,0.0,7800463371553962.0,0.0,7544671231436474.0,0.0,4.262567969724272,0.0,88.94521267692707,0.0,20356.3322890519,0.0,4824.462155231242,0.0,12.045572712973863,0.0,11.260760683220427,0.0,8.801489044216595,0.0
Lnsbl,315.9686274509804,0.0,16.530081162450973,0.0,324.8407114661185,0.0,204.0,0.0,136.25941543810677,0.0,12.096154498030419,0.0,14.2828568570857,0.0,9.714954541660774,0.0,747.2520991811848,0.0,244.41971499632962,0.0,218.16379938203266,0.0,3.6060212977826356,0.0,21.623067993912713,0.0,20707.05518768635,0.0,4167.859282118783,0.0,12.096154596663165,0.0,11.21831392604016,0.0,8.779394354260145,0.0
Lobby,358.0235294117647,0.0,17.463636741171776,0.0,335.1972504855863,0.0,214.0,0.0,142.3769837972917,0.0,12.274118523510785,0.0,14.628738838327793,0.0,9.89229175046507,0.0,7281.828805332258,0.0,473.00539747277446,0.0,328.8954318945063,0.0,4.861426556305919,0.0,17.12294448710951,0.0,20706.482266009152,0.0,4167.148856141423,0.0,12.274118637973423,0.0,11.988188988843316,0.0,8.899935092082895,0.0
Lobto,316.4745098039216,0.0,16.452629331462276,0.0,331.3761045894895,0.0,212.0,0.0,142.63796225686355,0.0,12.284746885595947,0.0,14.560219778561036,0.0,9.935047253080736,0.0,705.0560577270796,0.0,228.23034374995623,0.0,172.8552839666176,0.0,4.219241558849291,0.0,15.132507957722849,0.0,13874.0138737703,0.0,3398.624587007862,0.0,12.2847468500197,0.0,11.882095597987293,0.0,9.01880830484735,0.0
Locke,315.2196078431373,0.0,16.280138407716148,0.0,292.8980837843095,0.0,150.0,0.0,96.56667190464269,0.0,10.82249927914985,0.0,12.24744871391589,0.0,7.982706862471157,0.0,613.0949890541883,0.0,147.58889993114335,0.0,100.16815783768237,0.0,3.6913899380742277,0.0,15.151720751387304,0.0,5964.610449057994,0.0,5522.953203785603,0.0,10.82249930192844,0.0,9.499780338118834,0.0,7.13158335750008,0.0
Logen,357.20392156862744,0.0,17.4298417907903,0.0,309.95742259360367,0.0,164.0,0.0,108.0663455683791,0.0,11.389414773384605,0.0,12.806248474865697,0.0,8.581806319464281,0.0,2893.967856187813,0.0,226.80923533787384,0.0,163.62802645111114,0.0,5.148762833369689,0.0,10.66002865886463,0.0,2963.6116793010838,0.0,1773.2870040160874,0.0,11.389414811122604,0.0,10.457162386268964,0.0,7.637352037174085,0.0
Logik,354.9686274509804,0.0,17.351755359948772,0.0,370.60167587790136,0.0,267.0,0.0,183.07188862582805,0.0,13.504113629148831,0.0,16.34013463836819,0.0,11.407015215333331,0.0,2908.1600722955977,0.0,404.6365145040892,0.0,289.6497493672517,0.0,6.110794668573551,0.0,16.815280139673142,0.0,8149.649183054865,0.0,4921.355815608504,0.0,13.504114448369444,0.0,13.30966770534414,0.0,10.554666126758676,0.0
Lohso,326.84313725490193,0.0,16.59153492422773,0.0,310.49328636748703,0.0,186.0,0.0,121.52999618354347,0.0,11.552887616157333,0.0,13.638181696985855,0.0,9.01937256504652,0.0,691.7181106672774,0.0,218.91064326489882,0.0,165.48516443960287,0.0,3.9818083845081538,0.0,15.287414593223861,0.0,1665.3125016021165,0.0,4494.48451294548,0.0,11.55288769558813,0.0,10.935504907074037,0.0,8.050994588111337,0.0
Lokol,325.7058823529412,0.0,16.643657935711396,0.0,332.0143524196065,0.0,214.0,0.0,143.3734958379324,0.0,12.315093503073655,0.0,14.628738838327793,0.0,9.976447757361305,0.0,730.0865897596873,0.0,293.7193517975968,0.0,245.39230154672236,0.0,4.711722201344742,0.0,25.161390602486293,0.0,22551.746408536612,0.0,1524.380409422445,0.0,12.315093519916,0.0,11.555945292051293,0.0,9.043850313013385,0.0
Lonst,289.54117647058825,0.0,15.701533264830852,0.0,300.2670966379026,0.0,186.0,0.0,116.96117529125705,0.0,11.144009845467346,0.0,13.638181696985855,0.0,8.65132644695911,0.0,609.2299473521068,0.0,107.04857401045591,0.0,73.42411648019252,0.0,5.610730001152369,0.0,10.957740543792482,0.0,1674.7911644866367,0.0,4494.173123668405,0.0,11.14400985683008,0.0,10.649841466851736,0.0,7.702408420128633,0.0
Lonus,314.77647058823527,0.0,16.362077665871823,0.0,290.8845903522615,0.0,166.0,0.0,102.82155943218167,0.0,10.742405879520689,0.0,12.884098726725126,0.0,8.07055355720113,0.0,609.0070502434664,0.0,113.05818323107046,0.0,78.03095250280654,0.0,3.223076128150046,0.0,13.619790156236373,0.0,39683.66807473404,0.0,3877.092526011511,0.0,10.742405921612807,0.0,10.105056549753222,0.0,7.117572359969592,0.0
Lorum,346.9568627450981,0.0,17.172256623385522,0.0,359.1692975749194,0.0,246.0,0.0,166.82978429275119,0.0,13.113897941440644,0.0,15.684387141358123,0.0,10.874548168709365,0.0,773.0235325574109,0.0,476.55500497777723,0.0,334.6347815705895,0.0,10.920451615259033,0.0,12.009950334355478,0.0,39684.20535900445,0.0,3878.9217452492207,0.0,13.11389796709428,0.0,13.22185266862483,0.0,10.02896941613215,0.0
Lotos,284.20784313725494,0.0,15.505690438873051,0.0,300.8827380941143,0.0,175.0,0.0,110.49158382148374,0.0,11.11363446994618,0.0,13.228756555322953,0.0,8.45502807502165,0.0,614.7345882138619,0.0,128.92494176767497,0.0,90.37737053526108,0.0,2.9862272741967395,0.0,15.695717416547861,0.0,22552.04903912112,0.0,1522.2219682069692,0.0,11.113634412141742,0.0,10.08153525495691,0.0,7.4289991220076566,0.0
Lotto,275.34901960784316,0.0,15.347861328745369,0.0,324.61682325368315,0.0,211.0,0.0,139.1739090875588,0.0,12.070470204919056,0.0,14.52583904633395,0.0,9.697846029104815,0.0,689.364519181196,0.0,221.86264218069604,0.0,167.40526712660733,0.0,4.374232898657794,0.0,14.33036258335547,0.0,13875.075069239929,0.0,3398.250941118994,0.0,12.070470129722445,0.0,11.337591850406978,0.0,8.782042452367985,0.0
Lpftr,288.92156862745094,0.0,15.767139115701585,0.0,346.4557616852039,0.0,241.0,0.0,161.49289964968466,0.0,12.795759937230544,0.0,15.524174696260024,0.0,10.583521450092167,0.0,2053.69572752231,0.0,970.5693328652175,0.0,909.4035911631497,0.0,8.706808631714392,0.0,24.986707979288386,0.0,13883.767381878628,0.0,3417.417848445589,0.0,12.795759816802155,0.0,12.323347510429139,0.0,9.723824349013146,0.0
Lppbk,400.19607843137254,0.0,18.49889758449404,0.0,357.06922914157315,0.0,247.0,0.0,170.0921155064178,0.0,13.147767921777602,0.0,15.716233645501712,0.0,11.060401523179687,0.0,2664.557379159601,0.0,1105.7353643413496,0.0,1019.1601837829644,0.0,5.402267738195695,0.0,32.36021252203128,0.0,20705.64669091446,0.0,4167.329908159264,0.0,13.147768012668715,0.0,13.256136218666331,0.0,10.305693033682525,0.0
Lrhnn,329.9098039215686,0.0,16.792697649523962,0.0,295.77900056516387,0.0,173.0,0.0,109.66061294312205,0.0,11.068426328735788,0.0,13.152946437965905,0.0,8.439807368824518,0.0,602.6099656342609,0.0,98.88944252291643,0.0,69.0958467029316,0.0,6.206319644455249,0.0,14.971314452787073,0.0,17851.202909049414,0.0,8525.773884747648,0.0,11.068426332189508,0.0,10.016052590276662,0.0,7.592638828472589,0.0
Lrstt,239.47450980392156,0.0,14.335133064768577,0.0,323.38893478006935,0.0,207.0,0.0,134.86524798807457,0.0,11.972125785830794,0.0,14.38749456993816,0.0,9.499051103067268,0.0,604.0463855619051,0.0,115.6681245349321,0.0,83.16063560281097,0.0,5.507653294467198,0.0,12.562872454042795,0.0,13877.657392515639,0.0,3398.31661445433,0.0,11.972125587533169,0.0,10.69119836566878,0.0,8.507716799114641,0.0
Lsmst,315.1843137254902,0.0,16.338243265501077,0.0,365.2074818623854,0.0,267.0,0.0,179.59869161915105,0.0,13.32757731719457,0.0,16.34013463836819,0.0,11.203009830806515,0.0,732.5781488398261,0.0,440.50774332707084,0.0,327.8579892357003,0.0,6.975762289122668,0.0,21.96690805537932,0.0,1685.8641486783133,0.0,4494.50406196283,0.0,13.327577348787864,0.0,13.213632706872072,0.0,10.291467480293669,0.0
Lswmn,377.8862745098039,0.0,17.872890943563313,0.0,416.7744144939179,0.0,323.0,0.0,229.09601582434289,0.0,14.973944881574303,0.0,17.97220075561143,0.0,13.017457876124801,0.0,1586.3566979831323,0.0,912.6213871594288,0.0,668.6089639388723,0.0,8.505601335421158,0.0,28.202303023583923,0.0,4507.449809276707,0.0,722.8990351362528,0.0,14.973945124314838,0.0,14.607322770582897,0.0,12.170282806666957,0.0
Lubst,304.5764705882353,0.0,16.200179417178962,0.0,317.5046336015115,0.0,205.0,0.0,132.606546110287,0.0,11.752071865564918,0.0,14.317821063276353,0.0,9.379164811919615,0.0,619.913391761319,0.0,111.52389650586441,0.0,79.0903754164683,0.0,6.216981867602075,0.0,11.297587885778954,0.0,1682.7217740343344,0.0,4494.664464565262,0.0,11.752071887540518,0.0,11.259183656058775,0.0,8.443588276937348,0.0
Luder,317.30980392156863,0.0,16.546458309367043,0.0,301.68287164633125,0.0,170.0,0.0,110.60625664585973,0.0,11.240470288657734,0.0,13.038404810405298,0.0,8.641293698766344,0.0,970.1286642052892,0.0,211.9028698602181,0.0,181.46576264031552,0.0,5.361693256089232,0.0,13.057856041073794,0.0,2974.944642602876,0.0,1775.256140396288,0.0,11.240470304281663,0.0,10.464920110841048,0.0,7.840251698202242,0.0
Luken,342.12549019607843,0.0,17.090951040204573,0.0,303.0524726054541,0.0,167.0,0.0,108.93863370388644,0.0,11.274147711266236,0.0,12.922847983320086,0.0,8.533789439015338,0.0,611.5225181808793,0.0,182.05826771043485,0.0,126.48002200127847,0.0,3.971676569724897,0.0,21.765925835869,0.0,2972.4157094076436,0.0,1774.0588582492815,0.0,11.274147761511449,0.0,9.936086706254068,0.0,7.756152665026153,0.0
Lundi,328.41568627450977,0.0,16.896390511081368,0.0,320.8628346137697,0.0,206.0,0.0,135.8594439016389,0.0,11.964574073577104,0.0,14.352700094407323,0.0,9.639751527355898,0.0,891.2108271663302,0.0,281.11467362491044,0.0,215.68031884504688,0.0,4.082224730324032,0.0,19.270396319496136,0.0,979.9275733607338,0.0,7604.415038505465,0.0,11.964574039781043,0.0,11.43369250873099,0.0,8.793478928500226,0.0
Luxus,308.0666666666667,0.0,16.221723512792657,0.0,308.6510083544095,0.0,190.0,0.0,119.69484177501438,0.0,11.38176218908001,0.0,13.784048752090222,0.0,8.80395495029681,0.0,609.7955763560808,0.0,153.01043567708885,0.0,115.71429501165285,0.0,2.912863344506148,0.0,39.854694276786844,0.0,39684.31955027379,0.0,3877.7521924936054,0.0,11.381762204690547,0.0,10.190069173621277,0.0,7.780733025193824,0.0
Lxhnt,319.7019607843137,0.0,16.553738756560513,0.0,312.8332308562828,0.0,208.0,0.0,132.47067603894575,0.0,11.638620369095179,0.0,14.422205101855956,0.0,9.309153446157392,0.0,805.6792633813852,0.0,608.8460042970671,0.0,512.5321712681006,0.0,5.260511268021178,0.0,59.75447772342847,0.0,17850.69525423773,0.0,8525.749880758425,0.0,11.63862038608612,0.0,11.066719052616106,0.0,8.416741521546353,0.0
Lyrpk,339.921568627451,0.0,16.917557973348945,0.0,355.1141498055657,0.0,237.0,0.0,161.45246214766564,0.0,12.962313305927557,0.0,15.394804318340652,0.0,10.698191306238204,0.0,46996.04322516997,0.0,2844.487987595911,0.0,1985.2072745192318,0.0,7.783891230457082,0.0,36.99577595958853,0.0,28941.511881367926,0.0,3079.3671203125427,0.0,12.9623133728339,0.0,12.117865352052577,0.0,9.855148149698278,0.0
Läden,350.07058823529417,0.0,17.296296159084477,0.0,299.66242592327137,0.0,163.0,0.0,107.04898065783259,0.0,11.187958772448871,0.0,12.767145334803704,0.0,8.555014760955261,0.0,974.2951512146973,0.0,248.746148086119,0.0,200.16824701007783,0.0,4.1468587038441225,0.0,13.577300843237749,0.0,2968.1172863589663,0.0,1775.1727760958784,0.0,11.18795881693373,0.0,10.613503765575604,0.0,7.831336531439808,0.0
Lätäs,300.0666666666666,0.0,15.857309231246116,0.0,308.33829459658193,0.0,193.0,0.0,123.16137896232861,0.0,11.431030120726772,0.0,13.892443989449804,0.0,9.006018736278577,0.0,647.4011852310177,0.0,285.63589679896484,0.0,207.6562939734805,0.0,3.5718197852043057,0.0,57.47021797450565,0.0,7902.221703087171,0.0,12085.666926580288,0.0,11.431030287269499,0.0,11.003838478032888,0.0,8.135791283293285,0.0
Löhne,352.9764705882353,0.0,17.319924278380746,0.0,294.77695992151143,0.0,160.0,0.0,103.00457387650295,0.0,10.977084618566808,0.0,12.649110640673518,0.0,8.261981843447062,0.0,619.7759542765857,0.0,165.956422191709,0.0,110.11655553045817,0.0,3.9193289292215305,0.0,14.693311898918711,0.0,17848.553594580153,0.0,8525.825760267311,0.0,10.977084635666113,0.0,10.333258332227436,0.0,7.412918061695451,0.0
Lömöt,368.48627450980393,0.0,17.637496319833534,0.0,379.7799498260406,0.0,278.0,0.0,189.42539548221936,0.0,13.727352666453369,0.0,16.673332000533065,0.0,11.598012931603373,0.0,767.586625806277,0.0,662.7950860031262,0.0,410.0315192167787,0.0,6.962714688447539,0.0,23.808755208292162,0.0,11909.713978410535,0.0,10781.429330656018,0.0,13.727352645018062,0.0,14.023584201379403,0.0,10.694936987790372,0.0
Lösön,337.56470588235294,0.0,16.830754424627393,0.0,314.80549745753603,0.0,176.0,0.0,115.92222924298775,0.0,11.610059537247926,0.0,13.2664991614216,0.0,8.877884181906923,0.0,700.637942651414,0.0,571.7098927130909,0.0,335.81254137486013,0.0,3.981916739846966,0.0,22.782840997391,0.0,11907.070568643534,0.0,10781.293987587664,0.0,11.610059575737433,0.0,10.407816402248663,0.0,7.856465076096683,0.0
Löwen,353.5725490196079,0.0,17.298583301439226,0.0,335.14419847025374,0.0,206.0,0.0,140.21995584061807,0.0,12.411499716154516,0.0,14.352700094407323,0.0,9.959559370672833,0.0,1342.3478348710978,0.0,362.0339404106901,0.0,267.5623306360957,0.0,3.7662941274790755,0.0,19.364318901088385,0.0,2982.882528956163,0.0,1775.0707514423175,0.0,12.411499762673177,0.0,11.307877960144738,0.0,9.106119438182034,0.0
Löwin,337.6078431372549,0.0,16.942482702002412,0.0,371.00047270429405,0.0,269.0,0.0,186.18372892064946,0.0,13.65642455245865,0.0,16.401219466856727,0.0,11.551047864551393,0.0,1344.3659309481802,0.0,371.6311170862406,0.0,274.8835139391576,0.0,4.286431479580677,0.0,20.850086133276243,0.0,8156.572718693132,0.0,4921.774465120142,0.0,13.65642536521712,0.0,12.902453529390197,0.0,10.6985410608918,0.0
Lüfte,298.7294117647059,0.0,16.04153873584004,0.0,332.90692335854203,0.0,208.0,0.0,139.4459320551087,0.0,12.300275346532496,0.0,14.422205101855956,0.0,9.803337209001313,0.0,619.7718187777625,0.0,170.19823211028526,0.0,134.00197440140292,0.0,5.195837136598315,0.0,19.040444034689866,0.0,13883.419183622575,0.0,3418.867390469101,0.0,12.300275262314885,0.0,11.223908392601736,0.0,8.956777445215526,0.0
Lüste,293.10980392156864,0.0,15.835497575633578,0.0,320.1810403880363,0.0,182.0,0.0,122.54402026113078,0.0,11.87916706911475,0.0,13.490737563232042,0.0,9.210227497958224,0.0,612.3948566049976,0.0,130.0287460042542,0.0,99.29612679649637,0.0,5.31205038587478,0.0,12.796304316462082,0.0,13874.927944894152,0.0,3399.558215028853,0.0,11.87916699566224,0.0,10.355689125888885,0.0,8.301205067963133,0.0
Mache,394.6745098039216,0.0,18.207487971265014,0.0,344.5918874092938,0.0,231.0,0.0,160.05727116013344,0.0,12.858348677315316,0.0,15.198684153570664,0.0,10.733364465883785,0.0,1376.0270324630371,0.0,435.9160175605032,0.0,336.7596516891093,0.0,9.539176428079967,0.0,10.06554785746767,0.0,13279.573763948052,0.0,5769.676820030471,0.0,12.858348806545395,0.0,12.778185019511284,0.0,10.039799413348874,0.0
Macht,377.52941176470586,0.0,17.828320501900702,0.0,357.9305730119628,0.0,269.0,0.0,182.87889291145916,0.0,13.26749708234121,0.0,16.401219466856727,0.0,11.35842021432658,0.0,1376.1599468846528,0.0,436.8759480905944,0.0,337.2181980173663,0.0,12.942037207991378,0.0,9.735766297402288,0.0,13281.32186431091,0.0,5769.72255525867,0.0,13.267497264576043,0.0,13.608709862246734,0.0,10.5960869691482,0.0
Macke,394.0980392156863,0.0,18.14924627445013,0.0,360.9806767172567,0.0,254.0,0.0,177.27202554167698,0.0,13.36444333187335,0.0,15.937377450509228,0.0,11.323894065638088,0.0,1378.3070670126172,0.0,450.09517081482164,0.0,345.13118755524647,0.0,9.673841605656586,0.0,14.752603377224828,0.0,5966.198238058453,0.0,5525.260931060327,0.0,13.364443367858637,0.0,13.154572460971306,0.0,10.622713308490173,0.0
Madam,462.0705882352941,0.0,19.740140351567337,0.0,442.4150657557031,0.0,377.0,0.0,269.655302869936,0.0,15.778304947928271,0.0,19.4164878389476,0.0,14.196306413442082,0.0,1644.2095273755233,0.0,668.5798624096644,0.0,501.36939940654975,0.0,5.6871780000881245,0.0,15.473963072655954,0.0,7607.733001495505,0.0,10094.130043674024,0.0,15.778304937055216,0.0,17.003787535926378,0.0,13.428473577755287,0.0
Maden,421.01960784313724,0.0,18.920892805161337,0.0,367.23313411771596,0.0,265.0,0.0,186.68665311831114,0.0,13.651225527713487,0.0,16.278820596099706,0.0,11.698385757875874,0.0,1572.8870667572032,0.0,477.3554536360493,0.0,378.38811348137494,0.0,8.696052931535869,0.0,11.850394983783543,0.0,2966.4015202626124,0.0,1780.1648001303474,0.0,13.651225551318499,0.0,13.849012983582059,0.0,11.018745558274265,0.0
Mafia,365.3058823529412,0.0,17.55935285656204,0.0,400.28402217941823,0.0,324.0,0.0,227.27596375618273,0.0,14.616404803454756,0.0,18.0,0.0,12.833242977645495,0.0,1383.0873332158096,0.0,466.87677913157825,0.0,361.20758100189,0.0,13.763570338364874,0.0,20.66788606507286,0.0,8163.152909093323,0.0,4936.895972138275,0.0,14.616405668911396,0.0,14.815808019850524,0.0,12.043123926387805,0.0
Magen,436.08235294117645,0.0,19.187277519445733,0.0,378.0400155265508,0.0,268.0,0.0,188.7716992054134,0.0,13.827531370560926,0.0,16.3707055437449,0.0,11.75390861213607,0.0,3146.250921020422,0.0,481.9186743035483,0.0,368.5864997785261,0.0,8.448240465681664,0.0,9.899633348046418,0.0,2965.581676427241,0.0,1779.7848487438778,0.0,13.827531393363165,0.0,13.861789035084882,0.0,10.968669171165825,0.0
Magie,408.93333333333334,0.0,18.610860723524702,0.0,405.00197743678666,0.0,309.0,0.0,220.41818611399214,0.0,14.67529289112717,0.0,17.578395831246947,0.0,12.766469258513814,0.0,3147.0893556493834,0.0,488.3717047734304,0.0,373.51321932469745,0.0,11.998829627108384,0.0,11.848709694226791,0.0,8148.111900032218,0.0,4923.5534345393635,0.0,14.675293672081994,0.0,14.82993686233264,0.0,11.974132428240008,0.0
Magma,477.1333333333333,0.0,19.995613898137726,0.0,469.2025051084416,0.0,394.0,0.0,286.110855749023,0.0,16.399759766933034,0.0,19.849433241279208,0.0,14.697058631918138,0.0,3250.4277932051423,0.0,943.3890831484717,0.0,690.4667866313011,0.0,5.6240330281188315,0.0,16.56166911960075,0.0,4493.51375984525,0.0,739.1702009690387,0.0,16.399759990096303,0.0,17.191135055863487,0.0,13.843515586552193,0.0
Mahsa,401.1411764705882,0.0,18.30696982505071,0.0,373.09655555334507,0.0,284.0,0.0,197.8286177167626,0.0,13.819207586157509,0.0,16.852299546352718,0.0,11.93083997055686,0.0,1379.2501044942135,0.0,448.11202427499074,0.0,345.3366164816065,0.0,11.682322003520229,0.0,16.421513099311984,0.0,1664.8034779784018,0.0,4497.077599222994,0.0,13.819207654214237,0.0,14.017988135680113,0.0,11.121352873423033,0.0
Mails,349.56862745098044,0.0,17.25752832062066,0.0,406.52086310044797,0.0,336.0,0.0,236.42355012496773,0.0,14.846438171911613,0.0,18.33030277982336,0.0,13.134927476418778,0.0,1382.6491589646744,0.0,451.68534498241826,0.0,351.2034737145243,0.0,15.585645655768152,0.0,14.088405867491653,0.0,24644.715014136742,0.0,13224.422380260048,0.0,14.846439283682122,0.0,14.962529522741152,0.0,12.37141835293076,0.0
Major,369.3294117647059,0.0,17.642154002473223,0.0,391.5927236412874,0.0,305.0,0.0,211.4008138340792,0.0,14.223196303440016,0.0,17.46424919657298,0.0,12.34252044396489,0.0,101377.5672633942,0.0,6572.098809619623,0.0,5891.424823707697,0.0,14.567043263200961,0.0,49.669104522461915,0.0,22553.283755653527,0.0,1541.7154035186911,0.0,14.223196239990502,0.0,14.28597482899611,0.0,11.5428734877179,0.0
Makro,397.54509803921565,0.0,18.221032584642288,0.0,397.01748471665775,0.0,315.0,0.0,220.72657011022025,0.0,14.481170555385704,0.0,17.74823934929885,0.0,12.647703194364553,0.0,1418.9547937593393,0.0,505.94405435754265,0.0,387.0403297887487,0.0,11.914337681000651,0.0,24.624355074052872,0.0,2465.0618186350807,0.0,2729.440947258035,0.0,14.481170811956702,0.0,14.583231770501015,0.0,11.848443789427046,0.0
Malta,357.94509803921574,0.0,17.439677326482453,0.0,398.33594927558045,0.0,323.0,0.0,227.6787455095706,0.0,14.6242513599131,0.0,17.97220075561143,0.0,12.87521012142092,0.0,1382.2752421573896,0.0,453.0053995860938,0.0,349.93364541077545,0.0,14.272551687309054,0.0,16.718001311187525,0.0,13874.522315695593,0.0,3403.1302473395313,0.0,14.62425126359007,0.0,14.71000356423564,0.0,12.092331440739219,0.0
Maori,356.66666666666663,0.0,17.341893015587736,0.0,390.56710760562527,0.0,311.0,0.0,216.24964809909062,0.0,14.284946224804326,0.0,17.635192088548397,0.0,12.484218018413223,0.0,1473.2532236180193,0.0,510.5711734289109,0.0,392.5810413155846,0.0,17.125098380046783,0.0,22.230409197829516,0.0,2470.151369706209,0.0,2730.9528580748724,0.0,14.284946346501865,0.0,14.544669250973374,0.0,11.665601955822092,0.0
Marke,391.69411764705876,0.0,18.125217839309254,0.0,369.6026664687146,0.0,271.0,0.0,188.79119364893177,0.0,13.66483670430125,0.0,16.46207763315433,0.0,11.667412080633337,0.0,1378.0803686434388,0.0,450.74114074310717,0.0,345.5977815970885,0.0,9.750873845943907,0.0,12.432526267523102,0.0,5969.145606236621,0.0,5525.825620336731,0.0,13.664836775074056,0.0,13.51112356555583,0.0,10.938493021332485,0.0
Maske,399.2941176470588,0.0,18.276522652759102,0.0,371.31791141412145,0.0,271.0,0.0,189.44996955717886,0.0,13.708080884805725,0.0,16.46207763315433,0.0,11.713095737690262,0.0,1378.9588051489743,0.0,452.50110789106515,0.0,347.0641478659979,0.0,9.465649714386435,0.0,13.02527906355428,0.0,5966.452864373539,0.0,5525.407462614874,0.0,13.708080925977304,0.0,13.49390837268474,0.0,10.92943159417073,0.0
Masse,366.09411764705885,0.0,17.497592738259367,0.0,359.66008611718917,0.0,247.0,0.0,173.09421207967523,0.0,13.328579706765192,0.0,15.716233645501712,0.0,11.209310110764642,0.0,1377.4606218745398,0.0,439.37858131295866,0.0,339.51032219692985,0.0,13.324491199421889,0.0,10.699863190355584,0.0,1662.1315432238114,0.0,4496.46191145368,0.0,13.328579786346875,0.0,12.864806720331728,0.0,10.387162010377152,0.0
Matta,349.64705882352945,0.0,17.187872480323044,0.0,387.2200924395411,0.0,309.0,0.0,215.47253062077795,0.0,14.254737353090393,0.0,17.578395831246947,0.0,12.451669708924477,0.0,1378.071241419729,0.0,449.5615069827238,0.0,346.26083014844824,0.0,14.745006667608155,0.0,15.416732087673433,0.0,13875.23839125304,0.0,3401.511158746827,0.0,14.254737271963789,0.0,14.333865983404673,0.0,11.661485564350611,0.0
Matte,348.3764705882353,0.0,17.21704313738174,0.0,379.3240251552428,0.0,289.0,0.0,202.15119926646338,0.0,14.00006893618247,0.0,17.0,0.0,12.088622481859042,0.0,1376.5982382265784,0.0,440.47053957327506,0.0,340.02049224636175,0.0,14.95519710621238,0.0,10.008120514087894,0.0,13874.810412582716,0.0,3401.1319150918584,0.0,14.000068840274903,0.0,13.909250839090632,0.0,11.361471763785843,0.0
Mauer,374.8705882352941,0.0,17.803590737187115,0.0,351.73152257927666,0.0,251.0,0.0,170.54801062184825,0.0,13.03644017168895,0.0,15.84297951775486,0.0,10.973030505255492,0.0,1375.7486286275064,0.0,437.16647831758576,0.0,337.31915288579177,0.0,14.756062060213262,0.0,11.57800843347763,0.0,2975.295520106681,0.0,1780.2081424126145,0.0,13.036440168280977,0.0,13.08865303804597,0.0,10.229887894860575,0.0
Maxan,397.35686274509806,0.0,18.257382363446585,0.0,370.678811608337,0.0,284.0,0.0,195.0432301399401,0.0,13.69830986504297,0.0,16.852299546352718,0.0,11.78039205792985,0.0,1379.7017535249463,0.0,454.29977673010745,0.0,351.2684871728875,0.0,9.394362074923775,0.0,39.49403083892247,0.0,7606.853344807522,0.0,10093.442656390027,0.0,13.698309783454429,0.0,13.627337673333713,0.0,10.953054840757762,0.0
Mbbrp,440.15294117647056,0.0,19.397623290284898,0.0,429.92753607601026,0.0,348.0,0.0,251.00267331530102,0.0,15.44066229357563,0.0,18.65475810617763,0.0,13.7137682785831,0.0,6246.694704014798,0.0,1214.0527231137169,0.0,1158.3583510425708,0.0,10.10344894593211,0.0,47.131259785651544,0.0,2465.318182272689,0.0,2730.4385953287483,0.0,15.440662559943313,0.0,15.947142107669979,0.0,12.920292404650453,0.0
Mbprp,442.85490196078433,0.0,19.433843652849895,0.0,432.0635265441362,0.0,347.0,0.0,251.49803602028265,0.0,15.517297951127036,0.0,18.627936010197157,0.0,13.768215729253896,0.0,6462.5528697756035,0.0,1288.1418070386303,0.0,1227.76012668601,0.0,9.97042240599768,0.0,51.624077141101665,0.0,2464.976061315532,0.0,2730.439158863619,0.0,15.517298204146007,0.0,15.971796127288979,0.0,12.992444139194227,0.0
Mbscr,367.72156862745095,0.0,17.59829559046416,0.0,384.8303930668659,0.0,285.0,0.0,200.54538149008926,0.0,14.076660329525694,0.0,16.881943016134134,0.0,12.116828241262542,0.0,1427.7355303675326,0.0,478.3577391416086,0.0,377.22014142490804,0.0,18.630607810613604,0.0,30.527674832886213,0.0,415.3482831644251,0.0,1448.3603252053551,0.0,14.07666028853375,0.0,14.07972438911958,0.0,11.290187300299824,0.0
Mbsst,371.6588235294118,0.0,17.74751581405593,0.0,398.13090015356033,0.0,315.0,0.0,220.99896403563417,0.0,14.495184586431225,0.0,17.74823934929885,0.0,12.685962473609486,0.0,1422.2281860428025,0.0,479.48156894768067,0.0,378.0383320111206,0.0,18.085823886444558,0.0,27.412844778375465,0.0,1677.956944070688,0.0,4496.772547836364,0.0,14.495184614608906,0.0,14.647294492248705,0.0,11.80450365007746,0.0
Mbstr,364.05882352941177,0.0,17.591661633164822,0.0,410.0536228955178,0.0,327.0,0.0,232.24456006011656,0.0,14.882912718032198,0.0,18.083141320025124,0.0,13.076004467406785,0.0,1422.204312341139,0.0,481.8295823722857,0.0,379.7282458845835,0.0,19.109908594762427,0.0,28.27705238687383,0.0,13876.115457326576,0.0,3401.7469006586452,0.0,14.882912610961757,0.0,14.914129197543778,0.0,12.24237789462716,0.0
Mbzng,456.0745098039215,0.0,19.725909245928907,0.0,416.5453957123704,0.0,329.0,0.0,233.74361855930428,0.0,14.971923746936634,0.0,18.138357147217054,0.0,13.16881158221623,0.0,6232.783734704663,0.0,789.9830260201627,0.0,599.1271316354486,0.0,7.322315683280943,0.0,40.914796567799655,0.0,17849.26103227788,0.0,8527.141960964318,0.0,14.971923737784243,0.0,15.31712648793121,0.0,12.288358748302008,0.0
Mchzt,373.5411764705882,0.0,17.814048687540424,0.0,392.12313095509705,0.0,320.0,0.0,219.41872564926337,0.0,14.287309765462963,0.0,17.88854381999832,0.0,12.478835447544249,0.0,1386.6403295480693,0.0,446.2170433338504,0.0,344.0938229706417,0.0,14.334684667135836,0.0,17.518860684285404,0.0,4604.562745129463,0.0,4338.444772335308,0.0,14.2873097569254,0.0,14.567653972410096,0.0,11.667169667163027,0.0
Mckbr,400.92156862745094,0.0,18.372956657331446,0.0,392.5823920741765,0.0,306.0,0.0,212.92243326577432,0.0,14.275685208844921,0.0,17.4928556845359,0.0,12.38717255873931,0.0,1408.1739175565758,0.0,471.398154082226,0.0,359.4494401063256,0.0,11.153341393764393,0.0,29.155850843276536,0.0,20706.669424521315,0.0,4169.5780418416,0.0,14.275685353007777,0.0,14.344965290208636,0.0,11.567283866223448,0.0
Mcndc,392.78431372549016,0.0,18.224804066866213,0.0,371.29886194606706,0.0,270.0,0.0,188.71675498663706,0.0,13.684324747841545,0.0,16.431676725154983,0.0,11.717907126569424,0.0,1608.7579213541708,0.0,449.6950277966851,0.0,349.37441194229683,0.0,10.304103778580581,0.0,61.59701658505154,0.0,951.4561809466109,0.0,7605.078733448177,0.0,13.684324616651994,0.0,13.802448001832031,0.0,10.966936651539873,0.0
Medes,400.278431372549,0.0,18.45577316843989,0.0,369.23167527121154,0.0,263.0,0.0,184.89893081653975,0.0,13.654929588440465,0.0,16.217274740226856,0.0,11.651819074508069,0.0,1573.449787567946,0.0,478.76871616462586,0.0,379.57095015160655,0.0,12.299735652735741,0.0,13.00935347296334,0.0,2965.8514255470045,0.0,1780.0828613935607,0.0,13.654929587132187,0.0,13.785588954649997,0.0,10.90527480010508,0.0
Meere,365.5098039215686,0.0,17.619750984611212,0.0,358.9423976316474,0.0,245.0,0.0,171.46244182153475,0.0,13.300990761311441,0.0,15.652475842498529,0.0,11.153607773132638,0.0,1376.1656602879075,0.0,438.5364676034942,0.0,338.86150159670814,0.0,14.041260695108942,0.0,13.733528346914131,0.0,2457.1161277117367,0.0,2728.682868965477,0.0,13.300990958903034,0.0,13.009342547018527,0.0,10.465778991466998,0.0
Mehlt,380.8941176470588,0.0,18.092500161434387,0.0,405.3521222042081,0.0,335.0,0.0,235.14663488087035,0.0,14.815067728716144,0.0,18.303005217723125,0.0,13.081080858698447,0.0,1382.7161638727985,0.0,448.96109455593523,0.0,349.53219634001954,0.0,15.575813742402802,0.0,13.018934742244253,0.0,24640.876868775813,0.0,13224.124066365874,0.0,14.815068641623366,0.0,15.206451999869666,0.0,12.329382049651542,0.0
Meile,356.58431372549023,0.0,17.5390967674264,0.0,394.1627392348835,0.0,304.0,0.0,215.9278885143592,0.0,14.48556522779176,0.0,17.435595774162696,0.0,12.609030611925286,0.0,1381.9243758179693,0.0,448.1987532446625,0.0,348.91251295303545,0.0,13.834711125306388,0.0,12.17454704656706,0.0,24643.92050721796,0.0,13224.281494549752,0.0,14.485566254701295,0.0,14.324279840955082,0.0,11.906961211337913,0.0
Melti,339.43921568627457,0.0,17.14515409997472,0.0,413.10458854365396,0.0,343.0,0.0,241.81676562995432,0.0,15.020140496196934,0.0,18.520259177452136,0.0,13.289850965586158,0.0,1475.3200216737962,0.0,507.916954058308,0.0,391.6897344772847,0.0,18.37000891142881,0.0,19.459481198654874,0.0,13875.865238113429,0.0,3403.7177614720918,0.0,15.020140347740524,0.0,15.09505429957787,0.0,12.492476897841543,0.0
Menen,403.7647058823529,0.0,18.545776775774037,0.0,347.3183926712378,0.0,236.0,0.0,163.17387992613834,0.0,12.974238313740353,0.0,15.362291495737216,0.0,10.81491011266558,0.0,1375.3927946088525,0.0,435.23485601448033,0.0,336.356876391064,0.0,9.454973338758844,0.0,10.218439709762448,0.0,2966.4723386312035,0.0,1779.4282631621727,0.0,12.974238327830136,0.0,12.84488608492051,0.0,10.1507276783161,0.0
Menge,434.81176470588235,0.0,19.213412830698378,0.0,376.2893084754161,0.0,260.0,0.0,184.10886213595927,0.0,13.762769089707337,0.0,16.1245154965971,0.0,11.648541604554442,0.0,4971.007626469725,0.0,547.7125404908874,0.0,417.590049499522,0.0,7.157488650015652,0.0,11.006714453198223,0.0,25190.340036101516,0.0,9871.992288623816,0.0,13.762769069530279,0.0,13.624286038656681,0.0,10.86718116818361,0.0
Mensa,385.564705882353,0.0,18.0153819534337,0.0,362.17443605834694,0.0,266.0,0.0,184.1831896608166,0.0,13.456581363757278,0.0,16.30950643030009,0.0,11.482284536576064,0.0,1377.9165461771427,0.0,446.1084757974379,0.0,343.8756618806439,0.0,12.241359549370868,0.0,16.013396434402033,0.0,1663.0016626965137,0.0,4496.731000189326,0.0,13.45658141811314,0.0,13.471627468923414,0.0,10.681291323099497,0.0
Menüs,404.89803921568625,0.0,18.51645651470126,0.0,368.1873951668691,0.0,274.0,0.0,187.88817604312027,0.0,13.560840454771249,0.0,16.55294535724685,0.0,11.581813324291538,0.0,1407.1948791011175,0.0,480.69297735429217,0.0,380.206300332741,0.0,10.666615243026726,0.0,25.53327507884235,0.0,30051.31580526123,0.0,5107.216392258542,0.0,13.560840490678059,0.0,13.748091124397641,0.0,10.792025022336535,0.0
Meper,392.19215686274504,0.0,18.25734572215104,0.0,364.7472115035673,0.0,253.0,0.0,177.2543539820924,0.0,13.476557919661051,0.0,15.905973720586866,0.0,11.376193497199298,0.0,2158.330923499787,0.0,615.8702027270404,0.0,530.4281324525144,0.0,14.173402131697937,0.0,21.09824646574983,0.0,2969.2843730668255,0.0,1780.3341290534336,0.0,13.476557906401654,0.0,13.473082045711331,0.0,10.655443020100618,0.0
Messe,364.82352941176475,0.0,17.526247905031024,0.0,358.927450923057,0.0,241.0,0.0,169.1111632092116,0.0,13.287345482611313,0.0,15.524174696260024,0.0,11.092266948877814,0.0,1377.4447020916905,0.0,438.80553849619116,0.0,339.22142440180926,0.0,13.434997028704506,0.0,10.979710680989742,0.0,1660.6428110469583,0.0,4496.281002099002,0.0,13.287345548277449,0.0,12.676531138175797,0.0,10.258935012158869,0.0
Meter,348.36470588235295,0.0,17.227652726196933,0.0,355.85193969963495,0.0,253.0,0.0,173.29493810780605,0.0,13.191905648800526,0.0,15.905973720586866,0.0,11.102455052842785,0.0,1375.9058476601351,0.0,437.08665988943824,0.0,337.4888423542759,0.0,16.296853026075443,0.0,10.840794528743274,0.0,2975.0712784536017,0.0,1779.7133144970678,0.0,13.191905657624021,0.0,12.965099482828972,0.0,10.366010982164788,0.0
Meute,372.34117647058827,0.0,17.84963940998565,0.0,373.7383376466201,0.0,275.0,0.0,191.43817403957837,0.0,13.774227886541894,0.0,16.583123951777,0.0,11.749774022913574,0.0,1376.4092349459784,0.0,439.4059666640348,0.0,339.2746072538816,0.0,13.70354914474217,0.0,10.7238606545543,0.0,13874.341019846155,0.0,3400.834153963448,0.0,13.774227833728036,0.0,13.67730497142422,0.0,10.999304043481018,0.0
Midil,367.7882352941176,0.0,17.890747083863268,0.0,437.51086536542323,0.0,383.0,0.0,272.80021116717745,0.0,15.758873420786127,0.0,19.570385790780925,0.0,14.201844838391953,0.0,1619.3318993303096,0.0,529.8621317764984,0.0,433.21729280062056,0.0,13.917261153084075,0.0,17.34139939359379,0.0,8153.867419100328,0.0,4924.841741170382,0.0,15.758874048051117,0.0,16.19548101478621,0.0,13.414400478508108,0.0
Mieze,362.7137254901961,0.0,17.636661861003766,0.0,373.53266165702644,0.0,277.0,0.0,192.23147439022154,0.0,13.74229478854763,0.0,16.64331697709324,0.0,11.746694795496825,0.0,1377.975878717799,0.0,443.4411065898872,0.0,342.30497867900607,0.0,11.556974227391013,0.0,13.982573135106556,0.0,4602.9857684350745,0.0,4338.238704897042,0.0,13.742294786119981,0.0,13.488237325507749,0.0,11.03295897999092,0.0
Milch,368.5921568627451,0.0,17.758906121603022,0.0,400.8103813277729,0.0,319.0,0.0,223.68899374462146,0.0,14.615212969718689,0.0,17.86057109949175,0.0,12.751183951863936,0.0,1401.6649103194147,0.0,498.0478873588643,0.0,379.7628717398131,0.0,10.493759604387593,0.0,14.736080498631228,0.0,448.57842475939987,0.0,1453.1895416582606,0.0,14.615212928522425,0.0,14.552920130662375,0.0,11.990769167935367,0.0
Milin,351.80392156862746,0.0,17.464846661124117,0.0,416.42734341854407,0.0,355.0,0.0,249.5439133771186,0.0,15.154447518933694,0.0,18.841443681416774,0.0,13.456943809451595,0.0,1382.135675843142,0.0,448.63260070058334,0.0,347.0637167080618,0.0,12.159389165581667,0.0,14.008559774707305,0.0,8153.7469866963365,0.0,4924.913039469981,0.0,15.15444833775659,0.0,15.130327713635939,0.0,12.706682769005889,0.0
Miliz,337.9019607843137,0.0,17.143930588313655,0.0,424.9570790880226,0.0,370.0,0.0,258.7134248921163,0.0,15.351677109646019,0.0,19.235384061671343,0.0,13.684308711503297,0.0,1449.3354949992968,0.0,757.6624340860242,0.0,537.062315944845,0.0,14.491926219253816,0.0,24.103531872998765,0.0,8155.039143316608,0.0,4925.168166895618,0.0,15.35167789645365,0.0,15.413576113632038,0.0,12.87071373252985,0.0
Minen,387.79999999999995,0.0,18.214076207363867,0.0,361.2154762511458,0.0,265.0,0.0,182.53521607488952,0.0,13.419054292605873,0.0,16.278820596099706,0.0,11.397699818118419,0.0,1375.6640806891298,0.0,436.0927603060901,0.0,336.83183688415977,0.0,8.735597764590748,0.0,10.707472455774234,0.0,2973.38869066819,0.0,1780.3950674939838,0.0,13.41905428443157,0.0,13.332310141322258,0.0,10.706221187982358,0.0
Mirki,358.49411764705883,0.0,17.468274312555025,0.0,406.16445660099447,0.0,340.0,0.0,235.61188127238117,0.0,14.744470825251703,0.0,18.439088914585774,0.0,12.993543516154485,0.0,1473.0219903608534,0.0,514.5600879918258,0.0,393.7098981992686,0.0,12.413106665586167,0.0,20.380081435935324,0.0,5976.040817339255,0.0,5526.505592926758,0.0,14.744470828994418,0.0,14.79117205857638,0.0,12.164753799236898,0.0
Mitte,331.1411764705882,0.0,16.8889586493632,0.0,392.4884735410186,0.0,312.0,0.0,217.5294865447509,0.0,14.375138311637762,0.0,17.663521732655695,0.0,12.508789981996062,0.0,1376.8533601768606,0.0,440.747745123847,0.0,340.2022767201759,0.0,14.527935697381752,0.0,10.406538176582343,0.0,13876.871082763526,0.0,3401.5793264894373,0.0,14.375138164114718,0.0,14.1921753487023,0.0,11.74825744291648,0.0
Mitti,315.1764705882353,0.0,16.524032804697494,0.0,415.88581528752263,0.0,358.0,0.0,248.9718868899128,0.0,15.055682913084395,0.0,18.920887928424502,0.0,13.373049837482826,0.0,1471.6354817463236,0.0,505.5875833401469,0.0,388.8233434899552,0.0,18.53841038381819,0.0,18.163239220628167,0.0,13878.740971645304,0.0,3402.6354469127045,0.0,15.055682709545954,0.0,15.155710703000187,0.0,12.546459427811982,0.0
Mixer,351.7803921568627,0.0,17.298843336380163,0.0,377.0371856538884,0.0,288.0,0.0,197.3482389496647,0.0,13.82780809670257,0.0,16.97056274847714,0.0,11.837197290149584,0.0,1379.7004756309357,0.0,452.00683634650056,0.0,350.0138060265764,0.0,14.612058439376437,0.0,39.457776521650985,0.0,2981.8769440572737,0.0,1781.0231954149772,0.0,13.827808075285581,0.0,13.485979933267524,0.0,11.00761550958737,0.0
Mißis,380.28235294117644,0.0,17.933856001439114,0.0,429.5801803168666,0.0,367.0,0.0,259.4376354950713,0.0,15.460261982569643,0.0,19.157244060668017,0.0,13.785213779102747,0.0,1575.9458987775167,0.0,1110.1493620629403,0.0,785.8238423903595,0.0,13.372419390980053,0.0,25.918159557961484,0.0,8153.130281817804,0.0,4923.892439647895,0.0,15.460262676982861,0.0,15.72439118953515,0.0,12.96773096354701,0.0
Mkdcn,431.18039215686275,0.0,19.095684116173146,0.0,406.819820349366,0.0,321.0,0.0,227.71519540160057,0.0,14.787284525976542,0.0,17.916472867168917,0.0,12.963173779526864,0.0,1664.1735272419573,0.0,748.8995530116473,0.0,597.3815879567577,0.0,11.432953678863477,0.0,48.74431222650559,0.0,442.86012833516355,0.0,1449.6664375420523,0.0,14.787284509069385,0.0,15.028701078829737,0.0,12.221854881546369,0.0
Mlrkl,372.7294117647059,0.0,17.87844212481774,0.0,421.38362312132557,0.0,358.0,0.0,252.4379694584966,0.0,15.256977622059429,0.0,18.920887928424502,0.0,13.584051901745129,0.0,1432.0050385290324,0.0,505.952992931862,0.0,406.6429425876013,0.0,11.377434354638517,0.0,19.150598370119443,0.0,5978.334052698049,0.0,5526.913547950144,0.0,15.256977628434088,0.0,15.30833431711128,0.0,12.775933254323109,0.0
Mmbnm,518.4901960784314,0.0,20.984798144653595,0.0,510.4579454452314,0.0,457.0,0.0,332.6840501796803,0.0,17.430909560853262,0.0,21.37755832643195,0.0,15.902034703192944,0.0,1761.4847158077876,0.0,1181.2304164183233,0.0,862.7331889481687,0.0,6.3219235513257175,0.0,22.18313511361626,0.0,17853.202266794036,0.0,8528.873293741524,0.0,17.430909565674316,0.0,18.893248449989514,0.0,15.137285137820623,0.0
Mmhrm,492.9294117647059,0.0,20.400641899875385,0.0,526.0666618856695,0.0,479.0,0.0,348.698607101339,0.0,17.82032071155528,0.0,21.88606862823929,0.0,16.260066853460668,0.0,1756.6183734975873,0.0,1181.5387641874474,0.0,862.9063787400988,0.0,8.738425985069458,0.0,22.628464081128843,0.0,2495.2018027181957,0.0,2735.4683753977056,0.0,17.82032073395309,0.0,19.107414405212314,0.0,15.491523349248688,0.0
Mmtth,423.56078431372555,0.0,18.997104131891362,0.0,477.8575492862017,0.0,415.0,0.0,300.05553303308113,0.0,16.68003795595154,0.0,20.37154878746336,0.0,15.00499662186849,0.0,1701.9422456685204,0.0,1110.2889267319567,0.0,815.4269989869033,0.0,12.649701197439082,0.0,23.65365130692978,0.0,13879.559586628839,0.0,3404.6171024451924,0.0,16.68003788894164,0.0,17.17349227491195,0.0,14.253835986067394,0.0
Mobil,386.41568627450977,0.0,18.2365287374587,0.0,429.67337592592014,0.0,362.0,0.0,259.12920687558574,0.0,15.504242898359738,0.0,19.026297590440446,0.0,13.860846622210431,0.0,1439.8423983994892,0.0,500.861709256313,0.0,403.138160790798,0.0,15.090713365917745,0.0,16.017084322497617,0.0,8151.345638529438,0.0,4924.69612511075,0.0,15.504243707196746,0.0,15.987561266038893,0.0,13.057721357116323,0.0
Mocko,404.52941176470586,0.0,18.3674649252863,0.0,383.8661155141379,0.0,291.0,0.0,203.93433380550198,0.0,14.061046939664761,0.0,17.05872210923198,0.0,12.158062967323394,0.0,1419.4759280656135,0.0,493.0264960761411,0.0,378.28126822201244,0.0,8.982159259824584,0.0,18.14799376865732,0.0,5967.712452547536,0.0,5525.305392729435,0.0,14.061046973510937,0.0,14.137820507689174,0.0,11.349481660547145,0.0
Modem,465.38039215686274,0.0,19.878704077906924,0.0,444.8252282498938,0.0,365.0,0.0,264.2339203588057,0.0,15.829475311907697,0.0,19.1049731745428,0.0,14.128974429562799,0.0,1647.1988760163151,0.0,669.6892446824766,0.0,502.556343871907,0.0,5.822112130603928,0.0,14.278529127246895,0.0,2976.8639212760972,0.0,1784.1489959906737,0.0,15.829475300505603,0.0,16.87761708062002,0.0,13.385685799255949,0.0
Moden,425.59999999999997,0.0,19.039073119960566,0.0,376.7431818832096,0.0,276.0,0.0,195.62089792400639,0.0,13.938596708545154,0.0,16.61324772583615,0.0,12.000823121549397,0.0,1576.4230485380251,0.0,482.0225897061322,0.0,381.6625218637283,0.0,8.986542161738377,0.0,12.567505933142115,0.0,2968.5151680102745,0.0,1780.1520286625873,0.0,13.938596729306616,0.0,14.168968601369217,0.0,11.285285281498785,0.0
Mokka,438.34509803921566,0.0,19.114897740972296,0.0,404.9204624574526,0.0,331.0,0.0,232.60069104247765,0.0,14.74058783581341,0.0,18.193405398660254,0.0,12.987810053316919,0.0,1389.0964067078469,0.0,492.48937146154293,0.0,373.26667732507224,0.0,8.629487283317822,0.0,26.20213537103274,0.0,5968.381229633928,0.0,5525.51890876023,0.0,14.740587879489686,0.0,14.9834234143814,0.0,12.16593511796716,0.0
Monat,382.55686274509804,0.0,17.976843578240434,0.0,369.105334181031,0.0,292.0,0.0,198.95113649899588,0.0,13.640687087630747,0.0,17.08800749063506,0.0,11.841362272314672,0.0,1380.0007787492295,0.0,444.365930925611,0.0,342.21584188679515,0.0,14.788167243779613,0.0,13.520644243012352,0.0,7607.05509883283,0.0,10093.504269081504,0.0,13.640687087712626,0.0,14.251012562108304,0.0,11.03322513994999,0.0
Moped,441.0980392156863,0.0,19.384713970472504,0.0,396.5706721406569,0.0,290.0,0.0,209.99566771957484,0.0,14.497053598156077,0.0,17.029386365926403,0.0,12.58048455754568,0.0,2750.1672206253556,0.0,741.7900988975499,0.0,652.5587092835149,0.0,7.445963210630529,0.0,25.691287051198895,0.0,2965.973372633203,0.0,1780.6947864938602,0.0,14.49705361470529,0.0,14.734137432782205,0.0,11.844209826630625,0.0
Moral,363.78431372549016,0.0,17.549652305387266,0.0,388.8518067336592,0.0,303.0,0.0,212.8088276041327,0.0,14.284422132520831,0.0,17.406895185529212,0.0,12.454827729670663,0.0,1430.613522666706,0.0,492.9933291518,0.0,397.0014544002196,0.0,14.588449611611518,0.0,15.255895998502556,0.0,7608.654231949818,0.0,10094.109806092929,0.0,14.284422133699406,0.0,14.408798214389135,0.0,11.620689516722976,0.0
Morgo,419.4431372549019,0.0,18.767638429240055,0.0,402.841219670031,0.0,298.0,0.0,212.34474826471035,0.0,14.5293444753695,0.0,17.26267650163207,0.0,12.526906750323075,0.0,4982.61757226755,0.0,583.9698889805128,0.0,445.69759928487036,0.0,7.7091516583947755,0.0,15.755231660075816,0.0,25191.04973616492,0.0,9872.311663931232,0.0,14.529344442349506,0.0,14.454487839198631,0.0,11.617780859370061,0.0
Motel,361.2549019607843,0.0,17.596365532951474,0.0,387.0578203560734,0.0,298.0,0.0,209.7013806262496,0.0,14.237632753485599,0.0,17.26267650163207,0.0,12.37870101652508,0.0,1430.3298505890243,0.0,490.8719596889355,0.0,395.84669443133964,0.0,14.939613533555137,0.0,14.328510747838589,0.0,2975.181030241015,0.0,1782.0187818721906,0.0,14.23763275844237,0.0,14.295233599962403,0.0,11.608276445924947,0.0
Motol,367.1058823529412,0.0,17.695044128157015,0.0,397.00121107281853,0.0,318.0,0.0,222.7073533860684,0.0,14.512596963956007,0.0,17.832554500127006,0.0,12.724399346149292,0.0,1432.9000728430458,0.0,495.6290287327412,0.0,398.81160356004756,0.0,14.086265817485453,0.0,17.54246514710158,0.0,22552.689030962512,0.0,1532.0084427835236,0.0,14.512596911178067,0.0,14.638488905959116,0.0,11.87498836404028,0.0
Motor,360.0666666666667,0.0,17.428626793606075,0.0,376.0380133760059,0.0,290.0,0.0,199.21820454378374,0.0,13.818743274344648,0.0,17.029386365926403,0.0,11.90463697106823,0.0,1382.626413597436,0.0,448.0160561180745,0.0,344.8762221899404,0.0,15.534967065263263,0.0,15.037394910320819,0.0,22552.985779818002,0.0,1529.7198914087455,0.0,13.818743222583471,0.0,13.849143629173273,0.0,11.059373746284448,0.0
Motte,352.9568627450981,0.0,17.34683530553232,0.0,388.83407292073645,0.0,300.0,0.0,211.08544407215865,0.0,14.280421912983904,0.0,17.320508075688775,0.0,12.381531398157069,0.0,1380.63703147437,0.0,445.52423514652924,0.0,343.66066303673034,0.0,15.21718157998627,0.0,10.983297579572548,0.0,13875.396743156232,0.0,3401.301618062899,0.0,14.280421821620672,0.0,14.227851888607315,0.0,11.62015278906647,0.0
Mpkrv,411.95294117647063,0.0,18.640461916317193,0.0,431.34458113087385,0.0,364.0,0.0,258.1484507711367,0.0,15.475922889856015,0.0,19.078784028338912,0.0,13.778747942626966,0.0,2429.070228020999,0.0,1087.5484197518642,0.0,978.4162224334342,0.0,15.128784635729936,0.0,80.64451476942233,0.0,2480.356619514412,0.0,2729.9836170850936,0.0,15.475923072408344,0.0,15.713139600160082,0.0,12.945522573927198,0.0
Mpstr,366.7607843137255,0.0,17.631592350873305,0.0,411.32251941313905,0.0,330.0,0.0,234.23058629843632,0.0,14.931834573999401,0.0,18.16590212458495,0.0,13.130433756262892,0.0,2396.571989916422,0.0,1056.0424204317135,0.0,964.6184096438507,0.0,19.160701002447833,0.0,23.00431459532142,0.0,13876.390897269204,0.0,3401.5530919535618,0.0,14.93183446888438,0.0,14.996350693665217,0.0,12.294973383105642,0.0
Mqmgn,512.9960784313726,0.0,20.882873969381436,0.0,477.2641389809115,0.0,399.0,0.0,292.04542183284065,0.0,16.63023256499157,0.0,19.974984355438178,0.0,14.922901120630565,0.0,497656.3539288528,0.0,108506.16827188987,0.0,105012.36571259766,0.0,5.964137705033997,0.0,228.62526695772394,0.0,25192.507360787276,0.0,9874.658714598441,0.0,16.6302325063317,0.0,17.18260458591139,0.0,14.108670755788333,0.0
Mrjmm,464.1372549019608,0.0,19.832001447917936,0.0,553.5078216504535,0.0,511.0,0.0,374.18205586525517,0.0,18.442816192222505,0.0,22.60530911091463,0.0,16.900034676158477,0.0,101381.93305673407,0.0,6637.530189172098,0.0,5928.910821705455,0.0,7.167029788111758,0.0,52.65332824396612,0.0,4519.243379941063,0.0,774.46884715022,0.0,18.442816384439773,0.0,19.497228333407225,0.0,16.096059992850474,0.0
Mrmcs,394.70588235294116,0.0,18.179720503927523,0.0,434.57522780826173,0.0,354.0,0.0,251.49548950895465,0.0,15.473788361329023,0.0,18.81488772222678,0.0,13.643896666850011,0.0,1419.6076657870217,0.0,556.3360485463061,0.0,415.9910392371872,0.0,12.698809376717238,0.0,20.063903319177083,0.0,507.3111946991863,0.0,1450.5241945600822,0.0,15.473788301032576,0.0,15.84581227982395,0.0,12.833471552076803,0.0
Mrntt,342.4039215686274,0.0,17.109138778962123,0.0,396.33249332950186,0.0,327.0,0.0,226.25554152809454,0.0,14.493881322399409,0.0,18.083141320025124,0.0,12.720127874886382,0.0,1377.3508298333065,0.0,443.8818103358935,0.0,342.61195685056657,0.0,16.972453408188056,0.0,14.081690587614952,0.0,13878.489597341028,0.0,3402.0270147936394,0.0,14.493881158408692,0.0,14.658138949792116,0.0,11.926682033282248,0.0
Msrkt,364.9921568627451,0.0,17.52339897754597,0.0,392.21262382271163,0.0,320.0,0.0,219.93644097177855,0.0,14.313106848460674,0.0,17.88854381999832,0.0,12.504711165389953,0.0,1405.4479364821277,0.0,526.3598889595355,0.0,409.71948918162985,0.0,13.01767492489725,0.0,21.870871246645905,0.0,5974.0062485272065,0.0,5525.939131107602,0.0,14.313106877762541,0.0,14.358206179364887,0.0,11.659840940375148,0.0
Msttx,341.0549019607843,0.0,17.01833690022833,0.0,412.33592484075837,0.0,352.0,0.0,243.91952685175787,0.0,14.940282124976854,0.0,18.76166303929372,0.0,13.223186646269554,0.0,1416.0796559980959,0.0,567.5477595871765,0.0,442.2480875719437,0.0,14.439526115283762,0.0,70.47047842062065,0.0,13876.953585636034,0.0,3401.723468589526,0.0,14.940282012539283,0.0,14.937131933016177,0.0,12.359313632948234,0.0
Mtglt,380.4901960784314,0.0,18.091146479159672,0.0,440.9740419066301,0.0,377.0,0.0,267.4385261672025,0.0,15.701650268682423,0.0,19.4164878389476,0.0,14.031517353350607,0.0,3149.7518210878393,0.0,498.45948461929544,0.0,384.0328718208857,0.0,14.038540970242972,0.0,16.646758798295775,0.0,24641.961734850654,0.0,13224.692433281316,0.0,15.701651035878024,0.0,16.029969952682407,0.0,13.158751506441918,0.0
Mtndn,413.7882352941176,0.0,18.83970301895357,0.0,387.2936597415081,0.0,303.0,0.0,212.45352624118334,0.0,14.269938550894908,0.0,17.406895185529212,0.0,12.43751611586415,0.0,1436.4216892567883,0.0,455.46556911892225,0.0,354.01665681236346,0.0,5.993709276330824,0.0,16.403994880102267,0.0,994.0499774837518,0.0,7605.9189715148905,0.0,14.269938504690696,0.0,14.345443668548466,0.0,11.6837187291709,0.0
Mtrkc,359.7960784313725,0.0,17.390611598793317,0.0,387.57653822965926,0.0,302.0,0.0,210.41163908248967,0.0,14.204359047520445,0.0,17.378147196982766,0.0,12.318025868469888,0.0,1553.7780059632032,0.0,457.3551872181971,0.0,350.9026685237379,0.0,11.918138482976817,0.0,61.15089407203677,0.0,5972.921896787629,0.0,5527.120401546973,0.0,14.204359087577991,0.0,14.057817234036916,0.0,11.533117319832963,0.0
Mtrrd,359.6470588235294,0.0,17.525479227265905,0.0,411.5890948266458,0.0,328.0,0.0,233.22469169213292,0.0,14.937112863776395,0.0,18.110770276274835,0.0,13.118479717013123,0.0,2189.5563793424353,0.0,604.9396474252709,0.0,510.8728119092502,0.0,11.546401875141454,0.0,20.439422770019405,0.0,2481.7181669659926,0.0,2732.7624677319695,0.0,14.937113025567726,0.0,14.719426103322823,0.0,12.314302275675834,0.0
Mtslm,398.0823529411765,0.0,18.428953950616844,0.0,479.27180948227726,0.0,419.0,0.0,304.1817475160268,0.0,16.77279314862265,0.0,20.46948949045872,0.0,15.152938078322382,0.0,1464.4052053138487,0.0,651.0434198423803,0.0,482.6628003882474,0.0,8.998556437567403,0.0,18.051492094641624,0.0,24642.399575650816,0.0,13225.106880663856,0.0,16.772793844880912,0.0,17.286395893424018,0.0,14.331689488178668,0.0
Mtvst,333.66666666666663,0.0,16.843420299386235,0.0,397.67856423203966,0.0,332.0,0.0,228.36376093410487,0.0,14.481009867407437,0.0,18.2208671582886,0.0,12.742060430567793,0.0,1385.3308911537029,0.0,465.72681956910276,0.0,358.9710456239762,0.0,16.595532947575936,0.0,20.388558846401256,0.0,1701.3152157703023,0.0,4498.189861343199,0.0,14.481009852127874,0.0,14.40352260888461,0.0,11.841952873691264,0.0
Muhne,426.16078431372546,0.0,19.05403998712174,0.0,364.3163775668692,0.0,269.0,0.0,187.13834849270393,0.0,13.563081646317787,0.0,16.401219466856727,0.0,11.61176386077748,0.0,1377.3207470597072,0.0,439.09117472146227,0.0,339.3076982184724,0.0,10.096515627271806,0.0,12.650246668543822,0.0,17849.660297366678,0.0,8527.169700786595,0.0,13.563081645193794,0.0,13.716950540547982,0.0,10.90827823513095,0.0
Mulde,407.8078431372549,0.0,18.761161793697337,0.0,394.4137264990644,0.0,302.0,0.0,215.10156622140425,0.0,14.479850694100126,0.0,17.378147196982766,0.0,12.616598599263494,0.0,1439.3321535860125,0.0,454.97160246837376,0.0,354.49792832456484,0.0,9.312847835762765,0.0,13.242265016306389,0.0,972.7628286981239,0.0,7605.978595568425,0.0,14.479850152103783,0.0,14.379992267270639,0.0,11.881072513155889,0.0
Mulur,372.843137254902,0.0,17.903716598816843,0.0,387.63397809799494,0.0,313.0,0.0,215.93571269299952,0.0,14.220363992724256,0.0,17.69180601295413,0.0,12.432216635593926,0.0,1381.1235107089042,0.0,445.08355024673693,0.0,344.1324216637922,0.0,14.842781290859634,0.0,15.759037181363214,0.0,39684.461684348054,0.0,3882.120431418984,0.0,14.220363942368204,0.0,14.279529763825929,0.0,11.651877246006876,0.0
Mumus,440.25490196078425,0.0,19.32008892880257,0.0,435.89491181983476,0.0,367.0,0.0,259.0519017532996,0.0,15.523100245678444,0.0,19.157244060668017,0.0,13.800454266314912,0.0,1413.1996964167056,0.0,556.0989407635268,0.0,415.5301176820376,0.0,10.998783140457045,0.0,16.06972880876806,0.0,39684.485780640964,0.0,3881.1912854245006,0.0,15.523100196039058,0.0,16.167458332090646,0.0,12.99942663546972,0.0
Mvvsd,389.9725490196078,0.0,18.18639152227036,0.0,424.31841975384657,0.0,349.0,0.0,248.78074446088942,0.0,15.280631822114318,0.0,18.681541692269406,0.0,13.553761116732813,0.0,2262.486883097951,0.0,884.5263525827975,0.0,702.6370667714539,0.0,9.834571637322126,0.0,114.45372286349156,0.0,1706.7031473484626,0.0,4498.183049265352,0.0,15.280631881078193,0.0,14.979449583646819,0.0,12.666498352998367,0.0
Mvzdv,395.5411764705882,0.0,18.385498606667245,0.0,417.76254339145396,0.0,338.0,0.0,238.61314405690024,0.0,15.052562131961292,0.0,18.384776310850235,0.0,13.236292070868826,0.0,1594.6006422931773,0.0,846.9941962246071,0.0,623.9642843592335,0.0,9.517821900826773,0.0,138.86494131725314,0.0,1038.5333538127195,0.0,7606.015418957034,0.0,15.052561980026368,0.0,14.844427858058955,0.0,12.304388752350365,0.0
Mzbnl,404.99607843137255,0.0,18.691272298340714,0.0,403.1116828619712,0.0,325.0,0.0,228.80062828228245,0.0,14.700051093306072,0.0,18.027756377319946,0.0,12.95230591008015,0.0,1587.7681283710504,0.0,968.5337368521322,0.0,772.1309637461467,0.0,11.469467767017532,0.0,33.3695353125412,0.0,17850.792377223937,0.0,8527.700937138889,0.0,14.700051099628006,0.0,15.072849957881907,0.0,12.119889571112447,0.0
Mzffb,397.3254901960785,0.0,18.446180951500548,0.0,441.8880431000955,0.0,365.0,0.0,259.8473001993184,0.0,15.651464844343778,0.0,19.1049731745428,0.0,13.848899343887455,0.0,1655.885919304745,0.0,1000.6779719225984,0.0,790.8451760396658,0.0,9.244802618314425,0.0,39.454536933271044,0.0,21871.00878324057,0.0,5833.626389446147,0.0,15.651464921382537,0.0,15.778295382844792,0.0,12.981537532600761,0.0
Mzllr,345.0980392156863,0.0,17.293203479462207,0.0,426.68332219017134,0.0,360.0,0.0,255.50020778880543,0.0,15.427017145825578,0.0,18.973665961010276,0.0,13.716358013873794,0.0,1544.4482094070358,0.0,950.4974349654481,0.0,751.489894782145,0.0,16.985763297396474,0.0,33.20169361704133,0.0,24642.025164709037,0.0,13224.723138911038,0.0,15.427018084077055,0.0,15.394335895910583,0.0,12.92397425114057,0.0
Mznsn,392.7607843137255,0.0,18.265802015249275,0.0,379.48833479911013,0.0,290.0,0.0,201.37215908078494,0.0,13.982370084233631,0.0,17.029386365926403,0.0,12.026164119635276,0.0,1535.9021396373676,0.0,943.5058633193061,0.0,744.5349279023196,0.0,10.266402288667832,0.0,32.852549190811246,0.0,1684.744274745387,0.0,4497.172709178968,0.0,13.982370132729145,0.0,13.904671633670906,0.0,11.223799905927644,0.0
Mzsnr,365.6901960784314,0.0,17.599532079341333,0.0,371.798549881042,0.0,278.0,0.0,191.25802183999758,0.0,13.690217403901935,0.0,16.673332000533065,0.0,11.696119150244607,0.0,1536.071913589427,0.0,943.8992089419613,0.0,744.8857941094012,0.0,14.10535340118263,0.0,32.14572766598441,0.0,17850.845045017893,0.0,8527.082103685247,0.0,13.690217420426988,0.0,13.47651833750517,0.0,10.815241534325656,0.0
Mähne,431.85098039215677,0.0,19.092852699935996,0.0,362.5897427748879,0.0,266.0,0.0,184.8634213529395,0.0,13.491200222464936,0.0,16.30950643030009,0.0,11.551219575466094,0.0,1380.4726004656293,0.0,458.7410924098574,0.0,350.0868329827542,0.0,10.251898316864382,0.0,13.831142678579813,0.0,17849.428528131197,0.0,8527.26469507427,0.0,13.491200225284667,0.0,13.883181255058984,0.0,10.87210757193905,0.0
Mäuse,394.98039215686276,0.0,18.23391434796868,0.0,368.41962025500516,0.0,270.0,0.0,186.95556613620028,0.0,13.582844879847316,0.0,16.431676725154983,0.0,11.589130267363302,0.0,1380.3052932891233,0.0,459.5903652823902,0.0,350.40389449078765,0.0,12.96044376579492,0.0,13.83133841788449,0.0,1679.6706081247987,0.0,4497.150468445549,0.0,13.582844944813939,0.0,13.67372349010039,0.0,10.829993324497687,0.0
Mäzen,403.64313725490194,0.0,18.48880039645519,0.0,366.9250536567073,0.0,261.0,0.0,181.74002089285813,0.0,13.553552495245132,0.0,16.15549442140351,0.0,11.467172254584534,0.0,1389.5956638468529,0.0,526.6265917438733,0.0,384.717669722234,0.0,10.357682721256749,0.0,33.421168566644766,0.0,2975.654365830324,0.0,1781.4952386237078,0.0,13.553552531894402,0.0,13.436160916401457,0.0,10.73380204312036,0.0
Möbel,414.8941176470588,0.0,18.829744072142244,0.0,404.10884427544676,0.0,310.0,0.0,222.0138659384031,0.0,14.701004642771302,0.0,17.60681686165901,0.0,12.854429814818292,0.0,1442.3053592863869,0.0,510.891188592415,0.0,407.00875766443363,0.0,13.56117600483547,0.0,17.520224821578196,0.0,2971.1310984610755,0.0,1784.4049087960043,0.0,14.701004629022608,0.0,15.047927580217559,0.0,12.06409748066223,0.0
Mödeu,435.01960784313724,0.0,19.24065844330166,0.0,391.7765576145946,0.0,296.0,0.0,209.798360884881,0.0,14.323161356070118,0.0,17.204650534085253,0.0,12.433229120190742,0.0,1580.767085137838,0.0,501.22368682422484,0.0,391.82816555851616,0.0,10.039907343670885,0.0,20.642620440844848,0.0,2974.819502437829,0.0,1781.7816682673163,0.0,14.323161376285833,0.0,14.684184878374,0.0,11.6603345557797,0.0
Möhre,409.36470588235295,0.0,18.572079518442987,0.0,392.78785019264944,0.0,299.0,0.0,211.29911255811845,0.0,14.370865446714735,0.0,17.291616465790582,0.0,12.42722608883047,0.0,1386.0199081295132,0.0,464.8369121457827,0.0,354.2709582509064,0.0,13.591722729881164,0.0,16.05036293132713,0.0,2465.742408414233,0.0,2730.4661758327766,0.0,14.370865692717514,0.0,14.517421624163008,0.0,11.664529144995221,0.0
Möpse,418.156862745098,0.0,18.764753006681666,0.0,391.9478022184925,0.0,287.0,0.0,205.42570933320104,0.0,14.323207778512193,0.0,16.941074346097416,0.0,12.346365132199848,0.0,2164.345879883343,0.0,634.2609788443965,0.0,540.0779798297096,0.0,12.655546484597505,0.0,23.072405990956447,0.0,1668.6257896146437,0.0,4497.413746754994,0.0,14.323207839487958,0.0,14.414769860655625,0.0,11.554224308373492,0.0
Möwön,455.3960784313726,0.0,19.528360472530665,0.0,432.63307696123235,0.0,353.0,0.0,252.23247132120932,0.0,15.473930324479863,0.0,18.788294228055936,0.0,13.680884150073442,0.0,1855.960547454238,0.0,784.3818052489441,0.0,532.4187000579244,0.0,7.965341818918983,0.0,27.105258014648896,0.0,11911.927397413561,0.0,10782.348802853443,0.0,15.473930335781555,0.0,15.501738044136713,0.0,12.815308111135963,0.0
Mühen,438.6745098039215,0.0,19.3091213781666,0.0,380.28082204578055,0.0,280.0,0.0,197.44113185017676,0.0,14.019191147735109,0.0,16.73320053068151,0.0,11.99785305061718,0.0,1381.4597438203707,0.0,445.77009458856674,0.0,345.4346557860988,0.0,9.939698731606827,0.0,13.235643241962205,0.0,2975.3251872151927,0.0,1783.2937271224712,0.0,14.0191911753312,0.0,13.999618588098945,0.0,11.28664031188586,0.0
Mühle,418.64313725490194,0.0,18.928912523831663,0.0,414.7863816752159,0.0,329.0,0.0,236.9298858681006,0.0,15.106631491314168,0.0,18.138357147217054,0.0,13.28158271341291,0.0,1387.310665930613,0.0,456.8604437793999,0.0,356.71001610332314,0.0,12.801688627471243,0.0,14.836057111152828,0.0,24640.925863833323,0.0,13224.540187218614,0.0,15.106632333203308,0.0,15.169343978326282,0.0,12.567339904153314,0.0
Münze,410.4666666666667,0.0,18.712051845676324,0.0,385.5300658677385,0.0,294.0,0.0,205.88357671212,0.0,14.146353786099409,0.0,17.146428199482248,0.0,12.212702768232385,0.0,1382.4072301463325,0.0,451.87079033154816,0.0,349.72755503242394,0.0,12.47078070529643,0.0,15.844369282091172,0.0,4604.876971564058,0.0,4339.480043900683,0.0,14.146353858230908,0.0,14.072899798552783,0.0,11.487284599729444,0.0
Mütze,382.1372549019608,0.0,18.079907642501922,0.0,393.769801965057,0.0,307.0,0.0,214.722286045525,0.0,14.372953410920077,0.0,17.52141546793523,0.0,12.464792152707536,0.0,1382.7040783684577,0.0,452.9150795720841,0.0,350.39771790054834,0.0,13.716707890776643,0.0,14.805174515706577,0.0,4608.435729596101,0.0,4339.395217055463,0.0,14.372953521394255,0.0,14.131282138623243,0.0,11.705670241138222,0.0
Nabal,356.24313725490197,0.0,17.333263241806648,0.0,348.33994316218127,0.0,260.0,0.0,176.68451887442865,0.0,13.021938949533595,0.0,16.1245154965971,0.0,11.159806824712081,0.0,726.1319599676366,0.0,252.19020987397383,0.0,223.623445980569,0.0,7.284086656443805,0.0,16.75266892759747,0.0,7615.077686195167,0.0,10096.217370071381,0.0,13.02193893016051,0.0,13.009849215459592,0.0,10.285652985658068,0.0
Nabel,354.97254901960787,0.0,17.362189625861795,0.0,341.24005789087835,0.0,237.0,0.0,162.32889155760301,0.0,12.777314108641464,0.0,15.394804318340652,0.0,10.745536969232925,0.0,725.2385037582953,0.0,246.18490227674675,0.0,220.7041765020581,0.0,7.595937863991775,0.0,14.818633969977451,0.0,2992.873237777986,0.0,1793.856829323681,0.0,12.777314109749794,0.0,12.490669932086814,0.0,9.934909672365666,0.0
Nadel,358.1607843137255,0.0,17.453631435559497,0.0,345.42314671009933,0.0,246.0,0.0,169.55585337660247,0.0,12.98099179593086,0.0,15.684387141358123,0.0,11.039401498103674,0.0,1041.8704298239459,0.0,307.78515602890184,0.0,276.1018686181188,0.0,7.1435774836035835,0.0,16.04401599342177,0.0,2993.388301035364,0.0,1793.7148840743414,0.0,12.980991799324704,0.0,12.795399797331365,0.0,10.254310480995061,0.0
Napal,358.94509803921574,0.0,17.373787854736126,0.0,350.47593363030734,0.0,259.0,0.0,177.17988157941028,0.0,13.1127181638737,0.0,16.09347693943108,0.0,11.226647421803742,0.0,1808.4973023935645,0.0,498.984170587801,0.0,464.33641343556945,0.0,7.255761205452315,0.0,24.3738995573538,0.0,7615.217255879112,0.0,10096.247117133473,0.0,13.112718150806689,0.0,13.04005776802919,0.0,10.376141202720385,0.0
Narbe,347.93333333333334,0.0,17.090584361506263,0.0,317.3103867814715,0.0,198.0,0.0,132.19360771183926,0.0,11.885216038452754,0.0,14.071247279470288,0.0,9.53243644973794,0.0,644.6229606795496,0.0,122.20268010141959,0.0,89.29002061770527,0.0,4.793901272869721,0.0,15.872797577656256,0.0,20709.077227537047,0.0,4174.87431319028,0.0,11.885216067283226,0.0,11.06615808557823,0.0,8.698235884324545,0.0
Nasen,342.7372549019608,0.0,16.903298250162553,0.0,309.6331139788706,0.0,186.0,0.0,123.5039362670555,0.0,11.634313720071392,0.0,13.638181696985855,0.0,9.188157954411931,0.0,603.2324906646282,0.0,113.24580837755404,0.0,84.17471210981945,0.0,5.295448343091695,0.0,11.6050874736133,0.0,2991.253297099978,0.0,1790.5578889837445,0.0,11.63431377488934,0.0,10.439659729710197,0.0,8.332361774758661,0.0
Natan,335.1490196078431,0.0,16.72866668684535,0.0,320.3236531984838,0.0,227.0,0.0,148.4489680145765,0.0,12.06073312282229,0.0,15.066519173319364,0.0,9.980635840990173,0.0,602.7017969866349,0.0,123.01864227042158,0.0,88.0247743508788,0.0,5.807079114929446,0.0,12.955602818264241,0.0,7616.928747692095,0.0,10095.669029544782,0.0,12.060733036155714,0.0,11.518259978259032,0.0,9.139065513306829,0.0
Natar,308.07843137254906,0.0,15.99850915776372,0.0,320.61746412956234,0.0,231.0,0.0,149.7313168628392,0.0,12.028895791970262,0.0,15.198684153570664,0.0,9.984707544079962,0.0,603.1916775606364,0.0,125.71434508634518,0.0,89.6768273114287,0.0,9.981181282883764,0.0,13.500562662365725,0.0,7618.74753153754,0.0,10095.78315824516,0.0,12.028895775165864,0.0,11.581294984006107,0.0,9.103539023178415,0.0
Natta,306.8196078431373,0.0,16.018441410002726,0.0,344.15309640403336,0.0,258.0,0.0,173.5702331885219,0.0,12.901816582675542,0.0,16.06237840420901,0.0,10.944815410901102,0.0,607.0115742173078,0.0,152.86845298764976,0.0,112.01152157819952,0.0,9.382592708717684,0.0,15.981791304909239,0.0,13881.013046278802,0.0,3407.2541994872277,0.0,12.901816496698384,0.0,12.387257549062081,0.0,10.083197446091281,0.0
Nazis,312.8705882352941,0.0,16.19943562983309,0.0,352.42357569887145,0.0,264.0,0.0,177.9948971270747,0.0,13.12952849875489,0.0,16.24807680927192,0.0,11.13495362957586,0.0,630.3468105312699,0.0,296.9970418716929,0.0,193.03191334773186,0.0,10.09410120128085,0.0,33.675759469309895,0.0,8162.012215142373,0.0,4927.81829888141,0.0,13.129529444000918,0.0,12.552426514109674,0.0,10.234627912521443,0.0
Ncbgt,374.15294117647056,0.0,17.75114965600701,0.0,367.3978557332028,0.0,269.0,0.0,182.9869696966299,0.0,13.37842529855409,0.0,16.401219466856727,0.0,11.361560465628898,0.0,4819.1474679333105,0.0,355.9360058178616,0.0,264.6011970846028,0.0,4.95056032549927,0.0,18.814847386516224,0.0,25194.12681389419,0.0,9874.002638980815,0.0,13.378425304435732,0.0,13.139361876222784,0.0,10.376790344896898,0.0
Nchdr,361.8588235294117,0.0,17.436574798827596,0.0,344.72538285333843,0.0,248.0,0.0,166.8124775185605,0.0,12.836618219268038,0.0,15.748015748023622,0.0,10.784071307817527,0.0,743.1079308746746,0.0,159.9664675694986,0.0,125.84324022466784,0.0,5.206560648828714,0.0,18.299459967138173,0.0,1044.6224424615848,0.0,7608.114585006252,0.0,12.836618122309245,0.0,12.43745232393025,0.0,9.908187247919813,0.0
Nchpr,361.37254901960785,0.0,17.385540222919527,0.0,343.4134041297462,0.0,245.0,0.0,164.70069757722723,0.0,12.771642752140519,0.0,15.652475842498529,0.0,10.710777873661685,0.0,2091.316655606861,0.0,587.6419405735558,0.0,550.8826644933238,0.0,5.594511235198848,0.0,27.060780443955387,0.0,28942.958898941866,0.0,3088.141320539437,0.0,12.771642812144021,0.0,12.409250027653018,0.0,9.837249010972613,0.0
Ndhmr,426.3058823529412,0.0,18.96668359268932,0.0,433.9752784366723,0.0,367.0,0.0,261.90195447669566,0.0,15.60898306294862,0.0,19.157244060668017,0.0,13.948596375045833,0.0,6405.675603417546,0.0,1470.468264701159,0.0,1333.331352280012,0.0,5.392359625304826,0.0,29.28056338833108,0.0,4517.607015632003,0.0,766.9502792497946,0.0,15.608983282011303,0.0,16.028736666113254,0.0,13.149272154181162,0.0
Ndhrt,358.19607843137254,0.0,17.429879289356037,0.0,369.6049661642187,0.0,296.0,0.0,201.803243646501,0.0,13.7270766400766,0.0,17.204650534085253,0.0,11.933236244126581,0.0,6353.895938607589,0.0,1230.9365015933686,0.0,1201.0979302267478,0.0,12.363674719975563,0.0,27.96233073333444,0.0,2501.3587831268446,0.0,2736.1868203066174,0.0,13.727076780707641,0.0,13.692914269498369,0.0,11.092633457572113,0.0
Ndscr,328.08235294117645,0.0,16.5544898495593,0.0,342.9784853511246,0.0,236.0,0.0,160.92743757105688,0.0,12.795428950839641,0.0,15.362291495737216,0.0,10.677705832548313,0.0,6355.131192676929,0.0,1229.948950666264,0.0,1200.5721358591359,0.0,13.244256455799,0.0,30.99796335269779,0.0,569.9501932296779,0.0,1460.4905892790962,0.0,12.79542890694551,0.0,12.014439307391807,0.0,9.773488530275115,0.0
Ndsfr,338.89803921568625,0.0,16.889501344648867,0.0,378.3722953009395,0.0,289.0,0.0,200.83030517913755,0.0,13.934422813446865,0.0,17.0,0.0,12.020304590736444,0.0,6354.56542391728,0.0,1236.4200003507212,0.0,1204.6055502059305,0.0,11.695801439901606,0.0,30.885028340792914,0.0,21869.19168059974,0.0,5824.445449054094,0.0,13.93442291889989,0.0,13.29832579481264,0.0,11.124347618198769,0.0
Ndspr,368.2470588235294,0.0,17.616933327605036,0.0,359.115013667989,0.0,258.0,0.0,178.98213514388368,0.0,13.350327157932098,0.0,16.06237840420901,0.0,11.380079859204805,0.0,6660.090740348909,0.0,1357.9666880286682,0.0,1318.0954901752407,0.0,8.230930236711144,0.0,35.40271488337372,0.0,28942.810775573038,0.0,3087.316862509154,0.0,13.350327160059628,0.0,12.736022974059619,0.0,10.475596241285793,0.0
Ndstr,324.4196078431372,0.0,16.54743743017555,0.0,368.20171517977656,0.0,278.0,0.0,192.62661614108416,0.0,13.677416677710282,0.0,16.673332000533065,0.0,11.754904000025732,0.0,6353.890842429003,0.0,1231.3033911662162,0.0,1201.3625427102857,0.0,13.711609874801523,0.0,29.126131813594593,0.0,13882.087559550377,0.0,3406.8863914142767,0.0,13.677416563255925,0.0,12.98227103764061,0.0,10.859491952063014,0.0
Ndthr,358.1960784313725,0.0,17.429879289356037,0.0,350.98812002731285,0.0,273.0,0.0,183.88944091164694,0.0,13.164187879835328,0.0,16.522711641858304,0.0,11.333418082110319,0.0,6353.603709871573,0.0,1230.008237310014,0.0,1200.4727428576834,0.0,8.577095573204202,0.0,30.060689560591157,0.0,13288.793870501237,0.0,5773.142877623983,0.0,13.164187964172196,0.0,12.972503870995052,0.0,10.500362552641468,0.0
Ndths,365.7960784313726,0.0,17.587167213508966,0.0,353.4254854438621,0.0,273.0,0.0,184.80241863207647,0.0,13.238633717402951,0.0,16.522711641858304,0.0,11.39684070138193,0.0,6353.700002756376,0.0,1230.4894331929709,0.0,1200.8055045540054,0.0,7.056113652436337,0.0,29.793995358639492,0.0,13288.093539372145,0.0,5773.069965533537,0.0,13.238633775385026,0.0,13.034028115387251,0.0,10.538755225962024,0.0
Nebel,353.7019607843137,0.0,17.39106789702692,0.0,340.5074226967461,0.0,231.0,0.0,158.3458426871394,0.0,12.73429498659296,0.0,15.198684153570664,0.0,10.62338541440666,0.0,725.2082665269633,0.0,245.16070037295003,0.0,220.25950472200037,0.0,7.693852084306902,0.0,15.013506817056468,0.0,2991.76894416287,0.0,1793.4228311334864,0.0,12.734294978869206,0.0,12.296667226236782,0.0,9.800767476686179,0.0
Neffe,333.2352941176471,0.0,16.77715212798546,0.0,354.8302030689612,0.0,251.0,0.0,170.78204936507967,0.0,13.101506145642851,0.0,15.84297951775486,0.0,10.942596352755702,0.0,619.6457138976658,0.0,200.36101592064333,0.0,156.84828257229051,0.0,6.931537901834727,0.0,17.37023582157981,0.0,21872.561199316686,0.0,5835.33144865821,0.0,13.101506111787241,0.0,12.379028204947325,0.0,10.111905736773569,0.0
Negro,370.7647058823529,0.0,17.604239554390034,0.0,362.36132300565123,0.0,260.0,0.0,177.31154398831347,0.0,13.29358974589708,0.0,16.1245154965971,0.0,11.187774345600635,0.0,2911.0636850430596,0.0,303.65086385782644,0.0,227.09392160985257,0.0,6.0437005743959356,0.0,17.551299963725853,0.0,2491.458832080745,0.0,2736.3731401001837,0.0,13.293590008770352,0.0,12.865961444278573,0.0,10.211637788987609,0.0
Nehgt,389.14509803921567,0.0,18.117778626124448,0.0,356.7504823434433,0.0,259.0,0.0,174.6905656405114,0.0,13.120820269750777,0.0,16.09347693943108,0.0,11.051418980806616,0.0,4815.007613450927,0.0,351.2526712259269,0.0,261.05811943805946,0.0,4.783352092428233,0.0,13.690419432053547,0.0,25194.086378944827,0.0,9873.948384947222,0.0,13.120820269009272,0.0,12.873655932330887,0.0,10.109542874225163,0.0
Neift,302.79215686274506,0.0,16.05745930186544,0.0,363.13271048632646,0.0,287.0,0.0,191.71770899001487,0.0,13.390863260780806,0.0,16.941074346097416,0.0,11.477825571018224,0.0,611.7918061853003,0.0,169.51656798985982,0.0,128.0521511330383,0.0,11.125812165422433,0.0,15.421012165518468,0.0,21873.335298896265,0.0,5824.847838358441,0.0,13.390863507897256,0.0,13.087840071645793,0.0,10.608580009295125,0.0
Ngkgm,498.9098039215686,0.0,20.417503101760975,0.0,470.82125385305113,0.0,391.0,0.0,281.79623369600625,0.0,16.293378179275592,0.0,19.77371993328519,0.0,14.550729604840619,0.0,98671.89419458671,0.0,9210.558424972916,0.0,6936.508613709512,0.0,4.420406541658618,0.0,46.8340508066936,0.0,25195.341719169122,0.0,9874.657391317041,0.0,16.293378172602317,0.0,16.72695138631196,0.0,13.665537369439168,0.0
Ngspr,383.3098039215686,0.0,17.902730907129857,0.0,371.8122263004948,0.0,267.0,0.0,185.14651271361566,0.0,13.577840957052196,0.0,16.34013463836819,0.0,11.564195396176387,0.0,98575.20171587268,0.0,9209.464807094153,0.0,6944.862600659421,0.0,9.26650835024745,0.0,47.088092400789506,0.0,28943.062576626588,0.0,3088.153356796026,0.0,13.577840973797375,0.0,13.067127381183674,0.0,10.661101128346804,0.0
Ngstr,339.4823529411765,0.0,16.8513833132297,0.0,380.8989278122824,0.0,287.0,0.0,198.79099371081617,0.0,13.899577576562967,0.0,16.941074346097416,0.0,11.933237851014672,0.0,98554.98725834634,0.0,9191.641667754875,0.0,6923.656026973391,0.0,14.525076911773617,0.0,42.21840516590603,0.0,13882.566878025173,0.0,3407.6743739744124,0.0,13.899577467305075,0.0,13.30724968675325,0.0,11.038547278387945,0.0
Ngthf,386.47843137254904,0.0,18.056241751962276,0.0,379.92857017449535,0.0,305.0,0.0,205.86751535603014,0.0,13.823229186964769,0.0,17.46424919657298,0.0,12.002867298714824,0.0,98555.39857547366,0.0,9197.249596637552,0.0,6928.111304592807,0.0,7.238786697546304,0.0,46.03195306968771,0.0,13288.73807284249,0.0,5773.563465469373,0.0,13.823229301351367,0.0,13.989514486835175,0.0,11.129673196854126,0.0
Ngthl,380.29803921568623,0.0,17.98081424440964,0.0,384.6485303566312,0.0,310.0,0.0,213.54296732366356,0.0,14.109577503340336,0.0,17.60681686165901,0.0,12.363685546402959,0.0,98555.68685558728,0.0,9193.91203562138,0.0,6926.3978165900935,0.0,8.276838473331855,0.0,44.24587440330966,0.0,13288.727851814218,0.0,5774.14338614472,0.0,14.10957760624321,0.0,14.1179308063201,0.0,11.52753989197789,0.0
Ngths,380.8588235294118,0.0,17.87344076163698,0.0,366.1226980763679,0.0,282.0,0.0,190.96679620180848,0.0,13.468034471842689,0.0,16.792855623746664,0.0,11.580689769255716,0.0,98554.97495499825,0.0,9191.532666128634,0.0,6923.55939388006,0.0,8.059019769259844,0.0,43.68039363276407,0.0,13288.511026265483,0.0,5773.54381505072,0.0,13.468034543204906,0.0,13.357747725867105,0.0,10.723167559701828,0.0
Ngthw,415.23137254901957,0.0,18.673620388764554,0.0,411.09266556128665,0.0,346.0,0.0,241.18252985122007,0.0,14.862778807508212,0.0,18.601075237738275,0.0,13.226520115665288,0.0,349321.9683740058,0.0,35604.77167816386,0.0,27801.35880231054,0.0,4.482809476603569,0.0,149.0904752924463,0.0,13290.559036495402,0.0,5774.826361257163,0.0,14.862778862462664,0.0,14.762560381738494,0.0,12.401773360312655,0.0
Nickt,316.89019607843136,0.0,16.3005947344462,0.0,344.41681467019384,0.0,264.0,0.0,173.5696371390342,0.0,12.774963760482278,0.0,16.24807680927192,0.0,10.82215842430924,0.0,608.4253011380406,0.0,157.8954603625876,0.0,110.44572921081233,0.0,6.645217537709644,0.0,15.207533031671865,0.0,5985.747055495754,0.0,5528.488391743929,0.0,12.774963732969239,0.0,12.28384183684305,0.0,9.946892119929858,0.0
Niger,348.9490196078432,0.0,17.153235246768702,0.0,348.43127880789746,0.0,244.0,0.0,163.5300378997076,0.0,12.819347865872476,0.0,15.620499351813308,0.0,10.64498002610264,0.0,2893.021045992719,0.0,233.28868985650234,0.0,170.0683765001889,0.0,7.500323940396325,0.0,12.32827603032115,0.0,3001.0385517693876,0.0,1791.827889252821,0.0,12.819347847079698,0.0,12.228667028871495,0.0,9.70993021171969,0.0
Nihri,316.24313725490197,0.0,16.383698915618282,0.0,366.4808539403609,0.0,295.0,0.0,198.43482580076784,0.0,13.576952889848457,0.0,17.175564037317667,0.0,11.720487003655702,0.0,798.4144320369564,0.0,277.9839251047169,0.0,210.07563843808967,0.0,10.194758374704776,0.0,20.193402110010314,0.0,2511.2956204821326,0.0,2738.1834604464434,0.0,13.576952894916245,0.0,13.287608953813022,0.0,10.842131916330063,0.0
Nkhmn,451.1215686274509,0.0,19.443518492809844,0.0,440.21659329606837,0.0,373.0,0.0,265.50699545598377,0.0,15.734752340096172,0.0,19.313207915827967,0.0,14.005849873565989,0.0,1142.0931231198995,0.0,997.6519537134411,0.0,746.4392948766782,0.0,2.6925732808233747,0.0,47.333480348419066,0.0,4519.1663802326075,0.0,771.0712809604724,0.0,15.734752583139404,0.0,15.988334403433191,0.0,13.22011780880378,0.0
Nlppt,365.94117647058823,0.0,17.693704365219375,0.0,371.0339207154642,0.0,289.0,0.0,197.94345041018374,0.0,13.6955868530465,0.0,17.0,0.0,11.86976044828987,0.0,2669.1152838347007,0.0,734.0115610810229,0.0,689.4438481462963,0.0,6.064808233924576,0.0,28.36527598875933,0.0,28944.04112739791,0.0,3088.184859215405,0.0,13.695586889953733,0.0,13.69263791951975,0.0,11.008364726686192,0.0
Nmtdn,410.74117647058824,0.0,18.67561204346462,0.0,413.4808620069363,0.0,334.0,0.0,235.28534983530537,0.0,14.931779640883684,0.0,18.275666882497067,0.0,13.139404481853612,0.0,1219.8558404464347,0.0,1004.4888359123661,0.0,732.4829343293102,0.0,5.176124757470487,0.0,22.237417660708708,0.0,1089.8149680140302,0.0,7609.054337297077,0.0,14.931779377652909,0.0,14.982341162899889,0.0,12.353206072569341,0.0
Nndkr,385.9490196078432,0.0,18.026120993222133,0.0,362.16146618731193,0.0,290.0,0.0,196.48327553013166,0.0,13.502430534206745,0.0,17.029386365926403,0.0,11.738430001622234,0.0,976.5340913243024,0.0,259.15115238984714,0.0,211.0978596537956,0.0,6.630047866908068,0.0,20.716666253847176,0.0,5991.19515984325,0.0,5529.343643543594,0.0,13.50243057877241,0.0,13.48992334384512,0.0,10.923247269114094,0.0
Nnknl,377.00392156862745,0.0,17.867306191105598,0.0,360.4975724792385,0.0,284.0,0.0,193.5856018094425,0.0,13.480245905716062,0.0,16.852299546352718,0.0,11.689828477666014,0.0,722.2258645921349,0.0,296.2116823941178,0.0,248.94529130749723,0.0,7.026374733267853,0.0,25.53099228702713,0.0,17855.702687992056,0.0,8529.500350771377,0.0,13.480245898487103,0.0,13.197275098548335,0.0,10.866680521572869,0.0
Noito,317.16078431372546,0.0,16.34114588477118,0.0,363.2415187535079,0.0,281.0,0.0,191.33775533492437,0.0,13.480787850572213,0.0,16.76305461424021,0.0,11.568063529755769,0.0,693.2358302254875,0.0,237.2011196072018,0.0,180.1749043327331,0.0,8.996633793433922,0.0,16.872616240446177,0.0,13887.707673048411,0.0,3408.481912557387,0.0,13.480787760343192,0.0,13.142087887488298,0.0,10.670333642410366,0.0
Nonne,366.7882352941176,0.0,17.566896360793645,0.0,308.8213777000117,0.0,201.0,0.0,132.23106355864527,0.0,11.669707377492495,0.0,14.177446878757825,0.0,9.457310728289682,0.0,610.1902147167025,0.0,124.93450974109143,0.0,91.80602316422234,0.0,5.0005288984649585,0.0,12.548197338525112,0.0,17852.918840057,0.0,8529.01915780948,0.0,11.669707378338082,0.0,11.263590686743687,0.0,8.662366589887261,0.0
Norto,317.2392156862745,0.0,16.276502594742137,0.0,353.83656902289914,0.0,257.0,0.0,175.6630297590898,0.0,13.16773901914476,0.0,16.0312195418814,0.0,11.103305317182858,0.0,692.1717904342415,0.0,234.22472235991,0.0,178.5037033786327,0.0,9.083469800778216,0.0,16.377683349171328,0.0,13881.671251728418,0.0,3407.824610940213,0.0,13.167738945110356,0.0,12.582023139119693,0.0,10.194531717728378,0.0
Norvo,329.2313725490196,0.0,16.542453859694316,0.0,353.19769688321605,0.0,257.0,0.0,174.37784606819935,0.0,13.118362401975777,0.0,16.0312195418814,0.0,11.03191856066249,0.0,748.2423427160604,0.0,380.4678320827748,0.0,253.69556215972662,0.0,7.283765432242331,0.0,36.55594568849528,0.0,20358.135163245173,0.0,4830.426875651824,0.0,13.118362650005624,0.0,12.262913835963708,0.0,10.074650763865217,0.0
Notar,312.65882352941173,0.0,16.13810447338375,0.0,330.12751189505605,0.0,242.0,0.0,158.66556166853448,0.0,12.354062237541516,0.0,15.556349186104045,0.0,10.337403493888047,0.0,612.3529236218734,0.0,142.4136385021339,0.0,102.61895306438653,0.0,10.365824026842233,0.0,13.905115724684515,0.0,7620.057958208833,0.0,10095.843141523084,0.0,12.35406221837005,0.0,11.962061016082734,0.0,9.424400920223341,0.0
Noten,338.4588235294118,0.0,16.891951451415725,0.0,322.7338156926745,0.0,215.0,0.0,143.0275855034462,0.0,12.127599312329716,0.0,14.66287829861518,0.0,9.88462920080264,0.0,610.8098094561757,0.0,128.9117464380889,0.0,94.55138816610386,0.0,6.044960567532776,0.0,11.933571061019148,0.0,2997.8367229483315,0.0,1790.7860910320705,0.0,12.127599376562753,0.0,11.331173050481299,0.0,9.07607858189037,0.0
Novum,398.32156862745103,0.0,18.28274240212356,0.0,405.00019854746614,0.0,335.0,0.0,231.31733712203624,0.0,14.635838016852166,0.0,18.303005217723125,0.0,12.890990103807153,0.0,787.5613473679814,0.0,502.8722139236454,0.0,356.5128225122415,0.0,5.89021945840334,0.0,19.576240044189394,0.0,39686.48587105835,0.0,3886.503488526899,0.0,14.635838008100741,0.0,15.012179640211508,0.0,12.001567650716646,0.0
Npbtb,396.0666666666667,0.0,18.386774161127004,0.0,397.0925257012343,0.0,313.0,0.0,221.75205024561757,0.0,14.524225853322775,0.0,17.69180601295413,0.0,12.765047006243813,0.0,2143.6590706076827,0.0,1010.5413014677132,0.0,936.5819379293617,0.0,6.386846441893019,0.0,29.401715772516123,0.0,13881.022787991555,0.0,3408.4473788521095,0.0,14.524225833477862,0.0,14.640958897667863,0.0,11.910968249234848,0.0
Nrffr,301.4627450980392,0.0,15.901864074559047,0.0,376.6604801868852,0.0,296.0,0.0,200.4861630989691,0.0,13.788139515487869,0.0,17.204650534085253,0.0,11.828637553442913,0.0,622.3090197919107,0.0,212.6543853845442,0.0,165.33431071328172,0.0,9.477613305164303,0.0,20.255875655928005,0.0,21875.917812686,0.0,5836.179163314907,0.0,13.788139592676357,0.0,13.094198567234379,0.0,10.93011358071997,0.0
Nstds,332.01960784313724,0.0,16.713032162356924,0.0,349.37906675429997,0.0,258.0,0.0,173.5524390900061,0.0,13.000778364717448,0.0,16.06237840420901,0.0,11.006484435080592,0.0,778.2427272867292,0.0,314.9489564468781,0.0,253.50259196621028,0.0,5.7835906900090075,0.0,22.665718268703756,0.0,1057.3867447045177,0.0,7607.870839983094,0.0,13.0007780075108,0.0,12.304287408755743,0.0,10.070976751364089,0.0
Nthsl,329.7803921568627,0.0,16.724594141916917,0.0,367.37459433320936,0.0,289.0,0.0,198.05022398473164,0.0,13.681861879565394,0.0,17.0,0.0,11.845922536101142,0.0,717.9240800694578,0.0,256.3676043749033,0.0,227.47288105593552,0.0,7.6946338580609215,0.0,18.595629554015915,0.0,1738.3813017269438,0.0,4503.625489306911,0.0,13.681861871846786,0.0,13.268085628192038,0.0,10.945154520566147,0.0
Nudel,364.98039215686276,0.0,17.696007929901384,0.0,357.17171400607697,0.0,262.0,0.0,181.83270649861794,0.0,13.366962486377092,0.0,16.186414056238647,0.0,11.457805817281972,0.0,1042.6216752293742,0.0,310.4456739513196,0.0,277.95956708489183,0.0,7.628003014419681,0.0,16.83971846137916,0.0,2999.85422980201,0.0,1794.4979701567709,0.0,13.36696249521958,0.0,13.105229062884648,0.0,10.66692271959379,0.0
Nutte,312.3686274509804,0.0,16.312986408597588,0.0,348.0055964157126,0.0,254.0,0.0,172.52575495622284,0.0,13.016558779165125,0.0,15.937377450509228,0.0,10.967799599630991,0.0,604.9556838403569,0.0,130.0858400963967,0.0,96.40141439954441,0.0,9.71584003126238,0.0,11.902210467766936,0.0,13882.138522983516,0.0,3407.8416834903765,0.0,13.016558691314746,0.0,12.226056934378205,0.0,10.168383482106307,0.0
Nutve,324.3607843137255,0.0,16.57835240759942,0.0,347.3667242760296,0.0,254.0,0.0,171.2405712653324,0.0,12.966606482990256,0.0,15.937377450509228,0.0,10.895525054818338,0.0,668.3832698168235,0.0,326.82851234060786,0.0,204.428713340092,0.0,7.993503703720149,0.0,35.77745489254905,0.0,20358.67459388053,0.0,4830.215573386699,0.0,12.966606765717046,0.0,11.897403725133884,0.0,10.048190588259832,0.0
Nutzu,334.8862745098039,0.0,16.905048623812704,0.0,354.0470088176048,0.0,277.0,0.0,184.12133485667061,0.0,13.14007623332354,0.0,16.64331697709324,0.0,11.210197563763023,0.0,609.1881271982214,0.0,151.72624931432566,0.0,111.11604022728466,0.0,6.787227212640851,0.0,20.70856965750368,0.0,4628.596501689412,0.0,4343.559661096962,0.0,13.140076365186554,0.0,12.488920634577147,0.0,10.347872092700285,0.0
Nylen,347.1803921568627,0.0,17.1235171751011,0.0,358.4326991434268,0.0,257.0,0.0,176.7740220977482,0.0,13.288706827858546,0.0,16.0312195418814,0.0,11.201244378464125,0.0,46952.95657330758,0.0,2768.490686228125,0.0,1897.0566398049484,0.0,5.742916136146693,0.0,26.6005037210546,0.0,3006.327998459662,0.0,1795.5939028768175,0.0,13.28870687642544,0.0,12.320219298821447,0.0,10.374176812109656,0.0
Nägel,385.73333333333335,0.0,18.0216734824925,0.0,366.2519606229305,0.0,262.0,0.0,181.64282544595574,0.0,13.475000972375407,0.0,16.186414056238647,0.0,11.453430324190528,0.0,2919.0192276281955,0.0,344.08752687160245,0.0,278.156504303942,0.0,7.654494076145998,0.0,16.571849168451664,0.0,2997.980838616368,0.0,1794.664165036615,0.0,13.475000977202562,0.0,13.292443449368415,0.0,10.578013934205476,0.0
Näher,361.9529411764706,0.0,17.372637542376157,0.0,325.48925956580297,0.0,220.0,0.0,146.20128538034209,0.0,12.204056644301257,0.0,14.832396974191326,0.0,10.015043993436093,0.0,612.8733605284687,0.0,180.11625116746595,0.0,124.6868185099724,0.0,9.530854737517792,0.0,13.949638701134667,0.0,3001.445497921076,0.0,1793.4886899896526,0.0,12.204056657118251,0.0,11.919044558351743,0.0,9.247099659573786,0.0
Nähte,360.6941176470588,0.0,17.390994943171535,0.0,348.22870982727864,0.0,250.0,0.0,171.0744976685358,0.0,13.03138776658105,0.0,15.811388300841896,0.0,10.980033898164917,0.0,614.3905162143171,0.0,186.83729502332318,0.0,130.63665273917937,0.0,8.319902564893036,0.0,14.096755559480167,0.0,13880.337676697744,0.0,3407.982972688445,0.0,13.03138769848912,0.0,12.752578841134895,0.0,10.22205079052247,0.0
Nässe,335.7764705882353,0.0,16.653326610537363,0.0,326.6150225856777,0.0,209.0,0.0,141.1938406296702,0.0,12.212092733481336,0.0,14.45683229480096,0.0,9.919883135915535,0.0,614.0346855776594,0.0,183.3136585890891,0.0,127.97512643718909,0.0,8.293957130462582,0.0,14.165463337276051,0.0,1716.8383534371173,0.0,4501.273547358241,0.0,12.21209283638019,0.0,11.229445726618982,0.0,9.023209264870244,0.0
Nöblö,390.43137254901956,0.0,18.138475422632396,0.0,399.76482195551387,0.0,314.0,0.0,222.53083502758892,0.0,14.589827228548362,0.0,17.72004514666935,0.0,12.77468374991998,0.0,7265.429413381002,0.0,12471.525111657718,0.0,7229.525029885648,0.0,5.508303465267379,0.0,372.86132107696915,0.0,24645.161132782756,0.0,13229.222653692505,0.0,14.562061962704671,0.0,14.528535525577535,0.0,11.848975939074352,0.0
Nöbst,355.4823529411765,0.0,17.268855320800345,0.0,360.08350131752775,0.0,275.0,0.0,185.8496709472891,0.0,13.294001642716768,0.0,16.583123951777,0.0,11.37936337653714,0.0,640.8952554324652,0.0,197.49107259884394,0.0,137.99432447183116,0.0,11.22243733951761,0.0,16.03879903981701,0.0,1728.154943423462,0.0,4501.649479418063,0.0,13.294001674258848,0.0,13.300303313150524,0.0,10.430271395409575,0.0
Nöckö,386.72941176470584,0.0,17.835955460516896,0.0,363.1898937448402,0.0,263.0,0.0,180.85441525203035,0.0,13.367469592961655,0.0,16.217274740226856,0.0,11.3366993216874,0.0,7263.301208970065,0.0,12471.478270545387,0.0,7229.21676975459,0.0,4.23906722211728,0.0,372.87372380692995,0.0,5988.031672463579,0.0,5537.533490384515,0.0,13.337158831289612,0.0,12.880671566036131,0.0,10.379122452447463,0.0
Nösön,378.19607843137254,0.0,17.69972185620455,0.0,349.33114212046905,0.0,240.0,0.0,163.65953025346127,0.0,12.940756983441002,0.0,15.491933384829668,0.0,10.734813812926376,0.0,703.7450106763649,0.0,577.4046623150351,0.0,342.0389953878065,0.0,3.9826029062387174,0.0,23.696961743632208,0.0,11914.220090416375,0.0,10784.51765423139,0.0,12.94075701769569,0.0,12.168341745696425,0.0,9.763817797757282,0.0
Obhut,371.6941176470588,0.0,17.84923576022639,0.0,357.9773492866284,0.0,265.0,0.0,181.0485219504124,0.0,13.306828784381507,0.0,16.278820596099706,0.0,11.346005307484045,0.0,918.1702883749517,0.0,246.084084139244,0.0,200.2335030603732,0.0,8.758595665158097,0.0,32.821576348703104,0.0,39683.479292766526,0.0,3875.9206211819724,0.0,13.306828792394835,0.0,13.551355069283671,0.0,10.507237852222874,0.0
Ochse,335.0,0.0,16.764553605546237,0.0,332.28104966802994,0.0,207.0,0.0,142.64734871077565,0.0,12.451561248454432,0.0,14.38749456993816,0.0,10.081327638885552,0.0,860.4293870444059,0.0,156.42340132301229,0.0,114.02796713063576,0.0,4.875257936389781,0.0,24.414315104155335,0.0,1653.2231252320187,0.0,4493.319433117987,0.0,12.451561310529305,0.0,11.657543637155095,0.0,9.233663287478521,0.0
Odalt,333.72549019607845,0.0,16.944798087838077,0.0,385.29054264373303,0.0,304.0,0.0,214.97623242289473,0.0,14.317895800109989,0.0,17.435595774162696,0.0,12.571035357672676,0.0,6382.468440868692,0.0,1238.4429520540534,0.0,1206.0787532027764,0.0,11.16178305417229,0.0,32.53723551063612,0.0,24640.12375114414,0.0,13222.973738234989,0.0,14.317896723373222,0.0,14.216086428087186,0.0,11.766088450639211,0.0
Oenin,337.6823529411764,0.0,17.00237086844126,0.0,345.150023240893,0.0,240.0,0.0,165.60474348606974,0.0,13.008031764499146,0.0,15.491933384829668,0.0,10.86456489271532,0.0,847.5973084167947,0.0,167.15087324624352,0.0,122.3983332797167,0.0,5.674472113396275,0.0,22.27740766273548,0.0,8148.241316116854,0.0,4920.235585822517,0.0,13.008032624339997,0.0,12.52834708903202,0.0,10.127333468284165,0.0
Ohnst,342.52156862745096,0.0,17.041450247213657,0.0,353.31847842723255,0.0,260.0,0.0,177.2872783405489,0.0,13.201640949537035,0.0,16.1245154965971,0.0,11.185048124624219,0.0,866.7427454538803,0.0,246.0784893080533,0.0,180.73975910457855,0.0,11.133112826028565,0.0,22.876390395377843,0.0,1684.2745065063907,0.0,4493.115998060294,0.0,13.201640983347216,0.0,13.080952445512366,0.0,10.34230813191067,0.0
Ohren,352.06666666666666,0.0,17.279087773349712,0.0,335.95365392535416,0.0,207.0,0.0,144.36820720332202,0.0,12.630388577610658,0.0,14.38749456993816,0.0,10.215777892864525,0.0,865.0559529897756,0.0,241.37888757533347,0.0,177.8019979079596,0.0,6.048818416296905,0.0,22.053088179356365,0.0,2973.946556905489,0.0,1771.8702503649397,0.0,12.630388638822538,0.0,11.677422562167623,0.0,9.465699514375588,0.0
Olymp,406.3529411764706,0.0,18.572210350648287,0.0,465.81015359147955,0.0,390.0,0.0,283.2118131328832,0.0,16.37706250472733,0.0,19.748417658131498,0.0,14.623448455683212,0.0,59865.48473812894,0.0,2668.6081608859413,0.0,2033.8588344784255,0.0,6.3165734111623975,0.0,51.33000109724728,0.0,4504.126924411865,0.0,721.583718453094,0.0,16.377062684963036,0.0,16.541983897771242,0.0,13.74674506002566,0.0
Onkel,358.5294117647059,0.0,17.487336880515166,0.0,362.31831442190094,0.0,255.0,0.0,179.59551616154175,0.0,13.528793055535997,0.0,15.968719422671311,0.0,11.462482677253933,0.0,934.5113807050807,0.0,311.8204859978536,0.0,258.6986484543939,0.0,7.401521841388523,0.0,24.739400840660394,0.0,2975.655721254026,0.0,1773.4749473477098,0.0,13.528793060552827,0.0,12.984599332471202,0.0,10.686287282741386,0.0
Onreh,352.0666666666667,0.0,17.279087773349712,0.0,336.68459331062616,0.0,207.0,0.0,144.6052819471108,0.0,12.651194375414853,0.0,14.38749456993816,0.0,10.236900166607947,0.0,870.235536598358,0.0,279.39390236528095,0.0,202.26226252980294,0.0,5.340297354660298,0.0,26.98307061298669,0.0,2978.386252021602,0.0,1773.714376271461,0.0,12.65119443763982,0.0,11.68212292154145,0.0,9.491734201591397,0.0
Opern,353.25882352941176,0.0,17.327808098173303,0.0,356.9457264365225,0.0,247.0,0.0,173.29902378630402,0.0,13.340047189988026,0.0,15.716233645501712,0.0,11.232281373729917,0.0,2135.69115867279,0.0,971.6703435671692,0.0,909.309790388654,0.0,7.479216892617884,0.0,27.673110995976568,0.0,2459.548957334973,0.0,2723.6591472679806,0.0,13.340047489578678,0.0,12.954792679020674,0.0,10.483397640593035,0.0
Opfer,339.40784313725493,0.0,16.983305913118393,0.0,354.0961852029009,0.0,241.0,0.0,167.12674126440513,0.0,13.159298747473779,0.0,15.524174696260024,0.0,10.990049169081512,0.0,2138.0698245898852,0.0,977.1580515191796,0.0,913.4175440343892,0.0,10.438138590722305,0.0,26.449682973456554,0.0,3004.5365142027986,0.0,1808.269411652442,0.0,13.159298777407406,0.0,12.811769482385708,0.0,10.181643762037144,0.0
Oppig,410.9098039215686,0.0,18.720200053479434,0.0,420.70722698509667,0.0,322.0,0.0,234.01799389118494,0.0,15.187111253757028,0.0,17.944358444926362,0.0,13.304902888344753,0.0,6643.200949725945,0.0,1210.7908253088497,0.0,1090.197338800596,0.0,5.262429496701524,0.0,33.179065465129995,0.0,8147.54383343029,0.0,4920.824814339232,0.0,15.187112048466588,0.0,15.331472789717838,0.0,12.453444901356956,0.0
Optik,349.7647058823529,0.0,17.267748337327937,0.0,405.3113985339246,0.0,332.0,0.0,234.53742811030884,0.0,14.83870396105179,0.0,18.2208671582886,0.0,13.115314556836994,0.0,2154.546476609436,0.0,1026.5046229937168,0.0,939.3774224922652,0.0,7.478558345112758,0.0,28.819116959575073,0.0,8150.586168685767,0.0,4920.657586563474,0.0,14.838704770047865,0.0,14.906006232833521,0.0,12.37230698029337,0.0
Orbit,306.2627450980392,0.0,16.22945949908527,0.0,377.23556781592333,0.0,289.0,0.0,200.51632028282657,0.0,13.93670398488851,0.0,17.0,0.0,12.000382415922028,0.0,862.5047261181857,0.0,188.2429046677701,0.0,139.37018085226725,0.0,9.415862128828966,0.0,23.12648240573959,0.0,8154.420575173926,0.0,4921.004334454091,0.0,13.936704734424245,0.0,13.721193596781218,0.0,11.146676515240129,0.0
Order,326.6745098039215,0.0,16.677352053337405,0.0,341.41182005331814,0.0,223.0,0.0,154.55752229018424,0.0,12.800711499469214,0.0,14.933184523068078,0.0,10.576167788194583,0.0,1139.4673719818963,0.0,251.25975503420753,0.0,208.02490436785698,0.0,6.636358902716421,0.0,22.64725551489281,0.0,2979.420687127816,0.0,1773.147119507947,0.0,12.80071148962746,0.0,12.154828404144238,0.0,9.772467719311592,0.0
Organ,370.078431372549,0.0,17.640234846188452,0.0,359.02477580237735,0.0,245.0,0.0,169.71584684584946,0.0,13.258241510409604,0.0,15.652475842498529,0.0,11.052189559712014,0.0,2953.644023444003,0.0,264.2559926644955,0.0,192.24032834423613,0.0,3.820971881159441,0.0,23.058494009591154,0.0,7608.385374746481,0.0,10092.31394188737,0.0,13.258241457856586,0.0,12.644253582485264,0.0,10.106453208756426,0.0
Orhab,366.1333333333333,0.0,17.59083855086852,0.0,358.00615041262733,0.0,250.0,0.0,174.41610825022025,0.0,13.332578330246754,0.0,15.811388300841896,0.0,11.24999311209241,0.0,1040.9041270632317,0.0,334.66386555542744,0.0,261.46415428847854,0.0,3.797322554242585,0.0,30.177586811457825,0.0,7609.229657052424,0.0,10092.63968989855,0.0,13.332578279218668,0.0,12.945632523222622,0.0,10.373999721859935,0.0
Orion,316.46274509803925,0.0,16.391068544414107,0.0,344.21808052084884,0.0,235.0,0.0,160.01667645032825,0.0,12.861997613178518,0.0,15.329709716755891,0.0,10.618184457568772,0.0,851.3163562889853,0.0,175.10125680291586,0.0,127.19436004776314,0.0,5.487415017324435,0.0,24.05297965388904,0.0,22556.7006020707,0.0,1522.456650740868,0.0,12.861997560915986,0.0,11.84459333273235,0.0,9.74028025549151,0.0
Orkan,352.7607843137255,0.0,17.18853636559518,0.0,349.8813062837439,0.0,243.0,0.0,167.24552666503655,0.0,13.073927771423083,0.0,15.588457268119896,0.0,10.91254572008266,0.0,855.8579279843968,0.0,233.16677922432567,0.0,166.24934844636667,0.0,3.4819779678535028,0.0,25.894795469408937,0.0,7609.450899095564,0.0,10092.302811461925,0.0,13.07392771685076,0.0,12.255221770394966,0.0,10.063881373456416,0.0
Osten,317.03137254901964,0.0,16.407987008704517,0.0,327.5373920496314,0.0,207.0,0.0,140.78635418142807,0.0,12.319259423656755,0.0,14.38749456993816,0.0,9.953229006646396,0.0,888.6373956657951,0.0,308.86199765095927,0.0,244.53726034630418,0.0,5.481584136146101,0.0,25.236656635510855,0.0,2966.723131529402,0.0,1770.9865477817389,0.0,12.319259472081102,0.0,11.24732711476499,0.0,9.141098598335974,0.0
Ottis,272.7372549019608,0.0,15.28956996238795,0.0,371.94335202794633,0.0,285.0,0.0,196.97827945117012,0.0,13.818347479371194,0.0,16.881943016134134,0.0,11.868504978490611,0.0,852.3944221433335,0.0,191.3372490929444,0.0,141.91023401107526,0.0,8.801147593848896,0.0,23.73360381160269,0.0,8152.712560440455,0.0,4921.997614101765,0.0,13.81834820568887,0.0,13.23809347570461,0.0,11.011207735759871,0.0
Owögö,436.3254901960785,0.0,19.076013791970922,0.0,432.0326591454379,0.0,323.0,0.0,234.80308965555037,0.0,15.325855144042219,0.0,17.97220075561143,0.0,13.347179432497654,0.0,20060.046076812632,0.0,12746.20185799766,0.0,7527.556286485293,0.0,3.0548339736341155,0.0,375.6896652037108,0.0,25193.858267267224,0.0,9877.00225527519,0.0,15.299424716957068,0.0,14.853989498121182,0.0,12.330666925637457,0.0
Oxide,344.71764705882356,0.0,17.191043598562867,0.0,362.14308522071707,0.0,251.0,0.0,175.93929128704923,0.0,13.453896004812341,0.0,15.84297951775486,0.0,11.328718375868554,0.0,1081.2386239742623,0.0,631.0249109851812,0.0,529.1736599544425,0.0,4.359385401502891,0.0,62.274387591801606,0.0,1049.0677428281756,0.0,7603.597136353052,0.0,13.45389554150148,0.0,12.562423266877225,0.0,10.504119822719327,0.0
Ozean,341.0156862745098,0.0,17.00481556509573,0.0,329.5877452624695,0.0,208.0,0.0,141.78104659360056,0.0,12.361461285395903,0.0,14.422205101855956,0.0,10.00764484321109,0.0,1085.6627257489556,0.0,849.7597896143214,0.0,672.5163438330213,0.0,3.9399284164610284,0.0,35.88633869666504,0.0,7605.050574524436,0.0,10092.31150420044,0.0,12.361461251321776,0.0,11.684531661725705,0.0,9.166561916022362,0.0
Ozäun,361.6156862745098,0.0,17.51227042768834,0.0,345.39583555055026,0.0,238.0,0.0,162.1379724246553,0.0,12.883278068183746,0.0,15.427248620541512,0.0,10.713803441560236,0.0,1141.826436131971,0.0,912.9919714752629,0.0,726.2002038707733,0.0,2.634908929413822,0.0,50.936528944994336,0.0,39683.431575433846,0.0,3879.6677428174908,0.0,12.88327809151491,0.0,12.388744084469227,0.0,9.854387271727036,0.0
Paket,327.5607843137255,0.0,16.659504804946057,0.0,307.4352175322288,0.0,186.0,0.0,120.34226354391382,0.0,11.435201204045962,0.0,13.638181696985855,0.0,8.954556612942751,0.0,612.8795405180687,0.0,191.17192043113465,0.0,134.1377129951197,0.0,6.619919795553844,0.0,23.44254855429308,0.0,2977.447527058203,0.0,1785.1763603681843,0.0,11.435201186245749,0.0,10.661948426582157,0.0,8.08384233312732,0.0
Palme,361.90980392156865,0.0,17.591411609051654,0.0,384.7673413417673,0.0,279.0,0.0,197.75622714753496,0.0,14.111489494553444,0.0,16.703293088490067,0.0,12.089424009907146,0.0,1017.1181062746724,0.0,814.4565533245046,0.0,586.8769604810076,0.0,4.267832684148549,0.0,16.69538152508554,0.0,4497.928075613603,0.0,758.1472835230877,0.0,14.111489831068589,0.0,13.924494294780693,0.0,11.32665664612845,0.0
Palza,309.4980392156863,0.0,16.26871429999954,0.0,324.83571445129706,0.0,219.0,0.0,145.1645573599801,0.0,12.171642740830347,0.0,14.798648586948742,0.0,9.960775391364495,0.0,618.4741274790717,0.0,168.96520143046348,0.0,126.08144546944487,0.0,4.361445416105305,0.0,19.52657411066451,0.0,4605.505625895161,0.0,4341.991800439918,0.0,12.171642825849254,0.0,11.258691794642003,0.0,9.071544152032503,0.0
Panik,339.92549019607844,0.0,16.988338945603804,0.0,342.78957939511463,0.0,249.0,0.0,167.69902079349117,0.0,12.809641166668348,0.0,15.7797338380595,0.0,10.804582265752536,0.0,664.9215251815459,0.0,349.18255112988015,0.0,248.8281999311582,0.0,3.8008950168859976,0.0,17.24529354000981,0.0,8152.726546866536,0.0,4925.739384756299,0.0,12.809642024881379,0.0,12.558740238752893,0.0,10.081751955903211,0.0
Papst,321.0431372549019,0.0,16.50904660365432,0.0,319.57899571754774,0.0,207.0,0.0,136.00120307542298,0.0,11.90549273775029,0.0,14.38749456993816,0.0,9.613557911618514,0.0,1768.9343431731559,0.0,448.51571933967165,0.0,416.96289405187457,0.0,7.590603098244133,0.0,22.18980912735683,0.0,1687.009163257915,0.0,4498.991401281138,0.0,11.905492734561504,0.0,11.463850768876132,0.0,8.68010224612447,0.0
Paris,279.6549019607843,0.0,15.389676333158196,0.0,323.6666138960865,0.0,208.0,0.0,138.44310637922837,0.0,12.107092268519299,0.0,14.422205101855956,0.0,9.749866498891636,0.0,606.092110663611,0.0,136.2897032063054,0.0,99.72077692636383,0.0,7.897085726974854,0.0,14.041359747199406,0.0,8153.768390071643,0.0,4926.035994792664,0.0,12.107093083461391,0.0,11.10204066228446,0.0,8.861604530040744,0.0
Party,293.0352941176471,0.0,15.710052566238819,0.0,338.94970487900343,0.0,225.0,0.0,150.7137666489446,0.0,12.52928631287322,0.0,15.0,0.0,10.200256305586068,0.0,7276.188408501425,0.0,468.94700494870426,0.0,326.1723024552669,0.0,6.527263203236261,0.0,14.499462890285841,0.0,13878.40983299472,0.0,3404.7681284681134,0.0,12.529286204486041,0.0,11.533869141956304,0.0,9.23897127245119,0.0
Pasta,295.6313725490196,0.0,15.769272580197656,0.0,317.7237367366779,0.0,195.0,0.0,130.41967512952277,0.0,11.892051606016691,0.0,13.96424004376894,0.0,9.466880723493746,0.0,607.4894635553289,0.0,149.99009488421575,0.0,109.50474982046785,0.0,6.460555952473744,0.0,17.584937091931735,0.0,13875.177387713564,0.0,3404.231171772227,0.0,11.89205154726027,0.0,10.730436819705972,0.0,8.47782041191188,0.0
Paste,294.3607843137255,0.0,15.80106235995514,0.0,309.8276694523795,0.0,175.0,0.0,117.09834377520824,0.0,11.58556362946728,0.0,13.228756555322953,0.0,8.984016117617887,0.0,604.1405559893726,0.0,120.02406523181284,0.0,87.79899137011137,0.0,6.424998540016905,0.0,13.51226135073325,0.0,13874.769202029185,0.0,3403.8423240528527,0.0,11.585563553114959,0.0,10.15626994607256,0.0,8.06016339835975,0.0
Patan,315.1019607843137,0.0,16.341915218317933,0.0,297.48494747943846,0.0,182.0,0.0,115.88781438627282,0.0,11.145321586904284,0.0,13.490737563232042,0.0,8.69264399547758,0.0,601.575544327131,0.0,116.52436815662794,0.0,80.98726344606429,0.0,4.636182831847412,0.0,14.534533390163912,0.0,7609.336831197894,0.0,10094.362461296048,0.0,11.145321519148528,0.0,10.237817885733337,0.0,7.792761020921265,0.0
Paten,313.83137254901965,0.0,16.37259316654844,0.0,290.38506220813554,0.0,159.0,0.0,101.53218706944722,0.0,10.858501512686855,0.0,12.609520212918492,0.0,8.153976700014145,0.0,600.4967939794627,0.0,102.88358725780195,0.0,72.53843652650208,0.0,4.503255662327935,0.0,12.639776397583837,0.0,2977.7488424806975,0.0,1785.2930613699766,0.0,10.85850157245812,0.0,9.569408275554162,0.0,7.323585160220978,0.0
Pater,286.7607843137255,0.0,15.625805999972895,0.0,290.6788731392141,0.0,163.0,0.0,102.81453591770989,0.0,10.82312827306227,0.0,12.767145334803704,0.0,8.158960042476199,0.0,600.9884719086624,0.0,106.09214269428473,0.0,74.53453716787973,0.0,7.354150404511743,0.0,13.018297427072588,0.0,2982.7466119743813,0.0,1785.9204523012745,0.0,10.823128299002258,0.0,9.64518817438884,0.0,7.27920347305383,0.0
Patin,297.8666666666667,0.0,15.99589143711996,0.0,326.2413364421758,0.0,222.0,0.0,147.4959601494786,0.0,12.26212304023714,0.0,14.89966442575134,0.0,10.035996210420459,0.0,604.9945835217509,0.0,132.76349537621292,0.0,96.08938668671489,0.0,6.028942904943386,0.0,14.149229493607187,0.0,8153.433810479869,0.0,4925.543082393107,0.0,12.262123951477196,0.0,11.409591371085945,0.0,9.228882324902267,0.0
Pauke,352.79607843137256,0.0,17.283475895301052,0.0,304.1498112933882,0.0,185.0,0.0,118.84594657089315,0.0,11.33779192407486,0.0,13.601470508735444,0.0,8.86223731361043,0.0,605.9212679385772,0.0,152.79866433476374,0.0,104.73486480131017,0.0,2.4765549168213763,0.0,15.544653708619522,0.0,5971.934105933769,0.0,5527.310613642652,0.0,11.337791923817559,0.0,10.53884730992021,0.0,7.993045908421425,0.0
Pause,319.5960784313726,0.0,16.457612535863845,0.0,292.49198599645587,0.0,161.0,0.0,102.49018909338949,0.0,10.875894499710531,0.0,12.68857754044952,0.0,8.184819582723964,0.0,602.5039099104666,0.0,107.90605588397109,0.0,76.046880601775,0.0,4.207973944776562,0.0,13.691181317952454,0.0,1681.270085993106,0.0,4498.776505159421,0.0,10.875894558583047,0.0,9.720339051668109,0.0,7.233909216637272,0.0
Pbllm,375.7725490196078,0.0,18.082746284434666,0.0,438.11496579780123,0.0,363.0,0.0,261.24059478704885,0.0,15.703427993491983,0.0,19.05255888325765,0.0,14.005582654798605,0.0,861.2027650554624,0.0,525.9589230388206,0.0,387.6651268839699,0.0,6.30667867376876,0.0,29.90048143331828,0.0,24642.695453406508,0.0,13225.945967911473,0.0,15.703428914851305,0.0,16.083047569791233,0.0,13.216684667712515,0.0
Pbstm,368.035294117647,0.0,17.731794384749595,0.0,411.93615657657045,0.0,316.0,0.0,225.1117825860934,0.0,14.851669766334016,0.0,17.776388834631177,0.0,12.930685844069641,0.0,847.4994133856111,0.0,517.044196445046,0.0,377.1699362994215,0.0,6.130598036786141,0.0,29.452193566825976,0.0,13878.300056590957,0.0,3406.5477718714315,0.0,14.851669682635006,0.0,15.006548405672529,0.0,12.051060804058801,0.0
Pedal,338.1137254901961,0.0,17.083300447263476,0.0,328.9516910682248,0.0,218.0,0.0,147.36727819466074,0.0,12.34814597301014,0.0,14.7648230602334,0.0,10.211847520973079,0.0,1041.8207861438748,0.0,309.29872784347253,0.0,275.9417434116813,0.0,4.506849923985732,0.0,19.027908455499045,0.0,7607.789398351248,0.0,10094.881879992792,0.0,12.348145995230123,0.0,12.012301544593784,0.0,9.316669417403508,0.0
Pegel,351.9058823529412,0.0,17.4067286481381,0.0,332.6586872057567,0.0,198.0,0.0,135.0966969649374,0.0,12.288622225116402,0.0,14.071247279470288,0.0,9.823911873904331,0.0,2917.0215884937065,0.0,311.52878956002434,0.0,259.8560699412211,0.0,5.359854815577446,0.0,16.21363626269003,0.0,2973.098316366729,0.0,1787.3237911542824,0.0,12.28862220565223,0.0,11.463423693610567,0.0,8.86606189171832,0.0
Pelze,306.9568627450981,0.0,16.330287595882826,0.0,316.20701197286655,0.0,193.0,0.0,127.86017713520195,0.0,11.826064146509497,0.0,13.892443989449804,0.0,9.364695097644647,0.0,615.1493736702315,0.0,141.26128225446476,0.0,106.85419710502501,0.0,4.463876089163791,0.0,16.309120470007155,0.0,4603.833593180393,0.0,4341.533589426397,0.0,11.826064251276492,0.0,10.486032378896706,0.0,8.52867640944745,0.0
Penis,305.45490196078435,0.0,16.178434580715983,0.0,320.00014149835283,0.0,207.0,0.0,136.86952851430226,0.0,11.999930866454818,0.0,14.38749456993816,0.0,9.665037187489883,0.0,605.7789505589324,0.0,134.28530082412615,0.0,98.28791404782892,0.0,6.849947988853273,0.0,14.27453790313583,0.0,8152.065492093873,0.0,4925.626442690063,0.0,11.999931723403215,0.0,11.259638172074032,0.0,8.810194406183813,0.0
Perkt,310.4039215686274,0.0,16.25548947588877,0.0,316.3030151226984,0.0,207.0,0.0,133.16631546923412,0.0,11.761626894073627,0.0,14.38749456993816,0.0,9.381936274198257,0.0,606.1797048183587,0.0,152.3473527748069,0.0,104.93515626422662,0.0,5.210005142153734,0.0,14.860948285797889,0.0,5975.505443392945,0.0,5527.42288293578,0.0,11.761626893847637,0.0,10.944572230531353,0.0,8.44795606587995,0.0
Pfade,344.2941176470589,0.0,17.16267285374902,0.0,320.9477596274619,0.0,195.0,0.0,131.34411177710984,0.0,11.988476306361846,0.0,13.96424004376894,0.0,9.593025484894433,0.0,906.1365496210493,0.0,575.4897220430225,0.0,520.2518388151171,0.0,3.305742333886785,0.0,33.9438380632985,0.0,1019.4756219748502,0.0,7607.891860033469,0.0,11.988476274846258,0.0,11.012905825758882,0.0,8.667017659857795,0.0
Pfahl,333.7686274509804,0.0,16.91596662775062,0.0,338.06955426657896,0.0,243.0,0.0,162.6390170348445,0.0,12.669302955534727,0.0,15.588457268119896,0.0,10.627864196439964,0.0,893.403944905077,0.0,605.6673327965077,0.0,550.8268969445404,0.0,3.5745729180530628,0.0,36.46317293994039,0.0,13286.913398823077,0.0,5774.961715165231,0.0,12.669303161711293,0.0,12.287737293831112,0.0,9.683009856808274,0.0
Pfand,355.47843137254904,0.0,17.439941430332432,0.0,330.7854202601055,0.0,223.0,0.0,150.18709416616366,0.0,12.385390575361182,0.0,14.933184523068078,0.0,10.26141019872581,0.0,1884.089969125644,0.0,697.983606339958,0.0,636.1926928226131,0.0,5.419779187116456,0.0,33.247288943212965,0.0,17852.9452050753,0.0,8529.870634484403,0.0,12.385390582575413,0.0,11.793910802076782,0.0,9.342143244992554,0.0
Pfaue,325.21568627450984,0.0,16.655959651913854,0.0,304.97988797150936,0.0,180.0,0.0,116.57862322898977,0.0,11.346989947991853,0.0,13.416407864998739,0.0,8.827274835294112,0.0,810.0446371446078,0.0,566.4259155561878,0.0,512.651458125657,0.0,2.775416063715662,0.0,34.91757310313951,0.0,39685.07211369447,0.0,3885.999907430999,0.0,11.346990037401596,0.0,10.301526040973473,0.0,7.867809199180731,0.0
Pfbhl,356.47843137254904,0.0,17.567643529870992,0.0,351.9958752425289,0.0,255.0,0.0,173.26742587826794,0.0,13.095316847245643,0.0,15.968719422671311,0.0,11.06352219584617,0.0,905.2225007905967,0.0,606.5055904377607,0.0,551.6385423398413,0.0,4.0316021741416845,0.0,36.367962369578784,0.0,13286.899247889796,0.0,5774.619195121925,0.0,13.095317046268566,0.0,12.947108992837773,0.0,10.13150850324286,0.0
Pfeil,291.0431372549019,0.0,15.930200499873404,0.0,358.6082649109163,0.0,257.0,0.0,177.37360307571947,0.0,13.33536539307305,0.0,16.0312195418814,0.0,11.262416016763943,0.0,895.1962799234132,0.0,607.7540379689633,0.0,552.4941777771477,0.0,7.563520526696365,0.0,34.39666891187254,0.0,8158.558387437575,0.0,4928.569743094391,0.0,13.335366028432645,0.0,12.716419149518632,0.0,10.40970800610583,0.0
Pffpn,351.0549019607843,0.0,17.353731675802187,0.0,344.8323618900132,0.0,233.0,0.0,157.02648104463046,0.0,12.747363210370564,0.0,15.264337522473747,0.0,10.479041408963212,0.0,2157.087810749565,0.0,813.9999637549904,0.0,752.5846928584648,0.0,3.957548322680403,0.0,40.30702005100702,0.0,28946.202630965934,0.0,3109.119629012497,0.0,12.747363268691705,0.0,11.987410899600132,0.0,9.548281775885862,0.0
Pfgdm,436.2196078431372,0.0,19.303765322663065,0.0,426.8404095219564,0.0,330.0,0.0,234.21483713288688,0.0,15.144884510372487,0.0,18.16590212458495,0.0,13.198249885382277,0.0,3009.1668038613684,0.0,766.5665765833717,0.0,631.6399013291228,0.0,8.864072111702493,0.0,35.21464586128547,0.0,1049.1851720755183,0.0,7608.4495226935005,0.0,15.144884765359633,0.0,15.521093839301441,0.0,12.23272384036115,0.0
Pfihl,316.5333333333333,0.0,16.581926209479075,0.0,349.3356447436141,0.0,260.0,0.0,174.22991794585516,0.0,13.024371367275124,0.0,16.1245154965971,0.0,11.004410626410552,0.0,893.6084905255101,0.0,604.5497249439601,0.0,550.1531758789515,0.0,4.567438208528481,0.0,35.99581610860568,0.0,13294.318701264887,0.0,5774.997973029098,0.0,13.024371541387845,0.0,12.625847101386983,0.0,10.077523985032999,0.0
Pfiii,267.9607843137255,0.0,15.307807849626672,0.0,367.31461535687805,0.0,282.0,0.0,191.40103986127195,0.0,13.568515924449766,0.0,16.792855623746664,0.0,11.58116948277664,0.0,964.7666935618452,0.0,621.3605143970386,0.0,548.3986367791617,0.0,9.806406455854736,0.0,37.05527906682098,0.0,8171.275268087067,0.0,4929.247918572608,0.0,13.56851670611667,0.0,13.014407121632008,0.0,10.66909610397352,0.0
Pfint,293.9294117647059,0.0,15.957635185791126,0.0,324.621295407463,0.0,232.0,0.0,149.17596174746114,0.0,12.089965172997346,0.0,15.231546211727817,0.0,9.93432660361778,0.0,809.902772810792,0.0,565.013643227016,0.0,511.7671083482889,0.0,5.998242337047434,0.0,33.43588143115275,0.0,17859.365086505193,0.0,8529.786206742743,0.0,12.089965208391622,0.0,11.634166583284987,0.0,8.976372538203957,0.0
Pflug,357.32941176470587,0.0,17.558018067598915,0.0,363.44563246899384,0.0,257.0,0.0,174.82939984736097,0.0,13.286511779050885,0.0,16.0312195418814,0.0,11.132867521074363,0.0,6121.19226455431,0.0,807.5735299249002,0.0,675.6631085169129,0.0,7.60615407347046,0.0,35.2851881350718,0.0,39685.23190152244,0.0,3886.7723403996592,0.0,13.286511785665711,0.0,12.668620597593943,0.0,10.13619857671426,0.0
Pfote,304.5607843137255,0.0,16.147063942759047,0.0,332.02297627488065,0.0,210.0,0.0,142.15565050352757,0.0,12.353804567447844,0.0,14.491376746189438,0.0,9.95751286560263,0.0,814.1762262657254,0.0,571.2842058073566,0.0,516.0786627230573,0.0,5.557250358399214,0.0,35.11934297625837,0.0,13878.569730559306,0.0,3407.471617181507,0.0,12.353804456907314,0.0,11.41919672450072,0.0,9.034090005932539,0.0
Pfptb,349.37254901960785,0.0,17.366311454901272,0.0,372.4599841541027,0.0,264.0,0.0,184.97052318053466,0.0,13.692817465518084,0.0,16.24807680927192,0.0,11.600671314793429,0.0,1945.6048316033286,0.0,770.2799598112671,0.0,695.7906386642585,0.0,4.312560870977122,0.0,42.432099094448546,0.0,13879.788985412684,0.0,3408.391024953164,0.0,13.692817402631656,0.0,13.229549710445326,0.0,10.690743571539173,0.0
Pfudu,359.2039215686275,0.0,17.62363805301732,0.0,336.89769242473756,0.0,229.0,0.0,151.42480808428564,0.0,12.46084633714542,0.0,15.132745950421556,0.0,10.1968438806592,0.0,906.2688990689462,0.0,575.6524637947983,0.0,520.0605066217983,0.0,3.525288825926029,0.0,37.10532909477364,0.0,1060.8696850785038,0.0,7607.602388543933,0.0,12.460846419837225,0.0,11.829625046007664,0.0,9.210733650095547,0.0
Pgrpr,355.6627450980392,0.0,17.384185895860135,0.0,347.2582756360426,0.0,222.0,0.0,151.92658317706486,0.0,12.725209447447947,0.0,14.89966442575134,0.0,10.421682968772986,0.0,98575.18255179937,0.0,9209.29403909169,0.0,6944.7038397537,0.0,7.335010681285245,0.0,47.001600423205545,0.0,28941.87107570803,0.0,3086.088063522986,0.0,12.725209498246345,0.0,11.973191696700406,0.0,9.542632729948306,0.0
Phase,336.99607843137255,0.0,16.867903451789747,0.0,313.1714311915706,0.0,187.0,0.0,125.20946870804983,0.0,11.742654248722364,0.0,13.674794331177344,0.0,9.304613231756317,0.0,631.7072184827615,0.0,225.2781436783457,0.0,165.44835849337767,0.0,6.196270372847683,0.0,17.685582366509895,0.0,1691.9102368515973,0.0,4499.667264752562,0.0,11.742654332809678,0.0,10.658841066268721,0.0,8.41271053578876,0.0
Photo,338.5686274509804,0.0,16.959516670298104,0.0,345.9206011719249,0.0,235.0,0.0,160.68395259282272,0.0,12.858477680428477,0.0,15.329709716755891,0.0,10.648758781552916,0.0,712.7023672954807,0.0,303.01116658256774,0.0,228.01363469717035,0.0,6.412634692432455,0.0,22.41200476766267,0.0,13877.767299165702,0.0,3404.936283606564,0.0,12.85847765316968,0.0,12.348389619821699,0.0,9.731042827269164,0.0
Phsth,344.07058823529417,0.0,17.118854032869514,0.0,355.2503827525141,0.0,239.0,0.0,165.90447358867092,0.0,13.192791841786606,0.0,15.459624833740307,0.0,10.917101203335443,0.0,664.4547846968915,0.0,324.41840391600283,0.0,236.33080440405055,0.0,5.824423533536089,0.0,22.613565502293298,0.0,13878.97018515753,0.0,3404.8212253649276,0.0,13.192791850467906,0.0,12.17865524921567,0.0,10.028056815296397,0.0
Piano,320.8627450980392,0.0,16.523155143663583,0.0,304.08516008981104,0.0,196.0,0.0,125.51636952034988,0.0,11.38131981217767,0.0,14.0,0.0,9.077744652605082,0.0,682.6655344768138,0.0,220.51399592552798,0.0,166.7187373603768,0.0,3.796777907869966,0.0,17.235068995502413,0.0,17851.152908518587,0.0,8528.65324088703,0.0,11.381319829960464,0.0,10.654507125610264,0.0,8.102558156501528,0.0
Pigil,319.9764705882353,0.0,16.69154498455878,0.0,382.4120450197051,0.0,290.0,0.0,200.42180619371996,0.0,13.971506748761659,0.0,17.029386365926403,0.0,11.987010003180073,0.0,2918.0787031342575,0.0,323.7882264747274,0.0,267.98556041066865,0.0,6.338538474074143,0.0,17.68071004101582,0.0,8155.251898047215,0.0,4926.728695630393,0.0,13.97150737250875,0.0,13.51941846697298,0.0,11.033146483380955,0.0
Pille,284.8627450980392,0.0,15.84465533398647,0.0,349.1709270593862,0.0,245.0,0.0,168.60544325445125,0.0,13.072624517358294,0.0,15.652475842498529,0.0,10.954509939233596,0.0,623.7813913408764,0.0,154.75187391823923,0.0,125.93413587108412,0.0,5.094465625662336,0.0,14.520361627514475,0.0,24641.740871292906,0.0,13225.311435196454,0.0,13.07262541377088,0.0,12.023657266128684,0.0,10.16648580110201,0.0
Pilot,282.41568627450977,0.0,15.67852749874896,0.0,329.05313142556037,0.0,232.0,0.0,150.6269975762193,0.0,12.228104547126307,0.0,15.231546211727817,0.0,10.03147591763874,0.0,616.8328904099066,0.0,136.70599032847358,0.0,101.45138662751883,0.0,5.611081457183882,0.0,17.60546744922297,0.0,22554.043153570998,0.0,1539.9199194004066,0.0,12.228104589208067,0.0,11.46594561837743,0.0,9.059865988968935,0.0
Pilze,290.9921568627451,0.0,15.952586901034687,0.0,330.10409555277454,0.0,222.0,0.0,147.22151328395313,0.0,12.31243077071028,0.0,14.89966442575134,0.0,10.03208825074571,0.0,615.7556945438657,0.0,143.88281886874142,0.0,108.34000868637239,0.0,4.14381144812833,0.0,16.67655547427768,0.0,4608.630404457093,0.0,4341.87344102293,0.0,12.312430803062584,0.0,11.077737517927947,0.0,9.182821939882196,0.0
Pinne,324.92549019607844,0.0,16.737083998612913,0.0,289.6370726012485,0.0,168.0,0.0,106.11395240293385,0.0,10.846802826536475,0.0,12.96148139681572,0.0,8.279927602534551,0.0,600.4517801868287,0.0,99.09442204960895,0.0,69.81303314521479,0.0,2.7608246815210875,0.0,13.736270028950747,0.0,17851.162052715128,0.0,8528.146910367064,0.0,10.846802864418333,0.0,9.899351164457288,0.0,7.432012297924894,0.0
Pinni,308.96078431372547,0.0,16.368772606626415,0.0,313.03441434775254,0.0,214.0,0.0,137.55635274809572,0.0,11.733802370007142,0.0,14.628738838327793,0.0,9.535503984862467,0.0,794.0580306463463,0.0,266.7956785206995,0.0,200.79806511530782,0.0,4.355851593241453,0.0,20.338335547507256,0.0,17852.426302207517,0.0,8528.603474010357,0.0,11.733802395782122,0.0,11.237209595865577,0.0,8.638686184488185,0.0
Pirat,270.7960784313725,0.0,15.230645062491867,0.0,309.7878702503617,0.0,203.0,0.0,128.52225690549088,0.0,11.50150403229714,0.0,14.247806848775006,0.0,9.116794777281235,0.0,601.9391568269336,0.0,113.90554316504743,0.0,79.34008958286823,0.0,6.3953338367663966,0.0,15.889130841566542,0.0,7614.186276292059,0.0,10094.700279500796,0.0,11.501504138607668,0.0,10.671059788112512,0.0,8.11615738719756,0.0
Piste,277.12549019607843,0.0,15.442924644270834,0.0,322.99211783815537,0.0,198.0,0.0,132.4766310534958,0.0,12.036110496056832,0.0,14.071247279470288,0.0,9.541885500591333,0.0,604.7216527733572,0.0,121.03741088834475,0.0,88.50037753445966,0.0,5.958843842229969,0.0,14.007952458572454,0.0,13876.902136272454,0.0,3404.324202723927,0.0,12.036110357960148,0.0,10.54041751743308,0.0,8.59678697619959,0.0
Pizza,298.3921568627451,0.0,16.028516494756573,0.0,327.49666319105603,0.0,221.0,0.0,144.07908653007513,0.0,12.153333029178247,0.0,14.866068747318506,0.0,9.824314597526008,0.0,632.2627474613893,0.0,304.72302512512897,0.0,198.01335947900566,0.0,3.5870936408368492,0.0,34.506038679371464,0.0,4611.906949889641,0.0,4340.89994964929,0.0,12.1533330439585,0.0,10.96610021591677,0.0,8.81007845002636,0.0
Plana,323.4,0.0,16.60655225670492,0.0,307.07102365786136,0.0,200.0,0.0,130.289342085812,0.0,11.566284638492444,0.0,14.142135623730951,0.0,9.342403575023699,0.0,612.0389200421864,0.0,164.0191405316923,0.0,125.14956886455487,0.0,2.7562027016083808,0.0,19.253449221943157,0.0,17852.092639262308,0.0,8528.822797591225,0.0,11.566284654112684,0.0,10.803440103869763,0.0,8.40496663687503,0.0
Platz,291.08235294117645,0.0,15.874856618702415,0.0,345.3049674547445,0.0,252.0,0.0,168.56818216580018,0.0,12.862126662995166,0.0,15.874507866387544,0.0,10.785790044271245,0.0,750.5612875685981,0.0,628.9463801713,0.0,426.0667191893929,0.0,5.7424768639544705,0.0,20.740978855713415,0.0,13879.615426548375,0.0,3406.2634181892527,0.0,12.862126528651192,0.0,12.08725975025464,0.0,9.849260987419097,0.0
Plbgt,358.74117647058824,0.0,17.629496707832374,0.0,361.0835806517045,0.0,255.0,0.0,173.31083614746342,0.0,13.182027587289099,0.0,15.968719422671311,0.0,11.063467676277666,0.0,4817.811138368456,0.0,362.33872911875676,0.0,271.79324974021074,0.0,4.808484596110547,0.0,18.189127365384635,0.0,25193.67954856832,0.0,9873.4424218993,0.0,13.182027643515514,0.0,12.797907469158895,0.0,10.07146889450735,0.0
Plctt,261.9019607843137,0.0,15.080889164537998,0.0,334.4587560590991,0.0,229.0,0.0,152.30001345859688,0.0,12.428967639339353,0.0,15.132745950421556,0.0,10.211576987226717,0.0,610.5771648921896,0.0,139.688236947334,0.0,108.99768679508095,0.0,9.862109839369092,0.0,19.312579132512198,0.0,13878.923370815275,0.0,3404.4780085378175,0.0,12.428967370950904,0.0,11.53458304154118,0.0,9.321072388665678,0.0
Plint,287.74901960784314,0.0,15.872237882839896,0.0,323.77973245326723,0.0,235.0,0.0,151.38053339383382,0.0,12.099408820557652,0.0,15.329709716755891,0.0,10.016255407675521,0.0,609.3154631343912,0.0,135.26380779564946,0.0,104.62831280205275,0.0,5.587948512734426,0.0,15.70625909447403,0.0,17858.808361541203,0.0,8528.74874232566,0.0,12.099408858667216,0.0,11.621547336651286,0.0,9.111067774163443,0.0
Pllhn,337.5019607843137,0.0,17.147290551018873,0.0,334.25387916067496,0.0,239.0,0.0,159.44266155358116,0.0,12.580832227613058,0.0,15.459624833740307,0.0,10.48021045869698,0.0,618.3340032727332,0.0,146.78875904621336,0.0,116.80967875197723,0.0,4.683557019233414,0.0,19.654665090923086,0.0,13285.591221425768,0.0,5773.084188789643,0.0,12.58083233323639,0.0,11.90263796733593,0.0,9.646027786902653,0.0
Plllf,289.31372549019613,0.0,16.00237823539906,0.0,383.0674751440854,0.0,304.0,0.0,209.1984798180951,0.0,14.08190087837481,0.0,17.435595774162696,0.0,12.217705153350668,0.0,695.0614937357847,0.0,371.35743305567513,0.0,292.22584402062375,0.0,5.955531124651147,0.0,23.20271524425498,0.0,24643.43307816802,0.0,13225.534758921562,0.0,14.081901786610052,0.0,13.594224317002476,0.0,11.35685750232919,0.0
Plots,290.09411764705885,0.0,15.78655982070517,0.0,342.8069019921172,0.0,239.0,0.0,160.87283489004514,0.0,12.740979656677021,0.0,15.459624833740307,0.0,10.569532134265534,0.0,616.5757199530924,0.0,167.4987039705541,0.0,129.562922626536,0.0,6.60445831843547,0.0,19.43995867356328,0.0,13878.959658715745,0.0,3405.364116991615,0.0,12.74097951692762,0.0,11.99950294863869,0.0,9.627042739553966,0.0
Pltmn,354.678431372549,0.0,17.504056321237076,0.0,404.1754325304478,0.0,320.0,0.0,224.42529037775978,0.0,14.683994465309816,0.0,17.88854381999832,0.0,12.788820387862756,0.0,1016.0315489328694,0.0,816.9771912731509,0.0,589.3925433870593,0.0,6.201507990241805,0.0,19.06345647881844,0.0,4511.760172865367,0.0,754.0019742183597,0.0,14.683994644063578,0.0,14.519608381893189,0.0,11.982288931817116,0.0
Plugu,368.0862745098039,0.0,17.833279759321915,0.0,349.7685068703612,0.0,239.0,0.0,159.9415018598901,0.0,12.79255816983653,0.0,15.459624833740307,0.0,10.539980132287123,0.0,4815.591455194419,0.0,360.0316106199484,0.0,269.2000451262456,0.0,5.2923361618175235,0.0,23.53394805963743,0.0,25194.422156807763,0.0,9873.293915344895,0.0,12.792558205901566,0.0,11.995343071404786,0.0,9.528306959327493,0.0
Plztz,287.0941176470588,0.0,15.85882692344953,0.0,353.0843642849105,0.0,256.0,0.0,171.47499462051897,0.0,13.068082087644967,0.0,16.0,0.0,10.900384456621397,0.0,768.6785918108556,0.0,678.892150620367,0.0,454.22388077068695,0.0,6.126752208074728,0.0,37.46868479792384,0.0,13880.52112295251,0.0,3405.3832122727936,0.0,13.06808193807069,0.0,12.106564726693838,0.0,9.91465515835627,0.0
Pläne,334.6392156862745,0.0,16.934616104497017,0.0,309.70371368661756,0.0,193.0,0.0,127.42298678407602,0.0,11.641001638379509,0.0,13.892443989449804,0.0,9.332157152262242,0.0,703.1598386460689,0.0,358.2904464184201,0.0,292.4251510329566,0.0,2.7518576342974908,0.0,35.838981548976335,0.0,17852.043241725947,0.0,8529.865064832129,0.0,11.641001671703235,0.0,10.822409927172485,0.0,8.503356806133718,0.0
Pmtmr,387.41960784313727,0.0,18.157946014354366,0.0,458.9438511122031,0.0,382.0,0.0,273.4015101639703,0.0,16.08009195770606,0.0,19.544820285692065,0.0,14.295764359982378,0.0,1408.42978857127,0.0,1283.1173947588338,0.0,929.494415102236,0.0,5.733190687154549,0.0,24.071171595264502,0.0,4515.30456234227,0.0,764.7499878952676,0.0,16.080092085166907,0.0,16.52496055898611,0.0,13.492167967116506,0.0
Pnrns,316.71764705882356,0.0,16.408151967250674,0.0,301.22135354098396,0.0,182.0,0.0,116.89435582574755,0.0,11.28488695994376,0.0,13.490737563232042,0.0,8.796295747896746,0.0,603.8550307192196,0.0,125.02212498772607,0.0,91.39725755460334,0.0,5.036688269583575,0.0,19.493264324367342,0.0,17853.07783394947,0.0,8528.368609952113,0.0,11.284886967168173,0.0,10.219030052744058,0.0,7.866655451863287,0.0
Pobei,332.38823529411764,0.0,16.908359191074982,0.0,321.15742073213505,0.0,195.0,0.0,131.05559921815643,0.0,11.94965722335028,0.0,13.96424004376894,0.0,9.553791367451145,0.0,814.5263842346425,0.0,280.19469661308864,0.0,211.50825460689862,0.0,6.731073922939933,0.0,18.98730030159729,0.0,2977.3636130365094,0.0,1788.1994391457374,0.0,11.949657210201776,0.0,11.429420038600574,0.0,8.643917440655281,0.0
Pokef,346.61960784313726,0.0,17.13075571112205,0.0,329.0379404646132,0.0,208.0,0.0,137.86821849265,0.0,12.131955747880973,0.0,14.422205101855956,0.0,9.717400937715528,0.0,686.91431633846,0.0,384.640238506102,0.0,290.9158203696116,0.0,4.500165348497758,0.0,28.369756867756486,0.0,2977.332155251039,0.0,1785.4858895155598,0.0,12.131955730291347,0.0,11.484217884698472,0.0,8.793526675155201,0.0
Polen,326.70980392156855,0.0,16.771025984479532,0.0,311.01096680966856,0.0,184.0,0.0,122.67264676393515,0.0,11.683610988402592,0.0,13.564659966250536,0.0,9.185957729578737,0.0,619.1419880953086,0.0,134.79956932995157,0.0,101.52602937413704,0.0,3.785512708608715,0.0,14.203539957768138,0.0,2976.756357925643,0.0,1788.412821735529,0.0,11.68361104010395,0.0,10.55758383985443,0.0,8.355479876211557,0.0
Polyp,348.4823529411765,0.0,17.239143873960582,0.0,370.95515109828546,0.0,267.0,0.0,184.8218938704265,0.0,13.616701820153233,0.0,16.34013463836819,0.0,11.519529143182186,0.0,104181.88138670489,0.0,3418.5052078964145,0.0,2589.1192903973915,0.0,4.522372079215125,0.0,53.47107385049865,0.0,21768.709372976704,0.0,6883.625347737535,0.0,13.616702070339338,0.0,12.899324338513795,0.0,10.57944881100974,0.0
Poppo,383.5882352941177,0.0,18.05131350516694,0.0,336.11233248971575,0.0,210.0,0.0,144.66499134681447,0.0,12.484935586244804,0.0,14.491376746189438,0.0,10.193051816512254,0.0,2688.5657773252956,0.0,755.266945995014,0.0,701.8651993085037,0.0,3.387461697415943,0.0,28.89250248245838,0.0,28940.559875425763,0.0,3085.157551082063,0.0,12.484935645009665,0.0,12.146050656849619,0.0,9.264491490549455,0.0
Porno,325.52156862745096,0.0,16.59494695724119,0.0,302.29190021595537,0.0,177.0,0.0,114.98850238293375,0.0,11.296061753501977,0.0,13.30413469565007,0.0,8.766230200181104,0.0,689.4614318019624,0.0,223.83921239326452,0.0,169.76166269512908,0.0,3.7613953206939694,0.0,17.124408087879022,0.0,17850.64691266166,0.0,8528.290595957515,0.0,11.29606176055979,0.0,10.418675832833564,0.0,7.779852930389844,0.0
Porto,297.1921568627451,0.0,15.878741782640379,0.0,330.9978633038538,0.0,212.0,0.0,143.1018761307861,0.0,12.334758234026289,0.0,14.560219778561036,0.0,9.9615438968182,0.0,691.1913388595871,0.0,230.87997443004954,0.0,175.14036673721446,0.0,6.8163504145122635,0.0,17.025840663932776,0.0,13877.176584775441,0.0,3405.0093384875913,0.0,12.334758176023142,0.0,11.421466986666918,0.0,9.00739056076784,0.0
Posse,307.8,0.0,16.09438663154802,0.0,303.26443212812984,0.0,162.0,0.0,107.56500582481073,0.0,11.295831122035478,0.0,12.727922061357855,0.0,8.57379922170665,0.0,613.6448910013522,0.0,131.29601278797114,0.0,96.00296590095601,0.0,5.355139141627624,0.0,14.281793112969808,0.0,1676.5421018366173,0.0,4498.731074837614,0.0,11.2958311962081,0.0,9.725985915847552,0.0,7.531485757118731,0.0
Potzt,287.36470588235295,0.0,15.740959581143038,0.0,328.67252369912205,0.0,234.0,0.0,151.3928776738939,0.0,12.202457019298809,0.0,15.297058540778355,0.0,10.027807711446611,0.0,615.1014707335922,0.0,150.5490318714381,0.0,108.87918115206801,0.0,8.442467810142347,0.0,14.967139898925835,0.0,4612.521393109451,0.0,4340.449657542071,0.0,12.202457061816807,0.0,11.60692361296359,0.0,9.087126551075892,0.0
Ppktc,339.4901960784314,0.0,16.97019754650479,0.0,355.30922101021184,0.0,246.0,0.0,170.32663978446857,0.0,13.181805233565322,0.0,15.684387141358123,0.0,11.05268508852303,0.0,2175.628628746449,0.0,979.4594524301167,0.0,913.093214085662,0.0,9.889906922116305,0.0,66.59701841337257,0.0,13875.830662889026,0.0,3404.2748357502196,0.0,13.181805165698867,0.0,12.668474365145489,0.0,10.221852056468476,0.0
Pplbt,343.19215686274515,0.0,17.287874023005088,0.0,350.63314734617506,0.0,256.0,0.0,172.9776275055494,0.0,13.022327051414537,0.0,16.0,0.0,11.019932252401905,0.0,2067.0025522243245,0.0,968.1460732554269,0.0,907.5586467408533,0.0,6.668029181491856,0.0,25.683267779494724,0.0,20707.768687109947,0.0,4173.196898354085,0.0,13.022327093788142,0.0,12.92307234019582,0.0,10.131424301184602,0.0
Pqrpm,407.5019607843137,0.0,18.672098814148782,0.0,402.17080343458406,0.0,296.0,0.0,212.11348456890948,0.0,14.581709601923272,0.0,17.204650534085253,0.0,12.63235740347099,0.0,497636.0220185275,0.0,108506.82450606396,0.0,105013.20680303348,0.0,6.892026973057656,0.0,229.5043241901764,0.0,28942.852950289394,0.0,3094.3771193330554,0.0,14.581709639349429,0.0,14.755847029369363,0.0,11.806527584487185,0.0
Prall,286.21176470588233,0.0,15.746141640017143,0.0,359.78442181803166,0.0,264.0,0.0,183.0667991189629,0.0,13.447898153549417,0.0,16.24807680927192,0.0,11.484867414764746,0.0,722.6550793419373,0.0,268.23371598120065,0.0,238.30112595302043,0.0,5.688906623801017,0.0,18.641312248132554,0.0,24643.358019404666,0.0,13225.618034340263,0.0,13.447898955582852,0.0,12.55359627368851,0.0,10.620145455845892,0.0
Prcms,331.83137254901965,0.0,16.699690005802157,0.0,383.25860320089384,0.0,269.0,0.0,189.41670639640037,0.0,13.953434722587305,0.0,16.401219466856727,0.0,11.804773445888408,0.0,1013.6823548793367,0.0,815.1696520933976,0.0,586.9418541341606,0.0,5.435439324388311,0.0,20.73100214736663,0.0,4509.529615808522,0.0,753.6458951451818,0.0,13.953434838637646,0.0,13.359966514140366,0.0,10.94639394738804,0.0
Prdfr,311.25098039215686,0.0,16.338831078128432,0.0,355.62891560067175,0.0,253.0,0.0,172.30351709568703,0.0,13.150877330749504,0.0,15.905973720586866,0.0,11.034645120099318,0.0,977.9005779655638,0.0,260.60141516259336,0.0,216.3132049360384,0.0,5.7440994219640436,0.0,20.192294525807572,0.0,21868.884592276027,0.0,5824.008094777725,0.0,13.150877481013149,0.0,12.476294373330042,0.0,10.150037496715,0.0
Prebe,326.6156862745098,0.0,16.742209880881965,0.0,300.3258198107901,0.0,157.0,0.0,103.75478920068987,0.0,11.170398835286369,0.0,12.529964086141668,0.0,8.416805397469279,0.0,645.3592402170344,0.0,127.12609983033717,0.0,92.44858712774558,0.0,3.637437134624016,0.0,17.393396177561915,0.0,20708.033327079258,0.0,4172.116421164604,0.0,11.17039901533181,0.0,9.796697406458543,0.0,7.5456912179162865,0.0
Prgll,327.1725490196078,0.0,16.84482723380435,0.0,388.70071302203746,0.0,288.0,0.0,203.00721586848798,0.0,14.209613234333956,0.0,16.97056274847714,0.0,12.20885598802324,0.0,2920.2622774884567,0.0,333.86751158751525,0.0,279.07452293555485,0.0,5.993391251227326,0.0,19.315303359519387,0.0,24643.393813460665,0.0,13225.342099473102,0.0,14.209613992644172,0.0,13.501532513464715,0.0,11.27038942830408,0.0
Prinz,295.1372549019608,0.0,15.960002871461363,0.0,318.1449778118746,0.0,214.0,0.0,137.60914722510412,0.0,11.873841283074837,0.0,14.628738838327793,0.0,9.56301511473952,0.0,744.7127702034874,0.0,622.6575605909766,0.0,419.12333105169915,0.0,4.221187762544299,0.0,21.970932352475227,0.0,17858.979899268717,0.0,8528.79766947421,0.0,11.873841305740346,0.0,10.80393917793785,0.0,8.596388643451862,0.0
Prlxy,302.29803921568623,0.0,16.047316617636795,0.0,366.90846074872536,0.0,277.0,0.0,186.1781221052901,0.0,13.455541350184195,0.0,16.64331697709324,0.0,11.38258027407829,0.0,7277.7246715707315,0.0,486.0625545966412,0.0,342.3344519116058,0.0,4.434469966067419,0.0,178.18541624747976,0.0,32644.049668292195,0.0,1972.8028032736715,0.0,13.45554144321076,0.0,12.403309179556807,0.0,10.415223626577538,0.0
Profo,311.67058823529413,0.0,16.2349010087863,0.0,345.0072674412287,0.0,230.0,0.0,155.85541254222898,0.0,12.731596639672627,0.0,15.165750888103101,0.0,10.434315333788062,0.0,695.7744061615649,0.0,265.9752283924195,0.0,203.4751367169498,0.0,3.4901186492778487,0.0,21.898983495129023,0.0,21868.00300341617,0.0,5823.931104295094,0.0,12.731596761182976,0.0,11.848299665104028,0.0,9.465649515596576,0.0
Prost,283.0549019607843,0.0,15.487346970546062,0.0,318.7266968016038,0.0,207.0,0.0,134.27769904127882,0.0,11.830144107581562,0.0,14.38749456993816,0.0,9.464837466819203,0.0,610.1537853265072,0.0,145.93721012732837,0.0,106.93612150481722,0.0,7.055811944211636,0.0,17.492281662504507,0.0,1713.2705841184413,0.0,4499.5979084296005,0.0,11.83014407072464,0.0,10.890401969755686,0.0,8.428749057886016,0.0
Prrnz,295.21568627450984,0.0,15.8938094724433,0.0,308.74002808126585,0.0,190.0,0.0,121.93442164926961,0.0,11.517196560787884,0.0,13.784048752090222,0.0,8.995251704252205,0.0,743.7223818527144,0.0,621.5297958929824,0.0,418.4076273210726,0.0,4.1134451335986375,0.0,22.86010772100732,0.0,17853.92931570368,0.0,8528.540133003587,0.0,11.517196584801907,0.0,10.115232732679033,0.0,7.998146919679843,0.0
Prrrl,262.0156862745098,0.0,15.009505638613517,0.0,341.8855506123756,0.0,231.0,0.0,156.19134806370525,0.0,12.733223231413406,0.0,15.198684153570664,0.0,10.46498663777185,0.0,711.9932143458059,0.0,249.73883341216106,0.0,222.03278342377985,0.0,7.722133410607367,0.0,19.892076341821582,0.0,2500.0490718706096,0.0,2735.6868728425907,0.0,12.733223281329172,0.0,11.394161716087936,0.0,9.540167153414501,0.0
Pruxy,319.2352941176471,0.0,16.430959328418222,0.0,350.9395515981955,0.0,255.0,0.0,167.24193086007605,0.0,12.85322188682805,0.0,15.968719422671311,0.0,10.64747950174096,0.0,7276.894627970557,0.0,482.40543933197176,0.0,338.12023209965696,0.0,3.265717968589666,0.0,178.07312828040398,0.0,32644.25570349951,0.0,1969.7854564984304,0.0,12.853221844057483,0.0,11.888137334860097,0.0,9.632843970802465,0.0
Psalm,353.6235294117647,0.0,17.339658148694042,0.0,403.9712126392441,0.0,319.0,0.0,225.11051959102545,0.0,14.691734252437888,0.0,17.86057109949175,0.0,12.868200909004242,0.0,825.549691002272,0.0,558.9387348637912,0.0,411.67145057885443,0.0,7.776317336241118,0.0,24.6611320300664,0.0,24642.70451425874,0.0,13225.732927386414,0.0,14.691734985653463,0.0,14.77537221938765,0.0,12.025907505922751,0.0
Psölm,370.71764705882356,0.0,17.746686528403227,0.0,418.0710520468162,0.0,329.0,0.0,234.02176583639468,0.0,15.04142265758587,0.0,18.138357147217054,0.0,13.178521086781746,0.0,976.682560687574,0.0,1051.9991826712712,0.0,661.1379697674281,0.0,7.246944609533631,0.0,39.239111330788,0.0,24644.384184715265,0.0,13226.504386403894,0.0,15.041423383180705,0.0,15.246931234482846,0.0,12.319920245325273,0.0
Ptfff,293.3764705882353,0.0,15.89946838619064,0.0,373.2452744615826,0.0,283.0,0.0,189.97372769414568,0.0,13.5522864048952,0.0,16.822603841260722,0.0,11.474016319332346,0.0,688.1745474215128,0.0,390.15604465400827,0.0,302.4346553619837,0.0,4.6413246499618905,0.0,26.304239986795455,0.0,21872.827868839617,0.0,5835.822460546915,0.0,13.552286577227239,0.0,13.043328687179043,0.0,10.508405385289539,0.0
Ptsls,275.9568627450981,0.0,15.392821267039247,0.0,348.01523770866777,0.0,238.0,0.0,163.3006005893601,0.0,12.971262628777836,0.0,15.427248620541512,0.0,10.780544918893177,0.0,621.4248523595534,0.0,171.11889437957097,0.0,136.45512449266153,0.0,5.722355826799039,0.0,18.92193365784946,0.0,24642.273999539404,0.0,13225.379473571376,0.0,12.971263467831642,0.0,11.743438727532471,0.0,9.829714603646105,0.0
Pulli,292.95294117647063,0.0,16.080078825210727,0.0,371.15238771609194,0.0,284.0,0.0,196.94640944334105,0.0,13.800339311690731,0.0,16.852299546352718,0.0,11.893183701444787,0.0,812.3746297505617,0.0,294.4637629331512,0.0,228.49734150791298,0.0,9.002257980439586,0.0,20.655231145125832,0.0,24642.80460289903,0.0,13225.73736512433,0.0,13.80034036987306,0.0,13.149914296338098,0.0,11.0654132646263,0.0
Pumor,367.54117647058825,0.0,17.66641335153857,0.0,369.31025629326666,0.0,267.0,0.0,182.50678802820738,0.0,13.515488439291993,0.0,16.34013463836819,0.0,11.394627225707238,0.0,685.6561467610686,0.0,361.47508575433994,0.0,254.82712038840367,0.0,6.286646158710393,0.0,18.132066048907447,0.0,22554.64233815055,0.0,1539.0192876819183,0.0,13.515488391441275,0.0,13.333877222810214,0.0,10.51321842281096,0.0
Pumpe,404.25882352941176,0.0,18.595603735226923,0.0,373.01961432620965,0.0,257.0,0.0,180.7295465593818,0.0,13.667506002608263,0.0,16.0312195418814,0.0,11.521628249319246,0.0,2109.385454787819,0.0,675.5761836259031,0.0,598.5011830942952,0.0,4.8202237015678335,0.0,24.84133790679887,0.0,28941.601301377596,0.0,3085.7862549564575,0.0,13.667506001451285,0.0,13.49415391346632,0.0,10.726393444014121,0.0
Punks,354.4235294117647,0.0,17.33558054814365,0.0,324.1371834779701,0.0,222.0,0.0,145.52667945606993,0.0,12.120863345052182,0.0,14.89966442575134,0.0,9.905908387290198,0.0,608.5409258560037,0.0,164.66673867977633,0.0,115.09960507136728,0.0,3.266154757368576,0.0,15.311843936613835,0.0,5977.119258643513,0.0,5527.6572560796,0.0,12.120863365947303,0.0,11.529037806585583,0.0,9.02972728253519,0.0
Punkt,345.56470588235294,0.0,17.194556240898304,0.0,325.85038040920676,0.0,234.0,0.0,151.83568846725072,0.0,12.170334299167079,0.0,15.297058540778355,0.0,10.050233740611386,0.0,607.2297793841402,0.0,159.11839341044208,0.0,110.2230239424525,0.0,4.7093549874398,0.0,14.665493136767365,0.0,5978.013511477972,0.0,5527.547002136819,0.0,12.170334288485098,0.0,11.872244859612609,0.0,9.186217008617312,0.0
Puppe,379.9764705882353,0.0,18.06656409441552,0.0,324.9754609888122,0.0,189.0,0.0,130.279536205005,0.0,12.121817488737747,0.0,13.74772708486752,0.0,9.681080298019625,0.0,2667.3526884798216,0.0,729.0977375315982,0.0,685.3195282608032,0.0,3.60499979202702,0.0,26.718017827495856,0.0,28940.85219979982,0.0,3085.1918844786633,0.0,12.121817553835925,0.0,11.345312962874281,0.0,8.859710125344622,0.0
Purty,299.85490196078433,0.0,15.978898522763355,0.0,350.69827217498107,0.0,241.0,0.0,162.99061977096005,0.0,12.928749112583954,0.0,15.524174696260024,0.0,10.651673925250215,0.0,7276.296016595743,0.0,470.6974693512954,0.0,327.7463195347488,0.0,6.898019270218645,0.0,15.309577230347735,0.0,13880.259550467032,0.0,3405.698480010353,0.0,12.928749019279156,0.0,11.876654035724199,0.0,9.694892830915556,0.0
Puxil,304.035294117647,0.0,16.263479843636638,0.0,366.5350747403901,0.0,276.0,0.0,189.23627565514894,0.0,13.596389184501211,0.0,16.61324772583615,0.0,11.589428372017334,0.0,720.716415496121,0.0,278.18902540267084,0.0,242.8133355585346,0.0,7.986611942110645,0.0,41.56378610042795,0.0,8157.066139507305,0.0,4927.0977529155,0.0,13.596389958486903,0.0,12.773592338629904,0.0,10.676593369590732,0.0
Pxdvl,333.9254901960784,0.0,16.996912219294074,0.0,378.3925180488927,0.0,289.0,0.0,200.60952072497855,0.0,13.955505432788323,0.0,17.0,0.0,12.045336885729819,0.0,1206.5605155531393,0.0,742.2717392784614,0.0,607.880704962388,0.0,5.486506765567732,0.0,70.18960030428123,0.0,20356.954660443625,0.0,4829.502564548806,0.0,13.955505459764288,0.0,13.151939085816197,0.0,11.120231115930194,0.0
Pzsst,282.08627450980396,0.0,15.503898630384985,0.0,322.67608847243,0.0,205.0,0.0,133.66234850280784,0.0,11.941224027886776,0.0,14.317821063276353,0.0,9.4778896803444,0.0,911.0431472057045,0.0,843.562488572853,0.0,668.4983218865416,0.0,8.47932598013759,0.0,32.71190224531923,0.0,1699.244142719732,0.0,4499.161521696431,0.0,11.941224011246716,0.0,10.759027843489521,0.0,8.36254414298364,0.0
Pömpt,397.38823529411764,0.0,18.381908595936746,0.0,394.41152298196175,0.0,301.0,0.0,209.05699213723608,0.0,14.263227059503993,0.0,17.349351572897472,0.0,12.314962150105016,0.0,2114.7017293208755,0.0,690.8416614276039,0.0,605.8706552683022,0.0,6.290665626732046,0.0,26.142798798970702,0.0,28942.040616132792,0.0,3086.026050567074,0.0,14.263227037622734,0.0,14.642066702062328,0.0,11.420301577381846,0.0
Qdqdt,419.28235294117644,0.0,19.0231890705648,0.0,405.5300350344935,0.0,312.0,0.0,225.32181123589493,0.0,14.824733824491249,0.0,17.663521732655695,0.0,13.064252823149667,0.0,7872209979810047.0,0.0,7800463371553962.0,0.0,7544671231436474.0,0.0,8.799602999490126,0.0,102.989508018422,0.0,1024.5359102019113,0.0,7605.574205085,0.0,14.341377498072706,0.0,14.601819729704568,0.0,11.705366187184854,0.0
Qffqn,387.94117647058823,0.0,18.20393128384227,0.0,396.4138118640965,0.0,293.0,0.0,208.29030771989994,0.0,14.446735322786704,0.0,17.11724276862369,0.0,12.431107059016364,0.0,7872209979810047.0,0.0,7800463371553962.0,0.0,7544671231436474.0,0.0,4.838947829493912,0.0,8612.95684275436,0.0,21153.394204303797,0.0,6016.845269813363,0.0,13.948401144351251,0.0,13.484099308659246,0.0,11.031076667511481,0.0
Qkhll,387.58039215686273,0.0,18.21934744439274,0.0,439.9146692910149,0.0,361.0,0.0,262.40939666621625,0.0,15.820178107129795,0.0,19.0,0.0,14.083270013288924,0.0,46645.27302990735,0.0,20655.294066102353,0.0,13703.399517884553,0.0,12.038084150572356,0.0,77.92485535690608,0.0,24644.033001962485,0.0,13224.765038985814,0.0,15.820178872073228,0.0,15.741950303262715,0.0,13.296365106106473,0.0
Qmrtl,363.956862745098,0.0,17.63331360119949,0.0,464.4086245645181,0.0,378.0,0.0,277.0013429338338,0.0,16.332082436736147,0.0,19.44222209522358,0.0,14.533355509231283,0.0,46652.4096595961,0.0,20670.88192390609,0.0,13714.385026423284,0.0,15.679284932516914,0.0,65.49885240897619,0.0,13883.37911949982,0.0,3406.1669814077854,0.0,16.332082272807874,0.0,16.41886925545647,0.0,13.728933032336156,0.0
Qnggl,441.6705882352942,0.0,19.38632994000845,0.0,431.486589732607,0.0,324.0,0.0,235.60869150252853,0.0,15.322386819731374,0.0,18.0,0.0,13.374645259334779,0.0,46971.41032444336,0.0,20650.756139452104,0.0,13698.425094123557,0.0,5.870562058567619,0.0,64.63621299947091,0.0,25194.615715214826,0.0,9872.738638136721,0.0,15.322386814417376,0.0,15.161745142683825,0.0,12.41426302745734,0.0
Qskrr,339.72549019607845,0.0,16.829928852800045,0.0,386.236422691186,0.0,288.0,0.0,201.6794445021273,0.0,14.122516759668345,0.0,16.97056274847714,0.0,12.107755706673725,0.0,46641.57403925427,0.0,20648.380789432853,0.0,13696.12940341382,0.0,12.778712882209987,0.0,68.55979702933445,0.0,2498.018951332839,0.0,2730.5089053450506,0.0,14.122516899065506,0.0,13.500882011528155,0.0,11.248284331072629,0.0
Qtmfn,397.20784313725494,0.0,18.372477451887313,0.0,454.5530578892196,0.0,374.0,0.0,270.19572915597246,0.0,16.055138853743806,0.0,19.339079605813716,0.0,14.234919198753985,0.0,46641.823743999055,0.0,20649.140939723326,0.0,13696.351630464545,0.0,5.046937230058868,0.0,64.75520072663838,0.0,21869.347738739365,0.0,5823.489792280993,0.0,16.05513896216942,0.0,16.176550114210507,0.0,13.429485347400032,0.0
Qttxr,306.92941176470583,0.0,16.153364841232428,0.0,387.3643450288621,0.0,306.0,0.0,210.75349312241846,0.0,14.178420861682682,0.0,17.4928556845359,0.0,12.278188511025876,0.0,46640.749021399875,0.0,20646.336291637777,0.0,13694.249876272494,0.0,11.34370306391449,0.0,188.46631660645,0.0,32644.621465512835,0.0,1969.0384934647016,0.0,14.17842095906439,0.0,13.667735002942504,0.0,11.426593897035772,0.0
Quaft,344.4196078431372,0.0,17.093716399035117,0.0,391.5497525346135,0.0,305.0,0.0,213.04668476253966,0.0,14.288011610360737,0.0,17.46424919657298,0.0,12.410053638172435,0.0,46640.71873122016,0.0,20646.358888632258,0.0,13694.255560308113,0.0,12.529079583105743,0.0,63.19182000589441,0.0,21868.93310413885,0.0,5822.920565861538,0.0,14.288011728307906,0.0,14.185024168398932,0.0,11.569980058563194,0.0
Quark,373.25882352941176,0.0,17.68769395634354,0.0,393.43506466964203,0.0,307.0,0.0,215.92199661306435,0.0,14.384366394532874,0.0,17.52141546793523,0.0,12.555901075818882,0.0,46641.44437420256,0.0,20648.601590727507,0.0,13695.909863701894,0.0,7.779958543374618,0.0,63.34676392708064,0.0,2497.0043604964676,0.0,2732.030381765767,0.0,14.384366703337852,0.0,14.189000974854325,0.0,11.795827335580341,0.0
Quarz,345.62745098039215,0.0,17.095926744838906,0.0,377.17682128886315,0.0,282.0,0.0,196.0497381506445,0.0,13.882975090772181,0.0,16.792855623746664,0.0,11.898861606888634,0.0,46642.6594938102,0.0,20655.078834024098,0.0,13700.10139384346,0.0,11.182637536840865,0.0,65.49897713912813,0.0,2501.5794695346954,0.0,2732.229316904422,0.0,13.88297534223103,0.0,13.445796926617463,0.0,11.036419975449695,0.0
Queen,374.14509803921567,0.0,17.851683796748276,0.0,340.8129864441091,0.0,206.0,0.0,145.78289344532408,0.0,12.725952877867382,0.0,14.352700094407323,0.0,10.34917886440657,0.0,46640.582353447855,0.0,20645.88186653744,0.0,13693.838181384115,0.0,6.9164154709277685,0.0,61.89277689996403,0.0,2990.3196434876654,0.0,1781.7026304507833,0.0,12.725952921911231,0.0,11.968160053471355,0.0,9.66553764419325,0.0
Quill,329.30196078431374,0.0,16.941271786224238,0.0,420.9301966763936,0.0,342.0,0.0,246.03425162763864,0.0,15.30443946457882,0.0,18.49324200890693,0.0,13.558164722191645,0.0,46642.29948037064,0.0,20647.28970927314,0.0,13695.641864897987,0.0,12.646233836048573,0.0,63.03193632157882,0.0,24647.78412888374,0.0,13224.95865210368,0.0,15.30444046397156,0.0,15.042817126895262,0.0,12.771114401113053,0.0
Quirl,322.2627450980392,0.0,16.662806934850348,0.0,401.170184724311,0.0,316.0,0.0,223.2426252372048,0.0,14.653810238295662,0.0,17.776388834631177,0.0,12.79956036093809,0.0,46642.14739260433,0.0,20647.124453440167,0.0,13695.417423332892,0.0,13.694860970371208,0.0,63.17975968912444,0.0,2537.772575853299,0.0,2733.3422583889524,0.0,14.65381042418967,0.0,14.300494017006194,0.0,11.977495345329082,0.0
Quote,351.66666666666663,0.0,17.288935687120453,0.0,371.3409806700049,0.0,254.0,0.0,181.30021164371095,0.0,13.714148008412138,0.0,15.937377450509228,0.0,11.572410521165002,0.0,46640.67954507153,0.0,20646.115375322584,0.0,13694.037662866025,0.0,10.619101556267376,0.0,63.04749067215537,0.0,13878.839060567687,0.0,3403.000828303074,0.0,13.714147946153789,0.0,13.208915743083258,0.0,10.782868456917704,0.0
Qvjlt,320.4235294117647,0.0,16.62349101938774,0.0,437.63412256537674,0.0,361.0,0.0,258.3519466436584,0.0,15.61710478613118,0.0,19.0,0.0,13.85773622791173,0.0,111584.86105283325,0.0,21671.71878289157,0.0,14911.322132856552,0.0,13.257892877709127,0.0,138.6639110627511,0.0,24646.171854931552,0.0,13226.053136725764,0.0,15.617105703433262,0.0,15.354681519764519,0.0,13.026707415199423,0.0
Qztnt,329.04705882352937,0.0,16.80259724344235,0.0,363.67470017684286,0.0,270.0,0.0,183.82709026110365,0.0,13.428686050573504,0.0,16.431676725154983,0.0,11.418115077850052,0.0,46645.55394390725,0.0,20662.788084162687,0.0,13709.881176061332,0.0,11.047411221004547,0.0,69.35459581084653,0.0,17854.441022494404,0.0,8527.276121001003,0.0,13.42868607994013,0.0,13.235946558749882,0.0,10.542723013654976,0.0
Raben,379.5607843137255,0.0,18.03054778964775,0.0,311.026120213364,0.0,200.0,0.0,132.1226986489076,0.0,11.70629681891144,0.0,14.142135623730951,0.0,9.471724742836697,0.0,619.8935481205331,0.0,128.83611557511188,0.0,94.04283632023386,0.0,4.585441137149411,0.0,11.341408531737994,0.0,2961.4193983761647,0.0,1784.0230190698455,0.0,11.706296863781294,0.0,11.558523437407201,0.0,8.740102287167202,0.0
Rache,356.4039215686274,0.0,17.372297169864815,0.0,292.5679623241629,0.0,175.0,0.0,112.72027850972935,0.0,11.012036582145573,0.0,13.228756555322953,0.0,8.62950019993456,0.0,602.7170028349785,0.0,113.48121469625791,0.0,81.2124496237857,0.0,5.201434875249569,0.0,11.23683226493955,0.0,13278.525684192999,0.0,5770.825034104037,0.0,11.01203672414672,0.0,10.620345476555029,0.0,7.888134145061018,0.0
Radau,380.92549019607844,0.0,18.033365632839423,0.0,327.05072745170594,0.0,241.0,0.0,159.03431860275845,0.0,12.299300491584951,0.0,15.524174696260024,0.0,10.411933728207405,0.0,972.77034183155,0.0,235.38750173585385,0.0,196.00767484612828,0.0,4.4951349130080915,0.0,18.272235761605174,0.0,7604.329137234731,0.0,10094.270920162182,0.0,12.299300408357286,0.0,12.647791243924104,0.0,9.589581440558378,0.0
Radio,361.4509803921568,0.0,17.60622901899005,0.0,355.5465619742084,0.0,276.0,0.0,188.72421083461546,0.0,13.327548562948309,0.0,16.61324772583615,0.0,11.548339794201777,0.0,1026.2130903570635,0.0,304.95355284270875,0.0,248.02126053305633,0.0,6.8660695330071455,0.0,16.755334143496707,0.0,8147.134072736867,0.0,4925.2516569316,0.0,13.32754945740928,0.0,13.673090299214072,0.0,10.76706884413516,0.0
Raese,336.10980392156864,0.0,16.88916398327121,0.0,299.86553616610666,0.0,182.0,0.0,119.09934879446789,0.0,11.283345907762493,0.0,13.490737563232042,0.0,8.93256908445493,0.0,603.7977877255045,0.0,118.23061004474586,0.0,85.28923480810177,0.0,8.171497176958283,0.0,12.718547907108727,0.0,1650.9395133727942,0.0,4497.993214435956,0.0,11.283346008590847,0.0,10.757567547898354,0.0,8.175676925546322,0.0
Ragar,372.01176470588234,0.0,17.70695065502311,0.0,333.40978664380145,0.0,239.0,0.0,157.0726827200976,0.0,12.356076702237301,0.0,15.459624833740307,0.0,10.323446380144032,0.0,2893.1988748096055,0.0,242.4133379732169,0.0,175.02882994239724,0.0,8.688634181306057,0.0,14.229568904266682,0.0,7604.054047470219,0.0,10094.251763089062,0.0,12.356076684898985,0.0,12.50417286909502,0.0,9.390469644351956,0.0
Rahms,412.5647058823529,0.0,18.673608035477994,0.0,401.1084980501297,0.0,330.0,0.0,230.0127532611203,0.0,14.635338203496365,0.0,18.16590212458495,0.0,12.907200525012998,0.0,1014.6367705283316,0.0,816.3066815403208,0.0,587.660495129631,0.0,3.7113617784245654,0.0,16.379112738836017,0.0,4493.084102237619,0.0,749.3615249243104,0.0,14.635338433643247,0.0,15.323088128214385,0.0,12.128881190223076,0.0
Rampe,422.04313725490204,0.0,18.952142727305816,0.0,375.15282369965416,0.0,281.0,0.0,195.57915184752196,0.0,13.80372258708706,0.0,16.76305461424021,0.0,11.912358123741603,0.0,2109.438797155291,0.0,676.6875349936724,0.0,599.0844611919619,0.0,4.4236012116679895,0.0,23.489544867422804,0.0,28939.798559455412,0.0,3084.1756161903495,0.0,13.803722552565679,0.0,14.263593567586344,0.0,11.178685711666713,0.0
Randa,384.0196078431373,0.0,18.090899957827457,0.0,319.1817084688963,0.0,223.0,0.0,147.76412758110158,0.0,12.061770543363396,0.0,14.933184523068078,0.0,10.04938733672572,0.0,729.0821590039417,0.0,179.5761878939214,0.0,138.14607039734366,0.0,3.7054068459633527,0.0,17.09835429844361,0.0,931.2130705594209,0.0,7606.085583108644,0.0,12.06177025814633,0.0,12.152796589024671,0.0,9.249896217097097,0.0
Ranke,380.4941176470588,0.0,17.96395296991359,0.0,314.64490417998223,0.0,220.0,0.0,143.86367200406517,0.0,11.88148668142549,0.0,14.832396974191326,0.0,9.816056223655142,0.0,607.1138622234889,0.0,161.1945520188136,0.0,111.97584746319671,0.0,4.242602799791556,0.0,12.850629193070848,0.0,5964.325572171419,0.0,5526.812086640732,0.0,11.881486735381104,0.0,11.84876102480681,0.0,9.100252462861556,0.0
Rasat,320.2352941176471,0.0,16.449213955503794,0.0,312.2204434794148,0.0,220.0,0.0,140.92920394560605,0.0,11.693469039141602,0.0,14.832396974191326,0.0,9.61344413154009,0.0,604.8480582983624,0.0,132.16476529245992,0.0,94.41767060250193,0.0,10.896848776849604,0.0,15.498375075310122,0.0,7603.7236947140955,0.0,10094.090792583123,0.0,11.693469044306237,0.0,11.61200757005956,0.0,8.676128205412835,0.0
Rasen,347.29411764705884,0.0,17.17084964882162,0.0,300.67618492924737,0.0,181.0,0.0,118.06924104890743,0.0,11.31484602585144,0.0,13.45362404707371,0.0,8.884846745996594,0.0,603.5926808909601,0.0,120.06918622175854,0.0,87.31416068270798,0.0,6.0494391721430745,0.0,12.424536197495835,0.0,2961.1543831273557,0.0,1783.3118130282062,0.0,11.314846083761816,0.0,10.51245842520229,0.0,8.072961986108275,0.0
Rassa,329.09411764705885,0.0,16.596572789998014,0.0,315.5322283163566,0.0,211.0,0.0,139.07855078358568,0.0,11.864841455595506,0.0,14.52583904633395,0.0,9.686128180738878,0.0,609.3215843804763,0.0,154.91933955553486,0.0,112.86401195254047,0.0,8.391891908645254,0.0,17.016622654395967,0.0,1654.9542462454958,0.0,4498.211694327716,0.0,11.86484156781777,0.0,11.269668573902266,0.0,8.730717468345318,0.0
Rasse,327.82352941176475,0.0,16.62678087809904,0.0,307.6361610320582,0.0,191.0,0.0,125.7572194292711,0.0,11.557631936460368,0.0,13.820274961085254,0.0,9.214759579200335,0.0,605.9828019443628,0.0,126.12989114289098,0.0,91.9546510318474,0.0,8.539732998108663,0.0,12.3470016579211,0.0,1652.8967620144024,0.0,4497.958713804977,0.0,11.557632048264118,0.0,10.724410262433745,0.0,8.325756579796014,0.0
Raten,338.435294117647,0.0,17.028461147228658,0.0,304.26683887755763,0.0,199.0,0.0,128.65864547960285,0.0,11.481229469753467,0.0,14.106735979665885,0.0,9.222614774961698,0.0,601.986218089529,0.0,117.1865472810765,0.0,83.60400307225153,0.0,6.581027609264497,0.0,11.594452451480198,0.0,2966.626913197385,0.0,1783.6097338894767,0.0,11.481229541994535,0.0,10.998011591281204,0.0,8.495572652913538,0.0
Ratte,310.1058823529412,0.0,16.33127873526126,0.0,327.30010007011185,0.0,233.0,0.0,154.81420661605927,0.0,12.32597863039512,0.0,15.264337522473747,0.0,10.26635059074459,0.0,604.0199507680741,0.0,129.8826699567781,0.0,93.82075524948547,0.0,10.317184472030016,0.0,11.515870163810183,0.0,13873.697515318347,0.0,3403.1245044240627,0.0,12.325978515016738,0.0,11.957298210920564,0.0,9.513575996523278,0.0
Rauha,379.2470588235294,0.0,17.93708685844277,0.0,309.5388659391458,0.0,222.0,0.0,142.0789819538198,0.0,11.67824869892834,0.0,14.89966442575134,0.0,9.64325455666602,0.0,605.5652319627637,0.0,148.40299883326165,0.0,106.16661523781511,0.0,4.02174775765415,0.0,19.42544692022775,0.0,13279.858959525161,0.0,5771.256387006762,0.0,11.678248779227964,0.0,11.944943658780634,0.0,8.791551439721603,0.0
Raupe,379.1686274509804,0.0,18.011906011578414,0.0,313.36034624383376,0.0,205.0,0.0,134.43974926243737,0.0,11.743686308945659,0.0,14.317821063276353,0.0,9.552960126520459,0.0,2085.483987748305,0.0,586.857339617446,0.0,550.0868153241424,0.0,4.294188331265285,0.0,24.296630388368605,0.0,28939.57418173615,0.0,3083.277310540033,0.0,11.743686341330825,0.0,11.621279065775537,0.0,8.76736646744865,0.0
Raupi,363.20392156862744,0.0,17.670186587604377,0.0,336.7576879903378,0.0,251.0,0.0,165.88214960759927,0.0,12.567543698891338,0.0,15.84297951775486,0.0,10.659628620219571,0.0,2149.239232579518,0.0,636.9943223128765,0.0,581.4133708047775,0.0,7.056992663224191,0.0,27.922211331672486,0.0,28940.49820524591,0.0,3084.5607350970586,0.0,12.567543716321115,0.0,12.78013510442862,0.0,9.81115724575813,0.0
Rausu,352.2901960784314,0.0,17.328459966141093,0.0,320.0097081375005,0.0,232.0,0.0,149.26296449302367,0.0,11.9650968212353,0.0,15.231546211727817,0.0,9.908800289610014,0.0,605.0964770377858,0.0,131.38535046454382,0.0,92.63959204225208,0.0,6.522397367385328,0.0,19.699326178899668,0.0,1677.300971402587,0.0,4498.044931913069,0.0,11.965096926326536,0.0,11.83712156971001,0.0,9.020450636837602,0.0
Raute,335.34117647058827,0.0,16.96732459188037,0.0,322.4470477556214,0.0,225.0,0.0,148.08423025963788,0.0,12.114233771675604,0.0,15.0,0.0,9.996529279046396,0.0,603.625406172113,0.0,128.20316831006983,0.0,92.15064948480841,0.0,8.921610905236362,0.0,12.368744793794995,0.0,13873.333863458009,0.0,3402.999844124903,0.0,12.114233679535308,0.0,11.890635142619544,0.0,9.222644087994096,0.0
Rchch,367.1411764705882,0.0,17.622688619262174,0.0,331.5611042877424,0.0,227.0,0.0,151.26414064764217,0.0,12.385089172087387,0.0,15.066519173319364,0.0,10.189193748578088,0.0,667.6517200837189,0.0,261.12072256717136,0.0,187.6773390380524,0.0,4.98443115700274,0.0,18.211290379641245,0.0,367.0038714824056,0.0,1454.5439934270191,0.0,12.385089157580977,0.0,12.206946690772035,0.0,9.402553266906695,0.0
Rchcr,325.7647058823529,0.0,16.585185831974346,0.0,318.31994676325866,0.0,218.0,0.0,141.21130478625238,0.0,11.885920673307309,0.0,14.7648230602334,0.0,9.682262236073818,0.0,636.3362688896132,0.0,124.96376328927415,0.0,89.48643873391325,0.0,11.055806660702029,0.0,21.32444606207067,0.0,380.74870679807844,0.0,1453.4878726002582,0.0,11.8859206641555,0.0,11.732657061095692,0.0,8.848666114642484,0.0
Recht,337.98823529411766,0.0,17.004020602417633,0.0,305.1740127326997,0.0,207.0,0.0,131.55885139059143,0.0,11.43926618204624,0.0,14.38749456993816,0.0,9.25562659220181,0.0,602.9840241269992,0.0,114.9459379079099,0.0,81.90499335898062,0.0,8.303261551413932,0.0,11.056114419485628,0.0,13279.97120464885,0.0,5770.762597921397,0.0,11.439266402515289,0.0,11.397276005648674,0.0,8.429398572691262,0.0
Redon,387.32941176470587,0.0,18.24199539528332,0.0,324.419964555198,0.0,223.0,0.0,148.37258435726224,0.0,12.21030608041296,0.0,14.933184523068078,0.0,10.108572750536512,0.0,975.246838488843,0.0,234.33535168910433,0.0,196.28033250676708,0.0,3.808037269362515,0.0,16.84327558504624,0.0,22550.55269278812,0.0,1533.704283728109,0.0,12.210306070636946,0.0,12.100732701451147,0.0,9.29804928234099,0.0
Regel,376.5098039215686,0.0,18.02500719210061,0.0,346.54046387517883,0.0,238.0,0.0,162.22315537509303,0.0,12.842188724190965,0.0,15.427248620541512,0.0,10.727466232489698,0.0,2917.3285647880775,0.0,316.5404256352736,0.0,263.15961248127047,0.0,7.747902533904373,0.0,15.05482774198785,0.0,2961.5876482009467,0.0,1785.5817770324265,0.0,12.842188719554269,0.0,12.680408786630968,0.0,9.856313132646791,0.0
Regen,396.5411764705882,0.0,18.423879160947024,0.0,325.28345524728775,0.0,206.0,0.0,137.4516576845457,0.0,12.084326864067387,0.0,14.352700094407323,0.0,9.736903076004047,0.0,2892.8650836090983,0.0,233.66125751600921,0.0,169.84793988164938,0.0,4.360773659198457,0.0,11.353397302543742,0.0,2959.6834229342253,0.0,1783.1267466588934,0.0,12.084326900045562,0.0,11.698295124834797,0.0,8.893222356135917,0.0
Regie,369.3921568627451,0.0,17.822789949931657,0.0,352.2454171575235,0.0,247.0,0.0,169.0981445931244,0.0,13.045863459125341,0.0,15.716233645501712,0.0,10.937808335202662,0.0,2893.7769344551198,0.0,246.69595992796465,0.0,180.2898773457749,0.0,7.692854352244967,0.0,13.492082064218945,0.0,8145.482644915345,0.0,4924.739357457982,0.0,13.045864263316124,0.0,12.830741926157799,0.0,10.107301684845522,0.0
Regil,360.54509803921565,0.0,17.683540939135966,0.0,382.3967381092192,0.0,301.0,0.0,208.18692845512442,0.0,14.049000590099972,0.0,17.349351572897472,0.0,12.219345959600577,0.0,2918.2576996282405,0.0,327.47359319315524,0.0,270.5999392117672,0.0,9.60695805159429,0.0,16.276769662283666,0.0,8147.715066162417,0.0,4925.614118632141,0.0,14.04900138216648,0.0,14.120834583500743,0.0,11.343909345055291,0.0
Rehst,343.1843137254902,0.0,17.13980328339908,0.0,325.78261359245255,0.0,240.0,0.0,156.0088665929061,0.0,12.218615780761516,0.0,15.491933384829668,0.0,10.192996037896528,0.0,606.9699770919999,0.0,126.10681284904655,0.0,90.97316234304618,0.0,11.11270839610229,0.0,12.368280691163001,0.0,1666.4713654112006,0.0,4498.153729715726,0.0,12.218615803321814,0.0,12.293389343186801,0.0,9.329226742598236,0.0
Reibe,351.1411764705882,0.0,17.44467786608843,0.0,317.0257722683249,0.0,211.0,0.0,138.4505891990621,0.0,11.881567586092572,0.0,14.52583904633395,0.0,9.659816641151968,0.0,646.0678907111103,0.0,132.00532135302996,0.0,94.41624968837154,0.0,5.583106399733697,0.0,16.135410005909534,0.0,20709.197448812094,0.0,4171.541100299302,0.0,11.881567577013492,0.0,11.557832882935134,0.0,8.870395980219497,0.0
Reihe,352.65098039215684,0.0,17.436662996548666,0.0,309.86226661209736,0.0,210.0,0.0,135.93112332235503,0.0,11.688848080173829,0.0,14.491376746189438,0.0,9.502244962004866,0.0,603.3847763333457,0.0,119.83243606465417,0.0,85.5633795603122,0.0,5.49772213362603,0.0,15.00068843375931,0.0,13286.075002391388,0.0,5771.53244766287,0.0,11.688848144140568,0.0,11.4846758696647,0.0,8.735640097085183,0.0
Reime,378.12549019607843,0.0,18.031056978534785,0.0,390.8996768179095,0.0,305.0,0.0,213.11996703532634,0.0,14.305338660500665,0.0,17.46424919657298,0.0,12.439402401360432,0.0,1012.7491573867836,0.0,814.4771006633689,0.0,586.1886682351428,0.0,4.93581808794114,0.0,14.843010105277337,0.0,4510.9945690809345,0.0,749.8472348934004,0.0,14.305339035928501,0.0,14.559138453697635,0.0,11.707905177642024,0.0
Reise,318.87450980392157,0.0,16.554582746758125,0.0,314.59323062312797,0.0,209.0,0.0,136.79012022639492,0.0,11.816934448495413,0.0,14.45683229480096,0.0,9.57967352101502,0.0,605.1640634867864,0.0,123.36525536856345,0.0,88.56241687995212,0.0,8.928437889169183,0.0,11.900372451367195,0.0,1712.0358888944484,0.0,4498.651967224292,0.0,11.816934573525655,0.0,11.183748468822149,0.0,8.763363125210837,0.0
Reize,324.44313725490196,0.0,16.77307164277664,0.0,323.0719826431409,0.0,225.0,0.0,147.20696589345695,0.0,12.102142730087168,0.0,15.0,0.0,9.94446180432231,0.0,607.9343904544885,0.0,143.14837483397275,0.0,103.95427633288787,0.0,8.11715864741188,0.0,14.415524258416804,0.0,4616.778477288061,0.0,4340.295845622518,0.0,12.102142850975595,0.0,11.525738888064515,0.0,9.174290228314524,0.0
Relpe,360.96078431372547,0.0,17.69102366566447,0.0,328.5966202002314,0.0,221.0,0.0,149.39289163718783,0.0,12.355685381721129,0.0,14.866068747318506,0.0,10.23929265333347,0.0,2088.367921191719,0.0,589.4404966111088,0.0,552.5097337593972,0.0,5.285839880543136,0.0,24.082073323319804,0.0,28939.142015923266,0.0,3084.933173322662,0.0,12.355685364859955,0.0,11.948204313919552,0.0,9.481799729169557,0.0
Remis,369.83921568627454,0.0,17.785527770568475,0.0,399.06107940642346,0.0,328.0,0.0,227.244122486526,0.0,14.55423924370443,0.0,18.110770276274835,0.0,12.78205921077163,0.0,685.2678807198552,0.0,367.6901982179651,0.0,260.4872586095496,0.0,9.121114511721212,0.0,14.568655500596568,0.0,8149.616208365153,0.0,4925.425169863583,0.0,14.554240207004389,0.0,14.987160115473424,0.0,11.994570869767392,0.0
Rente,337.1647058823529,0.0,17.057904415176363,0.0,318.3277287786611,0.0,214.0,0.0,141.99244841219067,0.0,12.015398364625518,0.0,14.628738838327793,0.0,9.826839413206573,0.0,603.3037585291744,0.0,124.18298073615442,0.0,90.20560985636104,0.0,8.932055974878661,0.0,11.948269299075012,0.0,13872.294946892618,0.0,3403.0233093483716,0.0,12.015398300348199,0.0,11.684243431667406,0.0,9.099216108258574,0.0
Reste,317.6941176470588,0.0,16.510114104486853,0.0,322.9768109276695,0.0,209.0,0.0,140.24175331490028,0.0,12.125979243888974,0.0,14.45683229480096,0.0,9.832170959175953,0.0,605.5848091611455,0.0,130.57638940383032,0.0,96.12691265474957,0.0,9.88092287003309,0.0,12.347104194074705,0.0,13872.351314649944,0.0,3402.6968301258294,0.0,12.125979164559276,0.0,11.301490706563573,0.0,8.9921466702364,0.0
Retan,338.435294117647,0.0,17.028461147228654,0.0,310.6340889547284,0.0,216.0,0.0,139.03122392596484,0.0,11.706078817704322,0.0,14.696938456699069,0.0,9.56666607554363,0.0,603.0259407588338,0.0,127.3669722073648,0.0,89.94808108796532,0.0,6.709978429877741,0.0,13.444394549415483,0.0,7604.712099088249,0.0,10094.129784150331,0.0,11.706078742212194,0.0,11.374831339259163,0.0,8.75326181949717,0.0
Retel,317.1333333333333,0.0,16.626294354888408,0.0,324.7912123113166,0.0,225.0,0.0,149.44709429968657,0.0,12.231598365787306,0.0,15.0,0.0,10.134970471142388,0.0,710.2683381926853,0.0,242.548361279563,0.0,217.25147682786053,0.0,10.02426759647634,0.0,15.120419162398228,0.0,2968.6016388954085,0.0,1785.5116730720936,0.0,12.231598383925196,0.0,11.835966654560101,0.0,9.35867898413127,0.0
Reten,337.16470588235296,0.0,17.057904415176363,0.0,303.5342036834254,0.0,193.0,0.0,124.67559660913922,0.0,11.43333473278089,0.0,13.892443989449804,0.0,9.07999868905379,0.0,601.949789662897,0.0,115.01934516421147,0.0,82.42296539578236,0.0,6.731450434672774,0.0,11.456892566767722,0.0,2965.366416532694,0.0,1783.0419592707358,0.0,11.433334795423406,0.0,10.777172564300296,0.0,8.33830724035233,0.0
Reusu,351.01960784313724,0.0,17.35739435493623,0.0,319.2770729433683,0.0,226.0,0.0,145.27991562256005,0.0,11.919146568283043,0.0,15.033296378372908,0.0,9.77619947041038,0.0,605.0602358683074,0.0,129.45606673707897,0.0,91.57515988893596,0.0,6.638047517821398,0.0,19.324387250406286,0.0,1676.2512720185396,0.0,4497.899680960437,0.0,11.919146657958258,0.0,11.63222406942186,0.0,8.872493597948575,0.0
Reuzo,354.34901960784316,0.0,17.450717336638196,0.0,327.49527052314636,0.0,237.0,0.0,153.77850775827324,0.0,12.2105390443101,0.0,15.394804318340652,0.0,10.123876709637528,0.0,687.1422172340991,0.0,235.7382452811329,0.0,178.24282167154453,0.0,6.133984345823462,0.0,17.51441953801349,0.0,4600.116934932388,0.0,4339.942341368274,0.0,12.210539116382,0.0,12.028963931994975,0.0,9.252932689624703,0.0
Revue,346.0627450980392,0.0,17.251723414903037,0.0,308.8242278477283,0.0,202.0,0.0,130.03503962147732,0.0,11.544410479696593,0.0,14.212670403551895,0.0,9.268464302715898,0.0,617.4202786891998,0.0,180.4825966006582,0.0,133.20340234700828,0.0,6.367788626932004,0.0,19.937611426755037,0.0,39683.142169590064,0.0,3881.346628775617,0.0,11.544410489865653,0.0,10.871791322194001,0.0,8.42031146162886,0.0
Rfhmt,399.7686274509804,0.0,18.509771103327505,0.0,425.2928936364775,0.0,372.0,0.0,258.6751825734932,0.0,15.29817430121613,0.0,19.28730152198591,0.0,13.65879468471543,0.0,1149.7046417695221,0.0,985.872731877193,0.0,774.858252641229,0.0,4.917157762386336,0.0,36.78641242663349,0.0,4506.35426235135,0.0,762.4874702930457,0.0,15.298174370539254,0.0,16.129060410241305,0.0,12.82852997988636,0.0
Rgmls,419.18823529411765,0.0,18.930865134699307,0.0,446.3817417057297,0.0,383.0,0.0,272.6012997539236,0.0,15.831619838441616,0.0,19.570385790780925,0.0,14.204459063906514,0.0,98555.56298026211,0.0,9198.27773540445,0.0,6928.189980446295,0.0,10.244535571216273,0.0,43.480921228719644,0.0,24640.984374821463,0.0,13225.026019139335,0.0,15.83162087424682,0.0,16.418217155138624,0.0,13.4262999461771,0.0
Rhqzh,418.6078431372549,0.0,18.98882773168492,0.0,375.2881766121198,0.0,297.0,0.0,205.32612963780718,0.0,13.937270287528916,0.0,17.233687939614086,0.0,12.14019993974418,0.0,7872209979810047.0,0.0,7800463371553962.0,0.0,7544671231436474.0,0.0,4.627023615044042,0.0,80.5018614882007,0.0,4607.71361670863,0.0,4341.115929777341,0.0,13.42199250199285,0.0,13.531833845175944,0.0,10.80115079142162,0.0
Rhrzs,341.72549019607845,0.0,17.076954979970164,0.0,349.0185892988645,0.0,262.0,0.0,175.18156086058852,0.0,12.995837182602907,0.0,16.186414056238647,0.0,10.991112828231884,0.0,636.4408471947236,0.0,242.99991776964382,0.0,179.25074732905045,0.0,11.402981403923437,0.0,19.228498331367216,0.0,4610.142228507063,0.0,4340.620158570624,0.0,12.995837294308885,0.0,12.596025193014269,0.0,10.157842622883313,0.0
Riege,369.3921568627451,0.0,17.822789949931657,0.0,335.04092425325,0.0,219.0,0.0,147.7246399022127,0.0,12.38896298888604,0.0,14.798648586948742,0.0,10.143015928150689,0.0,4814.726854717204,0.0,351.1271321225555,0.0,260.40643898928687,0.0,4.681259994885783,0.0,13.827476804145746,0.0,25190.54224293951,0.0,9872.696540394485,0.0,12.388963028517695,0.0,11.82390497746605,0.0,9.310910561481968,0.0
Riffe,321.8274509803922,0.0,16.685207680004318,0.0,359.7703575992461,0.0,275.0,0.0,184.70869029568274,0.0,13.268688948881804,0.0,16.583123951777,0.0,11.278472877250087,0.0,620.5979542503777,0.0,206.11659022762197,0.0,159.5603405800939,0.0,7.09568482704528,0.0,17.724364933635595,0.0,21870.14698261396,0.0,5834.117082308935,0.0,13.26868892228034,0.0,12.94314586846792,0.0,10.468094473244081,0.0
Rigil,344.58039215686273,0.0,17.335349896004885,0.0,396.29382168912724,0.0,330.0,0.0,227.5482646038756,0.0,14.460794441067383,0.0,18.16590212458495,0.0,12.738041296812764,0.0,2918.385568233887,0.0,328.61294852801467,0.0,271.19009042480855,0.0,8.83288652907455,0.0,16.87588905533217,0.0,8151.346244134841,0.0,4926.031331057664,0.0,14.460795111484163,0.0,14.565622647422696,0.0,11.843571170800262,0.0
Rilie,302.34901960784316,0.0,16.300636245935284,0.0,355.50910600960873,0.0,277.0,0.0,187.88963455526178,0.0,13.315257784468182,0.0,16.64331697709324,0.0,11.443206866470737,0.0,616.4178175430047,0.0,152.7960154514494,0.0,115.44000240182784,0.0,9.234794100957677,0.0,14.300696021259258,0.0,8149.915142587507,0.0,4926.231332489474,0.0,13.31525860533859,0.0,12.946395899731133,0.0,10.696525021876386,0.0
Rille,309.46666666666664,0.0,16.521494626642983,0.0,363.0527037288083,0.0,285.0,0.0,195.73190166460688,0.0,13.594303469025178,0.0,16.881943016134134,0.0,11.771600370031932,0.0,625.2153479988158,0.0,164.60800957982826,0.0,132.61678300121878,0.0,8.237248422673353,0.0,13.349565910835736,0.0,24640.379954770677,0.0,13225.003017384532,0.0,13.59430441667034,0.0,13.18904929354548,0.0,11.040710589051347,0.0
Rinde,365.51372549019607,0.0,17.80715095528129,0.0,324.45008957037385,0.0,226.0,0.0,149.82108350507454,0.0,12.203826166980347,0.0,15.033296378372908,0.0,10.120075796014618,0.0,726.7775612799616,0.0,156.2070213840944,0.0,122.16940433973832,0.0,3.633407789556604,0.0,12.813949391369556,0.0,962.3868768257436,0.0,7606.167885207025,0.0,12.203826111362835,0.0,11.985349303038435,0.0,9.359053877921395,0.0
Ringe,380.57647058823534,0.0,18.089943593278477,0.0,338.16246697019324,0.0,233.0,0.0,156.13320563430636,0.0,12.533227448741025,0.0,15.264337522473747,0.0,10.387346285510562,0.0,4814.715000630239,0.0,351.5561895850373,0.0,260.55630188568205,0.0,4.499110304749437,0.0,12.874920058070874,0.0,25190.77467697607,0.0,9872.787311133516,0.0,12.533227479554053,0.0,12.161015364285538,0.0,9.544978602821638,0.0
Rippe,380.52549019607847,0.0,18.127281200490202,0.0,340.2731187480326,0.0,236.0,0.0,160.5074287714327,0.0,12.701305736854273,0.0,15.362291495737216,0.0,10.640240015819293,0.0,2667.5265458390236,0.0,730.2948922228277,0.0,685.9191171196024,0.0,4.271582589224662,0.0,26.803472575494162,0.0,28939.71099951938,0.0,3083.876486208935,0.0,12.701305792427044,0.0,12.570784618147325,0.0,9.86612762593913,0.0
Risse,310.5882352941177,0.0,16.286810376306228,0.0,320.8006094178341,0.0,214.0,0.0,141.13550670755865,0.0,12.009226754439396,0.0,14.628738838327793,0.0,9.759448109767348,0.0,606.5621338281293,0.0,127.09456337507541,0.0,92.62457440939654,0.0,7.905694126530668,0.0,12.783587949526103,0.0,1665.7696545293754,0.0,4498.204224242815,0.0,12.009226789439348,0.0,11.088893558372853,0.0,8.846283699151494,0.0
Ritze,307.2980392156863,0.0,16.36069454602862,0.0,332.8700153861573,0.0,248.0,0.0,162.1417568053161,0.0,12.443324945018372,0.0,15.748015748023622,0.0,10.415619271225598,0.0,607.7347973418687,0.0,144.0193612284904,0.0,104.44313449325959,0.0,7.623209056681511,0.0,14.028533059520123,0.0,4604.215258145315,0.0,4339.997772056261,0.0,12.443325005258947,0.0,11.881686028864161,0.0,9.624439749380215,0.0
Rkbnn,414.38823529411764,0.0,18.83533902416744,0.0,347.1300731857675,0.0,263.0,0.0,176.737045754372,0.0,12.967215809221265,0.0,16.217274740226856,0.0,11.076281687458142,0.0,813.3976735878322,0.0,591.3654591924075,0.0,471.77815968421197,0.0,5.071825666035142,0.0,47.20076868769984,0.0,17849.52710575948,0.0,8528.088071739101,0.0,12.967215797610615,0.0,13.036781240189041,0.0,10.30295518309141,0.0
Rkscr,330.3843137254902,0.0,16.660943884851758,0.0,340.5566820919761,0.0,241.0,0.0,160.38013218045955,0.0,12.63196803140952,0.0,15.524174696260024,0.0,10.49825889127981,0.0,812.6590134942765,0.0,589.9740935662792,0.0,470.74890580710866,0.0,14.488181490697134,0.0,48.78758448519816,0.0,440.6974608535581,0.0,1454.4486299500584,0.0,12.631968007907409,0.0,12.084475904055207,0.0,9.616943457871477,0.0
Rktlt,324.9019607843137,0.0,16.78813773553967,0.0,384.99342665360535,0.0,328.0,0.0,223.22389479426005,0.0,14.192850145213978,0.0,18.110770276274835,0.0,12.527024696064437,0.0,809.9944760553747,0.0,597.4782880808003,0.0,478.1980587009961,0.0,14.475316629527203,0.0,47.06617096052277,0.0,24641.736164305166,0.0,13224.819357928358,0.0,14.192851068545153,0.0,14.226809873905292,0.0,11.73754222236706,0.0
Rldsh,378.65098039215684,0.0,18.087134139392944,0.0,366.22810161567804,0.0,287.0,0.0,197.24810167694062,0.0,13.650714830175769,0.0,16.941074346097416,0.0,11.847706699039417,0.0,998.7508343019438,0.0,335.67063906886233,0.0,264.99507365845733,0.0,4.331879159968165,0.0,22.579826685119684,0.0,1687.1978230815355,0.0,4499.44200079898,0.0,13.650714867183154,0.0,13.655344897229357,0.0,11.04358201706348,0.0
Rmstr,352.7725490196079,0.0,17.33646099011181,0.0,409.0018127282768,0.0,332.0,0.0,232.07630009059184,0.0,14.773058995829818,0.0,18.2208671582886,0.0,12.970100066691913,0.0,1152.1833814361157,0.0,1001.8545530886412,0.0,729.0601909992123,0.0,15.725546421082734,0.0,21.637702935474213,0.0,13878.038730444301,0.0,3405.9745558119434,0.0,14.773058838277585,0.0,14.921118450077039,0.0,12.144372008170281,0.0
Rntzt,317.30196078431374,0.0,16.607112977907285,0.0,343.23365605352797,0.0,279.0,0.0,181.64064024484816,0.0,12.815917102529006,0.0,16.703293088490067,0.0,11.00664408579619,0.0,609.5165592917949,0.0,157.21586394784924,0.0,114.89790318332614,0.0,12.629114646267498,0.0,18.446241879888206,0.0,4612.1300088109965,0.0,4340.037249807148,0.0,12.815917170273126,0.0,12.805089884144069,0.0,10.19160388139064,0.0
Rnvmt,382.9764705882353,0.0,18.119258480244017,0.0,417.06070764419314,0.0,366.0,0.0,253.05571286658653,0.0,15.067040325310087,0.0,19.131126469708992,0.0,13.465170804720081,0.0,1022.4607000519335,0.0,828.2055374279345,0.0,597.1021459933052,0.0,5.799583773807119,0.0,24.186257087012525,0.0,4506.431680449286,0.0,748.2053610515576,0.0,15.067040558799695,0.0,15.617901714575872,0.0,12.642058859125116,0.0
Robbe,396.9372549019608,0.0,18.478666482075653,0.0,329.9286857268654,0.0,223.0,0.0,150.40539080763375,0.0,12.33088516450608,0.0,14.933184523068078,0.0,10.217352936683975,0.0,670.4290579103603,0.0,157.40028951860097,0.0,115.04691628549995,0.0,4.55990645359224,0.0,17.292637679908374,0.0,20704.529795433264,0.0,4171.279351759856,0.0,12.330885207426176,0.0,12.472868030707156,0.0,9.400382859593247,0.0
Rocho,366.8352941176471,0.0,17.600151601877567,0.0,315.45340112104407,0.0,212.0,0.0,139.3825867735543,0.0,11.847769627871488,0.0,14.560219778561036,0.0,9.698257163443213,0.0,691.7003143610613,0.0,231.01395873676526,0.0,174.86178324109403,0.0,4.863144322952839,0.0,15.280204669780382,0.0,13279.33339125858,0.0,5771.0150071444605,0.0,11.847769744191087,0.0,11.816383983647798,0.0,8.84258763327396,0.0
Rohre,358.5803921568628,0.0,17.476018169842476,0.0,330.47218252395146,0.0,232.0,0.0,155.1136877648656,0.0,12.420104534919924,0.0,15.231546211727817,0.0,10.312707138052318,0.0,615.0999215251194,0.0,147.44523951848817,0.0,107.6532082116607,0.0,8.691255681642089,0.0,14.410477558272566,0.0,2456.59151103612,0.0,2731.935169014296,0.0,12.42010483987463,0.0,12.280962431963367,0.0,9.534704781519984,0.0
Rohöl,383.9843137254902,0.0,18.112048196946265,0.0,356.87988126702754,0.0,273.0,0.0,185.56097486578466,0.0,13.30247308360115,0.0,16.522711641858304,0.0,11.422152882980841,0.0,791.3179354289806,0.0,602.5442112578559,0.0,387.9872532562061,0.0,6.578244827036532,0.0,24.43368210578071,0.0,11907.295516212935,0.0,10783.174751839535,0.0,13.302473129114057,0.0,13.531502356810407,0.0,10.55663401139118,0.0
Rolle,331.2823529411765,0.0,16.989277664325684,0.0,359.3983031085261,0.0,273.0,0.0,189.28785919201462,0.0,13.494107430358815,0.0,16.522711641858304,0.0,11.636282405545176,0.0,633.5042767190517,0.0,177.00018669192724,0.0,141.2525163204051,0.0,9.046486359533764,0.0,12.94440185964861,0.0,24639.708222564634,0.0,13224.962770925345,0.0,13.494108568857358,0.0,13.227431649617394,0.0,10.904296823063433,0.0
Roman,412.39607843137253,0.0,18.69185357942131,0.0,377.81619705568414,0.0,301.0,0.0,206.35794383078692,0.0,13.910851444925473,0.0,17.349351572897472,0.0,12.102757752423825,0.0,689.0806569280659,0.0,366.43438422784544,0.0,258.40192124084336,0.0,4.149805219492452,0.0,15.247544172260074,0.0,7605.764765244887,0.0,10094.322273023026,0.0,13.910851351617069,0.0,14.49021415949674,0.0,11.307396914183089,0.0
Rommé,459.9921568627451,0.0,19.754643408029235,0.0,462.169873809518,0.0,392.0,0.0,282.84949106645877,0.0,16.259914231146738,0.0,19.79898987322333,0.0,14.573323890017466,0.0,3365.1707410036765,0.0,3766.6183365398747,0.0,3204.1538091806133,0.0,3.550903471973982,0.0,125.92905678117371,0.0,4496.092183030045,0.0,759.5127892980965,0.0,16.25991457366425,0.0,17.18193325498692,0.0,13.806542760235097,0.0
Romon,416.9764705882353,0.0,18.811472854546082,0.0,380.6597025011263,0.0,298.0,0.0,205.00828927378015,0.0,13.968032573107509,0.0,17.26267650163207,0.0,12.086360968872379,0.0,693.4656105872368,0.0,368.7466818981252,0.0,260.442950521039,0.0,3.926809027641857,0.0,16.700469813160357,0.0,22551.58244702937,0.0,1535.0414955705708,0.0,13.968032470675599,0.0,14.37562606282581,0.0,11.270681711911338,0.0
Rondo,393.18039215686275,0.0,18.337199969726,0.0,334.17107998147924,0.0,240.0,0.0,161.105104490612,0.0,12.545732235370783,0.0,15.491933384829668,0.0,10.567346834466575,0.0,801.676179650529,0.0,254.25541876664317,0.0,196.9337215485273,0.0,3.450827833964817,0.0,16.214471183464195,0.0,947.6149650058138,0.0,7606.20441892325,0.0,12.545731904298803,0.0,12.748850995421671,0.0,9.727387632126769,0.0
Rosen,351.87450980392157,0.0,17.30098836440382,0.0,310.18623269474114,0.0,192.0,0.0,127.0034858546027,0.0,11.659942554905472,0.0,13.856406460551018,0.0,9.279441144513378,0.0,612.747931546878,0.0,137.45601969678563,0.0,100.56082153161195,0.0,6.288549754546118,0.0,12.976326450129687,0.0,2963.3089727331694,0.0,1783.2492582968753,0.0,11.659942608253262,0.0,10.930521156263545,0.0,8.433126670177792,0.0
Roton,348.8666666666667,0.0,17.260855033678265,0.0,323.72027735979646,0.0,230.0,0.0,150.59886304511696,0.0,12.151231795468478,0.0,15.165750888103101,0.0,10.04501117001613,0.0,617.1567444557014,0.0,151.3376623590184,0.0,108.78619003812099,0.0,6.140714057851727,0.0,15.751495592365137,0.0,22551.546627326985,0.0,1533.8044584576019,0.0,12.151231708942216,0.0,11.825921811418501,0.0,9.186018233215961,0.0
Rotor,321.7960784313725,0.0,16.55418746556703,0.0,324.014088290875,0.0,234.0,0.0,151.88121189337966,0.0,12.119632199920146,0.0,15.297058540778355,0.0,10.049056789375731,0.0,617.635160118541,0.0,153.5369605753708,0.0,110.12723368963213,0.0,10.833314026051939,0.0,16.031377836714118,0.0,22552.4258740737,0.0,1534.4259450188713,0.0,12.1196321336788,0.0,11.887325455160733,0.0,9.150674000906482,0.0
Rotos,329.39607843137253,0.0,16.719715344453046,0.0,326.45145370742426,0.0,234.0,0.0,152.79418961380918,0.0,12.2004534681829,0.0,15.297058540778355,0.0,10.120531354868136,0.0,618.6249380256367,0.0,157.34541496908594,0.0,113.6972340168414,0.0,9.075766094609074,0.0,16.744359409073624,0.0,22551.95361449629,0.0,1534.298466612698,0.0,12.20045337588696,0.0,11.954435923120506,0.0,9.194704069822855,0.0
Rotte,314.6862745098039,0.0,16.46805349309977,0.0,336.81014783560556,0.0,244.0,0.0,163.74845142175457,0.0,12.64350698943638,0.0,15.620499351813308,0.0,10.609688058879172,0.0,613.168821871846,0.0,146.1063168587489,0.0,106.25935387988588,0.0,10.56337286382928,0.0,12.04260323238465,0.0,13874.288414958113,0.0,3403.2914505156928,0.0,12.643506879935051,0.0,12.326454922795413,0.0,9.821050781016599,0.0
Route,339.92156862745094,0.0,17.09901238460945,0.0,331.9570955211151,0.0,236.0,0.0,157.01847506533318,0.0,12.437169278809996,0.0,15.362291495737216,0.0,10.34882234273414,0.0,612.7801678957059,0.0,144.61535269696603,0.0,104.78768234796961,0.0,9.269293044278482,0.0,12.943213660242911,0.0,13874.144037176366,0.0,3403.2689536637126,0.0,12.437169192091204,0.0,12.26179899339218,0.0,9.539500729916696,0.0
Rpssh,378.72549019607845,0.0,17.930908880249728,0.0,356.4664667627485,0.0,259.0,0.0,178.4788467533292,0.0,13.283253464529036,0.0,16.09347693943108,0.0,11.286048026063938,0.0,2062.6798113587024,0.0,994.4869098994244,0.0,921.9063002647652,0.0,7.170935269219135,0.0,26.19440179951736,0.0,1669.6587399088487,0.0,4498.73138891723,0.0,13.28325358019728,0.0,12.970544802893485,0.0,10.41694335046651,0.0
Rqhrl,371.10196078431375,0.0,17.934683921135015,0.0,377.2821774590638,0.0,305.0,0.0,211.6563159140673,0.0,14.048441313188027,0.0,17.46424919657298,0.0,12.347107159092776,0.0,497631.9364366888,0.0,108504.54786646797,0.0,105011.50134573615,0.0,11.482995060034476,0.0,228.8129420468426,0.0,2474.2853496516595,0.0,2741.6394789701285,0.0,14.048441475110476,0.0,14.218272787332179,0.0,11.559603062693842,0.0
Rqngk,448.67450980392164,0.0,19.574964591393908,0.0,384.84903170738954,0.0,302.0,0.0,210.50206359778593,0.0,14.098446712085103,0.0,17.378147196982766,0.0,12.361069724623288,0.0,497654.7925150865,0.0,108505.31157293798,0.0,105011.84136640419,0.0,2.89669682311966,0.0,228.75270769852716,0.0,25191.83306085202,0.0,9875.072077255421,0.0,14.09844668743486,0.0,14.334873872165806,0.0,11.588951522326191,0.0
Rqvxs,359.1411764705882,0.0,17.520506138024793,0.0,370.72114937740776,0.0,303.0,0.0,205.10551031387,0.0,13.726975789201353,0.0,17.406895185529212,0.0,11.990078561454093,0.0,497631.81876443536,0.0,108504.47134843704,0.0,105011.39109760808,0.0,9.989382448282864,0.0,289.49446771355457,0.0,32642.612002112965,0.0,1978.911047429571,0.0,13.726975952292227,0.0,13.49063757276664,0.0,11.1196395984129,0.0
Rqzgz,407.1411764705883,0.0,18.748037754556872,0.0,377.4428816139517,0.0,283.0,0.0,195.21097124937123,0.0,13.807201058958674,0.0,16.822603841260722,0.0,11.85922719640326,0.0,497654.93550588243,0.0,108506.85825943582,0.0,105012.51293854053,0.0,4.911932468565124,0.0,231.53702674050695,0.0,25192.3699822495,0.0,9875.03585929131,0.0,13.807201031122865,0.0,13.530264734435509,0.0,10.892663706548454,0.0
Rrhmc,390.2117647058824,0.0,18.187065042804555,0.0,404.2766186605759,0.0,326.0,0.0,228.8855646057042,0.0,14.717542791862503,0.0,18.05547008526779,0.0,12.918332183735854,0.0,1240.8465286189044,0.0,816.9971606098754,0.0,588.3551399114409,0.0,4.831950742897368,0.0,61.56582544511488,0.0,4501.30358873926,0.0,751.0918816748078,0.0,14.717542964906766,0.0,15.110746229777302,0.0,12.156459364724126,0.0
Rrhrn,348.02745098039213,0.0,17.24010283360245,0.0,341.76596575117094,0.0,256.0,0.0,170.61815897433348,0.0,12.824323270182754,0.0,16.0,0.0,10.801347769954374,0.0,608.1818102763053,0.0,145.4859250655397,0.0,106.51239861088341,0.0,6.20801775665507,0.0,17.148918511646947,0.0,2478.6997761354623,0.0,2732.7493307187174,0.0,12.824323530926321,0.0,12.402029451754558,0.0,10.009152678204066,0.0
Rrtqt,320.1686274509804,0.0,16.675758074022585,0.0,345.0024170497275,0.0,266.0,0.0,176.15547556980437,0.0,12.880378329077637,0.0,16.30950643030009,0.0,10.99517841334844,0.0,7872209979810047.0,0.0,7800463371553962.0,0.0,7544671231436474.0,0.0,7.540299984201133,0.0,8612.686836286692,0.0,21145.748347565517,0.0,6005.422372828145,0.0,12.318842538509614,0.0,12.018174947074051,0.0,9.509281237853898,0.0
Rstfr,299.1411764705882,0.0,16.001751634221854,0.0,355.93007519748585,0.0,281.0,0.0,186.94115624534913,0.0,13.190759567719496,0.0,16.76305461424021,0.0,11.297141926812822,0.0,670.7919353475843,0.0,322.48338132203725,0.0,255.6108184393552,0.0,11.621843992606173,0.0,24.67205626018051,0.0,21866.160047150785,0.0,5822.814474749656,0.0,13.19075961378739,0.0,12.855317817576484,0.0,10.439040953741411,0.0
Rstwh,369.2705882352941,0.0,17.72633782460577,0.0,387.4712452578407,0.0,313.0,0.0,216.26169942952674,0.0,14.245758431657404,0.0,17.69180601295413,0.0,12.44558369808946,0.0,36777.930377902434,0.0,4247.145656276289,0.0,3465.1155794743177,0.0,5.978151118818267,0.0,53.626871512617946,0.0,7579.633047173997,0.0,1267.9815204436213,0.0,14.245758381963345,0.0,13.783110569265455,0.0,11.604739387040373,0.0
Rthpl,369.3058823529411,0.0,17.902449577761008,0.0,365.404248861542,0.0,288.0,0.0,197.43863052547584,0.0,13.622750869819228,0.0,16.97056274847714,0.0,11.855067446038076,0.0,2121.3889709061646,0.0,630.0210399404151,0.0,589.3783707441625,0.0,5.239315838722313,0.0,27.34848568073636,0.0,28940.82855259723,0.0,3087.5104521615494,0.0,13.622750910706,0.0,13.738771298084808,0.0,11.024440456921164,0.0
Rthsp,369.8666666666667,0.0,17.794603245143087,0.0,355.26615899835076,0.0,269.0,0.0,183.28946908844955,0.0,13.26783999610839,0.0,16.401219466856727,0.0,11.351260414944374,0.0,6111.736974220262,0.0,1123.3517731545082,0.0,1099.361134815379,0.0,4.69862923468441,0.0,40.98394815227296,0.0,1675.7511442293894,0.0,4500.2431778121145,0.0,13.267840045977053,0.0,13.174083594159859,0.0,10.492916139627301,0.0
Rthwh,403.0470588235294,0.0,18.55279114332927,0.0,395.23950285803477,0.0,323.0,0.0,225.11819490262263,0.0,14.51908866096714,0.0,17.97220075561143,0.0,12.751521852961337,0.0,36777.01236458966,0.0,4239.210816774039,0.0,3458.7054914198657,0.0,4.381147783856926,0.0,52.01499432427092,0.0,7581.374941369814,0.0,1274.1090196438536,0.0,14.519088605603642,0.0,14.339504261373875,0.0,11.939098707952152,0.0
Rtswr,327.8941176470588,0.0,16.695277403556354,0.0,376.45794318169345,0.0,297.0,0.0,203.65228475845998,0.0,13.876770426674613,0.0,17.233687939614086,0.0,12.030827823391109,0.0,36776.44528830868,0.0,4233.04626282076,0.0,3454.8113151154494,0.0,6.7839411581748035,0.0,50.12691405012087,0.0,7581.524665558806,0.0,1271.7588340068025,0.0,13.876770457127842,0.0,13.238534308347765,0.0,11.115251352888654,0.0
Rtthr,318.43921568627445,0.0,16.57110411933823,0.0,330.77375537219575,0.0,258.0,0.0,167.44371316818152,0.0,12.444367765980463,0.0,16.06237840420901,0.0,10.559630223273482,0.0,607.7337658266601,0.0,145.54691678265493,0.0,106.33611835019829,0.0,7.489789425988501,0.0,18.522477431238855,0.0,13283.715870211956,0.0,5772.525526924675,0.0,12.44436793821478,0.0,12.382994246490838,0.0,9.719466782422522,0.0
Rubin,370.41568627450977,0.0,17.92838073648516,0.0,358.63096174338193,0.0,279.0,0.0,190.36332485095446,0.0,13.40371327921991,0.0,16.703293088490067,0.0,11.548176575783387,0.0,625.504614394714,0.0,159.0115469307595,0.0,117.66341658679447,0.0,6.948368012676446,0.0,14.322773446960033,0.0,8151.068067625616,0.0,4925.568875936005,0.0,13.403714187081365,0.0,13.424955943695908,0.0,10.79625469731725,0.0
Ruffu,353.97254901960787,0.0,17.48202174230387,0.0,371.9904219810704,0.0,299.0,0.0,201.2535731288892,0.0,13.658398844817073,0.0,17.291616465790582,0.0,11.785822422001837,0.0,622.370547078309,0.0,215.30286448224874,0.0,165.63903174072456,0.0,6.969618128665287,0.0,23.22856674648781,0.0,21870.758729826768,0.0,5834.470473411663,0.0,13.658398842300308,0.0,13.559092177842095,0.0,10.944134241973543,0.0
Rugby,423.70196078431377,0.0,19.012349534782825,0.0,377.99445585743615,0.0,290.0,0.0,197.33420581203904,0.0,13.72312847380712,0.0,17.029386365926403,0.0,11.778983516794012,0.0,7810.5507648661915,0.0,517.242097147877,0.0,362.86652046098135,0.0,3.9693396683809974,0.0,18.98701963503192,0.0,20706.98912252647,0.0,4171.767695036711,0.0,13.723128549270104,0.0,13.860287829962896,0.0,10.797974312854231,0.0
Ruhru,368.9098039215686,0.0,17.803380833111785,0.0,346.34664752605795,0.0,268.0,0.0,178.10261307066435,0.0,12.940900305084872,0.0,16.3707055437449,0.0,11.010045199065546,0.0,608.373037915849,0.0,146.21253049147407,0.0,105.83448188080482,0.0,7.3327170964575865,0.0,20.96363196509974,0.0,2473.802544072626,0.0,2732.5169564513867,0.0,12.940900666582644,0.0,12.889223102347959,0.0,10.20280717695316,0.0
Ruine,346.4352941176471,0.0,17.319303611448817,0.0,314.44175511508263,0.0,220.0,0.0,143.4042312271144,0.0,11.870961166159097,0.0,14.832396974191326,0.0,9.786613022390318,0.0,604.1577837814983,0.0,125.73841529483444,0.0,90.52264094510976,0.0,6.72178855279497,0.0,12.492674233810959,0.0,17854.464086673113,0.0,8528.23360914502,0.0,11.870961186833496,0.0,11.555441968260997,0.0,9.036435731830007,0.0
Rumpf,426.1960784313726,0.0,19.117456007089608,0.0,412.33275176519146,0.0,346.0,0.0,239.26933686390402,0.0,14.828811394933856,0.0,18.601075237738275,0.0,13.122578724529792,0.0,2129.966631902088,0.0,753.2015108317216,0.0,651.4529093587289,0.0,4.880151304590354,0.0,24.74693729792221,0.0,28941.304160160904,0.0,3085.093257905219,0.0,14.828811351373284,0.0,15.576760007500583,0.0,12.292581144402002,0.0
Rumse,393.8941176470588,0.0,18.33123276211963,0.0,379.914807417676,0.0,293.0,0.0,203.03290321064515,0.0,13.964053260048619,0.0,17.11724276862369,0.0,12.067258034213891,0.0,683.268987700657,0.0,360.4728400162218,0.0,254.65054277002022,0.0,7.087673442676975,0.0,15.131906129864856,0.0,1678.128552973765,0.0,4499.187252346429,0.0,13.964053390834795,0.0,14.152329227112856,0.0,11.295926456621446,0.0
Runde,389.5686274509804,0.0,18.352212990414014,0.0,323.03420848057556,0.0,219.0,0.0,146.71964934880248,0.0,12.184426123507336,0.0,14.798648586948742,0.0,10.07441459949464,0.0,727.3713788394679,0.0,160.627423353738,0.0,125.82125614615784,0.0,4.2780348509676,0.0,12.678154523240272,0.0,956.4203878621728,0.0,7606.306571616911,0.0,12.184425719563691,0.0,11.988443736338319,0.0,9.342683316318686,0.0
Runen,373.58431372549023,0.0,17.937272906530055,0.0,307.77567007621667,0.0,202.0,0.0,132.09678926821334,0.0,11.641550752899446,0.0,14.212670403551895,0.0,9.394073530292403,0.0,602.6048070754136,0.0,120.13593516547947,0.0,86.88906978644383,0.0,5.304981309162061,0.0,12.456309653101309,0.0,2970.11001791944,0.0,1784.7590604548313,0.0,11.641550804639866,0.0,11.28425477760635,0.0,8.702993960994792,0.0
Rvrms,364.7647058823529,0.0,17.586390267622757,0.0,418.1522722929692,0.0,344.0,0.0,242.1123044597112,0.0,15.07677728246731,0.0,18.547236990991408,0.0,13.296703856029334,0.0,1156.3535949778302,0.0,1034.104692662065,0.0,755.4903995618353,0.0,5.549530428297835,0.0,113.45424207788325,0.0,4507.671887403418,0.0,758.8336572283148,0.0,15.076777528221763,0.0,15.158698796488263,0.0,12.44779800484697,0.0
Rzdjr,348.38823529411764,0.0,17.383632546378134,0.0,387.05148256080656,0.0,314.0,0.0,216.69426166376118,0.0,14.208907594276948,0.0,17.72004514666935,0.0,12.46162874642121,0.0,94674.54381610734,0.0,6409.378564488243,0.0,5774.5352569363995,0.0,9.65037612291823,0.0,58.234200268360595,0.0,11910.310556678984,0.0,1072.701800030663,0.0,14.208908232589263,0.0,14.421976902410753,0.0,11.674902060336418,0.0
Räder,368.1882352941176,0.0,17.730998623529928,0.0,325.5249524676599,0.0,226.0,0.0,150.6339352984207,0.0,12.236897715755944,0.0,15.033296378372908,0.0,10.208194045274457,0.0,977.056797463035,0.0,265.8591646043214,0.0,212.41443332886,0.0,9.90177313355668,0.0,15.352755323979745,0.0,2971.101887487847,0.0,1786.2098458810306,0.0,12.236897733291222,0.0,12.464899803145864,0.0,9.488640075382078,0.0
Räume,415.9607843137255,0.0,18.810224055744182,0.0,392.7021413646559,0.0,310.0,0.0,215.94842029472755,0.0,14.332629501967448,0.0,17.60681686165901,0.0,12.511582179357871,0.0,1017.1024560835161,0.0,825.9736538512514,0.0,593.0810579727771,0.0,3.4295992620299183,0.0,17.38703112308736,0.0,4496.555700434471,0.0,749.8856265244493,0.0,14.332629758963382,0.0,14.945658877113013,0.0,11.789501752123925,0.0
Röcke,372.921568627451,0.0,17.718926860530015,0.0,328.7585419811865,0.0,220.0,0.0,147.7177098398169,0.0,12.274171269509647,0.0,14.832396974191326,0.0,10.099923004580594,0.0,627.0600683448077,0.0,217.04121807751534,0.0,147.98563900826787,0.0,5.99188913202483,0.0,18.50974684026176,0.0,5965.104237841976,0.0,5526.8425926167565,0.0,12.274171326684698,0.0,11.87266723429823,0.0,9.315995330676174,0.0
Rösön,382.7529411764706,0.0,17.95540976183763,0.0,340.37421307084594,0.0,235.0,0.0,158.2248350353132,0.0,12.654314527312879,0.0,15.329709716755891,0.0,10.47637736542637,0.0,704.053781101673,0.0,578.7815999390525,0.0,342.8251082736716,0.0,4.633824661549148,0.0,23.93399010339559,0.0,11906.77290397753,0.0,10782.924376387979,0.0,12.654314567107452,0.0,12.230855556270075,0.0,9.543406077035343,0.0
Rüben,398.8941176470588,0.0,18.531212278949518,0.0,333.0664300929087,0.0,226.0,0.0,152.74452251699995,0.0,12.46408157537365,0.0,15.033296378372908,0.0,10.305225978070021,0.0,630.3307487479939,0.0,155.2054377092543,0.0,118.43268272123257,0.0,5.752421208362529,0.0,14.274726667293873,0.0,2970.2352305024774,0.0,1786.9720949732448,0.0,12.464081625979519,0.0,12.230226534790553,0.0,9.547034079813413,0.0
Sache,322.3607843137255,0.0,16.388687126916075,0.0,268.8708890398971,0.0,128.0,0.0,79.21534632577091,0.0,10.004186872712882,0.0,11.313708498984761,0.0,7.078356089911624,0.0,599.057959184398,0.0,75.48014300128362,0.0,47.96314448605156,0.0,2.581364068663206,0.0,8.733098234780035,0.0,13279.137623453196,0.0,5766.44320720146,0.0,10.0041870510444,0.0,8.65636838371404,0.0,6.104829729681189,0.0
Safes,299.4,0.0,15.805384547670165,0.0,292.43617096311516,0.0,164.0,0.0,103.66154722761915,0.0,10.873147654338249,0.0,12.806248474865697,0.0,8.208251232944122,0.0,608.9587761547045,0.0,145.43153154677515,0.0,111.88475382096641,0.0,3.564391160505034,0.0,17.529262948202284,0.0,3003.6744336658476,0.0,1806.4905983337298,0.0,10.873147697044484,0.0,9.718265897965427,0.0,7.189750273583148,0.0
Salat,285.6313725490196,0.0,15.531219938305258,0.0,303.22988097949866,0.0,205.0,0.0,130.2198910811357,0.0,11.402635828954226,0.0,14.317821063276353,0.0,9.213915455616512,0.0,609.1893035673312,0.0,112.74401075290248,0.0,80.8860812900315,0.0,5.231712528362355,0.0,13.271958053709767,0.0,7605.803833877162,0.0,10092.275960576533,0.0,11.402635845762113,0.0,10.878817137326223,0.0,8.21935269929979,0.0
Salch,313.51372549019607,0.0,16.2371439696351,0.0,311.92493457260036,0.0,193.0,0.0,127.46878163197134,0.0,11.734922375803054,0.0,13.892443989449804,0.0,9.33572016759219,0.0,655.2725381641475,0.0,251.95614127170964,0.0,181.63035274192563,0.0,4.369395295395134,0.0,13.744247093581077,0.0,396.7700182102626,0.0,1440.2696497725078,0.0,11.734922317111113,0.0,10.746515621504955,0.0,8.44460806725054,0.0
Salet,284.3607843137255,0.0,15.563495968664245,0.0,296.12999570819574,0.0,182.0,0.0,115.8642637643101,0.0,11.12245322189573,0.0,13.490737563232042,0.0,8.707555019378859,0.0,608.1240594056278,0.0,98.58152014136813,0.0,72.4254518776703,0.0,5.570980809521162,0.0,11.574412970957818,0.0,2969.324361138959,0.0,1772.6016641222852,0.0,11.122453228474674,0.0,10.252283775615108,0.0,7.775958713871276,0.0
Salon,318.5411764705882,0.0,16.40008345736963,0.0,301.62901314607643,0.0,186.0,0.0,120.36590094425591,0.0,11.36722967491256,0.0,13.638181696985855,0.0,8.949666558962855,0.0,613.9655492340528,0.0,119.80463083495306,0.0,87.22221002760102,0.0,3.252127363901527,0.0,14.612348849773511,0.0,22551.24224889598,0.0,1520.988448269248,0.0,11.367229594888892,0.0,10.195753203985808,0.0,7.982389378255199,0.0
Salut,292.45098039215685,0.0,15.803108527716715,0.0,304.31497478040666,0.0,206.0,0.0,130.03892146823185,0.0,11.400137154794788,0.0,14.352700094407323,0.0,9.18514473236712,0.0,609.0860370844633,0.0,107.31514227604914,0.0,77.40474227193968,0.0,4.503207617472768,0.0,13.421772400182213,0.0,39683.78061217516,0.0,3876.4841575356554,0.0,11.400137134237767,0.0,10.82415929656923,0.0,8.201439889519191,0.0
Salve,296.3529411764706,0.0,15.841421961114984,0.0,314.0800114822024,0.0,200.0,0.0,132.23030563000307,0.0,11.83730655851235,0.0,14.142135623730951,0.0,9.496294065586895,0.0,672.9131210602857,0.0,320.4554072447926,0.0,198.90247662035887,0.0,3.344796045793777,0.0,35.130586788515394,0.0,20353.29887121577,0.0,4823.345945514122,0.0,11.837306843002743,0.0,10.397797779166162,0.0,8.564972848118316,0.0
Salze,298.78823529411767,0.0,15.949097711182468,0.0,307.1243505521551,0.0,192.0,0.0,125.46475223186278,0.0,11.56216504623767,0.0,13.856406460551018,0.0,9.19303539990245,0.0,613.0630225085534,0.0,128.1596941359248,0.0,95.11419113423528,0.0,3.009202126770409,0.0,13.286994772103933,0.0,4598.8329799149515,0.0,4335.503787514604,0.0,11.562165171945102,0.0,10.309672423799471,0.0,8.304929218864002,0.0
Samen,372.5019607843137,0.0,17.683190896786567,0.0,337.50919073462177,0.0,220.0,0.0,149.5631395243076,0.0,12.573421779729342,0.0,14.832396974191326,0.0,10.289283093898867,0.0,676.7585725836797,0.0,345.8655520932966,0.0,242.26168891901406,0.0,4.353624678801552,0.0,10.43136251139317,0.0,2969.1007865508936,0.0,1771.0180120972063,0.0,12.573421830509877,0.0,12.243505694541877,0.0,9.479787734167772,0.0
Samma,413.55294117647054,0.0,18.557160258168988,0.0,428.6716803165126,0.0,346.0,0.0,246.9022960679172,0.0,15.357162233311243,0.0,18.601075237738275,0.0,13.554280185756307,0.0,1060.371701991381,0.0,881.6804033696254,0.0,632.1226950045873,0.0,6.662911743868694,0.0,15.714921610447476,0.0,4496.184494948914,0.0,718.4040121329776,0.0,15.35716255568947,0.0,15.915067160086469,0.0,12.69636157499639,0.0
Sande,348.70588235294116,0.0,17.17779473810857,0.0,287.5885679003322,0.0,156.0,0.0,100.93786404282858,0.0,10.821714612327764,0.0,12.489995996796797,0.0,8.228958138623755,0.0,723.2605412948036,0.0,130.29052470714603,0.0,102.50224716408611,0.0,3.520739476767037,0.0,9.89677650070381,0.0,939.5606360394303,0.0,7602.7457585326765,0.0,10.821714360830814,0.0,9.89135922211778,0.0,7.328005318761607,0.0
Satin,288.42745098039217,0.0,15.638656646251507,0.0,316.4260398273322,0.0,215.0,0.0,141.1174863756758,0.0,11.962024986919051,0.0,14.66287829861518,0.0,9.742964560823385,0.0,602.8367160654482,0.0,116.5893045681806,0.0,81.64542880601842,0.0,4.673810920842599,0.0,11.423691426806949,0.0,8150.536649152438,0.0,4919.855515870364,0.0,11.962025905700594,0.0,11.031882586643086,0.0,8.874593463218202,0.0
Satta,277.33333333333337,0.0,15.247931266897512,0.0,311.49909407014445,0.0,206.0,0.0,134.6306057864154,0.0,11.744963230352605,0.0,14.352700094407323,0.0,9.4837804022573,0.0,603.7386775925955,0.0,133.34176458358036,0.0,93.75480104139814,0.0,5.550063511375807,0.0,14.707708205093626,0.0,13874.69205078885,0.0,3396.1964477260017,0.0,11.744963154970561,0.0,10.82175630608516,0.0,8.512439074275804,0.0
Sauha,345.20392156862744,0.0,16.986213284695676,0.0,285.84179265488007,0.0,175.0,0.0,108.57404976986136,0.0,10.733140172925621,0.0,13.228756555322953,0.0,8.284154131809617,0.0,601.9235027126887,0.0,121.83068563076013,0.0,83.52455594702796,0.0,3.231256899611669,0.0,17.95221686535173,0.0,13280.497067752689,0.0,5766.861886816896,0.0,10.73314028082253,0.0,10.238293537691307,0.0,7.234477344985421,0.0
Sbhls,341.41960784313727,0.0,17.05148546251257,0.0,353.7826905314092,0.0,256.0,0.0,177.06188011042383,0.0,13.262677914247327,0.0,16.0,0.0,11.279147669717645,0.0,709.8812493738789,0.0,235.69359016276312,0.0,199.24285736335003,0.0,6.661025770274033,0.0,28.420354922731857,0.0,24640.725414172026,0.0,13222.696068367573,0.0,13.262678852138132,0.0,12.914690119508617,0.0,10.404590302002822,0.0
Sbndb,395.39607843137253,0.0,18.412424135698814,0.0,340.3958866284038,0.0,227.0,0.0,156.99093304661432,0.0,12.732793550344146,0.0,15.066519173319364,0.0,10.662979586339297,0.0,1005.5853053105487,0.0,370.0809723496294,0.0,302.12401803874985,0.0,4.552537789792873,0.0,32.17045042470417,0.0,963.9628920241655,0.0,7603.2125101923575,0.0,12.732793320070638,0.0,12.475675355883407,0.0,9.762272869419471,0.0
Scdzn,331.2352941176471,0.0,16.767164135788686,0.0,320.95038125831593,0.0,212.0,0.0,139.93981037125454,0.0,12.025293654699956,0.0,14.560219778561036,0.0,9.777736338908673,0.0,983.1391953658485,0.0,226.65688304200455,0.0,190.61701316932377,0.0,3.7563055983358056,0.0,20.047553909846908,0.0,4601.0843124852445,0.0,4334.410534957248,0.0,12.025293720156307,0.0,11.160844852533204,0.0,8.852397207617468,0.0
Schaf,319.6941176470588,0.0,16.320632022198115,0.0,311.2616525772657,0.0,203.0,0.0,129.10202805588895,0.0,11.533123760559867,0.0,14.247806848775006,0.0,9.179943248839766,0.0,684.2404725025879,0.0,342.28127984810067,0.0,261.97543830514974,0.0,3.3178211975092258,0.0,21.945203427294466,0.0,7604.829789659586,0.0,10091.968545496167,0.0,11.533123795841007,0.0,11.102125569956792,0.0,8.107610007154143,0.0
Schah,347.8509803921568,0.0,17.022868577134314,0.0,308.25957258707274,0.0,189.0,0.0,123.34116704262749,0.0,11.552877322824223,0.0,13.74772708486752,0.0,9.107511453865772,0.0,651.380367650046,0.0,251.8197618617435,0.0,178.87277456768433,0.0,5.602041318635357,0.0,20.295482480555975,0.0,7605.503367731067,0.0,10092.233532307135,0.0,11.552877262831915,0.0,10.757991228307503,0.0,8.133351416993893,0.0
Scham,373.3254901960785,0.0,17.631218162746023,0.0,362.8066504981947,0.0,265.0,0.0,180.6190047677743,0.0,13.356961137194205,0.0,16.278820596099706,0.0,11.331379771700785,0.0,781.680994097663,0.0,475.7231338577832,0.0,333.74171798535,0.0,9.625194717761905,0.0,16.463730871919406,0.0,7607.680886896245,0.0,10092.643766796817,0.0,13.356961150939325,0.0,13.675462573454755,0.0,10.416780076099139,0.0
Schar,306.4745098039216,0.0,15.946387976718643,0.0,295.018415062589,0.0,180.0,0.0,113.28833118123774,0.0,11.016063311720027,0.0,13.416407864998739,0.0,8.536585830666414,0.0,619.2426108832583,0.0,104.1398235331771,0.0,69.14122222246266,0.0,4.508813832146787,0.0,15.51143766190125,0.0,7606.1114007804335,0.0,10092.086920816319,0.0,11.016063324042229,0.0,10.21665647387084,0.0,7.48613986275652,0.0
Scheu,329.18039215686275,0.0,16.646576588317693,0.0,292.3663520080255,0.0,162.0,0.0,102.97938583417529,0.0,10.88518898409268,0.0,12.727922061357855,0.0,8.181413762660041,0.0,618.6826465789402,0.0,94.19467113799068,0.0,62.81526268523889,0.0,3.150445003606278,0.0,17.658640457366907,0.0,2969.6779518390767,0.0,1770.3369353526682,0.0,10.88518899929549,0.0,9.75228425958872,0.0,7.185274307810354,0.0
Schib,329.10588235294114,0.0,16.69934052159573,0.0,342.2618710648128,0.0,235.0,0.0,160.26678072388063,0.0,12.77566410047355,0.0,15.329709716755891,0.0,10.632620497743375,0.0,866.0121468295549,0.0,312.11552002700785,0.0,245.52287338830646,0.0,4.411313205887397,0.0,22.797367974294218,0.0,8150.029126544704,0.0,4920.776865105572,0.0,12.77566487903738,0.0,12.171316842428714,0.0,9.71055757674712,0.0
Schil,296.278431372549,0.0,15.88883866606033,0.0,344.738001722139,0.0,248.0,0.0,168.3856257867282,0.0,12.928763437475512,0.0,15.748015748023622,0.0,10.873013163569517,0.0,727.4156589378485,0.0,244.58754620523155,0.0,218.0959158395548,0.0,4.827732204839059,0.0,17.186765113633683,0.0,8150.113580877498,0.0,4920.985456697399,0.0,12.928764168515277,0.0,12.338253802790627,0.0,9.959569997940514,0.0
Schin,316.30980392156863,0.0,16.33993981684122,0.0,323.4809930942479,0.0,216.0,0.0,143.61412809618085,0.0,12.176291247834325,0.0,14.696938456699069,0.0,9.897028089151123,0.0,622.0900078800429,0.0,119.2594229455219,0.0,84.62369376623838,0.0,3.736458674835691,0.0,14.253003625224233,0.0,8149.75033094852,0.0,4920.179461445848,0.0,12.176292059633901,0.0,11.32651089588028,0.0,9.00752628455624,0.0
Schjr,301.90196078431376,0.0,15.924885677842854,0.0,343.8839738813042,0.0,242.0,0.0,162.78499047963697,0.0,12.774292059257737,0.0,15.556349186104045,0.0,10.640244023098044,0.0,94669.1228434147,0.0,6351.2670453615865,0.0,5733.4307522886775,0.0,5.0672645378627195,0.0,49.989982456054534,0.0,11909.271784817774,0.0,1047.5956900211486,0.0,12.7742927247582,0.0,12.172171618546674,0.0,9.766747954578339,0.0
Schjß,356.89019607843136,0.0,17.26123101394794,0.0,377.55258272739945,0.0,278.0,0.0,195.1140826427713,0.0,13.905033862287576,0.0,16.673332000533065,0.0,11.9287320800816,0.0,94726.7850960269,0.0,7899.245451615698,0.0,6547.098024845583,0.0,7.473956470734024,0.0,76.10101647728575,0.0,11910.147362845668,0.0,1052.81153110443,0.0,13.905034511331275,0.0,13.524497411196984,0.0,11.071157413873467,0.0
Schnb,356.2549019607843,0.0,17.33941912504575,0.0,309.6272072592327,0.0,193.0,0.0,126.662481203906,0.0,11.60258010437679,0.0,13.892443989449804,0.0,9.283319194230698,0.0,862.9975534267596,0.0,301.811258842957,0.0,237.87169443122863,0.0,6.026293103249561,0.0,23.997294636311025,0.0,17849.06572671836,0.0,8525.134235943837,0.0,11.6025801000884,0.0,10.976463336042753,0.0,8.303805620739674,0.0
Schnm,383.2392156862745,0.0,17.929241074445255,0.0,358.92837565535206,0.0,263.0,0.0,178.62285101100545,0.0,13.264695656865547,0.0,16.217274740226856,0.0,11.255519732420654,0.0,780.9854197460552,0.0,473.322992828702,0.0,332.20359626574356,0.0,10.137517402063121,0.0,16.675988095276185,0.0,17850.458460886166,0.0,8525.56754529798,0.0,13.264695660376962,0.0,13.59139176306875,0.0,10.373654592444536,0.0
Schor,311.0549019607843,0.0,16.086435597323476,0.0,297.86192050803123,0.0,177.0,0.0,111.93867662423096,0.0,11.088182760418015,0.0,13.30413469565007,0.0,8.513323317034382,0.0,624.1184282235454,0.0,112.0047334355032,0.0,76.41653083961144,0.0,4.420573687584203,0.0,10.563437985893858,0.0,22551.86892975345,0.0,1519.1182241463016,0.0,11.088182832075459,0.0,10.053476399714542,0.0,7.430567361954618,0.0
Schub,353.16078431372546,0.0,17.279382811823886,0.0,314.5905759029834,0.0,196.0,0.0,128.477665347771,0.0,11.70551785826286,0.0,14.0,0.0,9.346876701703826,0.0,863.5542373751447,0.0,303.60040894669305,0.0,238.86436306663953,0.0,5.809580461083773,0.0,23.498714977707973,0.0,39683.49911187213,0.0,3876.2091794464045,0.0,11.705517917445185,0.0,11.026733558378211,0.0,8.340002553410494,0.0
Schur,313.29411764705884,0.0,16.211315056799645,0.0,296.103508863497,0.0,181.0,0.0,113.10736156833389,0.0,11.013476934565487,0.0,13.45362404707371,0.0,8.505524285757888,0.0,619.141021193008,0.0,98.23660543096622,0.0,65.03418016815301,0.0,4.32174265510625,0.0,15.909276318587292,0.0,39683.8295679273,0.0,3875.729404735311,0.0,11.013477013544152,0.0,10.158436365850342,0.0,7.466468215761804,0.0
Sclbl,301.8862745098039,0.0,16.124013341236534,0.0,336.334666192403,0.0,234.0,0.0,157.47013126789554,0.0,12.586277296215938,0.0,15.297058540778355,0.0,10.486338983108599,0.0,765.9768442665207,0.0,245.0002808032159,0.0,219.15314494466193,0.0,3.862170146535391,0.0,22.923974828554968,0.0,20706.14097956836,0.0,4167.694658895291,0.0,12.586277383821276,0.0,11.82471267775194,0.0,9.513669878791179,0.0
Sdhsn,364.6392156862745,0.0,17.56346256363319,0.0,324.72101897692323,0.0,215.0,0.0,145.3501314173951,0.0,12.283803053738508,0.0,14.66287829861518,0.0,10.082984027032776,0.0,6353.635905524247,0.0,1227.9510203055233,0.0,1199.1448833164832,0.0,4.32496420450692,0.0,27.83008398473256,0.0,1668.4335299583759,0.0,4492.607143222486,0.0,12.28380314063852,0.0,11.499491194139067,0.0,9.168625558053673,0.0
Sdldc,341.0901960784314,0.0,17.110342758005302,0.0,336.17546820012865,0.0,224.0,0.0,154.61426622390144,0.0,12.664172076450937,0.0,14.966629547095765,0.0,10.570133887329192,0.0,6407.029434581779,0.0,1233.0301573839897,0.0,1203.1598294647695,0.0,4.3822952746764745,0.0,65.94096279215714,0.0,954.1402262218949,0.0,7603.448273613239,0.0,12.664171582448166,0.0,11.914464559344248,0.0,9.689948776552416,0.0
Sdnft,327.6235294117647,0.0,16.73889493407479,0.0,345.2197731658281,0.0,254.0,0.0,170.86335960593183,0.0,12.890040474050846,0.0,15.937377450509228,0.0,10.902192700939382,0.0,6354.007483459785,0.0,1233.2495320934186,0.0,1202.461987504964,0.0,7.467622755455403,0.0,28.46691649774986,0.0,21865.564229123513,0.0,5818.125497630981,0.0,12.890040652845205,0.0,12.607184503232517,0.0,10.00685999789514,0.0
Seele,300.2352941176471,0.0,16.027776734984577,0.0,302.9814112143333,0.0,168.0,0.0,113.41214337760601,0.0,11.452278914443857,0.0,12.96148139681572,0.0,8.904833728698225,0.0,611.0968762028442,0.0,121.70806813642672,0.0,99.33886300881522,0.0,3.46417539204769,0.0,11.92897866797564,0.0,24639.392109992394,0.0,13222.456293867945,0.0,11.452279783202775,0.0,10.132912256661712,0.0,8.102151982956846,0.0
Segel,342.4666666666667,0.0,17.079029277483258,0.0,322.8433905909131,0.0,191.0,0.0,128.7182231911346,0.0,11.989187483953447,0.0,13.820274961085254,0.0,9.524357353865145,0.0,2916.5748075241036,0.0,304.98706031554224,0.0,254.86856003906485,0.0,5.350945530388151,0.0,13.213467660212624,0.0,2964.412945585381,0.0,1771.557168855167,0.0,11.989187467102688,0.0,11.087548960858648,0.0,8.496657811722468,0.0
Segen,362.4980392156863,0.0,17.499476567115646,0.0,301.58638196302195,0.0,159.0,0.0,103.94672550058723,0.0,11.173618977541214,0.0,12.609520212918492,0.0,8.39298115966046,0.0,2892.1049505369733,0.0,217.75410251593152,0.0,156.69500291054055,0.0,4.166479788658848,0.0,8.528133172084697,0.0,2962.4775191984154,0.0,1769.088528513775,0.0,11.173619003661544,0.0,9.949426304649078,0.0,7.357695921787415,0.0
Segtä,347.9490196078431,0.0,17.08713764712902,0.0,344.5278319170166,0.0,226.0,0.0,154.2276970712149,0.0,12.723798537574286,0.0,15.033296378372908,0.0,10.439727551827122,0.0,5396.791703957157,0.0,4376.390753792727,0.0,3287.2960449504576,0.0,4.681352118453267,0.0,435.51279856808156,0.0,13882.064649070795,0.0,3424.319048614119,0.0,12.720605947030842,0.0,12.058376563299138,0.0,9.405590086801688,0.0
Seher,318.68627450980387,0.0,16.392713659743297,0.0,282.0806895337856,0.0,149.0,0.0,93.27668312552092,0.0,10.540586506318395,0.0,12.206555615733702,0.0,7.735206720152881,0.0,601.1232092230448,0.0,84.04013770765829,0.0,55.97985994923812,0.0,4.822489567189714,0.0,9.553953730267738,0.0,2968.5716570309423,0.0,1770.2500007879487,0.0,10.540586495834926,0.0,9.397250251435258,0.0,6.768136175544533,0.0
Seile,284.2705882352941,0.0,15.642773505274945,0.0,318.44174086548685,0.0,201.0,0.0,135.08596367999664,0.0,12.02406853961478,0.0,14.177446878757825,0.0,9.689461551116306,0.0,612.482673120659,0.0,128.6724524976312,0.0,103.11809694918625,0.0,4.451955487937489,0.0,11.044303351006839,0.0,24643.620226022973,0.0,13222.774972624953,0.0,12.024069616526463,0.0,10.809056123325371,0.0,8.845738962222947,0.0
Sekte,316.8509803921569,0.0,16.347530491540823,0.0,315.4761736369427,0.0,191.0,0.0,127.6319664562308,0.0,11.83670137914826,0.0,13.820274961085254,0.0,9.365693991383798,0.0,612.5385822492069,0.0,187.32108137822524,0.0,130.57002236330837,0.0,3.6126874293435636,0.0,21.407596036553713,0.0,13873.21406434461,0.0,3395.502333572019,0.0,11.836701331157682,0.0,10.55107177130271,0.0,8.462291349387428,0.0
Senke,345.1803921568628,0.0,17.04404814255511,0.0,290.2151957015843,0.0,167.0,0.0,106.3756909496431,0.0,10.903716982443102,0.0,12.922847983320086,0.0,8.329439592598886,0.0,603.4451401454733,0.0,135.27642957088304,0.0,89.70790135280346,0.0,3.0980320506290786,0.0,10.541602006303595,0.0,5965.199053413338,0.0,5521.964909186805,0.0,10.90371701035262,0.0,9.885610932684497,0.0,7.430578278083857,0.0
Seoul,314.1764705882353,0.0,16.367283408276982,0.0,305.41257231834163,0.0,189.0,0.0,122.23130181608168,0.0,11.4299595182436,0.0,13.74772708486752,0.0,9.062812627524574,0.0,712.1527133625415,0.0,242.29335619291723,0.0,216.2236152993704,0.0,2.793852646300196,0.0,19.63783081372798,0.0,39683.469308056985,0.0,3876.3966536887,0.0,11.429959570173342,0.0,10.666295707317312,0.0,8.029005662597326,0.0
Serie,277.2313725490196,0.0,15.340756439977504,0.0,301.49319341567843,0.0,169.0,0.0,111.56897099481701,0.0,11.345789399967572,0.0,13.0,0.0,8.702032429598503,0.0,602.2770047484393,0.0,106.79080004114935,0.0,75.98092463204702,0.0,5.450955980667244,0.0,11.23439144237009,0.0,8148.871299063416,0.0,4919.956647961253,0.0,11.345790120278684,0.0,9.80238064580453,0.0,7.799865909124965,0.0
Serum,352.25098039215686,0.0,17.242931676790274,0.0,350.7982569443377,0.0,241.0,0.0,162.7101642249593,0.0,12.926921961302266,0.0,15.524174696260024,0.0,10.726161052081896,0.0,766.0198914908949,0.0,472.3124947503899,0.0,331.2999093474747,0.0,9.4569135941493,0.0,10.478584017935088,0.0,39684.12251135709,0.0,3876.99602614459,0.0,12.92692200346836,0.0,12.824048885445475,0.0,9.81767645225475,0.0
Seshe,326.2862745098039,0.0,16.559855666180688,0.0,278.4754885426297,0.0,139.0,0.0,87.41024147080915,0.0,10.40621948319183,0.0,11.789826122551595,0.0,7.513914611703406,0.0,600.519438726684,0.0,85.82310142179767,0.0,58.6716731871154,0.0,2.5616517010737256,0.0,13.981541035323325,0.0,13278.982887101558,0.0,5766.432611311744,0.0,10.406219608004356,0.0,8.897566553605449,0.0,6.421214532949973,0.0
Setup,326.7098039215686,0.0,16.69015046801965,0.0,306.1276118140263,0.0,187.0,0.0,120.79076014151592,0.0,11.439349377197864,0.0,13.674794331177344,0.0,8.9947109012363,0.0,6110.542845346382,0.0,1117.1616080128624,0.0,1095.427709214623,0.0,5.620874616057608,0.0,38.94595300482247,0.0,39683.45711956365,0.0,3875.2265566944725,0.0,11.439349390186976,0.0,10.501108456413336,0.0,7.999353641635495,0.0
Seugt,342.25882352941176,0.0,17.043758053355337,0.0,317.2936794915165,0.0,200.0,0.0,128.19729202990607,0.0,11.667783011553757,0.0,14.142135623730951,0.0,9.227605777156523,0.0,4814.254565410967,0.0,342.0712306603438,0.0,252.47278225263335,0.0,4.556328686987855,0.0,12.63290843532862,0.0,25191.654777445186,0.0,9870.100691687765,0.0,11.667783037688883,0.0,10.919876210899693,0.0,8.103118622666328,0.0
Sgpdr,389.278431372549,0.0,18.1621285719418,0.0,352.95612844244073,0.0,236.0,0.0,162.86748555782418,0.0,12.995887510547748,0.0,15.362291495737216,0.0,10.850278553405065,0.0,98569.81471760785,0.0,9201.982772833919,0.0,6935.888255048403,0.0,6.813985447892254,0.0,45.66422224354299,0.0,977.3002661940551,0.0,7603.346356690667,0.0,12.995887484617823,0.0,12.609180202757779,0.0,9.94670062178856,0.0
Shows,358.2235294117647,0.0,17.267354241207585,0.0,362.8259948541601,0.0,262.0,0.0,180.56142446187633,0.0,13.427914069438431,0.0,16.186414056238647,0.0,11.384720234362602,0.0,36776.856737975075,0.0,4236.592267901955,0.0,3457.110804237505,0.0,3.865432774314809,0.0,48.67771566737036,0.0,7581.234667200179,0.0,1247.1975053066885,0.0,13.427914039488368,0.0,12.715578242195978,0.0,10.40645251819338,0.0
Shshr,335.89019607843136,0.0,16.76651521024184,0.0,311.38967951241284,0.0,200.0,0.0,130.1465842933457,0.0,11.70880179085618,0.0,14.142135623730951,0.0,9.352339051295232,0.0,629.5608239655553,0.0,214.8075342844485,0.0,156.73887422454402,0.0,4.999652917577322,0.0,19.41490759330462,0.0,13283.5198831865,0.0,5766.8599003451845,0.0,11.708801920154638,0.0,10.853157022727281,0.0,8.328622700608008,0.0
Shstr,293.2549019607843,0.0,15.692782963501461,0.0,332.19392861318676,0.0,223.0,0.0,149.47316395347835,0.0,12.436430893390204,0.0,14.933184523068078,0.0,10.164338145880093,0.0,630.9190509297645,0.0,220.55868021006367,0.0,161.46236109455833,0.0,9.782526842989483,0.0,17.30846557252525,0.0,13877.615964502822,0.0,3396.0542793059353,0.0,12.436430796860858,0.0,11.335298680455725,0.0,9.167275882284763,0.0
Sicht,287.98039215686276,0.0,15.612040523394557,0.0,295.374023028342,0.0,189.0,0.0,117.41525535538416,0.0,11.018882627904297,0.0,13.74772708486752,0.0,8.61665568814793,0.0,599.9489226130057,0.0,82.33680976042618,0.0,52.27970194475384,0.0,3.984827582878079,0.0,8.649362544662292,0.0,13282.728973499617,0.0,5766.605543256483,0.0,11.01888296361341,0.0,10.23710268937352,0.0,7.595192356649183,0.0
Siebe,317.09803921568624,0.0,16.465392270986047,0.0,291.7654529128137,0.0,160.0,0.0,102.63317286146417,0.0,10.876905808894895,0.0,12.649110640673518,0.0,8.20381543915364,0.0,641.9167103541284,0.0,96.16881138528319,0.0,64.6067743272866,0.0,3.7468966598269664,0.0,13.335618936464064,0.0,20705.754978513836,0.0,4165.375301815707,0.0,10.876906036335805,0.0,9.712059183659534,0.0,7.260432697032642,0.0
Siege,335.3490196078431,0.0,16.865473559471624,0.0,311.3438509689842,0.0,172.0,0.0,114.21970771825427,0.0,11.502400151170036,0.0,13.114877048604,0.0,8.86090420632324,0.0,4814.2701771390875,0.0,340.7484832118356,0.0,252.02482957473677,0.0,5.96241203512883,0.0,11.226594739207439,0.0,25190.87557986066,0.0,9870.139602879117,0.0,11.50240021576131,0.0,10.096816557614995,0.0,7.857438611830909,0.0
Sifti,257.34117647058827,0.0,14.884813664141872,0.0,349.3000459403214,0.0,263.0,0.0,174.4424694188328,0.0,12.954130077016018,0.0,16.217274740226856,0.0,10.904012216410983,0.0,801.3472406754265,0.0,289.8916488823684,0.0,220.925178145535,0.0,6.616962052036514,0.0,23.432542234246124,0.0,13885.510387166127,0.0,3416.302283100349,0.0,12.954129860321595,0.0,12.232645162324335,0.0,9.909431600729308,0.0
Sihls,301.4745098039216,0.0,16.03406792121913,0.0,341.81501048348287,0.0,249.0,0.0,167.3570371840782,0.0,12.836327576270154,0.0,15.7797338380595,0.0,10.773940400116496,0.0,616.1691416610723,0.0,140.65748986066035,0.0,111.73494809265163,0.0,4.2380085186685195,0.0,14.057474281209588,0.0,24641.43045283708,0.0,13222.749103531574,0.0,12.836328354691316,0.0,12.149682857934364,0.0,9.860036780642757,0.0
Sihni,313.8274509803922,0.0,16.37774486064831,0.0,313.40860203377474,0.0,219.0,0.0,140.84025815977535,0.0,11.798556169155546,0.0,14.798648586948742,0.0,9.644781587637677,0.0,794.7042224651228,0.0,261.60128312445903,0.0,196.3758959475004,0.0,4.338832864615804,0.0,18.99314017185002,0.0,17850.959657469888,0.0,8525.24029197775,0.0,11.79855619487147,0.0,11.314105087560842,0.0,8.669495830544417,0.0
Silbe,308.25098039215686,0.0,16.314561630156046,0.0,314.24258856311485,0.0,201.0,0.0,132.08666281575543,0.0,11.79135791420049,0.0,14.177446878757825,0.0,9.44810404957989,0.0,651.4355162406699,0.0,116.63247167365729,0.0,85.3129528886168,0.0,4.1186212715754715,0.0,15.46345565121696,0.0,20706.11543831116,0.0,4166.797459843273,0.0,11.791358004689837,0.0,10.722908975644582,0.0,8.510386911016221,0.0
Silos,281.835294117647,0.0,15.472066829612897,0.0,317.52463787948,0.0,213.0,0.0,137.9395147912357,0.0,11.87666672198724,0.0,14.594519519326424,0.0,9.589289354301256,0.0,616.0117923450227,0.0,128.2650370630458,0.0,93.9361152076355,0.0,2.933761036157148,0.0,15.116191027274944,0.0,22552.578556940516,0.0,1522.350282411864,0.0,11.876666721898564,0.0,10.72194397067554,0.0,8.533270441700541,0.0
Sinai,289.6078431372549,0.0,15.68559606375966,0.0,307.09739257575166,0.0,209.0,0.0,133.17403273106177,0.0,11.526871142829481,0.0,14.45683229480096,0.0,9.31898158742755,0.0,793.1007293260166,0.0,263.48567107084494,0.0,196.91869824133195,0.0,3.821760629652607,0.0,18.734743926083517,0.0,7609.281735169279,0.0,10092.438106046446,0.0,11.526871222785429,0.0,10.958598636068173,0.0,8.313220468527126,0.0
Sirgi,303.4980392156863,0.0,16.0607956844033,0.0,340.7965726360329,0.0,227.0,0.0,151.66120278997226,0.0,12.546530893182094,0.0,15.066519173319364,0.0,10.243883787346803,0.0,4842.252023400673,0.0,421.6756502468004,0.0,314.84635342084977,0.0,5.448652381424932,0.0,18.92330603954005,0.0,25192.39369536245,0.0,9870.702268559811,0.0,12.546530947007168,0.0,11.400703623028637,0.0,9.154568118791671,0.0
Sirup,312.00392156862745,0.0,16.301217395682905,0.0,314.71879650021725,0.0,198.0,0.0,128.9039159513246,0.0,11.731251575267075,0.0,14.071247279470288,0.0,9.309450891821436,0.0,6110.564214706212,0.0,1117.0907841582866,0.0,1095.399489407996,0.0,7.438012340648362,0.0,38.71907516904497,0.0,39684.02659656744,0.0,3876.0244011148366,0.0,11.731251645456359,0.0,10.632642953540833,0.0,8.29286884819104,0.0
Sitze,273.2549019607843,0.0,15.312239640702538,0.0,309.1729421018916,0.0,201.0,0.0,128.63682462135762,0.0,11.560931665958625,0.0,14.177446878757825,0.0,9.171694283939276,0.0,604.1061470105718,0.0,116.45102965289077,0.0,81.32262660459907,0.0,4.069344679854831,0.0,11.828300960906297,0.0,4605.908719922386,0.0,4334.406010653465,0.0,11.560931729058192,0.0,10.16442012165072,0.0,8.226550005472737,0.0
Sjjlj,290.32941176470587,0.0,15.868927756078646,0.0,417.85419165670623,0.0,341.0,0.0,238.99702276097895,0.0,14.974384375441012,0.0,18.466185312619388,0.0,13.208010530081399,0.0,2053195.2899565827,0.0,118336.76015328224,0.0,102063.54983320505,0.0,4.724903917540516,0.0,277.4278955335484,0.0,24645.47508131561,0.0,13226.992757337064,0.0,14.974385217265539,0.0,14.478077709686696,0.0,12.349123096259241,0.0
Skala,327.69019607843137,0.0,16.551553100377077,0.0,348.6866954108254,0.0,252.0,0.0,173.0543165391718,0.0,13.076877621666725,0.0,15.874507866387544,0.0,11.084620305222586,0.0,809.9438084590647,0.0,599.0850923685894,0.0,478.8648834650502,0.0,4.953547232121364,0.0,47.22820517440753,0.0,24640.846383964497,0.0,13223.233734908896,0.0,13.07687844778698,0.0,12.272922902311894,0.0,10.177020508805969,0.0
Slawe,327.59215686274507,0.0,16.62336335253269,0.0,346.5362155036519,0.0,242.0,0.0,166.17430706638822,0.0,12.953206065571608,0.0,15.556349186104045,0.0,10.884142040088713,0.0,36776.40894707165,0.0,4232.291164003753,0.0,3454.4094168600154,0.0,3.8491392642713103,0.0,48.55004989150038,0.0,7581.19022560735,0.0,1250.0606617297374,0.0,12.953206054264829,0.0,11.824270151302043,0.0,9.966905119198248,0.0
Smugs,402.08235294117645,0.0,18.374712660596273,0.0,392.4173611060041,0.0,285.0,0.0,198.12319477470146,0.0,14.093164723410547,0.0,16.881943016134134,0.0,12.013893369311868,0.0,4913.114940803156,0.0,1050.7241505814006,0.0,765.8465171927727,0.0,5.031529336238136,0.0,21.218426261596818,0.0,25193.27723795997,0.0,9871.089821154785,0.0,14.093164766009735,0.0,13.922817283094242,0.0,11.027958323734019,0.0
Sodot,330.80784313725496,0.0,16.726847748505744,0.0,315.4099475094226,0.0,209.0,0.0,136.28928142933574,0.0,11.804097852078929,0.0,14.45683229480096,0.0,9.59160833224699,0.0,978.830487302036,0.0,229.71967216584667,0.0,192.1186931561388,0.0,4.858713789488263,0.0,16.843396353688462,0.0,22551.863449049288,0.0,1518.2612536285105,0.0,11.804097885822234,0.0,11.55117424293636,0.0,8.550003663029921,0.0
Sofas,305.25098039215686,0.0,15.915171611638762,0.0,309.0461039999118,0.0,198.0,0.0,126.95141935014004,0.0,11.509343937970694,0.0,14.071247279470288,0.0,9.144268049740724,0.0,619.0827329190722,0.0,169.17675397712316,0.0,127.68722087874757,0.0,3.7019064288530372,0.0,18.71802387276181,0.0,7620.987241329024,0.0,10098.533232378843,0.0,11.509343902046705,0.0,10.800395472339503,0.0,8.045473531815597,0.0
Sofos,309.8313725490196,0.0,16.055491526288172,0.0,311.8896094453539,0.0,195.0,0.0,125.60176479313326,0.0,11.578391249353684,0.0,13.96424004376894,0.0,9.122555257247592,0.0,623.9597995971068,0.0,174.12849150174398,0.0,131.76875179982312,0.0,3.2956890600592628,0.0,20.492048837418736,0.0,22556.592267381428,0.0,1560.8945047403622,0.0,11.57839117800866,0.0,10.64616645172512,0.0,7.993790418040475,0.0
Sohbt,347.25882352941176,0.0,17.15547422952757,0.0,314.76076491300967,0.0,212.0,0.0,137.08169705777368,0.0,11.7758690659612,0.0,14.560219778561036,0.0,9.531616105556163,0.0,652.9740748324487,0.0,126.13246113292995,0.0,87.96047021159178,0.0,4.734637032117433,0.0,15.51377085146855,0.0,20706.301278273393,0.0,4165.467459245105,0.0,11.775869228053052,0.0,11.64255080860454,0.0,8.518241971388559,0.0
Sohle,331.57647058823534,0.0,16.779783152506365,0.0,326.5351211917683,0.0,211.0,0.0,144.40038197134098,0.0,12.351903285767978,0.0,14.52583904633395,0.0,10.098607079738176,0.0,623.0072147030745,0.0,146.23100685178105,0.0,115.93923714448795,0.0,3.5710557710460846,0.0,12.1326410573945,0.0,24640.036990236364,0.0,13222.665626831624,0.0,12.351904199493363,0.0,11.607981474649238,0.0,9.251910331548684,0.0
Solzo,309.2196078431373,0.0,16.196985684127345,0.0,330.0097893490363,0.0,229.0,0.0,152.12706049568772,0.0,12.360758715590315,0.0,15.132745950421556,0.0,10.202931841949479,0.0,700.7337646696743,0.0,238.56732853286405,0.0,181.73577143611342,0.0,3.067432929351917,0.0,16.47163517854486,0.0,4602.104637031331,0.0,4335.861315026474,0.0,12.360758821502833,0.0,11.537960735502324,0.0,9.216319499065198,0.0
Sonde,353.2862745098039,0.0,17.30788123333961,0.0,297.0986156658259,0.0,167.0,0.0,109.87210884852384,0.0,11.182040374888551,0.0,12.922847983320086,0.0,8.6535124834869,0.0,730.9184043269764,0.0,146.4690025206399,0.0,113.99748613488967,0.0,3.1666888409790506,0.0,10.556673907932664,0.0,948.9073793090867,0.0,7602.840389158906,0.0,11.182040105247216,0.0,10.334577758073356,0.0,7.7229898064976465,0.0
Sonko,356.88235294117646,0.0,17.247161811211118,0.0,313.8332696925977,0.0,210.0,0.0,137.0210480839317,0.0,11.793779145258801,0.0,14.491376746189438,0.0,9.569625349431615,0.0,692.366546014847,0.0,243.50033376033747,0.0,179.5125982613879,0.0,3.157075938792712,0.0,14.813594348254128,0.0,5967.767822639107,0.0,5522.2940887918085,0.0,11.793779176954096,0.0,11.374062832473209,0.0,8.592413887352382,0.0
Sorge,341.27843137254905,0.0,16.906158434212404,0.0,313.7448302692468,0.0,169.0,0.0,113.7747599722181,0.0,11.604839485622456,0.0,13.0,0.0,8.910724597720243,0.0,4815.376649824138,0.0,347.3951549550336,0.0,256.9966636720097,0.0,4.170552027675749,0.0,11.157955837459806,0.0,25190.67321933173,0.0,9870.279844560322,0.0,11.604839475217121,0.0,10.134704784547443,0.0,7.837118174716295,0.0
Sorte,281.9019607843137,0.0,15.406199164713101,0.0,307.8071756576227,0.0,179.0,0.0,118.99533889885362,0.0,11.562891738315644,0.0,13.379088160259652,0.0,9.000894580715688,0.0,609.1744338606597,0.0,115.15453815042066,0.0,81.32950743096336,0.0,5.776403499802345,0.0,10.018759607679996,0.0,13874.854200865459,0.0,3396.4793287666107,0.0,11.562891655684162,0.0,10.20308208507217,0.0,8.043347515949474,0.0
Sowoe,346.8705882352941,0.0,17.007323659370815,0.0,327.7731766086715,0.0,205.0,0.0,138.8578838945025,0.0,12.232252600803493,0.0,14.317821063276353,0.0,9.883862310665291,0.0,1340.5191323541533,0.0,344.5988457136751,0.0,258.8191602875655,0.0,3.079387125368369,0.0,21.122951725081776,0.0,22552.74468426749,0.0,1518.2079289700296,0.0,12.23225256291959,0.0,10.99733295031999,0.0,8.862198321805973,0.0
Spann,359.4039215686274,0.0,17.40384204136678,0.0,303.025361332932,0.0,195.0,0.0,127.41798762453547,0.0,11.487539624655799,0.0,13.96424004376894,0.0,9.282375066430477,0.0,2050.532838531539,0.0,963.4282607187992,0.0,904.1896147712904,0.0,2.861419671311471,0.0,21.18941328753192,0.0,17849.062341983623,0.0,8525.157684852129,0.0,11.487539608566454,0.0,10.937668233918473,0.0,8.367123517371011,0.0
Spatz,317.17254901960786,0.0,16.386866113058495,0.0,340.261060090309,0.0,245.0,0.0,164.70087288738554,0.0,12.748549982476451,0.0,15.652475842498529,0.0,10.710696521727535,0.0,2096.9853775109596,0.0,1142.0055764983913,0.0,993.6783650421863,0.0,6.426567017555191,0.0,27.121078112365243,0.0,13875.520116049613,0.0,3397.517861832896,0.0,12.748549911651786,0.0,12.255007150349343,0.0,9.737105000417692,0.0
Speck,347.19607843137254,0.0,17.03966695401888,0.0,327.10183446831775,0.0,212.0,0.0,142.79103338839812,0.0,12.20857408297876,0.0,14.560219778561036,0.0,10.008913652585399,0.0,2073.265506690982,0.0,1014.9940076059428,0.0,932.2875601979492,0.0,4.629455374737848,0.0,23.518259395192846,0.0,378.61138486200235,0.0,1435.3663302168663,0.0,12.208574069072831,0.0,11.865691353687598,0.0,9.216088352681872,0.0
Speer,319.878431372549,0.0,16.444060336131447,0.0,295.90332266143207,0.0,162.0,0.0,106.25794352136143,0.0,11.09239465315617,0.0,12.727922061357855,0.0,8.511078294904088,0.0,2050.3013859449043,0.0,961.7968487142657,0.0,903.36744413341,0.0,7.360278979651596,0.0,19.358250814169292,0.0,2970.252268973049,0.0,1770.5033923135354,0.0,11.092394655004727,0.0,10.217896992343428,0.0,7.639281034082962,0.0
Speil,310.95294117647063,0.0,16.357610185958425,0.0,352.722794592285,0.0,253.0,0.0,175.7108654436775,0.0,13.234486406742011,0.0,15.905973720586866,0.0,11.263316339362387,0.0,2085.834278866597,0.0,988.4452635109011,0.0,927.4455084167375,0.0,7.948486539636999,0.0,19.828053910423165,0.0,8149.826758110386,0.0,4920.878985467527,0.0,13.234487164573771,0.0,12.864571426935054,0.0,10.42120842732416,0.0
Spert,302.73333333333335,0.0,16.023217967470337,0.0,323.6937450103754,0.0,219.0,0.0,144.4943440519145,0.0,12.111085768930794,0.0,14.798648586948742,0.0,9.930892917940659,0.0,2050.7372507498753,0.0,963.5387032639911,0.0,904.3547195019232,0.0,9.688163789647527,0.0,20.765819735108852,0.0,2467.210418214295,0.0,2722.82113945237,0.0,12.111085839150789,0.0,11.713315954843317,0.0,9.021918582581607,0.0
Spgßc,403.6156862745098,0.0,18.333812723102152,0.0,360.33721389641164,0.0,252.0,0.0,174.10758609555688,0.0,13.272020747044968,0.0,15.874507866387544,0.0,11.213612194613187,0.0,3575.2451522302886,0.0,1027.040751331441,0.0,938.7750453071512,0.0,6.009127770657994,0.0,63.71713345285208,0.0,7651.475952950969,0.0,4040.104300385061,0.0,13.272020846640524,0.0,13.175194142582948,0.0,10.247299438026035,0.0
Sphlt,335.2627450980392,0.0,16.94963296564639,0.0,356.7647839802671,0.0,271.0,0.0,185.3569153599244,0.0,13.362594319735829,0.0,16.46207763315433,0.0,11.468467518147317,0.0,2055.049763765363,0.0,967.8950583819093,0.0,908.236779496952,0.0,8.500072039966266,0.0,21.00913009779571,0.0,24640.979064241645,0.0,13222.743444447353,0.0,13.362595235759086,0.0,13.314653285213948,0.0,10.60172919245916,0.0
Spilt,293.8078431372549,0.0,15.934484763885642,0.0,358.9140866136114,0.0,278.0,0.0,188.95979074473897,0.0,13.401255285924352,0.0,16.673332000533065,0.0,11.541547589608077,0.0,2054.6061246714394,0.0,967.9745459874309,0.0,908.1686424427066,0.0,9.260257246851545,0.0,19.940357074824128,0.0,24644.891130333086,0.0,13222.966575192886,0.0,13.40125638430888,0.0,13.158410813094887,0.0,10.660122577295608,0.0
Spind,358.1529411764706,0.0,17.514623318486354,0.0,336.16604041850945,0.0,236.0,0.0,160.11525744513236,0.0,12.642807129798726,0.0,15.362291495737216,0.0,10.65187192699423,0.0,2664.486591565703,0.0,1045.6995911455022,0.0,979.2368168822941,0.0,5.3428480611566735,0.0,22.130011977384896,0.0,17854.260664762383,0.0,8525.292620587787,0.0,12.642807131447128,0.0,12.300802367340234,0.0,9.762735929152992,0.0
Spion,336.83529411764704,0.0,16.899478003354176,0.0,321.01323209825216,0.0,211.0,0.0,139.65538773530824,0.0,12.047281218327567,0.0,14.52583904633395,0.0,9.778796555313082,0.0,2052.3644411887085,0.0,964.7897529919252,0.0,904.9311512592905,0.0,3.891934711358292,0.0,20.818712521257407,0.0,22555.71008567275,0.0,1520.039613792701,0.0,12.047281146812102,0.0,11.271236734193856,0.0,8.824522885920654,0.0
Spjlq,350.83529411764704,0.0,17.399544819864833,0.0,396.43756928998084,0.0,304.0,0.0,217.08611379856637,0.0,14.53751038173323,0.0,17.435595774162696,0.0,12.719943233268337,0.0,1391781.9082385178,0.0,305328.6433932999,0.0,294162.90642394323,0.0,5.063524816720818,0.0,391.17251352205244,0.0,24645.056524057945,0.0,13229.324120998732,0.0,14.537511412751218,0.0,14.237741404614226,0.0,11.897256583584507,0.0
Spjtz,312.59999999999997,0.0,16.36594254406487,0.0,372.49285776122775,0.0,282.0,0.0,192.98208265749497,0.0,13.69499999013976,0.0,16.792855623746664,0.0,11.717382617941677,0.0,101389.87793948692,0.0,6655.716994951861,0.0,5964.802816468906,0.0,6.76637499844619,0.0,57.530094984990676,0.0,13878.11776544364,0.0,3402.0488456559247,0.0,13.694999885366675,0.0,13.245223530971877,0.0,10.786864981809732,0.0
Spkhn,397.3529411764706,0.0,18.29108017572001,0.0,330.69989700542897,0.0,229.0,0.0,153.6748782809674,0.0,12.456075029383582,0.0,15.132745950421556,0.0,10.333792748879793,0.0,2054.1524983323443,0.0,976.189241227487,0.0,910.8724558252959,0.0,3.0300807589385634,0.0,30.782990500792128,0.0,13281.348042086214,0.0,5766.833578120052,0.0,12.456075097555386,0.0,12.07673881162268,0.0,9.450832536926058,0.0
Spnkt,354.71764705882356,0.0,17.312163898222202,0.0,330.68754144970893,0.0,244.0,0.0,160.24951801438542,0.0,12.405904361487702,0.0,15.620499351813308,0.0,10.425987700903006,0.0,2051.9301498417412,0.0,968.8745192465657,0.0,906.7438716434377,0.0,5.675713713337125,0.0,19.82863022878881,0.0,5971.116624934984,0.0,5522.311297281494,0.0,12.405904368354454,0.0,12.41101859105525,0.0,9.518645225496657,0.0
Spnkz,369.1450980392157,0.0,17.659624284596934,0.0,334.772903840323,0.0,243.0,0.0,160.91469394951008,0.0,12.550810097159003,0.0,15.588457268119896,0.0,10.5104283926827,0.0,2097.730053464157,0.0,1145.1816309221283,0.0,995.0745372665576,0.0,3.588745856529258,0.0,28.166232132599085,0.0,5972.520891178568,0.0,5522.522627792226,0.0,12.550810121554953,0.0,12.31248537602792,0.0,9.580701027475905,0.0
Spore,325.7294117647059,0.0,16.54961108505311,0.0,317.849792441048,0.0,195.0,0.0,131.0344793625192,0.0,11.9166232745268,0.0,13.96424004376894,0.0,9.554469534099148,0.0,2052.259956589053,0.0,966.4751605986575,0.0,906.2003519591892,0.0,5.932763048241866,0.0,22.254588514640222,0.0,2459.1443684379997,0.0,2723.170882779534,0.0,11.916623553978953,0.0,11.158166239427377,0.0,8.627270187136874,0.0
Spott,307.3254901960785,0.0,16.15129068204415,0.0,339.4761915589184,0.0,244.0,0.0,163.31453462281132,0.0,12.67381141159517,0.0,15.620499351813308,0.0,10.629249263341913,0.0,2052.4563313413164,0.0,966.8828945372567,0.0,906.3948316219941,0.0,9.518666988654351,0.0,21.999047729403383,0.0,13874.902803991194,0.0,3396.433763438631,0.0,12.673811266965899,0.0,12.494114836180602,0.0,9.660943587678602,0.0
Spqlt,336.9921568627451,0.0,17.051963912684894,0.0,364.9749320883234,0.0,280.0,0.0,194.2897758051629,0.0,13.654937885364117,0.0,16.73320053068151,0.0,11.858273676473901,0.0,7872209979810047.0,0.0,7800463371553962.0,0.0,7544671231436474.0,0.0,8.187855545690727,0.0,80.72755167828883,0.0,24640.965886104557,0.0,13222.85179296863,0.0,13.1285844697602,0.0,13.169396632650525,0.0,10.387126208361511,0.0
Spqrl,338.25098039215686,0.0,17.033241128595208,0.0,362.0275554852675,0.0,270.0,0.0,187.7653115254034,0.0,13.544597885952355,0.0,16.431676725154983,0.0,11.682967811323524,0.0,7872209979810047.0,0.0,7800463371553962.0,0.0,7544671231436474.0,0.0,7.592885155735263,0.0,80.77969752779235,0.0,2469.1015441638,0.0,2725.4414394671376,0.0,13.013781651124118,0.0,12.825983325014999,0.0,10.163595300798335,0.0
Spreu,327.9686274509804,0.0,16.671021345751313,0.0,306.4065247987162,0.0,176.0,0.0,116.30372021768072,0.0,11.470278434404227,0.0,13.2664991614216,0.0,8.923469471800205,0.0,2050.5025772082195,0.0,962.5041313538106,0.0,903.7150037405693,0.0,4.162623959657361,0.0,23.453015162619593,0.0,2973.463542338997,0.0,1771.0180240646173,0.0,11.470278487413028,0.0,10.398285918801836,0.0,7.981942148576278,0.0
Spril,295.06666666666666,0.0,15.914447359423548,0.0,358.77817451282965,0.0,262.0,0.0,181.70996017023361,0.0,13.425083693055681,0.0,16.186414056238647,0.0,11.441817666501379,0.0,2085.8873753938906,0.0,988.6175370491137,0.0,927.5348399200408,0.0,8.614619187877087,0.0,19.82186330126876,0.0,8152.226514861532,0.0,4921.193172874171,0.0,13.425084392749081,0.0,12.85495265519961,0.0,10.548756695916207,0.0
Sprit,286.7686274509804,0.0,15.638102503305289,0.0,341.9655391638031,0.0,246.0,0.0,165.4427980595593,0.0,12.796185216758078,0.0,15.684387141358123,0.0,10.725997576841554,0.0,2051.5869206819175,0.0,965.3094823015292,0.0,905.4888415136586,0.0,10.370998382879286,0.0,19.935869409820537,0.0,8152.318001644415,0.0,4920.376294098427,0.0,12.796185950582021,0.0,12.344826730837951,0.0,9.809639288072159,0.0
Sprkh,370.28235294117644,0.0,17.625765803110447,0.0,342.7119738300082,0.0,236.0,0.0,160.6708961386273,0.0,12.819530141787444,0.0,15.362291495737216,0.0,10.653149899516029,0.0,2062.027738602954,0.0,995.9606006773918,0.0,921.8388120976069,0.0,4.832221756933823,0.0,24.77326100842051,0.0,5971.471941187952,0.0,5522.993732798717,0.0,12.81953021509667,0.0,12.141796286099702,0.0,9.763016399956427,0.0
Spsml,369.5960784313726,0.0,17.698628353571557,0.0,416.79787984559323,0.0,327.0,0.0,234.7400743591971,0.0,15.093339052036361,0.0,18.083141320025124,0.0,13.270071917087481,0.0,2238.392239118129,0.0,1273.7107595906934,0.0,1092.834025109778,0.0,4.368722190503387,0.0,22.136282929657597,0.0,4496.978269656457,0.0,720.7186487074842,0.0,15.09333925995198,0.0,15.112926959831537,0.0,12.346415935027679,0.0
Späks,366.1725490196079,0.0,17.435102712999463,0.0,340.5757982887018,0.0,247.0,0.0,166.06983871506952,0.0,12.741250854286626,0.0,15.716233645501712,0.0,10.768789843093227,0.0,2082.6318456991594,0.0,1026.0945991282044,0.0,948.0742308795901,0.0,4.412448099539249,0.0,40.37808022143214,0.0,5969.99686275541,0.0,5524.910924659616,0.0,12.741250898628412,0.0,12.492208685335383,0.0,9.834514345282445,0.0
Späße,388.6470588235294,0.0,17.993100048786165,0.0,339.06558939249055,0.0,232.0,0.0,159.35815115759198,0.0,12.726043283090505,0.0,15.231546211727817,0.0,10.685146111212166,0.0,2095.455003239484,0.0,1060.291131805717,0.0,966.4577089229459,0.0,3.553618496672581,0.0,40.89385175352584,0.0,7651.671797732018,0.0,4043.30523996256,0.0,12.726043407291833,0.0,12.449665042450222,0.0,9.838362577586935,0.0
Spüle,347.52156862745096,0.0,17.235609535582217,0.0,347.422643407909,0.0,236.0,0.0,163.58573349413288,0.0,13.001939710891351,0.0,15.362291495737216,0.0,10.867478115300718,0.0,2108.6651307246766,0.0,1016.6451747402831,0.0,951.2545190887527,0.0,5.396061680864686,0.0,27.321819385686055,0.0,24642.909204155887,0.0,13225.42118322378,0.0,13.001940536249801,0.0,12.388937439627226,0.0,10.014097865109717,0.0
Sqfgt,358.72156862745095,0.0,17.476161607430488,0.0,358.18331777124496,0.0,252.0,0.0,171.6109137129705,0.0,13.139534726487557,0.0,15.874507866387544,0.0,11.044329269561015,0.0,497654.7229358685,0.0,108504.85684246507,0.0,105011.61161807163,0.0,4.874383194692261,0.0,228.78614453972818,0.0,25196.55776018791,0.0,9878.892512446926,0.0,13.139534719190891,0.0,12.6279590304082,0.0,10.010130228090839,0.0
Sqnkq,399.61960784313726,0.0,18.434651773369154,0.0,347.0130137297817,0.0,247.0,0.0,171.00446485905806,0.0,13.052483303230868,0.0,15.716233645501712,0.0,11.115100178573462,0.0,1474589.6202946436,0.0,323967.34505658183,0.0,312287.9643453167,0.0,4.857659759758115,0.0,449.5407825306064,0.0,5985.920902038926,0.0,5538.884901422498,0.0,13.052483339136147,0.0,12.756296120358828,0.0,10.277618535846353,0.0
Sqtzt,299.29411764705884,0.0,16.051876684613525,0.0,335.51590106769504,0.0,246.0,0.0,162.46824818729272,0.0,12.55189946290433,0.0,15.684387141358123,0.0,10.544355275489414,0.0,497631.7908597075,0.0,108504.3198194506,0.0,105011.29650312377,0.0,7.959975909369764,0.0,228.29606268453617,0.0,4612.2220481157965,0.0,4339.450301710325,0.0,12.551899526865693,0.0,11.950378510836394,0.0,9.609844294188314,0.0
Srlnt,278.38823529411764,0.0,15.44404293344039,0.0,311.26112480556463,0.0,216.0,0.0,138.3451671680773,0.0,11.722099882483219,0.0,14.696938456699069,0.0,9.553114260882984,0.0,610.3705996299402,0.0,116.43526623527889,0.0,86.2984293988011,0.0,3.682545256812346,0.0,13.94652087164166,0.0,17852.042352313336,0.0,8525.556219566912,0.0,11.722099917783016,0.0,10.825052031682475,0.0,8.567927947739333,0.0
Srmfl,332.64705882352945,0.0,16.811680547912502,0.0,412.77387166894323,0.0,332.0,0.0,233.13260340452794,0.0,14.910469892793238,0.0,18.2208671582886,0.0,13.04900738753741,0.0,783.478408195066,0.0,429.98841704159014,0.0,333.09916873748153,0.0,5.410158803157685,0.0,20.32304510242383,0.0,21867.95109893346,0.0,5819.649663013156,0.0,14.910470095781886,0.0,14.701215407017019,0.0,12.136607995981104,0.0
Srßgm,425.49411764705883,0.0,18.832227973809058,0.0,419.96407614360163,0.0,322.0,0.0,229.04504439348085,0.0,14.99919900084938,0.0,17.944358444926362,0.0,13.0635915195626,0.0,4898.073676183345,0.0,1170.285161212229,0.0,819.5189927762444,0.0,12.058460045492494,0.0,27.468886084772773,0.0,25193.448453328827,0.0,9870.992555162551,0.0,14.999199023673588,0.0,15.032379913689548,0.0,12.08687777120414,0.0
Ssnkt,319.74901960784314,0.0,16.371986840178057,0.0,313.55778824971344,0.0,222.0,0.0,141.50398714295352,0.0,11.752693161942624,0.0,14.89966442575134,0.0,9.60359868442016,0.0,663.6025123378852,0.0,304.45049884373486,0.0,238.0668495205114,0.0,3.4680742971729766,0.0,21.009787852698402,0.0,5971.218854692434,0.0,5522.32242886391,0.0,11.752693147554703,0.0,11.231283894935263,0.0,8.61174440269235,0.0
Ssphr,337.08235294117645,0.0,16.81672059300707,0.0,310.15344449521564,0.0,200.0,0.0,129.86537123749105,0.0,11.650793785379651,0.0,14.142135623730951,0.0,9.341095150844238,0.0,1789.009513696745,0.0,519.5535821074634,0.0,468.17900938113627,0.0,4.634621849132299,0.0,29.484502679862512,0.0,13282.189120201141,0.0,5767.105629358312,0.0,11.650793965340057,0.0,11.03749149355687,0.0,8.343177433706787,0.0
Ssthr,293.2549019607843,0.0,15.692782963501463,0.0,301.2581726912832,0.0,200.0,0.0,125.90595536320465,0.0,11.320324956215584,0.0,14.142135623730951,0.0,9.005708652393793,0.0,659.7572026036364,0.0,285.8051194904605,0.0,227.45614927205017,0.0,3.897395445479398,0.0,23.30598061657455,0.0,13283.193190631036,0.0,5766.953472481517,0.0,11.320325119722362,0.0,10.411344002022414,0.0,7.970215030449314,0.0
Staat,277.33333333333337,0.0,15.247931266897512,0.0,300.03676565129047,0.0,202.0,0.0,127.20577171076394,0.0,11.250370518170895,0.0,14.212670403551895,0.0,9.046809063285869,0.0,604.6540805030313,0.0,129.69485230286168,0.0,91.34787227177824,0.0,3.861647880855897,0.0,14.411439070547866,0.0,7608.927322921484,0.0,10092.742188997441,0.0,11.250370594578735,0.0,10.592654137857803,0.0,7.966375459710624,0.0
Stall,275.51372549019607,0.0,15.403836707565459,0.0,353.14938768225414,0.0,266.0,0.0,182.9233466939892,0.0,13.293299740079956,0.0,16.30950643030009,0.0,11.423470309365616,0.0,722.8917089927362,0.0,264.8780558367794,0.0,235.9879685508021,0.0,3.9472096568778374,0.0,15.518385276510804,0.0,24641.61375478149,0.0,13223.739843271976,0.0,13.293300493737748,0.0,12.520666784214914,0.0,10.508909076184757,0.0
Stann,315.5764705882353,0.0,16.32038796834008,0.0,291.7141175295833,0.0,184.0,0.0,116.70528237412206,0.0,11.032417569995031,0.0,13.564659966250536,0.0,8.702196756066527,0.0,603.5721109710797,0.0,120.35318985852527,0.0,85.59384917829898,0.0,4.969857423908598,0.0,13.110567010920063,0.0,17850.255282056314,0.0,8525.903651803374,0.0,11.032417576506768,0.0,9.941045228080238,0.0,7.717271781385857,0.0
Starm,328.2862745098039,0.0,16.587213151654147,0.0,380.2144134689646,0.0,297.0,0.0,203.9732450478073,0.0,13.95052185874577,0.0,17.233687939614086,0.0,12.076319856934417,0.0,770.9746727344937,0.0,483.6050985186045,0.0,340.63847154382194,0.0,9.440701948284936,0.0,14.836347421542474,0.0,2483.4688831501135,0.0,2729.172943253518,0.0,13.950521900372472,0.0,13.969126902836935,0.0,11.160538480314207,0.0
Starn,288.50588235294117,0.0,15.571097250631368,0.0,312.1323671022804,0.0,208.0,0.0,135.36022261300803,0.0,11.761345572871928,0.0,14.422205101855956,0.0,9.49891248777794,0.0,605.1838041542153,0.0,133.17651390845685,0.0,95.5927305039121,0.0,3.6969224580900515,0.0,13.635761725908845,0.0,2473.3517970559797,0.0,2726.466400689812,0.0,11.761345795213746,0.0,10.537657161858563,0.0,8.528698607735562,0.0
Stars,269.0352941176471,0.0,14.968995767736128,0.0,314.8635434499082,0.0,212.0,0.0,137.55554918170026,0.0,11.8121920220849,0.0,14.560219778561036,0.0,9.57873916283265,0.0,606.6809734371357,0.0,139.9659795104189,0.0,101.14640876108152,0.0,4.184464893772595,0.0,13.813647903636806,0.0,2473.9569034940455,0.0,2726.8260990987333,0.0,11.812192147964616,0.0,10.68168205485941,0.0,8.538053115754566,0.0
Start,260.1764705882353,0.0,14.805446486841944,0.0,316.57674038114493,0.0,224.0,0.0,143.86455819288108,0.0,11.86295026924834,0.0,14.966629547095765,0.0,9.727919675507254,0.0,605.3657985547745,0.0,133.39416671802957,0.0,95.56040981859344,0.0,6.216428720510113,0.0,12.90648437978841,0.0,2476.842068890515,0.0,2726.409580541244,0.0,11.862950261261032,0.0,11.051235981796363,0.0,8.703387727847714,0.0
Stcld,296.77647058823527,0.0,15.9514276182529,0.0,347.0061186578738,0.0,234.0,0.0,163.65522514094945,0.0,13.009083796430582,0.0,15.297058540778355,0.0,10.91282179892287,0.0,1809.5274174228098,0.0,433.43821277177165,0.0,394.6008519580746,0.0,7.135644927479546,0.0,21.120438207497457,0.0,24641.01159539407,0.0,13223.091442252999,0.0,13.009084475931674,0.0,11.856927900622253,0.0,10.047178020557856,0.0
Steak,318.121568627451,0.0,16.316805421933534,0.0,316.1861322485652,0.0,210.0,0.0,137.66028671692848,0.0,11.834681545707097,0.0,14.491376746189438,0.0,9.655896561875032,0.0,664.0626051464228,0.0,344.83852314524256,0.0,244.9392314325968,0.0,6.38685949947217,0.0,17.173457609776115,0.0,7608.093868532457,0.0,10092.59875113518,0.0,11.834681570077827,0.0,11.161105495935022,0.0,8.78526733255617,0.0
Steig,318.20392156862744,0.0,16.45541224278411,0.0,351.4430778585422,0.0,240.0,0.0,164.78958238672396,0.0,13.0027354715012,0.0,15.491933384829668,0.0,10.82825901866363,0.0,6096.710368630898,0.0,589.0782186145337,0.0,448.6808120974144,0.0,8.174167120259284,0.0,14.231538735002433,0.0,8151.031530234626,0.0,4921.39506130641,0.0,13.002736150122887,0.0,12.221744353397492,0.0,9.877048870788263,0.0
Steiß,315.07450980392156,0.0,16.310221154538578,0.0,354.116961938219,0.0,250.0,0.0,173.83810351411375,0.0,13.244316720809202,0.0,15.811388300841896,0.0,11.194549357963746,0.0,3360.024832986152,0.0,4698.709481496683,0.0,3162.605869814411,0.0,7.597061964347931,0.0,59.33183798564177,0.0,8154.297819170993,0.0,4922.492193234739,0.0,13.244317365675045,0.0,12.528075598132936,0.0,10.325922222230503,0.0
Stern,287.235294117647,0.0,15.603290793394747,0.0,307.9381279281622,0.0,192.0,0.0,125.27730322162805,0.0,11.577077779256332,0.0,13.856406460551018,0.0,9.15343066245389,0.0,604.0838763033995,0.0,120.9945849513003,0.0,87.35607845365489,0.0,3.5857596540426435,0.0,14.28301819663394,0.0,2472.2405156321115,0.0,2725.089751784063,0.0,11.57707793968023,0.0,10.261869467757606,0.0,8.242104239836605,0.0
Sters,267.7647058823529,0.0,15.002481404391727,0.0,310.66930427579,0.0,196.0,0.0,127.47262979032025,0.0,11.628729964576648,0.0,14.0,0.0,9.236243738201765,0.0,605.5837649159723,0.0,128.42967395052838,0.0,93.40080472282523,0.0,4.35533157377729,0.0,14.360051082911847,0.0,2472.9676666570926,0.0,2725.3583316533127,0.0,11.628730027275447,0.0,10.40971075643631,0.0,8.251783647555332,0.0
Stetz,272.07450980392156,0.0,15.264152142789197,0.0,324.7555771128421,0.0,218.0,0.0,143.90524824559213,0.0,12.164525378691716,0.0,14.7648230602334,0.0,9.891446604508275,0.0,745.4072293316132,0.0,622.3916124447882,0.0,419.1148470615457,0.0,4.102727463196026,0.0,22.37231173026399,0.0,13876.586838974987,0.0,3398.2683121855043,0.0,12.164525209248339,0.0,11.119385587576062,0.0,8.919210868232334,0.0
Stfns,292.16862745098035,0.0,15.70810001234055,0.0,310.74756253955013,0.0,207.0,0.0,132.37747198021543,0.0,11.62150905830678,0.0,14.38749456993816,0.0,9.338373618861617,0.0,613.6094746712187,0.0,165.02522024691956,0.0,127.24095187383985,0.0,3.0764850442298135,0.0,20.055522490260476,0.0,17856.6344570937,0.0,8533.132726841559,0.0,11.62150909431844,0.0,10.684932246391162,0.0,8.28854054716268,0.0
Stftx,274.3607843137255,0.0,15.27312083090477,0.0,351.56866489020393,0.0,268.0,0.0,177.4229350016963,0.0,13.0337740246299,0.0,16.3707055437449,0.0,10.997706074327986,0.0,641.3980182611618,0.0,287.8322908100627,0.0,220.19033660944896,0.0,4.269187353432697,0.0,69.99167453538857,0.0,13884.926630869108,0.0,3417.7209572381116,0.0,13.033773891761966,0.0,12.253301014064283,0.0,9.976262617272507,0.0
Stgßk,398.18431372549026,0.0,18.223383417770705,0.0,379.824170854155,0.0,294.0,0.0,201.48994275299532,0.0,13.86791710291438,0.0,17.146428199482248,0.0,11.992429407409368,0.0,2917.0903637904203,0.0,496.4799071865493,0.0,352.4729220441433,0.0,8.6418361374319,0.0,20.652781724847724,0.0,7655.8717919166365,0.0,4041.7366829003217,0.0,13.867917097325787,0.0,13.65646500678746,0.0,11.04572127179863,0.0
Sthst,291.9960784313725,0.0,15.71310303772626,0.0,317.90795665029384,0.0,221.0,0.0,142.8434344719508,0.0,11.924349817783197,0.0,14.866068747318506,0.0,9.726809321447508,0.0,607.8939665900285,0.0,120.8030334740949,0.0,87.0428412230917,0.0,5.467589873857524,0.0,12.761271123875307,0.0,1687.7037823530375,0.0,4494.332801785082,0.0,11.924349773254578,0.0,11.262916896545264,0.0,8.691369896092151,0.0
Stich,287.98039215686276,0.0,15.612040523394557,0.0,319.99790972142745,0.0,207.0,0.0,136.04556317261023,0.0,11.974228503251329,0.0,14.38749456993816,0.0,9.604672982906658,0.0,651.3390624916697,0.0,257.3691741268218,0.0,184.52562746519794,0.0,6.463897071251095,0.0,14.162334400457482,0.0,619.5831183980241,0.0,1443.669311249612,0.0,11.974228473403297,0.0,10.85204056685239,0.0,8.660981247053389,0.0
Stieg,318.20392156862744,0.0,16.45541224278411,0.0,331.04713327565526,0.0,210.0,0.0,140.4996296090832,0.0,12.249165494027837,0.0,14.491376746189438,0.0,9.879620988624495,0.0,6096.404752411753,0.0,584.5646077644886,0.0,445.0935383700973,0.0,9.723689665271573,0.0,14.903272121939073,0.0,3001.3397184647283,0.0,1775.6990678626312,0.0,12.249165519625768,0.0,11.17701279783835,0.0,8.86684572134078,0.0
Stiel,267.12549019607843,0.0,15.199761729450387,0.0,321.0156062060494,0.0,212.0,0.0,140.70820741562332,0.0,12.077798922783227,0.0,14.560219778561036,0.0,9.837873447628388,0.0,711.7531850282955,0.0,240.86832236594523,0.0,216.13978207100502,0.0,3.8494550883588903,0.0,14.231281878122271,0.0,3007.1808437380137,0.0,1778.158180507442,0.0,12.077798908889932,0.0,10.965562906115766,0.0,8.900222999774108,0.0
Stier,260.08627450980396,0.0,14.88876092377885,0.0,300.05240850923684,0.0,184.0,0.0,117.21905857333866,0.0,11.234563714858002,0.0,13.564659966250536,0.0,8.75178819808796,0.0,604.190182990113,0.0,114.40192802753911,0.0,81.27311296837432,0.0,4.399481577990795,0.0,12.4506213532364,0.0,3008.6525095638945,0.0,1776.23019519806,0.0,11.234563711124107,0.0,9.887213553671812,0.0,7.778712512696382,0.0
Stiet,258.8274509803922,0.0,14.910176785675098,0.0,304.20297085702276,0.0,196.0,0.0,124.441045304949,0.0,11.374652115788512,0.0,14.0,0.0,8.995309137350395,0.0,603.8835539103733,0.0,111.6929307502296,0.0,79.40760816164546,0.0,4.6859190719425206,0.0,13.41778538207052,0.0,3007.0577263765244,0.0,1775.5130172760562,0.0,11.374652091640653,0.0,10.36284271738606,0.0,8.010413498204978,0.0
Stift,256.16078431372546,0.0,14.835340765892047,0.0,346.3011244945444,0.0,263.0,0.0,173.11758165091152,0.0,12.840531558296394,0.0,16.217274740226856,0.0,10.815377306898112,0.0,613.0631470514709,0.0,170.34760884006928,0.0,127.42085327075532,0.0,5.379002007593257,0.0,15.217344052484611,0.0,21871.185966515757,0.0,5820.034427235913,0.0,12.840531769520034,0.0,12.187810393551885,0.0,9.838286043349907,0.0
Stirn,271.27058823529416,0.0,15.20754482005745,0.0,323.3984575793157,0.0,225.0,0.0,146.95112352401867,0.0,12.142992292597787,0.0,15.0,0.0,9.918411884326577,0.0,605.4857243386458,0.0,127.99779595677224,0.0,91.63087174821992,0.0,5.20036394488086,0.0,14.607016051011541,0.0,2512.056937222473,0.0,2726.464262052932,0.0,12.142992516446313,0.0,10.9300386888128,0.0,8.974102175073808,0.0
Stkbs,332.54509803921565,0.0,16.73069914059719,0.0,329.28333520593554,0.0,223.0,0.0,147.6769654759533,0.0,12.273776333790897,0.0,14.933184523068078,0.0,10.044666137112525,0.0,659.0157475114022,0.0,210.1342312465952,0.0,148.8020178008803,0.0,4.146292995901827,0.0,26.521708550090796,0.0,20707.129309908807,0.0,4167.109405993658,0.0,12.273776524480713,0.0,11.392157300197411,0.0,9.02208021120145,0.0
Stlfn,291.6078431372549,0.0,15.830167473211128,0.0,348.8735572148277,0.0,255.0,0.0,172.3929157229391,0.0,13.030135105497905,0.0,15.968719422671311,0.0,10.951884974062766,0.0,621.4834229833402,0.0,177.68296193821007,0.0,136.3135520621636,0.0,4.834181679982416,0.0,16.64692852241381,0.0,21866.430415028462,0.0,5820.409735900585,0.0,13.030135190628583,0.0,11.99800097963952,0.0,10.04451022614567,0.0
Stlll,265.39607843137253,0.0,15.275391250461354,0.0,371.4322841584371,0.0,291.0,0.0,202.2939172569005,0.0,13.897494007455208,0.0,17.05872210923198,0.0,12.08369607044291,0.0,730.4474550010384,0.0,267.2429294856056,0.0,239.3484912422477,0.0,4.646390866866611,0.0,15.642724266379007,0.0,24641.708038121847,0.0,13223.868392430939,0.0,13.89749492216334,0.0,13.102958872693799,0.0,11.19569383437155,0.0
Stoda,326.2274509803922,0.0,16.59220644998406,0.0,314.9476066490038,0.0,198.0,0.0,131.56883791951944,0.0,11.819722591484268,0.0,14.071247279470288,0.0,9.51584206985399,0.0,734.4161422492601,0.0,191.41198056629014,0.0,147.51674105421213,0.0,4.758202529160955,0.0,19.234066640978345,0.0,973.0007808447955,0.0,7603.954082153293,0.0,11.819722603507158,0.0,10.942570121229856,0.0,8.4569103786482,0.0
Stola,290.2117647058824,0.0,15.674977304443209,0.0,334.1946278740803,0.0,230.0,0.0,156.43473185685414,0.0,12.587450126630085,0.0,15.165750888103101,0.0,10.476545223376709,0.0,624.2037814371604,0.0,187.8310622605952,0.0,146.276604458076,0.0,3.274318405390591,0.0,19.378044701935575,0.0,24640.921711317304,0.0,13223.252669785976,0.0,12.58745090543886,0.0,11.724808765588797,0.0,9.514488221123658,0.0
Stolz,286.22352941176473,0.0,15.658742996114903,0.0,343.7226085830649,0.0,247.0,0.0,166.60019818899,0.0,12.866779437518755,0.0,15.716233645501712,0.0,10.790050845676017,0.0,758.9417412019053,0.0,633.0483465200637,0.0,430.5951157244846,0.0,3.1316661684164253,0.0,22.480595563366506,0.0,24641.808816957615,0.0,13223.214290918962,0.0,12.866780212157785,0.0,12.039832652559395,0.0,9.812389765815086,0.0
Story,288.1764705882353,0.0,15.491640041906622,0.0,337.3758290097302,0.0,234.0,0.0,154.59597289408924,0.0,12.47790172121765,0.0,15.297058540778355,0.0,10.259357669194149,0.0,7276.794564170517,0.0,476.92798902088583,0.0,332.658878643491,0.0,3.5088623611890415,0.0,17.506362814246607,0.0,2481.8786348059602,0.0,2725.7807380945133,0.0,12.477901787622564,0.0,11.537412568051796,0.0,9.174503684327057,0.0
Stqvk,338.91764705882355,0.0,16.940330407340962,0.0,361.8961234798033,0.0,278.0,0.0,189.49612837993612,0.0,13.458750887398146,0.0,16.673332000533065,0.0,11.590048904813711,0.0,7872209979810047.0,0.0,7800463371553962.0,0.0,7544671231436474.0,0.0,5.647324309546128,0.0,87.10228995415738,0.0,20355.522579344444,0.0,4824.335596657946,0.0,12.924409248150331,0.0,12.275984780844494,0.0,10.06567522751096,0.0
Strck,287.4823529411765,0.0,15.47610478448208,0.0,321.84597058551367,0.0,210.0,0.0,138.0774228645408,0.0,11.995048714598415,0.0,14.491376746189438,0.0,9.68488464387833,0.0,676.9532749113235,0.0,341.8249666676872,0.0,243.0910336476082,0.0,6.269247117245038,0.0,16.745751729461904,0.0,449.00584551243776,0.0,1441.3847828366695,0.0,11.99504872346249,0.0,10.942533340830344,0.0,8.783990841462531,0.0
Stscr,254.28235294117644,0.0,14.547999541429723,0.0,299.0670474117418,0.0,174.0,0.0,110.97677764363303,0.0,11.140388408534232,0.0,13.19090595827292,0.0,8.526879740545201,0.0,619.9639966345677,0.0,117.71715371197637,0.0,85.15291174116746,0.0,6.0996409134863,0.0,18.480117137368513,0.0,441.72299948195075,0.0,1440.1931992122572,0.0,11.140388425333118,0.0,9.567675468086323,0.0,7.401201466730145,0.0
Stsls,266.5176470588235,0.0,15.021251125995947,0.0,338.19994109382424,0.0,231.0,0.0,156.9221268155573,0.0,12.687948396746012,0.0,15.198684153570664,0.0,10.508296115268172,0.0,619.3242343684038,0.0,158.89806873863836,0.0,126.69967170990364,0.0,3.9871154775532545,0.0,15.375026574441412,0.0,24641.25397704345,0.0,13223.109495990378,0.0,12.687949234822021,0.0,11.376819105732475,0.0,9.497864469749834,0.0
Stsrn,278.9490196078431,0.0,15.31889897798571,0.0,315.7087527941138,0.0,201.0,0.0,131.93517385643125,0.0,11.84456377463597,0.0,14.177446878757825,0.0,9.429013551069668,0.0,606.2678594481719,0.0,128.724363955322,0.0,93.87485667120043,0.0,4.146569821454698,0.0,15.526561592254312,0.0,2472.7565619613306,0.0,2725.0487792002777,0.0,11.844563986551147,0.0,10.22710520625643,0.0,8.390995883987165,0.0
Ststr,250.61960784313726,0.0,14.539973933396592,0.0,324.29027724039366,0.0,216.0,0.0,142.67595621366033,0.0,12.14318651889717,0.0,14.696938456699069,0.0,9.842359692325052,0.0,607.1175491541801,0.0,131.1142560152369,0.0,95.65314424499657,0.0,6.649588502791061,0.0,14.757011822699722,0.0,13877.234903765593,0.0,3398.189765095445,0.0,12.143186361075557,0.0,10.757928227994922,0.0,8.785514797668812,0.0
Stuck,311.4588235294118,0.0,16.165624884684828,0.0,322.29881716474034,0.0,220.0,0.0,142.5956268470619,0.0,11.986772429682834,0.0,14.832396974191326,0.0,9.773119380651448,0.0,676.9596979627345,0.0,342.51511837428825,0.0,243.23696571009182,0.0,5.047319419359208,0.0,16.810028694159428,0.0,462.74077920044596,0.0,1439.9476195517552,0.0,11.986772457232377,0.0,11.31940100050261,0.0,8.860666792507036,0.0
Stufe,297.3607843137255,0.0,15.92042833741452,0.0,324.01033574049336,0.0,211.0,0.0,139.13943830627238,0.0,12.068518218765593,0.0,14.52583904633395,0.0,9.71308170892179,0.0,611.5678084638438,0.0,165.07463791429768,0.0,124.09097709545635,0.0,2.9007659513834647,0.0,15.622244622201238,0.0,21866.507436339274,0.0,5819.348680712277,0.0,12.068518182537465,0.0,10.98227585618355,0.0,8.760009119007128,0.0
Stuhl,316.6705882352941,0.0,16.490325708846758,0.0,323.18682747025207,0.0,231.0,0.0,150.69795347008636,0.0,12.17225574930342,0.0,15.198684153570664,0.0,10.092732145920605,0.0,711.3461409950355,0.0,241.86662207939844,0.0,216.362810824552,0.0,4.07301870997663,0.0,17.642614641529555,0.0,13284.246297203885,0.0,5768.7291637590915,0.0,12.172255982410114,0.0,11.678027370107692,0.0,9.097744621752959,0.0
Stunk,336.12549019607843,0.0,16.862734154123213,0.0,318.81608390549377,0.0,227.0,0.0,146.18143166923687,0.0,11.936757879247507,0.0,15.066519173319364,0.0,9.863704362265779,0.0,663.4172088976682,0.0,342.7078297607882,0.0,243.32612102685616,0.0,6.944330778626027,0.0,17.041209262212263,0.0,17851.692178067704,0.0,8525.53420065517,0.0,11.936757889951785,0.0,11.420172855972305,0.0,8.961692473416708,0.0
Sturm,335.1058823529412,0.0,16.842063012148788,0.0,382.52840079461777,0.0,300.0,0.0,204.40762436550455,0.0,13.971374366342994,0.0,17.320508075688775,0.0,12.04837018625448,0.0,770.2610200331702,0.0,481.2384971356982,0.0,338.76889119933,0.0,9.17050314724368,0.0,16.25187674660266,0.0,2489.269124434222,0.0,2727.844931630393,0.0,13.971374384167861,0.0,14.05498731861267,0.0,11.12559240016195,0.0
Sturt,266.99607843137255,0.0,15.090417225561476,0.0,318.890727706798,0.0,227.0,0.0,144.2989375105783,0.0,11.887465274137368,0.0,15.066519173319364,0.0,9.69320091977663,0.0,604.456651087851,0.0,124.54157348706357,0.0,88.66558110907435,0.0,6.076910635456104,0.0,14.597798922158002,0.0,2482.5464482318944,0.0,2725.0503402089903,0.0,11.887465238265579,0.0,11.15956893541755,0.0,8.658530188499851,0.0
Sturz,281.42352941176466,0.0,15.487801750918047,0.0,322.97609009741205,0.0,226.0,0.0,144.964113445703,0.0,12.03861294802647,0.0,15.033296378372908,0.0,9.783967984896947,0.0,745.2663150991898,0.0,623.0840531443855,0.0,419.34528878566476,0.0,3.473481835448499,0.0,24.455953342095036,0.0,2484.1475096791146,0.0,2725.616902042033,0.0,12.038613019139822,0.0,11.049882019217781,0.0,8.726704495095706,0.0
Stute,282.88235294117646,0.0,15.557071327259196,0.0,313.8397556193304,0.0,200.0,0.0,130.935749268219,0.0,11.770841933713832,0.0,14.142135623730951,0.0,9.382643650908435,0.0,604.5182338088871,0.0,120.92667163485055,0.0,87.15502301586197,0.0,3.478967438390436,0.0,12.111317074003106,0.0,13876.313115314291,0.0,3397.8736640652005,0.0,11.77084182688688,0.0,10.597370734168583,0.0,8.42111727390253,0.0
Stzck,300.6509803921569,0.0,15.883932141290684,0.0,327.7642266692533,0.0,221.0,0.0,145.06805998408345,0.0,12.183634058947193,0.0,14.866068747318506,0.0,9.933441195954211,0.0,697.7813918363005,0.0,430.0244290108205,0.0,291.92621122590265,0.0,5.581565957164964,0.0,35.0849908671189,0.0,445.7366671539628,0.0,1440.3550144716698,0.0,12.183634060270554,0.0,11.233420628141927,0.0,8.976785259798714,0.0
Stäbe,329.6980392156863,0.0,16.692370030170807,0.0,308.4137821621854,0.0,188.0,0.0,124.14923221967472,0.0,11.570383258222675,0.0,13.711309200802088,0.0,9.197722034197191,0.0,736.2475611803579,0.0,356.41186212680236,0.0,288.2519788862927,0.0,4.235559168921469,0.0,37.90502623636995,0.0,20706.1113167196,0.0,4170.079152855523,0.0,11.57038342748305,0.0,10.643709175442611,0.0,8.244050673891145,0.0
Stöch,322.30980392156863,0.0,16.40751649283079,0.0,322.8316586519643,0.0,200.0,0.0,133.36590850696876,0.0,12.02732207660468,0.0,14.142135623730951,0.0,9.601406701736135,0.0,834.4181091020796,0.0,928.3755764170161,0.0,549.9286249194329,0.0,4.835313225081439,0.0,33.61919209090734,0.0,516.1394183112133,0.0,1451.050438454524,0.0,12.027322097295109,0.0,11.113079929510816,0.0,8.624080867132312,0.0
Stöck,321.73333333333335,0.0,16.342861425386815,0.0,334.08466924665936,0.0,227.0,0.0,151.07249377473389,0.0,12.389423390445693,0.0,15.066519173319364,0.0,10.211315437820982,0.0,855.4243810639291,0.0,955.9758247532221,0.0,572.7691157749679,0.0,4.763152392678423,0.0,35.1636688202281,0.0,509.5808797092462,0.0,1449.338935068073,0.0,12.389423407021782,0.0,11.82708607740989,0.0,9.297753083373296,0.0
Stöfö,326.0,0.0,16.507551427544477,0.0,361.27061053644286,0.0,256.0,0.0,175.31831542800973,0.0,13.27277960641924,0.0,16.0,0.0,11.141437014268915,0.0,7280.8149566478605,0.0,12502.642847253785,0.0,7247.379701957083,0.0,4.87915037932149,0.0,374.06632194566464,0.0,21869.67323386712,0.0,5830.120251978105,0.0,13.242252114375104,0.0,12.603105478012617,0.0,10.067642870962509,0.0
Stömm,412.2313725490196,0.0,18.600788761785175,0.0,462.8351274967764,0.0,390.0,0.0,280.20518885498154,0.0,16.229276275302997,0.0,19.748417658131498,0.0,14.505286211424968,0.0,1235.7566042962653,0.0,1294.0724162521003,0.0,847.6444457804587,0.0,13.062018698740912,0.0,34.54242445619269,0.0,4514.633484548457,0.0,752.3319372667746,0.0,16.229276354777635,0.0,16.980865905680314,0.0,13.609952150401837,0.0
Störe,294.4156862745098,0.0,15.720877520159132,0.0,317.33789418604806,0.0,196.0,0.0,129.95418268692455,0.0,11.850636319962915,0.0,14.0,0.0,9.429032166964362,0.0,799.0484821064437,0.0,900.691931278413,0.0,525.7877648851165,0.0,3.531254113901712,0.0,32.45689639963684,0.0,2482.9256948138864,0.0,2730.2656698849255,0.0,11.850636460274286,0.0,10.69449080204478,0.0,8.451476591021093,0.0
Stött,276.0117647058824,0.0,15.300998452167034,0.0,338.9642933039184,0.0,245.0,0.0,162.23423794721666,0.0,12.611786813045576,0.0,15.652475842498529,0.0,10.516639169899976,0.0,799.5527120839274,0.0,901.1294306394507,0.0,526.1228816569292,0.0,5.921813195964235,0.0,32.84565922054495,0.0,13879.094443661803,0.0,3402.1288653076645,0.0,12.611786621049944,0.0,12.081819514621609,0.0,9.50428838165713,0.0
Sucen,314.87450980392157,0.0,16.294592381182678,0.0,278.39044424409445,0.0,133.0,0.0,84.66321797146259,0.0,10.378388507809902,0.0,11.532562594670797,0.0,7.417698207292294,0.0,599.746385713613,0.0,81.90909430610901,0.0,54.955044170364786,0.0,3.321170213291342,0.0,13.979963197980057,0.0,2970.0004333944153,0.0,1769.8214705600296,0.0,10.378388548881144,0.0,8.463731039113965,0.0,6.4993015261166835,0.0
Suche,329.1803921568627,0.0,16.646576588317693,0.0,280.61945633587476,0.0,144.0,0.0,91.49219944778638,0.0,10.500156812655177,0.0,12.0,0.0,7.714664843387297,0.0,600.3635595026973,0.0,85.6858575894985,0.0,57.70391935209818,0.0,2.6598595389754474,0.0,10.141477628895887,0.0,13280.79944116419,0.0,5766.793007983598,0.0,10.500156984369854,0.0,9.10810004915734,0.0,6.77505002378999,0.0
Sucht,312.035294117647,0.0,16.23098597761268,0.0,293.95814193854375,0.0,182.0,0.0,114.31382119911208,0.0,10.997392473348622,0.0,13.490737563232042,0.0,8.56298141148992,0.0,600.6681354286131,0.0,90.44272134945228,0.0,60.32240360681004,0.0,3.849057324586409,0.0,9.734716927457429,0.0,13282.53105577451,0.0,5766.843134693411,0.0,10.997392705994981,0.0,10.240725473733516,0.0,7.575010866048877,0.0
Sudan,356.79607843137256,0.0,17.395185093489378,0.0,310.36058831559984,0.0,201.0,0.0,132.47720872278967,0.0,11.72958903653153,0.0,14.177446878757825,0.0,9.499362812110675,0.0,970.6989596340702,0.0,219.50037992765513,0.0,185.46524147017402,0.0,3.1609873386803,0.0,14.614345458497727,0.0,7607.4121305035815,0.0,10092.17021689251,0.0,11.729588959904167,0.0,11.167361927454955,0.0,8.579551773823587,0.0
Sulun,327.6,0.0,16.778423925370763,0.0,311.6191687975197,0.0,206.0,0.0,133.81143901037427,0.0,11.73594162597001,0.0,14.352700094407323,0.0,9.453926681653552,0.0,610.1896856212311,0.0,114.4697956121797,0.0,83.82691337682093,0.0,3.201766949861678,0.0,14.533891856299876,0.0,39683.94453439876,0.0,3877.120903116494,0.0,11.735941593328192,0.0,10.681741347836212,0.0,8.537313005415275,0.0
Sumen,379.321568627451,0.0,17.9224631861521,0.0,349.25775803059935,0.0,236.0,0.0,161.83999264632305,0.0,12.971525483040164,0.0,15.362291495737216,0.0,10.736958381990684,0.0,677.9145452651627,0.0,348.23525715836774,0.0,244.37676853067833,0.0,4.202880911995507,0.0,11.80888095017547,0.0,2975.7600851998213,0.0,1771.883906455077,0.0,12.97152553796586,0.0,12.566948894122744,0.0,9.924652757124104,0.0
Summa,420.37254901960785,0.0,18.78530391593781,0.0,440.42024761249024,0.0,362.0,0.0,259.1791491899327,0.0,15.684768725308938,0.0,19.026297590440446,0.0,13.897173815714941,0.0,1061.1098489320846,0.0,882.6126828283054,0.0,632.9363164011575,0.0,6.255249264470487,0.0,16.506313297195902,0.0,4500.636128253378,0.0,721.2801063521442,0.0,15.68476906009135,0.0,16.165213763379263,0.0,13.031882228922516,0.0
Summe,419.10196078431375,0.0,18.811997693194783,0.0,432.5241803281918,0.0,342.0,0.0,245.85781783561814,0.0,15.453684453187863,0.0,18.49324200890693,0.0,13.572846239199555,0.0,1059.1961454617733,0.0,878.0170246417625,0.0,629.544083660415,0.0,6.264260422200813,0.0,13.023444420826657,0.0,4499.323086727322,0.0,719.6762186923745,0.0,15.453684793687602,0.0,15.789923404766744,0.0,12.76411962210589,0.0
Sumpf,392.15294117647056,0.0,18.228260503099524,0.0,388.6356784809257,0.0,299.0,0.0,205.76440467994559,0.0,14.096540450910947,0.0,17.291616465790582,0.0,12.158820815210671,0.0,2128.9341243852805,0.0,748.4195226059675,0.0,648.1480497286451,0.0,5.687881744022443,0.0,23.900779825955485,0.0,28941.587386386942,0.0,3076.9014043795123,0.0,14.096540435588421,0.0,14.31001149633886,0.0,11.231822512052547,0.0
Sunse,320.0705882352941,0.0,16.436236820363447,0.0,291.0385728947617,0.0,165.0,0.0,106.27983546461854,0.0,10.949777377643098,0.0,12.84523257866513,0.0,8.357916075797652,0.0,601.3536715555974,0.0,93.50961863039826,0.0,63.9265742403777,0.0,3.243978588364207,0.0,10.746068549677126,0.0,1672.2833930134611,0.0,4493.102148646588,0.0,10.949777459064634,0.0,9.694151546501768,0.0,7.411740465818442,0.0
Svhns,332.3176470588236,0.0,16.699930358284416,0.0,312.7717219130312,0.0,207.0,0.0,134.70358466608172,0.0,11.766289649641141,0.0,14.38749456993816,0.0,9.503062797123768,0.0,820.8468625323129,0.0,643.2186288455728,0.0,480.1518137038505,0.0,3.647552807083762,0.0,112.82304732444773,0.0,17852.193835531954,0.0,8525.480304994677,0.0,11.766289655112397,0.0,10.917722224446681,0.0,8.484240811384876,0.0
Svllz,283.5176470588235,0.0,15.668367720358646,0.0,367.9146513921536,0.0,283.0,0.0,194.50688127842218,0.0,13.700751907883733,0.0,16.822603841260722,0.0,11.768964059061396,0.0,941.9009791189089,0.0,893.0268347167776,0.0,638.4438654356959,0.0,4.255846608222902,0.0,114.55226855828992,0.0,24642.892304780813,0.0,13223.469397221936,0.0,13.700752866679759,0.0,12.694597361954651,0.0,10.825603219385176,0.0
Svmpf,378.90980392156865,0.0,17.883464017770557,0.0,401.18653252505203,0.0,314.0,0.0,217.65895294754097,0.0,14.455676303221907,0.0,17.72004514666935,0.0,12.549328040247381,0.0,2200.3994487855384,0.0,981.1993465201673,0.0,803.2500794445837,0.0,5.7435972847302965,0.0,114.73956404289002,0.0,28942.54082162558,0.0,3078.3100564026076,0.0,14.455676305932622,0.0,14.501178156213737,0.0,11.577797371408295,0.0
Svßhn,379.70588235294116,0.0,17.824927143796714,0.0,337.53002873571467,0.0,238.0,0.0,160.37599277108484,0.0,12.677832351937148,0.0,15.427248620541512,0.0,10.573517340530628,0.0,1119.3462390822265,0.0,1201.933507572008,0.0,853.2255708497987,0.0,4.776445973706073,0.0,115.5376232409844,0.0,13284.187889634282,0.0,5767.701598666594,0.0,12.677832457652654,0.0,12.040676996950435,0.0,9.625559984017958,0.0
Sxtyr,284.56078431372555,0.0,15.410906028067293,0.0,347.22163415149475,0.0,254.0,0.0,167.56702859764619,0.0,12.810329794499209,0.0,15.937377450509228,0.0,10.673255180795755,0.0,104005.52064263415,0.0,3286.184169435614,0.0,2399.8650860405096,0.0,5.163407828312788,0.0,68.94563328173119,0.0,21769.5500645882,0.0,6878.807078521625,0.0,12.810329937435453,0.0,11.47781985067544,0.0,9.643497948058808,0.0
Syrer,283.58431372549023,0.0,15.35806740853753,0.0,309.6507520108599,0.0,177.0,0.0,115.6623483161692,0.0,11.474418070226832,0.0,13.30413469565007,0.0,8.819925685451567,0.0,46952.79192330768,0.0,2766.877003888717,0.0,1895.368642871019,0.0,6.2836150519500205,0.0,26.123073810797674,0.0,2986.319954138254,0.0,1773.083172893278,0.0,11.474418080968071,0.0,9.798268947201572,0.0,7.792822137580734,0.0
Syrmr,334.5490196078431,0.0,16.677560453603014,0.0,401.8114866322569,0.0,305.0,0.0,213.99745967691698,0.0,14.50886517230961,0.0,17.46424919657298,0.0,12.495458498122838,0.0,46959.84607331457,0.0,2882.0191282636342,0.0,1982.257114736095,0.0,4.188427010043014,0.0,28.392099093362965,0.0,4511.253448005518,0.0,722.4484001079202,0.0,14.508865363731383,0.0,14.079308257654127,0.0,11.559468725130557,0.0
Szlzt,277.65490196078434,0.0,15.498433153681907,0.0,336.0460546619489,0.0,246.0,0.0,160.4963397155551,0.0,12.514360187322593,0.0,15.684387141358123,0.0,10.392294540530616,0.0,916.7451862843775,0.0,845.7313309941563,0.0,670.2304547167704,0.0,5.762980220488287,0.0,31.671764704173274,0.0,4607.819347576392,0.0,4335.896934044408,0.0,12.514360210131423,0.0,11.679714590196062,0.0,9.387524913637382,0.0
Szwlb,347.5843137254902,0.0,17.24227612934913,0.0,394.97781888116697,0.0,302.0,0.0,213.90361104988403,0.0,14.465010838754935,0.0,17.378147196982766,0.0,12.565382632219661,0.0,1619.314073971153,0.0,949.9158362649873,0.0,750.7751710354216,0.0,4.300679197628412,0.0,39.98931572422754,0.0,24643.219182410343,0.0,13222.931385779777,0.0,14.46501158648135,0.0,13.633858998487131,0.0,11.603978134791038,0.0
Säbel,337.99607843137255,0.0,16.95153686472482,0.0,318.6079880609857,0.0,198.0,0.0,133.39119013774754,0.0,11.95708508727629,0.0,14.071247279470288,0.0,9.676270641578451,0.0,729.5658656988089,0.0,272.59019190518626,0.0,231.11484356198494,0.0,5.155647335604697,0.0,15.90100614063511,0.0,2970.9623228830465,0.0,1774.1941084987213,0.0,11.957085080252309,0.0,11.50199371564922,0.0,8.794186928250854,0.0
Särge,349.20784313725494,0.0,17.06845344597141,0.0,314.2567150077494,0.0,171.0,0.0,114.84244114877386,0.0,11.617599472190303,0.0,13.076696830622021,0.0,8.957903160570295,0.0,4815.285505757006,0.0,368.0937247030615,0.0,268.3634189011937,0.0,3.948288893955011,0.0,13.329413646313407,0.0,25191.277860020535,0.0,9870.57468567444,0.0,11.617599467587299,0.0,10.313122335825858,0.0,7.957390063935454,0.0
Sätze,303.0,0.0,15.989195217591998,0.0,306.0304262201121,0.0,191.0,0.0,123.26046332532111,0.0,11.455885279115456,0.0,13.820274961085254,0.0,9.04408564563867,0.0,611.9639665748024,0.0,180.5649690773494,0.0,122.27048416080844,0.0,3.833859961090174,0.0,13.708922659009078,0.0,4604.737676330479,0.0,4334.8658554913645,0.0,11.455885417783634,0.0,10.391227862233356,0.0,8.15978925525376,0.0
Säule,322.1058823529412,0.0,16.534868496648556,0.0,320.24420541223316,0.0,206.0,0.0,137.91441693939788,0.0,12.056524312354977,0.0,14.352700094407323,0.0,9.781953878362696,0.0,619.654399852457,0.0,188.19173569297467,0.0,136.97199888020947,0.0,3.855141921018629,0.0,14.537861069866494,0.0,24641.07076493957,0.0,13222.76386237093,0.0,12.056525177941925,0.0,11.324305652937364,0.0,8.95345763697826,0.0
Söhgs,386.88235294117646,0.0,17.952993001407137,0.0,342.91770862151054,0.0,223.0,0.0,151.20765504623176,0.0,12.635588977369064,0.0,14.933184523068078,0.0,10.321421636816757,0.0,4817.222242645807,0.0,376.50421769877045,0.0,274.38189704039655,0.0,4.559581149610927,0.0,16.680248482384762,0.0,25191.39053757084,0.0,9870.559098857917,0.0,12.635588978090155,0.0,12.024239319738005,0.0,9.236396897775549,0.0
Söndö,384.16470588235296,0.0,17.962051500807114,0.0,332.8647809634234,0.0,216.0,0.0,146.42255118543795,0.0,12.406896097378972,0.0,14.696938456699069,0.0,10.161743005470333,0.0,7273.894224350354,0.0,12471.20270845459,0.0,7229.1297027844375,0.0,4.3241882647338,0.0,372.7157197858017,0.0,1000.6034693235383,0.0,7609.591042201339,0.0,12.374232330094532,0.0,11.946692922755727,0.0,9.105118346741705,0.0
Sönör,341.10980392156864,0.0,16.842842335750326,0.0,312.3218685686504,0.0,197.0,0.0,127.75294679690785,0.0,11.641046224689887,0.0,14.035668847618199,0.0,9.239362205832887,0.0,699.376570522306,0.0,571.7072115827922,0.0,335.29732669392615,0.0,4.772346192286125,0.0,22.571245921930203,0.0,11909.337231724794,0.0,10780.970781092912,0.0,11.641046279030544,0.0,11.04485105188494,0.0,8.210470102648204,0.0
Sühne,366.3607843137255,0.0,17.604505557298534,0.0,298.8871217810396,0.0,176.0,0.0,114.64139440441826,0.0,11.262780039597292,0.0,13.2664991614216,0.0,8.763689649991466,0.0,611.486190664535,0.0,119.6691537307884,0.0,90.4216815112825,0.0,3.5935911211002396,0.0,13.177687772228321,0.0,17849.50887759117,0.0,8525.319085118157,0.0,11.262780049655573,0.0,10.380734008821241,0.0,7.847676299119024,0.0
Sünde,368.03921568627453,0.0,17.702593228036076,0.0,309.62887777987686,0.0,182.0,0.0,121.55968791092093,0.0,11.637244152108394,0.0,13.490737563232042,0.0,9.176048436132325,0.0,732.2258206385483,0.0,156.41484599136064,0.0,125.25556253947863,0.0,2.649499692569952,0.0,11.9178621757899,0.0,968.3307279271075,0.0,7603.645961634411,0.0,11.637243831820228,0.0,10.66855019854265,0.0,8.27382213598794,0.0
Süßes,360.5019607843137,0.0,17.33169719897625,0.0,326.87876920719833,0.0,204.0,0.0,137.87547417048214,0.0,12.206022756729523,0.0,14.2828568570857,0.0,9.841002324595982,0.0,977.7268788520267,0.0,1023.8704386548217,0.0,712.3901721441063,0.0,5.713443394867579,0.0,24.623697103367952,0.0,2973.594974481472,0.0,1772.756755418019,0.0,12.206022781983375,0.0,11.328299327551619,0.0,8.883355685534104,0.0
Tabak,354.3607843137255,0.0,17.253966106528342,0.0,343.1295537582707,0.0,247.0,0.0,164.28787490899697,0.0,12.669667273158959,0.0,15.716233645501712,0.0,10.635969893388868,0.0,681.7993507761564,0.0,360.6822649215266,0.0,254.5435469121526,0.0,5.653628668267429,0.0,18.723030104555136,0.0,7601.729483180432,0.0,10092.140988065881,0.0,12.669667190481888,0.0,12.659256945299807,0.0,9.821280386280003,0.0
Tabus,327.98039215686276,0.0,16.68392232447697,0.0,322.1578448565491,0.0,212.0,0.0,137.2604618873678,0.0,11.894217633755883,0.0,14.560219778561036,0.0,9.585337463888711,0.0,624.1922039678569,0.0,159.7008113176356,0.0,110.37426478265098,0.0,4.28838423104516,0.0,15.016426638358883,0.0,39683.15486822936,0.0,3876.5995502753153,0.0,11.894217659844523,0.0,11.52982423692729,0.0,8.64803993747045,0.0
Tafel,292.6823529411765,0.0,15.842747034604214,0.0,334.87464575099057,0.0,223.0,0.0,148.51042949927893,0.0,12.412936604733991,0.0,14.933184523068078,0.0,10.128461466640509,0.0,719.6623758216186,0.0,278.08221796900386,0.0,240.05203456386647,0.0,3.627775747476149,0.0,20.935680127011132,0.0,3001.4962330859216,0.0,1810.7132964796845,0.0,12.41293661602858,0.0,11.722561089612872,0.0,9.27283933672576,0.0
Tango,363.46274509803925,0.0,17.49409127468772,0.0,338.5889788391513,0.0,220.0,0.0,147.25076077999472,0.0,12.433725525536614,0.0,14.832396974191326,0.0,10.103423749290156,0.0,4825.679880428504,0.0,405.7243895236189,0.0,301.260928339152,0.0,6.653047307759852,0.0,15.583719076232482,0.0,25189.989361522115,0.0,9870.844819362352,0.0,12.433725518374551,0.0,11.917993294644567,0.0,9.145127698368617,0.0
Tanks,332.0078431372549,0.0,16.674369615554422,0.0,326.48596207476095,0.0,230.0,0.0,149.1440637100563,0.0,12.15070372073492,0.0,15.165750888103101,0.0,9.968963305407913,0.0,610.6633289666883,0.0,184.04038743679754,0.0,124.28271762623456,0.0,4.131414591907657,0.0,14.055072105404617,0.0,5967.003454470205,0.0,5523.161989403791,0.0,12.15070373032126,0.0,11.768806219579714,0.0,9.104116962031648,0.0
Tanne,326.56470588235294,0.0,16.653868211707398,0.0,290.56997010824125,0.0,169.0,0.0,106.62990250064814,0.0,10.85837331660435,0.0,13.0,0.0,8.299897885867425,0.0,603.3187237334073,0.0,134.07449222491536,0.0,89.31830468265217,0.0,2.8760948338166745,0.0,12.441710553987384,0.0,17847.439430539518,0.0,8525.257250964924,0.0,10.85837330604875,0.0,10.181229155009424,0.0,7.501841118514945,0.0
Tante,298.2352941176471,0.0,15.940310614885735,0.0,319.27593319613965,0.0,204.0,0.0,134.7432762485005,0.0,11.935221851130144,0.0,14.2828568570857,0.0,9.553735908088273,0.0,605.2948730820408,0.0,145.52504613760556,0.0,99.16090707135692,0.0,3.798856610689955,0.0,12.031451265872182,0.0,13872.068234230599,0.0,3397.181535964237,0.0,11.935221827066222,0.0,11.205290374635444,0.0,8.768386064960913,0.0
Tapps,349.2745098039216,0.0,17.17902702795087,0.0,338.9497282570354,0.0,223.0,0.0,150.4095331991363,0.0,12.535963118499634,0.0,14.933184523068078,0.0,10.29101277270977,0.0,2668.2049895866016,0.0,735.5090289141993,0.0,687.9454809630362,0.0,5.1683540909433425,0.0,26.414933951687956,0.0,28939.40928242551,0.0,3077.099724559032,0.0,12.535963178652622,0.0,12.173154883281075,0.0,9.405972185621893,0.0
Tasse,287.6235294117647,0.0,15.5104756801551,0.0,307.8517302554046,0.0,175.0,0.0,114.52499839511732,0.0,11.426333258242378,0.0,13.228756555322953,0.0,8.775456908724822,0.0,607.9290724104158,0.0,145.47040484888223,0.0,99.77678679419571,0.0,3.303446681897646,0.0,12.316401747979118,0.0,1650.3711741845552,0.0,4493.380413991844,0.0,11.426333334527431,0.0,9.96198531902371,0.0,7.794850568179909,0.0
Taste,278.7647058823529,0.0,15.352695763445622,0.0,323.92501534514804,0.0,199.0,0.0,132.9925811512101,0.0,12.046538731032875,0.0,14.106735979665885,0.0,9.559219775641113,0.0,607.5684483337795,0.0,151.01761426594206,0.0,104.57636816312814,0.0,4.533421398780251,0.0,12.348346390521444,0.0,13872.072435367389,0.0,3396.8604234292993,0.0,12.046538691470012,0.0,10.805585592667917,0.0,8.657226007160595,0.0
Tasts,270.47843137254904,0.0,15.063573597238326,0.0,335.55050401658036,0.0,225.0,0.0,149.505193891355,0.0,12.434095656570204,0.0,15.0,0.0,10.114697349065707,0.0,609.1791840025602,0.0,159.50113221772833,0.0,111.10387449169276,0.0,5.2774364702491825,0.0,14.003233268502976,0.0,13873.200548479737,0.0,3397.128455642404,0.0,12.43409559690881,0.0,11.429967953530497,0.0,9.142015093609912,0.0
Tatal,279.47450980392153,0.0,15.445110858861522,0.0,332.8393020000981,0.0,238.0,0.0,156.55354945282204,0.0,12.409788859262333,0.0,15.427248620541512,0.0,10.319856927652252,0.0,712.8704696618067,0.0,259.9590924655361,0.0,224.03381372532925,0.0,3.689197093855311,0.0,16.524846145151816,0.0,7605.338140511695,0.0,10092.468902594237,0.0,12.409788857847989,0.0,11.93174061051245,0.0,9.42156879702725,0.0
Tatar,272.43529411764706,0.0,15.139151054662925,0.0,311.8761043032855,0.0,210.0,0.0,133.06440061053735,0.0,11.590731408133477,0.0,14.491376746189438,0.0,9.290290076195264,0.0,605.505976303742,0.0,150.49578788968978,0.0,100.39951787824542,0.0,4.623376418455739,0.0,14.02361606756917,0.0,7605.809809607975,0.0,10092.110781174038,0.0,11.590731392986553,0.0,10.948965981050359,0.0,8.370206546586829,0.0
Tatem,338.0156862745098,0.0,16.93428690700696,0.0,372.56445446758823,0.0,272.0,0.0,186.03944688024833,0.0,13.604729925055192,0.0,16.492422502470642,0.0,11.522223569185268,0.0,770.0029329727736,0.0,484.8953325896424,0.0,339.6851142408337,0.0,10.356250374980421,0.0,13.23030146122716,0.0,2973.338819113658,0.0,1775.831246412531,0.0,13.604729936729752,0.0,13.757860370423467,0.0,10.744075021283068,0.0
Taten,298.2352941176471,0.0,15.940310614885735,0.0,304.482408100904,0.0,183.0,0.0,117.42642444544907,0.0,11.349046915352089,0.0,13.527749258468683,0.0,8.783704978069544,0.0,603.9453680583879,0.0,137.7881566421445,0.0,92.1378242975739,0.0,4.3239034633164355,0.0,11.297608590114505,0.0,2964.5260766992064,0.0,1771.9322070851756,0.0,11.34904697059258,0.0,10.25594631823462,0.0,7.9759781613172605,0.0
Tatze,284.3333333333333,0.0,15.588039954380958,0.0,319.9211362237279,0.0,209.0,0.0,135.53124849287474,0.0,11.881746512032203,0.0,14.45683229480096,0.0,9.499839017202913,0.0,609.0991042415162,0.0,160.46864820287806,0.0,110.83530006829804,0.0,3.462960934714955,0.0,13.485011942566217,0.0,4598.6762433785825,0.0,4334.993465990143,0.0,11.881746639999667,0.0,10.837529940123519,0.0,8.667918042938359,0.0
Taube,336.26666666666665,0.0,16.945420673877845,0.0,309.02187353442133,0.0,187.0,0.0,120.04489544205853,0.0,11.432873676268883,0.0,13.674794331177344,0.0,8.899400063519565,0.0,646.7957522657612,0.0,149.16661527837564,0.0,100.40820914367677,0.0,4.057307262630948,0.0,17.098956810761994,0.0,20704.808471653596,0.0,4165.804517908102,0.0,11.43287377514471,0.0,10.798292500167882,0.0,8.012375644475558,0.0
Taxis,282.18039215686275,0.0,15.432538013143041,0.0,350.35802105691766,0.0,256.0,0.0,170.27748878728022,0.0,12.957385799151334,0.0,16.0,0.0,10.80831687353374,0.0,617.8159905868758,0.0,200.99526611600797,0.0,147.79904485096407,0.0,4.7462895129268,0.0,39.2028218641994,0.0,8149.661268988227,0.0,4921.074626815849,0.0,12.957386738145836,0.0,12.159942623159315,0.0,9.871208923276264,0.0
Tbbkn,386.9843137254902,0.0,18.187065465596802,0.0,363.88593159396027,0.0,270.0,0.0,184.33462984870704,0.0,13.41238907450513,0.0,16.431676725154983,0.0,11.411030559156014,0.0,720.254260835244,0.0,268.0270624318227,0.0,209.7948122286969,0.0,3.7202997909740745,0.0,29.100275579887843,0.0,5966.0768342416095,0.0,5523.276981670299,0.0,13.41238907929482,0.0,13.299004884276133,0.0,10.58199511632977,0.0
Tbrsb,326.7137254901961,0.0,16.70352740466978,0.0,358.9438040380694,0.0,246.0,0.0,169.91929149065598,0.0,13.205752412652437,0.0,15.684387141358123,0.0,11.041916430917396,0.0,924.798285512465,0.0,373.5723052762846,0.0,299.5194863377732,0.0,5.280895924951495,0.0,32.93725882428435,0.0,1668.7937426528927,0.0,4494.599838325902,0.0,13.205752510904185,0.0,12.550280395939218,0.0,10.127199068479381,0.0
Tbxgn,382.55686274509804,0.0,18.0560381918755,0.0,374.7679270369345,0.0,265.0,0.0,182.45378772446344,0.0,13.615599975649832,0.0,16.278820596099706,0.0,11.431145741187688,0.0,4828.952951009387,0.0,422.91152356900477,0.0,325.0815086345428,0.0,5.171556369779375,0.0,46.85301807914788,0.0,25190.85455905018,0.0,9870.82479070941,0.0,13.615599944388086,0.0,12.836874640609967,0.0,10.452033801094219,0.0
Tchbl,330.06666666666666,0.0,16.835963684999275,0.0,351.0812000675231,0.0,250.0,0.0,168.360297380985,0.0,12.970643036124773,0.0,15.811388300841896,0.0,10.833708939351565,0.0,764.6490317924337,0.0,263.9960914855204,0.0,227.17280010673198,0.0,5.177215424440092,0.0,22.704921841426078,0.0,20705.26556981972,0.0,4167.294513753487,0.0,12.970643222460513,0.0,12.631324000468053,0.0,9.927385362236363,0.0
Tchcr,285.56470588235294,0.0,15.465878653910536,0.0,318.53551598660505,0.0,202.0,0.0,129.9790837520986,0.0,11.758288395930819,0.0,14.212670403551895,0.0,9.265152554735568,0.0,638.1899779327481,0.0,144.46048380992607,0.0,97.50677952770242,0.0,5.621765967007521,0.0,21.199878311569222,0.0,365.5446429868744,0.0,1439.0844755651815,0.0,11.758288392514835,0.0,11.040082315256061,0.0,8.351069705980933,0.0
Tchfl,303.4196078431372,0.0,16.116919023679436,0.0,374.8925236332325,0.0,283.0,0.0,193.371100202464,0.0,13.72444126606924,0.0,16.822603841260722,0.0,11.683635126856982,0.0,735.9636661003198,0.0,285.934564171242,0.0,243.5564344080445,0.0,4.699394952884642,0.0,21.89346390153373,0.0,21864.822811575414,0.0,5819.992354915204,0.0,13.724441535886754,0.0,13.299199826324449,0.0,10.801666527963079,0.0
Tchgr,341.27843137254905,0.0,16.953677305050466,0.0,349.69640042688104,0.0,234.0,0.0,156.45768339549042,0.0,12.750604106341683,0.0,15.297058540778355,0.0,10.411163607837853,0.0,4817.49744142161,0.0,362.80198078920824,0.0,266.15573268182663,0.0,6.763506008953099,0.0,18.96532493981447,0.0,25190.89071893224,0.0,9870.937337446889,0.0,12.750604122774376,0.0,12.028523566172044,0.0,9.42723896523471,0.0
Tchph,367.1058823529412,0.0,17.634890794046743,0.0,347.9132018279531,0.0,233.0,0.0,158.08661718631515,0.0,12.840595887189878,0.0,15.264337522473747,0.0,10.55506204889044,0.0,2101.7225348999314,0.0,636.1886713481216,0.0,576.8230237637275,0.0,8.511521516813124,0.0,29.41777204142974,0.0,28939.58758295458,0.0,3077.937627394114,0.0,12.840596004522396,0.0,12.292162427727645,0.0,9.698789620067226,0.0
Tchpl,332.7686274509804,0.0,16.877682394636572,0.0,355.6352420002819,0.0,252.0,0.0,171.52293016721006,0.0,13.131008496901337,0.0,15.874507866387544,0.0,11.02387522268488,0.0,2125.546861552597,0.0,630.1568721485714,0.0,587.895336241865,0.0,5.583827743256659,0.0,28.278575985624503,0.0,28939.70857795443,0.0,3078.448757526789,0.0,13.131008578455743,0.0,12.736935594077037,0.0,10.132275408310774,0.0
Tchpr,325.7294117647059,0.0,16.59815074722497,0.0,334.67204430346936,0.0,224.0,0.0,148.0337813249254,0.0,12.359837344792021,0.0,14.966629547095765,0.0,10.066571790732217,0.0,2091.985334910309,0.0,593.4373900700092,0.0,552.7294454548303,0.0,5.397149333477347,0.0,27.173195382665714,0.0,28939.929034107852,0.0,3077.431974189979,0.0,12.359837447083649,0.0,11.82129223780786,0.0,9.16282728957405,0.0
Tchsp,333.32941176470587,0.0,16.763244518350465,0.0,345.49715213709067,0.0,233.0,0.0,157.37376873018383,0.0,12.762430060410441,0.0,15.264337522473747,0.0,10.480186724629334,0.0,6113.181425152114,0.0,1123.4279589710445,0.0,1098.5667786786794,0.0,6.289505601230881,0.0,41.50386062738119,0.0,1659.94872129565,0.0,4494.159738239761,0.0,12.76243010894304,0.0,12.125682319563175,0.0,9.551230603809254,0.0
Tcnhn,337.30196078431374,0.0,16.91489791947612,0.0,312.47120148253856,0.0,205.0,0.0,131.40695462824814,0.0,11.662367562136813,0.0,14.317821063276353,0.0,9.283682662183502,0.0,620.9565707327907,0.0,140.49807603681242,0.0,93.80118400960484,0.0,6.606908543591916,0.0,20.799247310500085,0.0,13279.627893035107,0.0,5767.700840826807,0.0,11.66236763899994,0.0,11.1225686018943,0.0,8.436577413453499,0.0
Tctjs,260.70980392156866,0.0,14.885892782146746,0.0,368.28423360191823,0.0,274.0,0.0,185.1470094977937,0.0,13.45290241032273,0.0,16.55294535724685,0.0,11.377499787490043,0.0,94669.15015645648,0.0,6352.3119545030895,0.0,5733.97596498371,0.0,4.043580984946343,0.0,50.97090284895443,0.0,11908.630545773402,0.0,1050.291684114785,0.0,13.45290316605241,0.0,12.77830925756098,0.0,10.521891102134928,0.0
Tdlhs,338.45098039215685,0.0,17.06661755687859,0.0,355.7999824536247,0.0,266.0,0.0,180.34171726856727,0.0,13.250786170537198,0.0,16.30950643030009,0.0,11.279629429299217,0.0,6354.833240230673,0.0,1234.5272270408568,0.0,1202.7173330821013,0.0,4.357645955674346,0.0,30.158796780169087,0.0,13280.320048273448,0.0,5768.452667467821,0.0,13.250786197736119,0.0,12.905961536916625,0.0,10.415638777797458,0.0
Tdmrr,349.2862745098039,0.0,17.247780170204294,0.0,411.70272092793846,0.0,332.0,0.0,231.5000970391745,0.0,14.83369811053693,0.0,18.2208671582886,0.0,12.969287252736539,0.0,6361.789155249113,0.0,1278.823504403742,0.0,1225.0014645036722,0.0,9.079266711129918,0.0,31.086466399994993,0.0,2471.7461771177504,0.0,2725.006472269844,0.0,14.833698338652807,0.0,14.894973502338685,0.0,12.13825861745061,0.0
Tdntr,308.2470588235294,0.0,16.292560271011563,0.0,354.81127320449144,0.0,262.0,0.0,177.71039498607274,0.0,13.192909944911271,0.0,16.186414056238647,0.0,11.16638079645115,0.0,6353.893970545384,0.0,1233.419695782522,0.0,1201.7515373711353,0.0,8.702045632423589,0.0,29.416522925476492,0.0,13874.813334685232,0.0,3397.4392461581183,0.0,13.19290989141283,0.0,12.770695999640125,0.0,10.34657109424138,0.0
Tdtds,331.83137254901953,0.0,16.91192600093586,0.0,357.7136519301639,0.0,258.0,0.0,175.92938098404,0.0,13.240254312532532,0.0,16.06237840420901,0.0,11.191715150519261,0.0,6366.906384212803,0.0,1237.6124961254975,0.0,1204.9662162159389,0.0,4.432571032159911,0.0,28.891433600809947,0.0,958.0794526943262,0.0,7603.112787825459,0.0,13.2402539980402,0.0,12.676947128057657,0.0,10.302162117206214,0.0
Teams,346.87450980392157,0.0,17.077460632909947,0.0,391.47464423565305,0.0,298.0,0.0,206.80945783030683,0.0,14.21230372621659,0.0,17.26267650163207,0.0,12.231861912435708,0.0,1014.7008376172108,0.0,820.1296703566858,0.0,589.2932306760416,0.0,6.283049230007976,0.0,16.92902381885415,0.0,4491.717276474834,0.0,724.0982392681989,0.0,14.21230398146889,0.0,14.20058609358277,0.0,11.373195757329599,0.0
Teddy,363.53725490196075,0.0,17.638333354858137,0.0,360.78796183818895,0.0,254.0,0.0,173.03144942586223,0.0,13.230438859899806,0.0,15.937377450509228,0.0,11.101711366835987,0.0,7327.509826487139,0.0,523.3897334680363,0.0,381.63635933432954,0.0,5.668282422953175,0.0,16.595682819707967,0.0,946.390546747208,0.0,7603.165594284236,0.0,13.230438838771043,0.0,12.904574955905325,0.0,10.16709208291717,0.0
Teich,298.96862745098036,0.0,15.960328075572017,0.0,328.0881358869326,0.0,210.0,0.0,137.97877425941175,0.0,12.143674774087621,0.0,14.491376746189438,0.0,9.676411608430842,0.0,652.2903139181809,0.0,269.8172277455679,0.0,190.39200767499787,0.0,5.532308729733566,0.0,14.328364863033975,0.0,558.2682852089762,0.0,1440.7947403540338,0.0,12.143674702414632,0.0,11.236951780442707,0.0,8.82885213224352,0.0
Teile,278.11372549019603,0.0,15.557281883666025,0.0,342.3543833730989,0.0,232.0,0.0,157.35867482980132,0.0,12.757023739784795,0.0,15.231546211727817,0.0,10.504649626240026,0.0,617.9765147209716,0.0,170.26515609595316,0.0,128.17211085065816,0.0,4.082822834707187,0.0,13.372590762045588,0.0,24643.150507791353,0.0,13223.22989467054,0.0,12.757024853592167,0.0,11.786555651429685,0.0,9.728426670003316,0.0
Teint,281.0,0.0,15.585373026157416,0.0,315.5148074509882,0.0,220.0,0.0,138.73372995180725,0.0,11.718544182158075,0.0,14.832396974191326,0.0,9.468899910118246,0.0,605.0828135574967,0.0,140.54467858042057,0.0,93.68983266020895,0.0,3.925217225286419,0.0,11.72183542673581,0.0,17854.074419879526,0.0,8525.598880677668,0.0,11.718544180268179,0.0,11.262229094262816,0.0,8.561447667606101,0.0
Tempo,386.42352941176466,0.0,18.105105581999034,0.0,388.0111487602559,0.0,285.0,0.0,198.09194540103425,0.0,14.057157666445073,0.0,16.881943016134134,0.0,11.992133708458084,0.0,2134.501444944428,0.0,706.1639946448012,0.0,617.817385613379,0.0,6.014513595160329,0.0,25.70004895703726,0.0,28939.468612900157,0.0,3077.317272773938,0.0,14.057157686657014,0.0,14.168279707352543,0.0,11.125685883467769,0.0
Tente,296.9647058823529,0.0,15.971759968571288,0.0,318.5432980020074,0.0,198.0,0.0,130.7602273780369,0.0,11.889156135334959,0.0,14.071247279470288,0.0,9.416136294009977,0.0,605.2586437919543,0.0,143.7856110732095,0.0,98.16721135971815,0.0,3.6816423537975838,0.0,12.145149692460977,0.0,13871.955751337986,0.0,3396.9764209541745,0.0,11.889156137236878,0.0,10.98861780057254,0.0,8.616101627438042,0.0
Tenzt,294.2470588235294,0.0,15.924346806780074,0.0,324.2874505349461,0.0,228.0,0.0,145.53111204033186,0.0,12.012713971555046,0.0,15.0996688705415,0.0,9.758296816625586,0.0,608.6894514100907,0.0,158.55570459532717,0.0,109.21644447386697,0.0,4.905437508063652,0.0,14.364558667707614,0.0,4599.308909188176,0.0,4334.941943925238,0.0,12.012713980765952,0.0,11.528728820508324,0.0,8.882561104704841,0.0
Teste,277.49411764705883,0.0,15.385346313929324,0.0,323.1923801510158,0.0,193.0,0.0,129.00953228074647,0.0,12.000900315099429,0.0,13.892443989449804,0.0,9.421700251275501,0.0,607.5323546249932,0.0,149.3421665736804,0.0,103.63461136666365,0.0,4.605139285139891,0.0,12.361030364247423,0.0,13871.988583586222,0.0,3396.6515938965013,0.0,12.000900301200415,0.0,10.580731013844977,0.0,8.502950970630659,0.0
Teten,296.9647058823529,0.0,15.971759968571288,0.0,303.7497729067718,0.0,177.0,0.0,113.44337557498545,0.0,11.300591969518287,0.0,13.30413469565007,0.0,8.633841905411542,0.0,603.9090578097447,0.0,135.949766491834,0.0,91.0675274794473,0.0,4.340791901656885,0.0,11.425353152273976,0.0,2963.219005104472,0.0,1771.3339442877011,0.0,11.300592015012503,0.0,10.018763616457685,0.0,7.808254642618517,0.0
Texas,298.14509803921567,0.0,15.8226576040906,0.0,320.86899690004805,0.0,210.0,0.0,134.6862941536108,0.0,11.859801496834892,0.0,14.491376746189438,0.0,9.436646980847033,0.0,614.4326083242505,0.0,189.33473682655426,0.0,137.7470150690743,0.0,2.9504178334565982,0.0,39.15582073154074,0.0,7603.959174256981,0.0,10092.080411835754,0.0,11.859801447750298,0.0,10.848480656634518,0.0,8.387385441180498,0.0
Texte,288.01568627450985,0.0,15.700016529645499,0.0,334.07119647367153,0.0,217.0,0.0,144.2909014045494,0.0,12.379670502382721,0.0,14.730919862656235,0.0,9.939517508360774,0.0,613.8965887308228,0.0,184.76221542797302,0.0,135.63630413527022,0.0,3.9907248361563985,0.0,39.02388930381666,0.0,13872.96549618547,0.0,3397.0585016490268,0.0,12.379670494729815,0.0,11.10922142384147,0.0,9.023842342499814,0.0
Theke,353.3294117647059,0.0,17.303959228976403,0.0,334.7323632071532,0.0,219.0,0.0,147.37654417017532,0.0,12.439600651069846,0.0,14.798648586948742,0.0,10.116614925599352,0.0,637.1868895268186,0.0,260.3040650081149,0.0,185.14883578902158,0.0,3.3594764126414423,0.0,18.0576199051479,0.0,5967.918668588477,0.0,5522.95344869719,0.0,12.439600673445808,0.0,11.750226000920268,0.0,9.354568365502015,0.0
Thmrs,355.20784313725494,0.0,17.306949132465284,0.0,410.7863021117869,0.0,329.0,0.0,228.1992499741048,0.0,14.768546849420618,0.0,18.138357147217054,0.0,12.830702239051293,0.0,709.7024380071452,0.0,417.9717272970667,0.0,296.6182643229327,0.0,7.617027732475395,0.0,20.443346466757983,0.0,2477.068823602092,0.0,2725.4924083396572,0.0,14.768547128462673,0.0,14.823752652313482,0.0,11.97767524122689,0.0
Thpjs,343.5098039215686,0.0,17.109868636766244,0.0,395.0677328632501,0.0,301.0,0.0,210.5871124360101,0.0,14.34983795641358,0.0,17.349351572897472,0.0,12.375627111769228,0.0,94683.82881070982,0.0,6369.980802597515,0.0,5750.313200939864,0.0,6.554131657930505,0.0,54.09984651722587,0.0,11909.769019099745,0.0,1050.0426033875215,0.0,14.349838749935257,0.0,14.150045348688733,0.0,11.57432107459707,0.0
Tibet,293.79607843137256,0.0,15.961772865276942,0.0,328.8505111013508,0.0,223.0,0.0,144.7731004729144,0.0,12.126938262776099,0.0,14.933184523068078,0.0,9.825911434870628,0.0,622.5378631231966,0.0,148.8419711675284,0.0,102.28039957575848,0.0,5.099564788142379,0.0,13.81252971389146,0.0,2967.895767291879,0.0,1772.738128631212,0.0,12.126938206703187,0.0,11.698966713721402,0.0,8.931944538657296,0.0
Ticks,290.1058823529412,0.0,15.614755095782602,0.0,333.96225791268034,0.0,231.0,0.0,150.59371187555155,0.0,12.314573113145027,0.0,15.198684153570664,0.0,10.042611246899641,0.0,612.0234374571118,0.0,183.22754629442815,0.0,123.83534638791409,0.0,4.516740110145861,0.0,17.365604234100264,0.0,5968.493774980305,0.0,5522.842320609387,0.0,12.314573072820952,0.0,11.340844233475885,0.0,9.125567929240466,0.0
Tiefe,284.2941176470588,0.0,15.644398515800605,0.0,339.4894189861352,0.0,224.0,0.0,149.9166868327478,0.0,12.51372117808538,0.0,14.966629547095765,0.0,10.144095167837273,0.0,613.0019469008511,0.0,183.7027552870374,0.0,132.97006807434315,0.0,3.4645937617739437,0.0,15.706045837864949,0.0,21864.816164076066,0.0,5819.137970797747,0.0,12.513721282525456,0.0,11.564154284205664,0.0,9.339812137783055,0.0
Tiere,271.0745098039216,0.0,15.25357219870882,0.0,321.03112534977095,0.0,202.0,0.0,132.254564285728,0.0,11.898174996506455,0.0,14.212670403551895,0.0,9.418506121109708,0.0,605.6056805040449,0.0,145.49862573199604,0.0,99.17158671863014,0.0,3.453913096503462,0.0,14.231293812429884,0.0,2460.5359389682385,0.0,2724.194119653474,0.0,11.898175087708305,0.0,10.758266023077846,0.0,8.601452733761398,0.0
Tifil,259.4823529411765,0.0,15.086739851230812,0.0,383.89536837080686,0.0,309.0,0.0,209.8524898575979,0.0,14.041946900871375,0.0,17.578395831246947,0.0,12.13073158952909,0.0,723.9049990337494,0.0,290.8867678802528,0.0,248.43505931430934,0.0,4.711667929990101,0.0,22.537612789120026,0.0,8165.6274547108715,0.0,4934.945030036411,0.0,14.04194763389917,0.0,13.56370971970898,0.0,11.245507155525429,0.0
Tiger,313.3058823529411,0.0,16.354665353220778,0.0,339.68991898162074,0.0,223.0,0.0,146.86312164740576,0.0,12.409125686673544,0.0,14.933184523068078,0.0,9.996534635320835,0.0,2893.504459996206,0.0,247.52474306019016,0.0,175.95846816493466,0.0,6.553340287962621,0.0,12.675147618281311,0.0,2969.127473709167,0.0,1772.9735598284522,0.0,12.409125652520386,0.0,11.631584590861012,0.0,9.026000229114318,0.0
Tings,332.0901960784314,0.0,16.810028405057924,0.0,350.00352486497195,0.0,243.0,0.0,161.41359734029749,0.0,12.788731971155924,0.0,15.588457268119896,0.0,10.531962421776898,0.0,4815.163859821864,0.0,362.600241371805,0.0,266.0774134303848,0.0,7.065941684244947,0.0,14.060291349255552,0.0,25191.25257510393,0.0,9870.837252344436,0.0,12.788732008136796,0.0,12.083126912275652,0.0,9.548663110342426,0.0
Tinni,293.36470588235295,0.0,15.936386420678103,0.0,327.13176024052103,0.0,238.0,0.0,153.45059012409757,0.0,12.189172607040451,0.0,15.427248620541512,0.0,10.07928436758871,0.0,796.6691685094397,0.0,282.1001199239852,0.0,208.68017837502592,0.0,3.809007922043645,0.0,19.904159242068793,0.0,17850.19887290036,0.0,8525.799208150063,0.0,12.189172610037959,0.0,11.827330181912957,0.0,9.198273006334892,0.0
Tippi,324.3607843137255,0.0,16.749032003337607,0.0,363.8860297178829,0.0,266.0,0.0,180.7176080824408,0.0,13.354189966875573,0.0,16.30950643030009,0.0,11.299566035506784,0.0,2718.0960780093374,0.0,774.5603581709472,0.0,712.3417634280872,0.0,5.712891829467681,0.0,29.941652280996333,0.0,28940.410048284404,0.0,3078.4468379522773,0.0,13.354190045285849,0.0,13.058733775990524,0.0,10.400674948874947,0.0
Tirms,313.7529411764706,0.0,16.31405024186568,0.0,407.2328685619875,0.0,320.0,0.0,222.08696931423412,0.0,14.646175522304553,0.0,17.88854381999832,0.0,12.655930516504839,0.0,1014.5223063241336,0.0,818.9044469505917,0.0,588.4259275937223,0.0,7.088832944838719,0.0,15.886045590803224,0.0,4500.66013984018,0.0,723.8599440722892,0.0,14.64617567820202,0.0,14.437188010263988,0.0,11.781500190663017,0.0
Titel,260.9686274509804,0.0,15.111764069842275,0.0,338.90386511457103,0.0,238.0,0.0,157.57620941428397,0.0,12.583099483745407,0.0,15.427248620541512,0.0,10.380739699282053,0.0,712.4535328740864,0.0,254.6175809091373,0.0,221.3993937744087,0.0,3.840930383174817,0.0,15.166187696257163,0.0,2973.974850980542,0.0,1774.7616434105676,0.0,12.583099462443597,0.0,11.708017669006432,0.0,9.519046432605872,0.0
Titim,304.8156862745098,0.0,16.22920696722679,0.0,421.5851770874044,0.0,358.0,0.0,247.38150723856728,0.0,15.105758966282973,0.0,18.920887928424502,0.0,13.31655185077075,0.0,773.969656536682,0.0,492.35035832675027,0.0,345.660203429699,0.0,11.369576032496251,0.0,15.109647497077884,0.0,8155.066583815222,0.0,4922.411443415165,0.0,15.105759586102646,0.0,15.356904067722335,0.0,12.486433748319238,0.0
Titin,265.035294117647,0.0,15.189160221529502,0.0,353.5031307207202,0.0,269.0,0.0,178.768484803768,0.0,13.110916958802273,0.0,16.401219466856727,0.0,11.032787062104529,0.0,608.9946798224246,0.0,162.08321285099095,0.0,112.18011438995438,0.0,5.495131049282975,0.0,13.997387650209191,0.0,8152.3937751838885,0.0,4921.010399720574,0.0,13.110917742813797,0.0,12.31828792816164,0.0,10.202554030219433,0.0
Tlttm,310.7529411764706,0.0,16.40627499723476,0.0,426.12166368486226,0.0,361.0,0.0,251.07028613572226,0.0,15.243245846216634,0.0,19.0,0.0,13.462157267515321,0.0,777.6583928121096,0.0,495.4602930201119,0.0,350.30654971740006,0.0,10.461961886802271,0.0,17.390752923480235,0.0,13878.878638058455,0.0,3399.884143313655,0.0,15.24324572698241,0.0,15.464521443104156,0.0,12.620810468366944,0.0
Tnlgn,358.67843137254897,0.0,17.55603408941968,0.0,363.65289651540377,0.0,259.0,0.0,176.94045668200923,0.0,13.34948453163478,0.0,16.09347693943108,0.0,11.18926766194917,0.0,4816.452739730123,0.0,369.88522129960427,0.0,273.34020095644377,0.0,6.141480964794758,0.0,20.610684128390364,0.0,25191.731163848857,0.0,9871.342262389671,0.0,13.349484478307454,0.0,12.505912623897988,0.0,10.299321215706458,0.0
Tnrfn,306.74117647058824,0.0,16.181073142028673,0.0,351.46406629518606,0.0,248.0,0.0,166.910329418963,0.0,12.987898810955025,0.0,15.748015748023622,0.0,10.733758418776883,0.0,614.7694118434682,0.0,194.94750450977375,0.0,141.93690570269013,0.0,4.296586474130268,0.0,21.174537855632813,0.0,21866.211021671552,0.0,5819.431731717443,0.0,12.987898831071114,0.0,12.04950361461077,0.0,9.906334250337062,0.0
Toast,284.6156862745098,0.0,15.465696684375478,0.0,327.12407793173395,0.0,231.0,0.0,149.7059137087151,0.0,12.1331990142335,0.0,15.198684153570664,0.0,9.965330356965687,0.0,616.2517221256805,0.0,166.26192646898912,0.0,114.36194661173768,0.0,6.118638212201402,0.0,14.406635079976073,0.0,1669.175607118011,0.0,4494.282264555835,0.0,12.133199036137198,0.0,11.686281314825337,0.0,8.972958234793,0.0
Todes,327.65882352941173,0.0,16.688534212559926,0.0,327.6660023690529,0.0,208.0,0.0,139.24701080814074,0.0,12.181673268249357,0.0,14.422205101855956,0.0,9.843915475634207,0.0,979.3385456259639,0.0,249.61644481247075,0.0,203.58549747013498,0.0,4.522056737702195,0.0,14.542745170075449,0.0,2962.166202570469,0.0,1772.6761922810624,0.0,12.181673275865574,0.0,11.72832826488278,0.0,8.965705561868248,0.0
Toigo,340.8941176470588,0.0,16.992406201362733,0.0,360.4378135388552,0.0,250.0,0.0,169.450260155987,0.0,13.128373692449546,0.0,15.811388300841896,0.0,10.900463677787746,0.0,4827.02102673809,0.0,412.9553036159664,0.0,306.4864146164243,0.0,5.95760144903792,0.0,17.149181132004568,0.0,25193.996919368263,0.0,9871.19878610679,0.0,13.128373643908423,0.0,12.533047921339007,0.0,9.88771645933071,0.0
Tokio,323.57647058823534,0.0,16.52300715592708,0.0,366.9355908532499,0.0,272.0,0.0,186.04096051244633,0.0,13.510203220597086,0.0,16.492422502470642,0.0,11.439555343756512,0.0,707.1157753554394,0.0,302.7209991240404,0.0,221.051931899072,0.0,4.174334537803238,0.0,24.79000024673377,0.0,8148.899615706362,0.0,4920.983342453997,0.0,13.510204142925842,0.0,13.069561213902839,0.0,10.552554950967965,0.0
Tolid,311.1333333333333,0.0,16.436657393363788,0.0,382.83917554501966,0.0,295.0,0.0,205.63702612955464,0.0,14.092805832293685,0.0,17.175564037317667,0.0,12.183438482493697,0.0,1813.10529344633,0.0,447.50279341034377,0.0,399.4922671824158,0.0,5.648553860812423,0.0,19.712240019482273,0.0,8149.29572518833,0.0,4922.202902650108,0.0,14.092806856828634,0.0,13.672317618032857,0.0,11.350735355760413,0.0
Tolle,291.08235294117645,0.0,15.898445490421965,0.0,359.61387233187247,0.0,257.0,0.0,178.05563815786084,0.0,13.38182241295229,0.0,16.0312195418814,0.0,11.291586162980916,0.0,635.3662482779336,0.0,191.26409839841156,0.0,146.465090391642,0.0,3.9914223411057663,0.0,13.224826174602857,0.0,24639.557390505273,0.0,13223.453725066005,0.0,13.381823549447303,0.0,12.617175614802628,0.0,10.50453047129011,0.0
Tondo,352.98039215686276,0.0,17.331414142708677,0.0,334.3866492048256,0.0,224.0,0.0,149.8728834564582,0.0,12.424879599873348,0.0,14.966629547095765,0.0,10.186543524392002,0.0,803.1483660249299,0.0,264.38363644405314,0.0,200.705356230317,0.0,4.65551254131674,0.0,16.483500033536043,0.0,940.5926378184649,0.0,7603.34827951775,0.0,12.424879414123287,0.0,12.11451116082108,0.0,9.277044037953312,0.0
Tonne,331.14509803921567,0.0,16.788014984974165,0.0,300.08001787373485,0.0,180.0,0.0,115.56414730634341,0.0,11.21752160139283,0.0,13.416407864998739,0.0,8.720999436444657,0.0,612.4780694826131,0.0,149.84497768125792,0.0,102.30579515731282,0.0,2.680376042745748,0.0,12.872581165337795,0.0,17847.83433196536,0.0,8525.282612059078,0.0,11.217521587601246,0.0,10.61234838664815,0.0,7.888125917999915,0.0
Tools,297.49411764705883,0.0,15.886890177372084,0.0,356.25695838634533,0.0,256.0,0.0,174.4765180056449,0.0,13.18516700281646,0.0,16.0,0.0,11.087745775691712,0.0,632.4179176940565,0.0,203.38824093753175,0.0,152.9911157047195,0.0,4.482119559318994,0.0,18.92871453395282,0.0,24640.20422726016,0.0,13223.154743811188,0.0,13.185168043654613,0.0,12.713685262626454,0.0,10.187025694251465,0.0
Torso,290.4549019607843,0.0,15.589603096976559,0.0,329.02192410687894,0.0,212.0,0.0,140.52853075069518,0.0,12.185321817984955,0.0,14.560219778561036,0.0,9.773865927231872,0.0,694.5051566440301,0.0,245.07432555236701,0.0,181.4411539817014,0.0,3.8544887781593062,0.0,16.184332073135803,0.0,1666.6507119045993,0.0,4494.051279668345,0.0,12.18532191672016,0.0,11.249055076210517,0.0,8.770777960856167,0.0
Tosto,289.19607843137254,0.0,15.610057484067815,0.0,346.81045414202924,0.0,236.0,0.0,159.65488941503506,0.0,12.814983061513459,0.0,15.362291495737216,0.0,10.534068588471175,0.0,695.9317199205162,0.0,251.58653155697854,0.0,186.86197591417454,0.0,4.5161720933029255,0.0,16.507459894008104,0.0,13873.598325169123,0.0,3397.465269008767,0.0,12.814983043297389,0.0,11.98314953007611,0.0,9.53500174507889,0.0
Toter,275.7450980392157,0.0,15.31938736938648,0.0,314.2862667974763,0.0,198.0,0.0,127.64301809940703,0.0,11.660293143655068,0.0,14.071247279470288,0.0,9.187072022508305,0.0,613.5769345212697,0.0,155.35003764466444,0.0,106.16810865226071,0.0,5.3101800875532845,0.0,12.405427963948862,0.0,2970.9246347679614,0.0,1772.3283537114867,0.0,11.660293163202764,0.0,10.751977755834105,0.0,8.301387922470981,0.0
Toton,308.6666666666667,0.0,16.188333143039134,0.0,323.93584658314285,0.0,214.0,0.0,139.36664201096318,0.0,12.02641550491797,0.0,14.628738838327793,0.0,9.64360405969525,0.0,619.0678864685258,0.0,167.79742934703268,0.0,115.4737393505369,0.0,4.344336213439733,0.0,15.673698442734485,0.0,22551.237448677308,0.0,1519.9588863250615,0.0,12.026415441024934,0.0,11.139147289007163,0.0,8.707720946213954,0.0
Tpkth,362.8666666666667,0.0,17.5681087983667,0.0,388.9517570693773,0.0,296.0,0.0,206.6093538005572,0.0,14.220913600777017,0.0,17.204650534085253,0.0,12.216855389093658,0.0,2066.262366701402,0.0,1010.5055727211881,0.0,929.7821957576923,0.0,4.934814184929672,0.0,33.352065579391656,0.0,13874.836076259866,0.0,3398.068811825481,0.0,14.22091363367473,0.0,13.836299626253988,0.0,11.395061902248864,0.0
Tpsrs,297.1490196078431,0.0,15.81618606484609,0.0,353.6638154527024,0.0,247.0,0.0,167.11591682534157,0.0,13.034764337528001,0.0,15.716233645501712,0.0,10.83168773356556,0.0,2053.4168258655395,0.0,971.888470983351,0.0,908.8082389149525,0.0,7.631671271485925,0.0,23.927365951214195,0.0,2461.8307229973293,0.0,2724.5309539301647,0.0,13.034764606451457,0.0,12.269686328912307,0.0,9.869960765996083,0.0
Tqtkm,388.878431372549,0.0,18.20751499959816,0.0,426.24528994004623,0.0,358.0,0.0,250.78855800246527,0.0,15.265634846446456,0.0,18.920887928424502,0.0,13.537958105332228,0.0,497632.0274432963,0.0,108505.40246566762,0.0,105011.84368377406,0.0,9.182636888392311,0.0,228.6644184370621,0.0,5977.754934070381,0.0,5528.174095939586,0.0,15.265634851545288,0.0,15.70736521184838,0.0,12.717752529420574,0.0
Trakt,296.07843137254906,0.0,15.788255749380397,0.0,341.1813741320813,0.0,257.0,0.0,167.2488562242339,0.0,12.624984151563186,0.0,16.0312195418814,0.0,10.572012987679491,0.0,612.6071459795996,0.0,194.91792903190142,0.0,133.06152050570105,0.0,4.75595048546175,0.0,15.246452948312246,0.0,5974.688392240337,0.0,5523.923950365859,0.0,12.62498411728119,0.0,12.054559560938385,0.0,9.637252536088642,0.0
Trass,271.7372549019608,0.0,15.042376128284223,0.0,327.81035190391225,0.0,221.0,0.0,144.58408973554947,0.0,12.162568460583694,0.0,14.866068747318506,0.0,9.866068251695772,0.0,610.5341491621477,0.0,167.58805398340832,0.0,116.69579454362211,0.0,2.98253576254896,0.0,14.488173042365077,0.0,1690.7201587578518,0.0,4495.050761805871,0.0,12.162568485965636,0.0,10.986291870940278,0.0,8.858142452258566,0.0
Traum,347.36470588235295,0.0,17.13615287882176,0.0,385.4919125685642,0.0,298.0,0.0,203.17117875376186,0.0,13.979602594196418,0.0,17.26267650163207,0.0,12.024688053162075,0.0,772.8043056203836,0.0,491.8286852378058,0.0,344.9939207314337,0.0,12.39771941980341,0.0,14.019953206600228,0.0,39684.743975743724,0.0,3879.44240331485,0.0,13.979602641745549,0.0,14.087629756281117,0.0,11.149408270104551,0.0
Trege,329.2705882352941,0.0,16.723287444310138,0.0,334.00156375972915,0.0,193.0,0.0,131.23556143348182,0.0,12.233958892659077,0.0,13.892443989449804,0.0,9.629215222965959,0.0,4815.16172442962,0.0,362.522657732986,0.0,266.6772854738397,0.0,7.10592382592306,0.0,14.271858946003263,0.0,25191.213655919204,0.0,9870.807717963993,0.0,12.233958915971282,0.0,10.826252852156909,0.0,8.714599297349029,0.0
Trehe,312.5294117647059,0.0,16.31115317201227,0.0,307.2596600473312,0.0,180.0,0.0,117.12956069998467,0.0,11.451163349795722,0.0,13.416407864998739,0.0,8.85942165118742,0.0,606.0623943588768,0.0,146.61513124351106,0.0,100.90073771317395,0.0,5.097916387237277,0.0,15.08448564321038,0.0,13281.678353799569,0.0,5767.838526654166,0.0,11.451163505855366,0.0,10.387512628356866,0.0,8.034069161804934,0.0
Tremm,388.9686274509804,0.0,18.149553858627073,0.0,465.2734289436321,0.0,386.0,0.0,277.2487130192079,0.0,16.239442908460152,0.0,19.6468827043885,0.0,14.420440418383436,0.0,1121.2489886780504,0.0,942.0333533025296,0.0,673.5642865799033,0.0,14.526193383942578,0.0,17.748820590020156,0.0,4507.004555361612,0.0,730.9233228269811,0.0,16.239443016864918,0.0,16.819417653854195,0.0,13.623437333809415,0.0
Trend,325.3921568627451,0.0,16.706619241779936,0.0,330.12684699255334,0.0,214.0,0.0,143.76642169330387,0.0,12.296164791320788,0.0,14.628738838327793,0.0,10.025525342088073,0.0,1805.8845710340875,0.0,433.84818889342625,0.0,390.16883281786716,0.0,8.974258571501684,0.0,18.153338765228508,0.0,17850.190612738093,0.0,8525.559017585707,0.0,12.296164783515804,0.0,11.435833791203375,0.0,9.197171257537718,0.0
Trepf,311.05490196078426,0.0,16.294592381182678,0.0,344.4085684058773,0.0,232.0,0.0,154.22499125728342,0.0,12.611057700264665,0.0,15.231546211727817,0.0,10.322315310142395,0.0,2106.9796688017323,0.0,678.0317232536697,0.0,608.4793856917303,0.0,5.462641714932915,0.0,25.44449207191736,0.0,28941.013718476446,0.0,3077.5381263124646,0.0,12.611057766783524,0.0,11.976055298776998,0.0,9.409622197236288,0.0
Trfmf,332.6705882352941,0.0,16.813192582877054,0.0,434.2249388591604,0.0,359.0,0.0,249.2915187361037,0.0,15.322244068087862,0.0,18.947295321496416,0.0,13.42454564984245,0.0,1061.174904072638,0.0,890.0904723091832,0.0,648.2396599454419,0.0,7.817996004408394,0.0,27.226167953804772,0.0,4527.913201567415,0.0,808.1185979314081,0.0,15.32224427091698,0.0,15.39984625927784,0.0,12.514490240131773,0.0
Trhqs,331.4627450980392,0.0,16.790714832167314,0.0,345.4545375453845,0.0,237.0,0.0,159.43791537654727,0.0,12.806859017707229,0.0,15.394804318340652,0.0,10.572678163893002,0.0,7872209979810047.0,0.0,7800463371553962.0,0.0,7544671231436474.0,0.0,5.620414250819888,0.0,8612.891963361128,0.0,21144.82772980603,0.0,6002.243327565584,0.0,12.241951276151797,0.0,11.366486946527955,0.0,8.994409597204163,0.0
Trias,264.05882352941177,0.0,14.928959546502213,0.0,330.3220392256351,0.0,229.0,0.0,148.52535341156937,0.0,12.227841091546743,0.0,15.132745950421556,0.0,9.959054953350673,0.0,609.4076508339019,0.0,165.6929806653695,0.0,114.13213221357388,0.0,3.602825741936985,0.0,15.467900187965801,0.0,7621.100219463317,0.0,10092.650144003544,0.0,12.227841064348073,0.0,11.270887689481444,0.0,8.985543326681267,0.0
Trick,282.50588235294117,0.0,15.437383785695896,0.0,351.98330034466846,0.0,256.0,0.0,169.78983824135088,0.0,12.932572884615235,0.0,16.0,0.0,10.789176899572647,0.0,680.8461015798464,0.0,358.3810038558355,0.0,253.01646960940982,0.0,7.046726473761365,0.0,17.161656562278303,0.0,624.1013487580939,0.0,1441.4866312868517,0.0,12.932572831685958,0.0,12.189452363201728,0.0,9.970841731235035,0.0
Trieb,295.0549019607843,0.0,15.941769759598548,0.0,339.27185557726926,0.0,221.0,0.0,148.62705215375135,0.0,12.528601420732357,0.0,14.866068747318506,0.0,10.182661739868692,0.0,855.1301905406592,0.0,325.26921820460655,0.0,252.50092567549513,0.0,7.665726310165297,0.0,22.35758531232214,0.0,3006.9271817449007,0.0,1776.5707047894255,0.0,12.528601447196015,0.0,11.427535156598964,0.0,9.308464453360207,0.0
Trips,289.4705882352941,0.0,15.708357495109286,0.0,346.0630259589032,0.0,242.0,0.0,160.99809240545238,0.0,12.758079620770971,0.0,15.556349186104045,0.0,10.544351422348655,0.0,2087.4766986406166,0.0,596.9450339694044,0.0,554.9420931813637,0.0,4.769209424667429,0.0,25.56979666359789,0.0,28944.437520264837,0.0,3078.763706901383,0.0,12.758079651133482,0.0,11.845192635710452,0.0,9.605202482048444,0.0
Tritt,236.7843137254902,0.0,14.329837829183141,0.0,356.8629244019275,0.0,274.0,0.0,180.95158241383365,0.0,13.145752016749467,0.0,16.55294535724685,0.0,11.078586310060748,0.0,609.1675317337852,0.0,163.0380850497623,0.0,112.95202747610107,0.0,6.66836794419933,0.0,14.164360505676154,0.0,13884.00665635776,0.0,3398.90735367179,0.0,13.145751852238563,0.0,12.436765950517183,0.0,10.163708526646833,0.0
Trkll,294.25882352941176,0.0,15.938876905263854,0.0,393.6545893961726,0.0,310.0,0.0,216.431133063677,0.0,14.42059424847805,0.0,17.60681686165901,0.0,12.516191980101944,0.0,735.2313601914037,0.0,323.1154223372718,0.0,267.94149596736685,0.0,4.834347626457877,0.0,25.64496140643903,0.0,24642.177383909147,0.0,13223.453396769428,0.0,14.420595072427199,0.0,13.646081913380883,0.0,11.668089705815554,0.0
Trmnx,351.4235294117648,0.0,17.254487962947902,0.0,391.3992779499859,0.0,315.0,0.0,213.44416992020018,0.0,14.192469811370357,0.0,17.74823934929885,0.0,12.274097952077131,0.0,708.3786465406811,0.0,436.07623745655394,0.0,313.3982630441026,0.0,5.498504516732798,0.0,69.33871557688742,0.0,17851.90434075096,0.0,8526.020473466087,0.0,14.19246979287517,0.0,14.184275911511905,0.0,11.383497225349734,0.0
Trntt,263.93333333333334,0.0,15.070890283871135,0.0,344.5241374677173,0.0,255.0,0.0,167.68632784353667,0.0,12.766465858514701,0.0,15.968719422671311,0.0,10.637747127613878,0.0,607.6802619052993,0.0,158.55334281363974,0.0,109.86856366443384,0.0,5.568160191555833,0.0,14.400612627588304,0.0,13877.053196067456,0.0,3397.985197769051,0.0,12.766465728618106,0.0,12.190116310671831,0.0,9.752553788443164,0.0
Tronk,328.98823529411766,0.0,16.643706445516315,0.0,340.53497046761015,0.0,244.0,0.0,161.0635798230656,0.0,12.595564488288385,0.0,15.620499351813308,0.0,10.491395951508991,0.0,671.0567821059406,0.0,365.1444522756071,0.0,258.73973533081727,0.0,8.207018783458476,0.0,19.714372034439126,0.0,17851.038092304283,0.0,8525.654375147291,0.0,12.595564471011995,0.0,12.080246227222949,0.0,9.650400715717598,0.0
Tropf,316.9058823529412,0.0,16.40110507243576,0.0,351.9033014392189,0.0,246.0,0.0,163.58674831921383,0.0,12.84739803254015,0.0,15.684387141358123,0.0,10.63127670132571,0.0,2108.548502617414,0.0,682.812009823447,0.0,611.4718571493305,0.0,5.635374119420481,0.0,26.56103997463108,0.0,28941.04712832051,0.0,3077.8525452203003,0.0,12.84739810020155,0.0,12.354908911710842,0.0,9.646514946730308,0.0
Trost,267.4588235294118,0.0,15.029624469287727,0.0,332.82404269437234,0.0,231.0,0.0,150.17193641728068,0.0,12.281942859010002,0.0,15.198684153570664,0.0,10.012456511301044,0.0,613.5480826861361,0.0,172.33169436744475,0.0,121.09041239947224,0.0,4.529982932270121,0.0,16.69265034480049,0.0,1691.3167781291886,0.0,4494.2738728402455,0.0,12.281942826140195,0.0,11.49833532079667,0.0,9.001396482787367,0.0
Trott,258.6,0.0,14.866742180721733,0.0,348.89732778411576,0.0,255.0,0.0,168.63951917337343,0.0,12.860953466281028,0.0,15.968719422671311,0.0,10.706041479128343,0.0,613.1907632187244,0.0,177.03924428000013,0.0,125.07476792019239,0.0,5.700487362554597,0.0,17.31966562631848,0.0,13876.943162154228,0.0,3398.1496849030023,0.0,12.860953330827773,0.0,12.236471844184583,0.0,9.757715138627479,0.0
Trotz,273.02745098039213,0.0,15.269948726248833,0.0,352.9826901747298,0.0,254.0,0.0,169.30469510849812,0.0,13.000788250349084,0.0,15.937377450509228,0.0,10.788290393345301,0.0,752.3675627470569,0.0,635.6618816410461,0.0,428.5237257417759,0.0,3.6292902959486155,0.0,23.67302504424547,0.0,13877.408382131904,0.0,3398.476680980442,0.0,13.000788180821525,0.0,12.136521721958529,0.0,9.818260069503957,0.0
Trpxm,366.92156862745094,0.0,17.63514063775339,0.0,424.92429992784486,0.0,348.0,0.0,242.48167029105417,0.0,15.149284490419886,0.0,18.65475810617763,0.0,13.276613681603198,0.0,1836.0411626833845,0.0,663.0406313177087,0.0,541.1424438103995,0.0,11.086028251486654,0.0,178.88288607749996,0.0,32642.99447942418,0.0,1961.6983635020724,0.0,15.14928448251509,0.0,15.34486317755178,0.0,12.425868313793487,0.0
Trsfb,300.06666666666666,0.0,15.978524129962068,0.0,373.6803044295891,0.0,264.0,0.0,182.28763883212645,0.0,13.612634671410964,0.0,16.24807680927192,0.0,11.413798761225712,0.0,862.1870292374554,0.0,350.04226526992466,0.0,272.219571557549,0.0,7.216220314237481,0.0,25.177049755836844,0.0,21866.440687455084,0.0,5819.745858225567,0.0,13.61263481795453,0.0,12.52480348482686,0.0,10.447342070323524,0.0
Truff,289.7960784313725,0.0,15.745745109161264,0.0,370.17407653859914,0.0,282.0,0.0,186.5904600016146,0.0,13.411131256169991,0.0,16.792855623746664,0.0,11.28279516034705,0.0,680.6515864176703,0.0,381.05223171053115,0.0,290.1424688140547,0.0,3.573051368244071,0.0,22.08885403685418,0.0,21867.53313651518,0.0,5819.448626402952,0.0,13.411131534964673,0.0,12.892148936447219,0.0,10.323836031417368,0.0
Truhe,320.61960784313726,0.0,16.53993803413454,0.0,313.7678865471024,0.0,199.0,0.0,127.6468594090619,0.0,11.66241413234973,0.0,14.106735979665885,0.0,9.179276682270691,0.0,606.252279205053,0.0,149.3616108344448,0.0,102.06683056785639,0.0,5.1814207040591205,0.0,16.754266335011646,0.0,13283.000105834763,0.0,5767.848010380804,0.0,11.662414265785428,0.0,10.772317952512852,0.0,8.280934223669435,0.0
Trupp,348.49411764705883,0.0,17.266460478032155,0.0,352.485248802549,0.0,241.0,0.0,163.0916822558601,0.0,12.965099252866823,0.0,15.524174696260024,0.0,10.729344614182033,0.0,6429.144258896685,0.0,1262.4425329596054,0.0,1225.9922182909554,0.0,9.489687685157604,0.0,38.03282190007139,0.0,28941.245122372486,0.0,3077.61938378162,0.0,12.965099350292757,0.0,12.294993550742861,0.0,9.805282445862291,0.0
Trure,279.24313725490197,0.0,15.429801848457437,0.0,326.28442213267505,0.0,211.0,0.0,137.51500556022816,0.0,12.06857241250074,0.0,14.52583904633395,0.0,9.603238506180608,0.0,607.3002441063508,0.0,157.67773901665566,0.0,108.9825418469609,0.0,3.521268380740177,0.0,16.251528409864722,0.0,2477.536677079766,0.0,2724.727079223423,0.0,12.068572623455998,0.0,10.819313857791434,0.0,8.707600599288757,0.0
Träne,312.00392156862745,0.0,16.231308121091143,0.0,314.08094254737944,0.0,197.0,0.0,128.8806620562235,0.0,11.72103970945793,0.0,14.035668847618199,0.0,9.333450298069142,0.0,701.3309531288518,0.0,365.31574546417045,0.0,292.3498241627211,0.0,4.0967928084085425,0.0,36.13594939292965,0.0,17849.888025227345,0.0,8527.097104090983,0.0,11.721039710557303,0.0,10.71616731758806,0.0,8.484663865411525,0.0
Tschm,357.61176470588236,0.0,17.33211201446519,0.0,379.031161989326,0.0,281.0,0.0,192.7419916533486,0.0,13.793908872294216,0.0,16.76305461424021,0.0,11.747744477110459,0.0,818.3782633938062,0.0,555.0656895197244,0.0,404.2650378797577,0.0,12.576000125681373,0.0,22.879727456717784,0.0,13281.743808358966,0.0,5768.523805454614,0.0,13.793909040384413,0.0,13.915251605557229,0.0,10.898351021796543,0.0
Tubke,359.9098039215686,0.0,17.527761031193577,0.0,341.60805813243115,0.0,234.0,0.0,157.2110665946366,0.0,12.649218118252108,0.0,15.297058540778355,0.0,10.427972917701654,0.0,628.6630498586519,0.0,191.55235058028563,0.0,131.87586028418784,0.0,4.164011492867722,0.0,15.888159732030402,0.0,5966.7860558656575,0.0,5523.177619489514,0.0,12.649218140977963,0.0,12.121712657544384,0.0,9.60042005403038,0.0
Tulpe,328.8509803921569,0.0,16.870482037204148,0.0,341.2933919136876,0.0,227.0,0.0,154.42057259551314,0.0,12.685118136356252,0.0,15.066519173319364,0.0,10.438541071402692,0.0,2089.3187879553398,0.0,595.6853528477432,0.0,554.970376164476,0.0,3.648161790538803,0.0,25.06278455982922,0.0,28939.691216451927,0.0,3079.045212383628,0.0,12.685118141785932,0.0,11.824607511662407,0.0,9.624226887685342,0.0
Tumor,351.9450980392157,0.0,17.26655310735615,0.0,383.4076021860352,0.0,291.0,0.0,198.40102540420924,0.0,13.912664681450336,0.0,17.05872210923198,0.0,11.853424261799573,0.0,688.6784152351548,0.0,372.9139058883616,0.0,261.0831575916516,0.0,6.865014884176362,0.0,17.702724521338116,0.0,22552.764448581715,0.0,1523.4217347730998,0.0,13.91266461576897,0.0,13.834852412457886,0.0,10.977663222322118,0.0
Tusch,314.7372549019608,0.0,16.298685563435242,0.0,332.87963359184056,0.0,208.0,0.0,139.22272658430342,0.0,12.311672970951237,0.0,14.422205101855956,0.0,9.807523625218048,0.0,654.2478362704408,0.0,274.10930994627654,0.0,194.65546955811556,0.0,4.722941494455539,0.0,14.48330329166799,0.0,395.62945809622636,0.0,1440.1448934046548,0.0,12.311672934211819,0.0,11.145878339769924,0.0,8.89396855993531,0.0
Tutor,283.83529411764704,0.0,15.562758808947805,0.0,326.4681770447054,0.0,223.0,0.0,143.99159917554604,0.0,12.087544776433603,0.0,14.933184523068078,0.0,9.763492954167882,0.0,611.7727141437701,0.0,161.22578528985042,0.0,110.31010762814546,0.0,4.693734533212556,0.0,16.17485966890875,0.0,22552.728125829108,0.0,1522.2113000515385,0.0,12.087544732139564,0.0,11.162300088406994,0.0,8.824044115450214,0.0
Tvthn,317.30196078431374,0.0,16.47272721871819,0.0,339.90515385659273,0.0,247.0,0.0,162.7440934828364,0.0,12.651319396809681,0.0,15.716233645501712,0.0,10.493542475909013,0.0,822.5566056222432,0.0,651.6621305289364,0.0,485.03439795978414,0.0,6.210514439623621,0.0,113.62610435059538,0.0,13284.135868934762,0.0,5768.618932076216,0.0,12.651319458428775,0.0,11.868743026729613,0.0,9.60571431397698,0.0
Typos,333.44705882352946,0.0,16.714364504121132,0.0,360.14532134941595,0.0,246.0,0.0,167.06160615945115,0.0,13.124953810896695,0.0,15.684387141358123,0.0,10.849437732101045,0.0,46982.398541809394,0.0,2804.117673187288,0.0,1941.445088399778,0.0,4.710466153155396,0.0,26.943092788754257,0.0,22552.67224157507,0.0,1523.2847581642843,0.0,13.124953837140835,0.0,12.370718615450588,0.0,9.853042489012166,0.0
Typus,335.68627450980387,0.0,16.834586612703248,0.0,358.38690970488165,0.0,250.0,0.0,168.23029110355407,0.0,13.061902227391935,0.0,15.811388300841896,0.0,10.843319075725558,0.0,46982.332685096524,0.0,2803.6014865554503,0.0,1941.0303938053635,0.0,4.671864977144519,0.0,26.085072487965224,0.0,39684.33682493118,0.0,3877.426694031301,0.0,13.061902274132908,0.0,12.456167918106074,0.0,9.880144842301558,0.0
Tztvn,289.0941176470588,0.0,15.768622574619744,0.0,351.3541279847045,0.0,255.0,0.0,168.82405379483436,0.0,12.96685301510772,0.0,15.968719422671311,0.0,10.723779448479785,0.0,955.1558362249333,0.0,900.4418387958306,0.0,694.959193670425,0.0,4.491611098015064,0.0,47.47533673798288,0.0,20354.56926144266,0.0,4823.437143663921,0.0,12.96685320082193,0.0,11.760769446867142,0.0,9.780758120941941,0.0
Töbön,374.81960784313725,0.0,17.7984361420938,0.0,350.9397175783089,0.0,238.0,0.0,161.0460716011596,0.0,12.888970344042965,0.0,15.427248620541512,0.0,10.61246439152841,0.0,719.7209279223007,0.0,585.1693471737201,0.0,346.7695151060266,0.0,3.631793432480175,0.0,24.36821519336188,0.0,11906.489972244004,0.0,10781.039357884287,0.0,12.888970328877297,0.0,12.526359549352167,0.0,9.681670546961497,0.0
Töböt,346.4901960784314,0.0,17.132615246666557,0.0,355.3840908571734,0.0,254.0,0.0,169.55040718103263,0.0,12.981752421601803,0.0,15.937377450509228,0.0,10.817924164280129,0.0,719.8739662875925,0.0,585.2189203446056,0.0,346.76060676837665,0.0,5.559428915079645,0.0,25.123879689347355,0.0,11907.262060088096,0.0,10781.030435192812,0.0,12.981752431783743,0.0,12.961376571073139,0.0,9.835903826706799,0.0
Töckt,315.5764705882352,0.0,16.261050895926367,0.0,342.31279680720195,0.0,242.0,0.0,159.30711055698885,0.0,12.582800333212766,0.0,15.556349186104045,0.0,10.388161125079074,0.0,629.2318614648979,0.0,230.64604754037865,0.0,153.97580575395722,0.0,4.673999809155811,0.0,19.049895920030707,0.0,5968.967515761291,0.0,5523.082796806702,0.0,12.582800317023294,0.0,12.12861799743643,0.0,9.47146915238993,0.0
Töpfe,345.3058823529411,0.0,17.119960313564512,0.0,366.3833115676143,0.0,250.0,0.0,173.5277674427893,0.0,13.405922259707294,0.0,15.811388300841896,0.0,11.156735003645847,0.0,1778.9625155425786,0.0,494.637389970162,0.0,441.76436564810984,0.0,4.602075197110727,0.0,24.754495729560524,0.0,21864.04662366149,0.0,5819.646733081771,0.0,13.405922387230913,0.0,12.936349187993358,0.0,10.31392601822007,0.0
Töten,315.3294117647059,0.0,16.38214395379542,0.0,324.2841984499647,0.0,205.0,0.0,135.2091013939931,0.0,12.038271540805559,0.0,14.317821063276353,0.0,9.574350113049581,0.0,623.2227326546312,0.0,201.6223994040816,0.0,134.48119730116758,0.0,4.230232874182858,0.0,14.031263505652015,0.0,2968.098676978325,0.0,1773.421631384097,0.0,12.038271592849464,0.0,11.117201139477828,0.0,8.725644418907216,0.0
Tücke,334.9607843137255,0.0,16.796113224614086,0.0,331.2126307350169,0.0,208.0,0.0,139.32463572521146,0.0,12.240683992522227,0.0,14.422205101855956,0.0,9.801770271864857,0.0,620.4508079287682,0.0,195.4066195889242,0.0,137.78944154542395,0.0,3.5741761247965993,0.0,18.27784432618346,0.0,5966.934759348033,0.0,5523.4326380674565,0.0,12.240684026811701,0.0,11.079695571578238,0.0,8.970232459996744,0.0
Türme,358.6078431372549,0.0,17.448125344772862,0.0,404.483241384324,0.0,297.0,0.0,210.817893163894,0.0,14.584104054618802,0.0,17.233687939614086,0.0,12.465682373807578,0.0,1019.628376954997,0.0,821.7152222598461,0.0,591.519914669758,0.0,4.801350991381857,0.0,16.89223483806754,0.0,4497.298418994922,0.0,729.4994534651369,0.0,14.584104379414908,0.0,14.23296543595845,0.0,11.661596395577197,0.0
Uhmst,364.99607843137255,0.0,17.508813620635554,0.0,393.2446945185595,0.0,304.0,0.0,214.3883116340507,0.0,14.420811369499607,0.0,17.435595774162696,0.0,12.529948376610633,0.0,705.6243059239126,0.0,400.07629340386484,0.0,285.55240977760474,0.0,8.688462513425772,0.0,32.978257932665905,0.0,1724.4899192709292,0.0,4496.929384437385,0.0,14.420811448711273,0.0,14.475176920985373,0.0,11.681386591986987,0.0
Uhran,336.03137254901964,0.0,16.764075208868878,0.0,317.8005940493357,0.0,193.0,0.0,132.5767322515812,0.0,12.066414813976332,0.0,13.892443989449804,0.0,9.691869776534597,0.0,628.8467920357974,0.0,216.2109972839045,0.0,159.11846983113443,0.0,4.309806855843142,0.0,31.926221092702267,0.0,7615.265971045827,0.0,10093.576107372211,0.0,12.066414722432723,0.0,10.934722052920451,0.0,8.858487791959975,0.0
Uhren,334.7607843137255,0.0,16.793982005564658,0.0,310.7007087780327,0.0,170.0,0.0,118.22110493475562,0.0,11.802001028997394,0.0,13.038404810405298,0.0,9.211819372825648,0.0,627.8149025794489,0.0,209.1752841499993,0.0,154.98895242767722,0.0,4.298253396663919,0.0,30.732030432116296,0.0,2992.005188502907,0.0,1780.1327558249377,0.0,11.802001100205741,0.0,10.31158594093568,0.0,8.44870281124463,0.0
Umbau,398.278431372549,0.0,18.325063878929832,0.0,387.71821825750135,0.0,283.0,0.0,201.71620053100935,0.0,14.172821579413856,0.0,16.822603841260722,0.0,12.228505299963535,0.0,1159.3440786321844,0.0,1000.047812127618,0.0,727.6498322560915,0.0,5.684308144843083,0.0,36.197586766936794,0.0,7617.227856351202,0.0,10094.390342450724,0.0,14.172821536770536,0.0,14.279533803649006,0.0,11.40238739314094,0.0
Umken,401.035294117647,0.0,18.343743295969333,0.0,381.7232005478029,0.0,261.0,0.0,188.87323012144674,0.0,14.039855174527803,0.0,16.15549442140351,0.0,11.91134279686984,0.0,1155.2106669551092,0.0,1009.1825327317549,0.0,733.6920927178857,0.0,5.549738697215139,0.0,39.32130039919888,0.0,2994.5599742632608,0.0,1784.1028128781977,0.0,14.039855193260468,0.0,13.550502312993313,0.0,11.197362287596635,0.0
Unarm,361.50588235294117,0.0,17.381484888138026,0.0,387.7574453291575,0.0,298.0,0.0,210.83425586745778,0.0,14.298315869608963,0.0,17.26267650163207,0.0,12.449761663142137,0.0,770.1525593296059,0.0,482.87952529336735,0.0,340.78110323590374,0.0,5.974822265170643,0.0,30.904688334882945,0.0,2504.7544108649145,0.0,2732.883529311458,0.0,14.298316074059162,0.0,14.38301008807012,0.0,11.65082870172646,0.0
Unmut,367.06666666666666,0.0,17.642948540932522,0.0,372.7713560938648,0.0,283.0,0.0,195.4595948202924,0.0,13.767696516257944,0.0,16.822603841260722,0.0,11.850966875673448,0.0,680.8835711611218,0.0,355.1702548278503,0.0,250.85263078587747,0.0,6.447617355344558,0.0,30.206470050846043,0.0,39685.97675560676,0.0,3880.2402350954626,0.0,13.767696463771406,0.0,13.912393300242465,0.0,11.030442984174416,0.0
Unrat,293.39607843137253,0.0,15.690175985402545,0.0,309.4409382579098,0.0,196.0,0.0,129.98295786559055,0.0,11.712230159523164,0.0,14.0,0.0,9.413430267676564,0.0,602.6864628019267,0.0,115.60190605205726,0.0,84.26415783874027,0.0,7.2925080985317,0.0,29.636622367601333,0.0,7617.0687626494455,0.0,10093.534331886534,0.0,11.712230164629867,0.0,10.860716177685742,0.0,8.515609032502413,0.0
Untat,292.1372549019608,0.0,15.71049943151214,0.0,314.746837151627,0.0,214.0,0.0,141.23113820453307,0.0,11.92279095879865,0.0,14.628738838327793,0.0,9.787588982629677,0.0,603.0888314724017,0.0,119.45524162135858,0.0,86.49861882928398,0.0,7.2709103617228426,0.0,29.481568973076055,0.0,7617.425424952782,0.0,10093.372602593285,0.0,11.922790958907845,0.0,11.310823834131469,0.0,8.906148546036446,0.0
Unzen,333.6235294117647,0.0,16.829513995664215,0.0,303.81493579148196,0.0,168.0,0.0,114.11363208843457,0.0,11.533629218323078,0.0,12.96148139681572,0.0,8.944893876523233,0.0,624.7776065308151,0.0,279.98140418022354,0.0,178.7097551641853,0.0,2.8913131663204417,0.0,41.06627604520567,0.0,2993.4483530392863,0.0,1779.4886430640358,0.0,11.533629283561078,0.0,10.003945201505639,0.0,8.114018055086856,0.0
Ursel,280.9529411764706,0.0,15.4115666304689,0.0,322.5890484994716,0.0,186.0,0.0,130.61914944490292,0.0,12.2073132063028,0.0,13.638181696985855,0.0,9.76554617055443,0.0,711.5444253882749,0.0,239.2590914797007,0.0,216.9130505929976,0.0,3.9863062310894133,0.0,32.11101738053396,0.0,2993.8673235836814,0.0,1782.3926108487924,0.0,12.207313199423202,0.0,10.45944242839251,0.0,8.85001199499461,0.0
Vasen,305.7450980392157,0.0,15.953787067630932,0.0,291.00815893989534,0.0,154.0,0.0,99.57686818399907,0.0,10.875379824751734,0.0,12.409673645990857,0.0,8.139611992680686,0.0,603.3909007385001,0.0,124.9780046097015,0.0,84.0236679706485,0.0,3.745455514410804,0.0,14.336011528198721,0.0,2964.874535712429,0.0,1787.1251397762137,0.0,10.875379868987318,0.0,9.206656495381942,0.0,7.185704728853221,0.0
Vater,269.8156862745098,0.0,15.025236747919367,0.0,294.89262381928415,0.0,176.0,0.0,111.44862146295715,0.0,11.013620040439182,0.0,13.2664991614216,0.0,8.51179757332354,0.0,602.2745264629012,0.0,124.92433403607937,0.0,81.97204346813461,0.0,4.538390872032124,0.0,12.144096758941165,0.0,2975.490658521801,0.0,1788.0063534091846,0.0,11.01362006659413,0.0,9.831738443358304,0.0,7.615004630717681,0.0
Vchsm,356.2627450980392,0.0,17.20355595690833,0.0,385.59010094842074,0.0,294.0,0.0,203.28120132181516,0.0,14.048798425438392,0.0,17.146428199482248,0.0,12.098767748290904,0.0,785.4417650037311,0.0,483.70979962611347,0.0,339.0645345431025,0.0,10.337713777791366,0.0,20.396202859384655,0.0,1687.935712935532,0.0,4501.518115992523,0.0,14.048798425457143,0.0,14.185107348967923,0.0,11.200319958766391,0.0
Vdlvr,298.8588235294118,0.0,15.974903905395504,0.0,363.64439878546784,0.0,278.0,0.0,190.20998368662538,0.0,13.533459246818095,0.0,16.673332000533065,0.0,11.630637202087652,0.0,6361.01820275353,0.0,1269.3391592403639,0.0,1215.593386028736,0.0,7.420159253970976,0.0,45.31501455638893,0.0,20354.90992294997,0.0,4829.980117276631,0.0,13.533459444165162,0.0,12.560099819712233,0.0,10.721056423748776,0.0
Vekel,317.64313725490194,0.0,16.396768747983728,0.0,327.7289683671934,0.0,209.0,0.0,141.26046232937182,0.0,12.26036607918654,0.0,14.45683229480096,0.0,9.9661463710824,0.0,720.4458239622286,0.0,293.14885381385153,0.0,243.66308251713104,0.0,4.6908768515781425,0.0,24.713729912114502,0.0,2968.2294786625544,0.0,1789.1915998121106,0.0,12.260366062652974,0.0,11.196286006158969,0.0,9.096694847968749,0.0
Vemps,370.9372549019608,0.0,17.63741915366738,0.0,376.37765118760217,0.0,274.0,0.0,189.6163428522949,0.0,13.754310429036044,0.0,16.55294535724685,0.0,11.72754153307005,0.0,2109.835181934746,0.0,679.1464985042508,0.0,599.6250293383225,0.0,6.578093303777673,0.0,25.950951225984728,0.0,28940.648392965,0.0,3086.327221338015,0.0,13.754310431255814,0.0,13.666584090754132,0.0,10.835411519417075,0.0
Venen,323.9450980392157,0.0,16.550382807900338,0.0,285.62644159675483,0.0,153.0,0.0,97.3445144108259,0.0,10.700786164797185,0.0,12.36931687685298,0.0,7.97108671259792,0.0,601.0650427101696,0.0,116.13562661535852,0.0,75.89836221681757,0.0,3.556287198449656,0.0,14.118718829363333,0.0,2965.3832960445593,0.0,1787.1558961318233,0.0,10.700786187345416,0.0,9.4208048633135,0.0,7.136105182516221,0.0
Venus,312.56470588235294,0.0,16.21859328567339,0.0,296.5425970165935,0.0,181.0,0.0,113.71449868343987,0.0,11.0435327998644,0.0,13.45362404707371,0.0,8.579422953666338,0.0,603.5432720456068,0.0,130.92058272551824,0.0,87.17359298414937,0.0,3.0856239835462,0.0,16.461886866904837,0.0,39683.62340306044,0.0,3883.411516593784,0.0,11.04353284001899,0.0,10.191210622218417,0.0,7.608004411118225,0.0
Verse,277.4039215686274,0.0,15.219426465718268,0.0,295.5202549031671,0.0,158.0,0.0,102.62302178565204,0.0,11.024780964177952,0.0,12.569805089976535,0.0,8.279264556643724,0.0,603.7432149260512,0.0,122.55091925434492,0.0,81.73182841287615,0.0,3.5454790010768558,0.0,15.224681233854835,0.0,1667.773484237593,0.0,4499.801759643566,0.0,11.024781051423245,0.0,9.215194191789134,0.0,7.302782148170084,0.0
Veter,268.54509803921565,0.0,15.058597322647419,0.0,294.1599886251519,0.0,170.0,0.0,107.46557259249354,0.0,10.963682746679694,0.0,13.038404810405298,0.0,8.357059939662584,0.0,602.238115475585,0.0,122.89366188987121,0.0,80.76714558080559,0.0,4.610294850020259,0.0,12.605078581154967,0.0,2974.2271437843965,0.0,1787.3974811315497,0.0,10.963682762666682,0.0,9.584063352170181,0.0,7.4391470249810325,0.0
Vfzlz,284.62745098039215,0.0,15.637515395211809,0.0,369.6119763560576,0.0,281.0,0.0,191.237701400861,0.0,13.647986291923806,0.0,16.76305461424021,0.0,11.62654520124143,0.0,943.8424513719008,0.0,879.2399472098028,0.0,681.5761668909454,0.0,3.477145176104976,0.0,52.55510456206698,0.0,24643.377566020856,0.0,13226.011690018451,0.0,13.647987132339734,0.0,12.751265185669707,0.0,10.634001993583505,0.0
Vglvg,372.0392156862745,0.0,17.732861559403414,0.0,407.33633618439205,0.0,313.0,0.0,219.65493229210193,0.0,14.598208193245814,0.0,17.69180601295413,0.0,12.66922387126897,0.0,98741.9730527959,0.0,9214.663227053155,0.0,6939.950362933562,0.0,6.6641177054195,0.0,55.48376063168244,0.0,20354.207294617536,0.0,4830.604851000095,0.0,14.598208431787484,0.0,13.90928702902572,0.0,11.703614675729341,0.0
Vikar,295.9098039215687,0.0,15.6939348942334,0.0,327.7627395215917,0.0,233.0,0.0,151.48827695266388,0.0,12.19467375128815,0.0,15.264337522473747,0.0,10.057540464204864,0.0,616.0669001638607,0.0,211.53466490888758,0.0,144.49035050686038,0.0,4.9547029780531044,0.0,24.770889945447017,0.0,7609.956919699419,0.0,10095.019602881071,0.0,12.194673801781246,0.0,11.35204728003736,0.0,9.095184476762212,0.0
Villa,269.18823529411765,0.0,15.219770525222975,0.0,361.28074502375466,0.0,278.0,0.0,190.5608601540131,0.0,13.499957012508222,0.0,16.673332000533065,0.0,11.610023341687146,0.0,628.2581658695377,0.0,190.76147751237843,0.0,145.96592960257112,0.0,4.132460558044751,0.0,18.92976528541808,0.0,24641.042354018206,0.0,13225.67491916111,0.0,13.499958003991225,0.0,12.656785314811374,0.0,10.736206579038669,0.0
Viren,280.9098039215686,0.0,15.421605399903804,0.0,302.4573623802643,0.0,177.0,0.0,114.29637955403953,0.0,11.301895336814704,0.0,13.30413469565007,0.0,8.690236452201939,0.0,601.9644185318265,0.0,119.47427987547054,0.0,78.53619947675374,0.0,5.786139300961165,0.0,14.41876734131155,0.0,2975.279413904009,0.0,1788.7586347802771,0.0,11.301895355449064,0.0,9.652875494200178,0.0,7.79557692498352,0.0
Virus,269.52941176470586,0.0,15.0649762757327,0.0,313.37351780010306,0.0,205.0,0.0,130.6663638266535,0.0,11.626935553329602,0.0,14.317821063276353,0.0,9.251404457341657,0.0,604.4389603936029,0.0,133.8910705148389,0.0,89.47965441832768,0.0,3.3000407967367327,0.0,16.620668787445968,0.0,39684.340359271024,0.0,3884.148676363131,0.0,11.626935612174904,0.0,10.406114439334115,0.0,8.22974810802781,0.0
Vitim,303.4666666666667,0.0,16.091842326644585,0.0,411.70158187470594,0.0,347.0,0.0,240.1213554078127,0.0,14.881191616990963,0.0,18.627936010197157,0.0,13.135695072259747,0.0,772.2841983874487,0.0,488.2201125041516,0.0,342.6622842128841,0.0,11.586275778825742,0.0,16.699509512474016,0.0,8156.5516797654755,0.0,4927.934177782886,0.0,14.881192230125905,0.0,15.028541766241206,0.0,12.285405661037485,0.0
Vlies,268.47843137254904,0.0,15.125978732063755,0.0,323.05867577364035,0.0,215.0,0.0,141.34613636784354,0.0,12.062289485818834,0.0,14.66287829861518,0.0,9.79622292307731,0.0,611.716489616856,0.0,154.03981497674096,0.0,113.74137103547271,0.0,3.2465936566907128,0.0,17.240732097454863,0.0,3010.393526657612,0.0,1790.7660290596932,0.0,12.062289483626618,0.0,10.941449085298549,0.0,8.886327190408185,0.0
Vmnst,338.29411764705884,0.0,16.856278285762215,0.0,382.76198184795885,0.0,298.0,0.0,204.0890262984915,0.0,13.94385629220724,0.0,17.26267650163207,0.0,12.057496239444557,0.0,1150.9098010826042,0.0,1000.5146103115944,0.0,727.0358207705558,0.0,9.993065048405258,0.0,22.88280531334807,0.0,1701.5447239912623,0.0,4501.720941443037,0.0,13.943856246639129,0.0,14.064151563365929,0.0,11.196201630339202,0.0
Vngst,329.5607843137255,0.0,16.633308254321378,0.0,346.8361296080252,0.0,249.0,0.0,165.5074827882842,0.0,12.766509729335938,0.0,15.7797338380595,0.0,10.662913543343903,0.0,2893.826369022134,0.0,249.02887894707703,0.0,178.12728553641378,0.0,7.088805821321923,0.0,18.855421737005845,0.0,1694.0768587878988,0.0,4499.875251179736,0.0,12.766509742041631,0.0,12.294604555337655,0.0,9.618804277067333,0.0
Vogel,340.81176470588235,0.0,16.97258481022648,0.0,347.1151208454527,0.0,228.0,0.0,156.64807618634353,0.0,12.813897291297426,0.0,15.0996688705415,0.0,10.590990832283659,0.0,2919.202317463063,0.0,326.1617975640482,0.0,267.1591212017029,0.0,6.17230006485857,0.0,17.30923888826719,0.0,2967.3775989035107,0.0,1789.8823492096878,0.0,12.813897279412767,0.0,12.199050363250356,0.0,9.602127007234904,0.0
Vokal,324.7647058823529,0.0,16.4721861969934,0.0,345.0715365981222,0.0,249.0,0.0,168.5333833223563,0.0,12.870653495081394,0.0,15.7797338380595,0.0,10.870904766685362,0.0,729.0532778212124,0.0,306.44727329872967,0.0,251.70143051834398,0.0,4.646944009112511,0.0,25.43244778896357,0.0,7606.700380902349,0.0,10095.240455987625,0.0,12.870653492165971,0.0,12.34380336603462,0.0,9.921410209208693,0.0
Votum,349.33725490196076,0.0,17.156114269387995,0.0,380.3758860925944,0.0,296.0,0.0,201.88819755911078,0.0,13.875779891512376,0.0,17.204650534085253,0.0,11.987095703675458,0.0,776.2764989095226,0.0,487.1850346588865,0.0,341.40475368926303,0.0,10.542358114120434,0.0,15.963693074430662,0.0,39684.58492635034,0.0,3885.030876324666,0.0,13.875779884996483,0.0,14.153405744936638,0.0,11.099473162909744,0.0
Vssbg,351.21568627450984,0.0,17.129240284999604,0.0,349.8547964605326,0.0,229.0,0.0,156.12914716401093,0.0,12.81231127902109,0.0,15.132745950421556,0.0,10.521269392917336,0.0,6107.029207794893,0.0,649.9582193093049,0.0,499.1972769625151,0.0,11.477504170469135,0.0,26.544838730788424,0.0,20705.420843451266,0.0,4172.590596879702,0.0,12.812311348224625,0.0,11.78625117448903,0.0,9.403336692702785,0.0
Vsvvt,265.8392156862745,0.0,14.9130273665828,0.0,345.6025167109701,0.0,262.0,0.0,171.6839688629763,0.0,12.790791966401342,0.0,16.186414056238647,0.0,10.755838889654402,0.0,734.4239822376927,0.0,447.41502165850454,0.0,315.7331609819737,0.0,4.710202979745479,0.0,43.252747796024956,0.0,20355.59240816489,0.0,4829.050198067485,0.0,12.790792039855855,0.0,11.564158874494304,0.0,9.689507590214276,0.0
Vögel,353.3254901960785,0.0,17.258726848796485,0.0,357.4068634290197,0.0,239.0,0.0,165.4965083291923,0.0,13.129606231728973,0.0,15.459624833740307,0.0,10.932349587365193,0.0,2921.3460654277505,0.0,351.52522832636384,0.0,280.14477262862533,0.0,6.364844828663532,0.0,19.210283001229897,0.0,2969.7204217452677,0.0,1791.4280035066067,0.0,13.129606222556493,0.0,12.580144889928087,0.0,9.938640538356385,0.0
Vörnö,333.60392156862747,0.0,16.630520896771767,0.0,328.89642516223546,0.0,213.0,0.0,142.44496680696548,0.0,12.22610322510085,0.0,14.594519519326424,0.0,9.934093387495238,0.0,7262.792463292891,0.0,12471.0820080293,0.0,7228.818119758076,0.0,4.98471425793238,0.0,372.87194542971804,0.0,17851.80830693012,0.0,8534.548340354384,0.0,12.192955382885295,0.0,11.411902818170104,0.0,8.874819834487417,0.0
Waban,371.83137254901965,0.0,17.526592307362453,0.0,329.88039058486896,0.0,213.0,0.0,144.48515732003017,0.0,12.295763769444326,0.0,14.594519519326424,0.0,10.098734660278375,0.0,4061.454297670601,0.0,258.36681763984666,0.0,184.4775527090314,0.0,3.4001866143156714,0.0,12.068445860177341,0.0,7605.15954902747,0.0,10093.142902435879,0.0,12.295763689059736,0.0,11.669939496188022,0.0,9.14864010651877,0.0
Wache,347.4039215686275,0.0,16.878421349949644,0.0,304.3223474243649,0.0,165.0,0.0,110.72710986402629,0.0,11.362316355987632,0.0,12.84523257866513,0.0,8.81274203795701,0.0,4058.708421483248,0.0,245.03011656228858,0.0,174.6031566080128,0.0,4.222205026173371,0.0,9.181238398356982,0.0,13279.98578229014,0.0,5768.992491907296,0.0,11.362316516777812,0.0,10.106454356424512,0.0,7.901813776832662,0.0
Wachs,339.11764705882354,0.0,16.61586860747672,0.0,315.9478360957972,0.0,191.0,0.0,127.23972260417119,0.0,11.772419987921214,0.0,13.820274961085254,0.0,9.412377062770245,0.0,4058.949853032229,0.0,250.34785675673183,0.0,178.58923944728008,0.0,5.153710909546904,0.0,10.924372610562571,0.0,13281.205648196506,0.0,5769.133244540616,0.0,11.772420152720574,0.0,10.771439358816455,0.0,8.430156532655198,0.0
Wacht,330.25882352941176,0.0,16.468682429422483,0.0,317.6610330270339,0.0,203.0,0.0,133.54873161535198,0.0,11.823348979712136,0.0,14.247806848775006,0.0,9.56415282371108,0.0,4058.7534854878263,0.0,246.73381948321472,0.0,175.48593210223913,0.0,6.69999838723787,0.0,8.940345945841077,0.0,13281.731958734386,0.0,5769.042005320447,0.0,11.8233491981766,0.0,11.138015594392185,0.0,8.597566385966802,0.0
Wackt,329.6823529411764,0.0,16.404268440502026,0.0,334.0498223349968,0.0,226.0,0.0,150.76348599689555,0.0,12.371854992663689,0.0,15.033296378372908,0.0,10.22244996503272,0.0,4059.527045465699,0.0,270.999014946162,0.0,191.05963985969447,0.0,6.850301912334921,0.0,14.74802536963086,0.0,5971.294606945028,0.0,5524.550536767387,0.0,12.371854989629547,0.0,11.567893264493009,0.0,9.27160250216448,0.0
Wagen,388.81176470588235,0.0,17.930981781567443,0.0,337.77047554162186,0.0,202.0,0.0,139.44153790930625,0.0,12.44852304773438,0.0,14.212670403551895,0.0,10.030636925565815,0.0,4947.581077109486,0.0,319.7852283943229,0.0,230.07652446674652,0.0,3.801654286416718,0.0,8.483946752701973,0.0,2967.425304043262,0.0,1777.7224713226228,0.0,12.448523075791822,0.0,11.445855220836663,0.0,9.052778130231319,0.0
Wagon,394.66274509803924,0.0,18.027828887003697,0.0,347.71386625836703,0.0,222.0,0.0,152.44751066912508,0.0,12.762092707901523,0.0,14.89966442575134,0.0,10.454270753921096,0.0,4948.324731850107,0.0,327.0404342171068,0.0,235.1410146116912,0.0,3.6761674154691257,0.0,13.809645315334288,0.0,22551.463867611714,0.0,1526.6121091383216,0.0,12.762092711429506,0.0,11.871784122723676,0.0,9.392340413980449,0.0
Wahan,373.3411764705882,0.0,17.518614914202285,0.0,325.07085745260986,0.0,211.0,0.0,141.84477400280286,0.0,12.177767306540272,0.0,14.52583904633395,0.0,9.949793869573202,0.0,4059.106129985194,0.0,253.4381058867224,0.0,180.3307170261117,0.0,3.3358683274975345,0.0,12.079570437059514,0.0,7605.5105083419585,0.0,10093.17643926797,0.0,12.177767227573355,0.0,11.493828398177088,0.0,9.02026014775334,0.0
Wahsa,353.8705882352941,0.0,16.98568907103839,0.0,332.82701556841613,0.0,218.0,0.0,148.4984564206555,0.0,12.43927652942247,0.0,14.7648230602334,0.0,10.237394779587001,0.0,4059.8022744091004,0.0,266.1228474906837,0.0,190.62155695166317,0.0,5.882003626929672,0.0,15.514445030344863,0.0,1667.7187028699407,0.0,4496.232559815075,0.0,12.439276596016573,0.0,11.634534708407493,0.0,9.23718454056092,0.0
Wahst,335.45490196078435,0.0,16.60884225066104,0.0,338.2696338867868,0.0,236.0,0.0,157.99874681766664,0.0,12.578924513257387,0.0,15.362291495737216,0.0,10.473946908859222,0.0,4059.3475677377332,0.0,252.12682777164147,0.0,179.89719479567003,0.0,9.605308434781263,0.0,9.931170802398679,0.0,1680.3861824700123,0.0,4495.951236690225,0.0,12.578924522916004,0.0,12.053419215384425,0.0,9.481448157687808,0.0
Wahta,345.01176470588234,0.0,16.84173520152337,0.0,348.9003006581595,0.0,242.0,0.0,166.96603917674827,0.0,13.01128757061729,0.0,15.556349186104045,0.0,10.916697789864713,0.0,4059.748288949234,0.0,269.1951914285039,0.0,193.17708862567503,0.0,6.886237367618458,0.0,15.4747122785381,0.0,13874.1633300482,0.0,3400.688590646915,0.0,13.011287539812898,0.0,12.364543243796195,0.0,9.975642596170447,0.0
Walle,317.7019607843137,0.0,16.34728825038268,0.0,361.6426404432344,0.0,252.0,0.0,178.36044574061629,0.0,13.490726401277556,0.0,15.874507866387544,0.0,11.46436611827548,0.0,4062.0238835516643,0.0,272.05383686255897,0.0,203.35770828529138,0.0,7.254870689817606,0.0,10.62671841697684,0.0,24640.30862445296,0.0,13224.144787169322,0.0,13.49072742130414,0.0,12.463912394622085,0.0,10.638363371408973,0.0
Walöl,336.06666666666666,0.0,16.748473278789298,0.0,368.2903272342279,0.0,267.0,0.0,186.01610645110156,0.0,13.608996270509557,0.0,16.34013463836819,0.0,11.642605089069658,0.0,4090.682922063191,0.0,639.1467556091183,0.0,417.31470229766546,0.0,5.787132444565425,0.0,23.864325036195428,0.0,11909.016130284059,0.0,10782.56695150018,0.0,13.608996303445547,0.0,12.87813693862382,0.0,10.680156246441259,0.0
Wanst,321.1490196078431,0.0,16.256041020664078,0.0,328.0801495859209,0.0,224.0,0.0,148.3363676321842,0.0,12.224398252088143,0.0,14.966629547095765,0.0,10.090179716911958,0.0,4058.900059212375,0.0,249.55873108815544,0.0,177.62932458158124,0.0,10.011800940444658,0.0,9.376329740536582,0.0,1680.5703007247369,0.0,4495.824653036854,0.0,12.224398260342635,0.0,11.62215471954687,0.0,9.107729728466946,0.0
Waren,330.6941176470589,0.0,16.504990682105166,0.0,310.71532508404255,0.0,171.0,0.0,115.41729649495728,0.0,11.605141295417317,0.0,13.076696830622021,0.0,9.003807146188842,0.0,4058.5401939219896,0.0,244.92591681833514,0.0,174.63924785164912,0.0,5.373153581808174,0.0,7.924353886005842,0.0,2972.6019069464564,0.0,1778.658788855209,0.0,11.60514134634726,0.0,10.016254856970395,0.0,8.098572136149487,0.0
Warte,302.36470588235295,0.0,15.784704416063642,0.0,333.7485862765967,0.0,205.0,0.0,141.57285763141374,0.0,12.441479958044463,0.0,14.317821063276353,0.0,10.070246982596863,0.0,4058.8423472508107,0.0,251.24793694823327,0.0,179.7541979372625,0.0,8.913596188657523,0.0,8.302860026136944,0.0,13875.13811679454,0.0,3400.5187967867523,0.0,12.441479881965805,0.0,11.061016378298968,0.0,9.160799327666776,0.0
Wartu,310.45490196078435,0.0,16.021008890661776,0.0,347.3845317482193,0.0,236.0,0.0,161.21917462089226,0.0,12.87467705548417,0.0,15.362291495737216,0.0,10.678653407858446,0.0,4059.0073882308343,0.0,256.1176778443329,0.0,182.7094225390884,0.0,8.202117805603706,0.0,17.091837934282744,0.0,13876.88776067668,0.0,3400.5874527537153,0.0,12.874677038424315,0.0,11.772674111588776,0.0,9.716968488566396,0.0
Warze,316.79215686274506,0.0,16.165030298045117,0.0,326.15405320686637,0.0,197.0,0.0,133.522120542383,0.0,12.126596339283623,0.0,14.035668847618199,0.0,9.70371121462136,0.0,4059.3103129557585,0.0,258.36663034246686,0.0,185.1862628953044,0.0,6.597315695334414,0.0,11.789092666438409,0.0,4603.65260669748,0.0,4337.831143352266,0.0,12.126596472956347,0.0,10.610983983713142,0.0,8.780856821610504,0.0
Watte,301.10588235294114,0.0,15.804906309027572,0.0,339.05448517031385,0.0,223.0,0.0,152.82103797035626,0.0,12.639898436458612,0.0,14.933184523068078,0.0,10.420849436537592,0.0,4058.9021133846677,0.0,253.04402756969367,0.0,180.81242888465985,0.0,8.943818930710913,0.0,8.613406602357111,0.0,13875.142108080112,0.0,3400.0182432480487,0.0,12.639898355395184,0.0,11.503289276058918,0.0,9.5249214866226,0.0
Wcllz,300.2313725490196,0.0,15.915244083361943,0.0,384.17189349988575,0.0,291.0,0.0,203.5202152954943,0.0,14.111926864040969,0.0,17.05872210923198,0.0,12.180438288456324,0.0,4087.9370810081427,0.0,669.2237807436045,0.0,458.0456977849633,0.0,7.37588785559675,0.0,26.27192414720512,0.0,24641.40790263314,0.0,13224.262444909678,0.0,14.111927820424686,0.0,13.147304057743,0.0,11.239862000303871,0.0
Wcrzq,329.25882352941176,0.0,16.539349000473905,0.0,361.1557193553896,0.0,243.0,0.0,169.45272835686498,0.0,13.282538447492085,0.0,15.588457268119896,0.0,11.11227554553256,0.0,1388089.9279931632,0.0,305256.8027653167,0.0,294102.75973606325,0.0,7.046230970813788,0.0,387.6598860173923,0.0,4625.305410343193,0.0,4354.393648223895,0.0,13.282538553467417,0.0,12.052959968448926,0.0,10.160463123642378,0.0
Wctfn,312.0156862745098,0.0,16.07483460487261,0.0,363.22458267864965,0.0,258.0,0.0,177.01498504828993,0.0,13.341421032236028,0.0,16.06237840420901,0.0,11.21001675142759,0.0,4062.533255555101,0.0,278.7896716269807,0.0,202.3968947049865,0.0,6.368405185630385,0.0,19.623305709500737,0.0,21865.81710982558,0.0,5820.937828553019,0.0,13.341421018523159,0.0,12.226313952019101,0.0,10.27185023961726,0.0
Wdspr,363.8039215686274,0.0,17.39417500504445,0.0,361.9124697185678,0.0,243.0,0.0,171.55427128003254,0.0,13.369255901602592,0.0,15.588457268119896,0.0,11.279211906574234,0.0,7776.058746011738,0.0,1375.8006011388463,0.0,1327.3299898822631,0.0,7.7593641189373415,0.0,34.729497717627744,0.0,28940.639130122818,0.0,3079.8599947218645,0.0,13.369255935260403,0.0,12.37256037158913,0.0,10.280981480201755,0.0
Webeh,383.5960784313726,0.0,17.91042816739906,0.0,335.58283857499606,0.0,197.0,0.0,137.4816658423934,0.0,12.454941008961283,0.0,14.035668847618199,0.0,10.022685828916165,0.0,4066.386127095346,0.0,341.3149269244356,0.0,245.0455153842164,0.0,3.2552234985374984,0.0,17.707568673397656,0.0,2969.641065082543,0.0,1779.1209376322263,0.0,12.45494102720659,0.0,11.443326541124875,0.0,9.133401415151305,0.0
Wechs,337.8470588235294,0.0,16.646041678896154,0.0,315.215200901665,0.0,185.0,0.0,123.25667373370759,0.0,11.725714705154877,0.0,13.601470508735444,0.0,9.27268002670426,0.0,4058.9444504619455,0.0,249.34075535506253,0.0,178.0394123257186,0.0,5.313928404220326,0.0,11.443477677962163,0.0,13281.032562296616,0.0,5769.004528901149,0.0,11.725714888004502,0.0,10.54585683796148,0.0,8.271647500713108,0.0
Wefle,322.61176470588236,0.0,16.460730009603402,0.0,358.9293774352583,0.0,240.0,0.0,168.48368934464256,0.0,13.289856837928747,0.0,15.491933384829668,0.0,11.102049114956007,0.0,4061.9473210526376,0.0,288.34977995262636,0.0,217.55969615556603,0.0,7.1197536701218445,0.0,17.915689373214263,0.0,24644.40208366163,0.0,13228.534294196596,0.0,13.289857721768197,0.0,12.161708426710895,0.0,10.227656984872834,0.0
Wehen,370.79999999999995,0.0,17.57580998137342,0.0,317.23833698717476,0.0,182.0,0.0,123.50609781551364,0.0,11.869683709873133,0.0,13.490737563232042,0.0,9.344165417260886,0.0,4058.94099255409,0.0,246.44419361495605,0.0,176.14190680047727,0.0,3.5752016805195255,0.0,8.626607990801311,0.0,2968.05511788007,0.0,1777.7007780664749,0.0,11.869683726926569,0.0,10.679884810915878,0.0,8.463183752082605,0.0
Weher,343.7294117647059,0.0,16.882331078758817,0.0,317.53214791825326,0.0,186.0,0.0,124.78844666377631,0.0,11.837332549462515,0.0,13.638181696985855,0.0,9.348514336272046,0.0,4059.0137625811863,0.0,247.8008288544586,0.0,176.97328552193605,0.0,8.410271252597157,0.0,9.795827699100215,0.0,2972.228998007313,0.0,1778.2755568031482,0.0,11.837332535475776,0.0,10.747837910544185,0.0,8.42480758375779,0.0
Wehre,343.7294117647059,0.0,16.882331078758817,0.0,331.98388466452764,0.0,205.0,0.0,140.20322544300365,0.0,12.372157173471374,0.0,14.317821063276353,0.0,9.988508582034381,0.0,4059.1888866975014,0.0,252.8261964624535,0.0,181.0944871755952,0.0,7.060030180942503,0.0,12.112832698081418,0.0,2461.0517278745538,0.0,2727.795626053177,0.0,12.372157423683763,0.0,11.242659857762538,0.0,9.084838915980466,0.0
Weide,345.32941176470587,0.0,17.04654820906292,0.0,334.64617802487805,0.0,206.0,0.0,141.73183328091736,0.0,12.444221296810063,0.0,14.352700094407323,0.0,10.111390256710134,0.0,4079.1071751384184,0.0,268.806890576034,0.0,197.94818732785913,0.0,4.687469021409066,0.0,10.082781503866467,0.0,1045.2775161577351,0.0,7604.733190345074,0.0,12.44422081278911,0.0,11.238865555012692,0.0,9.187527068426238,0.0
Weine,329.3450980392157,0.0,16.599001280851883,0.0,313.7149377251748,0.0,188.0,0.0,125.15116058893226,0.0,11.725612016606183,0.0,13.711309200802088,0.0,9.324739523042645,0.0,4058.724315620036,0.0,246.6249575964226,0.0,175.66953538559062,0.0,4.9789828265306895,0.0,8.024660040195718,0.0,17854.169207407595,0.0,8526.67300211078,0.0,11.725612044963672,0.0,10.490154330801925,0.0,8.401989494581311,0.0
Welle,316.43137254901956,0.0,16.377956134259154,0.0,360.91000524910226,0.0,246.0,0.0,174.37739687015267,0.0,13.449989286568435,0.0,15.684387141358123,0.0,11.349953453637575,0.0,4062.018485069906,0.0,271.12737421732965,0.0,202.87501919648696,0.0,7.392602430363649,0.0,10.946589918421228,0.0,24640.1793839981,0.0,13224.08186454024,0.0,13.449990276568474,0.0,12.269486616616703,0.0,10.5132006485048,0.0
Welpe,351.96078431372547,0.0,17.206298749220974,0.0,340.35100530043337,0.0,211.0,0.0,147.3997229914848,0.0,12.668869110505046,0.0,14.52583904633395,0.0,10.39419369491991,0.0,4524.502938376246,0.0,628.1734402048062,0.0,573.722760767312,0.0,4.36472277515662,0.0,23.470779678979937,0.0,28939.80264618509,0.0,3081.4856083648206,0.0,12.66886912740254,0.0,11.493836048588388,0.0,9.493183195787648,0.0
Werft,298.42745098039217,0.0,15.745935074080876,0.0,356.5252168062965,0.0,248.0,0.0,168.61511955032924,0.0,13.094987468944653,0.0,15.748015748023622,0.0,10.904961192428086,0.0,4059.937935119741,0.0,275.8377866485805,0.0,200.56697185458256,0.0,10.68533168908333,0.0,13.562538484254176,0.0,21866.07889309536,0.0,5820.867311277453,0.0,13.094987542294708,0.0,12.155589443869285,0.0,9.928488655608641,0.0
Werke,343.15294117647056,0.0,16.819501323157823,0.0,328.6004912896535,0.0,199.0,0.0,135.47798348236097,0.0,12.222740175428116,0.0,14.106735979665885,0.0,9.79681412680997,0.0,4059.3996232812447,0.0,269.5947375477893,0.0,190.58053896311188,0.0,4.610780627587924,0.0,11.444168134746057,0.0,5969.127072870668,0.0,5524.885053717531,0.0,12.22274023989193,0.0,10.79815062208501,0.0,8.868163913519998,0.0
Wernt,312.278431372549,0.0,16.116908050421102,0.0,317.6486735972351,0.0,202.0,0.0,132.29805676442345,0.0,11.825271036668346,0.0,14.212670403551895,0.0,9.49856090776046,0.0,4058.5877773814864,0.0,245.47614708022235,0.0,174.8411041473831,0.0,8.559897268615899,0.0,10.433995926624263,0.0,17850.44138761269,0.0,8526.466075325454,0.0,11.82527105610264,0.0,10.842100410256844,0.0,8.493843084983997,0.0
Werte,301.09411764705885,0.0,15.816463179140793,0.0,333.01595108246454,0.0,199.0,0.0,137.58980876095012,0.0,12.397295532538557,0.0,14.106735979665885,0.0,9.93980015877472,0.0,4058.8369445374306,0.0,250.24445791882673,0.0,179.2079450554518,0.0,9.074668503590674,0.0,8.692265143013378,0.0,13874.930565877432,0.0,3400.2759570382905,0.0,12.39729548118144,0.0,10.841460792144455,0.0,9.015145999450258,0.0
Wespe,352.52156862745096,0.0,17.09406096909757,0.0,325.64449451608385,0.0,179.0,0.0,124.6041036719967,0.0,12.084542364457576,0.0,13.379088160259652,0.0,9.54966930576263,0.0,4523.434431753988,0.0,626.2407285552878,0.0,572.0445313549508,0.0,4.197032319017199,0.0,23.693315365409404,0.0,28939.432599329717,0.0,3079.4912017280953,0.0,12.084542428335723,0.0,10.523274160544524,0.0,8.53722752330492,0.0
Weste,308.6941176470589,0.0,15.989629953551727,0.0,334.7311960278714,0.0,199.0,0.0,138.24858466919721,0.0,12.444944994264054,0.0,14.106735979665885,0.0,9.993384526643965,0.0,4059.135280598492,0.0,253.40079992638397,0.0,182.01973426010753,0.0,8.5066068080772,0.0,10.023382357016109,0.0,13873.787043088467,0.0,3399.6011617474314,0.0,12.444944948936747,0.0,10.819998884256359,0.0,9.004149200450287,0.0
Wette,299.83529411764704,0.0,15.836624559285259,0.0,338.3218499761816,0.0,217.0,0.0,148.83798909989264,0.0,12.596410022648012,0.0,14.730919862656235,0.0,10.294846083592631,0.0,4058.896710750841,0.0,252.04769942817555,0.0,180.2693826862994,0.0,9.108093517579817,0.0,8.877497304880643,0.0,13874.94465298789,0.0,3399.78880433548,0.0,12.596409965898623,0.0,11.2923360273818,0.0,9.384921011700373,0.0
Weuns,345.1137254901961,0.0,16.92459518976931,0.0,316.388323245225,0.0,200.0,0.0,130.50725173576376,0.0,11.765918832884646,0.0,14.142135623730951,0.0,9.43712635912716,0.0,4058.7852242307426,0.0,250.05461197276833,0.0,178.15495117462248,0.0,5.789936543311019,0.0,12.760607553410876,0.0,17850.3569591975,0.0,8526.364521166528,0.0,11.765918833606298,0.0,10.858612216986247,0.0,8.405217579829804,0.0
Whhgp,454.01960784313724,0.0,19.44691568851555,0.0,396.9351351727133,0.0,280.0,0.0,201.3405120120218,0.0,14.373953311028341,0.0,16.73320053068151,0.0,12.298127318045493,0.0,8735.500139581585,0.0,1203.9948789882035,0.0,1144.4736261999299,0.0,3.643772484544174,0.0,41.55917548979721,0.0,25192.247423922196,0.0,9871.999387158665,0.0,14.373953302096718,0.0,13.84882716132894,0.0,11.317411947315888,0.0
Whlzz,345.33333333333337,0.0,17.068862495706828,0.0,382.99328945067373,0.0,295.0,0.0,203.61697238892611,0.0,14.042611827088091,0.0,17.175564037317667,0.0,12.106195036871476,0.0,4088.4536032407436,0.0,693.6508427021911,0.0,475.2370661815525,0.0,8.487146007768851,0.0,27.070929151521163,0.0,4614.5088616544235,0.0,4339.274395459937,0.0,14.042611898352495,0.0,13.210147764823525,0.0,11.15668948518304,0.0
Wichs,321.88235294117646,0.0,16.275670168886034,0.0,329.11228448157306,0.0,214.0,0.0,142.61800988245875,0.0,12.216077260432716,0.0,14.628738838327793,0.0,9.946249306977004,0.0,4059.0363850761605,0.0,250.8352606442576,0.0,178.9351010408269,0.0,5.111949249200371,0.0,11.27818113821122,0.0,13283.066805642693,0.0,5769.238598810316,0.0,12.216077514158194,0.0,11.134383324479815,0.0,8.944610292066319,0.0
Wicht,313.0235294117647,0.0,16.125379090942488,0.0,330.8254814128097,0.0,226.0,0.0,148.92701889363957,0.0,12.265164179778205,0.0,15.033296378372908,0.0,10.08999764817008,0.0,4058.8400217181966,0.0,247.22834844847205,0.0,175.8378978034163,0.0,6.184514589439247,0.0,9.211709158605458,0.0,13283.569928798717,0.0,5769.171318111825,0.0,12.265164484952757,0.0,11.489385429030332,0.0,9.102563478066843,0.0
Wiese,309.87450980392157,0.0,16.035542030988687,0.0,324.7843696520845,0.0,195.0,0.0,132.48446742705238,0.0,12.074512388585582,0.0,13.96424004376894,0.0,9.660329822539245,0.0,4058.9555922080076,0.0,247.75901130922935,0.0,176.88614370795364,0.0,5.935153073589208,0.0,8.821100256903772,0.0,1675.9590748997527,0.0,4495.890966773078,0.0,12.074512382275401,0.0,10.631299422253495,0.0,8.71758030401472,0.0
Wilfi,290.6823529411765,0.0,15.702519039653984,0.0,396.902712259796,0.0,317.0,0.0,220.05162952065172,0.0,14.429355260925542,0.0,17.804493814764857,0.0,12.583111020758277,0.0,4094.575928674391,0.0,375.9926964023134,0.0,280.39678669594474,0.0,9.15223775173208,0.0,19.965814711435566,0.0,21867.48260530412,0.0,5822.642082203936,0.0,14.429355489070403,0.0,13.703451372260425,0.0,11.623747936208623,0.0
Wille,300.4666666666667,0.0,16.001380659384864,0.0,374.80708882901035,0.0,275.0,0.0,193.73873301890387,0.0,13.879566639307644,0.0,16.583123951777,0.0,11.906583212603016,0.0,4062.1103501118646,0.0,272.50241971663917,0.0,203.66151196821323,0.0,6.890880265336349,0.0,11.327850364039165,0.0,24641.191094799447,0.0,13224.217726778596,0.0,13.879567478896945,0.0,12.77887701324145,0.0,11.05048811004075,0.0
Winde,356.51372549019607,0.0,17.325675266855207,0.0,336.2044746705758,0.0,216.0,0.0,147.8279148593715,0.0,12.520808935564265,0.0,14.696938456699069,0.0,10.276773941465528,0.0,4078.9768188471858,0.0,267.51150529142006,0.0,197.01818109076325,0.0,3.5095575311466116,0.0,10.384001906396842,0.0,982.0788418842283,0.0,7604.739062730246,0.0,12.520808989873986,0.0,11.532444783525257,0.0,9.37058658608332,0.0
Wirin,297.49411764705883,0.0,15.78074152733748,0.0,359.73604770385873,0.0,257.0,0.0,176.75935685327624,0.0,13.333213494891115,0.0,16.0312195418814,0.0,11.208811727464184,0.0,4059.294645395081,0.0,259.3725053018564,0.0,185.99426412780147,0.0,7.526952271634131,0.0,11.558066230247087,0.0,8155.29706673429,0.0,4923.286481265112,0.0,13.333214085644903,0.0,12.119453036994981,0.0,10.298677057070158,0.0
Wisch,321.88235294117646,0.0,16.275670168886034,0.0,345.8343305584944,0.0,221.0,0.0,151.5632131290262,0.0,12.763442797130478,0.0,14.866068747318506,0.0,10.402351797851411,0.0,4066.2833640036674,0.0,340.06508330327625,0.0,243.67227514516424,0.0,6.011581602694173,0.0,13.698907516663015,0.0,446.36259536264123,0.0,1446.5454960449888,0.0,12.763442807458363,0.0,11.370000971616548,0.0,9.390599601991694,0.0
Witin,296.2352941176471,0.0,15.800948486950844,0.0,365.0419465975758,0.0,275.0,0.0,188.00753719221873,0.0,13.51854988665254,0.0,16.583123951777,0.0,11.524829240827096,0.0,4059.354404869723,0.0,261.11271622521565,0.0,187.01718918736856,0.0,7.5852410061919695,0.0,12.060843482169002,0.0,8155.015835756509,0.0,4922.982945782256,0.0,13.518550557044852,0.0,12.52440512327546,0.0,10.623871010425097,0.0
Witwe,327.10196078431375,0.0,16.51421253606343,0.0,380.6895262131237,0.0,280.0,0.0,195.67072160948499,0.0,13.940455074508751,0.0,16.73320053068151,0.0,11.934519735693517,0.0,36994.72026938989,0.0,4237.757017507894,0.0,3457.613843198541,0.0,4.767088803479258,0.0,48.16839453224943,0.0,7582.716924533693,0.0,1258.127861128403,0.0,13.940455088755026,0.0,12.725682231002851,0.0,11.003293559555061,0.0
Witze,298.29803921568623,0.0,15.835299944642461,0.0,344.6244004863593,0.0,238.0,0.0,160.148588159613,0.0,12.754356862435213,0.0,15.427248620541512,0.0,10.567936096042127,0.0,4059.456595286224,0.0,260.582709215813,0.0,186.54535284043777,0.0,6.264612382197022,0.0,11.94710668878975,0.0,4608.561431963866,0.0,4337.528860975806,0.0,12.754356918866593,0.0,11.424672635124239,0.0,9.635654706121235,0.0
Witzi,282.33333333333337,0.0,15.44549967490895,0.0,368.02174223286335,0.0,284.0,0.0,191.59098850477488,0.0,13.516752771097568,0.0,16.852299546352718,0.0,11.577992419765376,0.0,4092.575431768759,0.0,359.5324435127202,0.0,265.03805768885337,0.0,9.365822260367297,0.0,19.0658227993693,0.0,4614.563908355426,0.0,4338.3834605340535,0.0,13.516752772335572,0.0,12.601621745561037,0.0,10.594240525621483,0.0
Wkrfc,327.00392156862745,0.0,16.347459465864457,0.0,379.68559955467276,0.0,267.0,0.0,187.29541445589314,0.0,13.827510884518482,0.0,16.34013463836819,0.0,11.681853372015858,0.0,4155.665608130551,0.0,639.3664536143973,0.0,503.8526724783887,0.0,11.353317594068516,0.0,75.56596794171064,0.0,21866.114196614664,0.0,5821.733141505882,0.0,13.827510801394922,0.0,12.742020002868873,0.0,10.763784365629489,0.0
Wnbnn,391.65882352941173,0.0,18.121178248528867,0.0,336.19151919250373,0.0,227.0,0.0,154.5445525297552,0.0,12.573554205261477,0.0,15.066519173319364,0.0,10.462242789212363,0.0,4061.6289311237438,0.0,260.4942961447215,0.0,187.39110487044238,0.0,3.2201348730102404,0.0,17.98156764670512,0.0,17851.43897005611,0.0,8526.605210624723,0.0,12.57355418549954,0.0,11.946824390182469,0.0,9.565510408074775,0.0
Wngst,362.1098039215686,0.0,17.322416045539033,0.0,368.25854069757924,0.0,266.0,0.0,182.00668700748952,0.0,13.437741931305645,0.0,16.30950643030009,0.0,11.383369100059342,0.0,4948.163382962572,0.0,328.5943735473285,0.0,237.03146637660024,0.0,9.575468660330884,0.0,15.215235283773064,0.0,1699.3269713212615,0.0,4495.979209774681,0.0,13.437741945635567,0.0,12.894000245660191,0.0,10.309013494511648,0.0
Wnstr,303.9921568627451,0.0,15.841739406397991,0.0,354.84135792736424,0.0,247.0,0.0,169.88681752587004,0.0,13.147658376912783,0.0,15.716233645501712,0.0,11.006921191333472,0.0,4059.5399779192558,0.0,263.7180747120297,0.0,189.85213239278735,0.0,12.664141140610088,0.0,18.359765155931523,0.0,13878.904858262473,0.0,3400.46672276391,0.0,13.147658287048134,0.0,11.95809840624767,0.0,10.012052419681032,0.0
Woche,351.9843137254902,0.0,17.010797394279756,0.0,313.8323951898586,0.0,176.0,0.0,119.66135466972156,0.0,11.706013530169589,0.0,13.2664991614216,0.0,9.210426074955281,0.0,4060.080042783501,0.0,254.00257064340215,0.0,181.59013868839133,0.0,4.400642471549647,0.0,9.953416897900453,0.0,13280.389814788632,0.0,5768.990743554523,0.0,11.706013690088865,0.0,10.540632375478085,0.0,8.269435973016817,0.0
Wogon,399.24313725490197,0.0,18.151824566744907,0.0,357.22391402386074,0.0,233.0,0.0,161.38175547482035,0.0,13.069029423795886,0.0,15.264337522473747,0.0,10.791631167294936,0.0,4949.449823468189,0.0,333.8158077201281,0.0,240.37473437115335,0.0,3.706716695289863,0.0,14.364748303199814,0.0,22551.728966557683,0.0,1526.9330228363135,0.0,13.06902942184451,0.0,12.243519483675634,0.0,9.703657484396738,0.0
Wohbo,395.29803921568623,0.0,18.103824198105897,0.0,350.2489287261959,0.0,237.0,0.0,163.49990230283305,0.0,12.968284304377411,0.0,15.394804318340652,0.0,10.817800049960384,0.0,4079.742465574339,0.0,324.69370074518486,0.0,238.9691578697965,0.0,3.019962594372966,0.0,17.951107631147714,0.0,20705.970660893574,0.0,4169.043546845617,0.0,12.968284403681576,0.0,12.598111092443165,0.0,9.811955087551164,0.0
Wohrt,332.43529411764706,0.0,16.578057880093798,0.0,355.5652532268225,0.0,260.0,0.0,175.9421408704883,0.0,13.144794713797783,0.0,16.1245154965971,0.0,11.106604974062291,0.0,4060.610789513495,0.0,264.08273371142946,0.0,189.17997682143562,0.0,11.008332780607759,0.0,12.766557928113116,0.0,2473.760575014501,0.0,2728.126057995935,0.0,13.144794813058269,0.0,12.731287941302686,0.0,10.129465952382567,0.0
Wolke,356.043137254902,0.0,17.196967356906562,0.0,355.26492997903586,0.0,248.0,0.0,171.84967238625504,0.0,13.193528109880694,0.0,15.748015748023622,0.0,11.120545229578678,0.0,4062.2647288225176,0.0,285.79049152757426,0.0,204.80307264885286,0.0,4.252699631669258,0.0,13.185026282655786,0.0,5969.220959362858,0.0,5525.710185938948,0.0,13.19352815370174,0.0,12.29948976647094,0.0,10.211500730958026,0.0
Wolle,322.28235294117644,0.0,16.48393017043868,0.0,371.15268820872814,0.0,263.0,0.0,187.29469054631159,0.0,13.78144472212898,0.0,16.217274740226856,0.0,11.772816857001738,0.0,4063.3943856994715,0.0,280.16216379548405,0.0,209.38737710385652,0.0,7.607255935370054,0.0,10.832838620959793,0.0,24640.52007790028,0.0,13224.178846660918,0.0,13.781445747616324,0.0,12.818487605644243,0.0,10.914196551441941,0.0
Worbt,330.92549019607844,0.0,16.586487647242443,0.0,342.95657620021296,0.0,232.0,0.0,156.5216104050091,0.0,12.664201369881022,0.0,15.231546211727817,0.0,10.466989613168964,0.0,4066.6105569269835,0.0,262.6835184163725,0.0,187.61571054191518,0.0,7.397318896363969,0.0,15.04729652276249,0.0,20707.23123450522,0.0,4168.84234864688,0.0,12.6642015125434,0.0,12.008884530039484,0.0,9.436321695924976,0.0
Worfo,327.27450980392155,0.0,16.38789465180932,0.0,366.8046051946409,0.0,253.0,0.0,176.43885493329208,0.0,13.453309302295287,0.0,15.905973720586866,0.0,11.283073473232678,0.0,4074.058864149994,0.0,340.94187925934034,0.0,253.17054627274004,0.0,6.6912426608151385,0.0,16.89641199847241,0.0,21865.77303213006,0.0,5821.222987446423,0.0,13.45330927553355,0.0,12.549397772623365,0.0,10.281608869308739,0.0
Worte,306.94509803921574,0.0,15.926173872757323,0.0,343.2586340420904,0.0,216.0,0.0,150.50710243710898,0.0,12.756133557680847,0.0,14.696938456699069,0.0,10.420048010692788,0.0,4060.2139233082676,0.0,260.00591087833214,0.0,186.54835257234384,0.0,9.185231726520486,0.0,9.281187448422264,0.0,13875.71659761909,0.0,3400.6778552312935,0.0,12.75613348646048,0.0,11.45908346161223,0.0,9.479723335826348,0.0
Wotan,335.28627450980395,0.0,16.629353387284795,0.0,332.63115701455627,0.0,223.0,0.0,149.95534895642066,0.0,12.405465384000252,0.0,14.933184523068078,0.0,10.222280649474763,0.0,4060.131316968098,0.0,261.46682870958205,0.0,186.18876950947168,0.0,5.6311930914497506,0.0,11.623921131669142,0.0,7608.754739142072,0.0,10093.15105795087,0.0,12.405465318326215,0.0,11.511246367481418,0.0,9.242721034778244,0.0
Wprms,387.6,0.0,17.89346060251392,0.0,432.00826100439076,0.0,336.0,0.0,243.01689086735024,0.0,15.425673973993066,0.0,18.33030277982336,0.0,13.55874825037625,0.0,4580.600217023961,0.0,1277.241622487302,0.0,1087.2645843297882,0.0,5.299726875337434,0.0,22.927271655889502,0.0,4501.806271786465,0.0,737.6837428955213,0.0,15.425674250082974,0.0,15.335795368438811,0.0,12.64531553524213,0.0
Wprst,319.4901960784314,0.0,16.25550792408684,0.0,357.4150117408458,0.0,252.0,0.0,172.99605306959964,0.0,13.196603799629765,0.0,15.874507866387544,0.0,11.124353646252121,0.0,4507.867232148412,0.0,990.6541925592533,0.0,919.3865450253169,0.0,12.993120203032884,0.0,20.296606793995203,0.0,1692.276562153434,0.0,4496.186679120225,0.0,13.196603840298096,0.0,12.503032602526329,0.0,10.123048132435137,0.0
Wrack,330.9411764705883,0.0,16.384805556777604,0.0,352.25602574448885,0.0,245.0,0.0,167.43798971879096,0.0,12.999364477527909,0.0,15.652475842498529,0.0,10.925203933385738,0.0,4070.7087285572725,0.0,414.36502591090465,0.0,295.21202270311585,0.0,5.145089400236874,0.0,16.520234070298887,0.0,494.3382479509688,0.0,1448.7089143165776,0.0,12.999364474521624,0.0,12.053204079121024,0.0,10.019800583447841,0.0
Wrllr,284.65882352941173,0.0,15.480112876071079,0.0,382.74028236702617,0.0,291.0,0.0,204.08151060404214,0.0,14.11968625087138,0.0,17.05872210923198,0.0,12.20646119197194,0.0,4062.425615123585,0.0,280.3344502063738,0.0,209.50494974375627,0.0,10.096071608458125,0.0,15.283738741133966,0.0,24643.19566131008,0.0,13224.418590347728,0.0,14.119687166818817,0.0,12.990688965350953,0.0,11.302394976633746,0.0
Wtstv,286.39607843137253,0.0,15.397054797085453,0.0,371.85507486425854,0.0,269.0,0.0,186.6688724082935,0.0,13.663852972661454,0.0,16.401219466856727,0.0,11.591100626151427,0.0,4077.650372096185,0.0,337.3428131720817,0.0,228.22197057468895,0.0,8.658964335510287,0.0,76.29306558230542,0.0,13878.825975786322,0.0,3402.5737163629315,0.0,13.663852847406224,0.0,12.376419750209804,0.0,10.511628635925446,0.0
Wuchs,345.9372549019607,0.0,16.87028559176496,0.0,327.6964033917748,0.0,207.0,0.0,139.51657572618666,0.0,12.196696703542115,0.0,14.38749456993816,0.0,9.89978639577493,0.0,4059.1427511910597,0.0,253.6116392952869,0.0,181.44805186598597,0.0,5.485517380669114,0.0,12.06478062850626,0.0,13282.979165052657,0.0,5769.499465389234,0.0,12.19669686418424,0.0,11.137714252603711,0.0,8.927479821402942,0.0
Wucht,337.07843137254906,0.0,16.725338481715426,0.0,329.40960032301155,0.0,219.0,0.0,145.82558473736748,0.0,12.245861309121878,0.0,14.798648586948742,0.0,10.04419971652832,0.0,4058.9463929788667,0.0,250.04477974980637,0.0,178.3944826652306,0.0,7.231124557357426,0.0,10.489649100204893,0.0,13283.353316655093,0.0,5769.414741024555,0.0,12.245861521617545,0.0,11.492613466612257,0.0,9.08573082131674,0.0
Wulti,300.25882352941176,0.0,15.963728590987774,0.0,385.31625104883483,0.0,299.0,0.0,208.74650632632623,0.0,14.164630172480054,0.0,17.291616465790582,0.0,12.292380727991612,0.0,4093.6344054535057,0.0,360.75568904952667,0.0,267.8160013353797,0.0,12.505792736647788,0.0,19.461367042381468,0.0,13878.120220783192,0.0,3403.8154297227784,0.0,14.164630026371128,0.0,13.399725910827595,0.0,11.357059984472185,0.0
Wunde,380.56862745098044,0.0,17.88541640426255,0.0,334.78859358077756,0.0,209.0,0.0,144.7264807030994,0.0,12.501900785330193,0.0,14.45683229480096,0.0,10.23181206089199,0.0,4079.0826649955857,0.0,270.1165323834354,0.0,199.30325843242846,0.0,3.3160971507343837,0.0,10.597445676721852,0.0,976.0601153817468,0.0,7604.872875159471,0.0,12.501900500256658,0.0,11.535660708765473,0.0,9.354236207508942,0.0
Wurst,300.89803921568625,0.0,15.776004633105794,0.0,342.7625540855,0.0,235.0,0.0,158.20374974866212,0.0,12.692174995061603,0.0,15.329709716755891,0.0,10.50054099779208,0.0,4059.134305238576,0.0,252.91002065292844,0.0,180.74593004758322,0.0,11.855735154565341,0.0,9.926075109527018,0.0,1702.0040836662897,0.0,4496.539240440698,0.0,12.692175044845893,0.0,11.60888881833669,0.0,9.47861911566161,0.0
Wvnkt,347.92549019607844,0.0,16.976237774641383,0.0,364.03739622295717,0.0,279.0,0.0,188.8635264992987,0.0,13.420880000059233,0.0,16.703293088490067,0.0,11.507447357087266,0.0,4097.531269620437,0.0,691.5551063983232,0.0,512.720699452718,0.0,5.902195996901549,0.0,112.97255689711699,0.0,5978.606530792168,0.0,5525.9734594953225,0.0,13.42087998851458,0.0,12.852599023963515,0.0,10.53726691112422,0.0
Wärkt,339.7882352941176,0.0,16.680180910806218,0.0,352.69374459045105,0.0,256.0,0.0,172.28458008640132,0.0,13.01564636689265,0.0,16.0,0.0,10.973010232816373,0.0,4060.713372032404,0.0,305.4660760540087,0.0,212.8060892973479,0.0,7.704718253470152,0.0,14.08933705963202,0.0,5976.733000071641,0.0,5525.522091018535,0.0,13.015646404636586,0.0,12.487457715946567,0.0,10.030740260181958,0.0
Wölfe,340.9764705882353,0.0,16.859215772931954,0.0,380.1427124765769,0.0,270.0,0.0,191.01361884574635,0.0,13.915953121788887,0.0,16.431676725154983,0.0,11.838315820222304,0.0,4064.298256886649,0.0,318.4839326916558,0.0,229.4526409859485,0.0,7.559990332785114,0.0,16.581064334848058,0.0,21865.47462026967,0.0,5822.2427439117555,0.0,13.915953173886141,0.0,13.037023929619693,0.0,10.92252486170072,0.0
Würfe,336.17647058823525,0.0,16.700288578361103,0.0,365.95947627730436,0.0,242.0,0.0,170.39837053755946,0.0,13.423962902948439,0.0,15.556349186104045,0.0,11.14468220945686,0.0,4061.5050081212594,0.0,288.5166983185454,0.0,212.82948458583465,0.0,7.985106634688839,0.0,15.427573684021764,0.0,21866.22085059784,0.0,5822.12385995428,0.0,13.423962736181124,0.0,12.109135698158608,0.0,10.222487728536311,0.0
Wüten,348.76862745098043,0.0,17.069213874216263,0.0,338.06153385730425,0.0,215.0,0.0,147.28730070199214,0.0,12.568685600701448,0.0,14.66287829861518,0.0,10.234103999338203,0.0,4060.207200833245,0.0,261.50419120023327,0.0,189.90175072043226,0.0,6.09029672210901,0.0,12.46293148761122,0.0,2981.175485515919,0.0,1780.6416443101232,0.0,12.568685659298405,0.0,11.237611775995086,0.0,9.335267932135402,0.0
Xbllm,384.59215686274507,0.0,18.229585022386757,0.0,447.1733380276448,0.0,389.0,0.0,279.7009132552745,0.0,16.01117188008729,0.0,19.72308292331602,0.0,14.469943725930175,0.0,861.3761738869414,0.0,526.2867643519684,0.0,387.9916950367514,0.0,5.927471100016656,0.0,268.6906380220366,0.0,24641.495522311277,0.0,13225.30172014041,0.0,16.011172829098477,0.0,16.61751386855265,0.0,13.680265857887177,0.0
Xdgzr,378.1372549019608,0.0,17.94738390418585,0.0,372.16675413301687,0.0,282.0,0.0,193.84050939807713,0.0,13.673157222891527,0.0,16.792855623746664,0.0,11.771950805822607,0.0,6955.505615655285,0.0,1248.6830476438033,0.0,1210.6770272059573,0.0,8.50612202758127,0.0,268.706123197814,0.0,4603.888764869038,0.0,4339.297419803359,0.0,13.67315725840375,0.0,13.399751627405227,0.0,10.832791370673208,0.0
Xnprt,332.17647058823525,0.0,16.821734444213813,0.0,346.61234297241083,0.0,262.0,0.0,175.5262197572688,0.0,12.941917035282744,0.0,16.186414056238647,0.0,11.014378381105896,0.0,1769.47854992246,0.0,454.5186856530954,0.0,420.89959643367916,0.0,10.316531782466969,0.0,268.35220255282104,0.0,2479.0535477814856,0.0,2731.309942249165,0.0,12.941917146084371,0.0,12.867204935042766,0.0,10.162400312991824,0.0
Zahan,353.5647058823529,0.0,17.27015413249379,0.0,302.5522198292716,0.0,186.0,0.0,121.22177356505567,0.0,11.410310662566012,0.0,13.638181696985855,0.0,9.010574405907832,0.0,607.4642440110252,0.0,132.92698894030642,0.0,105.32528554738727,0.0,2.8542023869521995,0.0,24.12505609949431,0.0,7607.604438842987,0.0,10093.132271463606,0.0,11.410310569233904,0.0,10.939943324312873,0.0,8.15211068793326,0.0
Zahga,384.6117647058823,0.0,17.985205590876564,0.0,332.31931764644537,0.0,207.0,0.0,141.12245981236555,0.0,12.335420999073374,0.0,14.38749456993816,0.0,9.987554921796498,0.0,4815.701941741913,0.0,365.14050445152037,0.0,274.45296901647816,0.0,4.903067195024688,0.0,26.396335732343356,0.0,25191.49200646058,0.0,9871.839316807316,0.0,12.33542099151041,0.0,11.792605692947275,0.0,9.018328195088948,0.0
Zahmt,374.92941176470583,0.0,17.84025790170173,0.0,392.0574424582301,0.0,307.0,0.0,213.70559318885086,0.0,14.32233532584095,0.0,17.52141546793523,0.0,12.444444714841312,0.0,1015.0912377804073,0.0,815.5737915285989,0.0,588.821791420384,0.0,5.0181447633601115,0.0,25.03820147493018,0.0,4502.301920048644,0.0,733.0467132980909,0.0,14.322335474615782,0.0,14.824016479319985,0.0,11.63048506662627,0.0
Zanga,370.3058823529411,0.0,17.659922109235577,0.0,322.12983334557947,0.0,195.0,0.0,131.46008062688313,0.0,11.973687065386686,0.0,13.96424004376894,0.0,9.584331806958756,0.0,4815.32472494564,0.0,363.3720008080563,0.0,272.9718089069225,0.0,4.725514744147219,0.0,25.671571417961935,0.0,25191.483980000397,0.0,9871.76662201277,0.0,11.973687057341714,0.0,11.35143667961338,0.0,8.624565213116266,0.0
Zarig,326.0,0.0,16.636922940291097,0.0,355.34149739224165,0.0,239.0,0.0,165.32098902124872,0.0,13.118260846413067,0.0,15.459624833740307,0.0,10.889852491167819,0.0,6096.846451835111,0.0,591.4110402325339,0.0,452.593605884087,0.0,6.751060341590729,0.0,24.894201376862082,0.0,8153.011508587861,0.0,4923.059475365089,0.0,13.118261654690711,0.0,12.455100821513772,0.0,9.984014472468568,0.0
Zatat,282.59999999999997,0.0,15.496703026466747,0.0,305.0468449045888,0.0,203.0,0.0,128.90243929285126,0.0,11.41335024648025,0.0,14.247806848775006,0.0,9.160929606871074,0.0,605.3271465522294,0.0,131.8487215538817,0.0,103.66104278877022,0.0,6.517990801192655,0.0,24.512598866152445,0.0,7611.018090541101,0.0,10093.009755033245,0.0,11.41335026908151,0.0,11.054689011289732,0.0,8.22101318492592,0.0
Zauga,367.2117647058824,0.0,17.600979054240707,0.0,325.51651712840754,0.0,200.0,0.0,133.56881360386672,0.0,12.027325427070101,0.0,14.142135623730951,0.0,9.62356450935098,0.0,4815.3604802859045,0.0,364.0750108560297,0.0,273.2621717394501,0.0,4.690153867170556,0.0,26.492287569975918,0.0,25192.032821574972,0.0,9871.708421756282,0.0,12.027325421001251,0.0,11.353940481183283,0.0,8.602160690009873,0.0
Zbgtn,374.6,0.0,17.935579969297436,0.0,372.31153986834454,0.0,263.0,0.0,184.37451498410138,0.0,13.67600152686441,0.0,16.217274740226856,0.0,11.577088983615415,0.0,2915.269520491513,0.0,309.2396185004285,0.0,246.92926104665372,0.0,4.829987470936296,0.0,34.85866661399913,0.0,13876.243696759357,0.0,3400.3483478068915,0.0,13.676001535735585,0.0,13.36244663833851,0.0,10.668687627336308,0.0
Zcchc,299.3921568627451,0.0,15.823424447497915,0.0,289.7930054773648,0.0,151.0,0.0,97.04107553572504,0.0,10.765559286355499,0.0,12.288205727444508,0.0,8.021725678602834,0.0,946.6787032602093,0.0,120.0122648486346,0.0,97.51758733442546,0.0,4.009154612222791,0.0,64.91752699091464,0.0,13281.550224352357,0.0,5768.9869791619685,0.0,10.765559487495247,0.0,9.697111553869508,0.0,7.1116726379868735,0.0
Zckhr,335.3843137254902,0.0,16.793177520244683,0.0,322.6307088096819,0.0,214.0,0.0,140.4498056552129,0.0,12.038063981832185,0.0,14.628738838327793,0.0,9.75059015263883,0.0,634.0008996902818,0.0,206.41298910148407,0.0,152.52544467568407,0.0,4.303502247645382,0.0,34.995262249507036,0.0,13283.8148888997,0.0,5769.343874274176,0.0,12.038064140637466,0.0,11.424753254291486,0.0,8.840952623652155,0.0
Zebre,322.44313725490196,0.0,16.632769682082216,0.0,314.27478017344845,0.0,182.0,0.0,122.22060832248378,0.0,11.741176945725856,0.0,13.490737563232042,0.0,9.216745654648967,0.0,623.5006726063907,0.0,141.00473549796186,0.0,113.5000506970846,0.0,4.2795335100000536,0.0,24.70225176037429,0.0,2466.1805520634325,0.0,2727.4937845164313,0.0,11.741177232633714,0.0,10.865130758382776,0.0,8.364128040443452,0.0
Zefet,294.53725490196075,0.0,15.924591135883508,0.0,306.34955346134916,0.0,182.0,0.0,116.87627046884455,0.0,11.368606442532116,0.0,13.490737563232042,0.0,8.797651325321612,0.0,613.275407558389,0.0,163.1926422017625,0.0,134.10204059939116,0.0,6.482824648862333,0.0,27.684615839308673,0.0,3014.034803065582,0.0,1813.0910747523233,0.0,11.36860644132016,0.0,10.604213482381546,0.0,7.883987710058893,0.0
Zehen,351.0235294117647,0.0,17.32816931326928,0.0,294.71969936383647,0.0,157.0,0.0,102.88309737776645,0.0,11.08090990020468,0.0,12.529964086141668,0.0,8.33699468768807,0.0,606.3598059770188,0.0,119.05230547878004,0.0,97.98071036584246,0.0,2.7323625994928165,0.0,22.690751407101807,0.0,2973.4678197198896,0.0,1777.300157008703,0.0,11.080909924245253,0.0,10.081379334608279,0.0,7.531088644124766,0.0
Zehnt,333.878431372549,0.0,16.92931910751463,0.0,302.3856830711612,0.0,194.0,0.0,123.74690651769623,0.0,11.359655885890321,0.0,13.92838827718412,0.0,9.014978852406497,0.0,606.7143585156543,0.0,122.25597162313849,0.0,99.33201154790011,0.0,4.651467437881839,0.0,23.516780947285536,0.0,17850.890486422086,0.0,8526.337966147898,0.0,11.359655884046932,0.0,11.120647493915683,0.0,8.119309299513716,0.0
Zeile,289.53725490196075,0.0,15.88536306502954,0.0,331.3745616266163,0.0,213.0,0.0,145.97472678050485,0.0,12.469718323954385,0.0,14.594519519326424,0.0,10.180324922120693,0.0,618.1010194930915,0.0,156.00582341719326,0.0,131.88399925465274,0.0,5.252934135578896,0.0,23.548262624931468,0.0,24644.734483187527,0.0,13223.88255291538,0.0,12.469719417295606,0.0,11.472474545037297,0.0,9.407902554445574,0.0
Zelle,296.6549019607843,0.0,16.111914919825594,0.0,338.391367625764,0.0,221.0,0.0,153.75439643240549,0.0,12.75928621251331,0.0,14.866068747318506,0.0,10.536294247843703,0.0,626.6294010961562,0.0,164.16078680144872,0.0,140.47249441247223,0.0,4.898824249501937,0.0,23.161006800690572,0.0,24640.818299867515,0.0,13224.008521998376,0.0,12.759287295293628,0.0,11.752215786655412,0.0,9.778507398085504,0.0
Zeugs,356.3843137254902,0.0,17.40711561320684,0.0,328.5133033214093,0.0,200.0,0.0,132.77704611923346,0.0,12.076882980059844,0.0,14.142135623730951,0.0,9.592803630037766,0.0,4815.138099730524,0.0,355.7954685767049,0.0,267.5842992403167,0.0,4.277023147832623,0.0,24.46882137925776,0.0,25192.528713754946,0.0,9871.553311138616,0.0,12.076882976466445,0.0,11.224713197959327,0.0,8.548184305337642,0.0
Zfllm,344.95294117647063,0.0,17.310070895353174,0.0,438.571560165496,0.0,368.0,0.0,263.0211742103132,0.0,15.71982807593551,0.0,19.183326093250876,0.0,13.990142609553285,0.0,956.5225066669295,0.0,742.8018747388213,0.0,619.1120177008663,0.0,8.045084754008004,0.0,41.35975179070665,0.0,24644.544082714667,0.0,13225.492052450121,0.0,15.719828887699867,0.0,15.973826154211105,0.0,13.159238479530517,0.0
Zicke,309.8156862745098,0.0,16.215126718183114,0.0,311.3569474947654,0.0,186.0,0.0,122.69715108611018,0.0,11.615218118565938,0.0,13.638181696985855,0.0,9.122333728934358,0.0,610.5462527419446,0.0,162.12845499977362,0.0,122.03539701917147,0.0,4.0635563518810445,0.0,25.659326288591632,0.0,5972.038750505057,0.0,5524.408522177929,0.0,11.615218088169922,0.0,10.3646533012635,0.0,8.277285605579701,0.0
Zidim,360.55294117647054,0.0,17.664050643074685,0.0,421.5477254959492,0.0,349.0,0.0,246.688574177575,0.0,15.211880934954298,0.0,18.681541692269406,0.0,13.47889728205012,0.0,1086.548036780207,0.0,524.163355147729,0.0,387.0692567964592,0.0,8.171650248965097,0.0,26.002409445762375,0.0,8157.899019691913,0.0,4924.497308458839,0.0,15.21188148998556,0.0,15.775864666088625,0.0,12.66650932473039,0.0
Zihlt,297.88235294117646,0.0,16.120488275886053,0.0,356.461028175849,0.0,273.0,0.0,184.5548092957672,0.0,13.299949819558588,0.0,16.522711641858304,0.0,11.345101118024031,0.0,620.4709526560797,0.0,160.52811173221204,0.0,134.70687393626488,0.0,6.018770302368843,0.0,24.046349054664102,0.0,24642.80114594997,0.0,13223.847148409213,0.0,13.299950618044242,0.0,13.054817407053127,0.0,10.503926242294185,0.0
Zilti,256.4274509803921,0.0,15.049514585971083,0.0,364.2134945152948,0.0,281.0,0.0,191.2249400448511,0.0,13.528009976409134,0.0,16.76305461424021,0.0,11.585196659266279,0.0,806.0082999612383,0.0,286.6755002634782,0.0,222.24768548241082,0.0,7.9805791431715445,0.0,28.424730330709732,0.0,13879.35487301114,0.0,3403.0917358187476,0.0,13.52800975464427,0.0,12.924888064339406,0.0,10.69489523766094,0.0
Zitat,265.36470588235295,0.0,15.131363274865224,0.0,318.21129329036467,0.0,226.0,0.0,144.28072657113879,0.0,11.870435337833452,0.0,15.033296378372908,0.0,9.70863865672341,0.0,605.9071053345197,0.0,132.77184933251687,0.0,104.25577072847454,0.0,5.6441658801127055,0.0,24.614269346395176,0.0,7614.618916524239,0.0,10093.20749230765,0.0,11.870435424949326,0.0,11.408625387524625,0.0,8.747775079129038,0.0
Zjgst,327.84705882352944,0.0,16.737362864197806,0.0,369.1879339841378,0.0,269.0,0.0,182.3306379219395,0.0,13.405212180278593,0.0,16.401219466856727,0.0,11.323561261443926,0.0,1351862.4137211381,0.0,78423.64732150221,0.0,67802.57791725405,0.0,6.760708219452665,0.0,187.73639452355317,0.0,1718.5113865153314,0.0,4499.619527598718,0.0,13.405212122078341,0.0,13.04852817020713,0.0,10.291962196260501,0.0
Zlbqr,340.8156862745098,0.0,17.215493321532477,0.0,346.5670005466184,0.0,240.0,0.0,164.2179350279029,0.0,12.911778586796185,0.0,15.491933384829668,0.0,10.828633626430905,0.0,7872209979810047.0,0.0,7800463371553962.0,0.0,7544671231436474.0,0.0,4.174938938735734,0.0,8612.736825468593,0.0,21146.92832276152,0.0,6003.87806948057,0.0,12.351670451180391,0.0,11.843578087929414,0.0,9.305342944825384,0.0
Zobel,335.33333333333337,0.0,17.014378884108446,0.0,331.02892408361254,0.0,208.0,0.0,143.2122720617,0.0,12.393192349374738,0.0,14.422205101855956,0.0,10.126230676847376,0.0,734.8863691321708,0.0,259.37816629717724,0.0,232.81425813267268,0.0,4.839636851015688,0.0,25.3694990966792,0.0,2976.194912844016,0.0,1780.4547543446142,0.0,12.393192338342402,0.0,11.976209123561551,0.0,9.25740896617964,0.0
Zogig,388.6980392156862,0.0,18.17632294713395,0.0,391.9066956153147,0.0,281.0,0.0,198.27947524129294,0.0,14.152869285515118,0.0,16.76305461424021,0.0,12.054109155835556,0.0,6722.312293350834,0.0,629.6971128644016,0.0,479.33915809065184,0.0,5.916514946109919,0.0,25.400807281180377,0.0,8151.610505288394,0.0,4922.949665226948,0.0,14.152870127928658,0.0,13.95622766332792,0.0,11.044970719902198,0.0
Zokel,336.2666666666667,0.0,16.943790647977547,0.0,336.875424793035,0.0,218.0,0.0,150.05395978698883,0.0,12.602733576614488,0.0,14.7648230602334,0.0,10.352645398706917,0.0,730.056155142376,0.0,300.5239193734315,0.0,255.1182716521207,0.0,4.880599388165879,0.0,30.885653191838422,0.0,2978.588168307928,0.0,1779.3411726410313,0.0,12.602733569923181,0.0,11.908079269049043,0.0,9.496753923518828,0.0
Zonen,342.5686274509804,0.0,17.092489205369667,0.0,294.77289802259645,0.0,162.0,0.0,106.1380118684429,0.0,11.091399449671494,0.0,12.727922061357855,0.0,8.449344154505942,0.0,612.5512141566877,0.0,133.66323126625304,0.0,107.11767424757818,0.0,2.2764700848826327,0.0,23.518000263185,0.0,2976.629101346489,0.0,1777.5172184941243,0.0,11.09139948221617,0.0,10.256563548218818,0.0,7.639533696824478,0.0
Zoten,314.2392156862745,0.0,16.39802925115696,0.0,303.01263411991505,0.0,175.0,0.0,114.9767212018479,0.0,11.37899846485459,0.0,13.228756555322953,0.0,8.809787236153445,0.0,613.2208479338766,0.0,137.15216929186766,0.0,109.28583667230352,0.0,4.1257713071262705,0.0,23.4656299181611,0.0,2979.4499716702776,0.0,1777.11516632087,0.0,11.378998523023123,0.0,10.336523676208635,0.0,7.964137290659801,0.0
Zotis,278.80392156862746,0.0,15.437417656411988,0.0,341.60008470158317,0.0,242.0,0.0,163.13582085057152,0.0,12.772346812475265,0.0,15.556349186104045,0.0,10.64749456710886,0.0,619.0930637407021,0.0,166.45216214409075,0.0,130.41229020822874,0.0,7.551486641893475,0.0,24.84141815476452,0.0,8155.017839114111,0.0,4922.831078154102,0.0,12.772347724832136,0.0,12.186264301185856,0.0,9.753179213359164,0.0
Ztltt,254.06666666666663,0.0,14.951495073108381,0.0,356.0801711336587,0.0,272.0,0.0,183.58232536526697,0.0,13.266649876245427,0.0,16.492422502470642,0.0,11.30443555481171,0.0,620.3248458476418,0.0,163.65847231106392,0.0,132.41103072130346,0.0,8.188333260227996,0.0,25.908253683864828,0.0,13878.857652161432,0.0,3403.713121523089,0.0,13.266649656606354,0.0,12.708874139314815,0.0,10.408719041866064,0.0
Zuber,330.5333333333333,0.0,16.857190147511474,0.0,312.30424591728394,0.0,185.0,0.0,123.06573153573552,0.0,11.669380016257918,0.0,13.601470508735444,0.0,9.197607997133296,0.0,623.6515199105185,0.0,139.69449488489255,0.0,112.39197122549261,0.0,6.1915458177879135,0.0,23.71754964106706,0.0,2985.452591572438,0.0,1779.2503516524105,0.0,11.669380024502376,0.0,10.954600366443259,0.0,8.347542532629825,0.0
Zucht,317.3019607843137,0.0,16.464911253205475,0.0,306.89096269967325,0.0,194.0,0.0,125.2025842996203,0.0,11.482956589932522,0.0,13.92838827718412,0.0,9.114713436137881,0.0,606.3959550859964,0.0,126.33725797806437,0.0,101.97470136206508,0.0,4.468206687144098,0.0,23.29253798837473,0.0,13284.60882915787,0.0,5769.279948485966,0.0,11.482956795307441,0.0,10.93866694855068,0.0,8.22449522652226,0.0
Zuhun,367.2039215686275,0.0,17.75660768541267,0.0,315.38588092615726,0.0,203.0,0.0,133.3176570741673,0.0,11.84515727303094,0.0,14.247806848775006,0.0,9.490733668473204,0.0,608.6484747856232,0.0,134.60953306942272,0.0,107.57151497943163,0.0,2.6168233622200354,0.0,24.924458613347653,0.0,39684.71697194575,0.0,3879.492427581326,0.0,11.845157300629051,0.0,11.24815047571395,0.0,8.64841732142673,0.0
Zunft,313.81176470588235,0.0,16.453043877223333,0.0,343.55394446946656,0.0,250.0,0.0,166.66149211059866,0.0,12.773293992307961,0.0,15.811388300841896,0.0,10.681605762879187,0.0,614.0361884531618,0.0,177.85989609943942,0.0,141.20583011414507,0.0,6.882352961690981,0.0,25.794078901800617,0.0,21867.66593548384,0.0,5821.206410310068,0.0,12.773294207134496,0.0,12.509962557902387,0.0,9.832869705630914,0.0
Zunge,375.85490196078433,0.0,17.927518212671465,0.0,325.9823333572587,0.0,191.0,0.0,130.41560239458403,0.0,12.09723576930976,0.0,13.820274961085254,0.0,9.610570215385183,0.0,4815.065994859238,0.0,354.39070648931823,0.0,266.9461747054762,0.0,4.170979460837125,0.0,23.013235033884655,0.0,25192.163316899427,0.0,9871.771678200288,0.0,12.097235761900194,0.0,11.175304552133108,0.0,8.724005782350119,0.0
Zutar,290.678431372549,0.0,15.748939047524603,0.0,312.6448498527805,0.0,207.0,0.0,133.95730568325635,0.0,11.716092055929355,0.0,14.38749456993816,0.0,9.434710920846817,0.0,606.9245010772268,0.0,140.14774324115703,0.0,109.88467376879977,0.0,6.823468098748091,0.0,24.41913663391353,0.0,7614.745846108017,0.0,10093.489208581082,0.0,11.716092043038076,0.0,10.981776039555017,0.0,8.518160545622504,0.0
Zvhlg,368.07058823529417,0.0,17.765001079657893,0.0,394.44016354880955,0.0,295.0,0.0,209.4065077112247,0.0,14.39892361575487,0.0,17.175564037317667,0.0,12.414880177888508,0.0,6123.456580155811,0.0,871.2236543649476,0.0,660.2795259984176,0.0,6.217358370106922,0.0,115.23371298504354,0.0,24643.18654436526,0.0,13224.27481102111,0.0,14.398924420016357,0.0,13.912127351871503,0.0,11.505307206931,0.0
Zwack,353.1372549019608,0.0,17.163046952675124,0.0,370.21627001373906,0.0,273.0,0.0,188.65003750783987,0.0,13.607977736428406,0.0,16.522711641858304,0.0,11.659224730979783,0.0,18074.77277007033,0.0,2483.21846977874,0.0,2036.2157782352272,0.0,4.3948589997024845,0.0,39.3306184906769,0.0,488.47675689772814,0.0,1448.3803714519433,0.0,13.607977724615237,0.0,13.049585173770268,0.0,10.854509138139015,0.0
Zwerg,366.7803921568627,0.0,17.61914524383672,0.0,389.45810380031105,0.0,278.0,0.0,196.32901308411044,0.0,14.11258304511457,0.0,16.673332000533065,0.0,12.026183177319464,0.0,19063.175222176356,0.0,2527.9857874331396,0.0,2070.064700269563,0.0,4.972813170224972,0.0,39.134433529161555,0.0,2479.769246927472,0.0,2728.204802180578,0.0,14.112583233874249,0.0,13.360376665559341,0.0,11.132246468200107,0.0
Zwest,315.0039215686274,0.0,16.354657360456425,0.0,354.8283698071365,0.0,251.0,0.0,171.26127953284987,0.0,13.11022079515429,0.0,15.84297951775486,0.0,11.020534173371518,0.0,18072.190032971328,0.0,2461.6615255760275,0.0,2022.9749941296448,0.0,9.295917878582038,0.0,37.91523729976787,0.0,1703.3574976145583,0.0,4496.0924135652185,0.0,13.110220788156408,0.0,12.374420873343633,0.0,10.134563181779164,0.0
Zwoig,372.5529411764706,0.0,17.77710038117359,0.0,409.16925106653565,0.0,310.0,0.0,220.64012942712955,0.0,14.736504876538282,0.0,17.60681686165901,0.0,12.785711793657953,0.0,19063.434295323397,0.0,2529.879904820468,0.0,2071.401797772033,0.0,4.91775648560622,0.0,40.07945036355923,0.0,8154.86536852348,0.0,4923.515639237438,0.0,14.736505647797436,0.0,14.253347376434258,0.0,11.857508039456052,0.0
Zwong,399.70196078431366,0.0,18.379683884662306,0.0,376.53458726095556,0.0,268.0,0.0,187.0358299071549,0.0,13.731964456937252,0.0,16.3707055437449,0.0,11.687678241781967,0.0,19063.297586484776,0.0,2528.6293265200143,0.0,2070.5088431272025,0.0,5.35356319228655,0.0,40.16615224358669,0.0,17851.520667185596,0.0,8526.72747747135,0.0,13.731964455092388,0.0,13.24762990088229,0.0,10.735862982726621,0.0
Zwöck,370.2313725490196,0.0,17.574166231248864,0.0,384.31610942131124,0.0,283.0,0.0,197.56128375320907,0.0,13.98479167864191,0.0,16.822603841260722,0.0,12.000847667050195,0.0,18082.305915499634,0.0,2638.306983590074,0.0,2100.905692167212,0.0,4.220493950290327,0.0,46.90809994803024,0.0,560.7272664150772,0.0,1455.4002050749673,0.0,13.984791668705505,0.0,13.581198821655427,0.0,11.179371733204533,0.0
Zwölf,347.2862745098039,0.0,17.20580448002041,0.0,412.7607070823422,0.0,327.0,0.0,230.64793095020016,0.0,14.872364720493067,0.0,18.083141320025124,0.0,13.020598379740404,0.0,18082.482188539907,0.0,2640.569207903341,0.0,2105.421609964335,0.0,6.24444880042037,0.0,46.64025685849873,0.0,24644.369238025647,0.0,13225.069175791696,0.0,14.872365558337219,0.0,14.556233319136373,0.0,12.128921817738004,0.0
Zyste,295.1921568627451,0.0,15.800777189261867,0.0,347.0382679788719,0.0,219.0,0.0,152.08309961311826,0.0,12.831200599265836,0.0,14.798648586948742,0.0,10.43420264235165,0.0,46952.91116717982,0.0,2769.0152688487974,0.0,1897.8190556893426,0.0,6.332888363015011,0.0,33.3754196827333,0.0,13878.758734508221,0.0,3400.6051527125796,0.0,12.831200516835192,0.0,11.440620388718195,0.0,9.474857518419622,0.0
Zähne,364.80392156862746,0.0,17.585842843381457,0.0,299.8015651666207,0.0,175.0,0.0,114.91025961908514,0.0,11.299325579555266,0.0,13.228756555322953,0.0,8.836404032643248,0.0,614.848347525511,0.0,184.1170399376331,0.0,134.96013556637345,0.0,3.2652006255358064,0.0,24.216980553562323,0.0,17850.685835627326,0.0,8526.695834515922,0.0,11.299325585819444,0.0,10.916748621708143,0.0,8.058264671898357,0.0
Zätzä,322.04705882352937,0.0,16.50149015209,0.0,338.8714357426819,0.0,236.0,0.0,158.27463686000053,0.0,12.612974568726871,0.0,15.362291495737216,0.0,10.476320106805671,0.0,4597.831086353166,0.0,4375.228826540932,0.0,3286.587801514179,0.0,4.360985649919023,0.0,436.1198745640943,0.0,4639.732232020694,0.0,4360.330467780459,0.0,12.60975404824255,0.0,12.130632110333698,0.0,9.63533882915695,0.0
Zöhlö,367.721568627451,0.0,17.67150420156323,0.0,375.23410725049536,0.0,272.0,0.0,191.83958740876335,0.0,13.870047203953398,0.0,16.492422502470642,0.0,11.836931947413156,0.0,7264.320154580952,0.0,12471.511879116295,0.0,7229.628122309318,0.0,3.894136952599503,0.0,373.3467378081665,0.0,24643.298986525537,0.0,13227.609325572415,0.0,13.840838002179973,0.0,13.617899563076282,0.0,10.914118748413046,0.0
Zügel,368.3372549019608,0.0,17.79447101685532,0.0,358.5491564257194,0.0,235.0,0.0,164.21185903019878,0.0,13.193547615756353,0.0,15.329709716755891,0.0,10.934399541020221,0.0,2920.002594625543,0.0,329.83563207745027,0.0,277.66231219924396,0.0,6.166012256764703,0.0,26.25818444498993,0.0,2983.180952229027,0.0,1782.718899220121,0.0,13.193547617619076,0.0,12.58981757838939,0.0,9.992926760541703,0.0
Ädarn,356.18823529411765,0.0,17.375509861440648,0.0,347.5453107229436,0.0,246.0,0.0,169.87430129966398,0.0,13.020065753387618,0.0,15.684387141358123,0.0,11.037872831531063,0.0,8631.336562255268,0.0,5440.0793756470675,0.0,3821.1791852543674,0.0,7.094653109933052,0.0,43.83652656024138,0.0,7123.686777609624,0.0,5905.417982803147,0.0,13.020066070433302,0.0,12.143077566805873,0.0,10.188902531365775,0.0
Ämter,350.3843137254902,0.0,17.241599150118414,0.0,381.12332789113174,0.0,275.0,0.0,192.19097119075832,0.0,13.87608242299829,0.0,16.583123951777,0.0,11.847957261525611,0.0,5954.237419605048,0.0,5392.154536193484,0.0,3699.510545449873,0.0,12.40104445618,0.0,38.0594808225906,0.0,7318.050091648473,0.0,5532.291026507737,0.0,13.876082410564809,0.0,13.502468273060531,0.0,11.057689091111422,0.0
Äpfel,347.61960784313726,0.0,17.282133146846892,0.0,361.5185362098712,0.0,253.0,0.0,176.8099209537659,0.0,13.387941320161906,0.0,15.905973720586866,0.0,11.365430598566256,0.0,6204.140922210202,0.0,5391.4165518671625,0.0,3745.312886417076,0.0,9.338804767257523,0.0,40.01904020189118,0.0,7327.359790649191,0.0,5544.4198243879555,0.0,13.387941321184744,0.0,12.839589182322946,0.0,10.506930680179456,0.0
Ärger,342.9098039215686,0.0,17.00492273298942,0.0,338.6778547723106,0.0,210.0,0.0,142.8365992243626,0.0,12.454513422805704,0.0,14.491376746189438,0.0,10.067737484214362,0.0,6519.339093321212,0.0,5304.254299573291,0.0,3631.649587328341,0.0,7.114110993218954,0.0,33.20717203299037,0.0,7311.902515689321,0.0,5530.24982878662,0.0,12.454513391585884,0.0,11.239258132185798,0.0,9.078777272867457,0.0
Ärmel,358.68235294117653,0.0,17.492630622789246,0.0,394.8312260465907,0.0,293.0,0.0,207.95911321990403,0.0,14.384588861876052,0.0,17.11724276862369,0.0,12.424422002824485,0.0,5893.811694992727,0.0,5315.2371834176265,0.0,3641.8307387246773,0.0,6.167654670431464,0.0,35.756175600572355,0.0,7314.852650660224,0.0,5531.253310796801,0.0,14.384588842530572,0.0,13.961054356028182,0.0,11.585037630724,0.0
Ärzte,296.7019607843137,0.0,15.921358542031326,0.0,340.2804106599464,0.0,220.0,0.0,150.67620721775006,0.0,12.659632568834978,0.0,14.832396974191326,0.0,10.34168775814335,0.0,5875.837581959121,0.0,5306.9183901354245,0.0,3632.366883921723,0.0,7.265207576361753,0.0,41.11171031439589,0.0,15400.677763167285,0.0,6244.054363689357,0.0,12.659632489862947,0.0,11.074927839125415,0.0,9.405526257715067,0.0
Ödlor,352.0823529411765,0.0,17.343478975562505,0.0,378.4530781726665,0.0,278.0,0.0,196.45752550760795,0.0,14.00018097420484,0.0,16.673332000533065,0.0,12.037244925186178,0.0,8902.06820933839,0.0,6195.367422250422,0.0,4207.1214148244535,0.0,11.318106168098147,0.0,93.44169585841682,0.0,22820.37741179192,0.0,4988.265709381474,0.0,14.000180884977722,0.0,13.528239102647527,0.0,11.183114103999232,0.0
Öktie,335.6,0.0,16.88556231023628,0.0,390.5971073895138,0.0,291.0,0.0,206.49686574686325,0.0,14.336466400209101,0.0,17.05872210923198,0.0,12.325545339157248,0.0,6285.286635299244,0.0,6100.33360698498,0.0,4059.311857801969,0.0,11.380002049217635,0.0,100.4358379145596,0.0,8872.679057673598,0.0,6840.564888221784,0.0,14.336467105394636,0.0,13.734677932951554,0.0,11.554256327124614,0.0
Öllau,335.46274509803925,0.0,16.98621056860443,0.0,375.33981389141036,0.0,287.0,0.0,199.04437026408584,0.0,13.879560318898438,0.0,16.941074346097416,0.0,11.967567006911644,0.0,6264.643561097311,0.0,6073.68442289459,0.0,4033.696775875525,0.0,6.1616589369374575,0.0,91.05110387693706,0.0,8371.568510353945,0.0,11155.015676327179,0.0,13.879560284821665,0.0,13.493078865677846,0.0,11.10272041390392,0.0
Öteme,377.6156862745098,0.0,17.902925902296797,0.0,417.74772756664015,0.0,309.0,0.0,225.72250660921287,0.0,15.086137432267721,0.0,17.578395831246947,0.0,13.101635007238944,0.0,6315.81437655902,0.0,6126.106201004882,0.0,4074.3535197418482,0.0,4.9088663091942,0.0,91.02479285905615,0.0,5692.390839199419,0.0,4806.866418468879,0.0,15.08613759733635,0.0,15.029627789386698,0.0,12.354110213746685,0.0
Übles,333.3294117647059,0.0,16.827645641144038,0.0,344.4711700047361,0.0,219.0,0.0,155.99974135309532,0.0,12.945093862917535,0.0,14.798648586948742,0.0,10.761052962967465,0.0,6662.32332874595,0.0,6074.691274259064,0.0,4206.038834061402,0.0,8.504003544608922,0.0,82.52481281718607,0.0,4614.02492350583,0.0,5301.8675035404685,0.0,12.945093907835592,0.0,12.10473308270182,0.0,9.95681064033436,0.0
