,n_pixels_l1_mu,n_pixels_l1_std,n_pixels_l2_mu,n_pixels_l2_std,pred_err_l1_mu,pred_err_l1_std,pred_err_l1_thr-0.5_bin-True_mu,pred_err_l1_thr-0.5_bin-True_std,pred_err_l1_thr-0.5_bin-False_mu,pred_err_l1_thr-0.5_bin-False_std,pred_err_l2_mu,pred_err_l2_std,pred_err_l2_thr-0.5_bin-True_mu,pred_err_l2_thr-0.5_bin-True_std,pred_err_l2_thr-0.5_bin-False_mu,pred_err_l2_thr-0.5_bin-False_std,pw_pred_err_mu,pw_pred_err_std,pw_pred_err_thr-0.5_bin-True_mu,pw_pred_err_thr-0.5_bin-True_std,pw_pred_err_thr-0.5_bin-False_mu,pw_pred_err_thr-0.5_bin-False_std,pred_err_wd_mu,pred_err_wd_std,mahalanobis_mu,mahalanobis_std,mahalanobis_thr-0.5_bin-True_mu,mahalanobis_thr-0.5_bin-True_std,mahalanobis_thr-0.5_bin-False_mu,mahalanobis_thr-0.5_bin-False_std,kalmanw_pred_err_mu,kalmanw_pred_err_std,kalmanw_pred_err_thr-0.5_bin-True_mu,kalmanw_pred_err_thr-0.5_bin-True_std,kalmanw_pred_err_thr-0.5_bin-False_mu,kalmanw_pred_err_thr-0.5_bin-False_std
Abart,226.69019607843137,0.0,13.202417263784469,0.0,251.12449563055299,0.0,127.0,0.0,84.55428292203597,0.0,10.074280078907384,0.0,11.269427669584644,0.0,7.607827258829562,0.0,898.4448276874009,0.0,299.8832274535837,0.0,202.16508173593394,0.0,5.584322458648128,0.0,14.854666877026858,0.0,552.264215847214,0.0,274.9486523052675,0.0,10.074280078915193,0.0,8.905754917187904,0.0,6.630593417978342,0.0
Abend,257.94117647058823,0.0,14.156344023955038,0.0,252.3369665751464,0.0,145.0,0.0,97.9227222046741,0.0,10.33954798146461,0.0,12.041594578792296,0.0,8.243463360159561,0.0,1025.5160814023136,0.0,324.6711636726354,0.0,223.23870834818763,0.0,2.4314232675624314,0.0,16.323171766581762,0.0,543.2482475235172,0.0,241.0604208407336,0.0,10.33954798147582,0.0,9.818790849416867,0.0,7.3400727958352965,0.0
Aboln,227.16862745098038,0.0,13.24726082108382,0.0,248.27072483957085,0.0,125.0,0.0,84.1628906112908,0.0,10.066675587770732,0.0,11.180339887498949,0.0,7.636834112312012,0.0,896.2238934854427,0.0,297.17713136741236,0.0,201.6588769884547,0.0,4.00436297263795,0.0,15.518986009037583,0.0,635.3872158040045,0.0,341.8847112142456,0.0,10.066675587800269,0.0,8.643659513868055,0.0,6.682074769271383,0.0
Abtäs,242.1607843137255,0.0,13.546423519055931,0.0,242.93077240809518,0.0,117.0,0.0,78.61389368083738,0.0,9.81994835779175,0.0,10.816653826391969,0.0,7.366778713859126,0.0,903.4690075237094,0.0,324.80523889924586,0.0,228.329917799479,0.0,2.3625717405836983,0.0,29.132295464793685,0.0,475.9022011496368,0.0,219.1575575181809,0.0,9.819948357803652,0.0,8.786288674989319,0.0,6.4620597400588835,0.0
Acker,223.5607843137255,0.0,13.215922497452448,0.0,245.45843207446765,0.0,131.0,0.0,87.36937634478281,0.0,10.01080664727021,0.0,11.445523142259598,0.0,7.73917499681625,0.0,870.8183559409542,0.0,170.12607949281076,0.0,120.38053996772267,0.0,2.800315387066886,0.0,14.219708150858326,0.0,456.0587114877345,0.0,204.621369291383,0.0,10.010806647274938,0.0,8.928759598016018,0.0,6.8743135118708105,0.0
Adern,237.72156862745095,0.0,13.698203127966273,0.0,248.44919805730325,0.0,134.0,0.0,89.54317235086232,0.0,10.117138964689245,0.0,11.575836902790225,0.0,7.8500383595317516,0.0,1179.1923004019188,0.0,334.286378159388,0.0,243.80998175363084,0.0,3.3626977965306346,0.0,14.57428506093942,0.0,620.5805136227831,0.0,201.83871522843975,0.0,10.117138964701994,0.0,9.195879766322445,0.0,6.91586782619006,0.0
Adler,227.32156862745103,0.0,13.436833010547003,0.0,253.50371018295775,0.0,129.0,0.0,87.14093727811948,0.0,10.222001573516058,0.0,11.357816691600547,0.0,7.796516706189581,0.0,1179.870912118439,0.0,336.30583933396025,0.0,245.76183018312742,0.0,3.85718234657265,0.0,14.248566460195434,0.0,448.6138543073121,0.0,210.59868002549476,0.0,10.222001573528095,0.0,8.96174732619449,0.0,6.865816465733382,0.0
Adria,225.27450980392155,0.0,13.262741039644096,0.0,250.0487088736089,0.0,115.0,0.0,76.52058891021656,0.0,9.941989271345797,0.0,10.723805294763608,0.0,7.253010186925889,0.0,1194.5927919426126,0.0,332.9861096620457,0.0,242.45301141186764,0.0,3.7409891761820218,0.0,14.459834077500894,0.0,612.770837686754,0.0,354.1597655326483,0.0,9.941989271367445,0.0,8.203281793579556,0.0,6.261505199323137,0.0
Affen,232.4,0.0,13.757871047628262,0.0,256.74820754131196,0.0,132.0,0.0,90.39461654963524,0.0,10.363683677125522,0.0,11.489125293076057,0.0,7.9987960224643375,0.0,1282.2742471014494,0.0,712.8234649128962,0.0,565.4638216671405,0.0,2.0785465236070437,0.0,21.487525982845963,0.0,590.1903385269765,0.0,182.13770860168322,0.0,10.363683677141491,0.0,9.527357596744869,0.0,7.165486125501225,0.0
Agenk,254.23529411764704,0.0,14.118868138913587,0.0,256.8449525259632,0.0,152.0,0.0,104.12416626846222,0.0,10.572039057673308,0.0,12.328828005937952,0.0,8.57514875545167,0.0,2246.482235287155,0.0,959.5296536903714,0.0,790.9492766715325,0.0,2.5099849539817702,0.0,20.344513243134646,0.0,1147.7742977970713,0.0,281.6376697078124,0.0,10.572039057649256,0.0,9.875658866702677,0.0,7.723834959766154,0.0
Agent,239.02352941176468,0.0,13.709018127074538,0.0,245.23104858630703,0.0,136.0,0.0,91.59594101718892,0.0,10.075083038031492,0.0,11.661903789690601,0.0,7.975094306003911,0.0,2244.7320851168984,0.0,954.4985598448309,0.0,787.2059239142287,0.0,4.7243320417407055,0.0,19.155182598674013,0.0,515.0135190875311,0.0,252.64942614448566,0.0,10.075083038060265,0.0,9.346814369815432,0.0,7.109368916823956,0.0
Ahnen,239.8941176470588,0.0,13.77801881199538,0.0,234.8370553949232,0.0,123.0,0.0,80.9527333003968,0.0,9.660052754686372,0.0,11.090536506409418,0.0,7.381826510531068,0.0,865.4232866601861,0.0,137.19404560497708,0.0,92.85805512287364,0.0,2.08821710183153,0.0,9.233776166609912,0.0,642.828852948001,0.0,217.9583778667772,0.0,9.660052754696265,0.0,8.753920286502012,0.0,6.465471434087227,0.0
Aigön,235.59215686274507,0.0,13.528786572653592,0.0,248.06512730384742,0.0,126.0,0.0,84.84099613134546,0.0,10.050554234630205,0.0,11.224972160321824,0.0,7.674340517463578,0.0,936.9737984022187,0.0,240.57735147682592,0.0,161.25798562672773,0.0,2.50581303244317,0.0,33.84694254370217,0.0,606.7082951636776,0.0,246.9557868571204,0.0,10.05055423464848,0.0,8.947560598120585,0.0,6.787689373136476,0.0
Akkus,241.27843137254905,0.0,13.635358969433037,0.0,254.12114315642202,0.0,138.0,0.0,94.36678707280791,0.0,10.385109019147537,0.0,11.74734012447073,0.0,8.149024714307998,0.0,885.1755247512385,0.0,249.80044140525717,0.0,190.18596555486562,0.0,2.5362128703339577,0.0,16.285669608120912,0.0,502.9844334408721,0.0,194.23800448594807,0.0,10.385109019166988,0.0,8.899368745332872,0.0,7.2795810209214284,0.0
Aktie,219.85882352941178,0.0,13.248249868094806,0.0,254.29821955492895,0.0,129.0,0.0,88.33458031980533,0.0,10.279016268087899,0.0,11.357816691600547,0.0,7.889564260000233,0.0,906.6390681413744,0.0,237.23403325038882,0.0,178.88980760346203,0.0,3.7388332611452,0.0,14.643541165932822,0.0,618.233712447702,0.0,353.75272732908735,0.0,10.279016268109398,0.0,8.876896278128598,0.0,7.007157531158937,0.0
Alahn,228.18039215686272,0.0,13.349733857991339,0.0,246.8691406619099,0.0,127.0,0.0,83.55448593866862,0.0,9.958927958587882,0.0,11.269427669584644,0.0,7.526843331423323,0.0,867.5401081807871,0.0,148.70171453220362,0.0,101.7243608245428,0.0,2.4565441286006235,0.0,10.651162526709607,0.0,648.245948946872,0.0,208.77529981342838,0.0,9.958927958607427,0.0,8.704148371739588,0.0,6.554594079493787,0.0
Alarm,226.4705882352941,0.0,13.24457423384796,0.0,270.81501459182124,0.0,145.0,0.0,97.23966869413363,0.0,10.709067698352628,0.0,12.041594578792296,0.0,8.209903145517831,0.0,950.9274522689417,0.0,246.9786985610037,0.0,169.97402463256324,0.0,3.398375450849708,0.0,11.567337742356917,0.0,502.1071277950457,0.0,231.24412503518664,0.0,10.709067698364809,0.0,9.125080896295632,0.0,7.196939567410127,0.0
Alben,235.27843137254905,0.0,13.608222857334134,0.0,246.33249966928793,0.0,132.0,0.0,88.0592557496634,0.0,10.043649715731355,0.0,11.489125293076057,0.0,7.768254431020909,0.0,872.5668782788778,0.0,174.12690715414922,0.0,118.54248067058761,0.0,2.199394683963516,0.0,9.69021317808234,0.0,586.6542854213635,0.0,182.2021666699609,0.0,10.04364971574546,0.0,9.139774087436015,0.0,6.840679396911996,0.0
Algen,237.74117647058821,0.0,13.713378409598572,0.0,249.4075326729892,0.0,134.0,0.0,90.77335001741316,0.0,10.184982354446602,0.0,11.575836902790225,0.0,7.958806981893446,0.0,924.5879484036559,0.0,193.11703668823162,0.0,141.99916387598284,0.0,2.585944377169575,0.0,9.351727074107526,0.0,576.740325477655,0.0,170.6120780499099,0.0,10.184982354459992,0.0,9.276150826182842,0.0,7.065148538230671,0.0
Alibi,211.01176470588237,0.0,12.988390403544784,0.0,261.9888659415313,0.0,126.0,0.0,85.54274795971065,0.0,10.387550965713013,0.0,11.224972160321824,0.0,7.754120515128882,0.0,904.1244262517622,0.0,208.9999801470977,0.0,142.288751819504,0.0,3.118290094007596,0.0,11.693708717332802,0.0,474.27156695839255,0.0,220.25347843113846,0.0,10.38755096576108,0.0,8.550749188690874,0.0,6.752234086875881,0.0
Allas,212.12156862745096,0.0,12.840592473524207,0.0,242.67701511556038,0.0,102.0,0.0,68.56129401505925,0.0,9.687156333258738,0.0,10.099504938362077,0.0,6.905343333624451,0.0,869.322549377198,0.0,147.7271444786387,0.0,102.52809642185672,0.0,2.8250361653009803,0.0,9.095331972707411,0.0,443.8176513390573,0.0,175.61478596913403,0.0,9.687156333277676,0.0,7.600016069844896,0.0,5.933378519503034,0.0
Alpen,239.20392156862744,0.0,13.73975225406469,0.0,251.88738408209204,0.0,137.0,0.0,92.7512619697475,0.0,10.271299307117472,0.0,11.704699910719626,0.0,8.049870082726294,0.0,8152.958841311847,0.0,373.9958457931854,0.0,247.58143514444097,0.0,2.503725117580124,0.0,11.437540706887072,0.0,577.1065428189983,0.0,171.13791518791103,0.0,10.271299307131779,0.0,9.426092761593747,0.0,7.152104395321909,0.0
Altar,204.62745098039218,0.0,12.676136810733958,0.0,252.6407734069815,0.0,123.0,0.0,81.57803235847608,0.0,10.060633123531657,0.0,11.090536506409418,0.0,7.481267753257629,0.0,871.2720165011891,0.0,162.1458641448104,0.0,111.73207946424905,0.0,2.774462978676171,0.0,9.946403975917248,0.0,450.3966123040398,0.0,215.5610621592378,0.0,10.060633123558615,0.0,8.429947204725075,0.0,6.490143871746031,0.0
Alten,214.49803921568628,0.0,13.093692480574585,0.0,243.0649966388869,0.0,121.0,0.0,80.92977595278806,0.0,9.874085861518886,0.0,11.0,0.0,7.456357613579973,0.0,867.0404697293046,0.0,149.44020175815115,0.0,103.49827216100061,0.0,2.541455073774108,0.0,8.803363756399262,0.0,580.1820038429414,0.0,173.18223151095688,0.0,9.8740858615319,0.0,8.621062080363606,0.0,6.528168855944741,0.0
Alter,205.94117647058823,0.0,12.853426203438653,0.0,249.9245069692481,0.0,125.0,0.0,83.81638117452727,0.0,10.070083891418552,0.0,11.180339887498949,0.0,7.612352819310853,0.0,869.6456610366181,0.0,159.14360944145164,0.0,110.3973932065113,0.0,2.70330246984399,0.0,9.174298848216583,0.0,450.4964584251386,0.0,212.79370162738863,0.0,10.070083891436585,0.0,8.722753821357262,0.0,6.684204407356368,0.0
Amche,244.62745098039215,0.0,13.722563273355096,0.0,249.18689570830338,0.0,141.0,0.0,93.22990796759268,0.0,10.137267999922528,0.0,11.874342087037917,0.0,7.963839256898969,0.0,1086.6567792971994,0.0,242.432334185708,0.0,166.08058986894514,0.0,2.1882691235570215,0.0,13.528055894000508,0.0,549.75016721022,0.0,204.6978628801239,0.0,10.137267999930426,0.0,9.309504833878865,0.0,7.074788067838897,0.0
Amtig,238.6156862745098,0.0,13.64509169956095,0.0,273.3139042096259,0.0,149.0,0.0,102.37496470156287,0.0,10.88882150583358,0.0,12.206555615733702,0.0,8.525785272305388,0.0,1342.34581901851,0.0,331.7969731990262,0.0,242.3970315781179,0.0,3.5363687418256284,0.0,14.642489657293343,0.0,661.4164069890521,0.0,352.81046812987574,0.0,10.888821505858884,0.0,9.474582265411042,0.0,7.596491582841797,0.0
Andam,257.69019607843137,0.0,14.031083744109633,0.0,264.6277609047197,0.0,151.0,0.0,100.71068105061099,0.0,10.605787352563745,0.0,12.288205727444508,0.0,8.317777447821655,0.0,1003.4166009829906,0.0,248.76925628229733,0.0,170.26899407028526,0.0,2.9679132260318473,0.0,12.763549133135765,0.0,458.21224147009656,0.0,201.96555049678045,0.0,10.605787352567107,0.0,9.444215864174364,0.0,7.299455127233252,0.0
Anein,222.88235294117646,0.0,13.361683240073978,0.0,240.86808778309583,0.0,122.0,0.0,80.94187326038764,0.0,9.80408417446293,0.0,11.045361017187261,0.0,7.417245100776574,0.0,886.1852398616146,0.0,134.97458615867424,0.0,88.90370840998013,0.0,2.928291880413388,0.0,10.655002392653302,0.0,717.3897312774825,0.0,351.739957488322,0.0,9.804084174501178,0.0,8.575234662095191,0.0,6.515571778621136,0.0
Angel,237.74117647058824,0.0,13.713378409598572,0.0,254.00135632388677,0.0,139.0,0.0,94.67584696001514,0.0,10.351270741135043,0.0,11.789826122551595,0.0,8.158099309946753,0.0,927.9229592094252,0.0,205.59666418352828,0.0,152.18381806648355,0.0,3.572744595805783,0.0,11.287689024531403,0.0,459.8787973681749,0.0,177.21612629544578,0.0,10.35127074115339,0.0,9.273848677035293,0.0,7.240270071765451,0.0
Angst,237.24313725490197,0.0,13.554446289882076,0.0,241.5910769870383,0.0,124.0,0.0,83.03347938652267,0.0,9.850855446625431,0.0,11.135528725660043,0.0,7.566298803036696,0.0,922.0159859346506,0.0,186.51199836801254,0.0,135.42967756692306,0.0,3.3548611534765236,0.0,11.261035799871564,0.0,501.74096333792966,0.0,241.8971412707974,0.0,9.85085544665302,0.0,8.6870790417328,0.0,6.621970216870666,0.0
Angur,234.4392156862745,0.0,13.522555807647246,0.0,251.86958827039018,0.0,139.0,0.0,92.52794718327931,0.0,10.214200639652672,0.0,11.789826122551595,0.0,7.9681817187053525,0.0,923.8967801039538,0.0,193.10888022815723,0.0,139.58129528494257,0.0,3.470454620322638,0.0,12.244924888630061,0.0,485.64178217156206,0.0,227.2923392350799,0.0,10.214200639680572,0.0,9.189302284155158,0.0,7.032575079922205,0.0
Anker,231.55294117647057,0.0,13.553896571263692,0.0,250.77115490007043,0.0,139.0,0.0,93.20956256934824,0.0,10.238912243050235,0.0,11.789826122551595,0.0,8.010715752556674,0.0,870.533510714161,0.0,172.16820929532315,0.0,121.98832545834607,0.0,3.1204814626633333,0.0,11.874238453099492,0.0,467.0587492811879,0.0,206.3189896769377,0.0,10.238912243060032,0.0,9.162082483654958,0.0,7.11675266152663,0.0
Anmas,245.6470588235294,0.0,13.659715789426391,0.0,244.46804296825383,0.0,120.0,0.0,79.3501658959052,0.0,9.843872760169099,0.0,10.954451150103322,0.0,7.330591628761204,0.0,889.116124602376,0.0,168.5956752370926,0.0,110.03558231850792,0.0,2.036261947116721,0.0,11.05921033834071,0.0,445.3011861246532,0.0,167.48421814700205,0.0,9.843872760177337,0.0,8.351234951017354,0.0,6.326410842581094,0.0
Anmut,232.47843137254904,0.0,13.416564901789762,0.0,255.5052306479528,0.0,140.0,0.0,92.79756515025136,0.0,10.292092071605634,0.0,11.832159566199232,0.0,7.933608315972655,0.0,887.6506875216243,0.0,172.13753400483773,0.0,113.02015648282801,0.0,3.5185847097731977,0.0,11.929278085929697,0.0,534.1136237638382,0.0,261.8697329220502,0.0,10.292092071619189,0.0,8.908669365036602,0.0,6.923463690107333,0.0
Annag,246.82745098039214,0.0,13.806625737802293,0.0,242.24149422401422,0.0,127.0,0.0,84.37712175328596,0.0,9.87187654701657,0.0,11.269427669584644,0.0,7.59508281866351,0.0,1155.788981084606,0.0,255.3016691817224,0.0,191.52308317740255,0.0,3.2229911142742584,0.0,12.82706719419358,0.0,498.45781055167936,0.0,165.03960831822192,0.0,9.87187654701518,0.0,8.795244715743014,0.0,6.6302750422884325,0.0
Anper,241.0470588235294,0.0,13.770942668392859,0.0,250.72556632731522,0.0,139.0,0.0,93.36383901212974,0.0,10.22484488326547,0.0,11.789826122551595,0.0,8.04118993342676,0.0,8152.962853684833,0.0,373.4341230429488,0.0,245.94488083599515,0.0,3.6748077872679863,0.0,12.720267724239873,0.0,449.54665487300286,0.0,205.5139276657804,0.0,10.224844883272526,0.0,9.499050212120377,0.0,7.1460857951853445,0.0
Antus,219.97254901960787,0.0,13.050837221122691,0.0,230.77849211555713,0.0,106.0,0.0,69.53367295424292,0.0,9.370608347039111,0.0,10.295630140987,0.0,6.834011264238019,0.0,863.4067954851968,0.0,135.7595503660426,0.0,90.47501084979628,0.0,2.4185908983657645,0.0,11.251921523041126,0.0,486.45029822118994,0.0,192.95198928276002,0.0,9.370608347054285,0.0,7.855809486670017,0.0,5.879091756288882,0.0
Anzug,241.65882352941173,0.0,13.772621041394606,0.0,246.67460267323207,0.0,129.0,0.0,86.27230928720095,0.0,10.01581962393522,0.0,11.357816691600547,0.0,7.704388074479669,0.0,1157.9354925884165,0.0,280.13934494069036,0.0,208.87242971413704,0.0,3.0508798682917813,0.0,16.46495938930552,0.0,523.2275769132551,0.0,188.74874289279788,0.0,10.01581962394477,0.0,8.957076981966447,0.0,6.748119044672391,0.0
Apfel,238.39607843137256,0.0,13.803834112913691,0.0,269.72123656567123,0.0,146.0,0.0,101.81443739825583,0.0,10.843774335745934,0.0,12.083045973594572,0.0,8.57947797711523,0.0,12748.428647478924,0.0,624.0316598207289,0.0,421.363225346519,0.0,5.090222252356606,0.0,15.965301441065975,0.0,451.93053012541225,0.0,179.86709657633895,0.0,10.843774335762143,0.0,9.909386808604475,0.0,7.7241511051640925,0.0
Arahn,230.02352941176468,0.0,13.381833359158513,0.0,245.53811988240156,0.0,129.0,0.0,83.89516485652494,0.0,9.889097662599495,0.0,11.357816691600547,0.0,7.48515562444861,0.0,866.9025373497278,0.0,147.6462530800708,0.0,96.06999468325553,0.0,2.2061165877863114,0.0,10.46062129589284,0.0,668.8537723405093,0.0,205.6842662148909,0.0,9.889097662621074,0.0,8.795313882876222,0.0,6.530796901388488,0.0
Arcer,208.90980392156862,0.0,12.815341872637346,0.0,239.7795536333768,0.0,121.0,0.0,79.02201002664609,0.0,9.68506218955624,0.0,11.0,0.0,7.28024397299612,0.0,867.9341566921528,0.0,148.41005330189614,0.0,96.87516245790134,0.0,2.5862138511668302,0.0,10.489638478926544,0.0,476.7144480955633,0.0,207.30918481609817,0.0,9.685062189573808,0.0,8.506036698725584,0.0,6.378729582673291,0.0
Arche,223.34509803921566,0.0,13.211815922470407,0.0,236.428972525262,0.0,122.0,0.0,79.53422990013844,0.0,9.609853265947086,0.0,11.045361017187261,0.0,7.296021051183916,0.0,868.6076892484894,0.0,143.01794564484484,0.0,93.73521976031469,0.0,2.6670315762355163,0.0,9.832142046194617,0.0,556.7880745946393,0.0,204.86083703046285,0.0,9.609853265958915,0.0,8.678627041287763,0.0,6.395599654821469,0.0
Ardal,226.0078431372549,0.0,13.267341882627685,0.0,262.0236735751721,0.0,138.0,0.0,92.0675100495938,0.0,10.428048675315766,0.0,11.74734012447073,0.0,7.97549909412213,0.0,934.1596140739169,0.0,189.63276997975288,0.0,132.2822634397186,0.0,3.255482496171358,0.0,10.718046529705871,0.0,490.10996782024563,0.0,185.63358022549457,0.0,10.428048675349268,0.0,8.88896828196119,0.0,6.95884369860794,0.0
Arena,226.1450980392157,0.0,13.305838433149317,0.0,239.9397909900568,0.0,126.0,0.0,82.25273734993098,0.0,9.72583728004792,0.0,11.224972160321824,0.0,7.417809995888626,0.0,868.7100022257422,0.0,141.37859354451948,0.0,91.5899654521489,0.0,1.9377723782210843,0.0,9.109012247042573,0.0,497.3599915174345,0.0,180.5961502532742,0.0,9.725837280064274,0.0,8.729796413402731,0.0,6.530448708424823,0.0
Argon,231.47450980392156,0.0,13.38734504316979,0.0,245.85044153417954,0.0,127.0,0.0,84.90598062163048,0.0,9.978483586664924,0.0,11.269427669584644,0.0,7.646197180598358,0.0,923.087261672107,0.0,191.89076494421874,0.0,137.74217746293573,0.0,2.4637562106981066,0.0,10.097044907047774,0.0,604.6734128828018,0.0,168.97594988668052,0.0,9.978483586688473,0.0,8.818208784730293,0.0,6.738944022149669,0.0
Arier,205.76862745098038,0.0,12.886665347980822,0.0,249.2835283858832,0.0,120.0,0.0,79.70661207895,0.0,9.96361039058475,0.0,10.954451150103322,0.0,7.375878298846113,0.0,883.8283702676612,0.0,152.64431422234495,0.0,99.80409130075432,0.0,2.8544246269453257,0.0,8.63063126625497,0.0,479.47114444143796,0.0,213.84870209755593,0.0,9.963610390610981,0.0,8.535368470401643,0.0,6.463335043880155,0.0
Arman,236.87058823529412,0.0,13.50966447464957,0.0,259.04740006425305,0.0,140.0,0.0,92.22896793579059,0.0,10.332147595624969,0.0,11.832159566199232,0.0,7.892673871797125,0.0,891.272402333235,0.0,180.0836872672767,0.0,116.80090107609264,0.0,2.1017997120292464,0.0,9.5925222681489,0.0,599.6060513774138,0.0,170.74641595675834,0.0,10.332147595648935,0.0,8.997944958033708,0.0,6.884198644655531,0.0
Armee,240.1843137254902,0.0,13.751141856051513,0.0,251.82752117231274,0.0,138.0,0.0,92.09262120929874,0.0,10.204118380236869,0.0,11.74734012447073,0.0,7.923362777189368,0.0,892.8872783068346,0.0,175.8019857777713,0.0,114.60793191725278,0.0,2.0339125934861033,0.0,9.344137893795459,0.0,470.0823322983171,0.0,166.965843564747,0.0,10.204118380244063,0.0,9.406661877435914,0.0,7.021443115504466,0.0
Armen,238.1843137254902,0.0,13.67615278287017,0.0,256.33113362651966,0.0,142.0,0.0,94.46731675184179,0.0,10.341350234456034,0.0,11.916375287812984,0.0,8.017034931711752,0.0,889.6826086771754,0.0,177.38529134785756,0.0,115.52479100857522,0.0,2.1138163324300208,0.0,9.04974542920968,0.0,599.6121892989788,0.0,167.21859263015637,0.0,10.341350234472833,0.0,9.272833322202217,0.0,7.0674473512347955,0.0
Armöt,227.65098039215684,0.0,13.225682493987106,0.0,261.4604093268871,0.0,139.0,0.0,93.04992967309491,0.0,10.439185738378843,0.0,11.789826122551595,0.0,7.998179516233404,0.0,894.8847256393351,0.0,237.3224539928796,0.0,148.50332881272897,0.0,3.004935456312457,0.0,33.79471161211763,0.0,545.2898887915992,0.0,301.40156226287746,0.0,10.439185738390483,0.0,9.010598090644294,0.0,7.038609594690266,0.0
Aroma,230.76078431372548,0.0,13.22399226971205,0.0,254.21184299687127,0.0,131.0,0.0,86.56840472661602,0.0,10.154136618840857,0.0,11.445523142259598,0.0,7.665069216731247,0.0,899.5961782270911,0.0,187.75258922740954,0.0,123.21666846497035,0.0,2.9215917130893305,0.0,10.174882450822455,0.0,491.67683057929514,0.0,183.0325879859155,0.0,10.154136618859999,0.0,8.574949275034022,0.0,6.672369821570522,0.0
Arten,216.3411764705882,0.0,13.126418123347387,0.0,241.73397585937852,0.0,123.0,0.0,81.27045487064439,0.0,9.80365126352088,0.0,11.090536506409418,0.0,7.414273602182142,0.0,866.402531222917,0.0,148.3899930766366,0.0,97.94636610712783,0.0,2.3373728216456606,0.0,8.477567859298976,0.0,602.6718377291543,0.0,169.16391448350183,0.0,9.80365126353614,0.0,8.71309697034349,0.0,6.504274996649741,0.0
Artis,203.42745098039217,0.0,12.683624901352772,0.0,243.12841449949144,0.0,105.0,0.0,69.89398347250254,0.0,9.686291736688448,0.0,10.246950765959598,0.0,6.922553901134108,0.0,887.1801987154829,0.0,150.9836983709345,0.0,99.9992767245568,0.0,3.1749290408065556,0.0,9.234258363751302,0.0,635.5192760191464,0.0,354.2229988302497,0.0,9.686291736720943,0.0,7.7324977885707105,0.0,5.978366227556489,0.0
Asien,223.10196078431372,0.0,13.280706405525189,0.0,229.22608493762291,0.0,102.0,0.0,66.94855040184862,0.0,9.301596399976614,0.0,10.099504938362077,0.0,6.701628122347026,0.0,878.9249447161708,0.0,127.19872438223503,0.0,82.8523250801877,0.0,2.2062302189283893,0.0,11.482836551704882,0.0,573.1196638615364,0.0,169.270262288864,0.0,9.301596399982982,0.0,7.9898856733760475,0.0,5.800203939149074,0.0
Astän,230.49803921568628,0.0,13.30332667330624,0.0,236.31237186599762,0.0,114.0,0.0,74.40112901005082,0.0,9.549382980919525,0.0,10.677078252031311,0.0,7.058283966650278,0.0,872.6287276367535,0.0,190.95957106835857,0.0,142.52666544902672,0.0,2.0207249922305026,0.0,27.678395157587747,0.0,589.9342467100391,0.0,206.86925424858754,0.0,9.549382980934897,0.0,8.401399403025758,0.0,6.130989010571069,0.0
Athen,230.77647058823527,0.0,13.513768734354352,0.0,240.1403509056098,0.0,124.0,0.0,82.63025298788098,0.0,9.816962081071047,0.0,11.135528725660043,0.0,7.513813516725904,0.0,867.8259305196184,0.0,163.9327329289173,0.0,116.60087800392864,0.0,1.952594637530053,0.0,11.144064529593498,0.0,592.7704866619845,0.0,172.10981477972697,0.0,9.816962081080085,0.0,8.774439812343571,0.0,6.610820668186113,0.0
Atmen,237.6235294117647,0.0,13.640363469165118,0.0,254.98433262331463,0.0,140.0,0.0,93.94488179410547,0.0,10.321981580396923,0.0,11.832159566199232,0.0,8.033112773175406,0.0,891.643967038177,0.0,194.44037877290353,0.0,134.57126086006124,0.0,2.1695700132321396,0.0,11.050133073580499,0.0,576.5820734650671,0.0,165.22837254831532,0.0,10.321981580409936,0.0,9.225902331200784,0.0,7.088405410227153,0.0
Augen,244.99607843137255,0.0,13.825718085668846,0.0,239.56700331791762,0.0,133.0,0.0,88.00299422536469,0.0,9.857759236992122,0.0,11.532562594670797,0.0,7.733501140327652,0.0,921.7572852902549,0.0,182.55688653648858,0.0,132.09670362980768,0.0,2.5321558663654757,0.0,9.126214264493333,0.0,573.2536715879205,0.0,162.01666334380948,0.0,9.857759236999646,0.0,9.270927415861626,0.0,6.881273047276027,0.0
Aurer,213.75686274509803,0.0,13.010839239505765,0.0,240.9185492949763,0.0,124.0,0.0,80.38992637947398,0.0,9.733592242856908,0.0,11.135528725660043,0.0,7.3180351879869825,0.0,866.5983895066753,0.0,141.9964256662191,0.0,92.36324283610108,0.0,2.8317137734508795,0.0,8.759641732594858,0.0,443.48768660679605,0.0,204.70403114598386,0.0,9.733592242866184,0.0,8.63342679472142,0.0,6.441221478236862,0.0
Autor,205.08627450980393,0.0,12.59406559748443,0.0,237.85790725487522,0.0,115.0,0.0,74.83797706883976,0.0,9.595332397952008,0.0,10.723805294763608,0.0,7.082364387774371,0.0,865.6732887060562,0.0,145.60279893110615,0.0,96.95827769019908,0.0,3.7674194491285173,0.0,10.17501512280259,0.0,453.15932284632976,0.0,207.95477148514706,0.0,9.595332397971593,0.0,8.130685077415949,0.0,6.1581345786989,0.0
Babys,257.1764705882353,0.0,14.003209386627084,0.0,243.12301134139358,0.0,123.0,0.0,82.50719926136499,0.0,9.879963131148077,0.0,11.090536506409418,0.0,7.5667100942647485,0.0,30586.150419493868,0.0,573.2351306702889,0.0,391.9935140702949,0.0,2.574857269512374,0.0,13.822989781975085,0.0,295.8296902814295,0.0,174.267941306682,0.0,9.879963131117712,0.0,8.779120924801223,0.0,6.648570949365455,0.0
Backe,241.7960784313725,0.0,13.657709389181017,0.0,221.20855963478434,0.0,108.0,0.0,69.36679085237266,0.0,9.059802791962348,0.0,10.392304845413264,0.0,6.7542764187071285,0.0,856.6224289024428,0.0,101.79024246634555,0.0,72.55085542424206,0.0,2.4854147756565226,0.0,8.741092474284889,0.0,422.2713157674962,0.0,222.97574234043,0.0,9.059802791947089,0.0,8.322986081044803,0.0,5.8958030978502025,0.0
Bahre,241.0156862745098,0.0,13.756372540285758,0.0,223.68547216215282,0.0,102.0,0.0,65.21412045473542,0.0,9.064945031562608,0.0,10.099504938362077,0.0,6.540786839007254,0.0,857.1931160631556,0.0,96.65556362000763,0.0,66.14713402845554,0.0,3.41277470511998,0.0,9.013204330745097,0.0,336.91783630592175,0.0,165.08616290496502,0.0,9.064945031538052,0.0,8.193881149837331,0.0,5.594992393549551,0.0
Banco,227.5921568627451,0.0,13.139475375706175,0.0,205.4136339707287,0.0,79.0,0.0,48.70261383914692,0.0,8.275584171012786,0.0,8.888194417315589,0.0,5.525528899366984,0.0,850.4846238748955,0.0,68.62630931280847,0.0,43.00193331523504,0.0,5.106603885544705,0.0,9.671137282424876,0.0,306.28102788121583,0.0,141.09606793586764,0.0,8.275584170981551,0.0,6.944108444723219,0.0,4.5603798918883065,0.0
Banda,254.64313725490194,0.0,13.963776942964953,0.0,222.80297181794248,0.0,101.0,0.0,64.03216733753922,0.0,8.996921664552548,0.0,10.04987562112089,0.0,6.448024161916234,0.0,903.977014829544,0.0,102.97743714720428,0.0,70.8128635177781,0.0,1.9827924039704985,0.0,8.688747425391345,0.0,272.6259940791452,0.0,134.30844993589056,0.0,8.996921664528557,0.0,7.950247512185439,0.0,5.417045255928792,0.0
Bande,255.95686274509802,0.0,14.124913707194057,0.0,220.22810862469566,0.0,106.0,0.0,67.48877766169083,0.0,8.996439490780906,0.0,10.295630140987,0.0,6.628669501998976,0.0,904.7904660461181,0.0,101.6184882619528,0.0,70.02508114284078,0.0,1.932923714146078,0.0,8.287214540802866,0.0,271.0499604113026,0.0,135.73513403729015,0.0,8.996439490773245,0.0,8.4214995389711,0.0,5.677448914710468,0.0
Bands,254.1764705882353,0.0,13.974942699435955,0.0,216.8426712885331,0.0,94.0,0.0,59.599378261561796,0.0,8.796541041278552,0.0,9.695359714832659,0.0,6.224163166162294,0.0,901.3586255582313,0.0,99.90629066621264,0.0,68.88296705849265,0.0,1.9284401629625778,0.0,8.531550752603385,0.0,273.99915887174626,0.0,135.90519291971802,0.0,8.796541041262065,0.0,7.692870494311758,0.0,5.229638385637083,0.0
Banja,236.3137254901961,0.0,13.509196605490564,0.0,235.6735670724289,0.0,106.0,0.0,70.40516585540986,0.0,9.494692294643512,0.0,10.295630140987,0.0,6.967439879476693,0.0,5374.155829967874,0.0,441.5891891029844,0.0,347.834378162682,0.0,3.6553652127123946,0.0,12.596991951870349,0.0,272.4282730268907,0.0,180.96380036974475,0.0,9.494692294615415,0.0,7.775485236511636,0.0,5.981345903988066,0.0
Banjo,229.51764705882354,0.0,13.316557497174257,0.0,232.54815678715278,0.0,102.0,0.0,68.27608993204863,0.0,9.418207453981623,0.0,10.099504938362077,0.0,6.889681632315295,0.0,5373.756428975818,0.0,441.2703888686926,0.0,347.75071441018724,0.0,4.91083099228812,0.0,13.13276074094693,0.0,335.895705352158,0.0,200.58402575489143,0.0,9.418207453958603,0.0,7.636347995397553,0.0,5.934056285535092,0.0
Bantu,229.4313725490196,0.0,13.34615934426826,0.0,220.59103163225828,0.0,103.0,0.0,64.58154951365094,0.0,8.925546130875444,0.0,10.14889156509222,0.0,6.427490854738972,0.0,851.4555933924876,0.0,90.91318850714612,0.0,59.72963649682721,0.0,4.724933542028648,0.0,11.113729161090504,0.0,498.7117609099449,0.0,125.75291644519137,0.0,8.925546130864554,0.0,7.766161092264532,0.0,5.476665444238843,0.0
Barde,247.4,0.0,13.90248070047452,0.0,226.11963780968694,0.0,105.0,0.0,67.39416408171398,0.0,9.152802932409493,0.0,10.246950765959598,0.0,6.663924942797953,0.0,906.0015632228218,0.0,109.10199319136822,0.0,74.80217622665579,0.0,2.5852596588575056,0.0,8.496799743689266,0.0,257.6831368261253,0.0,135.84158058853845,0.0,9.152802932401924,0.0,8.391391314344853,0.0,5.731071052346262,0.0
Bares,235.35686274509806,0.0,13.52758271239742,0.0,211.33256122220178,0.0,84.0,0.0,52.76208880357845,0.0,8.518113935581013,0.0,9.16515138991168,0.0,5.815234331066458,0.0,852.1178440882725,0.0,76.39631661821132,0.0,48.389033262077774,0.0,2.823585841277329,0.0,7.208213476520896,0.0,219.61721039796154,0.0,113.41545371786259,0.0,8.518113935537372,0.0,7.400492930070014,0.0,4.9276016072988025,0.0
Bargs,247.4823529411765,0.0,13.796334813522494,0.0,224.07082148844552,0.0,96.0,0.0,62.52463169489168,0.0,9.05792822395833,0.0,9.797958971132712,0.0,6.488712833781136,0.0,947.2028766167272,0.0,157.36669984184107,0.0,117.99240535708235,0.0,2.551251690487395,0.0,8.706129890760037,0.0,230.42214420605808,0.0,117.06974292254044,0.0,9.057928223926876,0.0,7.8973370338999915,0.0,5.574516650464782,0.0
Barke,241.2313725490196,0.0,13.760316600883685,0.0,230.85706387194705,0.0,114.0,0.0,73.84574191510536,0.0,9.39121237358913,0.0,10.677078252031311,0.0,7.005832535864829,0.0,857.6745334624615,0.0,110.24102513757128,0.0,77.49593456202095,0.0,2.5611552521000087,0.0,8.380920831991608,0.0,422.47028689099324,0.0,223.87230180253948,0.0,9.391212373575888,0.0,8.552644130685378,0.0,6.149361507333583,0.0
Basam,255.32549019607842,0.0,13.864560438035754,0.0,234.54896021467806,0.0,116.0,0.0,73.88452268143915,0.0,9.411912546608779,0.0,10.770329614269007,0.0,6.956207855399483,0.0,935.6822476794729,0.0,208.3076888693542,0.0,142.22278233439712,0.0,2.1225215061988743,0.0,10.809169455161209,0.0,233.4161533098298,0.0,160.42986497471114,0.0,9.411912546583372,0.0,8.262215915974034,0.0,5.983410279743079,0.0
Basar,234.04313725490198,0.0,13.359242991949605,0.0,219.49892417382642,0.0,96.0,0.0,59.33672468298895,0.0,8.77515433376101,0.0,9.797958971132712,0.0,6.131544642526811,0.0,855.4792314681104,0.0,94.70750684700714,0.0,61.36431484905057,0.0,4.452980854402426,0.0,9.08796161886679,0.0,225.38754809647116,0.0,170.40210146141789,0.0,8.775154333738223,0.0,7.584843481924471,0.0,5.1494812798344825,0.0
Basen,243.91372549019607,0.0,13.756079079787439,0.0,209.9231474057318,0.0,94.0,0.0,58.68846827730094,0.0,8.560640533024936,0.0,9.695359714832659,0.0,6.101126237749783,0.0,851.1691752428735,0.0,70.78562350806494,0.0,44.64766394561642,0.0,2.583261508159361,0.0,7.81759817068522,0.0,429.30599780969106,0.0,111.79070777184421,0.0,8.560640532996503,0.0,7.796701364308421,0.0,5.1973241756906985,0.0
Basis,231.0,0.0,13.33421162043857,0.0,211.3175860458447,0.0,76.0,0.0,47.31199687915907,0.0,8.425985749286179,0.0,8.717797887081348,0.0,5.493090280984915,0.0,872.3097636545174,0.0,76.07293621194451,0.0,48.98753522727657,0.0,4.0660857398340005,0.0,8.46329695601451,0.0,474.7248240325257,0.0,330.7551059275956,0.0,8.425985749264422,0.0,6.682964566717785,0.0,4.5218854591846025,0.0
Batik,227.53725490196078,0.0,13.382734319064669,0.0,241.5249626767952,0.0,113.0,0.0,74.90106691719784,0.0,9.710827112297968,0.0,10.63014581273465,0.0,7.15445756668981,0.0,878.9319784919509,0.0,141.76758287725278,0.0,103.93669630153222,0.0,4.2802628807229075,0.0,10.724698758947248,0.0,1154.2839351774903,0.0,397.256851474588,0.0,9.710827112256634,0.0,8.190529371517957,0.0,6.22219771888257,0.0
Bauch,236.43529411764706,0.0,13.430159956713059,0.0,215.5760769735394,0.0,97.0,0.0,60.33054698404197,0.0,8.733353385973082,0.0,9.848857801796104,0.0,6.20294629645925,0.0,853.4743949542957,0.0,89.86885673490252,0.0,62.65086052447727,0.0,3.255370313120877,0.0,9.438803515766505,0.0,615.1220308661549,0.0,213.63233065275017,0.0,8.733353385953926,0.0,7.622041201977637,0.0,5.279428850602109,0.0
Bauda,251.4980392156863,0.0,13.819859337588303,0.0,222.9551452027861,0.0,103.0,0.0,64.56760291890392,0.0,8.975402724414586,0.0,10.14889156509222,0.0,6.441037702576929,0.0,903.9606284566556,0.0,102.91139079773815,0.0,70.52333375867813,0.0,2.229498697091138,0.0,9.583118512807049,0.0,260.16292618118814,0.0,134.29820887338508,0.0,8.975402724391627,0.0,7.9064783305801685,0.0,5.44207703680257,0.0
Bauts,229.65098039215687,0.0,13.265087744311494,0.0,212.59541862731484,0.0,88.0,0.0,54.40082313525704,0.0,8.539302036793307,0.0,9.38083151964686,0.0,5.862856496718702,0.0,851.0693907498511,0.0,83.55363308018363,0.0,55.16409117376407,0.0,3.9219299127782272,0.0,8.42228755517041,0.0,224.3523876318095,0.0,122.23309011190287,0.0,8.539302036759565,0.0,7.155093657806144,0.0,4.922650871752627,0.0
Bcckt,222.0,0.0,13.064696318265664,0.0,229.08331403055442,0.0,115.0,0.0,74.224462694344,0.0,9.339476230781512,0.0,10.723805294763608,0.0,7.015247154889155,0.0,854.4603204521338,0.0,111.9483110424596,0.0,79.42976404413483,0.0,3.726100810472178,0.0,14.063202349010366,0.0,483.2539117321257,0.0,286.5727523101687,0.0,9.339476230779837,0.0,8.233263550219053,0.0,6.106185004952478,0.0
Bcdfw,250.14117647058825,0.0,13.877262831091683,0.0,256.57830691687394,0.0,142.0,0.0,93.08719645368836,0.0,10.277976029366336,0.0,11.916375287812984,0.0,7.946533317495895,0.0,1236.1611042861011,0.0,300.1796564559926,0.0,206.73845537898035,0.0,2.4839791674812712,0.0,28.495818280489107,0.0,483.6133665108488,0.0,151.02334786319946,0.0,10.277976029335102,0.0,9.568788172418651,0.0,6.990948815224951,0.0
Bdhnf,258.34117647058827,0.0,14.344885235184396,0.0,249.73671064460422,0.0,138.0,0.0,90.74455567164216,0.0,10.108843623755082,0.0,11.74734012447073,0.0,7.870701425806281,0.0,1243.385873474959,0.0,527.9573494345074,0.0,392.84524710704153,0.0,3.8305245647299575,0.0,19.57182441877364,0.0,319.8332722655537,0.0,150.90893565266134,0.0,10.108843623748635,0.0,9.376136336877273,0.0,6.915662527869148,0.0
Beben,256.6705882352941,0.0,14.228153018976531,0.0,224.41566143736708,0.0,124.0,0.0,79.47759527878318,0.0,9.275339173179395,0.0,11.135528725660043,0.0,7.206117845414388,0.0,869.0623376245887,0.0,127.94732019513332,0.0,84.97548192487965,0.0,2.782850307817031,0.0,8.802235710761828,0.0,444.20876737857435,0.0,128.96642006685823,0.0,9.275339173155205,0.0,9.35029968763557,0.0,6.35519382944368,0.0
Beere,238.45098039215685,0.0,13.846868907688583,0.0,223.23434598677542,0.0,117.0,0.0,75.39622205484133,0.0,9.19354434295711,0.0,10.816653826391969,0.0,7.044984075916516,0.0,869.4300781205529,0.0,94.30897704856078,0.0,63.740263245552114,0.0,3.7240040008873483,0.0,8.1410462099337,0.0,314.64068866130344,0.0,157.38576110428053,0.0,9.193544342930572,0.0,9.188673076659368,0.0,6.244269073944989,0.0
Beete,237.89019607843136,0.0,13.811521971790057,0.0,220.18768995688427,0.0,115.0,0.0,74.38060705212816,0.0,9.10032041258671,0.0,10.723805294763608,0.0,7.0048075219732375,0.0,867.7026691999795,0.0,90.43247779127327,0.0,61.66926138565609,0.0,3.8081700334473414,0.0,7.907319958986863,0.0,225.26722569984156,0.0,121.08735898360527,0.0,9.100320412558203,0.0,9.154835538445957,0.0,6.234517573246211,0.0
Beine,233.87450980392157,0.0,13.736771834128799,0.0,220.92822174167637,0.0,109.0,0.0,68.93805832948613,0.0,8.99913793185849,0.0,10.44030650891055,0.0,6.664064147899432,0.0,880.9101109663574,0.0,82.09864196748138,0.0,52.50734851648336,0.0,3.1279037975535577,0.0,7.585605414412216,0.0,275.5725459686744,0.0,143.23338011237405,0.0,8.999137931840528,0.0,8.65521026829924,0.0,5.816587312134224,0.0
Bekem,263.82745098039214,0.0,14.409340599116451,0.0,251.92568079413923,0.0,153.0,0.0,101.44972827627518,0.0,10.316698107383425,0.0,12.36931687685298,0.0,8.308864650288356,0.0,948.5992358237543,0.0,231.36329348701912,0.0,163.69111074286798,0.0,1.72810997550156,0.0,11.95493175123202,0.0,270.82329882054995,0.0,158.756421264481,0.0,10.316698107349142,0.0,9.947549606092,0.0,7.461464910125646,0.0
Betel,225.49019607843135,0.0,13.476242213269094,0.0,233.76331014300166,0.0,120.0,0.0,78.52464060386677,0.0,9.535758161302887,0.0,10.954451150103322,0.0,7.2719957041956125,0.0,869.6508976727129,0.0,129.50935200962977,0.0,95.70753256763801,0.0,5.420043376734247,0.0,9.13173349357516,0.0,257.53359298633814,0.0,134.70827895182438,0.0,9.5357581612869,0.0,8.86316157245019,0.0,6.392450585806523,0.0
Beule,231.46274509803922,0.0,13.594940484114971,0.0,225.16167413130657,0.0,115.0,0.0,72.9973921001693,0.0,9.183430549235414,0.0,10.723805294763608,0.0,6.888116329239098,0.0,867.6836184489669,0.0,92.71031869196392,0.0,64.80382499751263,0.0,4.095871043656182,0.0,8.474523752765048,0.0,330.49432351454954,0.0,313.64499623402384,0.0,9.183430549216439,0.0,8.634443251186811,0.0,6.046207831882759,0.0
Beuns,240.08235294117648,0.0,13.700384321805256,0.0,211.94795809002244,0.0,107.0,0.0,65.47305710112741,0.0,8.651289599367862,0.0,10.344080432788601,0.0,6.380581849932147,0.0,861.128485931492,0.0,72.94997068171011,0.0,45.07251831600753,0.0,2.949011671978312,0.0,8.433112267538982,0.0,275.0911138827019,0.0,134.65377800754277,0.0,8.651289599338254,0.0,8.146116058733554,0.0,5.529565746555151,0.0
Bezug,252.65098039215687,0.0,14.136810523053136,0.0,232.77909252644926,0.0,123.0,0.0,79.9646769956777,0.0,9.50446287033221,0.0,11.090536506409418,0.0,7.309601390398393,0.0,1157.2251158594104,0.0,260.6579223351665,0.0,197.68555689464446,0.0,2.7418862455711084,0.0,15.349227772986,0.0,353.9173036370165,0.0,146.7488177850102,0.0,9.50446287030647,0.0,9.192652206647516,0.0,6.4248237078078025,0.0
Bgrkq,266.8627450980392,0.0,14.455664763420703,0.0,260.6466657487716,0.0,142.0,0.0,98.00129639078521,0.0,10.622547775376987,0.0,11.916375287812984,0.0,8.393242011530857,0.0,35857.86370644041,0.0,14752.44315285856,0.0,12721.773110749566,0.0,3.0031749921827466,0.0,73.12216498058912,0.0,532.9450395992435,0.0,287.92544962468605,0.0,10.622547775364387,0.0,9.739248167837566,0.0,7.483536934569727,0.0
Bgtts,237.11764705882354,0.0,13.587447562261602,0.0,231.75582120497845,0.0,103.0,0.0,69.27076965441269,0.0,9.43151466535833,0.0,10.14889156509222,0.0,6.9473144245626735,0.0,2240.0252315956914,0.0,950.9353859238734,0.0,785.7355560984174,0.0,5.184360317961184,0.0,19.86400091962172,0.0,228.90368451222955,0.0,128.18472657525234,0.0,9.431514665326137,0.0,8.324974777541057,0.0,6.022592855476971,0.0
Bhrps,254.13725490196077,0.0,14.057636616837742,0.0,238.092842313849,0.0,113.0,0.0,75.58744077556656,0.0,9.680566897594323,0.0,10.63014581273465,0.0,7.23940530617078,0.0,7565.066980840965,0.0,339.46729801297954,0.0,223.8463559817582,0.0,2.687941311653791,0.0,12.3060191505417,0.0,361.9314746116883,0.0,187.7131515119911,0.0,9.680566897570673,0.0,8.661167855025461,0.0,6.3436471781202,0.0
Bhthl,233.24705882352941,0.0,13.625907657001209,0.0,250.3084108819074,0.0,131.0,0.0,87.0110266108373,0.0,10.111946930451607,0.0,11.445523142259598,0.0,7.7451869053023135,0.0,861.1739883969658,0.0,149.82392949920248,0.0,112.28554390248253,0.0,5.288386872239439,0.0,12.586677023167315,0.0,481.07943858399074,0.0,232.3568570687149,0.0,10.111946930439961,0.0,8.863676983721334,0.0,6.757227637510205,0.0
Bhwxz,255.65882352941176,0.0,14.14184255606145,0.0,259.650943136445,0.0,148.0,0.0,97.11598674992504,0.0,10.384846930340652,0.0,12.165525060596439,0.0,8.09211528664925,0.0,893.2728461681095,0.0,268.90024656344093,0.0,199.25535151252657,0.0,2.91667106545423,0.0,44.58112807834293,0.0,508.24568785632613,0.0,213.63984247476102,0.0,10.384846930341599,0.0,9.539160574652868,0.0,7.182313903363595,0.0
Bibel,233.13725490196077,0.0,13.641002713045,0.0,244.50320588100305,0.0,126.0,0.0,83.07051156411947,0.0,9.886683947205137,0.0,11.224972160321824,0.0,7.519367006520166,0.0,875.5886414230624,0.0,160.52088654654554,0.0,113.64031183671378,0.0,3.985703509193844,0.0,9.957699908340228,0.0,305.4106635732523,0.0,160.25600596012936,0.0,9.886683947187827,0.0,8.912922938683131,0.0,6.576396573464276,0.0
Biegi,234.86666666666667,0.0,13.741466891908125,0.0,246.04043000650617,0.0,126.0,0.0,84.26569072899751,0.0,9.958968116747666,0.0,11.224972160321824,0.0,7.636288895966591,0.0,971.3738046031548,0.0,179.1093865815948,0.0,131.83317893559837,0.0,3.079123488445649,0.0,10.015023295565364,0.0,272.77377504892104,0.0,160.2176577219739,0.0,9.958968116740397,0.0,8.993430996585365,0.0,6.726481576140544,0.0
Biere,225.31764705882352,0.0,13.507948875173543,0.0,230.70673869437582,0.0,112.0,0.0,72.81261321821869,0.0,9.378686759633485,0.0,10.583005244258363,0.0,6.967226940708759,0.0,869.8607158539272,0.0,99.50206037127036,0.0,66.90726761382695,0.0,2.954996784723926,0.0,8.274798443670534,0.0,344.09040181889355,0.0,170.81527751712002,0.0,9.378686759608499,0.0,8.723732927234646,0.0,6.099062031805365,0.0
Biest,222.97647058823526,0.0,13.314386191697633,0.0,225.36635431261806,0.0,105.0,0.0,67.69716613617798,0.0,9.146279926671095,0.0,10.246950765959598,0.0,6.689747204551181,0.0,864.417143888031,0.0,88.9666990047367,0.0,58.77342154686258,0.0,3.7945218059643695,0.0,8.405207583884156,0.0,352.0111706311053,0.0,220.95336231024336,0.0,9.146279926659567,0.0,8.13439786791648,0.0,5.789272844567837,0.0
Binde,244.13725490196077,0.0,13.95593824241376,0.0,230.46162040749044,0.0,114.0,0.0,73.5710015577207,0.0,9.380253183614135,0.0,10.677078252031311,0.0,6.9757762738586955,0.0,915.6392540292745,0.0,108.52798519145443,0.0,74.45897803233349,0.0,2.767420084249257,0.0,8.51014943495315,0.0,309.4897073727864,0.0,151.07386358758384,0.0,9.380253183609042,0.0,8.68023399626294,0.0,6.017732638191347,0.0
Blama,244.70588235294116,0.0,13.685436234792183,0.0,249.31585122552403,0.0,125.0,0.0,81.38866670446245,0.0,9.935390977531178,0.0,11.180339887498949,0.0,7.3880316515397,0.0,890.7431926279781,0.0,164.06033146294766,0.0,111.95606499181478,0.0,2.542843037164259,0.0,9.852045257916814,0.0,264.13076223722095,0.0,147.69232031444702,0.0,9.935390977506723,0.0,8.651690162016244,0.0,6.367169063496247,0.0
Blete,225.49019607843135,0.0,13.476242213269094,0.0,231.8912327591088,0.0,116.0,0.0,76.50902965068741,0.0,9.491944418258202,0.0,10.770329614269007,0.0,7.202645378592848,0.0,859.5339710149013,0.0,112.28166979810959,0.0,81.35140861177413,0.0,3.062178195906217,0.0,8.74904799341596,0.0,238.66717317702182,0.0,134.29919878247222,0.0,9.491944418235025,0.0,8.850687581447904,0.0,6.349702905643221,0.0
Bljts,215.64313725490197,0.0,13.075763022615785,0.0,249.17369368785634,0.0,112.0,0.0,77.38847286677333,0.0,10.016809441180833,0.0,10.583005244258363,0.0,7.467110308762518,0.0,12711.171033662238,0.0,914.1480797686753,0.0,747.7698074882752,0.0,3.844698248576106,0.0,19.20004339712107,0.0,245.6564075937733,0.0,145.43867288225826,0.0,10.016809441158578,0.0,8.086861259811515,0.0,6.528070774985129,0.0
Bllly,213.4078431372549,0.0,13.149627770243654,0.0,275.1767351577845,0.0,143.0,0.0,98.56389624554292,0.0,10.911358968818444,0.0,11.958260743101398,0.0,8.408045969542878,0.0,6015.001899957788,0.0,192.90847353269297,0.0,139.6097191807382,0.0,4.301184747183157,0.0,10.000268607647541,0.0,355.2591117824835,0.0,327.2325303462597,0.0,10.911358968813985,0.0,9.000024814583321,0.0,7.435624897638095,0.0
Bllsd,232.69019607843137,0.0,13.549310742878184,0.0,244.75975357236385,0.0,111.0,0.0,74.57499790774109,0.0,9.840382510522911,0.0,10.535653752852738,0.0,7.209275127675306,0.0,990.9154362686154,0.0,177.8490466770047,0.0,131.68456912828586,0.0,4.3042394289806225,0.0,12.692990797928983,0.0,353.0700122431214,0.0,194.62777666132283,0.0,9.840382510523899,0.0,8.263032233903004,0.0,6.187555063578836,0.0
Block,222.60000000000002,0.0,13.123120872053637,0.0,235.64916728084555,0.0,114.0,0.0,75.58690758693697,0.0,9.61130047802153,0.0,10.677078252031311,0.0,7.194556399336601,0.0,858.5437296989525,0.0,142.5681260141791,0.0,106.55789478341757,0.0,3.2427528814333026,0.0,11.131336539946796,0.0,1079.1993370000205,0.0,251.8194042360983,0.0,9.611300477936519,0.0,8.186599156100504,0.0,6.278532479618773,0.0
Blogs,238.84313725490196,0.0,13.57619589441297,0.0,229.50623115279365,0.0,104.0,0.0,69.21199660919044,0.0,9.363294333583065,0.0,10.198039027185569,0.0,6.910582553642474,0.0,948.565695861774,0.0,166.61542955993298,0.0,127.29588737921247,0.0,2.9134821008350094,0.0,10.13144504260913,0.0,255.5324930836551,0.0,129.6769311079986,0.0,9.363294333552512,0.0,8.11213621260156,0.0,5.972961408327387,0.0
Bloht,221.25882352941176,0.0,13.188761191289393,0.0,234.91009332825786,0.0,116.0,0.0,75.29000467046284,0.0,9.52616160051595,0.0,10.770329614269007,0.0,7.104965240893113,0.0,854.5411225349814,0.0,112.11445339762642,0.0,80.91391060178624,0.0,3.49509817096972,0.0,10.637459259357733,0.0,447.55444146735573,0.0,249.50580769932404,0.0,9.526161600480092,0.0,8.247373245555144,0.0,6.126577584579774,0.0
Bluff,225.84705882352944,0.0,13.573466778405122,0.0,259.63066361061925,0.0,135.0,0.0,89.54784308326177,0.0,10.323556238962162,0.0,11.61895003862225,0.0,7.872771520624466,0.0,976.2738416651771,0.0,485.86788753544556,0.0,360.15130195526723,0.0,3.105614712894094,0.0,15.127069795374796,0.0,251.55574254028173,0.0,144.12110952736157,0.0,10.323556238943604,0.0,9.17044524275031,0.0,6.94469205549589,0.0
Blume,242.18823529411767,0.0,13.794495444747641,0.0,246.0446015663597,0.0,136.0,0.0,87.96803783884485,0.0,9.948269083196896,0.0,11.661903789690601,0.0,7.651506368669928,0.0,889.7878900593367,0.0,161.4093592728545,0.0,110.45486091043918,0.0,2.648435180543133,0.0,10.108891780771653,0.0,266.7094328554776,0.0,149.51137655017433,0.0,9.94826908317868,0.0,9.039686250627621,0.0,6.711531188501487,0.0
Bluse,229.68235294117645,0.0,13.439056625502696,0.0,221.40764605993792,0.0,106.0,0.0,66.80701487258827,0.0,9.002351846375817,0.0,10.295630140987,0.0,6.575074995270134,0.0,856.5025031019585,0.0,97.57981366372854,0.0,69.31312382850149,0.0,2.3753289243498155,0.0,9.383005740975475,0.0,238.79627764174828,0.0,126.56242421013013,0.0,9.002351846354523,0.0,8.06580226873902,0.0,5.6510214437247335,0.0
Blöße,244.02745098039216,0.0,13.780891550762293,0.0,245.48566276021586,0.0,138.0,0.0,90.64588040916502,0.0,10.00589798336491,0.0,11.74734012447073,0.0,7.8343649200268235,0.0,904.7268880153401,0.0,465.9121883126439,0.0,285.9645614815104,0.0,2.570725985151436,0.0,22.67073264350333,0.0,393.9334096534768,0.0,201.30978873720872,0.0,10.00589798333733,0.0,9.484428400362047,0.0,6.974309146494584,0.0
Bmlll,222.5333333333333,0.0,13.343363009716608,0.0,275.10046947596425,0.0,144.0,0.0,97.87340401119883,0.0,10.861905741708235,0.0,12.0,0.0,8.318175544525618,0.0,1082.9737289684624,0.0,249.3946288531758,0.0,178.13350303523418,0.0,7.917061037907415,0.0,14.31933463604038,0.0,384.5277774758397,0.0,324.690293582228,0.0,10.861905741714061,0.0,8.899674011193724,0.0,7.333929290298073,0.0
Boden,249.16078431372546,0.0,13.940785411354293,0.0,222.76506818065104,0.0,112.0,0.0,72.18453024056905,0.0,9.180761233220286,0.0,10.583005244258363,0.0,6.896811186440777,0.0,913.4698760895518,0.0,111.99058482332056,0.0,77.64976740431976,0.0,2.3453834360888965,0.0,8.632939435399736,0.0,442.3197755209462,0.0,115.90141426467639,0.0,9.180761233192742,0.0,8.610368252658414,0.0,5.971051761842228,0.0
Bogen,251.0235294117647,0.0,13.986405768757576,0.0,224.14932467272877,0.0,115.0,0.0,75.16922543215249,0.0,9.272318691364006,0.0,10.723805294763608,0.0,7.099151950487943,0.0,910.4935712542308,0.0,151.38449022767048,0.0,114.68325854990027,0.0,2.556963213612719,0.0,8.452734678516705,0.0,436.8764709318135,0.0,112.07658037155072,0.0,9.272318691337762,0.0,8.836564339882136,0.0,6.2393190980191084,0.0
Bohne,242.77647058823527,0.0,13.795082954643302,0.0,216.64998582662966,0.0,108.0,0.0,68.24827530351216,0.0,8.915040442771275,0.0,10.392304845413264,0.0,6.635446559955864,0.0,853.9565213682102,0.0,80.86639326686034,0.0,54.07540456671741,0.0,2.0714586411873332,0.0,8.892894440120033,0.0,309.46620965278373,0.0,142.4863078657099,0.0,8.91504044274849,0.0,8.3563204832109,0.0,5.739777318738427,0.0
Bombe,261.28627450980395,0.0,14.151642076866615,0.0,237.99347323123004,0.0,128.0,0.0,83.87109847656515,0.0,9.731254211027116,0.0,11.313708498984761,0.0,7.499209524400391,0.0,887.256993136108,0.0,183.74034767978836,0.0,122.79502071866504,0.0,2.0589961789581714,0.0,10.445587742032064,0.0,279.3770898541643,0.0,146.60676929349054,0.0,9.731254211006128,0.0,9.253950825424418,0.0,6.570790730508129,0.0
Bonus,231.97254901960784,0.0,13.341915922839508,0.0,208.48465469624315,0.0,90.0,0.0,55.64209112531124,0.0,8.483412193462081,0.0,9.486832980505138,0.0,5.909486878421685,0.0,849.5931183765666,0.0,68.51594144189899,0.0,42.70062758892145,0.0,2.667209617766123,0.0,9.027383835261375,0.0,312.810483281732,0.0,150.14442822758608,0.0,8.483412193436962,0.0,7.292965090572411,0.0,4.948490205703377,0.0
Borke,234.43529411764703,0.0,13.571242522566063,0.0,230.27681317880186,0.0,116.0,0.0,75.48911053337739,0.0,9.428393265158846,0.0,10.770329614269007,0.0,7.096930780803582,0.0,857.2312036609625,0.0,110.32384258388649,0.0,77.79756062100712,0.0,2.592923835940098,0.0,8.537169710007413,0.0,432.02159231320394,0.0,223.9438784033569,0.0,9.428393265145438,0.0,8.60499781516007,0.0,6.245466388886916,0.0
Borte,219.2235294117647,0.0,13.14432820994418,0.0,221.13996107047984,0.0,99.0,0.0,63.30354199231658,0.0,8.96665052254818,0.0,9.9498743710662,0.0,6.435492267023804,0.0,855.558253589812,0.0,94.5254062626483,0.0,63.09786820945256,0.0,3.830272935164967,0.0,7.566129066116428,0.0,237.1461875219152,0.0,122.4088180260157,0.0,8.966650522522931,0.0,8.001428540332858,0.0,5.536057230990714,0.0
Bosse,237.33725490196076,0.0,13.487201560027184,0.0,202.80362568268185,0.0,85.0,0.0,52.68836352935742,0.0,8.271687581737293,0.0,9.219544457292887,0.0,5.759087088206914,0.0,853.2678590608733,0.0,67.27478293022871,0.0,42.71266263653538,0.0,2.007525867722415,0.0,8.397767353837875,0.0,234.0066999370326,0.0,110.88628020982856,0.0,8.271687581709847,0.0,7.45964534017558,0.0,4.841704302439114,0.0
Boten,227.78039215686275,0.0,13.379371498667133,0.0,217.80678863862641,0.0,102.0,0.0,65.32565136752737,0.0,8.92970324000058,0.0,10.099504938362077,0.0,6.530897235653991,0.0,851.9946273952756,0.0,89.19331770802552,0.0,60.830745437299996,0.0,2.748139857680585,0.0,7.853105263012863,0.0,441.3787472232632,0.0,115.94316695077964,0.0,8.929703239974202,0.0,8.146201972481338,0.0,5.624034810649896,0.0
Botin,214.6470588235294,0.0,13.028295589482754,0.0,227.09027706910888,0.0,100.0,0.0,64.21327491205761,0.0,9.155793326640866,0.0,10.0,0.0,6.503471520182235,0.0,873.3934233745675,0.0,98.1640905696442,0.0,66.90584742611026,0.0,4.470391603913865,0.0,8.715284348600257,0.0,610.6024605093471,0.0,332.27558058570827,0.0,9.155793326642518,0.0,7.712043697984306,0.0,5.531500180145623,0.0
Boxer,232.78039215686275,0.0,13.5486484441656,0.0,233.41201145748016,0.0,122.0,0.0,79.39685864157032,0.0,9.522228496412218,0.0,11.045361017187261,0.0,7.273296616433961,0.0,861.3176319401222,0.0,166.61761113950232,0.0,124.04048190186555,0.0,3.811626210744778,0.0,16.761857504857904,0.0,293.59389950925464,0.0,169.29781187204716,0.0,9.52222849638874,0.0,8.8800651999912,0.0,6.431289866616301,0.0
Bqnhs,261.2980392156863,0.0,14.266548631058892,0.0,229.18987994481694,0.0,111.0,0.0,73.00897241727448,0.0,9.429213046576917,0.0,10.535653752852738,0.0,7.068195715494697,0.0,9907.353855945074,0.0,4815.05921397142,0.0,4032.131989821712,0.0,3.087024816453675,0.0,38.090998272008996,0.0,390.7566959353969,0.0,174.12198875776915,0.0,9.429213046547355,0.0,8.424766733252822,0.0,6.11364050043311,0.0
Brand,245.39999999999998,0.0,13.82831234179436,0.0,240.06482547858707,0.0,125.0,0.0,80.31676857993634,0.0,9.673826983364297,0.0,11.180339887498949,0.0,7.284429498057422,0.0,990.0053545082659,0.0,173.95025566135968,0.0,122.8727956555637,0.0,3.1523060253270576,0.0,11.023957016197574,0.0,415.44532211881005,0.0,203.6438697300041,0.0,9.673826983353141,0.0,8.885288221980344,0.0,6.300294804201903,0.0
Brata,224.70588235294116,0.0,13.168710366553944,0.0,232.3857467205523,0.0,105.0,0.0,66.84578565007176,0.0,9.259066198723637,0.0,10.246950765959598,0.0,6.603506748861962,0.0,857.9066478043909,0.0,112.92013534157464,0.0,73.88523722086124,0.0,3.3896259893873273,0.0,8.676470560126297,0.0,287.06200585391406,0.0,127.9692585029117,0.0,9.259066198691292,0.0,8.058820463487937,0.0,5.614546454821907,0.0
Braue,231.9921568627451,0.0,13.459359420749434,0.0,226.43254367422267,0.0,112.0,0.0,70.43573092737022,0.0,9.147882761865024,0.0,10.583005244258363,0.0,6.7188323485475845,0.0,857.7267412503402,0.0,100.76845422549844,0.0,63.56558557922288,0.0,2.4359723938439735,0.0,9.37303689575771,0.0,338.55625007965654,0.0,156.044243722704,0.0,9.14788276184624,0.0,8.54748378863358,0.0,5.809291022258971,0.0
Braut,220.87450980392157,0.0,13.110520646945602,0.0,233.1766871033146,0.0,115.0,0.0,72.61336184205223,0.0,9.349539114111568,0.0,10.723805294763608,0.0,6.846947552262713,0.0,855.0247935414793,0.0,107.5358297565517,0.0,68.68243087499285,0.0,4.399152183485318,0.0,9.470903933555537,0.0,410.97864712268404,0.0,237.58952165876178,0.0,9.349539114088852,0.0,8.300683660546978,0.0,5.8814083692288595,0.0
Brett,216.2156862745098,0.0,13.16049276360325,0.0,237.30435540869235,0.0,121.0,0.0,79.02733948322575,0.0,9.614631451952034,0.0,11.0,0.0,7.279441413442019,0.0,856.1921818169277,0.0,117.0643533739146,0.0,78.5897106322925,0.0,5.487811079485225,0.0,8.74701731262506,0.0,370.8897699097749,0.0,220.86030682870904,0.0,9.61463145193359,0.0,8.704704946200799,0.0,6.391434411348965,0.0
Briea,224.00392156862745,0.0,13.339361382446436,0.0,230.2819733648655,0.0,100.0,0.0,64.53546311819515,0.0,9.219104707160632,0.0,10.0,0.0,6.526151120736839,0.0,872.1562398735538,0.0,102.49039684139981,0.0,66.0952465256456,0.0,3.1271534734408903,0.0,8.83432618534342,0.0,291.80985080515086,0.0,129.90779718896636,0.0,9.219104707124005,0.0,8.018086665403407,0.0,5.587397967442979,0.0
Brief,222.50980392156862,0.0,13.497147092005104,0.0,246.95452103462912,0.0,118.0,0.0,78.14687281493934,0.0,9.865346182106526,0.0,10.862780491200215,0.0,7.311184220591398,0.0,969.0450645949103,0.0,435.0001137965596,0.0,322.9982844391743,0.0,3.3791979801781515,0.0,14.073649553058896,0.0,298.6252124427584,0.0,130.0510377070812,0.0,9.865346182090303,0.0,8.785522307601392,0.0,6.41679810280601,0.0
Brite,214.2,0.0,13.16039811067175,0.0,234.7093233768793,0.0,106.0,0.0,69.00075861268381,0.0,9.411123913312867,0.0,10.295630140987,0.0,6.787320044305016,0.0,873.2495686632192,0.0,113.84895438773322,0.0,75.44524499317708,0.0,3.9723194741639083,0.0,8.125797412672325,0.0,293.1478216739449,0.0,139.20276381088394,0.0,9.411123913292895,0.0,8.28376919140104,0.0,5.865085079009527,0.0
Brktp,245.0156862745098,0.0,13.88060640392613,0.0,260.0799005434476,0.0,145.0,0.0,98.16233933474267,0.0,10.51527738325441,0.0,12.041594578792296,0.0,8.291694199844997,0.0,26915.7549398494,0.0,1092.4016227581085,0.0,698.959975597944,0.0,2.716455569212589,0.0,18.35607244183694,0.0,315.72774851101684,0.0,129.09561115617288,0.0,10.515277383240406,0.0,9.695685165810314,0.0,7.41451755458267,0.0
Brntq,237.5254901960784,0.0,13.717174511754543,0.0,244.49630709505323,0.0,124.0,0.0,82.20137900127693,0.0,9.915287415518927,0.0,11.135528725660043,0.0,7.519907697178931,0.0,35797.96097051247,0.0,14722.086054517707,0.0,12697.637945951274,0.0,3.257500484104439,0.0,70.90493499648737,0.0,442.468202819591,0.0,220.81612911135107,0.0,9.915287415501162,0.0,8.817002217711615,0.0,6.547475705187938,0.0
Bruch,227.1921568627451,0.0,13.289257021076892,0.0,228.70971807144997,0.0,113.0,0.0,71.46548123311005,0.0,9.261822909986494,0.0,10.63014581273465,0.0,6.817128692919802,0.0,855.68913153182,0.0,112.42018250598203,0.0,76.4758041515488,0.0,3.0439578614691767,0.0,9.862036983335287,0.0,643.1424904592803,0.0,218.33687423353695,0.0,9.26182290995984,0.0,8.183368554760854,0.0,5.897669857934621,0.0
Brust,220.4078431372549,0.0,13.122412452503752,0.0,226.82076870952147,0.0,111.0,0.0,69.32532470512662,0.0,9.13161912715967,0.0,10.535653752852738,0.0,6.659112405973965,0.0,853.1488397083513,0.0,103.04712268107741,0.0,66.04998159736921,0.0,4.054237881085136,0.0,8.945681726714277,0.0,371.06217067329595,0.0,216.27574230635295,0.0,9.13161912714055,0.0,7.905338941168896,0.0,5.697872427677565,0.0
Brxgr,242.45882352941177,0.0,13.867663104115364,0.0,259.86416351477965,0.0,148.0,0.0,98.6509671636796,0.0,10.43890831283379,0.0,12.165525060596439,0.0,8.240100209149738,0.0,957.8633243565623,0.0,226.34692127984613,0.0,169.83323603932448,0.0,2.8839420639640596,0.0,18.481339664913456,0.0,344.19632282000305,0.0,177.56705440599788,0.0,10.438908312826452,0.0,9.717506759500345,0.0,7.339918591670054,0.0
Bryin,224.91764705882355,0.0,13.443995213658875,0.0,261.69729572126323,0.0,142.0,0.0,94.78293040471067,0.0,10.462323762709335,0.0,11.916375287812984,0.0,8.089025605767164,0.0,31622.74782630672,0.0,587.0149157886342,0.0,401.88024134734457,0.0,3.8764009393021155,0.0,13.691772768566546,0.0,631.4193369156129,0.0,337.1545335485816,0.0,10.462323762707364,0.0,9.120409702854397,0.0,7.159737819175317,0.0
Brühe,243.88235294117646,0.0,13.877368109129835,0.0,235.2261902255046,0.0,131.0,0.0,83.25858217719129,0.0,9.569883109732919,0.0,11.445523142259598,0.0,7.370110178996701,0.0,859.9065637681733,0.0,143.33062210029757,0.0,100.24387031078216,0.0,2.059480614703753,0.0,16.969360339640446,0.0,410.15616640425804,0.0,192.84436328055003,0.0,9.569883109709414,0.0,9.178181370634904,0.0,6.512981799292733,0.0
Bsmgt,258.96078431372547,0.0,14.119243373802776,0.0,247.89869632005298,0.0,132.0,0.0,87.70810068761082,0.0,10.046657612122571,0.0,11.489125293076057,0.0,7.749588323922509,0.0,969.2143110272607,0.0,193.89923458318898,0.0,140.5531564445657,0.0,2.935586447467011,0.0,14.016481153641006,0.0,323.2210778685848,0.0,214.13233518369677,0.0,10.046657612121901,0.0,9.115567245167094,0.0,6.775700801099421,0.0
Bubul,235.98039215686273,0.0,13.53652271211913,0.0,242.51769997273342,0.0,134.0,0.0,86.15420733073675,0.0,9.827456755460064,0.0,11.575836902790225,0.0,7.562712280538712,0.0,863.2657580963063,0.0,160.12227711588116,0.0,112.81820640195149,0.0,4.9374387549030505,0.0,11.492605808968342,0.0,332.56796851832013,0.0,177.62029635916954,0.0,9.8274567554563,0.0,8.900041690958325,0.0,6.599491379721629,0.0
Buche,237.7490196078431,0.0,13.597621747412223,0.0,217.70616852000245,0.0,112.0,0.0,69.96995731791263,0.0,8.922724881101495,0.0,10.583005244258363,0.0,6.686949964827383,0.0,854.4857408482366,0.0,85.31835018673213,0.0,56.33769951564321,0.0,2.402229796843766,0.0,9.250943816410123,0.0,372.4942153396949,0.0,165.28579373748028,0.0,8.922724881078354,0.0,8.487793100009707,0.0,5.804635804739016,0.0
Buchs,235.96862745098036,0.0,13.441768983379289,0.0,214.32073118383988,0.0,100.0,0.0,62.080557917783594,0.0,8.721136971945995,0.0,10.0,0.0,6.286195000505871,0.0,850.8510244062892,0.0,83.27166767048072,0.0,54.911633998951935,0.0,2.46775598217499,0.0,9.376215164296209,0.0,374.69082928747673,0.0,165.41218046991312,0.0,8.721136971916042,0.0,7.765386897375025,0.0,5.367447092525262,0.0
Bucht,226.6313725490196,0.0,13.25242290310599,0.0,224.45031194909436,0.0,115.0,0.0,72.14758823259464,0.0,9.129356052060986,0.0,10.723805294763608,0.0,6.815664493477643,0.0,851.773512283448,0.0,93.21423814535818,0.0,62.05343687164772,0.0,3.9600484720721036,0.0,9.37908074540957,0.0,439.27365027221697,0.0,243.68641592844256,0.0,9.129356052042935,0.0,8.239205169407876,0.0,5.876810278548852,0.0
Buden,252.12549019607843,0.0,14.07067895133281,0.0,227.96945139614357,0.0,123.0,0.0,78.56506116146025,0.0,9.376784868730432,0.0,11.090536506409418,0.0,7.167162307325175,0.0,913.7025112220517,0.0,115.89271466620717,0.0,79.43703408536412,0.0,2.2852716314130954,0.0,8.756195557774868,0.0,439.38013794736435,0.0,118.16943304615381,0.0,9.376784868703874,0.0,8.967717550821254,0.0,6.254549280650956,0.0
Bulle,219.06274509803922,0.0,13.254183180418346,0.0,236.71427352711706,0.0,111.0,0.0,72.51547056933777,0.0,9.555000316680507,0.0,10.535653752852738,0.0,6.9925683710971285,0.0,858.745211147869,0.0,106.18296966977287,0.0,76.47696611880068,0.0,4.256343909158997,0.0,8.173256215026557,0.0,331.9410627256236,0.0,314.8557688739932,0.0,9.555000316671626,0.0,8.265786122510924,0.0,6.089629489458771,0.0
Bunde,252.1254901960784,0.0,14.070678951332809,0.0,224.85224114704303,0.0,119.0,0.0,75.51267720085409,0.0,9.23435817374293,0.0,10.908712114635714,0.0,7.001871703465766,0.0,904.605208429813,0.0,105.98968817469807,0.0,72.326402926829,0.0,2.0665134933982934,0.0,8.658305561811957,0.0,280.23439019966963,0.0,137.73919808782188,0.0,9.234358173736666,0.0,8.83750173309338,0.0,6.073759725859289,0.0
Bupel,245.05098039215687,0.0,13.888477656349483,0.0,244.44871103335973,0.0,136.0,0.0,89.70419342733695,0.0,9.982756653764271,0.0,11.661903789690601,0.0,7.8332792846485795,0.0,8152.051013066823,0.0,367.11736314540144,0.0,244.63306589605673,0.0,4.615247796655106,0.0,11.852922061843715,0.0,255.3468188427415,0.0,134.01048393007596,0.0,9.982756653748071,0.0,9.354727379475893,0.0,6.948679418742177,0.0
Burve,224.16470588235293,0.0,13.317663225468836,0.0,235.36007105582144,0.0,124.0,0.0,79.83445748394374,0.0,9.570057303539267,0.0,11.135528725660043,0.0,7.2597635962789795,0.0,908.5964000466653,0.0,146.3221434684192,0.0,108.23486785647175,0.0,3.6761198128899335,0.0,15.145737379017115,0.0,286.6137253531127,0.0,182.52891151197335,0.0,9.570057303518345,0.0,8.687602877606725,0.0,6.399502379212426,0.0
Busch,235.9686274509804,0.0,13.441768983379289,0.0,216.64110168919484,0.0,101.0,0.0,63.386681892914076,0.0,8.842146315054716,0.0,10.04987562112089,0.0,6.390363317031409,0.0,853.3488652581922,0.0,94.04460589638262,0.0,65.32816198484943,0.0,2.8809478918130145,0.0,9.689243232269172,0.0,618.2546846905348,0.0,214.15605644404133,0.0,8.842146315034466,0.0,7.889412682152408,0.0,5.483419543424252,0.0
Bvdct,229.01960784313724,0.0,13.319267090083953,0.0,241.18976547799352,0.0,129.0,0.0,84.79003382710684,0.0,9.823471070214794,0.0,11.357816691600547,0.0,7.581587144326671,0.0,971.3330551669934,0.0,239.4276974556176,0.0,178.22098043504377,0.0,4.478061557699363,0.0,24.070685191631775,0.0,376.0873871727465,0.0,219.2638808854194,0.0,9.823471070196513,0.0,8.844726647786219,0.0,6.686462456989721,0.0
Bvrnx,229.74901960784314,0.0,13.523409865085247,0.0,256.0183773247701,0.0,150.0,0.0,98.96407712472288,0.0,10.339725086466382,0.0,12.24744871391589,0.0,8.19664222511017,0.0,925.5880639766767,0.0,285.13587811839517,0.0,218.7713956585132,0.0,2.953147806371903,0.0,29.587512296563382,0.0,663.2112336503537,0.0,158.78514185855374,0.0,10.339725086457495,0.0,9.39822552756978,0.0,7.3459647000264185,0.0
Bvßxn,249.14117647058822,0.0,13.968373680688549,0.0,265.98362152516256,0.0,169.0,0.0,112.71290964409991,0.0,10.772271154940947,0.0,13.0,0.0,8.787528105790619,0.0,965.6408325391526,0.0,539.4337543964632,0.0,344.41522463380727,0.0,2.3230690062252406,0.0,49.79144697081078,0.0,591.8469664327072,0.0,169.56333834131675,0.0,10.772271154924685,0.0,10.055558254045794,0.0,7.946478733469765,0.0
Bxhmh,269.9294117647059,0.0,14.528337924382802,0.0,266.9026259877485,0.0,155.0,0.0,104.71834978793908,0.0,10.751907600321688,0.0,12.449899597988733,0.0,8.536426104059377,0.0,915.2769454788638,0.0,310.45971651385156,0.0,234.2413201211277,0.0,1.612341924010661,0.0,32.39430844252691,0.0,648.344203356352,0.0,239.9271346487359,0.0,10.751907600299708,0.0,9.75353382319354,0.0,7.571601403114907,0.0
Bäche,248.27450980392155,0.0,13.840139652119037,0.0,218.01968289449727,0.0,106.0,0.0,67.13370993998562,0.0,8.905330697609877,0.0,10.295630140987,0.0,6.596204120362802,0.0,855.7234395778087,0.0,96.94671270232148,0.0,67.69913622819465,0.0,2.573971239054731,0.0,11.591724449569014,0.0,370.2673267070181,0.0,169.75485241436436,0.0,8.905330697587715,0.0,8.461699520195298,0.0,5.7276228577401405,0.0
Bärte,232.71372549019605,0.0,13.530189235973223,0.0,226.6578586604672,0.0,104.0,0.0,66.84782553528079,0.0,9.150324298981444,0.0,10.198039027185569,0.0,6.634182744124368,0.0,857.0424222324046,0.0,109.28735918647165,0.0,75.30825743728596,0.0,4.453630940064029,0.0,10.287736883838436,0.0,227.13352644254715,0.0,130.13827747737807,0.0,9.150324298962996,0.0,8.358355243252108,0.0,5.764175916919039,0.0
Böhme,262.19607843137254,0.0,14.234252649203377,0.0,240.6669269167105,0.0,131.0,0.0,85.68338233269311,0.0,9.828213114419672,0.0,11.445523142259598,0.0,7.583208828529998,0.0,890.9287011397331,0.0,206.78368082641734,0.0,126.01879708783842,0.0,1.733443699782766,0.0,14.088002874000221,0.0,296.4540688990105,0.0,155.5598803202104,0.0,9.828213114401812,0.0,9.261465072757433,0.0,6.678768490089751,0.0
Bölls,221.01176470588234,0.0,13.138032168987728,0.0,233.13373072759265,0.0,95.0,0.0,63.20348853846933,0.0,9.377316862136873,0.0,9.746794344808963,0.0,6.598996406815522,0.0,858.6273862884336,0.0,174.0791981115521,0.0,105.69185244229239,0.0,4.609286444388244,0.0,13.134103957085891,0.0,340.2662074453968,0.0,318.6578659838179,0.0,9.377316862126555,0.0,7.560111317642549,0.0,5.6797472393560655,0.0
Börse,235.2549019607843,0.0,13.513511543377144,0.0,217.1113670416521,0.0,98.0,0.0,61.98402728845883,0.0,8.82617377250782,0.0,9.899494936611665,0.0,6.332813047091109,0.0,858.2475712297489,0.0,162.84645336542903,0.0,91.12381950844222,0.0,2.746154252309207,0.0,12.97157448519517,0.0,237.7038626479834,0.0,125.17074952305578,0.0,8.826173772488142,0.0,8.106884593472865,0.0,5.4561721213882715,0.0
Börön,233.61960784313726,0.0,13.411405223940486,0.0,226.53938279703937,0.0,107.0,0.0,68.40717820378856,0.0,9.19713370599536,0.0,10.344080432788601,0.0,6.700681351560335,0.0,860.4942160088713,0.0,225.89350969265928,0.0,129.46428604942287,0.0,2.9966285189227273,0.0,34.85637508673817,0.0,464.9473867771609,0.0,215.80748956763506,0.0,9.197133705976999,0.0,8.284069489514096,0.0,5.824890994498127,0.0
Bücke,244.66274509803918,0.0,13.779571326006083,0.0,230.80967730614105,0.0,127.0,0.0,81.8973753620958,0.0,9.498278559671771,0.0,11.269427669584644,0.0,7.358870960576553,0.0,857.519650164951,0.0,118.15295209702778,0.0,83.97353880628965,0.0,2.442497122910352,0.0,11.593917495175946,0.0,433.62443556056525,0.0,235.20157631112951,0.0,9.49827855966442,0.0,9.065260500027096,0.0,6.532831120219084,0.0
Bühne,252.4392156862745,0.0,14.100197276808073,0.0,226.83135419113154,0.0,125.0,0.0,79.13549119496327,0.0,9.322847491377303,0.0,11.180339887498949,0.0,7.160806235139215,0.0,855.3011013249206,0.0,100.59807934937974,0.0,68.30254322481763,0.0,2.5866595754063693,0.0,11.403169294249043,0.0,311.93721462081623,0.0,161.1856038462037,0.0,9.322847491363447,0.0,9.046362632209515,0.0,6.298510020517447,0.0
Bürde,250.26666666666665,0.0,14.022215580864252,0.0,235.72075548104365,0.0,124.0,0.0,79.92474859143712,0.0,9.587026154517133,0.0,11.135528725660043,0.0,7.276031027789696,0.0,906.8499309601871,0.0,124.50747586476277,0.0,85.92609711319274,0.0,2.509859491348644,0.0,11.354825874238587,0.0,275.07561072187605,0.0,154.92064036368615,0.0,9.587026154514733,0.0,9.128104886477095,0.0,6.38455665521954,0.0
Büros,230.1137254901961,0.0,13.290795466670549,0.0,218.7076085342572,0.0,94.0,0.0,59.08462499966256,0.0,8.827105789570917,0.0,9.695359714832659,0.0,6.172294610795822,0.0,852.0421546501722,0.0,96.31159581577592,0.0,63.694377729704776,0.0,3.8860667388961416,0.0,11.476972180141354,0.0,253.436373075915,0.0,138.86272545402258,0.0,8.827105789549222,0.0,7.602146462423734,0.0,5.292171947611273,0.0
Büste,237.66274509803924,0.0,13.614749900032905,0.0,222.0228658281422,0.0,110.0,0.0,69.85304241481808,0.0,9.06578072681531,0.0,10.488088481701515,0.0,6.7363285998227695,0.0,855.6730891501727,0.0,103.85377275471677,0.0,70.74387777580618,0.0,3.6692492538225343,0.0,10.954640510649421,0.0,238.83062255219684,0.0,141.97671131070356,0.0,9.065780726796921,0.0,8.53294509007096,0.0,5.879845090551274,0.0
Cache,220.278431372549,0.0,12.83264831377756,0.0,212.0521153415226,0.0,92.0,0.0,57.13571067970052,0.0,8.568001271731628,0.0,9.591663046625438,0.0,6.026131389120793,0.0,853.1537237442097,0.0,78.38036234301943,0.0,52.08882975955187,0.0,3.4258757426285276,0.0,9.770503077113737,0.0,496.5125715433868,0.0,146.89945400964632,0.0,8.568001271668184,0.0,7.322066637128457,0.0,5.055894887583644,0.0
Cahpa,242.54509803921565,0.0,13.391131359122648,0.0,230.64814841811574,0.0,101.0,0.0,66.36951672862438,0.0,9.301638587251311,0.0,10.04987562112089,0.0,6.721186457706922,0.0,7564.856102762327,0.0,333.47307374343234,0.0,218.7192801474925,0.0,4.341784757190817,0.0,12.37383244778415,0.0,423.62724895676524,0.0,101.74853775456866,0.0,9.301638587177175,0.0,7.788058378924258,0.0,5.731019835043729,0.0
Ccvjr,189.94901960784313,0.0,12.006007082897574,0.0,257.2749563325265,0.0,131.0,0.0,88.32429099410686,0.0,10.285561488240122,0.0,11.445523142259598,0.0,7.876258540512947,0.0,5376.99978037229,0.0,458.729253959645,0.0,360.2629307081368,0.0,2.234121672288701,0.0,20.1252680005426,0.0,429.20333463883145,0.0,211.5259283664831,0.0,10.285561488203232,0.0,8.174718380284071,0.0,6.936664303273353,0.0
Cdkvw,236.5921568627451,0.0,13.268122540137318,0.0,270.66452689295454,0.0,162.0,0.0,108.23180746896045,0.0,10.855957881995304,0.0,12.727922061357855,0.0,8.641902035682442,0.0,1453.7794902283254,0.0,390.1257205963244,0.0,283.4150960816857,0.0,3.340426775560365,0.0,32.05948395738625,0.0,629.470980085469,0.0,186.6803456600824,0.0,10.85595788195395,0.0,9.400524926423433,0.0,7.670223404539378,0.0
Cechu,216.44705882352937,0.0,12.772927685573878,0.0,219.57558347034154,0.0,110.0,0.0,68.62830597198257,0.0,8.934625016538897,0.0,10.488088481701515,0.0,6.616377815240243,0.0,860.9885055520023,0.0,86.68541136838655,0.0,57.14100937967265,0.0,2.544913393308007,0.0,12.947399167606887,0.0,665.775272950024,0.0,150.3430509946553,0.0,8.93462501648505,0.0,7.940284831849603,0.0,5.699384094614885,0.0
Cents,212.8078431372549,0.0,12.756942912172835,0.0,214.17444366153313,0.0,92.0,0.0,57.72087318749598,0.0,8.663383694291822,0.0,9.591663046625438,0.0,6.079538430048606,0.0,860.6621729423738,0.0,84.92405147207582,0.0,56.371717022601715,0.0,2.1634743664345235,0.0,8.920996954922126,0.0,415.7582580983525,0.0,99.06318690903642,0.0,8.663383694217819,0.0,7.3069977529362315,0.0,5.12426524274643,0.0
Cgkvz,231.4470588235294,0.0,13.340667533029816,0.0,259.52030733262586,0.0,139.0,0.0,94.87918620566779,0.0,10.485913136576698,0.0,11.789826122551595,0.0,8.186409437664288,0.0,2265.375707976918,0.0,973.5351658736931,0.0,801.875684603501,0.0,3.43905382816075,0.0,27.77430635793713,0.0,452.9767263311974,0.0,166.75876868722233,0.0,10.485913136528088,0.0,9.005374242805706,0.0,7.258405279033335,0.0
Cgpqv,256.4705882352941,0.0,13.896762212832167,0.0,265.3396614049717,0.0,153.0,0.0,105.46439433821176,0.0,10.796071552347415,0.0,12.36931687685298,0.0,8.721473825787502,0.0,36600.07377712645,0.0,13743.170198696309,0.0,12224.692396301121,0.0,4.24910260741935,0.0,79.56935907347199,0.0,430.34187905039244,0.0,122.6702406258859,0.0,10.79607155230995,0.0,9.834188698283628,0.0,7.796740816700992,0.0
Chaos,220.38039215686274,0.0,12.722937597095141,0.0,214.32727901018467,0.0,80.0,0.0,50.629679843849765,0.0,8.607112347255065,0.0,8.94427190999916,0.0,5.73893470865012,0.0,852.7160227419678,0.0,92.6338174168261,0.0,64.90688302157147,0.0,2.2602643064899537,0.0,9.975258756225683,0.0,496.61378363551023,0.0,173.14433151025835,0.0,8.60711234717763,0.0,6.695607242550195,0.0,4.722698561790769,0.0
Chaot,211.04313725490198,0.0,12.52272735867901,0.0,224.45685977543917,0.0,95.0,0.0,60.69671015866081,0.0,9.020493046398837,0.0,9.746794344808963,0.0,6.3144601110004555,0.0,853.6364951988226,0.0,101.66487931242744,0.0,71.0510024047844,0.0,3.3821126742081393,0.0,10.32884317507612,0.0,547.2258050354305,0.0,249.1245174507273,0.0,9.020493046341416,0.0,7.239780694468639,0.0,5.294458656419773,0.0
Check,225.68627450980392,0.0,13.089676795113707,0.0,236.18387421607653,0.0,119.0,0.0,79.52249462086893,0.0,9.697583178690017,0.0,10.908712114635714,0.0,7.4002369538720645,0.0,858.7305454016732,0.0,141.61455656465853,0.0,105.67866091490981,0.0,2.6829255977197723,0.0,11.470743930641593,0.0,1160.0647367139147,0.0,276.5136252816514,0.0,9.697583178567513,0.0,8.414105538889519,0.0,6.529033381777571,0.0
Chefs,226.99607843137255,0.0,13.259010849393876,0.0,234.24262593375397,0.0,106.0,0.0,70.70229176621757,0.0,9.502481354975638,0.0,10.295630140987,0.0,6.990833096114737,0.0,877.6261215997408,0.0,236.9915446684803,0.0,171.0743579241262,0.0,2.44260403837968,0.0,11.908594993896264,0.0,493.4970244569236,0.0,184.091598093587,0.0,9.502481354881935,0.0,8.203776852550336,0.0,6.099584662511126,0.0
Chile,206.05098039215684,0.0,12.723486352396929,0.0,238.25913885311775,0.0,100.0,0.0,66.47551219854603,0.0,9.544358500055642,0.0,10.0,0.0,6.757450557332311,0.0,873.9985561367737,0.0,114.59855904478869,0.0,83.62540821129271,0.0,2.8857262940894834,0.0,9.409643996540114,0.0,549.0509777642734,0.0,342.4304851084162,0.0,9.544358500005528,0.0,7.608865705216902,0.0,5.772847387073614,0.0
Chlbr,218.29019607843136,0.0,12.935902668722862,0.0,250.38824825262623,0.0,122.0,0.0,80.99448156517201,0.0,10.029721849717644,0.0,11.045361017187261,0.0,7.468799111103599,0.0,865.6035223282569,0.0,176.6072726718776,0.0,123.66475961148491,0.0,3.0339407035011505,0.0,12.54793951560727,0.0,519.8827781554784,0.0,232.1079553007064,0.0,10.029721849679934,0.0,8.42125353591941,0.0,6.472755338085382,0.0
Chlor,200.51764705882354,0.0,12.376325206034963,0.0,238.0690386136555,0.0,102.0,0.0,67.06315248114957,0.0,9.532697848540357,0.0,10.099504938362077,0.0,6.764111071523284,0.0,856.0763547302569,0.0,118.7959138390875,0.0,85.92886179368594,0.0,3.118621213124642,0.0,10.91072009973995,0.0,501.1167731916035,0.0,213.97347323669945,0.0,9.53269784849442,0.0,7.370768296131498,0.0,5.757998491865989,0.0
Choke,227.5686274509804,0.0,13.143442499519585,0.0,232.09156914039053,0.0,116.0,0.0,76.30720250099195,0.0,9.52446374585338,0.0,10.770329614269007,0.0,7.186222371725439,0.0,857.3419071274935,0.0,119.09892708679567,0.0,87.74698555322124,0.0,2.9243952809894953,0.0,10.40796976367238,0.0,612.0730107765881,0.0,257.60706500187456,0.0,9.52446374579679,0.0,8.282031970548575,0.0,6.273995310533384,0.0
Chphr,238.49411764705883,0.0,13.494880627579986,0.0,252.3452362633057,0.0,137.0,0.0,90.73224562852815,0.0,10.198994336346628,0.0,11.704699910719626,0.0,7.9072952883970125,0.0,8151.802058594726,0.0,366.5567335392065,0.0,243.4251216884949,0.0,4.17413898561901,0.0,14.210604213064267,0.0,574.7188536523341,0.0,242.48681737026885,0.0,10.198994336297106,0.0,9.125049512391776,0.0,6.937571577837944,0.0
Chqrb,242.88235294117646,0.0,13.573395399390845,0.0,254.10531433831943,0.0,132.0,0.0,88.7796753893626,0.0,10.26782760398203,0.0,11.489125293076057,0.0,7.896293442073047,0.0,11999.347133023164,0.0,5067.411668371302,0.0,4337.981493311697,0.0,3.8101886595104784,0.0,44.28414949984995,0.0,709.6907521472376,0.0,394.3937946364836,0.0,10.267827603925411,0.0,9.034100101246082,0.0,6.901905188366441,0.0
Chrom,223.64313725490194,0.0,12.953306851943836,0.0,249.16884450599724,0.0,123.0,0.0,80.82088965560051,0.0,9.97185089633324,0.0,11.090536506409418,0.0,7.411491703984104,0.0,935.3297904117362,0.0,218.87878823872987,0.0,151.7558052291793,0.0,3.844917961121379,0.0,11.789916592218365,0.0,505.4748524863625,0.0,205.62159818173788,0.0,9.97185089626633,0.0,8.118348603894175,0.0,6.413787347974873,0.0
Chscr,209.2549019607843,0.0,12.517901368491456,0.0,224.18412690699225,0.0,97.0,0.0,61.685622804815154,0.0,9.034976156075333,0.0,9.848857801796104,0.0,6.366168601632725,0.0,854.2414574816235,0.0,109.64993230221494,0.0,76.88252364292904,0.0,3.3932572970808756,0.0,12.255089935658555,0.0,494.6074169865374,0.0,210.5446422208811,0.0,9.034976156020049,0.0,7.273222649528093,0.0,5.379444426500957,0.0
Chsth,222.56470588235294,0.0,12.99432934613054,0.0,232.14522816423744,0.0,106.0,0.0,69.39762022391204,0.0,9.411555072155464,0.0,10.295630140987,0.0,6.853511950768046,0.0,855.4154547788751,0.0,120.30575996173457,0.0,88.54437028615534,0.0,2.5282256330341375,0.0,11.872109452251294,0.0,756.3545354454321,0.0,252.9018541637854,0.0,9.411555072092996,0.0,7.7392376807163545,0.0,5.845940782219105,0.0
Chstr,208.12941176470588,0.0,12.59100879592413,0.0,234.04862842286795,0.0,107.0,0.0,69.15210967217678,0.0,9.411208234921283,0.0,10.344080432788601,0.0,6.798460947053686,0.0,855.0949948968153,0.0,121.03708083386302,0.0,85.77387360272672,0.0,3.6137754282497982,0.0,11.217975163891008,0.0,495.9134040813953,0.0,215.57062665029653,0.0,9.411208234868964,0.0,7.645282590526719,0.0,5.790838700222794,0.0
Chthr,213.78823529411767,0.0,12.83650240234517,0.0,243.52284882010056,0.0,121.0,0.0,78.91075961156872,0.0,9.798850321190027,0.0,11.0,0.0,7.302203728377193,0.0,856.0946854949004,0.0,129.70474214110143,0.0,93.1188229156172,0.0,2.773434048304932,0.0,12.20968779036377,0.0,577.7826948025807,0.0,243.86555418877052,0.0,9.79885032114339,0.0,8.290839236596812,0.0,6.2923994412212725,0.0
Chtsm,229.41176470588235,0.0,13.125934836080452,0.0,248.52468460880098,0.0,125.0,0.0,82.41625914857184,0.0,9.978821727103316,0.0,11.180339887498949,0.0,7.496209414867974,0.0,935.5201707309631,0.0,222.08111906837377,0.0,155.0476911767708,0.0,4.3634264886954135,0.0,12.664308649955126,0.0,501.809208447366,0.0,204.4260822892059,0.0,9.978821727038214,0.0,8.288681274587212,0.0,6.468380519638868,0.0
Chöre,219.61176470588234,0.0,12.927089778235612,0.0,231.13874837006173,0.0,108.0,0.0,70.13420641284176,0.0,9.372279575266269,0.0,10.392304845413264,0.0,6.853577516020241,0.0,861.907562218342,0.0,183.8011670537966,0.0,112.97914128984392,0.0,2.334371803033617,0.0,19.783533753072188,0.0,547.8883571009337,0.0,223.69769365261195,0.0,9.372279575198123,0.0,8.118848080572839,0.0,5.894002178998446,0.0
Cjknp,235.32156862745097,0.0,13.416670929240585,0.0,269.30608590951124,0.0,154.0,0.0,106.82699797253323,0.0,10.902596705771552,0.0,12.409673645990857,0.0,8.79047443082252,0.0,48522.56494041087,0.0,3110.148496334196,0.0,2413.545793997527,0.0,5.988243139436706,0.0,35.90449186607563,0.0,461.4022241817722,0.0,125.18317074893072,0.0,10.902596705724239,0.0,9.43037227696807,0.0,7.890002510701506,0.0
Cknpv,234.24705882352941,0.0,13.345639649516547,0.0,259.83603761207036,0.0,151.0,0.0,102.26021467929056,0.0,10.57013352529123,0.0,12.288205727444508,0.0,8.467066344325486,0.0,7601.119083804612,0.0,399.68414241833113,0.0,277.3241985001986,0.0,3.619745808629147,0.0,34.038408047927234,0.0,434.74939765190436,0.0,98.69172967357913,0.0,10.570133525239772,0.0,9.217671941876565,0.0,7.55359975591235,0.0
Ckscr,209.4705882352941,0.0,12.52223550971261,0.0,233.808457586531,0.0,110.0,0.0,71.99305639920854,0.0,9.474159085264162,0.0,10.488088481701515,0.0,6.986076760937804,0.0,870.559680419957,0.0,213.50853008208819,0.0,164.5922471066782,0.0,3.500017188228846,0.0,17.122505864395045,0.0,423.84864782344215,0.0,156.608157142438,0.0,9.474159085212598,0.0,7.648907298932536,0.0,6.056416559850197,0.0
Ckspr,233.05098039215687,0.0,13.265671457400348,0.0,252.1373488511465,0.0,133.0,0.0,89.89751196637278,0.0,10.227935512350019,0.0,11.532562594670797,0.0,7.945407499432766,0.0,7566.946732274533,0.0,388.2539248693577,0.0,268.8519857928378,0.0,3.722095710607591,0.0,17.9954681835332,0.0,425.4636848578493,0.0,159.08589608112268,0.0,10.227935512299489,0.0,8.783884885922078,0.0,7.021506033639537,0.0
Ckstr,208.34509803921569,0.0,12.595317780368465,0.0,243.6729591024067,0.0,120.0,0.0,79.45954326657017,0.0,9.833602426023427,0.0,10.954451150103322,0.0,7.382156669559037,0.0,871.3972342107552,0.0,219.57404150016623,0.0,168.92851375282035,0.0,3.7235339727447703,0.0,16.411743712661117,0.0,425.31069601224834,0.0,163.10026483970478,0.0,9.833602425975341,0.0,8.003521790252465,0.0,6.424606763110962,0.0
Ckthr,214.00392156862745,0.0,12.840729006362546,0.0,253.14717949963932,0.0,134.0,0.0,89.21819320596212,0.0,10.205212582260573,0.0,11.575836902790225,0.0,7.848525029330457,0.0,872.3782436679527,0.0,224.46849422095576,0.0,172.7738421958323,0.0,2.8709140358018783,0.0,17.08184059510315,0.0,518.7490282590917,0.0,199.36732754145586,0.0,10.205212582216568,0.0,8.622298440973577,0.0,6.880119907131059,0.0
Claps,225.8,0.0,12.979106031894446,0.0,235.1909360632586,0.0,102.0,0.0,67.69993925699174,0.0,9.465454941999178,0.0,10.099504938362077,0.0,6.834799165464271,0.0,7564.993223718057,0.0,338.7340591319006,0.0,223.42624146100343,0.0,5.208230976779289,0.0,11.657205937895347,0.0,412.14498750111443,0.0,108.32512901786242,0.0,9.46545494193508,0.0,7.821326226948411,0.0,5.864354001057453,0.0
Clips,213.98039215686276,0.0,12.795007556760064,0.0,240.08937591283237,0.0,98.0,0.0,66.39830189545219,0.0,9.61470018384412,0.0,9.899494936611665,0.0,6.8420499749500845,0.0,7566.651315054491,0.0,339.4546003081359,0.0,224.19453993532986,0.0,5.242478811725111,0.0,11.784210851606709,0.0,417.22592634694354,0.0,119.73733156556511,0.0,9.614700183789546,0.0,7.5587148194731055,0.0,5.863249275449137,0.0
Cmmfs,244.5686274509804,0.0,13.590608399854684,0.0,266.8967390453358,0.0,140.0,0.0,93.95256591966253,0.0,10.583056309221112,0.0,11.832159566199232,0.0,8.077787447761073,0.0,1111.6602922003076,0.0,326.7032080030411,0.0,229.02550279707577,0.0,2.993166935035951,0.0,15.941514302631738,0.0,435.56978451188587,0.0,120.45908318899369,0.0,10.583056309150141,0.0,8.976490124546935,0.0,7.088592359363645,0.0
Codex,232.29803921568623,0.0,13.273225529440904,0.0,236.47207630401599,0.0,119.0,0.0,78.99325158674215,0.0,9.65096116591506,0.0,10.908712114635714,0.0,7.331802971383663,0.0,924.6851630453783,0.0,205.91773153715874,0.0,159.76222073026375,0.0,4.677243772479547,0.0,20.606494593080928,0.0,708.2016380351681,0.0,113.15683546542299,0.0,9.650961165848855,0.0,8.520407391374432,0.0,6.411692475851341,0.0
Comic,207.19607843137254,0.0,12.396598236119397,0.0,235.12068474918507,0.0,99.0,0.0,64.45720668551056,0.0,9.388195236504187,0.0,9.9498743710662,0.0,6.564936229799407,0.0,896.2562170606373,0.0,137.7537167528208,0.0,90.20462970981384,0.0,3.319531886158065,0.0,18.263053868367727,0.0,587.6722675698867,0.0,323.93839788093425,0.0,9.388195236469821,0.0,7.212982202204022,0.0,5.538854540450978,0.0
Cover,199.89803921568625,0.0,12.327773927037894,0.0,231.29186016689405,0.0,115.0,0.0,74.1719442892124,0.0,9.392204651674186,0.0,10.723805294763608,0.0,7.007469556396982,0.0,870.3597603770112,0.0,139.89582064248538,0.0,101.97029210876899,0.0,2.478838251655958,0.0,12.43703652026098,0.0,414.1562326029403,0.0,155.0608517451163,0.0,9.392204651609333,0.0,7.993318172362399,0.0,6.124939788337969,0.0
Cptck,224.278431372549,0.0,12.965736053872341,0.0,248.28065915613053,0.0,126.0,0.0,85.59008323142007,0.0,10.087836902012981,0.0,11.224972160321824,0.0,7.760049550274364,0.0,12744.474952135964,0.0,554.199473299562,0.0,366.3641877541012,0.0,3.337174394297255,0.0,15.332156936050861,0.0,1126.685953763631,0.0,236.78124695201643,0.0,10.087836901907732,0.0,8.762271540826736,0.0,6.862117050742279,0.0
Cqchp,247.37254901960785,0.0,13.602236512396674,0.0,244.98106491942698,0.0,125.0,0.0,84.55838321009242,0.0,10.014380097257773,0.0,11.180339887498949,0.0,7.739737517875924,0.0,28668.36075680272,0.0,4935.142741130561,0.0,4090.8228504140843,0.0,4.72340120008197,0.0,40.9415939652376,0.0,507.56681774280537,0.0,155.4627022076538,0.0,10.01438009720549,0.0,8.910778344092027,0.0,6.797796101595099,0.0
Crash,217.93333333333334,0.0,12.777949215706311,0.0,229.20281361615227,0.0,102.0,0.0,64.72139719718247,0.0,9.179309259781828,0.0,10.099504938362077,0.0,6.502828737734607,0.0,855.8114222832571,0.0,113.7654951580444,0.0,77.10634098349796,0.0,4.724417618814514,0.0,11.158058640700158,0.0,724.2488317794345,0.0,205.17583199934094,0.0,9.17930925971049,0.0,7.547362803358573,0.0,5.466649112644925,0.0
Crdcr,206.8627450980392,0.0,12.516478642210943,0.0,239.4462613353205,0.0,114.0,0.0,73.29455229703086,0.0,9.58042966317236,0.0,10.677078252031311,0.0,6.981287506211865,0.0,916.4417037240645,0.0,141.28005264667712,0.0,96.10817157839759,0.0,3.5037072507061127,0.0,12.539366599352045,0.0,450.6153686179,0.0,160.12441826935185,0.0,9.580429663124553,0.0,7.980666572252412,0.0,5.971195295237968,0.0
Creme,227.87450980392157,0.0,13.24589901933613,0.0,245.1293750489313,0.0,133.0,0.0,86.92292144174189,0.0,9.921682452779716,0.0,11.532562594670797,0.0,7.634728992990052,0.0,889.6048543105728,0.0,160.9912985832507,0.0,106.4109338800461,0.0,4.991321862937019,0.0,10.049920861505171,0.0,458.045828922354,0.0,124.53358178013079,0.0,9.921682452717862,0.0,8.954458745824773,0.0,6.725998330147378,0.0
Crjnc,197.09019607843138,0.0,12.264085029974837,0.0,245.75639299916577,0.0,116.0,0.0,77.44671785277518,0.0,9.854688506662166,0.0,10.770329614269007,0.0,7.338459500040564,0.0,12711.060110435837,0.0,913.2617844018706,0.0,746.3782662509868,0.0,2.6516810452641257,0.0,25.44819126611518,0.0,471.671489116711,0.0,134.2597800342277,0.0,9.85468850660964,0.0,7.818514757171356,0.0,6.391130854364999,0.0
Crvwx,214.11764705882354,0.0,12.691337596202246,0.0,270.59270651948026,0.0,159.0,0.0,104.93363785828265,0.0,10.726854509397208,0.0,12.609520212918492,0.0,8.437242991291601,0.0,945.2723645566875,0.0,272.6257649642431,0.0,198.9988042419678,0.0,5.258406288398566,0.0,27.620494282580058,0.0,807.4959128574354,0.0,177.26342478760498,0.0,10.72685450935823,0.0,9.263686682474209,0.0,7.52267089138563,0.0
Crêpe,240.3764705882353,0.0,13.572240253469044,0.0,244.8327655886799,0.0,134.0,0.0,89.00507811550885,0.0,9.97870807541637,0.0,11.575836902790225,0.0,7.803993273270533,0.0,7567.165151422236,0.0,360.4015571947193,0.0,237.203343278966,0.0,5.20477039251059,0.0,41.75396599717631,0.0,464.4986635759986,0.0,126.10288583880556,0.0,9.978708075354481,0.0,9.527266814981454,0.0,6.971605010389762,0.0
Curry,203.04705882352943,0.0,12.488993077781965,0.0,256.983011935327,0.0,136.0,0.0,89.16741070102873,0.0,10.25077139476655,0.0,11.661903789690601,0.0,7.793061498080995,0.0,6014.181079461678,0.0,179.6771354565341,0.0,123.76045660597877,0.0,3.073309182776588,0.0,9.798254030889758,0.0,475.43096338230316,0.0,159.62109205410437,0.0,10.250771394723346,0.0,8.500307785743944,0.0,6.811862933412429,0.0
Cäsar,219.43529411764706,0.0,12.721898644204721,0.0,223.40665041453613,0.0,96.0,0.0,59.71402974517632,0.0,8.8974013250633,0.0,9.797958971132712,0.0,6.1776455325353465,0.0,854.9949856985266,0.0,108.48138128851355,0.0,73.27563536245866,0.0,2.9017743371213016,0.0,12.460696058499765,0.0,408.811999236456,0.0,160.7441864445841,0.0,8.897401325007571,0.0,7.281289077613084,0.0,5.1779882745642345,0.0
Dachs,228.8862745098039,0.0,13.084104363883608,0.0,206.6691530804789,0.0,75.0,0.0,46.530215462200076,0.0,8.28674337511715,0.0,8.660254037844387,0.0,5.4500203202693465,0.0,970.8106690669752,0.0,76.40320466672965,0.0,52.03937328186192,0.0,1.7361366167969998,0.0,9.438412788905685,0.0,306.37774563531514,0.0,128.11433199409186,0.0,8.286743375081326,0.0,6.462662966749077,0.0,4.417294393966978,0.0
Dackt,219.76470588235296,0.0,12.893714511135101,0.0,224.92525748286263,0.0,99.0,0.0,64.0179788506344,0.0,9.097223878855507,0.0,9.9498743710662,0.0,6.529292035732289,0.0,973.3267209549281,0.0,107.61831937564997,0.0,77.20572943807106,0.0,2.5749842394823492,0.0,9.34465626682165,0.0,437.1131878037214,0.0,267.25273525226817,0.0,9.097223878863497,0.0,7.332020783788547,0.0,5.564506167969898,0.0
Dampf,258.28627450980395,0.0,14.06148906828071,0.0,260.16715288070316,0.0,130.0,0.0,88.57945941422165,0.0,10.384626258896326,0.0,11.40175425099138,0.0,7.918215401120107,0.0,7593.954654766812,0.0,548.5410168495126,0.0,390.46714608006425,0.0,3.3099410157411486,0.0,15.403355272030327,0.0,100.52885635786913,0.0,53.011570280912174,0.0,10.384626258879184,0.0,9.031653912075253,0.0,6.941047235929418,0.0
Daten,223.66274509803924,0.0,13.158978819340751,0.0,215.35959375075805,0.0,88.0,0.0,56.15583983283508,0.0,8.71717863125065,0.0,9.38083151964686,0.0,6.053206060243185,0.0,972.0317891107643,0.0,88.02248118589664,0.0,60.61307136192693,0.0,1.8077767116570307,0.0,8.07511841733517,0.0,381.80820600305236,0.0,55.247357261319,0.0,8.717178631224119,0.0,7.355739402487356,0.0,5.079241733259083,0.0
Datum,231.24313725490197,0.0,13.214608090073678,0.0,240.8930134741487,0.0,115.0,0.0,74.73226317650838,0.0,9.645058381815241,0.0,10.723805294763608,0.0,7.0762929805560795,0.0,1044.8366916968246,0.0,213.4983636682178,0.0,147.43892042179277,0.0,2.991122164883224,0.0,11.727226864040258,0.0,223.63943480169706,0.0,157.30435528747608,0.0,9.645058381797556,0.0,7.976249640391751,0.0,6.063924565286699,0.0
Dbhsr,239.2980392156863,0.0,13.527879992856048,0.0,234.37977986733642,0.0,109.0,0.0,71.39623771303921,0.0,9.49197855884878,0.0,10.44030650891055,0.0,6.9548171847169,0.0,1000.9481057078661,0.0,282.2833689795037,0.0,192.03304587876428,0.0,4.086888603138857,0.0,17.3809804308838,0.0,202.60134341283637,0.0,157.73250668407493,0.0,9.491978558842824,0.0,8.170040375834864,0.0,5.948856588794548,0.0
Deals,222.6,0.0,13.081317845917837,0.0,219.44517768004792,0.0,85.0,0.0,54.458788973389204,0.0,8.801318121818182,0.0,9.219544457292887,0.0,5.99334814255514,0.0,983.8899436832606,0.0,92.98228075040963,0.0,65.45400545127733,0.0,2.579241154016967,0.0,8.86011398663582,0.0,258.6956509626829,0.0,296.5149264841558,0.0,8.801318121793573,0.0,7.232413684137704,0.0,5.041596074192787,0.0
Debüt,238.1921568627451,0.0,13.52883488397854,0.0,232.33242191823655,0.0,121.0,0.0,77.95227354331539,0.0,9.451232892218684,0.0,11.0,0.0,7.177212372804797,0.0,991.8100610491912,0.0,187.23325641240473,0.0,134.14728197707777,0.0,2.9886456316475996,0.0,27.463106086914415,0.0,272.31147820077194,0.0,249.30957555837216,0.0,9.451232892213664,0.0,8.845125678577544,0.0,6.269088765504694,0.0
Decht,220.86274509803923,0.0,13.063899384488066,0.0,219.55985292092782,0.0,103.0,0.0,65.26307850966363,0.0,8.920299666206413,0.0,10.14889156509222,0.0,6.515481642779261,0.0,981.3482855209236,0.0,89.65323634221294,0.0,61.40280099750982,0.0,2.700188289028539,0.0,9.631534079153386,0.0,386.49202806728437,0.0,220.1671471990961,0.0,8.92029966620535,0.0,7.880500317137367,0.0,5.56883462205011,0.0
Decke,232.19607843137254,0.0,13.417995342091325,0.0,220.94223312896517,0.0,109.0,0.0,70.5061806686049,0.0,9.090878846874986,0.0,10.44030650891055,0.0,6.834136117689501,0.0,985.3898328257146,0.0,103.04153967063793,0.0,74.23542373300016,0.0,1.8979989325055453,0.0,9.298009680565826,0.0,374.0703959311056,0.0,198.60609549220757,0.0,9.090878846861903,0.0,8.406525032837262,0.0,5.99104708665699,0.0
Degen,248.21960784313728,0.0,13.939039024252937,0.0,224.46324886005473,0.0,114.0,0.0,74.66524663011269,0.0,9.264999502260622,0.0,10.677078252031311,0.0,7.085082071789046,0.0,1032.9326933798156,0.0,152.16866529853755,0.0,115.55380020022639,0.0,2.4704565959776983,0.0,8.784465881816306,0.0,380.1755618526639,0.0,47.13274490317537,0.0,9.264999502237849,0.0,8.864771253825516,0.0,6.23458501955146,0.0
Deiot,205.73333333333335,0.0,12.679774678204748,0.0,218.82521563767955,0.0,84.0,0.0,53.966111610553924,0.0,8.774380334631376,0.0,9.16515138991168,0.0,5.960442862672279,0.0,994.6049085432709,0.0,84.68174794336836,0.0,56.44222212991303,0.0,4.057616997648385,0.0,9.337015809313696,0.0,266.9068615163817,0.0,194.40809305505834,0.0,8.774380334634682,0.0,7.105690991944491,0.0,4.998161007092557,0.0
Dekan,238.87450980392157,0.0,13.5854327528949,0.0,229.70495527964613,0.0,115.0,0.0,74.25053332361433,0.0,9.36501788428787,0.0,10.723805294763608,0.0,7.013449280546691,0.0,986.2462134449124,0.0,129.95170788554768,0.0,95.78217746913224,0.0,1.7786568891659307,0.0,10.586266125744167,0.0,402.5121613503329,0.0,63.505335345757835,0.0,9.365017884270838,0.0,8.371248182566898,0.0,6.09354814127996,0.0
Dekor,223.52156862745096,0.0,13.159106205383688,0.0,231.62212881297273,0.0,112.0,0.0,73.1674390477657,0.0,9.435310875607762,0.0,10.583005244258363,0.0,7.0189175951672,0.0,986.2594438252861,0.0,136.95921926456555,0.0,101.39522212644115,0.0,3.707986848839451,0.0,11.44620638986713,0.0,185.89631717863773,0.0,137.60498577330748,0.0,9.435310875592723,0.0,8.184279315992857,0.0,6.128457230581044,0.0
Delle,213.29411764705878,0.0,13.065685060697893,0.0,231.82381449895053,0.0,99.0,0.0,65.63096084640677,0.0,9.355460184372777,0.0,9.9498743710662,0.0,6.700315736904466,0.0,987.4055291199119,0.0,103.07100291306499,0.0,75.94999203089102,0.0,3.0773930284260316,0.0,8.226944269345243,0.0,258.3655172635379,0.0,297.1452118447813,0.0,9.355460184360298,0.0,7.9082870236236165,0.0,5.792979140001725,0.0
Delta,213.26274509803923,0.0,12.886676685094539,0.0,227.9789785995626,0.0,92.0,0.0,60.13301369012445,0.0,9.126286296163878,0.0,9.591663046625438,0.0,6.361581865119562,0.0,984.9575870976639,0.0,100.39050375434958,0.0,71.47312165170709,0.0,3.0343489618454558,0.0,9.05384002667823,0.0,100.87243464973218,0.0,67.12201395709171,0.0,9.126286296130734,0.0,7.480771495890646,0.0,5.385327284498935,0.0
Demut,232.55686274509804,0.0,13.384767001970546,0.0,238.58227492015635,0.0,122.0,0.0,78.96348994230783,0.0,9.638187795224809,0.0,11.045361017187261,0.0,7.231060758120279,0.0,1002.2324041602774,0.0,137.5012959757163,0.0,90.8066554602042,0.0,3.3731637390763147,0.0,10.411070185836607,0.0,308.45018892526855,0.0,210.06202617070545,0.0,9.638187795223937,0.0,8.50203374144624,0.0,6.247858113303831,0.0
Depot,232.45490196078433,0.0,13.345980161334856,0.0,226.9575608847412,0.0,107.0,0.0,70.23804564094695,0.0,9.25952656313685,0.0,10.344080432788601,0.0,6.902792011864801,0.0,8165.91959143034,0.0,355.56312394453687,0.0,234.2620865751299,0.0,4.128626229982302,0.0,11.993518755974495,0.0,259.91719261207845,0.0,187.88374764607318,0.0,9.25952656315302,0.0,8.357548956047989,0.0,6.009135995529975,0.0
Deven,226.9529411764706,0.0,13.365370392206742,0.0,225.77619467999133,0.0,117.0,0.0,75.59170736448228,0.0,9.275545172321866,0.0,10.816653826391969,0.0,7.061763581125983,0.0,996.7762677420029,0.0,130.54810515967858,0.0,96.20692784347949,0.0,1.7678249062324605,0.0,11.911671096118585,0.0,382.15425556320315,0.0,59.616598583609616,0.0,9.275545172297837,0.0,8.59528371215114,0.0,6.234486964091252,0.0
Deves,227.17254901960783,0.0,13.284416033178145,0.0,217.88714488962182,0.0,101.0,0.0,65.32761242181019,0.0,8.925214634371725,0.0,10.04987562112089,0.0,6.570866094409539,0.0,996.5325182519191,0.0,127.03760913864457,0.0,94.2662444758201,0.0,1.7426299102347451,0.0,12.00726121941181,0.0,94.66262020377671,0.0,59.03863761832091,0.0,8.92521463432923,0.0,8.039735935017628,0.0,5.7737657150785076,0.0
Devon,218.84313725490193,0.0,12.99766577689347,0.0,223.55012432069003,0.0,108.0,0.0,69.38365905084325,0.0,9.124582230252992,0.0,10.392304845413264,0.0,6.753965016110816,0.0,995.9397453162718,0.0,129.9363976284119,0.0,95.82963833049851,0.0,2.3249703248637648,0.0,12.515863665030176,0.0,390.5066027563253,0.0,66.24668288089262,0.0,9.12458223023473,0.0,7.999836666611002,0.0,5.888740591294324,0.0
Dffnp,244.06666666666666,0.0,13.944082871803259,0.0,259.7901310159203,0.0,132.0,0.0,90.49924975635318,0.0,10.432414763591645,0.0,11.489125293076057,0.0,8.052820769552731,0.0,26936.255257249584,0.0,1292.0585805781675,0.0,890.2280285798862,0.0,3.817585593763882,0.0,26.56353673493861,0.0,231.25968203001295,0.0,120.57542284430855,0.0,10.432414763580018,0.0,9.574647743382886,0.0,7.199177282303775,0.0
Dfkqw,255.24313725490197,0.0,14.01727225848979,0.0,272.7167874777613,0.0,154.0,0.0,105.08338233269376,0.0,10.945184961549407,0.0,12.409673645990857,0.0,8.651192927268868,0.0,35647.32865541904,0.0,13722.38129633376,0.0,12209.106983144617,0.0,3.549405774775264,0.0,77.33081511363386,0.0,496.985117972123,0.0,141.47896764203392,0.0,10.945184961538018,0.0,9.7077511289609,0.0,7.718346893473447,0.0
Dgrks,241.9764705882353,0.0,13.637634789820234,0.0,238.6997994130866,0.0,108.0,0.0,73.27379627604844,0.0,9.710368513039326,0.0,10.392304845413264,0.0,7.185454588882342,0.0,2288.821685676825,0.0,951.9079007016728,0.0,786.4664624824903,0.0,2.412961638901088,0.0,20.275076038447047,0.0,373.3467554425504,0.0,201.8429413195907,0.0,9.710368513017299,0.0,8.155942502530568,0.0,6.2741396734113195,0.0
Dhndy,251.83529411764704,0.0,13.977981256797374,0.0,257.1162734569247,0.0,140.0,0.0,94.61910273127566,0.0,10.428071552399054,0.0,11.832159566199232,0.0,8.1437271342591,0.0,6039.765024140621,0.0,190.38575707755012,0.0,135.7889292460064,0.0,2.6299219563608904,0.0,11.174078331132176,0.0,355.4003164555678,0.0,186.61755338212575,0.0,10.428071552405223,0.0,9.092795190627013,0.0,7.132850117597657,0.0
Dhpwz,255.8941176470588,0.0,13.982798791839082,0.0,256.20684965160507,0.0,136.0,0.0,90.23076322915239,0.0,10.272911616323983,0.0,11.661903789690601,0.0,7.879068553292322,0.0,8173.012313591567,0.0,419.5759538116669,0.0,281.02953252678185,0.0,2.778937823914561,0.0,23.307155566708026,0.0,458.8636288146933,0.0,198.5721524843746,0.0,10.272911616319568,0.0,9.24993194515488,0.0,6.918319191058059,0.0
Dhshn,242.0705882352941,0.0,13.66731649508619,0.0,226.20192163881836,0.0,106.0,0.0,68.31424410050371,0.0,9.22872715646068,0.0,10.295630140987,0.0,6.7390582858431145,0.0,973.1433893778369,0.0,104.6013743905478,0.0,75.42411410895288,0.0,1.7355750971306991,0.0,11.971799081853082,0.0,558.6506193041067,0.0,195.37631981387753,0.0,9.228727156439497,0.0,7.886396807109998,0.0,5.739427712442867,0.0
Diebe,234.6235294117647,0.0,13.57237792437666,0.0,227.72356315787977,0.0,108.0,0.0,70.98515089913163,0.0,9.303917966077268,0.0,10.392304845413264,0.0,6.921970810653271,0.0,993.049059355526,0.0,152.2441023602109,0.0,103.1487351544168,0.0,3.051736427817557,0.0,10.23120583795612,0.0,229.30228317165265,0.0,123.97966038587363,0.0,9.303917966056273,0.0,8.615059462576912,0.0,6.057746799658535,0.0
Diech,218.8470588235294,0.0,13.06380403169562,0.0,224.227858093533,0.0,95.0,0.0,62.310879747741154,0.0,9.110360326615199,0.0,9.746794344808963,0.0,6.492734796159582,0.0,984.7581585774983,0.0,98.718981776946,0.0,70.43201705435634,0.0,2.454333111386452,0.0,9.796557797210967,0.0,598.9046788998126,0.0,198.67571552949977,0.0,9.110360326590463,0.0,7.69974851247253,0.0,5.585031076027901,0.0
Diele,212.5607843137255,0.0,13.061013182731159,0.0,231.05233617610574,0.0,100.0,0.0,66.31189213121597,0.0,9.351357229894056,0.0,10.0,0.0,6.731527634857951,0.0,987.5244290349976,0.0,99.08935158388175,0.0,70.76869588012602,0.0,2.2355349574498997,0.0,8.71110447133712,0.0,293.95797356293576,0.0,303.65224834494575,0.0,9.35135722987245,0.0,7.936700880079587,0.0,5.839932683886314,0.0
Dildo,214.71372549019608,0.0,12.921515665338216,0.0,236.7253870679487,0.0,91.0,0.0,61.15431963781002,0.0,9.452712247174132,0.0,9.539392014169456,0.0,6.525315384855811,0.0,1026.984111008652,0.0,117.42969547023465,0.0,84.4087573724201,0.0,3.2685521035675906,0.0,10.3165599696683,0.0,293.9589134735831,0.0,140.87967382259353,0.0,9.45271224716987,0.0,7.265001085374031,0.0,5.48036365097731,0.0
Dinar,211.09019607843135,0.0,12.839987040683537,0.0,230.11192479745586,0.0,99.0,0.0,62.324834711525,0.0,9.155216849417023,0.0,9.9498743710662,0.0,6.356748632463217,0.0,984.7301837924772,0.0,101.90884513394964,0.0,66.7269895500997,0.0,2.242647172410206,0.0,9.117478530684737,0.0,198.85120928265985,0.0,153.0808409781438,0.0,9.155216849405056,0.0,7.370598189387423,0.0,5.295918884875648,0.0
Dinau,216.5019607843137,0.0,12.926752508320883,0.0,223.51115106651218,0.0,96.0,0.0,59.89029650687229,0.0,8.938212611716391,0.0,9.797958971132712,0.0,6.181819022519754,0.0,982.5024994207625,0.0,88.07522128859962,0.0,55.59480565933668,0.0,2.0147100339773534,0.0,11.602970165546894,0.0,477.9355125676472,0.0,94.9165012700273,0.0,8.93821261169792,0.0,7.193351346435474,0.0,5.146444954288862,0.0
Dirne,212.40392156862748,0.0,13.015044676362818,0.0,225.5176983529194,0.0,99.0,0.0,62.62235558687202,0.0,9.056161721950621,0.0,9.9498743710662,0.0,6.3760046016296545,0.0,984.3287280546297,0.0,89.85837293887438,0.0,57.94067703523447,0.0,2.680022325495364,0.0,8.456083976852586,0.0,227.29798456490667,0.0,110.25400496102382,0.0,9.056161721928644,0.0,7.6553771385397145,0.0,5.419236647224758,0.0
Divir,192.12941176470588,0.0,12.403899251745127,0.0,249.39158614843535,0.0,114.0,0.0,74.78232729412909,0.0,9.872801803866725,0.0,10.677078252031311,0.0,7.125456138687843,0.0,1017.7217491406029,0.0,150.74594490433688,0.0,109.18442737792468,0.0,3.388889857767515,0.0,12.76570825560171,0.0,458.15114912757616,0.0,346.7424700743017,0.0,9.872801803876492,0.0,7.773637477166142,0.0,6.1729908265544555,0.0
Diwan,225.31764705882352,0.0,13.078018043267225,0.0,237.60337137195523,0.0,111.0,0.0,69.93075863968076,0.0,9.448164967303605,0.0,10.535653752852738,0.0,6.719720543734967,0.0,1000.7864373579368,0.0,152.82495621280907,0.0,95.24955622311803,0.0,2.1950792068970757,0.0,12.94308275710343,0.0,432.6436264546055,0.0,93.37744318715026,0.0,9.44816496728314,0.0,7.704961541266972,0.0,5.679525482795477,0.0
Djmkn,242.8470588235294,0.0,13.716283747095432,0.0,272.89414356407536,0.0,151.0,0.0,104.75049417811996,0.0,10.966445933701738,0.0,12.288205727444508,0.0,8.678273676617072,0.0,40385.376645856995,0.0,2917.1463930617715,0.0,2313.1980198304905,0.0,2.5983355515224584,0.0,32.40448488806152,0.0,536.0216655319964,0.0,206.85969567762353,0.0,10.966445933690851,0.0,9.135112520196142,0.0,7.692932569114906,0.0
Dkrhs,233.72941176470587,0.0,13.44134852080215,0.0,237.23566613482717,0.0,109.0,0.0,72.69529822117462,0.0,9.621434396404128,0.0,10.44030650891055,0.0,7.091211559497203,0.0,988.3165490430509,0.0,212.9084896985784,0.0,164.9744434731586,0.0,2.0476243017044187,0.0,16.21947533188748,0.0,330.8391253099555,0.0,136.42382808544218,0.0,9.621434396378149,0.0,7.860026285004719,0.0,6.160508801067092,0.0
Dlbls,221.1764705882353,0.0,13.075484866660583,0.0,238.62462116610385,0.0,100.0,0.0,66.86550202071783,0.0,9.576867564490547,0.0,10.0,0.0,6.818884748359684,0.0,981.1517383873213,0.0,152.52846134435507,0.0,109.04971590624949,0.0,2.5371367760026686,0.0,11.56662788100421,0.0,291.0122694888182,0.0,308.637227617276,0.0,9.576867564473481,0.0,7.538867030256871,0.0,5.798676754245365,0.0
Dlhnl,215.17254901960783,0.0,13.064589788574073,0.0,245.78621700642276,0.0,119.0,0.0,78.4239397645336,0.0,9.88529376828413,0.0,10.908712114635714,0.0,7.337289635037733,0.0,978.7790566943999,0.0,141.97083327207528,0.0,106.91145932818218,0.0,2.999049207511542,0.0,12.061048743852835,0.0,265.5470017511102,0.0,134.9527083396333,0.0,9.88529376827394,0.0,7.917795585109792,0.0,6.295752486114595,0.0
Dljng,227.75294117647059,0.0,13.368934592897572,0.0,260.165235021449,0.0,131.0,0.0,91.05373434517702,0.0,10.484439986437204,0.0,11.445523142259598,0.0,8.13231833611975,0.0,12742.791781881364,0.0,939.3329000289995,0.0,766.7474642168062,0.0,4.872799670549278,0.0,20.699547354195374,0.0,287.4766914482924,0.0,114.0672195486014,0.0,10.484439986413689,0.0,8.66490609492274,0.0,7.166890407666876,0.0
Dlvqn,226.7450980392157,0.0,13.3129463516279,0.0,251.23300964059078,0.0,129.0,0.0,86.83022707086445,0.0,10.18721248787918,0.0,11.357816691600547,0.0,7.804882627830825,0.0,35627.06526105097,0.0,13706.370499134851,0.0,12197.636268435546,0.0,3.725751690663405,0.0,71.51219755231594,0.0,417.60693524634354,0.0,118.69245991112925,0.0,10.187212487858885,0.0,8.60572956066663,0.0,6.84882760813899,0.0
Dmltl,212.90196078431373,0.0,12.919335104058167,0.0,265.65332480231586,0.0,130.0,0.0,88.30562426264785,0.0,10.520747110562112,0.0,11.40175425099138,0.0,7.899569792593473,0.0,1177.992315891655,0.0,247.35610562112035,0.0,176.01422237032935,0.0,5.891004873625555,0.0,14.968971114972579,0.0,221.2164404280188,0.0,107.94083165979708,0.0,10.520747110558107,0.0,8.305715885130585,0.0,6.890489159302686,0.0
Dmmkr,253.08235294117648,0.0,13.920750044975545,0.0,278.846891442795,0.0,164.0,0.0,110.26417296369186,0.0,11.078574295027991,0.0,12.806248474865697,0.0,8.749088328348371,0.0,1193.1820277866836,0.0,262.75663522473906,0.0,182.0095736756266,0.0,3.8182793147746654,0.0,15.198972449813484,0.0,410.38713179084317,0.0,238.91065895861564,0.0,11.078574295031968,0.0,9.633138311203139,0.0,7.759617787019654,0.0
Dmnkm,261.6392156862745,0.0,14.142895722704694,0.0,274.242812212314,0.0,166.0,0.0,111.05362365791672,0.0,10.979090344233127,0.0,12.884098726725126,0.0,8.7584698738542,0.0,1234.5852079457134,0.0,302.066583643166,0.0,210.24388917751227,0.0,2.287692839959073,0.0,15.588028895527632,0.0,424.88711461275574,0.0,231.9996270318729,0.0,10.979090344217958,0.0,9.618578127719887,0.0,7.785620845826378,0.0
Docht,212.75294117647059,0.0,12.687460622795204,0.0,216.21848315258822,0.0,92.0,0.0,58.240614395283174,0.0,8.755384476055077,0.0,9.591663046625438,0.0,6.1582865621494705,0.0,971.2279530824311,0.0,87.23783501918354,0.0,59.91893203033515,0.0,2.3480770786803626,0.0,9.633008648430659,0.0,393.02108469100034,0.0,220.2169669197,0.0,8.755384476048883,0.0,7.088550384395678,0.0,5.141118943279036,0.0
Dogma,251.52156862745096,0.0,13.696690232942338,0.0,241.79442676147897,0.0,117.0,0.0,77.70372179162163,0.0,9.761974250920243,0.0,10.816653826391969,0.0,7.2994301684512015,0.0,1052.7018471618364,0.0,197.5709029835099,0.0,143.0513512316428,0.0,3.233200209323418,0.0,10.762932600850272,0.0,164.40832112764878,0.0,89.21976518671319,0.0,9.761974250882464,0.0,8.344606859660669,0.0,6.304721601139203,0.0
Dogmo,244.72549019607845,0.0,13.506725509424115,0.0,238.6690164762028,0.0,113.0,0.0,75.5746458682604,0.0,9.687599865389878,0.0,10.63014581273465,0.0,7.2252456916451,0.0,1050.6609596816693,0.0,196.85732362656793,0.0,142.84779952864082,0.0,3.0682856446732982,0.0,11.257942720353682,0.0,255.85320064880023,0.0,123.9826161778764,0.0,9.687599865358782,0.0,8.215114344050237,0.0,6.259875369732814,0.0
Dohle,221.46274509803922,0.0,13.122327486465695,0.0,223.45081895073758,0.0,92.0,0.0,60.35676798600473,0.0,9.075300262121251,0.0,9.591663046625438,0.0,6.390449320336088,0.0,975.995185623897,0.0,96.32551155835655,0.0,70.38401638257236,0.0,2.1214133555013714,0.0,9.493433263038854,0.0,299.33353906760607,0.0,300.5144906820741,0.0,9.075300262103411,0.0,7.411184705866342,0.0,5.422305730522953,0.0
Dompf,251.49019607843138,0.0,13.876519212941265,0.0,259.58690218755794,0.0,132.0,0.0,90.22282803249368,0.0,10.418262439274516,0.0,11.489125293076057,0.0,7.998929436210248,0.0,7593.904597098551,0.0,548.5576667820703,0.0,390.527121635423,0.0,3.621289707330649,0.0,15.545283314151808,0.0,134.0253324351844,0.0,53.78009304212279,0.0,10.418262439257568,0.0,9.081246509169667,0.0,7.026331916316414,0.0
Dosis,213.29019607843134,0.0,12.712866030390288,0.0,207.7098897716859,0.0,66.0,0.0,41.428922581010845,0.0,8.28530618716702,0.0,8.12403840463596,0.0,5.170319111429493,0.0,989.1181628392036,0.0,74.94087090797922,0.0,49.66915105967286,0.0,2.162709500940779,0.0,9.115999533244306,0.0,438.0169164047513,0.0,314.8947765773934,0.0,8.285306187144876,0.0,5.848490619501288,0.0,4.122958170199266,0.0
Draht,218.9843137254902,0.0,12.998178087811407,0.0,234.53790984657658,0.0,109.0,0.0,69.71841943992266,0.0,9.385755691055,0.0,10.44030650891055,0.0,6.777825418174171,0.0,974.9782518954745,0.0,113.75473244018707,0.0,75.49178314616198,0.0,2.3847016390721802,0.0,10.19673083661805,0.0,424.25027289945604,0.0,225.00062106099736,0.0,9.385755691022327,0.0,7.92212840275208,0.0,5.766238450749466,0.0
Drama,235.63529411764705,0.0,13.309120460342687,0.0,244.95738486500207,0.0,115.0,0.0,74.20290270589851,0.0,9.709548569516018,0.0,10.723805294763608,0.0,7.016453360680334,0.0,1005.2404141724396,0.0,162.52318109410697,0.0,106.94000269374,0.0,2.9356452617782036,0.0,9.79958629093756,0.0,232.92246886675818,0.0,100.03826613578228,0.0,9.709548569486062,0.0,8.067939726733597,0.0,5.965700210682538,0.0
Drang,236.3490196078431,0.0,13.471441021041178,0.0,237.4169875247356,0.0,117.0,0.0,76.07825805249806,0.0,9.578718712511781,0.0,10.816653826391969,0.0,7.151668201572512,0.0,1239.4152226934918,0.0,242.50248792737904,0.0,184.2048280643785,0.0,4.209755945715774,0.0,10.803410027090264,0.0,324.53323891423474,0.0,92.88568027395615,0.0,9.57871871248401,0.0,8.402480633621298,0.0,6.1867988738432445,0.0
Drbtt,214.96470588235294,0.0,12.909390553980534,0.0,241.00348205921523,0.0,115.0,0.0,75.2318744212545,0.0,9.662975786841711,0.0,10.723805294763608,0.0,7.123632846208898,0.0,979.676818011161,0.0,154.54273654243858,0.0,104.10493019200716,0.0,3.62954186901877,0.0,10.81608389776571,0.0,324.69010053342225,0.0,205.69632522649113,0.0,9.662975786820548,0.0,8.194466985956558,0.0,6.1133343601022005,0.0
Dreck,221.63921568627453,0.0,13.105404762422568,0.0,236.02631225145922,0.0,115.0,0.0,76.56263495071714,0.0,9.628662229079396,0.0,10.723805294763608,0.0,7.245948356704617,0.0,978.5995371990125,0.0,143.23975356969217,0.0,103.23809704817828,0.0,2.2648571569903346,0.0,10.863431964935302,0.0,1070.4678030590824,0.0,227.2128874737931,0.0,9.628662228995005,0.0,8.308523970204016,0.0,6.38198056336761,0.0
Driet,203.28627450980392,0.0,12.73497275025097,0.0,231.423808019697,0.0,96.0,0.0,62.64326144060851,0.0,9.255413083571616,0.0,9.797958971132712,0.0,6.47798554894532,0.0,987.7706064083633,0.0,106.98922956927875,0.0,70.3898430033424,0.0,2.634323111726292,0.0,8.890745203066112,0.0,311.1581254364052,0.0,197.26933896594397,0.0,9.255413083548746,0.0,7.5160737238739355,0.0,5.505569693113076,0.0
Drink,216.49803921568628,0.0,13.096871498963461,0.0,246.63134555212702,0.0,119.0,0.0,78.58657309543673,0.0,9.890391019912839,0.0,10.908712114635714,0.0,7.316909096036098,0.0,991.0654561074,0.0,147.331762560028,0.0,105.15827823628128,0.0,3.245943361092213,0.0,10.718618728426035,0.0,1083.379836242497,0.0,244.51477013195196,0.0,9.890391019818729,0.0,8.104554262534235,0.0,6.347325815947099,0.0
Drlds,223.61960784313726,0.0,13.169105668131898,0.0,236.79062613893132,0.0,96.0,0.0,63.90331683823203,0.0,9.470561217723528,0.0,9.797958971132712,0.0,6.640402358330826,0.0,1018.9690429639176,0.0,128.67782708213392,0.0,90.5330103718226,0.0,3.4421089481131895,0.0,10.418938735901804,0.0,246.5469024002658,0.0,101.7159411951271,0.0,9.470561217711525,0.0,7.439463874332959,0.0,5.615430504338536,0.0
Droge,231.5529411764706,0.0,13.355477574313298,0.0,228.53320212843428,0.0,106.0,0.0,69.91563201075553,0.0,9.316190720733214,0.0,10.295630140987,0.0,6.899478933722283,0.0,1059.7453231875827,0.0,166.14374391658413,0.0,123.55118562614793,0.0,3.405558715055769,0.0,10.018333309651664,0.0,218.95973159864428,0.0,70.45250538767483,0.0,9.31619072070693,0.0,8.233350517791798,0.0,5.96735398987515,0.0
Drrch,210.86666666666667,0.0,12.780928819301225,0.0,231.421628290584,0.0,98.0,0.0,63.30898915534824,0.0,9.271209200970159,0.0,9.899494936611665,0.0,6.504256351882886,0.0,976.0211296830296,0.0,118.48881504721422,0.0,81.25102232811928,0.0,2.7953883341941292,0.0,10.335327944854754,0.0,609.7459597491577,0.0,193.26528813487857,0.0,9.271209200940463,0.0,7.469933860153947,0.0,5.521102092126888,0.0
Drrgr,218.54901960784315,0.0,13.095062477289732,0.0,248.92557712607328,0.0,120.0,0.0,79.2838231919508,0.0,9.939346002986303,0.0,10.954451150103322,0.0,7.376746384383171,0.0,1060.2733558724756,0.0,181.756728299274,0.0,133.08407724634517,0.0,2.9234255046073367,0.0,11.106659483681293,0.0,223.4501891383233,0.0,143.77160192274405,0.0,9.939346002976054,0.0,8.419606488490146,0.0,6.398403415820052,0.0
Druck,216.4941176470588,0.0,12.872308735418477,0.0,234.58059733324677,0.0,113.0,0.0,73.13808316662758,0.0,9.486121005655558,0.0,10.63014581273465,0.0,6.987154095892835,0.0,976.865961811825,0.0,141.8146090957761,0.0,101.40808052224547,0.0,2.5803038905276976,0.0,11.256078819720656,0.0,1071.1450014744464,0.0,227.90131257087467,0.0,9.486121005565318,0.0,7.8045066846749505,0.0,6.0621188709429665,0.0
Drxtt,207.74117647058824,0.0,12.79476175976101,0.0,246.48169151730667,0.0,120.0,0.0,79.2869966766829,0.0,9.849872620966915,0.0,10.954451150103322,0.0,7.341336068317622,0.0,980.6129232253992,0.0,180.8516447755067,0.0,133.06907447099618,0.0,3.357091802207508,0.0,17.779647589449166,0.0,350.69623446079567,0.0,197.70273768230322,0.0,9.84987262094211,0.0,8.286601158132914,0.0,6.392579514442324,0.0
Dsckz,227.078431372549,0.0,13.204659972248395,0.0,225.64208869559022,0.0,99.0,0.0,63.815595834919336,0.0,9.119656758591775,0.0,9.9498743710662,0.0,6.512760809920771,0.0,981.39590456447,0.0,186.1934705570054,0.0,136.95202187478466,0.0,1.791564869622059,0.0,18.02845070168577,0.0,370.34774752038925,0.0,197.08304358310778,0.0,9.119656758585243,0.0,7.578134189026756,0.0,5.568314957833327,0.0
Dsßqn,255.34117647058824,0.0,13.943873873792304,0.0,240.52438008385147,0.0,122.0,0.0,80.86941549027681,0.0,9.832808581953385,0.0,11.045361017187261,0.0,7.46517688125422,0.0,35627.72531414975,0.0,13713.751211522722,0.0,12200.321130848986,0.0,2.991491809477363,0.0,73.45905262115052,0.0,427.1798986879362,0.0,108.36210183063771,0.0,9.83280858193673,0.0,8.526455059374477,0.0,6.519812737060809,0.0
Dtvzs,212.7176470588235,0.0,12.87407141214875,0.0,233.01603723411404,0.0,102.0,0.0,66.82056920248496,0.0,9.343304487016175,0.0,10.099504938362077,0.0,6.721330642822042,0.0,992.7550082908866,0.0,190.7202121685231,0.0,142.3636337469223,0.0,2.3634068555191736,0.0,16.63581121179821,0.0,233.64837201409605,0.0,139.9823341216371,0.0,9.343304486991936,0.0,7.623802510897721,0.0,5.803966852642567,0.0
Duell,208.14901960784312,0.0,12.831867529644576,0.0,242.56172110590092,0.0,116.0,0.0,76.80478843885135,0.0,9.789161906524955,0.0,10.770329614269007,0.0,7.271429267233582,0.0,979.8185587274659,0.0,134.99390659031585,0.0,100.9242458062364,0.0,4.220218304100879,0.0,10.239190840494148,0.0,289.91653459964164,0.0,305.2549472630506,0.0,9.789161906526198,0.0,7.974122738205836,0.0,6.331133814330061,0.0
Duett,210.71372549019605,0.0,12.822545983757468,0.0,225.76740125211552,0.0,106.0,0.0,68.38986185690065,0.0,9.17703743733172,0.0,10.295630140987,0.0,6.734533117429304,0.0,973.2087062943774,0.0,99.29979626961104,0.0,67.83012816424723,0.0,3.778392034636749,0.0,9.315108222493103,0.0,257.0460738524815,0.0,192.2096369638495,0.0,9.177037437327808,0.0,7.919862570346445,0.0,5.827311266668194,0.0
Dusst,218.27058823529413,0.0,12.855269826891375,0.0,211.7247067462527,0.0,87.0,0.0,53.72008244851038,0.0,8.52865691511205,0.0,9.327379053088816,0.0,5.829296667287882,0.0,970.594675352642,0.0,81.4590439780932,0.0,52.936051903331304,0.0,2.4920881534645845,0.0,9.179612839395967,0.0,255.22998276075356,0.0,185.96125816224622,0.0,8.528656915113825,0.0,6.8128009434334365,0.0,4.807417481202125,0.0
Dxmls,237.07843137254903,0.0,13.514310981592423,0.0,256.69461762951073,0.0,120.0,0.0,82.26810182148041,0.0,10.250858358284505,0.0,10.954451150103322,0.0,7.624594653480253,0.0,1019.4676896997145,0.0,300.6300460874582,0.0,227.79154054302592,0.0,2.6854815510448002,0.0,31.738203823763776,0.0,273.19673964266843,0.0,302.44100024347927,0.0,10.250858358269952,0.0,8.173926710170806,0.0,6.630086698853515,0.0
Dxxfh,244.04313725490198,0.0,13.921006892837136,0.0,267.20636802704,0.0,142.0,0.0,97.91928172067398,0.0,10.685578899629807,0.0,11.916375287812984,0.0,8.351535268657301,0.0,1026.091783843793,0.0,381.4585373347647,0.0,288.615605828306,0.0,2.0668437925306566,0.0,35.627095614709326,0.0,613.5270774363648,0.0,210.3630201021322,0.0,10.685578899582147,0.0,9.474543878912998,0.0,7.441477444698306,0.0
Dzvrr,204.50196078431372,0.0,12.753138941620726,0.0,249.237514882038,0.0,122.0,0.0,79.70892949221584,0.0,9.91569803575449,0.0,11.045361017187261,0.0,7.335241550729693,0.0,1011.1170220974894,0.0,354.74915904074436,0.0,228.3048636619582,0.0,3.7942625609464184,0.0,23.80166817829691,0.0,247.77579940847554,0.0,178.93313159169205,0.0,9.915698035742883,0.0,8.383042936336878,0.0,6.372121672206645,0.0
Dzzmn,240.14509803921572,0.0,13.765477326016411,0.0,245.74349442379193,0.0,120.0,0.0,77.87356761236774,0.0,9.800590754296573,0.0,10.954451150103322,0.0,7.204410028176539,0.0,1023.8715553011324,0.0,371.76979223905386,0.0,237.6371878413606,0.0,2.274315323817301,0.0,24.065303709919025,0.0,399.1036753792393,0.0,97.84647581139045,0.0,9.80059075427748,0.0,8.500712056188732,0.0,6.1632256312131135,0.0
Dämon,244.0901960784314,0.0,13.539726105299765,0.0,232.66832805544004,0.0,105.0,0.0,68.3323055616297,0.0,9.384602037199194,0.0,10.246950765959598,0.0,6.750688495969676,0.0,992.8958479529931,0.0,141.63865810997197,0.0,95.34574438318958,0.0,2.630381822337121,0.0,12.109387892131062,0.0,389.28238875204755,0.0,71.44803329988022,0.0,9.384602037179153,0.0,7.812187608026224,0.0,5.746246711078327,0.0
Dänen,239.4745098039216,0.0,13.619675027922117,0.0,215.24028314340865,0.0,96.0,0.0,60.78200657104336,0.0,8.779142608274974,0.0,9.797958971132712,0.0,6.260632279269681,0.0,971.7869352956469,0.0,89.45076865873611,0.0,61.45349219832549,0.0,1.8478084262020356,0.0,10.531076474408671,0.0,392.41660308918034,0.0,66.20482405012439,0.0,8.779142608251519,0.0,7.739323026091604,0.0,5.3226962949769145,0.0
Dänin,226.34117647058824,0.0,13.274955824174885,0.0,224.52377157389114,0.0,94.0,0.0,59.66963011557359,0.0,9.009011955931332,0.0,9.695359714832659,0.0,6.232017301595205,0.0,990.6013701256616,0.0,98.39807298539569,0.0,67.4725465112886,0.0,2.981902586586899,0.0,11.196615730586192,0.0,576.2518604354893,0.0,318.4275714646442,0.0,9.00901195593197,0.0,7.280943093133682,0.0,5.224827512958219,0.0
Därme,243.64313725490194,0.0,13.666886092704976,0.0,239.22949680491695,0.0,114.0,0.0,74.20494259110755,0.0,9.60590762645437,0.0,10.677078252031311,0.0,7.045331579334957,0.0,1004.5029554185484,0.0,160.020480893357,0.0,107.92807575044927,0.0,1.9871126565787305,0.0,11.531100018916781,0.0,153.22582003887348,0.0,102.32644004672885,0.0,9.60590762643588,0.0,8.36714805316817,0.0,6.106731622686776,0.0
Döhnö,237.14117647058822,0.0,13.385377665784066,0.0,223.24242399699662,0.0,100.0,0.0,64.56052460361785,0.0,9.094322465994157,0.0,10.0,0.0,6.552757186156882,0.0,981.1965319456166,0.0,181.8730913722113,0.0,116.90593146830183,0.0,1.786668348014895,0.0,109.7408337984872,0.0,937.6421453684844,0.0,770.5908152788252,0.0,9.094307314884071,0.0,7.816986079554283,0.0,5.625900524461451,0.0
Döltö,211.7450980392157,0.0,12.679878376696985,0.0,231.68262938935675,0.0,90.0,0.0,60.40585211642153,0.0,9.30832201792048,0.0,9.486832980505138,0.0,6.476188210940493,0.0,983.4461249332795,0.0,190.0016495384654,0.0,124.6590307696969,0.0,2.846238387596236,0.0,109.58007779222451,0.0,916.4450235056499,0.0,767.4165067687287,0.0,9.308307215142003,0.0,7.379365857196639,0.0,5.536746546414653,0.0
Döner,224.12156862745098,0.0,13.181648725768927,0.0,221.59117363591326,0.0,102.0,0.0,65.08227653997017,0.0,9.026920686898738,0.0,10.099504938362077,0.0,6.526970779415306,0.0,976.1012190790615,0.0,168.07767466920308,0.0,96.55919062807324,0.0,2.652252814136968,0.0,13.058538137253729,0.0,161.20579629504348,0.0,144.1816447277677,0.0,9.02692068687489,0.0,7.916854023530349,0.0,5.598310364733601,0.0
Dürre,218.53333333333336,0.0,13.08608824278231,0.0,231.34053988385932,0.0,106.0,0.0,67.67992997006058,0.0,9.300167733445337,0.0,10.295630140987,0.0,6.670940691398266,0.0,977.4812440867338,0.0,114.20410868194459,0.0,77.47617541972477,0.0,2.538684174313399,0.0,11.374192584213025,0.0,253.92325702843243,0.0,141.798064795768,0.0,9.300167733427898,0.0,8.080637602860133,0.0,5.732009584060155,0.0
Ebene,252.89803921568628,0.0,14.18212346276503,0.0,227.4885854438141,0.0,126.0,0.0,81.82291604236327,0.0,9.424110709552254,0.0,11.224972160321824,0.0,7.375958851176229,0.0,885.376370325603,0.0,275.1480406846721,0.0,186.49969033113194,0.0,2.9736187629533872,0.0,15.571617257890416,0.0,230.53527741573748,0.0,130.95212974049153,0.0,9.424110709517274,0.0,9.3385462588753,0.0,6.5213955987295344,0.0
Ecken,237.33725490196076,0.0,13.700171044880328,0.0,227.4130621765425,0.0,117.0,0.0,75.99093633322785,0.0,9.368336329592255,0.0,10.816653826391969,0.0,7.110670714303865,0.0,854.6467254155575,0.0,127.02149023023125,0.0,94.60683038734857,0.0,2.015275000372844,0.0,14.89965871024308,0.0,413.18759474458466,0.0,87.23533337360658,0.0,9.3683363295488,0.0,8.522706203607246,0.0,6.209385384755861,0.0
Eenen,241.23529411764704,0.0,13.950108828685886,0.0,215.11863676490688,0.0,111.0,0.0,69.74803314138512,0.0,8.873087791497147,0.0,10.535653752852738,0.0,6.669078479799877,0.0,860.367244818683,0.0,72.90861335381976,0.0,46.87603384873701,0.0,2.295323902172929,0.0,9.332844460092716,0.0,405.55803834185474,0.0,83.98451240236656,0.0,8.87308779144923,0.0,8.574920387944106,0.0,5.769987261506744,0.0
Eiche,225.98823529411766,0.0,13.43025728874856,0.0,222.34298364258223,0.0,104.0,0.0,65.98968475728448,0.0,9.019484334133544,0.0,10.198039027185569,0.0,6.555522293184213,0.0,864.3287816248443,0.0,86.77640086426018,0.0,58.635915507516486,0.0,2.732574322933307,0.0,10.779859172380469,0.0,354.13386166394423,0.0,159.06763922817163,0.0,9.019484334090508,0.0,8.096225179480863,0.0,5.597777652800352,0.0
Eifer,218.7372549019608,0.0,13.44861580999774,0.0,243.0818534986624,0.0,114.0,0.0,75.27011794942433,0.0,9.744634859454733,0.0,10.677078252031311,0.0,7.171511359763121,0.0,907.202893520103,0.0,294.64935334108964,0.0,214.4237882428388,0.0,3.2001707308182628,0.0,13.053175278720767,0.0,207.15596187174842,0.0,167.14861740551305,0.0,9.744634859423023,0.0,8.702251124975293,0.0,6.268442632788666,0.0
Eiter,210.42745098039217,0.0,13.110620351954056,0.0,234.50749730706,0.0,109.0,0.0,70.61251494952967,0.0,9.435168993554983,0.0,10.44030650891055,0.0,6.8603971451519605,0.0,864.7327163027709,0.0,109.95415199210817,0.0,75.6377014719654,0.0,3.3708288512675204,0.0,9.956695552712542,0.0,212.80274738186236,0.0,165.37584752183645,0.0,9.435168993521597,0.0,8.24087838062309,0.0,5.899034911321189,0.0
Ekzem,256.7176470588235,0.0,14.31279126685357,0.0,258.7105744128843,0.0,147.0,0.0,98.71755391954375,0.0,10.465088208086184,0.0,12.12435565298214,0.0,8.266462256894304,0.0,954.4871658866541,0.0,306.32463556936426,0.0,225.36774871302165,0.0,2.068771117438579,0.0,19.86585395122013,0.0,195.46255253889305,0.0,143.87026696433443,0.0,10.46508820803626,0.0,9.499874601321915,0.0,7.324254271555746,0.0
Elend,241.09803921568627,0.0,13.913395004585805,0.0,241.17261057252273,0.0,128.0,0.0,84.48480533890557,0.0,9.847771617983375,0.0,11.313708498984761,0.0,7.5892551570485285,0.0,989.0742084697612,0.0,173.49166134004378,0.0,127.74545126180051,0.0,3.532264828945298,0.0,12.704256378533056,0.0,342.1748629017527,0.0,191.91339964281482,0.0,9.847771617959841,0.0,8.993576391530697,0.0,6.627143560342156,0.0
Elfen,228.02745098039216,0.0,13.682892441271335,0.0,240.4534932629254,0.0,116.0,0.0,77.095544162867,0.0,9.741229904005708,0.0,10.770329614269007,0.0,7.2787533283925105,0.0,896.456586425982,0.0,295.3753381153994,0.0,216.57114641673934,0.0,2.3512350570205522,0.0,13.08662781441878,0.0,404.2428775610265,0.0,107.90890180140676,0.0,9.741229903964065,0.0,8.764548217675422,0.0,6.361888816364937,0.0
Elite,208.5843137254902,0.0,13.077855177359345,0.0,235.06778001852004,0.0,101.0,0.0,66.62148277733272,0.0,9.432684997272219,0.0,10.04987562112089,0.0,6.731853729144496,0.0,872.0689997016414,0.0,113.93323294559367,0.0,82.22888817323113,0.0,3.5234374846147762,0.0,9.851280775328027,0.0,170.88187655051732,0.0,122.14078436278187,0.0,9.432684997237159,0.0,7.955293187326871,0.0,5.747119912708918,0.0
Elste,219.93725490196078,0.0,13.269786282726445,0.0,225.9138458963368,0.0,102.0,0.0,66.07811631881191,0.0,9.163367635128612,0.0,10.099504938362077,0.0,6.640198282922087,0.0,855.7823022385438,0.0,108.47959561870542,0.0,78.80222712709218,0.0,2.6558981906388146,0.0,10.350714703956276,0.0,161.92765766197465,0.0,110.22336344159528,0.0,9.16336763508995,0.0,7.9650591824775825,0.0,5.674107426184755,0.0
Emgab,276.43529411764706,0.0,14.54208756161749,0.0,260.15286774492233,0.0,149.0,0.0,99.75961021886366,0.0,10.485869881613304,0.0,12.206555615733702,0.0,8.316546295937435,0.0,1168.4160214679239,0.0,436.7496937617645,0.0,300.8313932040717,0.0,1.9869065292666186,0.0,19.640517780754173,0.0,502.1633429666541,0.0,350.3688380495206,0.0,10.485869881589654,0.0,9.86733431694907,0.0,7.377005207814934,0.0
Enbel,240.49803921568628,0.0,13.855814336464194,0.0,239.74046375262157,0.0,127.0,0.0,83.4699179024496,0.0,9.785107758379015,0.0,11.269427669584644,0.0,7.521649263358705,0.0,862.6539959887009,0.0,159.63041326912406,0.0,113.94359000335011,0.0,4.218141596622223,0.0,12.7125011626508,0.0,228.3431784825736,0.0,128.2245895278748,0.0,9.785107758347268,0.0,8.8413947661991,0.0,6.531612511513992,0.0
Enden,251.49803921568628,0.0,14.165975015343369,0.0,228.8160885282095,0.0,119.0,0.0,77.02279185665702,0.0,9.41497146853604,0.0,10.908712114635714,0.0,7.144073786917277,0.0,912.388835541412,0.0,117.00660112075784,0.0,81.8064451132721,0.0,2.114586311052783,0.0,11.460167584598722,0.0,411.30436191455067,0.0,92.82236377116163,0.0,9.414971468496269,0.0,8.740426163509184,0.0,6.152634046528408,0.0
Engel,242.96078431372547,0.0,13.959104878055031,0.0,242.8154967563228,0.0,129.0,0.0,86.18401217019938,0.0,9.93012083467101,0.0,11.357816691600547,0.0,7.718292512657472,0.0,915.2386760070889,0.0,180.15515231223733,0.0,138.18315570572682,0.0,4.045837553442787,0.0,12.279630812807467,0.0,201.44962743134167,0.0,111.5660114441134,0.0,9.930120834641997,0.0,8.982302889165641,0.0,6.7663425317162025,0.0
Ennus,234.30980392156863,0.0,13.577042046853293,0.0,214.53567504380163,0.0,97.0,0.0,60.4803527413992,0.0,8.736337526453996,0.0,9.848857801796104,0.0,6.196274759703769,0.0,848.4306922137903,0.0,76.44009320005112,0.0,49.861324497185215,0.0,2.595351030135557,0.0,11.97165046915166,0.0,265.7935682984376,0.0,133.106163228955,0.0,8.736337526412198,0.0,7.446069290941189,0.0,5.166139940402093,0.0
Enten,230.11764705882354,0.0,13.613850739201245,0.0,223.85780898618492,0.0,109.0,0.0,70.16391298361535,0.0,9.170327741494523,0.0,10.44030650891055,0.0,6.791495007299709,0.0,850.8354822220141,0.0,95.41541563357333,0.0,66.05442963634941,0.0,2.560507459991105,0.0,11.22026903030408,0.0,410.260566886831,0.0,92.86539055101078,0.0,9.170327741452986,0.0,8.283550847909478,0.0,5.816460617878134,0.0
Entok,228.10196078431375,0.0,13.410314105705616,0.0,235.48617354142473,0.0,115.0,0.0,76.28702529338858,0.0,9.617094935618981,0.0,10.723805294763608,0.0,7.214416209506293,0.0,855.1018349744845,0.0,139.3731922034463,0.0,103.26673847501121,0.0,3.1676324131970452,0.0,13.833504376574274,0.0,1068.6469833180215,0.0,238.32603301401662,0.0,9.61709493553802,0.0,8.200190144667133,0.0,6.2409218743802155,0.0
Enuel,225.6901960784314,0.0,13.470632759580496,0.0,231.56817660287263,0.0,119.0,0.0,76.31438826391101,0.0,9.436157014717377,0.0,10.908712114635714,0.0,7.099951173697019,0.0,855.7283678265444,0.0,121.27244737791202,0.0,89.26111884420996,0.0,4.2986517327487705,0.0,12.431241795147644,0.0,207.49257388197043,0.0,112.89119833144564,0.0,9.436157014685644,0.0,8.204643551630218,0.0,6.125298411605978,0.0
Epfel,243.6156862745098,0.0,14.047978424262162,0.0,258.5353769981073,0.0,136.0,0.0,93.32260260844009,0.0,10.442506197243603,0.0,11.661903789690601,0.0,8.162407568836288,0.0,12747.511670741571,0.0,616.1180106439552,0.0,416.51126961214624,0.0,5.73243831809033,0.0,16.64059134295948,0.0,180.93693514536352,0.0,115.61428497017607,0.0,10.442506197213575,0.0,9.637086843591858,0.0,7.281784866354189,0.0
Eptek,251.8,0.0,14.129914604691383,0.0,251.20030398501044,0.0,139.0,0.0,94.81963510999873,0.0,10.295906351979376,0.0,11.789826122551595,0.0,8.169022842981201,0.0,12744.493216297817,0.0,554.0426348630945,0.0,366.4954255807835,0.0,3.0777215148378985,0.0,15.510763525930608,0.0,1060.9234630345131,0.0,235.2659281844564,0.0,10.295906351912052,0.0,9.655230501914355,0.0,7.292889857896092,0.0
Erain,218.23137254901962,0.0,13.212649328138484,0.0,235.62320706886666,0.0,108.0,0.0,68.51743297346482,0.0,9.384260066205867,0.0,10.392304845413264,0.0,6.6793520598159075,0.0,874.6888489500925,0.0,108.09227826418817,0.0,69.65587598554852,0.0,3.20744783200947,0.0,10.191262000582645,0.0,604.7024585390478,0.0,325.4144004775261,0.0,9.38426006619116,0.0,7.932230055208863,0.0,5.661772069011918,0.0
Erdöl,231.12549019607843,0.0,13.507098963672991,0.0,251.01029229535717,0.0,128.0,0.0,84.59370162494342,0.0,10.075484508675414,0.0,11.313708498984761,0.0,7.619567194366734,0.0,924.4687095437088,0.0,221.78327450371873,0.0,146.2134127734753,0.0,3.476674145626089,0.0,33.90119050492782,0.0,301.3238803871034,0.0,212.21176322825443,0.0,10.075484508659988,0.0,8.693526185563496,0.0,6.613793663796188,0.0
Ernst,219.78039215686275,0.0,13.22454349145852,0.0,225.69603118681016,0.0,106.0,0.0,66.75129220626715,0.0,9.099094059207053,0.0,10.295630140987,0.0,6.5618711032166255,0.0,851.3085629002418,0.0,101.67950135771093,0.0,65.99033607708462,0.0,3.4810334859096272,0.0,10.183019354908147,0.0,336.8411540487869,0.0,202.26665928855488,0.0,9.099094059178533,0.0,7.710358278885364,0.0,5.523829827187137,0.0
Erron,214.01176470588234,0.0,13.053219665548523,0.0,229.156617613313,0.0,104.0,0.0,65.91447276418482,0.0,9.202554608388402,0.0,10.198039027185569,0.0,6.548109561214572,0.0,851.7879927488065,0.0,104.16146028007527,0.0,67.18120959457549,0.0,3.100501732869179,0.0,10.246857453131549,0.0,442.72927373355867,0.0,99.39665311710641,0.0,9.202554608351013,0.0,7.698086925643922,0.0,5.554373277971501,0.0
Esaun,234.99607843137255,0.0,13.485796136085836,0.0,216.76565887266295,0.0,99.0,0.0,60.90037309705632,0.0,8.756639353827214,0.0,9.9498743710662,0.0,6.174065949869843,0.0,850.1159838947214,0.0,79.33121323142147,0.0,50.814658494998795,0.0,2.5292477852691353,0.0,13.798808647999495,0.0,433.29854602901565,0.0,129.66096888767694,0.0,8.75663935379408,0.0,7.718180831359492,0.0,5.161787049143493,0.0
Esche,237.3411764705882,0.0,13.617222286179885,0.0,212.04517983979903,0.0,98.0,0.0,61.17093865496051,0.0,8.658114990006343,0.0,9.899494936611665,0.0,6.253660011083981,0.0,852.631810114172,0.0,80.70667074236752,0.0,55.68037967111374,0.0,2.154349231727285,0.0,13.323699052082436,0.0,321.57818137876166,0.0,145.44201104967678,0.0,8.658114989956694,0.0,7.9212085071111416,0.0,5.309881475433921,0.0
Eschu,232.19607843137254,0.0,13.393037033631947,0.0,216.80752889342352,0.0,103.0,0.0,63.99770121459006,0.0,8.818453098243777,0.0,10.14889156509222,0.0,6.384255224104793,0.0,849.3588653487346,0.0,86.24915361039989,0.0,58.5259543100796,0.0,2.597910487586505,0.0,15.402058792328106,0.0,545.1066306970043,0.0,148.6803204932959,0.0,8.818453098203248,0.0,7.708956032857557,0.0,5.4169852040734705,0.0
Eslom,233.6705882352941,0.0,13.458369890430673,0.0,241.8184610151368,0.0,113.0,0.0,74.26748035301134,0.0,9.713251630243024,0.0,10.63014581273465,0.0,7.106070374179532,0.0,933.4270559413022,0.0,211.58255045879594,0.0,147.1250367913792,0.0,3.3667484165278236,0.0,14.82804794794813,0.0,176.1451511820661,0.0,142.94624636451724,0.0,9.713251630193266,0.0,7.978916577250461,0.0,6.117833684270865,0.0
Essen,239.67450980392158,0.0,13.719838051912404,0.0,208.88629124787576,0.0,93.0,0.0,57.91334915351206,0.0,8.542244996586374,0.0,9.643650760992955,0.0,6.058353989009558,0.0,849.1106422955946,0.0,71.78054863179631,0.0,47.40652656204368,0.0,2.0106097824936278,0.0,12.331270084610324,0.0,392.46236909940166,0.0,83.28296680358552,0.0,8.542244996538804,0.0,7.659715860681284,0.0,5.115696831624929,0.0
Essig,240.66666666666669,0.0,13.724538902607856,0.0,227.7082964150817,0.0,100.0,0.0,65.3221809169763,0.0,9.22008039887152,0.0,10.0,0.0,6.65059410783625,0.0,1160.1224919876659,0.0,234.3134325180136,0.0,180.5927410979385,0.0,2.8219855989893214,0.0,14.513757192766464,0.0,486.1179374332262,0.0,320.67120821506336,0.0,9.22008039883031,0.0,7.821290457825977,0.0,5.69407709370888,0.0
Estar,220.46666666666667,0.0,13.130848306165268,0.0,226.9259599420102,0.0,101.0,0.0,63.55542003115448,0.0,9.079868981958299,0.0,10.04987562112089,0.0,6.420271936395484,0.0,854.6992351091009,0.0,109.71750693886453,0.0,75.3635796090467,0.0,4.189164219896891,0.0,13.110330404151476,0.0,152.47654626412717,0.0,156.2435199058606,0.0,9.079868981919304,0.0,7.751537536968449,0.0,5.394600859616566,0.0
Etage,244.9294117647059,0.0,13.866061671657139,0.0,233.2275654472159,0.0,116.0,0.0,76.49522181996845,0.0,9.499656336726952,0.0,10.770329614269007,0.0,7.21266560120539,0.0,953.1286336082759,0.0,186.3153155826261,0.0,142.15866151783953,0.0,2.8768828627283587,0.0,12.489521281152184,0.0,165.3195555787507,0.0,94.33562737321647,0.0,9.499656336696898,0.0,8.890308470666053,0.0,6.287324161774503,0.0
Ethik,228.95686274509805,0.0,13.577338244382943,0.0,252.09241468306948,0.0,127.0,0.0,85.35720236600773,0.0,10.153399987352968,0.0,11.269427669584644,0.0,7.70020972973794,0.0,880.6866471105405,0.0,170.94062640864564,0.0,129.15003911476458,0.0,2.817901802266444,0.0,14.03130719780453,0.0,1151.6851395926599,0.0,393.87878519075014,0.0,10.153399987273646,0.0,8.560999971366082,0.0,6.733647660777347,0.0
Etlas,218.6235294117647,0.0,13.098133732193912,0.0,228.81333376528303,0.0,92.0,0.0,59.887703185363506,0.0,9.138559910091995,0.0,9.591663046625438,0.0,6.350862731307664,0.0,857.1642202174102,0.0,134.30538057582345,0.0,100.45758209593126,0.0,3.0540786011392536,0.0,12.000292911511467,0.0,160.33107051022282,0.0,98.94022547262925,0.0,9.13855991005159,0.0,7.29142809025934,0.0,5.343420722508569,0.0
Euter,218.41568627450982,0.0,13.2326928453163,0.0,228.89811804661258,0.0,114.0,0.0,72.55419059266302,0.0,9.290136437599347,0.0,10.677078252031311,0.0,6.88692977444041,0.0,853.0404505317598,0.0,107.44955081319235,0.0,73.53931625108201,0.0,3.7744264831325327,0.0,10.133773548759079,0.0,167.9409869517851,0.0,153.33602171354428,0.0,9.290136437560959,0.0,8.406369676424374,0.0,5.956178639671005,0.0
Fabal,230.80392156862746,0.0,13.298938914060313,0.0,242.2332941878388,0.0,118.0,0.0,76.66033238574278,0.0,9.68853920995651,0.0,10.862780491200215,0.0,7.18507512994521,0.0,870.9385377366727,0.0,210.39336269765033,0.0,140.5229934106735,0.0,3.4705157456147826,0.0,10.8591917950909,0.0,222.99393022585502,0.0,138.35227178925692,0.0,9.688539209959204,0.0,8.344828794669086,0.0,6.175215190899608,0.0
Fabel,232.11764705882354,0.0,13.4680324087339,0.0,239.5170277501054,0.0,120.0,0.0,78.89868120179396,0.0,9.69835257952451,0.0,10.954451150103322,0.0,7.321465213513933,0.0,869.3115583820694,0.0,208.0883808241369,0.0,139.46411195172752,0.0,3.5119121914662608,0.0,10.364621001213953,0.0,223.02371069664667,0.0,133.95088569861363,0.0,9.69835257952402,0.0,8.640520352723689,0.0,6.378863828089826,0.0
Falke,226.54901960784315,0.0,13.381113926697651,0.0,240.05462767235412,0.0,115.0,0.0,76.546196272809,0.0,9.724962806338718,0.0,10.723805294763608,0.0,7.244503765243846,0.0,863.7613324378368,0.0,178.2302887999162,0.0,118.31335887710755,0.0,2.3658466377598555,0.0,9.60847819551238,0.0,396.0767279115486,0.0,216.9476112407737,0.0,9.724962806334982,0.0,8.482094578807017,0.0,6.366879795539466,0.0
Falle,210.05490196078432,0.0,12.95254877620914,0.0,237.3374746566668,0.0,100.0,0.0,66.40196456387889,0.0,9.503964080547698,0.0,10.0,0.0,6.752350138252152,0.0,864.04578270941,0.0,171.32761550480066,0.0,112.68484922189022,0.0,2.8463734111001875,0.0,8.484010401855684,0.0,289.9989347323847,0.0,308.6630336395589,0.0,9.50396408054631,0.0,7.7965788795773125,0.0,5.817821590763818,0.0
Falte,211.3372549019608,0.0,12.947932282943516,0.0,230.91777556403213,0.0,98.0,0.0,64.36062773174818,0.0,9.277991356737317,0.0,9.899494936611665,0.0,6.597876098869854,0.0,862.1010545002332,0.0,168.9074836481382,0.0,109.21049135857511,0.0,2.6060675923498815,0.0,8.672006866770687,0.0,163.2430180217452,0.0,109.14344717754064,0.0,9.277991356727531,0.0,7.86910412505823,0.0,5.672674640855273,0.0
Fanda,241.80392156862743,0.0,13.62178525189241,0.0,228.0503054698396,0.0,103.0,0.0,65.94256087124359,0.0,9.182012252244158,0.0,10.14889156509222,0.0,6.584996852148428,0.0,908.8294757318592,0.0,172.01795891941168,0.0,110.41379944682637,0.0,2.8066477755435884,0.0,9.475448319828613,0.0,230.65363281972208,0.0,121.45766305632397,0.0,9.18201225223701,0.0,7.927776479245689,0.0,5.546617985419403,0.0
Fanft,218.92941176470586,0.0,13.207934539295305,0.0,237.75789456633524,0.0,111.0,0.0,72.15137724647914,0.0,9.529936809959525,0.0,10.535653752852738,0.0,6.9620896125362846,0.0,880.6232926842919,0.0,269.44976979823014,0.0,185.71817265418414,0.0,3.0204549902686066,0.0,11.290185828833884,0.0,298.5196179249149,0.0,215.5547382081671,0.0,9.529936809952849,0.0,8.235231964990843,0.0,5.994317930855012,0.0
Faran,220.9843137254902,0.0,13.084064988835257,0.0,227.1852111022019,0.0,100.0,0.0,62.69822846390372,0.0,9.06140418600128,0.0,10.0,0.0,6.349471920615291,0.0,859.1964919684875,0.0,163.37401654044461,0.0,100.91761630583919,0.0,2.041181783011511,0.0,8.662859283068869,0.0,405.15172563822165,0.0,103.95496519533354,0.0,9.061404185996441,0.0,7.656998357181883,0.0,5.35515503613449,0.0
Farbe,233.96078431372553,0.0,13.49985062642524,0.0,230.05847148993092,0.0,109.0,0.0,70.28516250779526,0.0,9.296507868344618,0.0,10.44030650891055,0.0,6.824842171093231,0.0,869.3880546212316,0.0,205.14773298232703,0.0,132.33912099261013,0.0,2.3980188452810056,0.0,10.287447725471582,0.0,225.81389675969956,0.0,135.39764470481535,0.0,9.296507868338146,0.0,8.535787514432394,0.0,5.927614274459169,0.0
Farmt,223.90588235294115,0.0,13.189871803217548,0.0,249.31077257007746,0.0,124.0,0.0,80.63175779467795,0.0,9.919256905674182,0.0,11.135528725660043,0.0,7.3488005025305965,0.0,890.6305577884087,0.0,207.76028564621038,0.0,133.20911762995757,0.0,2.452135192159821,0.0,9.790333399657703,0.0,307.74345226072774,0.0,218.55115258251493,0.0,9.91925690568013,0.0,8.373301036411602,0.0,6.358202167591132,0.0
Faser,222.51764705882354,0.0,13.17427269250745,0.0,222.0299913879902,0.0,100.0,0.0,63.48546703274451,0.0,8.975429453652707,0.0,10.0,0.0,6.431139549347831,0.0,858.958635275267,0.0,164.28860170247933,0.0,103.17873545928803,0.0,2.59891568676732,0.0,9.112310346211238,0.0,172.16706267152398,0.0,156.63876108404534,0.0,8.975429453643287,0.0,7.886411059458201,0.0,5.52217079654207,0.0
Faune,227.70980392156864,0.0,13.339960290845044,0.0,217.81961000288777,0.0,108.0,0.0,66.60701730230832,0.0,8.840341169138588,0.0,10.392304845413264,0.0,6.471808116652925,0.0,858.7996306794536,0.0,155.5861322449057,0.0,95.6036615130472,0.0,1.7566993620100009,0.0,8.975690810793916,0.0,223.33458764959695,0.0,121.48022381266154,0.0,8.840341169128893,0.0,8.061687467023582,0.0,5.577542391222877,0.0
Fausa,226.6156862745098,0.0,13.08705480466127,0.0,214.7651810276629,0.0,89.0,0.0,54.466542750929285,0.0,8.574372775862377,0.0,9.433981132056603,0.0,5.833696829356999,0.0,857.9222513217616,0.0,154.63185696592802,0.0,95.13245635007104,0.0,1.7601372205736665,0.0,9.835059621286172,0.0,166.58298757815766,0.0,94.68604010732516,0.0,8.574372775841693,0.0,7.050424828415218,0.0,4.821208573594541,0.0
Fazit,207.26666666666665,0.0,12.88648514620254,0.0,233.62693641961812,0.0,97.0,0.0,62.236568370980834,0.0,9.251231249440767,0.0,9.848857801796104,0.0,6.4123178502591545,0.0,883.3691480691783,0.0,201.31508716224658,0.0,132.49135944233345,0.0,4.1108867629250305,0.0,13.862468051698352,0.0,505.3375054297388,0.0,371.89335288103956,0.0,9.251231249466484,0.0,7.513314038692983,0.0,5.401697560857002,0.0
Fcnkl,215.87058823529412,0.0,13.054475517098657,0.0,248.46224349577366,0.0,132.0,0.0,87.08201062057789,0.0,10.06146093334789,0.0,11.489125293076057,0.0,7.710327347344498,0.0,864.9057300973619,0.0,198.17326724386334,0.0,135.46145518144152,0.0,2.577635480034227,0.0,15.277102878948904,0.0,424.68758584447863,0.0,228.03961033688378,0.0,10.061460933359706,0.0,8.59128811756234,0.0,6.753249509151767,0.0
Fealt,211.33725490196076,0.0,12.947932282943516,0.0,237.84953767821312,0.0,114.0,0.0,73.96265573832488,0.0,9.548064151139537,0.0,10.677078252031311,0.0,7.02630791520398,0.0,871.9036410538617,0.0,171.97522446529985,0.0,110.79669843029797,0.0,4.224689050400536,0.0,9.4614133039195,0.0,373.9649417030621,0.0,356.39714475582116,0.0,9.548064151157234,0.0,8.419603250920092,0.0,6.099636137142247,0.0
Febus,238.90588235294118,0.0,13.593880501236267,0.0,225.3978186510725,0.0,113.0,0.0,72.26591399329935,0.0,9.196116032426243,0.0,10.63014581273465,0.0,6.878231083475954,0.0,873.0618602422788,0.0,186.7318583713647,0.0,118.97389608754507,0.0,2.239675603142745,0.0,11.006061271651424,0.0,272.3725819458193,0.0,151.7843588403786,0.0,9.196116032421333,0.0,8.651319702672753,0.0,5.991950157100056,0.0
Feder,235.8745098039215,0.0,13.724833597740242,0.0,238.213281931249,0.0,129.0,0.0,84.0039931103931,0.0,9.719831951973427,0.0,11.357816691600547,0.0,7.4985883159088305,0.0,931.401582240198,0.0,186.9473031920978,0.0,121.90959555263021,0.0,3.080194550358763,0.0,9.636360390204493,0.0,189.76061088364065,0.0,159.70011831694413,0.0,9.71983195197003,0.0,9.348802456845297,0.0,6.611842853568506,0.0
Feier,212.47843137254904,0.0,13.154111515039551,0.0,233.94504458536784,0.0,112.0,0.0,72.69466622391782,0.0,9.443584713801933,0.0,10.583005244258363,0.0,6.956789628847415,0.0,885.9748192561722,0.0,169.26084337519677,0.0,106.88553045485521,0.0,2.8474531670761825,0.0,8.937745094821171,0.0,188.6088847572695,0.0,165.33464249043573,0.0,9.443584713803734,0.0,8.648294963957943,0.0,6.091000003197041,0.0
Feige,235.16078431372546,0.0,13.73553693925402,0.0,235.32018206704333,0.0,116.0,0.0,77.1959083509488,0.0,9.588565075350889,0.0,10.770329614269007,0.0,7.269081638878924,0.0,978.3802929237297,0.0,209.81800737465798,0.0,146.0086793201743,0.0,2.827684523493137,0.0,9.49443496292481,0.0,188.4545266457803,0.0,113.12793348098513,0.0,9.58856507535152,0.0,9.117552819876755,0.0,6.4175159321456725,0.0
Feind,231.2980392156863,0.0,13.613749636373544,0.0,239.83807695734185,0.0,120.0,0.0,78.45642323568556,0.0,9.690207258303685,0.0,10.954451150103322,0.0,7.263765763948245,0.0,1014.5008270754255,0.0,213.58095292295815,0.0,144.6437816423078,0.0,3.681390330548535,0.0,11.453611385215458,0.0,350.84860914113364,0.0,196.87653792076043,0.0,9.69020725830454,0.0,8.85627306557523,0.0,6.321647599202025,0.0
Felge,235.89411764705883,0.0,13.739979467069034,0.0,239.41494170020962,0.0,122.0,0.0,81.78031818537687,0.0,9.777402681571328,0.0,11.045361017187261,0.0,7.517668283039889,0.0,965.85205437562,0.0,212.52719880119773,0.0,149.3323598386981,0.0,2.8591858967452697,0.0,9.755658861466312,0.0,180.6381315817123,0.0,103.19701316783586,0.0,9.77740268157046,0.0,9.255298026335604,0.0,6.667388868932877,0.0
Felle,211.3686274509804,0.0,13.126105306711347,0.0,240.09859373186123,0.0,113.0,0.0,75.06779729653138,0.0,9.692267627978293,0.0,10.63014581273465,0.0,7.169796163931843,0.0,874.9717517977683,0.0,172.6229456979887,0.0,113.68703252254518,0.0,2.993465686739066,0.0,8.568840093576064,0.0,295.07293368025586,0.0,308.8346793906072,0.0,9.692267627979152,0.0,8.575526030188307,0.0,6.294367846541185,0.0
Ferse,223.8313725490196,0.0,13.344945923432826,0.0,220.69079270975817,0.0,104.0,0.0,65.95893664639186,0.0,8.963845964850137,0.0,10.198039027185569,0.0,6.5394718668142495,0.0,871.0482511902446,0.0,160.21557757604515,0.0,99.49309189399051,0.0,2.1183461460787876,0.0,8.796057577258326,0.0,171.11360028893873,0.0,97.07845497075886,0.0,8.963845964846092,0.0,8.38835760614691,0.0,5.678471939550229,0.0
Feste,223.2705882352941,0.0,13.308265940004096,0.0,220.43020088387703,0.0,106.0,0.0,67.8986841714518,0.0,9.001698690197657,0.0,10.295630140987,0.0,6.666506110670235,0.0,870.8820214130909,0.0,163.15052762337965,0.0,103.05522419661551,0.0,2.2231226075148416,0.0,8.96220073448861,0.0,171.20399797638981,0.0,106.40795234778379,0.0,9.00169869018819,0.0,8.5029706662434,0.0,5.8178862406562235,0.0
Fette,213.93333333333334,0.0,13.116992861555723,0.0,228.89409280991686,0.0,112.0,0.0,72.89249864340621,0.0,9.315894117650462,0.0,10.583005244258363,0.0,6.970397698150556,0.0,872.1247870960675,0.0,171.8856348652641,0.0,110.81743709332633,0.0,2.690007770965426,0.0,8.800171345749568,0.0,178.51117261799152,0.0,110.61901084826961,0.0,9.315894117643802,0.0,8.773499802847628,0.0,6.105258864831385,0.0
Feßen,243.00392156862745,0.0,13.873638563186299,0.0,237.87129825357016,0.0,136.0,0.0,88.59850977152512,0.0,9.776849852715984,0.0,11.661903789690601,0.0,7.678532046341425,0.0,914.5631311376827,0.0,492.9879613126061,0.0,290.95760913728344,0.0,2.2503305997241263,0.0,19.084133720713897,0.0,428.08602649396875,0.0,106.58033023034912,0.0,9.776849852713024,0.0,9.443228862167627,0.0,6.849301795266615,0.0
Ffscr,211.0313725490196,0.0,12.910911133517178,0.0,238.74121966561665,0.0,111.0,0.0,72.62915826388416,0.0,9.595472584585634,0.0,10.535653752852738,0.0,7.0302110853150905,0.0,1248.5562618846257,0.0,665.6053470087596,0.0,531.4665857095105,0.0,3.4805008469167573,0.0,22.75588398582258,0.0,231.09771945222582,0.0,175.09744321969816,0.0,9.595472584616207,0.0,8.316741856308871,0.0,6.13548031103895,0.0
Ffspr,234.61176470588234,0.0,13.633168500116058,0.0,257.0701109302322,0.0,134.0,0.0,90.5336138310484,0.0,10.340409498343462,0.0,11.575836902790225,0.0,7.9842407107009485,0.0,7619.691688710158,0.0,740.395634593626,0.0,572.4050263431052,0.0,3.3474155490813398,0.0,23.511115524132837,0.0,233.98442857078916,0.0,177.28353606529203,0.0,10.340409498369159,0.0,9.371181671799073,0.0,7.089815518131431,0.0
Fgzns,241.17647058823525,0.0,13.791293243183995,0.0,232.06311927497075,0.0,109.0,0.0,71.54089759268687,0.0,9.423890430752602,0.0,10.44030650891055,0.0,6.975297530656377,0.0,2243.126317491447,0.0,965.5218483320056,0.0,792.969525303686,0.0,2.6423801570956233,0.0,22.916301000233776,0.0,222.72020030787772,0.0,124.82352168946166,0.0,9.423890430739688,0.0,8.440785379016683,0.0,6.034923702412846,0.0
Fhlkx,234.18039215686272,0.0,13.6796331995855,0.0,270.5888470437053,0.0,148.0,0.0,101.91865836242246,0.0,10.852379449476588,0.0,12.165525060596439,0.0,8.50431556707871,0.0,876.3237268079496,0.0,257.97609097057915,0.0,190.8491985924732,0.0,2.717239601401917,0.0,22.01063744237189,0.0,755.2465335339981,0.0,270.804334701423,0.0,10.852379449495906,0.0,9.47035003733885,0.0,7.599980779685071,0.0
Fhrhn,231.3686274509804,0.0,13.575759771154274,0.0,243.77516447856868,0.0,126.0,0.0,82.08879601957796,0.0,9.860770867301234,0.0,11.224972160321824,0.0,7.430483513165505,0.0,860.0672457008486,0.0,178.45599902177904,0.0,116.45973478053837,0.0,2.2259572995553114,0.0,11.917997686214093,0.0,576.7645911214735,0.0,213.38117514438065,0.0,9.860770867302454,0.0,8.741520993336099,0.0,6.465525958751022,0.0
Fhrsm,238.43529411764706,0.0,13.62282669459961,0.0,255.63651059763032,0.0,134.0,0.0,88.48090077832026,0.0,10.232459895899924,0.0,11.575836902790225,0.0,7.773912021905814,0.0,941.5625024663658,0.0,259.4948196480407,0.0,174.37669933133574,0.0,3.19485413826751,0.0,12.601710022889154,0.0,340.7840948655352,0.0,207.5073350977092,0.0,10.232459895896042,0.0,8.839803964795934,0.0,6.790455190178363,0.0
Fiene,221.03529411764703,0.0,13.388983059168766,0.0,229.49883670389497,0.0,118.0,0.0,76.11379298242777,0.0,9.377073256189698,0.0,10.862780491200215,0.0,7.091540085429367,0.0,872.167534700805,0.0,161.44749799770685,0.0,100.77297952418715,0.0,2.604928549489873,0.0,8.841928280629904,0.0,267.1796934215634,0.0,137.47591329958738,0.0,9.377073256199612,0.0,8.805501606013785,0.0,6.250523958623662,0.0
Figur,219.45882352941175,0.0,13.202981034189136,0.0,250.69380448310486,0.0,130.0,0.0,85.5470995888378,0.0,10.05740144038565,0.0,11.40175425099138,0.0,7.632837961741985,0.0,928.1628094954079,0.0,216.21249272610342,0.0,150.08441715619063,0.0,3.340714856487576,0.0,11.436809088349431,0.0,292.0505027997044,0.0,196.68807569567002,0.0,10.057401440417204,0.0,8.946167373635062,0.0,6.695268064951708,0.0
Filet,199.51764705882354,0.0,12.763384166986404,0.0,240.89321757065812,0.0,108.0,0.0,71.61179737212302,0.0,9.658076147848357,0.0,10.392304845413264,0.0,6.991232063715908,0.0,870.5762234544231,0.0,169.28106623192497,0.0,108.67335669283194,0.0,2.581390972450622,0.0,9.008981442274504,0.0,318.6818002011956,0.0,215.09415256797425,0.0,9.658076147855681,0.0,8.09775143660107,0.0,6.05894872631374,0.0
Final,207.32156862745097,0.0,12.868166600155813,0.0,244.14234543604098,0.0,116.0,0.0,75.05159106186937,0.0,9.726278272610884,0.0,10.770329614269007,0.0,7.090250194012264,0.0,875.4496792131564,0.0,186.96552981321364,0.0,124.14775780203387,0.0,2.5817156520766407,0.0,10.066725562593582,0.0,264.2139632883125,0.0,141.24523537883968,0.0,9.72627827262738,0.0,7.993805455973305,0.0,6.057925225725742,0.0
Finne,219.03529411764703,0.0,13.311954024630039,0.0,227.9009484008389,0.0,114.0,0.0,72.1538056169735,0.0,9.251573035806056,0.0,10.677078252031311,0.0,6.833486991398411,0.0,870.238982847173,0.0,160.22686780151082,0.0,99.1040289312647,0.0,2.654766196244517,0.0,8.615404236430773,0.0,280.6898961498131,0.0,138.53755561636888,0.0,9.251573035813038,0.0,8.373150450949913,0.0,5.900579283584512,0.0
Finte,209.91764705882352,0.0,13.038261501280704,0.0,231.30952801332563,0.0,108.0,0.0,69.74740438375562,0.0,9.34244024376504,0.0,10.392304845413264,0.0,6.794817927054587,0.0,871.2595352027315,0.0,166.6664036055508,0.0,105.16662834621819,0.0,2.269036485623568,0.0,8.622864243380398,0.0,237.77140735278476,0.0,126.74270237275455,0.0,9.342440243772499,0.0,8.227928740138056,0.0,5.85194400752257,0.0
Firma,221.89019607843136,0.0,13.189777361116917,0.0,255.3750041170271,0.0,124.0,0.0,81.07974045187422,0.0,10.08580374306003,0.0,11.135528725660043,0.0,7.390997067552511,0.0,903.3983991104296,0.0,208.52986547541556,0.0,133.48990017962907,0.0,3.7776423627589972,0.0,10.006401832511564,0.0,252.79070674565963,0.0,140.6053203725975,0.0,10.085803743063858,0.0,8.424956314210846,0.0,6.377637935066071,0.0
First,199.58039215686273,0.0,12.631226448132665,0.0,234.9073288464504,0.0,102.0,0.0,65.55295872445124,0.0,9.35516781530084,0.0,10.099504938362077,0.0,6.588863753775957,0.0,868.8189080939138,0.0,167.5863403700952,0.0,104.83000179543393,0.0,2.3685886854000913,0.0,9.027832840364193,0.0,320.9192840139664,0.0,214.13945525729974,0.0,9.35516781531122,0.0,7.607773440380631,0.0,5.594265563310245,0.0
Fisir,197.56470588235294,0.0,12.631127829078652,0.0,241.5469916012674,0.0,106.0,0.0,68.45531447330461,0.0,9.576038410564257,0.0,10.295630140987,0.0,6.761972661179049,0.0,891.3364236183867,0.0,173.56120481267791,0.0,109.82937540059208,0.0,2.967630937797584,0.0,10.314408499637981,0.0,479.57757841221826,0.0,354.9422179605607,0.0,9.576038410603665,0.0,7.728861401724886,0.0,5.782886556342496,0.0
Fitis,197.00392156862745,0.0,12.592368755125142,0.0,235.2623234065764,0.0,92.0,0.0,60.298428780847715,0.0,9.336515173716037,0.0,9.591663046625438,0.0,6.389487020737864,0.0,889.7395694831475,0.0,170.73810493155946,0.0,108.98291896722594,0.0,2.820692594416238,0.0,9.372643202337013,0.0,478.79174103096267,0.0,333.9163652085807,0.0,9.33651517373471,0.0,7.307791471074694,0.0,5.410554990065177,0.0
Fjerd,227.8078431372549,0.0,13.488947160610056,0.0,266.1814088598401,0.0,141.0,0.0,98.45229298107789,0.0,10.732387581380111,0.0,11.874342087037917,0.0,8.454386169078603,0.0,40385.3901104658,0.0,2921.284447580027,0.0,2315.589327209602,0.0,3.7818402894533065,0.0,32.514696100241444,0.0,395.01235941192886,0.0,214.48523500895632,0.0,10.732387581388485,0.0,9.372117577236146,0.0,7.512631591910599,0.0
Fjqrf,226.9294117647059,0.0,13.540351928014527,0.0,282.84298985186865,0.0,155.0,0.0,108.42527368099965,0.0,11.223355259549942,0.0,12.449899597988733,0.0,8.927470197905851,0.0,42119.5678730085,0.0,5851.021723284011,0.0,4919.978899044067,0.0,3.3281588953652275,0.0,53.120796633838076,0.0,310.8899825172552,0.0,160.27180272076296,0.0,11.223355259565187,0.0,9.673402084180037,0.0,7.970961531534979,0.0
Fkckt,223.24705882352941,0.0,13.209586071017812,0.0,254.1180455329589,0.0,141.0,0.0,95.14094699700087,0.0,10.342240553944109,0.0,11.874342087037917,0.0,8.14030225826524,0.0,877.7604567985059,0.0,261.64383720153506,0.0,192.0508841667024,0.0,3.129265334396189,0.0,16.178993215313067,0.0,476.0563213479045,0.0,283.41842870860967,0.0,10.34224055394922,0.0,8.994195243524167,0.0,7.23943466785177,0.0
Fkhrt,222.46666666666667,0.0,13.311571052112239,0.0,256.5949580603274,0.0,135.0,0.0,90.98827659936364,0.0,10.346745453119498,0.0,11.61895003862225,0.0,7.964054456678801,0.0,878.317409622776,0.0,259.68931834576347,0.0,189.72442865008534,0.0,4.6503750425913895,0.0,16.16246412361443,0.0,402.19880325132755,0.0,240.5788290751988,0.0,10.346745453108513,0.0,8.874859946547826,0.0,6.996632048727169,0.0
Flash,224.5529411764706,0.0,13.2186050189373,0.0,236.81108870369025,0.0,109.0,0.0,71.10145891207937,0.0,9.532963216893169,0.0,10.44030650891055,0.0,6.9290589320720954,0.0,863.0906108122682,0.0,180.19278622913689,0.0,119.89006891733679,0.0,3.4828714627010924,0.0,11.297540993574327,0.0,603.8180742001485,0.0,213.16909251539127,0.0,9.532963216900681,0.0,8.140069516722301,0.0,5.923751543994513,0.0
Fldfl,218.8235294117647,0.0,13.344371440234571,0.0,272.6124142511209,0.0,142.0,0.0,96.73958662358048,0.0,10.796806683181995,0.0,11.916375287812984,0.0,8.29405945309481,0.0,949.0683518333929,0.0,303.9362453101287,0.0,215.1981544413072,0.0,3.506285617824734,0.0,14.218440616667458,0.0,233.94529862197498,0.0,152.43342744035496,0.0,10.796806683179883,0.0,9.263876095611087,0.0,7.271283382357458,0.0
Fleck,217.87058823529412,0.0,13.13301482643542,0.0,245.6321122638783,0.0,127.0,0.0,85.65879248298546,0.0,10.025594562747111,0.0,11.269427669584644,0.0,7.722779904913098,0.0,865.660887271996,0.0,200.01365103133463,0.0,137.59668042194895,0.0,2.861961416912617,0.0,11.381217630938092,0.0,1067.9625460590084,0.0,245.24631278799697,0.0,10.02559456269792,0.0,8.85634609696072,0.0,6.863055482949978,0.0
Flegs,234.1137254901961,0.0,13.585759896756542,0.0,239.4891761358264,0.0,117.0,0.0,79.28388150523891,0.0,9.78809124574737,0.0,10.816653826391969,0.0,7.458943551683579,0.0,955.0122068920809,0.0,217.8083823252233,0.0,154.2157724298238,0.0,3.8170174164452577,0.0,10.382118829906004,0.0,201.312620273708,0.0,116.20937180196965,0.0,9.788091245756542,0.0,8.787560206230733,0.0,6.5846661608466075,0.0
Flert,202.0941176470588,0.0,12.801722779104125,0.0,246.92936586998903,0.0,123.0,0.0,81.61266910178693,0.0,9.944712514558736,0.0,11.090536506409418,0.0,7.481024212331183,0.0,863.6945023943483,0.0,183.6268565024088,0.0,121.37220913967472,0.0,3.0734134746369177,0.0,9.874489115566941,0.0,371.35408482672943,0.0,238.57880844853412,0.0,9.944712514560818,0.0,8.627887595074696,0.0,6.534838015011607,0.0
Flfvd,222.08235294117645,0.0,13.375386393251645,0.0,271.8502401373612,0.0,141.0,0.0,97.43688018509117,0.0,10.821316750860525,0.0,11.874342087037917,0.0,8.355627577094499,0.0,1076.70885068474,0.0,374.40464141868847,0.0,271.64812427017455,0.0,4.740859257019696,0.0,20.414741984187284,0.0,364.68993825586966,0.0,235.79275448390086,0.0,10.821316750879019,0.0,9.40015030458664,0.0,7.400553066743995,0.0
Flich,204.521568627451,0.0,12.770922253679833,0.0,240.88289881834677,0.0,103.0,0.0,68.61079767718775,0.0,9.649610833926392,0.0,10.14889156509222,0.0,6.88353843277364,0.0,877.7062328705981,0.0,181.6874939801428,0.0,121.28700135895922,0.0,3.470109437592252,0.0,10.36914253443732,0.0,607.1500641289363,0.0,219.75350250062237,0.0,9.649610833931142,0.0,7.863042527235818,0.0,5.906503109617715,0.0
Flirt,188.96078431372553,0.0,12.434348007862047,0.0,251.0784772672679,0.0,111.0,0.0,73.76371914592704,0.0,9.937582451157827,0.0,10.535653752852738,0.0,7.1260895316521395,0.0,877.9750482485306,0.0,185.43467132043384,0.0,122.16197512780582,0.0,3.2632440021040576,0.0,9.963251411867702,0.0,374.8858364880129,0.0,244.20083384698958,0.0,9.937582451139686,0.0,7.9455181256064344,0.0,6.090648508673623,0.0
Fllms,220.31372549019608,0.0,13.173692517599257,0.0,257.5960838307518,0.0,122.0,0.0,82.14904363507793,0.0,10.247727731113498,0.0,11.045361017187261,0.0,7.570094314424227,0.0,893.4342608361744,0.0,216.590418089988,0.0,144.10701957204728,0.0,3.74867196963528,0.0,10.844289343326047,0.0,225.11911389774534,0.0,139.36518085641845,0.0,10.247727731121326,0.0,8.304249870019847,0.0,6.57440337984601,0.0
Flora,203.78823529411764,0.0,12.606854472869722,0.0,238.0244743030083,0.0,104.0,0.0,67.81693650060922,0.0,9.50816283027685,0.0,10.198039027185569,0.0,6.765425124078865,0.0,863.5101337653441,0.0,178.5867299241146,0.0,117.31987942089262,0.0,2.4625064674638577,0.0,10.246707754123015,0.0,297.3139524397615,0.0,156.63137521122331,0.0,9.508162830283258,0.0,7.6884393222693665,0.0,5.719352243997411,0.0
Flshb,235.52941176470586,0.0,13.554629524467256,0.0,245.43571040973205,0.0,125.0,0.0,82.84672460199849,0.0,9.937051970870229,0.0,11.180339887498949,0.0,7.544776016323957,0.0,918.5865957922767,0.0,393.8937781550314,0.0,264.0581702123472,0.0,4.784626030946303,0.0,18.01560557567579,0.0,575.5814149041305,0.0,373.7279939732764,0.0,9.937051970881411,0.0,8.868865677683402,0.0,6.59095179562201,0.0
Fluch,212.50980392156862,0.0,12.89621065022389,0.0,235.28807250285544,0.0,113.0,0.0,73.03519584895807,0.0,9.514836135327302,0.0,10.63014581273465,0.0,6.991725636747816,0.0,861.4559144143875,0.0,178.70900066953806,0.0,118.92727103588821,0.0,3.0734624524761953,0.0,10.761822754279914,0.0,605.4992924003325,0.0,214.0794704744897,0.0,9.514836135335281,0.0,8.063211387665788,0.0,6.042722640034909,0.0
Flude,228.8862745098039,0.0,13.470623055581905,0.0,240.09227753885543,0.0,124.0,0.0,80.72886210797162,0.0,9.737033606620585,0.0,11.135528725660043,0.0,7.365927985182343,0.0,912.3069174047172,0.0,184.8599860992896,0.0,122.80535992169878,0.0,4.283939471999027,0.0,10.55605229788903,0.0,233.94593447902648,0.0,136.15403931450982,0.0,9.737033606647508,0.0,8.783364069034263,0.0,6.414622145126317,0.0
Fluhu,217.35686274509806,0.0,13.090500354785487,0.0,241.46552901761078,0.0,129.0,0.0,82.58646942736927,0.0,9.758616549154366,0.0,11.357816691600547,0.0,7.388453295463596,0.0,859.1735929392366,0.0,177.08436841341924,0.0,115.75450993863929,0.0,2.735839431841931,0.0,13.638947552361936,0.0,562.4075518978005,0.0,167.78530999806813,0.0,9.758616549164591,0.0,8.494290359661651,0.0,6.4453012227697615,0.0
Fluid,215.75294117647059,0.0,13.121988788791285,0.0,251.63664828178366,0.0,122.0,0.0,80.48178114699044,0.0,10.03946767973997,0.0,11.045361017187261,0.0,7.421246477497496,0.0,1012.4733446240723,0.0,223.6581510696039,0.0,154.11037445863542,0.0,4.3674624799752255,0.0,12.392446778344326,0.0,530.0876954280523,0.0,362.4406375920045,0.0,10.039467679777024,0.0,8.38053964110445,0.0,6.414471398463216,0.0
Fluss,215.06274509803922,0.0,12.921302029443531,0.0,223.26954237567244,0.0,96.0,0.0,60.8280090061636,0.0,8.991679437559407,0.0,9.797958971132712,0.0,6.310128912776329,0.0,858.0178872605773,0.0,167.8171487723442,0.0,108.73088689641808,0.0,2.725795269950741,0.0,10.129819926703192,0.0,193.67405726213246,0.0,113.06057636443258,0.0,8.991679437569319,0.0,7.277291570070402,0.0,5.335759233170428,0.0
Flyer,214.81176470588235,0.0,13.171400168220078,0.0,265.85167205254754,0.0,148.0,0.0,100.35162669776767,0.0,10.678531175953346,0.0,12.165525060596439,0.0,8.399490608805538,0.0,31622.392155900732,0.0,604.3167171400273,0.0,412.9195500553948,0.0,2.8336767580829014,0.0,13.947002530340466,0.0,198.95594253470313,0.0,173.14967390666865,0.0,10.678531175969818,0.0,9.480424122287674,0.0,7.4891725875854975,0.0
Flöte,211.23529411764707,0.0,12.933230477955792,0.0,237.54033038797235,0.0,114.0,0.0,75.25488927224514,0.0,9.62307774528242,0.0,10.677078252031311,0.0,7.161345896153154,0.0,867.0839229001467,0.0,230.25528629271565,0.0,142.3707487449654,0.0,2.3374461825679163,0.0,19.51852453108043,0.0,215.96409672245812,0.0,153.3781549028504,0.0,9.623077745296207,0.0,8.540063767411528,0.0,6.252265865360993,0.0
Flöße,231.18823529411765,0.0,13.434245005569368,0.0,250.73299641211298,0.0,140.0,0.0,92.55627394286938,0.0,10.172646853979195,0.0,11.832159566199232,0.0,7.947480207606437,0.0,909.5753484548898,0.0,485.8600547973362,0.0,298.24901658179704,0.0,3.794124820911899,0.0,22.97902028869682,0.0,366.09514821431895,0.0,192.90722369228945,0.0,10.172646853982277,0.0,9.465600164894886,0.0,7.075420824402055,0.0
Fnlls,207.58823529411765,0.0,12.885019570604896,0.0,240.39537111278517,0.0,100.0,0.0,67.03279231560462,0.0,9.633446176235188,0.0,10.0,0.0,6.821097963457061,0.0,860.7025629591941,0.0,174.5525953127886,0.0,115.31553105952364,0.0,3.0626191249411905,0.0,11.681409748625963,0.0,312.19532927561187,0.0,310.51707519644907,0.0,9.633446176246885,0.0,7.479232108189965,0.0,5.834091243280311,0.0
Fnrmt,223.21960784313723,0.0,13.283150661769518,0.0,255.75410636235836,0.0,136.0,0.0,89.15198494653272,0.0,10.218923562060182,0.0,11.661903789690601,0.0,7.754809224683614,0.0,890.8731634261013,0.0,211.24593068181724,0.0,136.0261530640772,0.0,2.4446406100610485,0.0,12.353875135333102,0.0,326.0421366722135,0.0,220.94831909222873,0.0,10.218923562060294,0.0,8.775297088501388,0.0,6.745414435850277,0.0
Fnyfr,222.40392156862742,0.0,13.427075883527541,0.0,274.77029207938256,0.0,155.0,0.0,105.39484953281912,0.0,10.936979505928186,0.0,12.449899597988733,0.0,8.629096011221316,0.0,31622.973374950147,0.0,639.8341124854495,0.0,439.37306228082286,0.0,3.158814488969587,0.0,17.616869990777378,0.0,211.2334624867441,0.0,180.49159829771028,0.0,10.936979505926429,0.0,9.737274769842436,0.0,7.684685261148771,0.0
Folge,227.7843137254902,0.0,13.382571714077597,0.0,236.07357193187,0.0,111.0,0.0,74.75785407099639,0.0,9.627181019707802,0.0,10.535653752852738,0.0,7.2102932504844155,0.0,955.567616809736,0.0,211.5196144627855,0.0,148.7283703276229,0.0,3.7246089454193174,0.0,9.741502680499705,0.0,194.03221429334363,0.0,103.14102887999692,0.0,9.627181019708106,0.0,8.591030372436068,0.0,6.314527636395205,0.0
Folie,202.5254901960784,0.0,12.746716036060425,0.0,232.61880009610877,0.0,97.0,0.0,63.88293472421339,0.0,9.342578187045872,0.0,9.848857801796104,0.0,6.583647010211555,0.0,882.5770379528424,0.0,165.8113597730983,0.0,106.37401838676267,0.0,2.749387796627148,0.0,8.962204306765383,0.0,458.9015008829777,0.0,326.69337918652997,0.0,9.342578187057837,0.0,7.701959339321276,0.0,5.661007655565947,0.0
Folve,206.5176470588235,0.0,12.783956448754827,0.0,239.353251640736,0.0,114.0,0.0,76.15438092075615,0.0,9.712276297490284,0.0,10.677078252031311,0.0,7.232088340153171,0.0,914.1118026543983,0.0,200.33444952847728,0.0,139.37884211283924,0.0,2.66686916432924,0.0,15.812471290050153,0.0,251.93048358825993,0.0,172.47330540546363,0.0,9.712276297484584,0.0,8.245673650585328,0.0,6.341152460164778,0.0
Fongt,227.06666666666666,0.0,13.301011573605955,0.0,232.97595602746068,0.0,116.0,0.0,76.24003774165598,0.0,9.516279568345206,0.0,10.770329614269007,0.0,7.186215819408277,0.0,951.108405309348,0.0,209.6334092226463,0.0,145.90847012956888,0.0,3.024722159307732,0.0,9.605756795152873,0.0,315.57237313690536,0.0,205.98650046663226,0.0,9.516279568374387,0.0,8.426083126340469,0.0,6.229180737130651,0.0
Forst,204.60392156862744,0.0,12.61448244056679,0.0,224.09356637051044,0.0,96.0,0.0,61.114103446693406,0.0,9.00919909268626,0.0,9.797958971132712,0.0,6.322631358584744,0.0,856.934402489559,0.0,163.2526927332625,0.0,101.95853284944245,0.0,2.335959774434559,0.0,8.951441261825197,0.0,297.70944556915947,0.0,203.72054325344726,0.0,9.009199092706773,0.0,7.372358831995338,0.0,5.3392256680238805,0.0
Forum,223.08235294117645,0.0,13.11557590847599,0.0,249.42211369471397,0.0,131.0,0.0,85.15636924190025,0.0,10.001848537751266,0.0,11.445523142259598,0.0,7.550609091077159,0.0,938.8636244347668,0.0,252.14745122907757,0.0,167.32908750840758,0.0,4.003245148965161,0.0,11.575942236919259,0.0,276.54357631509197,0.0,177.0887023343156,0.0,10.001848537748836,0.0,8.606042652514283,0.0,6.587715427972507,0.0
Fotos,207.05098039215687,0.0,12.558754802279383,0.0,212.9390021408527,0.0,79.0,0.0,50.76390164492064,0.0,8.599437782519777,0.0,8.888194417315589,0.0,5.78732248720401,0.0,855.8846873826666,0.0,160.8654083260462,0.0,102.15196307033176,0.0,2.2954891907541493,0.0,9.730558133148843,0.0,208.1732336607305,0.0,104.6944339245169,0.0,8.599437782514007,0.0,6.846951685900898,0.0,4.829735002690794,0.0
Fotto,197.71372549019605,0.0,12.355884492176434,0.0,225.0021759495479,0.0,92.0,0.0,60.284348281512905,0.0,9.07926319714234,0.0,9.591663046625438,0.0,6.373357604983776,0.0,857.3662302042457,0.0,170.62821604205465,0.0,110.24170354612372,0.0,2.853002093857617,0.0,9.801393506433433,0.0,276.525960950613,0.0,138.9711018557365,0.0,9.079263197133633,0.0,7.433705748697339,0.0,5.407480841413439,0.0
Fouls,208.73333333333335,0.0,12.70749384600335,0.0,223.6822006787015,0.0,94.0,0.0,59.99592211936415,0.0,9.012678191477647,0.0,9.695359714832659,0.0,6.285320565549281,0.0,857.7367300738085,0.0,163.73367293137426,0.0,105.0600152771779,0.0,2.257447623798547,0.0,9.608842421211529,0.0,307.67663663093117,0.0,308.39372008208437,0.0,9.012678191475624,0.0,7.113415348420259,0.0,5.33967202405051,0.0
Foval,205.20392156862744,0.0,12.605690054926036,0.0,246.04102231833144,0.0,125.0,0.0,81.94425600613417,0.0,9.88038512176908,0.0,11.180339887498949,0.0,7.454997665431081,0.0,881.9731083426509,0.0,212.47387795334942,0.0,147.67561506336332,0.0,2.578717654104772,0.0,13.55768017010128,0.0,218.03286285959413,0.0,128.65894475970325,0.0,9.880385121774552,0.0,8.26684159009052,0.0,6.514959149223911,0.0
Foyer,219.10196078431372,0.0,13.150703680977788,0.0,250.8067594819834,0.0,136.0,0.0,91.20073998482798,0.0,10.18993925579887,0.0,11.661903789690601,0.0,7.950702032003059,0.0,31622.302797483524,0.0,600.2851750242702,0.0,409.2768932886369,0.0,2.709747223732375,0.0,13.56268694192674,0.0,195.65230057198713,0.0,163.13380164540376,0.0,10.189939255796688,0.0,9.137835953532019,0.0,7.075123558566086,0.0
Fpnds,256.2392156862745,0.0,14.087530513024692,0.0,242.02139881699554,0.0,123.0,0.0,82.35456045009205,0.0,9.875123305585344,0.0,11.090536506409418,0.0,7.555808618718299,0.0,12747.97699196954,0.0,563.7433934786603,0.0,369.1374787677142,0.0,2.2900493934517514,0.0,14.189042919292048,0.0,236.64391750202407,0.0,124.86536421997945,0.0,9.87512330559609,0.0,9.045218174494808,0.0,6.624889826010247,0.0
Frage,236.42352941176472,0.0,13.60584378147004,0.0,240.79426424018573,0.0,123.0,0.0,80.96664722890391,0.0,9.746186000774426,0.0,11.090536506409418,0.0,7.411162922342102,0.0,957.5610915334597,0.0,218.29175394695872,0.0,150.56951965767948,0.0,3.8462020247381568,0.0,9.724608935524712,0.0,251.66540982857364,0.0,110.20828596528305,0.0,9.74618600078994,0.0,9.126212138614502,0.0,6.506580420018314,0.0
Franc,212.30588235294115,0.0,12.830223113577382,0.0,230.61642058999035,0.0,109.0,0.0,68.85130327499309,0.0,9.249914870715358,0.0,10.44030650891055,0.0,6.6775609672207805,0.0,860.7955860342473,0.0,173.306372483621,0.0,107.4174191474274,0.0,2.254057779764319,0.0,18.654601439080384,0.0,290.9471474229541,0.0,130.4550998527267,0.0,9.249914870736365,0.0,8.120856027797329,0.0,5.741541223555991,0.0
Frdkv,230.82745098039214,0.0,13.49768089212329,0.0,269.0166236066234,0.0,161.0,0.0,107.59772200219786,0.0,10.805326823010388,0.0,12.68857754044952,0.0,8.615357550200484,0.0,1172.1842734790691,0.0,232.14321398592412,0.0,157.05227087227732,0.0,3.3690649655325475,0.0,32.30336318463167,0.0,447.6991080838458,0.0,221.22557061050912,0.0,10.805326823033122,0.0,9.707753814102562,0.0,7.685649244306505,0.0
Fregt,226.61960784313726,0.0,13.430431912103062,0.0,248.28773612157255,0.0,134.0,0.0,89.6915907379063,0.0,10.085021000128005,0.0,11.575836902790225,0.0,7.870645335478648,0.0,955.2555342778164,0.0,221.09371567571648,0.0,153.29528446287867,0.0,3.2102229745977042,0.0,10.116018845479953,0.0,345.2722428482859,0.0,210.07071523654565,0.0,10.085021000156003,0.0,9.295150884037838,0.0,6.983827305216137,0.0
Frfhb,236.34509803921566,0.0,13.729840207035428,0.0,261.1429377478659,0.0,138.0,0.0,92.83882099170393,0.0,10.442691553291738,0.0,11.74734012447073,0.0,8.050310296112903,0.0,959.2268096461839,0.0,482.1767594008226,0.0,332.4529135973065,0.0,4.6346029598659015,0.0,19.988397694259017,0.0,598.5789544368281,0.0,374.1772105217591,0.0,10.442691553302339,0.0,9.63031736898922,0.0,7.144955972247095,0.0
Frimm,233.9294117647059,0.0,13.563260867769463,0.0,281.96889957965965,0.0,158.0,0.0,105.60381088136768,0.0,11.038069184018923,0.0,12.569805089976535,0.0,8.534669403551622,0.0,984.9586670503865,0.0,289.44008167343196,0.0,192.28596674503905,0.0,5.537207141014289,0.0,12.002452463212068,0.0,294.2335532174666,0.0,179.4342109139792,0.0,11.038069184022042,0.0,9.474427339453882,0.0,7.517973069615862,0.0
Frinz,207.14117647058822,0.0,13.019543467830454,0.0,244.0733440780976,0.0,115.0,0.0,74.02932348486712,0.0,9.680811573034616,0.0,10.723805294763608,0.0,7.003332807647949,0.0,883.7777577624139,0.0,232.17002148871694,0.0,157.47819550146326,0.0,2.486025859197034,0.0,14.823577901395891,0.0,295.08937443221186,0.0,135.67430597245686,0.0,9.680811573066308,0.0,8.28038905274104,0.0,6.036348251409768,0.0
Frost,204.60392156862744,0.0,12.61448244056679,0.0,228.77820594849544,0.0,104.0,0.0,66.49877866057645,0.0,9.203540739195708,0.0,10.198039027185569,0.0,6.611949144350601,0.0,858.2392433616393,0.0,171.22153590499565,0.0,107.29555149614858,0.0,2.211725971569878,0.0,9.518897409995649,0.0,344.69047586195495,0.0,207.79389721465233,0.0,9.203540739219951,0.0,7.647717182321785,0.0,5.6219003892361785,0.0
Frqck,231.90588235294118,0.0,13.45676774829117,0.0,255.3777831771564,0.0,139.0,0.0,93.42562410066606,0.0,10.34964525622749,0.0,11.789826122551595,0.0,8.08117837682889,0.0,11995.583296435876,0.0,5057.779850612047,0.0,4332.778632260277,0.0,3.130581740381206,0.0,42.30365324060753,0.0,1081.9585886773125,0.0,245.43552727800864,0.0,10.349645256183832,0.0,9.19051508733613,0.0,7.178401155545899,0.0
Frsst,210.93333333333334,0.0,12.829840744656828,0.0,228.50899455472666,0.0,104.0,0.0,66.26795360853984,0.0,9.182911312249116,0.0,10.198039027185569,0.0,6.588034499559442,0.0,858.3591687860437,0.0,171.65376420831967,0.0,107.49133634994952,0.0,2.2926516424742616,0.0,9.861358990432496,0.0,339.1614455814759,0.0,207.6100924433217,0.0,9.182911312272129,0.0,7.687985832596664,0.0,5.6057766496767965,0.0
Frzhq,238.3450980392157,0.0,13.806336687122522,0.0,254.2794707529166,0.0,131.0,0.0,87.39142659679874,0.0,10.222195316956293,0.0,11.445523142259598,0.0,7.790887473135516,0.0,35798.20514434775,0.0,14723.17552009724,0.0,12698.187122584777,0.0,5.351462183262098,0.0,72.03456642142784,0.0,501.34445571546735,0.0,240.12177835831278,0.0,10.222195316966785,0.0,9.155955176069643,0.0,6.805675661132105,0.0
Fröhö,226.65882352941173,0.0,13.21047433155186,0.0,241.83024407890662,0.0,121.0,0.0,79.24114758391315,0.0,9.76513336698789,0.0,11.0,0.0,7.321343887991775,0.0,871.301491115051,0.0,241.69428764525443,0.0,154.16178812722958,0.0,2.8212090534587957,0.0,110.74165202881903,0.0,991.1953641232664,0.0,784.3543009476539,0.0,9.765119256670433,0.0,8.713182983701076,0.0,6.4212871382392995,0.0
Fröss,220.63529411764708,0.0,12.998722913641206,0.0,223.78600049134297,0.0,96.0,0.0,61.42870579596287,0.0,9.018359999570682,0.0,9.797958971132712,0.0,6.363722413414381,0.0,861.8109543769435,0.0,222.8913481480597,0.0,132.48827454484106,0.0,2.2546560510843965,0.0,19.83322121354571,0.0,270.73593133316814,0.0,140.78607017185985,0.0,9.018359999584918,0.0,7.591467583827815,0.0,5.430546161306854,0.0
Frühe,231.04313725490198,0.0,13.53319299249396,0.0,240.47352387740173,0.0,133.0,0.0,85.16897571089567,0.0,9.744096279092188,0.0,11.532562594670797,0.0,7.490239782590404,0.0,865.0062838098346,0.0,198.82025264306532,0.0,131.24625329349956,0.0,2.954027649326395,0.0,17.355343063187934,0.0,383.2531191611647,0.0,183.99436674180782,0.0,9.7440962791016,0.0,9.158723583138867,0.0,6.6211421740832845,0.0
Fsgsn,242.73333333333335,0.0,13.69127443924989,0.0,227.8769584220848,0.0,110.0,0.0,71.43095031761821,0.0,9.303870684565291,0.0,10.488088481701515,0.0,6.921398179870822,0.0,914.7930899073294,0.0,205.85548558922858,0.0,143.45742426533138,0.0,2.619706087645834,0.0,14.323647786943994,0.0,404.02728952299276,0.0,97.01086846623515,0.0,9.30387068457315,0.0,8.361276132910884,0.0,5.9903893701970015,0.0
Fshcg,240.4,0.0,13.588442971561824,0.0,229.9994854392251,0.0,107.0,0.0,70.80179367354796,0.0,9.398301110579292,0.0,10.344080432788601,0.0,6.967395718665327,0.0,1149.3670630662484,0.0,272.1200758988537,0.0,199.87580603700692,0.0,3.104594652935249,0.0,16.588798089340436,0.0,294.3002619247649,0.0,105.805222777846,0.0,9.398301110572111,0.0,8.313818690986706,0.0,6.064605727149712,0.0
Fslbt,220.53333333333336,0.0,13.131307989664075,0.0,240.68855304754436,0.0,113.0,0.0,74.51633204018245,0.0,9.686874993935467,0.0,10.63014581273465,0.0,7.126571188430987,0.0,867.4995693505855,0.0,211.08723699831026,0.0,138.9560457334761,0.0,2.696339889160883,0.0,14.522222171091135,0.0,324.1740334144808,0.0,225.79570281435926,0.0,9.686874993930749,0.0,8.335348272588986,0.0,6.174223787758357,0.0
Ftgtn,224.05882352941174,0.0,13.316985941695618,0.0,248.7659623177372,0.0,130.0,0.0,87.0574348092536,0.0,10.066609792915859,0.0,11.40175425099138,0.0,7.763244368672497,0.0,919.9301657183338,0.0,235.63439180572556,0.0,168.5330025032559,0.0,2.7696778025381197,0.0,13.03461989785595,0.0,414.8252035744196,0.0,112.72988074626602,0.0,10.066609792929302,0.0,9.02494055631188,0.0,6.830554233492813,0.0
Ftlkk,220.8392156862745,0.0,13.283387421579347,0.0,270.1995151358077,0.0,148.0,0.0,101.86455173009604,0.0,10.847830066235323,0.0,12.165525060596439,0.0,8.509207779692995,0.0,869.8248907619611,0.0,231.75152655391258,0.0,165.13388616294972,0.0,4.03910748239424,0.0,14.126627605503833,0.0,1128.0913410421738,0.0,309.90630737890876,0.0,10.847830066170635,0.0,9.271318275637974,0.0,7.596155646602137,0.0
Fugen,241.14901960784312,0.0,13.777663863303557,0.0,234.60104154011842,0.0,128.0,0.0,83.46014988674807,0.0,9.642528772554257,0.0,11.313708498984761,0.0,7.4823350208604005,0.0,915.5436529213765,0.0,206.86304584076683,0.0,143.56096707202187,0.0,2.810722642244452,0.0,9.540126166719887,0.0,409.05614840873744,0.0,99.14873755809654,0.0,9.642528772558393,0.0,9.165674571894927,0.0,6.619336986428091,0.0
Fuhre,224.3450980392157,0.0,13.351950094226819,0.0,233.5569383363973,0.0,117.0,0.0,75.14841352760303,0.0,9.480265046780554,0.0,10.816653826391969,0.0,7.046560040795996,0.0,862.1144973351096,0.0,170.9842696005116,0.0,108.9944282068931,0.0,2.1517394071403912,0.0,10.019404048452438,0.0,312.29209206443477,0.0,156.81866653344483,0.0,9.480265046776594,0.0,8.600155527383452,0.0,6.114054520828004,0.0
Funde,239.28627450980392,0.0,13.731350009641227,0.0,230.0995747989402,0.0,121.0,0.0,77.42307073455845,0.0,9.414782017829182,0.0,11.0,0.0,7.128209824489156,0.0,909.454317564801,0.0,173.83796946801849,0.0,111.39054730555259,0.0,3.2830490956660436,0.0,9.449236973980199,0.0,239.76003574731445,0.0,125.30085648740643,0.0,9.414782017844239,0.0,8.817292174038037,0.0,6.189600066151167,0.0
Funke,233.11764705882354,0.0,13.587395497915072,0.0,234.83700086120027,0.0,130.0,0.0,83.8746485679498,0.0,9.646719067619284,0.0,11.40175425099138,0.0,7.44883676685704,0.0,861.3210368527593,0.0,174.55508681736262,0.0,113.2170849935111,0.0,2.431489038035229,0.0,9.582138094038173,0.0,411.7924362934701,0.0,217.69229487184637,0.0,9.646719067622623,0.0,8.970892637750266,0.0,6.578800842076424,0.0
Furie,207.33333333333331,0.0,12.921894131399577,0.0,233.87295316309135,0.0,109.0,0.0,69.47340482110533,0.0,9.375830771593833,0.0,10.44030650891055,0.0,6.747639707282447,0.0,881.864973205202,0.0,166.59985192224056,0.0,103.82919747179011,0.0,2.5794741807488015,0.0,8.889693816533711,0.0,456.5205906804156,0.0,327.2311797749406,0.0,9.375830771604717,0.0,8.15148402878665,0.0,5.849018347234336,0.0
Futul,202.36078431372547,0.0,12.65165868621562,0.0,244.49753059422954,0.0,125.0,0.0,80.93512106756579,0.0,9.826816769994297,0.0,11.180339887498949,0.0,7.3641888178451955,0.0,862.7923045551404,0.0,191.40836806319692,0.0,128.7022368928597,0.0,3.212949616551815,0.0,11.553045308553772,0.0,286.4058847400464,0.0,158.52848901955315,0.0,9.826816770009374,0.0,8.345129569101816,0.0,6.387172476364359,0.0
Fvhrg,232.47450980392153,0.0,13.540786920229916,0.0,261.4411389449079,0.0,146.0,0.0,98.92415627961228,0.0,10.567202458254318,0.0,12.083045973594572,0.0,8.335165857988725,0.0,1197.5290445185612,0.0,347.56291595832795,0.0,258.22431188737784,0.0,3.823308916129364,0.0,24.726562088647004,0.0,415.3830857985722,0.0,160.2909131350672,0.0,10.56720245825196,0.0,9.447292814630213,0.0,7.417069155386882,0.0
Fxkns,238.92156862745097,0.0,13.710665944093552,0.0,249.41193640611914,0.0,135.0,0.0,90.54035036567277,0.0,10.149860107770294,0.0,11.61895003862225,0.0,7.907179957228685,0.0,888.7678406658808,0.0,323.89571607203743,0.0,241.37196637380657,0.0,2.0780091614627647,0.0,32.09289703169763,0.0,275.96462416470627,0.0,136.3284328131279,0.0,10.149860107774115,0.0,8.918051939266615,0.0,7.028250261034042,0.0
Fzchs,224.93725490196078,0.0,13.260355647975794,0.0,224.25799202511763,0.0,100.0,0.0,63.83920137792134,0.0,9.043511403532888,0.0,10.0,0.0,6.4756108569714455,0.0,879.1543109271871,0.0,357.5141731977449,0.0,223.13420154145948,0.0,2.020673583456364,0.0,22.03009246278517,0.0,340.87188444806344,0.0,156.5873542488229,0.0,9.043511403531728,0.0,7.931824862301913,0.0,5.5322353124506565,0.0
Fzhld,234.57254901960783,0.0,13.714070319247348,0.0,255.28243015228986,0.0,124.0,0.0,83.63035665594904,0.0,10.214069292001138,0.0,11.135528725660043,0.0,7.638801880168475,0.0,1013.9913955964777,0.0,388.75452758905413,0.0,250.94999735811777,0.0,3.1409690026577284,0.0,23.481042682180917,0.0,415.0406352977018,0.0,346.1685371672398,0.0,10.214069292022184,0.0,8.891171431252584,0.0,6.634250703371994,0.0
Fählt,221.90980392156865,0.0,13.221272456430452,0.0,243.98763920272756,0.0,114.0,0.0,75.51551889377558,0.0,9.78949575632582,0.0,10.677078252031311,0.0,7.189185711397875,0.0,860.8638179198653,0.0,181.30637517801915,0.0,120.3201360660958,0.0,4.68960899477111,0.0,11.7313561313482,0.0,399.0721997654241,0.0,362.33234212939834,0.0,9.789495756327177,0.0,8.222251248420958,0.0,6.235603841412507,0.0
Fälle,216.74901960784314,0.0,13.148896802406592,0.0,242.275121553509,0.0,107.0,0.0,71.58961672511514,0.0,9.713530570497866,0.0,10.344080432788601,0.0,7.03390285261343,0.0,865.076085681616,0.0,179.9446940103723,0.0,120.14453160573505,0.0,3.11578790311448,0.0,11.135599137750287,0.0,295.472636275147,0.0,311.7732020473831,0.0,9.71353057050005,0.0,8.217308055834483,0.0,6.133192143178973,0.0
Föhne,236.6313725490196,0.0,13.625618158592578,0.0,226.90659723065755,0.0,117.0,0.0,75.11661712736834,0.0,9.309846562274913,0.0,10.816653826391969,0.0,7.033229940697482,0.0,862.8206325137724,0.0,213.98183058907134,0.0,125.94578602840274,0.0,1.9723052461275434,0.0,13.81582395391305,0.0,274.96257306037273,0.0,141.5564285552863,0.0,9.309846562272378,0.0,8.736490943023666,0.0,6.155632617392111,0.0
Föten,221.63529411764708,0.0,13.204572623815736,0.0,228.06340004265428,0.0,111.0,0.0,72.19399319138356,0.0,9.323888505947044,0.0,10.535653752852738,0.0,6.934680313566469,0.0,860.8789395812784,0.0,217.26550160120746,0.0,128.9905858181737,0.0,1.9847911276789172,0.0,13.202444782243836,0.0,417.8169388658794,0.0,114.37614381756467,0.0,9.323888505949453,0.0,8.5357359703741,0.0,6.047853900602681,0.0
Fötus,216.7098039215686,0.0,12.889841736511379,0.0,223.79822360446255,0.0,98.0,0.0,63.071918372195356,0.0,9.061279192994515,0.0,9.899494936611665,0.0,6.45651233537986,0.0,859.8160507503146,0.0,216.14056246419307,0.0,128.04601197578756,0.0,2.200340183772761,0.0,14.443066444132304,0.0,269.33258304638827,0.0,150.91132690459725,0.0,9.06127919299499,0.0,7.786707423913328,0.0,5.538133540014972,0.0
Fülle,212.92156862745097,0.0,13.08098161336689,0.0,246.93859232802356,0.0,119.0,0.0,78.93254907360202,0.0,9.92283236844262,0.0,10.908712114635714,0.0,7.357102980363095,0.0,864.9353035564081,0.0,181.52690837020813,0.0,120.35698501134985,0.0,2.919476623569582,0.0,11.343892964304768,0.0,305.6309500589333,0.0,317.55714647782145,0.0,9.922832368455357,0.0,8.584491414965965,0.0,6.462541012534897,0.0
Fürst,214.26666666666665,0.0,12.947448272257493,0.0,234.27493473501232,0.0,113.0,0.0,72.0013193381445,0.0,9.412927681805039,0.0,10.63014581273465,0.0,6.87194748115392,0.0,858.2743172846693,0.0,173.87363714334214,0.0,110.16637623492366,0.0,3.039592591815545,0.0,11.508902537939232,0.0,300.2450725949652,0.0,217.0426486471229,0.0,9.412927681812272,0.0,8.146180675819545,0.0,5.935782639535666,0.0
Gaban,240.90196078431376,0.0,13.385303560371966,0.0,225.64335430991784,0.0,107.0,0.0,68.27980362460268,0.0,9.132359156567134,0.0,10.344080432788601,0.0,6.683862394018269,0.0,908.2242661048786,0.0,131.9377415453615,0.0,87.48615208652332,0.0,2.3222042844106547,0.0,9.973850351964892,0.0,401.7604443069013,0.0,152.27805547736838,0.0,9.132359156523451,0.0,7.956977291953341,0.0,5.682103483779174,0.0
Gabel,231.81568627450977,0.0,13.289100215755994,0.0,235.54223960822006,0.0,116.0,0.0,76.69467756261281,0.0,9.584692454296192,0.0,10.770329614269007,0.0,7.235665823905411,0.0,912.5114161641416,0.0,157.58469537765274,0.0,112.41387946929916,0.0,3.4451948258389353,0.0,10.126759477330545,0.0,194.15409142730942,0.0,163.28787088567145,0.0,9.58469245425441,0.0,8.28711045928641,0.0,6.2845654555677,0.0
Gaben,242.21568627450984,0.0,13.553319598021192,0.0,222.92708787218447,0.0,109.0,0.0,70.51815244065386,0.0,9.142769520142165,0.0,10.44030650891055,0.0,6.830268278179786,0.0,906.6641972436728,0.0,128.23016342061095,0.0,85.77501764671395,0.0,2.3613923447284155,0.0,9.240717546625193,0.0,401.71823022345285,0.0,148.3137672196111,0.0,9.142769520093267,0.0,8.266553815110637,0.0,5.902789263027477,0.0
Gagen,244.67843137254903,0.0,13.65889783972625,0.0,226.00212087588574,0.0,111.0,0.0,73.23224670840365,0.0,9.297806216872814,0.0,10.535653752852738,0.0,7.04623278226521,0.0,956.8332581110718,0.0,153.02609213807523,0.0,116.05514409208963,0.0,2.7721822444584543,0.0,8.901689744805058,0.0,387.3372822163413,0.0,134.20189675209986,0.0,9.297806216823483,0.0,8.417090694465436,0.0,6.161521755188822,0.0
Gamma,254.6901960784314,0.0,13.699786576773192,0.0,254.9292902786884,0.0,131.0,0.0,86.64647380086535,0.0,10.169354324235282,0.0,11.445523142259598,0.0,7.669142926862713,0.0,956.1903232761545,0.0,184.95227058185418,0.0,122.72101236635206,0.0,2.9969402342448483,0.0,9.88907918251913,0.0,166.7803120257763,0.0,154.770028871129,0.0,10.169354324181546,0.0,8.490792952663787,0.0,6.615777586604033,0.0
Garbe,233.65882352941173,0.0,13.321345822306892,0.0,226.0836833480456,0.0,105.0,0.0,68.08115886861411,0.0,9.177872587526265,0.0,10.246950765959598,0.0,6.732716962925942,0.0,912.58429123633,0.0,153.68068951903072,0.0,103.44218056455901,0.0,2.3810262220129936,0.0,9.999394488537725,0.0,197.7291106222401,0.0,164.55321486515817,0.0,9.177872587482277,0.0,8.177852792156603,0.0,5.826016667928477,0.0
Garde,234.25882352941176,0.0,13.381226556058296,0.0,227.39218331969877,0.0,103.0,0.0,67.1005539762372,0.0,9.2166608795411,0.0,10.14889156509222,0.0,6.704033907725407,0.0,952.160650454709,0.0,111.45058335863447,0.0,77.19295830446147,0.0,2.9155758356033097,0.0,9.065272027080008,0.0,182.39928734548855,0.0,154.495183363387,0.0,9.216660879511677,0.0,8.004764855320413,0.0,5.750793545821119,0.0
Garta,211.56470588235294,0.0,12.617178259645799,0.0,225.56762046688362,0.0,90.0,0.0,57.90995294441613,0.0,8.993486757238637,0.0,9.486832980505138,0.0,6.18908353074989,0.0,903.9026063188429,0.0,98.55358353423537,0.0,66.39907606070953,0.0,2.52627877328576,0.0,8.638208106449351,0.0,127.12096175167163,0.0,141.5664723992091,0.0,8.993486757175468,0.0,7.005011501209425,0.0,5.176304697697136,0.0
Gasse,230.9921568627451,0.0,13.147263965880615,0.0,204.65642188583882,0.0,81.0,0.0,50.75138480560858,0.0,8.300248308464473,0.0,9.0,0.0,5.693726556070616,0.0,902.5504860330487,0.0,70.89158914757395,0.0,46.270057576308446,0.0,1.585696516711515,0.0,8.802180081631093,0.0,117.02850861072646,0.0,133.05951333754578,0.0,8.300248308407468,0.0,6.957647233588598,0.0,4.741028167496451,0.0
Gbstd,242.8941176470588,0.0,13.52264337660397,0.0,241.7999735430443,0.0,119.0,0.0,80.37715657927772,0.0,9.851754529487561,0.0,10.908712114635714,0.0,7.479759771780701,0.0,1056.2905427043295,0.0,312.99857241954345,0.0,216.93621636228153,0.0,2.993342940021152,0.0,18.023730480986547,0.0,310.39385681077835,0.0,213.74058777409894,0.0,9.851754529438535,0.0,8.655703994745277,0.0,6.490966277611731,0.0
Gdnrm,244.29803921568626,0.0,13.674512615484677,0.0,259.82010620577546,0.0,145.0,0.0,96.27074022779968,0.0,10.446033430958002,0.0,12.041594578792296,0.0,8.130353316570126,0.0,1265.2562188271586,0.0,373.85705555468144,0.0,270.9132869519396,0.0,2.7585194716125185,0.0,17.17740651724287,0.0,297.1847732016381,0.0,212.46073727978862,0.0,10.446033430907699,0.0,9.039479058829535,0.0,7.084646610990491,0.0
Gdrkl,227.26666666666668,0.0,13.288000790692946,0.0,262.5074368340203,0.0,142.0,0.0,96.08820208794002,0.0,10.560878619011348,0.0,11.916375287812984,0.0,8.216832447018106,0.0,1210.5317766755252,0.0,338.8793870147879,0.0,251.4743577664485,0.0,3.56178469565711,0.0,16.743292646936986,0.0,412.28011574943525,0.0,251.2837792271708,0.0,10.56087861898757,0.0,8.857234819899164,0.0,7.235150412643773,0.0
Gebet,234.41176470588238,0.0,13.453874381412177,0.0,227.92873792226382,0.0,121.0,0.0,78.98692054544533,0.0,9.3869900870372,0.0,11.0,0.0,7.260104727405619,0.0,917.6737987345699,0.0,133.1877407610912,0.0,89.72130813557912,0.0,3.2580731811297308,0.0,9.710821931316115,0.0,283.00968679238656,0.0,232.42165827794565,0.0,9.386990087024936,0.0,8.91238668467811,0.0,6.388262142063415,0.0
Gefte,221.94117647058823,0.0,13.275718078644651,0.0,233.49366085963396,0.0,113.0,0.0,75.34609800411974,0.0,9.51470779924986,0.0,10.63014581273465,0.0,7.190478239096691,0.0,955.4216674994685,0.0,292.9251770338462,0.0,213.83087994776406,0.0,2.249419619430363,0.0,12.155548839372697,0.0,132.44377549589453,0.0,146.93768816981745,0.0,9.514707799199694,0.0,8.877443593011815,0.0,6.369835570121359,0.0
Gehör,227.77254901960782,0.0,13.214974089148077,0.0,231.92213502225786,0.0,116.0,0.0,75.60302122225734,0.0,9.461526022024394,0.0,10.770329614269007,0.0,7.123731602224366,0.0,918.2180908616502,0.0,185.50951514567856,0.0,114.8907291743754,0.0,2.7667342428896853,0.0,33.30590416109769,0.0,246.6164098360978,0.0,258.86557432131076,0.0,9.461526021983648,0.0,8.511433467267583,0.0,6.244803472703317,0.0
Gelee,223.4666666666667,0.0,13.291198707833646,0.0,222.70189329208057,0.0,106.0,0.0,69.81377165488246,0.0,9.160681808327883,0.0,10.295630140987,0.0,6.854188467083466,0.0,915.8363504346578,0.0,88.15946453590952,0.0,62.49869028977304,0.0,2.107002500061572,0.0,8.492893679949605,0.0,125.65982820935717,0.0,136.1493412285634,0.0,9.160681808276266,0.0,8.489847627362957,0.0,6.038704767718217,0.0
Gemüt,237.02745098039213,0.0,13.44691529495277,0.0,247.96206774600205,0.0,139.0,0.0,91.25248843858091,0.0,10.05008084265428,0.0,11.789826122551595,0.0,7.8312207573142825,0.0,939.4336596861546,0.0,192.92913123145203,0.0,136.93259083118582,0.0,2.982472879640786,0.0,27.260922007688567,0.0,266.95716426313004,0.0,272.33235256749816,0.0,10.05008084262042,0.0,9.170993356575703,0.0,6.901674092568617,0.0
Gengs,244.2117647058824,0.0,13.670312620262823,0.0,222.21295688866047,0.0,108.0,0.0,70.99146790204423,0.0,9.164929922214021,0.0,10.392304845413264,0.0,6.926952980801001,0.0,999.885877435537,0.0,155.4054941659654,0.0,117.56107989441307,0.0,2.680024360177955,0.0,9.245001367519635,0.0,172.75798677405717,0.0,138.35263498111377,0.0,9.164929922154274,0.0,8.323938682432615,0.0,6.0383736372961,0.0
Gennt,220.74901960784314,0.0,13.130990019227195,0.0,223.19791098044513,0.0,118.0,0.0,74.71104172909698,0.0,9.14830613805613,0.0,10.862780491200215,0.0,6.948027313293733,0.0,910.446932571928,0.0,87.22389349823318,0.0,57.194245035630686,0.0,2.885602585669349,0.0,8.566181344377743,0.0,318.6374443566487,0.0,235.71238661414526,0.0,9.148306138029398,0.0,8.264219449651318,0.0,6.02147290407865,0.0
Genom,236.4823529411765,0.0,13.398512544618693,0.0,237.04722242469788,0.0,127.0,0.0,82.71937485995346,0.0,9.674526788352248,0.0,11.269427669584644,0.0,7.4350272696644355,0.0,987.7667577750582,0.0,208.29017210882432,0.0,143.08922329627933,0.0,2.601848048746259,0.0,11.24580442791026,0.0,196.5281823533054,0.0,176.4453078465917,0.0,9.674526788298351,0.0,8.575863536037904,0.0,6.508034587204384,0.0
Genua,227.40784313725493,0.0,13.159286764221758,0.0,219.05887050400395,0.0,106.0,0.0,66.80373421019232,0.0,8.923103308361597,0.0,10.295630140987,0.0,6.5438540852018,0.0,912.1772473719312,0.0,79.1376675094948,0.0,51.345446570541895,0.0,1.7466128233857159,0.0,10.027738692650255,0.0,243.06674150040718,0.0,166.34954963869237,0.0,8.923103308301188,0.0,7.920168544284689,0.0,5.593753930469275,0.0
Gerke,229.40392156862745,0.0,13.403383460785093,0.0,234.89072845715327,0.0,125.0,0.0,82.21796454228107,0.0,9.642749847569842,0.0,11.180339887498949,0.0,7.44510638984074,0.0,916.720856579759,0.0,114.52772931881233,0.0,81.21498160323503,0.0,2.031102014242756,0.0,9.166887906770008,0.0,385.21549269825687,0.0,235.84907151436022,0.0,9.642749847533507,0.0,8.919727478670072,0.0,6.619147715017567,0.0
Geste,222.9686274509804,0.0,13.127156200471315,0.0,216.45541274199172,0.0,102.0,0.0,65.69468053227064,0.0,8.87912529451966,0.0,10.099504938362077,0.0,6.572161803101148,0.0,914.0076555006399,0.0,90.27877185165815,0.0,61.70106165268807,0.0,2.0514195532089397,0.0,8.73722240514676,0.0,131.430901582562,0.0,141.5030080408111,0.0,8.879125294460263,0.0,8.143593675376833,0.0,5.714338066427396,0.0
Getem,235.47450980392156,0.0,13.490815079277752,0.0,244.3302502881907,0.0,135.0,0.0,89.48890859662045,0.0,9.965811918656687,0.0,11.61895003862225,0.0,7.801245795352375,0.0,989.7512769526313,0.0,215.21522803385892,0.0,148.93362667046196,0.0,3.285275921374455,0.0,10.818339813602357,0.0,163.4665435012244,0.0,175.82620907843983,0.0,9.965811918599329,0.0,9.185545247977,0.0,6.912501333208814,0.0
Getto,205.521568627451,0.0,12.552847455408447,0.0,224.36875757600217,0.0,99.0,0.0,65.10280875671221,0.0,9.11900738573185,0.0,9.9498743710662,0.0,6.625534081067388,0.0,912.0373196498222,0.0,105.23028566315428,0.0,74.29603307236142,0.0,3.495256520209227,0.0,9.443290999506939,0.0,243.91986233275978,0.0,167.50357612761795,0.0,9.119007385673044,0.0,7.818716496518389,0.0,5.712050712066576,0.0
Geäst,228.34901960784313,0.0,13.149945874756861,0.0,223.50051051123884,0.0,107.0,0.0,68.69275592379324,0.0,9.084867528403676,0.0,10.344080432788601,0.0,6.7140161037926935,0.0,915.5790846378131,0.0,130.43722359719845,0.0,97.27891895084058,0.0,2.806061854735634,0.0,18.59601548852668,0.0,277.27720907049235,0.0,237.21706766223951,0.0,9.084867528380574,0.0,8.234774049367111,0.0,5.820975565430197,0.0
Gfcßc,221.90980392156865,0.0,12.932388578913677,0.0,245.0772186721308,0.0,126.0,0.0,84.02260233847099,0.0,9.933343003222385,0.0,11.224972160321824,0.0,7.617919580900081,0.0,1307.9678344251695,0.0,779.2933298483389,0.0,586.7825759145592,0.0,2.4928139688484006,0.0,32.099371885647265,0.0,357.9461739951432,0.0,201.23673880574282,0.0,9.933343003179335,0.0,8.758797155081698,0.0,6.753865002311997,0.0
Ggcht,230.76078431372548,0.0,13.221332359989969,0.0,235.35434339507452,0.0,118.0,0.0,78.67397526544698,0.0,9.637664332545125,0.0,10.862780491200215,0.0,7.374090315372935,0.0,2258.9225808363094,0.0,950.1627371720818,0.0,785.2060493143289,0.0,3.701450609396595,0.0,20.40888472530619,0.0,393.93358411339733,0.0,255.2111952175642,0.0,9.637664332514975,0.0,8.416296382157615,0.0,6.417209420717398,0.0
Gggln,245.7176470588235,0.0,13.758122552819223,0.0,253.6796516320968,0.0,132.0,0.0,91.1261653883638,0.0,10.343272726481644,0.0,11.489125293076057,0.0,8.080914517456538,0.0,2282.636756588749,0.0,959.940403983444,0.0,792.6766134438998,0.0,3.85776506093549,0.0,20.773248966199787,0.0,458.2370933649661,0.0,323.32362946145366,0.0,10.343272726449632,0.0,9.09921264085053,0.0,7.1412658970060345,0.0
Ghtcl,206.23529411764704,0.0,12.582179228604046,0.0,240.7061264048507,0.0,111.0,0.0,74.48609417056136,0.0,9.73617673417761,0.0,10.535653752852738,0.0,7.2023717559718685,0.0,909.0589728935084,0.0,145.22934205067168,0.0,108.95578462505381,0.0,4.756752578866831,0.0,13.034992824696365,0.0,335.3474889989865,0.0,213.80571695474043,0.0,9.736176734139752,0.0,7.814161693510875,0.0,6.217482887148162,0.0
Ghtcr,208.078431372549,0.0,12.616231771563264,0.0,234.95048499917635,0.0,108.0,0.0,71.19617427034163,0.0,9.509261823806296,0.0,10.392304845413264,0.0,6.965810098759185,0.0,905.690619220068,0.0,125.28333851959869,0.0,89.81942131130437,0.0,4.2463408548813435,0.0,12.636671278883504,0.0,320.04285110990094,0.0,237.21443194685264,0.0,9.509261823769979,0.0,7.904717453545909,0.0,6.0054851192736045,0.0
Ghtdr,228.33333333333331,0.0,13.279415202773171,0.0,249.214412561114,0.0,126.0,0.0,84.3966518453727,0.0,10.071683889824461,0.0,11.224972160321824,0.0,7.647911533708522,0.0,953.8517278995754,0.0,145.976851938317,0.0,105.71011567685028,0.0,2.678002715517596,0.0,12.367477381530064,0.0,349.25694775504275,0.0,248.83256072141648,0.0,10.071683889800834,0.0,8.679054757106089,0.0,6.636994142000096,0.0
Ghtgl,228.3529411764706,0.0,13.295068506685572,0.0,256.3066749817095,0.0,132.0,0.0,90.70643875889917,0.0,10.374726249556298,0.0,11.489125293076057,0.0,8.045915128214375,0.0,999.249072934526,0.0,199.777305333768,0.0,153.17948330949218,0.0,3.007573017739265,0.0,12.837348530293779,0.0,341.9986161782389,0.0,215.69105513097404,0.0,10.374726249519423,0.0,8.808884067134288,0.0,7.0537438420384815,0.0
Ghthl,220.1058823529412,0.0,13.093647849038,0.0,251.5809563919192,0.0,129.0,0.0,86.71741650536052,0.0,10.169784018021678,0.0,11.357816691600547,0.0,7.779723336388879,0.0,909.6107464205086,0.0,151.54272487728525,0.0,113.89218855139711,0.0,3.1812129991384523,0.0,12.953388897679456,0.0,445.7342082656258,0.0,244.78217030581712,0.0,10.169784017980442,0.0,8.498563518048847,0.0,6.773963119521083,0.0
Ghtkn,230.721568627451,0.0,13.365793244912325,0.0,247.09232829301283,0.0,131.0,0.0,87.96162445702487,0.0,10.097072185704086,0.0,11.445523142259598,0.0,7.798313799834648,0.0,905.580196334624,0.0,136.25257972727786,0.0,100.5444716298709,0.0,2.163844698262479,0.0,11.861610296213522,0.0,606.42588010685,0.0,279.90497448908565,0.0,10.09707218566691,0.0,8.73467469790408,0.0,6.852558853042306,0.0
Ghtpr,231.6588235294118,0.0,13.354436010883472,0.0,253.27937626379185,0.0,131.0,0.0,89.10062983750586,0.0,10.260459780419055,0.0,11.445523142259598,0.0,7.927593717787426,0.0,7571.06889346878,0.0,347.6364950192417,0.0,230.7776221859998,0.0,2.9696197472997747,0.0,13.858851435963562,0.0,322.2604003139797,0.0,238.87348044597297,0.0,10.260459780382808,0.0,9.0075195721047,0.0,6.977622585940452,0.0
Ghtsc,216.8549019607843,0.0,12.776779928608711,0.0,223.38077497279988,0.0,93.0,0.0,61.356009913258916,0.0,9.08139313068733,0.0,9.643650760992955,0.0,6.458771591515834,0.0,904.2041052531464,0.0,113.01126968628462,0.0,81.48573111296386,0.0,3.0277101803770523,0.0,19.895586610000194,0.0,315.81821762708114,0.0,202.60381552144412,0.0,9.081393130642992,0.0,7.4060421026886765,0.0,5.487088334208953,0.0
Ghtsm,237.5725490196078,0.0,13.409550900881124,0.0,250.82715077494524,0.0,130.0,0.0,86.9329961421439,0.0,10.12999730760038,0.0,11.40175425099138,0.0,7.748769122405013,0.0,981.6205330271889,0.0,223.75489691658038,0.0,156.6405675823498,0.0,3.163613099000494,0.0,12.96064278354361,0.0,326.21800701549677,0.0,229.5605504913236,0.0,10.129997307545732,0.0,8.579815787234136,0.0,6.748406495570572,0.0
Ghtsp,240.43529411764706,0.0,13.506211992971133,0.0,241.6066352962768,0.0,118.0,0.0,80.16782051385876,0.0,9.862678272116815,0.0,10.862780491200215,0.0,7.513894227623913,0.0,26917.213460706094,0.0,1087.6703962475738,0.0,695.0939720342122,0.0,3.418679534182247,0.0,18.239002897080283,0.0,314.50061045424417,0.0,200.24173494412594,0.0,9.862678272076261,0.0,8.713834001160764,0.0,6.5888785001427435,0.0
Ghtsw,230.51764705882354,0.0,13.12359254459053,0.0,244.08003336815887,0.0,125.0,0.0,82.04733581164808,0.0,9.864780444754176,0.0,11.180339887498949,0.0,7.450521968052355,0.0,1210.8501585611648,0.0,204.61891961376824,0.0,134.75422765063573,0.0,2.544339979711423,0.0,25.760373940710338,0.0,528.5708920957666,0.0,211.76784367547543,0.0,9.86478044470878,0.0,8.45251169785453,0.0,6.466082534591235,0.0
Gifte,208.8078431372549,0.0,12.921826293958677,0.0,240.96605356723427,0.0,108.0,0.0,72.76248916749711,0.0,9.693718185222421,0.0,10.392304845413264,0.0,7.114311486035994,0.0,955.813562873357,0.0,294.6381445205153,0.0,214.796197638997,0.0,2.501332431423552,0.0,12.239235801524982,0.0,192.75017045117534,0.0,161.36390750589106,0.0,9.693718185180282,0.0,8.395284868502022,0.0,6.2275570322935865,0.0
Gilde,220.59607843137255,0.0,13.170200422235828,0.0,241.57592525100347,0.0,110.0,0.0,73.97283869626632,0.0,9.74758155761906,0.0,10.488088481701515,0.0,7.161162142140859,0.0,963.3487539782739,0.0,120.41746358803923,0.0,86.11077620598999,0.0,4.353198784631735,0.0,9.592995782107387,0.0,234.64010321057717,0.0,169.13732692338715,0.0,9.747581557592152,0.0,8.225331029924583,0.0,6.192998138536714,0.0
Ginis,205.81960784313725,0.0,12.688258171429071,0.0,226.23057776049956,0.0,89.0,0.0,57.5329397186386,0.0,9.05735066249192,0.0,9.433981132056603,0.0,6.18459436088859,0.0,930.7811395631115,0.0,88.9393288172802,0.0,58.563405419368586,0.0,2.227864951985739,0.0,8.737067156018844,0.0,471.3725767886968,0.0,345.9563398453877,0.0,9.057350662449053,0.0,6.817193943950852,0.0,5.1810583850532375,0.0
Ginzi,204.2627450980392,0.0,12.796119293499562,0.0,239.07999827219933,0.0,108.0,0.0,69.79584058874876,0.0,9.522148075034123,0.0,10.392304845413264,0.0,6.821014535431143,0.0,926.8743609745732,0.0,151.8400570006957,0.0,103.68394550626404,0.0,2.514993649366796,0.0,11.759717945004319,0.0,289.42830152522015,0.0,213.45855689468263,0.0,9.522148075006811,0.0,7.599272141305549,0.0,5.7741382465079,0.0
Gisiß,216.65490196078434,0.0,12.922481445933366,0.0,249.18456803621896,0.0,122.0,0.0,80.93737071863055,0.0,9.978530899672547,0.0,11.045361017187261,0.0,7.443133400937833,0.0,995.816448505715,0.0,558.6234947096993,0.0,349.1325479305129,0.0,3.498985369540004,0.0,22.90148220279552,0.0,620.185729833984,0.0,357.71102648390513,0.0,9.978530899556583,0.0,8.140179348853856,0.0,6.523743630729477,0.0
Gisti,196.7019607843137,0.0,12.40080797556156,0.0,236.5721057306305,0.0,102.0,0.0,66.82590648816382,0.0,9.449990438119094,0.0,10.099504938362077,0.0,6.728095398692235,0.0,924.8879010459387,0.0,125.9359095657866,0.0,85.07381574192524,0.0,3.1969370265442323,0.0,10.050108443171746,0.0,194.6840060135096,0.0,180.15806335036916,0.0,9.449990438092932,0.0,7.239072312650039,0.0,5.703261026598135,0.0
Gitei,198.4823529411765,0.0,12.569574464949541,0.0,238.0337844514097,0.0,107.0,0.0,70.81103578978117,0.0,9.56407787221329,0.0,10.344080432788601,0.0,6.949574582780478,0.0,925.8222400848165,0.0,126.6929033220701,0.0,86.39054476786809,0.0,2.4803734366487684,0.0,9.711432394577955,0.0,197.25335282056594,0.0,176.79652803127922,0.0,9.564077872180029,0.0,7.775735162960448,0.0,5.971801384144222,0.0
Gjkqw,247.75686274509803,0.0,13.68031669863712,0.0,284.24158871313864,0.0,170.0,0.0,118.91826096816263,0.0,11.42427149010716,0.0,13.038404810405298,0.0,9.315013695213786,0.0,53849.485909234434,0.0,14013.390093945796,0.0,12414.941269327523,0.0,4.48875780675387,0.0,77.13766720262268,0.0,493.83879176880384,0.0,179.712664425951,0.0,11.424271490071078,0.0,9.797257770500059,0.0,8.371107080912749,0.0
Gjtnn,212.68235294117648,0.0,12.884235992138414,0.0,250.05154516715083,0.0,131.0,0.0,89.0072978000231,0.0,10.172085774267357,0.0,11.445523142259598,0.0,7.927794085989388,0.0,40383.1735097008,0.0,2914.7320631571856,0.0,2311.745237576917,0.0,2.347258572775231,0.0,32.17628927491606,0.0,436.9283115433026,0.0,164.7460912707229,0.0,10.17208577422575,0.0,8.413492794535887,0.0,6.972659295188048,0.0
Glanz,216.8156862745098,0.0,12.984902954159896,0.0,236.53113686614682,0.0,113.0,0.0,72.78627828936916,0.0,9.49024607357421,0.0,10.63014581273465,0.0,6.9515699696766315,0.0,913.2654627938186,0.0,187.77433760548357,0.0,136.9690445923773,0.0,2.1850062040978306,0.0,14.84987507246112,0.0,211.0284750465305,0.0,161.17507926943156,0.0,9.490246073540321,0.0,8.06387484207484,0.0,5.963867084698346,0.0
Gleis,208.5529411764706,0.0,12.773828853384089,0.0,232.05961615817984,0.0,99.0,0.0,66.20495851927473,0.0,9.392346337129615,0.0,9.9498743710662,0.0,6.76335162081838,0.0,924.5839994463902,0.0,108.28440848850605,0.0,78.51401077781031,0.0,2.262600525660752,0.0,9.675360799592474,0.0,448.88883072291594,0.0,344.1550581767951,0.0,9.392346337088512,0.0,7.533471774757704,0.0,5.859815362577638,0.0
Glied,220.59607843137252,0.0,13.170200422235828,0.0,243.9731980249072,0.0,110.0,0.0,74.96575579150871,0.0,9.853584579107796,0.0,10.488088481701515,0.0,7.258254417356405,0.0,1045.6660482794287,0.0,175.91994860734027,0.0,129.33474925127882,0.0,5.315930965476053,0.0,12.015639447935584,0.0,305.5782085735972,0.0,213.702353327226,0.0,9.853584579074111,0.0,8.243063808744582,0.0,6.273424737562635,0.0
Glott,193.12156862745098,0.0,12.182977643097384,0.0,235.17231036707688,0.0,106.0,0.0,70.23155909754851,0.0,9.498919297173584,0.0,10.295630140987,0.0,6.932368886005269,0.0,903.5856852713334,0.0,117.64722642476666,0.0,85.18577060618534,0.0,2.920247874152721,0.0,10.106363156198114,0.0,286.1369307673101,0.0,235.94522526178753,0.0,9.498919297131598,0.0,7.487729758205727,0.0,5.926829803624593,0.0
Glxjs,216.05882352941174,0.0,12.943969395589445,0.0,259.2531439231343,0.0,126.0,0.0,88.21910948049907,0.0,10.422095158051887,0.0,11.224972160321824,0.0,8.005749438477016,0.0,5383.418277566394,0.0,468.35425472666685,0.0,368.7391744988868,0.0,2.450903997523467,0.0,20.97452178066013,0.0,265.7085992683146,0.0,206.8980693036916,0.0,10.422095158018463,0.0,8.309511685749616,0.0,7.080674028376614,0.0
Glück,219.12156862745098,0.0,12.903712855586901,0.0,245.3129738967044,0.0,128.0,0.0,85.0988269850143,0.0,9.975026674047074,0.0,11.313708498984761,0.0,7.648503658971339,0.0,910.244604916406,0.0,174.7573515178161,0.0,130.44094118728714,0.0,2.8106433201255703,0.0,18.01016839733166,0.0,1061.959153141902,0.0,277.91216320442834,0.0,9.975026673928792,0.0,8.434902990321794,0.0,6.759060416905587,0.0
Gommo,241.09803921568624,0.0,13.31723595753395,0.0,251.22362930026705,0.0,129.0,0.0,86.16076649577616,0.0,10.132568626205009,0.0,11.357816691600547,0.0,7.682641781322624,0.0,953.5444083461408,0.0,184.23939093519266,0.0,122.67474141866572,0.0,3.1116084018874846,0.0,10.539981716356515,0.0,272.42707956009497,0.0,177.54281468616156,0.0,10.132568626154782,0.0,8.417093962967757,0.0,6.66305048149216,0.0
Gongs,236.10196078431375,0.0,13.311034409942309,0.0,218.87158712032084,0.0,97.0,0.0,63.96900378766377,0.0,9.004496191776523,0.0,9.848857801796104,0.0,6.592091469509892,0.0,989.9550733487185,0.0,154.02468857027273,0.0,116.79290197292258,0.0,3.320820625744754,0.0,9.208064897620206,0.0,186.89203581702083,0.0,138.7500320001768,0.0,9.004496191713104,0.0,7.57847059061488,0.0,5.646338736280928,0.0
Gonon,215.6470588235294,0.0,12.739854124827183,0.0,211.7963062851454,0.0,92.0,0.0,58.2625075253836,0.0,8.671314639887191,0.0,9.591663046625438,0.0,6.13261675278269,0.0,898.744398791246,0.0,74.43545496517854,0.0,48.549639590054646,0.0,1.6199728032749727,0.0,9.166837013392431,0.0,416.4966405310434,0.0,138.9110999282457,0.0,8.671314639835552,0.0,7.013744553455601,0.0,5.140822702419725,0.0
Goten,214.63921568627453,0.0,12.83689355789942,0.0,219.07933414863822,0.0,100.0,0.0,65.03204126205057,0.0,8.995145146322896,0.0,10.0,0.0,6.571818142292148,0.0,900.9250339637323,0.0,92.05126580561156,0.0,63.74768100886692,0.0,2.066969089740775,0.0,8.368501050405083,0.0,402.0999087357135,0.0,138.01138901164012,0.0,8.995145146272403,0.0,7.747349145037804,0.0,5.644131337157579,0.0
Gotin,201.50588235294117,0.0,12.470554938912265,0.0,228.3628225791207,0.0,98.0,0.0,63.91966480658081,0.0,9.219630561421695,0.0,9.899494936611665,0.0,6.544563912630751,0.0,921.1878981543799,0.0,100.76793284580111,0.0,69.56852494739702,0.0,2.5053172892275315,0.0,9.233543093258573,0.0,582.793640511639,0.0,340.6038040354681,0.0,9.219630561396594,0.0,7.2894739315278105,0.0,5.5519316677013215,0.0
Gouda,231.5607843137255,0.0,13.099583095578653,0.0,223.64744001965275,0.0,103.0,0.0,65.91736143169916,0.0,9.079131017394086,0.0,10.14889156509222,0.0,6.58087218122643,0.0,949.8187304385299,0.0,105.48463673761643,0.0,73.37416720431524,0.0,3.5198307162068376,0.0,10.23377878377317,0.0,205.88255214011747,0.0,153.72742515011697,0.0,9.079131017342466,0.0,7.554566669456442,0.0,5.570803976174872,0.0
Grabe,233.6588235294118,0.0,13.321345822306892,0.0,234.17435511172607,0.0,118.0,0.0,76.72338146879294,0.0,9.500204434722727,0.0,10.862780491200215,0.0,7.153125130124871,0.0,915.174876709595,0.0,164.84504870276,0.0,110.06299532980435,0.0,3.2582005225649517,0.0,10.440509896817508,0.0,267.98384117240624,0.0,169.5384138348739,0.0,9.500204434674108,0.0,8.741423775317513,0.0,6.236819925629583,0.0
Grahf,225.06666666666666,0.0,13.218333359147096,0.0,251.34116837152058,0.0,129.0,0.0,84.92842070877668,0.0,10.046284392070831,0.0,11.357816691600547,0.0,7.613423036126091,0.0,999.8556044313103,0.0,437.30599186882984,0.0,324.7084204617311,0.0,2.7464576879085607,0.0,15.628309836550232,0.0,372.9138115093255,0.0,184.45549644934945,0.0,10.046284392035561,0.0,8.781512889230859,0.0,6.658825505838675,0.0
Grall,199.19607843137254,0.0,12.43743713022582,0.0,254.62189232019466,0.0,121.0,0.0,80.60134336537926,0.0,10.111105998945888,0.0,11.0,0.0,7.467425934229579,0.0,911.8814007869865,0.0,150.8757361712303,0.0,109.42091033187235,0.0,3.4566649567403616,0.0,10.238417679886668,0.0,347.0310754487725,0.0,332.28518726287354,0.0,10.111105998916656,0.0,7.9388222594609275,0.0,6.450382218761566,0.0
Grbnd,243.23529411764707,0.0,13.638069498231799,0.0,248.8132716724303,0.0,137.0,0.0,90.3014489232289,0.0,10.086028910913944,0.0,11.704699910719626,0.0,7.833599640556536,0.0,1036.6341017614227,0.0,202.402484447817,0.0,142.31574397133645,0.0,4.133934257084099,0.0,13.16264976963258,0.0,387.9911829554884,0.0,225.06508307695026,0.0,10.08602891087629,0.0,9.089125945839173,0.0,6.832101369674071,0.0
Grdch,229.45882352941175,0.0,13.210118103176999,0.0,239.84532724283423,0.0,118.0,0.0,78.05679984233818,0.0,9.738127302353346,0.0,10.862780491200215,0.0,7.303437367149685,0.0,963.7398130811673,0.0,143.2821854471922,0.0,101.07526717239664,0.0,2.8951025001292234,0.0,11.612094491521734,0.0,618.5184496944485,0.0,231.66997441486484,0.0,9.738127302302953,0.0,8.369438129211328,0.0,6.324351959996228,0.0
Grees,223.52941176470586,0.0,13.164340822124203,0.0,221.445106948189,0.0,103.0,0.0,67.65801389260082,0.0,9.096220353915955,0.0,10.14889156509222,0.0,6.743484723946591,0.0,903.7856577252235,0.0,98.65084141492383,0.0,65.34550751466188,0.0,2.090634427939597,0.0,8.623475433446652,0.0,222.95125800278979,0.0,141.07881810882606,0.0,9.096220353849683,0.0,8.076727863367282,0.0,5.921006165515978,0.0
Grehe,229.18823529411765,0.0,13.399334338220696,0.0,232.84308596080498,0.0,124.0,0.0,81.32093393050447,0.0,9.56950233074831,0.0,11.135528725660043,0.0,7.399150446112569,0.0,907.1981041592104,0.0,109.81414078764371,0.0,74.27563448806306,0.0,2.7027207613698354,0.0,10.244379168527459,0.0,368.4960792869215,0.0,185.0327825639113,0.0,9.56950233069485,0.0,8.899702860358897,0.0,6.547356335826174,0.0
Greif,209.3686274509804,0.0,12.959600076418837,0.0,253.36144357784454,0.0,126.0,0.0,84.58983620985268,0.0,10.135521942706703,0.0,11.224972160321824,0.0,7.669203613389309,0.0,1018.2674717040875,0.0,436.75694896648156,0.0,324.4610250983422,0.0,2.517086553266233,0.0,14.59930261604332,0.0,480.378196517408,0.0,341.4198001942987,0.0,10.135521942685754,0.0,8.675852229517368,0.0,6.780677267759981,0.0
Grfmm,243.95294117647057,0.0,13.716913847152211,0.0,285.8784254332333,0.0,166.0,0.0,112.5078582555148,0.0,11.239653760945941,0.0,12.884098726725126,0.0,8.881195528596612,0.0,1047.0900877616352,0.0,376.49656924307936,0.0,267.44225534137036,0.0,5.47206816507209,0.0,15.16092983557541,0.0,268.1088730586526,0.0,199.06553221649014,0.0,11.239653760899486,0.0,9.81981395398555,0.0,7.9001918805479825,0.0
Grgxn,237.87450980392154,0.0,13.57661784449087,0.0,256.7903340325529,0.0,146.0,0.0,98.15406856670796,0.0,10.394050607117888,0.0,12.083045973594572,0.0,8.244590557314636,0.0,966.9080045973874,0.0,226.97756418414215,0.0,177.2994145084131,0.0,2.9031855859517366,0.0,41.773259862465835,0.0,545.0860292880905,0.0,177.49117964364558,0.0,10.39405060707753,0.0,9.406026852872097,0.0,7.344718456319336,0.0
Griff,206.5607843137255,0.0,12.948340857022368,0.0,265.167014656614,0.0,125.0,0.0,85.17051372387095,0.0,10.437707541799632,0.0,11.180339887498949,0.0,7.771085160450952,0.0,1032.491062592434,0.0,487.1819438803677,0.0,359.88996476632724,0.0,3.0968447127687324,0.0,14.717691327898937,0.0,241.21317034952898,0.0,165.21823210422704,0.0,10.43770754175764,0.0,8.727272510558809,0.0,6.82027018858256,0.0
Grill,187.3764705882353,0.0,12.245197726403122,0.0,259.5203321697684,0.0,117.0,0.0,79.2997060038397,0.0,10.250955413429278,0.0,10.816653826391969,0.0,7.474063038982736,0.0,925.5362433837747,0.0,152.48655881615625,0.0,110.98126860546897,0.0,3.906321006091428,0.0,10.331225169769306,0.0,353.3817560856631,0.0,336.3488727205532,0.0,10.25095541340934,0.0,7.680229465393813,0.0,6.449377875771054,0.0
Grips,223.9843137254902,0.0,13.118543303009135,0.0,241.06082129946833,0.0,105.0,0.0,71.25571780688058,0.0,9.700331360937176,0.0,10.246950765959598,0.0,7.073761330927095,0.0,7572.4162045276535,0.0,340.0924466400452,0.0,222.80321116035688,0.0,3.3094760756754606,0.0,11.549765301186131,0.0,233.26169901299397,0.0,153.4295973126785,0.0,9.700331360889304,0.0,7.9775007875038755,0.0,6.145513840930671,0.0
Grjtj,198.05882352941177,0.0,12.466222567940054,0.0,278.03798732765887,0.0,142.0,0.0,101.04175204434004,0.0,11.036768551372225,0.0,11.916375287812984,0.0,8.662465576813464,0.0,81755.65201943975,0.0,4611.391139311828,0.0,4038.6840657750067,0.0,3.052256824833648,0.0,46.85579516872286,0.0,243.0938719381991,0.0,302.5196020652828,0.0,11.036768551333996,0.0,8.574702354108828,0.0,7.702456188186284,0.0
Grlnr,200.3529411764706,0.0,12.570492657782422,0.0,248.0311716921388,0.0,124.0,0.0,80.95926033913523,0.0,9.921604568612754,0.0,11.135528725660043,0.0,7.392596884644285,0.0,906.0974759151258,0.0,126.7764292832463,0.0,86.51746466585399,0.0,2.41282686409277,0.0,10.653071806885782,0.0,277.72708589825174,0.0,202.82680821042564,0.0,9.921604568587993,0.0,8.1539638488993,0.0,6.41689748822425,0.0
Grobe,226.8627450980392,0.0,13.125950067223453,0.0,230.1880722328854,0.0,115.0,0.0,75.10920270076917,0.0,9.405985796070567,0.0,10.723805294763608,0.0,7.096225678536819,0.0,913.393589022338,0.0,162.1770440695629,0.0,108.92161509517248,0.0,3.2530391236011367,0.0,10.768933957681089,0.0,277.17794228908366,0.0,169.38920471869142,0.0,9.405985796021634,0.0,8.480061639881923,0.0,6.183211700584317,0.0
Groll,192.4,0.0,12.227925131356912,0.0,250.63560944135392,0.0,118.0,0.0,78.9871645973555,0.0,10.022631840802864,0.0,10.862780491200215,0.0,7.412939352018596,0.0,910.0936669419924,0.0,147.95604518415703,0.0,108.27276163388473,0.0,3.616063192882198,0.0,10.556617013695016,0.0,354.1196347317171,0.0,332.13179335252977,0.0,10.022631840775123,0.0,7.650088539607025,0.0,6.398563504225873,0.0
Gruft,206.23921568627452,0.0,12.723931141089956,0.0,247.06892090720413,0.0,125.0,0.0,81.61774343773072,0.0,9.886917576651031,0.0,11.180339887498949,0.0,7.424846851481761,0.0,925.3256746411215,0.0,242.24703970520267,0.0,171.9313196886549,0.0,2.336984856549761,0.0,11.447315632578645,0.0,325.2324305065939,0.0,239.08433126483692,0.0,9.886917576584263,0.0,8.367474303625059,0.0,6.474540185893576,0.0
Gruie,207.0313725490196,0.0,12.735290947787496,0.0,232.66831779662164,0.0,111.0,0.0,71.01048505317053,0.0,9.36281586090975,0.0,10.535653752852738,0.0,6.828815149986939,0.0,925.504300753646,0.0,106.54358665690533,0.0,69.49957649550304,0.0,2.1142996968441365,0.0,9.612175877135378,0.0,476.27453218450495,0.0,342.20987845928386,0.0,9.362815860866148,0.0,7.872019847046741,0.0,5.910157234163578,0.0
Grund,228.42745098039217,0.0,13.24655787952165,0.0,240.64098452268138,0.0,129.0,0.0,83.14591928469031,0.0,9.747856408211126,0.0,11.357816691600547,0.0,7.4296286822710496,0.0,1030.877967386305,0.0,173.7581749536001,0.0,123.44300958978445,0.0,4.644302886205714,0.0,11.789748640251066,0.0,376.249755838124,0.0,216.5757854879507,0.0,9.747856408173066,0.0,8.471016754600994,0.0,6.444759712843557,0.0
Grömm,245.34509803921569,0.0,13.547649543397233,0.0,274.2467640174618,0.0,162.0,0.0,108.08422328589978,0.0,10.905543861344185,0.0,12.727922061357855,0.0,8.625414005556898,0.0,1013.1561540130228,0.0,293.36841313834924,0.0,190.9000594882893,0.0,5.381455984052474,0.0,21.132831336900246,0.0,286.88570335689343,0.0,216.35612772627962,0.0,10.905543861293044,0.0,9.489277178222641,0.0,7.634487318699874,0.0
Größe,232.72941176470584,0.0,13.28718542146726,0.0,245.4271874907193,0.0,138.0,0.0,90.69294922154455,0.0,9.995250732149387,0.0,11.74734012447073,0.0,7.828641828520265,0.0,950.3662365483759,0.0,466.13235349490003,0.0,284.6413813206754,0.0,3.440024129778675,0.0,22.7376132688586,0.0,384.93495666958364,0.0,210.59373045408705,0.0,9.99525073209279,0.0,9.230955622326746,0.0,6.9682166793732865,0.0
Gschr,217.4156862745098,0.0,12.814981260757728,0.0,225.65341227224667,0.0,107.0,0.0,68.17722623126073,0.0,9.156648006795157,0.0,10.344080432788601,0.0,6.698054275320376,0.0,902.6240780808813,0.0,104.30080979857429,0.0,72.10533917936783,0.0,2.2163368850617107,0.0,14.215629110639428,0.0,325.31993555794776,0.0,219.1603273951135,0.0,9.156648006750547,0.0,7.707724975011363,0.0,5.728199712057657,0.0
Gsglb,243.4745098039216,0.0,13.574074617818475,0.0,247.1477669520234,0.0,122.0,0.0,83.22583332658417,0.0,10.043254493612944,0.0,11.045361017187261,0.0,7.6746659535634185,0.0,1012.2416191207674,0.0,389.5000232634059,0.0,269.07881193980785,0.0,3.062286256992091,0.0,19.724898659283305,0.0,530.0954074484273,0.0,465.2943816882082,0.0,10.043254493580259,0.0,8.755982399685806,0.0,6.754540255995238,0.0
Gsvwx,231.0549019607843,0.0,13.140500038178306,0.0,259.6972395677255,0.0,150.0,0.0,99.57891839649253,0.0,10.452777219892651,0.0,12.24744871391589,0.0,8.239916383665717,0.0,988.8385076322729,0.0,266.3542406540982,0.0,196.15388902673004,0.0,2.686855211030856,0.0,29.1719471385874,0.0,686.3265659307987,0.0,201.04104309630728,0.0,10.452777219861373,0.0,9.13654057098532,0.0,7.3634833344596515,0.0
Gtrts,201.2941176470588,0.0,12.440364163286638,0.0,231.3941600321798,0.0,97.0,0.0,64.08966315977045,0.0,9.296613374313377,0.0,9.848857801796104,0.0,6.6123141989999015,0.0,905.3132148544613,0.0,141.39705978322402,0.0,104.04856568434774,0.0,2.4461619346351386,0.0,11.526016179066653,0.0,159.00779516270998,0.0,147.02246894244223,0.0,9.296613374259547,0.0,7.28339562921594,0.0,5.657357035325819,0.0
Gullu,200.77647058823527,0.0,12.465806211015016,0.0,242.74916809075336,0.0,114.0,0.0,75.04862302349053,0.0,9.760800539220995,0.0,10.677078252031311,0.0,7.147211949385135,0.0,904.2366326960306,0.0,112.77482190957303,0.0,80.8523112710638,0.0,2.901323782706324,0.0,12.135976792705288,0.0,520.4967838932542,0.0,325.11145506221135,0.0,9.760800539192946,0.0,7.659405415878327,0.0,6.201526081269483,0.0
Gunst,215.8235294117647,0.0,12.814452024949443,0.0,219.4316322591264,0.0,104.0,0.0,65.3852443083803,0.0,8.93161769351675,0.0,10.198039027185569,0.0,6.485387348548431,0.0,899.7461245482194,0.0,86.57890118190709,0.0,56.31240203380664,0.0,2.2885919579702474,0.0,9.001540701078321,0.0,284.7261301055875,0.0,225.372562429121,0.0,8.93161769348275,0.0,7.42677624987986,0.0,5.492482889891802,0.0
Gusto,209.71372549019605,0.0,12.512918046224323,0.0,217.7678790971153,0.0,93.0,0.0,59.46706109126855,0.0,8.838762393035534,0.0,9.643650760992955,0.0,6.247300605452871,0.0,900.172354180841,0.0,92.78363814453749,0.0,62.93255002160043,0.0,2.612490087191526,0.0,9.809693191645017,0.0,243.5688746358557,0.0,166.62280885314777,0.0,8.83876239297152,0.0,7.133394489449329,0.0,5.299646246926872,0.0
Gvngs,235.07058823529414,0.0,13.362526863696347,0.0,237.91804175339348,0.0,124.0,0.0,83.22937369908716,0.0,9.784607171942836,0.0,11.135528725660043,0.0,7.596148049829271,0.0,1043.5559297883935,0.0,259.90074044794534,0.0,197.28152980116255,0.0,3.453974748822226,0.0,23.308231355519535,0.0,253.21731480394894,0.0,147.2883602388801,0.0,9.784607171886062,0.0,8.492168360738717,0.0,6.711612253087558,0.0
Gvrtg,217.1764705882353,0.0,12.933231072497898,0.0,255.5010904044947,0.0,137.0,0.0,93.16620555974023,0.0,10.344173139117094,0.0,11.704699910719626,0.0,8.097834783531743,0.0,1228.4178716700515,0.0,319.2281791509611,0.0,243.77344829169698,0.0,4.060065476064714,0.0,24.273996414727097,0.0,308.671511246814,0.0,148.3509686910697,0.0,10.34417313906615,0.0,8.902463363581017,0.0,7.209130349648259,0.0
Gzckr,216.07450980392156,0.0,12.925983357239557,0.0,243.1582876410923,0.0,125.0,0.0,82.20663097677476,0.0,9.83265680481904,0.0,11.180339887498949,0.0,7.46453691369132,0.0,926.4005446796792,0.0,342.39836973279563,0.0,217.34337046188375,0.0,2.2757243910537133,0.0,22.196713211893034,0.0,390.04594821592934,0.0,267.5501003536443,0.0,9.83265680478827,0.0,8.505643565374237,0.0,6.536770783200235,0.0
Gztzm,228.8,0.0,13.381752913359954,0.0,256.9863622497054,0.0,133.0,0.0,88.24151555156013,0.0,10.224733471798185,0.0,11.532562594670797,0.0,7.766836947631643,0.0,1002.3207718941904,0.0,398.0624559676017,0.0,258.4571042995238,0.0,3.500052260282681,0.0,23.582015346653,0.0,256.5464576432433,0.0,215.98163605216135,0.0,10.224733471750495,0.0,8.94452891316936,0.0,6.779247298320282,0.0
Gägän,256.7529411764706,0.0,13.866841894021954,0.0,238.71609689724602,0.0,123.0,0.0,81.42202946440851,0.0,9.715991921233037,0.0,11.090536506409418,0.0,7.451173564161184,0.0,965.5351280246014,0.0,212.1705689668325,0.0,165.97182355436112,0.0,2.8074293862223287,0.0,27.648258273090477,0.0,415.83855078144484,0.0,188.62887201850893,0.0,9.71599192119196,0.0,8.91632757078143,0.0,6.564108116462704,0.0
Gäsäs,243.06666666666666,0.0,13.363171917859429,0.0,216.02061914673436,0.0,88.0,0.0,56.320545985156905,0.0,8.719668524512592,0.0,9.38083151964686,0.0,6.077687370865278,0.0,909.1217565417955,0.0,161.93734573474816,0.0,126.74779195540357,0.0,1.7313794998200986,0.0,27.30405359427688,0.0,193.9461603087866,0.0,188.61158704656293,0.0,8.719668524454672,0.0,7.339025668717997,0.0,5.179704377573223,0.0
Gäule,223.7019607843137,0.0,13.084322981399687,0.0,228.6107474629661,0.0,107.0,0.0,69.22560142327623,0.0,9.269361211713049,0.0,10.344080432788601,0.0,6.786172254333747,0.0,906.326100810851,0.0,108.14158462706119,0.0,77.92875007876184,0.0,2.5625986560420744,0.0,11.509061878193362,0.0,276.0899798564427,0.0,324.6604187520021,0.0,9.269361211668558,0.0,7.886629663338636,0.0,5.8974621171813615,0.0
Gören,221.8941176470588,0.0,13.059504781146817,0.0,224.9231835815687,0.0,107.0,0.0,69.33389054919759,0.0,9.199883711976257,0.0,10.344080432788601,0.0,6.781009537556853,0.0,904.4460304469135,0.0,165.95158837009393,0.0,94.2487168962754,0.0,1.7796473108583368,0.0,12.707890851978128,0.0,401.0052985392685,0.0,145.87437513874792,0.0,9.199883711928866,0.0,8.088442331257344,0.0,5.895553130935981,0.0
Götze,219.99607843137252,0.0,13.044707084854089,0.0,225.68817077154313,0.0,103.0,0.0,67.16158423165487,0.0,9.168784569051883,0.0,10.14889156509222,0.0,6.701091189461857,0.0,909.9485298161687,0.0,194.82049736188412,0.0,120.56323653153589,0.0,1.9906824859146668,0.0,14.820313346395476,0.0,252.69477982871604,0.0,191.11008208022102,0.0,9.168784569005057,0.0,8.222555361724666,0.0,5.800785002963476,0.0
Hacke,239.8627450980392,0.0,13.641767624244274,0.0,224.2676002192131,0.0,118.0,0.0,75.59129836155836,0.0,9.224764816153016,0.0,10.862780491200215,0.0,7.040312398673604,0.0,854.7899814481187,0.0,101.11797379703988,0.0,72.48374384240796,0.0,2.2500328093459205,0.0,9.036271221935667,0.0,541.9877999407374,0.0,216.20758418774193,0.0,9.224764816145967,0.0,8.494515320577657,0.0,6.187405659852155,0.0
Hafen,240.95294117647057,0.0,13.882253793818983,0.0,230.02043610780282,0.0,115.0,0.0,74.56439325833576,0.0,9.380385073603462,0.0,10.723805294763608,0.0,7.048344248144682,0.0,893.7412712763556,0.0,287.27878159055416,0.0,209.52399529550195,0.0,2.360215781288176,0.0,11.665868213564352,0.0,548.2240446008178,0.0,105.28973704256182,0.0,9.38038507358836,0.0,8.727206436652017,0.0,6.201356212243869,0.0
Hafer,232.39607843137256,0.0,13.655868803828978,0.0,236.87994643816404,0.0,119.0,0.0,77.45099848007496,0.0,9.586482259340121,0.0,10.908712114635714,0.0,7.213168736722584,0.0,896.2688545264082,0.0,292.4438627782941,0.0,213.0164235242673,0.0,3.952043252498702,0.0,11.854567176917906,0.0,408.08901514402487,0.0,162.39226853552464,0.0,9.586482259322441,0.0,8.827675516379879,0.0,6.365407985244713,0.0
Hahft,235.71372549019605,0.0,13.694277675771378,0.0,240.3797350524947,0.0,121.0,0.0,78.90920971996135,0.0,9.699267699475197,0.0,11.0,0.0,7.2929078810363395,0.0,874.5266652968645,0.0,234.02400260714435,0.0,167.86254447284225,0.0,4.398414229933201,0.0,11.708377504423924,0.0,485.6840869131502,0.0,221.4386037011333,0.0,9.699267699460629,0.0,8.599344408705363,0.0,6.353898514518605,0.0
Hahir,225.94901960784318,0.0,13.398936073034806,0.0,237.3422547264804,0.0,115.0,0.0,73.56325209968341,0.0,9.52446777081277,0.0,10.723805294763608,0.0,6.966684213270241,0.0,874.036238900049,0.0,104.82680628419973,0.0,71.6542925844266,0.0,5.655344217907618,0.0,10.10382623976057,0.0,601.6642066463688,0.0,352.596998869936,0.0,9.524467770826876,0.0,8.07258740986264,0.0,6.007667004116316,0.0
Haine,230.62745098039213,0.0,13.554983506248588,0.0,221.2261432509107,0.0,106.0,0.0,66.49673310601933,0.0,8.965825353679662,0.0,10.295630140987,0.0,6.5225574014457495,0.0,868.254627665166,0.0,78.4745094248838,0.0,50.203804907913856,0.0,2.7362377107547324,0.0,8.053611583705768,0.0,434.104113701936,0.0,132.3063298386645,0.0,8.965825353669175,0.0,8.065007969359078,0.0,5.619979009307968,0.0
Halle,220.96078431372547,0.0,13.295388336518753,0.0,235.14918158919846,0.0,108.0,0.0,70.71607853936024,0.0,9.485612419140887,0.0,10.392304845413264,0.0,6.910485740526406,0.0,857.1128681126884,0.0,101.14799735352275,0.0,74.23877877555734,0.0,4.09957014027926,0.0,7.90894249509304,0.0,469.7307690149775,0.0,309.1406685281025,0.0,9.485612419137208,0.0,8.001757997595332,0.0,5.995827792857432,0.0
Halme,244.08627450980393,0.0,13.83409136206342,0.0,244.32856622202712,0.0,128.0,0.0,83.55830167947656,0.0,9.86551199065006,0.0,11.313708498984761,0.0,7.486216954164025,0.0,887.4679549505079,0.0,152.51083602273505,0.0,103.42718673180134,0.0,2.299158629304865,0.0,9.277491755674282,0.0,420.2579841105252,0.0,127.33706676011158,0.0,9.865511990638502,0.0,8.75595747908218,0.0,6.55655817107319,0.0
Hanoi,222.5176470588235,0.0,13.192564867440389,0.0,222.30373987953914,0.0,103.0,0.0,64.47739577174684,0.0,8.974443920599814,0.0,10.14889156509222,0.0,6.434606429651108,0.0,862.8822611884171,0.0,104.93755433290845,0.0,68.86856126069985,0.0,5.6663054553143475,0.0,9.81529791360839,0.0,420.31178516724077,0.0,136.1815920057483,0.0,8.974443920598276,0.0,7.377826542623778,0.0,5.4361397134363845,0.0
Hansa,240.66666666666663,0.0,13.574549314106994,0.0,212.42471457535086,0.0,95.0,0.0,58.245221145045946,0.0,8.5766032666747,0.0,9.746794344808963,0.0,6.023507979902818,0.0,850.9568549108841,0.0,69.29916975173855,0.0,43.64202465827793,0.0,2.343635151060774,0.0,8.821087220559956,0.0,413.5047698653099,0.0,96.31515974529252,0.0,8.576603266645193,0.0,7.324207465708497,0.0,5.007507543677176,0.0
Hanse,241.98039215686273,0.0,13.740251446167992,0.0,209.84985138210408,0.0,100.0,0.0,61.70183146919754,0.0,8.576097461381975,0.0,10.0,0.0,6.216501601224656,0.0,851.8209395334454,0.0,67.26321077318943,0.0,42.3518200995861,0.0,2.089194969503958,0.0,8.272395987376594,0.0,412.1811079402598,0.0,98.02689941735163,0.0,8.576097461364538,0.0,7.833213515553208,0.0,5.288116741738206,0.0
Hapar,247.478431372549,0.0,13.795497095065533,0.0,239.84424412750013,0.0,128.0,0.0,82.3765326810885,0.0,9.683848130951016,0.0,11.313708498984761,0.0,7.408702198622382,0.0,8151.67795507048,0.0,359.58336807328595,0.0,236.64455508864572,0.0,4.275520508875559,0.0,11.721214957275148,0.0,406.6940937975099,0.0,162.20541130462053,0.0,9.683848130937744,0.0,8.922827235091464,0.0,6.4809448577661435,0.0
Harem,245.9294117647059,0.0,13.865069555793978,0.0,244.190197968213,0.0,134.0,0.0,86.68509447562568,0.0,9.871199950413978,0.0,11.575836902790225,0.0,7.589371338206117,0.0,933.614249923281,0.0,209.81214906402116,0.0,143.66226338426807,0.0,2.750567905993446,0.0,10.000761853832104,0.0,412.66931023018896,0.0,147.9360909082462,0.0,9.871199950387016,0.0,8.910197587765575,0.0,6.6845232048277134,0.0
Hasen,241.98039215686273,0.0,13.740251446167992,0.0,212.98218799016058,0.0,104.0,0.0,64.91297578648665,0.0,8.735034379998472,0.0,10.198039027185569,0.0,6.416345540849005,0.0,849.3249622900461,0.0,69.81543997488625,0.0,44.538527079633404,0.0,2.2428399179126925,0.0,8.182128262728142,0.0,547.7146580016561,0.0,97.47523413955801,0.0,8.735034379982174,0.0,7.97955170360002,0.0,5.525909266192453,0.0
Hatar,222.77254901960782,0.0,13.152175898791091,0.0,231.02185668429502,0.0,112.0,0.0,70.55504666412908,0.0,9.261473790254918,0.0,10.583005244258363,0.0,6.759121894202849,0.0,854.9121540868587,0.0,108.4420574587418,0.0,73.59327934828427,0.0,4.409194088542177,0.0,9.15790882340536,0.0,410.97700583840907,0.0,164.26913411998135,0.0,9.261473790244379,0.0,8.067734038208043,0.0,5.7850702311826,0.0
Haube,250.27843137254902,0.0,13.909725423638491,0.0,222.13082262231495,0.0,120.0,0.0,75.22932564461817,0.0,9.102304372361132,0.0,10.954451150103322,0.0,6.941207838528254,0.0,861.2086117369616,0.0,146.19450028879078,0.0,97.95095385288967,0.0,1.8459818442319502,0.0,10.303829085771708,0.0,433.7491112763392,0.0,136.31609449195207,0.0,9.102304372349641,0.0,8.712825471631223,0.0,6.074503089809575,0.0
Hauen,238.61568627450978,0.0,13.673089328315111,0.0,216.54129579685252,0.0,113.0,0.0,69.8807404167778,0.0,8.87277763143525,0.0,10.63014581273465,0.0,6.625423572703333,0.0,849.2537572743136,0.0,70.80759856289824,0.0,44.3693423642339,0.0,2.3299339362053555,0.0,8.36072799801128,0.0,548.9472186381194,0.0,99.12487667606248,0.0,8.872777631420897,0.0,8.167356206450268,0.0,5.744326187274228,0.0
Hblhs,246.4352941176471,0.0,13.882608283904052,0.0,240.79753194407255,0.0,123.0,0.0,81.29051518170255,0.0,9.805570029453115,0.0,11.090536506409418,0.0,7.446497915682376,0.0,882.9264488332341,0.0,280.50274533353087,0.0,191.64745472444588,0.0,3.1462730969120853,0.0,16.928356981380254,0.0,510.29074117713543,0.0,170.14233045117845,0.0,9.805570029446013,0.0,8.747294780300848,0.0,6.524797150280657,0.0
Hbrst,233.28235294117647,0.0,13.501412915367965,0.0,236.92868230866588,0.0,123.0,0.0,79.52518621106724,0.0,9.612465058888564,0.0,11.090536506409418,0.0,7.269757702580956,0.0,882.095022806799,0.0,279.07617065413365,0.0,188.82619922848335,0.0,5.671546978126888,0.0,15.911888943411592,0.0,476.22053296596135,0.0,214.8767617877826,0.0,9.612465058888723,0.0,8.61239180142466,0.0,6.3213988716485146,0.0
Hcrtx,217.8470588235294,0.0,13.13208385206163,0.0,245.15040454843637,0.0,129.0,0.0,84.55848579828461,0.0,9.883021383954802,0.0,11.357816691600547,0.0,7.545106129547771,0.0,864.8959690982159,0.0,200.4732945638674,0.0,155.3451279003605,0.0,3.3831648271235624,0.0,23.34786666025168,0.0,705.1682467667375,0.0,130.03218185147003,0.0,9.883021383957797,0.0,8.711554837838927,0.0,6.651406041913289,0.0
Hebel,244.33725490196076,0.0,13.961119185232521,0.0,240.08985375783146,0.0,141.0,0.0,91.87862790992781,0.0,9.865306432473542,0.0,11.874342087037917,0.0,7.8470490183213135,0.0,873.3672717873293,0.0,156.92058282764697,0.0,111.76146774283218,0.0,4.583120763451876,0.0,10.032134903230771,0.0,434.0964502441702,0.0,135.1707317327854,0.0,9.865306432468412,0.0,9.52119137822183,0.0,6.968846756987537,0.0
Hecke,241.1764705882353,0.0,13.806663052188904,0.0,227.02871929440752,0.0,131.0,0.0,84.25713109421088,0.0,9.418651943954066,0.0,11.445523142259598,0.0,7.441622357637828,0.0,865.8327576444622,0.0,103.29750322107884,0.0,74.03215005005546,0.0,2.3592138511493457,0.0,9.267886762823125,0.0,544.4347850561298,0.0,216.3907820296274,0.0,9.418651943949435,0.0,9.214651105746102,0.0,6.637469949100978,0.0
Hecks,239.39607843137253,0.0,13.653196726536898,0.0,223.64328195824493,0.0,119.0,0.0,76.36773169408184,0.0,9.227904161886675,0.0,10.908712114635714,0.0,7.083691909306564,0.0,862.2458748121013,0.0,101.61360110608187,0.0,72.95279571581803,0.0,2.45942314553249,0.0,9.443872415497259,0.0,545.878654803542,0.0,216.4869833046228,0.0,9.227904161876394,0.0,8.553852755224586,0.0,6.258729806487456,0.0
Hehen,248.9529411764706,0.0,14.126674129217214,0.0,223.96037504083114,0.0,126.0,0.0,80.45485606606648,0.0,9.291514159706235,0.0,11.224972160321824,0.0,7.235555533266285,0.0,861.1005587280424,0.0,82.21395006018248,0.0,55.76288057093052,0.0,2.4519275591619323,0.0,8.964107728647493,0.0,566.258740978678,0.0,110.30483906005722,0.0,9.291514159693612,0.0,9.112680050408606,0.0,6.390207721099531,0.0
Heibe,243.60392156862744,0.0,13.956747047876187,0.0,230.4867680130007,0.0,123.0,0.0,79.47076020550034,0.0,9.436606698343379,0.0,11.090536506409418,0.0,7.245066243750924,0.0,888.2244443249757,0.0,151.30036354899696,0.0,101.9220112778275,0.0,2.405059289260724,0.0,10.082144297738747,0.0,438.55647206824455,0.0,145.27418799356843,0.0,9.43660669833894,0.0,9.245452507679063,0.0,6.406550428535859,0.0
Heime,244.66666666666663,0.0,13.992360193721776,0.0,242.9949256640553,0.0,135.0,0.0,87.639724577701,0.0,9.863367699336562,0.0,11.61895003862225,0.0,7.627542224494965,0.0,911.568773889328,0.0,150.20276508650474,0.0,99.71173359592191,0.0,2.3883847164493925,0.0,9.290071179160446,0.0,426.70748470603405,0.0,135.8703201046721,0.0,9.863367699327014,0.0,9.32142820127133,0.0,6.744694951298902,0.0
Hende,255.3372549019608,0.0,14.268991068503528,0.0,226.04826828431885,0.0,129.0,0.0,82.37911790352905,0.0,9.357718809805261,0.0,11.357816691600547,0.0,7.327806816512247,0.0,913.5152795435032,0.0,103.12825930362646,0.0,71.55867946871358,0.0,1.861304749087244,0.0,8.694577387967,0.0,437.15416775744296,0.0,124.14230149487092,0.0,9.357718809810367,0.0,9.303727864676189,0.0,6.444295099987073,0.0
Hepft,246.7372549019608,0.0,14.074751826764327,0.0,252.21006552145798,0.0,147.0,0.0,97.51429539460037,0.0,10.248470274131645,0.0,12.12435565298214,0.0,8.183733909737605,0.0,8154.986287684253,0.0,417.4211908165759,0.0,282.4013941866854,0.0,4.692643219538143,0.0,12.934831221358142,0.0,468.815311173447,0.0,216.25294050003586,0.0,10.248470274126895,0.0,9.964403789630229,0.0,7.319766119944394,0.0
Hertz,222.06274509803922,0.0,13.437506542651947,0.0,235.06563808505615,0.0,121.0,0.0,77.26228372114383,0.0,9.476590399455237,0.0,11.0,0.0,7.110211838355834,0.0,871.8277389244491,0.0,182.44576256849933,0.0,131.60811445654303,0.0,4.35291703629206,0.0,14.217812430746921,0.0,407.6222166560521,0.0,105.52693479976219,0.0,9.476590399447701,0.0,8.755127636752796,0.0,6.228831158152055,0.0
Heudu,247.0470588235294,0.0,13.912233821492618,0.0,230.96279072278702,0.0,136.0,0.0,85.74131604452329,0.0,9.485900896407772,0.0,11.661903789690601,0.0,7.4335156598855505,0.0,910.4449565717762,0.0,107.45784967934091,0.0,73.5167070790217,0.0,2.307803828319876,0.0,12.472396394088225,0.0,614.9793954976839,0.0,127.77564985827959,0.0,9.485900896422512,0.0,9.085580618248889,0.0,6.553598242456109,0.0
Heueu,236.78431372549022,0.0,13.69236787778982,0.0,219.56115147146448,0.0,127.0,0.0,78.9986401665168,0.0,9.07323363178033,0.0,11.269427669584644,0.0,7.061533969007931,0.0,860.4501276530559,0.0,76.32425547734698,0.0,48.057132975423436,0.0,3.0690780481515656,0.0,11.906749640784676,0.0,598.9599261469206,0.0,103.54245297390047,0.0,9.073233631768499,0.0,8.86797725700242,0.0,6.266581257056809,0.0
Heums,250.87450980392157,0.0,13.956639062937132,0.0,234.01466201240135,0.0,133.0,0.0,84.17472334934229,0.0,9.547059787590737,0.0,11.532562594670797,0.0,7.381156695452181,0.0,892.4669602904056,0.0,145.4042016215123,0.0,96.00489610337324,0.0,1.931219722497225,0.0,9.89365149412786,0.0,426.32118027673926,0.0,126.48200066858607,0.0,9.547059787575218,0.0,8.850738148048471,0.0,6.498793685898766,0.0
Hgbgn,278.98823529411766,0.0,14.720457091343507,0.0,251.70746167116084,0.0,151.0,0.0,101.642709624122,0.0,10.374251742014431,0.0,12.288205727444508,0.0,8.41565688986302,0.0,2279.32624359411,0.0,963.9638486662077,0.0,794.497993873636,0.0,2.7340967992281024,0.0,21.339354217569575,0.0,561.9212164531405,0.0,124.15453763395664,0.0,10.374251742010303,0.0,10.081118132051905,0.0,7.483869368791405,0.0
Hggvl,249.7843137254902,0.0,14.028859692348105,0.0,270.67732611976373,0.0,163.0,0.0,111.92985586359046,0.0,10.972960247460062,0.0,12.767145334803704,0.0,8.935165399867023,0.0,2285.157779568794,0.0,969.5275227508114,0.0,799.9527268661711,0.0,6.107649188057454,0.0,24.865006449135127,0.0,453.98093846632673,0.0,187.65774085461783,0.0,10.972960247461025,0.0,9.933079353931566,0.0,8.00746696021937,0.0
Hhmhs,263.7764705882353,0.0,14.314305118535383,0.0,247.4604077070722,0.0,137.0,0.0,89.99177593658942,0.0,10.072105026464072,0.0,11.704699910719626,0.0,7.80003501072732,0.0,876.4949383673013,0.0,149.87507305690625,0.0,103.44864334312425,0.0,2.3162142125104315,0.0,12.16678658664942,0.0,575.5272270542512,0.0,214.00240676504575,0.0,10.072105026455553,0.0,9.051795729629605,0.0,6.829461161186648,0.0
Hhmtd,260.8235294117647,0.0,14.278868112938694,0.0,263.4980381358103,0.0,150.0,0.0,100.72431124177601,0.0,10.623730476656492,0.0,12.24744871391589,0.0,8.345538022020994,0.0,1009.6088417253775,0.0,208.4505461424777,0.0,148.97816766230457,0.0,2.7381784137691523,0.0,13.785893377256434,0.0,559.3403942430799,0.0,234.99100023882164,0.0,10.623730476664228,0.0,9.58854664060152,0.0,7.321318497768481,0.0
Hieli,208.4078431372549,0.0,13.111076052840218,0.0,249.78312262258657,0.0,127.0,0.0,83.77767734933778,0.0,10.026951371640344,0.0,11.269427669584644,0.0,7.559715434577191,0.0,879.2817355415795,0.0,128.742513088193,0.0,89.41387608014693,0.0,5.366022643600811,0.0,9.819299215328794,0.0,494.17692125976276,0.0,328.0898742949422,0.0,10.026951371663591,0.0,8.464372360360302,0.0,6.628275890690053,0.0
Hilfe,218.73333333333335,0.0,13.449152679804422,0.0,248.90072918607092,0.0,122.0,0.0,81.06553144733078,0.0,9.982357896027327,0.0,11.045361017187261,0.0,7.463249879544199,0.0,889.8406966425217,0.0,236.06637081895948,0.0,169.63559352109064,0.0,3.296321489528258,0.0,10.951917181079287,0.0,431.75046946134944,0.0,139.57750092117732,0.0,9.982357895994008,0.0,8.848291818049447,0.0,6.56391627433209,0.0
Hilin,206.4078431372549,0.0,13.032404530957285,0.0,245.74788195878727,0.0,115.0,0.0,75.01059951999564,0.0,9.803482351565798,0.0,10.723805294763608,0.0,7.101803883671556,0.0,884.1983710117634,0.0,101.80430119110017,0.0,70.24057910153155,0.0,3.9786556762731236,0.0,9.023104328025791,0.0,707.8197283331483,0.0,334.2179526305262,0.0,9.803482351579941,0.0,7.974230910139354,0.0,6.1307858903240025,0.0
Hilms,230.48627450980393,0.0,13.506403852289688,0.0,251.17664066865927,0.0,124.0,0.0,81.75112617537741,0.0,10.041153514148496,0.0,11.135528725660043,0.0,7.4542999197303255,0.0,895.0700595794964,0.0,156.09776191689173,0.0,105.73155412426765,0.0,2.7917702325979317,0.0,9.721480027213756,0.0,447.8741309360328,0.0,144.00910674421866,0.0,10.041153514142067,0.0,8.327676811592053,0.0,6.487204825023789,0.0
Hirti,199.13333333333333,0.0,12.78631224605116,0.0,247.65706441188706,0.0,120.0,0.0,77.68173957177595,0.0,9.838471577116993,0.0,10.954451150103322,0.0,7.208486251158557,0.0,876.7053141190354,0.0,130.13647909597364,0.0,87.07563460409627,0.0,5.663086603361763,0.0,9.462520064661684,0.0,432.71783345766073,0.0,156.12091303893737,0.0,9.838471577133554,0.0,8.052846739326135,0.0,6.214963085548581,0.0
Hisin,217.02745098039216,0.0,13.220379686752544,0.0,232.4991882034378,0.0,110.0,0.0,69.88282322704674,0.0,9.35109637330622,0.0,10.488088481701515,0.0,6.7479040054612485,0.0,882.0564463365452,0.0,89.48152225772307,0.0,58.31226838607528,0.0,3.1471863607008848,0.0,9.460609698046946,0.0,707.6974918248013,0.0,333.34837502614386,0.0,9.351096373316363,0.0,7.823877846632431,0.0,5.786456587194937,0.0
Hitze,219.48627450980393,0.0,13.40098695487984,0.0,233.2791505697693,0.0,114.0,0.0,73.16060883392342,0.0,9.403870624111347,0.0,10.677078252031311,0.0,6.935391174124881,0.0,867.863915538564,0.0,135.90932603856737,0.0,94.84046574690197,0.0,2.852209906925381,0.0,10.831937124373923,0.0,475.6608078853381,0.0,172.21767726816645,0.0,9.403870624101057,0.0,8.57355597739924,0.0,6.017345698944752,0.0
Hkstl,225.87058823529412,0.0,13.382690076914013,0.0,253.51756174864232,0.0,140.0,0.0,93.78431777502448,0.0,10.293201594468238,0.0,11.832159566199232,0.0,8.068935910754881,0.0,874.5968181021659,0.0,231.73312361609106,0.0,180.17779398595604,0.0,6.558690887079438,0.0,16.382327819597723,0.0,440.18248692781026,0.0,134.45592716983302,0.0,10.293201594479328,0.0,8.761724071100346,0.0,7.131963355822054,0.0
Hktzg,248.8392156862745,0.0,14.08323693175581,0.0,258.0057767950906,0.0,147.0,0.0,99.66042039561245,0.0,10.485088056297876,0.0,12.12435565298214,0.0,8.35918494884973,0.0,1161.1169128052093,0.0,321.47921201469944,0.0,248.8411335086206,0.0,3.356718777578783,0.0,18.62848849773861,0.0,512.3708839461702,0.0,161.24758212669153,0.0,10.48508805628776,0.0,9.597182226658337,0.0,7.452957621201592,0.0
Hnbby,266.0,0.0,14.380839702794752,0.0,265.3683758399406,0.0,171.0,0.0,114.18315231916819,0.0,10.807184454751503,0.0,13.076696830622021,0.0,8.873675700006428,0.0,6015.944771234789,0.0,235.75386375505855,0.0,162.1615026301051,0.0,2.034047381119567,0.0,13.89291364059173,0.0,470.02464611529115,0.0,168.54138562750515,0.0,10.807184454758346,0.0,10.307348324722621,0.0,7.921911098240905,0.0
Hnnhg,259.078431372549,0.0,14.312565625851638,0.0,240.38351461746666,0.0,141.0,0.0,92.16026084397649,0.0,9.918468222518596,0.0,11.874342087037917,0.0,7.878864028772917,0.0,1144.3991125495868,0.0,237.78041269949674,0.0,182.88394437418648,0.0,2.549820585434161,0.0,14.636249768231954,0.0,557.1806234581022,0.0,155.85086871375577,0.0,9.918468222505524,0.0,9.268738747992703,0.0,6.928854660748928,0.0
Hobon,238.51764705882354,0.0,13.513604861023179,0.0,221.9072618941549,0.0,114.0,0.0,72.4715903599494,0.0,9.129920584708898,0.0,10.677078252031311,0.0,6.862536997343074,0.0,854.8131966012605,0.0,125.08998620451302,0.0,83.41834384461191,0.0,2.605323995172076,0.0,10.221526247164366,0.0,568.9895113960049,0.0,120.41879760145969,0.0,9.129920584702742,0.0,8.281095542161225,0.0,5.927866920577982,0.0
Hocke,233.06666666666666,0.0,13.451027267968398,0.0,223.6873495260679,0.0,120.0,0.0,77.2346669798304,0.0,9.262613865965358,0.0,10.954451150103322,0.0,7.130970176480365,0.0,854.3451548197876,0.0,101.20825679711308,0.0,72.80613769696933,0.0,2.340448054806391,0.0,9.26452122181797,0.0,549.0648750879551,0.0,216.52108717599108,0.0,9.262613865960498,0.0,8.547225064570878,0.0,6.282928637701945,0.0
Hoden,247.22745098039212,0.0,13.925167720353842,0.0,225.82410876507979,0.0,122.0,0.0,78.40903774975477,0.0,9.34358796745053,0.0,11.045361017187261,0.0,7.177168889752332,0.0,911.7516883496381,0.0,111.37990057694786,0.0,77.58706642583867,0.0,2.241046483580482,0.0,8.95342180699891,0.0,557.7027771492731,0.0,102.69066796458137,0.0,9.343587967436912,0.0,8.776282508696374,0.0,6.259149604664306,0.0
Hokle,230.65882352941173,0.0,13.523511074708887,0.0,238.6521050827039,0.0,127.0,0.0,83.89269491081575,0.0,9.800841935270386,0.0,11.269427669584644,0.0,7.549586172666427,0.0,859.2259050001476,0.0,136.19087594131952,0.0,103.25640651854098,0.0,2.983322965995848,0.0,10.93141394574015,0.0,494.0441390504674,0.0,309.32556036751413,0.0,9.800841935264108,0.0,8.687071156426956,0.0,6.67692436765731,0.0
Hokon,232.94901960784313,0.0,13.42698139182536,0.0,227.5077348797142,0.0,119.0,0.0,77.00932013725202,0.0,9.395105681215966,0.0,10.908712114635714,0.0,7.1456194137677205,0.0,852.6991332532925,0.0,124.05267253565196,0.0,92.70994840426675,0.0,2.6367600617915006,0.0,11.162128286714475,0.0,574.5901103324919,0.0,105.42224242603443,0.0,9.39510568120893,0.0,8.222171140537977,0.0,6.251314673852878,0.0
Honat,224.53333333333333,0.0,13.192659289586137,0.0,220.76566913148199,0.0,110.0,0.0,68.55326000977291,0.0,8.974020120323832,0.0,10.488088481701515,0.0,6.598279049856804,0.0,851.1271552696502,0.0,82.82900218708915,0.0,53.09017478006578,0.0,3.7188533374600565,0.0,8.733732385784363,0.0,480.54658331532886,0.0,207.81229221401543,0.0,8.97402012034245,0.0,7.849669082562134,0.0,5.6173833896221765,0.0
Honry,228.0078431372549,0.0,13.41205022055914,0.0,249.9760607754044,0.0,143.0,0.0,93.91634796834896,0.0,10.172802168149106,0.0,11.958260743101398,0.0,7.982531008204093,0.0,6013.919660499256,0.0,172.94377415462694,0.0,120.28051031712937,0.0,3.0184702685647684,0.0,9.483838687378883,0.0,488.65043585541207,0.0,164.87056967745391,0.0,10.17280216815878,0.0,8.978574765583602,0.0,7.022954303447157,0.0
Horde,238.67058823529413,0.0,13.699491904131794,0.0,228.59842770097055,0.0,117.0,0.0,75.26204020917174,0.0,9.353597731367797,0.0,10.816653826391969,0.0,7.045451111234391,0.0,903.848709921922,0.0,108.55921287888158,0.0,75.04980101109166,0.0,2.612569640293881,0.0,8.89395006340078,0.0,435.06253400490834,0.0,124.62273767931043,0.0,9.353597731371742,0.0,8.613849731080746,0.0,6.128611058380157,0.0
Hordu,233.52549019607847,0.0,13.476675280809257,0.0,233.36077675459507,0.0,122.0,0.0,78.08880276880129,0.0,9.502207658539229,0.0,11.045361017187261,0.0,7.161622204017212,0.0,900.7618824947263,0.0,112.74064261425762,0.0,77.18455337300723,0.0,2.6975235681364587,0.0,12.002884421894084,0.0,618.7402798855812,0.0,128.35200650517845,0.0,9.502207658549855,0.0,8.419077508434965,0.0,6.2216365148519825,0.0
Horet,217.2901960784314,0.0,13.127763032797716,0.0,223.9409318787399,0.0,111.0,0.0,70.69699524584726,0.0,9.141179675628502,0.0,10.535653752852738,0.0,6.781185069442508,0.0,850.7520958383944,0.0,86.44639108591825,0.0,56.69168442327295,0.0,3.8551264536955223,0.0,8.17804721682041,0.0,473.2211837980626,0.0,204.963376806921,0.0,9.141179675642428,0.0,8.132252010688452,0.0,5.89265360066611,0.0
Hosen,235.18431372549017,0.0,13.550897403997702,0.0,212.4019372970154,0.0,106.0,0.0,66.5563444047587,0.0,8.774996030562887,0.0,10.295630140987,0.0,6.515690837241132,0.0,848.8772719003375,0.0,69.94613840648022,0.0,45.06130223774588,0.0,1.8437309202630747,0.0,8.425353811193828,0.0,554.5130869366886,0.0,98.14105232159689,0.0,8.774996030548857,0.0,8.03564005933257,0.0,5.632661598662308,0.0
Hotel,215.4470588235294,0.0,13.095040751070728,0.0,233.4809809590908,0.0,119.0,0.0,77.72668399867203,0.0,9.541066721471163,0.0,10.908712114635714,0.0,7.2319197034128315,0.0,856.3853629424914,0.0,127.31457298211082,0.0,94.71099584591096,0.0,4.242334989438779,0.0,9.470355336383914,0.0,431.600144064139,0.0,123.49801119299757,0.0,9.541066721466237,0.0,8.341797623365641,0.0,6.3092078792869914,0.0
Hotto,208.61960784313726,0.0,12.714822562771696,0.0,222.81388288207955,0.0,100.0,0.0,64.59846225699425,0.0,9.06005132020798,0.0,10.0,0.0,6.540662653085656,0.0,850.3788607209622,0.0,99.95875971500197,0.0,70.47520294882048,0.0,4.7417456362509505,0.0,9.33179673586893,0.0,461.1072811745251,0.0,140.38650135862383,0.0,9.060051320189265,0.0,7.648625365700614,0.0,5.59854908970845,0.0
Hpcks,252.98431372549018,0.0,13.945507724633353,0.0,240.81355675961578,0.0,133.0,0.0,88.54668761625523,0.0,9.91532516563629,0.0,11.532562594670797,0.0,7.805883373247036,0.0,12744.180669627294,0.0,546.5522075059398,0.0,359.7723084044109,0.0,3.5174055116857526,0.0,14.167424440357697,0.0,544.9485972999831,0.0,217.41259880699772,0.0,9.91532516563059,0.0,9.132792753104697,0.0,6.965567891842902,0.0
Hpckt,243.6470588235294,0.0,13.763093587491122,0.0,250.9431375248703,0.0,148.0,0.0,98.61371793106628,0.0,10.27621452589228,0.0,12.165525060596439,0.0,8.23825528494968,0.0,12744.242291740864,0.0,548.1551231959913,0.0,360.9313721108034,0.0,5.50582901832463,0.0,14.11335087332386,0.0,591.1216228327781,0.0,281.5690924144052,0.0,10.276214525899054,0.0,9.538929270562905,0.0,7.365225510119066,0.0
Hpmgn,281.51372549019607,0.0,14.77874342455291,0.0,268.71289182615055,0.0,168.0,0.0,113.71098368577759,0.0,10.915587535037425,0.0,12.96148139681572,0.0,8.91438944752935,0.0,12752.457126030416,0.0,570.1001018965501,0.0,378.57346845961575,0.0,2.8650143957243097,0.0,15.29775240882388,0.0,552.7021021913173,0.0,105.42067868363908,0.0,10.915587535035183,0.0,10.440668591527029,0.0,7.969862710424794,0.0
Hpnry,249.7058823529412,0.0,14.058602563417885,0.0,270.4877053451149,0.0,168.0,0.0,113.11776800490281,0.0,10.934365582099863,0.0,12.96148139681572,0.0,8.888246909460936,0.0,14066.188659159137,0.0,564.5624886108843,0.0,372.50695323539605,0.0,4.761589357899489,0.0,14.084187094608183,0.0,482.3402270681771,0.0,165.799538726768,0.0,10.934365582108683,0.0,10.134547352023944,0.0,7.952995628836958,0.0
Hqjlq,250.9921568627451,0.0,14.125298035731191,0.0,278.8434984733253,0.0,149.0,0.0,106.4398684711391,0.0,11.22986878490326,0.0,12.206555615733702,0.0,8.931388205168371,0.0,39239.86291300444,0.0,15515.743417815396,0.0,13343.05930505363,0.0,3.903044565899936,0.0,81.81830712638327,0.0,581.9668609315938,0.0,365.4984599091869,0.0,11.22986878490427,0.0,9.50372190823483,0.0,7.960272939753308,0.0
Hqnsx,257.92549019607844,0.0,14.233586566415264,0.0,244.82669884696148,0.0,135.0,0.0,90.07434485290716,0.0,10.050017508585794,0.0,11.61895003862225,0.0,7.885351857887243,0.0,9908.323712581005,0.0,4818.062438851398,0.0,4034.4742907923187,0.0,2.733512601816504,0.0,42.39897523617566,0.0,715.3677540286374,0.0,131.56972977098215,0.0,10.050017508580892,0.0,9.057697659566102,0.0,6.951625753190526,0.0
Hrllt,200.60000000000002,0.0,12.795854889191727,0.0,255.02696611620098,0.0,127.0,0.0,84.02864370311033,0.0,10.159570258593515,0.0,11.269427669584644,0.0,7.582182844315917,0.0,856.6212993955728,0.0,127.28894966532567,0.0,90.06390626173922,0.0,5.5889511503065545,0.0,9.672240722073111,0.0,555.7928206796237,0.0,360.0348030860204,0.0,10.159570258572533,0.0,8.291080145930252,0.0,6.610839123028637,0.0
Hrmzr,233.34901960784313,0.0,13.675157010499822,0.0,262.13956043659454,0.0,149.0,0.0,96.67148183244127,0.0,10.413928941450106,0.0,12.206555615733702,0.0,8.032395058180933,0.0,881.4291332300403,0.0,185.9588501900315,0.0,125.3661951579813,0.0,3.5115395888756127,0.0,13.427046037328061,0.0,489.02219841297074,0.0,204.71247531233297,0.0,10.413928941458453,0.0,9.342607513812048,0.0,7.0350463762355515,0.0
Hsjlt,213.7098039215686,0.0,13.059110872420153,0.0,254.25306023276693,0.0,127.0,0.0,86.19056998539494,0.0,10.230006851603777,0.0,11.269427669584644,0.0,7.806142001780933,0.0,12711.035974717719,0.0,913.0548722586122,0.0,747.005474076854,0.0,5.961633864834705,0.0,21.43215733239429,0.0,526.1601618259258,0.0,361.2105310391219,0.0,10.23000685160889,0.0,8.311074378098162,0.0,6.866752822737339,0.0
Hsttz,219.721568627451,0.0,13.242914291468487,0.0,231.40565530907355,0.0,110.0,0.0,70.51602778520201,0.0,9.325312548063097,0.0,10.488088481701515,0.0,6.815985749910225,0.0,860.7054067411378,0.0,185.66875501136187,0.0,135.42150328744975,0.0,4.2144335970473685,0.0,17.25967087554406,0.0,407.1328487097644,0.0,109.88601822485916,0.0,9.325312548055871,0.0,8.183779217242098,0.0,5.872867693158517,0.0
Htbtp,248.0901960784314,0.0,13.913737095735373,0.0,256.191667139112,0.0,148.0,0.0,99.32668210888944,0.0,10.405505077943687,0.0,12.165525060596439,0.0,8.306053840309067,0.0,26915.828642598364,0.0,1095.3560402737567,0.0,701.1863136535459,0.0,2.61608891607832,0.0,19.301533843201234,0.0,426.78536254161344,0.0,127.36611756507,0.0,10.405505077944746,0.0,9.848618440097242,0.0,7.406477939761948,0.0
Htfkn,235.24313725490197,0.0,13.788079701993027,0.0,257.946341516091,0.0,147.0,0.0,98.37114626106536,0.0,10.44897703419072,0.0,12.12435565298214,0.0,8.24618676585383,0.0,899.6415932422126,0.0,315.28422078399177,0.0,232.57824986006807,0.0,2.4393694926970655,0.0,15.376040134294039,0.0,664.8228826773021,0.0,223.10994225029532,0.0,10.448977034193573,0.0,9.529270957719795,0.0,7.369716388443712,0.0
Htnbn,241.61960784313726,0.0,13.808685118366375,0.0,238.26910178638377,0.0,136.0,0.0,87.68108489712827,0.0,9.755401803083224,0.0,11.661903789690601,0.0,7.616977034950343,0.0,862.1348604729754,0.0,181.2430380399568,0.0,128.58139400055526,0.0,2.2973655520847394,0.0,13.409180841810251,0.0,584.7138688795263,0.0,140.97887874206603,0.0,9.755401803080547,0.0,9.061531800927828,0.0,6.669537706513342,0.0
Htscr,213.62745098039215,0.0,12.911760388285192,0.0,228.76625010461225,0.0,113.0,0.0,71.95427860253304,0.0,9.271759070537724,0.0,10.63014581273465,0.0,6.870134048753743,0.0,855.6485456234192,0.0,137.4059191242525,0.0,100.66953743399068,0.0,4.533470873704078,0.0,13.492733944153448,0.0,418.43167619937896,0.0,161.6849304156724,0.0,9.271759070544721,0.0,8.031571087321577,0.0,5.958176119988163,0.0
Htstr,212.50196078431372,0.0,12.982650120535835,0.0,238.63075162048796,0.0,123.0,0.0,79.42076546989466,0.0,9.638753164299775,0.0,11.090536506409418,0.0,7.272531225924384,0.0,856.5006808197694,0.0,146.65351647090972,0.0,107.6131530914537,0.0,4.819617143967948,0.0,12.589974209162575,0.0,419.88255842628604,0.0,167.93680210140474,0.0,9.63875316430621,0.0,8.369988787938647,0.0,6.332081268509022,0.0
Hufus,232.1960784313725,0.0,13.526827829409592,0.0,230.3793921919584,0.0,115.0,0.0,73.46621797831081,0.0,9.35419452656599,0.0,10.723805294763608,0.0,6.954341457748779,0.0,892.5297463761932,0.0,288.00874943513764,0.0,209.72627667760185,0.0,2.482616387949899,0.0,12.99481722221504,0.0,451.55609635079895,0.0,146.4636162525912,0.0,9.35419452656062,0.0,8.433145233865496,0.0,6.099863621715551,0.0
Hugul,236.50980392156862,0.0,13.626271073197026,0.0,248.65177356086346,0.0,146.0,0.0,95.09280910767225,0.0,10.12196282904663,0.0,12.083045973594572,0.0,8.008570249350692,0.0,914.1015332286016,0.0,180.2130540677078,0.0,137.22119738698342,0.0,4.342557595089559,0.0,11.704015378851958,0.0,463.98141278262017,0.0,157.1203752012279,0.0,10.121962829059147,0.0,9.198203036877855,0.0,7.085069537965965,0.0
Huhör,233.83529411764704,0.0,13.504324566853406,0.0,235.57164354382775,0.0,128.0,0.0,81.47920564343059,0.0,9.596167283987219,0.0,11.313708498984761,0.0,7.309742062531498,0.0,857.2523906079737,0.0,184.99013772693598,0.0,113.69911766122915,0.0,3.6680584160128893,0.0,33.45140069349888,0.0,461.6157400487453,0.0,243.19320546007586,0.0,9.59616728399894,0.0,8.723253901145682,0.0,6.417143176439924,0.0
Humor,233.98823529411766,0.0,13.454261876065805,0.0,245.30081017674883,0.0,137.0,0.0,87.8061085869019,0.0,9.917499890546457,0.0,11.704699910719626,0.0,7.602641621627051,0.0,875.7414471964343,0.0,144.87648202707865,0.0,95.53600108520418,0.0,4.373162014722175,0.0,10.542976637299647,0.0,421.3584772011189,0.0,163.06435692267542,0.0,9.917499890549776,0.0,8.80206810181905,0.0,6.6432256147122395,0.0
Humus,245.72941176470587,0.0,13.737993744579494,0.0,236.40219376749718,0.0,129.0,0.0,82.00547685961352,0.0,9.612357005887134,0.0,11.357816691600547,0.0,7.300598260775112,0.0,873.0616970596177,0.0,132.916008849398,0.0,86.49334513467402,0.0,2.245411759139912,0.0,10.315551711499788,0.0,449.73788965261906,0.0,141.87817008908962,0.0,9.612357005881726,0.0,8.565525050120783,0.0,6.352699810193835,0.0
Hunan,236.6156862745098,0.0,13.59766981417185,0.0,223.7295213720896,0.0,122.0,0.0,75.13085555852516,0.0,9.124698619973678,0.0,11.045361017187261,0.0,6.862556823786369,0.0,850.7395115036952,0.0,83.0626504252379,0.0,51.3188981065352,0.0,2.1585348674138265,0.0,8.778076796219155,0.0,560.3286469799327,0.0,108.28947177079495,0.0,9.124698619969358,0.0,8.340090009113544,0.0,5.901353244896498,0.0
Hunde,250.1921568627451,0.0,14.055205594584383,0.0,227.9112817314718,0.0,129.0,0.0,81.7371847100398,0.0,9.396256178130667,0.0,11.357816691600547,0.0,7.278183570260417,0.0,902.8701511312134,0.0,105.34422225652037,0.0,72.259082882061,0.0,2.0793635772217103,0.0,9.022670202449177,0.0,441.20149705529036,0.0,126.63242702063671,0.0,9.396256178137351,0.0,8.99922941748231,0.0,6.357204718932101,0.0
Hurku,230.321568627451,0.0,13.465757617747151,0.0,243.3025860323477,0.0,142.0,0.0,90.92091152308387,0.0,9.917193976391852,0.0,11.916375287812984,0.0,7.73077211334922,0.0,852.3871222828978,0.0,117.68398967473266,0.0,81.53812354428024,0.0,2.6959486231747825,0.0,12.219390858595506,0.0,703.1527990874727,0.0,220.9092665932,0.0,9.917193976401178,0.0,8.938381070065736,0.0,6.8661605009847975,0.0
Hurtu,215.10980392156864,0.0,13.035389089104495,0.0,234.16573392402566,0.0,125.0,0.0,78.73534298202306,0.0,9.479291028152039,0.0,11.180339887498949,0.0,7.1283919420822945,0.0,850.70464615479,0.0,103.02050093261595,0.0,67.6560871254056,0.0,4.23857070528312,0.0,11.727477362830411,0.0,602.9193531269241,0.0,116.41356714022939,0.0,9.479291028155432,0.0,8.358919035429633,0.0,6.227859927412006,0.0
Husar,228.27843137254902,0.0,13.28551807000059,0.0,227.18209728060253,0.0,119.0,0.0,73.58513173133791,0.0,9.18460887763334,0.0,10.908712114635714,0.0,6.82850909195972,0.0,853.4479701944443,0.0,98.69447734986201,0.0,63.90181692869566,0.0,3.685240684386781,0.0,9.940306111920972,0.0,414.8592934713376,0.0,163.41696797634262,0.0,9.184608877631808,0.0,8.221576872423107,0.0,5.890482417487766,0.0
Hvnhb,249.47450980392156,0.0,13.98974414263787,0.0,250.6558938266204,0.0,155.0,0.0,101.70265082488999,0.0,10.279593087568406,0.0,12.449899597988733,0.0,8.295121325730287,0.0,967.0180203911542,0.0,418.51114620687406,0.0,291.2911912156954,0.0,2.8569376330492884,0.0,27.542009906587943,0.0,709.2897390295486,0.0,373.55100443676264,0.0,10.279593087564102,0.0,9.69175301533939,0.0,7.4072667444209275,0.0
Hvrts,214.47843137254904,0.0,13.019120000309863,0.0,239.86001895181866,0.0,124.0,0.0,80.89902001279665,0.0,9.722030523441717,0.0,11.135528725660043,0.0,7.376181427700736,0.0,911.9448271353524,0.0,228.64466656110312,0.0,170.56488115186613,0.0,3.5892758326290095,0.0,22.884051321895534,0.0,448.9013707132337,0.0,120.60244532384343,0.0,9.72203052342944,0.0,8.357622918291376,0.0,6.515497960426912,0.0
Hvxvn,229.23137254901962,0.0,13.506222810037853,0.0,264.67593631973,0.0,170.0,0.0,113.15420058151321,0.0,10.75040268396206,0.0,13.038404810405298,0.0,8.794484520741749,0.0,967.8764943041728,0.0,287.7094377469306,0.0,219.24205409167317,0.0,2.688021603354324,0.0,30.42103230405707,0.0,628.6519882578757,0.0,181.54168651652992,0.0,10.750402683957944,0.0,9.820702776940603,0.0,7.944741372842309,0.0
Hxfms,255.65098039215687,0.0,14.215318453659298,0.0,265.937686852243,0.0,148.0,0.0,100.32201650590001,0.0,10.65842648884496,0.0,12.165525060596439,0.0,8.376128683884438,0.0,951.4815476870833,0.0,410.78248741033786,0.0,305.85723157187863,0.0,2.029544908097779,0.0,32.89118350841333,0.0,434.36313632495745,0.0,143.70885462963653,0.0,10.658426488836811,0.0,9.56250956658587,0.0,7.484080252058849,0.0
Hymnv,248.25882352941173,0.0,13.964714141762098,0.0,283.2598110757457,0.0,193.0,0.0,129.06614265698033,0.0,11.36174900783266,0.0,13.892443989449804,0.0,9.44568446315335,0.0,21338.008140318125,0.0,470.78733461790546,0.0,333.36691334911615,0.0,4.28890967683225,0.0,32.98814639444243,0.0,462.74264059291846,0.0,125.95900116475961,0.0,11.361749007836055,0.0,10.402266326619321,0.0,8.517578996642426,0.0
Hzkrz,233.93725490196076,0.0,13.802407448154097,0.0,252.69863908664152,0.0,137.0,0.0,89.80752403398387,0.0,10.148460543793073,0.0,11.704699910719626,0.0,7.784573651168096,0.0,888.8112118334489,0.0,381.1651331819745,0.0,251.39077683195475,0.0,3.5322463664792902,0.0,25.661744553738302,0.0,478.28725982843065,0.0,149.784515060933,0.0,10.14846054379446,0.0,9.184930891862678,0.0,6.8500196146158165,0.0
Hähne,254.33333333333331,0.0,14.147853849632371,0.0,225.2269240010458,0.0,123.0,0.0,78.0170663556621,0.0,9.26400661503164,0.0,11.090536506409418,0.0,7.1113795949983265,0.0,853.6084906401688,0.0,97.01360302702969,0.0,67.85579226079227,0.0,2.579429091033433,0.0,11.115068832354135,0.0,453.7959781932798,0.0,138.37112544437647,0.0,9.264006615022431,0.0,8.862958249384429,0.0,6.248706477022961,0.0
Händä,266.0980392156863,0.0,14.310897921093508,0.0,235.93678407615158,0.0,125.0,0.0,80.69996328422577,0.0,9.599406998728066,0.0,11.180339887498949,0.0,7.307002405862869,0.0,917.3452728458197,0.0,222.8149714639321,0.0,179.78586126500034,0.0,1.7300199412450163,0.0,70.78152670624355,0.0,505.27039507355386,0.0,334.5516081963448,0.0,9.59940699877074,0.0,8.923355140470179,0.0,6.366014148160751,0.0
Hännä,253.83529411764704,0.0,14.02411280972745,0.0,228.12877841760292,0.0,123.0,0.0,77.37237380977422,0.0,9.294424081841386,0.0,11.090536506409418,0.0,7.045722535540129,0.0,866.9754441397142,0.0,211.0805805251756,0.0,171.5333191624614,0.0,2.054121563389219,0.0,70.69655425457333,0.0,509.54391013385055,0.0,333.9605599156727,0.0,9.294424081862593,0.0,8.645591293104976,0.0,6.140787745905758,0.0
Härte,230.78039215686277,0.0,13.514097044042625,0.0,229.71689924489593,0.0,114.0,0.0,73.0723330444665,0.0,9.31368316299283,0.0,10.677078252031311,0.0,6.925180821686292,0.0,855.2108746919334,0.0,108.6614837070353,0.0,75.24360528884218,0.0,4.096976338481258,0.0,10.517100741701224,0.0,407.8289087302529,0.0,117.10397727074994,0.0,9.313683162981636,0.0,8.529173207227444,0.0,6.062113380022975,0.0
Häsär,245.49803921568628,0.0,13.721665573575004,0.0,232.5556743418821,0.0,120.0,0.0,75.98936376423072,0.0,9.389416497645765,0.0,10.954451150103322,0.0,7.027853708283656,0.0,861.7456067787208,0.0,171.66209728440947,0.0,132.42817760819653,0.0,3.6758729423384686,0.0,27.611778203949065,0.0,434.1503157351179,0.0,206.33553274024752,0.0,9.38941649764904,0.0,8.607580950283795,0.0,6.141696686646031,0.0
Höböt,242.78823529411767,0.0,13.600736687648624,0.0,234.27188570595433,0.0,127.0,0.0,82.22019988499335,0.0,9.591496693087171,0.0,11.269427669584644,0.0,7.395735687064837,0.0,864.9145689615393,0.0,246.8324840783373,0.0,146.62803611094384,0.0,4.188127557574388,0.0,35.55430257498243,0.0,506.9406337853471,0.0,281.90866551697906,0.0,9.591496693086631,0.0,8.973208817756491,0.0,6.51540932145834,0.0
Höhen,247.53725490196078,0.0,13.951928233134293,0.0,225.62828302462225,0.0,122.0,0.0,78.39034024183782,0.0,9.340652756806302,0.0,11.045361017187261,0.0,7.174835232789797,0.0,853.3197422308,0.0,163.07941405819832,0.0,93.22510104819143,0.0,2.3296672847622366,0.0,13.187902656304885,0.0,571.5920616286875,0.0,122.90601009678876,0.0,9.340652756794814,0.0,8.834091723779581,0.0,6.307148098797319,0.0
Höhle,237.1372549019608,0.0,13.6954011931316,0.0,234.54658286831068,0.0,121.0,0.0,79.06566670176252,0.0,9.605131359592976,0.0,11.0,0.0,7.291239521022149,0.0,858.8719199160074,0.0,172.03035802979005,0.0,103.36932348099978,0.0,3.3008790106514825,0.0,13.613638386694388,0.0,497.17562513552866,0.0,317.10020639538,0.0,9.605131359588729,0.0,8.718988943490128,0.0,6.410221450631619,0.0
Höhlö,235.72156862745095,0.0,13.515080218417696,0.0,239.1571888675605,0.0,118.0,0.0,77.94641062813666,0.0,9.731773890118495,0.0,10.862780491200215,0.0,7.290145619467734,0.0,864.0335946815551,0.0,189.89231518636592,0.0,125.08482284181596,0.0,3.5622907794789485,0.0,109.79286813518792,0.0,1034.6759016386093,0.0,825.3590765572942,0.0,9.731759731448834,0.0,8.473394161387992,0.0,6.396119300672289,0.0
Höllö,219.44313725490196,0.0,13.09504603583002,0.0,244.18881464743384,0.0,114.0,0.0,76.19813937415823,0.0,9.846623515233144,0.0,10.677078252031311,0.0,7.257796081154904,0.0,865.5613257694171,0.0,192.29367099196404,0.0,127.5957635583361,0.0,4.284775999393348,0.0,109.55626621513879,0.0,1026.1210974379437,0.0,824.1386118209919,0.0,9.846609521703181,0.0,8.219429105625572,0.0,6.362918743086183,0.0
Hörer,224.5450980392157,0.0,13.345523262774197,0.0,233.5691889863469,0.0,123.0,0.0,78.73861338559931,0.0,9.507370894658136,0.0,11.090536506409418,0.0,7.193212819765704,0.0,856.5278025702373,0.0,172.8578831234038,0.0,99.9269331969448,0.0,4.2084652912290705,0.0,12.810598626030119,0.0,419.06546187828167,0.0,167.93913203646133,0.0,9.507370894649334,0.0,8.741310154005275,0.0,6.3337343091252425,0.0
Hürde,248.33333333333331,0.0,14.006688686152346,0.0,238.7797960654724,0.0,134.0,0.0,86.14925610062284,0.0,9.743065727556262,0.0,11.575836902790225,0.0,7.542305764683136,0.0,905.1191766656203,0.0,123.9584717140217,0.0,85.86943963790826,0.0,2.377983345262942,0.0,11.557124078638786,0.0,437.1173018592125,0.0,144.10805606719887,0.0,9.743065727566156,0.0,9.284772051316295,0.0,6.654777104811328,0.0
Hüter,226.95294117647057,0.0,13.448026314842854,0.0,237.9067079179183,0.0,133.0,0.0,85.3239799899034,0.0,9.70064000307998,0.0,11.532562594670797,0.0,7.4964664278941076,0.0,854.1553751791886,0.0,119.9748041071798,0.0,83.11092712444356,0.0,4.470355258433043,0.0,11.434334942421764,0.0,422.26152992057723,0.0,176.6529357737859,0.0,9.700640003077815,0.0,9.111399864604419,0.0,6.628804337115927,0.0
Iband,238.43137254901964,0.0,13.530477934688765,0.0,243.95480990137986,0.0,118.0,0.0,78.23267298933885,0.0,9.811981726924168,0.0,10.862780491200215,0.0,7.316412922112102,0.0,1015.2776930880793,0.0,314.1087249548893,0.0,216.43431454637226,0.0,4.895025337997378,0.0,18.417120363009428,0.0,367.0985976708587,0.0,200.35826227039243,0.0,9.81198172693561,0.0,8.664835875550255,0.0,6.287302783416887,0.0
Ichzt,201.25098039215686,0.0,12.621684836208482,0.0,230.19499585597697,0.0,94.0,0.0,60.90428359695818,0.0,9.170081628058693,0.0,9.695359714832659,0.0,6.381132977038713,0.0,855.2108683639765,0.0,142.9498759206709,0.0,99.1186374546509,0.0,3.635558621758214,0.0,16.381471290898496,0.0,377.9139196362976,0.0,240.36974882015505,0.0,9.170081628083658,0.0,7.360464642320736,0.0,5.341956775856167,0.0
Icken,213.92156862745097,0.0,12.965056992031036,0.0,230.96609352263488,0.0,108.0,0.0,71.34003450202871,0.0,9.416227964944916,0.0,10.392304845413264,0.0,6.957235974413278,0.0,856.2262709907487,0.0,137.92375765952053,0.0,100.87440345485412,0.0,4.740318118717528,0.0,15.942296972898749,0.0,430.1379514655911,0.0,94.58867568288971,0.0,9.416227964948325,0.0,7.9937453032409405,0.0,6.036824231054137,0.0
Icons,199.93725490196078,0.0,12.33077750256497,0.0,209.60802077680776,0.0,77.0,0.0,48.0608269688158,0.0,8.397596552380906,0.0,8.774964387392123,0.0,5.550701350349846,0.0,850.2477418399661,0.0,89.13395943802115,0.0,57.64390723366515,0.0,4.9137118878404085,0.0,15.427823968546289,0.0,245.11773712642687,0.0,116.65938724100943,0.0,8.397596552377596,0.0,6.336679067738034,0.0,4.5178477864768976,0.0
Ideen,230.08235294117648,0.0,13.532538996352915,0.0,230.76750060067985,0.0,112.0,0.0,74.37613555679721,0.0,9.456381684240954,0.0,10.583005244258363,0.0,7.127605364597825,0.0,1168.9225817449772,0.0,318.387010826564,0.0,234.32689510715142,0.0,3.269256848116422,0.0,15.838843296457373,0.0,421.41203310377796,0.0,103.95036013186208,0.0,9.45638168424603,0.0,8.559704731397188,0.0,6.218122008626753,0.0
Idels,217.9019607843137,0.0,13.108133365317608,0.0,236.3003631082056,0.0,99.0,0.0,67.16206261659289,0.0,9.532949168513737,0.0,9.9498743710662,0.0,6.8765993863942105,0.0,1170.33669466226,0.0,322.5287385883685,0.0,238.21154989578477,0.0,3.5397350973641624,0.0,16.173097914783792,0.0,316.59476338463816,0.0,310.72000897082034,0.0,9.532949168519277,0.0,7.714061100239689,0.0,5.92381251269062,0.0
Idils,204.76862745098038,0.0,12.749590761688866,0.0,240.4494745054845,0.0,87.0,0.0,59.31311266073297,0.0,9.525510895789559,0.0,9.327379053088816,0.0,6.488686143480361,0.0,1180.9148871759442,0.0,323.5614039315648,0.0,238.61491470449553,0.0,3.5158416914201944,0.0,16.16336602794959,0.0,321.0797827354369,0.0,315.0947340234813,0.0,9.52551089580112,0.0,6.94244572101969,0.0,5.429866118000433,0.0
Idiot,199.721568627451,0.0,12.528082411297731,0.0,234.9310726135423,0.0,90.0,0.0,60.12207265943724,0.0,9.349560686734472,0.0,9.486832980505138,0.0,6.450622977854344,0.0,1179.2666470545914,0.0,320.51304678745765,0.0,235.57306460068108,0.0,3.645091221701574,0.0,16.468528745272277,0.0,321.05311702188243,0.0,215.47811118362438,0.0,9.349560686753893,0.0,7.10067346029804,0.0,5.390762869988374,0.0
Idole,211.57254901960783,0.0,12.897422767090493,0.0,234.95018911323257,0.0,100.0,0.0,66.8899706543778,0.0,9.469065908227185,0.0,10.0,0.0,6.8111784327186715,0.0,1171.499693181553,0.0,321.9873802543686,0.0,237.70123114587034,0.0,3.3507411179136417,0.0,16.391674868087723,0.0,319.53934713953026,0.0,310.6345598096378,0.0,9.46906590823271,0.0,7.712125560088506,0.0,5.806452835182747,0.0
Ihnon,213.58823529411762,0.0,12.935913962684692,0.0,224.9781568141503,0.0,95.0,0.0,61.6019483657429,0.0,9.10477892068393,0.0,9.746794344808963,0.0,6.4107605282925,0.0,852.4164071409594,0.0,108.3386373607826,0.0,75.56472705309696,0.0,2.666271079112944,0.0,12.682908727647431,0.0,513.8681552106625,0.0,175.73926532962284,0.0,9.104778920695104,0.0,7.2588252376606714,0.0,5.372096368811771,0.0
Illan,193.70588235294116,0.0,12.41918311278055,0.0,242.93323668445834,0.0,99.0,0.0,65.68265233671644,0.0,9.621610942951113,0.0,9.9498743710662,0.0,6.725692496441565,0.0,857.6309116153967,0.0,125.70583665365909,0.0,89.67453166494741,0.0,5.4916588822741845,0.0,12.07373613677863,0.0,421.2289405634042,0.0,115.35582955548905,0.0,9.621610942963883,0.0,7.2761755955970235,0.0,5.655625368876598,0.0
Indas,226.98823529411766,0.0,13.205655121267295,0.0,227.1963365216657,0.0,92.0,0.0,59.8694462667346,0.0,9.109049267004488,0.0,9.591663046625438,0.0,6.34101827583996,0.0,915.150955891905,0.0,128.99375124609753,0.0,88.56812302182857,0.0,4.317353785617026,0.0,12.80324298711909,0.0,215.48927592980093,0.0,105.69946659694146,0.0,9.10904926700168,0.0,7.307155391708482,0.0,5.258574654269774,0.0
Inder,219.52549019607844,0.0,13.222656566452748,0.0,239.2286302046631,0.0,114.0,0.0,75.25849524719709,0.0,9.666971047663301,0.0,10.677078252031311,0.0,7.157508732331946,0.0,916.3406510153333,0.0,139.9048361457956,0.0,96.91841654187022,0.0,4.437014144168603,0.0,12.607580758945943,0.0,223.20267132256913,0.0,159.2354979092847,0.0,9.666971047670982,0.0,8.3319994775633,0.0,6.148437655058345,0.0
Index,232.52156862745096,0.0,13.588727603338707,0.0,247.1060486537993,0.0,124.0,0.0,83.99095847067984,0.0,10.013136971156573,0.0,11.135528725660043,0.0,7.640857757294052,0.0,926.4885507273972,0.0,216.02664779981038,0.0,165.96705035321392,0.0,5.116830693407045,0.0,22.196771704026446,0.0,613.8596209460461,0.0,120.2136811861464,0.0,10.013136971160819,0.0,8.79588441265765,0.0,6.683757894779741,0.0
Indiz,213.61176470588236,0.0,13.129856271904753,0.0,244.67426251238527,0.0,105.0,0.0,69.5965881327061,0.0,9.710018841318519,0.0,10.246950765959598,0.0,6.906187925625659,0.0,943.0103908737392,0.0,204.35541534716458,0.0,147.14470324666343,0.0,3.7862446387520614,0.0,17.53642267693957,0.0,472.1226984233514,0.0,325.8828841749385,0.0,9.710018841352637,0.0,7.820698374494183,0.0,5.840150849609879,0.0
Insel,205.6392156862745,0.0,12.794416794639597,0.0,231.5621001422731,0.0,101.0,0.0,66.69572180242072,0.0,9.354962609904442,0.0,10.04987562112089,0.0,6.747151520985224,0.0,857.3764568138776,0.0,132.12111899421777,0.0,95.95718892475412,0.0,3.2653599703299436,0.0,13.11433628003924,0.0,237.03905532411403,0.0,117.40631468403741,0.0,9.354962609917997,0.0,7.4529964938099,0.0,5.739725641860435,0.0
Ionen,209.7098039215686,0.0,12.857283632508333,0.0,215.33029834265963,0.0,91.0,0.0,58.07466719580551,0.0,8.75878539796999,0.0,9.539392014169456,0.0,6.147446177909872,0.0,850.396070770504,0.0,88.18677293104558,0.0,56.943216550667486,0.0,4.629732368837113,0.0,11.027819905716411,0.0,428.75906048794195,0.0,91.77261508468037,0.0,8.758785397970552,0.0,7.275847985174677,0.0,5.157394485529782,0.0
Irben,218.92549019607844,0.0,13.162054438699512,0.0,237.36865066830796,0.0,115.0,0.0,75.25719804650483,0.0,9.58368527481675,0.0,10.723805294763608,0.0,7.11188515429638,0.0,859.9943864542547,0.0,151.92692475891627,0.0,100.46781062981479,0.0,4.621307839904197,0.0,12.055536524905996,0.0,461.5809755155134,0.0,118.42298420211625,0.0,9.583685274828902,0.0,8.430406671031902,0.0,6.142650870456958,0.0
Irnst,196.36470588235292,0.0,12.461403079313076,0.0,229.24906253290254,0.0,97.0,0.0,62.10039037506802,0.0,9.14839528014338,0.0,9.848857801796104,0.0,6.395283165868499,0.0,852.8942907174737,0.0,115.00967325823578,0.0,74.69884451582045,0.0,3.517919188147295,0.0,11.817461811303408,0.0,357.4150114217762,0.0,205.5498223132661,0.0,9.148395280166998,0.0,7.121310815349401,0.0,5.329115864751582,0.0
Irnta,196.8313725490196,0.0,12.448879859869916,0.0,234.11765407801587,0.0,97.0,0.0,62.743612130243946,0.0,9.289871634887316,0.0,9.848857801796104,0.0,6.462388441596372,0.0,855.8021119190281,0.0,121.55121028430611,0.0,80.33312544018122,0.0,3.9673649970689073,0.0,11.894577127613557,0.0,274.00411369839117,0.0,109.82133550216065,0.0,9.289871634892226,0.0,7.232719895530568,0.0,5.391810431375675,0.0
Irrer,190.14901960784312,0.0,12.419506924557632,0.0,241.79522964906792,0.0,108.0,0.0,70.35822446836391,0.0,9.605903922615417,0.0,10.392304845413264,0.0,6.879123581025978,0.0,856.9927290862323,0.0,129.96833695543395,0.0,85.36189611313272,0.0,3.506388174513212,0.0,11.581708466047925,0.0,265.2829150951698,0.0,160.53111017549875,0.0,9.605903922633443,0.0,7.884746253963479,0.0,5.915319463285129,0.0
Islam,217.05098039215687,0.0,12.910980815009227,0.0,250.31382915826384,0.0,111.0,0.0,73.58627801940003,0.0,9.891125687660686,0.0,10.535653752852738,0.0,7.114186091629508,0.0,937.2762523641059,0.0,220.861071197733,0.0,152.44637058465952,0.0,6.598954493164021,0.0,15.328212587932365,0.0,196.66551843354054,0.0,148.8584845186168,0.0,9.891125687658574,0.0,7.732117674566045,0.0,6.078619070081691,0.0
Itidi,194.69803921568626,0.0,12.544941739398626,0.0,252.98671590899943,0.0,105.0,0.0,71.23765040643883,0.0,9.959247487118743,0.0,10.246950765959598,0.0,7.087465214679824,0.0,934.3190040048075,0.0,177.72900687237305,0.0,127.70851634601063,0.0,5.208601385065435,0.0,14.479970586316078,0.0,248.8014827971623,0.0,159.92410704947062,0.0,9.959247487160614,0.0,7.548669953046481,0.0,5.996312671789234,0.0
Ixtra,201.27058823529413,0.0,12.591872909152396,0.0,250.2926301182738,0.0,108.0,0.0,73.31525135456926,0.0,9.91188286319339,0.0,10.392304845413264,0.0,7.166900503658503,0.0,885.5218312880944,0.0,290.2282487654177,0.0,221.4743058203332,0.0,3.072180270305224,0.0,32.04507726203143,0.0,305.688524903424,0.0,155.71277060879024,0.0,9.911882863196578,0.0,7.836378071918094,0.0,6.132649121468246,0.0
Jacht,206.0941176470588,0.0,12.471682033669024,0.0,222.49422455475315,0.0,101.0,0.0,63.45477102585497,0.0,8.943558057674716,0.0,10.04987562112089,0.0,6.4013445256153725,0.0,851.1411800426212,0.0,99.47052924088767,0.0,67.16369884101724,0.0,3.1620750998856337,0.0,10.465165977581766,0.0,507.7386952636885,0.0,252.18061322419987,0.0,8.943558057656476,0.0,7.624947160961601,0.0,5.408002346640599,0.0
Jacke,217.42745098039217,0.0,12.842117606582628,0.0,223.87660476279046,0.0,107.0,0.0,68.69787318479624,0.0,9.113701926475056,0.0,10.344080432788601,0.0,6.725409071078166,0.0,855.7978578529975,0.0,111.68814752929359,0.0,79.06678574777877,0.0,4.276677404571588,0.0,10.187129169745972,0.0,498.31295055989074,0.0,233.59135841261653,0.0,9.113701926447636,0.0,8.167447403365717,0.0,5.841850351394128,0.0
Jagen,233.45098039215688,0.0,13.38559653286178,0.0,227.39762049388003,0.0,112.0,0.0,72.85693914630403,0.0,9.287394703196675,0.0,10.583005244258363,0.0,6.980264942122106,0.0,910.1355942508623,0.0,158.15178184126776,0.0,118.71537058182865,0.0,4.035779080813292,0.0,9.684979061170992,0.0,503.1273575533538,0.0,131.6079283313768,0.0,9.287394703157654,0.0,8.638385459210893,0.0,6.091356228259517,0.0
Jahre,216.64705882352942,0.0,12.946997502475398,0.0,226.35351729015895,0.0,101.0,0.0,64.545202787159,0.0,9.118813771573473,0.0,10.04987562112089,0.0,6.510973023010292,0.0,856.3690945107261,0.0,107.02937361243023,0.0,73.23505530737542,0.0,3.233424642879035,0.0,10.38412338329924,0.0,428.5292418095901,0.0,179.19202432479094,0.0,9.118813771534528,0.0,8.035843955628664,0.0,5.5381098980897505,0.0
Japan,233.60000000000002,0.0,13.242813840570056,0.0,232.5937383407163,0.0,113.0,0.0,72.59650228258715,0.0,9.371828718828777,0.0,10.63014581273465,0.0,6.942863255618497,0.0,8151.506188717048,0.0,358.5460664183869,0.0,235.63237649715268,0.0,3.8446659894655064,0.0,12.263823033189308,0.0,503.655624946643,0.0,136.8209050896796,0.0,9.37182871879774,0.0,8.509026359601437,0.0,5.981995739755395,0.0
Jcrys,203.90980392156865,0.0,12.45541622388691,0.0,244.4887360864766,0.0,115.0,0.0,76.73274372119776,0.0,9.824775997805732,0.0,10.723805294763608,0.0,7.287950544773488,0.0,30585.984298101113,0.0,567.7047340483807,0.0,388.24321431304344,0.0,4.791154355992096,0.0,17.511138102497345,0.0,385.8993546249744,0.0,178.27119018590443,0.0,9.82477599776513,0.0,8.155640335183461,0.0,6.359981182262115,0.0
Jecke,218.74117647058824,0.0,13.017146589944296,0.0,226.63772383798488,0.0,120.0,0.0,77.36370591744873,0.0,9.309902326697648,0.0,10.954451150103322,0.0,7.144429425511768,0.0,866.8277945081813,0.0,113.6651742857732,0.0,80.48864968495411,0.0,4.040658233920947,0.0,10.369341046944797,0.0,501.5223406070998,0.0,233.76482804770043,0.0,9.309902326672251,0.0,8.914045184749677,0.0,6.316584049447198,0.0
Jeeps,236.4470588235294,0.0,13.500627521833037,0.0,227.93468749746762,0.0,115.0,0.0,76.26025868422529,0.0,9.388796873851371,0.0,10.723805294763608,0.0,7.218893034485113,0.0,7566.019244203268,0.0,335.3719161027325,0.0,219.94755386974336,0.0,4.651476035977079,0.0,12.230559576988979,0.0,350.09708134306646,0.0,134.9033018950194,0.0,9.388796873803791,0.0,9.088728630389905,0.0,6.43254204151295,0.0
Jemen,233.36470588235295,0.0,13.484163037646653,0.0,238.41336130211334,0.0,131.0,0.0,84.87605969552882,0.0,9.719365798044057,0.0,11.445523142259598,0.0,7.489452559421451,0.0,886.0729945308045,0.0,141.21491150020617,0.0,92.84838089498817,0.0,3.566295003230371,0.0,9.888510839938796,0.0,506.32562468888756,0.0,132.58834749711318,0.0,9.719365798010173,0.0,9.258392088319765,0.0,6.574231726985147,0.0
Jhntz,212.06274509803922,0.0,12.948014830199275,0.0,237.3156725060946,0.0,113.0,0.0,73.17633749355447,0.0,9.538060105949375,0.0,10.63014581273465,0.0,6.984541104041513,0.0,863.1112948708502,0.0,194.0395759136718,0.0,141.37337652476478,0.0,2.7383206397595945,0.0,16.093350048165195,0.0,453.68437269970923,0.0,201.16088591468028,0.0,9.538060105920872,0.0,8.335960017672358,0.0,5.991766309588818,0.0
Jhrln,203.5607843137255,0.0,12.686413309541637,0.0,246.6052465761196,0.0,117.0,0.0,76.78598618299031,0.0,9.86926922650899,0.0,10.816653826391969,0.0,7.220878769270096,0.0,856.3407368418686,0.0,128.6481721945204,0.0,92.14752034035709,0.0,3.027231488485208,0.0,11.833264324453706,0.0,628.9614370610733,0.0,353.60738840801554,0.0,9.869269226491877,0.0,8.213162998138852,0.0,6.227589711412333,0.0
Jirir,177.25882352941176,0.0,11.97036260647151,0.0,248.26616668421596,0.0,109.0,0.0,70.21371874097342,0.0,9.745013027788715,0.0,10.44030650891055,0.0,6.843640562941083,0.0,886.7771752741155,0.0,122.39567535793947,0.0,81.18749275366669,0.0,2.4415869364478073,0.0,10.662872251598063,0.0,567.2464975671147,0.0,366.7711507222718,0.0,9.745013027790058,0.0,7.794067332253161,0.0,5.847173906884871,0.0
Jjxlt,195.49411764705883,0.0,12.453939435322052,0.0,272.26156695364415,0.0,143.0,0.0,99.25446326127899,0.0,10.823422383753737,0.0,11.958260743101398,0.0,8.46181307557751,0.0,40382.312804103,0.0,2918.5353504409386,0.0,2314.622129857385,0.0,3.6384982064941473,0.0,35.74988504034164,0.0,519.5611694998557,0.0,372.55991625578815,0.0,10.823422383725196,0.0,8.94913976176024,0.0,7.531238059477549,0.0
Jngjr,216.14117647058822,0.0,12.999614935296147,0.0,264.97269912233116,0.0,142.0,0.0,97.37944591577514,0.0,10.633098756733977,0.0,11.916375287812984,0.0,8.340685732199624,0.0,5383.884790798042,0.0,468.59925780638827,0.0,367.9632967820006,0.0,4.354157230554919,0.0,17.345367121750424,0.0,388.30481645121523,0.0,232.604859464039,0.0,10.633098756713636,0.0,9.188992579142942,0.0,7.372369398310322,0.0
Joule,198.98431372549018,0.0,12.390139448591997,0.0,224.4883494909731,0.0,103.0,0.0,65.3060103182124,0.0,9.0774414906757,0.0,10.14889156509222,0.0,6.521504131895096,0.0,855.3958901500425,0.0,101.39491654582562,0.0,70.76326847539089,0.0,3.5466581862357094,0.0,10.129929708845234,0.0,429.36357495596127,0.0,321.26535085027973,0.0,9.077441490640139,0.0,7.754609683491995,0.0,5.598440447751706,0.0
Jrgll,201.40784313725493,0.0,12.6161811845606,0.0,266.5683256257216,0.0,138.0,0.0,93.21842051979878,0.0,10.576953476083263,0.0,11.74734012447073,0.0,8.099393756151473,0.0,920.0886423207439,0.0,203.77091477256485,0.0,153.30225374825017,0.0,4.476366639306783,0.0,12.544945188454546,0.0,473.37303952134175,0.0,331.4039943603264,0.0,10.576953476067509,0.0,8.90582627856683,0.0,7.115235336226943,0.0
Jschj,208.67843137254903,0.0,12.597779657049955,0.0,241.22312067880927,0.0,118.0,0.0,78.25742886993702,0.0,9.749469145735818,0.0,10.862780491200215,0.0,7.366544468982312,0.0,80765.40496840123,0.0,4520.799864650277,0.0,3969.4511831100012,0.0,3.5609546066546653,0.0,44.87843594436297,0.0,460.14123587541815,0.0,313.43847853339025,0.0,9.74946914570032,0.0,8.065362772848689,0.0,6.4152593750040765,0.0
Jtllx,191.1607843137255,0.0,12.343862209861845,0.0,265.7855674611858,0.0,129.0,0.0,88.42891664169485,0.0,10.51622055130223,0.0,11.357816691600547,0.0,7.916519958731189,0.0,872.4439205563211,0.0,232.446526468551,0.0,181.75395091410894,0.0,4.7216699093417,0.0,22.703480781651944,0.0,718.2830531252679,0.0,330.76265602630644,0.0,10.516220551294643,0.0,8.590205044931881,0.0,6.969869453259123,0.0
Jubel,216.75686274509803,0.0,12.949119962556933,0.0,241.56187174856177,0.0,130.0,0.0,84.34326953967641,0.0,9.798483389769048,0.0,11.40175425099138,0.0,7.517746347187168,0.0,863.2258084621902,0.0,165.33431066935245,0.0,116.57195036009274,0.0,4.28450472231062,0.0,11.187461599109955,0.0,382.00802862834496,0.0,162.95156644352693,0.0,9.798483389737063,0.0,8.923579424491859,0.0,6.579754125623539,0.0
Juden,227.75686274509803,0.0,13.280473071899824,0.0,230.63749652414973,0.0,122.0,0.0,77.89614349388384,0.0,9.428872183344007,0.0,11.045361017187261,0.0,7.139964479784197,0.0,912.9294971795697,0.0,124.67602074926334,0.0,85.42934138792818,0.0,4.459260949679499,0.0,9.931279603995453,0.0,512.7768569821415,0.0,136.85675986569876,0.0,9.428872183299122,0.0,8.823551317522504,0.0,6.203717277853442,0.0
Judun,222.6117647058823,0.0,13.050504327667152,0.0,234.2613698763275,0.0,125.0,0.0,79.03816361736773,0.0,9.510614931016951,0.0,11.180339887498949,0.0,7.160172966010134,0.0,912.193634780461,0.0,126.33609274986962,0.0,86.16861633256309,0.0,4.133479258569507,0.0,11.679785362045628,0.0,545.724032436253,0.0,168.85300547337462,0.0,9.510614930984998,0.0,8.652781633088683,0.0,6.173568784770835,0.0
Junge,229.61960784313726,0.0,13.32835374141769,0.0,228.8569072899703,0.0,121.0,0.0,77.86362654658438,0.0,9.385198903997754,0.0,11.0,0.0,7.178553853568498,0.0,948.3941392764604,0.0,162.95056421897772,0.0,121.26223459105607,0.0,5.67461502750712,0.0,9.966231456438226,0.0,365.38953761934994,0.0,137.67897813717187,0.0,9.385198903957301,0.0,8.901147046492634,0.0,6.274683066161817,0.0
Junme,228.21960784313725,0.0,13.257727973481689,0.0,238.71994395445063,0.0,132.0,0.0,83.99332879785524,0.0,9.683795274264046,0.0,11.489125293076057,0.0,7.396682172561227,0.0,886.0664316494929,0.0,155.60332665523396,0.0,102.54220539842562,0.0,5.334748893772125,0.0,10.493469074026036,0.0,379.0387634869581,0.0,155.9380072640176,0.0,9.683795274225872,0.0,8.930183884146809,0.0,6.447879028632384,0.0
Jurys,208.75686274509806,0.0,12.656474379303114,0.0,247.98225764214578,0.0,124.0,0.0,82.07660233307168,0.0,9.972361995141421,0.0,11.135528725660043,0.0,7.506378026704832,0.0,30585.963644468437,0.0,567.8333068200557,0.0,388.1901877674748,0.0,4.274093288690479,0.0,13.916603360891097,0.0,390.679852627004,0.0,179.05658165770237,0.0,9.972361995101272,0.0,8.427430830763905,0.0,6.589733890332932,0.0
Jxdrs,225.00392156862745,0.0,13.172007881056262,0.0,249.37818705067036,0.0,122.0,0.0,81.76192223275098,0.0,10.014307107493991,0.0,11.045361017187261,0.0,7.522373136043491,0.0,941.810010847857,0.0,296.1652671947766,0.0,225.65883575685504,0.0,3.570898669069424,0.0,32.0024416528718,0.0,425.7919998284357,0.0,184.21352325982357,0.0,10.014307107450408,0.0,8.664348148218709,0.0,6.54209352347438,0.0
Jüdin,221.32156862745097,0.0,13.113832793444098,0.0,244.8979701036415,0.0,126.0,0.0,81.29045200897394,0.0,9.8383130532477,0.0,11.224972160321824,0.0,7.353053771922178,0.0,933.9350420419931,0.0,141.12484079222662,0.0,97.6448525264548,0.0,3.6620411731073768,0.0,13.230209350103946,0.0,667.4966227748382,0.0,347.79428504910805,0.0,9.838313053233676,0.0,8.757690192419801,0.0,6.3807595161854795,0.0
Kabul,235.89411764705883,0.0,13.400535948471122,0.0,241.82417085793423,0.0,127.0,0.0,82.61096694770474,0.0,9.778000120795571,0.0,11.269427669584644,0.0,7.444559042862638,0.0,862.1991826382019,0.0,160.4110162766027,0.0,113.55580608957685,0.0,4.622661782106362,0.0,11.221583929019438,0.0,347.344497785355,0.0,157.19386267211536,0.0,9.778000120765745,0.0,8.368338199042507,0.0,6.425472004195889,0.0
Kacha,236.34901960784313,0.0,13.293085158587102,0.0,219.5875025984501,0.0,100.0,0.0,62.97010661072902,0.0,8.868713283925745,0.0,10.0,0.0,6.3702353459260825,0.0,852.5457164548625,0.0,87.46317395032652,0.0,58.752527078766484,0.0,2.233635830869843,0.0,9.411297281399312,0.0,387.07816380094437,0.0,141.8773339732358,0.0,8.868713283862704,0.0,7.42601877467555,0.0,5.34211137632794,0.0
Kairo,211.97647058823526,0.0,12.769200738683915,0.0,228.00239462437872,0.0,89.0,0.0,57.776412274947305,0.0,9.093664293828892,0.0,9.433981132056603,0.0,6.205604384003302,0.0,868.2399362961794,0.0,100.56080461649681,0.0,67.64328805097121,0.0,4.856237255306669,0.0,9.022343766479784,0.0,391.0328699863612,0.0,167.80052559442933,0.0,9.093664293772932,0.0,6.964773359296814,0.0,5.152551062599088,0.0
Kakao,238.4470588235294,0.0,13.350096728507818,0.0,228.84772564677718,0.0,107.0,0.0,69.63142087345743,0.0,9.287086135841609,0.0,10.344080432788601,0.0,6.817930324859909,0.0,856.3079997060952,0.0,130.64671631608658,0.0,96.24593025759059,0.0,3.253464603860844,0.0,10.606240967767521,0.0,340.6884263974251,0.0,122.41173965949652,0.0,9.287086135781642,0.0,7.701858590054101,0.0,5.855684641656183,0.0
Kamin,239.36862745098037,0.0,13.58109763586883,0.0,246.1982889369434,0.0,123.0,0.0,80.24742733111421,0.0,9.865525619550272,0.0,11.090536506409418,0.0,7.322949621885834,0.0,895.7022920579744,0.0,141.64717066145852,0.0,93.14831469771204,0.0,3.2672176252233975,0.0,8.966508492641404,0.0,613.8036091062668,0.0,321.7935106430166,0.0,9.865525619527586,0.0,8.163507563828183,0.0,6.2801309413814,0.0
Kanal,228.06274509803922,0.0,13.212738369071523,0.0,232.59210340889726,0.0,112.0,0.0,71.53963278826637,0.0,9.356833900850544,0.0,10.583005244258363,0.0,6.861346434692196,0.0,857.7240635862784,0.0,124.5725678177676,0.0,89.94366486968762,0.0,4.320243027552937,0.0,8.981098470809114,0.0,289.0813777547772,0.0,111.66302603465905,0.0,9.356833900812315,0.0,7.604672118723917,0.0,5.804198599073938,0.0
Kanne,239.77647058823533,0.0,13.645323869884256,0.0,216.35070637369517,0.0,110.0,0.0,68.64184734337051,0.0,8.862361719581138,0.0,10.488088481701515,0.0,6.595678247518118,0.0,852.4050185724049,0.0,78.9611580453292,0.0,49.98805490641905,0.0,1.938423371654001,0.0,7.537586075454894,0.0,304.2039394554954,0.0,108.27551230415126,0.0,8.862361719525222,0.0,8.002484666629316,0.0,5.63977829518564,0.0
Kapfa,253.24313725490197,0.0,13.912510170854612,0.0,246.15122903353785,0.0,122.0,0.0,81.47037307005976,0.0,9.901845580725242,0.0,11.045361017187261,0.0,7.511961873698143,0.0,8154.073696741705,0.0,416.892959018916,0.0,281.89047838153243,0.0,2.5916990143800573,0.0,12.884435054199166,0.0,252.41113597009218,0.0,104.6292613246275,0.0,9.901845580644759,0.0,8.837006314547548,0.0,6.553003039010926,0.0
Karat,220.78823529411764,0.0,12.970068164991915,0.0,228.1090118327379,0.0,103.0,0.0,65.07142945846954,0.0,9.111682258453966,0.0,10.14889156509222,0.0,6.487621079275779,0.0,853.4232705973709,0.0,97.75357251417009,0.0,62.99113545549259,0.0,4.204109536664317,0.0,8.081937364682323,0.0,340.2889395129467,0.0,199.25596431327128,0.0,9.11168225842574,0.0,7.438162671199674,0.0,5.462836471127014,0.0
Karte,222.10196078431375,0.0,13.14339335663875,0.0,225.65081517117318,0.0,103.0,0.0,66.14083253017579,0.0,9.114215233820497,0.0,10.14889156509222,0.0,6.591252841570266,0.0,854.730747789305,0.0,99.58329763002284,0.0,66.55126129392315,0.0,3.552216353068565,0.0,7.450483846607937,0.0,251.56164393864705,0.0,92.7211024861132,0.0,9.114215233760532,0.0,7.818101906733387,0.0,5.64333777406223,0.0
Kasse,240.21568627450978,0.0,13.48629047430764,0.0,207.31447978337525,0.0,89.0,0.0,55.52565406721662,0.0,8.431424149262035,0.0,9.433981132056603,0.0,5.932633259534634,0.0,852.4381298587845,0.0,74.21372619711529,0.0,47.66656015213471,0.0,1.7915359262374027,0.0,8.261933614350134,0.0,248.39737392394775,0.0,76.96944886893436,0.0,8.431424149202652,0.0,7.262655667115225,0.0,4.964013710649941,0.0
Kasus,235.0705882352941,0.0,13.259891739769358,0.0,209.58857437508826,0.0,87.0,0.0,54.04705261424398,0.0,8.474920502828597,0.0,9.327379053088816,0.0,5.842456002746177,0.0,848.8135923203056,0.0,74.31753769186322,0.0,47.38347624606523,0.0,2.405345558483181,0.0,9.483870781740299,0.0,311.62712215842646,0.0,125.94939530940984,0.0,8.474920502774436,0.0,6.823540182677201,0.0,4.847380728326646,0.0
Kater,222.10196078431375,0.0,13.14339335663875,0.0,229.17715306968103,0.0,110.0,0.0,71.04954712712578,0.0,9.290678967057744,0.0,10.488088481701515,0.0,6.8580112707209615,0.0,853.8172934841701,0.0,109.23160342159295,0.0,74.99200680187657,0.0,4.022880827193922,0.0,8.167765740703228,0.0,261.85129746183026,0.0,149.7108039325522,0.0,9.290678966999346,0.0,8.076149339190447,0.0,5.906834944889842,0.0
Katze,229.321568627451,0.0,13.400535948471122,0.0,223.91720161009397,0.0,102.0,0.0,65.33453658483907,0.0,9.040526788027828,0.0,10.099504938362077,0.0,6.538004056349057,0.0,856.9707406020498,0.0,134.74344022833472,0.0,94.11902037357534,0.0,2.513278173874766,0.0,10.448156237620761,0.0,321.39637919254125,0.0,147.80654093149553,0.0,9.040526787973496,0.0,8.012146131753617,0.0,5.576361693618568,0.0
Kblqs,252.76470588235293,0.0,13.917329926386467,0.0,247.40982524911348,0.0,121.0,0.0,82.88324329869641,0.0,10.083937408621379,0.0,11.0,0.0,7.6799413957013485,0.0,35624.273517322894,0.0,13708.426476114248,0.0,12198.623064710779,0.0,2.820315668527463,0.0,72.12426032212518,0.0,308.4439066328499,0.0,135.61837744211618,0.0,10.083937408584845,0.0,8.663419620849567,0.0,6.715866295240894,0.0
Kcrfc,211.74117647058824,0.0,12.807939194913732,0.0,235.6859440678383,0.0,106.0,0.0,69.36155183538396,0.0,9.460989724738589,0.0,10.295630140987,0.0,6.847958918270792,0.0,876.7832658076832,0.0,237.1234797885952,0.0,168.65669940589822,0.0,3.5665420079603094,0.0,22.417325903885768,0.0,258.8432994329153,0.0,110.48131776887169,0.0,9.460989724673942,0.0,7.98329539386855,0.0,5.908745595461968,0.0
Kcstp,235.78823529411764,0.0,13.353458859562682,0.0,234.67560587776325,0.0,117.0,0.0,77.52708112296283,0.0,9.581203362276685,0.0,10.816653826391969,0.0,7.284684689521299,0.0,26915.509676950907,0.0,1086.2251243133842,0.0,693.4319724097276,0.0,2.856249385151801,0.0,19.915890556922545,0.0,253.5183636149404,0.0,89.61871555785578,0.0,9.58120336223863,0.0,8.537621758600846,0.0,6.371321945882107,0.0
Kedes,253.57254901960783,0.0,14.024607911329033,0.0,222.14799156616928,0.0,113.0,0.0,73.42355856840867,0.0,9.175669518358177,0.0,10.63014581273465,0.0,6.979582999128323,0.0,922.7819483929287,0.0,114.30200238224543,0.0,79.58915621676285,0.0,1.9775035692048084,0.0,8.786250922466712,0.0,261.7906108337763,0.0,84.11347140940109,0.0,9.175669518292267,0.0,8.645794148920833,0.0,6.0903490920215075,0.0
Kehle,236.5686274509804,0.0,13.700860254129704,0.0,233.75023770763897,0.0,121.0,0.0,79.3863341729367,0.0,9.575727547255614,0.0,11.0,0.0,7.307887421760123,0.0,867.1569033378844,0.0,104.37978047577866,0.0,74.88724787700656,0.0,3.2412506192681,0.0,9.11818742809732,0.0,375.1239964735244,0.0,307.2071610470257,0.0,9.575727547210516,0.0,8.725477671613419,0.0,6.404109385999594,0.0
Keian,228.64313725490194,0.0,13.378359958771732,0.0,228.485070448391,0.0,110.0,0.0,70.13997780855429,0.0,9.224158575314746,0.0,10.488088481701515,0.0,6.75250690081799,0.0,878.79816580072,0.0,92.91788383410957,0.0,59.691893856902944,0.0,2.7812984587698786,0.0,8.499597526558572,0.0,453.30414828004865,0.0,101.30333551087102,0.0,9.224158575272222,0.0,8.146273915496854,0.0,5.783770679307951,0.0
Kekse,247.40392156862742,0.0,13.883694407325507,0.0,227.40746680056978,0.0,124.0,0.0,80.85251084600148,0.0,9.42065945169079,0.0,11.135528725660043,0.0,7.339345556089388,0.0,868.2288625692387,0.0,128.87649250481365,0.0,95.58260319036008,0.0,1.9919719069343105,0.0,10.650736342872568,0.0,283.09123444705324,0.0,81.38513804587227,0.0,9.420659451640308,0.0,8.855127006943661,0.0,6.477427812448442,0.0
Kelle,220.2901960784314,0.0,13.286700458482283,0.0,238.78186348751234,0.0,117.0,0.0,77.63806291895827,0.0,9.692426407335795,0.0,10.816653826391969,0.0,7.2756167691614095,0.0,868.6791415338174,0.0,108.68718005772027,0.0,79.00990993070774,0.0,4.038606848691453,0.0,7.903396614128944,0.0,350.5073536953243,0.0,303.9100949629951,0.0,9.692426407294471,0.0,8.47906638760259,0.0,6.3709504667954375,0.0
Kepfe,255.8705882352941,0.0,14.234120299468138,0.0,246.33748491548548,0.0,140.0,0.0,93.59281612686388,0.0,10.082290836200391,0.0,11.832159566199232,0.0,8.037633955882056,0.0,8155.328911075806,0.0,417.0937945135072,0.0,282.09600896018594,0.0,2.4726678450128645,0.0,12.679914275730495,0.0,255.5244852799944,0.0,106.43871662133547,0.0,10.082290836127777,0.0,9.927784448300928,0.0,7.183516842689698,0.0
Kerbe,244.19607843137254,0.0,13.820776252047144,0.0,231.5028603207764,0.0,126.0,0.0,81.52126086287464,0.0,9.489091366588942,0.0,11.224972160321824,0.0,7.342944752786951,0.0,873.9930925562873,0.0,156.6695363563914,0.0,105.1586114790183,0.0,2.0941700031182044,0.0,9.749082303736387,0.0,299.3323609545878,0.0,123.67325971330527,0.0,9.489091366541784,0.0,9.16338327646042,0.0,6.47136560357402,0.0
Kereu,229.38823529411764,0.0,13.434590139861614,0.0,226.1720700947315,0.0,120.0,0.0,76.62474265212077,0.0,9.26821234571278,0.0,10.954451150103322,0.0,7.056343864744001,0.0,862.2978738569517,0.0,92.47904700373371,0.0,59.55305296707816,0.0,3.027751919825232,0.0,11.132861989736712,0.0,508.0445092307155,0.0,86.47905824860005,0.0,9.268212345661084,0.0,8.598969794900402,0.0,6.202983726614018,0.0
Kerle,222.13333333333335,0.0,13.318951874923213,0.0,234.83163333900237,0.0,118.0,0.0,76.84800209495899,0.0,9.535609444868705,0.0,10.862780491200215,0.0,7.163701699387112,0.0,867.7107752529677,0.0,105.76283144836091,0.0,73.66736265682972,0.0,3.9544507555533497,0.0,8.11608273157496,0.0,351.4976691925449,0.0,303.586374375657,0.0,9.535609444821912,0.0,8.528749286243045,0.0,6.267941467403544,0.0
Kerne,232.53333333333336,0.0,13.582590571324012,0.0,225.00335463388086,0.0,122.0,0.0,77.21306649604617,0.0,9.219221864395815,0.0,11.045361017187261,0.0,7.055731887201706,0.0,864.7472536110223,0.0,90.86980680310772,0.0,58.45960427621379,0.0,2.4952430580587723,0.0,7.803715510075234,0.0,297.39081869323684,0.0,108.71738599267603,0.0,9.219221864343504,0.0,8.734217710504193,0.0,6.1798759674010295,0.0
Kette,222.85490196078433,0.0,13.277698229763368,0.0,227.57736256556788,0.0,116.0,0.0,75.4627642658331,0.0,9.316059311776561,0.0,10.770329614269007,0.0,7.079199559961105,0.0,865.8114856937598,0.0,107.5122932528343,0.0,74.82198117805785,0.0,3.7895231976239083,0.0,8.056575157513802,0.0,260.2146631722985,0.0,95.82910879520337,0.0,9.316059311721373,0.0,8.679240686916417,0.0,6.184183783599385,0.0
Keute,228.82745098039214,0.0,13.398155576667769,0.0,222.67257844622,0.0,119.0,0.0,75.43671442416982,0.0,9.135590537864147,0.0,10.908712114635714,0.0,6.978371835975395,0.0,864.4896947841405,0.0,93.65808425647685,0.0,62.63514895889012,0.0,3.2866326802531924,0.0,8.35561405394172,0.0,257.38627875544097,0.0,92.55359391859531,0.0,9.135590537810517,0.0,8.584165205436912,0.0,6.105682083071547,0.0
Kfckt,225.26666666666665,0.0,13.278048591357981,0.0,251.456823059666,0.0,137.0,0.0,91.62657385135013,0.0,10.200330661774764,0.0,11.704699910719626,0.0,7.956914119897053,0.0,1244.6298662680972,0.0,654.7535691827861,0.0,527.50132837024,0.0,3.560544182195643,0.0,21.782640601976752,0.0,520.7930188309172,0.0,285.75480283656736,0.0,10.20033066174178,0.0,8.88929055400401,0.0,7.031935026649628,0.0
Kfrls,217.54509803921567,0.0,13.148711422503723,0.0,248.2585935158869,0.0,113.0,0.0,75.89426289034166,0.0,9.93101750295293,0.0,10.63014581273465,0.0,7.27655719233697,0.0,1244.9208602825126,0.0,652.936795526248,0.0,526.1787980900101,0.0,3.899100558875036,0.0,21.424424812059936,0.0,382.2060115448884,0.0,313.6556508921224,0.0,9.931017502919822,0.0,8.009529105914883,0.0,6.331251216822724,0.0
Kgmmc,268.6745098039215,0.0,14.21284569320873,0.0,268.2348864645682,0.0,153.0,0.0,103.95336259796488,0.0,10.792120102604036,0.0,12.36931687685298,0.0,8.52874107663195,0.0,2261.7263530439122,0.0,964.1590124864139,0.0,792.461285578366,0.0,3.7604502329641996,0.0,26.229659555271912,0.0,278.140952187588,0.0,117.719092333909,0.0,10.792120102566642,0.0,9.58379174881376,0.0,7.513783306695367,0.0
Khkns,249.2823529411765,0.0,13.882663672162176,0.0,238.1838806953312,0.0,128.0,0.0,84.35984104229581,0.0,9.79162401244416,0.0,11.313708498984761,0.0,7.562353376671725,0.0,856.1567026082042,0.0,143.28502947228975,0.0,107.4157184945957,0.0,2.720808425122709,0.0,12.161463321775132,0.0,428.7225192188258,0.0,183.98470256695572,0.0,9.7916240124039,0.0,8.4863613211317,0.0,6.627223482269986,0.0
Khmhr,253.01568627450982,0.0,14.00233791650622,0.0,263.08053065092236,0.0,153.0,0.0,101.39862774794622,0.0,10.586981051523074,0.0,12.36931687685298,0.0,8.321746088208421,0.0,879.8944112906393,0.0,165.82388810678015,0.0,114.24213534011483,0.0,3.7795820723401814,0.0,12.707893775206367,0.0,483.6829174723639,0.0,240.38209763162425,0.0,10.58698105150305,0.0,9.383693741655314,0.0,7.287155636841801,0.0
Kihni,220.7019607843137,0.0,13.276432797256543,0.0,244.03865199115629,0.0,125.0,0.0,80.88262452991707,0.0,9.80939425468862,0.0,11.180339887498949,0.0,7.3446515181562475,0.0,875.6909005645966,0.0,125.20495403836745,0.0,83.84078972512783,0.0,3.68146274678907,0.0,10.254147816826876,0.0,355.3279536301573,0.0,162.77755833140847,0.0,9.809394254667218,0.0,8.109685889284746,0.0,6.3079252184571555,0.0
Kilos,209.66666666666666,0.0,12.747798808867245,0.0,227.2208362017534,0.0,88.0,0.0,57.90698436609981,0.0,9.122327748875707,0.0,9.38083151964686,0.0,6.262304030304262,0.0,862.3765089614593,0.0,93.57476809234218,0.0,64.96097364332489,0.0,3.2146976566619814,0.0,8.981265989701999,0.0,302.4908299126943,0.0,109.7245619887404,0.0,9.122327748827638,0.0,6.8164297753127485,0.0,5.268949631361517,0.0
Kimme,253.4078431372549,0.0,14.017659538281713,0.0,265.2459967657727,0.0,152.0,0.0,100.95957728265489,0.0,10.613911104067276,0.0,12.328828005937952,0.0,8.28720746450549,0.0,920.6378875023332,0.0,189.37627397825082,0.0,125.3846377148196,0.0,2.5637942184729416,0.0,9.33253110591505,0.0,311.93745050575336,0.0,130.36974689343577,0.0,10.613911104025078,0.0,9.411211611804317,0.0,7.266451947810759,0.0
Kinos,220.06666666666666,0.0,13.023005108386332,0.0,217.37907686825218,0.0,90.0,0.0,57.211537122077374,0.0,8.795663896097617,0.0,9.486832980505138,0.0,6.0935899236452356,0.0,860.1271630686274,0.0,80.94555496706411,0.0,52.08060071716568,0.0,2.3288308830887785,0.0,8.677084594818064,0.0,314.6887314194863,0.0,108.39423823782717,0.0,8.795663896045754,0.0,6.914833241533738,0.0,5.084108710310959,0.0
Kinti,205.70588235294116,0.0,12.84394549170641,0.0,242.6370980500152,0.0,117.0,0.0,76.03250479869831,0.0,9.711293072137337,0.0,10.816653826391969,0.0,7.1317374682145,0.0,876.00210794024,0.0,128.4329849501022,0.0,85.99195332165765,0.0,5.026407880653721,0.0,9.095116850853273,0.0,306.1324673064061,0.0,145.05339505128944,0.0,9.711293072116344,0.0,7.776115880401365,0.0,6.07297763291485,0.0
Kipft,231.61960784313726,0.0,13.567257666322647,0.0,260.55402105217775,0.0,138.0,0.0,93.18683820492328,0.0,10.431740932203551,0.0,11.74734012447073,0.0,8.07787056579367,0.0,8155.091102310802,0.0,419.9802181082954,0.0,284.0222037325074,0.0,3.8974191053064517,0.0,12.766471569629163,0.0,373.2309829641673,0.0,218.6080516340065,0.0,10.431740932143798,0.0,9.277638570421226,0.0,7.117139724196925,0.0
Kippe,259.1333333333333,0.0,14.202048901573718,0.0,252.33653246511318,0.0,140.0,0.0,95.13861014597249,0.0,10.302447033466663,0.0,11.832159566199232,0.0,8.17691382787427,0.0,11089.12561630858,0.0,482.3217176444087,0.0,316.76696854664243,0.0,2.8797413037496566,0.0,11.331316699004,0.0,290.3968618833509,0.0,107.72460720491603,0.0,10.302447033420629,0.0,9.727785368496832,0.0,7.281028365481226,0.0
Kippi,246.0,0.0,13.87180944470766,0.0,264.98083274615163,0.0,145.0,0.0,98.85344493848831,0.0,10.637920868888985,0.0,12.041594578792296,0.0,8.368119625269626,0.0,11089.993938916889,0.0,489.22117607109874,0.0,321.4935212055071,0.0,3.743083208263822,0.0,12.068203719497854,0.0,292.356982409557,0.0,140.03037354544333,0.0,10.637920868865281,0.0,9.436315748083418,0.0,7.394541193273288,0.0
Kirdi,218.52941176470588,0.0,13.193583075548341,0.0,252.9280532810684,0.0,124.0,0.0,81.67188192639091,0.0,10.060805175721953,0.0,11.135528725660043,0.0,7.4570361071477045,0.0,926.1054889625199,0.0,145.1151904287766,0.0,98.72859148119582,0.0,3.1880501297676553,0.0,10.030438191805523,0.0,323.747067450104,0.0,156.50661013889064,0.0,10.0608051757086,0.0,8.200769913136822,0.0,6.393845147231159,0.0
Kiste,219.05882352941174,0.0,13.117950112270591,0.0,226.5858633471284,0.0,105.0,0.0,67.88534095725605,0.0,9.190874003476289,0.0,10.246950765959598,0.0,6.699356437479286,0.0,864.9927074592143,0.0,98.17735613377295,0.0,65.96942502877349,0.0,2.5056176317489194,0.0,8.343243187881368,0.0,291.46951966352793,0.0,112.55685612574143,0.0,9.190874003426249,0.0,7.89475987842434,0.0,5.746773440114501,0.0
Klaga,242.18823529411767,0.0,13.56379603431275,0.0,243.3834179685919,0.0,120.0,0.0,79.73962360932285,0.0,9.817631531162752,0.0,10.954451150103322,0.0,7.39712986504702,0.0,951.6226218631748,0.0,173.9434702128325,0.0,131.21873384036175,0.0,3.0542708561690133,0.0,10.120575511575595,0.0,273.80987591125864,0.0,101.37377570148303,0.0,9.817631531117181,0.0,8.504828141067334,0.0,6.381839901650514,0.0
Klage,243.50196078431375,0.0,13.729627947735409,0.0,240.8085547753451,0.0,125.0,0.0,83.19623393347445,0.0,9.81718966684806,0.0,11.180339887498949,0.0,7.555115751227531,0.0,952.395379319724,0.0,173.14241370883326,0.0,130.79528454857103,0.0,3.0440938933067088,0.0,9.62949683127447,0.0,271.85647614384226,0.0,102.94264213394199,0.0,9.817189666807,0.0,8.94691682584802,0.0,6.604311274051524,0.0
Klaue,226.23137254901962,0.0,13.232687615529231,0.0,231.69416786127923,0.0,116.0,0.0,74.57571116564512,0.0,9.40412568930632,0.0,10.770329614269007,0.0,7.005877120745596,0.0,857.1029400285887,0.0,107.08460477618424,0.0,75.19012800177543,0.0,2.1391858243718387,0.0,9.90016309135313,0.0,321.88693439874373,0.0,139.64079066409352,0.0,9.404125689268396,0.0,8.334401970559322,0.0,6.037366362520306,0.0
Kldbd,262.878431372549,0.0,14.223023934535451,0.0,260.99263254799416,0.0,146.0,0.0,98.77263270997544,0.0,10.560635204952183,0.0,12.083045973594572,0.0,8.310780794402024,0.0,1050.1257915470449,0.0,233.76969097065972,0.0,167.7284801629857,0.0,4.1516469731855645,0.0,14.805739116083764,0.0,409.58713978744174,0.0,202.08547671080456,0.0,10.560635204930934,0.0,9.570803795990114,0.0,7.258552192701833,0.0
Klebe,242.35294117647058,0.0,13.789698554938141,0.0,238.91276224106576,0.0,132.0,0.0,87.704284406865,0.0,9.839921412180399,0.0,11.489125293076057,0.0,7.736560587074878,0.0,866.5575152480832,0.0,166.7039340803367,0.0,116.25411271887823,0.0,2.48259686889178,0.0,10.789111151151554,0.0,309.97037931270523,0.0,135.92271016922763,0.0,9.839921412141646,0.0,9.296486774763654,0.0,6.853360857377407,0.0
Kleck,226.7921568627451,0.0,13.293526506609524,0.0,244.31538201952938,0.0,131.0,0.0,88.22905810541232,0.0,10.025748063154627,0.0,11.445523142259598,0.0,7.821122157280277,0.0,859.3000967324593,0.0,148.39030401725395,0.0,110.68274918259056,0.0,2.504479957298845,0.0,11.043247631698646,0.0,1085.2366023053648,0.0,239.28618689048676,0.0,10.02574806305426,0.0,8.762978163824116,0.0,6.933359490513278,0.0
Kleid,229.81960784313725,0.0,13.50865130687438,0.0,251.76563295564716,0.0,128.0,0.0,86.4765985535069,0.0,10.17441073328418,0.0,11.313708498984761,0.0,7.764468226956579,0.0,1008.7220156840583,0.0,180.1206093622844,0.0,132.06944349916822,0.0,3.256068239709483,0.0,11.97103989317267,0.0,562.6060136478072,0.0,357.8952171567367,0.0,10.174410733267276,0.0,8.758402294903373,0.0,6.789387107104799,0.0
Kleus,225.76470588235296,0.0,13.244469731545287,0.0,229.05805897741155,0.0,112.0,0.0,73.23362435983645,0.0,9.373909277870325,0.0,10.583005244258363,0.0,7.011918529412135,0.0,853.6068714934568,0.0,104.61132966237453,0.0,75.14304930188302,0.0,2.097428287035924,0.0,10.080133850470423,0.0,326.60015682241703,0.0,139.340941220534,0.0,9.373909277831943,0.0,8.061703914618013,0.0,6.095952501715196,0.0
Klfpp,257.0588235294117,0.0,14.196075181453425,0.0,273.51229465488603,0.0,151.0,0.0,105.73068169853693,0.0,10.99460837371176,0.0,12.288205727444508,0.0,8.773631940591908,0.0,27946.83156291865,0.0,1167.9817833208024,0.0,754.441597425982,0.0,4.538978409352693,0.0,19.71317539180812,0.0,271.04929428204764,0.0,107.09469949184636,0.0,10.994608373676426,0.0,10.153134730851473,0.0,7.879118042879256,0.0
Klgßb,263.3137254901961,0.0,14.192992298065038,0.0,271.10774567847307,0.0,166.0,0.0,112.79092796419161,0.0,10.951140263602948,0.0,12.884098726725126,0.0,8.902828002758712,0.0,1006.9991756051762,0.0,582.1087961521794,0.0,378.39893000034454,0.0,3.624028231528207,0.0,23.76344396496478,0.0,606.5107378556401,0.0,371.73780893770555,0.0,10.951140263566538,0.0,10.220604998102637,0.0,7.966992443857319,0.0
Klima,228.96862745098042,0.0,13.317429384581041,0.0,258.144894482646,0.0,127.0,0.0,84.56768849905416,0.0,10.243409768926291,0.0,11.269427669584644,0.0,7.615508532012545,0.0,903.5139960396759,0.0,168.53635385565096,0.0,115.64011771028208,0.0,3.0394877404048035,0.0,10.076604146979387,0.0,299.35840463090466,0.0,135.03067671157265,0.0,10.243409768887316,0.0,8.295233145886058,0.0,6.551215240989951,0.0
Kljrl,201.66666666666666,0.0,12.721088093242955,0.0,276.65515465170085,0.0,143.0,0.0,99.32536709024873,0.0,10.957285326476583,0.0,11.958260743101398,0.0,8.487079454744846,0.0,12711.641012426177,0.0,920.15059867697,0.0,752.0393294798712,0.0,5.084339230701915,0.0,20.235616488988306,0.0,370.13809365982536,0.0,172.61324620747948,0.0,10.95728532644417,0.0,8.578926779868395,0.0,7.437286402214469,0.0
Klntd,229.83529411764704,0.0,13.432401277335176,0.0,247.88646942736926,0.0,127.0,0.0,84.63767281385945,0.0,10.033833798989303,0.0,11.269427669584644,0.0,7.626655136669263,0.0,988.7747544487996,0.0,181.94885571071254,0.0,133.29326034867262,0.0,3.338874516242738,0.0,12.516356689077346,0.0,384.5323395284475,0.0,183.1372137332776,0.0,10.033833798961327,0.0,8.531312240197508,0.0,6.570159570840224,0.0
Klotz,210.12549019607843,0.0,12.85525726578326,0.0,238.61149149732927,0.0,112.0,0.0,73.53996754973558,0.0,9.60040792390642,0.0,10.583005244258363,0.0,7.05437214030102,0.0,862.917884188374,0.0,192.28574069343068,0.0,140.99705091400253,0.0,3.1890594359077107,0.0,14.635458222626191,0.0,275.45274698130225,0.0,104.72651290685305,0.0,9.600407923876071,0.0,7.902626680788152,0.0,6.041058812271777,0.0
Klqgd,267.2705882352941,0.0,14.382230909569572,0.0,266.2970964841948,0.0,152.0,0.0,104.77767060011416,0.0,10.812311735785531,0.0,12.328828005937952,0.0,8.672993598654744,0.0,12012.387066162886,0.0,5058.768122251136,0.0,4333.982379483512,0.0,4.552753011158213,0.0,42.88071017133671,0.0,384.4122696297578,0.0,182.60150096026803,0.0,10.812311735752667,0.0,9.779089421580693,0.0,7.659068928532045,0.0
Klumm,248.99607843137258,0.0,13.80440284366006,0.0,276.38836379932775,0.0,170.0,0.0,112.25779575770855,0.0,10.983859073215827,0.0,13.038404810405298,0.0,8.746207521260462,0.0,965.4094217419446,0.0,255.0080938212054,0.0,175.62254500680444,0.0,4.260629216905444,0.0,12.132398448484008,0.0,307.93204987222265,0.0,167.65082751710807,0.0,10.983859073176044,0.0,9.47165699320427,0.0,7.709019110001794,0.0
Klung,237.67058823529413,0.0,13.598410020814732,0.0,245.00967082688823,0.0,139.0,0.0,90.86744201742401,0.0,9.991049988848417,0.0,11.789826122551595,0.0,7.836634260192433,0.0,1146.1751202403561,0.0,244.38644864332898,0.0,187.88573769058004,0.0,4.018720908673711,0.0,11.418155749361505,0.0,371.65667320141233,0.0,119.38457394884655,0.0,9.991049988807776,0.0,8.803911767224495,0.0,6.872629799125371,0.0
Klöße,240.1098039215686,0.0,13.591199631387326,0.0,249.41626616776404,0.0,144.0,0.0,95.12653956529627,0.0,10.172798135470748,0.0,12.0,0.0,8.043075530521081,0.0,903.5237678161592,0.0,466.98416951232844,0.0,286.8279979281753,0.0,2.7285543111622896,0.0,22.7553745635077,0.0,412.8724733497853,0.0,184.94615440178234,0.0,10.172798135422907,0.0,9.378299770874332,0.0,7.143635146410811,0.0
Kmgml,266.26666666666665,0.0,14.281463507746903,0.0,289.76819172113363,0.0,184.0,0.0,124.90589855107702,0.0,11.490284708922326,0.0,13.564659966250536,0.0,9.369233475523417,0.0,1151.1299316680104,0.0,302.91514627847005,0.0,216.77287325595162,0.0,3.939357011449024,0.0,15.698922611174142,0.0,341.9424563606581,0.0,138.6965987315221,0.0,11.490284708896906,0.0,10.191356125977688,0.0,8.356902712953008,0.0
Knabe,251.4392156862745,0.0,13.882433255555867,0.0,230.1421057036328,0.0,122.0,0.0,78.88294363318767,0.0,9.432577296736966,0.0,11.045361017187261,0.0,7.21666895806008,0.0,863.8549046143856,0.0,156.69898129853823,0.0,105.2619241277778,0.0,1.7487746936673492,0.0,12.060823231463957,0.0,311.5710566953572,0.0,127.01442812804245,0.0,9.432577296699806,0.0,8.8753288309936,0.0,6.263046156785089,0.0
Knall,216.9764705882353,0.0,13.036623065264642,0.0,250.5896429121013,0.0,125.0,0.0,82.760905529774,0.0,10.04759148648629,0.0,11.180339887498949,0.0,7.528317329005766,0.0,860.3649983391605,0.0,141.93015332689174,0.0,104.59036928880766,0.0,5.839481957619758,0.0,11.70175945217544,0.0,381.93781466318,0.0,312.8953382589555,0.0,10.047591486472518,0.0,8.086029378249716,0.0,6.475743597878685,0.0
Knapf,252.55686274509804,0.0,14.000975415023328,0.0,254.7629802409743,0.0,138.0,0.0,92.76111610553647,0.0,10.289172228201238,0.0,11.74734012447073,0.0,8.034402130389926,0.0,7576.821013398725,0.0,540.2765896005959,0.0,385.34722380760246,0.0,2.4420857205050157,0.0,16.022153822292868,0.0,279.4675214153094,0.0,88.64784801672135,0.0,10.289172228177442,0.0,9.325252424774868,0.0,7.0752854384705035,0.0
Knast,228.87843137254902,0.0,13.22001674555624,0.0,224.75745127735746,0.0,107.0,0.0,68.06851595381377,0.0,9.111223545042899,0.0,10.344080432788601,0.0,6.647764323403727,0.0,851.7667202341294,0.0,95.40520665970473,0.0,62.571012312874885,0.0,3.9860296343599315,0.0,10.869407868338753,0.0,355.76913063644355,0.0,197.99093431354075,0.0,9.111223545015148,0.0,7.704881721450347,0.0,5.604039921560671,0.0
Knauf,233.8235294117647,0.0,13.487201560027184,0.0,242.92025063915167,0.0,127.0,0.0,82.45648235888073,0.0,9.793787063704432,0.0,11.269427669584644,0.0,7.422433383078282,0.0,952.4111307578951,0.0,432.49485846759524,0.0,321.62157954898424,0.0,2.957038869145653,0.0,15.724777796657659,0.0,333.00144189062115,0.0,129.58963716548297,0.0,9.793787063687954,0.0,8.617408718302602,0.0,6.431902714565016,0.0
Knaut,225.5137254901961,0.0,13.150197896950084,0.0,230.41698320523307,0.0,117.0,0.0,74.47931390097017,0.0,9.343797303700136,0.0,10.816653826391969,0.0,6.951976517446505,0.0,851.7856012804476,0.0,97.27601427003962,0.0,63.61503976704207,0.0,4.381583795148388,0.0,11.507835311297402,0.0,400.16917759053024,0.0,221.5678385099896,0.0,9.343797303668186,0.0,8.057365181615449,0.0,5.928342077068659,0.0
Kniff,224.34117647058824,0.0,13.5249114424866,0.0,261.1347652485207,0.0,129.0,0.0,87.3300758882657,0.0,10.376192407888993,0.0,11.357816691600547,0.0,7.829615334994752,0.0,987.2882231644213,0.0,484.48625068337907,0.0,358.4508285241112,0.0,3.4732343563831773,0.0,15.475253983108049,0.0,288.0694810279726,0.0,120.91609102657077,0.0,10.3761924078479,0.0,8.861391409495607,0.0,6.8442610866660365,0.0
Knips,241.76470588235296,0.0,13.687946411730138,0.0,237.028571891375,0.0,109.0,0.0,73.41527997127531,0.0,9.63410912691846,0.0,10.44030650891055,0.0,7.13801170424394,0.0,7566.3853599892,0.0,336.21950109979684,0.0,220.47104261893463,0.0,2.424364687525996,0.0,12.68653803112682,0.0,281.40540691537416,0.0,104.12039696385135,0.0,9.634109126876949,0.0,8.124007081076135,0.0,6.1721280565393135,0.0
Knmst,240.91764705882355,0.0,13.59266939508651,0.0,243.56300669792904,0.0,129.0,0.0,84.41418848690522,0.0,9.871222188250819,0.0,11.357816691600547,0.0,7.517436646090079,0.0,874.9303687255097,0.0,144.049941891186,0.0,95.4979095528679,0.0,3.8307548148866686,0.0,11.853491941936964,0.0,355.8045386664428,0.0,198.1865165396146,0.0,9.871222188213432,0.0,8.379908940173243,0.0,6.451977974177578,0.0
Knupf,248.72549019607845,0.0,13.946258691415748,0.0,254.06659377505673,0.0,144.0,0.0,95.88387691576727,0.0,10.302029166318821,0.0,12.0,0.0,8.133382558590394,0.0,7576.611668751132,0.0,539.7351365034091,0.0,385.0578506627874,0.0,2.474112607319391,0.0,16.284926378343954,0.0,283.69238987276606,0.0,89.63150642433234,0.0,10.30202916629385,0.0,9.279509612908786,0.0,7.188492621722854,0.0
Koaps,247.47450980392156,0.0,13.581891963633165,0.0,225.1065475563751,0.0,103.0,0.0,67.84005879923212,0.0,9.199642645959319,0.0,10.14889156509222,0.0,6.78266780582177,0.0,7564.648392058736,0.0,333.33564127868664,0.0,218.06414087908826,0.0,2.498685216046116,0.0,11.10648647106032,0.0,265.69239345253976,0.0,84.97453945132068,0.0,9.199642645908407,0.0,8.002690941621871,0.0,5.850251523595444,0.0
Kobra,234.77254901960785,0.0,13.296387682874721,0.0,233.12501505076727,0.0,113.0,0.0,73.12878462688951,0.0,9.432147274179686,0.0,10.63014581273465,0.0,6.966978917245503,0.0,860.8205292220468,0.0,141.82250062481768,0.0,95.54791313909372,0.0,2.633798198567496,0.0,10.05528259653862,0.0,359.97573136650124,0.0,148.7331490561308,0.0,9.432147274124542,0.0,8.098933224497438,0.0,5.922318805379376,0.0
Kobro,227.97647058823532,0.0,13.100619682406352,0.0,229.99960476549114,0.0,109.0,0.0,70.99970870352828,0.0,9.355151098624084,0.0,10.44030650891055,0.0,6.8892154672273005,0.0,858.3235151802546,0.0,140.8267227594686,0.0,95.24289184087031,0.0,3.872281812440273,0.0,10.485926706693597,0.0,409.6840075812549,0.0,171.84019098080287,0.0,9.355151098571367,0.0,7.965447847928262,0.0,5.874554043432764,0.0
Kodex,249.68235294117645,0.0,13.882863068061694,0.0,241.43260036769666,0.0,132.0,0.0,88.28425784192225,0.0,9.918457794398984,0.0,11.489125293076057,0.0,7.770663898844498,0.0,924.9199517639347,0.0,208.8789179239726,0.0,161.71465850244093,0.0,2.085848468307917,0.0,20.49793139944738,0.0,635.8669869330807,0.0,108.05486164160766,0.0,9.918457794351376,0.0,9.046858907804372,0.0,6.853825801847974,0.0
Kofor,215.50588235294117,0.0,12.91759229484683,0.0,234.945188208837,0.0,108.0,0.0,71.14247043165349,0.0,9.496009826532008,0.0,10.392304845413264,0.0,6.959175262443439,0.0,895.4502607998095,0.0,294.14077472704906,0.0,214.1370760681864,0.0,4.089549586935182,0.0,12.948809625698981,0.0,283.4651284257581,0.0,154.74024944795252,0.0,9.496009826492525,0.0,8.00362647053015,0.0,6.032006360639512,0.0
Kofra,222.30196078431374,0.0,13.116092407654657,0.0,238.43186821196872,0.0,107.0,0.0,70.65690782990886,0.0,9.56679511630258,0.0,10.344080432788601,0.0,6.939438981925101,0.0,898.1384202761125,0.0,294.7102673371634,0.0,214.58209478532763,0.0,2.930628240010468,0.0,12.623982137977407,0.0,346.3515020797678,0.0,140.11273885669885,0.0,9.56679511624331,0.0,8.01230669391927,0.0,5.949009513236001,0.0
Kohle,228.45882352941175,0.0,13.342404641972985,0.0,230.4088679392994,0.0,110.0,0.0,72.36387005855624,0.0,9.422291082740651,0.0,10.488088481701515,0.0,6.991295367331939,0.0,855.687077359698,0.0,102.3126367775425,0.0,73.67546633655164,0.0,2.7388357080262726,0.0,9.158485631222147,0.0,381.7771392686158,0.0,307.26447632296674,0.0,9.422291082696065,0.0,8.01743237587081,0.0,6.035876238716551,0.0
Kokon,230.96470588235294,0.0,13.248651502255614,0.0,228.3792977028336,0.0,115.0,0.0,75.26547178419753,0.0,9.41379726405141,0.0,10.723805294763608,0.0,7.101261744600048,0.0,853.2621767524614,0.0,128.55163070384916,0.0,95.39097445079435,0.0,2.4129083925957415,0.0,10.933671360808793,0.0,479.2378946159645,0.0,88.19233217313902,0.0,9.413797264008691,0.0,7.919439976952319,0.0,6.160030483256775,0.0
Kombi,244.23529411764707,0.0,13.631053269123498,0.0,254.56837691981673,0.0,139.0,0.0,92.06659242521219,0.0,10.251345351051338,0.0,11.789826122551595,0.0,7.9193080565614355,0.0,896.8322362191851,0.0,203.62633063351194,0.0,136.34499954291124,0.0,3.244933443774595,0.0,11.349998460797833,0.0,306.20787794385745,0.0,152.29913473438526,0.0,10.25134535102724,0.0,8.834476617886548,0.0,6.872531648406852,0.0
Komet,236.58823529411768,0.0,13.46617103704974,0.0,238.57508078820072,0.0,126.0,0.0,82.80610777699496,0.0,9.739096664918993,0.0,11.224972160321824,0.0,7.450678915285168,0.0,875.0347894733284,0.0,138.75127658210738,0.0,91.72311392586506,0.0,3.3122361057954675,0.0,8.904466204216241,0.0,348.63697194991795,0.0,196.1477689654881,0.0,9.739096664893978,0.0,8.530406207465894,0.0,6.469812594073572,0.0
Komma,257.11764705882354,0.0,13.840012422962024,0.0,257.00709748307963,0.0,141.0,0.0,93.06411168074544,0.0,10.310688060991545,0.0,11.874342087037917,0.0,7.929571584670655,0.0,908.6215113596957,0.0,186.2999429862149,0.0,123.4441986072361,0.0,2.1935510976574384,0.0,9.517402803168997,0.0,289.1712848845046,0.0,110.85529778789925,0.0,10.310688060941137,0.0,8.793699053879257,0.0,6.864677747481028,0.0
Konak,237.7607843137255,0.0,13.442263796640423,0.0,233.2511358942576,0.0,122.0,0.0,79.33763690799172,0.0,9.54700565104904,0.0,11.045361017187261,0.0,7.2688633889455865,0.0,856.2933284630659,0.0,132.76579138467034,0.0,96.0752921062129,0.0,2.0951839008819633,0.0,10.442065297873254,0.0,1087.7783637240923,0.0,235.32385667350366,0.0,9.54700565097111,0.0,8.179024096901893,0.0,6.287808572097864,0.0
Kongo,238.99607843137255,0.0,13.443714953153306,0.0,224.3645352619905,0.0,108.0,0.0,71.046986201888,0.0,9.240923000100086,0.0,10.392304845413264,0.0,6.927668311445241,0.0,944.7215342632398,0.0,156.6757614941824,0.0,118.25044570597139,0.0,2.4483774906204565,0.0,9.295098796375052,0.0,347.22623487329497,0.0,120.18812594758418,0.0,9.240923000045052,0.0,7.978242156707319,0.0,5.956258221093463,0.0
Kopie,237.43529411764706,0.0,13.562336748707864,0.0,235.33965546565523,0.0,118.0,0.0,78.14072454260523,0.0,9.611394487463375,0.0,10.862780491200215,0.0,7.301979196983846,0.0,8153.8537985826615,0.0,357.235988416753,0.0,235.2544107995043,0.0,2.9294274615501097,0.0,11.12057085880576,0.0,495.6283401380319,0.0,321.60710151222673,0.0,9.611394487421965,0.0,8.631460231150674,0.0,6.393394193132814,0.0
Koreh,230.30196078431374,0.0,13.374521733625825,0.0,227.52807379870507,0.0,111.0,0.0,72.2823272941283,0.0,9.322963615536384,0.0,10.535653752852738,0.0,6.9433351238082786,0.0,853.6553321411037,0.0,102.8434745698886,0.0,72.18862374149195,0.0,2.5761009066442746,0.0,9.914252249359892,0.0,633.0149510226179,0.0,198.86034223626532,0.0,9.322963615490945,0.0,8.131076859988465,0.0,6.008183086319204,0.0
Kpdnp,280.52941176470586,0.0,14.662259482542595,0.0,263.48998064322797,0.0,162.0,0.0,109.95092342871332,0.0,10.759668303422178,0.0,12.727922061357855,0.0,8.795485192771489,0.0,29769.822431831308,0.0,1213.8249557972292,0.0,779.4682947811324,0.0,2.3495155960735556,0.0,20.593521584243963,0.0,301.98105987792127,0.0,110.68615794908767,0.0,10.759668303391758,0.0,10.39583068534554,0.0,7.877370405816686,0.0
Krach,227.10588235294117,0.0,13.150713621047005,0.0,233.33670794491564,0.0,113.0,0.0,72.82337957901049,0.0,9.427855072357966,0.0,10.63014581273465,0.0,6.941666921841055,0.0,856.2713570808745,0.0,119.26072482430214,0.0,81.03118616915242,0.0,2.4339501451808383,0.0,9.721386853409518,0.0,652.5064081729107,0.0,202.935291040011,0.0,9.427855072316259,0.0,8.112747964968975,0.0,5.963076609489834,0.0
Kraft,219.29411764705884,0.0,13.132291716842696,0.0,250.42336527065802,0.0,127.0,0.0,83.26925188910798,0.0,9.984046803174891,0.0,11.269427669584644,0.0,7.50371053634288,0.0,878.3241312712245,0.0,244.43907969926389,0.0,172.95807572266057,0.0,3.5393383627055206,0.0,10.929768794820099,0.0,388.13702025689935,0.0,212.62661906461443,0.0,9.984046803115135,0.0,8.671964752196885,0.0,6.516823805854921,0.0
Krahz,233.76078431372548,0.0,13.512221531597024,0.0,242.27708206785437,0.0,125.0,0.0,80.25966070305321,0.0,9.708474523889121,0.0,11.180339887498949,0.0,7.273795324458163,0.0,863.8999725053459,0.0,191.78187365943054,0.0,136.62190170103509,0.0,2.047610781329469,0.0,15.46408714723387,0.0,426.4404896045325,0.0,147.56595888946725,0.0,9.708474523864208,0.0,8.61172345113204,0.0,6.283542346680704,0.0
Krant,220.10196078431372,0.0,13.064916437639063,0.0,237.07705075145884,0.0,125.0,0.0,79.3670872782545,0.0,9.546203169170084,0.0,11.180339887498949,0.0,7.179645666827658,0.0,853.7532208229121,0.0,113.03805247237969,0.0,72.67000808033373,0.0,3.4181946602003337,0.0,8.48916022186836,0.0,415.1584437875293,0.0,213.38714430487397,0.0,9.54620316912739,0.0,8.301243159316572,0.0,6.182022584965352,0.0
Krdnt,231.67843137254903,0.0,13.464303697126075,0.0,246.24372794691376,0.0,138.0,0.0,89.37477680319022,0.0,9.96350632263153,0.0,11.74734012447073,0.0,7.712223085474512,0.0,914.6265564834351,0.0,139.87968126874648,0.0,95.19595214613628,0.0,3.3664808827806514,0.0,10.44876396765025,0.0,421.0192463944657,0.0,215.20916953863954,0.0,9.963506322585573,0.0,8.802202301521183,0.0,6.6948213074394864,0.0
Krech,228.41960784313727,0.0,13.321688686708985,0.0,234.0860363972106,0.0,121.0,0.0,79.37069217333087,0.0,9.585084019206219,0.0,11.0,0.0,7.312351135826891,0.0,856.3984433615271,0.0,118.50986642992731,0.0,81.96111565688778,0.0,2.381360238167995,0.0,9.957186318480616,0.0,653.6387788443195,0.0,202.72953323496137,0.0,9.585084019166027,0.0,8.549087166828803,0.0,6.415094347951905,0.0
Krenk,236.62745098039215,0.0,13.661018328106483,0.0,249.4402831434099,0.0,149.0,0.0,98.44262512384816,0.0,10.216657523410953,0.0,12.206555615733702,0.0,8.170807693827586,0.0,858.4710352760521,0.0,149.09300730643818,0.0,106.48987296313005,0.0,2.2262445206443666,0.0,10.643905242989236,0.0,1107.6427494956624,0.0,247.1479602015191,0.0,10.216657523314563,0.0,9.29228438119477,0.0,7.27509836179532,0.0
Krenz,229.19607843137254,0.0,13.528539329642898,0.0,238.6075024364698,0.0,131.0,0.0,84.4485390631539,0.0,9.688289458182306,0.0,11.445523142259598,0.0,7.467252775044663,0.0,863.2606893208133,0.0,187.7496889658109,0.0,133.88379866956151,0.0,1.9869028245564897,0.0,14.530389264566837,0.0,346.2470751598667,0.0,112.25188961858979,0.0,9.688289458155158,0.0,8.844713056078788,0.0,6.558624253691589,0.0
Kreta,222.10196078431372,0.0,13.14339335663875,0.0,237.06567858039543,0.0,119.0,0.0,77.87375740052336,0.0,9.596224190468579,0.0,10.908712114635714,0.0,7.225221875598847,0.0,856.7648045366234,0.0,116.50095397902702,0.0,78.13558471719318,0.0,2.851660135960683,0.0,9.11633142928084,0.0,313.15268946358236,0.0,99.4436821337759,0.0,9.596224190421005,0.0,8.379315223603347,0.0,6.285604169058023,0.0
Kreuz,226.05098039215687,0.0,13.37994103094411,0.0,238.63774219587373,0.0,127.0,0.0,82.17547278308288,0.0,9.670298174114732,0.0,11.269427669584644,0.0,7.376112334975077,0.0,863.2591212043959,0.0,187.17998407490822,0.0,133.62555053157655,0.0,2.239449762983001,0.0,15.196099662011497,0.0,361.0983695236452,0.0,130.59491441420474,0.0,9.670298174094457,0.0,8.730279766271853,0.0,6.46371783883364,0.0
Krgtc,225.54901960784315,0.0,13.172471965637488,0.0,243.25920364566085,0.0,123.0,0.0,82.00755238072124,0.0,9.853150230412389,0.0,11.090536506409418,0.0,7.5069618291399,0.0,913.2320189164349,0.0,176.97021815470987,0.0,130.37960059520452,0.0,4.079289656527724,0.0,19.40458694802265,0.0,311.71520052260115,0.0,102.93849266656862,0.0,9.853150230375503,0.0,8.62594579551393,0.0,6.575904837493439,0.0
Krimi,218.99215686274508,0.0,13.170687923444932,0.0,266.88331079092933,0.0,139.0,0.0,92.0798125335779,0.0,10.514643113238174,0.0,11.789826122551595,0.0,7.930693820593242,0.0,914.3094038949044,0.0,185.78698316862526,0.0,123.12618438694139,0.0,3.32264483915629,0.0,10.302972252797877,0.0,338.5078793415754,0.0,158.37434112234186,0.0,10.514643113225084,0.0,8.516789657326862,0.0,6.86745498917181,0.0
Krims,230.3450980392157,0.0,13.361285579091124,0.0,250.85357317372825,0.0,122.0,0.0,80.47557834093305,0.0,9.998799180052819,0.0,11.045361017187261,0.0,7.384669655030931,0.0,900.2803116411787,0.0,165.73663767556013,0.0,109.47436516610077,0.0,2.6535298834833463,0.0,9.532215276074927,0.0,339.21740641218753,0.0,130.72432947947584,0.0,9.998799180013105,0.0,8.147395982932993,0.0,6.3727359974915165,0.0
Kripo,226.87843137254902,0.0,13.253151061988822,0.0,246.55376944113794,0.0,116.0,0.0,78.33370022110482,0.0,9.920188241058844,0.0,10.770329614269007,0.0,7.387490619820572,0.0,7566.635639744049,0.0,341.3012771910243,0.0,223.570697681451,0.0,3.03457035093843,0.0,11.76036340776571,0.0,373.67483277337243,0.0,136.98270293323384,0.0,9.920188241023688,0.0,8.358208554050847,0.0,6.43142373355536,0.0
Krise,219.61960784313726,0.0,13.15516075604906,0.0,229.60205500346905,0.0,104.0,0.0,67.20395477480551,0.0,9.252408079935952,0.0,10.198039027185569,0.0,6.664717521792252,0.0,870.9633193379271,0.0,106.21921711129926,0.0,68.90078593834431,0.0,2.9447562472218993,0.0,8.571224505574728,0.0,314.98285788999505,0.0,103.46248400456099,0.0,9.25240807989344,0.0,7.839814925983798,0.0,5.690822883511042,0.0
Krkmb,259.0156862745098,0.0,14.09312630860615,0.0,274.7085825821454,0.0,167.0,0.0,112.53741769322355,0.0,11.014156766424101,0.0,12.922847983320086,0.0,8.836090176771783,0.0,946.9228093124266,0.0,402.6350371092104,0.0,273.6167115744713,0.0,3.262158812252546,0.0,18.432753564802344,0.0,580.0394254085556,0.0,357.30115825090905,0.0,11.014156766395864,0.0,9.869638825276263,0.0,7.855891808514648,0.0
Krlth,214.89411764705883,0.0,13.044309192395168,0.0,252.1944089435314,0.0,125.0,0.0,83.57263891926064,0.0,10.115786816908562,0.0,11.180339887498949,0.0,7.592935203635189,0.0,857.5496846539994,0.0,135.95169963819822,0.0,96.63236365052525,0.0,3.507771953675309,0.0,11.132258790150846,0.0,654.6232033961429,0.0,209.22823492747554,0.0,10.115786816862904,0.0,8.35817298392214,0.0,6.588647886425667,0.0
Krmns,241.47843137254904,0.0,13.62858395628815,0.0,245.7530254067759,0.0,132.0,0.0,85.6457294965349,0.0,9.913108296961402,0.0,11.489125293076057,0.0,7.545154751652811,0.0,875.9683304725104,0.0,150.5692865475061,0.0,98.23597987680915,0.0,2.100296550452888,0.0,9.984498256863304,0.0,346.4362445824958,0.0,116.9229092801946,0.0,9.91310829691885,0.0,8.496178042889364,0.0,6.535499125465647,0.0
Krnns,228.75294117647059,0.0,13.349751137763404,0.0,226.09891013544316,0.0,114.0,0.0,71.88738219230953,0.0,9.192092704056897,0.0,10.677078252031311,0.0,6.804455904489106,0.0,850.9883942139124,0.0,102.23355741505065,0.0,65.29605724096714,0.0,1.8025856666081734,0.0,8.88247809385212,0.0,358.8690751212487,0.0,117.2851767808808,0.0,9.192092704012913,0.0,7.821148995874914,0.0,5.8166082426972565,0.0
Krnss,228.97254901960787,0.0,13.268701483638075,0.0,220.4696179669715,0.0,100.0,0.0,63.20351796508211,0.0,8.936113745126937,0.0,10.0,0.0,6.388316079240889,0.0,850.9679047134653,0.0,99.38627419707726,0.0,63.73970189125841,0.0,1.7615634294036295,0.0,9.29578228173887,0.0,324.7475389472876,0.0,91.13026002103479,0.0,8.936113745078924,0.0,7.321425820200749,0.0,5.371875957949261,0.0
Krntj,213.3490196078431,0.0,12.992259251622137,0.0,258.43025865722905,0.0,138.0,0.0,93.08719132427888,0.0,10.386091675026053,0.0,11.74734012447073,0.0,8.071173439066236,0.0,80765.4261511232,0.0,4521.240213194774,0.0,3969.643094646618,0.0,4.290177201095644,0.0,43.49848685913223,0.0,334.7168301424928,0.0,277.46872687677205,0.0,10.386091674994198,0.0,8.463543601864462,0.0,7.075196951475779,0.0
Krtht,216.1764705882353,0.0,13.039725185387116,0.0,245.70435648856875,0.0,130.0,0.0,84.87433216436821,0.0,9.904826637530268,0.0,11.40175425099138,0.0,7.5496339631089455,0.0,854.0088816956858,0.0,127.79550610145046,0.0,87.32357266786339,0.0,3.325284062877088,0.0,10.794258430485431,0.0,489.62663248827323,0.0,235.3300719803542,0.0,9.904826637475052,0.0,8.53838240443255,0.0,6.546712603382023,0.0
Kruhs,231.48627450980393,0.0,13.352983789629969,0.0,230.66999160396637,0.0,118.0,0.0,74.7812520078939,0.0,9.353541161113482,0.0,10.862780491200215,0.0,6.974420774877464,0.0,851.7472765729324,0.0,108.58135829616046,0.0,71.51851426045995,0.0,2.106935216940506,0.0,10.529863968189249,0.0,431.01261745901934,0.0,151.02955795434073,0.0,9.35354116106897,0.0,7.9799360460868405,0.0,6.013922162996055,0.0
Kruns,225.60784313725492,0.0,13.19914016283115,0.0,226.2510835202868,0.0,116.0,0.0,72.42281777367424,0.0,9.171031725346381,0.0,10.770329614269007,0.0,6.797835776885067,0.0,850.9709874880526,0.0,102.1670301822209,0.0,64.98195177175043,0.0,2.055921273860749,0.0,9.05230137720483,0.0,349.71953807781114,0.0,117.137243343828,0.0,9.171031725304013,0.0,7.776653245616927,0.0,5.83992762101919,0.0
Krvtn,212.27450980392155,0.0,12.918894662182977,0.0,250.1089788965299,0.0,139.0,0.0,91.0765961237864,0.0,10.096308929733588,0.0,11.789826122551595,0.0,7.823595762087883,0.0,870.8722945405249,0.0,158.37857835061214,0.0,113.40565571748932,0.0,3.309861944415004,0.0,13.523796317152655,0.0,485.6881559866075,0.0,108.04335491306887,0.0,10.096308929696391,0.0,8.715926162030467,0.0,6.879572119075835,0.0
Kröte,222.0,0.0,13.128910431546458,0.0,234.89257936411502,0.0,120.0,0.0,78.16583381252835,0.0,9.55095333865167,0.0,10.954451150103322,0.0,7.224104205376848,0.0,860.0910322778899,0.0,186.33017666753912,0.0,111.6640179062053,0.0,2.621424413303641,0.0,19.156901241088466,0.0,328.3140179836128,0.0,137.54107338104572,0.0,9.550953338608073,0.0,8.537151555589485,0.0,6.304710646338292,0.0
Kshlm,245.51372549019607,0.0,13.746457933903045,0.0,257.33798543787594,0.0,138.0,0.0,91.79307799672256,0.0,10.346699873496435,0.0,11.74734012447073,0.0,7.942661152659901,0.0,935.4652667556982,0.0,221.0455556900536,0.0,154.37754801846256,0.0,2.4006115796631873,0.0,15.032986370992035,0.0,382.6857962421801,0.0,326.47804109397487,0.0,10.346699873461386,0.0,8.660293303717024,0.0,6.933526863792397,0.0
Kstzt,217.7372549019608,0.0,13.062071668115122,0.0,230.59705301919746,0.0,107.0,0.0,68.77564529322699,0.0,9.280427308612282,0.0,10.344080432788601,0.0,6.733428989035073,0.0,854.0710170164795,0.0,141.4245288747131,0.0,99.18590701517533,0.0,4.50117688689658,0.0,14.269599073783889,0.0,397.07653768639136,0.0,232.92799605915116,0.0,9.280427308585304,0.0,7.852250986373997,0.0,5.7252352372016855,0.0
Kthxb,249.95294117647057,0.0,13.913599486574931,0.0,259.30025674044896,0.0,148.0,0.0,100.12464870293434,0.0,10.496589016346016,0.0,12.165525060596439,0.0,8.349246663479343,0.0,923.0235241255807,0.0,407.6671571404187,0.0,287.3033609805299,0.0,2.9834212275309517,0.0,44.34671877530627,0.0,639.1738796872575,0.0,366.5186130909182,0.0,10.496589016314754,0.0,9.532979932030765,0.0,7.4207871067549,0.0
Kubul,232.06274509803922,0.0,13.34335724703751,0.0,246.4483033802816,0.0,140.0,0.0,90.63486648686799,0.0,9.997336331842039,0.0,11.832159566199232,0.0,7.778715017773251,0.0,862.0047715716992,0.0,163.21516775599497,0.0,114.98920674535573,0.0,4.312007858868602,0.0,11.601681652911935,0.0,355.42910379546424,0.0,159.25143328350967,0.0,9.997336331820394,0.0,8.78685760731167,0.0,6.778187184272372,0.0
Kubus,242.68235294117648,0.0,13.527012006553841,0.0,225.94410185387648,0.0,117.0,0.0,74.19424642223697,0.0,9.235494400019244,0.0,10.816653826391969,0.0,6.9364175565886335,0.0,855.528631984832,0.0,131.70032632498337,0.0,87.02495564708293,0.0,2.2289382596707363,0.0,10.638055229212355,0.0,336.1743414635004,0.0,143.48025437549273,0.0,9.235494399978498,0.0,8.22356556714238,0.0,5.979843012205728,0.0
Kufen,235.13725490196077,0.0,13.653963770407428,0.0,235.51613145326957,0.0,124.0,0.0,80.84444444444452,0.0,9.627078459544128,0.0,11.135528725660043,0.0,7.357591058513883,0.0,894.0910390326607,0.0,290.8144621373902,0.0,211.4998927881818,0.0,2.0410868312763624,0.0,11.944536067244295,0.0,453.83916107932873,0.0,91.72730363301797,0.0,9.627078459497792,0.0,8.857615134436282,0.0,6.4792739024206,0.0
Kugel,239.6705882352941,0.0,13.67382545226605,0.0,245.89946303180506,0.0,139.0,0.0,92.20694063113386,0.0,10.0626802574564,0.0,11.789826122551595,0.0,7.950865038918006,0.0,915.3606846281228,0.0,182.19907482849294,0.0,138.58969086903426,0.0,3.7783501103207557,0.0,10.093145272989503,0.0,283.1152799219821,0.0,107.61376649296672,0.0,10.062680257423313,0.0,9.094217847326263,0.0,7.031245073535849,0.0
Kulis,212.6313725490196,0.0,12.889720041079585,0.0,233.12101573108976,0.0,100.0,0.0,64.94433186740244,0.0,9.347072991209432,0.0,10.0,0.0,6.59364762819842,0.0,873.0388086014171,0.0,100.25870904277126,0.0,68.95914340591767,0.0,3.934145377309374,0.0,8.65624349190404,0.0,496.0709066745956,0.0,323.08526606246465,0.0,9.347072991183575,0.0,7.226009711985714,0.0,5.621260531776772,0.0
Kunst,225.04705882352943,0.0,13.16205385449357,0.0,222.08969015666275,0.0,112.0,0.0,70.15951356998833,0.0,9.053650414376136,0.0,10.583005244258363,0.0,6.6961081500782855,0.0,849.4683478730619,0.0,89.3194596605824,0.0,57.465375239697586,0.0,3.6692874757365805,0.0,8.620937622203497,0.0,359.5360773260853,0.0,197.33222534748316,0.0,9.05365041434811,0.0,7.713255977711699,0.0,5.686075301146455,0.0
Kuppe,267.121568627451,0.0,14.314817041377252,0.0,246.7271532046658,0.0,145.0,0.0,97.08028578910586,0.0,10.169790360162583,0.0,12.041594578792296,0.0,8.199187305906976,0.0,11088.219977700217,0.0,481.75691976463185,0.0,316.2724798539134,0.0,2.6985304416902927,0.0,11.444990997301504,0.0,260.0952176495025,0.0,88.22031756401474,0.0,10.169790360118485,0.0,9.868372856145726,0.0,7.327402347463456,0.0
Kurie,216.2549019607843,0.0,13.084995853788273,0.0,232.5562229187424,0.0,113.0,0.0,72.04367044353219,0.0,9.375994909705858,0.0,10.63014581273465,0.0,6.859975507147651,0.0,875.6219021119139,0.0,98.84195661742552,0.0,64.01817516231067,0.0,3.622220788435316,0.0,8.236985544823206,0.0,495.12234922734507,0.0,322.7205440493143,0.0,9.37599490967088,0.0,8.049944843438027,0.0,5.931353883309953,0.0
Kuron,219.27843137254902,0.0,12.989905879111433,0.0,225.5502765831656,0.0,110.0,0.0,69.322694127906,0.0,9.157624388879832,0.0,10.488088481701515,0.0,6.682623048473193,0.0,849.9488157306622,0.0,92.13498079113798,0.0,58.82907290161008,0.0,3.041502919448275,0.0,8.915757643504318,0.0,461.27883134237686,0.0,89.7284927060234,0.0,9.157624388836611,0.0,7.7009892418949075,0.0,5.715751821206179,0.0
Kurse,227.6078431372549,0.0,13.276823733216712,0.0,221.23707591256215,0.0,108.0,0.0,67.88726907532947,0.0,9.004240179632033,0.0,10.392304845413264,0.0,6.600645269858946,0.0,853.4736576120631,0.0,90.25087435204954,0.0,57.59713786077237,0.0,2.3689969184087603,0.0,8.408810176693544,0.0,261.1987381850891,0.0,83.37850283888334,0.0,9.004240179583759,0.0,7.946460933520884,0.0,5.665694955935163,0.0
Kuwel,231.2156862745098,0.0,13.323230313051905,0.0,248.85092639837185,0.0,143.0,0.0,92.29441029337575,0.0,10.071587879812975,0.0,11.958260743101398,0.0,7.825637911717654,0.0,876.8856093505866,0.0,177.2726648744003,0.0,119.23365791425418,0.0,3.7402156476514214,0.0,13.645735704011127,0.0,320.71285500109707,0.0,111.63032530640761,0.0,10.071587879779386,0.0,8.76571059880648,0.0,6.868356885837486,0.0
Kvrls,211.21176470588236,0.0,12.839781630177741,0.0,247.15128086757278,0.0,122.0,0.0,81.19650849187289,0.0,9.955584126249258,0.0,11.045361017187261,0.0,7.4725067672621766,0.0,914.3089109332049,0.0,232.89107656248635,0.0,174.26309413435547,0.0,3.655280358725438,0.0,22.92210370149908,0.0,398.55427453148343,0.0,307.7596447558093,0.0,9.955584126212216,0.0,7.98918860855392,0.0,6.556414001299825,0.0
Kzbrl,228.45882352941175,0.0,13.431285529988614,0.0,257.56322645263623,0.0,138.0,0.0,91.3653964628677,0.0,10.298162481091998,0.0,11.74734012447073,0.0,7.907644213202797,0.0,887.6943317859417,0.0,362.72630048446445,0.0,233.2092941238122,0.0,5.341769439304727,0.0,22.62489636458065,0.0,371.2333762946273,0.0,167.88672117531064,0.0,10.298162481059908,0.0,8.966565702154634,0.0,6.863335375606313,0.0
Kzchp,249.22745098039218,0.0,13.869404063939157,0.0,243.51934246368268,0.0,132.0,0.0,87.34278953492458,0.0,9.915130750515367,0.0,11.489125293076057,0.0,7.727431663575969,0.0,26916.229465250723,0.0,1131.8623557140204,0.0,721.133233063647,0.0,3.1250575262305795,0.0,26.245182503301123,0.0,389.19593397069855,0.0,144.50955788432327,0.0,9.915130750477719,0.0,9.237210727942958,0.0,6.806320497863972,0.0
Kzntn,226.63529411764708,0.0,13.41592298797877,0.0,233.5769581521169,0.0,119.0,0.0,76.48229111829232,0.0,9.473652954577224,0.0,10.908712114635714,0.0,7.08436430202363,0.0,873.2079467473737,0.0,334.21997756315653,0.0,209.45799467086715,0.0,3.2472501456939677,0.0,21.577171541823464,0.0,459.434364789973,0.0,98.21853058784515,0.0,9.473652954538528,0.0,8.323356524931107,0.0,6.075881759928221,0.0
Kämme,271.921568627451,0.0,14.365400142740663,0.0,259.95013187982016,0.0,151.0,0.0,100.06500554786125,0.0,10.4703975830566,0.0,12.288205727444508,0.0,8.23633226952425,0.0,910.8271972409112,0.0,193.48981317045943,0.0,129.68235494823423,0.0,1.9080007037939457,0.0,11.43817163984033,0.0,278.6421319419567,0.0,119.70532585773066,0.0,10.470397583011696,0.0,9.533289343975994,0.0,7.251940553214693,0.0
Kästä,242.9529411764706,0.0,13.511084489239035,0.0,229.00198643136082,0.0,106.0,0.0,68.7897951745754,0.0,9.252857429044104,0.0,10.295630140987,0.0,6.757696166752166,0.0,868.6055280537605,0.0,218.27365858644643,0.0,176.46675335933068,0.0,2.889371517948356,0.0,70.76088264218382,0.0,359.59582396497575,0.0,323.532972098682,0.0,9.252857429042226,0.0,7.982627703013968,0.0,5.815061510506616,0.0
Köche,237.5607843137255,0.0,13.448112653769723,0.0,221.4416664641888,0.0,114.0,0.0,73.02803384330447,0.0,9.120069980920928,0.0,10.677078252031311,0.0,6.919456880568096,0.0,856.7183929498558,0.0,166.2921003675772,0.0,95.65143241538472,0.0,2.1136488910247744,0.0,13.664110948694134,0.0,396.8755321263815,0.0,153.20512959784045,0.0,9.120069980871822,0.0,8.403226593029212,0.0,6.012036408608192,0.0
Köhns,243.77254901960782,0.0,13.626631093970548,0.0,222.20442965014598,0.0,109.0,0.0,69.79748334966618,0.0,9.116991372266513,0.0,10.44030650891055,0.0,6.767266323292922,0.0,852.8123549782875,0.0,165.70273174494048,0.0,94.98166498597747,0.0,2.17622775784691,0.0,13.598195845560399,0.0,336.3775968379321,0.0,130.48844131448774,0.0,9.116991372219463,0.0,7.933460535325993,0.0,5.829017725862618,0.0
König,240.66666666666669,0.0,13.63610558864809,0.0,240.51171746131976,0.0,123.0,0.0,81.61160515424672,0.0,9.799729919145015,0.0,11.090536506409418,0.0,7.471132330496809,0.0,1163.089968932592,0.0,276.03514117147546,0.0,196.6939479562691,0.0,2.88790541925261,0.0,14.65537863525883,0.0,545.6759383452968,0.0,324.81049638884105,0.0,9.799729919108056,0.0,8.530401825960698,0.0,6.523959028262085,0.0
Köntö,229.14117647058822,0.0,13.17937351309296,0.0,228.79891904441732,0.0,110.0,0.0,71.7175069449506,0.0,9.338639783434552,0.0,10.488088481701515,0.0,6.92074913073747,0.0,861.9312884943739,0.0,187.3121564130915,0.0,120.44293007303695,0.0,3.303070342922155,0.0,109.61815109755796,0.0,950.1677916124131,0.0,769.6881717151682,0.0,9.338625028703802,0.0,8.072162503824462,0.0,5.980994567275691,0.0
Körso,223.22745098039215,0.0,12.951020023391589,0.0,220.49142335717096,0.0,95.0,0.0,60.879000197077225,0.0,8.934836132639536,0.0,9.746794344808963,0.0,6.322860280394641,0.0,853.6095592869117,0.0,165.87825142253877,0.0,94.07908824750558,0.0,3.4680532007164078,0.0,13.69566458931077,0.0,332.86713532679215,0.0,127.92563322714233,0.0,8.934836132586945,0.0,7.338945659053702,0.0,5.35796860338329,0.0
Körzo,221.67058823529413,0.0,13.056710657547905,0.0,228.63025325784992,0.0,102.0,0.0,65.69406824274527,0.0,9.204249248865572,0.0,10.099504938362077,0.0,6.586636579265125,0.0,856.8729285431241,0.0,192.96925924679732,0.0,117.37563101047724,0.0,3.690353196853307,0.0,15.098656038804803,0.0,386.7779928182244,0.0,176.99713630287158,0.0,9.204249248816286,0.0,7.786825607681399,0.0,5.6334553939864564,0.0
Köthö,235.01960784313727,0.0,13.33344521291008,0.0,234.8662050198016,0.0,117.0,0.0,77.0438278354161,0.0,9.583564969831091,0.0,10.816653826391969,0.0,7.223785728267204,0.0,862.9759719161752,0.0,192.62936062913607,0.0,125.67648153250902,0.0,2.346979813826189,0.0,109.79283814395944,0.0,991.5463091690042,0.0,777.8533635384277,0.0,9.583550592158868,0.0,8.468823939591122,0.0,6.296267698522956,0.0
Kübel,243.90588235294118,0.0,13.746753277862735,0.0,247.80141517711314,0.0,143.0,0.0,93.99953133394396,0.0,10.109321916622587,0.0,11.958260743101398,0.0,7.9790480062585925,0.0,863.8682971083241,0.0,170.0407674334149,0.0,120.64821433747977,0.0,4.3496156919394,0.0,12.49258526519729,0.0,308.65865840727855,0.0,142.37767513959156,0.0,10.109321916593313,0.0,9.269323745786128,0.0,7.041110372413707,0.0
Küche,240.52941176470588,0.0,13.585867433675823,0.0,226.61375707655998,0.0,124.0,0.0,78.95730144460376,0.0,9.31572156912925,0.0,11.135528725660043,0.0,7.174599223000227,0.0,854.3087892990754,0.0,104.74081353793484,0.0,71.61590873875242,0.0,2.0769147589456702,0.0,11.969381512991667,0.0,398.1110240129104,0.0,161.38455545052037,0.0,9.315721569088739,0.0,8.704471520406264,0.0,6.272526533070555,0.0
Küken,248.7372549019608,0.0,13.91875807034106,0.0,240.78673642663685,0.0,141.0,0.0,92.36073598928766,0.0,9.941572086296473,0.0,11.874342087037917,0.0,7.869458347902171,0.0,855.5825661207183,0.0,142.3568126137493,0.0,104.46520674905273,0.0,2.322641358231938,0.0,12.56914873713215,0.0,474.3928909408074,0.0,110.90624799576267,0.0,9.941572086255064,0.0,9.198240581966934,0.0,6.990259102373954,0.0
Küsse,243.08235294117645,0.0,13.609687392683446,0.0,216.9155974547319,0.0,108.0,0.0,68.05623857693976,0.0,8.900909063271612,0.0,10.392304845413264,0.0,6.61278075141239,0.0,853.3397506019751,0.0,95.42821272530217,0.0,63.71836119674797,0.0,1.9259234534427805,0.0,11.171551228243137,0.0,266.7896083842622,0.0,106.84532114424894,0.0,8.900909063229998,0.0,8.10265499494969,0.0,5.706033683411142,0.0
Küste,233.74509803921572,0.0,13.422710245207462,0.0,225.95346923569036,0.0,116.0,0.0,74.33370157094932,0.0,9.249659866083029,0.0,10.770329614269007,0.0,6.977959106666524,0.0,854.4008968900878,0.0,108.56174958165927,0.0,74.1570375280124,0.0,3.0949316883622293,0.0,11.077717827525976,0.0,268.2554497758955,0.0,116.7778024236423,0.0,9.249659866040911,0.0,8.414824800366375,0.0,6.079729708056705,0.0
Labor,218.25882352941176,0.0,12.893590466776581,0.0,229.1312939880615,0.0,95.0,0.0,61.513516534247074,0.0,9.174616356803668,0.0,9.746794344808963,0.0,6.412122433378951,0.0,2462.604807789337,0.0,138.11098246218742,0.0,93.31365977014055,0.0,3.5835197742996048,0.0,10.478053371039014,0.0,204.30417311234822,0.0,157.38902457981473,0.0,9.174616356822263,0.0,7.435547404772313,0.0,5.3910706925124945,0.0
Lachs,219.3686274509804,0.0,12.902279631318516,0.0,212.53991031632142,0.0,76.0,0.0,48.079855458636565,0.0,8.505638667751857,0.0,8.717797887081348,0.0,5.597324253027712,0.0,2459.589145890072,0.0,79.63263074858115,0.0,54.75331007493689,0.0,2.9633593399487066,0.0,9.370069606739754,0.0,330.8627397713303,0.0,137.13693375770228,0.0,8.505638667756688,0.0,6.469274245467987,0.0,4.552965231215644,0.0
Lacht,210.0313725490196,0.0,12.70489587068573,0.0,222.66949108157596,0.0,91.0,0.0,58.14688577344762,0.0,8.923721252269972,0.0,9.539392014169456,0.0,6.1860386110013135,0.0,2459.908416399827,0.0,89.9782164545199,0.0,61.91337854866992,0.0,2.5413234156559845,0.0,9.360570023755226,0.0,402.4872452121388,0.0,225.41719229059223,0.0,8.923721252303128,0.0,7.030986944993551,0.0,5.143627431667072,0.0
Laden,235.5254901960784,0.0,13.556241087915165,0.0,226.18863052862514,0.0,99.0,0.0,64.56435870231324,0.0,9.176696221264175,0.0,9.9498743710662,0.0,6.5713017544996335,0.0,2482.0321472254354,0.0,113.30625117803429,0.0,79.32767360768014,0.0,3.280862556979804,0.0,8.821123963733632,0.0,402.7421183423605,0.0,73.76719677022982,0.0,9.176696221275769,0.0,7.872117483146551,0.0,5.571300638965798,0.0
Lader,226.9686274509804,0.0,13.324318174866107,0.0,233.0481408589864,0.0,103.0,0.0,67.45096392405245,0.0,9.387266456052286,0.0,10.14889156509222,0.0,6.747788773573741,0.0,2482.943410444932,0.0,125.8277436838004,0.0,88.13950241796891,0.0,3.6880000734578022,0.0,9.077768594513744,0.0,168.98929625423236,0.0,144.12682924838873,0.0,9.387266456060052,0.0,7.983354965353262,0.0,5.753346048794441,0.0
Lager,228.83137254901962,0.0,13.372041851115103,0.0,234.43239735106408,0.0,106.0,0.0,70.43565911563587,0.0,9.476829037697277,0.0,10.295630140987,0.0,6.954466709063315,0.0,2481.8499769817136,0.0,161.88883183523956,0.0,122.03005900254847,0.0,3.9421196297452448,0.0,9.038728607195122,0.0,153.6920550181146,0.0,140.88625963989148,0.0,9.476829037700918,0.0,8.22680888251603,0.0,6.031304537288026,0.0
Lagos,229.49803921568628,0.0,13.160337929750174,0.0,217.457766871032,0.0,77.0,0.0,51.076910637585556,0.0,8.760550855332504,0.0,8.774964387392123,0.0,5.921931740696376,0.0,2480.504402132664,0.0,148.8290475384053,0.0,113.90145615247087,0.0,3.1202001976629825,0.0,9.741360388375186,0.0,163.9579720835165,0.0,73.068519519857,0.0,8.760550855337609,0.0,6.840584621760986,0.0,4.958932883936686,0.0
Lahfa,227.01960784313724,0.0,13.302985069701682,0.0,235.99472588704975,0.0,92.0,0.0,61.07365805195823,0.0,9.378869567273966,0.0,9.591663046625438,0.0,6.483923919607294,0.0,2469.085960254275,0.0,232.56544629238738,0.0,167.1288674494376,0.0,2.8323562307883954,0.0,12.173397715686548,0.0,203.54231329712874,0.0,107.69696114037227,0.0,9.378869567254936,0.0,7.499133278802371,0.0,5.449175876859484,0.0
Lahna,227.82745098039214,0.0,13.236478668850788,0.0,222.6484113678506,0.0,90.0,0.0,57.171493441104744,0.0,8.911341017996335,0.0,9.486832980505138,0.0,6.105973262570811,0.0,2460.4525521978517,0.0,84.34349074885816,0.0,57.43250344223094,0.0,2.602178416971584,0.0,9.574459303697818,0.0,250.97046174765129,0.0,109.37866904562021,0.0,8.911341017998035,0.0,7.067153971735409,0.0,5.043999252724169,0.0
Laibe,223.79215686274506,0.0,13.227182408927705,0.0,227.50992000820645,0.0,89.0,0.0,58.603617043678334,0.0,9.112830218967156,0.0,9.433981132056603,0.0,6.295572308945197,0.0,2469.4886882717915,0.0,151.31874102618372,0.0,102.37772097323156,0.0,3.669451874764634,0.0,10.233265443562324,0.0,220.77837734046017,0.0,126.77034552776195,0.0,9.112830218982662,0.0,7.6531530999349435,0.0,5.322171584108432,0.0
Laici,191.00392156862745,0.0,12.252047353804244,0.0,227.19879269896046,0.0,74.0,0.0,48.137369368786146,0.0,8.931369252686078,0.0,8.602325267042627,0.0,5.695988891237737,0.0,2470.197402442519,0.0,113.09568072838046,0.0,75.16207518880215,0.0,3.2148332531685857,0.0,10.732246049695105,0.0,157.36944949991056,0.0,123.56690984196405,0.0,8.93136925272009,0.0,6.11085507398633,0.0,4.597465849706428,0.0
Lakai,216.90980392156862,0.0,12.965282361476081,0.0,240.95528126712577,0.0,104.0,0.0,68.47447983737106,0.0,9.590102585889575,0.0,10.198039027185569,0.0,6.831864927471211,0.0,2466.9328591666267,0.0,151.9530830679461,0.0,109.74042340614683,0.0,3.336239679351105,0.0,11.022915488373071,0.0,192.30981263371473,0.0,119.30880906402582,0.0,9.590102585909854,0.0,7.370507776503415,0.0,5.796035698643412,0.0
Laken,229.35686274509803,0.0,13.410406994687671,0.0,230.09832700256084,0.0,105.0,0.0,69.37268940344951,0.0,9.37842553738255,0.0,10.246950765959598,0.0,6.854384853503913,0.0,2461.291368801354,0.0,126.41689048090227,0.0,94.55535330740007,0.0,2.654857000875431,0.0,9.98045099112353,0.0,417.8108862183288,0.0,71.92016827444046,0.0,9.37842553739169,0.0,7.9014373793527835,0.0,5.927304120886496,0.0
Lampe,251.5764705882353,0.0,13.902956904493262,0.0,246.79049925353516,0.0,118.0,0.0,79.97430003806556,0.0,9.958634258784759,0.0,10.862780491200215,0.0,7.471608257802663,0.0,7911.9107820869,0.0,349.86040130288694,0.0,229.5303051290037,0.0,4.400517967411611,0.0,11.07035962167744,0.0,144.2822462298556,0.0,74.21826400582272,0.0,9.958634258792015,0.0,8.74504428605506,0.0,6.50598988577341,0.0
Lange,237.38823529411764,0.0,13.603151137754292,0.0,224.40804129444575,0.0,98.0,0.0,64.5318417550138,0.0,9.131816979940325,0.0,9.899494936611665,0.0,6.613210219302956,0.0,2495.294522987999,0.0,154.4250069950856,0.0,117.0437395508524,0.0,4.165702046329195,0.0,8.621360546704024,0.0,180.90236787636348,0.0,75.07444298778046,0.0,9.131816979948615,0.0,7.95899456958961,0.0,5.650215069088105,0.0
Lanze,221.92549019607844,0.0,13.275427315005778,0.0,217.7729523531832,0.0,86.0,0.0,54.3155890856961,0.0,8.720390033350618,0.0,9.273618495495704,0.0,5.916510958626399,0.0,2461.6281235848314,0.0,121.23106518280596,0.0,83.9035640706093,0.0,2.5556006036491805,0.0,10.76129323724538,0.0,260.2569707841881,0.0,140.0643540161442,0.0,8.720390033362206,0.0,7.347048959048738,0.0,4.9036528525592304,0.0
Larve,207.56470588235294,0.0,12.772933103606398,0.0,233.579250188303,0.0,100.0,0.0,65.83375502479669,0.0,9.374094935295751,0.0,10.0,0.0,6.672177956485028,0.0,2480.156994834154,0.0,144.28220580691695,0.0,108.15463020895237,0.0,2.564399566551654,0.0,15.11763764815545,0.0,226.82552381976183,0.0,157.38183213846145,0.0,9.37409493530184,0.0,7.551471337175494,0.0,5.733553418882778,0.0
Lasso,215.59215686274513,0.0,12.713652913148191,0.0,205.67664093862663,0.0,63.0,0.0,39.48250574358876,0.0,8.179750483291993,0.0,7.937253933193772,0.0,5.034216626575745,0.0,2459.3410364805477,0.0,69.41823571452545,0.0,46.26574719018501,0.0,2.172325757299344,0.0,9.385007827741648,0.0,246.2853917718835,0.0,106.5611278525741,0.0,8.179750483292455,0.0,5.798148142894552,0.0,3.921161884160116,0.0
Latex,218.5843137254902,0.0,13.115426407188151,0.0,235.967279766098,0.0,103.0,0.0,69.32454827449354,0.0,9.507185567600063,0.0,10.14889156509222,0.0,6.91173230875001,0.0,2464.7873044108715,0.0,195.80686223391913,0.0,153.59475068166412,0.0,3.407352644306347,0.0,20.374879139655018,0.0,595.5922279945353,0.0,99.79779331459159,0.0,9.507185567607374,0.0,7.993840687645172,0.0,5.995551114276733,0.0
Laube,231.78039215686275,0.0,13.348188955976756,0.0,221.91509369271515,0.0,99.0,0.0,63.02801521544866,0.0,8.969993981916685,0.0,9.9498743710662,0.0,6.413685112417233,0.0,2463.759818399912,0.0,147.72922133846708,0.0,99.57086345446793,0.0,3.725450773015804,0.0,10.387613576398328,0.0,216.3984422013762,0.0,116.66645224975021,0.0,8.96999398192926,0.0,7.858669891758473,0.0,5.472954256259032,0.0
Lauch,216.00392156862745,0.0,12.830731922259917,0.0,218.4193886283683,0.0,86.0,0.0,54.35374406405819,0.0,8.76906881013545,0.0,9.273618495495704,0.0,5.947880458698542,0.0,2460.4297672073503,0.0,91.60291205458708,0.0,65.07967663915841,0.0,2.8432965981600202,0.0,9.848524022053153,0.0,594.0196559791714,0.0,194.17417670612338,0.0,8.76906881015237,0.0,6.842921165649269,0.0,4.944643983393994,0.0
Lauht,214.87843137254902,0.0,12.902066868864779,0.0,226.57863951859102,0.0,100.0,0.0,63.255885997521844,0.0,9.084218228549542,0.0,10.0,0.0,6.416371879335443,0.0,2459.823238785951,0.0,91.0899754703848,0.0,61.987781697935176,0.0,2.6577844091210454,0.0,10.37505133836316,0.0,403.28053696197435,0.0,226.22302037050798,0.0,9.084218228576871,0.0,7.288523315669041,0.0,5.401030445828942,0.0
Laute,211.0,0.0,12.823228994502283,0.0,218.82416761830632,0.0,89.0,0.0,56.313419615402296,0.0,8.780750248615973,0.0,9.433981132056603,0.0,6.0392779156987855,0.0,2460.8562777960983,0.0,87.41248153955365,0.0,59.26179022192397,0.0,2.1928612644010617,0.0,8.518271421639191,0.0,151.4926950137498,0.0,83.22223692712294,0.0,8.780750248622242,0.0,7.187963639953322,0.0,5.068918550710499,0.0
Lbbst,235.00392156862745,0.0,13.406832024913724,0.0,239.14588472866737,0.0,113.0,0.0,75.10945458177787,0.0,9.66907352917806,0.0,10.63014581273465,0.0,7.170187117975579,0.0,2473.095632144086,0.0,295.83599566285415,0.0,200.6442641957448,0.0,3.83743004686076,0.0,16.69727615532831,0.0,314.619585300533,0.0,213.40170101504208,0.0,9.66907352921191,0.0,8.407432027247806,0.0,6.149510509655496,0.0
Lbmpb,272.21568627450984,0.0,14.379117349933827,0.0,273.52529581845147,0.0,149.0,0.0,103.76941980977999,0.0,10.963501018059777,0.0,12.206555615733702,0.0,8.633330620907552,0.0,7921.691123887341,0.0,563.5895438273956,0.0,376.5830892135834,0.0,4.171417581555968,0.0,22.496310989214642,0.0,494.9026296512467,0.0,351.5370000618047,0.0,10.963501018084285,0.0,10.008642511134406,0.0,7.640562363263949,0.0
Lcfnc,203.7843137254902,0.0,12.638365153012034,0.0,228.99212230672254,0.0,92.0,0.0,60.31562715131494,0.0,9.17917358932949,0.0,9.591663046625438,0.0,6.399012758110322,0.0,2475.677818736249,0.0,290.67881482749925,0.0,211.72168484699884,0.0,2.7345511931570745,0.0,23.301470091979468,0.0,217.9228039551075,0.0,109.7945614120981,0.0,9.179173589354319,0.0,7.579129192918868,0.0,5.474294000447198,0.0
Lcftc,194.66666666666669,0.0,12.349753712636684,0.0,232.4007019192093,0.0,86.0,0.0,57.909225918097064,0.0,9.270750447213588,0.0,9.273618495495704,0.0,6.357701666378326,0.0,2476.0367429821126,0.0,294.2774444547953,0.0,214.62638002294713,0.0,2.4965885865167867,0.0,23.236058225012016,0.0,157.76574540962793,0.0,94.05046117954211,0.0,9.2707504472359,0.0,7.418380025416688,0.0,5.421836182386571,0.0
Ldthr,221.04313725490195,0.0,13.222068628174288,0.0,249.3614662552341,0.0,121.0,0.0,80.35045530259484,0.0,9.996000148695435,0.0,11.0,0.0,7.442852997127705,0.0,2587.5747359935303,0.0,326.2626052680299,0.0,240.63971068708096,0.0,3.153897492860481,0.0,17.074303654035386,0.0,353.5242543826297,0.0,194.79555360528556,0.0,9.996000148722981,0.0,8.484547042294965,0.0,6.403738332723661,0.0
Lebby,249.50196078431372,0.0,13.912547753943812,0.0,261.4704321932543,0.0,151.0,0.0,102.12744747079643,0.0,10.582252137852832,0.0,12.288205727444508,0.0,8.44847076399124,0.0,6445.043980405337,0.0,234.55489295062037,0.0,161.50771265048982,0.0,3.925672836314741,0.0,11.464292471757771,0.0,265.0352972396676,0.0,149.3717075323051,0.0,10.582252137881968,0.0,9.896773715682928,0.0,7.517210477937315,0.0
Lecks,220.89803921568628,0.0,13.080652426273037,0.0,223.42755302864512,0.0,98.0,0.0,64.16642126491234,0.0,9.097420643758449,0.0,9.899494936611665,0.0,6.5676237353834175,0.0,2464.122585924358,0.0,103.80951234027869,0.0,75.11376632236765,0.0,2.7741431938579812,0.0,9.369199491653772,0.0,396.4861733880958,0.0,204.6207513972428,0.0,9.097420643771176,0.0,7.682041507715251,0.0,5.6767366764351435,0.0
Leder,228.28235294117644,0.0,13.493093624068063,0.0,235.8092599341808,0.0,116.0,0.0,76.11679665670495,0.0,9.577864586897205,0.0,10.770329614269007,0.0,7.1655005390793,0.0,2486.766662012753,0.0,127.58585590670354,0.0,89.41721314215323,0.0,3.5564284276905336,0.0,9.171417693934208,0.0,177.15772189309266,0.0,144.24454748824192,0.0,9.577864586905207,0.0,8.745682418873018,0.0,6.234822313648691,0.0
Lefte,214.65098039215687,0.0,13.21835546443505,0.0,235.0644270044511,0.0,104.0,0.0,69.66290518961276,0.0,9.485870265229726,0.0,10.198039027185569,0.0,6.933075905285201,0.0,2480.3942403442124,0.0,292.57794485179767,0.0,213.70655573164888,0.0,2.35046974651103,0.0,11.958486574640641,0.0,157.86814710375398,0.0,90.30532110895925,0.0,9.485870265234679,0.0,8.595245810516534,0.0,6.076634703900787,0.0
Legen,238.7019607843137,0.0,13.768509055064198,0.0,230.33400609589728,0.0,115.0,0.0,76.21488662654919,0.0,9.461288979742516,0.0,10.723805294763608,0.0,7.199007241708402,0.0,2484.764648907189,0.0,153.81550277957044,0.0,116.80115296223347,0.0,3.1895447580598804,0.0,8.654493774910915,0.0,400.24625818863996,0.0,67.91947733746197,0.0,9.461288979756214,0.0,8.869592212944116,0.0,6.331433723863746,0.0
Lehre,221.89803921568628,0.0,13.342503190478453,0.0,229.2899028921762,0.0,104.0,0.0,67.90315026740413,0.0,9.29586216474134,0.0,10.198039027185569,0.0,6.744951913121314,0.0,2465.5783472787107,0.0,100.51124122024,0.0,70.08953878290603,0.0,2.4412557643632917,0.0,9.322594310792034,0.0,301.32148269746006,0.0,139.1405469561372,0.0,9.29586216474863,0.0,8.283885004111733,0.0,5.801128643934442,0.0
Leier,204.8862745098039,0.0,12.912132589634563,0.0,231.54102258829965,0.0,99.0,0.0,64.80746977022969,0.0,9.297400126760682,0.0,9.9498743710662,0.0,6.596400016986558,0.0,2470.111516562463,0.0,99.8903877093831,0.0,67.51299977722192,0.0,2.3653950136748016,0.0,8.431333661122643,0.0,175.8531058269513,0.0,150.4275194973468,0.0,9.297400126774528,0.0,7.992487683962661,0.0,5.679509169061769,0.0
Leine,213.44313725490196,0.0,13.151326382571266,0.0,223.77153339650528,0.0,98.0,0.0,62.96125540950234,0.0,9.03380262952524,0.0,9.899494936611665,0.0,6.427323716876958,0.0,2470.080711256249,0.0,83.99326817636444,0.0,55.38280992538537,0.0,2.5869291431143475,0.0,7.933015851120662,0.0,223.87646838790397,0.0,112.02945094692849,0.0,9.033802629538416,0.0,7.977638922834012,0.0,5.514510231528627,0.0
Leite,204.32549019607842,0.0,12.874219535289495,0.0,227.18011300899207,0.0,92.0,0.0,60.554854176284465,0.0,9.126838226937302,0.0,9.591663046625438,0.0,6.386195766004993,0.0,2470.440448692292,0.0,95.70741885701554,0.0,65.61757998077952,0.0,2.540346368186734,0.0,8.048927990250348,0.0,166.4813470780158,0.0,97.00784442702385,0.0,9.12683822694623,0.0,7.825080553045636,0.0,5.462438638458499,0.0
Leken,230.6705882352941,0.0,13.578112405116071,0.0,232.85944607775528,0.0,118.0,0.0,78.038522136102,0.0,9.569199762166336,0.0,10.862780491200215,0.0,7.265971123168725,0.0,2465.1482012167507,0.0,128.16692141793212,0.0,95.74748539105018,0.0,2.492106238687884,0.0,10.113736725448911,0.0,421.26164164636225,0.0,72.21474218237805,0.0,9.56919976217677,0.0,8.670969791712476,0.0,6.395697981229323,0.0
Lende,236.83921568627449,0.0,13.722164302925332,0.0,225.83253935471905,0.0,108.0,0.0,70.17780747435955,0.0,9.22907083469946,0.0,10.392304845413264,0.0,6.830208137657279,0.0,2482.527408870143,0.0,105.29258658413026,0.0,73.76050498527965,0.0,3.8931365513096914,0.0,8.689493572465883,0.0,224.61117506347753,0.0,102.25145086776733,0.0,9.229070834727132,0.0,8.50909612993467,0.0,5.880695523379113,0.0
Lepra,230.29411764705884,0.0,13.399087575883863,0.0,240.93397747919175,0.0,112.0,0.0,74.38579288523906,0.0,9.683096603790768,0.0,10.583005244258363,0.0,7.148942805588274,0.0,8473.346992460452,0.0,359.73355725587334,0.0,237.42228324104533,0.0,3.292586993226047,0.0,11.77578132945548,0.0,270.62023023446716,0.0,128.88799981987555,0.0,9.683096603790354,0.0,8.57293100028733,0.0,6.180532166512683,0.0
Lesbe,236.4588235294118,0.0,13.584601839991326,0.0,221.1171049612176,0.0,103.0,0.0,66.72608331781002,0.0,9.036047437153828,0.0,10.14889156509222,0.0,6.649838640588227,0.0,2467.6372995058564,0.0,148.7613257160682,0.0,100.77829538784155,0.0,3.4811546845016164,0.0,10.656914439896756,0.0,219.89843132657126,0.0,115.26898880659354,0.0,9.036047437167413,0.0,8.454539308799452,0.0,5.767463627031214,0.0
Leser,216.23921568627452,0.0,13.106490756932354,0.0,222.3870884661164,0.0,100.0,0.0,64.26410331170887,0.0,9.024046169864583,0.0,10.0,0.0,6.502835672998747,0.0,2464.408633493762,0.0,93.62227647784377,0.0,63.294597628101265,0.0,2.3855020559508313,0.0,8.852331109133749,0.0,167.02857974431635,0.0,140.96088342036205,0.0,9.02404616987002,0.0,8.002208286617426,0.0,5.6056161297643365,0.0
Lesst,213.89803921568625,0.0,12.906908878926806,0.0,215.7324505349423,0.0,88.0,0.0,55.911655638436116,0.0,8.700059385735289,0.0,9.38083151964686,0.0,6.027670660806854,0.0,2463.431568236599,0.0,81.71606174176208,0.0,54.69299527412021,0.0,2.3760367434341547,0.0,8.83200238173033,0.0,279.7799356437447,0.0,190.8051051553817,0.0,8.700059385789135,0.0,7.2161607110302155,0.0,5.044120633929917,0.0
Leute,212.31372549019608,0.0,12.998512321348276,0.0,221.58528669350073,0.0,102.0,0.0,64.97925234805481,0.0,8.984224699804908,0.0,10.099504938362077,0.0,6.5026627150595,0.0,2464.713791050516,0.0,89.92481012375147,0.0,61.14593935765021,0.0,2.0812745938118007,0.0,8.583287860623813,0.0,160.65884750618042,0.0,83.43829984119621,0.0,8.984224699811763,0.0,8.026196219767526,0.0,5.609452183532771,0.0
Lfths,216.74901960784314,0.0,13.135405781482877,0.0,240.927359460926,0.0,102.0,0.0,68.8163984525383,0.0,9.666169071269449,0.0,10.099504938362077,0.0,6.94914710920165,0.0,2621.745914124885,0.0,652.1203713683946,0.0,525.8374965514787,0.0,3.275658744668647,0.0,22.053053658656964,0.0,367.9094416353052,0.0,160.97976722342187,0.0,9.666169071295368,0.0,7.942797064928413,0.0,5.988528473623635,0.0
Lhsts,217.77647058823527,0.0,12.985238713713883,0.0,223.17330061309858,0.0,83.0,0.0,54.83495368683056,0.0,8.987634453050191,0.0,9.1104335791443,0.0,6.114820728507509,0.0,2460.5046410253703,0.0,106.27479338021303,0.0,77.1695847180306,0.0,2.3497919488084245,0.0,10.707489074813559,0.0,323.6046286184043,0.0,168.2111593303837,0.0,8.98763445306872,0.0,6.886604557722178,0.0,5.098184338445509,0.0
Liane,212.12941176470588,0.0,12.978107138489653,0.0,226.34548625453183,0.0,97.0,0.0,61.67928393441926,0.0,9.066447779170597,0.0,9.848857801796104,0.0,6.334174969754648,0.0,2465.1486924016695,0.0,87.02116472873854,0.0,56.009914950334746,0.0,3.957305078949728,0.0,8.594331216279445,0.0,255.46405930873883,0.0,119.65838899663068,0.0,9.066447779197308,0.0,7.704122291698777,0.0,5.350742030538801,0.0
Libir,201.4156862745098,0.0,12.724873848332583,0.0,250.87436456064003,0.0,110.0,0.0,72.6914122884462,0.0,9.904216295334509,0.0,10.488088481701515,0.0,7.05212690646284,0.0,2474.4211593694117,0.0,149.5551101616953,0.0,100.97788239080033,0.0,3.4573015433253977,0.0,10.539418887365485,0.0,485.3748146724484,0.0,354.1116136606629,0.0,9.904216295392011,0.0,7.918882482840188,0.0,6.016860625191571,0.0
Lifte,201.5176470588235,0.0,12.862885580294543,0.0,242.5368197120514,0.0,99.0,0.0,67.07929635299013,0.0,9.665414757690185,0.0,9.9498743710662,0.0,6.85404932298177,0.0,2480.545220667815,0.0,294.29293345217025,0.0,214.6724324724074,0.0,3.437036508182215,0.0,12.026988254385559,0.0,210.82145103273595,0.0,112.01432738612007,0.0,9.66541475771191,0.0,8.096298772855526,0.0,5.927322390820874,0.0
Lihst,206.42352941176472,0.0,12.789037981915744,0.0,231.4219112180188,0.0,92.0,0.0,60.2040943487408,0.0,9.249120622901264,0.0,9.591663046625438,0.0,6.373012893538026,0.0,2463.8151157252946,0.0,95.51649067824218,0.0,65.60516266661807,0.0,2.933193867243715,0.0,9.841898718169741,0.0,339.9601270181587,0.0,208.1784793643814,0.0,9.249120622931475,0.0,7.0964404122901,0.0,5.308283841738818,0.0
Likör,207.56470588235294,0.0,12.804421213564442,0.0,250.08009384119927,0.0,115.0,0.0,77.12119607033276,0.0,10.001977512383224,0.0,10.723805294763608,0.0,7.314960613675169,0.0,2467.8792116561262,0.0,210.79252071131407,0.0,138.91940942636145,0.0,2.9662863389152565,0.0,33.97522183680033,0.0,292.5219765097737,0.0,236.4632896682702,0.0,10.001977512429285,0.0,8.092278010497745,0.0,6.36965253311332,0.0
Lilit,178.79215686274512,0.0,12.137767419252826,0.0,247.77268400407237,0.0,93.0,0.0,62.612224462965095,0.0,9.727679231638858,0.0,9.643650760992955,0.0,6.60571117472897,0.0,2472.1091625626486,0.0,108.00776173435817,0.0,75.62671355109396,0.0,2.628117371372058,0.0,9.022930981837268,0.0,524.107706937903,0.0,372.1600101656628,0.0,9.727679231662464,0.0,6.9119782513441095,0.0,5.55293883652284,0.0
Limit,201.91764705882352,0.0,12.725569956546318,0.0,257.5850399419039,0.0,113.0,0.0,75.67512452316802,0.0,10.126684100739702,0.0,10.63014581273465,0.0,7.223541138789013,0.0,2480.0379984932,0.0,147.2448030659989,0.0,97.97241105562576,0.0,3.4398470198310034,0.0,9.561076953913016,0.0,523.0174425749846,0.0,371.7195089316175,0.0,10.126684100771545,0.0,7.755083297045809,0.0,6.148274412594198,0.0
Linde,223.70588235294116,0.0,13.38008585264189,0.0,233.30493206231938,0.0,103.0,0.0,67.59419863773692,0.0,9.413514552031348,0.0,10.14889156509222,0.0,6.749977319750072,0.0,2482.6782594683314,0.0,109.96820293047683,0.0,76.51387715061523,0.0,5.498415430804696,0.0,8.794568420564111,0.0,264.5532489688478,0.0,121.84165436903436,0.0,9.413514552072716,0.0,8.004781085365066,0.0,5.72627638511609,0.0
Linie,200.30980392156863,0.0,12.793994289841795,0.0,231.18678124147928,0.0,92.0,0.0,59.73914630426065,0.0,9.221955347288906,0.0,9.591663046625438,0.0,6.3097403954503575,0.0,2472.2615092565375,0.0,89.73265250633443,0.0,59.45727908374752,0.0,2.96926247690955,0.0,8.436130630018594,0.0,477.51936811773106,0.0,325.8999058250152,0.0,9.221955347319115,0.0,7.299642258914463,0.0,5.298901646395151,0.0
Linin,198.30980392156863,0.0,12.713360786340493,0.0,235.69039369568623,0.0,96.0,0.0,62.11384184680371,0.0,9.37357739506035,0.0,9.797958971132712,0.0,6.426974035680749,0.0,2471.1059108366544,0.0,92.79629469423425,0.0,61.205941829760064,0.0,2.7037563271293084,0.0,8.748032298851902,0.0,605.8251219292289,0.0,326.1621780417875,0.0,9.37357739510361,0.0,7.126354415323696,0.0,5.3597114937581125,0.0
Linse,211.66274509803918,0.0,12.990120162560265,0.0,219.86763423529902,0.0,87.0,0.0,55.58274493605793,0.0,8.843727782618606,0.0,9.327379053088816,0.0,6.026780058855943,0.0,2464.5041162333328,0.0,80.1712969782264,0.0,52.481154471706965,0.0,3.9775917116008164,0.0,8.600313412736298,0.0,226.1232482492433,0.0,95.10600308245614,0.0,8.843727782644695,0.0,7.185360568118782,0.0,4.999749904037447,0.0
Lippe,242.61960784313723,0.0,13.825662469275773,0.0,251.2492407123939,0.0,123.0,0.0,84.68114806985746,0.0,10.168465659009607,0.0,11.090536506409418,0.0,7.774887050830501,0.0,11326.790303244681,0.0,481.6107079796422,0.0,316.47587013397504,0.0,4.999350519409131,0.0,11.582979082314317,0.0,208.7413646434491,0.0,99.62265540500557,0.0,10.16846565903027,0.0,9.239141824849202,0.0,6.87022373426084,0.0
Liste,202.54509803921567,0.0,12.709499001127831,0.0,225.49857159440916,0.0,88.0,0.0,57.42787888114103,0.0,9.04043383521211,0.0,9.38083151964686,0.0,6.202283900393914,0.0,2464.890265988377,0.0,94.62255537987294,0.0,64.55717662238682,0.0,3.1491698570424567,0.0,8.602395283865167,0.0,210.26101085626695,0.0,104.92502571827183,0.0,9.04043383523576,0.0,7.284172363546265,0.0,5.2165127309166754,0.0
Listi,189.41176470588238,0.0,12.339378798272575,0.0,238.14287187544764,0.0,93.0,0.0,61.142713673656836,0.0,9.42095480639864,0.0,9.643650760992955,0.0,6.452273389699695,0.0,2468.793765041228,0.0,125.12612753359464,0.0,84.76084513701068,0.0,2.81396348133541,0.0,9.859091692491461,0.0,212.75618984333147,0.0,137.75968289444924,0.0,9.420954806445703,0.0,6.890095336339293,0.0,5.373813401285681,0.0
Liter,193.76862745098038,0.0,12.548090039100506,0.0,238.32337309975657,0.0,101.0,0.0,66.67430894704064,0.0,9.519833030438175,0.0,10.04987562112089,0.0,6.733606964341228,0.0,2465.0000134139145,0.0,112.68622066749558,0.0,77.97494802536177,0.0,2.704791418222615,0.0,8.704015699509108,0.0,223.80774478451823,0.0,158.71306756369853,0.0,9.519833030466199,0.0,7.770516673816307,0.0,5.7495199009745726,0.0
Ljngs,228.85490196078433,0.0,13.3767827235212,0.0,247.8209306908767,0.0,112.0,0.0,78.84598110757439,0.0,10.05958563170141,0.0,10.583005244258363,0.0,7.6052313942149885,0.0,40450.09163403631,0.0,2917.204066597464,0.0,2313.7618208143717,0.0,4.736223362077307,0.0,32.093082805678534,0.0,217.0923274340314,0.0,93.54953231600899,0.0,10.059585631717104,0.0,8.015058835305839,0.0,6.643104475850221,0.0
Lkgln,230.39607843137253,0.0,13.51145668480947,0.0,261.91280813578373,0.0,133.0,0.0,92.28520759260627,0.0,10.560234787088635,0.0,11.532562594670797,0.0,8.143228196844355,0.0,2488.240619329108,0.0,253.9156881058148,0.0,198.4626348742806,0.0,3.1074095840784612,0.0,16.392127626012336,0.0,482.34147476406116,0.0,303.28772585454016,0.0,10.5602347871258,0.0,8.805383556113918,0.0,7.187435645896654,0.0
Lkljg,224.32941176470587,0.0,13.349039192630965,0.0,280.7439128756282,0.0,139.0,0.0,101.16245596131903,0.0,11.188220929677001,0.0,11.789826122551595,0.0,8.740213531714648,0.0,5901.436011458795,0.0,532.5140920529029,0.0,419.8373510030348,0.0,4.406673593654668,0.0,20.390483608411866,0.0,313.86351837485853,0.0,162.37309643874556,0.0,11.188220929710983,0.0,8.864372290262938,0.0,7.7765132057713755,0.0
Lkstr,209.2156862745098,0.0,12.83152955462695,0.0,247.54619141336812,0.0,116.0,0.0,78.29308744563525,0.0,9.959506476098046,0.0,10.770329614269007,0.0,7.396693086523209,0.0,2467.2330748454888,0.0,220.80689441590462,0.0,170.23563192075707,0.0,3.7372579757689417,0.0,16.24685044101522,0.0,205.89589499252892,0.0,154.13848762187263,0.0,9.959506476137888,0.0,8.0022877050518,0.0,6.428631260052541,0.0
Lkthr,214.87450980392157,0.0,13.072507109871442,0.0,257.0204118106007,0.0,130.0,0.0,88.0517373850272,0.0,10.326586871927947,0.0,11.40175425099138,0.0,7.862199225301526,0.0,2467.5797263404793,0.0,225.67461048754015,0.0,174.05208462938043,0.0,2.7814306632029413,0.0,16.931762636240773,0.0,361.45193614652857,0.0,192.13555115356678,0.0,10.326586871965633,0.0,8.621152931748009,0.0,6.883878104207685,0.0
Llctl,182.66666666666663,0.0,12.067075129933718,0.0,246.49844524895275,0.0,105.0,0.0,70.54989538704179,0.0,9.808304570477304,0.0,10.246950765959598,0.0,7.027667221719424,0.0,2462.934919659184,0.0,145.8200000125637,0.0,109.70454444072175,0.0,2.529005933711282,0.0,12.661946154636826,0.0,215.28837683244214,0.0,121.88332957219282,0.0,9.80830457052071,0.0,7.28670885352643,0.0,5.958375216201612,0.0
Llspr,217.42745098039217,0.0,13.065162449020688,0.0,249.55723422234135,0.0,115.0,0.0,77.83917978040776,0.0,10.01057202721482,0.0,10.723805294763608,0.0,7.405790181815763,0.0,7909.423955360647,0.0,344.1772215546154,0.0,228.0352176912743,0.0,4.582215329954507,0.0,13.451285952140452,0.0,189.9495503487206,0.0,155.18526462417248,0.0,10.010572027255058,0.0,8.262878814051584,0.0,6.417911248702523,0.0
Lltst,192.1607843137255,0.0,12.34442470196998,0.0,235.8998852632066,0.0,95.0,0.0,63.03389270894977,0.0,9.419528355764404,0.0,9.746794344808963,0.0,6.579340846300851,0.0,2461.0062912604094,0.0,118.4619427876049,0.0,86.40834881561534,0.0,2.635526966811792,0.0,10.43651689576126,0.0,295.46606686550535,0.0,201.8376376798192,0.0,9.41952835579557,0.0,7.160336652364849,0.0,5.506274247223276,0.0
Lmstr,215.84705882352938,0.0,12.960601582764543,0.0,252.51974687713457,0.0,123.0,0.0,81.43756806591574,0.0,10.066258160094339,0.0,11.090536506409418,0.0,7.46843100629446,0.0,2546.5418520956614,0.0,232.24153243409555,0.0,161.03907042228178,0.0,4.265876255073746,0.0,14.61600500925602,0.0,232.90717874491392,0.0,154.8542207736244,0.0,10.066258160132062,0.0,8.253396513244407,0.0,6.480829094855716,0.0
Lnpqx,254.79607843137256,0.0,14.126933220431562,0.0,264.98627315995896,0.0,142.0,0.0,98.77635855113067,0.0,10.718475604340794,0.0,11.916375287812984,0.0,8.446555286557281,0.0,36607.41609036163,0.0,13711.326035962567,0.0,12200.212878373408,0.0,4.52474707763033,0.0,74.1361594950818,0.0,620.5807649694622,0.0,132.02052723041447,0.0,10.718475604366061,0.0,9.538327594065407,0.0,7.492944496189941,0.0
Lnqvz,226.2901960784314,0.0,13.423606743088074,0.0,254.33090145324311,0.0,128.0,0.0,86.54650592716791,0.0,10.240640520807577,0.0,11.313708498984761,0.0,7.7930508535659815,0.0,12219.247640989803,0.0,5058.319727914229,0.0,4333.638528394544,0.0,3.1163807399723447,0.0,46.023477294078525,0.0,258.2772776277879,0.0,161.50648439383397,0.0,10.240640520834033,0.0,8.612614454533372,0.0,6.809800787970647,0.0
Lnsbl,222.05882352941177,0.0,13.165698794963669,0.0,241.91808386854666,0.0,113.0,0.0,75.13169840151427,0.0,9.755294135172996,0.0,10.63014581273465,0.0,7.192793139593732,0.0,2464.8712265389377,0.0,179.1481906391801,0.0,127.19422126647962,0.0,3.278884144035422,0.0,14.225406316596255,0.0,268.990757811843,0.0,138.23368214779057,0.0,9.755294135208256,0.0,7.966199666823382,0.0,6.153575366474033,0.0
Lobby,241.39215686274508,0.0,13.559689337618254,0.0,258.1290624249147,0.0,140.0,0.0,95.10498335641596,0.0,10.443613909835753,0.0,11.832159566199232,0.0,8.176163562097566,0.0,6443.510781298724,0.0,233.6423225344214,0.0,160.9494196662707,0.0,4.666274732998174,0.0,11.474932890869873,0.0,274.0813977577226,0.0,149.37682311679404,0.0,10.443613909866594,0.0,9.27854467484934,0.0,7.206083423801631,0.0
Lobto,210.90196078431373,0.0,12.653037042750992,0.0,225.8656569828807,0.0,90.0,0.0,59.52663162470009,0.0,9.114313198754074,0.0,9.486832980505138,0.0,6.362685474589312,0.0,2461.9484473713246,0.0,135.7595317460061,0.0,92.88244776209817,0.0,3.2061256494174555,0.0,10.481570132157744,0.0,281.71700053327606,0.0,133.38901759635297,0.0,9.114313198761705,0.0,7.318442028769873,0.0,5.345586816459569,0.0
Locke,214.5686274509804,0.0,12.869491893896752,0.0,223.47162059646809,0.0,99.0,0.0,65.03335655066093,0.0,9.132626280456828,0.0,9.9498743710662,0.0,6.618589435933368,0.0,2461.3690932885515,0.0,103.41277564445767,0.0,74.97133568723072,0.0,4.001465596586948,0.0,9.26594529029278,0.0,400.6910360117533,0.0,204.4767708232577,0.0,9.132626280477714,0.0,7.674660974453745,0.0,5.703405366047967,0.0
Logen,230.59215686274513,0.0,13.411861598090551,0.0,226.99263632755768,0.0,104.0,0.0,69.1924225121687,0.0,9.30596584706935,0.0,10.198039027185569,0.0,6.877404860143629,0.0,2480.785085373721,0.0,152.42029381789564,0.0,116.0279439558557,0.0,3.5425554194643527,0.0,8.780514622328738,0.0,406.4029196882802,0.0,67.95514771755207,0.0,9.305965847085078,0.0,8.174039841326707,0.0,5.9587110972830635,0.0
Logik,223.5529411764706,0.0,13.221207899863423,0.0,250.13055967258126,0.0,117.0,0.0,80.4112066801112,0.0,10.092635597995438,0.0,10.816653826391969,0.0,7.557584201856733,0.0,2490.0122386643066,0.0,188.1297749366621,0.0,143.56803819506897,0.0,3.8291426098485455,0.0,11.675666346366464,0.0,1145.0043830078987,0.0,386.2970972848975,0.0,10.092635597994173,0.0,8.272687465946978,0.0,6.616903982171285,0.0
Lohso,214.45490196078433,0.0,12.755844639698545,0.0,213.3134582209576,0.0,74.0,0.0,48.00192190878811,0.0,8.603763067275024,0.0,8.602325267042627,0.0,5.656863367879443,0.0,2459.4184055877536,0.0,79.22478430093858,0.0,55.55458814109655,0.0,2.6210163497988015,0.0,10.597702423330427,0.0,294.1842511810263,0.0,118.4025333123192,0.0,8.603763067282514,0.0,6.413382531981961,0.0,4.592796203142769,0.0
Lokol,204.05098039215687,0.0,12.565238905733942,0.0,239.90715768614996,0.0,105.0,0.0,70.98453483004144,0.0,9.703244449911342,0.0,10.246950765959598,0.0,7.051039812207431,0.0,2462.958606990656,0.0,155.66026433296733,0.0,119.14121313191002,0.0,3.2111728518846356,0.0,12.08259534995733,0.0,255.54948896206201,0.0,103.63959879892478,0.0,9.703244449935623,0.0,7.334149631636245,0.0,6.065098312154942,0.0
Lonst,205.5686274509804,0.0,12.6115781373382,0.0,215.798015188451,0.0,84.0,0.0,53.32152057298211,0.0,8.694144417580912,0.0,9.16515138991168,0.0,5.8840974043694345,0.0,2459.398920255597,0.0,80.02106210007643,0.0,53.26516084582856,0.0,2.3766291652554536,0.0,8.755056772370905,0.0,301.7346971560707,0.0,191.7813295441823,0.0,8.694144417629253,0.0,6.629082488311326,0.0,4.8012628410369045,0.0
Lonus,211.54117647058823,0.0,12.738336064420627,0.0,211.3279663510721,0.0,79.0,0.0,49.66528820532746,0.0,8.52017540176163,0.0,8.888194417315589,0.0,5.641167818851742,0.0,2459.086123605726,0.0,70.7751108632951,0.0,46.19066554497431,0.0,2.8425986840387845,0.0,9.313686132023431,0.0,268.377338606856,0.0,120.83413537975501,0.0,8.520175401777324,0.0,6.474364664355905,0.0,4.58962857428906,0.0
Lorum,215.49019607843138,0.0,12.872872627086878,0.0,247.0180916976458,0.0,118.0,0.0,77.26917278821212,0.0,9.8639409488527,0.0,10.862780491200215,0.0,7.219921667879669,0.0,2489.5711335861224,0.0,211.91317471541979,0.0,145.37025845990544,0.0,5.4031928092579165,0.0,11.328841263224536,0.0,268.0445306615135,0.0,163.34768603715776,0.0,9.863940948868727,0.0,7.94674925562169,0.0,6.209230058754329,0.0
Lotos,199.45882352941177,0.0,12.305073768408798,0.0,210.5349801437845,0.0,66.0,0.0,42.87670519123248,0.0,8.438642488325042,0.0,8.12403840463596,0.0,5.348707583609196,0.0,2459.4792379677915,0.0,84.8913190647522,0.0,59.73702434358283,0.0,2.707019903749783,0.0,9.288040423046267,0.0,196.8692325915002,0.0,79.30848344144641,0.0,8.43864248833687,0.0,5.997299474247522,0.0,4.299172427193564,0.0
Lotto,190.12156862745098,0.0,12.097950233250796,0.0,222.5981539524797,0.0,79.0,0.0,52.39715182782476,0.0,8.927114711558229,0.0,8.888194417315589,0.0,5.9778974903443975,0.0,2459.995198489855,0.0,102.1902371381046,0.0,72.70984609428638,0.0,2.0269028224538412,0.0,9.439331577958514,0.0,268.1129812367828,0.0,121.01743471303818,0.0,8.927114711564112,0.0,6.659341915906607,0.0,4.9393716617376695,0.0
Lpftr,217.68235294117648,0.0,13.209896328699717,0.0,263.59782459039013,0.0,126.0,0.0,87.10316187606841,0.0,10.481874991692115,0.0,11.224972160321824,0.0,7.916090175119266,0.0,12954.606919201991,0.0,614.4504563602053,0.0,414.09079538221425,0.0,5.014757242941004,0.0,16.44427806329266,0.0,170.60958935943276,0.0,154.599888083792,0.0,10.481874991717934,0.0,9.131354227917049,0.0,6.998762403144868,0.0
Lppbk,269.5098039215686,0.0,14.388434096713883,0.0,273.9317065005815,0.0,158.0,0.0,110.42619589485255,0.0,11.070581159042964,0.0,12.569805089976535,0.0,8.943701000961156,0.0,15280.19254488731,0.0,664.8536290693648,0.0,439.43071398479356,0.0,3.219317572198965,0.0,17.964516331733762,0.0,1073.3702068327354,0.0,247.42045977573417,0.0,11.070581159016744,0.0,10.340629223446618,0.0,8.033098433132634,0.0
Lrhnn,217.8980392156863,0.0,13.187452239846753,0.0,237.71080172672134,0.0,115.0,0.0,74.13773355686747,0.0,9.57771986527432,0.0,10.723805294763608,0.0,7.009638044415332,0.0,2460.3599137370647,0.0,109.34751224393459,0.0,72.95176746666054,0.0,3.147266098713234,0.0,10.621601889444932,0.0,486.0457484160528,0.0,120.28308324097158,0.0,9.57771986530327,0.0,8.002002449602799,0.0,5.9907649543868,0.0
Lrstt,194.00392156862745,0.0,12.379131277908558,0.0,235.14284433861692,0.0,99.0,0.0,64.65822014886125,0.0,9.37636616843461,0.0,9.9498743710662,0.0,6.593998319646949,0.0,2460.709684051883,0.0,116.07317050817028,0.0,78.2758747631297,0.0,2.5411832064953273,0.0,10.111020515693186,0.0,333.4961659571772,0.0,201.72937760010728,0.0,9.376366168469513,0.0,7.303987829295481,0.0,5.566468192251499,0.0
Lsmst,224.6235294117647,0.0,13.116935412567022,0.0,235.9680891329404,0.0,102.0,0.0,66.69997705264132,0.0,9.451383447323263,0.0,10.099504938362077,0.0,6.694937759338662,0.0,2468.2400214775034,0.0,137.9852996469383,0.0,92.08599763051812,0.0,3.4631268119920784,0.0,13.654586746130402,0.0,273.12951826734,0.0,192.14513964449887,0.0,9.451383447360717,0.0,7.462079360736916,0.0,5.619621457921313,0.0
Lswmn,239.1921568627451,0.0,13.46693502992964,0.0,253.06135529800514,0.0,131.0,0.0,84.79224649242853,0.0,10.095911748236876,0.0,11.445523142259598,0.0,7.507304202107063,0.0,2478.409784850018,0.0,196.12647315791716,0.0,126.96082475891872,0.0,3.8371058333486125,0.0,17.090434955323875,0.0,442.54765139107565,0.0,109.23385535245674,0.0,10.0959117482571,0.0,8.35400727100319,0.0,6.472081174782158,0.0
Lubst,220.19607843137257,0.0,13.008362731764855,0.0,229.32685893853608,0.0,105.0,0.0,67.3930167137766,0.0,9.249129368260984,0.0,10.246950765959598,0.0,6.6708819002962425,0.0,2461.8975131383168,0.0,134.3646707480025,0.0,89.9589167156216,0.0,3.456652460000447,0.0,10.13911930867778,0.0,301.3820153158174,0.0,202.6110010636726,0.0,9.249129368299025,0.0,7.7708623042059735,0.0,5.650889927178163,0.0
Luder,223.13725490196077,0.0,13.26681098609869,0.0,237.67227338133372,0.0,116.0,0.0,75.4748634632157,0.0,9.615519688847558,0.0,10.770329614269007,0.0,7.11474534455247,0.0,2482.875908123945,0.0,129.3836076297197,0.0,89.97871113635566,0.0,3.7820787687533195,0.0,9.46053577789057,0.0,183.98982641379453,0.0,146.1430528457812,0.0,9.615519688868135,0.0,8.42102956296957,0.0,6.144763769712505,0.0
Luken,225.52549019607844,0.0,13.353270561138556,0.0,234.7224595249082,0.0,118.0,0.0,77.39658894261275,0.0,9.606888826770078,0.0,10.862780491200215,0.0,7.215922650985604,0.0,2461.223272644406,0.0,129.9566352349334,0.0,96.27206973135998,0.0,2.9312156054130694,0.0,10.3682715601928,0.0,423.9752317078059,0.0,75.93823248055419,0.0,9.606888826785255,0.0,8.343410277423274,0.0,6.307936680866348,0.0
Lundi,218.56078431372546,0.0,13.151859017533239,0.0,240.33985308291045,0.0,113.0,0.0,73.25070907338612,0.0,9.639679603022781,0.0,10.63014581273465,0.0,7.00645793966868,0.0,2482.511895354774,0.0,135.0985414071817,0.0,92.51007708471654,0.0,3.457071895456214,0.0,10.125681007836139,0.0,232.28656028658364,0.0,137.69352118558248,0.0,9.639679603068085,0.0,7.825965857265319,0.0,5.927356724664123,0.0
Luxus,218.94509803921568,0.0,13.018616191859332,0.0,230.33501955924868,0.0,105.0,0.0,67.79190660155035,0.0,9.284316096840033,0.0,10.246950765959598,0.0,6.697007373777958,0.0,2461.9577407016263,0.0,159.63543053873417,0.0,119.40916635873762,0.0,2.715936030430475,0.0,17.736137605234163,0.0,297.8410909610453,0.0,124.94537502609307,0.0,9.284316096861305,0.0,7.738051026640134,0.0,5.782502779982887,0.0
Lxhnt,221.7764705882353,0.0,13.285778517028541,0.0,248.02269520778145,0.0,124.0,0.0,82.93520772759064,0.0,9.9969208939451,0.0,11.135528725660043,0.0,7.555793737204723,0.0,2470.009946762659,0.0,280.66969851444736,0.0,215.6180454596646,0.0,3.2376275722167844,0.0,31.567213020363457,0.0,355.08464731031887,0.0,218.83675416189934,0.0,9.996920893960425,0.0,8.36076297263355,0.0,6.577514607187851,0.0
Lyrpk,237.30196078431374,0.0,13.65764971058602,0.0,283.85763566613537,0.0,160.0,0.0,112.55762054787509,0.0,11.327788855004854,0.0,12.649110640673518,0.0,9.066554302814533,0.0,22728.510844873617,0.0,560.9949560744285,0.0,389.9201165314737,0.0,4.3916506664434545,0.0,15.948174373543765,0.0,1074.6161726957937,0.0,233.4585746768802,0.0,11.327788854975609,0.0,9.791956950175848,0.0,8.153001313935729,0.0
Läden,242.21960784313723,0.0,13.743967394967902,0.0,231.1262774254673,0.0,106.0,0.0,69.75201086354949,0.0,9.393566758000924,0.0,10.295630140987,0.0,6.8602888932711465,0.0,2482.3910045077137,0.0,125.95732461411482,0.0,89.60866604635943,0.0,3.1110653306493012,0.0,11.355368407701793,0.0,406.54668399100996,0.0,85.78201805140579,0.0,9.393566758014511,0.0,8.28901339891623,0.0,5.899863440191379,0.0
Lätäs,226.43921568627454,0.0,13.11488291167729,0.0,226.0552772175913,0.0,85.0,0.0,55.63116764260433,0.0,9.013323097681967,0.0,9.219544457292887,0.0,6.119394441141823,0.0,2463.3703623429683,0.0,170.13810633204568,0.0,132.93597947409938,0.0,2.5693827857838154,0.0,27.476380216500264,0.0,218.19825639945324,0.0,152.5979338799467,0.0,9.013323097694458,0.0,7.321497947947484,0.0,5.158139884766435,0.0
Löhne,229.03921568627453,0.0,13.3921614560897,0.0,224.5025752335893,0.0,104.0,0.0,67.22942067368018,0.0,9.161528250430601,0.0,10.198039027185569,0.0,6.676967473545518,0.0,2461.901494331154,0.0,164.67264581252715,0.0,94.84634698614171,0.0,2.709799199643641,0.0,13.528488983769666,0.0,266.37728103258024,0.0,123.86372894474111,0.0,9.16152825044501,0.0,8.087838252110295,0.0,5.748769979991154,0.0
Lömöt,225.35294117647058,0.0,13.064037703659812,0.0,245.3858115130946,0.0,114.0,0.0,76.08627154014593,0.0,9.851917301992799,0.0,10.677078252031311,0.0,7.225287871172214,0.0,2471.391793825131,0.0,250.67012539708531,0.0,149.1033459815339,0.0,3.456656453068172,0.0,35.28613431663483,0.0,323.54507856647166,0.0,265.8197242932678,0.0,9.851917302015256,0.0,8.198686558649559,0.0,6.242556524374829,0.0
Lösön,221.96470588235294,0.0,12.96923577197342,0.0,220.0842308450287,0.0,90.0,0.0,58.09265981485516,0.0,8.919775455722444,0.0,9.486832980505138,0.0,6.2060000941062965,0.0,2462.4468865281056,0.0,222.7386663441837,0.0,127.88081399312233,0.0,2.518780921592943,0.0,35.05968408654337,0.0,435.5298593335876,0.0,195.59189383209682,0.0,8.919775455742897,0.0,7.357688065598836,0.0,5.263549567163885,0.0
Löwen,228.8313725490196,0.0,13.236320657358146,0.0,234.95337744625516,0.0,115.0,0.0,74.2378404645624,0.0,9.518975583454438,0.0,10.723805294763608,0.0,6.998218049410541,0.0,2468.148893324964,0.0,204.26469456005321,0.0,119.30420241392846,0.0,2.720006873542668,0.0,16.0225133219867,0.0,434.7301527581813,0.0,91.74614261064143,0.0,9.518975583469205,0.0,8.234244892773539,0.0,6.063689837723176,0.0
Löwin,215.69803921568626,0.0,12.881346544984938,0.0,244.2368658767376,0.0,113.0,0.0,73.12546400909262,0.0,9.731384672495807,0.0,10.63014581273465,0.0,6.972630707146619,0.0,2475.6171324550114,0.0,208.338201483339,0.0,122.51328720988579,0.0,2.569881829053771,0.0,16.38303797019736,0.0,605.8927215421996,0.0,324.72512092951735,0.0,9.731384672536194,0.0,7.8049856103410225,0.0,5.977964631866947,0.0
Lüfte,216.20392156862744,0.0,13.17354776172792,0.0,241.90442560061337,0.0,110.0,0.0,73.5276569666834,0.0,9.721331448347295,0.0,10.488088481701515,0.0,7.126607098737938,0.0,2476.871635839634,0.0,297.9180942720611,0.0,217.32821823206575,0.0,2.4713336989522667,0.0,14.244400393931453,0.0,177.48202040272025,0.0,116.87931301304377,0.0,9.721331448367332,0.0,8.604190647724163,0.0,6.250668690291187,0.0
Lüste,217.2313725490196,0.0,13.023820485496826,0.0,224.86617748297112,0.0,99.0,0.0,63.876239494834294,0.0,9.100191570472504,0.0,9.9498743710662,0.0,6.502219790117883,0.0,2461.1933146368688,0.0,105.35790526310939,0.0,72.90356801802035,0.0,2.18942989105751,0.0,11.349286812831657,0.0,176.76439576894293,0.0,110.13433555582947,0.0,9.100191570493717,0.0,7.844820578247075,0.0,5.581192831543659,0.0
Mache,248.77254901960782,0.0,13.699146146817496,0.0,230.47406651494288,0.0,127.0,0.0,80.39146223269684,0.0,9.40087728884891,0.0,11.269427669584644,0.0,7.216666972539663,0.0,860.2995426599887,0.0,103.91422908240742,0.0,67.55783460427925,0.0,3.2529308452547423,0.0,8.861131245620209,0.0,424.58741285402084,0.0,133.1057984640323,0.0,9.400877288830877,0.0,8.77851645845535,0.0,6.290425166589582,0.0
Macht,237.6549019607843,0.0,13.35657144513273,0.0,237.2182099440348,0.0,130.0,0.0,82.56909314737885,0.0,9.597219202533102,0.0,11.40175425099138,0.0,7.336093296032411,0.0,857.6057007831204,0.0,110.48909593360214,0.0,72.39304978578961,0.0,5.46946249387519,0.0,9.02391044734778,0.0,484.1914941092503,0.0,223.20179877297974,0.0,9.597219202536959,0.0,8.538396882692275,0.0,6.3570866755933695,0.0
Macke,248.98823529411766,0.0,13.70310667846134,0.0,238.60059015207213,0.0,136.0,0.0,87.8121953063201,0.0,9.755969890026666,0.0,11.661903789690601,0.0,7.620510500340924,0.0,862.2274660187651,0.0,121.60467273623864,0.0,83.55446022664562,0.0,3.2455847443354884,0.0,8.687039062628772,0.0,474.3734667273355,0.0,201.80953748108283,0.0,9.755969890017754,0.0,9.026161931066532,0.0,6.730028019838794,0.0
Madam,274.56078431372543,0.0,14.274159120880908,0.0,265.3631622000303,0.0,160.0,0.0,104.18262048038268,0.0,10.58230128185556,0.0,12.649110640673518,0.0,8.360519377320122,0.0,997.9148282996832,0.0,235.22660603463683,0.0,161.0412150137975,0.0,2.060768003767198,0.0,11.14393903497483,0.0,322.92124783765615,0.0,132.80259309406324,0.0,10.582301281838687,0.0,9.639260202503374,0.0,7.333761561666209,0.0
Maden,263.1490196078431,0.0,14.168814139427726,0.0,240.737349391084,0.0,138.0,0.0,88.98656607624446,0.0,9.832882027697655,0.0,11.74734012447073,0.0,7.663758731848399,0.0,919.1418284473347,0.0,130.19242466406448,0.0,87.75173510525902,0.0,3.2884041972708555,0.0,8.443012799597637,0.0,484.343138569041,0.0,65.78449540274563,0.0,9.832882027676957,0.0,9.24335856569962,0.0,6.707834125476598,0.0
Mafia,237.6313725490196,0.0,13.51494765335955,0.0,251.70816521018418,0.0,122.0,0.0,79.84160788093305,0.0,9.967568478297821,0.0,11.045361017187261,0.0,7.346594190165907,0.0,923.4209122123117,0.0,297.47524759856555,0.0,215.18299771959875,0.0,5.1954718707873475,0.0,12.163261909146403,0.0,521.5500388225364,0.0,318.88080979890185,0.0,9.96756847828527,0.0,8.566129999089243,0.0,6.395047959044198,0.0
Magen,265.01176470588234,0.0,14.213702633745847,0.0,242.12160588316172,0.0,141.0,0.0,91.9712612678279,0.0,9.918421551004847,0.0,11.874342087037917,0.0,7.8463463965520095,0.0,916.1839496376977,0.0,165.30408413687303,0.0,121.75027896338415,0.0,3.545583133391898,0.0,8.22199130253357,0.0,479.2814317886884,0.0,58.79548321086727,0.0,9.918421550984107,0.0,9.454422534486032,0.0,6.947710581134591,0.0
Magie,253.87843137254902,0.0,13.957614202756405,0.0,246.9014818594372,0.0,135.0,0.0,88.48418926981508,0.0,9.982211418083974,0.0,11.61895003862225,0.0,7.727515997298015,0.0,939.1628208339731,0.0,168.66231826574165,0.0,124.04895798750137,0.0,4.478107729736368,0.0,8.902754347780318,0.0,518.6502514899822,0.0,316.881534351912,0.0,9.982211418071868,0.0,9.219596885933138,0.0,6.825705851611086,0.0
Magma,276.42352941176466,0.0,14.318717367527517,0.0,262.79415355292554,0.0,155.0,0.0,102.03220054371732,0.0,10.523592560221708,0.0,12.449899597988733,0.0,8.317178142293002,0.0,948.8861787300733,0.0,208.8819335584338,0.0,148.70831964228069,0.0,2.5543204989638215,0.0,10.078314430518015,0.0,327.54406392619063,0.0,95.93663836415317,0.0,10.523592560193615,0.0,9.60672360468176,0.0,7.330140618018646,0.0
Mahsa,255.67058823529413,0.0,13.785157701549648,0.0,231.5678380618378,0.0,115.0,0.0,72.90983658780854,0.0,9.340523259333485,0.0,10.723805294763608,0.0,6.880702203022108,0.0,859.1449297549144,0.0,103.20618466269931,0.0,67.12044525768296,0.0,3.66733846313823,0.0,9.752414813669679,0.0,335.5361195434802,0.0,74.04495358985305,0.0,9.340523259305185,0.0,8.114617279392792,0.0,5.867000610637788,0.0
Mails,227.57254901960783,0.0,13.195015544410099,0.0,242.00197455272868,0.0,108.0,0.0,70.46316624956486,0.0,9.635647011705466,0.0,10.392304845413264,0.0,6.883760164041936,0.0,874.9697997746057,0.0,115.34515560491667,0.0,78.09342405086021,0.0,5.6929487002259505,0.0,8.329881098464993,0.0,395.6251923732959,0.0,303.02034216044166,0.0,9.635647011695822,0.0,7.685751072646206,0.0,5.899607372104645,0.0
Major,228.1529411764706,0.0,13.127779433282091,0.0,257.62133888389405,0.0,136.0,0.0,90.97358866994425,0.0,10.317995078544419,0.0,11.661903789690601,0.0,7.953787630386679,0.0,12711.471922838857,0.0,914.4519529624844,0.0,747.1105139009076,0.0,6.765941597754423,0.0,18.635589249255315,0.0,325.47121328713393,0.0,150.8292336426583,0.0,10.31799507853121,0.0,8.650319178963414,0.0,7.00273446456332,0.0
Makro,240.31372549019608,0.0,13.449706679533007,0.0,249.64175555393524,0.0,134.0,0.0,87.85881516037504,0.0,10.07287335639144,0.0,11.575836902790225,0.0,7.699360726024167,0.0,863.5273572078079,0.0,151.5976772637393,0.0,109.01391449453311,0.0,6.294300054872636,0.0,10.8973819459109,0.0,444.50978042179145,0.0,152.71187027617208,0.0,10.072873356370602,0.0,8.705114928664742,0.0,6.738008504809358,0.0
Malta,230.05490196078432,0.0,13.183283719432975,0.0,245.63733562266953,0.0,119.0,0.0,77.43902832783965,0.0,9.78897195041933,0.0,10.908712114635714,0.0,7.1997560817930655,0.0,861.7334442286102,0.0,119.3666233821001,0.0,81.11015229666225,0.0,5.474334424124855,0.0,8.352970405656814,0.0,308.96360379129493,0.0,75.91950761071318,0.0,9.788971950393487,0.0,8.170916610280441,0.0,6.1969655408473425,0.0
Maori,223.0862745098039,0.0,13.018711875620527,0.0,245.7739463787717,0.0,126.0,0.0,80.72913720630797,0.0,9.811203114991493,0.0,11.224972160321824,0.0,7.303490461460091,0.0,873.1129331231685,0.0,137.41998386561872,0.0,90.38214426026708,0.0,7.874717195863117,0.0,9.562367219599794,0.0,383.5401992645485,0.0,153.6328227142027,0.0,9.811203114986384,0.0,8.156053029326157,0.0,6.25752007017025,0.0
Marke,248.42352941176472,0.0,13.805376483041803,0.0,248.24909438923484,0.0,142.0,0.0,92.29114636905281,0.0,10.064481691160841,0.0,11.916375287812984,0.0,7.844336802183171,0.0,863.2727395258528,0.0,128.7615105274589,0.0,87.88254135275028,0.0,3.3177987159737583,0.0,8.349783475078768,0.0,474.74797845290544,0.0,202.7805743731777,0.0,10.064481691151832,0.0,9.238356105223742,0.0,6.953231617536478,0.0
Maske,257.2,0.0,13.952247885872,0.0,238.95063078239528,0.0,136.0,0.0,87.9534309001032,0.0,9.779765388477452,0.0,11.661903789690601,0.0,7.632050004079754,0.0,862.0545803360094,0.0,121.85844357609761,0.0,83.69951202291867,0.0,2.952298974387635,0.0,9.060207449516563,0.0,473.96358069163773,0.0,201.86501094105677,0.0,9.779765388468523,0.0,9.06239106944788,0.0,6.748769794655035,0.0
Masse,251.32549019607842,0.0,13.722769478243743,0.0,220.77590689311486,0.0,111.0,0.0,69.49039936503283,0.0,8.989994860904318,0.0,10.535653752852738,0.0,6.658399015387975,0.0,859.3372595115229,0.0,94.52022412768676,0.0,59.12065785781711,0.0,3.422898837109486,0.0,8.137009725737318,0.0,305.6498658938927,0.0,56.65806265737645,0.0,8.98999486088323,0.0,8.182147928815356,0.0,5.72570345586925,0.0
Matta,231.3372549019608,0.0,13.17874805247754,0.0,240.85253379335987,0.0,120.0,0.0,77.30506650684518,0.0,9.639191507261565,0.0,10.954451150103322,0.0,7.146972649232876,0.0,860.7946870031852,0.0,121.72836428475904,0.0,81.88750592805694,0.0,5.4839166964588895,0.0,8.339981485253356,0.0,312.82810560301954,0.0,77.82629598900965,0.0,9.639191507228748,0.0,8.310377418792426,0.0,6.14209342280038,0.0
Matte,232.65098039215687,0.0,13.349364065508118,0.0,238.27767060011308,0.0,125.0,0.0,80.76167683099679,0.0,9.638741462807822,0.0,11.180339887498949,0.0,7.3103667365569684,0.0,861.6489060404648,0.0,120.58092414093214,0.0,81.2072285981459,0.0,5.230919516277468,0.0,7.823775834034425,0.0,311.2659406254088,0.0,80.22496168022958,0.0,9.638741462784985,0.0,8.762282340937556,0.0,6.372939548490107,0.0
Mauer,239.1843137254902,0.0,13.505423462405208,0.0,237.73379606007273,0.0,135.0,0.0,84.98824258327875,0.0,9.629011551464163,0.0,11.61895003862225,0.0,7.399531452511021,0.0,859.3757237838448,0.0,112.11994624173602,0.0,71.91512588231635,0.0,5.600212480102772,0.0,8.496655000438473,0.0,314.1511692293432,0.0,138.45800542591107,0.0,9.629011551438543,0.0,8.819537341138288,0.0,6.485998122218196,0.0
Maxan,254.01176470588237,0.0,13.84499071078137,0.0,247.24104877528532,0.0,142.0,0.0,91.07394043945533,0.0,9.948505363804088,0.0,11.916375287812984,0.0,7.729090644790133,0.0,866.3541427939365,0.0,173.6084185785666,0.0,126.00675717840414,0.0,3.73572955334206,0.0,16.699765031054845,0.0,509.03167178755126,0.0,73.8215392177575,0.0,9.948505363790613,0.0,9.130752811017478,0.0,6.788582166395186,0.0
Mbbrp,278.556862745098,0.0,14.490892816701951,0.0,276.2276313196353,0.0,175.0,0.0,117.69103217219711,0.0,11.101125139756896,0.0,13.228756555322953,0.0,9.04457282561384,0.0,26917.006720966347,0.0,1124.5234635061477,0.0,720.7327312793412,0.0,3.8443543915840697,0.0,22.140582864787262,0.0,404.23570778030955,0.0,153.98422154138345,0.0,11.10112513974852,0.0,10.7891307779864,0.0,8.082148496706171,0.0
Mbprp,282.4823529411765,0.0,14.6144803976518,0.0,281.78251573243944,0.0,180.0,0.0,122.38303839228121,0.0,11.3075049950298,0.0,13.416407864998739,0.0,9.28756852149841,0.0,28111.111961777733,0.0,1172.2225611424446,0.0,752.7947377884781,0.0,3.9039818034558915,0.0,23.18479114586701,0.0,390.8819646451452,0.0,141.44018994518623,0.0,11.30750499502134,0.0,11.032728462410978,0.0,8.347384440233217,0.0
Mbscr,243.53333333333333,0.0,13.495547844045415,0.0,245.7555582552444,0.0,138.0,0.0,89.30301366312753,0.0,9.960950443072834,0.0,11.74734012447073,0.0,7.710255303006533,0.0,890.2544545535418,0.0,287.9451362839142,0.0,194.08260069038647,0.0,7.797962221687855,0.0,17.323002060442935,0.0,328.9842592592956,0.0,154.08581505060124,0.0,9.960950443070637,0.0,9.126636440804806,0.0,6.770774300672234,0.0
Mbsst,251.1843137254902,0.0,13.712850202236348,0.0,241.96320863468537,0.0,135.0,0.0,87.40836768687936,0.0,9.840333654509667,0.0,11.61895003862225,0.0,7.620375716971744,0.0,888.1217240352896,0.0,284.1061676749029,0.0,191.48121436758757,0.0,6.8168329286071,0.0,15.94114963068133,0.0,397.60668527094856,0.0,200.5228721197116,0.0,9.840333654514462,0.0,8.959230412486772,0.0,6.645888643123015,0.0
Mbstr,242.4078431372549,0.0,13.563386724512334,0.0,255.6200597711201,0.0,148.0,0.0,96.76950053048915,0.0,10.303425645364422,0.0,12.165525060596439,0.0,8.070873894550706,0.0,891.0734966711109,0.0,292.4709708543135,0.0,197.77333197844195,0.0,8.06955277222693,0.0,16.59352146916026,0.0,330.6977342038418,0.0,160.5421694782256,0.0,10.303425645361868,0.0,9.425819375637182,0.0,7.1020261295527565,0.0
Mbzng,272.65098039215684,0.0,14.47620168500403,0.0,261.82292252161733,0.0,163.0,0.0,107.75765240420819,0.0,10.604213306611715,0.0,12.767145334803704,0.0,8.568614531044455,0.0,1176.7471597569656,0.0,377.50448155610036,0.0,270.4304511453943,0.0,3.4123506830996533,0.0,19.689552450747282,0.0,410.87291157516495,0.0,113.2741499704568,0.0,10.604213306596044,0.0,10.170590494727138,0.0,7.6036886771396155,0.0
Mchzt,235.6313725490196,0.0,13.470661871534329,0.0,245.00655916504004,0.0,134.0,0.0,86.03918679959953,0.0,9.862524828133141,0.0,11.575836902790225,0.0,7.53027015362314,0.0,861.0945034802577,0.0,149.21860725469188,0.0,101.81271641601064,0.0,5.362930745830327,0.0,14.666303878623117,0.0,453.6611967876521,0.0,230.86690208094316,0.0,9.862524828136934,0.0,8.879825088969838,0.0,6.5470402707557405,0.0
Mckbr,249.40784313725493,0.0,13.72882480501228,0.0,262.7303064417286,0.0,163.0,0.0,107.0848236967927,0.0,10.615960659858192,0.0,12.767145334803704,0.0,8.515702533607794,0.0,873.2019940471822,0.0,201.9086983276218,0.0,141.5253065358819,0.0,3.940815525586598,0.0,16.56410041575431,0.0,374.3160752295795,0.0,169.27932498164782,0.0,10.615960659856773,0.0,9.851208611558569,0.0,7.575126001354248,0.0
Mcndc,244.478431372549,0.0,13.530443836736087,0.0,237.71753313193614,0.0,129.0,0.0,82.84633557677509,0.0,9.675466038951148,0.0,11.357816691600547,0.0,7.386187333478341,0.0,908.6709095141297,0.0,127.2621317384259,0.0,85.10047208288894,0.0,3.3761036579568704,0.0,21.421670189912973,0.0,350.68998677421877,0.0,100.45196481730717,0.0,9.675466038959046,0.0,8.776575215441387,0.0,6.40383056832413,0.0
Medes,264.6823529411765,0.0,14.25215767742309,0.0,235.6094186759089,0.0,135.0,0.0,87.38830386622487,0.0,9.691439806574378,0.0,11.61895003862225,0.0,7.606097481475249,0.0,929.1589124727172,0.0,128.41862544692876,0.0,86.93437189110114,0.0,3.3224643301350736,0.0,8.665912437545922,0.0,316.52514413955373,0.0,66.05286197185869,0.0,9.691439806538483,0.0,9.431390875973149,0.0,6.725667253717658,0.0
Meere,245.64313725490197,0.0,13.89164804581088,0.0,240.62637650406322,0.0,145.0,0.0,93.84162650878878,0.0,9.880292478048254,0.0,12.041594578792296,0.0,7.879323002353715,0.0,874.9530719982247,0.0,115.41501688201691,0.0,76.02987807164439,0.0,4.823382779079545,0.0,8.27449763855712,0.0,381.09619006596415,0.0,125.47849647289812,0.0,9.880292478028686,0.0,9.830117741432115,0.0,7.037306249343442,0.0
Mehlt,236.5607843137255,0.0,13.597034188229376,0.0,253.9558082464705,0.0,146.0,0.0,95.52871038543492,0.0,10.254548995205587,0.0,12.083045973594572,0.0,8.017564547956551,0.0,871.288178657844,0.0,125.42411051984055,0.0,86.6483915849849,0.0,7.465035685800981,0.0,9.464359671497222,0.0,476.1836016113251,0.0,351.8658987233788,0.0,10.254548995209634,0.0,9.283167999296097,0.0,7.070924069559261,0.0
Meile,230.66666666666669,0.0,13.522156622491229,0.0,248.14853096408567,0.0,133.0,0.0,87.0183983823464,0.0,10.00086001714792,0.0,11.532562594670797,0.0,7.64178976984767,0.0,889.253067424274,0.0,118.72272196330094,0.0,80.52389606750059,0.0,5.644446274064801,0.0,8.075007993965833,0.0,396.9905672691141,0.0,303.1439829588559,0.0,10.000860017138422,0.0,9.141398802273871,0.0,6.7425287693255065,0.0
Melti,219.54901960784312,0.0,13.174980658059948,0.0,258.4678917856557,0.0,142.0,0.0,93.27630617715957,0.0,10.317701293537068,0.0,11.916375287812984,0.0,7.948206235907017,0.0,884.4857012853569,0.0,145.32379269998626,0.0,98.54717190041572,0.0,8.410645140929345,0.0,9.341509986871227,0.0,313.2273064170553,0.0,118.70358377166342,0.0,10.317701293538668,0.0,9.035836896640445,0.0,6.980638417394728,0.0
Menen,252.2,0.0,14.041202072203399,0.0,233.4832314200623,0.0,142.0,0.0,90.23203451282735,0.0,9.633810740270508,0.0,11.916375287812984,0.0,7.63571952615063,0.0,867.7743441610406,0.0,100.17831887731484,0.0,62.95935513456728,0.0,3.9904626323273815,0.0,7.562080339463076,0.0,491.46031899165115,0.0,61.861709517609505,0.0,9.63381074025059,0.0,9.458729114384917,0.0,6.745870370076838,0.0
Menge,266.3254901960784,0.0,14.372037548077605,0.0,241.71787923209902,0.0,150.0,0.0,97.61988186159752,0.0,9.97389669669768,0.0,12.24744871391589,0.0,8.068301258552733,0.0,964.2786574538732,0.0,168.5359700960317,0.0,123.82887507220114,0.0,2.7120963187253464,0.0,8.50777799909593,0.0,328.29187917919677,0.0,67.84135298343188,0.0,9.973896696680892,0.0,9.97837877279703,0.0,7.186974098865385,0.0
Mensa,251.10588235294117,0.0,13.801152797188143,0.0,229.51882358340433,0.0,126.0,0.0,79.13195082246017,0.0,9.3410655015219,0.0,11.224972160321824,0.0,7.113408089068126,0.0,869.4241263727546,0.0,99.04926189345923,0.0,62.12042448543105,0.0,3.9738192767077094,0.0,8.755695420786134,0.0,323.79812737336266,0.0,57.07351648428096,0.0,9.341065501491025,0.0,8.701254400599852,0.0,6.1527586230687294,0.0
Menüs,253.97254901960784,0.0,13.92175918124214,0.0,234.2978567166909,0.0,136.0,0.0,86.16612537896876,0.0,9.58477703922408,0.0,11.661903789690601,0.0,7.461769155440734,0.0,872.7478600942717,0.0,164.79069054081134,0.0,117.82527003523997,0.0,3.5552148755580917,0.0,26.843193530506024,0.0,326.8593463268401,0.0,166.51244908117474,0.0,9.584777039211888,0.0,9.167762593452036,0.0,6.5827204961731445,0.0
Meper,259.2313725490196,0.0,14.179044053566232,0.0,254.22208669782023,0.0,161.0,0.0,105.50161117455393,0.0,10.376152777740696,0.0,12.68857754044952,0.0,8.437140675328134,0.0,8153.452819192799,0.0,365.16295967016293,0.0,240.12182974579235,0.0,5.754397742516051,0.0,11.121115832970226,0.0,315.15617602713456,0.0,138.41093222225328,0.0,10.3761527777113,0.0,10.329912069517714,0.0,7.572355921804997,0.0
Messe,252.63921568627453,0.0,13.886703095976992,0.0,223.53702596830925,0.0,124.0,0.0,78.15623209768535,0.0,9.188837038880447,0.0,11.135528725660043,0.0,7.081385605296288,0.0,870.3223410960524,0.0,96.84834699693168,0.0,61.00916574714971,0.0,3.6047538214452586,0.0,8.431906119266586,0.0,309.79221601026484,0.0,57.055654341611245,0.0,9.188837038861008,0.0,8.927516407045031,0.0,6.20932352114028,0.0
Meter,234.52549019607844,0.0,13.553939687255202,0.0,245.3996992546151,0.0,145.0,0.0,93.68012515759449,0.0,9.983112170624514,0.0,12.041594578792296,0.0,7.872877700567733,0.0,871.6732087350196,0.0,125.71184648246101,0.0,84.10599522387695,0.0,6.133408585397637,0.0,8.243644864816153,0.0,320.49146963043984,0.0,140.795454680881,0.0,9.983112170596469,0.0,9.60096713919345,0.0,6.986055076850268,0.0
Meute,239.93725490196078,0.0,13.636163105955086,0.0,236.13400555595965,0.0,141.0,0.0,89.40145972198604,0.0,9.653502415695558,0.0,11.874342087037917,0.0,7.604986097102191,0.0,871.293402210535,0.0,110.44560815026126,0.0,71.73780812030955,0.0,4.934979092234017,0.0,8.3859511801513,0.0,313.1101597450769,0.0,76.7601083203814,0.0,9.653502415675721,0.0,9.3749277151433,0.0,6.739555003452399,0.0
Midil,227.79607843137256,0.0,13.4032434803642,0.0,272.8695013403968,0.0,151.0,0.0,100.13293863876348,0.0,10.775149264800316,0.0,12.288205727444508,0.0,8.294589286435667,0.0,955.05471142901,0.0,168.73878040619934,0.0,119.98555708473421,0.0,6.161789588939619,0.0,10.3858286424156,0.0,558.0253021727017,0.0,332.7284930234641,0.0,10.77514926480958,0.0,9.127967163013183,0.0,7.252260830521062,0.0
Mieze,239.72941176470584,0.0,13.803346133282389,0.0,244.1530713014929,0.0,137.0,0.0,88.78000772111147,0.0,9.894955445050341,0.0,11.704699910719626,0.0,7.672801616924402,0.0,875.8201397292218,0.0,143.71285226643684,0.0,97.06445049583878,0.0,2.902910460147382,0.0,10.849923521395201,0.0,393.80213371216917,0.0,150.82554501298418,0.0,9.894955445034212,0.0,9.449898947445972,0.0,6.799511228367468,0.0
Milch,224.5529411764706,0.0,13.182283381710064,0.0,252.8912052222795,0.0,129.0,0.0,85.01818699667703,0.0,10.13230058106378,0.0,11.357816691600547,0.0,7.604296869238569,0.0,872.7578979721732,0.0,127.17119702956279,0.0,88.49824352364229,0.0,4.376199908459076,0.0,9.576943700741746,0.0,668.3888331494438,0.0,203.21711945865772,0.0,10.132300581042998,0.0,8.605966172757332,0.0,6.635260172976304,0.0
Milin,215.53333333333336,0.0,13.096597901208103,0.0,260.0808718916463,0.0,133.0,0.0,87.23149646475736,0.0,10.304898291552147,0.0,11.532562594670797,0.0,7.6773563169245564,0.0,891.3905149107889,0.0,122.17596959908725,0.0,81.61613599572576,0.0,5.302800059824883,0.0,8.671309565313418,0.0,657.2955365073595,0.0,325.0288169510097,0.0,10.30489829155478,0.0,8.538335158711885,0.0,6.678010480759555,0.0
Miliz,214.19607843137254,0.0,13.119155222660018,0.0,263.10252609924726,0.0,130.0,0.0,85.56857102747537,0.0,10.336591892665112,0.0,11.40175425099138,0.0,7.623347289780279,0.0,900.9820372201825,0.0,196.0314105523479,0.0,140.06875861722392,0.0,5.460764844384592,0.0,14.530740201525338,0.0,541.4504165267679,0.0,323.53888809950143,0.0,10.33659189268214,0.0,8.561132312066048,0.0,6.6327802304240615,0.0
Minen,239.06666666666666,0.0,13.707087943835424,0.0,240.95562412766267,0.0,137.0,0.0,87.64842567620471,0.0,9.810648150288397,0.0,11.704699910719626,0.0,7.564037499606849,0.0,868.205803153446,0.0,105.08174170267135,0.0,66.16374913724688,0.0,3.0049322884515584,0.0,7.633887447853089,0.0,511.2661561042578,0.0,90.66867817858264,0.0,9.810648150265243,0.0,9.00773888028614,0.0,6.6116887744256365,0.0
Mirki,223.47058823529412,0.0,13.28805287077461,0.0,271.1269064530681,0.0,155.0,0.0,102.08820505759849,0.0,10.741134182407851,0.0,12.449899597988733,0.0,8.331825816507754,0.0,885.5777265841746,0.0,157.27254309421303,0.0,106.68055263290591,0.0,5.185746406316666,0.0,9.565330237245421,0.0,498.8236141209838,0.0,231.49553081245315,0.0,10.741134182416532,0.0,9.175308059900741,0.0,7.347991239294228,0.0
Mitte,220.8313725490196,0.0,13.170442131677575,0.0,248.51118238290786,0.0,133.0,0.0,86.84390072702666,0.0,9.997927948543717,0.0,11.532562594670797,0.0,7.626510150727996,0.0,873.0339588767806,0.0,126.45855320915682,0.0,85.06022217905155,0.0,4.729357923259389,0.0,8.136896795911877,0.0,345.43617644960085,0.0,104.33830232989831,0.0,9.997927948523376,0.0,9.011237404904076,0.0,6.677876789396615,0.0
Mitti,207.69803921568626,0.0,12.813643127988898,0.0,261.1554826639464,0.0,138.0,0.0,90.55873551954247,0.0,10.34328326981473,0.0,11.74734012447073,0.0,7.83116615795492,0.0,883.994866667366,0.0,150.648217661841,0.0,101.25222571398555,0.0,7.506032009546583,0.0,9.304491498076585,0.0,347.0084594735852,0.0,137.0809267207463,0.0,10.343283269817087,0.0,8.695783247613104,0.0,6.8014633583077035,0.0
Mixer,234.94901960784313,0.0,13.609948416000615,0.0,261.6178044507079,0.0,156.0,0.0,102.2811183732756,0.0,10.494058031311093,0.0,12.489995996796797,0.0,8.293987719149108,0.0,878.6421373009166,0.0,183.36196744621026,0.0,133.0321359936903,0.0,4.631244362916372,0.0,16.586238106774793,0.0,384.1604036294117,0.0,155.15847741182526,0.0,10.494058031294331,0.0,9.725307287128993,0.0,7.394778481226603,0.0
Mißis,236.98823529411766,0.0,13.5075674747516,0.0,258.88282646667403,0.0,139.0,0.0,91.1734404570037,0.0,10.3185339369047,0.0,11.789826122551595,0.0,7.841388069822773,0.0,935.1190987272327,0.0,479.85488570437514,0.0,282.8735266155944,0.0,4.118408717224297,0.0,19.230210329038837,0.0,558.4886707439952,0.0,327.28800615169615,0.0,10.318533936900517,0.0,8.790684578362129,0.0,6.904205762390698,0.0
Mkdcn,258.56470588235294,0.0,14.011203294592477,0.0,258.79306989765445,0.0,157.0,0.0,104.21489607546172,0.0,10.541280812596995,0.0,12.529964086141668,0.0,8.442640036431493,0.0,936.1048567245685,0.0,234.00701628925125,0.0,177.35546923918332,0.0,4.7615752704034895,0.0,17.06695295400641,0.0,501.28043131466717,0.0,78.48741999052992,0.0,10.541280812584946,0.0,9.625142851714669,0.0,7.4883933089615,0.0
Mlrkl,224.93725490196078,0.0,13.297235449078702,0.0,279.83252045689636,0.0,167.0,0.0,111.63662236476654,0.0,11.103390255506886,0.0,12.922847983320086,0.0,8.79497601471405,0.0,868.9393363827515,0.0,174.36559655772996,0.0,127.49779214471442,0.0,5.101099233269092,0.0,11.499278023794302,0.0,499.8999907739054,0.0,222.4945072449495,0.0,11.10339025550811,0.0,9.511273461315849,0.0,7.801920057993699,0.0
Mmbnm,285.3137254901961,0.0,14.64970446222209,0.0,290.4413171243991,0.0,205.0,0.0,134.93726894034478,0.0,11.52506741086459,0.0,14.317821063276353,0.0,9.567720891693444,0.0,1150.1620399395856,0.0,318.2448953834391,0.0,218.0939050962533,0.0,2.909320627149775,0.0,15.94253270598908,0.0,402.91759508280836,0.0,163.95426021738965,0.0,11.525067410847518,0.0,10.891269156711614,0.0,8.568355351973858,0.0
Mmhrm,270.9725490196078,0.0,14.350519457112547,0.0,293.3822257858124,0.0,193.0,0.0,128.29923598793764,0.0,11.554490477257563,0.0,13.892443989449804,0.0,9.383929998350867,0.0,1147.611278271352,0.0,307.61344273509775,0.0,212.0412360574609,0.0,4.027153370495258,0.0,15.446459374922066,0.0,443.04277127653273,0.0,179.97204441519742,0.0,11.554490477238186,0.0,10.466983621043717,0.0,8.359999078814905,0.0
Mmtth,248.5686274509804,0.0,13.792224879548176,0.0,273.6289574070027,0.0,167.0,0.0,111.09910046353663,0.0,10.934587377503302,0.0,12.922847983320086,0.0,8.730655645743818,0.0,1082.5561530191299,0.0,246.57243970821332,0.0,171.70947167446369,0.0,5.531508107779601,0.0,14.862289920993625,0.0,674.5388765236983,0.0,202.86129450802702,0.0,10.934587377492612,0.0,9.884697291275387,0.0,7.747540892207236,0.0
Mobil,232.21960784313723,0.0,13.32761238280213,0.0,260.36496235283334,0.0,146.0,0.0,95.96468428483931,0.0,10.420215749334787,0.0,12.083045973594572,0.0,8.07452013225134,0.0,890.3376822530162,0.0,174.47177120451144,0.0,121.71305455476372,0.0,7.141673361238646,0.0,10.388472789082563,0.0,550.3819316135084,0.0,330.7089561965419,0.0,10.420215749347742,0.0,9.01266701162948,0.0,7.068311333239505,0.0
Mocko,234.0823529411765,0.0,13.149662855677825,0.0,237.4697923668976,0.0,129.0,0.0,83.8698776770793,0.0,9.718065857712167,0.0,11.357816691600547,0.0,7.477778280960607,0.0,858.4357072085,0.0,121.66570023978338,0.0,84.14833795272668,0.0,4.268974886278863,0.0,9.66691595170213,0.0,521.7333259864861,0.0,218.8696884889475,0.0,9.718065857699687,0.0,8.515297178752405,0.0,6.559874916269917,0.0
Modem,269.07843137254906,0.0,14.251668322718453,0.0,262.0666450691517,0.0,164.0,0.0,108.06433791470592,0.0,10.624268486371472,0.0,12.806248474865697,0.0,8.553453658915666,0.0,996.1136404758877,0.0,233.2064106589949,0.0,160.2642828063889,0.0,2.318385730169218,0.0,10.960513433715512,0.0,334.52567842620715,0.0,128.44511926352112,0.0,10.62426848634174,0.0,9.941631022010776,0.0,7.584977468229999,0.0
Moden,256.3529411764706,0.0,13.985263843324413,0.0,240.15709869793884,0.0,140.0,0.0,90.62993469451649,0.0,9.868398993112239,0.0,11.832159566199232,0.0,7.747124297887424,0.0,918.7281600024465,0.0,130.2625581623501,0.0,88.01822299343353,0.0,2.95291467231814,0.0,8.665707504878364,0.0,492.04779146012226,0.0,66.40587610861998,0.0,9.868398993091656,0.0,9.291821314834843,0.0,6.796046065305217,0.0
Mokka,254.96470588235294,0.0,13.831927917379142,0.0,258.27711122449705,0.0,155.0,0.0,102.80121324035596,0.0,10.507017154695726,0.0,12.449899597988733,0.0,8.36832071770721,0.0,865.492130111788,0.0,160.6291564817397,0.0,117.47538246213811,0.0,2.8225744175461753,0.0,11.136705133172024,0.0,499.4301923329226,0.0,202.56577963727267,0.0,10.50701715468064,0.0,9.392767493654349,0.0,7.442558078655714,0.0
Monat,233.65882352941176,0.0,13.256076638980176,0.0,235.09865906434104,0.0,128.0,0.0,80.77415695453463,0.0,9.519227894201782,0.0,11.313708498984761,0.0,7.214115887249678,0.0,858.5963692041055,0.0,106.88075322422496,0.0,67.42418972840699,0.0,5.345644757972929,0.0,8.385217756180932,0.0,403.05402757586666,0.0,192.829152856005,0.0,9.51922789421697,0.0,8.422120480022533,0.0,6.210014854586784,0.0
Moped,271.9411764705882,0.0,14.342655159228087,0.0,253.18011570868077,0.0,151.0,0.0,100.82581766838628,0.0,10.371688895849317,0.0,12.288205727444508,0.0,8.329579298743623,0.0,8167.290434044821,0.0,386.3340744598667,0.0,258.41794181313577,0.0,2.582451661033201,0.0,13.37969135629887,0.0,409.8794223605018,0.0,159.19502008022673,0.0,10.37168889581208,0.0,9.973273039067953,0.0,7.399997243209035,0.0
Moral,223.81960784313725,0.0,13.023398928324736,0.0,251.36480901048296,0.0,135.0,0.0,87.05313312437775,0.0,10.040868627131506,0.0,11.61895003862225,0.0,7.613776212648675,0.0,865.4092129719949,0.0,143.31753084175122,0.0,100.25820775934085,0.0,5.953470078096362,0.0,8.973913809719992,0.0,340.60559542608837,0.0,99.08589606231918,0.0,10.040868627127262,0.0,8.510257040877056,0.0,6.60559777895487,0.0
Morgo,241.54901960784312,0.0,13.451157033082426,0.0,243.71749155672134,0.0,129.0,0.0,84.91711791972736,0.0,9.89765781972419,0.0,11.357816691600547,0.0,7.589424521391521,0.0,952.1037668041062,0.0,171.9029307910554,0.0,126.0879562751618,0.0,3.7874902207817374,0.0,9.399652309205127,0.0,381.4677511286891,0.0,108.5017541943524,0.0,9.897657819702008,0.0,8.794743828372553,0.0,6.650639756394929,0.0
Motel,224.57254901960786,0.0,13.158928565791955,0.0,247.81397089194982,0.0,137.0,0.0,89.94758094343376,0.0,10.05557640144695,0.0,11.704699910719626,0.0,7.797874339299122,0.0,863.8091112249325,0.0,144.12443339033834,0.0,103.42933547344512,0.0,5.913168615532257,0.0,9.142057830387284,0.0,342.9449027700813,0.0,95.44972135375542,0.0,10.055576401433546,0.0,8.88258950213471,0.0,6.842177461323205,0.0
Motol,216.46274509803922,0.0,12.78528806584219,0.0,245.58790053264855,0.0,128.0,0.0,83.73953262979474,0.0,9.91649531831695,0.0,11.313708498984761,0.0,7.520264807480601,0.0,862.8436874673021,0.0,143.57058183330017,0.0,103.07848492266528,0.0,7.04576884317541,0.0,10.250474083628848,0.0,352.26171890591013,0.0,99.7442295165589,0.0,9.916495318311258,0.0,8.307760279617305,0.0,6.528692859858697,0.0
Motor,218.30588235294118,0.0,12.818801071069556,0.0,239.83225912697418,0.0,125.0,0.0,80.44961272957502,0.0,9.693802269118164,0.0,11.180339887498949,0.0,7.294020441113761,0.0,859.2941932465278,0.0,123.3566580533767,0.0,82.5914008561946,0.0,6.5260577056276325,0.0,9.543627759727054,0.0,338.03771908103863,0.0,143.89776943789232,0.0,9.693802269103553,0.0,8.392992071471015,0.0,6.3271311448552705,0.0
Motte,225.8549019607843,0.0,13.15438450111709,0.0,237.69741990696787,0.0,127.0,0.0,82.40504544926883,0.0,9.67497114742415,0.0,11.269427669584644,0.0,7.397715783259973,0.0,861.2076221566441,0.0,120.6566445985167,0.0,81.49511974056956,0.0,4.910157268359559,0.0,8.100014954358096,0.0,323.1464701017707,0.0,80.71072227144059,0.0,9.674971147401225,0.0,8.813390811438545,0.0,6.4657220753413975,0.0
Mpkrv,254.18431372549017,0.0,13.959284453470483,0.0,285.77857364617364,0.0,189.0,0.0,127.48096449098738,0.0,11.432772816749582,0.0,13.74772708486752,0.0,9.42727465709464,0.0,12765.514038290226,0.0,569.4132947210952,0.0,377.4391100106034,0.0,7.972948510486497,0.0,33.792681594224575,0.0,406.11140302045516,0.0,127.08101796607318,0.0,11.432772816746727,0.0,10.58193428597033,0.0,8.499883529748168,0.0
Mpstr,246.33333333333331,0.0,13.695346731897004,0.0,261.1082953352068,0.0,154.0,0.0,101.87395177815053,0.0,10.51915967486893,0.0,12.409673645990857,0.0,8.349012412922326,0.0,12744.754135861682,0.0,551.3675920036345,0.0,361.88679144738825,0.0,8.49999859879588,0.0,14.232030061247713,0.0,317.33931300201215,0.0,146.2357415419841,0.0,10.51915967486252,0.0,9.713917188463126,0.0,7.417356494600023,0.0
Mqmgn,289.24313725490197,0.0,14.824695980655973,0.0,278.85079411359726,0.0,176.0,0.0,119.46584137165803,0.0,11.241478911829486,0.0,13.2664991614216,0.0,9.162147116971251,0.0,9918.67061561322,0.0,4818.6399652494265,0.0,4034.3593058634674,0.0,3.371527049909979,0.0,38.42633538295536,0.0,494.1027340612666,0.0,87.28155456130843,0.0,11.24147891181978,0.0,10.430880641466128,0.0,8.135747263456869,0.0
Mrjmm,259.0274509803922,0.0,14.053110661409535,0.0,310.63238331268155,0.0,204.0,0.0,138.7566143736856,0.0,12.062800562077257,0.0,14.2828568570857,0.0,9.887901882442998,0.0,12719.566739634705,0.0,944.4329367059188,0.0,764.2138548010532,0.0,3.5767236097561983,0.0,20.53078046475175,0.0,390.0686192262688,0.0,163.4041137346614,0.0,12.062800562060133,0.0,10.603504580750052,0.0,8.855591933760424,0.0
Mrmcs,244.59607843137255,0.0,13.532374782105613,0.0,252.75853061312654,0.0,138.0,0.0,89.73758669377159,0.0,10.13658474501538,0.0,11.74734012447073,0.0,7.736248308992114,0.0,882.8638536807199,0.0,159.92397977456508,0.0,103.27456215037894,0.0,3.8800786580104276,0.0,11.295570282773042,0.0,357.5202022469562,0.0,75.6471794217681,0.0,10.136584744996242,0.0,8.855789260457192,0.0,6.759291311604903,0.0
Mrntt,221.40784313725493,0.0,13.129506055369246,0.0,253.09849762292407,0.0,145.0,0.0,93.51275657171894,0.0,10.158846421106539,0.0,12.041594578792296,0.0,7.8644008872639235,0.0,859.8482123861472,0.0,133.18355888226705,0.0,86.95101475239379,0.0,6.780840583163208,0.0,9.306690315585318,0.0,436.6167563037262,0.0,200.02336891243613,0.0,10.158846421095793,0.0,8.974640942239718,0.0,6.86520232319642,0.0
Msrkt,236.83921568627454,0.0,13.477083230255447,0.0,254.92894579833833,0.0,147.0,0.0,95.73225507744073,0.0,10.280515460671202,0.0,12.12435565298214,0.0,8.007945352937073,0.0,860.3942553666944,0.0,135.73735401937327,0.0,93.28877332755201,0.0,5.5162446840037935,0.0,13.17418260390456,0.0,528.9131856196931,0.0,271.1834373372542,0.0,10.280515460671124,0.0,9.10003205729178,0.0,7.073184481565665,0.0
Msttx,234.6235294117647,0.0,13.417950070075719,0.0,257.45391981382903,0.0,145.0,0.0,96.0189186124677,0.0,10.349469275808396,0.0,12.041594578792296,0.0,8.080448135602369,0.0,871.5605269762593,0.0,213.5950746750722,0.0,163.51131212773325,0.0,5.030571798651086,0.0,22.69259962599684,0.0,655.0273277963905,0.0,106.61615885707037,0.0,10.349469275800146,0.0,9.252476528462635,0.0,7.143727852527849,0.0
Mtglt,233.69019607843137,0.0,13.450872348505651,0.0,269.57088925064755,0.0,157.0,0.0,105.43671793376637,0.0,10.78079980904702,0.0,12.529964086141668,0.0,8.558142330833567,0.0,922.7951146272151,0.0,206.48987305841976,0.0,155.50236605294728,0.0,6.239799059169868,0.0,12.557963586782083,0.0,461.62326486238396,0.0,349.86334022314,0.0,10.780799809045751,0.0,9.550466586029117,0.0,7.591536498740624,0.0
Mtndn,251.34509803921569,0.0,13.926810943380831,0.0,253.91059169089598,0.0,152.0,0.0,98.92137694951307,0.0,10.293882623042146,0.0,12.328828005937952,0.0,8.132595754057322,0.0,910.9591780529147,0.0,161.91160812108959,0.0,116.27165465978291,0.0,2.7536809538921547,0.0,12.089221226305758,0.0,516.7969143834907,0.0,103.07542095889814,0.0,10.293882623045725,0.0,9.41409323048087,0.0,7.1148561305535,0.0
Mtrkc,228.62745098039215,0.0,13.21898952143108,0.0,259.0027175072148,0.0,147.0,0.0,97.13575819423201,0.0,10.419577904929346,0.0,12.12435565298214,0.0,8.130036040516472,0.0,865.4441563946494,0.0,167.82230008703863,0.0,121.08796508704481,0.0,4.674589180990573,0.0,20.06908531293433,0.0,486.00771619044275,0.0,206.95449519214998,0.0,10.41957790492941,0.0,9.197038828301283,0.0,7.21908496673956,0.0
Mtrrd,234.23137254901957,0.0,13.471734403388744,0.0,267.6082599692779,0.0,150.0,0.0,99.34166349453199,0.0,10.637951150148321,0.0,12.24744871391589,0.0,8.244352796484074,0.0,998.5324475624823,0.0,211.78667341511414,0.0,153.58016351826103,0.0,4.611878030148779,0.0,13.734939810405196,0.0,469.1768189193436,0.0,197.10749527648582,0.0,10.637951150142028,0.0,9.37157095870745,0.0,7.213041291543221,0.0
Mtslm,241.62745098039215,0.0,13.568446672262791,0.0,274.4334766868334,0.0,163.0,0.0,108.2307972452373,0.0,10.900146741049262,0.0,12.767145334803704,0.0,8.61691031894102,0.0,945.1863025957043,0.0,247.6208813708625,0.0,174.7590624833561,0.0,3.6451504873808904,0.0,13.784593610778748,0.0,410.59129863226167,0.0,320.04146256526246,0.0,10.900146741042633,0.0,9.432376406600332,0.0,7.6194745976626495,0.0
Mtvst,223.04313725490195,0.0,13.045963166451434,0.0,255.42626419699099,0.0,150.0,0.0,98.0443788419957,0.0,10.288193810159163,0.0,12.24744871391589,0.0,8.11705671194678,0.0,879.2012018667873,0.0,181.7224511369642,0.0,133.6932967269523,0.0,5.432908409265855,0.0,14.905936651530972,0.0,395.5432673186032,0.0,194.97657690651963,0.0,10.288193810157912,0.0,9.082182764761976,0.0,7.1803969488752175,0.0
Muhne,252.93333333333334,0.0,13.970859990476972,0.0,239.24639955941,0.0,147.0,0.0,93.07421067835082,0.0,9.808903384943555,0.0,12.12435565298214,0.0,7.764231603556226,0.0,859.8261582064927,0.0,108.88088332464221,0.0,70.16143232834784,0.0,3.1973248302510378,0.0,9.259487234306826,0.0,374.65251455456917,0.0,109.13907266381284,0.0,9.808903384933357,0.0,9.397292724147535,0.0,6.851551226501948,0.0
Mulde,248.91764705882352,0.0,13.86123462941701,0.0,252.0860309978321,0.0,145.0,0.0,94.65352889882395,0.0,10.20908678245139,0.0,12.041594578792296,0.0,7.972625120229341,0.0,912.0412858729776,0.0,133.65744021157087,0.0,91.95851720715578,0.0,3.310215020342132,0.0,9.345494819295869,0.0,343.8472241971712,0.0,101.17225818517902,0.0,10.209086782452678,0.0,9.431316711167351,0.0,7.024030824683953,0.0
Mulur,222.95294117647063,0.0,13.104130907013369,0.0,255.6713878832555,0.0,147.0,0.0,94.31417390858363,0.0,10.239305743146062,0.0,12.12435565298214,0.0,7.893266772979218,0.0,860.6698106203672,0.0,126.93592844226191,0.0,84.70360165549482,0.0,6.136551260685428,0.0,10.546103004093524,0.0,371.58597848168336,0.0,172.67175523311437,0.0,10.239305743158866,0.0,9.017894736767065,0.0,6.927769613417341,0.0
Mumus,254.8549019607843,0.0,13.798905059950151,0.0,250.73518370035617,0.0,147.0,0.0,94.22637380437524,0.0,10.123244034912908,0.0,12.12435565298214,0.0,7.861610304519144,0.0,880.344828828843,0.0,149.09566464160554,0.0,95.96120807357589,0.0,3.5435448472118987,0.0,10.028383675635668,0.0,365.21048087242053,0.0,118.4963566093594,0.0,10.123244034903124,0.0,9.093020843400438,0.0,6.882302174899499,0.0
Mvvsd,246.39999999999998,0.0,13.655890763941727,0.0,269.0240061768893,0.0,171.0,0.0,113.76595853817246,0.0,10.858882406401055,0.0,13.076696830622021,0.0,8.831295534381525,0.0,1059.7139926130644,0.0,290.59221982472167,0.0,216.3900570867807,0.0,3.907567154755227,0.0,26.26487140797749,0.0,445.3736513787328,0.0,169.64239625949128,0.0,10.858882406389293,0.0,9.904544664226307,0.0,7.910368396745304,0.0
Mvzdv,244.84313725490196,0.0,13.756166839106891,0.0,275.26672174032814,0.0,179.0,0.0,118.54441366798719,0.0,11.024967421541898,0.0,13.379088160259652,0.0,8.995289653756553,0.0,1209.4999565987996,0.0,291.28941752415847,0.0,212.95972010078518,0.0,3.3218882783209165,0.0,39.80851141642115,0.0,389.7889277825793,0.0,106.4338132484134,0.0,11.02496742155351,0.0,10.143187294222844,0.0,8.049248002173094,0.0
Mzbnl,248.12549019607843,0.0,13.894891866880815,0.0,264.5694179199979,0.0,164.0,0.0,106.72092799118862,0.0,10.601331654827833,0.0,12.806248474865697,0.0,8.463539368866147,0.0,891.6462067511884,0.0,363.5595874659769,0.0,232.61898368032692,0.0,5.97600322820944,0.0,22.501836670831104,0.0,378.8904503613199,0.0,135.92584799290995,0.0,10.601331654825119,0.0,9.817882451343795,0.0,7.4630771630112145,0.0
Mzffb,256.9098039215686,0.0,14.272014433903081,0.0,278.3954596625936,0.0,159.0,0.0,107.6547775051094,0.0,11.006540302679493,0.0,12.609520212918492,0.0,8.69039768007887,0.0,999.1187846544428,0.0,601.4965472064164,0.0,408.4216628736386,0.0,3.1479956101179107,0.0,27.518573091526648,0.0,554.889566745002,0.0,352.0361056141439,0.0,11.006540302652505,0.0,10.472143159998952,0.0,7.776516502793678,0.0
Mzllr,217.50588235294117,0.0,13.161095137604198,0.0,270.15935401835367,0.0,145.0,0.0,96.07042571400088,0.0,10.653055078760183,0.0,12.041594578792296,0.0,8.113191800258248,0.0,886.5989348230529,0.0,348.0677688278036,0.0,221.02031081742726,0.0,7.526201023568178,0.0,21.7538310904431,0.0,398.64427939307524,0.0,325.7133092179607,0.0,10.65305507877429,0.0,9.097032630685707,0.0,7.120510260776446,0.0
Mznsn,247.08235294117645,0.0,13.837478152277733,0.0,238.0005134808981,0.0,133.0,0.0,84.16957342209898,0.0,9.651485338148756,0.0,11.532562594670797,0.0,7.373148146599911,0.0,878.9139411576379,0.0,335.33606923073336,0.0,208.94153751471532,0.0,3.7607935142187765,0.0,21.66485554836535,0.0,491.75665597303407,0.0,67.96826507774712,0.0,9.651485338136977,0.0,8.850049874297472,0.0,6.376072002325639,0.0
Mzsnr,238.52549019607844,0.0,13.610348416045472,0.0,247.08238155788268,0.0,144.0,0.0,91.30771382213916,0.0,9.944270912258046,0.0,12.0,0.0,7.70630921251142,0.0,881.5556191137747,0.0,340.39028196142175,0.0,212.85489070482254,0.0,5.633821446829183,0.0,21.942260088207174,0.0,351.5782970574751,0.0,158.50006714797271,0.0,9.944270912251064,0.0,9.161206430467537,0.0,6.7455160892236306,0.0
Mähne,263.45882352941175,0.0,14.207008033993999,0.0,239.5599139339048,0.0,141.0,0.0,90.23796330042381,0.0,9.793083331878796,0.0,11.874342087037917,0.0,7.686215021650614,0.0,861.0561805515669,0.0,118.21375122529086,0.0,79.57300576008227,0.0,3.9953109944332823,0.0,10.932441865793606,0.0,370.6032308887084,0.0,114.85652796269758,0.0,9.79308333186755,0.0,9.373731253064236,0.0,6.786429177720745,0.0
Mäuse,254.65490196078431,0.0,13.84190129459976,0.0,229.27266159664896,0.0,127.0,0.0,79.64581615656022,0.0,9.341986286432038,0.0,11.269427669584644,0.0,7.137407219483076,0.0,860.3029104104176,0.0,110.00242812061667,0.0,72.22910468470292,0.0,3.912714266225062,0.0,11.089316399091443,0.0,312.00997111296624,0.0,73.90886668943224,0.0,9.341986286418308,0.0,8.758853589396127,0.0,6.246141848802164,0.0
Mäzen,256.24313725490197,0.0,14.083520845308204,0.0,239.18526077648352,0.0,133.0,0.0,85.26867253579097,0.0,9.713249378066692,0.0,11.532562594670797,0.0,7.468520950576271,0.0,863.1072972825957,0.0,162.67793963143035,0.0,112.2054503968838,0.0,4.20537528995672,0.0,14.931467072343894,0.0,482.253684116233,0.0,74.40023324264064,0.0,9.713249378048012,0.0,9.18079317977735,0.0,6.549568327141446,0.0
Möbel,252.04705882352943,0.0,13.844982379949602,0.0,256.0907516744816,0.0,155.0,0.0,102.03500903046088,0.0,10.407809189814536,0.0,12.449899597988733,0.0,8.319095903614043,0.0,873.0412890816791,0.0,221.41066556628292,0.0,140.71069962964455,0.0,5.827079650148535,0.0,14.173860655509177,0.0,354.7930831266128,0.0,122.53171520617573,0.0,10.407809189804569,0.0,9.74515945575576,0.0,7.383730486139666,0.0
Mödeu,259.9019607843137,0.0,14.01343069728922,0.0,245.42511304948712,0.0,148.0,0.0,96.0399500017548,0.0,10.059747171465254,0.0,12.165525060596439,0.0,7.989193896783576,0.0,922.293114456691,0.0,193.90076097040463,0.0,116.71605338531678,0.0,3.7847110199279026,0.0,15.555453747878088,0.0,545.7534799460255,0.0,89.99533691499728,0.0,10.059747171446832,0.0,9.611203342189677,0.0,7.086124355512668,0.0
Möhre,248.1058823529412,0.0,13.78765362711619,0.0,245.50652973842614,0.0,139.0,0.0,90.2608418171067,0.0,9.990116483922328,0.0,11.789826122551595,0.0,7.756968751020786,0.0,866.0687719515771,0.0,184.526508124412,0.0,109.0937728592015,0.0,4.5146805732184205,0.0,13.540172912020065,0.0,411.3226263833108,0.0,145.76047355767443,0.0,9.990116483906895,0.0,9.33233269609093,0.0,6.823056779048889,0.0
Möpse,266.5921568627451,0.0,14.14975162229722,0.0,242.49121332134533,0.0,142.0,0.0,92.9070167623705,0.0,9.955280328962408,0.0,11.916375287812984,0.0,7.91317247806199,0.0,8152.623272829023,0.0,386.8881745406496,0.0,248.08937651303808,0.0,3.563523629598148,0.0,15.100135147539113,0.0,318.36465108742544,0.0,80.27115061807709,0.0,9.955280328944601,0.0,9.690360678370775,0.0,7.032997595527093,0.0
Möwön,255.0392156862745,0.0,13.684925491131054,0.0,252.39084103419643,0.0,152.0,0.0,97.43972538760781,0.0,10.208190629718203,0.0,12.328828005937952,0.0,7.9987162868667125,0.0,885.6047798357492,0.0,264.2759201648179,0.0,154.53979389414144,0.0,3.635451105263397,0.0,36.3977676609023,0.0,533.0422664791166,0.0,195.19995504362086,0.0,10.208190629708607,0.0,9.388075043364639,0.0,7.079706326619584,0.0
Mühen,259.6313725490196,0.0,14.144174423658466,0.0,245.1333635698525,0.0,150.0,0.0,96.54050478789884,0.0,10.046763080796243,0.0,12.24744871391589,0.0,7.973733925909813,0.0,858.3717003192572,0.0,120.31343429543607,0.0,79.98759922114301,0.0,3.8652314496059152,0.0,11.286438603615196,0.0,508.68616027566736,0.0,107.60186814322319,0.0,10.046763080783897,0.0,9.618190710032113,0.0,7.070319145414371,0.0
Mühle,249.23137254901962,0.0,13.891198024114944,0.0,254.05166341354084,0.0,149.0,0.0,97.21583124782354,0.0,10.29311434471869,0.0,12.206555615733702,0.0,8.078635148119922,0.0,863.8914099864302,0.0,132.1925537473827,0.0,91.60957155579467,0.0,4.881116162373953,0.0,11.471546153915437,0.0,423.4172863283831,0.0,311.65820712630153,0.0,10.293114344718106,0.0,9.512580309621132,0.0,7.16241821761969,0.0
Münze,252.41568627450982,0.0,14.02013381709087,0.0,241.92278888699875,0.0,144.0,0.0,91.26838096935046,0.0,9.831392919362337,0.0,12.0,0.0,7.686938594066729,0.0,863.4171092149381,0.0,149.6916787170589,0.0,101.16928325628247,0.0,3.828693639992643,0.0,12.756420861642622,0.0,386.968799739222,0.0,155.22283756373375,0.0,9.831392919357645,0.0,9.505546956420897,0.0,6.776344694624479,0.0
Mütze,243.29803921568626,0.0,13.76053397477909,0.0,246.9797463911903,0.0,143.0,0.0,91.82986639237842,0.0,9.979954307873735,0.0,11.958260743101398,0.0,7.772796727750791,0.0,864.7234097189446,0.0,158.68540237066443,0.0,108.94709643559872,0.0,4.152529937366847,0.0,12.672599244143736,0.0,380.0501255647677,0.0,156.86098034830525,0.0,9.979954307865244,0.0,9.555245347701474,0.0,6.8669823037359485,0.0
Nabal,245.11372549019606,0.0,13.580582968203082,0.0,243.0436755729409,0.0,134.0,0.0,86.80160955474062,0.0,9.837957796898731,0.0,11.575836902790225,0.0,7.622770320092018,0.0,865.7178842445644,0.0,170.32432262011878,0.0,120.30538864328032,0.0,5.066677860691066,0.0,10.963988847468164,0.0,285.2512624187041,0.0,158.04690455292175,0.0,9.837957796886252,0.0,8.630838061390879,0.0,6.6143054996793476,0.0
Nabel,246.42745098039217,0.0,13.74621236846887,0.0,240.32740913520752,0.0,136.0,0.0,89.03995837079181,0.0,9.847622268723836,0.0,11.661903789690601,0.0,7.751462804052743,0.0,864.0810749707767,0.0,167.4687494513179,0.0,119.06684417586,0.0,4.986159472536736,0.0,10.595831883093384,0.0,285.2519025017183,0.0,154.19979732973457,0.0,9.847622268703985,0.0,8.917050521072191,0.0,6.804826105526648,0.0
Nadel,247.02745098039213,0.0,13.804250218904068,0.0,242.01818564683109,0.0,135.0,0.0,88.76935744695814,0.0,9.90682154894928,0.0,11.61895003862225,0.0,7.762090787788489,0.0,919.540479051557,0.0,156.98541115192864,0.0,114.74141704834314,0.0,4.442574773545091,0.0,10.52607082387943,0.0,273.55887249557634,0.0,143.60939536838688,0.0,9.906821548930846,0.0,8.836224640060589,0.0,6.793485402802384,0.0
Napal,249.03921568627453,0.0,13.712377489861199,0.0,248.59855998574503,0.0,139.0,0.0,91.49361577482472,0.0,10.070258361017451,0.0,11.789826122551595,0.0,7.909567548012446,0.0,8152.228674795412,0.0,372.2406315160836,0.0,248.4303400175895,0.0,5.218955670088973,0.0,12.655912622977647,0.0,265.7671739086623,0.0,145.47817678950202,0.0,10.07025836100379,0.0,8.933483084596366,0.0,6.9359022421968275,0.0
Narbe,248.27058823529413,0.0,13.777388157852481,0.0,230.8688528750331,0.0,125.0,0.0,80.42643967679312,0.0,9.45212569409068,0.0,11.180339887498949,0.0,7.2842153585853815,0.0,864.1580342183256,0.0,163.80048887767524,0.0,110.63596975943781,0.0,2.499052035586652,0.0,10.62486206651269,0.0,287.72559696147874,0.0,155.27214789473692,0.0,9.452125694063307,0.0,8.815603582369322,0.0,6.383757950914122,0.0
Nasen,245.3843137254902,0.0,13.688175046422346,0.0,215.98086244273108,0.0,112.0,0.0,70.74013898000315,0.0,8.920030128235675,0.0,10.583005244258363,0.0,6.744644694053687,0.0,851.0106086815471,0.0,93.49565729806262,0.0,62.424628345003065,0.0,2.827116857301155,0.0,9.149822232010346,0.0,441.9479015529009,0.0,122.5442625368819,0.0,8.92003012820529,0.0,8.080034318870684,0.0,5.835111391203332,0.0
Natan,234.73333333333335,0.0,13.333625717670763,0.0,227.16102080650427,0.0,116.0,0.0,73.49560463590636,0.0,9.226699878986821,0.0,10.770329614269007,0.0,6.903319791670389,0.0,853.9417755992375,0.0,112.39487344206812,0.0,76.50772842231437,0.0,3.3471483155071358,0.0,9.366990574654967,0.0,445.0983455185067,0.0,130.8827465886262,0.0,9.226699878963773,0.0,8.058431539723017,0.0,5.909169938470324,0.0
Natar,226.17647058823528,0.0,13.097761532808539,0.0,234.0205311368655,0.0,120.0,0.0,76.38220985764556,0.0,9.436154335133336,0.0,10.954451150103322,0.0,7.0715253467795725,0.0,856.5868057149737,0.0,125.00768816594795,0.0,85.61030659227383,0.0,5.101732020317651,0.0,9.864196761696844,0.0,253.22737461059162,0.0,180.09210795284744,0.0,9.436154335107098,0.0,8.167131792417951,0.0,6.0811092170114796,0.0
Natta,225.6156862745098,0.0,13.060387352634141,0.0,229.51821831307134,0.0,110.0,0.0,70.91133275559994,0.0,9.278871817239851,0.0,10.488088481701515,0.0,6.847903210724247,0.0,855.0224365005841,0.0,118.83680044365032,0.0,83.01362993118536,0.0,4.685073017922443,0.0,9.498163842810321,0.0,248.63196380090935,0.0,132.67581555017694,0.0,9.278871817196016,0.0,7.833343690403977,0.0,5.850544846054933,0.0
Nazis,230.91372549019604,0.0,13.367363148332881,0.0,224.30773703946574,0.0,98.0,0.0,62.31081522516762,0.0,9.011991421404375,0.0,9.899494936611665,0.0,6.376684721656226,0.0,877.3277151965551,0.0,153.35595381831004,0.0,106.98267947309702,0.0,4.384566091435838,0.0,13.903331670790802,0.0,484.3927205190629,0.0,334.82952627954757,0.0,9.01199142138048,0.0,7.329516881495397,0.0,5.391352369202404,0.0
Ncbgt,251.15686274509807,0.0,13.769677332487877,0.0,243.82165960697876,0.0,144.0,0.0,95.10895243957442,0.0,10.02565035175242,0.0,12.0,0.0,8.047955992666232,0.0,953.4675958949218,0.0,200.48857614194543,0.0,145.98820991079515,0.0,3.1801812021886304,0.0,15.905692435939184,0.0,355.6084068474643,0.0,228.4663987666921,0.0,10.025650351753804,0.0,9.369552820980594,0.0,7.093916213115265,0.0
Nchdr,244.0705882352941,0.0,13.669871624654167,0.0,243.5896909665692,0.0,138.0,0.0,89.9255085539655,0.0,9.948218986062416,0.0,11.74734012447073,0.0,7.775619646328841,0.0,905.1784906465164,0.0,140.20861560495882,0.0,98.66845994738608,0.0,2.7763671755018646,0.0,15.029362399192104,0.0,316.48495591137913,0.0,197.0310349413093,0.0,9.948218986065813,0.0,8.957945136981756,0.0,6.782233855013127,0.0
Nchpr,247.39607843137256,0.0,13.742761122702497,0.0,247.65465466924707,0.0,143.0,0.0,94.62948654609866,0.0,10.139293837526367,0.0,11.958260743101398,0.0,8.050866550331452,0.0,7565.090823695553,0.0,345.25403293415854,0.0,227.63819392579956,0.0,3.2392028033003,0.0,16.16457073790979,0.0,286.9296473618813,0.0,184.32944841120232,0.0,10.139293837515684,0.0,9.276540219399156,0.0,7.115913277642224,0.0
Ndhmr,264.7882352941176,0.0,14.263076114700803,0.0,266.9178009411114,0.0,167.0,0.0,110.37988650506321,0.0,10.776968091696434,0.0,12.922847983320086,0.0,8.68225937193412,0.0,1194.0355800721559,0.0,350.6872590613557,0.0,255.03407958637536,0.0,4.076593255480286,0.0,17.480337203064114,0.0,322.0216872412113,0.0,204.6313146881302,0.0,10.776968091689199,0.0,9.776778827890809,0.0,7.657674292475332,0.0
Ndhrt,242.94509803921568,0.0,13.73684964110344,0.0,249.7463938900629,0.0,142.0,0.0,93.4282716859291,0.0,10.161416515997628,0.0,11.916375287812984,0.0,7.968021724203883,0.0,1170.0291873017063,0.0,328.1795356953932,0.0,241.52717420995276,0.0,6.638366952126901,0.0,16.587892714192662,0.0,432.7841388657323,0.0,254.24737606144154,0.0,10.161416515975995,0.0,9.015630745598108,0.0,6.941808229485185,0.0
Ndscr,238.41176470588232,0.0,13.439609324982282,0.0,233.23714772429616,0.0,126.0,0.0,81.15379211852724,0.0,9.549377477974307,0.0,11.224972160321824,0.0,7.346273585730301,0.0,1169.1053700104164,0.0,324.1345807969311,0.0,238.202569174408,0.0,6.356625742936588,0.0,17.50234896970441,0.0,266.14495898575444,0.0,182.0975516312368,0.0,9.549377477961324,0.0,8.480426605460787,0.0,6.388365007612456,0.0
Ndsfr,245.59607843137255,0.0,13.836027169233173,0.0,253.03938414688426,0.0,144.0,0.0,94.92884482996024,0.0,10.246573381696448,0.0,12.0,0.0,8.05878761926466,0.0,1187.0331823068411,0.0,390.58662957589075,0.0,285.6253728722062,0.0,5.3696538135147565,0.0,18.400108115602855,0.0,270.10490520439777,0.0,195.05596692885192,0.0,10.246573381667211,0.0,9.282854377005782,0.0,7.087296697244773,0.0
Ndspr,261.9921568627451,0.0,14.13487728503964,0.0,251.56603898891163,0.0,149.0,0.0,99.05824768569147,0.0,10.297649473969296,0.0,12.206555615733702,0.0,8.263895414314362,0.0,7607.076709097559,0.0,458.4958497380856,0.0,319.2667324016317,0.0,4.02906199935941,0.0,18.359416164021138,0.0,268.8941034580641,0.0,184.21804494690303,0.0,10.297649473955687,0.0,9.516747670921395,0.0,7.30975874461755,0.0
Ndstr,237.2862745098039,0.0,13.507729144305095,0.0,243.1016492401718,0.0,136.0,0.0,88.62027898588887,0.0,9.906091889188353,0.0,11.661903789690601,0.0,7.723904723687266,0.0,1169.729177546858,0.0,328.1616884270695,0.0,241.2191926700685,0.0,6.627820380144191,0.0,16.717294915483556,0.0,268.42346850021795,0.0,187.75452843552995,0.0,9.906091889174453,0.0,8.80160289890948,0.0,6.738441806876436,0.0
Ndthr,242.94509803921568,0.0,13.736849641103442,0.0,252.57586963740448,0.0,150.0,0.0,98.37892892528082,0.0,10.275080714674655,0.0,12.24744871391589,0.0,8.170790183495727,0.0,1170.4601697791672,0.0,331.45654156829005,0.0,243.92756445464127,0.0,5.0833789342378415,0.0,17.399033408587623,0.0,401.2436345140177,0.0,220.08855758455587,0.0,10.275080714663826,0.0,9.367811000873193,0.0,7.174055746964753,0.0
Ndths,251.72156862745098,0.0,13.884445948347372,0.0,237.82730951667367,0.0,130.0,0.0,85.22822876086951,0.0,9.761761303132674,0.0,11.40175425099138,0.0,7.597298335169937,0.0,1168.3179111131988,0.0,325.5224582095001,0.0,240.1152150464174,0.0,3.233430672606861,0.0,16.89315267381341,0.0,396.7510947746013,0.0,181.8768460815602,0.0,9.761761303105693,0.0,8.760742658361444,0.0,6.623671092394701,0.0
Nebel,247.74117647058824,0.0,13.909869704704118,0.0,243.08852821040193,0.0,149.0,0.0,97.70579110344431,0.0,10.0294757029209,0.0,12.206555615733702,0.0,8.117691805272674,0.0,875.0066033743927,0.0,168.79369534931757,0.0,120.0157468902337,0.0,5.184782384453225,0.0,10.69279215911452,0.0,289.6790612217291,0.0,154.3799122765923,0.0,10.029475702902701,0.0,9.605560601258059,0.0,7.21648646171362,0.0
Neffe,244.86274509803923,0.0,14.056306827546923,0.0,248.21656529333384,0.0,141.0,0.0,93.99994465637012,0.0,10.124258439934069,0.0,11.874342087037917,0.0,8.044790034930582,0.0,931.4349195264738,0.0,365.90412216587544,0.0,265.8172925523896,0.0,3.1913802866064684,0.0,13.537171146915707,0.0,248.87226990383738,0.0,146.52245081574756,0.0,10.124258439882102,0.0,9.91714509185858,0.0,7.2255018539438565,0.0
Negro,243.93725490196078,0.0,13.693858228120261,0.0,238.54311916698313,0.0,134.0,0.0,88.30727863222947,0.0,9.808534576529416,0.0,11.575836902790225,0.0,7.741952561869272,0.0,922.9710335192585,0.0,173.1017761794299,0.0,129.5049310832426,0.0,5.179714746282364,0.0,11.103259432272448,0.0,382.8876515347094,0.0,185.16207765778069,0.0,9.80853457649393,0.0,9.182313423871197,0.0,6.845322552683733,0.0
Nehgt,255.36470588235292,0.0,14.080697834931572,0.0,241.9378407345303,0.0,145.0,0.0,95.84749752303516,0.0,9.999838789071484,0.0,12.041594578792296,0.0,8.074977461064924,0.0,957.3576074346186,0.0,174.36951229147604,0.0,130.64859441536782,0.0,3.4825267371180173,0.0,11.257137849759902,0.0,368.7572294281388,0.0,224.5544477986693,0.0,9.999838789076612,0.0,9.518245820214252,0.0,7.164952080844293,0.0
Neift,223.41960784313727,0.0,13.391481049752576,0.0,247.07639472696673,0.0,132.0,0.0,87.06952455772384,0.0,9.977383069320616,0.0,11.489125293076057,0.0,7.692371819858891,0.0,902.0330743549487,0.0,242.59751883105534,0.0,173.1204797261173,0.0,5.725934345048451,0.0,11.534597429488429,0.0,344.44963831409626,0.0,233.82093618301306,0.0,9.977383069286411,0.0,9.030242079072774,0.0,6.779655287707575,0.0
Ngkgm,289.5490196078431,0.0,14.847634203656751,0.0,282.2161554805035,0.0,188.0,0.0,129.44200581513053,0.0,11.458339938094822,0.0,13.711309200802088,0.0,9.604848786532992,0.0,2311.4422884390347,0.0,985.0137058123211,0.0,807.9072739533226,0.0,1.9592261120367442,0.0,23.06859270896435,0.0,293.3830722110383,0.0,171.34648938431317,0.0,11.458339938071868,0.0,10.712996355503968,0.0,8.649053269229645,0.0
Ngspr,263.85490196078433,0.0,14.179873211916817,0.0,252.56259418540844,0.0,148.0,0.0,99.91729474937439,0.0,10.376741504880082,0.0,12.165525060596439,0.0,8.370403903891798,0.0,7843.445477419033,0.0,1005.7381783826789,0.0,814.3792402964255,0.0,4.437436702417333,0.0,22.428955221454245,0.0,252.90240196376237,0.0,178.89848698339623,0.0,10.376741504860874,0.0,9.655846027201187,0.0,7.449940778706485,0.0
Ngstr,239.14901960784312,0.0,13.554807083791928,0.0,244.09820443666868,0.0,135.0,0.0,89.4793260495718,0.0,9.988284942241293,0.0,11.61895003862225,0.0,7.83775467057751,0.0,2240.5997518421254,0.0,953.4049155425857,0.0,787.0635295322529,0.0,7.065365043261104,0.0,21.042439588000278,0.0,252.4996323668403,0.0,182.5507502570555,0.0,9.98828494222057,0.0,8.95182047737262,0.0,6.890257084200552,0.0
Ngthf,252.55686274509804,0.0,14.070335757456762,0.0,261.45671291234356,0.0,154.0,0.0,104.13147459727406,0.0,10.621948604098444,0.0,12.409673645990857,0.0,8.555127750040388,0.0,2280.3742110705734,0.0,1042.4008889257782,0.0,848.0368657849286,0.0,4.091843961836762,0.0,24.18079254525962,0.0,389.8832955682821,0.0,175.6135719485556,0.0,10.621948604081245,0.0,9.815261366939541,0.0,7.608784853562408,0.0
Ngthl,242.96470588235297,0.0,13.751982276461202,0.0,259.3280662395756,0.0,152.0,0.0,102.52789588918345,0.0,10.563121708514078,0.0,12.328828005937952,0.0,8.478511360935782,0.0,2242.3448946683006,0.0,957.3661394992652,0.0,790.3080360636001,0.0,5.925312784084411,0.0,21.634539905281805,0.0,402.7421542396405,0.0,189.59236090438873,0.0,10.563121708501654,0.0,9.433945313014016,0.0,7.491819705280368,0.0
Ngths,253.58431372549018,0.0,13.930250813803976,0.0,238.8238647131705,0.0,129.0,0.0,86.08727582455244,0.0,9.845159384677293,0.0,11.357816691600547,0.0,7.713017314199225,0.0,2239.8633084584544,0.0,952.4997165502024,0.0,786.7258843486435,0.0,3.609988451014501,0.0,21.09198764306891,0.0,385.7450324873552,0.0,176.4769020142775,0.0,9.845159384647324,0.0,8.911649016595213,0.0,6.778057497684594,0.0
Ngthw,259.035294117647,0.0,14.005155309395615,0.0,261.87534346796656,0.0,164.0,0.0,108.90011365691812,0.0,10.653181460875452,0.0,12.806248474865697,0.0,8.648314808480716,0.0,2380.80526229389,0.0,968.183612718447,0.0,794.2714475816083,0.0,2.903386235964591,0.0,31.22884318455366,0.0,574.0988369567858,0.0,188.00811329802826,0.0,10.65318146085909,0.0,9.949313316666707,0.0,7.686962651214246,0.0
Nickt,220.32941176470587,0.0,13.063532095835177,0.0,244.2439298836703,0.0,137.0,0.0,89.67831636578674,0.0,9.957195723752104,0.0,11.704699910719626,0.0,7.768327910954609,0.0,865.247807214604,0.0,130.20663050334372,0.0,92.11062377612632,0.0,3.803673963926082,0.0,10.320201602940104,0.0,515.1175017169187,0.0,297.90483941362004,0.0,9.957195723735733,0.0,8.604485899548775,0.0,6.82785637511158,0.0
Niger,238.91372549019604,0.0,13.709283989782078,0.0,247.88031251602922,0.0,143.0,0.0,94.54635663435172,0.0,10.125254545319985,0.0,11.958260743101398,0.0,8.028234796611631,0.0,923.9928349305277,0.0,176.28429209143866,0.0,130.86309281816128,0.0,3.8874055659961253,0.0,10.157879475336902,0.0,287.1141310780217,0.0,186.30363073160453,0.0,10.125254545298812,0.0,9.374088572743254,0.0,7.1285009345414405,0.0
Nihri,217.5333333333333,0.0,13.166553807934692,0.0,252.62099926298538,0.0,133.0,0.0,87.0628498459833,0.0,10.12589607842155,0.0,11.532562594670797,0.0,7.676853829788479,0.0,879.4988439131063,0.0,145.69920258834907,0.0,99.68080509222361,0.0,5.7822576954966,0.0,11.220585374374156,0.0,384.3817517243694,0.0,205.7346537443059,0.0,10.125896078420496,0.0,8.395066717698509,0.0,6.632181509135409,0.0
Nkhmn,267.1764705882353,0.0,14.343531684764715,0.0,267.7172361661167,0.0,172.0,0.0,115.19456336575638,0.0,10.906530187031912,0.0,13.114877048604,0.0,8.913422302288781,0.0,902.5537426443976,0.0,253.90742676387137,0.0,189.61367953884576,0.0,2.424164310395983,0.0,17.116737059651047,0.0,494.5236716643671,0.0,160.16444202712668,0.0,10.906530187020746,0.0,9.80604001494744,0.0,7.934625935835347,0.0
Nlppt,254.1372549019608,0.0,13.99572571649684,0.0,265.43893761828036,0.0,161.0,0.0,109.59928404240735,0.0,10.799432886890283,0.0,12.68857754044952,0.0,8.800734299535888,0.0,11088.332901037318,0.0,490.09933908771575,0.0,323.77159841695186,0.0,3.8248430695296003,0.0,13.562979162010965,0.0,348.18762401163303,0.0,226.78563132083934,0.0,10.799432886870694,0.0,9.991186609306,0.0,7.857744194643941,0.0
Nmtdn,258.3490196078431,0.0,14.084488838300693,0.0,261.73795790104543,0.0,162.0,0.0,107.30724164648637,0.0,10.625714735079384,0.0,12.727922061357855,0.0,8.556505060805817,0.0,1115.8179901104893,0.0,245.5015318332655,0.0,171.38280761945285,0.0,3.0905160837918233,0.0,15.541027795142167,0.0,494.8168974166256,0.0,153.28554689960094,0.0,10.625714735073563,0.0,9.699887603582988,0.0,7.563966667165516,0.0
Nndkr,252.27843137254902,0.0,14.000765069445176,0.0,258.84494334702026,0.0,162.0,0.0,107.19391840999108,0.0,10.57792952565283,0.0,12.727922061357855,0.0,8.549636778923274,0.0,918.2464519737669,0.0,163.34293850395684,0.0,116.72907101780898,0.0,3.8092876594827123,0.0,13.88725828681867,0.0,457.32927733578657,0.0,263.86778331172593,0.0,10.577929525656295,0.0,9.64546513438028,0.0,7.568564190406459,0.0
Nnknl,238.17254901960783,0.0,13.676157843075371,0.0,255.96484950582158,0.0,160.0,0.0,105.51300170350413,0.0,10.479476036402698,0.0,12.649110640673518,0.0,8.474942513858844,0.0,861.4628173251285,0.0,172.852964525118,0.0,129.4905980564626,0.0,5.3523398373493185,0.0,14.66161496916358,0.0,350.8405538538292,0.0,163.4216123840867,0.0,10.479476036396152,0.0,9.19030739479911,0.0,7.495439655892356,0.0
Noito,210.0078431372549,0.0,12.658429908597078,0.0,226.50259953079347,0.0,101.0,0.0,65.97517743707715,0.0,9.198020315956732,0.0,10.04987562112089,0.0,6.646991119162064,0.0,867.170809961763,0.0,110.20607067244828,0.0,75.97092852245015,0.0,5.470017084196777,0.0,10.159479936346909,0.0,329.0253433247811,0.0,164.07892254288174,0.0,9.198020315927526,0.0,7.435449715026101,0.0,5.680150556906332,0.0
Nonne,238.3686274509804,0.0,13.57777091902664,0.0,217.89756731000105,0.0,124.0,0.0,77.85622750821352,0.0,9.063979736670188,0.0,11.135528725660043,0.0,7.0526880635872775,0.0,853.0765973589419,0.0,94.78352800080671,0.0,62.88478794035675,0.0,2.3494166973005988,0.0,9.079921835558949,0.0,309.9256748919265,0.0,143.46450613844294,0.0,9.063979736640851,0.0,8.452118345821402,0.0,6.135479933316837,0.0
Norto,212.58431372549018,0.0,12.697085432091072,0.0,226.64712901544976,0.0,108.0,0.0,69.76952644750594,0.0,9.23283913807455,0.0,10.392304845413264,0.0,6.800169273294281,0.0,852.0246155857227,0.0,112.52762075040754,0.0,77.05527686207131,0.0,5.404559541687708,0.0,9.833899328723584,0.0,325.60938980834385,0.0,156.69482856911353,0.0,9.23283913804083,0.0,7.659091472225059,0.0,5.8507909147186865,0.0
Norvo,214.5607843137255,0.0,12.734373164786652,0.0,235.66285578529886,0.0,122.0,0.0,79.91991101824188,0.0,9.632900710379056,0.0,11.045361017187261,0.0,7.329986214329593,0.0,905.0350125634293,0.0,155.7188249640612,0.0,115.71605477757431,0.0,5.01628402079157,0.0,16.14729173440351,0.0,367.3376481436732,0.0,205.72220179452992,0.0,9.632900710347814,0.0,7.989477494058442,0.0,6.4087071865523955,0.0
Notar,219.38039215686274,0.0,12.898979332492521,0.0,233.44028044372033,0.0,122.0,0.0,78.0255784759176,0.0,9.473158837108915,0.0,11.045361017187261,0.0,7.161788025142959,0.0,856.142912664091,0.0,125.08072881018252,0.0,85.88343938013527,0.0,4.594549950796767,0.0,10.092184828921294,0.0,267.9735816591167,0.0,180.1720907090189,0.0,9.473158837085645,0.0,8.221940615666893,0.0,6.178275874066455,0.0
Noten,229.25098039215686,0.0,13.30954567787647,0.0,223.8645036756257,0.0,120.0,0.0,77.3773220702296,0.0,9.274803022568163,0.0,10.954451150103322,0.0,7.135762705047069,0.0,851.8362144892164,0.0,108.1031052372504,0.0,74.85853270448638,0.0,2.9123394899443107,0.0,9.041618332390229,0.0,453.4621128318885,0.0,126.31910589879588,0.0,9.274803022540013,0.0,8.4177793393835,0.0,6.218208255754568,0.0
Novum,238.80784313725488,0.0,13.399978768195176,0.0,257.0534052530553,0.0,163.0,0.0,106.7237802128976,0.0,10.46382986451741,0.0,12.767145334803704,0.0,8.471551495848775,0.0,949.831314842312,0.0,241.59717812216292,0.0,170.36153667837897,0.0,3.4494637986204584,0.0,15.312188247826091,0.0,327.3968749456137,0.0,195.05645921679397,0.0,10.463829864499392,0.0,9.348350690967296,0.0,7.5456418584211615,0.0
Npbtb,272.27450980392155,0.0,14.349308444166786,0.0,262.4338902792286,0.0,163.0,0.0,110.39699389600268,0.0,10.722975929946417,0.0,12.767145334803704,0.0,8.790961307060407,0.0,12748.794160139789,0.0,659.9468022951937,0.0,437.1489009231437,0.0,3.847645966491221,0.0,20.792694826962276,0.0,529.0212365372904,0.0,366.6675948785987,0.0,10.722975929938075,0.0,10.36824444733649,0.0,7.869213361321304,0.0
Nrffr,223.74901960784314,0.0,13.453543459001034,0.0,269.9522101006182,0.0,152.0,0.0,101.73034693706795,0.0,10.729599406109275,0.0,12.328828005937952,0.0,8.41114860787917,0.0,922.5875332444451,0.0,376.23888821149626,0.0,272.10673744348,0.0,4.382618943406462,0.0,14.94648818370833,0.0,314.48178807373836,0.0,197.07094687330923,0.0,10.729599406089218,0.0,9.681562069331967,0.0,7.48703865798518,0.0
Nstds,246.06274509803922,0.0,13.65780172158775,0.0,227.89305180973548,0.0,113.0,0.0,73.47601218099786,0.0,9.341830147253441,0.0,10.63014581273465,0.0,7.013531783278253,0.0,902.2755404247758,0.0,130.08069791362433,0.0,92.65684507699919,0.0,2.7657526946527895,0.0,14.164229502864767,0.0,283.7635893735363,0.0,147.69191254552214,0.0,9.341830147239069,0.0,8.139252999347212,0.0,6.03833330507464,0.0
Nthsl,229.05882352941177,0.0,13.325145121269168,0.0,246.5642636732506,0.0,135.0,0.0,89.13643311654863,0.0,10.031222116136796,0.0,11.61895003862225,0.0,7.808398431516811,0.0,861.3367317238495,0.0,171.8442368550187,0.0,129.44997018395713,0.0,4.571264403345654,0.0,13.988573811953287,0.0,314.60538289542467,0.0,153.5519342174096,0.0,10.031222116132776,0.0,8.467905045139297,0.0,6.806035329238431,0.0
Nudel,243.19607843137254,0.0,13.748750598578573,0.0,246.64231816917845,0.0,148.0,0.0,96.7932569861214,0.0,10.123367057082167,0.0,12.165525060596439,0.0,8.083130667194126,0.0,919.3581936790257,0.0,159.84966736676427,0.0,116.16018835011586,0.0,4.177184279207317,0.0,10.935571124717594,0.0,283.96225866581767,0.0,145.5437352962046,0.0,10.12336705707147,0.0,9.23356097544631,0.0,7.128013394096881,0.0
Nutte,223.09803921568624,0.0,13.174621719026561,0.0,231.56748764217193,0.0,128.0,0.0,82.39184261891481,0.0,9.50927093123578,0.0,11.313708498984761,0.0,7.371768454216835,0.0,855.6865703618396,0.0,121.4563566786329,0.0,84.30841995375282,0.0,4.2071156854767695,0.0,9.499039488839005,0.0,257.81151115751544,0.0,136.19220555831433,0.0,9.50927093120901,0.0,8.732483881988871,0.0,6.463362352399883,0.0
Nutve,225.07450980392156,0.0,13.210561640962338,0.0,240.583214412021,0.0,142.0,0.0,92.54222718965073,0.0,9.898166051855565,0.0,11.916375287812984,0.0,7.863165132400101,0.0,908.4833158067878,0.0,162.28842717238862,0.0,120.66730839831666,0.0,3.9594465996714865,0.0,16.15902990304937,0.0,308.8928344916678,0.0,190.63675376530998,0.0,9.898166051830907,0.0,9.02365464750081,0.0,6.972433317975946,0.0
Nutzu,225.73333333333335,0.0,13.240791886471651,0.0,235.43079481551692,0.0,132.0,0.0,83.75621023020284,0.0,9.580463221677942,0.0,11.489125293076057,0.0,7.378048295364163,0.0,854.6336984582673,0.0,150.72965005205197,0.0,104.49794051070315,0.0,3.8411445578825796,0.0,13.72617744614873,0.0,546.5969373321858,0.0,179.44115270116595,0.0,9.58046322166602,0.0,8.634639822095137,0.0,6.445745845965273,0.0
Nylen,237.67843137254903,0.0,13.685410389036196,0.0,261.7012313282741,0.0,159.0,0.0,107.59834050100844,0.0,10.692195282093223,0.0,12.609520212918492,0.0,8.675263287173623,0.0,21324.928814232106,0.0,450.57164173796014,0.0,320.77154431936356,0.0,3.6552169782297996,0.0,12.603787978980677,0.0,469.94690945658584,0.0,130.07171965350943,0.0,10.69219528207262,0.0,9.621963245824224,0.0,7.784983789549902,0.0
Nägel,255.58431372549018,0.0,14.034113433675854,0.0,248.34008903575096,0.0,145.0,0.0,96.94170479977782,0.0,10.191269459453983,0.0,12.041594578792296,0.0,8.183126799886615,0.0,917.5551976785366,0.0,195.05571812917478,0.0,148.40885900289598,0.0,5.12219153875405,0.0,12.802790080680742,0.0,269.4694249442837,0.0,147.5105352917411,0.0,10.191269459438148,0.0,9.421401341372443,0.0,7.293564655609585,0.0
Näher,249.18039215686272,0.0,13.874407275250473,0.0,235.99508764541065,0.0,132.0,0.0,85.69044390990591,0.0,9.691232615106252,0.0,11.489125293076057,0.0,7.556087924063843,0.0,855.3746570637165,0.0,127.28747740756013,0.0,89.48917184003952,0.0,5.08434678525239,0.0,11.87447834672388,0.0,286.4846080918332,0.0,186.78193753630327,0.0,9.691232615081017,0.0,8.966765009139623,0.0,6.663796641062585,0.0
Nähte,248.61960784313726,0.0,13.839130676095591,0.0,231.6341780661031,0.0,125.0,0.0,81.4378283159607,0.0,9.527723574059742,0.0,11.180339887498949,0.0,7.373294236216488,0.0,856.3240684620127,0.0,124.03194093587936,0.0,88.06800520183793,0.0,4.240104080502959,0.0,11.777475710016244,0.0,280.80697784906414,0.0,147.2094750774436,0.0,9.52772357403378,0.0,8.817873950824906,0.0,6.479783727170683,0.0
Nässe,252.2980392156863,0.0,13.7961475435516,0.0,214.3792383096685,0.0,108.0,0.0,68.28431777502382,0.0,8.833504388737595,0.0,10.392304845413264,0.0,6.635540274396177,0.0,854.5981036320923,0.0,106.13860892867783,0.0,73.60560130436163,0.0,2.993217086050024,0.0,11.847186462124501,0.0,244.9721448984031,0.0,129.59844578171732,0.0,8.83350438870906,0.0,8.123050825725754,0.0,5.749455735037197,0.0
Nöblö,244.9098039215686,0.0,13.552536077823778,0.0,245.67019030109572,0.0,134.0,0.0,89.02082054355557,0.0,10.03441456183915,0.0,11.575836902790225,0.0,7.809454805563039,0.0,871.8138094679399,0.0,222.26405009723723,0.0,147.1766520626734,0.0,4.12535360856779,0.0,109.93157700868558,0.0,978.7296773219584,0.0,829.5825604675817,0.0,10.03440083018684,0.0,8.982426041462332,0.0,6.892055017162857,0.0
Nöbst,245.82745098039217,0.0,13.573655421135971,0.0,232.34615685734457,0.0,130.0,0.0,83.99890770572318,0.0,9.560151070601547,0.0,11.40175425099138,0.0,7.464329187138884,0.0,861.0281216539638,0.0,202.09851683419245,0.0,123.15227647951322,0.0,4.828100364539818,0.0,14.949229428972824,0.0,360.80194763902074,0.0,232.23314774328736,0.0,9.56015107059476,0.0,8.759458107676426,0.0,6.51552132329222,0.0
Nöckö,241.74901960784314,0.0,13.393368876915385,0.0,236.30590773001896,0.0,132.0,0.0,86.90052238987283,0.0,9.764299742776945,0.0,11.489125293076057,0.0,7.66860687517489,0.0,864.9196592094415,0.0,202.0842038222338,0.0,133.92658270466325,0.0,2.7921799163366328,0.0,109.81261513334034,0.0,1010.1974025815873,0.0,797.4573525261806,0.0,9.764285631270154,0.0,8.792120535131687,0.0,6.806880676078391,0.0
Nösön,243.86666666666667,0.0,13.493665764467712,0.0,223.29863422719905,0.0,119.0,0.0,76.12113343754116,0.0,9.231449447452356,0.0,10.908712114635714,0.0,7.062590789073416,0.0,859.115046812386,0.0,230.27953629646487,0.0,133.9652526917137,0.0,2.870464349032061,0.0,35.37245761397082,0.0,475.93728351347,0.0,220.6967124650236,0.0,9.231449447433567,0.0,8.360856302196956,0.0,6.177715214588337,0.0
Obhut,230.50980392156862,0.0,13.198530786316311,0.0,241.3215243525466,0.0,124.0,0.0,82.16066228777088,0.0,9.814929014426225,0.0,11.135528725660043,0.0,7.482511336792899,0.0,1502.9894114755177,0.0,284.87890152651056,0.0,194.07108480488125,0.0,4.239761783993041,0.0,17.180638007805086,0.0,353.6266465269862,0.0,308.7305224515895,0.0,9.814929014369387,0.0,8.614122989111696,0.0,6.507989433655807,0.0
Ochse,225.3372549019608,0.0,13.028290867851078,0.0,215.6053016497786,0.0,94.0,0.0,60.51193694605729,0.0,8.800237847635461,0.0,9.695359714832659,0.0,6.322213246503413,0.0,1486.4634383839773,0.0,98.8674611192356,0.0,68.78087769826035,0.0,2.723395754211154,0.0,13.780170456175279,0.0,159.74485965252083,0.0,223.58331843419103,0.0,8.800237847571278,0.0,7.61574552854704,0.0,5.376959480770775,0.0
Odalt,218.66274509803924,0.0,12.89000399529987,0.0,245.97389454473768,0.0,116.0,0.0,77.28213264653273,0.0,9.85623998037597,0.0,10.770329614269007,0.0,7.303125273843923,0.0,1688.2485207148127,0.0,326.2351371209118,0.0,240.70245954649016,0.0,4.608983484559267,0.0,15.928399667946177,0.0,356.523635604727,0.0,409.4090561188654,0.0,9.85623998033413,0.0,8.139983719327642,0.0,6.282523220064471,0.0
Oenin,216.09803921568624,0.0,13.024671233695956,0.0,228.24843566505422,0.0,110.0,0.0,70.58510716416538,0.0,9.256947725575927,0.0,10.488088481701515,0.0,6.808476297848906,0.0,1502.9961809249073,0.0,101.76557609285896,0.0,68.61289741542316,0.0,2.4018274679056866,0.0,10.61624611891481,0.0,577.0271099363057,0.0,380.4236022471177,0.0,9.256947725540893,0.0,8.021674014842882,0.0,5.864601012718644,0.0
Ohnst,222.21176470588233,0.0,13.019802738914521,0.0,227.7023786962112,0.0,106.0,0.0,68.94450653729754,0.0,9.263487347105889,0.0,10.295630140987,0.0,6.792762663178109,0.0,1485.6420686413087,0.0,115.21554223138325,0.0,82.17330760860563,0.0,3.1547414659031894,0.0,11.683372063240785,0.0,387.5084648837201,0.0,318.52040451103204,0.0,9.263487347054326,0.0,7.668960815361172,0.0,5.777463758491866,0.0
Ohren,224.5529411764706,0.0,13.217680073026418,0.0,233.38903548201534,0.0,113.0,0.0,74.31573540885424,0.0,9.512278056238644,0.0,10.63014581273465,0.0,7.0861606308053275,0.0,1486.477656432692,0.0,118.08831574347373,0.0,83.56731617617349,0.0,2.096708315668901,0.0,10.767103195674169,0.0,476.41293098431794,0.0,264.1499249006697,0.0,9.512278056180648,0.0,8.27679847006309,0.0,6.157029802274179,0.0
Olymp,246.7450980392157,0.0,13.701963029058033,0.0,291.90890222535484,0.0,175.0,0.0,122.02695423756768,0.0,11.574761047057901,0.0,13.228756555322953,0.0,9.396845524489539,0.0,41535.75298710334,0.0,1238.2446108857314,0.0,804.6636277161718,0.0,6.4188706992145725,0.0,21.08994052262288,0.0,178.7334172181541,0.0,241.73735919315158,0.0,11.57476104702133,0.0,10.264981855367466,0.0,8.442321600644089,0.0
Onkel,222.92549019607844,0.0,13.189295812484438,0.0,249.18724720784567,0.0,133.0,0.0,89.95709815800222,0.0,10.175035010945141,0.0,11.532562594670797,0.0,7.923186797304996,0.0,1490.7738341535771,0.0,169.0658320826474,0.0,127.88279970034496,0.0,3.075155851224173,0.0,13.948178847493347,0.0,219.30657589858077,0.0,231.7989466954766,0.0,10.175035010896643,0.0,8.65452478274352,0.0,6.980999661394845,0.0
Onreh,224.5529411764706,0.0,13.217680073026418,0.0,233.49480120838024,0.0,113.0,0.0,74.58938023233503,0.0,9.527621781419343,0.0,10.63014581273465,0.0,7.113657055339792,0.0,1486.8670548216933,0.0,118.68113727236397,0.0,84.34328558128855,0.0,2.788201759645938,0.0,13.498846684909811,0.0,591.1686800931402,0.0,285.636059268435,0.0,9.527621781365445,0.0,8.250810710679682,0.0,6.167839239247092,0.0
Opern,234.2627450980392,0.0,13.444193680319998,0.0,247.7819795741505,0.0,133.0,0.0,89.86072708031301,0.0,10.118841359262289,0.0,11.532562594670797,0.0,7.92077270527945,0.0,12802.32585519906,0.0,548.5559381282175,0.0,360.6568751516177,0.0,3.729792109394851,0.0,14.457042123544271,0.0,443.3595383617384,0.0,244.7419147822274,0.0,10.118841359203959,0.0,9.280924392877067,0.0,7.031238614015028,0.0
Opfer,233.4549019607843,0.0,13.509677565646047,0.0,256.6260460620978,0.0,134.0,0.0,91.98213318647038,0.0,10.370597931979356,0.0,11.575836902790225,0.0,8.093791902318845,0.0,12805.263979093597,0.0,614.4636539135121,0.0,414.01951339080813,0.0,4.140483960636138,0.0,16.40723305555078,0.0,113.31437746543442,0.0,254.12379566553932,0.0,10.370597931923536,0.0,9.591655790139248,0.0,7.250256150941707,0.0
Oppig,259.4,0.0,14.04399250534534,0.0,268.8365721505452,0.0,148.0,0.0,103.66824274526014,0.0,10.85111698009702,0.0,12.165525060596439,0.0,8.690407527738845,0.0,15173.624509682133,0.0,683.4718705533716,0.0,458.9455309357432,0.0,3.6117200465169526,0.0,17.428562363166932,0.0,477.2228894536569,0.0,379.3719112769403,0.0,10.851116980048875,0.0,9.972406455810136,0.0,7.797283033039897,0.0
Optik,226.66274509803918,0.0,13.217072714847182,0.0,264.33010288515777,0.0,138.0,0.0,95.65670913277896,0.0,10.62850327408139,0.0,11.74734012447073,0.0,8.283216521242771,0.0,12803.93974775651,0.0,558.5730102881582,0.0,369.9043986140081,0.0,3.8589534261647254,0.0,15.916424728698214,0.0,1137.7964360253145,0.0,439.62055229916433,0.0,10.628503273999769,0.0,9.167413505780194,0.0,7.367973569430811,0.0
Orbit,208.08627450980396,0.0,12.675422215265876,0.0,249.18594919724788,0.0,122.0,0.0,80.54810927262318,0.0,9.940695350396537,0.0,11.045361017187261,0.0,7.406819090428803,0.0,1502.2444705419591,0.0,161.50641791489204,0.0,108.83312253312849,0.0,3.3848963552628226,0.0,11.911143246532667,0.0,531.7466181569873,0.0,426.78882774156415,0.0,9.940695350348015,0.0,8.304699152263373,0.0,6.414134813234969,0.0
Order,222.38039215686274,0.0,13.13445975532325,0.0,246.2122166338653,0.0,128.0,0.0,84.47355465385954,0.0,9.944662363843847,0.0,11.313708498984761,0.0,7.582160579169846,0.0,1523.8685730728855,0.0,152.1383059558319,0.0,105.20130160821716,0.0,3.361951685085343,0.0,11.269071154131275,0.0,220.82274119680898,0.0,255.67899393619027,0.0,9.944662363789607,0.0,8.822703403431804,0.0,6.624638153409734,0.0
Organ,231.4862745098039,0.0,13.247497061442429,0.0,243.45322923331514,0.0,125.0,0.0,82.33329580765256,0.0,9.822757144010275,0.0,11.180339887498949,0.0,7.482774758684378,0.0,1521.5300549572598,0.0,177.4590522915364,0.0,130.42568129733144,0.0,2.9825643244458635,0.0,11.267578184817477,0.0,421.57479194919205,0.0,224.48022467758918,0.0,9.822757143958787,0.0,8.6602757487091,0.0,6.522518938054634,0.0
Orhab,234.90196078431376,0.0,13.293157464312651,0.0,244.65189504687987,0.0,121.0,0.0,80.05204164000725,0.0,9.840430914751234,0.0,11.0,0.0,7.395464654229858,0.0,1522.027542359646,0.0,373.2851893033219,0.0,251.44456157777964,0.0,4.440453020351488,0.0,17.785636978405627,0.0,518.7299414236549,0.0,407.2333806520755,0.0,9.84043091470417,0.0,8.598580868678042,0.0,6.41916522194266,0.0
Orion,199.4313725490196,0.0,12.398146355976207,0.0,232.8583985983216,0.0,98.0,0.0,64.06957423200603,0.0,9.32285971450323,0.0,9.899494936611665,0.0,6.5615658372011625,0.0,1494.465305623123,0.0,117.01430772228225,0.0,77.98548277638696,0.0,2.5171709074220763,0.0,10.951054865761309,0.0,434.2665033062711,0.0,229.80753161489605,0.0,9.322859714448205,0.0,7.320365804866031,0.0,5.569244462331127,0.0
Orkan,223.4549019607843,0.0,13.049500882390403,0.0,245.97866921517314,0.0,128.0,0.0,84.15693131720542,0.0,9.926739285397396,0.0,11.313708498984761,0.0,7.547221289041141,0.0,1489.2796922141783,0.0,155.75386380641925,0.0,111.96396727195486,0.0,2.575783663225369,0.0,12.19850258744749,0.0,441.7434868860147,0.0,225.8887582055849,0.0,9.926739285346775,0.0,8.456738564519844,0.0,6.584918599712315,0.0
Osten,218.33333333333331,0.0,12.941682105392324,0.0,221.19649364358042,0.0,100.0,0.0,64.85661410371648,0.0,9.033033612060692,0.0,10.0,0.0,6.563841254967934,0.0,1484.924081877885,0.0,106.95255861298294,0.0,75.11230394149484,0.0,1.9720245210922387,0.0,12.798221932056526,0.0,383.57297212589606,0.0,220.704164495699,0.0,9.033033612001974,0.0,7.813323148545405,0.0,5.6329215260946635,0.0
Ottis,196.08235294117645,0.0,12.288375930387868,0.0,234.4420643983873,0.0,94.0,0.0,62.82916420320047,0.0,9.367655163926685,0.0,9.695359714832659,0.0,6.590408016341414,0.0,1499.6825789584482,0.0,150.60980342771953,0.0,111.5003435413086,0.0,2.591285884994337,0.0,12.590894233657018,0.0,443.02530398537215,0.0,382.4697471011981,0.0,9.36765516387889,0.0,7.162669675502619,0.0,5.615379581238868,0.0
Owögö,246.19607843137257,0.0,13.357959956315955,0.0,251.11632583089607,0.0,135.0,0.0,90.87941540928648,0.0,10.185632145765425,0.0,11.61895003862225,0.0,7.955610781203768,0.0,1589.8975326250506,0.0,350.61151741951375,0.0,231.23837028505798,0.0,3.1548993100227087,0.0,111.55221062545577,0.0,930.9174939168664,0.0,800.713919352074,0.0,10.185618617940827,0.0,9.111232039206653,0.0,7.080460341760358,0.0
Oxide,232.8,0.0,13.466579875701,0.0,250.05385826091364,0.0,122.0,0.0,83.6401416796927,0.0,10.090975414879031,0.0,11.045361017187261,0.0,7.675644049395798,0.0,1541.3744175834013,0.0,291.5174333435564,0.0,223.02891204232967,0.0,3.1829674355647386,0.0,31.81857618770306,0.0,196.86411138480113,0.0,242.76658477035267,0.0,10.090975414841457,0.0,8.79798099696656,0.0,6.739360989877732,0.0
Ozean,226.58039215686276,0.0,13.22793985947161,0.0,229.8320426118948,0.0,112.0,0.0,72.62543890198235,0.0,9.31850985358414,0.0,10.583005244258363,0.0,6.945142060303898,0.0,1499.7001610997852,0.0,335.2477965154238,0.0,210.3790488638074,0.0,1.9733838106603767,0.0,21.371564219285805,0.0,382.6418543674944,0.0,222.2857440835934,0.0,9.318509853527667,0.0,8.428120418700393,0.0,6.031755228057896,0.0
Ozäun,228.12941176470588,0.0,13.192727482937784,0.0,235.07365292254852,0.0,116.0,0.0,74.71139889798687,0.0,9.472005878037503,0.0,10.770329614269007,0.0,7.014420918369718,0.0,1500.3240239527163,0.0,348.4687581952555,0.0,223.93967081833821,0.0,2.130654400885277,0.0,27.49546624461105,0.0,432.6137496476657,0.0,253.73152791276297,0.0,9.472005877985731,0.0,8.527911604294616,0.0,6.075756953352323,0.0
Paket,226.50588235294117,0.0,13.307799657290072,0.0,234.83693930828457,0.0,112.0,0.0,75.23810908364459,0.0,9.606251344895918,0.0,10.583005244258363,0.0,7.206713908434476,0.0,855.9134819153068,0.0,139.0694897465647,0.0,102.76837090638907,0.0,2.9229209873028106,0.0,10.538242892636674,0.0,296.0978432884368,0.0,218.32911121998188,0.0,9.606251344916226,0.0,8.325665993962728,0.0,6.326712665115177,0.0
Palme,231.85490196078433,0.0,13.43674602687904,0.0,246.61091862326606,0.0,115.0,0.0,77.41947555836319,0.0,9.91724475142081,0.0,10.723805294763608,0.0,7.328557643102623,0.0,888.5828294481925,0.0,161.9236513767104,0.0,110.327151244174,0.0,2.823555519321878,0.0,9.609167306548258,0.0,181.6842586394412,0.0,147.55166688770862,0.0,9.917244751405363,0.0,8.429379440745297,0.0,6.382906937478744,0.0
Palza,216.478431372549,0.0,13.003420127989035,0.0,232.68765621077,0.0,87.0,0.0,57.61691031362303,0.0,9.236969628550952,0.0,9.327379053088816,0.0,6.279872143583287,0.0,857.6503280300693,0.0,140.31280687436006,0.0,99.06173175312128,0.0,2.304739669412133,0.0,11.475422972940176,0.0,242.46531722234175,0.0,173.56596807323484,0.0,9.236969628527241,0.0,7.311291757462301,0.0,5.269709544422587,0.0
Panik,222.49019607843138,0.0,13.230203814161161,0.0,241.80939815827142,0.0,111.0,0.0,74.42526288224221,0.0,9.767120243889241,0.0,10.535653752852738,0.0,7.174188499451579,0.0,876.9880001438853,0.0,141.94327825129497,0.0,103.12009860323882,0.0,2.329325242084627,0.0,10.864390530597708,0.0,1144.8267280758475,0.0,400.08106398965157,0.0,9.767120243846918,0.0,7.963028335914568,0.0,6.225406530205514,0.0
Papst,234.21960784313725,0.0,13.372139606175924,0.0,232.7556921598316,0.0,105.0,0.0,70.12360770275357,0.0,9.447126865805556,0.0,10.246950765959598,0.0,6.969768372492821,0.0,8151.330405797324,0.0,359.45473098321685,0.0,236.9898463817438,0.0,3.8176494197457997,0.0,11.31293639755235,0.0,268.81248361087097,0.0,217.18010766424428,0.0,9.447126865829018,0.0,8.189295119017865,0.0,6.027647470608837,0.0
Paris,208.05882352941177,0.0,12.745715218842403,0.0,225.95744263835195,0.0,79.0,0.0,51.73539373618102,0.0,8.982588291313,0.0,8.888194417315589,0.0,5.921953648116599,0.0,872.8516755489736,0.0,101.68796821996607,0.0,67.69545933376406,0.0,2.7513359389481797,0.0,8.269174210059822,0.0,444.89262789334435,0.0,335.26794026445094,0.0,8.982588291305825,0.0,6.7197207262373615,0.0,4.95232519579511,0.0
Party,213.4549019607843,0.0,12.92296341664314,0.0,255.6835370248886,0.0,125.0,0.0,85.02392464627351,0.0,10.244122358291548,0.0,11.180339887498949,0.0,7.746259821356278,0.0,6014.080339669228,0.0,183.60766274797965,0.0,127.77945125892931,0.0,2.591011370790692,0.0,9.021485804765396,0.0,179.7202469822463,0.0,150.03319297982875,0.0,10.244122358296003,0.0,8.542674052116064,0.0,6.809830536396402,0.0
Pasta,219.31764705882352,0.0,12.892656517567248,0.0,220.3380043357,0.0,83.0,0.0,53.95152896901567,0.0,8.837390058815236,0.0,9.1104335791443,0.0,6.0077623896655385,0.0,853.2356808521052,0.0,101.43017217050999,0.0,69.23063730346965,0.0,2.177042437518879,0.0,8.914482931652486,0.0,142.5463912674781,0.0,129.43567385873172,0.0,8.837390058779006,0.0,7.032881479835329,0.0,5.004266548729366,0.0
Paste,220.63137254901963,0.0,13.067008563660169,0.0,217.76314114245318,0.0,88.0,0.0,57.40813929316727,0.0,8.83689918041581,0.0,9.38083151964686,0.0,6.201246060652292,0.0,854.097460004989,0.0,100.05020950391624,0.0,68.42464096302243,0.0,2.0199261609517847,0.0,8.440827344274094,0.0,139.10709660566766,0.0,130.74556518070776,0.0,8.836899180394381,0.0,7.56152371477577,0.0,5.28504782996665,0.0
Patan,219.09803921568624,0.0,12.976055196333178,0.0,226.4446987551727,0.0,95.0,0.0,61.52961532127649,0.0,9.104355848160928,0.0,9.746794344808963,0.0,6.4030769978252975,0.0,853.4227940008096,0.0,108.28240425924037,0.0,73.58787960767746,0.0,2.0336433943664005,0.0,8.894032575769197,0.0,398.7077814258388,0.0,131.1467283888525,0.0,9.1043558481534,0.0,7.596858301793552,0.0,5.399859586519099,0.0
Paten,220.41176470588238,0.0,13.149301471222119,0.0,223.7284323174393,0.0,97.0,0.0,63.76796413732768,0.0,9.11479819545376,0.0,9.848857801796104,0.0,6.555756500192549,0.0,851.7623579038444,0.0,103.73276357519617,0.0,71.54511073820375,0.0,1.9321263523647618,0.0,8.262670185409094,0.0,398.6276767848859,0.0,126.44083999792544,0.0,9.114798195443617,0.0,7.9205227359683885,0.0,5.631616520812458,0.0
Pater,211.85490196078433,0.0,12.910070161407804,0.0,230.58794264780056,0.0,101.0,0.0,66.65456935906688,0.0,9.32676600561027,0.0,10.04987562112089,0.0,6.7326510286732315,0.0,854.4141349213039,0.0,117.28086273337146,0.0,81.20588006433002,0.0,2.443809747830366,0.0,8.531685381156063,0.0,158.85792158723908,0.0,176.99987167476215,0.0,9.32676600559579,0.0,8.031089791888514,0.0,5.811772929569344,0.0
Patin,207.278431372549,0.0,12.791912814300822,0.0,233.0119207479218,0.0,95.0,0.0,62.65558768185791,0.0,9.33640710495915,0.0,9.746794344808963,0.0,6.528435218409183,0.0,873.1668461556752,0.0,111.54024830772109,0.0,76.77705190934454,0.0,2.7849375767215063,0.0,9.01225696633753,0.0,580.6561732038386,0.0,336.2111301573594,0.0,9.336407104970782,0.0,7.473265138773124,0.0,5.539208547181657,0.0
Pauke,232.47843137254898,0.0,13.42798697849019,0.0,230.45910105746714,0.0,114.0,0.0,74.56147246451923,0.0,9.434507002008909,0.0,10.677078252031311,0.0,7.08047074081306,0.0,855.7025973472896,0.0,115.69728860474903,0.0,82.08537692142082,0.0,2.2749758240244993,0.0,9.568065552927084,0.0,388.4923198988324,0.0,229.45414419410733,0.0,9.434507001999364,0.0,8.3804672670742,0.0,6.225051119670041,0.0
Pause,226.60392156862747,0.0,13.189390258033178,0.0,212.28437716818667,0.0,89.0,0.0,56.09844092944886,0.0,8.613136415753536,0.0,9.433981132056603,0.0,6.018235297398699,0.0,852.9650410265234,0.0,86.43179443266095,0.0,56.812436816229685,0.0,1.8419126793117993,0.0,9.079752505096247,0.0,140.5786706616651,0.0,123.07412860025093,0.0,8.6131364157377,0.0,7.419760403676571,0.0,5.097945445552626,0.0
Pbllm,230.4313725490196,0.0,13.431067407439778,0.0,278.28785112833583,0.0,144.0,0.0,100.12668858814385,0.0,11.026856793150136,0.0,12.0,0.0,8.48845085885914,0.0,966.4462653430244,0.0,348.62486839493835,0.0,240.0579852733754,0.0,3.4397330822867027,0.0,17.52053433994203,0.0,311.73768264268523,0.0,342.6908090322841,0.0,11.026856793142612,0.0,9.267815619060952,0.0,7.49918929760022,0.0
Pbstm,242.33333333333331,0.0,13.6091466856004,0.0,258.6194582803517,0.0,137.0,0.0,92.95757546306425,0.0,10.425070660354852,0.0,11.704699910719626,0.0,8.067845107247555,0.0,962.7451960783682,0.0,344.03301025588297,0.0,235.20942618004187,0.0,2.6436299761916344,0.0,17.643031443931303,0.0,198.42860785992184,0.0,182.73687567777313,0.0,10.425070660342861,0.0,9.200721156798915,0.0,7.103982956253349,0.0
Pedal,231.39215686274508,0.0,13.459188600560848,0.0,246.77924910842734,0.0,125.0,0.0,83.23085204892959,0.0,9.966287460728925,0.0,11.180339887498949,0.0,7.5780486066613975,0.0,930.8600349275432,0.0,158.57809808024277,0.0,115.11157881511112,0.0,3.2096190282109385,0.0,10.62567102054879,0.0,196.5941615818674,0.0,148.09017839297329,0.0,9.966287460724207,0.0,8.864726909641895,0.0,6.603562338047299,0.0
Pegel,234.5686274509804,0.0,13.672963356609007,0.0,245.44723916277164,0.0,130.0,0.0,88.45389605656422,0.0,10.060151767076155,0.0,11.40175425099138,0.0,7.889063493809789,0.0,926.4126415476513,0.0,185.89726504162286,0.0,141.69321026913624,0.0,3.6703679646168172,0.0,10.12090782455816,0.0,183.7523075482473,0.0,140.86627215035705,0.0,10.06015176707019,0.0,9.356935151140178,0.0,7.031308576656403,0.0
Pelze,219.10588235294117,0.0,13.346953827394033,0.0,232.8739120927176,0.0,105.0,0.0,69.73935337042714,0.0,9.430145837683268,0.0,10.246950765959598,0.0,6.900056706767493,0.0,869.5032381216544,0.0,140.9084025709242,0.0,99.64508601543498,0.0,2.30238482306129,0.0,11.1680066317892,0.0,245.94077566984063,0.0,174.64409998913186,0.0,9.430145837674008,0.0,8.597860816008676,0.0,6.035801859117307,0.0
Penis,217.9294117647059,0.0,13.161063588146737,0.0,222.82703252855512,0.0,93.0,0.0,60.495840048810365,0.0,9.025726171949097,0.0,9.643650760992955,0.0,6.357093941157868,0.0,882.4270248697874,0.0,95.96376746413229,0.0,64.16921189206849,0.0,2.5247883473465027,0.0,8.62610433639515,0.0,455.77790552514784,0.0,335.3283968313857,0.0,9.025726171935178,0.0,7.642895877986078,0.0,5.448467136953857,0.0
Perkt,217.2627450980392,0.0,13.165587242045541,0.0,245.70371936190108,0.0,127.0,0.0,84.77488695051221,0.0,9.978947184014602,0.0,11.269427669584644,0.0,7.631610471780259,0.0,865.3451869065804,0.0,129.73662327569872,0.0,91.51143359796247,0.0,2.6428220921100336,0.0,9.36597903073761,0.0,455.4384047049285,0.0,291.22913340783657,0.0,9.978947184023465,0.0,8.88903458300676,0.0,6.760644070722231,0.0
Pfade,240.9843137254902,0.0,13.784305915820731,0.0,245.99157804936613,0.0,119.0,0.0,80.58862674906129,0.0,9.959562397506076,0.0,10.908712114635714,0.0,7.516610752769563,0.0,1281.6931296632633,0.0,655.4784983540637,0.0,527.6110798065677,0.0,3.5226391456061283,0.0,21.31003854571935,0.0,243.83077297703235,0.0,164.21929639022326,0.0,9.959562397523298,0.0,9.179236729201465,0.0,6.604620091789853,0.0
Pfahl,222.2,0.0,13.297250484007899,0.0,259.7212446647395,0.0,130.0,0.0,88.17069217333137,0.0,10.387833483447487,0.0,11.40175425099138,0.0,7.897898426378198,0.0,1248.6423514539786,0.0,659.4403201758311,0.0,530.9020106921541,0.0,2.913857385892858,0.0,21.988984730543862,0.0,377.77624823933854,0.0,201.71126531222524,0.0,10.387833483450857,0.0,8.967823052647056,0.0,6.940291077911456,0.0
Pfand,238.9843137254902,0.0,13.709498246693279,0.0,251.84609395458577,0.0,126.0,0.0,84.8690086471048,0.0,10.147978668961667,0.0,11.224972160321824,0.0,7.701735729900254,0.0,1340.6245118114705,0.0,666.671862748122,0.0,535.2216659082524,0.0,4.145536102695626,0.0,22.071195575514984,0.0,364.1874835797367,0.0,219.60939887267423,0.0,10.147978668964495,0.0,9.124476543821894,0.0,6.74641335822263,0.0
Pfaue,225.5764705882353,0.0,13.337258937682078,0.0,238.21381215022134,0.0,113.0,0.0,74.9879709945387,0.0,9.647916955823213,0.0,10.63014581273465,0.0,7.169137205336674,0.0,1246.1374893528541,0.0,651.4191910762185,0.0,524.7905214611069,0.0,2.1380077335447862,0.0,21.50577140972964,0.0,273.56883163246647,0.0,176.57310747666534,0.0,9.647916955825435,0.0,8.795862921172157,0.0,6.290329145716463,0.0
Pfbhl,233.1764705882353,0.0,13.631336447074196,0.0,267.19714534857087,0.0,144.0,0.0,98.44898262210074,0.0,10.71816677042385,0.0,12.0,0.0,8.375141478032376,0.0,1252.1327042738153,0.0,667.1218948040519,0.0,535.3966798396517,0.0,3.740991514489826,0.0,22.653199000291078,0.0,392.4277601528496,0.0,211.06854322959506,0.0,10.718166770426956,0.0,9.509200901047294,0.0,7.411145913565531,0.0
Pfeil,206.50196078431372,0.0,13.04008312019607,0.0,261.74151987106353,0.0,127.0,0.0,87.83210767440738,0.0,10.474161515107346,0.0,11.269427669584644,0.0,7.951683676429503,0.0,1263.4338669128886,0.0,659.0763520410449,0.0,530.7507356999957,0.0,4.249988468937145,0.0,21.224673658958515,0.0,484.16845853432994,0.0,351.17335248059385,0.0,10.474161515128367,0.0,8.864383429688209,0.0,7.057284700119966,0.0
Pffpn,240.81568627450983,0.0,13.93495076234368,0.0,267.34290805128376,0.0,136.0,0.0,95.47371393552625,0.0,10.741544370663897,0.0,11.661903789690601,0.0,8.350569639674156,0.0,7623.820894249385,0.0,778.8990712530787,0.0,601.9774619392844,0.0,3.5793849875040866,0.0,23.219367863848227,0.0,427.03220272751554,0.0,154.3982186727699,0.0,10.741544370662536,0.0,9.80690293089751,0.0,7.4820437427198145,0.0
Pfgdm,265.1490196078431,0.0,14.399384304834832,0.0,282.9556705623186,0.0,163.0,0.0,113.39011022831292,0.0,11.284198619030224,0.0,12.767145334803704,0.0,9.04982155116434,0.0,1373.8355754378197,0.0,696.2702476902391,0.0,554.4600853286862,0.0,5.195884940377453,0.0,23.09157346966138,0.0,260.25983471139324,0.0,197.26491986768852,0.0,11.284198619034619,0.0,10.333013904986428,0.0,8.092815889955492,0.0
Pfihl,210.38039215686274,0.0,13.11761774960822,0.0,264.61968451431335,0.0,126.0,0.0,86.86905481179183,0.0,10.524006216552147,0.0,11.224972160321824,0.0,7.904174073290047,0.0,1258.649025964043,0.0,659.8107294732217,0.0,531.2258006915663,0.0,2.935191580061713,0.0,22.010191731952993,0.0,383.5929039754814,0.0,208.34579059981397,0.0,10.524006216557332,0.0,8.739729748533343,0.0,6.939357640478833,0.0
Pfiii,192.63529411764708,0.0,12.674802219496163,0.0,261.4161673591383,0.0,109.0,0.0,75.1467718465613,0.0,10.27110779115158,0.0,10.44030650891055,0.0,7.349336146300107,0.0,1278.8554212258014,0.0,657.8774868726555,0.0,528.5971285888577,0.0,4.517737493336269,0.0,21.565226824608356,0.0,472.69146859435926,0.0,359.56425093376373,0.0,10.27110779119161,0.0,7.990113660659035,0.0,6.368832985152007,0.0
Pfint,205.78431372549022,0.0,12.956367198423798,0.0,249.82615566948311,0.0,116.0,0.0,78.1370308277522,0.0,10.000416612490255,0.0,10.770329614269007,0.0,7.388268402015018,0.0,1254.3218220955612,0.0,653.0382055742884,0.0,525.8277039211965,0.0,2.752329614501491,0.0,20.927949787837225,0.0,350.39749237099727,0.0,247.84466083278215,0.0,10.000416612482825,0.0,8.436898995727958,0.0,6.452463948237477,0.0
Pflug,226.6156862745098,0.0,13.43885865514981,0.0,261.2491408238919,0.0,128.0,0.0,89.16664722890428,0.0,10.50511404955116,0.0,11.313708498984761,0.0,8.03423190197976,0.0,1461.4554469908994,0.0,688.9184563462043,0.0,553.6532875938544,0.0,4.572126156173797,0.0,22.77012242920549,0.0,345.2362575321577,0.0,175.30917928268437,0.0,10.505114049553043,0.0,9.096454172697007,0.0,7.124424916496322,0.0
Pfote,212.8078431372549,0.0,13.019273560556218,0.0,237.60586912446348,0.0,108.0,0.0,73.24045727336811,0.0,9.66120375530521,0.0,10.392304845413264,0.0,7.170187239598122,0.0,1245.5446333536897,0.0,652.5282417164193,0.0,525.7971487827033,0.0,2.3001965268944304,0.0,21.117316123406646,0.0,216.21574664243525,0.0,153.0975627004816,0.0,9.661203755301997,0.0,8.512725030811362,0.0,6.29020997243982,0.0
Pfptb,244.1686274509804,0.0,13.846770061571176,0.0,266.9145753523774,0.0,140.0,0.0,97.87971507479526,0.0,10.745175654742729,0.0,11.832159566199232,0.0,8.435330085565719,0.0,8208.085205506903,0.0,819.3086764519518,0.0,620.7954936891847,0.0,3.283035509976443,0.0,26.544794642636266,0.0,503.0707633394216,0.0,369.6931527351887,0.0,10.745175654751725,0.0,9.92497194544864,0.0,7.54035402282737,0.0
Pfudu,232.0078431372549,0.0,13.506391327432162,0.0,250.0575406370731,0.0,130.0,0.0,86.53815011892164,0.0,10.1123579257098,0.0,11.40175425099138,0.0,7.7298242342564105,0.0,1278.2779303145603,0.0,655.7382373375787,0.0,527.7077786455848,0.0,3.179150333047526,0.0,22.935398896326372,0.0,505.54854812097324,0.0,167.67676087972072,0.0,10.112357925726132,0.0,8.949291128621923,0.0,6.8106281730579346,0.0
Pgrpr,239.44313725490196,0.0,13.696146784957227,0.0,261.1447357409164,0.0,133.0,0.0,92.28902090369414,0.0,10.539641818875909,0.0,11.532562594670797,0.0,8.166557720950113,0.0,7843.522970565065,0.0,1006.1470077852124,0.0,814.5508107566634,0.0,3.465194638461842,0.0,21.757991198275093,0.0,160.825677498869,0.0,180.45132002760525,0.0,10.539641818870336,0.0,9.446141609644583,0.0,7.248679050996048,0.0
Phase,235.62745098039213,0.0,13.492347639640478,0.0,224.27444177175096,0.0,98.0,0.0,64.35437822106653,0.0,9.142183751429176,0.0,9.899494936611665,0.0,6.592633488061158,0.0,857.3614103936752,0.0,110.42278369689592,0.0,77.70057610543464,0.0,1.8082320664271352,0.0,10.077374987058443,0.0,315.161365525604,0.0,192.0428564184616,0.0,9.142183751420415,0.0,8.150842881428687,0.0,5.658423151928468,0.0
Photo,211.3843137254902,0.0,12.732929937993214,0.0,228.77548358183935,0.0,94.0,0.0,63.43197619953949,0.0,9.310765786332123,0.0,9.695359714832659,0.0,6.646452500088421,0.0,853.1468063947191,0.0,118.30631408948572,0.0,85.31955153376374,0.0,3.6456361349955544,0.0,10.693343180097552,0.0,380.1979052122244,0.0,214.95938115986803,0.0,9.310765786317791,0.0,7.565175146133375,0.0,5.683635099565893,0.0
Phsth,229.7019607843137,0.0,13.391381139075813,0.0,238.5165418060376,0.0,110.0,0.0,74.29364871103324,0.0,9.720286565938622,0.0,10.488088481701515,0.0,7.203803159546649,0.0,856.2648013260721,0.0,132.38211227005917,0.0,97.1512376870054,0.0,2.440255637592897,0.0,12.226214358979028,0.0,657.8473638217475,0.0,268.3656488951141,0.0,9.720286565930667,0.0,8.271537279023837,0.0,6.239083014765877,0.0
Piano,210.28627450980392,0.0,12.7752819052479,0.0,228.2930204933413,0.0,96.0,0.0,62.156081994962534,0.0,9.17481174787357,0.0,9.797958971132712,0.0,6.433610624975658,0.0,862.9843038069478,0.0,100.38867228644952,0.0,65.91505762925688,0.0,2.1815109162078787,0.0,9.60210589598346,0.0,319.83987221465435,0.0,178.6942729657111,0.0,9.174811747866528,0.0,7.618149575955736,0.0,5.4660153675873016,0.0
Pigil,208.30196078431374,0.0,12.97720060284002,0.0,262.20312030085444,0.0,123.0,0.0,84.7579107644718,0.0,10.427565047109313,0.0,11.090536506409418,0.0,7.796813229386187,0.0,946.525548280671,0.0,192.98966492985548,0.0,145.83120367965827,0.0,3.8972342726597042,0.0,10.81059036095878,0.0,481.19500716567285,0.0,348.54461291896655,0.0,10.427565047128525,0.0,8.50523662941877,0.0,6.827495030531844,0.0
Pille,196.90980392156862,0.0,12.695922021899754,0.0,247.66504577323218,0.0,103.0,0.0,70.65947631427673,0.0,9.90219601227446,0.0,10.14889156509222,0.0,7.081053683575795,0.0,869.6964979128135,0.0,121.0067665567221,0.0,87.33224513914763,0.0,3.0123324415568353,0.0,8.53618551213386,0.0,315.47819745059667,0.0,325.1891476204117,0.0,9.902196012279687,0.0,7.927205382602358,0.0,6.138621732053422,0.0
Pilot,190.08235294117645,0.0,12.303375817909664,0.0,238.76120654512744,0.0,94.0,0.0,63.57903691285196,0.0,9.548592768269318,0.0,9.695359714832659,0.0,6.667065168107389,0.0,863.8769802487445,0.0,111.05952618917455,0.0,77.62643524397546,0.0,2.59555053474653,0.0,9.666492487101623,0.0,317.93295151309337,0.0,230.1127019496339,0.0,9.548592768261969,0.0,7.302136545972625,0.0,5.689924999118104,0.0
Pilze,205.97254901960784,0.0,12.995002144600733,0.0,240.3463048003179,0.0,100.0,0.0,67.15574453380451,0.0,9.610731411780314,0.0,10.0,0.0,6.820647562367353,0.0,869.9338396391063,0.0,144.43564235074254,0.0,101.70007113055237,0.0,3.280352490733277,0.0,11.220516089053229,0.0,283.13891801249446,0.0,186.8787918485191,0.0,9.610731411781185,0.0,8.099074878507938,0.0,5.885453719350237,0.0
Pinne,217.7098039215686,0.0,13.24277203419125,0.0,227.99500773460946,0.0,109.0,0.0,70.32909347134147,0.0,9.28797771210699,0.0,10.44030650891055,0.0,6.820662584055983,0.0,864.5017727335457,0.0,97.51988756332285,0.0,64.10949170547919,0.0,2.7626852334581478,0.0,8.399134552862145,0.0,268.0098729292199,0.0,158.37085089556527,0.0,9.287977712101945,0.0,8.230357445537253,0.0,5.888360099662401,0.0
Pinni,204.57647058823528,0.0,12.887975613615477,0.0,240.63930801564794,0.0,114.0,0.0,74.04392826385728,0.0,9.658751239987183,0.0,10.677078252031311,0.0,7.04875481201343,0.0,875.5694980991702,0.0,127.33125411814416,0.0,84.42036923409636,0.0,2.556194749537582,0.0,9.480798034442255,0.0,269.91678717338954,0.0,181.98469052545292,0.0,9.65875123999943,0.0,7.883719325497724,0.0,6.028154780966192,0.0
Pirat,198.72156862745095,0.0,12.54586847691548,0.0,239.75331319365216,0.0,102.0,0.0,66.75867558644052,0.0,9.526165456831192,0.0,10.099504938362077,0.0,6.716226158269312,0.0,865.5057932614516,0.0,113.27411412051205,0.0,74.6934029173926,0.0,2.3268413380726476,0.0,8.965854402204696,0.0,308.2671959985248,0.0,230.39744746538284,0.0,9.526165456838235,0.0,7.682791599730471,0.0,5.719114245638018,0.0
Piste,208.81176470588235,0.0,12.884166166002224,0.0,227.99665292524793,0.0,96.0,0.0,63.49036318919714,0.0,9.227351375246013,0.0,9.797958971132712,0.0,6.570970092836684,0.0,865.5818431889086,0.0,107.06096784005571,0.0,72.95586961634146,0.0,2.3065700737684662,0.0,8.72795664342017,0.0,204.28629755915375,0.0,146.79953485609016,0.0,9.22735137524299,0.0,7.848659034149048,0.0,5.649018542258371,0.0
Pizza,213.72156862745095,0.0,13.115929428271453,0.0,236.60491019483698,0.0,94.0,0.0,61.51850556001037,0.0,9.361941771925409,0.0,9.695359714832659,0.0,6.440431350851027,0.0,872.1122985863249,0.0,181.05977129122397,0.0,126.7380392056201,0.0,2.752667549719388,0.0,14.919535324691598,0.0,282.4287485093584,0.0,185.01231281068291,0.0,9.36194177191694,0.0,7.750219399805312,0.0,5.406380370753998,0.0
Plana,217.8156862745098,0.0,12.980661687859802,0.0,235.6495808732416,0.0,106.0,0.0,68.99718935350563,0.0,9.45866746486003,0.0,10.295630140987,0.0,6.80949135910389,0.0,856.8409166132176,0.0,117.39678373252377,0.0,82.48746973706871,0.0,2.7604806697332487,0.0,9.560278037694648,0.0,225.6989694978387,0.0,153.66529795631118,0.0,9.45866746485067,0.0,7.93929572257737,0.0,5.803675993782919,0.0
Platz,206.67450980392158,0.0,12.819767991849918,0.0,244.0085639542895,0.0,106.0,0.0,70.75916854970043,0.0,9.727332433176503,0.0,10.295630140987,0.0,6.990795221211447,0.0,865.3924107860787,0.0,199.1721870897827,0.0,145.26082384911322,0.0,2.261685792307745,0.0,14.654165437463385,0.0,165.62439908887612,0.0,141.29597254813373,0.0,9.727332433187904,0.0,8.13798302748924,0.0,6.003849843438099,0.0
Plbgt,233.11372549019606,0.0,13.496357462083207,0.0,256.439388466388,0.0,133.0,0.0,91.25717752886695,0.0,10.380327474102474,0.0,11.532562594670797,0.0,8.054826079948798,0.0,955.0797474726943,0.0,208.3298177653215,0.0,153.45146724684776,0.0,3.7429165773731863,0.0,12.161992556421513,0.0,310.38834491718933,0.0,235.47713403516943,0.0,10.380327474104678,0.0,9.228567460495245,0.0,7.0783810757564405,0.0
Plctt,190.21568627450978,0.0,12.246024078392379,0.0,238.62190581864087,0.0,105.0,0.0,70.23878994527794,0.0,9.604787501206347,0.0,10.246950765959598,0.0,6.974234370451352,0.0,854.4261154708213,0.0,127.4072359671243,0.0,91.52149280670724,0.0,2.901285872622938,0.0,11.510759832015959,0.0,288.8283001117819,0.0,229.53539026191916,0.0,9.60478750121049,0.0,7.722683452796812,0.0,5.978607893196623,0.0
Plint,196.1921568627451,0.0,12.609921458317212,0.0,244.7173009586605,0.0,110.0,0.0,73.32979323079971,0.0,9.799768327448321,0.0,10.488088481701515,0.0,7.111157938536916,0.0,869.5456193442822,0.0,124.10602561840128,0.0,87.82842374419604,0.0,2.5212369403450654,0.0,9.643998604738394,0.0,328.86604532492686,0.0,241.99573414090654,0.0,9.799768327430314,0.0,7.908889393541157,0.0,6.115705057947189,0.0
Pllhn,211.92156862745097,0.0,13.054842471548236,0.0,250.99043770062136,0.0,119.0,0.0,80.46970192730849,0.0,10.107559633396878,0.0,10.908712114635714,0.0,7.512091480093086,0.0,855.5634380860637,0.0,130.5674499571555,0.0,95.50917097261997,0.0,3.304246334345014,0.0,11.682371076682779,0.0,503.65145692098145,0.0,183.30603674676743,0.0,10.107559633387574,0.0,8.363170881861596,0.0,6.522190086440654,0.0
Plllf,194.83529411764707,0.0,12.689239281412648,0.0,271.14360673086685,0.0,122.0,0.0,85.52630712205118,0.0,10.688217576457003,0.0,11.045361017187261,0.0,7.908360460221064,0.0,958.3497304147648,0.0,443.91908494970977,0.0,331.8107493907718,0.0,3.303776166105513,0.0,15.438857073297303,0.0,301.7153682817131,0.0,323.2396113419061,0.0,10.68821757648929,0.0,8.418604890010574,0.0,6.92760910844479,0.0
Plots,201.43529411764706,0.0,12.507197466498026,0.0,229.11157707747827,0.0,90.0,0.0,60.54382027628659,0.0,9.26332530085322,0.0,9.486832980505138,0.0,6.495736297740146,0.0,853.2112099780169,0.0,119.96442660500439,0.0,86.73552118995276,0.0,2.3527831109998254,0.0,9.756133856274966,0.0,184.77766716004345,0.0,143.96570837281936,0.0,9.26332530084698,0.0,7.217642009877582,0.0,5.518150987005551,0.0
Pltmn,220.05098039215687,0.0,13.181309218961319,0.0,260.79439112558225,0.0,134.0,0.0,90.45446461112351,0.0,10.4478310206723,0.0,11.575836902790225,0.0,7.941421510651029,0.0,887.2096925188637,0.0,179.50639551891862,0.0,124.70608006548667,0.0,3.7041515186571385,0.0,11.63766158380287,0.0,428.6919754996005,0.0,160.38960561303168,0.0,10.447831020673473,0.0,8.839103115655282,0.0,6.923446790087183,0.0
Plugu,224.27843137254902,0.0,13.22268215367737,0.0,246.28530694117165,0.0,127.0,0.0,84.75077953527588,0.0,10.00579637396221,0.0,11.269427669584644,0.0,7.656813356929369,0.0,948.3320570103664,0.0,179.28225540875178,0.0,134.8334099598334,0.0,3.917639594918138,0.0,13.438859300534869,0.0,476.2626211772329,0.0,143.62907050978998,0.0,10.00579637396322,0.0,8.66908072170183,0.0,6.728044476526813,0.0
Plztz,204.65098039215684,0.0,12.938592730785423,0.0,246.68550563830178,0.0,107.0,0.0,71.86131237294643,0.0,9.818185227923268,0.0,10.344080432788601,0.0,7.068687373381727,0.0,868.8510728692457,0.0,230.09864747563932,0.0,167.43628349351124,0.0,2.2074512860603184,0.0,18.6083238183497,0.0,165.7677959485342,0.0,141.7571988505992,0.0,9.818185227935414,0.0,8.179527584146285,0.0,6.064837248770766,0.0
Pläne,225.82352941176472,0.0,13.347234391353576,0.0,238.15804952849905,0.0,118.0,0.0,77.70670332844703,0.0,9.674345026198345,0.0,10.862780491200215,0.0,7.2604907565228345,0.0,861.3427607155322,0.0,151.36948967040223,0.0,113.59600085453714,0.0,2.8483936680580304,0.0,18.461606191822437,0.0,239.0787781535299,0.0,173.89660560724604,0.0,9.674345026196344,0.0,8.813167049425342,0.0,6.365229109963599,0.0
Pmtmr,234.61960784313726,0.0,13.495459529498852,0.0,279.0808038594765,0.0,159.0,0.0,107.37742681817329,0.0,11.04966606832032,0.0,12.609520212918492,0.0,8.65920428854395,0.0,1103.133376452207,0.0,270.5981902799004,0.0,186.29376718709975,0.0,2.884121992673201,0.0,15.29042637163059,0.0,260.7888536227968,0.0,198.95549991791873,0.0,11.049666068331948,0.0,9.635202492673448,0.0,7.670283650752601,0.0
Pnrns,218.50588235294117,0.0,13.120098249836081,0.0,226.71092159292425,0.0,100.0,0.0,64.78308374706049,0.0,9.193972683094966,0.0,10.0,0.0,6.572748598826842,0.0,850.9058064021906,0.0,103.6846493693511,0.0,69.00035901891295,0.0,1.96378163493778,0.0,11.533813715388186,0.0,236.22931855683996,0.0,147.66875791381804,0.0,9.193972683078565,0.0,7.613149173923496,0.0,5.611989534779386,0.0
Pobei,223.26274509803923,0.0,13.200796872245391,0.0,234.5563724815267,0.0,111.0,0.0,73.88095180244781,0.0,9.558350101022214,0.0,10.535653752852738,0.0,7.119095675522331,0.0,871.3918779542147,0.0,157.83052674743104,0.0,106.35667987656014,0.0,3.350775075054003,0.0,10.543671204794395,0.0,190.87076091807555,0.0,164.5381674699794,0.0,9.558350101013893,0.0,8.352233338211935,0.0,6.17267615103491,0.0
Pokef,228.01960784313727,0.0,13.450157752241019,0.0,246.75995604905796,0.0,124.0,0.0,84.85864615982717,0.0,10.079261461759195,0.0,11.135528725660043,0.0,7.744933968218535,0.0,955.70700067918,0.0,443.78797780708487,0.0,331.66511087347226,0.0,2.5208194020643373,0.0,15.848864076943212,0.0,214.68948274793138,0.0,124.29967169815305,0.0,10.0792614617423,0.0,8.919281325522562,0.0,6.8878610148760355,0.0
Polen,212.33333333333334,0.0,12.95592564146693,0.0,227.9329834536038,0.0,98.0,0.0,65.54529457659419,0.0,9.310705386431213,0.0,9.899494936611665,0.0,6.709690742887144,0.0,852.2651472699558,0.0,101.04132305270063,0.0,70.98476325205475,0.0,2.386658881869715,0.0,8.456339707702476,0.0,405.22586891442944,0.0,125.82831967432853,0.0,9.31070538641866,0.0,7.831631477087139,0.0,5.795116772279686,0.0
Polyp,229.52156862745102,0.0,13.353397821220637,0.0,269.9795331157387,0.0,138.0,0.0,98.17405382640484,0.0,10.881514114358588,0.0,11.74734012447073,0.0,8.50938914150427,0.0,40733.575253216135,0.0,1222.3602837618591,0.0,792.862048975856,0.0,5.062571549468143,0.0,19.92480148886174,0.0,237.25680303479268,0.0,170.37350648228949,0.0,10.881514114345068,0.0,9.369611107284214,0.0,7.610573690177174,0.0
Poppo,245.8,0.0,13.619940940919705,0.0,242.38301247526334,0.0,116.0,0.0,80.71909085264289,0.0,9.950924207035616,0.0,10.770329614269007,0.0,7.634198288637894,0.0,11087.98686334692,0.0,482.72180048073415,0.0,317.44428451456065,0.0,3.845313147136089,0.0,12.179581257057349,0.0,257.0809987200251,0.0,152.45224029672573,0.0,9.95092420701034,0.0,8.973176826698511,0.0,6.757098594898313,0.0
Porno,206.06666666666666,0.0,12.610323910481394,0.0,222.52222735163144,0.0,93.0,0.0,60.209938366093944,0.0,9.017374187153429,0.0,9.643650760992955,0.0,6.333471941933264,0.0,850.4602073911341,0.0,98.23388418730607,0.0,65.27517171022416,0.0,1.894703075001674,0.0,9.2705750087688,0.0,299.85665621233676,0.0,166.85935588329914,0.0,9.017374187134168,0.0,7.338014477940703,0.0,5.389205482707654,0.0
Porto,196.94901960784313,0.0,12.32105564264578,0.0,225.93080696411818,0.0,87.0,0.0,57.803537132876066,0.0,9.110577550441457,0.0,9.327379053088816,0.0,6.29173052819866,0.0,851.5044655024236,0.0,108.42018690193538,0.0,74.15699029155567,0.0,2.5595157580254817,0.0,9.061904204408231,0.0,259.8032314318491,0.0,157.2237896296801,0.0,9.11057755042272,0.0,7.171863032509645,0.0,5.335911217422048,0.0
Posse,223.17254901960783,0.0,13.062674460166555,0.0,208.14501866834954,0.0,82.0,0.0,52.774044917429755,0.0,8.512372839336653,0.0,9.055385138137417,0.0,5.897215076935099,0.0,852.5901944766898,0.0,85.72748306455578,0.0,57.354471443166226,0.0,2.360698530313203,0.0,8.98544106235013,0.0,162.01222217047862,0.0,122.23527279643992,0.0,8.512372839322268,0.0,7.274520479611979,0.0,4.971784499061708,0.0
Potzt,201.16078431372551,0.0,12.61186713449772,0.0,231.49188392416022,0.0,98.0,0.0,64.76055834973421,0.0,9.318413244627058,0.0,9.899494936611665,0.0,6.638108764390482,0.0,854.4181409844977,0.0,146.31128526372737,0.0,102.7254451182279,0.0,2.3069817638819115,0.0,11.185491798164882,0.0,349.5417139553901,0.0,250.88220829212983,0.0,9.31841324464682,0.0,7.759435328732145,0.0,5.658278974059947,0.0
Ppktc,231.4156862745098,0.0,13.36363741931706,0.0,253.99318598429306,0.0,128.0,0.0,89.14606452797298,0.0,10.347670609527917,0.0,11.313708498984761,0.0,8.011713065240075,0.0,12744.559649258063,0.0,556.9442536416869,0.0,368.6623890023977,0.0,5.440775062715033,0.0,22.51897143789899,0.0,197.2861440889372,0.0,136.1904053635278,0.0,10.347670609523346,0.0,9.18246749149004,0.0,7.15232442246329,0.0
Pplbt,234.57647058823528,0.0,13.52315456328739,0.0,260.77829827786866,0.0,133.0,0.0,92.27293075567042,0.0,10.517583664288669,0.0,11.532562594670797,0.0,8.143843876649862,0.0,12744.905262769465,0.0,562.8493516979361,0.0,370.9923302714542,0.0,3.6744602673782936,0.0,15.236547103146465,0.0,315.14440540824256,0.0,238.4080474474905,0.0,10.517583664271656,0.0,9.40628445312645,0.0,7.228902917798547,0.0
Pqrpm,260.79215686274506,0.0,14.203808966541903,0.0,277.6754595546053,0.0,152.0,0.0,106.37167162059653,0.0,11.129837449273204,0.0,12.328828005937952,0.0,8.806147984180214,0.0,12442.07255610166,0.0,4830.19649686982,0.0,4040.1291064144466,0.0,3.5489340776791996,0.0,39.160505374617046,0.0,195.67702612750847,0.0,176.94662910688035,0.0,11.129837449257268,0.0,9.84727637291787,0.0,7.844416532494892,0.0
Prall,198.17254901960786,0.0,12.555494653031975,0.0,258.6907397958505,0.0,120.0,0.0,80.9806348589284,0.0,10.251882957729736,0.0,10.954451150103322,0.0,7.538987774535536,0.0,862.9024381704879,0.0,158.3313142964285,0.0,114.3447078763485,0.0,3.3885837250846857,0.0,10.210666948582986,0.0,353.69401090998457,0.0,328.033319767902,0.0,10.251882957742003,0.0,8.163113761043256,0.0,6.53127248867637,0.0
Prcms,223.2392156862745,0.0,13.061849734738466,0.0,242.7603879993414,0.0,114.0,0.0,75.39599852057025,0.0,9.755753743186974,0.0,10.677078252031311,0.0,7.171331035829466,0.0,885.2577563017185,0.0,167.38323662211022,0.0,111.26172280818727,0.0,3.465703324445609,0.0,11.816862733804253,0.0,263.5502831576715,0.0,152.0734214062367,0.0,9.7557537431794,0.0,8.071828900148708,0.0,6.197681890174241,0.0
Prdfr,221.1843137254902,0.0,13.339838090352394,0.0,265.6198113997088,0.0,136.0,0.0,91.96563349558505,0.0,10.559019387632157,0.0,11.661903789690601,0.0,8.039829067995065,0.0,939.9785187707258,0.0,265.5302050238574,0.0,188.8820472834465,0.0,3.174458598519809,0.0,13.438330132165133,0.0,251.47124058329058,0.0,195.57946624558457,0.0,10.559019387626549,0.0,9.298780457195493,0.0,7.058673635613378,0.0
Prebe,233.94901960784313,0.0,13.599080073824362,0.0,238.99253103967692,0.0,125.0,0.0,83.64998555666243,0.0,9.803566103640648,0.0,11.180339887498949,0.0,7.584512191859295,0.0,866.5077267368611,0.0,171.17440041974837,0.0,115.61665489963919,0.0,3.3954511447606333,0.0,10.807065038798672,0.0,278.7191121667201,0.0,160.41598717296816,0.0,9.803566103638785,0.0,9.34313806334526,0.0,6.748567639166294,0.0
Prgll,211.61176470588236,0.0,13.019597802972742,0.0,269.2416734833832,0.0,136.0,0.0,93.97301957544755,0.0,10.720638253660683,0.0,11.661903789690601,0.0,8.221883212392841,0.0,920.2277556844527,0.0,205.50645197743634,0.0,154.85094401914213,0.0,3.8256709571884877,0.0,11.573335804736189,0.0,353.4985796180366,0.0,327.8588255378449,0.0,10.720638253674712,0.0,8.896683737751623,0.0,7.248199299366818,0.0
Prinz,205.8156862745098,0.0,12.948799299796898,0.0,244.16740341186818,0.0,110.0,0.0,72.20461133923509,0.0,9.715608012695009,0.0,10.488088481701515,0.0,6.9908199832786435,0.0,878.1290069848058,0.0,194.26888114917327,0.0,138.15860608273027,0.0,2.50488245360147,0.0,14.734755849098567,0.0,282.37282916305367,0.0,155.72403938247223,0.0,9.715608012709861,0.0,8.135968170534653,0.0,6.024404451378024,0.0
Prlxy,215.92549019607844,0.0,13.159505301378498,0.0,283.41976712480505,0.0,158.0,0.0,109.72712215824006,0.0,11.223117882658904,0.0,12.569805089976535,0.0,8.878602053853866,0.0,6015.794880201327,0.0,244.34686780350205,0.0,183.50805594291626,0.0,3.7936496860215976,0.0,41.40206741603492,0.0,419.9325764311936,0.0,184.8686431363929,0.0,11.223117882659945,0.0,9.651026293300253,0.0,7.960219239801719,0.0
Profo,205.25882352941176,0.0,12.680114878857474,0.0,240.5531814488156,0.0,103.0,0.0,69.49677819083047,0.0,9.664560346877186,0.0,10.14889156509222,0.0,6.972333249508473,0.0,876.4013410187409,0.0,243.49154205640153,0.0,173.2374291980255,0.0,2.145861578720314,0.0,12.287901040086288,0.0,313.1860006482647,0.0,170.4032002165423,0.0,9.664560346846317,0.0,8.017150023821896,0.0,6.032707374196274,0.0
Prost,203.27843137254902,0.0,12.541453601519319,0.0,228.87226528226597,0.0,99.0,0.0,64.67406651494443,0.0,9.24013465712365,0.0,9.9498743710662,0.0,6.59869419744608,0.0,852.4212729856757,0.0,114.6921691422131,0.0,76.162679490605,0.0,2.0865848715728674,0.0,9.358322608569779,0.0,333.45045506910753,0.0,221.09264572883217,0.0,9.240134657133652,0.0,7.49110895047977,0.0,5.609074145337836,0.0
Prrnz,208.39215686274508,0.0,12.986590546612874,0.0,244.31193289652447,0.0,117.0,0.0,75.99896034966389,0.0,9.748578351388055,0.0,10.816653826391969,0.0,7.136622117349658,0.0,863.1751182827153,0.0,195.59520853445895,0.0,138.75782553229303,0.0,2.320495007239041,0.0,15.044725137784413,0.0,278.1553965897242,0.0,147.55647369059108,0.0,9.74857835139918,0.0,8.340848145558672,0.0,6.185555187080751,0.0
Prrrl,190.77254901960785,0.0,12.439198996106796,0.0,260.3606660673371,0.0,123.0,0.0,82.4476246784001,0.0,10.29813981782735,0.0,11.090536506409418,0.0,7.582712241396518,0.0,862.1454927023532,0.0,161.14369882240442,0.0,114.33867163763753,0.0,3.415392931830819,0.0,11.072898865304015,0.0,343.2900046281603,0.0,185.35117197055266,0.0,10.298139817828345,0.0,8.229828579290034,0.0,6.562475518599691,0.0
Pruxy,223.18039215686275,0.0,13.276532414623752,0.0,273.7301811761475,0.0,162.0,0.0,109.56711049558234,0.0,10.941593551699828,0.0,12.727922061357855,0.0,8.75527908827844,0.0,6015.470381321485,0.0,239.7660093618169,0.0,179.23935515162682,0.0,3.650252886474067,0.0,41.4269532048228,0.0,421.17961491348905,0.0,183.99521487576774,0.0,10.941593551705544,0.0,9.685012982822995,0.0,7.856414237800603,0.0
Psalm,230.07450980392153,0.0,13.279005234116347,0.0,254.78720131312878,0.0,123.0,0.0,82.3670565017967,0.0,10.172019119598858,0.0,11.090536506409418,0.0,7.558873031378025,0.0,937.0300541928106,0.0,223.53810176005732,0.0,155.28026776159348,0.0,2.777067810193825,0.0,14.549491921186638,0.0,290.0430763824502,0.0,336.40371356943103,0.0,10.172019119590935,0.0,8.458351110199619,0.0,6.578722163583305,0.0
Psölm,229.97254901960784,0.0,13.264670376602771,0.0,255.9382937423901,0.0,127.0,0.0,85.74983518397043,0.0,10.27624563006944,0.0,11.269427669584644,0.0,7.748671346029339,0.0,939.4052845816099,0.0,266.861853320788,0.0,175.32303285717984,0.0,2.797451135653339,0.0,22.8461348979832,0.0,310.19829350512845,0.0,348.9820660575628,0.0,10.276245630061839,0.0,8.588872419184472,0.0,6.798988736397542,0.0
Ptfff,215.30196078431374,0.0,13.364575853183158,0.0,275.77337512452385,0.0,134.0,0.0,94.13542127301206,0.0,10.867139279850319,0.0,11.575836902790225,0.0,8.306969846420913,0.0,1015.8169716062596,0.0,567.8336260427809,0.0,420.4174537445158,0.0,3.1984672498778095,0.0,18.34216698612228,0.0,184.0421915338893,0.0,150.11476975198087,0.0,10.867139279837575,0.0,9.568438418428151,0.0,7.412833981781288,0.0
Ptsls,207.76470588235296,0.0,12.72437168412897,0.0,232.58424299363088,0.0,92.0,0.0,62.17257601650069,0.0,9.374854071351216,0.0,9.591663046625438,0.0,6.601016317196295,0.0,856.6913731366631,0.0,146.25940419902975,0.0,109.45817320820504,0.0,2.2676712606113116,0.0,12.357112769454828,0.0,295.15658386228336,0.0,319.2249009442391,0.0,9.374854071342961,0.0,7.2320764765984915,0.0,5.649960395740614,0.0
Pulli,191.76470588235293,0.0,12.455164959933764,0.0,254.69996679382325,0.0,113.0,0.0,76.31598674992593,0.0,10.11744298195605,0.0,10.63014581273465,0.0,7.325952519153278,0.0,869.2214729417706,0.0,144.22637687712498,0.0,101.63986425928033,0.0,4.143701001029128,0.0,9.855756732785752,0.0,288.98065850579144,0.0,331.5689184136826,0.0,10.117442981978332,0.0,7.746599676782375,0.0,6.3266099351765215,0.0
Pumor,221.75686274509803,0.0,13.04535252903078,0.0,247.58316257798776,0.0,124.0,0.0,81.6672824657885,0.0,9.9689628698733,0.0,11.135528725660043,0.0,7.447447379495943,0.0,876.8712311758346,0.0,154.75434990770154,0.0,102.96613447999337,0.0,3.205449197294265,0.0,10.687442354938383,0.0,183.24788228630908,0.0,179.36447136966154,0.0,9.968962869872536,0.0,8.477266614288835,0.0,6.471900222483408,0.0
Pumpe,254.01176470588234,0.0,14.008333324756574,0.0,253.91271310672133,0.0,139.0,0.0,94.06068388528492,0.0,10.340522866051728,0.0,11.789826122551595,0.0,8.100691348458893,0.0,7567.796569891887,0.0,354.7089230492722,0.0,232.73737860925712,0.0,3.850595396636839,0.0,11.53094171287694,0.0,154.61424027255873,0.0,129.32283738041758,0.0,10.340522866037979,0.0,9.601971858681077,0.0,7.189189164364068,0.0
Punks,230.01176470588234,0.0,13.362860615500574,0.0,231.54562285880826,0.0,113.0,0.0,74.16053702218875,0.0,9.496174276672036,0.0,10.63014581273465,0.0,7.078913091392719,0.0,851.8937379379809,0.0,118.16051538790119,0.0,83.3539313558384,0.0,2.3537029472513784,0.0,9.418864665639765,0.0,405.6338472042392,0.0,231.1033533943865,0.0,9.496174276657323,0.0,8.146450262691191,0.0,6.184841207867608,0.0
Punkt,220.67450980392158,0.0,13.172380317525269,0.0,241.67520362406273,0.0,128.0,0.0,84.22756733699981,0.0,9.872397770287968,0.0,11.313708498984761,0.0,7.553015653284326,0.0,852.8150979153655,0.0,125.36598802359033,0.0,88.2225557985175,0.0,2.3851894451561924,0.0,9.580428578911908,0.0,465.75105803900027,0.0,292.22243027785845,0.0,9.87239777028636,0.0,8.59929764810171,0.0,6.631717087266843,0.0
Puppe,256.87450980392157,0.0,14.100890382285833,0.0,248.13794278278527,0.0,136.0,0.0,92.68530802104695,0.0,10.202768468613508,0.0,11.661903789690601,0.0,8.094624374355186,0.0,11088.265951769503,0.0,483.6455182450652,0.0,317.8032022900237,0.0,3.7787881951221856,0.0,11.670601418063828,0.0,155.92890821719905,0.0,129.1732057238012,0.0,10.202768468597991,0.0,9.831530802694884,0.0,7.250988255423997,0.0
Purty,209.6235294117647,0.0,12.863662090699467,0.0,260.30766954723595,0.0,138.0,0.0,93.04782418543678,0.0,10.453683095509419,0.0,11.74734012447073,0.0,8.067929672786065,0.0,6014.052471309701,0.0,186.06254502854927,0.0,129.0549678830911,0.0,2.6009270475588093,0.0,9.401710080719804,0.0,194.35065162245064,0.0,152.27778539945476,0.0,10.453683095512897,0.0,8.953047657545156,0.0,7.143593140901439,0.0
Puxil,206.60392156862744,0.0,12.87649313111425,0.0,258.99691749479723,0.0,131.0,0.0,88.04061439528381,0.0,10.33471129485831,0.0,11.445523142259598,0.0,7.829897057639467,0.0,885.5343433946182,0.0,196.34243335356072,0.0,147.34927346178443,0.0,3.823680623277843,0.0,17.97848049916794,0.0,493.66458959726987,0.0,344.09280925850277,0.0,10.334711294874056,0.0,8.60819322295616,0.0,6.903834158547406,0.0
Pxdvl,226.00392156862745,0.0,13.37458267556347,0.0,278.52480717469496,0.0,155.0,0.0,108.09191092105354,0.0,11.128382410094174,0.0,12.449899597988733,0.0,8.826195346471346,0.0,994.2468430937766,0.0,329.52713625001195,0.0,253.45864565891515,0.0,3.8275624914729045,0.0,34.678661057019085,0.0,277.68545532368677,0.0,210.13066897472524,0.0,11.128382410093257,0.0,9.43606771423674,0.0,7.849343443638983,0.0
Pzsst,216.82745098039214,0.0,13.022798451480448,0.0,224.78347250231462,0.0,94.0,0.0,61.180456679436375,0.0,9.065894908420342,0.0,9.695359714832659,0.0,6.3991764902757575,0.0,873.427503112111,0.0,333.98277300169406,0.0,209.3891662005015,0.0,2.370848765828839,0.0,21.63530230408273,0.0,273.5174523450612,0.0,218.67431034002996,0.0,9.065894908438661,0.0,7.616524307626066,0.0,5.4224734560028445,0.0
Pömpt,246.62352941176468,0.0,13.715446745585362,0.0,260.46175107245136,0.0,138.0,0.0,94.81573216922753,0.0,10.528502527251902,0.0,11.74734012447073,0.0,8.198108097540544,0.0,7567.886972238483,0.0,382.8862596312907,0.0,245.60958899644885,0.0,3.808884064955148,0.0,15.568514515046724,0.0,285.40146894218367,0.0,226.07253283821362,0.0,10.52850252724688,0.0,9.413458166064077,0.0,7.251744133936269,0.0
Qdqdt,269.843137254902,0.0,14.320496921007685,0.0,271.8726923731072,0.0,156.0,0.0,108.09217630050796,0.0,10.951668140364431,0.0,12.489995996796797,0.0,8.843949854323524,0.0,81489.5681005031,0.0,5405.843945423551,0.0,4539.740720596973,0.0,3.7702096469330653,0.0,47.191693764936446,0.0,310.5420918858729,0.0,307.6257855739028,0.0,10.951668140350282,0.0,10.062603472612103,0.0,7.881358261294988,0.0
Qffqn,252.81960784313728,0.0,14.126799320943507,0.0,279.25498133164876,0.0,150.0,0.0,106.1062538301843,0.0,11.143802706167362,0.0,12.24744871391589,0.0,8.863557933802289,0.0,88124.22952326832,0.0,13853.449890326903,0.0,12283.43553653804,0.0,2.9262320603712255,0.0,75.9806513463618,0.0,439.14362932592246,0.0,260.60891848233683,0.0,11.14380270613043,0.0,10.181901539677243,0.0,8.001115052558136,0.0
Qkhll,231.41568627450982,0.0,13.428435345079986,0.0,284.0620852939827,0.0,155.0,0.0,109.53197268994388,0.0,11.29037035889516,0.0,12.449899597988733,0.0,8.974861920322635,0.0,80602.23348413418,0.0,1905.9003789608187,0.0,1353.1221810616883,0.0,7.116524294072295,0.0,24.10436476373927,0.0,340.783721773318,0.0,384.3613438301129,0.0,11.290370358867614,0.0,9.3909482448255,0.0,8.03608890592311,0.0
Qmrtl,224.89411764705883,0.0,13.161050734642384,0.0,283.6973372964777,0.0,157.0,0.0,108.09678440011595,0.0,11.16240685230547,0.0,12.529964086141668,0.0,8.801458950854894,0.0,80604.68524222262,0.0,1907.1192735197033,0.0,1351.6437716029307,0.0,7.898915116459429,0.0,22.836701781732128,0.0,231.59600543897872,0.0,249.8055858136299,0.0,11.162406852278162,0.0,9.487550564951675,0.0,7.865064113723935,0.0
Qnggl,258.09411764705885,0.0,14.069012087383953,0.0,275.49311822209233,0.0,158.0,0.0,111.03993002405448,0.0,11.088400301203395,0.0,12.569805089976535,0.0,9.010329282177644,0.0,80603.7183128069,0.0,1904.739911262835,0.0,1351.8580029457667,0.0,3.6771283303973425,0.0,22.164242074227893,0.0,197.1009494934044,0.0,244.43755917206494,0.0,11.088400301163558,0.0,10.04238317532413,0.0,8.08090622303214,0.0
Qskrr,229.44313725490196,0.0,13.258835708190729,0.0,263.0658999549148,0.0,139.0,0.0,94.57865355697571,0.0,10.539124570953126,0.0,11.789826122551595,0.0,8.180418981588932,0.0,80602.03332836666,0.0,1897.077901251856,0.0,1344.9531518299577,0.0,5.84441897309669,0.0,23.312266378331493,0.0,281.49442017655355,0.0,285.6929591883948,0.0,10.539124570912433,0.0,9.118811812232222,0.0,7.274070197902268,0.0
Qtmfn,243.04313725490192,0.0,13.722419824648501,0.0,280.6777823672496,0.0,156.0,0.0,107.86367298124,0.0,11.104367047475451,0.0,12.489995996796797,0.0,8.790681498363767,0.0,80602.50320996364,0.0,1911.08515794891,0.0,1354.8868471057228,0.0,2.7445348714740025,0.0,22.95226081208363,0.0,396.8840171339502,0.0,244.0179135172166,0.0,11.104367047415902,0.0,9.88336475190002,0.0,7.838710621065756,0.0
Qttxr,217.89019607843136,0.0,13.005840819602422,0.0,273.6547588772532,0.0,151.0,0.0,104.02305291660963,0.0,10.863405408453547,0.0,12.288205727444508,0.0,8.616979345886362,0.0,80602.11873013563,0.0,1903.0847663287514,0.0,1350.7978878114586,0.0,3.9353244283846207,0.0,45.795625803702514,0.0,369.3800429720921,0.0,286.3322786300008,0.0,10.86340540841742,0.0,9.633903059984277,0.0,7.73432782228371,0.0
Quaft,227.85882352941178,0.0,13.202819127384085,0.0,256.95005034920484,0.0,132.0,0.0,88.73233606811903,0.0,10.247864676815572,0.0,11.489125293076057,0.0,7.876166874257412,0.0,80602.2145943844,0.0,1905.6371139518963,0.0,1350.7849843842034,0.0,4.617447704985814,0.0,20.128967159299116,0.0,263.8161790902374,0.0,301.2727577901056,0.0,10.247864676752808,0.0,9.183729354715604,0.0,6.990557382380498,0.0
Quark,235.32156862745097,0.0,13.33118264084676,0.0,261.6728754120398,0.0,142.0,0.0,95.96761047803412,0.0,10.493962953660255,0.0,11.916375287812984,0.0,8.200254271534977,0.0,80602.02898891697,0.0,1896.55761691981,0.0,1344.39288688321,0.0,3.2078696300767224,0.0,20.042024349806592,0.0,1081.4307811650142,0.0,336.96040719883433,0.0,10.493962953552316,0.0,9.296456928781083,0.0,7.299376892129732,0.0
Quarz,227.89019607843136,0.0,13.195392576064098,0.0,250.84009470509963,0.0,124.0,0.0,81.97352441733986,0.0,9.980286576429087,0.0,11.135528725660043,0.0,7.499462364378383,0.0,80602.08014455663,0.0,1899.987372372677,0.0,1346.839638860046,0.0,3.890309790017494,0.0,22.289884094046954,0.0,250.03815973672343,0.0,255.20078387358276,0.0,9.98028657637968,0.0,8.849096646074862,0.0,6.585544695815332,0.0
Queen,241.09803921568624,0.0,13.650791691414227,0.0,238.51889971464175,0.0,132.0,0.0,88.15946227589203,0.0,9.83106493570785,0.0,11.489125293076057,0.0,7.789271980224906,0.0,80601.95352476346,0.0,1892.8340255468447,0.0,1341.4456546124495,0.0,2.5481254627056,0.0,18.718575573238727,0.0,391.2155867414773,0.0,231.83332907079915,0.0,9.831064935649408,0.0,9.378182429225589,0.0,7.010973913731244,0.0
Quill,205.16470588235293,0.0,12.681943679962078,0.0,268.7050751458516,0.0,130.0,0.0,89.53705944445878,0.0,10.611994061298953,0.0,11.40175425099138,0.0,8.022940011332956,0.0,80602.19733334096,0.0,1896.163641870204,0.0,1344.3041332935225,0.0,6.800074073748125,0.0,19.22346026444831,0.0,301.8149242262947,0.0,383.2928501904336,0.0,10.6119940612767,0.0,8.51241147681655,0.0,7.082193093871432,0.0
Quirl,207.0078431372549,0.0,12.715729057935192,0.0,265.33203208310806,0.0,130.0,0.0,88.51133761504124,0.0,10.491693586002791,0.0,11.40175425099138,0.0,7.92904630217001,0.0,80602.19512404727,0.0,1896.1353572624337,0.0,1344.1139766877768,0.0,6.519691965209174,0.0,19.471710845361624,0.0,285.87741217612364,0.0,271.1074443620195,0.0,10.491693585961285,0.0,8.6149872797418,0.0,6.972182974839276,0.0
Quote,223.8705882352941,0.0,13.016852413362052,0.0,236.28188913455978,0.0,118.0,0.0,78.63196054134191,0.0,9.625262737076762,0.0,10.862780491200215,0.0,7.362057322331125,0.0,80601.97011643506,0.0,1893.2255066012754,0.0,1341.751945023725,0.0,3.8106684747186383,0.0,19.171939083725462,0.0,139.96823384256925,0.0,236.1638238015887,0.0,9.62526273701522,0.0,8.677257559119228,0.0,6.521947404812011,0.0
Qvjlt,207.5176470588235,0.0,12.700347983740928,0.0,288.6913126699123,0.0,158.0,0.0,112.66110125724587,0.0,11.410820954421249,0.0,12.569805089976535,0.0,9.144229119411406,0.0,81594.29901848231,0.0,2110.348316975957,0.0,1542.6750729431892,0.0,5.914259655225561,0.0,33.66586836122443,0.0,401.2037906288909,0.0,419.67890529015864,0.0,11.410820954379107,0.0,9.432815601230228,0.0,8.257580716345036,0.0
Qztnt,220.6705882352941,0.0,13.129996824409233,0.0,252.5020606728166,0.0,131.0,0.0,87.82723203559297,0.0,10.120491099776313,0.0,11.445523142259598,0.0,7.805475791756915,0.0,80602.19427454875,0.0,1920.5672641759988,0.0,1356.8476625907872,0.0,5.087090818961449,0.0,27.84294626004131,0.0,302.9287496470686,0.0,303.5301755709755,0.0,10.120491099732554,0.0,9.044791333413926,0.0,6.897201478656572,0.0
Raben,251.76470588235293,0.0,13.928673138869256,0.0,225.00184280789142,0.0,115.0,0.0,74.30952126410227,0.0,9.250923944030767,0.0,10.723805294763608,0.0,7.00780613751728,0.0,856.7271289355666,0.0,134.13286220842917,0.0,88.10368857032152,0.0,2.248375831808498,0.0,9.173022360084957,0.0,419.34159812200244,0.0,128.38822723805566,0.0,9.250923944019249,0.0,8.492452771231065,0.0,6.09514428449239,0.0
Rache,237.98823529411766,0.0,13.509930276309424,0.0,216.4293364433738,0.0,103.0,0.0,65.44381649672098,0.0,8.85663409557365,0.0,10.14889156509222,0.0,6.528499747173526,0.0,853.342583166555,0.0,91.86055498341055,0.0,60.12182088389447,0.0,2.192003109871691,0.0,9.362757748842833,0.0,338.987631537372,0.0,163.3544558598126,0.0,8.856634095560795,0.0,7.893636905958212,0.0,5.618805883987394,0.0
Radau,247.90588235294115,0.0,13.677800624061328,0.0,229.6676223566659,0.0,113.0,0.0,72.25263854130392,0.0,9.302766204283207,0.0,10.63014581273465,0.0,6.888610617641783,0.0,914.2610890941423,0.0,126.17844999138363,0.0,84.6250309715305,0.0,2.50315634468701,0.0,12.412199519229292,0.0,473.5021794229043,0.0,124.28625843442671,0.0,9.302766204279562,0.0,8.052745765947426,0.0,5.911064805678423,0.0
Radio,233.12156862745098,0.0,13.36782505256219,0.0,230.92194820376108,0.0,99.0,0.0,64.96616209474296,0.0,9.304871154856231,0.0,9.9498743710662,0.0,6.632030391709569,0.0,932.6144248736628,0.0,125.33307197575094,0.0,85.84117476819884,0.0,4.200093607767327,0.0,9.995395770141739,0.0,497.98259363383323,0.0,342.51968751214054,0.0,9.304871154854633,0.0,7.512796570369358,0.0,5.644787489022715,0.0
Raese,242.32156862745097,0.0,13.688687915759337,0.0,211.73599954645013,0.0,98.0,0.0,62.935070043437705,0.0,8.71971806693723,0.0,9.899494936611665,0.0,6.425379121177049,0.0,854.2878825456252,0.0,84.38027808850384,0.0,53.900728657887626,0.0,1.9375912299690272,0.0,8.898893477157625,0.0,168.11764395336155,0.0,110.72355417094366,0.0,8.71971806692342,0.0,7.959171131812381,0.0,5.588131323023469,0.0
Ragar,244.35686274509803,0.0,13.642602946213014,0.0,237.6526525796873,0.0,119.0,0.0,77.67187193754006,0.0,9.599860780864224,0.0,10.908712114635714,0.0,7.244189179288814,0.0,913.6887004378185,0.0,170.0721674647264,0.0,125.0834441432219,0.0,3.785882623405624,0.0,9.974180098755031,0.0,175.25845248101552,0.0,170.31450650646698,0.0,9.599860780853481,0.0,8.448346366795914,0.0,6.306916201190018,0.0
Rahms,256.9254901960784,0.0,13.959727873665916,0.0,236.19976296728117,0.0,114.0,0.0,74.69042474211184,0.0,9.574398273498986,0.0,10.677078252031311,0.0,7.0966343857986,0.0,882.9536519389769,0.0,155.56280624944105,0.0,103.35422186170602,0.0,1.649434747078531,0.0,10.392613853318577,0.0,248.6672223430916,0.0,145.6181699739861,0.0,9.574398273484697,0.0,7.9829034937979735,0.0,6.126873005644839,0.0
Rampe,268.4156862745098,0.0,14.32227088457141,0.0,247.29448804442495,0.0,133.0,0.0,89.44886167602095,0.0,10.08522113968649,0.0,11.532562594670797,0.0,7.868744999404769,0.0,7567.7439574676655,0.0,352.3552977319548,0.0,230.5259649509495,0.0,2.347626338752694,0.0,11.261019620552338,0.0,167.16396144675437,0.0,115.91522935940833,0.0,10.085221139673633,0.0,9.229972690239459,0.0,6.948746867207111,0.0
Randa,251.05098039215687,0.0,13.823197326006943,0.0,226.15027226366124,0.0,105.0,0.0,67.52992605551083,0.0,9.170986588521197,0.0,10.246950765959598,0.0,6.6760746471604575,0.0,902.7108739474321,0.0,112.56549243620728,0.0,76.04442892507141,0.0,1.8886123451111214,0.0,9.217428919341913,0.0,236.0235089818295,0.0,134.13313039165166,0.0,9.170986588511365,0.0,7.788009360368276,0.0,5.646121949574315,0.0
Ranke,246.19607843137254,0.0,13.844646920958768,0.0,228.3128351326745,0.0,119.0,0.0,77.43811421305381,0.0,9.408474233708283,0.0,10.908712114635714,0.0,7.183732340912482,0.0,855.0585002434681,0.0,112.44017692843309,0.0,77.98756199171486,0.0,1.7072951537581735,0.0,8.883886185202108,0.0,408.4354106131612,0.0,223.71706403149412,0.0,9.408474233704254,0.0,8.432116117128437,0.0,6.303745829632636,0.0
Rasat,229.89019607843136,0.0,13.175183177069197,0.0,218.22724526406887,0.0,95.0,0.0,59.750813551360295,0.0,8.784494353016797,0.0,9.746794344808963,0.0,6.203463667922534,0.0,852.1253293729462,0.0,94.29901794778169,0.0,59.362226567144475,0.0,4.019193885713993,0.0,9.292499007204055,0.0,285.59700227460246,0.0,213.67643220687395,0.0,8.78449435304466,0.0,7.180146382447919,0.0,5.213906870568973,0.0
Rasen,240.32156862745097,0.0,13.613354819816145,0.0,213.27044785145057,0.0,98.0,0.0,62.186226995272534,0.0,8.743395330442866,0.0,9.899494936611665,0.0,6.341663698964327,0.0,849.8243603747992,0.0,84.12634558463209,0.0,52.55194979021679,0.0,2.1074759305402204,0.0,8.327446156976299,0.0,407.15615036965175,0.0,111.53620602799803,0.0,8.743395330429912,0.0,7.631199542428088,0.0,5.435668528514728,0.0
Rassa,239.22745098039218,0.0,13.365623530127447,0.0,209.3060400147926,0.0,82.0,0.0,51.08614330490538,0.0,8.419748050196114,0.0,9.055385138137417,0.0,5.702022485955641,0.0,851.5089210462446,0.0,82.77863691786094,0.0,51.543905226932935,0.0,2.132229930819936,0.0,9.137175005570462,0.0,170.46624180028354,0.0,108.89568080937771,0.0,8.41974805016664,0.0,6.669293676322411,0.0,4.6793337106689386,0.0
Rasse,240.54117647058825,0.0,13.533883887188312,0.0,206.73117682154577,0.0,87.0,0.0,54.54275362905699,0.0,8.41923282146114,0.0,9.327379053088816,0.0,5.9055316614526365,0.0,852.3724460170905,0.0,81.08185570901348,0.0,50.45616429651595,0.0,1.8909125824113857,0.0,8.639951124539476,0.0,167.5672109479045,0.0,110.42067471873717,0.0,8.419232821446746,0.0,7.224589754488698,0.0,4.978474751374646,0.0
Raten,230.98431372549018,0.0,13.426428745218967,0.0,221.7343397774904,0.0,104.0,0.0,67.18004146722694,0.0,9.066546520400058,0.0,10.198039027185569,0.0,6.660393293007621,0.0,851.0978748259487,0.0,100.01909233077788,0.0,66.49686125278485,0.0,2.5070694639402147,0.0,8.173390194095129,0.0,410.5084668315966,0.0,115.70079177887202,0.0,9.066546520389299,0.0,7.931519091327791,0.0,5.742201481078014,0.0
Ratte,221.86666666666667,0.0,13.155118086598721,0.0,224.23294052854402,0.0,101.0,0.0,65.81403109502094,0.0,9.108721682526761,0.0,10.04987562112089,0.0,6.631929476348387,0.0,854.702929926599,0.0,110.36282808423486,0.0,75.13445485639372,0.0,3.7304436662597773,0.0,8.428513109388172,0.0,177.66672460486458,0.0,124.24706890815436,0.0,9.108721682512773,0.0,7.8755789764281925,0.0,5.711032242447786,0.0
Rauha,241.52156862745096,0.0,13.52926626804403,0.0,222.91334807363572,0.0,107.0,0.0,67.09620639664361,0.0,9.01880608868976,0.0,10.344080432788601,0.0,6.569765564454837,0.0,852.2342219919675,0.0,94.43358068759666,0.0,61.113023435607325,0.0,2.005010617707282,0.0,10.636116667876287,0.0,341.90630940558685,0.0,163.4785553814429,0.0,9.01880608866871,0.0,7.634270058469801,0.0,5.60322758851644,0.0
Raupe,252.54509803921567,0.0,13.914253256122278,0.0,227.79254615793593,0.0,117.0,0.0,76.22594995316028,0.0,9.356804595394953,0.0,10.816653826391969,0.0,7.155302850946783,0.0,7564.891255751397,0.0,334.5463313871554,0.0,218.4366425998066,0.0,2.125016443434578,0.0,11.464016143314913,0.0,174.01207920494883,0.0,116.29874044833208,0.0,9.356804595380439,0.0,8.572262841790053,0.0,6.298975220169017,0.0
Raupi,239.41176470588235,0.0,13.577015428403211,0.0,240.43684643897444,0.0,122.0,0.0,79.9407847456761,0.0,9.724954384045295,0.0,11.045361017187261,0.0,7.373049925445264,0.0,7566.1640441036,0.0,344.4188839909053,0.0,225.23618413825497,0.0,3.339522236603228,0.0,12.261998731465743,0.0,177.0756183957576,0.0,146.72000566621483,0.0,9.724954384047464,0.0,8.240020446014846,0.0,6.429848693735971,0.0
Rausu,232.0313725490196,0.0,13.238941545344973,0.0,215.05263368186223,0.0,101.0,0.0,62.337280818977675,0.0,8.724161761731823,0.0,10.04987562112089,0.0,6.265181789450173,0.0,849.0272774962115,0.0,87.4021594514021,0.0,53.4393610601261,0.0,2.8447283310178446,0.0,12.03961103492423,0.0,472.0882537926311,0.0,116.13160043539483,0.0,8.72416176173082,0.0,7.2048329638321436,0.0,5.328762369984261,0.0
Raute,227.8392156862745,0.0,13.276687630892319,0.0,219.32815640919617,0.0,104.0,0.0,65.78798125335769,0.0,8.924060962628353,0.0,10.198039027185569,0.0,6.524193103414375,0.0,853.3639329464619,0.0,96.91696120318804,0.0,63.00808935573412,0.0,3.240162497632032,0.0,8.659097190325692,0.0,173.41981263764936,0.0,121.73606649866353,0.0,8.924060962613368,0.0,7.770676777912192,0.0,5.625932269808724,0.0
Rchch,233.18823529411767,0.0,13.340472713740953,0.0,224.71194855472055,0.0,105.0,0.0,68.41662954593909,0.0,9.210909721778082,0.0,10.246950765959598,0.0,6.780135811424453,0.0,853.417257987085,0.0,110.4736825206335,0.0,77.30579665180623,0.0,2.4055997772511173,0.0,13.977982751274853,0.0,614.8035558617579,0.0,219.83173140663627,0.0,9.210909721770653,0.0,7.861110193394469,0.0,5.844145320085796,0.0
Rchcr,218.75294117647059,0.0,12.947938815479333,0.0,226.6153488133511,0.0,106.0,0.0,68.17111899420384,0.0,9.210555328946292,0.0,10.295630140987,0.0,6.724484129704971,0.0,853.0960474959602,0.0,111.26964359825334,0.0,74.11638199086062,0.0,4.3341509357449,0.0,14.793458481438313,0.0,227.24395634312035,0.0,175.54113949298528,0.0,9.210555328950432,0.0,7.768629189441692,0.0,5.789026148242169,0.0
Recht,228.1843137254902,0.0,13.333256631843973,0.0,225.93459894766016,0.0,119.0,0.0,76.2872801440555,0.0,9.262008888592565,0.0,10.908712114635714,0.0,7.083151575899644,0.0,861.7228388445027,0.0,101.45720488552715,0.0,67.2174985170221,0.0,3.9357069239360962,0.0,9.68154690856233,0.0,414.6100916165494,0.0,242.43265584794798,0.0,9.262008888602649,0.0,8.42047375076025,0.0,6.17949029549832,0.0
Redon,245.56862745098042,0.0,13.799971582806775,0.0,227.2276680354081,0.0,118.0,0.0,76.4967047592821,0.0,9.358740504703736,0.0,10.862780491200215,0.0,7.1297621182050674,0.0,922.081049658323,0.0,121.96905841537625,0.0,83.0984481266364,0.0,2.6658850460022294,0.0,10.176702090063312,0.0,422.34637798585584,0.0,119.32106211095312,0.0,9.358740504698856,0.0,8.576614660512117,0.0,6.2110406545287145,0.0
Regel,245.14117647058822,0.0,13.93968387807021,0.0,243.45314662282271,0.0,137.0,0.0,91.86597338646348,0.0,10.016455123412513,0.0,11.704699910719626,0.0,7.976228327792926,0.0,925.8017393646583,0.0,183.8508246967647,0.0,139.21241152391528,0.0,4.201767255605214,0.0,10.01650177462603,0.0,208.0284339154185,0.0,131.3020595578512,0.0,10.016455123408544,0.0,9.366245251313082,0.0,7.120187744153492,0.0
Regen,255.54117647058825,0.0,14.191796017496513,0.0,230.8379948867871,0.0,130.0,0.0,85.68944826450455,0.0,9.594439967727924,0.0,11.40175425099138,0.0,7.6103825904984985,0.0,920.0389896869877,0.0,159.40879629207885,0.0,118.74581625160491,0.0,2.409132606684843,0.0,8.878230092076715,0.0,408.8054756087832,0.0,111.95361967383661,0.0,9.594439967718081,0.0,9.348061955363928,0.0,6.7855899986942365,0.0
Regie,244.40784313725487,0.0,13.93530501548723,0.0,235.6178708630626,0.0,124.0,0.0,82.20237626649174,0.0,9.6603694042321,0.0,11.135528725660043,0.0,7.4878084168583445,0.0,942.9239189920613,0.0,162.88861748364565,0.0,121.10153767555114,0.0,3.11775684158619,0.0,9.56687415261623,0.0,454.22350750493666,0.0,330.8747800177886,0.0,9.66036940422887,0.0,9.110495244486252,0.0,6.66061631411356,0.0
Regil,232.0078431372549,0.0,13.603076522909072,0.0,252.73663505330515,0.0,135.0,0.0,90.75359693099371,0.0,10.218528500964382,0.0,11.61895003862225,0.0,7.9537878679428475,0.0,945.5316427778387,0.0,188.36630934241143,0.0,141.97220978646592,0.0,5.757116042803329,0.0,10.582195356744077,0.0,470.31687467357904,0.0,338.2374405050415,0.0,10.218528500982039,0.0,8.991193554327358,0.0,7.0473257483777,0.0
Rehst,236.39607843137253,0.0,13.58918028573244,0.0,224.45350730130826,0.0,112.0,0.0,72.26226482331882,0.0,9.200272478775263,0.0,10.583005244258363,0.0,6.913541830015488,0.0,861.4245772652636,0.0,99.34222951626468,0.0,65.9419108877677,0.0,4.26233254875246,0.0,9.735208991150383,0.0,321.0105790853865,0.0,216.65623324226638,0.0,9.200272478795107,0.0,8.210009716591728,0.0,5.993946494194236,0.0
Reibe,241.94509803921568,0.0,13.831836747326456,0.0,230.77502787429069,0.0,117.0,0.0,76.7440114142862,0.0,9.444346576861415,0.0,10.816653826391969,0.0,7.179010603664556,0.0,888.7019834645697,0.0,158.4135296387169,0.0,105.6698794134252,0.0,2.3632759845338525,0.0,10.181286182665756,0.0,241.70866581846028,0.0,155.08910802872944,0.0,9.444346576858255,0.0,8.946527434570536,0.0,6.328878852297314,0.0
Reihe,236.1607843137255,0.0,13.7432708360062,0.0,228.69443027107468,0.0,115.0,0.0,74.79425128167739,0.0,9.355628703122484,0.0,10.723805294763608,0.0,7.059368382841727,0.0,880.3618027882509,0.0,100.79004837824252,0.0,66.46472000348555,0.0,2.5555553638681823,0.0,9.922445095333803,0.0,347.099174947226,0.0,171.99861525646133,0.0,9.355628703116004,0.0,8.692661426619152,0.0,6.19915372355482,0.0
Reime,243.0078431372549,0.0,13.867770672935848,0.0,243.28318552534523,0.0,129.0,0.0,84.91297578648688,0.0,9.870772951343305,0.0,11.357816691600547,0.0,7.564827080485224,0.0,912.0340900687546,0.0,157.36555214585476,0.0,103.53963902310232,0.0,2.3585374388588654,0.0,9.387110111654653,0.0,219.4693853995116,0.0,146.3443857442537,0.0,9.870772951335582,0.0,9.025019932232675,0.0,6.6709616338111015,0.0
Reise,230.50196078431372,0.0,13.514259204464151,0.0,218.64623001892346,0.0,99.0,0.0,63.7519528202303,0.0,8.916638361581427,0.0,9.9498743710662,0.0,6.473999555241928,0.0,879.5909446846388,0.0,90.73453463783396,0.0,57.658387812659576,0.0,2.785294732528099,0.0,8.569647580121169,0.0,183.97496741328482,0.0,122.69182753987768,0.0,8.916638361576506,0.0,8.04936168311858,0.0,5.6027780237087725,0.0
Reize,228.94509803921568,0.0,13.6155784083556,0.0,226.78505991960236,0.0,106.0,0.0,68.56702086589834,0.0,9.186585175643176,0.0,10.295630140987,0.0,6.731856322233406,0.0,882.7582715190435,0.0,133.99364348805125,0.0,90.83310847252125,0.0,2.8720876563823383,0.0,10.933299828122674,0.0,269.90409969105696,0.0,173.45542122895426,0.0,9.186585175638813,0.0,8.459713539094768,0.0,5.866780522920925,0.0
Relpe,246.60392156862744,0.0,13.965630355224286,0.0,240.2432511817879,0.0,126.0,0.0,85.05179434847052,0.0,9.869367574565153,0.0,11.224972160321824,0.0,7.693163591696034,0.0,7566.404978275385,0.0,338.5032200017979,0.0,222.46323990869868,0.0,2.4239302870391763,0.0,11.409321470368296,0.0,178.70327617608305,0.0,117.81591100655265,0.0,9.869367574558252,0.0,9.25092031823464,0.0,6.862284825028345,0.0
Remis,241.22745098039215,0.0,13.714988139038956,0.0,240.4870552599389,0.0,118.0,0.0,77.66626468293498,0.0,9.71398993313495,0.0,10.862780491200215,0.0,7.240461240465446,0.0,905.9167739455418,0.0,143.7768654802424,0.0,93.84854869373667,0.0,3.4432748609322523,0.0,9.378462528923501,0.0,456.49576359791547,0.0,331.31013403353796,0.0,9.713989933136979,0.0,8.34283176192908,0.0,6.310577210077843,0.0
Rente,232.2980392156863,0.0,13.593936500265148,0.0,221.93710209954693,0.0,115.0,0.0,73.9183784046455,0.0,9.14550862256379,0.0,10.723805294763608,0.0,6.961816515828013,0.0,864.442062500648,0.0,99.25736809543072,0.0,65.09843684015652,0.0,3.387117152570517,0.0,8.21537503559069,0.0,198.21846180927741,0.0,121.98902180789786,0.0,9.145508622549263,0.0,8.5924651857807,0.0,6.095187385174063,0.0
Reste,232.5176470588235,0.0,13.514351378994295,0.0,218.53016767769864,0.0,108.0,0.0,69.48604935571903,0.0,8.990451897184034,0.0,10.392304845413264,0.0,6.756485245692284,0.0,864.4948821158179,0.0,98.48302676295344,0.0,64.89936283563134,0.0,3.282101765858544,0.0,8.591626210922929,0.0,177.6186698458232,0.0,120.54044202379835,0.0,8.990451897167484,0.0,8.372810761227186,0.0,5.912826929862222,0.0
Retan,230.98431372549018,0.0,13.426428745218967,0.0,227.2117252904182,0.0,115.0,0.0,73.60752538382826,0.0,9.253471435125764,0.0,10.723805294763608,0.0,6.942192392218857,0.0,863.828336729941,0.0,106.83604827386976,0.0,70.32191572124889,0.0,2.8093601615806154,0.0,9.014902009322899,0.0,413.75690557650097,0.0,121.05510309240934,0.0,9.253471435123387,0.0,8.404735285048043,0.0,6.015669147452101,0.0
Retel,221.89803921568625,0.0,13.33052219500578,0.0,237.11061058872042,0.0,124.0,0.0,82.02239932183838,0.0,9.700158724453702,0.0,11.135528725660043,0.0,7.474950074993312,0.0,868.3347064500867,0.0,137.25636518556664,0.0,99.64048033373916,0.0,4.833421791304739,0.0,9.562938583422932,0.0,217.62164409760706,0.0,134.6445633794947,0.0,9.700158724451027,0.0,8.717929074697995,0.0,6.587695974812327,0.0
Reten,232.2980392156863,0.0,13.593936500265148,0.0,224.4954588526848,0.0,117.0,0.0,75.84587419987945,0.0,9.263745696779113,0.0,10.816653826391969,0.0,7.083260792905963,0.0,862.1879402771676,0.0,102.22205426209462,0.0,68.18136604743435,0.0,2.6537464618988302,0.0,8.314761981406098,0.0,413.667298191674,0.0,115.90320533557794,0.0,9.263745696770147,0.0,8.698390630750366,0.0,6.224539852466884,0.0
Reusu,233.34509803921569,0.0,13.408791666808014,0.0,217.81375275705665,0.0,114.0,0.0,71.00311355163018,0.0,8.928925857732207,0.0,10.677078252031311,0.0,6.712990950212579,0.0,860.1440401227967,0.0,89.91477644780231,0.0,55.52145018041798,0.0,3.021826623000049,0.0,12.203895541165052,0.0,474.8737683118394,0.0,116.32175647360594,0.0,8.928925857732764,0.0,8.041307263481775,0.0,5.845316665622974,0.0
Reuzo,228.8235294117647,0.0,13.375573230573846,0.0,220.6396865120817,0.0,107.0,0.0,67.40573279015582,0.0,8.965076152957787,0.0,10.344080432788601,0.0,6.586293822305798,0.0,863.2706158953673,0.0,129.91319221380525,0.0,87.95775738204222,0.0,3.7971074875871733,0.0,12.039136706783749,0.0,332.3217340839079,0.0,186.14619893183846,0.0,8.9650761529437,0.0,8.055750388612642,0.0,5.709142661283835,0.0
Revue,231.12941176470588,0.0,13.481277261495189,0.0,231.2712016046945,0.0,132.0,0.0,85.383233579815,0.0,9.538211243397637,0.0,11.489125293076057,0.0,7.508918218942008,0.0,881.7336499862411,0.0,138.40579538303288,0.0,99.59678656008181,0.0,2.862379182085646,0.0,13.273482322633955,0.0,254.57313419442897,0.0,153.3474400746213,0.0,9.538211243391604,0.0,9.06622396720476,0.0,6.709821443856561,0.0
Rfhmt,246.0941176470588,0.0,13.93032588415484,0.0,265.9028603207772,0.0,149.0,0.0,100.35894798508713,0.0,10.668869811218393,0.0,12.206555615733702,0.0,8.36299670782028,0.0,1266.207971957663,0.0,664.7448927743346,0.0,532.2970964154553,0.0,3.013161808139003,0.0,22.33175847313415,0.0,371.5823685821207,0.0,243.78853457744938,0.0,10.668869811215245,0.0,9.339026232504251,0.0,7.397294260618167,0.0
Rgmls,254.0862745098039,0.0,13.984502874464484,0.0,256.11997851047306,0.0,128.0,0.0,88.00672708571238,0.0,10.353357941035734,0.0,11.313708498984761,0.0,7.913393345292963,0.0,2249.369734238634,0.0,957.3996610985822,0.0,789.0957408157798,0.0,4.275412311984591,0.0,20.629080024131778,0.0,296.01802411524505,0.0,314.9994971694264,0.0,10.353357941031035,0.0,8.699602338054437,0.0,6.936639516299934,0.0
Rhqzh,262.02745098039213,0.0,14.368777826938091,0.0,251.70492180349999,0.0,137.0,0.0,92.061800206796,0.0,10.261684977683078,0.0,11.704699910719626,0.0,8.02620543728431,0.0,11995.201221365534,0.0,5056.263530690565,0.0,4332.175448359345,0.0,2.0860954622940073,0.0,42.87750977044858,0.0,696.804979211381,0.0,289.1039505607762,0.0,10.26168497767585,0.0,9.262827688857618,0.0,7.070285572181418,0.0
Rhrzs,233.61960784313726,0.0,13.571222125257817,0.0,232.07671113054846,0.0,103.0,0.0,67.18483584539405,0.0,9.355304638993214,0.0,10.14889156509222,0.0,6.723902016281201,0.0,855.7867533666778,0.0,147.711761554257,0.0,103.04302188670164,0.0,3.119314157990119,0.0,12.672765233613069,0.0,389.3511429882684,0.0,222.72567845953208,0.0,9.355304638985777,0.0,7.809000029938541,0.0,5.777014588847335,0.0
Riege,244.40784313725487,0.0,13.935305015487232,0.0,236.74343017118645,0.0,125.0,0.0,84.0486146544533,0.0,9.763119172876028,0.0,11.180339887498949,0.0,7.6251136968654105,0.0,960.2192020209869,0.0,165.66137172768532,0.0,123.01019788754104,0.0,2.93996572394293,0.0,9.412658391767403,0.0,233.68683584870473,0.0,133.08002985491024,0.0,9.763119172867034,0.0,9.16046989299558,0.0,6.790729177247874,0.0
Riffe,226.66666666666663,0.0,13.647928752980931,0.0,252.9785434096537,0.0,122.0,0.0,82.86242383501688,0.0,10.13997737294122,0.0,11.045361017187261,0.0,7.639081341449009,0.0,930.7536736196016,0.0,365.00425692310773,0.0,264.4569294300309,0.0,2.738062086733138,0.0,12.987693353622374,0.0,229.0959629102523,0.0,153.0652542089529,0.0,10.13997737290988,0.0,9.108777190794012,0.0,6.775950549234605,0.0
Rigil,218.87450980392157,0.0,13.25792574861201,0.0,260.20902776090554,0.0,130.0,0.0,88.16998809437108,0.0,10.3854144103366,0.0,11.40175425099138,0.0,7.884997911328542,0.0,945.9276355722749,0.0,191.01922249203875,0.0,143.42199849600573,0.0,4.78801006429533,0.0,10.780932202783173,0.0,490.9027266078267,0.0,344.7625996819767,0.0,10.385414410355441,0.0,8.515477955316404,0.0,6.918992817147042,0.0
Rilie,206.74901960784314,0.0,12.978028930066774,0.0,241.53252936587032,0.0,105.0,0.0,69.90915518623846,0.0,9.666173480148226,0.0,10.246950765959598,0.0,6.927456631115414,0.0,887.9008158555023,0.0,109.58083190225216,0.0,74.16715381908224,0.0,3.7450919313624964,0.0,8.943284139454644,0.0,477.133055200179,0.0,338.3624930010815,0.0,9.666173480157855,0.0,7.787821873242256,0.0,5.995765683261353,0.0
Rille,207.48235294117646,0.0,12.982730670221773,0.0,245.67095323328323,0.0,110.0,0.0,74.07155364417599,0.0,9.857799223368039,0.0,10.488088481701515,0.0,7.178037113125451,0.0,869.0457276076685,0.0,117.83874636229868,0.0,83.24692623138982,0.0,3.7099070921993067,0.0,8.64774632318984,0.0,330.1723417859003,0.0,321.1498043865472,0.0,9.857799223371812,0.0,7.938192480855772,0.0,6.240228359685849,0.0
Rinde,240.5450980392157,0.0,13.815278861713676,0.0,233.8089208532092,0.0,118.0,0.0,77.0687602756923,0.0,9.547331844942008,0.0,10.862780491200215,0.0,7.187100369741123,0.0,914.3892618147314,0.0,117.66461275895989,0.0,79.45082089300458,0.0,2.975337846343345,0.0,8.984626632559838,0.0,277.65941558213154,0.0,150.97635850108122,0.0,9.547331844951305,0.0,8.531888215516657,0.0,6.224742554471479,0.0
Ringe,242.4078431372549,0.0,13.861312292485849,0.0,235.14554186813035,0.0,121.0,0.0,80.08862728899905,0.0,9.642644697834983,0.0,11.0,0.0,7.385726949223363,0.0,958.4678370246043,0.0,164.47201779774454,0.0,121.64671772209356,0.0,2.9732468317265512,0.0,8.944549236611575,0.0,249.3762943302954,0.0,134.22653815585437,0.0,9.642644697826624,0.0,8.745684570190045,0.0,6.470068692318659,0.0
Rippe,259.4588235294118,0.0,14.247251500453894,0.0,251.75322950328373,0.0,138.0,0.0,94.15570970781283,0.0,10.292472151752246,0.0,11.74734012447073,0.0,8.157272004828846,0.0,11089.120567284095,0.0,483.4261365302973,0.0,317.1987325337374,0.0,2.8670721023040975,0.0,11.823139168095834,0.0,225.17662130301306,0.0,133.75550796942076,0.0,10.292472151741629,0.0,9.699398845142643,0.0,7.2908951980881085,0.0
Risse,228.72156862745095,0.0,13.357433812760734,0.0,216.96468860434055,0.0,95.0,0.0,60.62497752508686,0.0,8.82817691142341,0.0,9.746794344808963,0.0,6.292654404988257,0.0,863.8797617727205,0.0,89.5894733676295,0.0,56.448666379951774,0.0,2.1292747745651055,0.0,8.897774534494026,0.0,224.6207257318252,0.0,128.97935273646215,0.0,8.828176911415408,0.0,7.524593335579527,0.0,5.363291039630641,0.0
Ritze,217.82745098039214,0.0,13.270846657660902,0.0,233.56741043105933,0.0,108.0,0.0,70.4338600427093,0.0,9.411637423938467,0.0,10.392304845413264,0.0,6.8663570479052645,0.0,868.3526517558267,0.0,143.78592165714838,0.0,98.85717462794248,0.0,2.889226288192062,0.0,10.899857591819506,0.0,303.5444510443537,0.0,180.6154918504031,0.0,9.41163742393287,0.0,8.25032260965146,0.0,5.934582411116248,0.0
Rkbnn,255.17254901960783,0.0,14.093046649325114,0.0,249.51348521785076,0.0,150.0,0.0,99.41073936389904,0.0,10.25978002914201,0.0,12.24744871391589,0.0,8.238463578227853,0.0,874.7191935921223,0.0,237.32397121760053,0.0,178.11423070201866,0.0,2.9546945703599525,0.0,16.56388716497162,0.0,465.036708232029,0.0,153.52113107880103,0.0,10.259780029137616,0.0,9.342744067678876,0.0,7.307445331468988,0.0
Rkscr,227.18039215686272,0.0,13.21543550119902,0.0,238.18567868838227,0.0,121.0,0.0,80.301162216229,0.0,9.735964876856137,0.0,11.0,0.0,7.423767098960819,0.0,870.7447646007728,0.0,218.81675616517836,0.0,167.30808398969052,0.0,5.64213527533256,0.0,17.0810607129238,0.0,220.08329657387213,0.0,171.9859638382243,0.0,9.735964876863815,0.0,8.197720819382921,0.0,6.533688697375077,0.0
Rktlt,214.87450980392157,0.0,13.06027843276143,0.0,258.3147918674562,0.0,134.0,0.0,91.71913053807549,0.0,10.427376650074178,0.0,11.575836902790225,0.0,8.056292876890723,0.0,872.7765155376857,0.0,228.28444116881263,0.0,175.66815347601434,0.0,6.686256256883034,0.0,16.01047052432732,0.0,399.01222592231517,0.0,364.21506474925513,0.0,10.42737665006643,0.0,8.536324330885702,0.0,7.107181447335586,0.0
Rldsh,245.3764705882353,0.0,13.815017265196516,0.0,244.0777326929668,0.0,124.0,0.0,82.69651362128232,0.0,9.940648721042177,0.0,11.135528725660043,0.0,7.559809511800603,0.0,917.3268142899973,0.0,149.46228966104624,0.0,108.38134487942887,0.0,2.509345699480756,0.0,12.853762764360917,0.0,610.1931273697455,0.0,222.6878677738509,0.0,9.94064872103206,0.0,8.522459093292749,0.0,6.542765733691564,0.0
Rmstr,232.6862745098039,0.0,13.409415572276215,0.0,253.02373566802436,0.0,138.0,0.0,90.91212970387112,0.0,10.19150835165255,0.0,11.74734012447073,0.0,7.865728167396398,0.0,1075.774970223878,0.0,235.98322997046742,0.0,162.45504530923463,0.0,6.3307445251864785,0.0,14.717298877342747,0.0,247.4151169638329,0.0,178.9329235479577,0.0,10.191508351661318,0.0,8.765566171246688,0.0,6.925194898880698,0.0
Rntzt,217.84313725490193,0.0,13.19322231131524,0.0,236.52137586963738,0.0,115.0,0.0,75.04949421321622,0.0,9.554609178307448,0.0,10.723805294763608,0.0,7.091885771352409,0.0,854.453807704723,0.0,148.63567911504157,0.0,102.79713757391288,0.0,4.721298327383943,0.0,13.507256302391122,0.0,368.74179861833784,0.0,247.61854309342095,0.0,9.554609178312536,0.0,8.147303497371581,0.0,6.095619066232165,0.0
Rnvmt,233.88235294117646,0.0,13.48853158905986,0.0,260.6749833294191,0.0,154.0,0.0,102.16548393279945,0.0,10.52431396550179,0.0,12.409673645990857,0.0,8.343801270016803,0.0,901.3057206514427,0.0,194.2974694449914,0.0,135.61717138023417,0.0,3.0858691408051087,0.0,15.522493046449512,0.0,329.4074465244295,0.0,230.38430710532725,0.0,10.524313965499541,0.0,9.125885236978691,0.0,7.384937360005145,0.0
Robbe,256.6313725490196,0.0,13.977386581193867,0.0,230.01111894020866,0.0,124.0,0.0,81.30147511021467,0.0,9.5081588925032,0.0,11.135528725660043,0.0,7.3944717585418545,0.0,868.1413671283707,0.0,185.38880021123626,0.0,124.23707708848742,0.0,2.09584475760185,0.0,10.993603772937746,0.0,264.80512139713886,0.0,159.1170980142656,0.0,9.508158892493897,0.0,9.067945750845059,0.0,6.499560889621191,0.0
Rocho,223.08235294117645,0.0,12.948232182326793,0.0,215.29853865819928,0.0,96.0,0.0,61.50149886748017,0.0,8.814863755192231,0.0,9.797958971132712,0.0,6.361312496823645,0.0,849.5111679658991,0.0,91.94132773355689,0.0,60.94446900938007,0.0,2.7980366442104114,0.0,10.230868224401743,0.0,402.7679335487537,0.0,183.9914959573502,0.0,8.81486375517427,0.0,7.303984559113705,0.0,5.413839795490155,0.0
Rohre,230.62745098039215,0.0,13.422511460890021,0.0,226.4525219147264,0.0,108.0,0.0,70.35524779097905,0.0,9.275524443967111,0.0,10.392304845413264,0.0,6.859999020558873,0.0,855.4134953394392,0.0,106.8980922364488,0.0,72.04566215997653,0.0,2.591794733227837,0.0,9.563936366954728,0.0,320.5782089941336,0.0,165.49784544750838,0.0,9.275524443954016,0.0,8.092256073721087,0.0,5.918568840138951,0.0
Rohöl,227.36862745098037,0.0,13.206026026555888,0.0,236.41116159529957,0.0,114.0,0.0,75.66184583154498,0.0,9.641676313759524,0.0,10.677078252031311,0.0,7.213111324043805,0.0,861.0562508251606,0.0,202.31365272020034,0.0,131.25774240592983,0.0,3.7658482694878326,0.0,33.41436149399156,0.0,300.962511080128,0.0,225.86296503543747,0.0,9.641676313766498,0.0,7.93424022934473,0.0,6.27023604445332,0.0
Rolle,212.50588235294117,0.0,12.966440580008026,0.0,234.8571907573433,0.0,104.0,0.0,69.63269836641815,0.0,9.530094908627811,0.0,10.198039027185569,0.0,6.934461661019038,0.0,857.1643668409102,0.0,111.58956201302068,0.0,79.60065245558364,0.0,3.763541686688301,0.0,8.462945786132348,0.0,307.11057054540385,0.0,314.16056686596886,0.0,9.530094908627769,0.0,7.7128696274951265,0.0,6.012651122608921,0.0
Roman,244.71764705882356,0.0,13.612842501434375,0.0,238.46751328921974,0.0,123.0,0.0,79.78192315064518,0.0,9.671798765703398,0.0,11.090536506409418,0.0,7.277940890321251,0.0,875.9683057991288,0.0,142.94275016333728,0.0,92.29102329049138,0.0,2.1371104623707127,0.0,9.352021639926107,0.0,415.38472458925173,0.0,118.66172355567916,0.0,9.671798765699068,0.0,8.297723514440886,0.0,6.265036237983146,0.0
Rommé,264.7803921568627,0.0,14.191550030641578,0.0,258.6875725204021,0.0,149.0,0.0,99.36884828556207,0.0,10.466579761838775,0.0,12.206555615733702,0.0,8.240778584992363,0.0,2098.7930733444864,0.0,880.131568362581,0.0,727.3890874571,0.0,2.5283871426004323,0.0,29.23104467942287,0.0,250.65367642665225,0.0,151.4485704550448,0.0,10.466579761847203,0.0,9.4293963097862,0.0,7.2681327109659515,0.0
Romon,237.921568627451,0.0,13.421691086394748,0.0,233.52517649218504,0.0,116.0,0.0,75.81222365305734,0.0,9.537096242097592,0.0,10.770329614269007,0.0,7.120007753919867,0.0,873.3969144400085,0.0,138.9557363296331,0.0,90.27018579169707,0.0,2.422059692907212,0.0,9.866073538381148,0.0,422.948077966372,0.0,116.993298730097,0.0,9.537096242091538,0.0,7.999570268180507,0.0,6.133167060558335,0.0
Rondo,237.45882352941175,0.0,13.444158791580293,0.0,222.4446112852399,0.0,103.0,0.0,67.04421875042162,0.0,9.130179330097898,0.0,10.14889156509222,0.0,6.691577108719163,0.0,899.9077321060042,0.0,111.39030867267222,0.0,75.9697339501357,0.0,2.253674875273347,0.0,9.649892041847956,0.0,319.41087545712736,0.0,159.93909541422218,0.0,9.130179330097215,0.0,7.707593373648143,0.0,5.701440319166068,0.0
Rosen,233.52549019607844,0.0,13.422210700922614,0.0,212.69019715830535,0.0,100.0,0.0,63.82959561354457,0.0,8.783318941097903,0.0,10.0,0.0,6.442160775523771,0.0,849.3769332083417,0.0,84.23484220034182,0.0,52.99573559911882,0.0,1.7647084838852631,0.0,8.444476814692756,0.0,416.43345638655177,0.0,112.14542028327715,0.0,8.78331894108508,0.0,7.689829141732847,0.0,5.54415871153915,0.0
Roton,216.078431372549,0.0,12.861084302155218,0.0,218.9280187250439,0.0,97.0,0.0,62.61536177185996,0.0,8.951215456913252,0.0,9.848857801796104,0.0,6.433748080831851,0.0,849.6707433354293,0.0,99.31135442450918,0.0,66.3039948938527,0.0,3.1523275241194737,0.0,9.442570220386738,0.0,427.22145302238397,0.0,119.77993216607146,0.0,8.951215456908722,0.0,7.3434151093926365,0.0,5.474716372771072,0.0
Rotor,207.52156862745096,0.0,12.616389016613722,0.0,225.78752905540512,0.0,101.0,0.0,65.50196699359917,0.0,9.166966572189677,0.0,10.04987562112089,0.0,6.613906633124283,0.0,852.3290278358378,0.0,113.38897495862132,0.0,76.62840090569918,0.0,4.643295017354563,0.0,9.983884404676447,0.0,221.25961245167142,0.0,172.35927945114406,0.0,9.16696657218596,0.0,7.462537658424077,0.0,5.659869195463062,0.0
Rotos,216.29803921568626,0.0,12.776935197801834,0.0,211.03896893467433,0.0,81.0,0.0,52.35126682918787,0.0,8.587664186605252,0.0,9.0,0.0,5.890746194036129,0.0,849.3847797553328,0.0,94.64930793466485,0.0,63.45527260502992,0.0,3.141550697162607,0.0,9.36863175129928,0.0,213.70817232372147,0.0,119.60047863640932,0.0,8.587664186587427,0.0,6.684623944655378,0.0,4.943689127514497,0.0
Rotte,215.0705882352941,0.0,12.957215847631268,0.0,223.65268983539886,0.0,103.0,0.0,67.45739971329299,0.0,9.147050913074237,0.0,10.14889156509222,0.0,6.728092267960786,0.0,854.2580579690684,0.0,110.44555419681645,0.0,75.4455225411403,0.0,3.4252050581271156,0.0,8.559664750029226,0.0,197.93723173118045,0.0,124.7649491867605,0.0,9.147050913060081,0.0,7.932402535597822,0.0,5.814386703783408,0.0
Route,221.04313725490195,0.0,13.080624797693696,0.0,218.74790571605095,0.0,106.0,0.0,67.43134987162972,0.0,8.963179892278543,0.0,10.295630140987,0.0,6.6219206154691115,0.0,852.9183625845003,0.0,97.011153935781,0.0,63.37870217350952,0.0,2.916987429721378,0.0,8.796092414203706,0.0,194.50664344820788,0.0,122.27242765033127,0.0,8.9631798922636,0.0,7.828261835145725,0.0,5.730821701234029,0.0
Rpssh,259.321568627451,0.0,14.063700305474343,0.0,236.12229322404875,0.0,121.0,0.0,80.89435359990038,0.0,9.715590405005749,0.0,11.0,0.0,7.4856894011224755,0.0,12744.236824229047,0.0,546.617606122285,0.0,359.2441142305394,0.0,2.8520354762109155,0.0,15.210062623371261,0.0,600.6429848387531,0.0,213.4739436914321,0.0,9.715590404998721,0.0,8.71186174542433,0.0,6.576900942221416,0.0
Rqhrl,238.5294117647059,0.0,13.728038418915457,0.0,259.8878430292672,0.0,134.0,0.0,91.64184923315358,0.0,10.504452505885794,0.0,11.575836902790225,0.0,8.093676785320987,0.0,9908.036347815114,0.0,4816.524863233976,0.0,4033.111059156463,0.0,6.438932327102211,0.0,38.32403762656973,0.0,345.7271580550692,0.0,187.49948832928607,0.0,10.50445250588521,0.0,8.712071690902057,0.0,7.065485370657497,0.0
Rqngk,271.8274509803922,0.0,14.53596158366762,0.0,259.00638368523664,0.0,149.0,0.0,103.09100895486907,0.0,10.669138460161603,0.0,12.206555615733702,0.0,8.604248062774053,0.0,9916.345640167618,0.0,4818.214609682923,0.0,4034.3639069212886,0.0,2.2513253824375403,0.0,38.738010674416536,0.0,1075.1432527668635,0.0,253.35943798735127,0.0,10.66913846013125,0.0,9.567819646392332,0.0,7.656471160215524,0.0
Rqvxs,249.12549019607843,0.0,13.887416269488748,0.0,254.8916501310693,0.0,140.0,0.0,95.8516183287304,0.0,10.404196092913653,0.0,11.832159566199232,0.0,8.243090181717594,0.0,9909.639824052965,0.0,4818.717929888222,0.0,4034.9474057511443,0.0,2.788421460765717,0.0,56.195494380927286,0.0,387.1963473626945,0.0,168.46367407844141,0.0,10.404196092899516,0.0,9.10569995005622,0.0,7.388556741623181,0.0
Rqzgz,263.05882352941177,0.0,14.43203003617348,0.0,251.69910451306993,0.0,128.0,0.0,87.61174148855471,0.0,10.219474393846154,0.0,11.313708498984761,0.0,7.9016220209611605,0.0,9917.222301695883,0.0,4821.001996555244,0.0,4036.0615861952006,0.0,2.451165897867408,0.0,41.518297303134624,0.0,200.3928112650189,0.0,125.24924895678913,0.0,10.219474393836588,0.0,9.179350454673704,0.0,6.935643120777358,0.0
Rrhmc,239.47058823529414,0.0,13.572732576331848,0.0,251.68562442462883,0.0,133.0,0.0,87.94687092515642,0.0,10.143959998480632,0.0,11.532562594670797,0.0,7.737382391814631,0.0,886.6033568108833,0.0,172.5923388582739,0.0,114.08878699210824,0.0,2.567123857355314,0.0,20.00458751548668,0.0,311.66325999098495,0.0,153.7283957894115,0.0,10.143959998481002,0.0,8.69336585635378,0.0,6.774508099814497,0.0
Rrhrn,226.18039215686275,0.0,13.398130898467597,0.0,244.6700261599891,0.0,126.0,0.0,82.22150896431813,0.0,9.882561358243692,0.0,11.224972160321824,0.0,7.4340246052554155,0.0,854.7311368075824,0.0,128.56914447758157,0.0,85.31210023510795,0.0,2.7694566960630276,0.0,11.139292131755148,0.0,518.4017107250492,0.0,171.29811581918415,0.0,9.882561358236549,0.0,8.423686933493512,0.0,6.434014536158942,0.0
Rrtqt,224.8156862745098,0.0,13.305740768882016,0.0,250.8617840086608,0.0,130.0,0.0,87.2280081962569,0.0,10.15308725106693,0.0,11.40175425099138,0.0,7.799953003925748,0.0,35623.55348900592,0.0,13706.14958645374,0.0,12197.420659894458,0.0,3.3124764505648723,0.0,71.14554392379148,0.0,374.87151108462393,0.0,233.34092987051196,0.0,10.153087251068767,0.0,8.70509885845385,0.0,6.831256581486336,0.0
Rstfr,219.1529411764706,0.0,13.192991510282583,0.0,245.46950619983622,0.0,119.0,0.0,78.64737549708046,0.0,9.860223870503612,0.0,10.908712114635714,0.0,7.346240298716213,0.0,877.3691324037038,0.0,247.05611215071463,0.0,176.15275729245155,0.0,4.474578240733573,0.0,15.597409177137173,0.0,193.99690262084405,0.0,184.7238525099401,0.0,9.860223870486122,0.0,8.462462926914986,0.0,6.402204378866971,0.0
Rstwh,240.06666666666666,0.0,13.510889850775362,0.0,244.33569394162683,0.0,129.0,0.0,84.11329974919873,0.0,9.900103038365582,0.0,11.357816691600547,0.0,7.5190641898216075,0.0,917.5367175501144,0.0,190.71775472814556,0.0,125.92600136895079,0.0,2.5143635653719607,0.0,21.016750222481917,0.0,698.1562034235916,0.0,250.6031458112522,0.0,9.900103038361904,0.0,8.58739232341895,0.0,6.557630194386753,0.0
Rthpl,239.36470588235295,0.0,13.70395397245067,0.0,261.35611061166827,0.0,142.0,0.0,97.29795282563018,0.0,10.571016754141633,0.0,11.916375287812984,0.0,8.324293348581433,0.0,7565.781203864796,0.0,364.7926890607067,0.0,246.58862940272886,0.0,3.30013004881504,0.0,15.14509766719541,0.0,265.92037100562743,0.0,148.20040525748135,0.0,10.57101675414634,0.0,9.105503764833642,0.0,7.365483837026183,0.0
Rthsp,249.9843137254902,0.0,13.882839251479858,0.0,243.9277282384789,0.0,126.0,0.0,85.07522360176337,0.0,9.968686274760064,0.0,11.224972160321824,0.0,7.7171287072076575,0.0,26915.6131047737,0.0,1090.8042066816472,0.0,697.7817973038757,0.0,3.2847273437328286,0.0,19.29270802481929,0.0,235.89344108619744,0.0,124.72779249937356,0.0,9.96868627476102,0.0,8.895455469931983,0.0,6.810669068243456,0.0
Rthwh,245.7254901960784,0.0,13.739957641352435,0.0,255.94000210575712,0.0,144.0,0.0,95.34455432179749,0.0,10.349783815252271,0.0,12.0,0.0,8.072383874163458,0.0,921.1195675153499,0.0,212.9649490038451,0.0,146.56155267041976,0.0,2.444012237689503,0.0,20.50133870919634,0.0,715.018929977856,0.0,255.76065809418188,0.0,10.349783815244342,0.0,9.059059616682566,0.0,7.104266650903506,0.0
Rtswr,225.6313725490196,0.0,13.123454267193306,0.0,249.6263343889115,0.0,136.0,0.0,88.22299622313491,0.0,10.03468013217371,0.0,11.661903789690601,0.0,7.683735905698374,0.0,920.2023032116795,0.0,209.97895176017443,0.0,141.76878453695812,0.0,2.791304998380792,0.0,19.91032937247469,0.0,407.94414903645696,0.0,212.65145310643345,0.0,10.03468013218667,0.0,8.602698373625303,0.0,6.730700624381332,0.0
Rtthr,216.50196078431372,0.0,13.088942479242299,0.0,248.39323187901056,0.0,131.0,0.0,86.4526666180725,0.0,10.02488533714922,0.0,11.445523142259598,0.0,7.683750831810328,0.0,857.9933731662529,0.0,160.8839502651769,0.0,116.92978892903386,0.0,3.3816651223271235,0.0,13.500277398305887,0.0,361.976643465525,0.0,210.64823763109072,0.0,10.024885337157071,0.0,8.654845043907484,0.0,6.7206063863700365,0.0
Rubin,234.79999999999998,0.0,13.535422364774915,0.0,238.90946376072125,0.0,126.0,0.0,81.22104434779575,0.0,9.695668758451733,0.0,11.224972160321824,0.0,7.337493983454881,0.0,877.8196830830947,0.0,143.4568308605452,0.0,94.15874542663119,0.0,3.2482716925844426,0.0,10.188313628356976,0.0,599.8321435238718,0.0,338.02639318048284,0.0,9.695668758468454,0.0,8.509791295478475,0.0,6.385580754232103,0.0
Ruffu,229.50980392156862,0.0,13.54350218240687,0.0,252.13151320283077,0.0,132.0,0.0,87.6308620377798,0.0,10.14423590428488,0.0,11.489125293076057,0.0,7.769862785301776,0.0,916.8681579613088,0.0,365.5255774878642,0.0,264.47952533582065,0.0,2.9064478372199627,0.0,15.482361755047027,0.0,479.0314537101367,0.0,143.5181484132091,0.0,10.14423590426475,0.0,9.077844208148797,0.0,6.909402605604974,0.0
Rugby,263.65882352941173,0.0,14.220124256545294,0.0,266.91246743499835,0.0,168.0,0.0,113.67417018301232,0.0,10.867522451551793,0.0,12.96148139681572,0.0,8.929776658453028,0.0,6023.71667266586,0.0,253.38494550198456,0.0,180.9833529889921,0.0,2.6082816446155155,0.0,12.073029160109215,0.0,262.5810724251444,0.0,164.04742345199594,0.0,10.867522451559996,0.0,10.178458035788301,0.0,8.029456629116833,0.0
Ruhru,228.4470588235294,0.0,13.332179880903878,0.0,236.41925418384346,0.0,124.0,0.0,79.56254127149981,0.0,9.616404277557992,0.0,11.135528725660043,0.0,7.246533570782326,0.0,852.4006047787506,0.0,115.07294270861114,0.0,76.13354116281445,0.0,3.5861474280155625,0.0,12.767374780173649,0.0,542.7153284787017,0.0,169.9441730569962,0.0,9.616404277557493,0.0,8.27336593479677,0.0,6.296369755264278,0.0
Ruine,225.13725490196077,0.0,13.3692676095874,0.0,226.13853563454805,0.0,113.0,0.0,71.79388385396847,0.0,9.212470240224956,0.0,10.63014581273465,0.0,6.832123492107485,0.0,868.550197772022,0.0,96.27456483796367,0.0,60.216655759305404,0.0,2.701903139278861,0.0,8.818497676088292,0.0,244.82881916243883,0.0,145.36827216709767,0.0,9.2124702402211,0.0,8.172276121696406,0.0,5.937349090891248,0.0
Rumpf,261.77647058823527,0.0,14.258560902691519,0.0,271.16603142978283,0.0,159.0,0.0,107.62756058777677,0.0,10.880761573717859,0.0,12.609520212918492,0.0,8.689339349649947,0.0,7579.401947899076,0.0,551.4169072902766,0.0,391.84190290948834,0.0,2.73276553389462,0.0,15.636949187776773,0.0,195.82444891731188,0.0,117.47274818959946,0.0,10.880761573720573,0.0,9.876874390404884,0.0,7.746576600290779,0.0
Rumse,249.21568627450984,0.0,13.831727787206939,0.0,234.41635903707413,0.0,125.0,0.0,80.75732952137204,0.0,9.5816584758995,0.0,11.180339887498949,0.0,7.308063258109721,0.0,877.069854412696,0.0,140.90526079061115,0.0,91.02764920886243,0.0,1.9039008242804745,0.0,9.827377303842368,0.0,180.49614857462763,0.0,114.58558999631738,0.0,9.581658475891718,0.0,8.609044497765398,0.0,6.364899544079543,0.0
Runde,248.5333333333333,0.0,13.931178125066308,0.0,228.19954159276182,0.0,123.0,0.0,79.01043591882568,0.0,9.404029266740588,0.0,11.090536506409418,0.0,7.212431244289102,0.0,903.3399480379181,0.0,115.32758354083884,0.0,77.45580734384473,0.0,2.19497509684069,0.0,9.206345078209628,0.0,245.6268026237034,0.0,137.80839744805715,0.0,9.40402926674674,0.0,8.69184049407465,0.0,6.278922755702712,0.0
Runen,236.27058823529413,0.0,13.636409525396672,0.0,221.3015147956462,0.0,118.0,0.0,74.64245558336223,0.0,9.143112813692577,0.0,10.862780491200215,0.0,6.936889993406505,0.0,849.5733737428232,0.0,90.21007385535866,0.0,55.81382607013225,0.0,1.9338393194863772,0.0,8.402911303970699,0.0,423.5170215136783,0.0,116.04566799927687,0.0,9.143112813681311,0.0,8.315136004868606,0.0,6.032695113966953,0.0
Rvrms,234.6627450980392,0.0,13.444727867094336,0.0,255.74736253857196,0.0,140.0,0.0,93.05583119382956,0.0,10.30823492570556,0.0,11.832159566199232,0.0,7.9878755194266855,0.0,942.7649274785082,0.0,261.40673565789405,0.0,189.280575382758,0.0,2.4346211323566482,0.0,23.47621219222763,0.0,285.28433290844305,0.0,146.73528523385912,0.0,10.308234925695604,0.0,8.712882687605829,0.0,7.082997064523995,0.0
Rzdjr,233.71764705882353,0.0,13.638697010061366,0.0,267.13842386741317,0.0,143.0,0.0,97.9133494234816,0.0,10.687420478971525,0.0,11.958260743101398,0.0,8.348894274908112,0.0,5387.965242974733,0.0,557.2314761293104,0.0,408.9261278816545,0.0,4.063123996851086,0.0,24.747519447090315,0.0,239.82113923518443,0.0,223.91706126832526,0.0,10.68742047898192,0.0,9.15195238603407,0.0,7.362239923874021,0.0
Räder,250.50196078431372,0.0,13.946241599376291,0.0,238.48977654671836,0.0,125.0,0.0,82.11317772324406,0.0,9.73064250462003,0.0,11.180339887498949,0.0,7.450263632302547,0.0,916.0818090965489,0.0,143.56711875788037,0.0,99.81715614583166,0.0,3.7763728369295224,0.0,11.713812217761227,0.0,196.13676244710587,0.0,174.60133383988148,0.0,9.73064250461116,0.0,8.898767457302114,0.0,6.544246877297984,0.0
Räume,256.3764705882353,0.0,14.004631518180526,0.0,239.8648870315017,0.0,133.0,0.0,85.85919338684096,0.0,9.760220308195498,0.0,11.532562594670797,0.0,7.536414737088124,0.0,886.7498577847894,0.0,162.08605731131232,0.0,107.99806969297643,0.0,1.7815541855299433,0.0,11.847012223072527,0.0,215.51866724037083,0.0,143.63737397585913,0.0,9.760220308189188,0.0,8.866985387588018,0.0,6.642772487276544,0.0
Röcke,238.10196078431372,0.0,13.499860879001789,0.0,228.98488713948865,0.0,121.0,0.0,79.4658664787681,0.0,9.4748456066163,0.0,11.0,0.0,7.317783026818003,0.0,858.5891487590292,0.0,180.85680036789853,0.0,108.81271474070391,0.0,2.214168947808889,0.0,13.876328384499244,0.0,410.4108160703462,0.0,229.43917998423888,0.0,9.474845606615773,0.0,8.62971580933094,0.0,6.481681022723077,0.0
Rösön,238.80392156862746,0.0,13.41776095747275,0.0,220.58821963591853,0.0,105.0,0.0,67.56722145281054,0.0,9.06088755678197,0.0,10.246950765959598,0.0,6.678821383720334,0.0,857.9400043460774,0.0,226.63730700117105,0.0,129.6594081873599,0.0,2.1579154061430135,0.0,35.087854742338955,0.0,443.7510991994263,0.0,215.1213495058735,0.0,9.060887556775599,0.0,7.927936047181077,0.0,5.80190767564669,0.0
Rüben,254.6313725490196,0.0,14.048184778775642,0.0,234.6029604792481,0.0,134.0,0.0,86.8401057738254,0.0,9.68074701591326,0.0,11.575836902790225,0.0,7.592238058381635,0.0,857.6242406639858,0.0,146.9370319290225,0.0,97.7250660606498,0.0,2.437626735997999,0.0,12.075279669568348,0.0,430.4160471285241,0.0,147.71490379241374,0.0,9.68074701590718,0.0,9.221095634445655,0.0,6.713283259733782,0.0
Sache,228.1647058823529,0.0,13.096768753695468,0.0,208.50501305299593,0.0,93.0,0.0,57.99350670737769,0.0,8.487912571109135,0.0,9.643650760992955,0.0,6.081253325640888,0.0,852.7814406239063,0.0,76.16745304710356,0.0,51.2966334568768,0.0,1.999008016676073,0.0,8.63304834471252,0.0,309.98645892457535,0.0,189.35730799740557,0.0,8.48791257106195,0.0,7.519710519883384,0.0,5.147737474207511,0.0
Safes,229.69019607843137,0.0,13.270102086306922,0.0,214.49532278834536,0.0,83.0,0.0,54.12323973510624,0.0,8.681369174932717,0.0,9.1104335791443,0.0,6.0327833069206465,0.0,893.408509656795,0.0,284.94036293827236,0.0,208.14753127776567,0.0,1.7069451437799688,0.0,11.429265985083369,0.0,101.39243721029425,0.0,152.128979539873,0.0,8.681369174875707,0.0,7.46465590407406,0.0,5.182991643205487,0.0
Salat,209.4470588235294,0.0,12.556182392071875,0.0,223.5516156290405,0.0,90.0,0.0,57.42828005496588,0.0,8.912760301090795,0.0,9.486832980505138,0.0,6.143671904994675,0.0,853.781812269487,0.0,92.80407880684682,0.0,63.82792107543463,0.0,2.608962479452787,0.0,8.006501941632333,0.0,250.7320239738948,0.0,235.40959493120835,0.0,8.912760301065644,0.0,6.940197318667422,0.0,5.120205288242929,0.0
Salch,215.76470588235296,0.0,12.742696606340052,0.0,220.68863997753778,0.0,87.0,0.0,56.53800757532801,0.0,8.903844944876443,0.0,9.327379053088816,0.0,6.16477862030637,0.0,853.8605124802709,0.0,98.6094358504887,0.0,72.51617249829053,0.0,2.5339204145829743,0.0,9.227598482516491,0.0,583.2563745750601,0.0,234.86985655177787,0.0,8.903844944832361,0.0,7.008676131243021,0.0,5.193914705169382,0.0
Salet,210.7607843137255,0.0,12.735141812550605,0.0,220.8353491913071,0.0,92.0,0.0,59.666628871017075,0.0,8.923426859598566,0.0,9.591663046625438,0.0,6.302638552698253,0.0,852.1220757520236,0.0,87.45286850626127,0.0,61.461616918201194,0.0,2.5405438697105662,0.0,7.699705485132835,0.0,250.69194409538665,0.0,232.82209320745795,0.0,8.9234268595759,0.0,7.2930626746060865,0.0,5.3640584707094146,0.0
Salon,211.7686274509804,0.0,12.637321072553757,0.0,216.36874785712084,0.0,84.0,0.0,53.655645185239095,0.0,8.714308904542655,0.0,9.16515138991168,0.0,5.935147852486861,0.0,850.5059070086564,0.0,81.47511243663672,0.0,56.91558319151326,0.0,2.149218364499964,0.0,8.386617260620469,0.0,392.0558026619191,0.0,151.9681915674416,0.0,8.714308904503504,0.0,6.705634034533458,0.0,4.938279835829113,0.0
Salut,205.61568627450978,0.0,12.495140462546924,0.0,224.45922254348488,0.0,95.0,0.0,60.808648994500984,0.0,9.009756524726363,0.0,9.746794344808963,0.0,6.325522654813646,0.0,851.3336552124465,0.0,89.80368807240792,0.0,62.485105624404575,0.0,2.9881386463950546,0.0,9.149038540407581,0.0,311.8817508653953,0.0,252.79411555143466,0.0,9.009756524690673,0.0,7.085501768607804,0.0,5.329161918517967,0.0
Salve,212.73725490196077,0.0,12.77231844325821,0.0,230.1091457373249,0.0,104.0,0.0,68.64806769740804,0.0,9.329036363984283,0.0,10.198039027185569,0.0,6.825429436033445,0.0,907.920251885158,0.0,143.38603937348444,0.0,109.48917929936204,0.0,2.339098650273798,0.0,14.84957004196237,0.0,197.82774656187206,0.0,205.17865961161982,0.0,9.329036363943345,0.0,7.6897893840607745,0.0,5.921229145286825,0.0
Salze,218.54117647058823,0.0,13.037908234612605,0.0,220.19437708719636,0.0,89.0,0.0,57.0352881783306,0.0,8.834044598404857,0.0,9.433981132056603,0.0,6.12717443062679,0.0,857.290224309393,0.0,126.55473243520905,0.0,89.56627708543931,0.0,2.0855294313779313,0.0,10.429924886381972,0.0,219.9262651309672,0.0,192.33006898389888,0.0,8.83404459836652,0.0,7.455270855390598,0.0,5.181204523099137,0.0
Samen,243.00392156862742,0.0,13.565044296239467,0.0,228.40717415425365,0.0,113.0,0.0,72.92659355908104,0.0,9.308002185938856,0.0,10.63014581273465,0.0,6.929831738764367,0.0,874.2379606455036,0.0,129.66452758474557,0.0,84.79994409237347,0.0,2.3147936806134215,0.0,7.985204257678329,0.0,382.0107532431894,0.0,147.96237809889988,0.0,9.308002185899044,0.0,8.198348419196819,0.0,5.961905586405424,0.0
Samma,254.41568627450982,0.0,13.675041179079477,0.0,249.07972182401744,0.0,127.0,0.0,82.98753283497047,0.0,9.95036778232638,0.0,11.269427669584644,0.0,7.458744425406849,0.0,908.4514089618873,0.0,181.98656996755224,0.0,120.34144930670615,0.0,2.9300827704401,0.0,9.14723431628864,0.0,153.0202194413063,0.0,166.2132573017129,0.0,9.950367782281587,0.0,8.37352672166247,0.0,6.403483222588136,0.0
Sande,242.54117647058825,0.0,13.587274956868884,0.0,215.65108568003654,0.0,100.0,0.0,63.53622659031913,0.0,8.814931162064607,0.0,10.0,0.0,6.425927912006794,0.0,902.9955078946799,0.0,98.77284052039104,0.0,68.4727447794251,0.0,2.8528083668581865,0.0,8.029536076342145,0.0,189.36394636755057,0.0,165.8386432986055,0.0,8.814931162037555,0.0,7.912322761156887,0.0,5.449400103243607,0.0
Satin,208.02745098039216,0.0,12.649309421271322,0.0,223.09350481759492,0.0,92.0,0.0,58.61735522241387,0.0,8.938451185981707,0.0,9.591663046625438,0.0,6.193843313360691,0.0,871.9698622337784,0.0,95.11928787630683,0.0,64.91961678440926,0.0,2.733224053432615,0.0,8.163063848403361,0.0,572.4905911648724,0.0,345.8104119550979,0.0,8.938451185968885,0.0,7.089467484871338,0.0,5.183514838642723,0.0
Satta,210.72941176470587,0.0,12.55142011354053,0.0,218.88348033141293,0.0,86.0,0.0,54.90711098152603,0.0,8.751124437948572,0.0,9.273618495495704,0.0,5.998381270555946,0.0,853.280947604311,0.0,99.10150639286306,0.0,69.08579604164363,0.0,2.4732258446117097,0.0,8.171800340540532,0.0,116.93674106692087,0.0,155.79086837831616,0.0,8.751124437891827,0.0,6.9675008384600305,0.0,4.96538658530245,0.0
Sauha,231.69803921568626,0.0,13.116713821253626,0.0,214.9890246832578,0.0,97.0,0.0,59.645896607300315,0.0,8.656994604208915,0.0,9.848857801796104,0.0,6.125532844877266,0.0,851.6723491821665,0.0,79.25162776437693,0.0,52.454865275350514,0.0,1.9123749909463854,0.0,9.865914775688434,0.0,313.00324671734376,0.0,189.47131037764072,0.0,8.656994604152937,0.0,7.246973300989739,0.0,5.130729085632567,0.0
Sbhls,234.95294117647057,0.0,13.351511829288967,0.0,233.53921325655327,0.0,105.0,0.0,70.13822921981674,0.0,9.49759690403365,0.0,10.246950765959598,0.0,6.959295044530353,0.0,883.5271962559125,0.0,280.9036075269176,0.0,192.36977512686437,0.0,3.29067664997541,0.0,16.21211873456409,0.0,316.6799318206062,0.0,337.53663982122845,0.0,9.49759690399448,0.0,7.924835979843593,0.0,5.9974447731827984,0.0
Sbndb,263.18039215686275,0.0,14.074119717713343,0.0,242.38588224495288,0.0,131.0,0.0,87.33134636203356,0.0,9.936144607678271,0.0,11.445523142259598,0.0,7.746096899867895,0.0,985.0172210933613,0.0,452.754842642485,0.0,306.29916566432314,0.0,3.2725002704882833,0.0,20.95049839354396,0.0,509.35210613634536,0.0,380.2473863165151,0.0,9.936144607655018,0.0,9.289885727358762,0.0,6.763597439109261,0.0
Scdzn,230.52549019607847,0.0,13.287984009289817,0.0,226.00207822079636,0.0,108.0,0.0,68.8149417002102,0.0,9.160366896009235,0.0,10.392304845413264,0.0,6.7117072492251735,0.0,914.9194136174306,0.0,149.97549237617318,0.0,105.15559439058487,0.0,2.492854020418685,0.0,15.712371522746563,0.0,437.61357065061236,0.0,194.49968350526748,0.0,9.160366895968135,0.0,8.113581477969934,0.0,5.70276679876464,0.0
Schaf,225.35686274509803,0.0,13.08562755838227,0.0,232.1538682497639,0.0,108.0,0.0,69.83376069414422,0.0,9.338956504530334,0.0,10.392304845413264,0.0,6.843487674356955,0.0,953.2982204375229,0.0,431.3299314035235,0.0,321.25048301226855,0.0,2.3031609555359185,0.0,16.407357184669937,0.0,179.22476220919765,0.0,159.47168114621675,0.0,9.33895650448867,0.0,8.026019762646474,0.0,5.877596535972259,0.0
Schah,232.04313725490195,0.0,13.17396976734758,0.0,222.3661799126911,0.0,102.0,0.0,65.18577263756916,0.0,9.03378703224763,0.0,10.099504938362077,0.0,6.551959543414629,0.0,855.1122807798953,0.0,102.09640352321297,0.0,72.80970079588994,0.0,2.920307135943555,0.0,13.311362301285872,0.0,598.8044199288781,0.0,242.29296791595613,0.0,9.03378703219876,0.0,7.74247058345342,0.0,5.552464806854687,0.0
Scham,238.8901960784314,0.0,13.303798314628388,0.0,239.31961621217326,0.0,123.0,0.0,79.4880600842841,0.0,9.653162378854272,0.0,11.090536506409418,0.0,7.278022195078684,0.0,935.0536968072319,0.0,212.1856641201358,0.0,145.8768147838294,0.0,4.1187883884258865,0.0,13.540029864156873,0.0,189.42946101542535,0.0,194.31813900889503,0.0,9.653162378802106,0.0,8.320742631684928,0.0,6.282729962231687,0.0
Schar,217.60784313725492,0.0,12.776321331835605,0.0,224.2695801713216,0.0,103.0,0.0,64.94026208583391,0.0,9.033425690669093,0.0,10.14889156509222,0.0,6.494352858278931,0.0,854.7917072384531,0.0,102.95714967493674,0.0,69.41400732872125,0.0,2.353480920245799,0.0,12.313879333806042,0.0,179.277722890848,0.0,202.81670513707076,0.0,9.033425690628047,0.0,7.648555206441725,0.0,5.494420320109527,0.0
Scheu,224.33333333333331,0.0,13.038257962763874,0.0,214.95254000264455,0.0,102.0,0.0,64.74407269723238,0.0,8.824209855570185,0.0,10.099504938362077,0.0,6.477792876314993,0.0,850.561660481753,0.0,83.71029640655787,0.0,56.21496723026591,0.0,1.996946517025703,0.0,14.079500004705116,0.0,470.0352081596951,0.0,159.60470136539766,0.0,8.824209855517333,0.0,7.806497743771636,0.0,5.584300723441203,0.0
Schib,226.0078431372549,0.0,13.08627979810337,0.0,231.7653176319402,0.0,105.0,0.0,68.85971604668299,0.0,9.375254303554406,0.0,10.246950765959598,0.0,6.831213224237417,0.0,930.5253833215331,0.0,364.17181352528837,0.0,245.456114615664,0.0,2.83989822381747,0.0,17.795265308473365,0.0,644.2788688964267,0.0,483.90381212165533,0.0,9.37525430353049,0.0,7.974502501989848,0.0,5.874733109588854,0.0
Schil,203.94509803921568,0.0,12.555132089771842,0.0,236.59244356974506,0.0,106.0,0.0,69.35615434663505,0.0,9.499950467969374,0.0,10.295630140987,0.0,6.866537627361223,0.0,877.992857103006,0.0,129.27478281331003,0.0,95.40271823554838,0.0,3.4754826052397765,0.0,12.894129708031187,0.0,468.93004431957957,0.0,355.53589923393173,0.0,9.499950467952562,0.0,7.430639102713812,0.0,5.856982530559475,0.0
Schin,214.3450980392157,0.0,12.83447035811443,0.0,223.97729183370947,0.0,99.0,0.0,63.17962922467612,0.0,9.053892198876113,0.0,9.9498743710662,0.0,6.4379378549846065,0.0,871.9141810164152,0.0,91.22504077849167,0.0,61.82355539507094,0.0,2.1332214309072204,0.0,12.137609048144778,0.0,586.5080816362382,0.0,348.78981055982723,0.0,9.053892198852115,0.0,7.407706101633968,0.0,5.445310136405582,0.0
Schjr,210.8549019607843,0.0,12.702013451149673,0.0,245.82554823939722,0.0,119.0,0.0,80.29428529776223,0.0,9.932590802716751,0.0,10.908712114635714,0.0,7.517663416870339,0.0,5374.081274970799,0.0,446.93851779717386,0.0,351.55560362619303,0.0,2.7638765337471383,0.0,16.43866964559851,0.0,227.57034198069937,0.0,245.82193628796355,0.0,9.93259080269352,0.0,8.042469197793892,0.0,6.546526142012107,0.0
Schjß,230.2470588235294,0.0,13.174748370175987,0.0,257.43791281623413,0.0,139.0,0.0,94.98034518226933,0.0,10.426823132798338,0.0,11.789826122551595,0.0,8.212199264535412,0.0,5385.252531677996,0.0,707.2189149995405,0.0,490.138495723087,0.0,3.488078646878753,0.0,26.082818649576147,0.0,467.9177147682192,0.0,231.62191095268622,0.0,10.426823132701653,0.0,8.78583657159601,0.0,7.291680144927399,0.0
Schnb,237.14117647058822,0.0,13.359081827798446,0.0,226.07546279423156,0.0,114.0,0.0,73.38717890570769,0.0,9.257585718539941,0.0,10.677078252031311,0.0,6.9760136154318655,0.0,909.7339886030757,0.0,362.7267104344614,0.0,244.27163821223223,0.0,3.699741229691014,0.0,18.08441727863952,0.0,511.21937146715413,0.0,377.59804406065894,0.0,9.257585718498353,0.0,8.3369307970651,0.0,6.033863579417594,0.0
Schnm,238.20392156862746,0.0,13.396283921829358,0.0,240.1969833672137,0.0,132.0,0.0,85.14149530389022,0.0,9.760647837716322,0.0,11.489125293076057,0.0,7.52263054261197,0.0,932.8203111168549,0.0,211.39645378955117,0.0,145.53183087861402,0.0,3.953163034661926,0.0,13.910653813019177,0.0,244.1277875386252,0.0,204.35811258500394,0.0,9.760647837668783,0.0,8.560602705443397,0.0,6.549203320980763,0.0
Schor,210.81176470588235,0.0,12.572457891123266,0.0,219.32724337428692,0.0,96.0,0.0,60.97056258824608,0.0,8.889054678401445,0.0,9.797958971132712,0.0,6.316858860280532,0.0,852.1564176560314,0.0,97.34598863764023,0.0,66.7036571433175,0.0,2.5699844644283587,0.0,12.582433227085739,0.0,196.7797643595779,0.0,201.88255192363766,0.0,8.88905467836102,0.0,7.324022508119583,0.0,5.343567514639256,0.0
Schub,233.99607843137255,0.0,13.208577246609934,0.0,226.10570255363552,0.0,110.0,0.0,71.11411262563665,0.0,9.23875573261221,0.0,10.488088481701515,0.0,6.878367185201007,0.0,909.7325005932245,0.0,362.43215529824306,0.0,244.1301895373919,0.0,3.542933423850403,0.0,18.217326080640802,0.0,521.4495755042789,0.0,383.45187738014863,0.0,9.23875573257723,0.0,8.215427613225836,0.0,5.93056539412245,0.0
Schur,213.7764705882353,0.0,12.716336173997572,0.0,225.17718708576604,0.0,108.0,0.0,68.320631025369,0.0,9.129139946292288,0.0,10.392304845413264,0.0,6.666644690410274,0.0,852.346450863054,0.0,100.26105932716965,0.0,68.18129750534858,0.0,2.4211534851090097,0.0,13.196925868054837,0.0,258.0554249315634,0.0,222.74838708425733,0.0,9.129139946264946,0.0,7.780642212354157,0.0,5.689650183817551,0.0
Sclbl,210.46274509803922,0.0,12.656840722327098,0.0,242.43372019880536,0.0,115.0,0.0,76.4435403185098,0.0,9.764933883777195,0.0,10.723805294763608,0.0,7.267289509621276,0.0,866.7919976993052,0.0,181.29344317475136,0.0,129.60278503230964,0.0,2.739467391562247,0.0,15.235955554385596,0.0,223.79720693106353,0.0,190.38148046453819,0.0,9.76493388374887,0.0,8.035406816066704,0.0,6.281987231329016,0.0
Sdhsn,245.9529411764706,0.0,13.673116884471115,0.0,224.7865971226699,0.0,109.0,0.0,70.32803654299352,0.0,9.208312603937296,0.0,10.44030650891055,0.0,6.841333363065932,0.0,1166.231376706885,0.0,314.8888714242777,0.0,232.49152019044828,0.0,2.656759745395101,0.0,16.22269471378937,0.0,418.65095362153374,0.0,163.679552266087,0.0,9.20831260389908,0.0,8.021702731068366,0.0,5.821851684033569,0.0
Sdldc,233.72549019607843,0.0,13.304620756982152,0.0,237.71869129863111,0.0,108.0,0.0,72.4486359819985,0.0,9.632702926374188,0.0,10.392304845413264,0.0,7.098540772147,0.0,1206.1657957790824,0.0,325.3621425052078,0.0,240.47445702628417,0.0,2.705031972763324,0.0,22.769672401535605,0.0,197.96952021750678,0.0,175.56580601940604,0.0,9.632702926352493,0.0,8.141851101474876,0.0,6.097202737221917,0.0
Sdnft,229.9294117647059,0.0,13.400740796774828,0.0,241.19260123159785,0.0,122.0,0.0,80.27328225521254,0.0,9.76169541279128,0.0,11.045361017187261,0.0,7.398771409825623,0.0,1184.2895953361385,0.0,382.44752921241985,0.0,280.1416044547227,0.0,3.854835457609839,0.0,16.534525743317914,0.0,286.68636442759407,0.0,248.15357099426302,0.0,9.761695412742078,0.0,8.582579740826667,0.0,6.401492327344791,0.0
Seele,223.1921568627451,0.0,13.26569116523912,0.0,222.0303661048598,0.0,111.0,0.0,72.46939281288716,0.0,9.155715653134182,0.0,10.535653752852738,0.0,6.962965026264693,0.0,867.7671971296743,0.0,91.82158629377864,0.0,66.02307482841093,0.0,2.2160124540745585,0.0,8.007975908196112,0.0,265.8081308818287,0.0,327.48216113374184,0.0,9.155715653088508,0.0,8.623111574264733,0.0,6.1643779214206935,0.0
Segel,235.31764705882352,0.0,13.539642622224653,0.0,235.5288232324448,0.0,127.0,0.0,84.41566359712017,0.0,9.691958808788426,0.0,11.269427669584644,0.0,7.614496135586379,0.0,925.2845410131107,0.0,176.53397713613955,0.0,135.6348287864073,0.0,3.5178089375815627,0.0,9.363460925011683,0.0,156.80184022938693,0.0,162.57731420104,0.0,9.691958808752457,0.0,9.053347049995974,0.0,6.754649883855288,0.0
Segen,245.7176470588235,0.0,13.799065545146954,0.0,222.9136714964092,0.0,120.0,0.0,78.23913847516125,0.0,9.255159134571906,0.0,10.954451150103322,0.0,7.230370407906928,0.0,919.518549987693,0.0,150.9115094255969,0.0,114.53069516454528,0.0,2.589470602213752,0.0,8.134596403668292,0.0,385.2745824583247,0.0,147.38033293714213,0.0,9.255159134529093,0.0,9.034534023468469,0.0,6.400972830113977,0.0
Segtä,241.98039215686273,0.0,13.557330103624349,0.0,233.12426021764782,0.0,119.0,0.0,78.67215405506825,0.0,9.518067268180555,0.0,10.908712114635714,0.0,7.3161209058315,0.0,935.8926144287556,0.0,247.7500369114621,0.0,200.08242820768137,0.0,2.6132699171494522,0.0,70.40423957815699,0.0,274.4107216867907,0.0,343.96874822040144,0.0,9.518067268196019,0.0,8.93425788369439,0.0,6.451021788711571,0.0
Seher,228.91372549019604,0.0,13.374033038235126,0.0,223.18382184210446,0.0,114.0,0.0,73.16440270724826,0.0,9.164719415025823,0.0,10.677078252031311,0.0,6.936241914179521,0.0,863.6606654223724,0.0,96.53814693371261,0.0,66.18103373318286,0.0,2.710133902709758,0.0,8.751819463661601,0.0,184.0795347230974,0.0,198.9161344237089,0.0,9.164719414978705,0.0,8.579228654219063,0.0,6.06921702868795,0.0
Seile,210.05882352941177,0.0,12.911524555957467,0.0,226.17947750213872,0.0,99.0,0.0,64.62044285702726,0.0,9.147970654597945,0.0,9.9498743710662,0.0,6.580145188719021,0.0,881.9818027006452,0.0,95.38552619903575,0.0,67.46392684597937,0.0,2.759566402167972,0.0,7.661253510275942,0.0,271.02887340843387,0.0,331.6863885521152,0.0,9.147970654564311,0.0,7.940331677794728,0.0,5.691348393146639,0.0
Sekte,228.5686274509804,0.0,13.34150095857878,0.0,227.93771222932088,0.0,120.0,0.0,78.6967636125081,0.0,9.406280371084613,0.0,10.954451150103322,0.0,7.271075373959872,0.0,868.6565277292583,0.0,133.10886341490593,0.0,99.32625790983796,0.0,2.136085864793797,0.0,10.072649394679312,0.0,169.31335399378995,0.0,156.07135166265653,0.0,9.406280371041854,0.0,8.789459894898922,0.0,6.4368753494520226,0.0
Senke,237.68627450980392,0.0,13.609096399314831,0.0,223.14963081749104,0.0,122.0,0.0,78.653637156363,0.0,9.259524731123221,0.0,11.045361017187261,0.0,7.195699274596142,0.0,865.5449797046734,0.0,102.23229566242664,0.0,72.97696350662834,0.0,1.850827066651162,0.0,8.168603379827736,0.0,388.5387316169979,0.0,243.48052096600605,0.0,9.259524731087518,0.0,8.83686196460187,0.0,6.359044861590989,0.0
Seoul,209.9372549019608,0.0,12.658177207301893,0.0,224.61548001824923,0.0,111.0,0.0,70.95112023606117,0.0,9.158053034078161,0.0,10.535653752852738,0.0,6.833427279874475,0.0,865.6400703101162,0.0,116.3801962910428,0.0,85.84647634173264,0.0,3.3599346707660214,0.0,10.802715760432276,0.0,254.00234791606724,0.0,190.33929123811092,0.0,9.158053034050335,0.0,7.871662180737965,0.0,5.891302904946013,0.0
Serie,211.90196078431376,0.0,12.944710747335375,0.0,222.18558311938216,0.0,101.0,0.0,64.25239340951852,0.0,8.976960071999814,0.0,10.04987562112089,0.0,6.467113768168684,0.0,885.9909786973359,0.0,87.96291606754123,0.0,57.34135606920921,0.0,2.6575106623358513,0.0,7.615530882332425,0.0,435.59258861181434,0.0,344.9720958760546,0.0,8.97696007197228,0.0,8.003743282671566,0.0,5.600700550682716,0.0
Serum,230.61568627450978,0.0,13.275806117374884,0.0,242.9391268664973,0.0,134.0,0.0,86.31588875120465,0.0,9.816022682424983,0.0,11.575836902790225,0.0,7.556905948569648,0.0,942.9656160985196,0.0,210.83057493529355,0.0,144.178044101557,0.0,3.0205564036318746,0.0,10.730770938861715,0.0,234.27064810486448,0.0,209.12837274141057,0.0,9.816022682390981,0.0,8.829422485369312,0.0,6.634813724100738,0.0
Seshe,237.69019607843134,0.0,13.525589116119887,0.0,211.61617275851353,0.0,106.0,0.0,66.80057503381327,0.0,8.72492068166595,0.0,10.295630140987,0.0,6.55510439523001,0.0,863.6773318895641,0.0,79.42791883257384,0.0,53.68865068838934,0.0,1.8279508100047885,0.0,9.441227432817788,0.0,314.2491251386821,0.0,189.58067181945856,0.0,8.724920681617737,0.0,8.363873711478076,0.0,5.702967317325563,0.0
Setup,232.91764705882352,0.0,13.336832297528922,0.0,232.88403970702913,0.0,122.0,0.0,80.2068121259243,0.0,9.545428319006641,0.0,11.045361017187261,0.0,7.374328363490292,0.0,26915.832704882407,0.0,1085.6365408337517,0.0,693.0721919935206,0.0,3.3911410340418215,0.0,16.955398147981573,0.0,222.41552036100597,0.0,178.02852555914149,0.0,9.54542831897794,0.0,9.040456984580485,0.0,6.520577591370025,0.0
Seugt,231.4549019607843,0.0,13.309660068318017,0.0,226.64514258408764,0.0,121.0,0.0,77.93499283232507,0.0,9.300008525802696,0.0,11.0,0.0,7.18656933214632,0.0,955.1423040400749,0.0,157.49210209738848,0.0,118.47634993936944,0.0,2.463950969336485,0.0,9.337067207946035,0.0,267.3253892397163,0.0,234.0031111083807,0.0,9.300008525791613,0.0,8.61391735665226,0.0,6.300577308391861,0.0
Sgpdr,261.01176470588234,0.0,14.082496545644634,0.0,255.14917187031716,0.0,141.0,0.0,96.02439547208115,0.0,10.396181232340039,0.0,11.874342087037917,0.0,8.254789488829134,0.0,8415.851456392278,0.0,1013.9691371521171,0.0,819.3022940028393,0.0,3.78917477993655,0.0,22.112357308660773,0.0,180.81807892628777,0.0,209.29120554687512,0.0,10.396181232317945,0.0,9.685713277503382,0.0,7.297415638975409,0.0
Shows,233.2509803921569,0.0,13.08151652472669,0.0,226.72950031451282,0.0,107.0,0.0,68.61901013193363,0.0,9.216396420901052,0.0,10.344080432788601,0.0,6.727713957692369,0.0,915.2412461754459,0.0,175.04875322905764,0.0,114.5758879789134,0.0,1.879233235305689,0.0,17.1243081368564,0.0,469.272691860123,0.0,244.52112854295657,0.0,9.216396420852233,0.0,7.690816549737366,0.0,5.766643255106499,0.0
Shshr,231.0117647058824,0.0,13.292054903883693,0.0,231.51185460553407,0.0,116.0,0.0,74.77474116729148,0.0,9.428476957457939,0.0,10.770329614269007,0.0,7.060128995678355,0.0,854.457061893561,0.0,116.42483853242658,0.0,83.24114649475354,0.0,2.698859378773984,0.0,11.651265086547992,0.0,426.1276639694284,0.0,270.4704199674581,0.0,9.428476957423367,0.0,8.185206965737706,0.0,6.091390089264769,0.0
Shstr,216.0156862745098,0.0,12.86009298340081,0.0,230.5015261343413,0.0,108.0,0.0,70.00990569985395,0.0,9.338353948284885,0.0,10.392304845413264,0.0,6.847368380647091,0.0,854.7235573163748,0.0,119.6159464262303,0.0,85.29511012423946,0.0,4.092212199701819,0.0,10.777032067291714,0.0,310.6258931330529,0.0,247.1675328949079,0.0,9.338353948251486,0.0,7.834777109370719,0.0,5.871195861249026,0.0
Sicht,205.22745098039218,0.0,12.550369412699874,0.0,225.4826682648826,0.0,104.0,0.0,66.25336151808956,0.0,9.100989435972785,0.0,10.198039027185569,0.0,6.59104088307483,0.0,861.6019245908408,0.0,93.07610128915118,0.0,62.83840120050734,0.0,2.515094316814534,0.0,8.993781722477335,0.0,415.4910241144937,0.0,268.9226603713137,0.0,9.100989435918557,0.0,7.537421585853834,0.0,5.596604618286755,0.0
Siebe,232.12156862745098,0.0,13.428583079451176,0.0,226.17398579423423,0.0,114.0,0.0,74.55904274418019,0.0,9.294118804322204,0.0,10.677078252031311,0.0,7.070611584232692,0.0,874.4774719828314,0.0,150.9875745942031,0.0,102.00127919843052,0.0,3.4291137145362875,0.0,9.726047157162597,0.0,237.59310609671084,0.0,186.85452751962563,0.0,9.29411880427954,0.0,8.78964647652257,0.0,6.228860176192124,0.0
Siege,234.58431372549018,0.0,13.535134339624985,0.0,228.8191067808085,0.0,115.0,0.0,76.59830486511001,0.0,9.429909241116496,0.0,10.723805294763608,0.0,7.2458741330427525,0.0,959.7205515966808,0.0,157.50177594084732,0.0,118.94629057665517,0.0,3.9853587921318736,0.0,8.662056221301356,0.0,189.2413347513183,0.0,164.0252997802923,0.0,9.429909241071474,0.0,8.840291361724814,0.0,6.406420552860007,0.0
Sifti,195.39999999999998,0.0,12.53096556691525,0.0,247.7607853936018,0.0,109.0,0.0,72.81838299411802,0.0,9.827877157432605,0.0,10.44030650891055,0.0,7.1129494167732075,0.0,918.5979675748973,0.0,304.01731080088143,0.0,220.39917395506163,0.0,3.3587888708128006,0.0,12.590802545399253,0.0,183.8325216832127,0.0,194.2591753008042,0.0,9.827877157419536,0.0,7.932051407965601,0.0,6.1387634175795975,0.0
Sihls,212.15686274509804,0.0,12.82659074809618,0.0,229.32956672686942,0.0,92.0,0.0,60.48011570868209,0.0,9.21821767032086,0.0,9.591663046625438,0.0,6.415303329451938,0.0,863.3900198584931,0.0,99.93134997272006,0.0,71.7889070375233,0.0,2.3443465936163186,0.0,9.378082004553834,0.0,330.79645913244525,0.0,338.1713545366442,0.0,9.21821767028691,0.0,7.0533281727621935,0.0,5.4229115948314615,0.0
Sihni,211.20392156862746,0.0,12.905688120034341,0.0,235.53102563894896,0.0,113.0,0.0,72.44941430241411,0.0,9.466967628181813,0.0,10.63014581273465,0.0,6.927005543321837,0.0,875.0801083620096,0.0,118.76864075474266,0.0,79.49662155165537,0.0,2.8360023800119305,0.0,9.952329448023608,0.0,271.2547661950941,0.0,204.88077667485325,0.0,9.46696762816272,0.0,7.71051734348538,0.0,5.904398431140713,0.0
Silbe,219.72156862745095,0.0,13.083493743460833,0.0,234.41785682467932,0.0,108.0,0.0,71.29450262274835,0.0,9.481345121793314,0.0,10.392304845413264,0.0,6.963100276734463,0.0,874.7714182838594,0.0,156.8714651943206,0.0,107.60211536940523,0.0,3.649033334325093,0.0,9.817000430227285,0.0,237.71820550794416,0.0,188.45353288737954,0.0,9.481345121758554,0.0,8.275232398332701,0.0,6.0382244127544595,0.0
Silos,200.1686274509804,0.0,12.361209184496616,0.0,218.7132098495461,0.0,76.0,0.0,49.473774138596866,0.0,8.753063691475804,0.0,8.717797887081348,0.0,5.766797347056821,0.0,861.7562798888014,0.0,84.7699636340316,0.0,59.24831569827761,0.0,2.7065602790547723,0.0,8.54145826087328,0.0,197.78917653406106,0.0,165.90568972326912,0.0,8.753063691432846,0.0,6.336307076116274,0.0,4.778475749637227,0.0
Sinai,206.01176470588234,0.0,12.649210943200469,0.0,229.84352493028058,0.0,102.0,0.0,64.35226058480713,0.0,9.161451041795244,0.0,10.099504938362077,0.0,6.465895899316626,0.0,876.758078663039,0.0,114.69086969829945,0.0,74.47933255447234,0.0,2.4063889731130934,0.0,8.805477171478868,0.0,198.78177057044428,0.0,188.70610074424505,0.0,9.161451041771855,0.0,7.246704564866382,0.0,5.394930625630424,0.0
Sirgi,210.8941176470588,0.0,12.870034997847851,0.0,245.7570479437822,0.0,115.0,0.0,76.2585387121947,0.0,9.820799999195547,0.0,10.723805294763608,0.0,7.248547317988097,0.0,969.100042252746,0.0,180.81540738251573,0.0,132.3754531030632,0.0,3.245806013108278,0.0,9.670777517657356,0.0,193.2570275510052,0.0,187.75918974329326,0.0,9.820799999178547,0.0,8.039376949034986,0.0,6.250409990778461,0.0
Sirup,220.34509803921566,0.0,13.0221979469471,0.0,241.1910040954292,0.0,117.0,0.0,76.96710428629687,0.0,9.718455962681608,0.0,10.816653826391969,0.0,7.241026286413452,0.0,26915.84542190243,0.0,1085.549006343303,0.0,692.6907190425349,0.0,4.878278729812033,0.0,16.825641671737415,0.0,258.8241418429692,0.0,188.6876027592346,0.0,9.718455962654408,0.0,8.48222663914833,0.0,6.33251484116523,0.0
Sitze,208.00392156862745,0.0,12.850000261796941,0.0,225.6430870406814,0.0,98.0,0.0,62.983550253366005,0.0,9.065517707863899,0.0,9.899494936611665,0.0,6.442607559916393,0.0,867.8012151631227,0.0,134.30379968049354,0.0,93.75207855313714,0.0,2.8780522263945474,0.0,10.286815173524245,0.0,270.73308774251535,0.0,204.48800642240283,0.0,9.065517707824492,0.0,7.893311463690436,0.0,5.490672994795259,0.0
Sjjlj,198.9921568627451,0.0,12.51880492458108,0.0,292.27280360030556,0.0,150.0,0.0,110.49275241419741,0.0,11.554245540581674,0.0,12.24744871391589,0.0,9.23174062446463,0.0,91180.51770829319,0.0,5454.051619703145,0.0,4652.86914726211,0.0,3.476146788615509,0.0,55.788680928280804,0.0,299.55157186648137,0.0,423.661129099657,0.0,11.554245540556735,0.0,8.612590234537498,0.0,8.271142644056878,0.0
Skala,224.65882352941176,0.0,13.00242191972506,0.0,242.01279058780284,0.0,113.0,0.0,75.48576885800452,0.0,9.747755792624423,0.0,10.63014581273465,0.0,7.221237731179049,0.0,874.5416410510005,0.0,214.80918684291564,0.0,166.907267576393,0.0,2.772821440972974,0.0,14.49056953425764,0.0,288.2977058213463,0.0,329.74136652338814,0.0,9.747755792580218,0.0,7.921994331537667,0.0,6.255282812272423,0.0
Slawe,225.54901960784312,0.0,13.012715515615865,0.0,237.27220426928827,0.0,121.0,0.0,77.53814552944971,0.0,9.566494595105876,0.0,11.0,0.0,7.144965346226613,0.0,920.6880041564802,0.0,180.54451587166156,0.0,118.28463823513337,0.0,3.1508826535397114,0.0,17.438292674573,0.0,376.29296243161906,0.0,203.5152137623084,0.0,9.566494595066802,0.0,8.493256250994856,0.0,6.195350516642529,0.0
Smugs,251.51764705882354,0.0,13.699167476255033,0.0,239.64600702459066,0.0,128.0,0.0,84.03274210138385,0.0,9.773093326629555,0.0,11.313708498984761,0.0,7.555495523735054,0.0,1149.7194022005701,0.0,255.8997831688542,0.0,183.56014572901142,0.0,2.360287459892188,0.0,13.686597214184586,0.0,209.43245407883663,0.0,157.8012978416103,0.0,9.77309332658537,0.0,8.607184286913046,0.0,6.652587253017786,0.0
Sodot,218.5176470588235,0.0,12.74914445569475,0.0,218.2025058515755,0.0,96.0,0.0,61.82686622769729,0.0,8.898671653825646,0.0,9.797958971132712,0.0,6.3962211129958,0.0,911.3726708730778,0.0,112.52900762041175,0.0,78.78915626930412,0.0,2.8336966127883674,0.0,9.861145400525924,0.0,283.7291806924848,0.0,235.59817441476977,0.0,8.898671653801168,0.0,7.367621258467274,0.0,5.3962381416181415,0.0
Sofas,221.58039215686273,0.0,12.89968213980323,0.0,216.63133853293357,0.0,83.0,0.0,53.52825953732708,0.0,8.710662990508014,0.0,9.1104335791443,0.0,5.975003193761331,0.0,894.5668489751778,0.0,286.65985049130956,0.0,208.97059242050992,0.0,2.12136902608796,0.0,11.917741841261655,0.0,134.96775709777893,0.0,156.6170114508553,0.0,8.710662990454466,0.0,7.183100248886394,0.0,5.049552926451529,0.0
Sofos,214.7843137254902,0.0,12.697799413981485,0.0,211.68900173589887,0.0,76.0,0.0,49.558560039739255,0.0,8.560850606159196,0.0,8.717797887081348,0.0,5.7815871504567875,0.0,892.0490707770006,0.0,284.6927057694879,0.0,208.08599654815882,0.0,1.8458684952963114,0.0,12.314698017007549,0.0,156.807990046471,0.0,155.34663047514258,0.0,8.560850606106907,0.0,6.836507744383458,0.0,4.884981462251083,0.0
Sohbt,229.90588235294118,0.0,13.140154201582593,0.0,225.31661199795798,0.0,109.0,0.0,70.78154951365096,0.0,9.220843767079927,0.0,10.44030650891055,0.0,6.874293348960323,0.0,858.7462886908635,0.0,153.84025993197844,0.0,105.00788086878663,0.0,2.844479302635465,0.0,10.897111430794425,0.0,337.6009486897144,0.0,255.42852796965252,0.0,9.220843767040337,0.0,8.064378040569332,0.0,5.91087024064387,0.0
Sohle,218.9607843137255,0.0,12.97354537748524,0.0,221.90124158709204,0.0,98.0,0.0,63.9306598310533,0.0,9.065253977524197,0.0,9.899494936611665,0.0,6.551161025904768,0.0,855.0619960445056,0.0,94.32701180124788,0.0,68.69140525788049,0.0,2.040297681935052,0.0,8.848529888577183,0.0,305.5076936924127,0.0,331.5168885732264,0.0,9.065253977481703,0.0,7.613428556367477,0.0,5.612824800497272,0.0
Solzo,203.63529411764705,0.0,12.454940855374641,0.0,219.0635793020218,0.0,82.0,0.0,53.0929705490898,0.0,8.792166939175463,0.0,9.055385138137417,0.0,5.948718705463103,0.0,853.4765309894974,0.0,126.61337403803944,0.0,90.12054675480996,0.0,2.0224588266480747,0.0,11.214275453285849,0.0,309.3742301122106,0.0,210.27791768564393,0.0,8.792166939129837,0.0,6.8278657253771184,0.0,4.958181327809216,0.0
Sonde,235.7450980392157,0.0,13.395758709506019,0.0,215.07083498689133,0.0,102.0,0.0,65.17959520859117,0.0,8.854532235447381,0.0,10.099504938362077,0.0,6.525127318086838,0.0,902.5744392890497,0.0,98.86526510133953,0.0,68.81393276485898,0.0,3.475246695616327,0.0,8.29057735568994,0.0,208.8600165907884,0.0,166.2886174337516,0.0,8.85453223541647,0.0,7.968884316481971,0.0,5.5576222390576575,0.0
Sonko,221.46666666666664,0.0,12.877106998846685,0.0,219.2577139571221,0.0,102.0,0.0,66.0454867944697,0.0,9.021415367778575,0.0,10.099504938362077,0.0,6.619012852461114,0.0,850.6722755087544,0.0,100.10374075462411,0.0,72.09969514128233,0.0,2.0438147921622227,0.0,8.989217093782493,0.0,441.92053258900813,0.0,257.73804184702453,0.0,9.021415367734585,0.0,7.508382765215518,0.0,5.692461224751533,0.0
Sorge,229.05098039215684,0.0,13.209321793248922,0.0,222.29898518680372,0.0,104.0,0.0,68.10484864192107,0.0,9.114256444058382,0.0,10.198039027185569,0.0,6.777940220856756,0.0,948.3599190501047,0.0,156.7078554125111,0.0,117.95211703795394,0.0,3.505381944096697,0.0,8.384503273206912,0.0,147.66816078433294,0.0,151.3447900361233,0.0,9.114256444016045,0.0,8.166443107885414,0.0,5.883305464953991,0.0
Sorte,205.8078431372549,0.0,12.564800738913931,0.0,216.56293812582066,0.0,93.0,0.0,59.350990920944874,0.0,8.78452670746518,0.0,9.643650760992955,0.0,6.226463754210717,0.0,853.6597830023786,0.0,91.45933138253675,0.0,61.370561030059804,0.0,2.177939080267873,0.0,7.415781404621503,0.0,136.29831366538005,0.0,155.54339499250398,0.0,8.78452670741771,0.0,7.463648951958717,0.0,5.301930306133971,0.0
Sowoe,223.04313725490195,0.0,12.791336937693211,0.0,215.79408228112806,0.0,100.0,0.0,62.721400166840596,0.0,8.793469174957965,0.0,10.0,0.0,6.326924181915923,0.0,872.2628204819414,0.0,140.91689706112592,0.0,87.54064589022282,0.0,1.896376068320185,0.0,12.969441011754215,0.0,209.9894729865479,0.0,153.0637456490117,0.0,8.793469174911328,0.0,7.517930887367796,0.0,5.411824696730428,0.0
Spann,243.86666666666667,0.0,13.585116355403441,0.0,233.12664620302127,0.0,125.0,0.0,80.84079608437041,0.0,9.533252315144352,0.0,11.180339887498949,0.0,7.342354422901932,0.0,12744.121331759558,0.0,542.8024281535324,0.0,355.70088957505385,0.0,2.9305661936215754,0.0,12.261188899788236,0.0,415.06110240720255,0.0,166.1674662370408,0.0,9.533252315098492,0.0,8.852936951333179,0.0,6.426800522257684,0.0
Spatz,233.41176470588235,0.0,13.339223612417772,0.0,239.556880023109,0.0,116.0,0.0,76.77146941387053,0.0,9.65539688112031,0.0,10.770329614269007,0.0,7.249606786253829,0.0,12744.86553049283,0.0,565.8982800030077,0.0,375.1261087920763,0.0,3.95173005419498,0.0,16.577394735783745,0.0,103.24825110550924,0.0,152.98738174105284,0.0,9.65539688107496,0.0,8.73804753505961,0.0,6.334834436834464,0.0
Speck,243.28235294117644,0.0,13.5730396317218,0.0,241.2744876664684,0.0,132.0,0.0,89.84638120152353,0.0,9.989652914228165,0.0,11.489125293076057,0.0,7.946810920994928,0.0,12744.493303589723,0.0,551.7374766172766,0.0,364.4724343371217,0.0,3.1963340983203152,0.0,13.665103623673383,0.0,1056.8457458896248,0.0,263.85064520977807,0.0,9.989652914129797,0.0,9.283895107388314,0.0,7.144325982421785,0.0
Speer,238.62352941176468,0.0,13.597942377759997,0.0,237.14185139290356,0.0,130.0,0.0,86.85962749687505,0.0,9.79208101008862,0.0,11.40175425099138,0.0,7.7396860127907585,0.0,12744.35996459445,0.0,544.8118583874801,0.0,357.7072048710915,0.0,4.391839671594471,0.0,12.08054286410043,0.0,124.57342822517508,0.0,193.50264080714308,0.0,9.792081010035298,0.0,9.401153703535192,0.0,6.935255616398213,0.0
Speil,223.6470588235294,0.0,13.220244748240606,0.0,252.1809812290604,0.0,131.0,0.0,89.03717094162499,0.0,10.214738320645532,0.0,11.445523142259598,0.0,7.930757294671376,0.0,12746.048205326086,0.0,551.2679463519305,0.0,364.0525948329457,0.0,6.118774409666992,0.0,12.845582613080817,0.0,450.99180442216755,0.0,352.1629721727589,0.0,10.214738320625846,0.0,8.948366741080084,0.0,7.046753798075825,0.0
Spert,227.50588235294117,0.0,13.252751885021901,0.0,242.57174127257906,0.0,128.0,0.0,85.80025782032503,0.0,9.908477481802336,0.0,11.313708498984761,0.0,7.712081276789042,0.0,12744.35988925913,0.0,546.0106271255822,0.0,358.6621280257123,0.0,5.564392400413338,0.0,12.110781012722159,0.0,338.57279030415185,0.0,257.35491598964563,0.0,9.908477481757375,0.0,9.066216770494245,0.0,6.82963916056624,0.0
Spgßc,260.1490196078431,0.0,13.905969719818888,0.0,254.74199609624884,0.0,148.0,0.0,100.58558122960036,0.0,10.422438429269317,0.0,12.165525060596439,0.0,8.416632957342905,0.0,12751.247164280714,0.0,705.0307076500676,0.0,455.4006721304924,0.0,3.697019372601973,0.0,26.600487783057854,0.0,316.89951662066323,0.0,196.03732630195614,0.0,10.422438429224854,0.0,9.943712226445466,0.0,7.58251878475288,0.0
Sphlt,229.54117647058825,0.0,13.296822560148662,0.0,249.1570295858944,0.0,126.0,0.0,85.30971078228916,0.0,10.098683034396322,0.0,11.224972160321824,0.0,7.741823123107538,0.0,12744.290367223746,0.0,546.9264237513623,0.0,360.12391040271064,0.0,5.743171182704231,0.0,13.13152525283507,0.0,376.4681735527885,0.0,377.1394021379428,0.0,10.098683034355261,0.0,8.712084119614092,0.0,6.802584566869576,0.0
Spilt,212.52941176470588,0.0,12.864923894856654,0.0,250.09389573260148,0.0,116.0,0.0,78.97702969388266,0.0,10.028706179672179,0.0,10.770329614269007,0.0,7.469231388230534,0.0,12745.349627479089,0.0,546.7193645030059,0.0,359.64159597887584,0.0,5.913745999025723,0.0,12.229509254694362,0.0,356.2007054699051,0.0,377.3588991516847,0.0,10.028706179628113,0.0,8.31445992122594,0.0,6.52548741641239,0.0
Spind,244.30980392156863,0.0,13.708992325777825,0.0,247.18399516215644,0.0,126.0,0.0,84.77243455278288,0.0,10.023069038303834,0.0,11.224972160321824,0.0,7.68658177980911,0.0,12754.914482144495,0.0,560.7626470172356,0.0,371.004159517845,0.0,3.551983148709071,0.0,14.095916290532404,0.0,325.42156611656685,0.0,227.08735264185754,0.0,10.023069038271098,0.0,8.984045398222397,0.0,6.734434584176868,0.0
Spion,225.93725490196078,0.0,13.121484241961113,0.0,232.2053821005199,0.0,105.0,0.0,69.91602400563691,0.0,9.436966310090444,0.0,10.246950765959598,0.0,6.936502022149158,0.0,12745.092841866403,0.0,542.5251156229642,0.0,355.8070178669385,0.0,3.482784548749553,0.0,12.47184657483625,0.0,398.3626382371722,0.0,160.47078749186755,0.0,9.436966310046948,0.0,8.088712298867636,0.0,6.019676065830863,0.0
Spjlq,240.90588235294115,0.0,13.615324270058878,0.0,275.4025225896497,0.0,143.0,0.0,102.72884914946299,0.0,11.07802542037361,0.0,11.958260743101398,0.0,8.786627211192604,0.0,40050.276389377315,0.0,14759.679733533381,0.0,12724.2295119738,0.0,3.901697780724372,0.0,73.46519923494874,0.0,420.9271136477317,0.0,378.5869386855876,0.0,11.078025420344838,0.0,9.414793265407361,0.0,7.85128030239241,0.0
Spjtz,226.65882352941176,0.0,13.268068643210793,0.0,260.9741067403141,0.0,132.0,0.0,92.08762462440586,0.0,10.488676040559893,0.0,11.489125293076057,0.0,8.180417238523145,0.0,17979.796546747802,0.0,1069.3301267055238,0.0,832.8093725405827,0.0,3.979726775029187,0.0,23.839877132226597,0.0,117.88067791664363,0.0,162.2805978729527,0.0,10.488676040523895,0.0,9.078972352721907,0.0,7.27369024446951,0.0
Spkhn,255.15294117647056,0.0,13.975086307187828,0.0,250.6219279560915,0.0,146.0,0.0,98.01525054466205,0.0,10.302833802719032,0.0,12.083045973594572,0.0,8.250684841710662,0.0,12744.374018297127,0.0,553.0984838982055,0.0,365.8477018379868,0.0,2.7645175370006663,0.0,15.317734348050505,0.0,502.9946134332586,0.0,192.9961837793285,0.0,10.302833802676668,0.0,9.518830948192468,0.0,7.352757479085252,0.0
Spnkt,240.15686274509804,0.0,13.564892379492177,0.0,247.06404904795383,0.0,139.0,0.0,93.01022399321839,0.0,10.130566558050559,0.0,11.789826122551595,0.0,8.016807025039931,0.0,12744.22274359163,0.0,547.9553879566414,0.0,360.7164167811067,0.0,4.149316007001623,0.0,12.720092168358034,0.0,452.0101405629374,0.0,302.86779278931874,0.0,10.130566558015095,0.0,9.174503038830956,0.0,7.115334921228823,0.0
Spnkz,247.93725490196078,0.0,13.8495313789171,0.0,247.84517228066986,0.0,137.0,0.0,91.54436318379744,0.0,10.117902553182116,0.0,11.704699910719626,0.0,7.949717447941032,0.0,12744.854653431888,0.0,568.2481708154479,0.0,377.635675565028,0.0,2.7300698388998534,0.0,17.45388411820487,0.0,387.6305936716103,0.0,242.73884938930595,0.0,10.117902553154607,0.0,9.2854512664274,0.0,7.059106675704718,0.0
Spore,230.51372549019607,0.0,13.236699997953885,0.0,231.09198651235155,0.0,114.0,0.0,75.4611355432989,0.0,9.469799548586463,0.0,10.677078252031311,0.0,7.186354794880922,0.0,12744.405121021302,0.0,544.0808462033398,0.0,357.1558670738789,0.0,3.4970561593068736,0.0,12.235320920182593,0.0,253.08669250283972,0.0,184.99193654195724,0.0,9.469799548532302,0.0,8.636154258028292,0.0,6.288076028983317,0.0
Spott,218.83529411764704,0.0,12.843830545574379,0.0,234.78947391155225,0.0,115.0,0.0,76.62315145526776,0.0,9.576105687475826,0.0,10.723805294763608,0.0,7.267544680525224,0.0,12744.105829167647,0.0,544.7178080504611,0.0,357.7391265536984,0.0,5.599370016902083,0.0,12.527516140012672,0.0,264.80010600652565,0.0,237.0810640248447,0.0,9.576105687441135,0.0,8.354898641490477,0.0,6.345180491840447,0.0
Spqlt,237.85490196078433,0.0,13.510285429251816,0.0,257.0214760281091,0.0,138.0,0.0,94.25213234956684,0.0,10.426184045897925,0.0,11.74734012447073,0.0,8.20145835173634,0.0,17480.41248983611,0.0,5083.274457388503,0.0,4345.607664522578,0.0,5.388303063010179,0.0,42.59745987940716,0.0,358.0663638258432,0.0,375.3523853678916,0.0,10.426184045864412,0.0,9.212751153212606,0.0,7.275259625288039,0.0
Spqrl,238.41568627450977,0.0,13.546418410389043,0.0,264.0230537265162,0.0,146.0,0.0,99.60000026996926,0.0,10.655139378806226,0.0,12.083045973594572,0.0,8.439408263432199,0.0,17480.67553049787,0.0,5084.005452094219,0.0,4346.102689396345,0.0,5.507900348633421,0.0,42.86990229982736,0.0,281.85609494531667,0.0,201.13754680635262,0.0,10.655139378769226,0.0,9.414361810909465,0.0,7.472694783449457,0.0
Spreu,233.478431372549,0.0,13.373433930815372,0.0,234.8347185438951,0.0,122.0,0.0,80.37048834679122,0.0,9.615533185095979,0.0,11.045361017187261,0.0,7.3881400083056175,0.0,12744.142233098664,0.0,543.4851196174263,0.0,356.30184454473186,0.0,3.2737717448108232,0.0,14.380829985040258,0.0,452.56373551700557,0.0,152.76377514874036,0.0,9.615533185049626,0.0,8.824220108754144,0.0,6.5495377432226745,0.0
Spril,213.09019607843135,0.0,12.902864263020321,0.0,256.47462211099554,0.0,126.0,0.0,84.98256999619389,0.0,10.239182474807818,0.0,11.224972160321824,0.0,7.731245127523532,0.0,12746.002415514104,0.0,552.34104590599,0.0,364.54431902309193,0.0,6.332127497265449,0.0,12.866978952317197,0.0,451.6024821964028,0.0,352.6601416437608,0.0,10.239182474797676,0.0,8.493518174429965,0.0,6.783529644914786,0.0
Sprit,214.37254901960785,0.0,12.898229986844743,0.0,246.10000134984492,0.0,118.0,0.0,78.60898024637392,0.0,9.872962710103218,0.0,10.862780491200215,0.0,7.369848527394786,0.0,12745.627691122918,0.0,545.4733169618922,0.0,357.8808841620479,0.0,5.967840173865513,0.0,12.163430128373022,0.0,493.167072316766,0.0,389.17179853647355,0.0,9.872962710076818,0.0,8.375039293232442,0.0,6.446579414549095,0.0
Sprkh,246.59607843137255,0.0,13.750229804797323,0.0,255.67115732979087,0.0,142.0,0.0,96.24479081457707,0.0,10.414949512233859,0.0,11.916375287812984,0.0,8.22163130344682,0.0,12744.465235955824,0.0,551.179989194859,0.0,363.7322280964058,0.0,2.6701326461911594,0.0,14.25325467009756,0.0,689.4096117662103,0.0,304.5883419131928,0.0,10.414949512188716,0.0,9.40918469203272,0.0,7.331275292042502,0.0
Spsml,245.72549019607845,0.0,13.612402468380399,0.0,260.4939670043975,0.0,145.0,0.0,97.64947612529814,0.0,10.501602579881615,0.0,12.041594578792296,0.0,8.264981013696303,0.0,12746.697822307438,0.0,564.1429196839864,0.0,372.5451629974364,0.0,3.6318201670197174,0.0,14.53450702559128,0.0,201.01157846148917,0.0,181.7186452983865,0.0,10.501602579847598,0.0,9.160947003727857,0.0,7.296881953202645,0.0
Späks,256.87450980392157,0.0,13.846166973905849,0.0,242.8663599819647,0.0,127.0,0.0,85.60877210033104,0.0,9.941087424040221,0.0,11.269427669584644,0.0,7.721730796720618,0.0,12744.530160159482,0.0,555.4100414108761,0.0,368.3392780539838,0.0,2.504965921675076,0.0,20.183031698494066,0.0,387.7416371905529,0.0,256.5070936275331,0.0,9.941087423997258,0.0,9.147104129678722,0.0,6.8921753476334136,0.0
Späße,263.39607843137253,0.0,14.06185380419706,0.0,250.30761123394595,0.0,148.0,0.0,98.61398763002353,0.0,10.235592271473053,0.0,12.165525060596439,0.0,8.23109224599602,0.0,12747.622319190155,0.0,699.0218612536869,0.0,449.93821678472165,0.0,2.140592102741395,0.0,25.152718228882993,0.0,325.4610110116795,0.0,210.57692851216456,0.0,10.235592271419367,0.0,10.102112680980165,0.0,7.416145912702015,0.0
Spüle,238.33333333333334,0.0,13.522699670633845,0.0,242.85629068094212,0.0,130.0,0.0,86.29238687627057,0.0,9.907921637007167,0.0,11.40175425099138,0.0,7.703458823591827,0.0,12744.641810181227,0.0,553.0169117095392,0.0,365.1963866216557,0.0,3.4396001576367143,0.0,18.339114385558265,0.0,262.8045705371528,0.0,340.34784330467045,0.0,9.90792163696749,0.0,9.126482027796799,0.0,6.864728716611792,0.0
Sqfgt,245.98431372549018,0.0,13.80800853045383,0.0,253.09947005099656,0.0,127.0,0.0,88.33156233717513,0.0,10.298213050806092,0.0,11.269427669584644,0.0,8.009696686831495,0.0,9919.808721300466,0.0,4824.979510098556,0.0,4038.699295334187,0.0,3.357592274365488,0.0,38.87170013516312,0.0,278.25981971593524,0.0,242.95141935983295,0.0,10.298213050792723,0.0,9.185771887498147,0.0,7.0828405864676895,0.0
Sqnkq,262.0705882352941,0.0,14.167159364524109,0.0,251.65880139195846,0.0,136.0,0.0,93.67821161784258,0.0,10.391159650680944,0.0,11.661903789690601,0.0,8.209369929333127,0.0,37133.83379066507,0.0,15489.237412575836,0.0,13322.360626597481,0.0,3.3634028868322456,0.0,79.82601545474063,0.0,513.3514558443134,0.0,308.069137439948,0.0,10.391159650647,0.0,9.167729141911032,0.0,7.249937431170089,0.0
Sqtzt,222.21176470588236,0.0,13.148210825228354,0.0,237.89002491813156,0.0,110.0,0.0,73.45770666796274,0.0,9.631864742160174,0.0,10.488088481701515,0.0,7.145646740491048,0.0,9907.596525403715,0.0,4816.279563663929,0.0,4032.8868159357157,0.0,4.045883662102939,0.0,38.132471968780585,0.0,338.67930825980477,0.0,269.01555372207133,0.0,9.6318647421427,0.0,8.19724593132783,0.0,6.147580954257142,0.0
Srlnt,199.51764705882354,0.0,12.504489005564082,0.0,237.56262388199156,0.0,115.0,0.0,74.21664952364009,0.0,9.541168730074535,0.0,10.723805294763608,0.0,7.025793090027228,0.0,853.555532382354,0.0,113.31455195040955,0.0,76.79121377075833,0.0,2.4335188762953455,0.0,9.22481950857684,0.0,349.2890426785256,0.0,247.89947573678896,0.0,9.541168730009602,0.0,7.8158498180358915,0.0,6.045329711388906,0.0
Srmfl,220.55294117647057,0.0,13.147683890917888,0.0,271.0959151001729,0.0,145.0,0.0,97.55530394451647,0.0,10.71786121744936,0.0,12.041594578792296,0.0,8.253589450708803,0.0,905.5014424529779,0.0,278.15085290429994,0.0,198.04919390037946,0.0,2.977703075616505,0.0,13.079814788646459,0.0,244.25455599923262,0.0,183.37017132622654,0.0,10.717861217403025,0.0,9.04125458467012,0.0,7.226454000463656,0.0
Srßgm,256.721568627451,0.0,13.913575169955282,0.0,273.0672703171866,0.0,167.0,0.0,112.40161279436725,0.0,10.948145777193416,0.0,12.922847983320086,0.0,8.839853581297424,0.0,1062.2798902447566,0.0,532.8622661197467,0.0,329.3619342877026,0.0,5.419551675958908,0.0,21.05697004489898,0.0,271.946448475534,0.0,196.12543210953785,0.0,10.948145777144138,0.0,9.870779550527343,0.0,7.888765442966774,0.0
Ssnkt,224.78823529411767,0.0,13.104378529321943,0.0,227.0683631514001,0.0,114.0,0.0,73.42891313209842,0.0,9.301574390588685,0.0,10.677078252031311,0.0,6.968494264702145,0.0,851.5903427854046,0.0,108.8623691290412,0.0,77.96297350260036,0.0,2.2541920774013717,0.0,12.721908912783547,0.0,449.7540844699434,0.0,302.7376417055646,0.0,9.301574390560463,0.0,7.924675692351784,0.0,6.02892542739731,0.0
Ssphr,240.72156862745098,0.0,13.51732224846826,0.0,237.4401638171438,0.0,125.0,0.0,81.47482134806276,0.0,9.677832333148228,0.0,11.180339887498949,0.0,7.429961847745468,0.0,8151.4760008107605,0.0,360.99765594474707,0.0,238.5159487117866,0.0,3.5530428403296948,0.0,15.839448085595333,0.0,316.78716253483475,0.0,228.06648464520202,0.0,9.677832333113479,0.0,8.791418757469957,0.0,6.500997385649693,0.0
Ssthr,216.0156862745098,0.0,12.86009298340081,0.0,228.61777637393868,0.0,109.0,0.0,69.65333533110334,0.0,9.2551834564629,0.0,10.44030650891055,0.0,6.782417973833037,0.0,852.9843491044867,0.0,113.04330510277354,0.0,79.4051830928884,0.0,2.2475363466736367,0.0,13.841628999404591,0.0,322.2530045095004,0.0,229.5642095727077,0.0,9.255183456431025,0.0,7.922154404762628,0.0,5.807526008426945,0.0
Staat,210.72941176470584,0.0,12.55142011354053,0.0,226.34525624100596,0.0,102.0,0.0,64.7580068734091,0.0,9.057722238575098,0.0,10.099504938362077,0.0,6.498038188325814,0.0,857.607548729841,0.0,133.72780380989968,0.0,97.13569423891309,0.0,2.23034096523674,0.0,10.097208729576545,0.0,264.3512492389796,0.0,237.0202425743557,0.0,9.057722238538767,0.0,7.594628742552683,0.0,5.492423358506104,0.0
Stall,198.3607843137255,0.0,12.370723584303024,0.0,247.42552286231862,0.0,115.0,0.0,76.41996744174803,0.0,9.870577248976119,0.0,10.723805294763608,0.0,7.268948822516311,0.0,863.7161206044912,0.0,167.38212667775483,0.0,127.11412224754383,0.0,3.416747367231666,0.0,10.756183103745531,0.0,299.43770981922256,0.0,336.8200743744846,0.0,9.870577248949287,0.0,7.757520200682379,0.0,6.256212454179171,0.0
Stann,219.1607843137255,0.0,12.931333154885067,0.0,224.98209242116147,0.0,112.0,0.0,70.60850672087626,0.0,9.122412212944985,0.0,10.583005244258363,0.0,6.752781075032027,0.0,854.5374433360998,0.0,129.22213509007145,0.0,94.17599715977596,0.0,2.0902875260150813,0.0,9.929681738806124,0.0,422.63072037706877,0.0,168.43354840002013,0.0,9.122412212898226,0.0,7.9615216199142536,0.0,5.778505786448471,0.0
Starm,223.32941176470587,0.0,12.981047907137434,0.0,253.34687443475232,0.0,132.0,0.0,86.65212371056096,0.0,10.10461274922391,0.0,11.489125293076057,0.0,7.6668875866185955,0.0,939.7836047956904,0.0,238.61359380490285,0.0,168.23996472784071,0.0,3.529580402190757,0.0,11.741303627722854,0.0,271.5821361039482,0.0,217.15908454041957,0.0,10.104612749170895,0.0,8.60777396243087,0.0,6.654838080511309,0.0
Starn,210.60392156862747,0.0,12.687992731477177,0.0,231.43732806353944,0.0,108.0,0.0,69.21772049037155,0.0,9.306632937240572,0.0,10.392304845413264,0.0,6.75555554026064,0.0,857.3285665846772,0.0,139.71238755042106,0.0,101.81970814680562,0.0,1.9767503571546843,0.0,10.05207683209234,0.0,452.1332076988337,0.0,187.6951529738448,0.0,9.306632937190626,0.0,7.848292078972987,0.0,5.739444991122591,0.0
Stars,210.8235294117647,0.0,12.602687934551964,0.0,223.5482782731699,0.0,92.0,0.0,58.95362554769947,0.0,8.957518331231638,0.0,9.591663046625438,0.0,6.240617518522493,0.0,857.0451581346059,0.0,136.4378892020819,0.0,99.98802353079738,0.0,1.9923467104879569,0.0,9.685578977187575,0.0,258.9476296283891,0.0,187.4527008646799,0.0,8.957518331173969,0.0,7.235616101583817,0.0,5.2353387314801925,0.0
Start,201.48627450980393,0.0,12.400536382589761,0.0,233.6778590384244,0.0,107.0,0.0,69.02065586251052,0.0,9.355428717926827,0.0,10.344080432788601,0.0,6.773650560499609,0.0,857.9609860456483,0.0,142.7235830769258,0.0,104.08144084679077,0.0,2.8566445301306045,0.0,9.793418848420304,0.0,345.7865384515853,0.0,259.11230213376166,0.0,9.355428717871579,0.0,7.741925375970541,0.0,5.756403598796557,0.0
Stcld,212.3450980392157,0.0,12.715149126181654,0.0,239.3637453329118,0.0,110.0,0.0,73.49047873589768,0.0,9.657023926945946,0.0,10.488088481701515,0.0,7.134918670467146,0.0,991.332668380777,0.0,195.37743590764157,0.0,146.36726896971493,0.0,4.280815002772075,0.0,14.378789033290712,0.0,380.6107527779361,0.0,360.3078998105034,0.0,9.657023926916109,0.0,7.8535059893590216,0.0,6.119615004658279,0.0
Steak,227.2549019607843,0.0,13.170783086246605,0.0,238.70848863295708,0.0,126.0,0.0,83.83354471900276,0.0,9.7617840661825,0.0,11.224972160321824,0.0,7.578871074589903,0.0,862.3042757523862,0.0,165.3307262209544,0.0,124.47692984880139,0.0,3.154635847579467,0.0,11.569077998683936,0.0,1059.6518044649683,0.0,267.5069533612845,0.0,9.761784066086856,0.0,8.66685045261591,0.0,6.698982555720624,0.0
Steig,223.4666666666667,0.0,13.188300012085175,0.0,240.9597924478885,0.0,120.0,0.0,81.14956467510595,0.0,9.815868295123488,0.0,10.954451150103322,0.0,7.534502352468437,0.0,1164.7693095874606,0.0,256.2027872593139,0.0,197.96744000807627,0.0,3.752507901917955,0.0,12.022752600233293,0.0,487.744852236906,0.0,344.87855577502444,0.0,9.815868295082174,0.0,8.609915175104456,0.0,6.661508430125448,0.0
Steiß,220.1764705882353,0.0,13.058705175227669,0.0,249.8931506183632,0.0,135.0,0.0,90.20102156241825,0.0,10.11788453486946,0.0,11.61895003862225,0.0,7.884167677987696,0.0,945.2159210721353,0.0,566.5413850933387,0.0,357.3805470241832,0.0,3.0474866887824614,0.0,23.157333916194922,0.0,605.5030562240111,0.0,358.38374686814865,0.0,10.11788453475743,0.0,8.889187234290079,0.0,7.033097193652017,0.0
Stern,211.91764705882352,0.0,12.86511874320702,0.0,232.1866565158344,0.0,116.0,0.0,75.76503308469192,0.0,9.465875607591073,0.0,10.770329614269007,0.0,7.135914106643436,0.0,857.4554961728694,0.0,139.07199283342544,0.0,102.56131977915734,0.0,1.9260641393712916,0.0,10.169330072272963,0.0,453.7562677737367,0.0,187.43896685383797,0.0,9.465875607543076,0.0,8.298548089863434,0.0,6.207767847504614,0.0
Sters,212.13725490196077,0.0,12.780996201333469,0.0,224.29760672546485,0.0,100.0,0.0,65.50093814201983,0.0,9.12285695625046,0.0,10.0,0.0,6.650492199253857,0.0,857.1721296897701,0.0,135.78205170618418,0.0,100.74311985112028,0.0,1.9341056932501817,0.0,9.845167457682258,0.0,261.8235534407635,0.0,187.20201310269334,0.0,9.122856956193045,0.0,7.7216806598194765,0.0,5.744904218148934,0.0
Stetz,210.01960784313724,0.0,12.850097201097837,0.0,232.16165469354416,0.0,111.0,0.0,73.08649264469676,0.0,9.410184812238656,0.0,10.535653752852738,0.0,7.0377852916203185,0.0,865.6909209606099,0.0,205.24671849715304,0.0,152.37179674001356,0.0,1.9883689304100616,0.0,14.927036404961845,0.0,136.5842523684288,0.0,155.2961054863144,0.0,9.410184812195519,0.0,8.284625544221806,0.0,6.149198675896533,0.0
Stfns,217.8862745098039,0.0,13.011394172648536,0.0,229.87579647582476,0.0,104.0,0.0,68.15082542999292,0.0,9.293670084686052,0.0,10.198039027185569,0.0,6.803752051364291,0.0,896.72604499742,0.0,304.5073286735952,0.0,224.07186759409737,0.0,2.372313991232416,0.0,13.671867138268018,0.0,207.5791899142679,0.0,172.49110616254367,0.0,9.293670084638645,0.0,7.921595102793348,0.0,5.910411966465561,0.0
Stftx,212.98823529411766,0.0,12.954635900365329,0.0,255.9103546581785,0.0,128.0,0.0,87.6275875846691,0.0,10.254743899043893,0.0,11.313708498984761,0.0,7.871448050999367,0.0,910.8270987014107,0.0,354.7146341406733,0.0,267.28979695521116,0.0,2.6918418917346503,0.0,23.303231990862926,0.0,592.3919730939444,0.0,176.20368648437892,0.0,10.254743899013219,0.0,8.904575800058842,0.0,6.987472612962914,0.0
Stgßk,249.5294117647059,0.0,13.757939233934309,0.0,265.9887066598627,0.0,163.0,0.0,110.82703549821406,0.0,10.80691589893528,0.0,12.767145334803704,0.0,8.825503396054977,0.0,958.4716501683263,0.0,479.0512700312955,0.0,309.9483231599245,0.0,4.177221568014706,0.0,20.673622784423564,0.0,1100.9206683206125,0.0,294.06214887807494,0.0,10.806915898821591,0.0,9.932867719115938,0.0,7.935906989070333,0.0
Sthst,215.4549019607843,0.0,12.82202605566848,0.0,225.55490493044147,0.0,103.0,0.0,66.75862159265475,0.0,9.151211329307278,0.0,10.14889156509222,0.0,6.678353213458379,0.0,854.0337455099467,0.0,133.00328452643774,0.0,99.12136983306115,0.0,2.4799597275094887,0.0,11.075879253156414,0.0,300.0567201277318,0.0,239.38806166274043,0.0,9.151211329264894,0.0,7.542654877380815,0.0,5.68246579864992,0.0
Stich,205.22745098039215,0.0,12.550369412699874,0.0,228.38072043907707,0.0,95.0,0.0,62.56609703223168,0.0,9.204950468909384,0.0,9.746794344808963,0.0,6.525600316108059,0.0,872.189628558504,0.0,139.58156096621653,0.0,104.70836272088843,0.0,3.1460592055672287,0.0,10.733340490753386,0.0,592.9944696793996,0.0,242.08626071763487,0.0,9.204950468857167,0.0,7.388816806590296,0.0,5.560036540911795,0.0
Stieg,223.46666666666664,0.0,13.188300012085175,0.0,235.82541541468493,0.0,110.0,0.0,74.4129911747158,0.0,9.597945450869407,0.0,10.488088481701515,0.0,7.207054275905013,0.0,1159.58540416569,0.0,254.2170772088331,0.0,196.4877336875883,0.0,5.163742166695892,0.0,12.059820917450688,0.0,250.89133223891886,0.0,156.90791371854502,0.0,9.59794545081508,0.0,8.349038377590457,0.0,6.308712962806896,0.0
Stiel,198.94117647058823,0.0,12.547464364410963,0.0,238.90205041399702,0.0,108.0,0.0,72.06830807774071,0.0,9.614867150855556,0.0,10.392304845413264,0.0,7.054055619235979,0.0,875.9573853492975,0.0,157.9452025485463,0.0,119.56843056378938,0.0,2.6365820246300684,0.0,10.388502067238393,0.0,186.78606135991143,0.0,174.41611823237335,0.0,9.61486715082021,0.0,7.788478906736529,0.0,6.096578380053887,0.0
Stier,200.7843137254902,0.0,12.581610864640915,0.0,233.14640900832268,0.0,105.0,0.0,68.77838817752098,0.0,9.385019625081222,0.0,10.246950765959598,0.0,6.8123455652241285,0.0,872.4612441209109,0.0,139.82503397548908,0.0,102.43424734396308,0.0,2.359367825728837,0.0,9.81692788261632,0.0,157.42844756312113,0.0,202.41757385205563,0.0,9.385019625042677,0.0,7.879329840077863,0.0,5.880223295929509,0.0
Stiet,200.22352941176467,0.0,12.54269877577298,0.0,228.52742965284637,0.0,100.0,0.0,65.69471832792074,0.0,9.22389317215233,0.0,10.0,0.0,6.655991043726053,0.0,870.4877973733394,0.0,131.93633136095377,0.0,97.37954766832213,0.0,2.428275242375242,0.0,9.878164481494725,0.0,272.4218881509464,0.0,240.04323573648992,0.0,9.223893172110891,0.0,7.65910150505948,0.0,5.719298877384828,0.0
Stift,197.4156862745098,0.0,12.531064974242877,0.0,245.46737776481942,0.0,109.0,0.0,73.01196934232917,0.0,9.773835093640368,0.0,10.44030650891055,0.0,7.120561188911341,0.0,893.8497585060087,0.0,254.97128340338796,0.0,185.23575262188152,0.0,2.816088904616635,0.0,11.94269623658105,0.0,276.8387206407894,0.0,250.2245913799203,0.0,9.773835093565548,0.0,7.998806593588653,0.0,6.150180176389058,0.0
Stirn,198.7843137254902,0.0,12.499607375610085,0.0,236.33576791311324,0.0,104.0,0.0,67.916083128832,0.0,9.458384586953871,0.0,10.198039027185569,0.0,6.762891311046599,0.0,871.8382417615383,0.0,141.45039444774073,0.0,103.4947309312135,0.0,2.638123971278971,0.0,10.402797277334171,0.0,457.0012151112538,0.0,194.79107301468318,0.0,9.45838458690612,0.0,7.586614154590276,0.0,5.73831621841208,0.0
Stkbs,236.45098039215685,0.0,13.351098315145626,0.0,236.66892198707816,0.0,119.0,0.0,79.46862637110466,0.0,9.68377514733469,0.0,10.908712114635714,0.0,7.401011537002462,0.0,866.5698386779435,0.0,204.9726224980985,0.0,150.23133105078537,0.0,3.029781062869068,0.0,13.686075465354838,0.0,244.6662848315287,0.0,179.6483956387577,0.0,9.683775147289484,0.0,8.417595781042323,0.0,6.499473069676577,0.0
Stlfn,207.26666666666668,0.0,12.820355186680631,0.0,247.32160642310075,0.0,116.0,0.0,77.79344380461828,0.0,9.913336752242227,0.0,10.770329614269007,0.0,7.357538238293924,0.0,879.5025876295354,0.0,255.54666783330492,0.0,186.62317633650025,0.0,2.8531634522933356,0.0,12.793249568410292,0.0,397.9120156646221,0.0,168.96373006928852,0.0,9.91333675218071,0.0,8.25651010320674,0.0,6.395258103166218,0.0
Stlll,187.27450980392157,0.0,12.182441780508796,0.0,256.41872234505865,0.0,117.0,0.0,79.70273991463654,0.0,10.194750638812105,0.0,10.816653826391969,0.0,7.524132757533046,0.0,864.1396756704713,0.0,172.19074654917478,0.0,132.2252838770257,0.0,3.8976534429756713,0.0,11.126278701648337,0.0,301.9599804247631,0.0,337.5096319041476,0.0,10.194750638795297,0.0,7.65969435232091,0.0,6.511282675361512,0.0
Stoda,225.31372549019608,0.0,12.950226781891587,0.0,226.87506593990932,0.0,102.0,0.0,66.49061156060942,0.0,9.18632505218364,0.0,10.099504938362077,0.0,6.6846043219376545,0.0,906.142465572133,0.0,143.65303962602115,0.0,106.85691570608947,0.0,3.800522638467759,0.0,11.165963087194568,0.0,202.39339124907087,0.0,167.5146111177675,0.0,9.186325052140052,0.0,7.651760015329629,0.0,5.657294384723837,0.0
Stola,202.65098039215687,0.0,12.348685230125751,0.0,228.89533898648213,0.0,96.0,0.0,62.797957685070685,0.0,9.19565484075908,0.0,9.797958971132712,0.0,6.516834078225921,0.0,858.1097924532314,0.0,135.91596847945334,0.0,102.60837731390436,0.0,2.360641468588284,0.0,10.603290583277778,0.0,284.3527871573265,0.0,328.81130400661687,0.0,9.195654840710898,0.0,7.079718818531061,0.0,5.503121026041101,0.0
Stolz,200.62745098039215,0.0,12.471998933651317,0.0,233.84574245504328,0.0,102.0,0.0,66.96633811448335,0.0,9.382168615711127,0.0,10.099504938362077,0.0,6.7452327949536235,0.0,865.6227779771583,0.0,205.5618272972116,0.0,153.57927011608436,0.0,2.332050243442307,0.0,15.508555266713895,0.0,282.44499732922793,0.0,328.0563895264291,0.0,9.38216861568467,0.0,7.465092555092378,0.0,5.76363480310994,0.0
Story,207.4078431372549,0.0,12.578047921042316,0.0,251.56936500608765,0.0,132.0,0.0,88.5069160639614,0.0,10.159423383138234,0.0,11.489125293076057,0.0,7.84839059473996,0.0,6014.569456714849,0.0,200.14878083236587,0.0,144.34068343062228,0.0,2.5766672396779895,0.0,10.690261528755245,0.0,287.09425913762277,0.0,200.24937044134785,0.0,10.159423383106091,0.0,8.495577770167065,0.0,6.875157416452876,0.0
Stqvk,231.61960784313726,0.0,13.320126677402046,0.0,263.0868538631198,0.0,153.0,0.0,104.6571159759512,0.0,10.705362122281095,0.0,12.36931687685298,0.0,8.620265787249698,0.0,11999.169653760815,0.0,5057.878529789517,0.0,4333.502198798923,0.0,3.181846972194534,0.0,44.328824881530984,0.0,1076.25629637062,0.0,302.9433709643005,0.0,10.705362122188703,0.0,9.292902818423546,0.0,7.700859034628285,0.0
Strck,208.01960784313724,0.0,12.593666289195296,0.0,237.42357476654382,0.0,114.0,0.0,75.55949089259826,0.0,9.624377850987416,0.0,10.677078252031311,0.0,7.191448223043846,0.0,859.3881617131523,0.0,166.3202020480786,0.0,124.67726222367031,0.0,3.0192921084499265,0.0,11.594645380413647,0.0,1060.3201809303737,0.0,265.94345131293386,0.0,9.624377850880144,0.0,7.954157771313969,0.0,6.283971138285057,0.0
Stscr,202.14509803921567,0.0,12.338946944039122,0.0,221.13018657552436,0.0,97.0,0.0,61.77722002197561,0.0,8.928401024745034,0.0,9.848857801796104,0.0,6.372305962585919,0.0,855.5849500617323,0.0,135.81808537430186,0.0,99.64483959100923,0.0,2.52569577841198,0.0,12.354561178222554,0.0,148.89408622978596,0.0,195.54203839870598,0.0,8.928401024707197,0.0,7.301002526786558,0.0,5.4257629280871695,0.0
Stsls,208.51372549019607,0.0,12.581002747883533,0.0,222.66582706330402,0.0,89.0,0.0,58.134343557056646,0.0,8.978602387553229,0.0,9.433981132056603,0.0,6.2702986379748555,0.0,855.4713368812113,0.0,134.157613463429,0.0,101.49351026357195,0.0,2.103354941405006,0.0,11.060385819929945,0.0,278.8404009294953,0.0,329.30991877673557,0.0,8.97860238750606,0.0,6.834748535832456,0.0,5.301702295168323,0.0
Stsrn,210.13725490196077,0.0,12.700280173825155,0.0,227.18183379093003,0.0,105.0,0.0,67.37271667031119,0.0,9.189820409207389,0.0,10.246950765959598,0.0,6.671662273448378,0.0,855.5471514662015,0.0,137.09578835830217,0.0,100.79365198517391,0.0,1.9059758391605781,0.0,11.193959350595112,0.0,453.49237752055717,0.0,187.3794766425369,0.0,9.189820409159449,0.0,7.596854113036857,0.0,5.665190271760997,0.0
Ststr,201.01960784313724,0.0,12.413108374439133,0.0,230.99468809140006,0.0,107.0,0.0,69.24370688933723,0.0,9.308941462855405,0.0,10.344080432788601,0.0,6.804208393708103,0.0,856.437148534201,0.0,145.16686811267894,0.0,106.6551874417225,0.0,2.7724286434144276,0.0,11.369683167225382,0.0,152.90968291491768,0.0,200.72442612333109,0.0,9.308941462819089,0.0,7.671715328112311,0.0,5.833891828447342,0.0
Stuck,213.4313725490196,0.0,12.682117087066853,0.0,231.6842189663962,0.0,117.0,0.0,76.18954005393981,0.0,9.455370200984694,0.0,10.816653826391969,0.0,7.152499029120456,0.0,858.0940168991299,0.0,161.46790282327737,0.0,121.7031022663681,0.0,2.788615398742915,0.0,11.719916679364982,0.0,1060.5195386848336,0.0,265.86514382261305,0.0,9.45537020087285,0.0,7.9423419866336324,0.0,6.256865605760772,0.0
Stufe,216.52156862745096,0.0,13.019676942883015,0.0,233.1284080202362,0.0,116.0,0.0,75.25873659941747,0.0,9.445361149903253,0.0,10.770329614269007,0.0,7.103909839909885,0.0,880.5300773546354,0.0,250.05448105854376,0.0,181.84815233023858,0.0,2.6623771977918693,0.0,12.0175043883841,0.0,143.2170251268164,0.0,167.57724835107578,0.0,9.445361149830628,0.0,8.445529995402433,0.0,6.213640792485477,0.0
Stuhl,210.8078431372549,0.0,12.754716129525992,0.0,241.31976577495914,0.0,127.0,0.0,82.26622688728565,0.0,9.753981170543643,0.0,11.269427669584644,0.0,7.438724054415947,0.0,859.6632315669503,0.0,160.79600499612843,0.0,121.72902025753233,0.0,2.488485047554896,0.0,12.254431301598407,0.0,347.1154156963784,0.0,205.8101630277948,0.0,9.753981170505565,0.0,8.128845167585446,0.0,6.459197961524812,0.0
Stunk,221.4235294117647,0.0,13.03394025672655,0.0,238.1401408697851,0.0,133.0,0.0,86.06242815451931,0.0,9.729053698402677,0.0,11.532562594670797,0.0,7.574708228411026,0.0,857.9085231191859,0.0,163.07577992983684,0.0,122.55394275610401,0.0,3.229150134781834,0.0,11.729998326001002,0.0,1071.880338472755,0.0,275.7393637244173,0.0,9.72905369829181,0.0,8.428654194659709,0.0,6.656977162147659,0.0
Sturm,219.49803921568625,0.0,12.92201314359333,0.0,252.65048796883482,0.0,138.0,0.0,89.77488452079174,0.0,10.117704216563874,0.0,11.74734012447073,0.0,7.770550785974864,0.0,938.0943096608822,0.0,237.385069990499,0.0,167.57610567274838,0.0,3.6807592952899313,0.0,12.161050707972787,0.0,276.09763655142314,0.0,217.51632847940292,0.0,10.117704216513177,0.0,8.558197150028896,0.0,6.775074318009409,0.0
Sturt,197.65490196078434,0.0,12.338724467777613,0.0,232.9814725725069,0.0,113.0,0.0,72.1434166727413,0.0,9.369567028326657,0.0,10.63014581273465,0.0,6.890764556079747,0.0,856.1102519838001,0.0,140.66003509248486,0.0,103.00491148272032,0.0,2.862855477334137,0.0,10.333333433909969,0.0,349.18620354516986,0.0,259.44576323926657,0.0,9.3695670282726,0.0,7.68676618596425,0.0,5.894993174631621,0.0
Sturz,205.43529411764706,0.0,12.650981607770142,0.0,233.76259580522293,0.0,111.0,0.0,70.67755586332034,0.0,9.355872999720702,0.0,10.535653752852738,0.0,6.812594864858281,0.0,865.4660954526129,0.0,206.00029591388468,0.0,151.9946772542284,0.0,1.9529899896979035,0.0,15.499591250501556,0.0,260.3542042604531,0.0,185.73601884962414,0.0,9.355872999684976,0.0,7.8188537273254655,0.0,5.827000990798749,0.0
Stute,208.21176470588233,0.0,12.670244137552768,0.0,223.1906731135238,0.0,108.0,0.0,68.95017075534612,0.0,9.074868467512616,0.0,10.392304845413264,0.0,6.721620437197683,0.0,857.0599687496217,0.0,132.88875816000595,0.0,98.3544396045978,0.0,2.069453949067727,0.0,9.92083307018902,0.0,140.35508184728988,0.0,158.71212694667926,0.0,9.074868467461473,0.0,7.9135203992134056,0.0,5.8125859484321625,0.0
Stzck,215.23921568627452,0.0,12.861804126270357,0.0,235.05754711632602,0.0,112.0,0.0,74.168923066955,0.0,9.534938423495795,0.0,10.583005244258363,0.0,7.1170971236659595,0.0,863.4209830914684,0.0,199.83114571116172,0.0,148.2186955995612,0.0,2.6538607769430724,0.0,15.9265831442497,0.0,1059.3381233893865,0.0,265.8193423452527,0.0,9.53493842339087,0.0,8.038018045885114,0.0,6.186246275681042,0.0
Stäbe,239.5176470588235,0.0,13.45095466755672,0.0,232.0613175023543,0.0,119.0,0.0,77.79490919595149,0.0,9.464827119897677,0.0,10.908712114635714,0.0,7.226733405221747,0.0,870.7965053891265,0.0,204.53833778749504,0.0,150.03248246604005,0.0,3.375892478563157,0.0,19.642178235154162,0.0,219.25807261528612,0.0,194.681237310664,0.0,9.464827119851309,0.0,8.97167700641614,0.0,6.35414242803039,0.0
Stöch,216.94509803921568,0.0,12.723059679066118,0.0,224.63337301876462,0.0,103.0,0.0,67.25051307594495,0.0,9.165955599331479,0.0,10.14889156509222,0.0,6.737183193471019,0.0,860.2802250944643,0.0,200.5998881522601,0.0,131.32455655509796,0.0,2.528609891714296,0.0,20.483917089683963,0.0,599.3012477752521,0.0,253.79186072887572,0.0,9.16595559927841,0.0,7.801193111146704,0.0,5.82010520969813,0.0
Stöck,217.16078431372546,0.0,12.727323956217393,0.0,233.53169786157505,0.0,115.0,0.0,76.44955792588274,0.0,9.553561488555449,0.0,10.723805294763608,0.0,7.243154991734122,0.0,862.5280274298416,0.0,218.8666835211802,0.0,147.1760304348728,0.0,2.6264173782688887,0.0,20.870711939764288,0.0,1064.7313775327043,0.0,280.9575811842113,0.0,9.553561488442043,0.0,8.13368651298761,0.0,6.362410518335416,0.0
Stöfö,218.83529411764704,0.0,12.87455041711774,0.0,239.5864929146649,0.0,111.0,0.0,74.39949839773456,0.0,9.671103005521026,0.0,10.535653752852738,0.0,7.19406952193344,0.0,889.8626586772876,0.0,301.3679350791174,0.0,211.846371712331,0.0,2.5465317950666724,0.0,110.95690624163328,0.0,924.6355921031438,0.0,785.7831972051356,0.0,9.671088757951644,0.0,8.377390845562598,0.0,6.305603488576138,0.0
Stömm,244.50980392156862,0.0,13.48642902259981,0.0,267.0503945595858,0.0,156.0,0.0,103.90284736226855,0.0,10.68291709308779,0.0,12.489995996796797,0.0,8.454166645413009,0.0,970.0325975477809,0.0,302.18920297269136,0.0,201.56363057243303,0.0,5.389702658906544,0.0,21.363920659245423,0.0,226.51507481615076,0.0,223.08831895015052,0.0,10.682917093038991,0.0,9.338126266118906,0.0,7.471155206734357,0.0
Störe,212.50196078431372,0.0,12.753878122010407,0.0,228.08480803859385,0.0,108.0,0.0,70.22580363000223,0.0,9.269583332317135,0.0,10.392304845413264,0.0,6.859278780199263,0.0,863.2391238243166,0.0,200.51512080438843,0.0,129.54712649072127,0.0,1.97206180958495,0.0,19.64122325059717,0.0,278.83867948830147,0.0,208.9502865881295,0.0,9.269583332264762,0.0,8.143743877469046,0.0,5.936307160177717,0.0
Stött,200.8235294117647,0.0,12.345653623793792,0.0,231.78229543779452,0.0,109.0,0.0,71.38781954197108,0.0,9.3781592971153,0.0,10.44030650891055,0.0,6.944293760348445,0.0,858.8092228264396,0.0,202.23708085599768,0.0,131.1465869327589,0.0,2.8894342386547196,0.0,19.984517570685423,0.0,289.6901370769701,0.0,256.3182908149248,0.0,9.378159297070214,0.0,7.844854063833079,0.0,5.996762295408157,0.0
Sucen,218.45490196078433,0.0,12.880655870549337,0.0,209.62021635309685,0.0,101.0,0.0,62.618581151309385,0.0,8.597920622305194,0.0,10.04987562112089,0.0,6.2839456186882465,0.0,849.2390500105926,0.0,72.70539434231344,0.0,45.626250848952424,0.0,1.7427472601310334,0.0,9.520409408652256,0.0,390.8363338249187,0.0,149.3627630995809,0.0,8.597920622254703,0.0,7.680898311008218,0.0,5.373939739907898,0.0
Suche,224.33333333333334,0.0,13.038257962763874,0.0,213.1291455753433,0.0,106.0,0.0,66.01740624654093,0.0,8.739685760053568,0.0,10.295630140987,0.0,6.4860303727073,0.0,852.5848820750805,0.0,81.90834967454671,0.0,54.3961503718945,0.0,2.3121552917751425,0.0,9.025997320638687,0.0,318.46197889425144,0.0,191.18854861379188,0.0,8.739685760003447,0.0,7.982845902331765,0.0,5.581785747559009,0.0
Sucht,213.21568627450978,0.0,12.67783760428591,0.0,219.8732890044352,0.0,109.0,0.0,68.19503716122296,0.0,8.950543548073378,0.0,10.44030650891055,0.0,6.618653386545371,0.0,849.8665872110164,0.0,90.1035574261167,0.0,60.296217262365815,0.0,2.1683676583136435,0.0,9.13934803834015,0.0,394.35371399116707,0.0,261.8239044230112,0.0,8.950543548026008,0.0,7.718011325166752,0.0,5.6568042529374765,0.0
Sudan,237.39607843137253,0.0,13.362587284899547,0.0,226.1086948892178,0.0,115.0,0.0,72.37416127403736,0.0,9.192438828798503,0.0,10.723805294763608,0.0,6.836882144178145,0.0,913.4761791211275,0.0,117.58176310014612,0.0,79.94823529921314,0.0,2.5333700766899248,0.0,9.19254139676264,0.0,394.89290725817676,0.0,156.3327656197323,0.0,9.192438828755423,0.0,8.19028270023318,0.0,5.833121027956231,0.0
Sulun,210.90196078431373,0.0,12.720503569932458,0.0,226.84282409094732,0.0,109.0,0.0,69.02961316152526,0.0,9.19796336896712,0.0,10.44030650891055,0.0,6.697340784476588,0.0,850.4992684732273,0.0,90.12063749693706,0.0,61.3701200465035,0.0,2.180804140796769,0.0,9.751802784236748,0.0,432.83736519271207,0.0,180.90435686442638,0.0,9.19796336892843,0.0,7.683905110015859,0.0,5.732551281575031,0.0
Sumen,239.17254901960783,0.0,13.50856193955302,0.0,233.031306676601,0.0,126.0,0.0,80.9504930982443,0.0,9.53815244495144,0.0,11.224972160321824,0.0,7.28762759151764,0.0,874.0462273266803,0.0,133.11794227864377,0.0,86.71001723758478,0.0,2.339971520172282,0.0,8.420432509163986,0.0,388.9672894869633,0.0,150.2987767983398,0.0,9.5381524449067,0.0,8.625120242642934,0.0,6.3404612804962,0.0
Summa,250.58431372549018,0.0,13.619015021847984,0.0,253.7038543463648,0.0,140.0,0.0,91.0114323741337,0.0,10.165985755117378,0.0,11.832159566199232,0.0,7.792292113916225,0.0,908.2668980620355,0.0,184.46302743715304,0.0,121.69495056291822,0.0,3.188868549780511,0.0,9.534356860224278,0.0,169.34362206083506,0.0,168.32127014493284,0.0,10.16598575507347,0.0,8.791799142149989,0.0,6.757346255023492,0.0
Summe,251.89803921568628,0.0,13.78418263402368,0.0,251.12899115311802,0.0,145.0,0.0,94.46804269828532,0.0,10.165559032657114,0.0,12.041594578792296,0.0,7.942421555336683,0.0,909.0765106541088,0.0,183.70784710109177,0.0,121.23824207726322,0.0,3.2311797111327043,0.0,9.281065990680501,0.0,166.4104001157223,0.0,169.29380844300422,0.0,10.165559032616814,0.0,9.220138346882283,0.0,6.967838637950212,0.0
Sumpf,251.9529411764706,0.0,13.867721324456845,0.0,263.2417080394049,0.0,149.0,0.0,100.17725079843346,0.0,10.582800420305107,0.0,12.206555615733702,0.0,8.358525671142521,0.0,7579.3387910188785,0.0,549.0206963197254,0.0,390.5851867817608,0.0,3.82346345117854,0.0,15.22324251609382,0.0,138.65128808638042,0.0,151.65399802595687,0.0,10.582800420275927,0.0,9.580667535380337,0.0,7.411995046247494,0.0
Sunse,226.66666666666666,0.0,13.145394025400874,0.0,206.83792037536352,0.0,97.0,0.0,59.548672427803375,0.0,8.463907113938726,0.0,9.848857801796104,0.0,6.094208855631264,0.0,851.5602631891065,0.0,70.6965492128444,0.0,43.7722689263945,0.0,1.8177796543376477,0.0,8.235271504124183,0.0,149.39732507605092,0.0,149.69146213203447,0.0,8.463907113888324,0.0,7.572154260416729,0.0,5.153673483808028,0.0
Svhns,226.54901960784312,0.0,13.136380421582878,0.0,227.73398017888059,0.0,117.0,0.0,75.66669474343482,0.0,9.345899132669679,0.0,10.816653826391969,0.0,7.1013508727865835,0.0,910.3825327768749,0.0,222.37101965424893,0.0,166.82303611543355,0.0,1.9982858235165781,0.0,22.94103332974124,0.0,298.30910790792507,0.0,179.16342691527478,0.0,9.345899132620904,0.0,8.028299816372861,0.0,6.219957262804284,0.0
Svllz,198.31372549019608,0.0,12.531712329834418,0.0,253.50458866184596,0.0,122.0,0.0,82.15452859375931,0.0,10.127126099291818,0.0,11.045361017187261,0.0,7.573617505747953,0.0,924.2566408187683,0.0,278.74843434021966,0.0,209.28797849690665,0.0,2.6939178041792515,0.0,25.6819832174827,0.0,323.1723430861618,0.0,330.94225050953986,0.0,10.127126099282039,0.0,8.142393805956328,0.0,6.65514021013962,0.0
Svmpf,247.95686274509802,0.0,13.785814215601555,0.0,277.083779456985,0.0,165.0,0.0,113.05708978896564,0.0,11.091236762619202,0.0,12.84523257866513,0.0,8.961502979386905,0.0,7586.497833381404,0.0,586.821339898255,0.0,421.37329314568444,0.0,4.030249022242809,0.0,26.04924654061318,0.0,225.72380276276033,0.0,157.83221942540993,0.0,11.091236762591956,0.0,10.009564464701391,0.0,8.03967293582698,0.0
Svßhn,237.16470588235296,0.0,13.443233920992283,0.0,251.76456819820027,0.0,153.0,0.0,100.74699160126657,0.0,10.296071547046502,0.0,12.36931687685298,0.0,8.265624782870544,0.0,955.8257834194874,0.0,518.5177868396638,0.0,321.6398137940583,0.0,2.815199854614045,0.0,29.111512798391,0.0,537.5312307398498,0.0,202.00686767235743,0.0,10.296071547003136,0.0,9.28834281205723,0.0,7.379967067078963,0.0
Sxtyr,217.95686274509802,0.0,13.016336111479784,0.0,271.23204909115,0.0,152.0,0.0,104.70534160518153,0.0,10.867093135778674,0.0,12.328828005937952,0.0,8.637687021778731,0.0,30586.844032474033,0.0,628.0677124970875,0.0,441.1074004915001,0.0,2.9564823825401674,0.0,33.09378003773974,0.0,236.5815826982501,0.0,234.89635552112026,0.0,10.867093135753173,0.0,9.324659585223163,0.0,7.692321037449227,0.0
Syrer,216.078431372549,0.0,12.995335276419729,0.0,253.97577352846696,0.0,140.0,0.0,93.69066312467446,0.0,10.28112311380029,0.0,11.832159566199232,0.0,8.067320610677895,0.0,21324.925718014998,0.0,448.42046752986516,0.0,318.490148427577,0.0,2.993916970036707,0.0,11.637994810263102,0.0,199.00550361260636,0.0,196.67468136007446,0.0,10.28112311376484,0.0,9.076105535021835,0.0,7.1966549094057095,0.0
Syrmr,226.80392156862743,0.0,13.203955345088614,0.0,276.57707045919096,0.0,163.0,0.0,109.58290826725855,0.0,10.9946907013439,0.0,12.767145334803704,0.0,8.749135813486518,0.0,21326.25629654668,0.0,466.54936031772377,0.0,329.8894635742224,0.0,2.6257485203798554,0.0,13.26907634349986,0.0,233.78104237792454,0.0,211.7765718899426,0.0,10.994690701322996,0.0,9.512838365250822,0.0,7.7967503845116095,0.0
Szlzt,205.40000000000003,0.0,12.797623890376029,0.0,236.2525802280162,0.0,103.0,0.0,67.08506855860927,0.0,9.405850988501289,0.0,10.14889156509222,0.0,6.708153067747425,0.0,877.5829438584582,0.0,346.741486168235,0.0,220.50679373547703,0.0,2.7081705891146313,0.0,22.300454242129007,0.0,323.7073623732571,0.0,264.6304130119414,0.0,9.40585098845352,0.0,7.846790657338453,0.0,5.720197641056471,0.0
Szwlb,233.18823529411765,0.0,13.298941226831168,0.0,253.6280135956356,0.0,131.0,0.0,86.2630336948219,0.0,10.132859583458274,0.0,11.445523142259598,0.0,7.655419563639876,0.0,952.2747268077047,0.0,501.2181036896203,0.0,326.2763572228405,0.0,2.542464728087242,0.0,27.4772965256464,0.0,548.7543928847098,0.0,470.94130327648384,0.0,10.132859583435327,0.0,8.794896065365439,0.0,6.692465118555736,0.0
Säbel,238.23529411764707,0.0,13.455398576967234,0.0,234.63031805039128,0.0,119.0,0.0,78.22338875795414,0.0,9.564921535214708,0.0,10.908712114635714,0.0,7.283785556739821,0.0,863.3901969260935,0.0,163.62043436064056,0.0,117.45352729039537,0.0,3.859961283993013,0.0,11.988151327341667,0.0,190.6243496270098,0.0,178.98245603832734,0.0,9.564921535184263,0.0,8.569486216610526,0.0,6.364027425695835,0.0
Särge,242.5411764705882,0.0,13.593338034055957,0.0,227.8168827767911,0.0,109.0,0.0,71.64913218488527,0.0,9.295013916669324,0.0,10.44030650891055,0.0,6.966871148587585,0.0,949.6990703802229,0.0,166.0301972438226,0.0,124.91074645281037,0.0,2.4098008631830816,0.0,10.930765885034406,0.0,130.36180346326324,0.0,156.46896538112006,0.0,9.295013916635368,0.0,8.51645681727974,0.0,6.098448780657109,0.0
Sätze,226.51764705882354,0.0,13.22847115346496,0.0,220.3472221547288,0.0,97.0,0.0,62.088978518572375,0.0,8.897062882425235,0.0,9.848857801796104,0.0,6.377033312234051,0.0,857.386151257161,0.0,140.04444031617936,0.0,99.42664654445935,0.0,1.941509401852795,0.0,12.391350340913995,0.0,232.06972654013174,0.0,197.51656430237279,0.0,8.897062882388692,0.0,8.038474207009013,0.0,5.471453903057317,0.0
Säule,223.42745098039214,0.0,13.058411346024005,0.0,222.76117900829516,0.0,103.0,0.0,65.56666045738133,0.0,9.028571808704097,0.0,10.14889156509222,0.0,6.547461266504639,0.0,855.8101595148789,0.0,102.98723989321799,0.0,74.12494609680549,0.0,2.4701902181723514,0.0,10.831573031005725,0.0,267.9270715491659,0.0,330.3106102664037,0.0,9.02857180866837,0.0,7.760239187030739,0.0,5.658280987196317,0.0
Söhgs,248.39999999999998,0.0,13.615370015302368,0.0,222.8414299714085,0.0,102.0,0.0,67.71172960992153,0.0,9.171158009568035,0.0,10.099504938362077,0.0,6.817625856531736,0.0,947.9706519100132,0.0,210.20154232328665,0.0,140.34499926893014,0.0,2.9984567019228985,0.0,14.434509499286843,0.0,204.03789655935574,0.0,167.44355684677262,0.0,9.171158009519624,0.0,8.074575455197385,0.0,5.9144466291124544,0.0
Söndö,241.0235294117647,0.0,13.391300176428908,0.0,224.69071873827193,0.0,106.0,0.0,69.0182874251171,0.0,9.202291186249225,0.0,10.295630140987,0.0,6.798039446481366,0.0,911.018565815935,0.0,191.05499878151332,0.0,124.32939870190377,0.0,2.833271499033223,0.0,109.7117553393882,0.0,932.3684630598492,0.0,782.0402054425753,0.0,9.20227621290102,0.0,8.132388040794572,0.0,5.8508756177375085,0.0
Sönör,220.20392156862744,0.0,12.843934116874623,0.0,222.93034099775014,0.0,106.0,0.0,67.43584593413291,0.0,9.07884883990972,0.0,10.295630140987,0.0,6.643374974084302,0.0,859.9632260230081,0.0,227.7608863522031,0.0,131.64286785903718,0.0,2.3075581818118565,0.0,34.905130059156264,0.0,228.56471381755338,0.0,266.8209764201796,0.0,9.078848839879665,0.0,7.910684763540853,0.0,5.730771424827288,0.0
Sühne,239.02352941176468,0.0,13.561578697289765,0.0,222.25433124647242,0.0,119.0,0.0,75.18294012359156,0.0,9.147817949004862,0.0,10.908712114635714,0.0,6.973552616908064,0.0,853.4020586790505,0.0,97.72272221242132,0.0,66.71013565827108,0.0,1.8246138536862022,0.0,11.210212887583097,0.0,244.5747177552404,0.0,186.849204515578,0.0,9.147817948963072,0.0,8.574373088758977,0.0,6.093747925913393,0.0
Sünde,245.40784313725487,0.0,13.709762978356775,0.0,225.25220335139323,0.0,119.0,0.0,76.06681110004226,0.0,9.265002987576928,0.0,10.908712114635714,0.0,7.058702529815354,0.0,903.8466971772758,0.0,115.56357839886981,0.0,80.4763653161004,0.0,2.708888466756387,0.0,11.162291352264427,0.0,212.5519796842939,0.0,181.19927903871903,0.0,9.26500298754998,0.0,8.68974695286249,0.0,6.132972343151294,0.0
Süßes,244.2,0.0,13.552592247686958,0.0,226.99789046280657,0.0,118.0,0.0,76.33622200084758,0.0,9.334634423833508,0.0,10.862780491200215,0.0,7.110326306605001,0.0,898.0177575869333,0.0,475.1106657332198,0.0,280.09998927970196,0.0,2.248231786551439,0.0,18.695515847847293,0.0,190.89174321023208,0.0,169.85025655005072,0.0,9.334634423787628,0.0,8.492753493830161,0.0,6.290293410938188,0.0
Tabak,245.00392156862745,0.0,13.618886856138705,0.0,245.47854097993223,0.0,123.0,0.0,81.30456085504551,0.0,9.876526628911114,0.0,11.090536506409418,0.0,7.447162745334016,0.0,866.2656230409517,0.0,175.59752778491423,0.0,123.30767889649995,0.0,2.7692834507368986,0.0,11.438925564538563,0.0,1072.0788005808597,0.0,244.2552011818961,0.0,9.87652662887251,0.0,8.607537222656461,0.0,6.448050075525939,0.0
Tabus,235.2980392156863,0.0,13.326442856227898,0.0,224.64266318946596,0.0,97.0,0.0,62.08967422849625,0.0,9.04082801772826,0.0,9.848857801796104,0.0,6.392157964576244,0.0,858.3768340279098,0.0,137.48533736616497,0.0,91.06171253720632,0.0,2.5155446764342977,0.0,10.221519753835047,0.0,283.3658450796147,0.0,144.3863841039448,0.0,9.04082801771672,0.0,7.640597239957836,0.0,5.377629913548784,0.0
Tafel,217.35294117647055,0.0,13.18910400431944,0.0,246.82984452489472,0.0,111.0,0.0,74.91639737266274,0.0,9.869090588528094,0.0,10.535653752852738,0.0,7.251360994488664,0.0,902.7277846587065,0.0,307.4414656991338,0.0,225.23459742963217,0.0,3.006695061840052,0.0,12.608765394084292,0.0,221.43971045591593,0.0,115.5543610173046,0.0,9.869090588526177,0.0,8.339624044436508,0.0,6.308265468477122,0.0
Tango,234.57647058823528,0.0,13.378565146627093,0.0,228.26747981307255,0.0,99.0,0.0,65.3229449290385,0.0,9.245246885842679,0.0,9.9498743710662,0.0,6.673873999130875,0.0,947.525931487393,0.0,164.29779822017264,0.0,122.4043156952698,0.0,3.0395060245514127,0.0,9.080700814260043,0.0,293.11010264485907,0.0,123.54234221913617,0.0,9.245246885822773,0.0,7.790093714581869,0.0,5.665979226427077,0.0
Tanks,232.87450980392157,0.0,13.388761950195985,0.0,228.83339461627827,0.0,102.0,0.0,66.45094259650693,0.0,9.270797801257611,0.0,10.099504938362077,0.0,6.675367719884555,0.0,854.1574483004865,0.0,117.02944866948559,0.0,81.83016915817915,0.0,2.31814762612616,0.0,8.638937356550839,0.0,418.30739224732065,0.0,211.52126742935252,0.0,9.270797801243491,0.0,7.605401523398895,0.0,5.703212803697808,0.0
Tanne,228.5607843137255,0.0,13.38953725132764,0.0,219.67340023163206,0.0,103.0,0.0,64.56117468879303,0.0,8.906240343250413,0.0,10.14889156509222,0.0,6.42928568774101,0.0,855.0676349902127,0.0,93.27166428860181,0.0,59.542378096879844,0.0,2.0071418378785624,0.0,7.671192317343201,0.0,255.85167535821307,0.0,112.43270232842725,0.0,8.906240343237068,0.0,7.872181323080939,0.0,5.442849555490461,0.0
Tante,219.44313725490196,0.0,13.117463582057514,0.0,223.08197984411882,0.0,97.0,0.0,62.15477345557517,0.0,9.0005945983145,0.0,9.848857801796104,0.0,6.388170368329454,0.0,856.1062730891258,0.0,103.94539087660971,0.0,69.16434021036007,0.0,2.1994203760281037,0.0,7.694068260895136,0.0,207.86159766248926,0.0,97.50097287413034,0.0,9.000594598298804,0.0,7.717538575349445,0.0,5.390085720005598,0.0
Tapps,257.9568627450981,0.0,13.97547310540148,0.0,242.04027720409266,0.0,113.0,0.0,77.08631419523611,0.0,9.813768959101543,0.0,10.63014581273465,0.0,7.400906373841697,0.0,11088.160596209833,0.0,483.0133761457586,0.0,317.156941055207,0.0,3.7512623181586897,0.0,11.316227956229639,0.0,191.10865558245317,0.0,90.0008462700042,0.0,9.813768959080337,0.0,8.740427926109664,0.0,6.478186294287828,0.0
Tasse,228.99999999999997,0.0,13.22742889030436,0.0,210.6371736413121,0.0,82.0,0.0,51.44498141263915,0.0,8.477533543891356,0.0,9.055385138137417,0.0,5.747075804436919,0.0,855.1006431745185,0.0,89.2883869009099,0.0,57.60720538996582,0.0,2.040131959657769,0.0,8.397502549871692,0.0,186.2769691201335,0.0,82.7295638283732,0.0,8.477533543881046,0.0,7.118823307454616,0.0,4.739086851322128,0.0
Taste,219.6627450980392,0.0,13.034969675771752,0.0,219.67504542227053,0.0,90.0,0.0,57.72244440664871,0.0,8.8429972562135,0.0,9.486832980505138,0.0,6.163758944832634,0.0,856.1596069697639,0.0,103.2062290932672,0.0,68.97700177721201,0.0,2.166687294241317,0.0,8.194671523209674,0.0,188.4228983528185,0.0,95.60849289325883,0.0,8.842997256198052,0.0,7.472208758886124,0.0,5.182975700418554,0.0
Tasts,217.88235294117646,0.0,12.872306345994442,0.0,216.28960808610796,0.0,78.0,0.0,49.83304500651967,0.0,8.639549250569452,0.0,8.831760866327848,0.0,5.726506097288675,0.0,852.5320269801555,0.0,101.5208130468284,0.0,67.81723922347074,0.0,2.2510742720787262,0.0,8.592277425836453,0.0,192.70511293426142,0.0,95.80544302996917,0.0,8.639549250547008,0.0,6.640218798633807,0.0,4.688169000421031,0.0
Tatal,207.72941176470587,0.0,12.666863957669511,0.0,240.97175477102567,0.0,104.0,0.0,68.02044555671685,0.0,9.553701047421871,0.0,10.198039027185569,0.0,6.799864838998777,0.0,861.6811387086112,0.0,144.07123856074463,0.0,103.78149138190798,0.0,2.984725877134783,0.0,9.536650770985053,0.0,226.5284355568703,0.0,117.9660448956104,0.0,9.553701047424111,0.0,7.530591390531041,0.0,5.722135264206985,0.0
Tatar,209.57254901960783,0.0,12.700689449600528,0.0,235.2161133653513,0.0,101.0,0.0,64.73052565649714,0.0,9.322345559893616,0.0,10.04987562112089,0.0,6.5487795236521755,0.0,858.1268358181084,0.0,123.93899668212727,0.0,83.46713961128373,0.0,2.602124681499249,0.0,8.92623845204415,0.0,203.52478819035767,0.0,156.88030884057133,0.0,9.322345559888737,0.0,7.624515836375544,0.0,5.491046352713879,0.0
Tatem,232.16862745098038,0.0,13.401130401573765,0.0,247.54988296846957,0.0,123.0,0.0,81.51667247099851,0.0,9.933636880602208,0.0,11.090536506409418,0.0,7.460432261160588,0.0,936.5932246830578,0.0,220.94991164124528,0.0,152.0921790175985,0.0,3.969349439801539,0.0,10.485874214297594,0.0,211.93774753125626,0.0,141.6463731837254,0.0,9.933636880582496,0.0,8.595930856483246,0.0,6.480142919364953,0.0
Taten,219.44313725490196,0.0,13.117463582057514,0.0,225.6403365972567,0.0,99.0,0.0,64.0822692508091,0.0,9.12071047081383,0.0,9.9498743710662,0.0,6.520307884990217,0.0,853.8301445612959,0.0,106.77999597687746,0.0,72.0735607126276,0.0,2.1433618843157625,0.0,7.808188198778773,0.0,418.19546745644635,0.0,89.42040911394591,0.0,9.120710470807401,0.0,7.83530109557156,0.0,5.535938148460986,0.0
Tatze,218.1058823529412,0.0,13.139985083588348,0.0,227.23989546803085,0.0,95.0,0.0,61.2538639302616,0.0,9.08354481510896,0.0,9.746794344808963,0.0,6.370105175791403,0.0,859.6192150995457,0.0,143.59851518686742,0.0,99.5232593527067,0.0,2.3180039265444043,0.0,10.550895483445471,0.0,276.171693123414,0.0,150.8911829152755,0.0,9.083544815102764,0.0,7.882002510791213,0.0,5.3771109159936294,0.0
Taube,237.07843137254903,0.0,13.483628702373403,0.0,226.32507930337124,0.0,109.0,0.0,69.40480463698621,0.0,9.164233457174365,0.0,10.44030650891055,0.0,6.736553326914275,0.0,864.3998774153492,0.0,158.03172778710146,0.0,105.57074400773088,0.0,2.9739651390263675,0.0,10.190978020072961,0.0,245.786845199283,0.0,127.10556735068421,0.0,9.164233457166807,0.0,8.304109640845896,0.0,5.795182504122095,0.0
Taxis,220.0862745098039,0.0,13.093198588913829,0.0,235.78048772586212,0.0,97.0,0.0,63.89039990497098,0.0,9.376792980959172,0.0,9.848857801796104,0.0,6.585005145406996,0.0,881.4250353910147,0.0,170.26485416208564,0.0,125.74152989028211,0.0,2.48846551369305,0.0,16.649655549941418,0.0,490.5019839114942,0.0,323.7459028234777,0.0,9.376792980957111,0.0,7.483089939270762,0.0,5.634891529748958,0.0
Tbbkn,255.2941176470588,0.0,14.033528259748053,0.0,259.490063253719,0.0,149.0,0.0,100.14634016624682,0.0,10.532166886330698,0.0,12.206555615733702,0.0,8.326252210349148,0.0,892.6754743147663,0.0,309.4090788104039,0.0,211.0298762299303,0.0,2.852706994608067,0.0,17.379897399995983,0.0,573.4148546371063,0.0,231.40880882589101,0.0,10.532166886339406,0.0,9.732529216452534,0.0,7.3494660733823665,0.0
Tbrsb,240.86274509803923,0.0,13.577734674559434,0.0,246.67043381306797,0.0,119.0,0.0,79.57781665330319,0.0,9.926858209857219,0.0,10.908712114635714,0.0,7.417801598525725,0.0,942.4207509706955,0.0,452.69563270440915,0.0,305.23267351909925,0.0,3.1696545064208097,0.0,21.0598406846404,0.0,509.90725446118853,0.0,354.1977149935101,0.0,9.926858209867502,0.0,8.80880595000686,0.0,6.427345424320422,0.0
Tbxgn,256.10196078431375,0.0,14.11382954921895,0.0,261.5674676644715,0.0,148.0,0.0,100.76975160159058,0.0,10.582127007299475,0.0,12.165525060596439,0.0,8.408109369956646,0.0,983.102558023303,0.0,342.80327140792514,0.0,243.88191289739711,0.0,2.824298512007958,0.0,22.33235251257264,0.0,467.69676796680716,0.0,117.64201787074887,0.0,10.58212700730487,0.0,9.859117767940592,0.0,7.46001105139035,0.0
Tchbl,225.0235294117647,0.0,13.197140067425458,0.0,249.23241462907623,0.0,124.0,0.0,82.54434914541372,0.0,10.02425875195316,0.0,11.135528725660043,0.0,7.554955926398227,0.0,868.5054480815147,0.0,189.6960130570909,0.0,133.8598903898227,0.0,3.469591562300683,0.0,15.345970739546862,0.0,305.69982568915424,0.0,153.6513367734788,0.0,10.024258751962758,0.0,8.547137646887528,0.0,6.529355446365521,0.0
Tchcr,207.21176470588236,0.0,12.627271342042166,0.0,230.5213456331174,0.0,101.0,0.0,65.07334677778599,0.0,9.26387732827975,0.0,10.04987562112089,0.0,6.585762135712064,0.0,855.8219379529523,0.0,117.38433582310553,0.0,79.15809293268671,0.0,2.91002440971117,0.0,14.571299618749942,0.0,241.4779011672182,0.0,159.51856819435596,0.0,9.263877328291947,0.0,7.670368155781883,0.0,5.58449255342911,0.0
Tchfl,212.5529411764706,0.0,13.015470048833425,0.0,256.07922346137985,0.0,122.0,0.0,82.1383193894387,0.0,10.197458309231001,0.0,11.045361017187261,0.0,7.596066994401721,0.0,883.6200074957735,0.0,258.20421745885193,0.0,186.84546529793425,0.0,3.0567886163031917,0.0,15.837542809470174,0.0,264.8604580268953,0.0,140.34757595304472,0.0,10.19745830922025,0.0,8.465510177840873,0.0,6.572394237854059,0.0
Tchgr,229.32941176470587,0.0,13.337750710007546,0.0,246.12189420997612,0.0,122.0,0.0,81.2936913661238,0.0,9.932835975063048,0.0,11.045361017187261,0.0,7.498990215181399,0.0,951.0739629723107,0.0,180.55052542316844,0.0,133.63605344532496,0.0,3.7421956384914847,0.0,14.369542733672391,0.0,250.18361985021124,0.0,161.7575237388995,0.0,9.93283597506981,0.0,8.68158183634037,0.0,6.5026737436501225,0.0
Tchph,245.22745098039218,0.0,13.745498581616047,0.0,246.94683663910234,0.0,123.0,0.0,83.22331289668548,0.0,10.03378921746305,0.0,11.090536506409418,0.0,7.645132408350574,0.0,7565.301582314209,0.0,344.6125374945983,0.0,227.9029053136918,0.0,4.599437447671774,0.0,16.06109512803957,0.0,621.0887151829855,0.0,208.8919177212448,0.0,10.033789217459859,0.0,8.884303712525803,0.0,6.667018320854775,0.0
Tchpl,228.94901960784313,0.0,13.3327254763402,0.0,254.60587830340722,0.0,127.0,0.0,86.26772224516995,0.0,10.248779175626446,0.0,11.269427669584644,0.0,7.813331127614634,0.0,7565.669342486748,0.0,352.6045191672012,0.0,235.0757764901136,0.0,4.0183734545419325,0.0,15.844679943712732,0.0,263.98785582369203,0.0,124.94786867533982,0.0,10.248779175634262,0.0,8.721351008797116,0.0,6.811693214431292,0.0
Tchpr,230.7921568627451,0.0,13.364865828003596,0.0,248.85023689773288,0.0,124.0,0.0,82.97780234495022,0.0,10.033463889670045,0.0,11.135528725660043,0.0,7.595820872723758,0.0,7565.265354327559,0.0,344.8685257533348,0.0,226.84088285374472,0.0,3.972144660148241,0.0,15.501250848280922,0.0,244.09714863164254,0.0,161.77571841847535,0.0,10.033463889679076,0.0,8.802579080397576,0.0,6.618755359832886,0.0
Tchsp,239.5686274509804,0.0,13.516524695010707,0.0,237.17749593021784,0.0,111.0,0.0,74.04499302130313,0.0,9.626306946020414,0.0,10.535653752852738,0.0,7.162985344123163,0.0,26915.581661575805,0.0,1086.7888747403376,0.0,693.7968760309753,0.0,5.08297409980596,0.0,19.526205991557,0.0,233.87181442779445,0.0,96.08180314508981,0.0,9.626306946025958,0.0,8.501817019002987,0.0,6.207578066451487,0.0
Tcnhn,223.76078431372548,0.0,13.218536377376106,0.0,229.72653173619673,0.0,113.0,0.0,71.9743453928451,0.0,9.324011270128365,0.0,10.63014581273465,0.0,6.864132850972649,0.0,853.0405225104668,0.0,106.64011264517096,0.0,70.832944644873,0.0,2.9654131125835566,0.0,14.77198575889693,0.0,518.5220394205982,0.0,148.7969137669618,0.0,9.324011270127043,0.0,8.083754931503693,0.0,5.832423510637081,0.0
Tctjs,202.91764705882355,0.0,12.526489579146688,0.0,243.15413227937432,0.0,101.0,0.0,69.6138896313035,0.0,9.751413956155794,0.0,10.04987562112089,0.0,7.073736443359829,0.0,5374.23299686397,0.0,448.75123213193757,0.0,352.5098996778641,0.0,2.754793294271105,0.0,17.185117902737208,0.0,242.360303019724,0.0,169.545417092513,0.0,9.751413956159457,0.0,7.482081664607572,0.0,6.075177505479791,0.0
Tdlhs,233.83529411764707,0.0,13.51493855013188,0.0,243.8076935744691,0.0,110.0,0.0,73.71050638071556,0.0,9.801380554461911,0.0,10.488088481701515,0.0,7.166327797503362,0.0,1170.138661776166,0.0,324.2366723597661,0.0,239.09464334301563,0.0,2.595402275337584,0.0,16.16201412895388,0.0,364.5742898274765,0.0,157.70213802269794,0.0,9.801380554452992,0.0,8.116853907762678,0.0,6.1418067194186,0.0
Tdmrr,233.74901960784314,0.0,13.523032312390335,0.0,270.4049371917298,0.0,144.0,0.0,96.1748861406054,0.0,10.690577677092564,0.0,12.0,0.0,8.15774204697191,0.0,1190.3595024842552,0.0,347.14942749814105,0.0,251.98546169358275,0.0,4.995256049522574,0.0,16.700686817143104,0.0,311.81340573058276,0.0,194.34647122213187,0.0,10.69057767710065,0.0,9.179394339203899,0.0,7.054756547717112,0.0
Tdntr,220.46274509803925,0.0,13.205011107117643,0.0,247.70416589050595,0.0,124.0,0.0,81.4009238336669,0.0,9.940215152020832,0.0,11.135528725660043,0.0,7.440130578468142,0.0,1170.818405068266,0.0,327.98958079506383,0.0,240.5207203029023,0.0,4.74897171315093,0.0,15.83919170524173,0.0,240.13698897695605,0.0,166.5532370165535,0.0,9.940215152027411,0.0,8.522083755750085,0.0,6.3849890901187125,0.0
Tdtds,241.50196078431372,0.0,13.659252497021692,0.0,242.4119893200286,0.0,111.0,0.0,74.54569979995298,0.0,9.774379172598794,0.0,10.535653752852738,0.0,7.2053513952311805,0.0,1206.7152022421965,0.0,330.8149245683704,0.0,243.51588818556226,0.0,2.9890779472880227,0.0,16.245807562266734,0.0,258.82883109192414,0.0,127.83153117240741,0.0,9.774379172604144,0.0,8.358156884680284,0.0,6.148095339948838,0.0
Teams,241.50588235294117,0.0,13.588404492056966,0.0,238.9053051593752,0.0,116.0,0.0,75.22744153147956,0.0,9.592332393960577,0.0,10.770329614269007,0.0,7.076861195471055,0.0,897.316243238925,0.0,159.14883793472626,0.0,104.83638321048362,0.0,2.818624410789324,0.0,9.624499350429533,0.0,228.4044632375378,0.0,115.95512900934025,0.0,9.592332393947254,0.0,8.498912231730019,0.0,6.107709038832172,0.0
Teddy,255.99999999999994,0.0,14.155953476855881,0.0,268.87969428718714,0.0,158.0,0.0,107.25303107612338,0.0,10.834638181403237,0.0,12.569805089976535,0.0,8.683428066348627,0.0,6032.278592607234,0.0,208.7300108486337,0.0,146.8424798312039,0.0,4.201460125522477,0.0,10.76816908778363,0.0,267.4333991305397,0.0,136.07106305717832,0.0,10.834638181427225,0.0,10.045383737422613,0.0,7.688582907005593,0.0
Teich,214.62745098039215,0.0,13.021985372334488,0.0,231.18531962971016,0.0,99.0,0.0,64.97196804647791,0.0,9.306801368406727,0.0,9.9498743710662,0.0,6.628249736904785,0.0,882.0724092954207,0.0,114.28108217179502,0.0,79.11950755004511,0.0,2.9354502737188177,0.0,9.381830325457369,0.0,609.2722827981202,0.0,206.7838174172707,0.0,9.30680136840517,0.0,7.974345045890322,0.0,5.676681838252465,0.0
Teile,208.3411764705882,0.0,13.019185558944299,0.0,238.00979771228293,0.0,104.0,0.0,68.97298042995273,0.0,9.542838596104671,0.0,10.198039027185569,0.0,6.862328594607899,0.0,885.1596479145336,0.0,114.60116917638187,0.0,79.41936643659574,0.0,2.91814081062305,0.0,8.200288288081289,0.0,314.70527390791864,0.0,309.0360774653734,0.0,9.542838596105812,0.0,8.203369589124714,0.0,5.927643572697614,0.0
Teint,207.6235294117647,0.0,12.935334391386775,0.0,234.92566243625333,0.0,111.0,0.0,71.5156757457219,0.0,9.426669369011753,0.0,10.535653752852738,0.0,6.87708272614146,0.0,879.6281375380178,0.0,107.7712696570246,0.0,70.53207367841652,0.0,2.9512652611706076,0.0,8.242979304717432,0.0,343.47741853975987,0.0,217.1956892008846,0.0,9.426669369020868,0.0,8.166035596170342,0.0,5.906254082170359,0.0
Tempo,250.078431372549,0.0,13.847693523361752,0.0,253.4110568473564,0.0,132.0,0.0,89.43123594474277,0.0,10.240782365293871,0.0,11.489125293076057,0.0,7.902070573743629,0.0,7568.926166234961,0.0,354.95705889765225,0.0,232.7973509836724,0.0,3.6877897483302835,0.0,11.744339522159647,0.0,277.3534948145503,0.0,123.23325863483996,0.0,10.240782365280998,0.0,9.304233958644948,0.0,6.9482597236106365,0.0
Tente,220.75686274509803,0.0,13.288866450883011,0.0,225.84309891931326,0.0,110.0,0.0,70.82060618822767,0.0,9.199207664316708,0.0,10.488088481701515,0.0,6.827918079296236,0.0,867.1322867064123,0.0,106.06683662380587,0.0,70.78539451296817,0.0,2.2682043160390593,0.0,7.859274435534733,0.0,214.71573900589928,0.0,97.71068838223998,0.0,9.199207664304309,0.0,8.503728954463913,0.0,5.901274658463947,0.0
Tenzt,217.41960784313724,0.0,13.233615579836028,0.0,231.68820046812567,0.0,112.0,0.0,71.53584215456816,0.0,9.322683428349544,0.0,10.583005244258363,0.0,6.841098100962187,0.0,866.6374160387617,0.0,140.36480391033976,0.0,95.7820023048128,0.0,3.0364074119395417,0.0,10.895831151728437,0.0,372.3092415616038,0.0,233.12968824487402,0.0,9.322683428377006,0.0,8.353056174264,0.0,5.855923839466683,0.0
Teste,220.97647058823526,0.0,13.207443173115985,0.0,222.43616449746497,0.0,103.0,0.0,66.38827713930121,0.0,9.045071531028078,0.0,10.14889156509222,0.0,6.618434027228966,0.0,867.1849424619636,0.0,105.3425615339873,0.0,70.60235756542144,0.0,2.2142296258242067,0.0,8.395899440101694,0.0,195.89736389018523,0.0,95.82680284581427,0.0,9.045071531016145,0.0,8.281721331061647,0.0,5.712727512909352,0.0
Teten,220.75686274509803,0.0,13.288866450883013,0.0,228.4014556724511,0.0,112.0,0.0,72.74810198346162,0.0,9.316763280261451,0.0,10.583005244258363,0.0,6.951701918080459,0.0,864.8851759555729,0.0,108.8462084213865,0.0,73.63059332518604,0.0,2.129424259432099,0.0,8.044263270923619,0.0,421.5756544162473,0.0,89.71291493160875,0.0,9.31676328025878,0.0,8.610746061014929,0.0,6.03478497622146,0.0
Texas,233.21960784313725,0.0,13.44257955234581,0.0,231.97438480830743,0.0,110.0,0.0,71.43026027704207,0.0,9.341293428438627,0.0,10.488088481701515,0.0,6.895865866367226,0.0,872.8233893147514,0.0,169.46829257810947,0.0,124.73274944470144,0.0,2.0175946825585243,0.0,16.855221075054047,0.0,256.6298859396663,0.0,95.48823804052948,0.0,9.341293428421045,0.0,8.403106790418066,0.0,5.999972775148338,0.0
Texte,225.19607843137254,0.0,13.422914182254734,0.0,239.64576891199727,0.0,125.0,0.0,82.56669366355935,0.0,9.725885075787742,0.0,11.180339887498949,0.0,7.472977164653999,0.0,874.9998239135198,0.0,175.59982338636584,0.0,129.82598929730213,0.0,2.2788597940533766,0.0,16.741145211647247,0.0,256.6161107012717,0.0,99.94668507921153,0.0,9.725885075777693,0.0,9.164710873236569,0.0,6.612999545112161,0.0
Theke,241.8470588235294,0.0,13.859441046197839,0.0,245.11039839314373,0.0,133.0,0.0,89.6790274639387,0.0,10.074746892001489,0.0,11.532562594670797,0.0,7.886503485680771,0.0,862.2590215128641,0.0,136.27746665721375,0.0,98.86962266261035,0.0,2.248503887661293,0.0,10.25860218430882,0.0,496.76335868633515,0.0,257.1756436622132,0.0,10.0747468920091,0.0,9.356447057207317,0.0,7.021867674024148,0.0
Thmrs,236.14117647058822,0.0,13.524349152262767,0.0,253.6909919468269,0.0,120.0,0.0,80.41803446423309,0.0,10.128802117472786,0.0,10.954451150103322,0.0,7.459680633376832,0.0,881.5931485356432,0.0,165.93105291390853,0.0,113.3944669694817,0.0,2.804893977495319,0.0,10.957559008309055,0.0,406.2990609340382,0.0,203.11439539374902,0.0,10.128802117467835,0.0,8.3658074095714,0.0,6.388559050228171,0.0
Thpjs,241.49411764705883,0.0,13.68873004546416,0.0,262.139586893548,0.0,128.0,0.0,90.13403282282204,0.0,10.551519777551357,0.0,11.313708498984761,0.0,8.138143595045774,0.0,9726.498738741428,0.0,567.7100051222734,0.0,420.7920245409301,0.0,3.3503476610182537,0.0,16.35770543839196,0.0,368.4185634134293,0.0,222.60688617784163,0.0,10.55151977755597,0.0,8.85266961007427,0.0,7.16972512780922,0.0
Tibet,219.28627450980392,0.0,13.18521768488954,0.0,241.38188238533743,0.0,117.0,0.0,77.09690831585327,0.0,9.7225790636629,0.0,10.816653826391969,0.0,7.227027706668806,0.0,871.47801765054,0.0,147.2828903122279,0.0,98.19035756744303,0.0,3.3159326123835404,0.0,9.54350296111259,0.0,347.3992875787316,0.0,218.2244683132646,0.0,9.722579063681389,0.0,8.565700785640463,0.0,6.244929999214445,0.0
Ticks,213.06274509803922,0.0,12.863376957220844,0.0,235.30993134690158,0.0,103.0,0.0,67.95960184982727,0.0,9.472272849789569,0.0,10.14889156509222,0.0,6.8036700499149445,0.0,865.8659411372223,0.0,122.20063775862704,0.0,85.3619606929502,0.0,3.592352336089966,0.0,9.34298115718807,0.0,436.23656424667865,0.0,221.10186430395143,0.0,9.472272849795552,0.0,7.60822643340835,0.0,5.836429787006272,0.0
Tiefe,217.93333333333334,0.0,13.355018697616527,0.0,244.8511148366821,0.0,117.0,0.0,78.50555056113066,0.0,9.862222780142936,0.0,10.816653826391969,0.0,7.376290798528498,0.0,892.6416724006016,0.0,239.8272661603532,0.0,170.74270978596127,0.0,3.2747572500977418,0.0,10.916201349701796,0.0,242.4755709591721,0.0,128.2359419457419,0.0,9.862222780124139,0.0,8.950731325475925,0.0,6.489075000358738,0.0
Tiere,210.1843137254902,0.0,13.052098014928903,0.0,237.96003595986087,0.0,111.0,0.0,73.21259971977246,0.0,9.59725245004526,0.0,10.535653752852738,0.0,7.049027198320752,0.0,871.2223980230463,0.0,115.6090232390044,0.0,77.57345930036716,0.0,2.460897024073592,0.0,8.430498279194246,0.0,326.04435816703096,0.0,154.32301397046808,0.0,9.597252450049748,0.0,8.48723268446333,0.0,6.116093914164076,0.0
Tifil,192.4,0.0,12.646596130767076,0.0,266.34684473817197,0.0,117.0,0.0,79.88624481322285,0.0,10.418307290902838,0.0,10.816653826391969,0.0,7.546320602766535,0.0,933.5888474857026,0.0,312.494803153435,0.0,228.35775469467836,0.0,3.4181584030015033,0.0,13.188218902125566,0.0,499.3751194097576,0.0,339.1909298305731,0.0,10.418307290931741,0.0,8.19079656511605,0.0,6.537707536902869,0.0
Tiger,222.30980392156863,0.0,13.33043970907825,0.0,249.07589474451498,0.0,124.0,0.0,82.89467243320331,0.0,10.019276306656863,0.0,11.135528725660043,0.0,7.571829136264622,0.0,925.4206987252716,0.0,175.52807307139543,0.0,129.47118545066735,0.0,3.7071314634850157,0.0,9.205163781772766,0.0,244.31287870968833,0.0,163.90198480012677,0.0,10.019276306664132,0.0,8.905320690139785,0.0,6.632286657874058,0.0
Tings,229.0862745098039,0.0,13.405994057242529,0.0,235.66610135173406,0.0,104.0,0.0,69.10145567245218,0.0,9.508359544849755,0.0,10.198039027185569,0.0,6.892277302770763,0.0,957.6640863367555,0.0,167.64290353799063,0.0,124.14524030990215,0.0,4.323704689216796,0.0,8.834952567749633,0.0,265.177104557608,0.0,112.5580050850107,0.0,9.508359544848586,0.0,7.951638115558751,0.0,5.886528151891755,0.0
Tinni,203.6078431372549,0.0,12.85549054150281,0.0,242.5512122954653,0.0,116.0,0.0,74.35823337733872,0.0,9.664330750989425,0.0,10.770329614269007,0.0,7.01579760434487,0.0,877.5811913556943,0.0,129.82576622987375,0.0,84.86868695152614,0.0,2.699998960182004,0.0,9.09690582752754,0.0,298.09354534549453,0.0,158.360580366172,0.0,9.66433075101167,0.0,7.7980954886774505,0.0,5.938868293658934,0.0
Tippi,234.78431372549016,0.0,13.620276853314623,0.0,268.3035266040885,0.0,138.0,0.0,94.77277228391083,0.0,10.674503370920254,0.0,11.74734012447073,0.0,8.237606993091525,0.0,11090.198912099531,0.0,491.73376739420206,0.0,323.1169654060592,0.0,4.455692235270912,0.0,12.154321719418096,0.0,241.5319443418109,0.0,142.9482907601273,0.0,10.674503370938966,0.0,9.32606738348282,0.0,7.245464203478512,0.0
Tirms,219.12941176470588,0.0,13.099954069258635,0.0,251.42066720120565,0.0,114.0,0.0,75.13654434374618,0.0,9.946894575124192,0.0,10.677078252031311,0.0,7.15202030394939,0.0,897.2044500868155,0.0,165.34987074450652,0.0,109.15250166964651,0.0,4.119984099346159,0.0,9.41800299808511,0.0,271.1972528466216,0.0,134.488982770752,0.0,9.946894575125427,0.0,7.952364924217001,0.0,6.120985157479278,0.0
Titel,197.2235294117647,0.0,12.658222159343472,0.0,248.48900011608708,0.0,114.0,0.0,76.34101826879791,0.0,9.925556947337295,0.0,10.677078252031311,0.0,7.275912680522484,0.0,871.4427634097789,0.0,145.7529943441468,0.0,105.42652521732342,0.0,2.6657825842133387,0.0,9.456865628543051,0.0,271.4976071449626,0.0,130.9589457969777,0.0,9.92555694734881,0.0,8.133697731644038,0.0,6.267306677585167,0.0
Titim,207.2156862745098,0.0,12.867564855012867,0.0,267.0668831817468,0.0,129.0,0.0,86.48651991155862,0.0,10.479471333935019,0.0,11.357816691600547,0.0,7.747436214046085,0.0,966.3734016812938,0.0,227.92895959255932,0.0,156.68015562995737,0.0,4.6075938532775655,0.0,11.268536077693826,0.0,495.0835503856926,0.0,348.5106214538758,0.0,10.479471333948053,0.0,8.451617978707912,0.0,6.703704861697996,0.0
Titin,194.49019607843138,0.0,12.571864622425062,0.0,245.1573368105339,0.0,105.0,0.0,69.0521166913692,0.0,9.712339432676272,0.0,10.246950765959598,0.0,6.8468338144293135,0.0,886.3952835594457,0.0,120.56000459312537,0.0,81.30952222036022,0.0,2.7989375678660338,0.0,9.014494326402573,0.0,612.8115386412887,0.0,330.9818965202356,0.0,9.712339432701883,0.0,7.676702575101111,0.0,5.7960346618054706,0.0
Tlttm,209.96470588235297,0.0,12.872403714664571,0.0,269.01675805114917,0.0,138.0,0.0,93.31961297254732,0.0,10.637625443123426,0.0,11.74734012447073,0.0,8.08674145469421,0.0,939.4333418888899,0.0,237.54761987774353,0.0,166.15716641340356,0.0,4.588256607369732,0.0,12.193233977433993,0.0,236.363725311561,0.0,160.25689317107023,0.0,10.63762544312822,0.0,8.819443743774734,0.0,7.0359753028964285,0.0
Tnlgn,229.60000000000002,0.0,13.490743262956455,0.0,249.60673248509096,0.0,122.0,0.0,82.49900111497159,0.0,10.080667553398992,0.0,11.045361017187261,0.0,7.59541478148529,0.0,949.8229432870368,0.0,176.69451494355283,0.0,131.9357639604912,0.0,3.2905530121314603,0.0,12.750781297577799,0.0,435.0559472051476,0.0,98.15863917612447,0.0,10.080667553402323,0.0,8.578330492111647,0.0,6.572027151280717,0.0
Tnrfn,216.50980392156862,0.0,13.237188535446366,0.0,249.8581901823104,0.0,120.0,0.0,79.26364841406752,0.0,9.978197464530174,0.0,10.954451150103322,0.0,7.361255281927894,0.0,877.8451334356363,0.0,243.45246726889783,0.0,172.7430427796994,0.0,2.477809658194434,0.0,13.616926969767931,0.0,432.87829983241033,0.0,116.39363373340962,0.0,9.978197464511092,0.0,8.494185426057618,0.0,6.341133931147993,0.0
Toast,211.55294117647057,0.0,12.657670574605753,0.0,221.05656064986826,0.0,90.0,0.0,57.110984765653555,0.0,8.857711036208142,0.0,9.486832980505138,0.0,6.097380840247567,0.0,853.7332245803566,0.0,100.6213298378951,0.0,65.19214680650526,0.0,2.3833595860701666,0.0,8.88664880576683,0.0,309.368017188863,0.0,197.94844492481909,0.0,8.857711036241358,0.0,7.162490999146156,0.0,5.033894900243556,0.0
Todes,234.24705882352941,0.0,13.419413596879764,0.0,222.12931565576656,0.0,95.0,0.0,62.320421799450735,0.0,9.058564130246884,0.0,9.746794344808963,0.0,6.482307775452044,0.0,914.5010379185011,0.0,122.89191877458263,0.0,84.85810149135463,0.0,3.0492331802660133,0.0,8.725252108761854,0.0,216.2604020137978,0.0,89.55706152797168,0.0,9.058564130225768,0.0,7.799134292551645,0.0,5.507181590323448,0.0
Toigo,216.64705882352942,0.0,12.907515938581248,0.0,233.43422882026232,0.0,93.0,0.0,63.077350956904894,0.0,9.400556201005136,0.0,9.643650760992955,0.0,6.650876349210479,0.0,961.9134239738053,0.0,167.54663070944144,0.0,124.72199859375458,0.0,3.342223617098424,0.0,9.846761665590373,0.0,298.6086075688471,0.0,133.19355603054717,0.0,9.400556200999597,0.0,7.596173368557912,0.0,5.651427192354675,0.0
Tokio,208.6156862745098,0.0,12.704222234804893,0.0,238.15739080431797,0.0,102.0,0.0,68.32008919773342,0.0,9.59210939438319,0.0,10.099504938362077,0.0,6.871879304256815,0.0,878.1453992171564,0.0,142.36473546128002,0.0,104.09682265529538,0.0,2.8164242892368416,0.0,10.914217485715403,0.0,524.0858036107535,0.0,334.0807779118433,0.0,9.592109394390553,0.0,7.502386635921624,0.0,5.9010258370347835,0.0
Tolid,210.49411764705883,0.0,12.879235006331998,0.0,248.28728527346505,0.0,103.0,0.0,69.98049906455788,0.0,9.880151340104765,0.0,10.14889156509222,0.0,7.019483411212331,0.0,1008.4290699146225,0.0,178.50260066939848,0.0,129.10384153148928,0.0,4.430127625495131,0.0,11.565007292915887,0.0,536.7674967121178,0.0,355.2280557667501,0.0,9.880151340128293,0.0,7.712605211132093,0.0,5.961913421168511,0.0
Tolle,200.96470588235294,0.0,12.64624225970078,0.0,238.7631875771096,0.0,99.0,0.0,66.53492615000033,0.0,9.58163882920288,0.0,9.9498743710662,0.0,6.800024604783988,0.0,859.8773604474629,0.0,117.68763342172822,0.0,84.31506074646042,0.0,2.8204334504848387,0.0,8.041016324433665,0.0,317.9573805017536,0.0,305.40127349996914,0.0,9.58163882920568,0.0,7.6138890228777205,0.0,5.815987178153255,0.0
Tondo,225.91764705882355,0.0,13.13561066678625,0.0,226.3506081050062,0.0,98.0,0.0,63.94644653400378,0.0,9.183968003296915,0.0,9.899494936611665,0.0,6.552158445845081,0.0,902.4922434749726,0.0,117.49872159450285,0.0,80.89602013559814,0.0,3.2612876464156826,0.0,9.422002121847784,0.0,329.95083638543554,0.0,141.9935522428686,0.0,9.183968003300803,0.0,7.608544129838307,0.0,5.493646789454476,0.0
Tonne,221.76470588235296,0.0,13.195151323665849,0.0,219.09314953848687,0.0,105.0,0.0,66.20454330706508,0.0,8.945437203869934,0.0,10.246950765959598,0.0,6.528434072695115,0.0,854.6229528790617,0.0,93.36953452950902,0.0,59.93442545290679,0.0,2.53212866209474,0.0,7.88506267298215,0.0,271.20016811694364,0.0,112.7131653850964,0.0,8.945437203861712,0.0,7.929029231648303,0.0,5.551199397478631,0.0
Tools,203.47450980392156,0.0,12.456665060174668,0.0,222.39826787936624,0.0,82.0,0.0,53.74857550895902,0.0,8.94231807573993,0.0,9.055385138137417,0.0,6.037842773940749,0.0,853.9330248100597,0.0,104.88067264170104,0.0,73.31377976052738,0.0,2.3407183705283057,0.0,9.004707897676589,0.0,326.0830725327237,0.0,304.58609681721975,0.0,8.942318075734049,0.0,6.575489784016644,0.0,5.001897106579732,0.0
Torso,205.31764705882352,0.0,12.491059778676252,0.0,218.80483946297713,0.0,81.0,0.0,51.84037925234795,0.0,8.762443218964526,0.0,9.0,0.0,5.84459584887233,0.0,852.5106999569389,0.0,98.57640965991635,0.0,64.31110192668963,0.0,1.9987999716227762,0.0,9.166830774708362,0.0,288.1806871641727,0.0,120.00147974697887,0.0,8.762443218953118,0.0,6.703478481398158,0.0,4.795744169514858,0.0
Tosto,204.75686274509803,0.0,12.451864720795452,0.0,218.54424763709602,0.0,83.0,0.0,53.780126777407894,0.0,8.801162195592324,0.0,9.1104335791443,0.0,5.986393911479949,0.0,852.3408548579833,0.0,103.27812889087929,0.0,69.69520593709231,0.0,2.3693677265684436,0.0,9.249625405149954,0.0,288.14903139946574,0.0,127.65430047691868,0.0,8.801162195576095,0.0,6.846356006887549,0.0,4.96003214509769,0.0
Toter,204.09019607843138,0.0,12.675407049390689,0.0,231.91959623447275,0.0,105.0,0.0,68.61224309082036,0.0,9.369957694067372,0.0,10.246950765959598,0.0,6.793364298054285,0.0,856.0315686660969,0.0,120.06060421491257,0.0,81.95810396303453,0.0,2.26220647220281,0.0,8.33093662505324,0.0,221.91758477964635,0.0,153.13008956794226,0.0,9.369957694061842,0.0,8.003370031769288,0.0,5.822320379185354,0.0
Toton,204.53725490196078,0.0,12.538195699673317,0.0,222.8340155448102,0.0,92.0,0.0,59.51758955544213,0.0,9.006073053330033,0.0,9.591663046625438,0.0,6.2886159419328695,0.0,852.4075875474704,0.0,106.11735874860331,0.0,71.89565589247198,0.0,2.3249280138307165,0.0,9.104886360203583,0.0,434.83191361545164,0.0,94.22854184815102,0.0,9.006073053333646,0.0,7.239384893130641,0.0,5.257970397075401,0.0
Tpkth,244.3176470588235,0.0,13.81603802015594,0.0,266.3980297667736,0.0,146.0,0.0,100.73506842362445,0.0,10.758857229335634,0.0,12.083045973594572,0.0,8.485886936109667,0.0,12744.811213142708,0.0,559.9321470845241,0.0,371.3561670744516,0.0,3.415340326809371,0.0,16.31457912648219,0.0,620.0454402881602,0.0,207.37435892552335,0.0,10.758857229338371,0.0,9.615084200781522,0.0,7.541702240557416,0.0
Tpsrs,233.34509803921569,0.0,13.389078967639696,0.0,239.26765799256444,0.0,107.0,0.0,71.69344866405872,0.0,9.649943713542664,0.0,10.344080432788601,0.0,7.065565306884226,0.0,12744.390336101938,0.0,547.5967008126746,0.0,359.4436964340314,0.0,3.666133352814213,0.0,13.99198671138688,0.0,295.8560706121289,0.0,140.4561017887994,0.0,9.649943713533833,0.0,8.228348306293665,0.0,6.1008254576031495,0.0
Tqtkm,249.76862745098038,0.0,13.928514699077374,0.0,279.42525451320523,0.0,158.0,0.0,109.08967557834097,0.0,11.165539307942565,0.0,12.569805089976535,0.0,8.846526111444206,0.0,9915.254733005535,0.0,4820.0979406542865,0.0,4035.0945535524215,0.0,3.5201211540779123,0.0,38.809580587611485,0.0,431.90303448606164,0.0,245.7521965035463,0.0,11.165539307944023,0.0,9.69548698576288,0.0,7.837293692529321,0.0
Trakt,214.98039215686273,0.0,12.96033519437805,0.0,252.9451763302045,0.0,129.0,0.0,85.06558193151997,0.0,10.10410910424878,0.0,11.357816691600547,0.0,7.602889371798733,0.0,859.117924644225,0.0,143.470132518011,0.0,98.16796760555283,0.0,2.876863826180494,0.0,9.38687342832262,0.0,504.16110818816964,0.0,280.4438200003591,0.0,10.104109104256825,0.0,8.628696745460454,0.0,6.619761992766066,0.0
Trass,218.44313725490196,0.0,12.910225018743944,0.0,224.64087167566953,0.0,89.0,0.0,56.53552008163855,0.0,8.943282702348641,0.0,9.433981132056603,0.0,6.078896452473021,0.0,855.4737775391086,0.0,113.63779242267181,0.0,72.74099433828574,0.0,2.659047849023141,0.0,8.671229085335957,0.0,264.8435125677167,0.0,95.23470885774383,0.0,8.943282702355894,0.0,7.1896976432147275,0.0,5.033053189209323,0.0
Traum,227.58431372549018,0.0,13.210322993873412,0.0,260.0989997651276,0.0,139.0,0.0,90.64481619165645,0.0,10.302452291393822,0.0,11.789826122551595,0.0,7.8055139057498195,0.0,938.3679287295208,0.0,227.14569531416137,0.0,154.0456907610749,0.0,4.6512498125886035,0.0,11.265598785066487,0.0,332.74128791026004,0.0,176.1070440844443,0.0,10.302452291402869,0.0,8.88748084374651,0.0,6.778620729201547,0.0
Trege,235.44313725490196,0.0,13.673760220575058,0.0,243.54955630606855,0.0,128.0,0.0,86.00355279107367,0.0,9.937819964351156,0.0,11.313708498984761,0.0,7.71818894498726,0.0,954.3139578073261,0.0,178.75043609349765,0.0,131.09944796705727,0.0,4.247360892977394,0.0,9.305080331265119,0.0,271.90174114106486,0.0,99.52921224761917,0.0,9.937819964360237,0.0,9.319032025705543,0.0,6.835071099274603,0.0
Trehe,227.19607843137254,0.0,13.478000072968385,0.0,238.82383771627826,0.0,125.0,0.0,82.01453053753505,0.0,9.72367357863442,0.0,11.180339887498949,0.0,7.440281280358177,0.0,860.0047269108748,0.0,122.49875158721655,0.0,81.82017943839497,0.0,3.2481142411267423,0.0,9.814413333817384,0.0,396.14470865524993,0.0,153.20144370347137,0.0,9.723673578640406,0.0,9.026267293757318,0.0,6.545950739787398,0.0
Tremm,244.7686274509804,0.0,13.804338229005836,0.0,279.8257517959687,0.0,167.0,0.0,111.942353805077,0.0,11.079867915600696,0.0,12.922847983320086,0.0,8.796960743885473,0.0,968.9405622271643,0.0,259.9756269097482,0.0,176.4819300975981,0.0,5.758704299903606,0.0,11.533526461467835,0.0,304.5672814275773,0.0,165.43404257744012,0.0,11.079867915604593,0.0,9.867135224264377,0.0,7.804837155839867,0.0
Trend,231.58039215686276,0.0,13.551417738451944,0.0,248.0674511963671,0.0,132.0,0.0,87.26406767581047,0.0,10.03592557507772,0.0,11.489125293076057,0.0,7.713182598081253,0.0,991.3117877948805,0.0,183.15279314392782,0.0,129.5775998706307,0.0,4.984550781549663,0.0,11.2184733510309,0.0,402.2460731327393,0.0,189.5616420055849,0.0,10.035925575092055,0.0,9.063562273454584,0.0,6.745140069806851,0.0
Trepf,234.0980392156863,0.0,13.689560255060496,0.0,265.52530985683575,0.0,143.0,0.0,97.84246314249268,0.0,10.635378337402376,0.0,11.958260743101398,0.0,8.338621202350977,0.0,7577.356650888783,0.0,545.2397446916226,0.0,388.401231201166,0.0,4.171300062774805,0.0,15.29055756173679,0.0,275.43181372467774,0.0,97.90239847441056,0.0,10.635378337421846,0.0,9.702595665361118,0.0,7.436974425152768,0.0
Trfmf,228.42745098039217,0.0,13.583469724267658,0.0,284.6934292262972,0.0,152.0,0.0,103.54715547240549,0.0,11.105711789550636,0.0,12.328828005937952,0.0,8.56444444788,0.0,1023.4497853749976,0.0,534.527098416696,0.0,393.2236762593851,0.0,4.1072370237053955,0.0,18.33108057988575,0.0,298.95092341001435,0.0,128.50248948390364,0.0,11.105711789570769,0.0,9.689157426420126,0.0,7.580769954965817,0.0
Trhqs,237.6078431372549,0.0,13.60855510371197,0.0,244.39137611260898,0.0,113.0,0.0,75.94543874000094,0.0,9.87141073513994,0.0,10.63014581273465,0.0,7.299568264189241,0.0,35623.58243546822,0.0,13706.082326579291,0.0,12197.386892516943,0.0,4.181526679449165,0.0,71.0850338943705,0.0,332.3743263443953,0.0,137.2183606320081,0.0,9.871410735144837,0.0,8.283678249536395,0.0,6.3018304114714905,0.0
Trias,207.09019607843138,0.0,12.712866635238166,0.0,234.29123653867453,0.0,90.0,0.0,58.2643117277203,0.0,9.24032818546314,0.0,9.486832980505138,0.0,6.238735843633782,0.0,872.4285575838392,0.0,119.62681500126016,0.0,77.04878589159887,0.0,3.108027289044345,0.0,8.562040764828737,0.0,271.3805902558863,0.0,114.43323017529936,0.0,9.240328185468607,0.0,7.153370730787224,0.0,5.184127737812842,0.0
Trick,204.28627450980392,0.0,12.703923233130155,0.0,250.45616649523674,0.0,114.0,0.0,76.64011441283127,0.0,9.988369761944094,0.0,10.677078252031311,0.0,7.293305673216222,0.0,875.6193024406214,0.0,157.6034017658492,0.0,111.22541720165204,0.0,3.5791433380863733,0.0,10.41465076481643,0.0,1085.642945917255,0.0,243.74559619368412,0.0,9.988369761884256,0.0,8.062718250988198,0.0,6.322142191035929,0.0
Trieb,219.84705882352944,0.0,13.2222390224726,0.0,247.25204568954143,0.0,114.0,0.0,76.44684230845044,0.0,9.893059536391938,0.0,10.677078252031311,0.0,7.267119588377993,0.0,929.7468768745136,0.0,372.2221612968673,0.0,249.87245260491036,0.0,4.9147819679181755,0.0,16.037870695857812,0.0,531.5550493588266,0.0,353.2528986114114,0.0,9.893059536409009,0.0,8.611229053925353,0.0,6.310732547457529,0.0
Trips,221.9921568627451,0.0,13.198882666818482,0.0,247.04157305494158,0.0,106.0,0.0,71.94931441391115,0.0,9.852455608507814,0.0,10.295630140987,0.0,7.116772974709814,0.0,7566.907354045771,0.0,344.39754773388,0.0,225.43057199078697,0.0,3.868550170038543,0.0,11.156720188863934,0.0,274.628041065598,0.0,112.66801631753172,0.0,9.852455608514472,0.0,8.11845484499506,0.0,6.144016314133508,0.0
Tritt,187.94901960784313,0.0,12.321528063736727,0.0,248.70676407145626,0.0,108.0,0.0,71.5783760289196,0.0,9.82073648907145,0.0,10.392304845413264,0.0,6.996586970709314,0.0,871.9563325742523,0.0,133.55165280056468,0.0,88.9367008676769,0.0,3.237972277814015,0.0,8.818137391294165,0.0,357.71044665394334,0.0,214.60336626822325,0.0,9.820736489072692,0.0,7.771248586040166,0.0,5.954021523933,0.0
Trkll,202.61176470588236,0.0,12.785419175110203,0.0,273.67901774505856,0.0,141.0,0.0,96.11096019848182,0.0,10.820974671648843,0.0,11.874342087037917,0.0,8.25254301897468,0.0,867.8975845426736,0.0,188.7907146992328,0.0,139.92777341284602,0.0,3.644219399951303,0.0,12.438450016447074,0.0,398.5984749708639,0.0,316.3567103999019,0.0,10.820974671674229,0.0,8.621153953035252,0.0,7.230892012539652,0.0
Trmnx,234.4823529411765,0.0,13.585330872575003,0.0,271.70169783457976,0.0,155.0,0.0,103.44822022985147,0.0,10.77716384912337,0.0,12.449899597988733,0.0,8.423642286987475,0.0,891.9517779837918,0.0,236.9146818224409,0.0,175.1970874198831,0.0,3.2323378620523724,0.0,21.315350969091973,0.0,651.2522832588651,0.0,138.209223435908,0.0,10.77716384913993,0.0,9.437539806994403,0.0,7.415770492799763,0.0
Trntt,199.0823529411765,0.0,12.610884273238655,0.0,242.9597643711213,0.0,116.0,0.0,75.46733861932525,0.0,9.708281413120769,0.0,10.770329614269007,0.0,7.109388452562027,0.0,855.6141260617158,0.0,129.5229849206879,0.0,85.9291387933781,0.0,3.0064398863356856,0.0,9.175767742777223,0.0,364.21766973135374,0.0,208.87535945409837,0.0,9.708281413132395,0.0,8.017124209824363,0.0,6.066816880226856,0.0
Tronk,217.30196078431374,0.0,13.038959160089037,0.0,248.02736567021117,0.0,131.0,0.0,86.20046110692657,0.0,10.019433759360506,0.0,11.445523142259598,0.0,7.648550290935832,0.0,859.0948724093463,0.0,154.91771781396776,0.0,109.47632687498555,0.0,3.7606933720288835,0.0,10.930055115985336,0.0,1096.7775961431244,0.0,248.76545225802178,0.0,10.019433759309619,0.0,8.515090775714562,0.0,6.669602652765778,0.0
Tropf,225.98823529411766,0.0,13.330800797547129,0.0,260.78969852570015,0.0,132.0,0.0,89.68097178014855,0.0,10.408677749079708,0.0,11.489125293076057,0.0,7.964802811743181,0.0,7577.1273548383915,0.0,544.6029882190238,0.0,387.8840037238093,0.0,4.086569965204584,0.0,15.370237866433406,0.0,281.7594693254026,0.0,97.85124781243688,0.0,10.408677749097606,0.0,9.075742757441082,0.0,7.003400595957763,0.0
Trost,202.30980392156863,0.0,12.508068599291533,0.0,230.78416956208338,0.0,101.0,0.0,64.98837162842585,0.0,9.245966787218277,0.0,10.04987562112089,0.0,6.563477488089473,0.0,854.4874651264154,0.0,117.45541692242398,0.0,76.65930491756109,0.0,2.2283523889381067,0.0,9.014978030374898,0.0,357.7200860610405,0.0,202.580621953033,0.0,9.245966787240567,0.0,7.4009442745629865,0.0,5.5130045632134435,0.0
Trott,192.9725490196078,0.0,12.30436262001464,0.0,239.82204134304178,0.0,109.0,0.0,71.26583462243539,0.0,9.582167151325416,0.0,10.44030650891055,0.0,6.931253909987524,0.0,855.5471878904823,0.0,128.3545271998842,0.0,85.53295091235545,0.0,2.9910474014585424,0.0,9.255699823966157,0.0,358.77840220461405,0.0,208.17442812142139,0.0,9.582167151341567,0.0,7.7414620459361165,0.0,5.898941620387997,0.0
Trotz,200.75294117647059,0.0,12.617470175642106,0.0,240.6031645757578,0.0,107.0,0.0,69.79997381301445,0.0,9.568777382954245,0.0,10.344080432788601,0.0,6.85354604493804,0.0,864.9091221241326,0.0,197.80232834093434,0.0,140.74180550152616,0.0,2.2566235641684176,0.0,14.51431956030512,0.0,272.63080032690283,0.0,101.97226209810066,0.0,9.568777382972216,0.0,7.872631950016117,0.0,5.830995477479882,0.0
Trpxm,250.07058823529414,0.0,13.95296983321022,0.0,287.1604835683419,0.0,174.0,0.0,118.25998034626227,0.0,11.325468957540524,0.0,13.19090595827292,0.0,9.12058474257206,0.0,8161.835992350364,0.0,440.9775640451938,0.0,302.79199381915646,0.0,4.639587217084969,0.0,42.630287612566434,0.0,433.8550723137678,0.0,181.56388813026584,0.0,11.32546895754367,0.0,10.29778937655224,0.0,8.15526822292919,0.0
Trsfb,228.39215686274508,0.0,13.401225075550633,0.0,255.03805967933127,0.0,124.0,0.0,83.22072686433805,0.0,10.164252768194581,0.0,11.135528725660043,0.0,7.614826366279206,0.0,936.753248751962,0.0,430.04597229140217,0.0,294.4723268256036,0.0,4.6890260299333635,0.0,18.440761864792293,0.0,530.9892419108493,0.0,356.27023546503455,0.0,10.164252768189993,0.0,8.923441878568552,0.0,6.641218986864581,0.0
Truff,212.55686274509804,0.0,13.152552989232305,0.0,265.552940096596,0.0,136.0,0.0,90.28850850267187,0.0,10.456448210060492,0.0,11.661903789690601,0.0,7.905773131181187,0.0,976.9214839033216,0.0,489.1008142684619,0.0,360.73760231175027,0.0,3.1653048498542273,0.0,14.824448111683667,0.0,278.1289856971832,0.0,118.3246475196093,0.0,10.456448210067483,0.0,9.034490346761373,0.0,6.937247254131644,0.0
Truhe,222.05098039215684,0.0,13.251459699215724,0.0,237.37812279806585,0.0,123.0,0.0,78.58997875344546,0.0,9.582545761752069,0.0,11.090536506409418,0.0,7.1884866489804375,0.0,858.0315748557676,0.0,120.8292203513216,0.0,79.4986532993377,0.0,3.407129213242117,0.0,10.257410772132417,0.0,397.2466197810998,0.0,154.09808070874192,0.0,9.582545761755823,0.0,8.564593118531006,0.0,6.234507228482169,0.0
Trupp,245.34901960784316,0.0,13.773447869190404,0.0,262.02482742236424,0.0,144.0,0.0,97.30703512025782,0.0,10.536111254074692,0.0,12.0,0.0,8.270467060727823,0.0,27945.505781880012,0.0,1135.2612117281233,0.0,726.0706200592998,0.0,6.341909282325363,0.0,17.498695652485132,0.0,269.8048716736766,0.0,98.0271000301325,0.0,10.536111254085588,0.0,9.65166024280158,0.0,7.3571110018392964,0.0
Trure,207.6156862745098,0.0,12.856208286398754,0.0,239.41445035676423,0.0,117.0,0.0,74.84075828872109,0.0,9.583281587033822,0.0,10.816653826391969,0.0,7.019960456958555,0.0,860.043261042834,0.0,126.76388371821943,0.0,83.22215195795722,0.0,2.414260510573522,0.0,9.220414347733872,0.0,346.41227865722243,0.0,147.08431310112798,0.0,9.583281587038831,0.0,8.267954628638455,0.0,6.029649649871466,0.0
Träne,226.69803921568626,0.0,13.348050700995254,0.0,238.73893302880805,0.0,122.0,0.0,78.36168735978481,0.0,9.608057635681726,0.0,11.045361017187261,0.0,7.185080503183327,0.0,862.7469633778874,0.0,152.45136879910186,0.0,108.91072025598743,0.0,2.8561779579850177,0.0,17.916817072988334,0.0,314.85125460770803,0.0,144.09719323016805,0.0,9.608057635691592,0.0,8.827486828615209,0.0,6.255897440710043,0.0
Tschm,236.70588235294116,0.0,13.419937883428478,0.0,246.68420006857156,0.0,128.0,0.0,83.41862083674151,0.0,9.919648175700013,0.0,11.313708498984761,0.0,7.501151731967585,0.0,935.4071357433538,0.0,219.65436243574194,0.0,151.1244272146048,0.0,4.390406673459352,0.0,14.849072986511334,0.0,360.80491077234143,0.0,183.5032301505904,0.0,9.919648175693018,0.0,8.509534402244608,0.0,6.486748736073877,0.0
Tubke,242.48627450980388,0.0,13.728474745539218,0.0,245.1674250093808,0.0,137.0,0.0,90.0552067557025,0.0,10.00811958990803,0.0,11.704699910719626,0.0,7.805279398837986,0.0,864.4763787918848,0.0,160.3424556458239,0.0,110.25921877281131,0.0,2.9841738783103975,0.0,10.52097881548761,0.0,425.7761355318713,0.0,221.37311782417515,0.0,10.008119589911786,0.0,9.3232699447077,0.0,6.890760508557486,0.0
Tulpe,229.91764705882352,0.0,13.445534254462622,0.0,246.0122614487072,0.0,121.0,0.0,81.31208893856343,0.0,9.955512987756492,0.0,11.0,0.0,7.524197331835964,0.0,7565.435014745887,0.0,341.2397191968866,0.0,224.4178895713316,0.0,3.70710339158034,0.0,11.342459497254051,0.0,202.30045613064888,0.0,95.0829447798326,0.0,9.955512987756405,0.0,8.859416054398507,0.0,6.606799441240096,0.0
Tumor,220.78823529411767,0.0,13.013260323693316,0.0,249.49506685780517,0.0,126.0,0.0,81.98158757926994,0.0,9.974368854693434,0.0,11.224972160321824,0.0,7.416262137735539,0.0,878.8799448636149,0.0,156.81323323377316,0.0,103.3340221466631,0.0,3.387952849158511,0.0,10.267525694915864,0.0,222.1486627101024,0.0,155.41012448103393,0.0,9.974368854702927,0.0,8.397696832878049,0.0,6.388818281645306,0.0
Tusch,220.83529411764704,0.0,12.983594771077321,0.0,223.89439895467987,0.0,100.0,0.0,63.786668394467846,0.0,9.073645392641867,0.0,10.0,0.0,6.479450325682608,0.0,854.7368528784544,0.0,110.94671754655319,0.0,76.21566687103244,0.0,2.473749595638841,0.0,10.01861022748585,0.0,608.5081352364256,0.0,201.16866429979643,0.0,9.073645392645867,0.0,7.627085611405768,0.0,5.502357402805332,0.0
Tutor,198.94509803921568,0.0,12.434252774523522,0.0,234.89790909066397,0.0,107.0,0.0,68.78472569807255,0.0,9.415736162113353,0.0,10.344080432788601,0.0,6.760144084806048,0.0,855.3058864583619,0.0,123.06274243632676,0.0,83.21918906732748,0.0,2.872569357158776,0.0,9.828678842666328,0.0,230.64148883571212,0.0,157.56153583669774,0.0,9.415736162123359,0.0,7.775212736013226,0.0,5.759668411073278,0.0
Tvthn,215.49411764705883,0.0,13.049972269698802,0.0,252.1190822136375,0.0,137.0,0.0,90.75952841827913,0.0,10.189309886414659,0.0,11.704699910719626,0.0,7.881544011735741,0.0,915.0109550107637,0.0,239.2219285918985,0.0,177.7893260467031,0.0,3.1002757453474636,0.0,23.925866066471375,0.0,547.7935203828654,0.0,158.12102088175223,0.0,10.189309886416925,0.0,8.899645834887465,0.0,6.922980933316001,0.0
Typos,239.17254901960783,0.0,13.505992233845108,0.0,256.8192790209845,0.0,132.0,0.0,91.16203723951384,0.0,10.3983747592605,0.0,11.489125293076057,0.0,8.10193930104787,0.0,22813.82121608099,0.0,565.5042757062117,0.0,390.89807169447954,0.0,3.214948991514906,0.0,14.222469446489754,0.0,259.01651206072376,0.0,97.1658798767981,0.0,10.398374759255645,0.0,9.039763331409027,0.0,7.20501162976826,0.0
Typus,242.1372549019608,0.0,13.640026923974009,0.0,262.6692227324636,0.0,144.0,0.0,98.51210567663676,0.0,10.60434348356393,0.0,12.0,0.0,8.377521471493516,0.0,22813.82831511304,0.0,566.0133605804492,0.0,391.15292905420256,0.0,3.1039997876082954,0.0,14.43498183295213,0.0,308.565492234784,0.0,135.34915863985015,0.0,10.60434348356443,0.0,9.41352264696525,0.0,7.465292895510809,0.0
Tztvn,208.27843137254905,0.0,12.915427145943273,0.0,250.97233628409435,0.0,125.0,0.0,83.11348845747875,0.0,10.05089154779981,0.0,11.180339887498949,0.0,7.538879243785612,0.0,928.6755957898663,0.0,358.5067329165129,0.0,232.3920744685573,0.0,2.455147466658403,0.0,25.46810221922962,0.0,455.9444501815552,0.0,170.3578464783737,0.0,10.05089154780581,0.0,8.563124485079358,0.0,6.542952180791768,0.0
Töbön,238.7058823529412,0.0,13.435761126459845,0.0,236.22561141212572,0.0,117.0,0.0,76.59274350522246,0.0,9.60298958222452,0.0,10.816653826391969,0.0,7.1869937778898665,0.0,867.4671776231118,0.0,252.34302117889618,0.0,150.28266780225803,0.0,2.6659751929777857,0.0,35.424369907720106,0.0,461.74113390421314,0.0,211.53615485438254,0.0,9.602989582226694,0.0,8.67304247341972,0.0,6.240204925155976,0.0
Töböt,229.58823529411765,0.0,13.164642800668926,0.0,238.46614238701062,0.0,116.0,0.0,76.3956788773614,0.0,9.650286979359297,0.0,10.770329614269007,0.0,7.204005193060183,0.0,868.0922109705231,0.0,254.0225782661257,0.0,151.82415355735455,0.0,3.4956519423295607,0.0,35.5402674128643,0.0,359.9153745914616,0.0,277.455687702113,0.0,9.650286979368914,0.0,8.576910033062623,0.0,6.255806190581897,0.0
Töckt,215.44313725490196,0.0,12.836529957338014,0.0,239.63502738834686,0.0,119.0,0.0,78.54572517703227,0.0,9.72048947206496,0.0,10.908712114635714,0.0,7.310369838842441,0.0,858.6069441308947,0.0,188.45955604292632,0.0,115.28080988367128,0.0,2.6039938409162096,0.0,13.85060149732486,0.0,478.9555868614437,0.0,281.80059756420457,0.0,9.720489472079633,0.0,8.294384439291939,0.0,6.366240997559977,0.0
Töpfe,243.23921568627452,0.0,13.812617581755571,0.0,251.32808675721344,0.0,129.0,0.0,87.44762764805775,0.0,10.166012436151464,0.0,11.357816691600547,0.0,7.84610089542936,0.0,8154.789782869227,0.0,443.02114397176234,0.0,293.6086988548663,0.0,3.078980653166164,0.0,16.04406783016908,0.0,210.68868437583376,0.0,123.08545220908529,0.0,10.166012436123388,0.0,9.565177514233538,0.0,6.954551654521486,0.0
Töten,219.34117647058824,0.0,13.102951996357115,0.0,230.06936365624222,0.0,108.0,0.0,70.68358615923296,0.0,9.365769405854483,0.0,10.392304845413264,0.0,6.888479970250693,0.0,857.1387156270531,0.0,177.9979179450676,0.0,104.89463708548962,0.0,2.2010433419818924,0.0,12.726028745931696,0.0,428.40620275677674,0.0,104.60677279759982,0.0,9.36576940585391,0.0,8.315358477559892,0.0,5.9467631641570575,0.0
Tücke,229.52941176470588,0.0,13.33301037671155,0.0,238.06297457162609,0.0,126.0,0.0,82.29736186364957,0.0,9.71415384126151,0.0,11.224972160321824,0.0,7.436364368005689,0.0,858.9008978049449,0.0,132.00343300608233,0.0,92.69635563456042,0.0,2.4636553129666403,0.0,11.782970261179546,0.0,419.4721825041292,0.0,223.34730271968925,0.0,9.714153841270633,0.0,8.837904185253839,0.0,6.548734957556005,0.0
Türme,235.59607843137252,0.0,13.561397257606739,0.0,254.17371042593018,0.0,137.0,0.0,89.47430435756847,0.0,10.1775018349038,0.0,11.704699910719626,0.0,7.756351158485501,0.0,890.4845588129408,0.0,172.72084475245333,0.0,114.97920957862907,0.0,2.8693554866779034,0.0,11.787778484719334,0.0,243.17314827290008,0.0,138.25183601175087,0.0,10.177501834906753,0.0,9.135838703348117,0.0,6.803563491563299,0.0
Uhmst,237.21960784313723,0.0,13.447215502378073,0.0,244.73189385901662,0.0,128.0,0.0,84.08617948074183,0.0,9.915646377498089,0.0,11.313708498984761,0.0,7.534527811486001,0.0,876.8552577938442,0.0,152.16297763350315,0.0,104.10830812582876,0.0,3.5726510869907635,0.0,14.689764228135953,0.0,488.7919262719587,0.0,242.47029311921713,0.0,9.915646377495241,0.0,8.579247368074286,0.0,6.485748168670847,0.0
Uhran,225.52156862745096,0.0,13.189800680216983,0.0,233.48070181122145,0.0,115.0,0.0,73.46071223202198,0.0,9.435352696724449,0.0,10.723805294763608,0.0,6.94506075634872,0.0,855.0150245181187,0.0,112.11148000663512,0.0,77.32608986521643,0.0,2.1330125330250507,0.0,13.753961762800671,0.0,570.0312149216816,0.0,168.8634790201623,0.0,9.435352696721893,0.0,8.201147740113454,0.0,5.929453546451228,0.0
Uhren,226.83529411764704,0.0,13.360275547557068,0.0,230.76443537348806,0.0,117.0,0.0,75.69906104807318,0.0,9.44542911918195,0.0,10.816653826391969,0.0,7.086072054326889,0.0,853.3576865379998,0.0,107.72367945843723,0.0,75.38468690146117,0.0,2.0440299113140883,0.0,13.416383265833652,0.0,570.0119072750143,0.0,165.15106084622144,0.0,9.445429119173903,0.0,8.501837954735894,0.0,6.141257236339829,0.0
Umbau,249.44313725490198,0.0,13.644455465007127,0.0,250.7702559035455,0.0,147.0,0.0,95.15027226366249,0.0,10.13695611165374,0.0,12.12435565298214,0.0,7.958763940344604,0.0,1080.1171108970595,0.0,246.70366084082698,0.0,168.84674852166194,0.0,3.245067030444879,0.0,18.312764509833848,0.0,577.6009110182634,0.0,114.96765232478978,0.0,10.136956111653484,0.0,9.316402183566128,0.0,6.991245850210747,0.0
Umken,248.33333333333331,0.0,13.869468375466665,0.0,253.3957258519538,0.0,153.0,0.0,101.4742838399298,0.0,10.38643460046168,0.0,12.36931687685298,0.0,8.314364355706134,0.0,1077.0653679949733,0.0,243.4615327738807,0.0,172.43921365718484,0.0,2.5906426214417717,0.0,17.03703854311164,0.0,533.6830985845346,0.0,88.12701784596591,0.0,10.386434600453518,0.0,9.574080641321498,0.0,7.407612959989192,0.0
Unarm,232.36862745098037,0.0,13.319474920175097,0.0,252.8295373002568,0.0,138.0,0.0,89.80658184242986,0.0,10.14320513608557,0.0,11.74734012447073,0.0,7.756584849171547,0.0,936.4149060499549,0.0,220.88361597358394,0.0,151.57893449753493,0.0,2.6961763302599526,0.0,15.728345132113503,0.0,413.5869587615552,0.0,174.69418371586067,0.0,10.143205136075697,0.0,8.890469235775557,0.0,6.704420515596109,0.0
Unmut,227.97647058823532,0.0,13.22503654798359,0.0,245.5410814415264,0.0,135.0,0.0,87.63850647790456,0.0,9.949311193461211,0.0,11.61895003862225,0.0,7.628535846562584,0.0,874.6385390680747,0.0,144.3488407233863,0.0,95.61346563245885,0.0,3.1522782378364016,0.0,15.056901721171442,0.0,449.3968530117684,0.0,219.18163889839067,0.0,9.949311193455777,0.0,8.690266070501401,0.0,6.575357010696504,0.0
Unrat,210.5254901960784,0.0,12.754376110092904,0.0,230.87088844074054,0.0,111.0,0.0,70.40517665416726,0.0,9.290484753505385,0.0,10.535653752852738,0.0,6.765125496856031,0.0,853.3585065481809,0.0,103.64362229275285,0.0,67.94608761517726,0.0,2.6152757154737847,0.0,14.018741935801973,0.0,411.4793820344227,0.0,199.1746500854718,0.0,9.290484753508833,0.0,7.871585092622754,0.0,5.725712804202209,0.0
Untat,209.96470588235294,0.0,12.715992709507004,0.0,230.0363167599408,0.0,111.0,0.0,71.06127565717208,0.0,9.296151364905482,0.0,10.535653752852738,0.0,6.828296327319065,0.0,853.3962540430877,0.0,109.26358464139183,0.0,74.55912546553134,0.0,2.6551439506421883,0.0,14.256098193545316,0.0,414.0772857135489,0.0,200.57874758305817,0.0,9.296151364915339,0.0,7.963375470135117,0.0,5.780020452187657,0.0
Unzen,228.17647058823528,0.0,13.46245380447131,0.0,223.5480633779044,0.0,112.0,0.0,71.45002227243624,0.0,9.15855499206187,0.0,10.583005244258363,0.0,6.814455510362683,0.0,855.1329655530495,0.0,145.5919464269695,0.0,101.3847439982927,0.0,1.5503315443517578,0.0,17.166585298040545,0.0,502.25795516179875,0.0,79.96788277260507,0.0,9.158554992052029,0.0,8.365623976036519,0.0,5.824672036241439,0.0
Ursel,210.77647058823527,0.0,12.851551801186403,0.0,235.92108646294795,0.0,119.0,0.0,77.29410684830212,0.0,9.575698572610408,0.0,10.908712114635714,0.0,7.1959729095918314,0.0,858.01698473548,0.0,136.7049079124317,0.0,97.88396798129585,0.0,2.3909178272001705,0.0,14.148856977498383,0.0,389.450072566493,0.0,108.35651599083042,0.0,9.57569857261612,0.0,8.230485555664151,0.0,6.231614555335947,0.0
Vasen,225.98039215686273,0.0,13.11057812404304,0.0,221.21595570349734,0.0,106.0,0.0,67.40641041216136,0.0,9.012984627619723,0.0,10.295630140987,0.0,6.613653153642422,0.0,864.6681449531974,0.0,141.5370580640728,0.0,99.28296147355952,0.0,2.3160354693332823,0.0,11.203369495040867,0.0,419.98631931513484,0.0,266.8541947950553,0.0,9.012984627597406,0.0,7.819907483687166,0.0,5.688723420925231,0.0
Vater,208.08627450980393,0.0,12.67275031468128,0.0,236.53935795989835,0.0,116.0,0.0,75.28683010585499,0.0,9.534055473901857,0.0,10.770329614269007,0.0,7.0876790959764255,0.0,868.5283815483617,0.0,161.1013039649798,0.0,113.98650646089419,0.0,2.378623816379736,0.0,11.292233201724406,0.0,213.05810647801823,0.0,295.72226100744143,0.0,9.534055473874893,0.0,8.221220379454259,0.0,6.1521995745146745,0.0
Vchsm,233.9058823529412,0.0,13.223452654860615,0.0,250.43752244116672,0.0,136.0,0.0,89.12812428289492,0.0,10.09019546288234,0.0,11.661903789690601,0.0,7.762944606071743,0.0,946.8504616785847,0.0,244.3496866255884,0.0,170.4622423278689,0.0,5.2273844310215924,0.0,16.77141319381664,0.0,257.37034138261936,0.0,293.13006531947497,0.0,10.09019546286528,0.0,8.62531315388293,0.0,6.767794638188788,0.0
Vdlvr,209.23921568627452,0.0,12.766882137306727,0.0,270.60116302613665,0.0,149.0,0.0,100.56471128173192,0.0,10.770809222485653,0.0,12.206555615733702,0.0,8.384311889491881,0.0,1220.0917616271345,0.0,364.58806145433533,0.0,270.431283465011,0.0,3.984331809579685,0.0,21.925573658968958,0.0,287.79457186731906,0.0,331.65379981861815,0.0,10.770809222488955,0.0,8.993196014026767,0.0,7.393434686886824,0.0
Vekel,222.76862745098038,0.0,13.254128066513358,0.0,253.92409445672743,0.0,148.0,0.0,98.90979231290514,0.0,10.352289513082756,0.0,12.165525060596439,0.0,8.25303332112264,0.0,886.2610854168817,0.0,198.80687456953447,0.0,148.32587825431233,0.0,3.3028462952648225,0.0,13.38371450167946,0.0,267.08947481356086,0.0,276.7451197900104,0.0,10.3522895130727,0.0,9.335863527810679,0.0,7.3708924145910695,0.0
Vemps,253.6078431372549,0.0,13.85652299558244,0.0,254.6156776355036,0.0,142.0,0.0,95.44547842543324,0.0,10.322622958207349,0.0,11.916375287812984,0.0,8.127333500394704,0.0,7570.270814141666,0.0,370.4189950970514,0.0,245.57246753273319,0.0,3.980112703090205,0.0,13.672834982850143,0.0,206.86763006144017,0.0,268.86646407942095,0.0,10.322622958187281,0.0,9.440325676903395,0.0,7.210261772177726,0.0
Venen,227.07450980392156,0.0,13.363038421248024,0.0,227.38400920054005,0.0,126.0,0.0,80.50457219374033,0.0,9.362730001208686,0.0,11.224972160321824,0.0,7.236639344630935,0.0,875.5341974696788,0.0,143.636300819681,0.0,100.54775850879689,0.0,2.105439789257447,0.0,10.937200324064076,0.0,432.4224345033478,0.0,267.632732008516,0.0,9.362730001187547,0.0,8.81081468696758,0.0,6.350069262872224,0.0
Venus,222.14901960784312,0.0,13.052129238650586,0.0,223.1188327623483,0.0,113.0,0.0,71.38249737455212,0.0,9.101241498696599,0.0,10.63014581273465,0.0,6.779801581890608,0.0,874.4891214029799,0.0,141.92896628058466,0.0,99.33308459084131,0.0,1.9229330773674287,0.0,11.885392603513782,0.0,290.774607652001,0.0,285.13359658012354,0.0,9.101241498680087,0.0,8.087303592528952,0.0,5.866665658382071,0.0
Verse,218.7372549019608,0.0,13.045273544882942,0.0,226.73626735562652,0.0,114.0,0.0,72.76648524754792,0.0,9.216024657157401,0.0,10.677078252031311,0.0,6.891748037648463,0.0,879.2556620777832,0.0,147.32732258016142,0.0,102.88742590369883,0.0,2.400403358085769,0.0,11.287122285983093,0.0,205.2869485236106,0.0,267.3032492242215,0.0,9.216024657135868,0.0,8.431117352882252,0.0,6.014469832769417,0.0
Veter,209.39999999999998,0.0,12.850086430100518,0.0,239.30047703509277,0.0,129.0,0.0,83.95266283850748,0.0,9.721776190977298,0.0,11.357816691600547,0.0,7.4864504012461826,0.0,879.3986589602893,0.0,162.47818218489138,0.0,114.97734461528317,0.0,2.4799211681766518,0.0,11.374757636949345,0.0,219.11123220003495,0.0,295.80029065261454,0.0,9.721776190950996,0.0,8.963340281202917,0.0,6.604663362369984,0.0
Vfzlz,209.1921568627451,0.0,13.050393557696452,0.0,264.1654747538569,0.0,130.0,0.0,87.34214754881769,0.0,10.417460996144962,0.0,11.40175425099138,0.0,7.807249989795732,0.0,1264.8283512554326,0.0,690.669402169343,0.0,551.3486408283625,0.0,2.684633130422628,0.0,28.128116375103193,0.0,345.7650296008409,0.0,402.59896629780036,0.0,10.417460996161083,0.0,8.802801173566605,0.0,6.8377890433925295,0.0
Vglvg,233.78431372549016,0.0,13.412742195774277,0.0,274.2767246289957,0.0,153.0,0.0,107.05836134260963,0.0,11.031204575759073,0.0,12.36931687685298,0.0,8.80919742040374,0.0,2392.5079922545815,0.0,989.5911155638199,0.0,813.9594794242902,0.0,4.077748113266089,0.0,26.156713509083346,0.0,334.8538344293792,0.0,302.92665142964177,0.0,11.031204575741231,0.0,9.548144003797498,0.0,7.871134251666167,0.0
Vikar,210.16470588235293,0.0,12.756675284783839,0.0,258.3571121963868,0.0,138.0,0.0,90.7979147600116,0.0,10.298110419525631,0.0,11.74734012447073,0.0,7.8544772444764215,0.0,884.831254134237,0.0,189.99893734873353,0.0,137.50260381861042,0.0,3.0246610906089826,0.0,13.228047758807863,0.0,284.7184831722183,0.0,304.4876435184329,0.0,10.298110419525967,0.0,8.673589901575209,0.0,6.884028861784484,0.0
Villa,191.82745098039214,0.0,12.271471151787084,0.0,256.19132427857676,0.0,113.0,0.0,75.83512673691322,0.0,10.098109300673448,0.0,10.63014581273465,0.0,7.258490379497173,0.0,882.7336461105868,0.0,164.67999979659854,0.0,118.89659116100566,0.0,3.294174902681174,0.0,11.240887042419129,0.0,347.6396054963181,0.0,401.7625157538012,0.0,10.098109300680605,0.0,7.6299035040056715,0.0,6.234299071610244,0.0
Viren,205.3843137254902,0.0,12.769709570179275,0.0,240.74793109313163,0.0,120.0,0.0,77.82634977714085,0.0,9.692115291987635,0.0,10.954451150103322,0.0,7.193610768883346,0.0,877.2127337757447,0.0,152.36400999261136,0.0,105.90310014943634,0.0,3.5504646718924846,0.0,10.82964701682261,0.0,446.99797379036346,0.0,275.6942884846127,0.0,9.692115291971819,0.0,8.294338576997086,0.0,6.2564199244507686,0.0
Virus,200.45882352941175,0.0,12.443985065943098,0.0,236.48275465493987,0.0,107.0,0.0,68.70427495795266,0.0,9.439755429842686,0.0,10.344080432788601,0.0,6.733854496478253,0.0,876.1696598328413,0.0,150.75555080109663,0.0,104.75054450669668,0.0,3.3528186298357907,0.0,11.759486369047476,0.0,311.86193392822594,0.0,292.7412999602885,0.0,9.439755429837549,0.0,7.521308156144485,0.0,5.765169258152483,0.0
Vitim,204.41568627450982,0.0,12.662511307723431,0.0,271.1063942140272,0.0,142.0,0.0,94.80447554486528,0.0,10.659322480637805,0.0,11.916375287812984,0.0,8.086587745094374,0.0,977.0715355894495,0.0,252.00983848811342,0.0,175.70231809259036,0.0,4.985903756461905,0.0,13.494074635561262,0.0,499.11588511366926,0.0,430.665988456035,0.0,10.659322480640364,0.0,8.709916468771635,0.0,7.076793578042328,0.0
Vlies,203.7607843137255,0.0,12.651086757876765,0.0,236.94550191272992,0.0,103.0,0.0,68.47993725922183,0.0,9.526895901622252,0.0,10.14889156509222,0.0,6.8480889639630975,0.0,883.2877794527509,0.0,158.79582476949082,0.0,114.37253767561697,0.0,3.7429920411822586,0.0,11.863426661200393,0.0,227.87518999993716,0.0,277.98963020093265,0.0,9.526895901605078,0.0,7.683136610756616,0.0,5.90631402302595,0.0
Vmnst,226.9019607843137,0.0,13.138130494672382,0.0,250.71932680548468,0.0,140.0,0.0,91.20350932607661,0.0,10.10630800675667,0.0,11.832159566199232,0.0,7.819290641750455,0.0,1085.079832279736,0.0,252.93031825108838,0.0,176.24892781241041,0.0,3.7905682150396136,0.0,15.87352535132809,0.0,358.39254944370305,0.0,324.6221289615642,0.0,10.10630800674881,0.0,8.654428548862098,0.0,6.833173045155157,0.0
Vngst,228.30196078431374,0.0,13.209395721703714,0.0,242.67058985510747,0.0,129.0,0.0,85.29818364906211,0.0,9.87050520414818,0.0,11.357816691600547,0.0,7.626183434153406,0.0,923.6138961342347,0.0,200.71954844624764,0.0,148.9575671026374,0.0,3.757010888216047,0.0,14.326703024478507,0.0,321.50275751063106,0.0,322.63116759467016,0.0,9.870505204150229,0.0,8.616497778907533,0.0,6.65154092996211,0.0
Vogel,222.69019607843137,0.0,13.083761150521902,0.0,248.05728470652986,0.0,134.0,0.0,90.06369268897184,0.0,10.109466574516189,0.0,11.575836902790225,0.0,7.913085381010746,0.0,928.8690421016444,0.0,215.2425599129732,0.0,162.15877706688255,0.0,4.0266361165419395,0.0,12.472292387659204,0.0,242.57140139386095,0.0,275.5070418279965,0.0,10.109466574506985,0.0,8.876235576440436,0.0,6.9950940137595525,0.0
Vokal,213.34509803921569,0.0,12.706375565348656,0.0,253.29899112612122,0.0,135.0,0.0,89.64897938247348,0.0,10.201208684141411,0.0,11.61895003862225,0.0,7.849012873857473,0.0,876.6580529809635,0.0,200.15369914523745,0.0,148.71789993084698,0.0,3.1696229247806347,0.0,13.592536670909942,0.0,276.54183297179804,0.0,278.7162874005623,0.0,10.201208684140001,0.0,8.383387427537231,0.0,6.869688409619646,0.0
Votum,217.42745098039217,0.0,12.77232446358136,0.0,254.6330166597826,0.0,141.0,0.0,92.62001684606112,0.0,10.23361487530229,0.0,11.874342087037917,0.0,7.912136507246377,0.0,946.5171918130577,0.0,246.599222076342,0.0,172.12891380832826,0.0,5.017100301443102,0.0,13.886768251543206,0.0,301.826144018669,0.0,306.23422641282957,0.0,10.2336148752934,0.0,8.731360926823978,0.0,6.9247128223951115,0.0
Vssbg,249.30196078431374,0.0,13.640735519511553,0.0,240.78331969990177,0.0,128.0,0.0,84.91437719518468,0.0,9.83845577008356,0.0,11.313708498984761,0.0,7.632661413151896,0.0,1161.9066595987501,0.0,292.3287262660985,0.0,218.14436641306082,0.0,5.676447337096953,0.0,17.93336248102747,0.0,326.2037648595482,0.0,281.5048655171231,0.0,9.838455770062813,0.0,8.880683489007437,0.0,6.710876767113486,0.0
Vsvvt,199.8941176470588,0.0,12.35155361021149,0.0,255.52950841358222,0.0,144.0,0.0,95.39574259002832,0.0,10.301952294663177,0.0,12.0,0.0,8.062358180873817,0.0,934.8070459524633,0.0,217.75160464583794,0.0,162.87323764094654,0.0,2.9681687119585978,0.0,21.882811950561578,0.0,350.76890883475966,0.0,352.9291286596307,0.0,10.301952294661149,0.0,8.63671897437254,0.0,7.159005932062434,0.0
Vögel,229.3843137254902,0.0,13.26544365584468,0.0,253.06656245866057,0.0,141.0,0.0,95.02164097912365,0.0,10.29717736934971,0.0,11.874342087037917,0.0,8.140572746785711,0.0,932.3190592603402,0.0,258.0550023362372,0.0,179.04445020828885,0.0,4.1246619131766336,0.0,15.968843377922084,0.0,244.50383763642824,0.0,280.9362176569915,0.0,10.297177369342716,0.0,9.254325236764913,0.0,7.242756225463634,0.0
Vörnö,215.68627450980392,0.0,12.74846411055106,0.0,238.64407350713913,0.0,121.0,0.0,78.26657757692084,0.0,9.640538525001082,0.0,11.0,0.0,7.217705659356799,0.0,876.7433374069074,0.0,220.40829777856888,0.0,146.0447341996446,0.0,2.430556949513172,0.0,109.89024236621026,0.0,946.2487244043923,0.0,812.9222173007026,0.0,9.640524232337924,0.0,8.332389494839525,0.0,6.317791781518337,0.0
Waban,260.8156862745098,0.0,13.939105221057279,0.0,238.2995909970753,0.0,130.0,0.0,83.63418184566947,0.0,9.686432409447816,0.0,11.40175425099138,0.0,7.424425065704619,0.0,885.2606341873425,0.0,145.88299006694987,0.0,97.02163274565939,0.0,3.7234901383944967,0.0,10.200330084154032,0.0,424.33303927399163,0.0,139.95060491517103,0.0,9.686432409423567,0.0,8.818391805860028,0.0,6.4173333557379,0.0
Wache,248.3529411764706,0.0,13.687039699942034,0.0,227.0108181948244,0.0,120.0,0.0,77.0068258943394,0.0,9.320815266989364,0.0,10.954451150103322,0.0,7.114253150810732,0.0,880.3790264736739,0.0,103.74965443457887,0.0,70.49182557375214,0.0,3.2383565681203925,0.0,9.628175942190728,0.0,345.0163891958341,0.0,169.07881230708065,0.0,9.320815266955154,0.0,8.542494245041903,0.0,6.177295864310211,0.0
Wachs,246.57254901960783,0.0,13.532216816347166,0.0,223.6253808586618,0.0,108.0,0.0,69.11742649421035,0.0,9.128023226359456,0.0,10.392304845413264,0.0,6.738957311491185,0.0,876.8516491830336,0.0,102.0732117322251,0.0,69.35739783498401,0.0,3.455701516606727,0.0,9.775576127752602,0.0,347.3398795943046,0.0,169.19931205429654,0.0,9.128023226322245,0.0,7.825139607953798,0.0,5.76842055164196,0.0
Wacht,237.23529411764707,0.0,13.344154201929012,0.0,233.75496162391633,0.0,123.0,0.0,79.18445680902141,0.0,9.518808741792057,0.0,11.090536506409418,0.0,7.235370104519003,0.0,877.7468115404665,0.0,110.33432879085376,0.0,75.13847292558559,0.0,5.453465141201202,0.0,9.722863169864114,0.0,416.10786225800433,0.0,246.27276881343943,0.0,9.518808741776368,0.0,8.295545674728686,0.0,6.245165043433484,0.0
Wackt,237.45098039215685,0.0,13.348220063150249,0.0,241.88148526104553,0.0,132.0,0.0,86.60518988264468,0.0,9.869659292900064,0.0,11.489125293076057,0.0,7.638224835825979,0.0,879.6364960741512,0.0,127.13454894412013,0.0,89.79463748429475,0.0,5.457566776329812,0.0,9.72101177683275,0.0,466.730392674098,0.0,289.25146149060413,0.0,9.869659292894143,0.0,8.557179794547514,0.0,6.687743624798078,0.0
Wagen,264.59215686274507,0.0,14.202034824505898,0.0,238.65835756304324,0.0,134.0,0.0,88.58662492947046,0.0,9.842570269232738,0.0,11.575836902790225,0.0,7.752255637939215,0.0,935.0641457822449,0.0,165.20067803079343,0.0,123.40245898669527,0.0,3.5063040108493686,0.0,9.085743421843745,0.0,410.696788575196,0.0,119.87836853311958,0.0,9.84257026920172,0.0,9.235689588536806,0.0,6.8454523399100085,0.0
Wagon,256.4823529411765,0.0,13.85655018694875,0.0,236.4322872037419,0.0,125.0,0.0,82.37857661583143,0.0,9.700435667414604,0.0,11.180339887498949,0.0,7.4729516283120585,0.0,934.1723636965733,0.0,164.71770909559223,0.0,123.1085435761332,0.0,4.253483376844138,0.0,10.170357984893213,0.0,418.54223018939297,0.0,123.29338071383478,0.0,9.700435667391941,0.0,8.68426431978493,0.0,6.532124905732741,0.0
Wahan,255.0313725490196,0.0,13.851225210458255,0.0,234.78526401611066,0.0,122.0,0.0,78.38693512376707,0.0,9.54520990556103,0.0,11.045361017187261,0.0,7.183416199736002,0.0,879.231078454722,0.0,108.65943339993349,0.0,72.88070418988401,0.0,3.746957359382645,0.0,9.811691132557137,0.0,433.8315096535166,0.0,134.75027418824638,0.0,9.545209905534973,0.0,8.39596178338972,0.0,6.172919801576413,0.0
Wahsa,255.25098039215686,0.0,13.773126858216266,0.0,228.10458974171928,0.0,108.0,0.0,69.5252002494511,0.0,9.259939427420495,0.0,10.392304845413264,0.0,6.77321035462128,0.0,879.2507819031638,0.0,103.0404791435612,0.0,70.0727523927151,0.0,3.6376909784005917,0.0,10.509944981298345,0.0,226.55227376302872,0.0,127.84109500130234,0.0,9.259939427378878,0.0,7.858681206545094,0.0,5.745540147274038,0.0
Wahst,245.4470588235294,0.0,13.599872785889856,0.0,232.2738699775644,0.0,116.0,0.0,75.15944148828471,0.0,9.458748590281841,0.0,10.770329614269007,0.0,7.0694133375812465,0.0,877.4539967997549,0.0,108.3927038679569,0.0,73.99955147319064,0.0,5.749394578217646,0.0,9.84612037165979,0.0,323.31690305120503,0.0,220.96581256329097,0.0,9.458748590273071,0.0,8.081828963844575,0.0,6.061631849823211,0.0
Wahta,245.9137254901961,0.0,13.588398833297061,0.0,237.14246152267776,0.0,116.0,0.0,75.80266324346066,0.0,9.595650248164164,0.0,10.770329614269007,0.0,7.130176893738961,0.0,880.280693941694,0.0,115.31023384947255,0.0,79.68329366449758,0.0,4.926800931449711,0.0,10.153180483865448,0.0,228.23713181802168,0.0,136.54325849395917,0.0,9.595650248124283,0.0,8.180166792906206,0.0,6.116823073352065,0.0
Walle,229.66666666666666,0.0,13.34590238021304,0.0,246.018923201939,0.0,119.0,0.0,79.55233914576453,0.0,9.927769587841922,0.0,10.908712114635714,0.0,7.402250366353696,0.0,884.5138136915513,0.0,121.48906520588831,0.0,87.4293282185193,0.0,5.430125058220528,0.0,8.422534157987624,0.0,301.16163257002927,0.0,316.89823852604945,0.0,9.927769587819304,0.0,8.32194667379135,0.0,6.445833901715284,0.0
Walöl,228.25098039215686,0.0,13.160793661919138,0.0,252.60451981976865,0.0,125.0,0.0,83.83321535691293,0.0,10.146348789761117,0.0,11.180339887498949,0.0,7.633145336862936,0.0,889.7719695763946,0.0,210.13315118767002,0.0,138.45824090878347,0.0,6.406447820039485,0.0,33.669210522433744,0.0,263.11779118003886,0.0,224.83579481041605,0.0,10.146348789755967,0.0,8.275216781150329,0.0,6.655002181971486,0.0
Wanst,239.5686274509804,0.0,13.44885365911642,0.0,227.46373642393652,0.0,114.0,0.0,72.71572299028387,0.0,9.266247153606272,0.0,10.677078252031311,0.0,6.886317748241091,0.0,876.7515987263305,0.0,102.28728383296007,0.0,67.84438418374658,0.0,5.885158163920067,0.0,8.855559873706193,0.0,307.0512161351238,0.0,215.81331194629396,0.0,9.266247153601839,0.0,7.90112457090434,0.0,5.865671714796939,0.0
Waren,241.9098039215686,0.0,13.640508344521574,0.0,233.15039320974068,0.0,121.0,0.0,78.08695186184055,0.0,9.514965701510683,0.0,11.0,0.0,7.1758915834235575,0.0,878.1667454566808,0.0,105.51264178942363,0.0,69.52628506415273,0.0,3.995867159811877,0.0,8.041261899611317,0.0,413.37800265549924,0.0,121.35065059814254,0.0,9.514965701476177,0.0,8.492361415482382,0.0,6.239874451530285,0.0
Warte,232.79215686274512,0.0,13.373541450149895,0.0,235.64899396079434,0.0,118.0,0.0,76.72094148963455,0.0,9.555161808367217,0.0,10.862780491200215,0.0,7.149480385228478,0.0,881.661124649287,0.0,115.36486713666746,0.0,77.82838855403068,0.0,5.1547258979288655,0.0,8.153113875232819,0.0,183.9134242689883,0.0,129.65009210329822,0.0,9.555161808330102,0.0,8.440139307447287,0.0,6.211203152034328,0.0
Wartu,227.64705882352942,0.0,13.145200991688185,0.0,240.41134301441883,0.0,123.0,0.0,79.5477040492641,0.0,9.700684359870298,0.0,11.090536506409418,0.0,7.263987955045437,0.0,878.4963387776673,0.0,119.30801467485061,0.0,79.88892734605543,0.0,6.1851155945155885,0.0,11.719398282501675,0.0,476.98309333827564,0.0,133.1349051358935,0.0,9.700684359851724,0.0,8.241262672220705,0.0,6.303009758350853,0.0
Warze,240.57254901960783,0.0,13.662167656242614,0.0,234.74995208051484,0.0,117.0,0.0,75.25854654129303,0.0,9.479345927679004,0.0,10.816653826391969,0.0,7.039690692965699,0.0,883.7964200158169,0.0,142.65862609892977,0.0,97.69434637281287,0.0,3.9623508338791886,0.0,10.959990171598351,0.0,268.2894960318952,0.0,171.76467793222935,0.0,9.479345927646538,0.0,8.535468512825336,0.0,6.099405199710638,0.0
Watte,232.23137254901962,0.0,13.336940111937373,0.0,234.8144222799946,0.0,118.0,0.0,77.37704049263935,0.0,9.560671546925848,0.0,10.862780491200215,0.0,7.209284120093632,0.0,881.6976604451652,0.0,120.43912593582168,0.0,83.66391356428811,0.0,5.225220555580697,0.0,8.633567628327132,0.0,188.90778111379376,0.0,131.6267478032754,0.0,9.560671546889077,0.0,8.525810726109507,0.0,6.261301295052388,0.0
Wcllz,217.65098039215687,0.0,13.041073139115571,0.0,254.6748008304251,0.0,124.0,0.0,82.94415017831491,0.0,10.171035931209756,0.0,11.135528725660043,0.0,7.570704446445464,0.0,891.4998255556981,0.0,198.95135157342216,0.0,145.53940480197537,0.0,5.473002225260238,0.0,18.41515214363083,0.0,302.81767031948345,0.0,316.1281964480501,0.0,10.171035931214575,0.0,8.355682320164892,0.0,6.5785083303348815,0.0
Wcrzq,244.0862745098039,0.0,13.70500431982355,0.0,251.41454646570187,0.0,131.0,0.0,87.25024526676984,0.0,10.159403262163861,0.0,11.445523142259598,0.0,7.765489589233993,0.0,35798.62708933137,0.0,14722.398888554899,0.0,12697.824864708236,0.0,4.232312214497563,0.0,72.00924753286019,0.0,423.32339877826166,0.0,248.24927118669535,0.0,10.1594032621407,0.0,8.986857297274803,0.0,6.7822535404735484,0.0
Wctfn,229.8627450980392,0.0,13.349756321690663,0.0,250.38638060759217,0.0,134.0,0.0,88.74034280654311,0.0,10.124386882475875,0.0,11.575836902790225,0.0,7.785098758636005,0.0,901.8801819319982,0.0,246.36173700670028,0.0,175.99594478440173,0.0,4.08951710406819,0.0,16.2273093394733,0.0,419.8353691814155,0.0,143.15373108405058,0.0,10.124386882438504,0.0,9.031358244700167,0.0,6.808606168477649,0.0
Wdspr,267.29411764705884,0.0,14.232669773759556,0.0,259.43710614908167,0.0,152.0,0.0,102.06734509857927,0.0,10.55268870207884,0.0,12.328828005937952,0.0,8.426726694597193,0.0,7610.024448811042,0.0,459.2165911074116,0.0,319.61004950952656,0.0,4.729481274186232,0.0,18.10851381436449,0.0,217.4609143325922,0.0,182.55720203949346,0.0,10.552688702063442,0.0,9.704712382022986,0.0,7.451076763923972,0.0
Webeh,269.321568627451,0.0,14.402630692250723,0.0,243.3005537062671,0.0,148.0,0.0,97.67047916784765,0.0,10.07707737885576,0.0,12.165525060596439,0.0,8.124935805504101,0.0,897.177820099255,0.0,153.5597570077314,0.0,106.31194847560309,0.0,2.8552458482376526,0.0,11.69683975166805,0.0,612.4407951280816,0.0,226.24075080437757,0.0,10.077077378830289,0.0,9.937235012246628,0.0,7.225899095096861,0.0
Wechs,247.8862745098039,0.0,13.698431030137282,0.0,226.38649993385624,0.0,121.0,0.0,77.78325922686284,0.0,9.323922272786964,0.0,11.0,0.0,7.157184522483574,0.0,887.6200011835833,0.0,104.23276884080938,0.0,70.9740428189233,0.0,3.6283125164330103,0.0,9.984856277152028,0.0,351.48630045892605,0.0,169.42794024046506,0.0,9.323922272751409,0.0,8.60150070354228,0.0,6.248735406961854,0.0
Wefle,240.57254901960786,0.0,13.83822831364038,0.0,252.56959663942618,0.0,138.0,0.0,92.74181305731727,0.0,10.256747203281366,0.0,11.74734012447073,0.0,8.01332089302121,0.0,935.4156947983063,0.0,300.83691975771205,0.0,219.6678389167179,0.0,4.9865796088746634,0.0,12.731757029525909,0.0,306.0927987835787,0.0,318.6010434015835,0.0,10.256747203255681,0.0,9.598093230372196,0.0,7.151117609827734,0.0
Wehen,257.65882352941173,0.0,14.174225949815819,0.0,234.83011665357168,0.0,137.0,0.0,89.29111667247076,0.0,9.742484354780384,0.0,11.704699910719626,0.0,7.706605036664652,0.0,888.3785173947873,0.0,106.24410186203522,0.0,72.40158843715582,0.0,3.8672057376135474,0.0,9.39029990998764,0.0,436.82274411930223,0.0,130.35477082191449,0.0,9.742484354749559,0.0,9.395083985291622,0.0,6.8142188463328,0.0
Weher,249.10196078431372,0.0,13.952579104517561,0.0,241.68962698393295,0.0,141.0,0.0,92.17772189420997,0.0,9.94107737535026,0.0,11.874342087037917,0.0,7.857633726206819,0.0,890.92131514515,0.0,119.50783951275703,0.0,81.96146713367087,0.0,5.677531388238182,0.0,9.678041692690954,0.0,238.5946602549266,0.0,179.7495796676289,0.0,9.941077375315778,0.0,9.488483858081846,0.0,6.963847961663989,0.0
Wehre,249.10196078431372,0.0,13.952579104517561,0.0,240.37537343451655,0.0,136.0,0.0,88.94072130297792,0.0,9.868534453528127,0.0,11.661903789690601,0.0,7.718671074925212,0.0,893.5136454830273,0.0,119.08020106224652,0.0,82.00650655331289,0.0,4.712996382005748,0.0,9.704951871967655,0.0,319.19837004770847,0.0,170.9630199826733,0.0,9.86853445349452,0.0,9.38104745657129,0.0,6.796931425827315,0.0
Weide,252.90980392156865,0.0,14.061846148667831,0.0,242.66500959739437,0.0,132.0,0.0,87.3264159195277,0.0,9.916995741550743,0.0,11.489125293076057,0.0,7.690518521241921,0.0,954.1827377846681,0.0,127.37328529156413,0.0,88.19895483176956,0.0,3.446252300246844,0.0,9.320653280875021,0.0,238.26128256050401,0.0,150.78146888809258,0.0,9.916995741539498,0.0,9.37571552255095,0.0,6.765490991191226,0.0
Weine,240.6470588235294,0.0,13.769875013986416,0.0,234.85700393884565,0.0,130.0,0.0,83.99882644507613,0.0,9.622084432378427,0.0,11.40175425099138,0.0,7.442714357954179,0.0,905.8635483420934,0.0,105.51044390172217,0.0,69.85541715221106,0.0,4.101725742760237,0.0,8.42159554376767,0.0,247.4712719195894,0.0,149.59403186559635,0.0,9.622084432350487,0.0,9.11175193935109,0.0,6.554006893310454,0.0
Welle,230.98039215686276,0.0,13.5144082765386,0.0,248.78004227713345,0.0,132.0,0.0,88.21817187841704,0.0,10.108181217078277,0.0,11.489125293076057,0.0,7.7849248634114225,0.0,895.1900013054832,0.0,123.30905283672618,0.0,88.71726749829308,0.0,5.584506662651348,0.0,8.461615224270489,0.0,305.7113510985516,0.0,317.07027201719933,0.0,10.108181217055943,0.0,9.05581586111858,0.0,6.879011063671811,0.0
Welpe,256.9686274509804,0.0,14.137031898379846,0.0,250.8247329332385,0.0,143.0,0.0,96.61480374608894,0.0,10.287956359760784,0.0,11.958260743101398,0.0,8.196099986796956,0.0,7569.501830456209,0.0,341.92113006513637,0.0,225.4869336280939,0.0,3.3315644139785845,0.0,11.431076913046748,0.0,189.94527217513604,0.0,125.58955181166189,0.0,10.287956359734222,0.0,9.810414418251796,0.0,7.326592499448397,0.0
Werft,231.2980392156863,0.0,13.53092858789063,0.0,255.09199137179309,0.0,142.0,0.0,93.87297098104042,0.0,10.271687684261838,0.0,11.916375287812984,0.0,7.9968838173945285,0.0,912.4036675462037,0.0,245.01444219256473,0.0,174.2296517283873,0.0,6.548676235737325,0.0,10.999081103444942,0.0,302.52053572637516,0.0,227.4129180903293,0.0,10.271687684227228,0.0,9.409250656030972,0.0,7.072293958556061,0.0
Werke,249.3176470588235,0.0,13.956467717773263,0.0,247.54696514431075,0.0,148.0,0.0,97.57234276334788,0.0,10.169051759189431,0.0,12.165525060596439,0.0,8.11650665065574,0.0,893.9755040203046,0.0,130.3490695390893,0.0,91.40702188858972,0.0,3.4601285959314545,0.0,9.153666025715156,0.0,408.5987598458526,0.0,228.18298893414502,0.0,10.16905175916517,0.0,9.695982916196936,0.0,7.2600953073240255,0.0
Wernt,232.10588235294117,0.0,13.465548048142415,0.0,241.74567685259387,0.0,140.0,0.0,89.97080637018695,0.0,9.846642689876713,0.0,11.832159566199232,0.0,7.693620141187145,0.0,888.7754131634764,0.0,114.27692026590074,0.0,75.64658391563573,0.0,6.48207392091672,0.0,8.775487296185727,0.0,336.2323145016959,0.0,228.1549644714584,0.0,9.846642689861218,0.0,9.068718941226365,0.0,6.7650389918144755,0.0
Werte,234.1058823529412,0.0,13.541703424668414,0.0,238.4101130359888,0.0,131.0,0.0,85.38677422228706,0.0,9.742475851245132,0.0,11.445523142259598,0.0,7.544986045152415,0.0,892.3714420262362,0.0,117.27993057787373,0.0,79.2724680109008,0.0,5.323756558720579,0.0,8.198399301488617,0.0,191.03581360089606,0.0,129.83746484555436,0.0,9.742475851209466,0.0,9.164548870411869,0.0,6.659659384792334,0.0
Wespe,267.5882352941176,0.0,14.310504606728326,0.0,237.57603917788896,0.0,138.0,0.0,91.48702745314004,0.0,9.857828524870024,0.0,11.74734012447073,0.0,7.8914285815915886,0.0,7569.251929781694,0.0,338.45662391150074,0.0,222.06066497426235,0.0,2.6691303980009846,0.0,11.843951301116196,0.0,189.4120323943909,0.0,123.04691970614493,0.0,9.857828524837217,0.0,9.688598299485184,0.0,7.040987278469988,0.0
Weste,242.88235294117646,0.0,13.69140361219303,0.0,229.1116494291492,0.0,125.0,0.0,81.04905875333745,0.0,9.448060915026126,0.0,11.180339887498949,0.0,7.324027704769634,0.0,891.1930583290058,0.0,109.6564443789189,0.0,74.60825304747546,0.0,4.841989646390863,0.0,8.832518795158919,0.0,188.91197761297343,0.0,128.27808798587228,0.0,9.448060914988321,0.0,8.987138830955905,0.0,6.445892252874386,0.0
Wette,233.54509803921567,0.0,13.505557828990366,0.0,237.57554135518905,0.0,131.0,0.0,86.04287322529186,0.0,9.747879715928617,0.0,11.445523142259598,0.0,7.601678904492885,0.0,892.4075393342531,0.0,122.27474229404314,0.0,85.00892042906312,0.0,5.3978949268064875,0.0,8.702315857311689,0.0,195.68072916674154,0.0,131.80175211750043,0.0,9.74787971589336,0.0,9.243508695647037,0.0,6.706408310939532,0.0
Weuns,246.85490196078433,0.0,13.733575209793711,0.0,225.87674028719178,0.0,128.0,0.0,80.53382521671742,0.0,9.297571566776753,0.0,11.313708498984761,0.0,7.189997968738395,0.0,886.6388294535898,0.0,98.55944897317623,0.0,64.45377851317026,0.0,4.030740778039911,0.0,9.369756897580805,0.0,246.90134521398952,0.0,141.3745382032695,0.0,9.297571566743565,0.0,8.629632985133513,0.0,6.300667880738335,0.0
Whhgp,289.25098039215686,0.0,14.846020389816271,0.0,268.78996687481214,0.0,163.0,0.0,112.43575252488421,0.0,10.981465550058443,0.0,12.767145334803704,0.0,8.959309855503932,0.0,26919.63287111307,0.0,1097.399496049157,0.0,704.0876510717626,0.0,2.3713942269767565,0.0,18.95594190134626,0.0,370.3496353624434,0.0,196.61746768218865,0.0,10.981465550045849,0.0,10.41457365564243,0.0,8.019786525539997,0.0
Whlzz,240.5843137254902,0.0,13.816135973045519,0.0,257.5191270284795,0.0,132.0,0.0,88.13907557240181,0.0,10.295878881078549,0.0,11.489125293076057,0.0,7.789991792810969,0.0,893.6462074074632,0.0,221.75914936842284,0.0,161.60360650529086,0.0,5.075127415666145,0.0,17.577343364816496,0.0,392.06751042659556,0.0,224.7776243229444,0.0,10.295878881074428,0.0,8.968364152855111,0.0,6.796633621219134,0.0
Wichs,234.7529411764706,0.0,13.35574471734981,0.0,233.85889264145658,0.0,116.0,0.0,75.19965039024021,0.0,9.506525879540778,0.0,10.770329614269007,0.0,7.08065963751253,0.0,888.0418181292705,0.0,108.95387540791549,0.0,73.83140290552748,0.0,3.1790114196631634,0.0,9.936463346483698,0.0,378.2982705728991,0.0,181.77343356657838,0.0,9.506525879514706,0.0,8.102938826698454,0.0,6.103634620967402,0.0
Wicht,225.41568627450982,0.0,13.165161463318555,0.0,243.98847340671105,0.0,131.0,0.0,85.26668070505127,0.0,9.882355293159508,0.0,11.445523142259598,0.0,7.554652593307378,0.0,888.9257118796766,0.0,116.72904746805798,0.0,79.28693167317705,0.0,4.633002082958407,0.0,9.876153107783221,0.0,442.24919917289185,0.0,255.03141171156682,0.0,9.882355293127656,0.0,8.558088909728875,0.0,6.556048073746763,0.0
Wiese,240.86666666666662,0.0,13.691312629638231,0.0,232.55099308069546,0.0,123.0,0.0,80.580303337086,0.0,9.566835379724933,0.0,11.090536506409418,0.0,7.348399897394817,0.0,892.4297778228758,0.0,104.3918913364419,0.0,70.0027149240265,0.0,2.725366737142792,0.0,9.118385257881148,0.0,234.17869951348285,0.0,136.28974357730013,0.0,9.566835379701674,0.0,8.856518343803293,0.0,6.464897233699018,0.0
Wilfi,214.30588235294118,0.0,13.151211784304024,0.0,272.4147710798499,0.0,138.0,0.0,93.61662684625088,0.0,10.735743137894831,0.0,11.74734012447073,0.0,8.118010987614046,0.0,926.7131779953555,0.0,258.76461665487244,0.0,184.1887552561078,0.0,6.045859656538545,0.0,12.197738842989752,0.0,239.93691254575313,0.0,179.5464750915355,0.0,10.73574313787891,0.0,8.827977130038814,0.0,7.095751265597785,0.0
Wille,217.84705882352938,0.0,13.166933406551596,0.0,256.2524349847337,0.0,127.0,0.0,85.63456304179441,0.0,10.276859212166908,0.0,11.269427669584644,0.0,7.71462933279247,0.0,895.608252911119,0.0,127.3247791188836,0.0,91.01931033192717,0.0,5.011224673755334,0.0,8.643697967410807,0.0,336.4527878165789,0.0,324.0104112971935,0.0,10.27685921215253,0.0,8.583682437430364,0.0,6.747477648287661,0.0
Winde,250.9098039215686,0.0,13.988522784910494,0.0,244.39040260465976,0.0,135.0,0.0,88.63176967331071,0.0,9.979437614209935,0.0,11.61895003862225,0.0,7.723062907273812,0.0,939.6708935214788,0.0,127.16363603306694,0.0,87.56081924523947,0.0,2.7290966662617224,0.0,9.093012702602625,0.0,285.15078254612894,0.0,157.0982059022166,0.0,9.979437614203809,0.0,9.135525209070742,0.0,6.733158582911535,0.0
Wirin,216.95686274509802,0.0,13.116683923726317,0.0,252.6673934230179,0.0,127.0,0.0,83.05679930240066,0.0,10.083488982689975,0.0,11.269427669584644,0.0,7.47383023518705,0.0,909.8612618310801,0.0,119.43895823413594,0.0,79.06038555894011,0.0,5.201082747008737,0.0,9.193294515294257,0.0,609.5373258293624,0.0,341.02818235107196,0.0,10.083488982686415,0.0,8.346257938731565,0.0,6.471741634844179,0.0
Wisch,234.75294117647059,0.0,13.35574471734981,0.0,236.17926314681154,0.0,117.0,0.0,76.50577436537071,0.0,9.617658533747749,0.0,10.816653826391969,0.0,7.17330026149573,0.0,890.4353378267022,0.0,117.39320349997487,0.0,81.87525422789356,0.0,3.5481539418561883,0.0,10.297586665889922,0.0,620.8114427459623,0.0,227.10635909870712,0.0,9.617658533725377,0.0,8.221874265189943,0.0,6.20586474106231,0.0
Witin,216.3960784313726,0.0,13.079363814248273,0.0,251.83282174221816,0.0,127.0,0.0,83.71289830540545,0.0,10.088710190512371,0.0,11.269427669584644,0.0,7.531058765529823,0.0,909.8966652853926,0.0,124.34707568246006,0.0,84.81118400720369,0.0,5.300962780416346,0.0,9.650778983649051,0.0,611.0559929656822,0.0,341.69466840963236,0.0,10.088710190509312,0.0,8.432883171738869,0.0,6.519838119133321,0.0
Witwe,235.20000000000002,0.0,13.42668703159374,0.0,255.75525696992293,0.0,145.0,0.0,94.98824393312361,0.0,10.30062004025517,0.0,12.041594578792296,0.0,7.987418321692996,0.0,953.6616439700799,0.0,190.62646562252812,0.0,124.01632300597508,0.0,3.3466685533555482,0.0,17.809824236415846,0.0,426.60582203065536,0.0,189.0981916454504,0.0,10.300620040234946,0.0,9.300645257951224,0.0,7.027078511267732,0.0
Witze,228.1921568627451,0.0,13.451104441204702,0.0,244.14889218250985,0.0,125.0,0.0,81.99686944032771,0.0,9.84969790085683,0.0,11.180339887498949,0.0,7.425506585701337,0.0,894.9357484315516,0.0,151.65757646827257,0.0,105.48556821548965,0.0,3.634060736300289,0.0,11.082249494718512,0.0,310.3414516313873,0.0,185.62356867546598,0.0,9.849697900833029,0.0,8.873135155449585,0.0,6.46585439268767,0.0
Witzi,215.05882352941177,0.0,13.101950807257147,0.0,256.79319246354834,0.0,130.0,0.0,85.71170423284352,0.0,10.20007324843803,0.0,11.40175425099138,0.0,7.635552001567089,0.0,905.6316164771032,0.0,172.34599010469088,0.0,118.92845293129386,0.0,6.124270988194741,0.0,12.062603020495416,0.0,312.0979358165727,0.0,205.97203986600002,0.0,10.20007324843576,0.0,8.552588743113079,0.0,6.593416294114303,0.0
Wkrfc,236.5176470588235,0.0,13.54204695588812,0.0,265.47152070796676,0.0,145.0,0.0,98.94775156379521,0.0,10.682410695874285,0.0,12.041594578792296,0.0,8.356473979207484,0.0,920.3667694863899,0.0,310.7394594198388,0.0,231.2379276070544,0.0,6.521815672301617,0.0,23.752334195735155,0.0,228.4773222644767,0.0,147.65768641718623,0.0,10.682410695836305,0.0,9.34408660286575,0.0,7.4396495280112465,0.0
Wnbnn,259.443137254902,0.0,14.115147926947685,0.0,245.62029194439674,0.0,151.0,0.0,97.80784421713038,0.0,10.09695084313347,0.0,12.288205727444508,0.0,8.054479998739069,0.0,883.1460299448713,0.0,149.6932140926928,0.0,100.35492626522795,0.0,3.9089248971200976,0.0,13.342493455529121,0.0,465.2363036385939,0.0,157.42535196518295,0.0,10.09695084311523,0.0,9.418432116045528,0.0,7.0480789487204705,0.0
Wngst,253.0078431372549,0.0,13.8831244939022,0.0,245.30656375451127,0.0,138.0,0.0,91.64100962979168,0.0,10.05373426793653,0.0,11.74734012447073,0.0,7.913675072329481,0.0,935.1399562264778,0.0,172.21634526923432,0.0,128.24750255367587,0.0,5.39857430304641,0.0,12.343088329876638,0.0,311.27336554466063,0.0,217.4209199162868,0.0,10.053734267929757,0.0,9.054998161254684,0.0,6.92935203090681,0.0
Wnstr,230.32549019607842,0.0,13.308148648616443,0.0,244.15698693080387,0.0,132.0,0.0,86.16475393682198,0.0,9.920402636276874,0.0,11.489125293076057,0.0,7.603002857037059,0.0,880.0390163315749,0.0,128.81393982198577,0.0,88.23073141791214,0.0,7.113881013211371,0.0,12.637226197203422,0.0,223.24843928854935,0.0,181.4107915988303,0.0,9.920402636265239,0.0,8.612386523049539,0.0,6.600086219385527,0.0
Woche,241.55686274509804,0.0,13.496939149212292,0.0,226.4305675016792,0.0,122.0,0.0,78.65019451261142,0.0,9.358275853915673,0.0,11.045361017187261,0.0,7.203980488643452,0.0,879.9471355909428,0.0,103.83764931076816,0.0,70.82328739657981,0.0,3.09395678171756,0.0,9.816697047515175,0.0,356.3954321805162,0.0,169.19241786844526,0.0,9.358275853884086,0.0,8.59490975516788,0.0,6.272972793029035,0.0
Wogon,249.68627450980392,0.0,13.668807326653615,0.0,235.85203651059672,0.0,127.0,0.0,84.02194523410347,0.0,9.736435788022664,0.0,11.269427669584644,0.0,7.558421993116486,0.0,933.7653539698365,0.0,164.77314802112537,0.0,123.29863773122122,0.0,3.8327543070674466,0.0,10.34830181899768,0.0,427.47656959414593,0.0,123.38920912247602,0.0,9.736435788002613,0.0,8.73582924218426,0.0,6.6226776496313695,0.0
Wohbo,253.10196078431375,0.0,13.713064964159722,0.0,236.52772661866516,0.0,124.0,0.0,82.03155153841783,0.0,9.730822184433148,0.0,11.135528725660043,0.0,7.463855104547519,0.0,885.516757199549,0.0,164.97345761538244,0.0,112.8736889797516,0.0,3.4607820929241657,0.0,12.112435564054046,0.0,349.7636760210146,0.0,181.31629999290192,0.0,9.730822184405266,0.0,8.704074089422797,0.0,6.504040757225002,0.0
Wohrt,229.87450980392157,0.0,13.255642165200507,0.0,243.77814709526885,0.0,128.0,0.0,84.09588810327946,0.0,9.909748032647983,0.0,11.313708498984761,0.0,7.535838252151597,0.0,879.7602792425463,0.0,123.13612252974487,0.0,84.98078725961146,0.0,6.569933612984521,0.0,10.051175037354595,0.0,401.1774577144326,0.0,247.5158303101934,0.0,9.909748032625313,0.0,8.484761799910517,0.0,6.516177098040351,0.0
Wolke,239.36470588235292,0.0,13.573176161499973,0.0,248.1558255244811,0.0,136.0,0.0,91.33993947296668,0.0,10.17398186779634,0.0,11.661903789690601,0.0,7.935152795516729,0.0,883.8059417021443,0.0,131.11347602299634,0.0,94.82037567054316,0.0,3.3672241426129808,0.0,9.584496562319849,0.0,414.0102565370607,0.0,228.5494327567734,0.0,10.173981867775401,0.0,9.01733599422533,0.0,7.030653484864701,0.0
Wolle,222.87058823529412,0.0,13.150871491727314,0.0,245.43867250879381,0.0,121.0,0.0,81.19570776403657,0.0,9.962948293849468,0.0,11.0,0.0,7.48852772400013,0.0,884.0839427289377,0.0,121.56421999787652,0.0,87.69679582333565,0.0,5.150874897408544,0.0,8.564810413170482,0.0,313.8094700282339,0.0,316.9788123734148,0.0,9.96294829382901,0.0,8.375742487342901,0.0,6.537581980775913,0.0
Worbt,235.65882352941176,0.0,13.347444090338552,0.0,244.90381277114983,0.0,133.0,0.0,87.25653662263497,0.0,9.95440538803024,0.0,11.532562594670797,0.0,7.668133306055926,0.0,886.7001339833201,0.0,170.0587351809755,0.0,114.81806625912603,0.0,4.42099427973027,0.0,10.649071579140688,0.0,345.94239603557963,0.0,235.77551311882956,0.0,9.954405388010695,0.0,8.835607426486975,0.0,6.698704598985694,0.0
Worfo,226.19607843137254,0.0,13.151692388716667,0.0,244.45593108233223,0.0,119.0,0.0,79.08718970446512,0.0,9.870389164225003,0.0,10.908712114635714,0.0,7.365148418326785,0.0,900.8792516560254,0.0,241.22960059901257,0.0,171.90697408000804,0.0,5.121508405769717,0.0,11.822234457605294,0.0,286.29098743192606,0.0,163.3300164886227,0.0,9.870389164169831,0.0,8.42483294553468,0.0,6.414117465034246,0.0
Worte,225.99607843137252,0.0,13.178919590339243,0.0,235.06874326764915,0.0,120.0,0.0,78.36431010790659,0.0,9.591707194275614,0.0,10.954451150103322,0.0,7.238771081178205,0.0,881.2298621232811,0.0,115.44400888981842,0.0,78.1287311419776,0.0,4.828039979488491,0.0,8.319295134507799,0.0,203.8790654568877,0.0,129.7414286322526,0.0,9.591707194240987,0.0,8.493186522264034,0.0,6.306365677843165,0.0
Wotan,233.2392156862745,0.0,13.243565171600908,0.0,234.4518372735291,0.0,121.0,0.0,78.1480706670662,0.0,9.547218156498614,0.0,11.0,0.0,7.187372016231956,0.0,879.3817946152935,0.0,115.37897345882637,0.0,78.22793875814297,0.0,3.7789527370470255,0.0,9.361522281285149,0.0,424.70402146577516,0.0,128.37335205695197,0.0,9.54721815647549,0.0,8.333639111390651,0.0,6.180247961523542,0.0
Wprms,267.75686274509803,0.0,14.21144872608952,0.0,267.7940342266604,0.0,155.0,0.0,104.55989071657842,0.0,10.775629815059254,0.0,12.449899597988733,0.0,8.53415378540215,0.0,12748.220077927073,0.0,561.8323371008454,0.0,369.0477060498973,0.0,4.106125393888334,0.0,14.327963699512917,0.0,225.23127552975254,0.0,146.0296283604964,0.0,10.775629815033984,0.0,9.69482167378764,0.0,7.58422747958995,0.0
Wprst,245.91372549019604,0.0,13.683236923433235,0.0,253.2866594854931,0.0,140.0,0.0,93.4658980651329,0.0,10.270121263515245,0.0,11.832159566199232,0.0,8.028379489024593,0.0,12746.001720315318,0.0,548.5245093360635,0.0,360.0494183524823,0.0,7.625387927990475,0.0,13.616437696928068,0.0,298.53656033647223,0.0,216.94979603574615,0.0,10.270121263500807,0.0,9.2148832967544,0.0,7.080770416027854,0.0
Wrack,238.01176470588234,0.0,13.384790555842109,0.0,252.23321157734722,0.0,140.0,0.0,92.60253338840705,0.0,10.216283286389103,0.0,11.832159566199232,0.0,7.932896839297451,0.0,885.3444848599526,0.0,158.98946479899328,0.0,112.28929422370798,0.0,3.7144709101231994,0.0,11.271235940083276,0.0,1082.218759975829,0.0,252.8394245023244,0.0,10.216283286311048,0.0,9.012666419134845,0.0,6.992618176779002,0.0
Wrllr,209.86666666666667,0.0,12.886322246399951,0.0,270.5156870844178,0.0,143.0,0.0,95.94857415911488,0.0,10.714430548297857,0.0,11.958260743101398,0.0,8.162954693410386,0.0,885.9807478845646,0.0,151.244824361475,0.0,106.08485798932837,0.0,7.109425924653738,0.0,10.817856826422695,0.0,360.89746195902916,0.0,343.3741273451893,0.0,10.714430548314738,0.0,8.797197180887437,0.0,7.153227526014788,0.0
Wtstv,222.6235294117647,0.0,13.033249998996114,0.0,253.7922475723041,0.0,145.0,0.0,96.18739974029027,0.0,10.285634828891427,0.0,12.041594578792296,0.0,8.103895579940465,0.0,1140.0593989148254,0.0,186.7862801509588,0.0,135.33116235148665,0.0,6.165827159814349,0.0,32.54307414505227,0.0,214.86213252288752,0.0,131.28291731348983,0.0,10.285634828887162,0.0,8.90874413779707,0.0,7.159581851754807,0.0
Wuchs,242.74117647058824,0.0,13.475596865461307,0.0,228.24951338100917,0.0,121.0,0.0,77.1413260333736,0.0,9.362598751983786,0.0,11.0,0.0,7.106369933458554,0.0,876.660487500948,0.0,106.42573653048754,0.0,71.68015907985158,0.0,3.221005401213795,0.0,10.16359553279526,0.0,355.3864110674904,0.0,170.91487179256333,0.0,9.362598751956185,0.0,8.271190499653343,0.0,6.158880311305914,0.0
Wucht,233.40392156862748,0.0,13.286732867061838,0.0,238.37909414626367,0.0,136.0,0.0,87.20835634818465,0.0,9.743981077183365,0.0,11.661903789690601,0.0,7.57875507813985,0.0,877.5558448553853,0.0,114.37290305161146,0.0,77.28768779606196,0.0,5.121849178151502,0.0,10.116363291698333,0.0,422.7985524047844,0.0,247.42894961707916,0.0,9.74398107716149,0.0,8.71756046375734,0.0,6.607512198098256,0.0
Wulti,213.98431372549018,0.0,12.930323434824865,0.0,256.8676569126901,0.0,135.0,0.0,89.24973664531288,0.0,10.280019079052277,0.0,11.61895003862225,0.0,7.809065335369665,0.0,893.2699629878153,0.0,146.78826863904078,0.0,101.08072020678176,0.0,7.903965756167539,0.0,10.411130317639751,0.0,199.8634731551451,0.0,159.83377917917457,0.0,10.280019079055888,0.0,8.48439644679249,0.0,6.79734953021041,0.0
Wunde,258.89803921568625,0.0,14.102998391454681,0.0,238.78102334421234,0.0,140.0,0.0,90.5734453164441,0.0,9.842428368455511,0.0,11.832159566199232,0.0,7.746641427003917,0.0,928.9223475245461,0.0,125.00432296046205,0.0,85.75468627201663,0.0,2.443698440388471,0.0,9.425583140934897,0.0,254.00786287058668,0.0,144.2987825272887,0.0,9.842428368446178,0.0,9.28508457139366,0.0,6.78327911893324,0.0
Wurst,227.18039215686275,0.0,13.157061451992941,0.0,237.97939813127516,0.0,126.0,0.0,80.64500894947025,0.0,9.645655067938547,0.0,11.224972160321824,0.0,7.278527075673816,0.0,877.8104616907999,0.0,113.7853814790562,0.0,74.98206862795013,0.0,5.821955092774627,0.0,9.119213723502211,0.0,304.7916384733396,0.0,217.18503607452496,0.0,9.645655067922235,0.0,8.312721912141022,0.0,6.298808214415202,0.0
Wvnkt,237.6156862745098,0.0,13.543569744724586,0.0,264.1046642531444,0.0,168.0,0.0,112.08249305504965,0.0,10.772393203204578,0.0,12.96148139681572,0.0,8.767315107025043,0.0,938.940148406872,0.0,245.39998522998664,0.0,182.86464176262714,0.0,4.707579641406365,0.0,23.47033491278706,0.0,511.8775174259276,0.0,294.3086861422041,0.0,10.772393203186924,0.0,9.653451683142997,0.0,7.843731237112485,0.0
Wärkt,243.58039215686276,0.0,13.642332402187687,0.0,256.4676363950504,0.0,145.0,0.0,96.27179310661361,0.0,10.370745425194333,0.0,12.041594578792296,0.0,8.104657622216829,0.0,881.6719935878932,0.0,144.85152662355955,0.0,102.67377173547784,0.0,5.98925193706147,0.0,11.901460490368954,0.0,470.1463340704287,0.0,293.34440629105654,0.0,10.370745425173936,0.0,9.15633440937536,0.0,7.179767779908022,0.0
Wölfe,239.15686274509807,0.0,13.659792909479744,0.0,253.96598607500226,0.0,134.0,0.0,90.42088506612902,0.0,10.281453495557141,0.0,11.575836902790225,0.0,7.934301620808346,0.0,908.5428384627539,0.0,281.22107294171957,0.0,189.9378452622062,0.0,4.1947652492369,0.0,15.168841982965493,0.0,206.86220683450776,0.0,151.00339613704867,0.0,10.281453495507472,0.0,9.319193586007987,0.0,7.030044213557332,0.0
Würfe,243.9686274509804,0.0,13.826498916207687,0.0,255.18784653886345,0.0,145.0,0.0,95.56009184342905,0.0,10.310188926561825,0.0,12.041594578792296,0.0,8.058111153657247,0.0,905.342880090854,0.0,248.54726039426612,0.0,176.74937447630901,0.0,4.223078505626806,0.0,13.189060800564384,0.0,210.11614928540263,0.0,158.79211512233286,0.0,10.310188926515465,0.0,9.635661573118416,0.0,7.163770610695431,0.0
Wüten,244.2156862745098,0.0,13.726958464884168,0.0,241.91693920029763,0.0,140.0,0.0,91.27363537456847,0.0,9.938670158170783,0.0,11.832159566199232,0.0,7.802875087852567,0.0,879.0786217756125,0.0,126.20742724575337,0.0,86.97255474952708,0.0,4.182158491219488,0.0,11.57627389005297,0.0,426.74567924439157,0.0,144.32885075365456,0.0,9.938670158148511,0.0,9.299491924168224,0.0,6.890447790901989,0.0
Xbllm,237.5686274509804,0.0,13.576847787603382,0.0,281.64850099753596,0.0,158.0,0.0,108.44327142945878,0.0,11.16885652602145,0.0,12.569805089976535,0.0,8.774695592295316,0.0,967.4788855133027,0.0,351.76808766480434,0.0,244.16730384455875,0.0,3.6077074443936086,0.0,41.92581428288597,0.0,335.03802273602906,0.0,333.98011714869335,0.0,11.168856526004829,0.0,9.61887221955456,0.0,7.71884750466663,0.0
Xdgzr,250.47450980392153,0.0,14.012463831798001,0.0,259.65336313790294,0.0,147.0,0.0,98.34586610081193,0.0,10.468439545927344,0.0,12.12435565298214,0.0,8.26289387338807,0.0,1215.9016772240295,0.0,365.9438176569204,0.0,272.64849345191385,0.0,4.370073465784889,0.0,42.399650875869106,0.0,292.83096708130154,0.0,203.0065156292505,0.0,10.468439545903015,0.0,9.741086684477198,0.0,7.234568321831398,0.0
Xnprt,231.8941176470588,0.0,13.45897150154042,0.0,254.64420363216223,0.0,141.0,0.0,94.253495692646,0.0,10.318439031514034,0.0,11.874342087037917,0.0,8.073343139227404,0.0,8151.774622663091,0.0,369.14083897718035,0.0,246.19388412185035,0.0,4.8925811238805705,0.0,40.67143526228569,0.0,384.95558568461513,0.0,231.9317018336318,0.0,10.318439031486403,0.0,9.293302822256722,0.0,7.019626887508288,0.0
Zahan,234.39607843137256,0.0,13.384379218858163,0.0,220.16449098708634,0.0,92.0,0.0,57.94024183816417,0.0,8.836935099336355,0.0,9.591663046625438,0.0,6.1166375542574665,0.0,852.4989620759437,0.0,94.47699577900985,0.0,64.63322071519562,0.0,1.9355283261662894,0.0,12.120951251476134,0.0,475.0076311033021,0.0,149.48059517416993,0.0,8.836935099313692,0.0,7.326467760652735,0.0,5.059856284077243,0.0
Zahga,248.52156862745096,0.0,13.73104929439501,0.0,228.25773555463647,0.0,97.0,0.0,64.10982767883394,0.0,9.217301912579739,0.0,9.848857801796104,0.0,6.619881567108283,0.0,948.2894084041176,0.0,163.11965836802233,0.0,123.94208171004416,0.0,3.180825496866923,0.0,13.046066298419552,0.0,304.52730818803025,0.0,146.6721085174236,0.0,9.21730191253932,0.0,7.815677942168187,0.0,5.604957579897879,0.0
Zahmt,237.31764705882352,0.0,13.487830389927469,0.0,242.29005245496188,0.0,116.0,0.0,75.87377116893839,0.0,9.714629879134163,0.0,10.770329614269007,0.0,7.148589380113021,0.0,884.1711706429352,0.0,159.3711697348818,0.0,108.34092928768189,0.0,2.702504400918568,0.0,12.933322451297698,0.0,395.127641414456,0.0,243.5079090261051,0.0,9.714629879127944,0.0,8.072154374887774,0.0,6.111562399120195,0.0
Zanga,242.64313725490194,0.0,13.581488860837286,0.0,223.4476020010086,0.0,95.0,0.0,61.66610918083306,0.0,9.019648882589818,0.0,9.746794344808963,0.0,6.423986235563449,0.0,947.6395155652509,0.0,159.12804004391637,0.0,120.36846125816211,0.0,3.0682806439111086,0.0,11.988489432048977,0.0,287.3296540401851,0.0,138.7895020533829,0.0,9.019648882545079,0.0,7.628671691685915,0.0,5.3924274177164095,0.0
Zarig,222.26666666666665,0.0,13.171091338944679,0.0,237.3516253479223,0.0,98.0,0.0,65.0490903397019,0.0,9.463344815103007,0.0,9.899494936611665,0.0,6.69566692866442,0.0,1161.8000419185398,0.0,240.83663620493402,0.0,184.57009472885073,0.0,3.4415740974317357,0.0,13.242837204404465,0.0,538.8458609371472,0.0,339.05124780457453,0.0,9.463344815085438,0.0,7.6030582892688585,0.0,5.717114638154173,0.0
Zatat,210.28235294117644,0.0,12.674108176513766,0.0,222.65184591253495,0.0,88.0,0.0,55.860944135330215,0.0,8.851026182736046,0.0,9.38083151964686,0.0,6.03574166466,0.0,853.7356634433369,0.0,106.12983130689777,0.0,73.51407603893738,0.0,2.5762686370925505,0.0,11.954251104045868,0.0,355.0261213320908,0.0,229.50177535932272,0.0,8.85102618274728,0.0,7.07657760614744,0.0,4.969549448826339,0.0
Zauga,239.49803921568628,0.0,13.433476291522396,0.0,223.59977538585227,0.0,97.0,0.0,62.201544762197756,0.0,8.998184294208334,0.0,9.848857801796104,0.0,6.416973605062638,0.0,947.6238842074221,0.0,159.0853070611382,0.0,120.19835868475124,0.0,3.1454293962970103,0.0,12.582003493495076,0.0,275.494675779412,0.0,138.79453875425065,0.0,8.998184294165313,0.0,7.583046608482906,0.0,5.417572945984275,0.0
Zbgtn,243.8156862745098,0.0,13.737205644373299,0.0,245.4829560517582,0.0,126.0,0.0,84.88895422136912,0.0,9.986223168040658,0.0,11.224972160321824,0.0,7.682573870174227,0.0,939.9024110319172,0.0,312.2790436277127,0.0,219.1380540193003,0.0,3.4061818209145263,0.0,18.599130049297575,0.0,471.40044180961155,0.0,161.80208286119756,0.0,9.986223168023825,0.0,9.087200435657234,0.0,6.722323862145471,0.0
Zcchc,209.04705882352943,0.0,12.527483358303844,0.0,212.48743915575275,0.0,85.0,0.0,53.4722860698733,0.0,8.569584864143714,0.0,9.219544457292887,0.0,5.881237810048582,0.0,852.1603359494655,0.0,96.57075700210979,0.0,66.7518599607412,0.0,2.1716706244601705,0.0,23.34714362265182,0.0,399.5816568622889,0.0,182.9659152841279,0.0,8.569584864123561,0.0,7.075752937568559,0.0,4.888663183693218,0.0
Zckhr,222.5686274509804,0.0,13.152643606254262,0.0,242.5656874893698,0.0,124.0,0.0,81.30373394022354,0.0,9.824063321685244,0.0,11.135528725660043,0.0,7.4268284436110585,0.0,858.1296690922359,0.0,151.37953624576326,0.0,112.03455097904484,0.0,2.666461966833921,0.0,18.134972031352536,0.0,421.8590951244765,0.0,221.41657284968767,0.0,9.824063321674586,0.0,8.465526146877359,0.0,6.4686996726696355,0.0
Zebre,234.25098039215686,0.0,13.579464107396138,0.0,229.2689273864569,0.0,114.0,0.0,73.74127473927743,0.0,9.331897060657855,0.0,10.677078252031311,0.0,6.993589142353422,0.0,873.3343728523453,0.0,144.13222704772426,0.0,98.4506143774867,0.0,2.357387182964319,0.0,12.711347442351466,0.0,363.4602577456874,0.0,186.62504825625487,0.0,9.33189706063116,0.0,8.857813880146153,0.0,6.064050796963843,0.0
Zefet,221.21960784313728,0.0,13.36645655016393,0.0,231.27105474159845,0.0,108.0,0.0,71.4227286839286,0.0,9.385154679415688,0.0,10.392304845413264,0.0,6.9703655950768,0.0,905.6975782510518,0.0,292.3573219382835,0.0,213.5209859037659,0.0,2.7061607347142416,0.0,14.739932551943763,0.0,355.7007392734419,0.0,228.268567811399,0.0,9.385154679430007,0.0,8.698877950449486,0.0,6.125342560958779,0.0
Zehen,237.02352941176468,0.0,13.718376307704936,0.0,220.2093436245474,0.0,107.0,0.0,68.84442338686786,0.0,9.049662491596191,0.0,10.344080432788601,0.0,6.723358376783743,0.0,861.9301486712645,0.0,91.68881853913803,0.0,64.09248150157012,0.0,1.8800962692895724,0.0,11.826568180801846,0.0,478.0541318754652,0.0,145.55690726375457,0.0,9.0496624915726,0.0,8.452961532530352,0.0,5.825013753166074,0.0
Zehnt,225.90588235294118,0.0,13.376294110734499,0.0,226.04350819220622,0.0,113.0,0.0,72.06244516256176,0.0,9.203448953787147,0.0,10.63014581273465,0.0,6.8622280696375615,0.0,861.7818932770977,0.0,99.43644616682981,0.0,69.06143213610969,0.0,2.998344275199335,0.0,12.146228472501452,0.0,409.82752998111386,0.0,241.68569214329406,0.0,9.203448953783973,0.0,8.295843237710406,0.0,5.915106599941676,0.0
Zeile,209.61176470588236,0.0,13.030822597306585,0.0,230.0645096149429,0.0,96.0,0.0,63.18706875838606,0.0,9.246550401776712,0.0,9.797958971132712,0.0,6.537664205153647,0.0,882.8534057798817,0.0,105.73522953354384,0.0,75.86165349500756,0.0,2.7770122650007907,0.0,11.43310486973182,0.0,366.40065325946347,0.0,326.93975912089064,0.0,9.24655040176205,0.0,7.91593231127794,0.0,5.616799476803323,0.0
Zelle,210.34509803921569,0.0,13.03550529547447,0.0,234.15926924810913,0.0,102.0,0.0,67.77147859281413,0.0,9.442230527050082,0.0,10.099504938362077,0.0,6.812990664934489,0.0,868.9489797779952,0.0,111.01420078585889,0.0,82.07685257835794,0.0,2.7682869955746123,0.0,11.38159054556957,0.0,362.4695570718181,0.0,323.57915139257346,0.0,9.442230527035669,0.0,8.07420314890736,0.0,5.900677923161012,0.0
Zeugs,240.34509803921569,0.0,13.61236066732482,0.0,220.40059393163727,0.0,103.0,0.0,66.43458841887283,0.0,9.00092072920074,0.0,10.14889156509222,0.0,6.644733735613818,0.0,955.1253353746775,0.0,158.52627171198452,0.0,120.02046934304225,0.0,2.8396139535420386,0.0,12.47888575613342,0.0,282.1143479342842,0.0,140.50197873721788,0.0,9.00092072916948,0.0,8.138146058687212,0.0,5.75559323531676,0.0
Zfllm,218.2627450980392,0.0,13.232474935770624,0.0,277.3848255865761,0.0,137.0,0.0,94.51623755105831,0.0,10.895826845277611,0.0,11.704699910719626,0.0,8.239075347961691,0.0,1304.0878456202538,0.0,682.4851535021152,0.0,544.5006316340084,0.0,3.649968409229059,0.0,23.88269412358731,0.0,400.0747373027517,0.0,350.3977314487737,0.0,10.895826845266518,0.0,8.851292607272011,0.0,7.245257064395273,0.0
Zicke,216.1137254901961,0.0,13.037782613273345,0.0,230.75008058572408,0.0,107.0,0.0,70.06308957838964,0.0,9.365557539331922,0.0,10.344080432788601,0.0,6.865746712106675,0.0,867.089832371555,0.0,115.43204450452899,0.0,83.02329719681788,0.0,3.3675864210969033,0.0,12.193592615981443,0.0,473.0610378125415,0.0,245.4491720984892,0.0,9.365557539316828,0.0,8.061837212795488,0.0,5.946402208981203,0.0
Zidim,229.86666666666667,0.0,13.461622726413662,0.0,264.07987462643126,0.0,131.0,0.0,87.55948711303364,0.0,10.43067697548829,0.0,11.445523142259598,0.0,7.783678644987118,0.0,1018.9859933731559,0.0,233.63339781411526,0.0,162.2508325449252,0.0,3.968094976298915,0.0,14.29704167439782,0.0,530.232826550098,0.0,364.52951210247545,0.0,10.430676975473686,0.0,8.63564665028554,0.0,6.736084062831093,0.0
Zihlt,202.37254901960785,0.0,12.749974934201262,0.0,243.34417960492806,0.0,104.0,0.0,69.11377192485196,0.0,9.69926678128233,0.0,10.198039027185569,0.0,6.894627928095116,0.0,865.1885416992965,0.0,117.5692919941729,0.0,84.8091840445822,0.0,3.125056031582983,0.0,12.474289924349005,0.0,471.8239130200179,0.0,378.34244022680804,0.0,9.699266781255028,0.0,7.546245667479149,0.0,5.855968814361879,0.0
Zilti,185.3607843137255,0.0,12.298887650805487,0.0,247.85626314411323,0.0,100.0,0.0,66.86136771657661,0.0,9.766010494673424,0.0,10.0,0.0,6.813848791595731,0.0,878.4777050085572,0.0,138.60135513416344,0.0,96.93399312734937,0.0,3.5086296883434205,0.0,12.760366606991143,0.0,307.2639673403837,0.0,183.41271312875938,0.0,9.766010494679028,0.0,7.239817953051432,0.0,5.746626512307176,0.0
Zitat,198.4627450980392,0.0,12.485513327867677,0.0,232.88535769532973,0.0,96.0,0.0,61.94316803136009,0.0,9.240881492850122,0.0,9.797958971132712,0.0,6.415011511970281,0.0,865.2248488724589,0.0,112.76323650154109,0.0,77.74925592194921,0.0,2.33098232006754,0.0,12.139524415313332,0.0,385.17780690895296,0.0,238.9320348941969,0.0,9.240881492839717,0.0,7.382598347529494,0.0,5.3550071568456294,0.0
Zjgst,226.30588235294118,0.0,13.253818264087908,0.0,251.0407836657996,0.0,122.0,0.0,84.87762794502365,0.0,10.1678509174393,0.0,11.045361017187261,0.0,7.84919677032422,0.0,40383.37997972637,0.0,2917.5151287583762,0.0,2313.9809869830115,0.0,3.5663181623034452,0.0,33.20215247631221,0.0,368.5051816226755,0.0,231.30976864673255,0.0,10.16785091743896,0.0,8.421475532968756,0.0,6.894161332913599,0.0
Zlbqr,234.04313725490198,0.0,13.527869761514781,0.0,256.03999589647276,0.0,131.0,0.0,88.21679503689167,0.0,10.308487275170974,0.0,11.445523142259598,0.0,7.881782898740458,0.0,35623.760375193015,0.0,13706.510335606474,0.0,12197.653868778949,0.0,3.66881351001468,0.0,71.83306475456857,0.0,339.1993440050366,0.0,220.12562573655637,0.0,10.308487275162875,0.0,8.981526621741677,0.0,6.86347037544079,0.0
Zobel,224.2980392156863,0.0,13.18521768488954,0.0,232.99745257320805,0.0,111.0,0.0,73.24573111634874,0.0,9.485432938301201,0.0,10.535653752852738,0.0,7.063954602613359,0.0,862.8088315089252,0.0,160.76228490468404,0.0,115.36441155230453,0.0,3.2248228946831006,0.0,12.901619965350397,0.0,319.1039777769873,0.0,165.20625045057173,0.0,9.485432938282122,0.0,8.19816854754774,0.0,6.089338270244012,0.0
Zogig,238.1529411764706,0.0,13.562606053708453,0.0,242.27933900807966,0.0,113.0,0.0,77.19213202560385,0.0,9.828338720762304,0.0,10.63014581273465,0.0,7.39734682608953,0.0,1205.0672979063838,0.0,272.35803348175705,0.0,210.9673505599773,0.0,3.8405465421911154,0.0,14.125919939282138,0.0,544.3341329756903,0.0,338.5627041788623,0.0,9.828338720739474,0.0,8.47835602505341,0.0,6.465352876654292,0.0
Zokel,218.72941176470587,0.0,13.096422349423488,0.0,238.59792555876734,0.0,116.0,0.0,77.78346089365135,0.0,9.740944456526512,0.0,10.770329614269007,0.0,7.339272265987555,0.0,860.7144070462907,0.0,159.95647271169503,0.0,122.25163351118626,0.0,2.822269370014004,0.0,13.674742377697275,0.0,328.2069498033128,0.0,154.5655566747725,0.0,9.740944456508062,0.0,8.138643770299993,0.0,6.404636562115627,0.0
Zonen,223.03529411764703,0.0,13.20663331052592,0.0,212.0578403025799,0.0,94.0,0.0,59.37824077448653,0.0,8.681982136470022,0.0,9.695359714832659,0.0,6.174245492284379,0.0,849.6650574853677,0.0,81.81250943115307,0.0,55.269770013848,0.0,1.9901216397759913,0.0,11.279441841399521,0.0,472.59697817235354,0.0,137.53008545263188,0.0,8.681982136442079,0.0,7.530579662804527,0.0,5.197373774190798,0.0
Zoten,213.91764705882352,0.0,12.930711752282141,0.0,217.11479780677143,0.0,93.0,0.0,59.93972619751449,0.0,8.84985960738046,0.0,9.643650760992955,0.0,6.280816142904901,0.0,850.9924680879911,0.0,97.29719907495286,0.0,68.4762252503844,0.0,2.1256682929627315,0.0,11.474103556657148,0.0,466.90062916482873,0.0,139.50905086627466,0.0,8.849859607355553,0.0,7.593215443528285,0.0,5.315006367648341,0.0
Zotis,201.00392156862745,0.0,12.480977297867375,0.0,218.50923644688433,0.0,75.0,0.0,48.56325479937263,0.0,8.719672274910828,0.0,8.660254037844387,0.0,5.692007632379537,0.0,872.1373398873923,0.0,101.20885374468023,0.0,71.38177734116985,0.0,2.477808237303875,0.0,11.863680905907362,0.0,508.86787218151096,0.0,341.0756673287711,0.0,8.719672274893552,0.0,6.4444071882290395,0.0,4.656668573879666,0.0
Ztltt,189.39215686274508,0.0,12.29909021619476,0.0,243.5094346040774,0.0,104.0,0.0,69.85443923404468,0.0,9.702401409795433,0.0,10.198039027185569,0.0,6.9667473780149365,0.0,857.5350680003305,0.0,152.8668965998779,0.0,114.46553034471796,0.0,3.2961649343091985,0.0,14.318660551430957,0.0,365.73729554899546,0.0,233.87987915825312,0.0,9.702401409771452,0.0,7.57770575198475,0.0,5.952150294865405,0.0
Zuber,229.1058823529412,0.0,13.354645021005338,0.0,232.44619438302624,0.0,119.0,0.0,76.33634213702024,0.0,9.446908420992518,0.0,10.908712114635714,0.0,7.095774591027023,0.0,859.5065012931834,0.0,146.0756502280709,0.0,98.9235507883756,0.0,3.1291775937073685,0.0,12.6079302996191,0.0,298.6745719354857,0.0,196.21298080163115,0.0,9.446908420967809,0.0,8.65534050207169,0.0,6.160740718184478,0.0
Zucht,212.76862745098038,0.0,12.799313947396916,0.0,223.75832111723935,0.0,106.0,0.0,66.76166306258176,0.0,9.051273780036151,0.0,10.295630140987,0.0,6.576421154849626,0.0,850.7710925153469,0.0,100.99599604482238,0.0,69.5646667617071,0.0,2.2195128658598873,0.0,12.443796453826142,0.0,464.57376684974554,0.0,255.67217234298104,0.0,9.051273780016507,0.0,7.6929068640503795,0.0,5.581793993582367,0.0
Zuhun,226.73333333333335,0.0,13.269636200959145,0.0,225.69623042387815,0.0,110.0,0.0,69.34451031686251,0.0,9.174273037670213,0.0,10.488088481701515,0.0,6.690869550032774,0.0,849.8499194247009,0.0,96.36132482677397,0.0,65.84401800750666,0.0,1.924330682705011,0.0,13.334921402079578,0.0,515.0028565814825,0.0,177.28507504930118,0.0,9.174273037653759,0.0,7.93063104273249,0.0,5.695852983003228,0.0
Zunft,214.07450980392156,0.0,13.059483584567142,0.0,236.44270260493047,0.0,113.0,0.0,72.87895808192512,0.0,9.506461409226498,0.0,10.63014581273465,0.0,6.969110741421862,0.0,874.4477927822114,0.0,236.71955280820495,0.0,169.20610092626444,0.0,2.466431864216145,0.0,13.738719978467227,0.0,371.89151800657953,0.0,237.31031840648254,0.0,9.506461409194081,0.0,8.164063798772192,0.0,5.982299879622309,0.0
Zunge,240.12549019607843,0.0,13.691376092842086,0.0,225.49687133010917,0.0,113.0,0.0,73.14661904414793,0.0,9.256502439262986,0.0,10.63014581273465,0.0,6.979741464685327,0.0,948.2387838719503,0.0,161.09374465255183,0.0,121.26505426710627,0.0,3.4432313458631034,0.0,11.899725758461758,0.0,294.40692166627224,0.0,142.1191264519823,0.0,9.256502439237451,0.0,8.549364488483318,0.0,6.0518138899049605,0.0
Zutar,207.01176470588234,0.0,12.652330866494442,0.0,231.8949577903586,0.0,106.0,0.0,66.96851352409371,0.0,9.256160109302936,0.0,10.295630140987,0.0,6.604768031766393,0.0,855.5518662375462,0.0,119.64481822968744,0.0,82.10916314254114,0.0,2.2395978218803885,0.0,12.430085287872695,0.0,285.77374286404154,0.0,191.15294050891706,0.0,9.256160109286512,0.0,7.789719884418271,0.0,5.587503835684274,0.0
Zvhlg,229.6078431372549,0.0,13.421050563627627,0.0,258.87485752389927,0.0,135.0,0.0,92.65355940531256,0.0,10.460411894462318,0.0,11.61895003862225,0.0,8.123031811572877,0.0,1193.2848458445546,0.0,321.6095701838891,0.0,246.98761928023004,0.0,3.8639108764930503,0.0,25.87267584604711,0.0,475.6659921352953,0.0,329.16240835834566,0.0,10.460411894444924,0.0,8.896493390178248,0.0,7.194301342397992,0.0
Zwack,231.60392156862744,0.0,13.138001149422614,0.0,244.54638903062204,0.0,125.0,0.0,81.80462564758798,0.0,9.849145958791631,0.0,11.180339887498949,0.0,7.4259190912651825,0.0,930.140472464355,0.0,293.05767332390144,0.0,190.20707941063142,0.0,2.306135044018813,0.0,17.717802797128023,0.0,1093.2808153719695,0.0,264.08822043087616,0.0,9.849145958709672,0.0,8.474447643944861,0.0,6.511062700968611,0.0
Zwerg,240.38431372549022,0.0,13.607100618268339,0.0,253.8909568508662,0.0,139.0,0.0,93.02408770750489,0.0,10.26743262917567,0.0,11.789826122551595,0.0,8.024451520029167,0.0,1203.6891962807665,0.0,355.86058575139504,0.0,247.49408938309367,0.0,2.766829223433076,0.0,18.01863439499008,0.0,427.49877227098614,0.0,183.08064497340402,0.0,10.26743262914564,0.0,9.280983721744489,0.0,7.119069269030132,0.0
Zwest,225.91764705882355,0.0,13.138417858973193,0.0,234.508443278178,0.0,119.0,0.0,77.01273686398713,0.0,9.50496552904334,0.0,10.908712114635714,0.0,7.157156655930805,0.0,925.8323151692924,0.0,275.7215440964839,0.0,174.44113928164262,0.0,3.22611592418031,0.0,16.84576516883487,0.0,381.2603464050552,0.0,232.53989133017163,0.0,9.504965529033532,0.0,8.325568764402353,0.0,6.250255021642929,0.0
Zwoig,229.69803921568626,0.0,13.209059256573706,0.0,248.38996471506118,0.0,123.0,0.0,81.72591971664079,0.0,9.972309701053112,0.0,11.090536506409418,0.0,7.500702114670542,0.0,1216.0906001947737,0.0,352.3805391092415,0.0,244.81369378992056,0.0,3.2080248312816857,0.0,17.97058420760149,0.0,560.7868172177996,0.0,343.9531653560059,0.0,9.972309701037409,0.0,8.381158379607447,0.0,6.555536461348848,0.0
Zwong,240.8313725490196,0.0,13.47937664624154,0.0,242.70010987735256,0.0,132.0,0.0,86.2533825756655,0.0,9.861767633315905,0.0,11.489125293076057,0.0,7.6328123297194805,0.0,1200.2561347046135,0.0,350.8868778384679,0.0,243.62609404522885,0.0,3.47876292027451,0.0,17.671913573112953,0.0,400.7703418048092,0.0,163.08683786880513,0.0,9.861767633285469,0.0,8.726714200937264,0.0,6.698513184458631,0.0
Zwöck,231.50196078431372,0.0,13.123512273566998,0.0,245.69748145988333,0.0,129.0,0.0,85.1874043297617,0.0,9.956752854099475,0.0,11.357816691600547,0.0,7.619030153129651,0.0,932.5332512867772,0.0,327.3053096320537,0.0,206.89354110761855,0.0,2.2744733235154557,0.0,24.755232654960395,0.0,1098.6428141432011,0.0,279.6840898010783,0.0,9.956752854013834,0.0,8.604724795127389,0.0,6.733542903113486,0.0
Zwölf,222.19215686274512,0.0,13.105473409796632,0.0,262.87104556265615,0.0,135.0,0.0,90.14417123589132,0.0,10.424595373887527,0.0,11.61895003862225,0.0,7.914186330296582,0.0,1023.7783381941466,0.0,527.7675348880266,0.0,372.166752477965,0.0,2.9961015696510502,0.0,25.73236538541428,0.0,406.2158230835057,0.0,340.8138734160676,0.0,10.424595373892968,0.0,8.81070993928196,0.0,6.979500962097974,0.0
Zyste,223.8470588235294,0.0,13.231506792907794,0.0,244.20143245512398,0.0,124.0,0.0,83.66695796313846,0.0,9.93591294053419,0.0,11.135528725660043,0.0,7.649181326555273,0.0,21324.95060949989,0.0,447.89979906332235,0.0,318.8565705655266,0.0,2.4821408055439105,0.0,14.64501158462396,0.0,310.6029142983267,0.0,147.87106125778365,0.0,9.935912940507563,0.0,8.724708793895555,0.0,6.76230042273327,0.0
Zähne,242.40392156862742,0.0,13.740185410585354,0.0,221.47589258476205,0.0,104.0,0.0,66.40663367646347,0.0,9.021417538010947,0.0,10.198039027185569,0.0,6.589537444452859,0.0,854.4453547417228,0.0,105.16342060284508,0.0,74.85155896039203,0.0,1.9935693050813872,0.0,13.450383421199424,0.0,337.9218646970947,0.0,168.43242685615965,0.0,9.02141753798765,0.0,8.183132034845007,0.0,5.669423528170745,0.0
Zätzä,231.45098039215688,0.0,13.367354519833025,0.0,231.94424223771793,0.0,96.0,0.0,62.454630372044164,0.0,9.22714171351271,0.0,9.797958971132712,0.0,6.460264354618844,0.0,872.2845660955945,0.0,241.08846413745576,0.0,191.7853260317546,0.0,2.5893892908667206,0.0,71.41378100657695,0.0,422.76465285981953,0.0,361.73504536314965,0.0,9.227141713528376,0.0,7.956921174223087,0.0,5.485801232734106,0.0
Zöhlö,223.79215686274512,0.0,13.087716373644806,0.0,235.40615745127675,0.0,99.0,0.0,66.33597794893805,0.0,9.501135662654944,0.0,9.9498743710662,0.0,6.782072481235537,0.0,864.8603712074287,0.0,194.18238135176668,0.0,129.01379864506637,0.0,2.39407262017568,0.0,110.0775178827204,0.0,989.4203946454306,0.0,830.814896421533,0.0,9.501121160269694,0.0,7.759512200099087,0.0,5.831498316385661,0.0
Zügel,236.4235294117647,0.0,13.610078360807206,0.0,246.25385394141122,0.0,130.0,0.0,86.84704127554963,0.0,10.01348806492124,0.0,11.40175425099138,0.0,7.755274410678249,0.0,916.6390950281688,0.0,190.78554012488073,0.0,145.46985358717802,0.0,3.7822441883634466,0.0,14.695541324119082,0.0,303.26670051473445,0.0,169.9803041097076,0.0,10.013488064908778,0.0,9.04046769643456,0.0,6.8503762404124435,0.0
Ädarn,243.09803921568627,0.0,13.729003471926866,0.0,255.22684840974796,0.0,132.0,0.0,88.87165002308228,0.0,10.269640488932401,0.0,11.489125293076057,0.0,7.866792204299065,0.0,2304.7804645207334,0.0,2500.813823911969,0.0,1618.5224106364387,0.0,4.1962128239654595,0.0,26.719676232943062,0.0,564.0636549560522,0.0,252.75235691014257,0.0,10.26964048893777,0.0,9.032379551884292,0.0,6.844862028000545,0.0
Ämter,235.75686274509803,0.0,13.608680541561553,0.0,268.8783881775208,0.0,152.0,0.0,103.72852842637816,0.0,10.795087684519155,0.0,12.328828005937952,0.0,8.54751244408841,0.0,2259.03907647389,0.0,2491.079500066986,0.0,1609.4063226870953,0.0,5.517454154379703,0.0,25.140572921856684,0.0,395.37674052151505,0.0,258.35006381212776,0.0,10.79508768452684,0.0,9.66022681487169,0.0,7.624577737504877,0.0
Äpfel,245.08627450980393,0.0,13.997025553194991,0.0,277.24821537041095,0.0,152.0,0.0,107.69022766479614,0.0,11.121413632066973,0.0,12.328828005937952,0.0,8.896881429981654,0.0,12901.324317487932,0.0,2555.6915658311586,0.0,1654.6510283294922,0.0,6.1083278270784005,0.0,26.770883766703246,0.0,372.4252881823489,0.0,235.15758700870614,0.0,11.121413632077626,0.0,10.12352875523556,0.0,8.017516543858623,0.0
Ärger,237.71764705882356,0.0,13.713186642399108,0.0,262.46300102858174,0.0,146.0,0.0,99.87642442354903,0.0,10.59977779800026,0.0,12.083045973594572,0.0,8.403243193248889,0.0,2186.3251379998155,0.0,2486.386853997071,0.0,1606.5005791466938,0.0,3.772000837831867,0.0,23.59826149442563,0.0,399.89767818268314,0.0,256.82888955773785,0.0,10.599777798007594,0.0,9.679665900292955,0.0,7.5023056236569605,0.0
Ärmel,234.47450980392156,0.0,13.613072962364598,0.0,276.473264167295,0.0,155.0,0.0,106.51963214034105,0.0,11.014445921045171,0.0,12.449899597988733,0.0,8.690351033126184,0.0,2173.455411871419,0.0,2486.3626787327025,0.0,1605.9105086710292,0.0,3.8886251456607144,0.0,23.919905112024345,0.0,412.5894112114008,0.0,235.8087331244789,0.0,11.014445921068829,0.0,9.519223347707241,0.0,7.695434697267843,0.0
Ärzte,221.69411764705882,0.0,13.351595336858276,0.0,250.22809944575377,0.0,124.0,0.0,83.73356793633064,0.0,10.057713497012804,0.0,11.135528725660043,0.0,7.630045596625626,0.0,2164.583648875414,0.0,2485.440230409789,0.0,1605.1859306332028,0.0,3.104805634121592,0.0,25.75345198219461,0.0,395.8553498790712,0.0,230.03917696844846,0.0,10.057713497013971,0.0,8.900073410623099,0.0,6.687538134285571,0.0
Ödlor,219.12549019607843,0.0,12.90709415727549,0.0,250.59715506745164,0.0,116.0,0.0,78.61426677789413,0.0,10.032412921157654,0.0,10.770329614269007,0.0,7.448918740772483,0.0,8291.761973823084,0.0,4146.476045103364,0.0,2492.8709128637397,0.0,4.7800812370763435,0.0,48.71197427313398,0.0,173.99301216498836,0.0,257.6947979325058,0.0,10.032412921118695,0.0,8.183021214849738,0.0,6.448301913988453,0.0
Öktie,219.77254901960782,0.0,13.086425519291826,0.0,253.61773479872417,0.0,125.0,0.0,86.01595813321902,0.0,10.227213973433662,0.0,11.180339887498949,0.0,7.822940834895775,0.0,8257.413796873,0.0,4139.637822552873,0.0,2487.1832517275575,0.0,3.8272373189865383,0.0,48.55796515032055,0.0,453.8694120907092,0.0,382.8504722134765,0.0,10.22721397338826,0.0,8.679269784780036,0.0,6.908905879610103,0.0
Öllau,208.67058823529413,0.0,12.6007176522525,0.0,250.1443167491427,0.0,115.0,0.0,76.95883378823152,0.0,9.956790503466113,0.0,10.723805294763608,0.0,7.313443042017678,0.0,8253.437938330404,0.0,4135.627524890511,0.0,2482.9568273434434,0.0,2.7259474369495273,0.0,47.621775674087665,0.0,461.06732112751587,0.0,231.0579039443799,0.0,9.95679050342208,0.0,7.919251080257737,0.0,6.31434085199744,0.0
Öteme,239.5372549019608,0.0,13.55930202039459,0.0,254.34530537535022,0.0,141.0,0.0,95.34544926878908,0.0,10.315329550524469,0.0,11.874342087037917,0.0,8.149925178894351,0.0,8257.154565829447,0.0,4137.913701185655,0.0,2484.816960082252,0.0,2.9650048011058154,0.0,47.620755887542394,0.0,182.84156058100166,0.0,233.20216087688414,0.0,10.315329550464918,0.0,9.41692638621737,0.0,7.25258144297325,0.0
Übles,237.68627450980392,0.0,13.527811215357586,0.0,236.62324378463956,0.0,114.0,0.0,76.83919273891578,0.0,9.67102699013519,0.0,10.677078252031311,0.0,7.299859834320478,0.0,2351.4448739547756,0.0,1857.69218442909,0.0,1514.3401342092748,0.0,3.0142226553454248,0.0,34.02660099405312,0.0,347.25798002211076,0.0,109.05645204812593,0.0,9.671026990122789,0.0,8.775759956686242,0.0,6.430752711295234,0.0
