,n_pixels_l1_mu,n_pixels_l1_std,n_pixels_l2_mu,n_pixels_l2_std,pred_err_l1_mu,pred_err_l1_std,pred_err_l1_thr-0.5_bin-True_mu,pred_err_l1_thr-0.5_bin-True_std,pred_err_l1_thr-0.5_bin-False_mu,pred_err_l1_thr-0.5_bin-False_std,pred_err_l2_mu,pred_err_l2_std,pred_err_l2_thr-0.5_bin-True_mu,pred_err_l2_thr-0.5_bin-True_std,pred_err_l2_thr-0.5_bin-False_mu,pred_err_l2_thr-0.5_bin-False_std,pw_pred_err_mu,pw_pred_err_std,pw_pred_err_thr-0.5_bin-True_mu,pw_pred_err_thr-0.5_bin-True_std,pw_pred_err_thr-0.5_bin-False_mu,pw_pred_err_thr-0.5_bin-False_std,pred_err_wd_mu,pred_err_wd_std,mahalanobis_mu,mahalanobis_std,mahalanobis_thr-0.5_bin-True_mu,mahalanobis_thr-0.5_bin-True_std,mahalanobis_thr-0.5_bin-False_mu,mahalanobis_thr-0.5_bin-False_std,kalmanw_pred_err_mu,kalmanw_pred_err_std,kalmanw_pred_err_thr-0.5_bin-True_mu,kalmanw_pred_err_thr-0.5_bin-True_std,kalmanw_pred_err_thr-0.5_bin-False_mu,kalmanw_pred_err_thr-0.5_bin-False_std
Abart,312.1529411764706,0.0,16.29842372491754,0.0,350.04856282042044,0.0,211.0,0.0,137.93938279704008,0.0,12.231017951628706,0.0,14.52583904633395,0.0,9.644962101413006,0.0,730.4722920055384,0.0,141.37086708908728,0.0,105.7285684756961,0.0,9.55813852206629,0.0,14.855195656409695,0.0,4597.517261168482,0.0,1195.7270452152559,0.0,12.23101794934884,0.0,11.39592794187793,0.0,8.587275984912983,0.0
Abend,382.26666666666665,0.0,18.134332355952765,0.0,354.9748883003554,0.0,225.0,0.0,149.75804844862301,0.0,12.500619662940618,0.0,15.0,0.0,10.183533982599851,0.0,1158.5087614712688,0.0,206.39633022641567,0.0,176.23700030116686,0.0,4.055794450768686,0.0,16.3237400808423,0.0,1715.3347717102909,0.0,1651.4301645575497,0.0,12.500619671920546,0.0,12.539887111772883,0.0,9.264774929899657,0.0
Aboln,352.10196078431375,0.0,17.399428592349054,0.0,359.8242397000105,0.0,235.0,0.0,155.98822206563997,0.0,12.645398232025352,0.0,15.329709716755891,0.0,10.340717908898158,0.0,732.026363619968,0.0,151.49878197357714,0.0,115.29251915101011,0.0,4.011786970646516,0.0,15.521772707555762,0.0,2377.205417119305,0.0,2154.630659623337,0.0,12.64539827001669,0.0,12.377339562674885,0.0,9.3847506285754,0.0
Abtäs,332.2627450980392,0.0,16.767420947443235,0.0,352.34042784675523,0.0,206.0,0.0,137.37921131277787,0.0,12.318374382318646,0.0,14.352700094407323,0.0,9.72671459195224,0.0,742.7870429451575,0.0,210.3576791715151,0.0,167.66733922937019,0.0,4.648226095918747,0.0,29.13234820933392,0.0,4501.45968234915,0.0,2287.37319656255,0.0,12.318374383859691,0.0,11.62409718815608,0.0,8.716921570477195,0.0
Acker,315.47843137254904,0.0,16.26279899942367,0.0,348.4943031157111,0.0,194.0,0.0,125.07669709216482,0.0,11.98522533775359,0.0,13.92838827718412,0.0,9.100665067793333,0.0,729.6763448105647,0.0,128.44148328799537,0.0,88.06442978684677,0.0,5.139533232422786,0.0,14.21998459117394,0.0,2962.25049433631,0.0,1447.981882710408,0.0,11.98522534535201,0.0,10.7324997208524,0.0,7.9848169531062485,0.0
Adern,342.4,0.0,17.119686781872485,0.0,345.7650598116154,0.0,204.0,0.0,132.996598391525,0.0,12.09467966907048,0.0,14.2828568570857,0.0,9.484355152304571,0.0,2059.8812645659455,0.0,300.398378619881,0.0,274.8729794732635,0.0,4.790275275732328,0.0,14.575553616277812,0.0,4766.523799719614,0.0,1332.0688650405002,0.0,12.094679668533828,0.0,11.348994035520638,0.0,8.467054987698619,0.0
Adler,322.3686274509804,0.0,16.689674545883758,0.0,358.4458760896632,0.0,205.0,0.0,138.13712693668987,0.0,12.523918867407659,0.0,14.317821063276353,0.0,9.827029824871678,0.0,2060.229379455445,0.0,302.6084414115856,0.0,277.15216367374825,0.0,7.4872942991164875,0.0,14.248631405964996,0.0,1509.5167406441713,0.0,1346.1125798661785,0.0,12.523918870322223,0.0,11.178468109597922,0.0,8.83778573660338,0.0
Adria,316.52156862745096,0.0,16.440577233692522,0.0,353.11033225075914,0.0,214.0,0.0,140.70651650994992,0.0,12.361741046179555,0.0,14.628738838327793,0.0,9.787817944530678,0.0,2060.006595164371,0.0,302.08599898221973,0.0,275.6694423572003,0.0,6.50724289746767,0.0,14.460033132913416,0.0,3042.022867383452,0.0,2139.495941318599,0.0,12.361741087217464,0.0,11.555450467158456,0.0,8.764284033151426,0.0
Affen,325.78431372549016,0.0,16.681762482982396,0.0,364.6072041208064,0.0,232.0,0.0,151.74106686320437,0.0,12.628099131430695,0.0,15.231546211727817,0.0,10.09821703867235,0.0,753.9637333215605,0.0,246.778759701246,0.0,212.83982068685836,0.0,3.490550750240386,0.0,21.487544540103247,0.0,2106.347264707187,0.0,2121.5744259875164,0.0,12.628099139987421,0.0,12.180784278772693,0.0,9.098199329730926,0.0
Agenk,398.2627450980392,0.0,18.34689065674271,0.0,376.5923277530743,0.0,243.0,0.0,162.16378771803335,0.0,12.982705471741136,0.0,15.588457268119896,0.0,10.596729807721706,0.0,3645.326316539344,0.0,1758.2968781166837,0.0,1327.7469183866945,0.0,3.9902884400000174,0.0,20.345020638602087,0.0,1797.278509765891,0.0,1667.3603209019416,0.0,12.982705481820293,0.0,12.527268303408736,0.0,9.61236833613048,0.0
Agent,356.20392156862744,0.0,17.431961436048486,0.0,365.7030252717911,0.0,227.0,0.0,149.98024394392203,0.0,12.621880885965846,0.0,15.066519173319364,0.0,10.127707102674005,0.0,3644.4417323471134,0.0,1755.3579243852625,0.0,1325.7424451936029,0.0,7.721831522371392,0.0,19.155880724537667,0.0,1793.8594427841651,0.0,1666.1421081948959,0.0,12.621880896280592,0.0,12.015538416808493,0.0,9.1001212748265,0.0
Ahnen,367.7921568627451,0.0,17.70639653564738,0.0,333.82618455615597,0.0,196.0,0.0,124.58553533488265,0.0,11.652004717403434,0.0,14.0,0.0,9.024985721073861,0.0,728.2201306350679,0.0,112.09105657394228,0.0,82.63045508645526,0.0,3.0788686694965843,0.0,9.234775314950049,0.0,1335.1590909848844,0.0,1224.2543194471145,0.0,11.652004724469387,0.0,11.188055265606001,0.0,8.043271356688876,0.0
Aigön,375.74901960784314,0.0,17.84996206475485,0.0,384.9676650117567,0.0,271.0,0.0,179.57774862113342,0.0,13.300872922992252,0.0,16.46207763315433,0.0,11.09617854299021,0.0,2332.337476858803,0.0,327.0905262512069,0.0,242.24816983922787,0.0,5.1746339250348266,0.0,33.847070657088395,0.0,2334.27953072579,0.0,2340.0903532802413,0.0,13.3008729308531,0.0,13.600523339286687,0.0,10.11456438082012,0.0
Akkus,369.564705882353,0.0,17.60692735292636,0.0,370.7744250336764,0.0,235.0,0.0,155.28166236066167,0.0,12.824894019233499,0.0,15.329709716755891,0.0,10.280833316346369,0.0,735.7174674863347,0.0,182.45268879270077,0.0,132.9426579409766,0.0,5.25586703159433,0.0,16.28786995673478,0.0,5497.530894979861,0.0,2032.676923331755,0.0,12.82489402970859,0.0,11.962226458883118,0.0,9.19648294015977,0.0
Aktie,311.7372549019608,0.0,16.32034603593916,0.0,366.42237529460414,0.0,232.0,0.0,152.52133672414323,0.0,12.707778756824013,0.0,15.231546211727817,0.0,10.153976208252395,0.0,733.2554449063206,0.0,162.74702061772237,0.0,119.90451271974607,0.0,6.889625212529736,0.0,14.644953680169055,0.0,2779.754657048626,0.0,2025.1624524729148,0.0,12.707778796653985,0.0,11.737703011699955,0.0,9.093046943318122,0.0
Alahn,349.0313725490196,0.0,17.261935732155557,0.0,359.5577117973718,0.0,246.0,0.0,161.494190538669,0.0,12.677176455322677,0.0,15.684387141358123,0.0,10.449680691736704,0.0,728.5126076318331,0.0,123.73528597709074,0.0,91.77177312328402,0.0,5.0752380459923465,0.0,10.651894844983284,0.0,1059.766330552166,0.0,1330.4507089902133,0.0,12.677176457695417,0.0,12.670421965019234,0.0,9.554263022495606,0.0
Alarm,347.4352941176471,0.0,17.18022789955091,0.0,422.59683407439957,0.0,305.0,0.0,211.30122592889603,0.0,14.52760556384471,0.0,17.46424919657298,0.0,12.345783786764047,0.0,854.0002071754097,0.0,482.1038985444075,0.0,372.9322863387458,0.0,8.36566809172176,0.0,11.567837025786472,0.0,4675.124299715196,0.0,1236.7481696009104,0.0,14.52760556152547,0.0,14.558642160798076,0.0,11.438082827403132,0.0
Alben,346.25098039215686,0.0,17.299063807387736,0.0,360.1273062770472,0.0,238.0,0.0,157.5074425033678,0.0,12.657983783232568,0.0,15.427248620541512,0.0,10.377457018441186,0.0,729.1735972704766,0.0,130.162403938282,0.0,97.98228234471706,0.0,3.159629996671207,0.0,9.690253668212247,0.0,1402.5812029813376,0.0,1282.3641237694674,0.0,12.657983789854846,0.0,12.594038275824332,0.0,9.477090476904948,0.0
Algen,364.5019607843137,0.0,17.680290279287316,0.0,377.01892833134883,0.0,250.0,0.0,167.00548144908532,0.0,13.078077746956295,0.0,15.811388300841896,0.0,10.751873733883818,0.0,2327.5458925127746,0.0,259.5050295713797,0.0,192.08567673674227,0.0,4.170471066668343,0.0,9.351872591428709,0.0,1352.3336951792403,0.0,1282.276312241517,0.0,13.078077753249556,0.0,12.938738677824528,0.0,9.780652616180829,0.0
Alibi,303.1372549019608,0.0,16.287322147765668,0.0,388.3085855518045,0.0,270.0,0.0,182.68583985983253,0.0,13.546115475461963,0.0,16.431676725154983,0.0,11.28438531466378,0.0,730.9533494236175,0.0,143.95023640866347,0.0,107.56960659782824,0.0,4.60390990238983,0.0,11.694790317767856,0.0,2253.550322563738,0.0,1312.6250899717304,0.0,13.546115480987261,0.0,12.956647680280303,0.0,10.331691967599467,0.0
Allas,295.22352941176473,0.0,15.920206645116822,0.0,364.94068161754706,0.0,230.0,0.0,154.6421310807131,0.0,12.784771494608044,0.0,15.165750888103101,0.0,10.344515887516113,0.0,728.2712931135081,0.0,123.14269255906233,0.0,93.53446450843992,0.0,3.8576476646880784,0.0,9.095436012364576,0.0,3347.550698617133,0.0,1685.505823384936,0.0,12.78477149369204,0.0,11.881783588882989,0.0,9.384512398073936,0.0
Alpen,348.9529411764706,0.0,17.339668348145622,0.0,363.6755645725174,0.0,234.0,0.0,155.97353359628318,0.0,12.743644921678195,0.0,15.297058540778355,0.0,10.37712782238251,0.0,840.3766228821304,0.0,189.76357648134555,0.0,164.19846152202783,0.0,3.326491827125277,0.0,11.437957341004719,0.0,1162.658813384447,0.0,1252.524949285361,0.0,12.74364492762237,0.0,12.410679170910072,0.0,9.450556966654787,0.0
Altar,279.3254901960784,0.0,15.466927174356247,0.0,362.5348994230783,0.0,228.0,0.0,150.75153409842574,0.0,12.646408694218444,0.0,15.0996688705415,0.0,10.117921034686852,0.0,727.6459094194754,0.0,119.30282590301647,0.0,88.14168012995523,0.0,5.410410416036683,0.0,9.946750376049273,0.0,3390.670699223387,0.0,2044.7644626610327,0.0,12.646408693906489,0.0,11.67930234639602,0.0,9.100607761869918,0.0
Alten,305.12549019607843,0.0,16.25193662490649,0.0,357.2958052228196,0.0,227.0,0.0,149.33179424048333,0.0,12.507699941905631,0.0,15.066519173319364,0.0,10.049837690054812,0.0,727.3151801430382,0.0,115.98189217321112,0.0,86.00411341196278,0.0,4.843717890348942,0.0,8.803468621269381,0.0,1599.8376798679396,0.0,1740.3783623570012,0.0,12.507699945815894,0.0,11.94678007893088,0.0,9.103918361485746,0.0
Alter,278.0549019607843,0.0,15.499337089419571,0.0,360.89463625736846,0.0,218.0,0.0,144.2113945784846,0.0,12.551652402161848,0.0,14.7648230602334,0.0,9.905554639373133,0.0,727.4500360006417,0.0,115.6304105426363,0.0,86.02036785220695,0.0,5.6090973161890405,0.0,9.174615539617582,0.0,1602.958260622041,0.0,1740.5907408886194,0.0,12.551652405976997,0.0,11.414348203449963,0.0,8.897319557926751,0.0
Amche,382.90588235294115,0.0,17.976892767858462,0.0,405.3043141034468,0.0,270.0,0.0,185.9922921171775,0.0,13.922434799789329,0.0,16.431676725154983,0.0,11.559333710167543,0.0,1000.000954567356,0.0,681.0851684845235,0.0,528.5369103796783,0.0,4.532940754431742,0.0,13.52890966016155,0.0,882.5197290413159,0.0,1326.1090248915643,0.0,13.922434803649493,0.0,13.861177237555227,0.0,10.65241884959896,0.0
Amtig,380.0196078431373,0.0,18.009902440837624,0.0,451.93457923993094,0.0,340.0,0.0,237.2196666963637,0.0,15.237775613730681,0.0,18.439088914585774,0.0,13.124161808830141,0.0,4312.150322120595,0.0,798.2365929131347,0.0,616.4555084296921,0.0,6.287405059017148,0.0,14.642954247022013,0.0,2795.3230808900876,0.0,2050.940356643376,0.0,15.237775646004838,0.0,15.488761327797294,0.0,12.18040427771003,0.0
Andam,410.521568627451,0.0,18.67224212335279,0.0,406.3302381395897,0.0,287.0,0.0,198.29888286858147,0.0,14.094826022640968,0.0,16.941074346097416,0.0,11.962273303589539,0.0,956.4836242345891,0.0,485.903146212001,0.0,377.38527062566754,0.0,7.595578691913655,0.0,12.763924628894378,0.0,3556.7783332083395,0.0,1816.499973089409,0.0,14.094826016959024,0.0,14.52994905179763,0.0,11.075892389771768,0.0
Anein,326.3372549019608,0.0,16.737210798038074,0.0,337.35152734920166,0.0,205.0,0.0,129.89397618334124,0.0,11.76569919030925,0.0,14.317821063276353,0.0,9.174833775850214,0.0,725.2259387806606,0.0,99.48427358065734,0.0,66.8575236117835,0.0,4.293113495182055,0.0,10.656399939623805,0.0,2690.665534753446,0.0,1670.627807230039,0.0,11.7656992293826,0.0,11.078661983732667,0.0,8.142446757542496,0.0
Angel,364.5019607843137,0.0,17.680290279287316,0.0,371.1341532289631,0.0,226.0,0.0,152.27022674690136,0.0,12.855398203044686,0.0,15.033296378372908,0.0,10.32055854047129,0.0,2327.89816810243,0.0,262.26517766512706,0.0,195.9194961387506,0.0,5.426649732248301,0.0,11.28804610890827,0.0,1107.2081921641025,0.0,1251.9722492880867,0.0,12.855398209355267,0.0,12.02523145227599,0.0,9.270339053289907,0.0
Angst,347.91764705882355,0.0,17.177871283205494,0.0,365.648350624843,0.0,220.0,0.0,145.64281626184817,0.0,12.603958107564843,0.0,14.832396974191326,0.0,9.981255831629609,0.0,2327.143057565315,0.0,253.37180196984866,0.0,185.54803817381259,0.0,6.798087711477433,0.0,11.261145639820015,0.0,1067.0671313740115,0.0,1224.3282920536844,0.0,12.603958109546031,0.0,11.705969337772872,0.0,8.809446832814485,0.0
Angur,365.55294117647054,0.0,17.628129280936353,0.0,361.4684784281323,0.0,221.0,0.0,143.541870560698,0.0,12.451598823007913,0.0,14.866068747318506,0.0,9.819914742931163,0.0,2326.950881497479,0.0,252.70196573777534,0.0,184.64666486749303,0.0,5.872385610113406,0.0,12.24510686300374,0.0,4741.5988205887525,0.0,1892.6571770117055,0.0,12.451598833816684,0.0,11.702056489814304,0.0,8.699927693779356,0.0
Anker,340.1450980392157,0.0,16.955913615489663,0.0,345.55752659868796,0.0,192.0,0.0,124.53488322494077,0.0,11.967561560125604,0.0,13.856406460551018,0.0,9.108043724565484,0.0,727.989606542741,0.0,128.7753519058498,0.0,88.79005538668486,0.0,5.990032188353974,0.0,11.87455095922794,0.0,2975.9653821889824,0.0,1452.274827469066,0.0,11.967561567487657,0.0,10.600801092750075,0.0,8.018193577117788,0.0
Anmas,375.06666666666666,0.0,17.754053855297638,0.0,383.694914865299,0.0,243.0,0.0,165.62444136679864,0.0,13.294155417838255,0.0,15.588457268119896,0.0,10.824268958307224,0.0,763.2553211585525,0.0,276.7175070724485,0.0,204.86966092377963,0.0,5.380582104993986,0.0,11.059354596834208,0.0,3179.3690122607272,0.0,2109.2704930545697,0.0,13.294155418484783,0.0,12.939710044296703,0.0,9.8617859318919,0.0
Anmut,373.0274509803922,0.0,17.85654742787164,0.0,399.985349056324,0.0,275.0,0.0,185.92201326627293,0.0,13.786030675186321,0.0,16.583123951777,0.0,11.418116496101023,0.0,763.555226229859,0.0,278.09045376172196,0.0,205.71324796632777,0.0,6.20198163023079,0.0,11.929345729338511,0.0,4742.047554984121,0.0,2307.201572413464,0.0,13.786030681655111,0.0,13.579390339015355,0.0,10.430047813056758,0.0
Annag,385.80392156862746,0.0,18.05900023332254,0.0,352.6427833256382,0.0,219.0,0.0,142.21261078849778,0.0,12.232182122544167,0.0,14.798648586948742,0.0,9.776291744482469,0.0,4256.9527953585075,0.0,425.7982878458773,0.0,323.123496754094,0.0,6.550969460375648,0.0,12.82767782806336,0.0,3277.4378675103626,0.0,1623.594302897264,0.0,12.232182123499628,0.0,11.965718440330786,0.0,8.750057074875382,0.0
Anper,341.91372549019604,0.0,17.067704697382794,0.0,341.35852116421364,0.0,185.0,0.0,120.43336141010158,0.0,11.84923112038856,0.0,13.601470508735444,0.0,9.006669460983769,0.0,838.560459416603,0.0,178.11534440483626,0.0,154.41140817998271,0.0,5.9953967682544675,0.0,12.720567111627766,0.0,838.887486219,0.0,1218.1029488669833,0.0,11.84923112768394,0.0,10.603169875768854,0.0,7.9354945655124585,0.0
Antus,313.77647058823527,0.0,16.364335617431067,0.0,335.45161886866765,0.0,188.0,0.0,119.65548482369653,0.0,11.64098967065716,0.0,13.711309200802088,0.0,8.824417899106873,0.0,725.2388882967572,0.0,97.36806773702078,0.0,66.2197193037581,0.0,4.273204424343915,0.0,11.25215172787465,0.0,4817.190572871126,0.0,2228.4884055587245,0.0,11.640989678913359,0.0,10.494217849328283,0.0,7.717099832978699,0.0
Anzug,378.72156862745095,0.0,17.98722943964033,0.0,365.2979055810671,0.0,220.0,0.0,144.6239157372982,0.0,12.581459774151368,0.0,14.832396974191326,0.0,9.928568406477929,0.0,4257.265666883803,0.0,429.409574887156,0.0,326.57787282465904,0.0,7.0387190751873945,0.0,16.465223841526175,0.0,4683.628527158783,0.0,1936.2770302088943,0.0,12.581459782553464,0.0,11.817070664697553,0.0,8.787287714413152,0.0
Apfel,335.10196078431375,0.0,16.995406575752313,0.0,374.96947758313115,0.0,226.0,0.0,154.4647874129691,0.0,13.037108421546966,0.0,15.033296378372908,0.0,10.465166256247711,0.0,1012.6308162322708,0.0,351.2521869042217,0.0,321.0292826484314,0.0,6.370504859282137,0.0,15.965478176688327,0.0,2066.0380352811885,0.0,2110.8165373332445,0.0,13.037108428491097,0.0,11.974879675205418,0.0,9.456770831710088,0.0
Arahn,341.9921568627451,0.0,16.98872774619831,0.0,344.9571448626257,0.0,225.0,0.0,143.2472121658795,0.0,12.085689768399579,0.0,15.0,0.0,9.676124765525923,0.0,726.6668865764146,0.0,110.29854071934263,0.0,76.24203394119095,0.0,5.598980760232717,0.0,10.463322261842782,0.0,870.1632681343843,0.0,1316.0716687291144,0.0,12.085689772525155,0.0,11.913924895081307,0.0,8.717812464258177,0.0
Arcer,274.678431372549,0.0,15.202149324961379,0.0,336.5046450853516,0.0,175.0,0.0,110.58689300861501,0.0,11.532402818872319,0.0,13.228756555322953,0.0,8.46492610761495,0.0,725.9565297710112,0.0,95.50685360861601,0.0,64.72441475870689,0.0,5.104986456991417,0.0,10.492066555830721,0.0,1031.103451463405,0.0,1234.939386780138,0.0,11.53240282655043,0.0,9.791447928874321,0.0,7.319734750346988,0.0
Arche,316.0549019607844,0.0,16.327771102902364,0.0,341.3173579221034,0.0,193.0,0.0,123.04165782518443,0.0,11.798955844930608,0.0,13.892443989449804,0.0,8.983657991748757,0.0,727.2433764330347,0.0,103.53465519117904,0.0,72.11033162515372,0.0,4.433744654658939,0.0,9.836525650584733,0.0,955.799321614327,0.0,1304.468527018668,0.0,11.798955848999721,0.0,10.788270689691098,0.0,7.916993809195832,0.0
Ardal,323.6392156862745,0.0,16.65958050050789,0.0,370.1703188063058,0.0,250.0,0.0,166.60160577517516,0.0,12.98585781601651,0.0,15.811388300841896,0.0,10.730064866280577,0.0,848.5314642980472,0.0,156.12701360509843,0.0,126.59930368968502,0.0,4.2088389030037865,0.0,10.720816736708128,0.0,3603.119328881141,0.0,1830.9636580604265,0.0,12.985857810107202,0.0,12.655555671235026,0.0,9.775929047343475,0.0
Arena,316.5019607843137,0.0,16.353222360868397,0.0,332.1135799769444,0.0,199.0,0.0,124.15372300648191,0.0,11.537302083511165,0.0,14.106735979665885,0.0,8.903895691968131,0.0,725.0888457187402,0.0,99.1974963512707,0.0,66.40597073994311,0.0,3.616175918600035,0.0,9.116528028895306,0.0,1804.4764098630299,0.0,1666.4940096090518,0.0,11.537302095955619,0.0,11.055444316103655,0.0,7.871171235587978,0.0
Argon,363.313725490196,0.0,17.51335536958645,0.0,368.5148580098424,0.0,248.0,0.0,160.93109529093158,0.0,12.726089155124592,0.0,15.748015748023622,0.0,10.394279024018921,0.0,2327.24824311746,0.0,257.4434927695889,0.0,187.77106331877286,0.0,4.414894008619852,0.0,10.100962118431337,0.0,1483.4397381861397,0.0,1231.7413793277417,0.0,12.726089162036452,0.0,12.79169365763582,0.0,9.36039207875827,0.0
Arier,272.19607843137254,0.0,15.242776571245894,0.0,347.8490131285905,0.0,200.0,0.0,127.86037261111296,0.0,12.00894392365977,0.0,14.142135623730951,0.0,9.1511141642555,0.0,725.4914042823211,0.0,100.01262941640259,0.0,68.00999789499086,0.0,5.18314102526689,0.0,8.632283590196321,0.0,1480.154392542393,0.0,1326.5418098702553,0.0,12.008943931406494,0.0,10.532374463610305,0.0,8.084372455403331,0.0
Arman,367.46666666666664,0.0,17.598257576885466,0.0,397.7051277897919,0.0,281.0,0.0,189.1303337085902,0.0,13.7484538525529,0.0,16.76305461424021,0.0,11.494253893603297,0.0,763.6547016499999,0.0,279.64217612521026,0.0,206.61500210000128,0.0,4.29059315238912,0.0,9.593849712979221,0.0,3224.6372473271026,0.0,2120.516264441243,0.0,13.748453853784214,0.0,13.876597903197071,0.0,10.567277939123654,0.0
Armee,355.01176470588234,0.0,17.3524657074553,0.0,390.052178784223,0.0,251.0,0.0,169.38758493897393,0.0,13.421734731076468,0.0,15.84297951775486,0.0,10.911956049056998,0.0,763.3228926813223,0.0,276.6450811566686,0.0,204.83143340113784,0.0,4.3559721469104025,0.0,9.347294589246168,0.0,1212.2252021470108,0.0,1828.803567644685,0.0,13.42173473524754,0.0,13.118164549357605,0.0,9.965158479135455,0.0
Armen,366.19607843137254,0.0,17.626749097239234,0.0,396.06486462408213,0.0,271.0,0.0,182.59019418864906,0.0,13.661343583237635,0.0,16.46207763315433,0.0,11.30776543885053,0.0,763.4680666109027,0.0,278.09526109205143,0.0,205.7190000998478,0.0,4.2301240533591296,0.0,9.051267063282687,0.0,1212.9888904079367,0.0,1829.022743106103,0.0,13.661343587862158,0.0,13.654347694938783,0.0,10.392718446761503,0.0
Armöt,356.2313725490196,0.0,17.341337429747583,0.0,420.51155628987243,0.0,304.0,0.0,207.0717199450344,0.0,14.357525610537635,0.0,17.435595774162696,0.0,12.103518074096158,0.0,780.0196965719723,0.0,347.19034169420644,0.0,258.8002029581446,0.0,5.724326422120187,0.0,33.79490906426875,0.0,2215.027953665894,0.0,2540.65283812163,0.0,14.357525611827038,0.0,14.443125036122161,0.0,11.12849312326661,0.0
Aroma,362.1333333333334,0.0,17.423746981116782,0.0,400.3248328217429,0.0,285.0,0.0,191.61150067627213,0.0,13.788271766854322,0.0,16.881943016134134,0.0,11.574832229513339,0.0,780.3110410026982,0.0,325.68658016563165,0.0,243.676054089091,0.0,6.584416589281119,0.0,10.176035560707351,0.0,3313.2678772267955,0.0,1430.723052578695,0.0,13.788271771587599,0.0,14.072331878007294,0.0,10.628368958440126,0.0
Arten,298.0862745098039,0.0,15.961450099328582,0.0,342.6952382880735,0.0,206.0,0.0,131.08481586769386,0.0,11.907797954926714,0.0,14.352700094407323,0.0,9.242878421531652,0.0,725.4664126164812,0.0,101.524117337027,0.0,69.19174026627711,0.0,5.154258308689447,0.0,8.480172801529166,0.0,1481.2761129379592,0.0,1729.3700182605562,0.0,11.907797961009615,0.0,11.14125522020243,0.0,8.221778505624512,0.0
Artis,262.65098039215684,0.0,14.97285510014899,0.0,356.311421845347,0.0,219.0,0.0,141.68072556848753,0.0,12.34519862756234,0.0,14.798648586948742,0.0,9.688947976119895,0.0,726.0278628820857,0.0,106.72414617819204,0.0,73.2358912138893,0.0,6.0489640328347285,0.0,9.236380209399718,0.0,2819.617294868762,0.0,2036.7894435432506,0.0,12.345198665921249,0.0,11.243255358344184,0.0,8.624443148488202,0.0
Asien,306.8666666666667,0.0,16.17856575855365,0.0,338.4064212109188,0.0,201.0,0.0,128.1362665457207,0.0,11.77032357198291,0.0,14.177446878757825,0.0,9.14080459567963,0.0,727.0485713945159,0.0,110.97572651488485,0.0,77.87399253116276,0.0,4.629005172609243,0.0,11.482999206169099,0.0,1434.1112119152874,0.0,1300.9472997611813,0.0,11.770323579700017,0.0,10.984216213076033,0.0,8.137933257479007,0.0
Astän,319.4666666666667,0.0,16.409511406210182,0.0,348.1021489526556,0.0,221.0,0.0,142.85613139927582,0.0,12.16044406936296,0.0,14.866068747318506,0.0,9.734411851485811,0.0,739.8609868091645,0.0,195.37287728725912,0.0,154.05282969255302,0.0,4.927055588639582,0.0,27.678461190519958,0.0,4525.474042030342,0.0,2285.7445462839974,0.0,12.160444071518052,0.0,11.831202905658484,0.0,8.741615875755496,0.0
Athen,339.4627450980392,0.0,17.036979026919834,0.0,349.8407536992484,0.0,224.0,0.0,144.6094416232691,0.0,12.245460737432227,0.0,14.966629547095765,0.0,9.798235602234433,0.0,727.554418749827,0.0,115.46274302158787,0.0,82.63000525573396,0.0,3.5171964006940795,0.0,11.144261514783862,0.0,1030.5009429055408,0.0,1256.7854437302522,0.0,12.24546074755556,0.0,12.051342101604728,0.0,8.838088984510811,0.0
Atmen,364.9372549019607,0.0,17.64484212657242,0.0,402.06545855572057,0.0,280.0,0.0,190.75535631848797,0.0,13.894977739332848,0.0,16.73320053068151,0.0,11.612269519649342,0.0,764.4155877642027,0.0,281.7058262041898,0.0,208.88621983897468,0.0,4.322425928980006,0.0,11.050417636189223,0.0,1106.6108766601471,0.0,1828.6379070977957,0.0,13.894977744031301,0.0,14.038125413136465,0.0,10.709124016226177,0.0
Augen,381.43921568627445,0.0,18.02921845741832,0.0,351.8539308825541,0.0,212.0,0.0,137.4614686849539,0.0,12.177918825702116,0.0,14.560219778561036,0.0,9.604083534628545,0.0,2326.8131813618234,0.0,250.77253977070512,0.0,183.3362144526546,0.0,3.9360157381931784,0.0,9.126365093137393,0.0,1178.7326474340068,0.0,1260.8438033237453,0.0,12.177918833443517,0.0,11.888364319655423,0.0,8.578492428100862,0.0
Aurer,296.25098039215686,0.0,15.876124656296584,0.0,330.9556049598698,0.0,169.0,0.0,106.6313579706976,0.0,11.408971705263541,0.0,13.0,0.0,8.302303160226748,0.0,724.8362930796518,0.0,91.28689656257536,0.0,61.29719315302872,0.0,6.704608602942925,0.0,8.760073071511645,0.0,1753.083069735444,0.0,1799.5779534146454,0.0,11.408971711901264,0.0,9.772593049311814,0.0,7.16488622841507,0.0
Autor,300.84313725490193,0.0,16.00537443376725,0.0,341.8261354218134,0.0,199.0,0.0,126.83997402898895,0.0,11.8479407799325,0.0,14.106735979665885,0.0,9.097380292444566,0.0,725.9983559592018,0.0,104.84914248597603,0.0,71.3094637688341,0.0,5.83209624145368,0.0,10.17553555997132,0.0,1693.1684119226707,0.0,1698.8883767917273,0.0,11.84794078361283,0.0,10.909814251099972,0.0,8.020668554280267,0.0
Babys,370.50588235294117,0.0,17.70345541745455,0.0,345.93583945487694,0.0,206.0,0.0,132.4390809717794,0.0,11.973704933645212,0.0,14.352700094407323,0.0,9.376273917482738,0.0,10234.122780970913,0.0,354.55159762223025,0.0,260.9841657248079,0.0,6.5137293392675035,0.0,13.825561735177086,0.0,1060.540747998304,0.0,1391.3333763415637,0.0,11.973704934156856,0.0,11.814217882090636,0.0,8.313235490620368,0.0
Backe,359.9686274509804,0.0,17.428115445937472,0.0,324.5892733246387,0.0,164.0,0.0,102.30379414329371,0.0,11.14700111448293,0.0,12.806248474865697,0.0,8.096461591286097,0.0,726.8208215505173,0.0,112.30431030025407,0.0,74.58635895773098,0.0,4.875610158013852,0.0,8.741329729256124,0.0,935.5883158318458,0.0,2112.7050450493875,0.0,11.14700110775925,0.0,10.239170005912452,0.0,6.9912589437316655,0.0
Bahre,358.1411764705882,0.0,17.463821668862025,0.0,322.2879286094158,0.0,176.0,0.0,107.85012378075251,0.0,11.14136303317457,0.0,13.2664991614216,0.0,8.244790917365536,0.0,725.0983409710901,0.0,89.55451808056324,0.0,60.966648466309856,0.0,7.354717716968685,0.0,9.013647635696968,0.0,4616.983330763104,0.0,400.645160719739,0.0,11.14136303291394,0.0,10.75993940769249,0.0,7.1820265191052535,0.0
Banco,352.0901960784314,0.0,17.25527227766614,0.0,311.6015574507355,0.0,164.0,0.0,98.94524220262178,0.0,10.69553399373751,0.0,12.806248474865697,0.0,7.799620983152123,0.0,725.849068759852,0.0,90.34546039258419,0.0,58.838517775039,0.0,6.426280291887136,0.0,9.67172741109818,0.0,1337.3775450401238,0.0,395.63595644718777,0.0,10.695533992735013,0.0,10.563975728991553,0.0,6.752567802716111,0.0
Banda,388.16078431372546,0.0,18.202764576186517,0.0,323.2220475523244,0.0,201.0,0.0,124.51579237229714,0.0,11.331345390984438,0.0,14.177446878757825,0.0,8.931730510959214,0.0,835.8257318014411,0.0,119.61303264119009,0.0,93.15236873885875,0.0,2.956874396144173,0.0,8.688869062253591,0.0,2026.313215972053,0.0,1124.6302416757214,0.0,11.33134538787436,0.0,11.98460258463536,0.0,8.029951520053366,0.0
Bande,386.89019607843136,0.0,18.230311358029194,0.0,321.7836109963721,0.0,190.0,0.0,117.6538817482101,0.0,11.233330782894955,0.0,13.784048752090222,0.0,8.688466040216689,0.0,835.7196856467192,0.0,116.41466858502271,0.0,91.46530168108775,0.0,3.094845358234675,0.0,8.287787604931285,0.0,2025.2497396884833,0.0,1122.3287486116762,0.0,11.233330780588377,0.0,11.59260063086186,0.0,7.764474090383501,0.0
Bands,378.60392156862747,0.0,17.987502175821486,0.0,325.10139141984496,0.0,191.0,0.0,119.52339280748708,0.0,11.350875426841323,0.0,13.820274961085254,0.0,8.800464109650434,0.0,835.8222164516246,0.0,117.42554702230261,0.0,92.32523234628106,0.0,4.275546328227987,0.0,8.531575270879117,0.0,2026.3173293694088,0.0,1122.4372404732906,0.0,11.350875423942698,0.0,11.583653837047189,0.0,7.868733115038698,0.0
Banja,357.6901960784313,0.0,17.46423598784055,0.0,339.1329340492897,0.0,209.0,0.0,131.50364053097462,0.0,11.766037718677842,0.0,14.45683229480096,0.0,9.24316683921977,0.0,5318.444043219958,0.0,391.72245416556825,0.0,343.5912117236846,0.0,6.106669210816717,0.0,12.601901164221442,0.0,1849.519568861791,0.0,2010.677055063543,0.0,11.766037758940966,0.0,11.907463420951562,0.0,8.277256429416205,0.0
Banjo,362.2705882352941,0.0,17.592204505455932,0.0,345.4954936786761,0.0,216.0,0.0,137.33537294857314,0.0,11.973061030008296,0.0,14.696938456699069,0.0,9.494880417530508,0.0,5318.668583902219,0.0,394.44635215277543,0.0,345.25849484859555,0.0,5.331110211166796,0.0,13.141718459694472,0.0,1855.2182657803587,0.0,2011.5543519723626,0.0,11.97306106980597,0.0,12.165666404859937,0.0,8.521048773740947,0.0
Bantu,350.6666666666667,0.0,17.36503090543722,0.0,325.2004419391309,0.0,201.0,0.0,122.3589749819789,0.0,11.285821196361235,0.0,14.177446878757825,0.0,8.715705113548532,0.0,723.9831663621138,0.0,88.77476513076996,0.0,56.96623595735123,0.0,6.613623053983165,0.0,11.113846063351899,0.0,3682.362111975742,0.0,584.3464259530355,0.0,11.285821193477497,0.0,11.469912918844592,0.0,7.725599021435551,0.0
Barde,359.8196078431373,0.0,17.562695076843088,0.0,326.3282835645607,0.0,182.0,0.0,114.11261699778314,0.0,11.357000733560819,0.0,13.490737563232042,0.0,8.61812168199918,0.0,835.9284439708402,0.0,117.66000299382623,0.0,92.41747360993516,0.0,5.011246642403951,0.0,8.497471275992188,0.0,2265.904728574977,0.0,1727.4922704093065,0.0,11.357000731401337,0.0,11.196959120372211,0.0,7.615599183677556,0.0
Bares,324.36470588235295,0.0,16.583186085486314,0.0,309.72972789831783,0.0,141.0,0.0,85.53472664296322,0.0,10.586638498727536,0.0,11.874342087037917,0.0,7.2800139570420175,0.0,723.4596016977507,0.0,75.27623482975693,0.0,47.6330042584197,0.0,8.602519272382365,0.0,7.208484418232332,0.0,1602.3187478112106,0.0,1379.8263674572115,0.0,10.586638504652694,0.0,9.508443080432121,0.0,6.109945145639757,0.0
Bargs,366.5960784313726,0.0,17.601297530025576,0.0,342.4385059379655,0.0,181.0,0.0,116.34778719969295,0.0,11.747597970928854,0.0,13.45362404707371,0.0,8.809439401399839,0.0,2478.697296901564,0.0,249.9565148894411,0.0,182.46087961169357,0.0,5.512028227562317,0.0,8.707117678239817,0.0,3368.8319640618433,0.0,1858.481226192031,0.0,11.747597972133706,0.0,11.017825998891647,0.0,7.647132775971982,0.0
Barke,357.56470588235294,0.0,17.403091374485644,0.0,329.60466371320547,0.0,175.0,0.0,109.64529349671824,0.0,11.380310161401912,0.0,13.228756555322953,0.0,8.403682896452464,0.0,726.2008817467361,0.0,114.60949903302647,0.0,76.20203435627418,0.0,5.04070156290541,0.0,8.381392281011314,0.0,1720.3020965846447,0.0,2488.9203821988594,0.0,11.380310156302947,0.0,10.580713150815644,0.0,7.3090166948994595,0.0
Basam,392.48627450980393,0.0,18.181611896351704,0.0,378.84410833312995,0.0,236.0,0.0,159.97732611976332,0.0,13.114053363066143,0.0,15.362291495737216,0.0,10.646060469654666,0.0,851.187393672686,0.0,475.00828328264436,0.0,366.75837749052266,0.0,6.361495997970797,0.0,10.8093009829543,0.0,3082.618654028688,0.0,1245.0968115600074,0.0,13.114053363659549,0.0,13.302287380945591,0.0,9.696712622925755,0.0
Basar,325.63529411764705,0.0,16.552898439586027,0.0,314.9366131858215,0.0,155.0,0.0,95.30233739096593,0.0,10.829344524845272,0.0,12.449899597988733,0.0,7.732015261833283,0.0,724.165675630964,0.0,84.39351462364776,0.0,54.7888471318311,0.0,9.672456518790705,0.0,9.087997968461435,0.0,3081.9099744385962,0.0,1244.1352674403836,0.0,10.829344524732,0.0,9.83056407603279,0.0,6.55457303013226,0.0
Basen,351.4352941176471,0.0,17.288668386963376,0.0,309.69751898556274,0.0,154.0,0.0,93.88259753302353,0.0,10.667033693269117,0.0,12.409673645990857,0.0,7.642707082016842,0.0,723.8333561902596,0.0,79.62977052688751,0.0,51.279328366131764,0.0,5.191780022698861,0.0,7.817777733696673,0.0,748.1695978218218,0.0,628.602194265349,0.0,10.667033699220859,0.0,10.146893170436071,0.0,6.559168810063714,0.0
Basis,316.0,0.0,16.380371032766263,0.0,323.3137025428364,0.0,167.0,0.0,104.47850723381721,0.0,11.15320065415972,0.0,12.922847983320086,0.0,8.17654468038014,0.0,724.3960721733362,0.0,86.16146081959404,0.0,56.61773890308798,0.0,10.474963901658807,0.0,8.463408773146547,0.0,2513.8669285718206,0.0,1245.2244093886684,0.0,11.153200695462965,0.0,10.258784729165102,0.0,7.057341799919281,0.0
Batik,340.34117647058827,0.0,17.06787904791208,0.0,352.86825705361247,0.0,222.0,0.0,142.44445227354316,0.0,12.251894781707623,0.0,14.89966442575134,0.0,9.6899678064318,0.0,729.0789972600878,0.0,138.0181125339738,0.0,95.53842793490263,0.0,7.088021496399479,0.0,10.724990304737883,0.0,2719.522269045694,0.0,1674.1779466537853,0.0,12.2518948223277,0.0,11.852380850164659,0.0,8.680548119582355,0.0
Bauch,368.63529411764705,0.0,17.702330870882705,0.0,322.9521871532566,0.0,184.0,0.0,112.25423675734854,0.0,11.15443271128678,0.0,13.564659966250536,0.0,8.389003288915564,0.0,727.8109992381703,0.0,98.12246754912465,0.0,69.350184921849,0.0,4.901753020110269,0.0,9.43889043938635,0.0,1957.4691174589707,0.0,779.3896773808699,0.0,11.15443271052096,0.0,11.152628067213955,0.0,7.366535118833379,0.0
Bauda,385.0666666666667,0.0,18.145584944542936,0.0,324.853990275717,0.0,206.0,0.0,126.72202919443876,0.0,11.368671583166497,0.0,14.352700094407323,0.0,8.980632152701611,0.0,835.8673958194223,0.0,120.3951560148349,0.0,93.35913232995199,0.0,3.140707100334943,0.0,9.58316027839635,0.0,2483.8944309372796,0.0,1312.287691053297,0.0,11.368671580044172,0.0,12.08130797975248,0.0,8.044486330165633,0.0
Bauts,331.1960784313726,0.0,16.82724169472442,0.0,321.2309900030492,0.0,183.0,0.0,111.11492037266463,0.0,11.08898877481376,0.0,13.527749258468683,0.0,8.30245526350862,0.0,723.8478254757963,0.0,84.5797988805955,0.0,54.234468927546416,0.0,9.78052932684995,0.0,8.422730353140953,0.0,3952.5053050391475,0.0,892.7802549468047,0.0,11.088988771544512,0.0,10.850707320561172,0.0,7.226928851691851,0.0
Bcckt,328.07058823529405,0.0,16.66280462751077,0.0,348.0647334191823,0.0,199.0,0.0,126.20618714785905,0.0,11.914334221638907,0.0,14.106735979665885,0.0,9.05901589191101,0.0,729.231543261393,0.0,119.16890031814032,0.0,79.67830044948549,0.0,7.099453297515206,0.0,14.06332375700293,0.0,869.8384922136082,0.0,2106.734092115578,0.0,11.914334215290683,0.0,11.043057798465796,0.0,7.907123859992402,0.0
Bcdfw,384.37254901960785,0.0,18.125883451669292,0.0,396.98222443596603,0.0,289.0,0.0,192.12476235985173,0.0,13.677225766627055,0.0,17.0,0.0,11.537412752344293,0.0,3693.4242970761516,0.0,803.4190560248542,0.0,634.1286754882584,0.0,4.073860133067513,0.0,28.496405899661028,0.0,1857.9806997439157,0.0,1098.5207153224887,0.0,13.677225775631337,0.0,13.992026323076715,0.0,10.53638115334869,0.0
Bdhnf,408.44313725490196,0.0,18.76994456347172,0.0,361.82078031818367,0.0,233.0,0.0,152.02566837556947,0.0,12.603520273368817,0.0,15.264337522473747,0.0,10.152931992040935,0.0,2062.3482853176424,0.0,320.38679633901387,0.0,290.62080388221585,0.0,6.162493261505182,0.0,19.572581625003647,0.0,1726.8345895988118,0.0,1246.7551337886423,0.0,12.603520283921265,0.0,12.681794439674887,0.0,9.168950317578972,0.0
Beben,382.43137254901956,0.0,18.17042224389235,0.0,323.8564783093444,0.0,183.0,0.0,113.65149954240201,0.0,11.233768823517654,0.0,13.527749258468683,0.0,8.52600312095634,0.0,725.7146514838344,0.0,101.21147887337465,0.0,70.86023186808383,0.0,3.729921659408754,0.0,8.802419807643698,0.0,956.0617239117524,0.0,470.79588696108186,0.0,11.233768830086392,0.0,11.297464605421697,0.0,7.54119861071206,0.0
Beere,331.38039215686274,0.0,16.876009375026726,0.0,314.6298248171627,0.0,154.0,0.0,92.1156093333656,0.0,10.719851494620801,0.0,12.409673645990857,0.0,7.503488310481108,0.0,723.6381757413076,0.0,77.15172015976174,0.0,48.851518175332686,0.0,8.387609863726423,0.0,8.144157109778593,0.0,4655.098476565532,0.0,478.0425990305648,0.0,10.719851492952628,0.0,9.78220779224681,0.0,6.300822605040714,0.0
Beete,330.121568627451,0.0,16.894906402837233,0.0,319.08679096035974,0.0,167.0,0.0,101.15888076282414,0.0,10.927268463367051,0.0,12.922847983320086,0.0,7.913735762620477,0.0,723.8232055367454,0.0,80.85741047284296,0.0,51.7096361033274,0.0,8.504451489827256,0.0,7.909158821357615,0.0,3620.9555816627276,0.0,675.1610577666537,0.0,10.92726846085025,0.0,10.281159401648459,0.0,6.76665459819007,0.0
Beine,342.48627450980393,0.0,17.219245690370084,0.0,320.8993185984285,0.0,171.0,0.0,104.52585762378743,0.0,11.054025052123404,0.0,13.076696830622021,0.0,8.072856719356917,0.0,723.6882174364132,0.0,79.43630246706186,0.0,50.51026060651134,0.0,5.594638517581116,0.0,7.587051430794638,0.0,1723.2239061143098,0.0,1210.1267847471095,0.0,11.05402506228957,0.0,10.369078929533554,0.0,7.02826603742508,0.0
Bekem,423.14509803921567,0.0,18.98535666722178,0.0,399.1100682211462,0.0,258.0,0.0,175.77370151695527,0.0,13.674679481581407,0.0,16.06237840420901,0.0,11.189172499862913,0.0,853.3967124626539,0.0,482.28512186105206,0.0,371.39636021865067,0.0,4.625321237617288,0.0,11.954990450500341,0.0,2909.583286139125,0.0,880.3158668975459,0.0,13.674679486370175,0.0,13.815581290603543,0.0,10.248491968649631,0.0
Betel,321.27450980392155,0.0,16.747944378560113,0.0,341.05607659558365,0.0,188.0,0.0,121.16036910151652,0.0,11.821097228988288,0.0,13.711309200802088,0.0,8.977580666478651,0.0,727.2141354447269,0.0,111.34274106747037,0.0,86.17390580838857,0.0,9.028603009828581,0.0,9.131923069624106,0.0,1250.593141217516,0.0,1271.07217226615,0.0,11.82109723197823,0.0,10.867531012228776,0.0,7.926897340939422,0.0
Beule,346.5098039215686,0.0,17.368738572066054,0.0,330.8968354242419,0.0,194.0,0.0,119.61156087934253,0.0,11.443004042814877,0.0,13.92838827718412,0.0,8.713717384655682,0.0,724.9079507823276,0.0,93.48724191466592,0.0,66.08217111844047,0.0,7.028763874434176,0.0,8.474856892391347,0.0,2674.1054405015075,0.0,1831.745511220013,0.0,11.443004086196346,0.0,11.089841903498892,0.0,7.658910745260672,0.0
Beuns,358.2549019607843,0.0,17.533325439321793,0.0,314.97539152243337,0.0,171.0,0.0,102.21089000655957,0.0,10.813745349378607,0.0,13.076696830622021,0.0,7.886975735832185,0.0,723.4576829527906,0.0,78.00536617985233,0.0,48.78856898162039,0.0,6.217012743264184,0.0,8.434172449203695,0.0,2227.561380341479,0.0,1301.4481280445787,0.0,10.813745360118155,0.0,10.521723852639507,0.0,6.805529691854786,0.0
Bezug,394.8705882352941,0.0,18.436610853452162,0.0,354.9429520562169,0.0,205.0,0.0,131.1877453005153,0.0,12.139347861628577,0.0,14.317821063276353,0.0,9.34146925439904,0.0,4257.055788529221,0.0,426.49481431575384,0.0,324.3374782187911,0.0,5.637720154404329,0.0,15.349451956549961,0.0,4641.376992867749,0.0,1552.7011864333977,0.0,12.139347869081472,0.0,11.739914921748577,0.0,8.178800446241906,0.0
Bgrkq,425.7450980392157,0.0,19.06156399243658,0.0,391.43193759398116,0.0,260.0,0.0,175.95968149065976,0.0,13.479531616548279,0.0,16.1245154965971,0.0,11.160694795384899,0.0,46379.10904253906,0.0,10492.322229522575,0.0,10085.422148932028,0.0,4.482120490525673,0.0,73.12229297581732,0.0,1786.438160451128,0.0,2497.5515638073325,0.0,13.47953161207731,0.0,13.47924950341849,0.0,10.205902155463356,0.0
Bgtts,346.92156862745094,0.0,17.256414817814136,0.0,366.83585808273426,0.0,226.0,0.0,148.36392513221728,0.0,12.608513257172339,0.0,15.033296378372908,0.0,10.04752321774606,0.0,3644.3574815619368,0.0,1755.177518690997,0.0,1325.6090985311346,0.0,12.927637261890837,0.0,19.864034139010254,0.0,3721.532984572068,0.0,1354.843549977849,0.0,12.608513252413026,0.0,12.159470546018069,0.0,9.006996662009485,0.0
Bhrps,375.26666666666665,0.0,17.890492213725302,0.0,347.8454247016152,0.0,192.0,0.0,125.2580387297418,0.0,12.042299295946968,0.0,13.856406460551018,0.0,9.215176288334229,0.0,826.957708154468,0.0,178.56895670462467,0.0,153.65532203020956,0.0,7.030533445763008,0.0,12.30967841808091,0.0,2095.601758170514,0.0,1383.378829724466,0.0,12.042299306279626,0.0,11.3945350837723,0.0,8.150230280051522,0.0
Bhthl,372.2549019607843,0.0,17.968628734776274,0.0,369.47575571051675,0.0,238.0,0.0,158.02353157151592,0.0,12.902120596999863,0.0,15.427248620541512,0.0,10.42076564969179,0.0,732.6097213105048,0.0,139.9428316627802,0.0,110.72236021983991,0.0,7.246217711920565,0.0,12.58772754798147,0.0,1210.725638271241,0.0,1351.661131742805,0.0,12.902120599523178,0.0,12.50237964253497,0.0,9.42211126480943,0.0
Bhwxz,398.3607843137255,0.0,18.444944523359762,0.0,392.27974423143763,0.0,263.0,0.0,175.30548603855664,0.0,13.499214451921825,0.0,16.217274740226856,0.0,11.013367732775693,0.0,994.5190805490994,0.0,253.03252633664488,0.0,204.29348018160582,0.0,6.998697448551842,0.0,44.58139444648116,0.0,5505.911303648712,0.0,641.7751354626885,0.0,13.499214450429045,0.0,12.832367585431756,0.0,9.85860442896751,0.0
Bibel,346.43529411764706,0.0,17.419315179715234,0.0,364.00518475323435,0.0,239.0,0.0,157.43249858941226,0.0,12.724507469274826,0.0,15.459624833740307,0.0,10.362526602812151,0.0,729.5738575840993,0.0,132.15651575660584,0.0,102.20371415313193,0.0,6.6473421151142995,0.0,9.958509290203342,0.0,1373.0879194067336,0.0,1027.6341275055665,0.0,12.724507475316901,0.0,12.665780517131866,0.0,9.428726512703586,0.0
Biegi,357.56862745098044,0.0,17.59313941291187,0.0,376.1192579634079,0.0,246.0,0.0,161.3216990224425,0.0,12.93096752539715,0.0,15.684387141358123,0.0,10.462302712002375,0.0,2479.154839181039,0.0,257.2074786984057,0.0,187.74368091929438,0.0,5.290060680518426,0.0,10.016409293687326,0.0,3285.1877043877957,0.0,1634.862847414132,0.0,12.930967527417957,0.0,12.680222179530888,0.0,9.394264732978092,0.0
Biere,315.41568627450977,0.0,16.510797324684503,0.0,334.74743192058565,0.0,194.0,0.0,120.21209055837686,0.0,11.54590711400917,0.0,13.92838827718412,0.0,8.740421226876705,0.0,724.1429835190438,0.0,86.77600189686271,0.0,56.588937459143324,0.0,7.65219523553783,0.0,8.277526633069298,0.0,4752.205582976682,0.0,1027.50041438777,0.0,11.545907113155103,0.0,11.051068238737706,0.0,7.670178181621778,0.0
Biest,305.8705882352941,0.0,16.26193655583319,0.0,345.34838869046143,0.0,208.0,0.0,131.6823864173235,0.0,11.932031236085518,0.0,14.422205101855956,0.0,9.240344173721223,0.0,724.8459633338867,0.0,91.58168967593113,0.0,60.805680933448066,0.0,10.415482716625274,0.0,8.406102958544581,0.0,1404.4361350432162,0.0,1030.8962186327537,0.0,11.932031235076428,0.0,11.370420594303528,0.0,8.112735480632011,0.0
Binde,369.65490196078434,0.0,17.92078687100889,0.0,345.72752819150355,0.0,231.0,0.0,146.3223655757219,0.0,12.10121904193569,0.0,15.198684153570664,0.0,9.79389418311682,0.0,836.2317696323166,0.0,122.75044403847114,0.0,95.74145270573987,0.0,3.7643232229866364,0.0,8.510594232920152,0.0,2213.6982584588086,0.0,1433.1469139875237,0.0,12.101219040563686,0.0,12.605258408482431,0.0,8.89900446818044,0.0
Blama,391.92549019607844,0.0,18.287176036276794,0.0,402.170342023633,0.0,297.0,0.0,199.94075315931136,0.0,13.927344056143195,0.0,17.233687939614086,0.0,11.845671273138596,0.0,780.5381329025621,0.0,326.5685103060564,0.0,245.92402682077898,0.0,4.547444164870855,0.0,9.854685107909996,0.0,3096.2972006815003,0.0,608.1982085262295,0.0,13.92734405851533,0.0,14.681410832214782,0.0,10.962230628665438,0.0
Blete,321.27450980392155,0.0,16.747944378560113,0.0,347.2331546139038,0.0,216.0,0.0,137.73656864094966,0.0,12.064676921416071,0.0,14.696938456699069,0.0,9.518130795188595,0.0,726.262348165792,0.0,106.85771758552312,0.0,78.52361199195384,0.0,8.0894029613785,0.0,8.751346278699936,0.0,3719.782357897159,0.0,748.2194000247152,0.0,12.064676918062533,0.0,11.804273141874358,0.0,8.506667707752689,0.0
Bljts,309.68627450980387,0.0,16.432002421358995,0.0,382.3257118405677,0.0,253.0,0.0,168.57924424898744,0.0,13.200976846686682,0.0,15.905973720586866,0.0,10.781079246785055,0.0,12094.906577336746,0.0,820.397624677808,0.0,730.9981908176045,0.0,10.132012079237322,0.0,19.20006680244914,0.0,3634.1899005179466,0.0,891.880013453606,0.0,13.200976842868153,0.0,12.814841881383872,0.0,9.810899835193457,0.0
Bllly,327.0,0.0,16.938380760605018,0.0,401.80463833612873,0.0,287.0,0.0,193.93089659380252,0.0,13.890477302823399,0.0,16.941074346097416,0.0,11.631558565929526,0.0,2391.3657947704,0.0,199.03302874461357,0.0,143.22180649504125,0.0,7.026227845880501,0.0,10.00028851857494,0.0,2374.825796680346,0.0,1767.2962290732983,0.0,13.890477341448282,0.0,13.489599413049115,0.0,10.655554901077563,0.0
Bllsd,348.4549019607843,0.0,17.4662871843049,0.0,381.14459346729154,0.0,261.0,0.0,176.0378445140964,0.0,13.335025008955208,0.0,16.15549442140351,0.0,11.105652976825949,0.0,1157.1966422248656,0.0,194.12385871629186,0.0,168.8945863641496,0.0,6.436560342842503,0.0,12.693048384202934,0.0,1397.2576667247797,0.0,568.8198694657709,0.0,13.335025005818157,0.0,13.288705189025482,0.0,10.174058863039365,0.0
Block,355.7019607843137,0.0,17.414967908854614,0.0,362.9313984660354,0.0,231.0,0.0,150.97514639065014,0.0,12.55750930785703,0.0,15.198684153570664,0.0,10.095448467244898,0.0,732.1627752389481,0.0,150.44223613555786,0.0,109.34840234332846,0.0,5.071312595599365,0.0,11.136077491698341,0.0,1618.2181237127613,0.0,801.9494669159551,0.0,12.557509306228996,0.0,12.287228628933752,0.0,9.12054421473014,0.0
Blogs,378.21568627450984,0.0,17.990257092379306,0.0,371.6534838140118,0.0,235.0,0.0,155.79839422482434,0.0,12.807667960476161,0.0,15.329709716755891,0.0,10.351975228522994,0.0,2479.572451028379,0.0,261.08788462051297,0.0,192.8600059045888,0.0,4.591547596672733,0.0,10.13813000474679,0.0,3339.985689495299,0.0,1489.5677975107237,0.0,12.807667960789365,0.0,12.686052508020706,0.0,9.30630054197122,0.0
Bloht,352.6156862745098,0.0,17.4689764006357,0.0,364.53303933717166,0.0,246.0,0.0,160.28345819396168,0.0,12.713078692929459,0.0,15.684387141358123,0.0,10.37259531464306,0.0,728.3433876462908,0.0,120.41594284414572,0.0,89.1618112339024,0.0,6.081095722827776,0.0,10.64096136211539,0.0,1495.4115563393261,0.0,921.2126387219668,0.0,12.71307869466839,0.0,12.81961822263021,0.0,9.400360927315392,0.0
Bluff,341.1764705882353,0.0,17.240098819463963,0.0,382.2021913377772,0.0,271.0,0.0,175.56596636727113,0.0,13.163368333687439,0.0,16.46207763315433,0.0,10.83465877420719,0.0,735.2026048779588,0.0,171.9826131469346,0.0,135.59009224826696,0.0,6.678045848553276,0.0,15.127152974394509,0.0,2099.9636255016676,0.0,1067.0396252695411,0.0,13.163368346957174,0.0,13.26855460041974,0.0,9.787015674232787,0.0
Blume,397.4745098039216,0.0,18.545723705026333,0.0,405.20746491078836,0.0,298.0,0.0,199.16489837019753,0.0,13.953832350369463,0.0,17.26267650163207,0.0,11.792778113489932,0.0,780.3475018952522,0.0,325.06847492509104,0.0,245.00144596836455,0.0,4.376139661962897,0.0,10.112595364319477,0.0,3585.409895320278,0.0,893.8965769430763,0.0,13.953832352412098,0.0,14.61356731996948,0.0,10.882442558936638,0.0
Bluse,338.2235294117647,0.0,17.113709764375155,0.0,341.54798967638726,0.0,210.0,0.0,132.19146304260363,0.0,11.854817606078878,0.0,14.491376746189438,0.0,9.26903718867898,0.0,726.3351982597659,0.0,104.62744199728418,0.0,76.87372874802747,0.0,6.487574416277761,0.0,9.383307738818337,0.0,2042.2381413211938,0.0,802.9193293521416,0.0,11.854817604654158,0.0,11.62122742528841,0.0,8.209428278406596,0.0
Blöße,395.88627450980397,0.0,18.370658868599023,0.0,378.2222079138685,0.0,253.0,0.0,168.86161608798812,0.0,13.13008767276506,0.0,15.905973720586866,0.0,10.81798936810389,0.0,748.9810678438729,0.0,230.4929818187088,0.0,182.54583509925172,0.0,3.8668483402300744,0.0,22.67074482246689,0.0,4852.275681478161,0.0,3427.38424521063,0.0,13.130087677204877,0.0,13.366053302223158,0.0,9.849878775987795,0.0
Bmlll,371.69019607843137,0.0,18.070406538438384,0.0,450.8596558436135,0.0,345.0,0.0,242.17184953011963,0.0,15.359812292994182,0.0,18.57417562100671,0.0,13.302595383085245,0.0,1002.1928779450722,0.0,687.1567059249803,0.0,534.8428580284864,0.0,12.03063078726227,0.0,14.319533644193037,0.0,2276.6224576057375,0.0,1774.6242869569278,0.0,15.359812333692332,0.0,15.451130464261027,0.0,12.417181855408074,0.0
Boden,391.47058823529414,0.0,18.352939081615432,0.0,328.4894053394429,0.0,197.0,0.0,123.74969776978594,0.0,11.482753551052296,0.0,14.035668847618199,0.0,8.965663347114832,0.0,844.4225472604586,0.0,122.697615469472,0.0,97.04691946695787,0.0,3.6322176262657604,0.0,8.63325672916505,0.0,1849.0117839795237,0.0,902.0663870828708,0.0,11.482753547492639,0.0,11.882586178378952,0.0,8.027611290826261,0.0
Bogen,406.5333333333333,0.0,18.627447678018285,0.0,342.4088104359165,0.0,202.0,0.0,128.13125241284672,0.0,11.803422635987816,0.0,14.212670403551895,0.0,9.172354946012149,0.0,2326.5851027759577,0.0,247.7578151587911,0.0,180.71098276060155,0.0,3.755393341622591,0.0,8.452772738223464,0.0,939.0312972582213,0.0,475.57820544770635,0.0,11.803422642078985,0.0,11.929763851519418,0.0,8.112332460234922,0.0
Bohne,389.79215686274506,0.0,18.25834553986569,0.0,322.15000634426747,0.0,184.0,0.0,112.97107876883318,0.0,11.176002260141173,0.0,13.564659966250536,0.0,8.432275401008813,0.0,725.2802978322803,0.0,90.97363315955006,0.0,61.499609612671875,0.0,4.550375563199916,0.0,8.894736066174351,0.0,1484.218146531051,0.0,1135.2705596509,0.0,11.176002271662053,0.0,11.164280965271754,0.0,7.406066930232284,0.0
Bombe,428.0627450980392,0.0,19.13957475492358,0.0,386.89307637690797,0.0,256.0,0.0,172.3350641041211,0.0,13.378448466293703,0.0,16.0,0.0,11.006315835878981,0.0,764.663660727615,0.0,281.4186168873997,0.0,208.52966261858433,0.0,3.985701662817161,0.0,10.445965621965069,0.0,1848.6005562695668,0.0,1374.60297856426,0.0,13.378448468961228,0.0,13.863703679508195,0.0,10.0630647922553,0.0
Bonus,364.1058823529412,0.0,17.632356838759538,0.0,317.43866899919544,0.0,177.0,0.0,106.70626921841216,0.0,10.929604732410422,0.0,13.30413469565007,0.0,8.091670656320288,0.0,723.8857912851201,0.0,82.78130742980784,0.0,52.27949046278185,0.0,6.737427720191415,0.0,9.027976545169498,0.0,4778.14191901871,0.0,1473.7995007077118,0.0,10.92960474172675,0.0,10.700791093679934,0.0,6.9898469520601365,0.0
Borke,362.14509803921567,0.0,17.531506213428884,0.0,335.09168387718444,0.0,183.0,0.0,115.19901002394595,0.0,11.562099550632364,0.0,13.527749258468683,0.0,8.630664654694796,0.0,726.6730952147724,0.0,117.52663391572264,0.0,78.29651752076383,0.0,5.169788896134619,0.0,8.537378174817443,0.0,1718.0136203632983,0.0,2483.19116656182,0.0,11.562099545804454,0.0,10.76598911329336,0.0,7.502667498440255,0.0
Borte,320.08627450980396,0.0,16.571620103324367,0.0,326.3129595883513,0.0,177.0,0.0,109.05162426804677,0.0,11.244027134763096,0.0,13.30413469565007,0.0,8.29127001122223,0.0,724.396077831869,0.0,87.74004779145692,0.0,56.951289262005204,0.0,9.584755598288467,0.0,7.5663423148874,0.0,3818.009456127689,0.0,1426.6366102314714,0.0,11.244027130484168,0.0,10.514581969587368,0.0,7.137474793906432,0.0
Bosse,336.5450980392157,0.0,16.88182276956692,0.0,315.24795161076815,0.0,149.0,0.0,91.86276021629884,0.0,10.79433033767746,0.0,12.206555615733702,0.0,7.613054399988991,0.0,724.8148595146266,0.0,83.76095721131523,0.0,55.201930660319825,0.0,7.963619154032846,0.0,8.398681447843368,0.0,716.0561377205178,0.0,550.8162477852865,0.0,10.794330337695332,0.0,9.692395508013318,0.0,6.325099295995198,0.0
Boten,347.15686274509807,0.0,17.27757467636659,0.0,322.6856873273872,0.0,179.0,0.0,110.45756520424473,0.0,11.16813441023443,0.0,13.379088160259652,0.0,8.338377783639874,0.0,724.2345821434008,0.0,86.56138810978835,0.0,56.18059813376796,0.0,5.958304490887946,0.0,7.853393603085194,0.0,1269.8092100724168,0.0,1269.783973369856,0.0,11.168134413931208,0.0,10.845914495612503,0.0,7.282177002194507,0.0
Botin,331.1921568627451,0.0,16.921031959317464,0.0,338.996776301047,0.0,211.0,0.0,132.38657309543663,0.0,11.797041834876298,0.0,14.52583904633395,0.0,9.209207534945964,0.0,724.8316615087131,0.0,95.62353355657424,0.0,62.75828410830428,0.0,8.276136534109796,0.0,8.71558677378969,0.0,2714.4592905668023,0.0,1663.93674178601,0.0,11.7970418774335,0.0,11.596525659051284,0.0,8.1784955855405,0.0
Boxer,339.4666666666667,0.0,17.007934010345558,0.0,330.5301339315836,0.0,172.0,0.0,107.16193519125919,0.0,11.349532429227663,0.0,13.114877048604,0.0,8.26385180237512,0.0,725.6232514288704,0.0,98.07084499878574,0.0,67.7191297614972,0.0,9.777832357632223,0.0,16.762120783251568,0.0,2540.053116385853,0.0,864.6993777964761,0.0,11.3495324333554,0.0,10.188946488001692,0.0,7.057032679660841,0.0
Bqnhs,402.87450980392157,0.0,18.59459765360008,0.0,341.75564491526757,0.0,203.0,0.0,131.0983486000755,0.0,11.946528272219606,0.0,14.247806848775006,0.0,9.395166819521867,0.0,11067.173412604778,0.0,3322.0464414958797,0.0,3224.087660009498,0.0,5.940622755261223,0.0,38.091087921787405,0.0,1308.0043429542502,0.0,692.6986581232559,0.0,11.946528274458762,0.0,11.900529494421285,0.0,8.44777921199907,0.0
Brand,371.00392156862745,0.0,17.833745427441215,0.0,343.938169826651,0.0,227.0,0.0,144.04059630736432,0.0,12.044772639302234,0.0,15.066519173319364,0.0,9.731479746672882,0.0,1154.9503910574977,0.0,180.11571813561915,0.0,155.4978538105444,0.0,5.659634544313651,0.0,11.028052429265797,0.0,1444.0971063386946,0.0,1157.9073034992455,0.0,12.044772649002493,0.0,12.48917846238557,0.0,8.82088758116151,0.0
Brata,316.7764705882353,0.0,16.405147305997833,0.0,332.2481935029275,0.0,210.0,0.0,128.92397621033803,0.0,11.529780961354493,0.0,14.491376746189438,0.0,8.997766836246536,0.0,724.6090542792425,0.0,97.8184277977961,0.0,64.06088398019504,0.0,7.607589965466002,0.0,8.679304274392921,0.0,3548.7856883879726,0.0,632.9033091428579,0.0,11.529780958899865,0.0,11.534424405039546,0.0,7.962888301340904,0.0
Braue,340.74117647058824,0.0,17.06786192830072,0.0,323.1623585025351,0.0,190.0,0.0,114.30593472691243,0.0,11.130650799968251,0.0,13.784048752090222,0.0,8.38017115833069,0.0,724.0991422113327,0.0,89.57169410774995,0.0,57.437541219727365,0.0,4.541966866287844,0.0,9.378052007734421,0.0,4676.964100161819,0.0,1502.0060093672964,0.0,11.130650810353622,0.0,10.906052910533301,0.0,7.294472615899048,0.0
Braut,323.5960784313725,0.0,16.662782015566005,0.0,337.6442427776555,0.0,213.0,0.0,130.93659590781058,0.0,11.672676839932173,0.0,14.594519519326424,0.0,9.069414005974904,0.0,724.5371748867652,0.0,95.30689605072736,0.0,62.10633897383095,0.0,7.824584190314073,0.0,9.473618486487743,0.0,4677.947007804885,0.0,1502.8102994860099,0.0,11.672676850092211,0.0,11.432070128200229,0.0,7.978755935542584,0.0
Brett,297.0901960784314,0.0,16.045949015731527,0.0,347.1144719542782,0.0,218.0,0.0,136.12025144905834,0.0,11.969524672910586,0.0,14.7648230602334,0.0,9.330240057037273,0.0,724.848737995124,0.0,96.61384448443863,0.0,64.14727770471343,0.0,11.900177848197053,0.0,8.751217366196043,0.0,3671.1306361485404,0.0,724.2787855265443,0.0,11.96952467041434,0.0,11.51056538819367,0.0,8.217720079337816,0.0
Briea,316.686274509804,0.0,16.480376643213937,0.0,331.5514684959759,0.0,194.0,0.0,119.36181856468329,0.0,11.443770280328634,0.0,13.92838827718412,0.0,8.665011475911019,0.0,724.2939946659719,0.0,90.6450536474237,0.0,59.01144914675494,0.0,6.363621426716231,0.0,8.8368120240143,0.0,1363.8716502962188,0.0,667.407142253108,0.0,11.44377028683672,0.0,10.996271791042123,0.0,7.628576286501169,0.0
Brief,312.74901960784314,0.0,16.443247615871467,0.0,354.44643114577553,0.0,215.0,0.0,136.13608674641574,0.0,12.165714543344697,0.0,14.66287829861518,0.0,9.406296322910382,0.0,731.0900472377078,0.0,144.59666469030185,0.0,111.67379539604136,0.0,7.0584718369364845,0.0,14.074422527333835,0.0,1421.8879148839137,0.0,695.8779959612466,0.0,12.165714549041041,0.0,11.503616231016789,0.0,8.330643426179257,0.0
Brite,298.2705882352941,0.0,16.09170040709004,0.0,344.5270238895509,0.0,212.0,0.0,132.33260009772906,0.0,11.89888262276513,0.0,14.560219778561036,0.0,9.199720187544372,0.0,724.7521851723727,0.0,95.14535885660614,0.0,63.086349510904405,0.0,9.089549399804811,0.0,8.128375266184268,0.0,3724.777588130693,0.0,774.9785965132246,0.0,11.898882621112135,0.0,11.29863901559726,0.0,8.147136785015164,0.0
Brktp,365.83137254901965,0.0,17.694141548447213,0.0,376.06615939505224,0.0,258.0,0.0,168.0373315731357,0.0,13.002302533093834,0.0,16.06237840420901,0.0,10.648845726753901,0.0,1438.228179061341,0.0,381.50831974721245,0.0,355.9561582394326,0.0,4.805877538223693,0.0,18.356584628035886,0.0,4564.7059136639455,0.0,1000.0342839593695,0.0,13.002302531126508,0.0,13.072603659281521,0.0,9.639592052004222,0.0
Brntq,352.6392156862745,0.0,17.47566045072855,0.0,357.5625431612808,0.0,246.0,0.0,157.2957901045585,0.0,12.473805327942305,0.0,15.684387141358123,0.0,10.221783428322633,0.0,46241.349008028796,0.0,10344.625860189994,0.0,9997.986863594888,0.0,5.429126401057182,0.0,70.905208307561,0.0,3718.393341650753,0.0,617.4264419411779,0.0,12.473805325671584,0.0,12.87300231976053,0.0,9.300803944038119,0.0
Bruch,351.47843137254904,0.0,17.322654416021713,0.0,340.3242939637631,0.0,213.0,0.0,131.1569488651851,0.0,11.738173766018996,0.0,14.594519519326424,0.0,9.116624098553428,0.0,728.4814953348377,0.0,106.3091086145195,0.0,75.34584301864493,0.0,4.881514944793409,0.0,9.863341903230513,0.0,2020.0838134040541,0.0,800.1060349583769,0.0,11.738173765860596,0.0,11.725671940175962,0.0,8.082814345633546,0.0
Brust,314.0392156862745,0.0,16.427352215356613,0.0,341.4293070167616,0.0,212.0,0.0,130.57514585071232,0.0,11.75796717764867,0.0,14.560219778561036,0.0,9.075991190649063,0.0,724.921730148081,0.0,94.14119585691985,0.0,62.1167108617964,0.0,10.038068882725083,0.0,8.947186594129349,0.0,1952.7701398026375,0.0,780.5984770389282,0.0,11.75796717723234,0.0,11.322772536153181,0.0,7.909629605602086,0.0
Brxgr,359.96078431372547,0.0,17.5011185450187,0.0,375.12399861775873,0.0,233.0,0.0,151.3239913285978,0.0,12.80365952950673,0.0,15.264337522473747,0.0,10.088103814842832,0.0,2479.388224777757,0.0,259.66531144885766,0.0,190.13916830915178,0.0,5.357581840799247,0.0,18.48173322192547,0.0,3936.2475749304344,0.0,1536.0846174487017,0.0,12.803659531357356,0.0,11.997994388124322,0.0,8.896441635596027,0.0
Bryin,332.87450980392157,0.0,16.87722087283979,0.0,365.10105827819154,0.0,248.0,0.0,157.6505557310353,0.0,12.589728004797477,0.0,15.748015748023622,0.0,10.139403151892282,0.0,10754.54670296886,0.0,447.3974935940074,0.0,317.0458420142466,0.0,6.405495100915477,0.0,13.692313560718459,0.0,3838.094502023614,0.0,1421.4394161668038,0.0,12.589728040643834,0.0,12.425326753814899,0.0,9.073561408450939,0.0
Brühe,377.4745098039216,0.0,17.980273696874942,0.0,345.1388323303971,0.0,221.0,0.0,137.20427846754788,0.0,11.944330344199265,0.0,14.866068747318506,0.0,9.37670954863008,0.0,732.4860375156816,0.0,140.72019577709148,0.0,111.4294626835453,0.0,3.633852218153554,0.0,16.970147240634002,0.0,3442.874722144594,0.0,3103.0173922676513,0.0,11.94433034773786,0.0,12.088640894223799,0.0,8.354784362371651,0.0
Bsmgt,415.03137254901964,0.0,18.807398725718105,0.0,423.2746159017096,0.0,300.0,0.0,204.70854586637057,0.0,14.352126972707,0.0,17.320508075688775,0.0,12.066744151867978,0.0,2490.9447002921174,0.0,367.1762603737652,0.0,271.83013601232824,0.0,5.251353050914885,0.0,14.01667534358736,0.0,3132.9537265857566,0.0,1874.492751968427,0.0,14.352126973327335,0.0,14.654824986473713,0.0,11.03099579521069,0.0
Bubul,378.58039215686273,0.0,18.183989391873492,0.0,353.63553735964786,0.0,230.0,0.0,148.44625377618934,0.0,12.366873544827953,0.0,15.165750888103101,0.0,9.964195245601342,0.0,729.351475294953,0.0,130.8161975681295,0.0,100.76124799777268,0.0,6.786084362274646,0.0,11.493099014738394,0.0,4750.471059239407,0.0,1516.6361476405114,0.0,12.366873553797667,0.0,12.356102258502489,0.0,8.980161068264932,0.0
Buche,367.36470588235295,0.0,17.73065515588255,0.0,322.62846309389596,0.0,170.0,0.0,104.46636835100223,0.0,11.101896044067432,0.0,13.038404810405298,0.0,8.116581417529593,0.0,725.7155566166201,0.0,87.12202421165495,0.0,58.62667339575112,0.0,4.9589723837742845,0.0,9.251488552322348,0.0,717.9332542942598,0.0,605.1840775533107,0.0,11.101896047016739,0.0,10.562601509850964,0.0,7.037191135112812,0.0
Buchs,359.078431372549,0.0,17.480907143833203,0.0,325.9462435173689,0.0,171.0,0.0,106.3358794102792,0.0,11.220817628453595,0.0,13.076696830622021,0.0,8.236359652214894,0.0,725.8336267024462,0.0,88.46824930144442,0.0,59.95943586821394,0.0,5.953706164370459,0.0,9.376237262190319,0.0,721.1723280483701,0.0,605.3918461676353,0.0,11.220817631146122,0.0,10.552781504513963,0.0,7.152059983033553,0.0
Bucht,350.2196078431373,0.0,17.34106472946679,0.0,337.1103473690165,0.0,193.0,0.0,121.09702953190038,0.0,11.645260544613638,0.0,13.892443989449804,0.0,8.826431650233458,0.0,726.1526142327643,0.0,93.00840366455074,0.0,63.207697575663865,0.0,7.674179070716582,0.0,9.37910000899296,0.0,723.1669396748293,0.0,607.1977599623267,0.0,11.645260547252485,0.0,11.104899282208873,0.0,7.744241384798616,0.0
Buden,393.70980392156866,0.0,18.46249437582772,0.0,329.81006147192176,0.0,201.0,0.0,125.80165895905284,0.0,11.530775853651676,0.0,14.177446878757825,0.0,9.0254174253045,0.0,844.165484211296,0.0,121.4075764054422,0.0,96.36663737412785,0.0,3.7163786708827757,0.0,8.756196998563547,0.0,1897.6399894893457,0.0,926.5826784988578,0.0,11.530775850047029,0.0,11.952879449424241,0.0,8.1150077663357,0.0
Bulle,337.6627450980392,0.0,17.22581951988026,0.0,350.2644839678953,0.0,215.0,0.0,139.0370537751105,0.0,12.223149282362732,0.0,14.66287829861518,0.0,9.63637122917734,0.0,726.2507014292265,0.0,106.14635133430085,0.0,79.10124776575611,0.0,8.16934044588339,0.0,8.173741661122186,0.0,2276.888673825196,0.0,1751.458305402328,0.0,12.22314933205901,0.0,11.61044689991223,0.0,8.660258124683756,0.0
Bunde,393.70980392156866,0.0,18.46249437582772,0.0,328.59128729283,0.0,202.0,0.0,125.25955946470472,0.0,11.465756398943478,0.0,14.212670403551895,0.0,8.968331435493495,0.0,835.8704361613601,0.0,117.96034180803538,0.0,92.50902792823697,0.0,3.394034175276053,0.0,8.658810734038758,0.0,2067.304836671824,0.0,1129.4077703776518,0.0,11.465756396478234,0.0,11.832957916312754,0.0,8.035307117609182,0.0
Bupel,373.1921568627451,0.0,18.01521933375262,0.0,350.41720215003085,0.0,206.0,0.0,134.8357835713105,0.0,12.21118709494998,0.0,14.352700094407323,0.0,9.585704498534877,0.0,840.3645402483003,0.0,188.09646180816827,0.0,164.91725434725743,0.0,7.713731946574299,0.0,11.853686990387986,0.0,803.0277141031984,0.0,450.32237388506263,0.0,12.211187099305013,0.0,11.7031409006022,0.0,8.589094635158931,0.0
Burve,334.3176470588236,0.0,16.95229074421375,0.0,332.76153185768237,0.0,188.0,0.0,116.2271753421177,0.0,11.45703716972135,0.0,13.711309200802088,0.0,8.575491152581684,0.0,727.5682301918245,0.0,119.05540902491876,0.0,80.1581732865435,0.0,8.00525059441463,0.0,15.145836043518102,0.0,1871.5319076271235,0.0,1683.854528211164,0.0,11.45703716900165,0.0,10.701229640171006,0.0,7.4216091180039845,0.0
Busch,359.07843137254906,0.0,17.480907143833203,0.0,329.945478965369,0.0,177.0,0.0,111.1271856009367,0.0,11.380582529075769,0.0,13.30413469565007,0.0,8.473479708763424,0.0,728.5127529639818,0.0,100.99688404222795,0.0,72.74829111851348,0.0,6.2450698968775145,0.0,9.68925041275383,0.0,984.9335095500384,0.0,617.7061566025674,0.0,11.380582528766045,0.0,10.80066875164433,0.0,7.391789494845701,0.0
Bvdct,338.65490196078434,0.0,17.079945003949717,0.0,360.359293275343,0.0,238.0,0.0,153.57019921007043,0.0,12.498847976132708,0.0,15.427248620541512,0.0,10.12264817793652,0.0,853.5551326441732,0.0,218.32294410844324,0.0,152.33080302105057,0.0,10.1819727291345,0.0,24.070781074566042,0.0,2055.2182996984225,0.0,923.0226796163432,0.0,12.498847968394317,0.0,12.498381999325595,0.0,9.131757529179895,0.0
Bvrnx,339.6470588235294,0.0,17.04248124126591,0.0,356.706940901101,0.0,234.0,0.0,148.0368602073898,0.0,12.34002412433063,0.0,15.297058540778355,0.0,9.799489979899304,0.0,734.5097538521703,0.0,205.71910919049432,0.0,133.8865749859962,0.0,5.469418999357562,0.0,29.587928112828788,0.0,2157.2568983450924,0.0,1743.2122853089081,0.0,12.340024133449791,0.0,11.906773885650372,0.0,8.723060440163522,0.0
Bvßxn,394.63529411764705,0.0,18.297384488593284,0.0,382.44271799315703,0.0,275.0,0.0,179.4954982681488,0.0,13.237287897843112,0.0,16.583123951777,0.0,10.999090064950014,0.0,748.9265184220019,0.0,264.3350869927672,0.0,188.5059307309747,0.0,3.455864229055806,0.0,49.79155502521977,0.0,5131.762084970197,0.0,2133.5295978683253,0.0,13.237287900167278,0.0,13.21629618740943,0.0,9.917532079030403,0.0
Bxhmh,451.4470588235294,0.0,19.614735651322967,0.0,425.89683866386747,0.0,327.0,0.0,220.98346332337087,0.0,14.57795123248635,0.0,18.083141320025124,0.0,12.480426905535282,0.0,788.8135906498795,0.0,344.72829432791536,0.0,262.16862323561554,0.0,4.011460213928876,0.0,32.39533929164996,0.0,3079.2988807461547,0.0,582.1918887483185,0.0,14.577951239109169,0.0,15.25636646198575,0.0,11.55390064451583,0.0
Bäche,373.0549019607843,0.0,17.772358218521347,0.0,325.14717167053925,0.0,171.0,0.0,106.72426372724462,0.0,11.219983952368496,0.0,13.076696830622021,0.0,8.290144538026826,0.0,727.8768016397795,0.0,116.3601734243919,0.0,80.7638321057231,0.0,4.920715001486403,0.0,11.591994839045459,0.0,712.4218197671469,0.0,693.7178017115092,0.0,11.219983955456879,0.0,10.886963921238191,0.0,7.272078310854055,0.0
Bärte,328.0156862745098,0.0,16.737159343314694,0.0,330.15232429747334,0.0,182.0,0.0,113.36148083355607,0.0,11.409174071700706,0.0,13.490737563232042,0.0,8.524541125490227,0.0,726.262468560802,0.0,115.4679765554692,0.0,78.7247312623193,0.0,9.79982430208218,0.0,10.288031912508075,0.0,3841.3657753628127,0.0,1481.594937757179,0.0,11.409174068234913,0.0,10.917387030289415,0.0,7.4642761426493465,0.0
Böhme,442.08627450980384,0.0,19.386561575069468,0.0,397.1504696109465,0.0,273.0,0.0,183.4229025439169,0.0,13.672345067045248,0.0,16.522711641858304,0.0,11.348838301983356,0.0,782.0384585726858,0.0,326.69024100624534,0.0,246.22000717058003,0.0,2.6777829791754546,0.0,14.090167739161728,0.0,3113.0520874402555,0.0,817.0766600969845,0.0,13.67234507329007,0.0,14.234586631788332,0.0,10.40209359608532,0.0
Bölls,339.65098039215684,0.0,17.137576611150052,0.0,361.8585813672845,0.0,222.0,0.0,147.06059587541483,0.0,12.5979797263804,0.0,14.89966442575134,0.0,10.028950250288851,0.0,728.9804908066573,0.0,123.80726761886042,0.0,95.27518164195641,0.0,10.392808971144898,0.0,13.134118954638287,0.0,2306.881228790222,0.0,1843.9991093950475,0.0,12.597979774886277,0.0,11.912104776812269,0.0,9.022552072613122,0.0
Börse,341.4588235294118,0.0,17.008327336034665,0.0,327.57203904830476,0.0,165.0,0.0,103.05397974693099,0.0,11.24267726838403,0.0,12.84523257866513,0.0,8.137492467023797,0.0,726.7963473767879,0.0,102.07595583472025,0.0,73.64550526514269,0.0,8.922542435796261,0.0,12.972010671626075,0.0,1683.231228866335,0.0,1480.0103031377685,0.0,11.242677268398616,0.0,10.243753779807601,0.0,6.897623196378252,0.0
Börön,379.2941176470589,0.0,17.91504836982142,0.0,343.48611981760735,0.0,208.0,0.0,131.68100741604576,0.0,11.894204482507597,0.0,14.422205101855956,0.0,9.270113658279632,0.0,743.3918769310783,0.0,231.01946229659524,0.0,172.6067037322276,0.0,4.550602168445304,0.0,34.85674452814085,0.0,2510.7255443027925,0.0,2315.1749319179403,0.0,11.894204488091288,0.0,11.944614471355028,0.0,8.218824420358017,0.0
Bücke,379.30196078431374,0.0,17.945595084299725,0.0,340.9939227294918,0.0,186.0,0.0,118.11546409008264,0.0,11.716136535497329,0.0,13.638181696985855,0.0,8.793214789782388,0.0,729.2650089223098,0.0,128.39169614273914,0.0,90.81110437293746,0.0,5.176563867181676,0.0,11.594004497904088,0.0,1022.9648227154966,0.0,2163.7497282898007,0.0,11.71613653027823,0.0,10.919277168640273,0.0,7.703316445193823,0.0
Bühne,404.54509803921565,0.0,18.632934177500136,0.0,333.0676355851416,0.0,198.0,0.0,123.2290321883944,0.0,11.564798370131093,0.0,14.071247279470288,0.0,8.8884598396384,0.0,727.2581318648065,0.0,107.10368362331471,0.0,78.37180042290468,0.0,5.324860020031177,0.0,11.404096893653627,0.0,1543.566783707321,0.0,1239.3718799133921,0.0,11.564798381650277,0.0,11.622226557051672,0.0,7.902209529925444,0.0
Bürde,379.15294117647056,0.0,18.076322449405648,0.0,342.7329329694137,0.0,204.0,0.0,129.92428694457203,0.0,11.9161104029055,0.0,14.2828568570857,0.0,9.275772602097417,0.0,838.0544791590806,0.0,133.1016372209632,0.0,105.94584070790181,0.0,5.14053253901445,0.0,11.355243548229641,0.0,2303.2891603771086,0.0,1789.858751280953,0.0,11.916110400895084,0.0,11.822093936151024,0.0,8.274100166798812,0.0
Büros,349.5490196078431,0.0,17.227586668096222,0.0,332.2308739164106,0.0,182.0,0.0,113.51898880438787,0.0,11.430366114215566,0.0,13.490737563232042,0.0,8.5307223009434,0.0,726.810223276919,0.0,107.7850897115045,0.0,76.95914789481392,0.0,8.833732459748989,0.0,11.47891752268643,0.0,1864.4552389989815,0.0,1426.0612892449321,0.0,11.430366117900705,0.0,10.93686224372229,0.0,7.41850890066357,0.0
Büste,342.4392156862745,0.0,17.144836120920658,0.0,334.50347450008394,0.0,185.0,0.0,116.32435038727009,0.0,11.538790288017392,0.0,13.601470508735444,0.0,8.673115277564294,0.0,726.7139905467874,0.0,104.879038153254,0.0,75.87956980562065,0.0,9.803680989741068,0.0,10.954684151570708,0.0,3570.964387976604,0.0,879.3270013761678,0.0,11.53879028443573,0.0,10.907705661708249,0.0,7.560131615514521,0.0
Cache,317.4509803921569,0.0,16.2327079497469,0.0,311.2832451884784,0.0,131.0,0.0,82.57902368437374,0.0,10.697745303799483,0.0,11.445523142259598,0.0,7.328240556322383,0.0,726.0458605950402,0.0,86.45946025580217,0.0,60.07696394225273,0.0,4.499518335482719,0.0,9.784735229983186,0.0,940.9761483726097,0.0,596.0411870981889,0.0,10.697745307554294,0.0,9.075352021590213,0.0,6.233780755787632,0.0
Cahpa,358.8862745098039,0.0,17.285901743249553,0.0,329.5257350578938,0.0,173.0,0.0,112.466068145556,0.0,11.516353298959617,0.0,13.152946437965905,0.0,8.72173315670649,0.0,825.1389008821584,0.0,171.5621803686821,0.0,147.55233226777838,0.0,5.788611760482724,0.0,12.395732038174852,0.0,1783.882535989195,0.0,497.4636954057811,0.0,11.516353313918735,0.0,11.002263301980559,0.0,7.782737392798967,0.0
Ccvjr,266.34901960784316,0.0,14.912725214324665,0.0,366.2031351491455,0.0,206.0,0.0,136.2819447481597,0.0,12.522111690881019,0.0,14.352700094407323,0.0,9.646551804780003,0.0,5319.255146160737,0.0,400.86422086869374,0.0,349.34108772867376,0.0,3.5194876392999874,0.0,20.125388542942378,0.0,3686.1427816662417,0.0,2266.355216524538,0.0,12.52211173041989,0.0,10.990157302612149,0.0,8.519756514948442,0.0
Cdkvw,377.18823529411765,0.0,17.77594199479689,0.0,406.19555604149866,0.0,271.0,0.0,188.5835216366591,0.0,14.026398313662536,0.0,16.46207763315433,0.0,11.683796034447125,0.0,4144.22907475142,0.0,853.8456738375859,0.0,686.8697568286262,0.0,4.7016347029771755,0.0,32.06203470978965,0.0,3254.3685792692545,0.0,1386.5562287288199,0.0,14.026398315593156,0.0,13.059661653360529,0.0,10.665552774625255,0.0
Cechu,324.2705882352941,0.0,16.493036522986248,0.0,324.0287303631342,0.0,156.0,0.0,98.47082877760715,0.0,11.144811666935906,0.0,12.489995996796797,0.0,7.994299654783264,0.0,726.4330008895104,0.0,92.54277242061322,0.0,63.98682879789383,0.0,5.832469808154108,0.0,12.956647520037144,0.0,881.8188684087231,0.0,569.2594414303062,0.0,11.144811670550222,0.0,9.816957157332654,0.0,6.9248753591639005,0.0
Cents,289.92549019607844,0.0,15.616727691020005,0.0,318.8878157624054,0.0,152.0,0.0,95.19901920288966,0.0,10.974648139683662,0.0,12.328828005937952,0.0,7.820412811994518,0.0,724.3913783389156,0.0,84.56296219652722,0.0,57.02345808232327,0.0,3.7057868219100567,0.0,8.929808998571488,0.0,3739.7278326058126,0.0,558.2028054146482,0.0,10.974648137423097,0.0,9.481779553844103,0.0,6.736904520685144,0.0
Cgkvz,363.4470588235294,0.0,17.44055780405903,0.0,388.7259089178831,0.0,236.0,0.0,160.64210111416156,0.0,13.291513302624054,0.0,15.362291495737216,0.0,10.65160617439343,0.0,3646.268370133473,0.0,1760.9152053119906,0.0,1329.8189129245861,0.0,6.353691742888883,0.0,27.776783237294612,0.0,3173.9986478948967,0.0,1328.7000060795795,0.0,13.291513304138464,0.0,12.22052172068735,0.0,9.564854088765536,0.0
Cgpqv,395.1529411764706,0.0,18.27996973051958,0.0,389.70813686344604,0.0,246.0,0.0,170.35735030897885,0.0,13.470437300392154,0.0,15.684387141358123,0.0,11.128140312765556,0.0,45656.18026416278,0.0,10441.42936365017,0.0,10032.500788990792,0.0,5.229182141599516,0.0,79.57055185307627,0.0,1678.42360370325,0.0,396.0771092574777,0.0,13.470437304389183,0.0,13.091505565516945,0.0,10.174713096100184,0.0
Chaos,328.4980392156863,0.0,16.480881470847734,0.0,321.72215311017584,0.0,156.0,0.0,99.98528831331448,0.0,11.134878389079347,0.0,12.489995996796797,0.0,8.136052417384581,0.0,728.6842217118484,0.0,113.64406539669719,0.0,83.95613953719277,0.0,4.0941806261935625,0.0,9.980870033471424,0.0,1238.431369854143,0.0,343.4043181437677,0.0,11.134878393786126,0.0,9.979112159719719,0.0,7.0632970465097635,0.0
Chaot,319.6392156862745,0.0,16.332478851551308,0.0,332.8862569618235,0.0,178.0,0.0,114.74643843493565,0.0,11.562476449295215,0.0,13.341664064126334,0.0,8.732904688248864,0.0,729.0019619156412,0.0,117.21307784396022,0.0,86.30592360418089,0.0,5.565652586520499,0.0,10.334406851790693,0.0,1239.6506178051036,0.0,346.74120833131116,0.0,11.562476453522857,0.0,10.561262711984638,0.0,7.662341535223935,0.0
Check,341.09411764705885,0.0,16.83971295283022,0.0,341.43517992079,0.0,169.0,0.0,111.23003350314345,0.0,11.75544769952158,0.0,13.0,0.0,8.712285044378573,0.0,733.416486368288,0.0,146.8813684961236,0.0,107.8328847505813,0.0,4.072477212438019,0.0,11.475533453989229,0.0,1386.8827653149879,0.0,555.417302783687,0.0,11.755447700095875,0.0,10.135705478795419,0.0,7.631526145397288,0.0
Chefs,318.70980392156866,0.0,16.337518942073856,0.0,339.8453879858425,0.0,169.0,0.0,110.60760070515872,0.0,11.710615248036016,0.0,13.0,0.0,8.64927411082765,0.0,730.3559527645352,0.0,127.6058368206381,0.0,97.34580287101242,0.0,5.018927468592339,0.0,11.914366854030076,0.0,1307.693482739933,0.0,849.5871373632581,0.0,11.710615266131606,0.0,10.170428051081576,0.0,7.505294430971431,0.0
Chile,304.8509803921569,0.0,16.149213399593354,0.0,349.5964507185234,0.0,189.0,0.0,125.84056067146702,0.0,12.175116014217325,0.0,13.74772708486752,0.0,9.308527512556715,0.0,729.6004248801898,0.0,119.64386459072439,0.0,92.28053919127785,0.0,4.630265811423255,0.0,9.415159196867709,0.0,2397.6188056980995,0.0,1778.8408799439296,0.0,12.175116065950915,0.0,10.57296111395048,0.0,8.297119866988442,0.0
Chlbr,328.9098039215686,0.0,16.737895314576054,0.0,359.6316832832546,0.0,201.0,0.0,136.07799807242165,0.0,12.540424616616905,0.0,14.177446878757825,0.0,9.771363911627757,0.0,731.7532604721026,0.0,136.67798129350984,0.0,104.82750400923656,0.0,4.597820106428387,0.0,12.551022521691229,0.0,2085.4211272596876,0.0,478.3765764977874,0.0,12.540424620534045,0.0,11.180962813051671,0.0,8.764732554567418,0.0
Chlor,310.7803921568628,0.0,16.191698121045253,0.0,348.87773134312295,0.0,188.0,0.0,124.67586045846105,0.0,12.12097507591697,0.0,13.711309200802088,0.0,9.247474006418503,0.0,730.0196788960319,0.0,123.61879139451806,0.0,93.80373028240837,0.0,5.4800919945410325,0.0,10.915828895051124,0.0,1598.906552048111,0.0,464.8147993285468,0.0,12.120975077581068,0.0,10.640424744826337,0.0,8.217759386648696,0.0
Choke,360.4274509803921,0.0,17.33460690911621,0.0,340.1311857305212,0.0,174.0,0.0,114.56273375934376,0.0,11.78017832240091,0.0,13.19090595827292,0.0,8.832095600754872,0.0,731.0883986906703,0.0,138.04501930242495,0.0,100.18744257049326,0.0,3.491327309372044,0.0,10.407980020513685,0.0,1618.3287825387124,0.0,2212.2424689998006,0.0,11.78017831713341,0.0,10.490731377876827,0.0,7.774742831815455,0.0
Chphr,365.9490196078432,0.0,17.541289567105586,0.0,354.88570514533694,0.0,193.0,0.0,129.57868649318422,0.0,12.355840681127985,0.0,13.892443989449804,0.0,9.51671248171643,0.0,842.6178213938583,0.0,191.47941934837436,0.0,166.07904246120702,0.0,5.558776840727079,0.0,14.21230249817462,0.0,869.3318640466041,0.0,601.5450591231183,0.0,12.355840684722082,0.0,11.191062874508493,0.0,8.497409637456474,0.0
Chqrb,364.9764705882353,0.0,17.600277426075344,0.0,361.3033357360558,0.0,215.0,0.0,145.5463004808139,0.0,12.655676952117366,0.0,14.66287829861518,0.0,10.161839650746094,0.0,15785.721861815364,0.0,3481.505158786752,0.0,3362.866434868315,0.0,4.520089914667398,0.0,44.284470761101794,0.0,4813.855297190177,0.0,527.2495229858157,0.0,12.655676950321428,0.0,12.338479775536396,0.0,9.256601986172791,0.0
Chrom,370.5921568627451,0.0,17.589374566901128,0.0,399.3116739963233,0.0,246.0,0.0,171.21152983291597,0.0,13.73032975616996,0.0,15.684387141358123,0.0,11.164649852249271,0.0,855.2720189782177,0.0,481.4493415714827,0.0,372.5086994578772,0.0,8.868970396115593,0.0,11.79494821261955,0.0,1945.8171561980391,0.0,1350.1151393771954,0.0,13.730329758896247,0.0,13.338991298443593,0.0,10.20960443152184,0.0
Chscr,292.0078431372549,0.0,15.537330126214748,0.0,328.5138542653742,0.0,138.0,0.0,90.42384041596803,0.0,11.259122747331713,0.0,11.74734012447073,0.0,7.825490437260662,0.0,729.3793153546479,0.0,106.9464794670266,0.0,80.64193601560224,0.0,7.681640711538774,0.0,12.257721754194572,0.0,1127.7275735546245,0.0,607.1147014139935,0.0,11.259122747987783,0.0,8.79176796363049,0.0,6.62323823134855,0.0
Chsth,329.721568627451,0.0,16.63327820568583,0.0,348.90272614621995,0.0,191.0,0.0,126.92560493287199,0.0,12.15229988337493,0.0,13.820274961085254,0.0,9.341096232055143,0.0,732.3577699264,0.0,127.87695822895412,0.0,98.22211197873976,0.0,4.729072736179218,0.0,11.874739267688264,0.0,3612.66515256996,0.0,749.8018697243226,0.0,12.15229987983338,0.0,10.98959020346843,0.0,8.286232244885348,0.0
Chstr,288.3450980392157,0.0,15.529815799853948,0.0,340.9945598561611,0.0,169.0,0.0,111.2114137462778,0.0,11.788270726666738,0.0,13.0,0.0,8.689263194561528,0.0,728.9840059940094,0.0,113.58360680389627,0.0,85.12277760814727,0.0,8.035552463424699,0.0,11.220492776813675,0.0,3613.568530394493,0.0,748.587976594492,0.0,11.788270723216558,0.0,9.837355509501936,0.0,7.544761974289442,0.0
Chthr,322.121568627451,0.0,16.46688146897709,0.0,348.50594579563915,0.0,186.0,0.0,122.93694713738437,0.0,12.112343740348066,0.0,13.638181696985855,0.0,9.15872656072002,0.0,729.9036209735211,0.0,118.76848229676712,0.0,89.54228667176368,0.0,4.736882345297881,0.0,12.213117688524456,0.0,1400.8300941242703,0.0,1350.6254473419783,0.0,12.112343743598984,0.0,10.67429084444259,0.0,8.110133977715394,0.0
Chtsm,355.1960784313726,0.0,17.255368532016394,0.0,404.0653095328732,0.0,245.0,0.0,172.7040168676586,0.0,13.879962975116396,0.0,15.652475842498529,0.0,11.267033473984167,0.0,855.2969698393612,0.0,480.7264535907958,0.0,372.30142839380943,0.0,7.910887839366419,0.0,12.666890529073441,0.0,1437.8183520941657,0.0,1259.5771882706374,0.0,13.879962974279945,0.0,13.160671743750905,0.0,10.274859236094047,0.0
Chöre,332.1411764705883,0.0,16.640622788747592,0.0,336.73877347717263,0.0,165.0,0.0,107.72395137319663,0.0,11.621401162759001,0.0,12.84523257866513,0.0,8.545750290799434,0.0,736.1248714670022,0.0,151.1224419677865,0.0,123.65900977955403,0.0,4.832326580577747,0.0,19.78553847870882,0.0,6090.361580289005,0.0,3142.321456670733,0.0,11.62140116001459,0.0,10.186122340975661,0.0,7.450141171415203,0.0
Cjknp,363.6509803921569,0.0,17.5099242470011,0.0,387.8939807728121,0.0,249.0,0.0,170.4396168600993,0.0,13.415220798288827,0.0,15.7797338380595,0.0,11.011599819007266,0.0,23993.167433312494,0.0,2265.0604639276903,0.0,1998.6039535870516,0.0,7.850368307523902,0.0,35.90867789982892,0.0,3262.068120086139,0.0,1467.8259826002957,0.0,13.415220808699036,0.0,13.07319271594364,0.0,10.106131753173518,0.0
Cknpv,361.8,0.0,17.416974578272992,0.0,366.2498192558019,0.0,224.0,0.0,149.14082038157343,0.0,12.702853707315626,0.0,14.966629547095765,0.0,10.150023754044442,0.0,834.0085350064786,0.0,218.20922005906957,0.0,179.33530721503354,0.0,3.973988966891203,0.0,34.04329928701606,0.0,2007.8966155943206,0.0,425.69450678977,0.0,12.70285371859361,0.0,11.965700404027526,0.0,9.147962744935842,0.0
Ckscr,291.4313725490196,0.0,15.469038417363322,0.0,341.4929354531291,0.0,159.0,0.0,105.13848407048324,0.0,11.70871343441667,0.0,12.609520212918492,0.0,8.473192745745099,0.0,733.4678209710332,0.0,153.75507260123933,0.0,114.4638110768543,0.0,7.729847800203814,0.0,17.12324415724187,0.0,1173.3248857611557,0.0,595.4910550033998,0.0,11.70871343511188,0.0,9.365691490370862,0.0,7.296350997243661,0.0
Ckspr,331.5960784313725,0.0,16.601095001474498,0.0,359.8535864022043,0.0,190.0,0.0,128.91848666218476,0.0,12.434577556764088,0.0,13.784048752090222,0.0,9.52759437322531,0.0,831.4496625218184,0.0,211.96741465540399,0.0,175.88756742428524,0.0,4.655778269739914,0.0,18.003026231571038,0.0,1744.3479999980543,0.0,629.072237974523,0.0,12.434577567819836,0.0,10.80699459110822,0.0,8.448964693666317,0.0
Ckstr,287.76862745098043,0.0,15.461490901083094,0.0,353.9736410439159,0.0,190.0,0.0,125.92605740079301,0.0,12.218406278029672,0.0,13.784048752090222,0.0,9.276852353425214,0.0,733.0747163337817,0.0,158.443392461798,0.0,117.66362849079322,0.0,8.082225285460332,0.0,16.412379324027228,0.0,3628.2700852055873,0.0,739.1160818164012,0.0,12.218406274909745,0.0,10.353480409307206,0.0,8.142044365937545,0.0
Ckthr,321.5450980392157,0.0,16.402460407518838,0.0,361.48502698339394,0.0,207.0,0.0,137.6515907918996,0.0,12.531360506112494,0.0,14.38749456993816,0.0,9.71797133855249,0.0,733.9892060807422,0.0,162.20057110657385,0.0,120.89939331651591,0.0,4.817594155036549,0.0,17.082912120566068,0.0,1437.8514315654688,0.0,1345.4801595095907,0.0,12.531360509341106,0.0,11.151747764244353,0.0,8.6685481105312,0.0
Claps,314.9921568627451,0.0,16.275097083663145,0.0,350.0705080545228,0.0,194.0,0.0,130.88931732957533,0.0,12.240119054892226,0.0,13.92838827718412,0.0,9.57504099457552,0.0,826.0628170852186,0.0,179.6321626193431,0.0,154.9692636933368,0.0,5.530950344589826,0.0,11.680153848870686,0.0,1839.7405373740683,0.0,536.0304049340458,0.0,12.24011906622963,0.0,11.323065511485991,0.0,8.65085551788373,0.0
Clips,297.75686274509803,0.0,15.927621760579855,0.0,363.7877749970985,0.0,207.0,0.0,141.15985184105344,0.0,12.675951286720622,0.0,14.38749456993816,0.0,9.982125090673645,0.0,826.2956414646043,0.0,180.2964527057689,0.0,155.57321658303158,0.0,5.0122287567402655,0.0,11.805940068628564,0.0,2160.785157024017,0.0,701.8330646342523,0.0,12.675951296862989,0.0,11.492189514399351,0.0,9.055308519365791,0.0
Cmmfs,395.1490196078431,0.0,18.173252671136808,0.0,467.0918102226446,0.0,332.0,0.0,238.0151881818406,0.0,15.637710218703443,0.0,18.2208671582886,0.0,13.33957996251728,0.0,1028.1233701942513,0.0,730.9875047806078,0.0,564.9563288674258,0.0,7.598228852111296,0.0,15.947233996041549,0.0,1262.871199407661,0.0,1573.8092209951446,0.0,15.63771023086938,0.0,15.761883694552537,0.0,12.441477510543724,0.0
Codex,339.4274509803921,0.0,16.907628365998193,0.0,336.94766463379983,0.0,180.0,0.0,117.3793597956871,0.0,11.734915747243885,0.0,13.416407864998739,0.0,8.912056227133183,0.0,845.7705758309676,0.0,133.7871829852315,0.0,105.4475844219949,0.0,3.902831950341508,0.0,20.611224185157543,0.0,2003.7496200354158,0.0,907.4857164572558,0.0,11.73491574457262,0.0,10.884265645711388,0.0,7.893603754236383,0.0
Comic,331.54117647058825,0.0,16.639575213428756,0.0,385.31199957884985,0.0,233.0,0.0,158.977685718374,0.0,13.265462304349805,0.0,15.264337522473747,0.0,10.625852226299694,0.0,767.1653797342846,0.0,275.64144527336896,0.0,204.05045766429922,0.0,6.813138379947301,0.0,18.266606940298956,0.0,2683.1878066802356,0.0,1768.6674449503992,0.0,13.265462343436406,0.0,12.653718227446237,0.0,9.666747479377346,0.0
Cover,288.9843137254902,0.0,15.523883448548116,0.0,326.86935690702035,0.0,152.0,0.0,97.12867987894586,0.0,11.226699446555347,0.0,12.328828005937952,0.0,7.971442980827807,0.0,727.6602572646835,0.0,115.27224738042732,0.0,79.5469631644262,0.0,4.016664457808358,0.0,12.444321838055666,0.0,3437.917738566628,0.0,1130.0697847896747,0.0,11.226699452555144,0.0,9.298885204474235,0.0,6.777328246594895,0.0
Cptck,325.1411764705882,0.0,16.480242268742515,0.0,356.14431053985675,0.0,186.0,0.0,125.98484799399579,0.0,12.311881725795518,0.0,13.638181696985855,0.0,9.414904731910262,0.0,1012.1712634110037,0.0,349.00992985175395,0.0,316.0504750126124,0.0,5.442023283875993,0.0,15.338238948015448,0.0,1545.2900685017653,0.0,1262.4447763569503,0.0,12.311881726160122,0.0,10.797124053127977,0.0,8.382017493697722,0.0
Cqchp,370.0823529411765,0.0,17.664876843461318,0.0,355.94491958975414,0.0,191.0,0.0,130.9218331969986,0.0,12.413148625614161,0.0,13.820274961085254,0.0,9.706803099586793,0.0,11136.56954162468,0.0,3341.3512492247146,0.0,3242.504213790852,0.0,6.6507623300060175,0.0,40.94414765188905,0.0,1097.4776414226646,0.0,692.7390796700986,0.0,12.413148628685239,0.0,11.547841308733648,0.0,8.763088627343459,0.0
Crash,306.7607843137255,0.0,15.932205468422852,0.0,335.4540048540408,0.0,183.0,0.0,117.37316265897773,0.0,11.649503913725695,0.0,13.527749258468683,0.0,8.817291797052198,0.0,728.7501826480498,0.0,111.5635676341983,0.0,81.08558619212545,0.0,7.705233847006467,0.0,11.177464789015511,0.0,1039.9901859585925,0.0,424.69392349893695,0.0,11.649503915992158,0.0,10.561172390352594,0.0,7.746054626596063,0.0
Crdcr,286.08627450980396,0.0,15.47139489435041,0.0,341.36906777030026,0.0,180.0,0.0,116.7417455650853,0.0,11.80054832136939,0.0,13.416407864998739,0.0,8.872114206553043,0.0,845.9818048803465,0.0,127.84491015748517,0.0,101.95715259798324,0.0,5.127976292511698,0.0,12.55396305660545,0.0,2112.456120198415,0.0,921.1678795603827,0.0,11.800548313913533,0.0,10.528154245127384,0.0,7.864852503575185,0.0
Creme,339.25098039215686,0.0,16.87348814193807,0.0,383.41662765615746,0.0,234.0,0.0,157.97772189421016,0.0,13.181926619064726,0.0,15.297058540778355,0.0,10.56332352493582,0.0,779.100955277335,0.0,320.08603755074364,0.0,240.18022430242692,0.0,8.540094904761416,0.0,10.096960429747517,0.0,3261.75979737071,0.0,677.2136298526285,0.0,13.181926623562923,0.0,12.691325256244548,0.0,9.600833103466078,0.0
Crjnc,282.6862745098039,0.0,15.392171849624276,0.0,353.2837386916775,0.0,195.0,0.0,127.2750653999727,0.0,12.146258855911322,0.0,13.96424004376894,0.0,9.27895921737785,0.0,12095.041105776278,0.0,818.091499892011,0.0,729.0918492371023,0.0,3.8815987704159465,0.0,25.457569098024518,0.0,1689.3530838014979,0.0,1301.4004625184768,0.0,12.14625886619353,0.0,10.881508960302675,0.0,8.276739632134932,0.0
Crvwx,311.4549019607843,0.0,16.09180744417648,0.0,394.23515778333956,0.0,261.0,0.0,175.39957317912706,0.0,13.547075408780493,0.0,16.15549442140351,0.0,11.041750170328806,0.0,2771.6009900315375,0.0,446.6605451467993,0.0,352.2275397745511,0.0,6.612152364235079,0.0,27.627572252088893,0.0,3512.2669768855517,0.0,1144.098444580939,0.0,13.547075409190318,0.0,12.313969874032349,0.0,9.917365488646174,0.0
Crêpe,332.49411764705883,0.0,16.73108014074088,0.0,346.9684500813955,0.0,185.0,0.0,121.96994489934204,0.0,12.013054267061786,0.0,13.601470508735444,0.0,9.163638539021893,0.0,828.1208379383286,0.0,196.5329271883383,0.0,165.17298130672944,0.0,6.401778806028396,0.0,85.3668720745852,0.0,2518.8037121267394,0.0,2494.4698395775763,0.0,12.013054277211452,0.0,11.096170003316963,0.0,8.184698107659123,0.0
Curry,286.7647058823529,0.0,15.436897633111997,0.0,345.01426488811217,0.0,175.0,0.0,113.12847713228186,0.0,11.845438265484932,0.0,13.228756555322953,0.0,8.679297221365967,0.0,2390.096081421661,0.0,175.88701245687602,0.0,118.9931523709409,0.0,3.8230543052137826,0.0,9.808236530154673,0.0,4885.966910185671,0.0,1363.4537540036788,0.0,11.845438263144302,0.0,9.986705547687272,0.0,7.506951294679723,0.0
Cäsar,295.0509803921569,0.0,15.544857638472745,0.0,319.72545644996296,0.0,141.0,0.0,90.88424353356908,0.0,11.029596747459193,0.0,11.874342087037917,0.0,7.767813818371161,0.0,727.008255610704,0.0,116.96680592182722,0.0,81.50901759487134,0.0,4.572962756609373,0.0,12.467670011587341,0.0,3195.294206141445,0.0,1298.1230596672128,0.0,11.029596748750462,0.0,9.254830836458611,0.0,6.649786468260212,0.0
Dachs,348.05490196078426,0.0,17.129957615378157,0.0,327.29803300639907,0.0,162.0,0.0,102.75639137935181,0.0,11.266433016274894,0.0,12.727922061357855,0.0,8.206602028923255,0.0,846.2727245730654,0.0,96.34158936380373,0.0,66.56790935222094,0.0,5.134577937481951,0.0,9.43842674901423,0.0,654.308468915252,0.0,624.9034543699815,0.0,11.266433019049025,0.0,10.500117509746099,0.0,7.209249381025952,0.0
Dackt,338.61960784313726,0.0,16.92478600726675,0.0,347.2306233852472,0.0,190.0,0.0,122.96064500975913,0.0,11.954800090595857,0.0,13.784048752090222,0.0,9.05714718956158,0.0,847.6426844233958,0.0,124.45847518709483,0.0,84.55425822773202,0.0,6.552162659549968,0.0,9.344701258411407,0.0,982.4949270535402,0.0,2122.6530602954763,0.0,11.954800084154659,0.0,11.00511761299043,0.0,8.02678854646812,0.0
Dampf,419.31372549019613,0.0,18.904772795468585,0.0,417.3424099586133,0.0,280.0,0.0,193.6941076582084,0.0,14.234687526593104,0.0,16.73320053068151,0.0,11.831757230866268,0.0,966.7493878543829,0.0,331.2428994781326,0.0,261.20893766924587,0.0,4.401985932481343,0.0,15.405024652122416,0.0,1744.4800580435726,0.0,1445.291319153253,0.0,14.234687532454673,0.0,14.573843563046639,0.0,10.946794808114834,0.0
Daten,338.37254901960785,0.0,17.041163272345596,0.0,325.35813294889624,0.0,174.0,0.0,108.93003836258426,0.0,11.263132492215865,0.0,13.19090595827292,0.0,8.373427079182372,0.0,844.6447342454519,0.0,92.91415061724206,0.0,62.13562933880547,0.0,5.230482728354156,0.0,8.07513204780283,0.0,1305.3345177293302,0.0,1296.8025314667016,0.0,11.263132496556645,0.0,10.872010133104752,0.0,7.433856639661903,0.0
Datum,386.24313725490197,0.0,18.182234422553616,0.0,399.6310526358409,0.0,266.0,0.0,180.56118872717718,0.0,13.735562235883771,0.0,16.30950643030009,0.0,11.321758852473826,0.0,956.0359362614198,0.0,477.3497647984421,0.0,368.36022819215685,0.0,6.920855171408299,0.0,11.727387604542278,0.0,4797.8958369265865,0.0,1924.8951156703345,0.0,13.735562241547662,0.0,14.042726526587629,0.0,10.439134432587641,0.0
Dbhsr,368.3607843137255,0.0,17.749253548751568,0.0,354.63951400193696,0.0,206.0,0.0,134.7125422163905,0.0,12.2971113772338,0.0,14.352700094407323,0.0,9.574040324870895,0.0,850.8746137024033,0.0,144.60428193643804,0.0,109.29289350580382,0.0,10.384363506077854,0.0,17.3810400857577,0.0,831.7947311764555,0.0,421.93231476697605,0.0,12.29711137973474,0.0,11.735574065118273,0.0,8.547502942531988,0.0
Deals,327.2,0.0,16.755070731948667,0.0,337.89852219009504,0.0,186.0,0.0,119.42120578921353,0.0,11.702496113518059,0.0,13.638181696985855,0.0,8.90526612219456,0.0,845.8003769545193,0.0,104.95790744130382,0.0,75.46209611139267,0.0,8.074787087338974,0.0,8.860890431656276,0.0,1990.673234978635,0.0,1720.6115579367633,0.0,11.702496156257892,0.0,10.95646744043519,0.0,7.933417597750206,0.0
Debüt,370.5019607843137,0.0,17.904769231846434,0.0,357.1327326524703,0.0,219.0,0.0,141.56023330714567,0.0,12.346566221602192,0.0,14.798648586948742,0.0,9.741801955501353,0.0,859.8439366973292,0.0,189.17471599005276,0.0,157.73217232752054,0.0,5.887434856855315,0.0,27.463156405299138,0.0,4159.822970015558,0.0,1025.45271220143,0.0,12.346566233127586,0.0,12.217575141043078,0.0,8.74776768315627,0.0
Decht,337.9254901960784,0.0,17.016740971158605,0.0,342.2884469497552,0.0,185.0,0.0,118.08954410347353,0.0,11.76846993519111,0.0,13.601470508735444,0.0,8.817873153834622,0.0,846.6203507101997,0.0,100.21598538754336,0.0,69.3977879948683,0.0,6.522617227944751,0.0,9.631770998180137,0.0,562.3863044071888,0.0,599.3472159714855,0.0,11.768469938064142,0.0,10.967209696547611,0.0,7.782579524396496,0.0
Decke,354.49411764705883,0.0,17.35268283844481,0.0,336.5750492018353,0.0,168.0,0.0,106.90198643136151,0.0,11.507227060931035,0.0,12.96148139681572,0.0,8.387085798112928,0.0,847.3422559922783,0.0,119.86327988459145,0.0,81.09243938216764,0.0,4.482278111395852,0.0,9.298261661301805,0.0,917.8545623794765,0.0,2114.2457364788975,0.0,11.507227054748535,0.0,10.364941221071467,0.0,7.331580568295919,0.0
Degen,396.47843137254904,0.0,18.435619869406143,0.0,348.90756614913414,0.0,198.0,0.0,127.17572817368676,0.0,11.971246387083674,0.0,14.071247279470288,0.0,9.222587868038978,0.0,2366.8613322183555,0.0,249.92340889555513,0.0,182.608114433168,0.0,3.4630129187075083,0.0,8.78513208389787,0.0,926.5403410448866,0.0,511.6718416131836,0.0,11.971246393802145,0.0,11.872473999167177,0.0,8.235047989019185,0.0
Deiot,315.8039215686274,0.0,16.525734012737413,0.0,345.30508189507384,0.0,200.0,0.0,126.99864151636137,0.0,11.894100536853662,0.0,14.142135623730951,0.0,9.103999159269632,0.0,845.6378611891267,0.0,103.35484317701102,0.0,69.603171089773,0.0,8.880565526620817,0.0,9.338399838590371,0.0,1522.731319903952,0.0,571.9839583899048,0.0,11.894100541110435,0.0,11.301394158723383,0.0,8.093275856643379,0.0
Dekan,380.4313725490196,0.0,17.975994073689826,0.0,341.40347099048665,0.0,199.0,0.0,126.78544165566498,0.0,11.827131299777,0.0,14.106735979665885,0.0,9.122872305152322,0.0,847.2696089433199,0.0,129.80698237125975,0.0,88.43186114615737,0.0,3.0288256027616822,0.0,10.586804110958754,0.0,4178.835526613165,0.0,1401.7891495417348,0.0,11.827131300040257,0.0,11.560197599801409,0.0,8.151441427540227,0.0
Dekor,357.94117647058823,0.0,17.42775056659955,0.0,349.4585354725655,0.0,199.0,0.0,127.2974946883609,0.0,12.00661956854389,0.0,14.106735979665885,0.0,9.170711236525406,0.0,847.9842675452943,0.0,134.10673839857785,0.0,91.78133662065682,0.0,7.348869171268822,0.0,11.448083915476598,0.0,3046.4535837179396,0.0,850.4160538235604,0.0,12.006619573228157,0.0,11.39717751523859,0.0,8.142951478449861,0.0
Delle,325.3686274509804,0.0,16.89928417003036,0.0,355.442583548634,0.0,207.0,0.0,136.02956834668362,0.0,12.340590336061176,0.0,14.38749456993816,0.0,9.62853268922068,0.0,846.7044823349096,0.0,112.51545883367814,0.0,84.12994320611205,0.0,7.059200774307014,0.0,8.227433429772105,0.0,2230.587675841196,0.0,1748.6926259147388,0.0,12.34059038426743,0.0,11.478823010534088,0.0,8.694558080602173,0.0
Delta,318.3411764705882,0.0,16.609118176858193,0.0,347.7237043516293,0.0,207.0,0.0,133.09733000731632,0.0,12.071849178358569,0.0,14.38749456993816,0.0,9.400876055232166,0.0,845.8745903189379,0.0,107.37660269745112,0.0,76.09516566595,0.0,8.06348002885878,0.0,9.05405239005912,0.0,3651.4521320154217,0.0,686.6595057241838,0.0,12.071849171912202,0.0,11.577388566589477,0.0,8.455888016670226,0.0
Demut,384.97254901960787,0.0,18.2098122612868,0.0,397.78986131696195,0.0,263.0,0.0,176.51203251505729,0.0,13.617154336181532,0.0,16.217274740226856,0.0,11.11360358716565,0.0,877.9662154666983,0.0,276.8697924860184,0.0,204.6651034983919,0.0,6.480238579975751,0.0,10.411421461090391,0.0,4708.9387055349025,0.0,2006.2909140534525,0.0,13.6171543418483,0.0,13.67859858501725,0.0,10.176574372693253,0.0
Depot,358.45098039215685,0.0,17.554720073170248,0.0,350.1298974388035,0.0,204.0,0.0,131.74442446674337,0.0,12.087592555821521,0.0,14.2828568570857,0.0,9.400905867135322,0.0,944.7268446777209,0.0,182.931277105687,0.0,156.7608431248883,0.0,7.484083287951115,0.0,11.995144310139644,0.0,1060.162983922659,0.0,312.9846488389132,0.0,12.08759256007833,0.0,11.822832139272965,0.0,8.393708425114605,0.0
Deven,349.09411764705885,0.0,17.324349992216906,0.0,334.30682319464864,0.0,184.0,0.0,115.57522225191849,0.0,11.509205284388216,0.0,13.564659966250536,0.0,8.636053349689956,0.0,847.1104274179086,0.0,119.16213947800301,0.0,81.54761648193212,0.0,4.468244783022612,0.0,11.912196702106334,0.0,3353.4571898283125,0.0,1143.644594368118,0.0,11.509205290105934,0.0,11.00544780618509,0.0,7.6184134712563365,0.0
Deves,329.6235294117647,0.0,16.78525744094228,0.0,331.61191777826235,0.0,165.0,0.0,104.24212406152031,0.0,11.341389396720345,0.0,12.84523257866513,0.0,8.23075752700971,0.0,847.0807579762384,0.0,116.75412713486769,0.0,80.27247334641096,0.0,7.3406643374109315,0.0,12.007352599812286,0.0,3353.9543949147596,0.0,1143.4211917784694,0.0,11.341389402362235,0.0,10.322672057335966,0.0,7.1390415008977275,0.0
Devon,354.9450980392157,0.0,17.424569130426363,0.0,340.40331980788824,0.0,203.0,0.0,127.74781446655425,0.0,11.748444135643041,0.0,14.247806848775006,0.0,9.087799578539398,0.0,847.8776061509352,0.0,127.58746016969577,0.0,87.29426882124883,0.0,4.017675180345881,0.0,12.518450422179544,0.0,3461.538252826442,0.0,1103.8813001919048,0.0,11.748444139605958,0.0,11.659088124217899,0.0,8.079584507026484,0.0
Dffnp,375.5960784313726,0.0,17.985867834307353,0.0,385.4769176567768,0.0,260.0,0.0,172.50047811496881,0.0,13.28047178024819,0.0,16.1245154965971,0.0,10.89985057064284,0.0,1515.1021253353288,0.0,435.35686473547423,0.0,405.0867705587284,0.0,4.623638707078177,0.0,26.56433917663053,0.0,2382.412644519412,0.0,2077.190062661615,0.0,13.280471790907036,0.0,13.539154183367833,0.0,9.988166435747017,0.0
Dfkqw,418.61568627450976,0.0,18.906039345184002,0.0,431.3230094516101,0.0,326.0,0.0,224.1872226406735,0.0,14.742092924294031,0.0,18.05547008526779,0.0,12.685461447257751,0.0,45658.54024661264,0.0,10325.0111049585,0.0,9965.316927347181,0.0,4.1069452751700855,0.0,77.33097846813243,0.0,3253.332091970471,0.0,902.838701727639,0.0,14.742092928372601,0.0,15.051847087598318,0.0,11.758576638455203,0.0
Dgrks,386.035294117647,0.0,18.062490952040402,0.0,379.0000143083515,0.0,224.0,0.0,150.50147673002806,0.0,12.957055542281172,0.0,14.966629547095765,0.0,10.262589986902384,0.0,3670.6750093960627,0.0,1757.270199203113,0.0,1326.9503120836519,0.0,7.2722169830443155,0.0,20.275345086556484,0.0,1803.6672826068768,0.0,2503.9931778980945,0.0,12.957055537540674,0.0,12.207316162055145,0.0,9.263736386706631,0.0
Dhndy,413.18039215686275,0.0,18.802913956114917,0.0,374.13999319678055,0.0,249.0,0.0,163.92809215659196,0.0,12.964200646679757,0.0,15.7797338380595,0.0,10.600840138935832,0.0,2466.07309159138,0.0,209.9149502453253,0.0,154.2892117699459,0.0,3.204019930705776,0.0,11.175653800982984,0.0,2030.7799220804486,0.0,1140.8302450934498,0.0,12.9642006447061,0.0,13.184992616204152,0.0,9.66884699547272,0.0
Dhpwz,418.6039215686274,0.0,18.933467354984824,0.0,403.6694022617977,0.0,269.0,0.0,183.72003115441368,0.0,13.873670591302377,0.0,16.401219466856727,0.0,11.453319980552282,0.0,2837.446901964686,0.0,472.9584176154799,0.0,382.6404652285031,0.0,4.466374833711222,0.0,23.308047731928973,0.0,797.031498241516,0.0,435.0588531360456,0.0,13.873670590723286,0.0,13.52911995180119,0.0,10.42932373014952,0.0
Dhshn,396.94117647058823,0.0,18.40251140442532,0.0,350.10297397769244,0.0,208.0,0.0,135.3439522910907,0.0,12.193138431151018,0.0,14.422205101855956,0.0,9.5497063583082,0.0,849.4302353062338,0.0,123.62296814192905,0.0,92.06479951881482,0.0,3.543319851266816,0.0,11.973167013020186,0.0,655.7371596566713,0.0,782.9350406758502,0.0,12.193138434341078,0.0,11.989875376020137,0.0,8.592877672208601,0.0
Diebe,351.078431372549,0.0,17.45707714606486,0.0,349.80032045311475,0.0,213.0,0.0,137.0235893448662,0.0,12.13147616084705,0.0,14.594519519326424,0.0,9.555298464144741,0.0,846.8997633013266,0.0,117.55908603546396,0.0,82.87845055241135,0.0,3.5822586946056587,0.0,10.232839073814574,0.0,2147.649345263961,0.0,1042.2184915212158,0.0,12.131476167455528,0.0,12.136091522855413,0.0,8.612433091415506,0.0
Diech,339.1058823529412,0.0,17.05988908098743,0.0,352.40284142295104,0.0,212.0,0.0,136.29037911736356,0.0,12.174149440954208,0.0,14.560219778561036,0.0,9.51711103517057,0.0,848.6286045975876,0.0,112.44378855824112,0.0,80.89507134670528,0.0,4.914601165125752,0.0,9.797182293279034,0.0,1523.9632503760918,0.0,1064.7814058637332,0.0,12.174149441098793,0.0,11.962208949660262,0.0,8.584086523486912,0.0
Diele,318.25098039215686,0.0,16.68342778878324,0.0,356.5211796022278,0.0,221.0,0.0,143.075700636857,0.0,12.3641360482474,0.0,14.866068747318506,0.0,9.78726735067554,0.0,846.0661124648169,0.0,108.70989596134133,0.0,78.20952895490213,0.0,5.846386266515092,0.0,8.713098177409265,0.0,2398.9484722186994,0.0,1978.2005450518382,0.0,12.364136087721098,0.0,11.984502221019705,0.0,8.84904858468431,0.0
Dildo,351.2705882352941,0.0,17.506325983555833,0.0,379.70621522462704,0.0,267.0,0.0,177.64025290689023,0.0,13.257482813054352,0.0,16.34013463836819,0.0,11.071543117990451,0.0,945.1644781645497,0.0,148.56512964553647,0.0,115.65445706715823,0.0,4.377068432864602,0.0,10.317473160935617,0.0,2194.4136147768854,0.0,1491.2136950659683,0.0,13.257482809847637,0.0,13.61824843449178,0.0,10.229892822543396,0.0
Dinar,323.6666666666667,0.0,16.660426513475546,0.0,345.2224379273939,0.0,213.0,0.0,134.5235029548098,0.0,11.964963567739128,0.0,14.594519519326424,0.0,9.343891307287572,0.0,845.0014982838356,0.0,100.28508792430584,0.0,67.09025938270467,0.0,7.118365597291243,0.0,9.117604675597931,0.0,3369.3889072543675,0.0,1472.0344586992378,0.0,11.964963568396351,0.0,11.69169712795895,0.0,8.404809267304433,0.0
Dinau,347.64313725490194,0.0,17.302815384294867,0.0,344.5300961359329,0.0,226.0,0.0,141.76109585786622,0.0,11.978131464616284,0.0,15.033296378372908,0.0,9.553019303889846,0.0,845.012830060432,0.0,102.39799611032794,0.0,68.07570177890284,0.0,3.2792161788788783,0.0,11.60341092457278,0.0,3368.45361103158,0.0,1472.345596396858,0.0,11.978131465130554,0.0,12.276808400988214,0.0,8.6588429526104,0.0
Dirne,322.39607843137253,0.0,16.690519033437408,0.0,342.8474138326675,0.0,200.0,0.0,126.7165482852925,0.0,11.87110967817671,0.0,14.142135623730951,0.0,9.093797041908985,0.0,844.88157185571,0.0,96.68124334969154,0.0,64.82908323744358,0.0,4.952885848587667,0.0,8.458516932555959,0.0,2218.6000638396135,0.0,1956.2339090688372,0.0,11.871109687856954,0.0,11.424820382891262,0.0,8.148231141272056,0.0
Divir,290.09411764705885,0.0,15.869800898119166,0.0,374.33435030628044,0.0,247.0,0.0,160.48031170612293,0.0,12.899571750004018,0.0,15.716233645501712,0.0,10.347742668455195,0.0,848.1676241131211,0.0,131.70755807887903,0.0,90.83495774098324,0.0,10.575431068223253,0.0,12.76582606349169,0.0,4233.931848076505,0.0,1813.8030783130844,0.0,12.899571784767048,0.0,12.32727618068208,0.0,9.343989807250459,0.0
Diwan,365.6392156862745,0.0,17.672628099104504,0.0,381.35315796151747,0.0,268.0,0.0,177.2689211771724,0.0,13.25293754162564,0.0,16.3707055437449,0.0,11.017417295078586,0.0,1080.4367995625546,0.0,233.73522188489744,0.0,186.2899058678825,0.0,3.230325649465673,0.0,12.943257952208766,0.0,3964.7024508974077,0.0,1473.7726955990001,0.0,13.25293754275616,0.0,13.26384242222053,0.0,10.09489159572668,0.0
Djmkn,426.82352941176475,0.0,19.097692149682903,0.0,445.739853892816,0.0,334.0,0.0,231.47819191011112,0.0,15.082365246825235,0.0,18.275666882497067,0.0,12.923809490589756,0.0,23966.198490882856,0.0,2251.832864334249,0.0,1978.3456806355537,0.0,3.4032470315111762,0.0,32.40459782657037,0.0,1195.4226973795053,0.0,2564.9790085366094,0.0,15.082365242385496,0.0,15.609305092354138,0.0,12.072354577047099,0.0
Dkrhs,369.2941176470588,0.0,17.681599312515992,0.0,363.1142640782024,0.0,216.0,0.0,141.71072505554557,0.0,12.541533277092574,0.0,14.696938456699069,0.0,9.815356230214855,0.0,852.6263256199619,0.0,163.74163278904234,0.0,121.30170274705105,0.0,6.402826744149985,0.0,16.221919575610784,0.0,1594.3676021979745,0.0,1451.97206603974,0.0,12.54153328081355,0.0,11.9008047417878,0.0,8.804302022596492,0.0
Dlbls,341.0627450980392,0.0,17.270215575399206,0.0,381.0387100344745,0.0,256.0,0.0,172.54912003628377,0.0,13.282439864779013,0.0,16.0,0.0,10.987895105851075,0.0,849.8038820378713,0.0,140.88852082418373,0.0,108.36468774899862,0.0,7.0946484161860806,0.0,11.566833995032459,0.0,2323.795918505471,0.0,1765.3982286345379,0.0,13.28243989922699,0.0,13.197882567341283,0.0,10.106020527178666,0.0
Dlhnl,362.0431372549019,0.0,17.786765077396534,0.0,382.83891089135534,0.0,265.0,0.0,177.4803694794729,0.0,13.373717973978746,0.0,16.278820596099706,0.0,11.10793755210645,0.0,850.7113839313014,0.0,143.8158412152569,0.0,113.73881451757315,0.0,5.006582048945391,0.0,12.061607029298695,0.0,1721.9502567875088,0.0,1198.4053531176246,0.0,13.373717984046577,0.0,13.327637002269126,0.0,10.248699350750194,0.0
Dljng,384.3294117647058,0.0,18.25483330161263,0.0,412.0394702669719,0.0,287.0,0.0,195.71770780183215,0.0,14.065803855219203,0.0,16.941074346097416,0.0,11.79300836833299,0.0,12809.062227844586,0.0,920.0527801986865,0.0,797.084260495386,0.0,6.898055980995208,0.0,20.699822088910732,0.0,1655.8733619283973,0.0,1328.9776782608249,0.0,14.06580386212509,0.0,14.19107559395487,0.0,10.90196973664354,0.0
Dlvqn,367.46666666666664,0.0,17.884554388056802,0.0,383.3897122941136,0.0,272.0,0.0,181.71041486124912,0.0,13.384888617500051,0.0,16.492422502470642,0.0,11.236354396451752,0.0,45516.4157673698,0.0,10292.574754700076,0.0,9943.997778317922,0.0,4.123377877382955,0.0,71.5122369680558,0.0,3687.5424864518,0.0,1161.5071572175661,0.0,13.384888619167215,0.0,13.750359658768643,0.0,10.361323353105872,0.0
Dmltl,359.18823529411765,0.0,17.725489762276588,0.0,449.8618058761447,0.0,337.0,0.0,236.40389025223254,0.0,15.279173816273188,0.0,18.35755975068582,0.0,13.145064782703889,0.0,1091.9723941366335,0.0,687.1075463102486,0.0,534.3091041058559,0.0,12.477438528785221,0.0,14.969041885874443,0.0,3689.364080536066,0.0,773.0055430352534,0.0,15.27917381193546,0.0,15.371709247703198,0.0,12.288224478761181,0.0
Dmmkr,454.0196078431373,0.0,19.615951656757076,0.0,486.8783695496645,0.0,371.0,0.0,263.14844133440243,0.0,16.15139663336166,0.0,19.261360284258224,0.0,13.960707968374429,0.0,1116.4423910351184,0.0,733.5651704972099,0.0,565.7837487553195,0.0,7.958336124620274,0.0,15.199060436570347,0.0,1225.0782909997706,0.0,2532.966314992988,0.0,16.151396630436945,0.0,16.681289083821536,0.0,13.09716107016675,0.0
Dmnkm,481.0901960784313,0.0,20.215873793847017,0.0,488.09753194407153,0.0,384.0,0.0,271.8232926490159,0.0,16.226397394631128,0.0,19.595917942265423,0.0,14.191940208932795,0.0,1178.6564894851745,0.0,829.8951942692606,0.0,643.083061375298,0.0,3.9249306096907692,0.0,15.588082182457791,0.0,1462.919718622614,0.0,2145.410470583876,0.0,16.226397391147074,0.0,17.221297858071654,0.0,13.368699284399916,0.0
Docht,343.77647058823527,0.0,17.118761053525148,0.0,343.94915702202564,0.0,192.0,0.0,123.0712580282007,0.0,11.86627761600725,0.0,13.856406460551018,0.0,9.015712860024276,0.0,846.9514487387409,0.0,103.84029213108113,0.0,71.79805188549417,0.0,6.771911137682,0.0,9.633252538286886,0.0,650.0784274786955,0.0,603.1641449722114,0.0,11.866277618612354,0.0,11.23232340661458,0.0,7.978902419134796,0.0
Dogma,443.38039215686274,0.0,19.365627881703066,0.0,415.72960047298443,0.0,291.0,0.0,198.41923420614253,0.0,14.16220595677559,0.0,17.05872210923198,0.0,11.904049353740719,0.0,2384.299845879663,0.0,398.34233057957834,0.0,296.99548901106425,0.0,4.019417934522961,0.0,10.765668609074664,0.0,3100.8565874690835,0.0,602.2206780699413,0.0,14.16220596069738,0.0,14.88673338565926,0.0,10.965954272993836,0.0
Dogmo,447.9607843137255,0.0,19.48111043999787,0.0,422.0921601023707,0.0,298.0,0.0,204.25096662374102,0.0,14.33466513013414,0.0,17.26267650163207,0.0,12.100537671601504,0.0,2384.8006666361794,0.0,401.0212662200169,0.0,298.9227792997533,0.0,4.1509631389316235,0.0,11.259310101767783,0.0,3104.413311302712,0.0,605.4047898746992,0.0,14.33466513420058,0.0,15.094057931031688,0.0,11.151118837076856,0.0
Dohle,365.55686274509804,0.0,17.753915694610853,0.0,349.54869645503686,0.0,211.0,0.0,136.26745038646038,0.0,12.159956661939942,0.0,14.52583904633395,0.0,9.551895225509236,0.0,847.2888980859916,0.0,113.9515295830743,0.0,83.39633935402637,0.0,6.105457377301745,0.0,9.49400081295211,0.0,2116.2644150179403,0.0,1729.2123005170677,0.0,12.159956705841353,0.0,11.884170600471283,0.0,8.59789665958557,0.0
Dompf,423.89411764705886,0.0,19.02305325574967,0.0,422.8294301225924,0.0,288.0,0.0,199.24782418543612,0.0,14.380438645214229,0.0,16.97056274847714,0.0,11.994038741300889,0.0,967.104154461196,0.0,332.26349613768775,0.0,261.82762217562237,0.0,4.345609758660501,0.0,15.547222217462355,0.0,1742.269869546417,0.0,1435.298156416082,0.0,14.380438650507873,0.0,14.708907063070885,0.0,11.07703078992134,0.0
Dosis,316.3764705882353,0.0,16.406567453126883,0.0,336.96018849230336,0.0,178.0,0.0,114.05841344661216,0.0,11.613190150089954,0.0,13.341664064126334,0.0,8.67032826444761,0.0,845.5949383805832,0.0,99.59070049916589,0.0,67.50803223949507,0.0,9.913352636972178,0.0,9.116668546758588,0.0,2528.4710419280473,0.0,1249.6632266253848,0.0,11.613190190917098,0.0,10.663933082924025,0.0,7.600972638854335,0.0
Draht,336.79215686274506,0.0,16.96155183574495,0.0,353.46134476921634,0.0,225.0,0.0,143.42319869982944,0.0,12.262153354988406,0.0,15.0,0.0,9.709817513806714,0.0,846.4970841841805,0.0,111.45004145794466,0.0,77.11984484999248,0.0,5.214002920612734,0.0,10.19926182367013,0.0,721.854824162795,0.0,674.4754957616661,0.0,12.262153358305104,0.0,12.104552038109764,0.0,8.745163654385077,0.0
Drama,380.6823529411764,0.0,17.92863721243952,0.0,395.7292408743749,0.0,279.0,0.0,185.71996447208915,0.0,13.624449373753414,0.0,16.703293088490067,0.0,11.366781205573815,0.0,892.2718113100789,0.0,324.5299322048585,0.0,242.68825230643404,0.0,5.025674662363086,0.0,9.807434566177827,0.0,3050.0864721160356,0.0,610.0541433422432,0.0,13.62444937794241,0.0,14.193928684613997,0.0,10.487479669548062,0.0
Drang,381.8627450980392,0.0,18.01573450444687,0.0,363.84129579685225,0.0,234.0,0.0,151.0700401983727,0.0,12.52836310095776,0.0,15.297058540778355,0.0,10.073507001755454,0.0,4279.060930555603,0.0,427.19408014044404,0.0,323.93725462398424,0.0,7.447697116598111,0.0,10.8078368270518,0.0,1459.8215353095513,0.0,1169.0429574835298,0.0,12.528363110857304,0.0,12.67910632550656,0.0,9.134747837362575,0.0
Drbtt,316.8666666666667,0.0,16.592583215473084,0.0,368.44493119841906,0.0,246.0,0.0,159.2691428216611,0.0,12.75575763377866,0.0,15.684387141358123,0.0,10.325460725876102,0.0,847.5624042966131,0.0,125.07580989626818,0.0,89.07827195918829,0.0,9.868907421346977,0.0,10.817302480966351,0.0,3658.6358279805468,0.0,699.9984099291393,0.0,12.75575763241563,0.0,12.671777609196026,0.0,9.347882887297262,0.0
Dreck,338.6078431372549,0.0,16.935578686651052,0.0,353.6825346302626,0.0,206.0,0.0,131.5424115784271,0.0,12.108444056002778,0.0,14.352700094407323,0.0,9.325279612263623,0.0,849.7209394864675,0.0,141.47210134510806,0.0,98.58563563471267,0.0,4.999573349111661,0.0,10.866711400407226,0.0,1336.3122527415214,0.0,613.6011732042037,0.0,12.108444056428919,0.0,11.40595447914669,0.0,8.316285813051746,0.0
Driet,294.0666666666666,0.0,15.978598239259197,0.0,352.7543820006322,0.0,209.0,0.0,133.15675880706164,0.0,12.141244651884376,0.0,14.45683229480096,0.0,9.342124009211222,0.0,845.3721923285383,0.0,101.6822362498167,0.0,68.97235955237879,0.0,9.020124095936875,0.0,8.892474325235954,0.0,1394.6001010858436,0.0,694.801509285655,0.0,12.14124465774909,0.0,11.311396680200904,0.0,8.339888812035845,0.0
Drink,347.3098039215686,0.0,17.252389300118995,0.0,367.9757678591182,0.0,241.0,0.0,155.69696176970015,0.0,12.712048337130025,0.0,15.524174696260024,0.0,10.186738242356626,0.0,849.2666092061006,0.0,145.77464472416395,0.0,101.68231378898246,0.0,6.106569440234053,0.0,10.72069956482279,0.0,1853.4714435848248,0.0,1255.7688467025646,0.0,12.712048347120119,0.0,12.304053652248735,0.0,9.264214341687044,0.0
Drlds,337.2117647058824,0.0,17.0905357703645,0.0,368.6511890781363,0.0,238.0,0.0,157.0503492048064,0.0,12.821889904418311,0.0,15.427248620541512,0.0,10.384668620019282,0.0,943.9607029418362,0.0,139.8926271106793,0.0,110.18645212170313,0.0,5.039949987785928,0.0,10.42021053428627,0.0,2059.5676796216876,0.0,1205.5553929370753,0.0,12.82188990121099,0.0,12.585602609566184,0.0,9.49489725333239,0.0
Droge,375.25882352941176,0.0,17.873404623879143,0.0,361.8946022412809,0.0,216.0,0.0,139.7080944783251,0.0,12.370788753667059,0.0,14.696938456699069,0.0,9.699920194663054,0.0,2516.9460390929676,0.0,258.07592765940245,0.0,188.29735951717385,0.0,4.774199565562514,0.0,10.018906361631053,0.0,3296.5676039748787,0.0,1490.331508458569,0.0,12.370788754827279,0.0,12.12712121502666,0.0,8.648355699566125,0.0
Drrch,323.2980392156863,0.0,16.57195000912565,0.0,351.3964895940471,0.0,203.0,0.0,129.43563697818377,0.0,12.084402233063955,0.0,14.247806848775006,0.0,9.245090229504987,0.0,848.8578643272598,0.0,114.99021561565716,0.0,82.71451947382488,0.0,6.852404797004641,0.0,10.33749446133407,0.0,1769.7313836865094,0.0,1395.6236213180262,0.0,12.084402233721752,0.0,11.431069818368305,0.0,8.24068923842488,0.0
Drrgr,337.63529411764705,0.0,16.952065763230962,0.0,374.2638149848954,0.0,223.0,0.0,145.48938752149624,0.0,12.751750442055936,0.0,14.933184523068078,0.0,9.93744069630634,0.0,2516.8945629869268,0.0,257.79039347632727,0.0,188.1404578527963,0.0,6.018207471100582,0.0,11.107997104388476,0.0,3418.934501567715,0.0,1878.1097009731125,0.0,12.751750444508225,0.0,11.880599605010005,0.0,8.831782438592866,0.0
Druck,346.69803921568626,0.0,17.156038523619426,0.0,356.3352633411878,0.0,222.0,0.0,140.20094273149112,0.0,12.22208115508286,0.0,14.89966442575134,0.0,9.573085075147775,0.0,849.7148112237124,0.0,142.58822828645216,0.0,99.06189444536912,0.0,4.347372384337405,0.0,11.256670689738145,0.0,2044.1178382342957,0.0,826.9735732806147,0.0,12.222081155187547,0.0,11.849404690618927,0.0,8.587522795531997,0.0
Drxtt,295.121568627451,0.0,15.96348582426998,0.0,369.8590457138387,0.0,237.0,0.0,152.91826420778978,0.0,12.724409501464065,0.0,15.394804318340652,0.0,10.077930842202727,0.0,847.0374578010894,0.0,119.83292674134061,0.0,84.6046285546384,0.0,10.736932344034988,0.0,17.780304812402832,0.0,4336.8643126986935,0.0,1005.7338864917753,0.0,12.724409498293085,0.0,11.97116035770151,0.0,8.996646191466496,0.0
Dsckz,343.4901960784314,0.0,17.05313134691403,0.0,358.3157769840676,0.0,205.0,0.0,132.95069314521862,0.0,12.2768113662713,0.0,14.317821063276353,0.0,9.440909981288348,0.0,851.8208947303457,0.0,155.8558164063127,0.0,113.81869161110635,0.0,4.740332921769861,0.0,18.028523591323346,0.0,1040.4878042375058,0.0,2115.4707358324526,0.0,12.276811360546382,0.0,11.44901971799719,0.0,8.37199588567956,0.0
Dsßqn,412.28235294117644,0.0,18.73470546268472,0.0,377.2901650320025,0.0,260.0,0.0,173.2230583159871,0.0,13.151475493984426,0.0,16.1245154965971,0.0,10.98386838436937,0.0,45516.58886340611,0.0,10293.545196394356,0.0,9944.640340620146,0.0,3.2703392757670926,0.0,73.45915068186672,0.0,1768.8918689718946,0.0,2057.0648551693607,0.0,13.151475498474925,0.0,13.629400122463903,0.0,10.076508381047898,0.0
Dtvzs,309.7607843137255,0.0,16.326939878078544,0.0,363.3771322820737,0.0,217.0,0.0,141.65711111651046,0.0,12.51268685365208,0.0,14.730919862656235,0.0,9.760715228101999,0.0,849.8467415048666,0.0,144.34858303421777,0.0,103.9926871935636,0.0,6.719358830664703,0.0,16.635814208931006,0.0,4278.442261142513,0.0,1249.0702344597282,0.0,12.512686854219133,0.0,11.815817133401548,0.0,8.657480306664539,0.0
Duell,333.45882352941175,0.0,17.120211383963788,0.0,365.4287238838803,0.0,228.0,0.0,150.90002159751398,0.0,12.71644786735867,0.0,15.0996688705415,0.0,10.182955565139407,0.0,848.7230039965386,0.0,130.81735412790306,0.0,102.37775884371815,0.0,8.983501754558366,0.0,10.240152537075762,0.0,2277.976715194082,0.0,1773.4728158817293,0.0,12.716447911689462,0.0,12.060861759428358,0.0,9.23491707396593,0.0
Duett,316.8627450980392,0.0,16.60309814846745,0.0,344.70950722571763,0.0,204.0,0.0,128.84940674328362,0.0,11.894689148856862,0.0,14.2828568570857,0.0,9.149298907526855,0.0,845.1486918799923,0.0,99.1979438883468,0.0,66.8394763934526,0.0,11.901859133316744,0.0,9.315822037873664,0.0,3672.5151643562067,0.0,740.0841513247926,0.0,11.894689145477079,0.0,11.381349803822127,0.0,8.11445592622515,0.0
Dusst,317.43529411764706,0.0,16.4844908645035,0.0,339.20995780385556,0.0,179.0,0.0,114.57157227203113,0.0,11.674088464273492,0.0,13.379088160259652,0.0,8.689813729798571,0.0,845.6666723965124,0.0,97.8705607094677,0.0,67.09675857496914,0.0,11.077575509330355,0.0,9.179620685556383,0.0,886.1666930585022,0.0,625.2882355992788,0.0,11.674088463856952,0.0,10.577807656099806,0.0,7.547802453277904,0.0
Dxmls,379.1294117647059,0.0,18.02760154684251,0.0,425.9148407318312,0.0,299.0,0.0,206.25302837643375,0.0,14.514486986573543,0.0,17.291616465790582,0.0,12.172506292857392,0.0,884.1534428667135,0.0,301.1552784734168,0.0,227.5712494078645,0.0,6.7564878771035035,0.0,31.738214110140383,0.0,2179.3271617806663,0.0,2191.7172459722956,0.0,14.514487022810856,0.0,14.354714789117159,0.0,11.264111546643615,0.0
Dxxfh,370.35686274509806,0.0,17.787985871613017,0.0,389.8183257607034,0.0,264.0,0.0,174.23984822346898,0.0,13.393744287565529,0.0,16.24807680927192,0.0,10.904021817252968,0.0,856.4843482254789,0.0,179.77761894155194,0.0,139.7108619959356,0.0,4.003290534868284,0.0,35.627226587222935,0.0,2582.367909206469,0.0,1106.0150486803009,0.0,13.39374430111523,0.0,12.932850969528507,0.0,9.859353818905014,0.0
Dzvrr,303.41960784313727,0.0,16.137627994638763,0.0,362.9449725036651,0.0,215.0,0.0,138.0561103416997,0.0,12.43673958547923,0.0,14.66287829861518,0.0,9.562244222606408,0.0,851.5207106447095,0.0,154.80595645907312,0.0,116.84069016998676,0.0,11.284374977869494,0.0,23.801713111544096,0.0,5644.0419053554615,0.0,1129.9042721972926,0.0,12.436739583208134,0.0,11.29315255721575,0.0,8.440254429535129,0.0
Dzzmn,399.77647058823527,0.0,18.555717813949602,0.0,412.2123945433875,0.0,282.0,0.0,191.29652280022572,0.0,14.082543374539567,0.0,16.792855623746664,0.0,11.642755362337889,0.0,896.9633942969292,0.0,339.43300060476247,0.0,258.19182650287416,0.0,4.216478097170707,0.0,24.066530152882667,0.0,2998.2389399425074,0.0,746.1428528373561,0.0,14.082543379142995,0.0,14.170619686406196,0.0,10.676898392118765,0.0
Dämon,424.843137254902,0.0,18.968873915548883,0.0,394.1506407712457,0.0,271.0,0.0,182.47158199091228,0.0,13.607745466143912,0.0,16.46207763315433,0.0,11.328938680877966,0.0,880.1707908592157,0.0,289.91985404180633,0.0,213.63906643928942,0.0,3.3050545591256104,0.0,12.111481666576774,0.0,1372.3575232958528,0.0,1441.5377210676272,0.0,13.607745467785708,0.0,14.419314767009732,0.0,10.514409535533234,0.0
Dänen,379.2117647058824,0.0,17.99052807301722,0.0,325.36581140510475,0.0,184.0,0.0,114.29885236209262,0.0,11.284115816934873,0.0,13.564659966250536,0.0,8.561157884039545,0.0,846.2172987062496,0.0,118.6260826633997,0.0,81.2776653002303,0.0,3.8955086480216248,0.0,10.531125718872953,0.0,1334.7714692866184,0.0,592.4820281410321,0.0,11.284115823097123,0.0,11.449847986029058,0.0,7.709476669315037,0.0
Dänin,363.2470588235294,0.0,17.648394720677565,0.0,341.67690037876457,0.0,216.0,0.0,136.22786025328452,0.0,11.906898824578926,0.0,14.696938456699069,0.0,9.411396478443512,0.0,846.7283650514829,0.0,125.3919205787024,0.0,85.95581128816693,0.0,5.859519751388101,0.0,11.196651019056288,0.0,2745.4058550988348,0.0,1227.2066939511974,0.0,11.906898862429403,0.0,12.163246484286363,0.0,8.561175069343047,0.0
Därme,391.92156862745094,0.0,18.23292837278997,0.0,393.63337166892086,0.0,251.0,0.0,170.15746909530716,0.0,13.522537658277196,0.0,15.84297951775486,0.0,10.995986010181277,0.0,893.6150608372379,0.0,330.2787999400988,0.0,246.96431779419427,0.0,3.9529097588690654,0.0,11.533996933856342,0.0,3385.960543115532,0.0,1472.3319280668652,0.0,13.522537662816127,0.0,13.69722617028063,0.0,10.114101939042841,0.0
Döhnö,416.4666666666667,0.0,18.783303833019,0.0,358.3577879286066,0.0,226.0,0.0,146.98608067211381,0.0,12.436377392200642,0.0,15.033296378372908,0.0,9.95586882520972,0.0,885.3725047364201,0.0,329.1783283283684,0.0,265.2821843202246,0.0,2.3687157655917797,0.0,124.60205878843328,0.0,1657.3553569503565,0.0,1315.0185238423528,0.0,12.436315330155724,0.0,12.783683344318597,0.0,9.024599289153127,0.0
Döltö,353.80000000000007,0.0,17.418997349615097,0.0,375.9942936667986,0.0,242.0,0.0,161.20594552566985,0.0,13.01108668325716,0.0,15.556349186104045,0.0,10.544293561718328,0.0,885.5197331575364,0.0,331.3294838375814,0.0,267.1744430448849,0.0,6.967882932539457,0.0,124.52937118674885,0.0,3728.2314956463547,0.0,933.8109263361313,0.0,13.011027346397407,0.0,12.842843661583279,0.0,9.586264452252978,0.0
Döner,356.72549019607845,0.0,17.43686364470219,0.0,334.72225083892687,0.0,180.0,0.0,113.07458836487888,0.0,11.50851024978709,0.0,13.416407864998739,0.0,8.563180666179404,0.0,846.7227533875354,0.0,108.93165170675864,0.0,78.64763834969239,0.0,9.267685574308295,0.0,13.058626617647148,0.0,1390.3772510072456,0.0,753.7811706020145,0.0,11.508510255048469,0.0,10.909009715006903,0.0,7.558598056564304,0.0
Dürre,331.8941176470588,0.0,16.85740955260619,0.0,340.9330884715164,0.0,181.0,0.0,114.29249594371666,0.0,11.708173000421313,0.0,13.45362404707371,0.0,8.647193448264227,0.0,846.7288809354178,0.0,110.11411390692544,0.0,79.65012411932229,0.0,9.262996464862033,0.0,11.374802105830367,0.0,4837.234871284512,0.0,1447.6180297059782,0.0,11.708172996989964,0.0,10.747210757410047,0.0,7.586290445738377,0.0
Ebene,353.9490196078432,0.0,17.48397365793038,0.0,314.4065929111544,0.0,151.0,0.0,92.15520675570174,0.0,10.763131153824478,0.0,12.288205727444508,0.0,7.631171144105731,0.0,728.223991705196,0.0,122.79137250330679,0.0,91.87275954721926,0.0,3.0365664516037176,0.0,15.573213273763038,0.0,1728.8709386194446,0.0,1216.1789617338377,0.0,10.763131163933053,0.0,9.933862116510683,0.0,6.603185750430062,0.0
Ecken,341.4,0.0,17.025337880641878,0.0,327.53749814396133,0.0,170.0,0.0,104.04881875096117,0.0,11.151846648171647,0.0,13.038404810405298,0.0,8.082367716767406,0.0,728.0922917301817,0.0,117.0108663415899,0.0,77.8887660292546,0.0,3.085281418791398,0.0,14.899782455668548,0.0,2973.7867262319032,0.0,930.1836087192228,0.0,11.151846654872998,0.0,10.312000582958179,0.0,7.037264787599623,0.0
Eenen,341.15294117647056,0.0,17.141032472782594,0.0,302.47276121518206,0.0,142.0,0.0,82.11106926592682,0.0,10.230939592106626,0.0,11.916375287812984,0.0,6.931449338989207,0.0,722.9127428039659,0.0,69.36473992345098,0.0,41.06388260679533,0.0,2.1806487553263945,0.0,9.333283826799015,0.0,1350.6305706950745,0.0,483.8089253295368,0.0,10.230939599347325,0.0,9.386692870138493,0.0,5.906432742557964,0.0
Eiche,314.82745098039214,0.0,16.43752189672592,0.0,330.5311943695275,0.0,172.0,0.0,106.65915154165734,0.0,11.310316709027974,0.0,13.114877048604,0.0,8.247600355737644,0.0,725.7063251819463,0.0,87.60156438056389,0.0,58.711060386572726,0.0,4.585202628852247,0.0,10.78001667415523,0.0,1244.6888752420696,0.0,1109.3304134350185,0.0,11.310316712608365,0.0,10.31955723014497,0.0,7.250153461580669,0.0
Eifer,284.26666666666665,0.0,15.681373744246011,0.0,342.9317548250205,0.0,184.0,0.0,115.47412401832558,0.0,11.704907097852987,0.0,13.564659966250536,0.0,8.626225508654434,0.0,726.5154213560464,0.0,110.66021894958605,0.0,80.35170274204957,0.0,4.8718629584258855,0.0,13.053278003259406,0.0,2265.901164612611,0.0,2009.069947169555,0.0,11.704907105935968,0.0,10.382974370722522,0.0,7.611450330820469,0.0
Eiter,269.7882352941176,0.0,15.312345096078756,0.0,335.5079057700466,0.0,176.0,0.0,109.58190992216804,0.0,11.471921258063146,0.0,13.2664991614216,0.0,8.358730606236106,0.0,724.0610756620091,0.0,84.73693520306483,0.0,55.11244657383067,0.0,5.33053341997369,0.0,9.956853982911392,0.0,1684.9305260630872,0.0,1587.9931182059565,0.0,11.471921262535542,0.0,10.089392226389755,0.0,7.3324308258294435,0.0
Ekzem,391.94509803921574,0.0,18.288153620867206,0.0,404.482409904619,0.0,247.0,0.0,169.58137322394145,0.0,13.73943417925694,0.0,15.716233645501712,0.0,11.052872876213328,0.0,858.5696121448719,0.0,493.4168687133321,0.0,381.5120731087686,0.0,6.071177508915832,0.0,19.86821664415776,0.0,898.6403982919799,0.0,705.5702314767611,0.0,13.739434182679975,0.0,13.177154719515713,0.0,10.069675492544716,0.0
Elend,348.29019607843134,0.0,17.433551993265283,0.0,351.12805787053765,0.0,217.0,0.0,140.8450764417009,0.0,12.231272697880351,0.0,14.730919862656235,0.0,9.761029393999047,0.0,1155.7979055127078,0.0,184.32975650485434,0.0,161.10432015919957,0.0,6.654959052362296,0.0,12.704644280311149,0.0,1933.845547165218,0.0,1262.0981279277833,0.0,12.231272705711481,0.0,12.14787515401022,0.0,8.909179126055795,0.0
Elfen,318.45490196078435,0.0,16.644834605100222,0.0,347.3616803405926,0.0,202.0,0.0,129.07573033343854,0.0,11.985904559542838,0.0,14.212670403551895,0.0,9.228540790668315,0.0,728.3094041391095,0.0,125.0202220659104,0.0,95.55016552314211,0.0,4.007230232404127,0.0,13.086774128792689,0.0,2221.90655660757,0.0,1820.2357821528162,0.0,11.985904566559872,0.0,11.289307860268636,0.0,8.312504048766106,0.0
Elite,276.8274509803921,0.0,15.614911691329787,0.0,349.89408120125495,0.0,206.0,0.0,131.70955555015647,0.0,12.079964782894649,0.0,14.352700094407323,0.0,9.319759159854431,0.0,726.1776643108096,0.0,105.48957261256155,0.0,77.39828394479693,0.0,5.700893135217269,0.0,9.85138286615108,0.0,3827.0984265282623,0.0,852.0829773068753,0.0,12.079964779851585,0.0,11.059308036637846,0.0,8.371145179102884,0.0
Elste,284.50588235294117,0.0,15.723381111316458,0.0,340.8379892174414,0.0,186.0,0.0,118.79234800074514,0.0,11.740398441917453,0.0,13.638181696985855,0.0,8.855253278100548,0.0,726.3600939770436,0.0,104.29027601876999,0.0,77.1513587275562,0.0,5.142498565923961,0.0,10.350810418287487,0.0,3687.820324355434,0.0,844.4396567413331,0.0,11.740398437982714,0.0,10.599403362747674,0.0,7.839546499431577,0.0
Emgab,437.2313725490196,0.0,19.2916019402483,0.0,424.54968238155647,0.0,300.0,0.0,206.4044690656097,0.0,14.389285566647423,0.0,17.320508075688775,0.0,12.214840660268738,0.0,2427.8268471979472,0.0,728.2591537989645,0.0,561.3480586827619,0.0,3.9556271188864196,0.0,19.64062876832562,0.0,3216.735128234659,0.0,1259.9735970294516,0.0,14.389285568659528,0.0,15.12236828097995,0.0,11.342341394166086,0.0
Enbel,345.10196078431375,0.0,17.342004307977675,0.0,336.8845572374607,0.0,181.0,0.0,116.62390979798153,0.0,11.67343892413651,0.0,13.45362404707371,0.0,8.844551561134057,0.0,728.849185339165,0.0,124.48026022161015,0.0,96.96484752145106,0.0,4.507565810319258,0.0,12.713121467586301,0.0,1204.6254635817224,0.0,578.6897178382612,0.0,11.673438930285029,0.0,10.701291017286401,0.0,7.882894402850936,0.0
Enden,368.321568627451,0.0,17.845648605858607,0.0,319.8256748548217,0.0,172.0,0.0,106.0558762786393,0.0,11.058517543869284,0.0,13.114877048604,0.0,8.233570850960607,0.0,843.8973116007222,0.0,117.99499738857725,0.0,94.08303133369964,0.0,2.575357571234822,0.0,11.460229702758102,0.0,1946.7035933267855,0.0,956.1686574219419,0.0,11.058517540808934,0.0,10.76292743552903,0.0,7.32929816740382,0.0
Engel,363.3529411764706,0.0,17.722307106178516,0.0,353.77617929176233,0.0,193.0,0.0,126.12194874369905,0.0,12.12768487446801,0.0,13.892443989449804,0.0,9.281016481902476,0.0,2327.4442811303315,0.0,256.7020532810167,0.0,191.56868535538538,0.0,5.1749446916286175,0.0,12.27986581098667,0.0,1145.6564817254555,0.0,578.6185974202724,0.0,12.127684879952254,0.0,11.104899274654855,0.0,8.245359049557345,0.0
Ennus,340.956862745098,0.0,17.103707461239107,0.0,308.77493851457433,0.0,152.0,0.0,89.01244772726551,0.0,10.483007238411547,0.0,12.328828005937952,0.0,7.272118241224122,0.0,723.2730279981203,0.0,75.63636312399147,0.0,46.54736652013518,0.0,3.3240299045640875,0.0,11.971764992289343,0.0,4817.068679412933,0.0,1507.6922756925694,0.0,10.483007248862723,0.0,9.442016874148475,0.0,6.175275621111111,0.0
Enten,324.0078431372549,0.0,16.73772349896246,0.0,314.02195684276603,0.0,154.0,0.0,92.76374371309811,0.0,10.731468089638199,0.0,12.409673645990857,0.0,7.545668543388907,0.0,723.6221142125988,0.0,79.75580529547267,0.0,50.88980068323744,0.0,3.94266733118939,0.0,11.22039181837984,0.0,1408.4616327288231,0.0,1308.7230190471569,0.0,10.731468094260993,0.0,9.606175823431517,0.0,6.504319371040609,0.0
Entok,343.5882352941177,0.0,17.120490296852296,0.0,339.4769543725501,0.0,192.0,0.0,120.54793163306812,0.0,11.65495418379228,0.0,13.856406460551018,0.0,8.825885582384819,0.0,729.2397660092149,0.0,137.92115361489107,0.0,95.25035975066044,0.0,4.585015065182101,0.0,13.833903118286646,0.0,1655.6165083921055,0.0,1276.3815400541985,0.0,11.654954186480383,0.0,10.818855008497373,0.0,7.8024388908595,0.0
Enuel,329.2117647058824,0.0,16.93494574964008,0.0,326.36629248973304,0.0,172.0,0.0,106.15973926401003,0.0,11.220330150423944,0.0,13.114877048604,0.0,8.234055731677158,0.0,726.5324823793098,0.0,106.39547537820229,0.0,81.8805176868092,0.0,4.5411783556391425,0.0,12.431358435944752,0.0,2004.496516354937,0.0,846.6848057718621,0.0,11.220330155410618,0.0,10.063357546863845,0.0,7.209257120518106,0.0
Epfel,333.95294117647063,0.0,17.039112344279232,0.0,357.61150364593027,0.0,193.0,0.0,128.31650940976675,0.0,12.320132850368394,0.0,13.892443989449804,0.0,9.441559358546462,0.0,1011.5869565662023,0.0,347.11816366760115,0.0,318.3927017996725,0.0,6.108975098286986,0.0,16.640749994496673,0.0,2086.838475047983,0.0,1795.8121931464932,0.0,12.320132856743914,0.0,11.050354729998514,0.0,8.45442335502745,0.0
Eptek,353.2352941176471,0.0,17.404295783692575,0.0,349.5150561670339,0.0,188.0,0.0,122.3513731969445,0.0,12.007183001562312,0.0,13.711309200802088,0.0,9.107991589277605,0.0,1010.8035718144906,0.0,346.9352975506581,0.0,314.4183392956329,0.0,4.664402226121658,0.0,15.510982828303002,0.0,1420.8611344941635,0.0,1306.9032557632602,0.0,12.007183005633312,0.0,10.940740560361867,0.0,8.108028169053183,0.0
Erain,299.38823529411764,0.0,16.022550429337677,0.0,329.4860301879248,0.0,195.0,0.0,118.49096764962314,0.0,11.336513341084736,0.0,13.96424004376894,0.0,8.577004241638202,0.0,724.2300000750846,0.0,92.78331478742355,0.0,59.42613467800991,0.0,3.9893473142242155,0.0,10.19301334141751,0.0,2595.4237940900775,0.0,1216.4305928506076,0.0,11.336513379216688,0.0,10.727005948758999,0.0,7.603896944040838,0.0
Erdöl,339.58431372549023,0.0,17.126303316319714,0.0,367.1495749339243,0.0,237.0,0.0,154.96666207719406,0.0,12.716127041047084,0.0,15.394804318340652,0.0,10.290902789291705,0.0,861.8247910712522,0.0,252.13906694936676,0.0,196.0498574041487,0.0,4.014512047124369,0.0,33.90164259137668,0.0,2751.4415434291986,0.0,2019.3473267147056,0.0,12.716127037158557,0.0,12.550868874698091,0.0,9.383205331235741,0.0
Ernst,288.65098039215684,0.0,15.730905135868525,0.0,330.5638546703268,0.0,180.0,0.0,109.49888610820861,0.0,11.273762581267796,0.0,13.416407864998739,0.0,8.255440347937203,0.0,724.4475689711846,0.0,87.21012813985254,0.0,56.75665811895958,0.0,5.656306720963147,0.0,10.184760462518037,0.0,1468.9502432900185,0.0,489.78519981572794,0.0,11.273762581560657,0.0,10.095986269337978,0.0,7.123562850954735,0.0
Erron,304.0470588235294,0.0,16.096575128664522,0.0,326.65972711540826,0.0,181.0,0.0,109.07310623547163,0.0,11.159495100491794,0.0,13.45362404707371,0.0,8.199598580798806,0.0,724.6400989459719,0.0,94.43469152367068,0.0,60.946424491926315,0.0,5.481090171035062,0.0,10.252522970871771,0.0,1989.2572765340199,0.0,1391.085637798964,0.0,11.159495105777433,0.0,10.437844658559966,0.0,7.150370347383126,0.0
Esaun,331.043137254902,0.0,16.791038601480757,0.0,314.0977738362294,0.0,175.0,0.0,103.79401532883455,0.0,10.747240173108727,0.0,13.228756555322953,0.0,7.912576038187397,0.0,725.5216494939373,0.0,99.94997633279122,0.0,67.13161219044342,0.0,3.918724208333849,0.0,13.799390634968084,0.0,4707.533216335077,0.0,1509.232115468942,0.0,10.747240183978462,0.0,10.326272736362782,0.0,6.8905685895336095,0.0
Esche,322.50588235294117,0.0,16.540597708336286,0.0,318.1156231017798,0.0,152.0,0.0,92.04887409459113,0.0,10.791757943064631,0.0,12.328828005937952,0.0,7.5671423000418345,0.0,727.4805566937611,0.0,100.31960890787845,0.0,70.3974944819527,0.0,3.6482499430294952,0.0,13.324361097597189,0.0,934.8486881574762,0.0,635.1649900094982,0.0,10.791757946613457,0.0,9.611621377682875,0.0,6.471120162558181,0.0
Eschu,330.5960784313725,0.0,16.766251964025358,0.0,327.03479818472704,0.0,176.0,0.0,107.36867658532401,0.0,11.152043992194324,0.0,13.2664991614216,0.0,8.193232888661317,0.0,727.7808358883333,0.0,105.90250479904348,0.0,73.86604465216574,0.0,4.585848792716558,0.0,15.402354866672585,0.0,937.9204060190605,0.0,636.8209166539777,0.0,11.1520439955255,0.0,10.407894542013631,0.0,7.155090327639459,0.0
Eslom,358.4666666666667,0.0,17.5111854185704,0.0,401.79584490825107,0.0,268.0,0.0,181.92250892922178,0.0,13.742868012984218,0.0,16.3707055437449,0.0,11.369337779062452,0.0,854.0515790046042,0.0,481.22502708781514,0.0,371.77311078493335,0.0,9.692494843005205,0.0,14.828568025001521,0.0,1620.218373463888,0.0,516.6556866278635,0.0,13.742868014159159,0.0,13.773378130028364,0.0,10.487219373363352,0.0
Essen,313.39607843137253,0.0,16.32889283611611,0.0,311.9923552899045,0.0,148.0,0.0,89.07078099310704,0.0,10.59581997127806,0.0,12.165525060596439,0.0,7.398327299333836,0.0,725.7765578033504,0.0,95.79636924521785,0.0,65.88101965043491,0.0,3.824616671134021,0.0,12.331465870480178,0.0,1044.8769630780046,0.0,669.5248285619517,0.0,10.595819978067798,0.0,9.455403719290867,0.0,6.297232338859678,0.0
Essig,328.47843137254904,0.0,16.722705328689745,0.0,357.2447400604185,0.0,205.0,0.0,132.25499752978382,0.0,12.167445198521373,0.0,14.317821063276353,0.0,9.41466853303419,0.0,4257.225800449995,0.0,427.6609338261302,0.0,324.6826758479869,0.0,7.427643822550516,0.0,14.513879621467936,0.0,2617.258189636402,0.0,1267.20270823891,0.0,12.167445236902887,0.0,11.376878709102582,0.0,8.344129988227035,0.0
Estar,278.7372549019608,0.0,15.390371821059594,0.0,324.7325976680086,0.0,166.0,0.0,101.51177199504295,0.0,11.069391475184663,0.0,12.884098726725126,0.0,7.959863168377894,0.0,726.0356367732687,0.0,102.14259867118547,0.0,70.11171425429892,0.0,5.595151835966127,0.0,13.110582825092129,0.0,3329.6265204451515,0.0,1686.9467166951652,0.0,11.069391475531802,0.0,9.685277383880578,0.0,6.836225500780061,0.0
Etage,345.1411764705882,0.0,17.168661937102026,0.0,345.8716273456919,0.0,192.0,0.0,122.33757319532471,0.0,11.83010823437673,0.0,13.856406460551018,0.0,9.004228535953892,0.0,2478.9950447052634,0.0,254.92396908092684,0.0,186.3355771258603,0.0,6.163317923087515,0.0,12.490030345687032,0.0,3084.2188659934127,0.0,1367.8921146400835,0.0,11.830108236542292,0.0,11.201691591476616,0.0,7.94237357351636,0.0
Ethik,336.078431372549,0.0,17.00088787061079,0.0,368.1523696522519,0.0,242.0,0.0,156.00176721659292,0.0,12.701305929452591,0.0,15.556349186104045,0.0,10.191279480595208,0.0,731.4020466792973,0.0,150.59171177705878,0.0,106.94277082412117,0.0,4.425414213935237,0.0,14.03148301333702,0.0,2631.4888717695385,0.0,1228.9382072211297,0.0,12.701305964813331,0.0,12.277929158352647,0.0,9.238435189409232,0.0
Etlas,285.77647058823527,0.0,15.691433955412926,0.0,338.9827346772386,0.0,185.0,0.0,118.41203683456015,0.0,11.707307623907212,0.0,13.601470508735444,0.0,8.834203721491127,0.0,725.9668888697931,0.0,105.61055268380134,0.0,75.93907772841877,0.0,3.8590981977438767,0.0,12.00036178282019,0.0,3267.7466742109623,0.0,1253.3758059000788,0.0,11.707307624026575,0.0,10.579184536145748,0.0,7.842760062620696,0.0
Euter,293.843137254902,0.0,15.942929744647087,0.0,318.37166487137296,0.0,147.0,0.0,88.51910381115087,0.0,10.799492805229672,0.0,12.12435565298214,0.0,7.374210657039811,0.0,723.6437347168923,0.0,77.63580949172301,0.0,49.28363064319877,0.0,6.6750821416097095,0.0,10.133931795113655,0.0,1487.6139301262208,0.0,1320.8550762121583,0.0,10.799492809531,0.0,9.106162141996856,0.0,6.256070792296409,0.0
Fabal,324.2196078431373,0.0,16.64801817139165,0.0,339.2378763704295,0.0,185.0,0.0,121.69995086565501,0.0,11.82248858213861,0.0,13.601470508735444,0.0,9.104621531195548,0.0,729.1466219610336,0.0,129.3389901903399,0.0,99.78833537961928,0.0,4.144600916204983,0.0,10.860161311106312,0.0,3214.9203985754034,0.0,1246.7013366326569,0.0,11.82248858421874,0.0,10.895823243049595,0.0,8.139528159820388,0.0
Fabel,322.9490196078432,0.0,16.67813307986251,0.0,337.59761320471966,0.0,175.0,0.0,115.15981134571388,0.0,11.721073391046112,0.0,13.228756555322953,0.0,8.868022320436362,0.0,728.9511517925092,0.0,125.95952507559717,0.0,97.91965986017838,0.0,4.293244980951649,0.0,10.365474393358022,0.0,1186.4968003213894,0.0,633.7714973597739,0.0,11.721073397493335,0.0,10.61132439179395,0.0,7.911583418175783,0.0
Falke,323.88235294117646,0.0,16.606115612631992,0.0,340.61456185393047,0.0,175.0,0.0,114.18040943487414,0.0,11.761525693749176,0.0,13.228756555322953,0.0,8.75977067818351,0.0,727.2263930563868,0.0,122.67775667025656,0.0,85.41799182611982,0.0,4.200397779725424,0.0,9.608513243169416,0.0,1434.190768581052,0.0,2174.660302667746,0.0,11.761525688521111,0.0,10.209537673835884,0.0,7.7703649212683,0.0
Falle,290.121568627451,0.0,15.866547933608263,0.0,340.9931533180542,0.0,180.0,0.0,117.8271726424293,0.0,11.825894553164957,0.0,13.416407864998739,0.0,8.92238237700635,0.0,726.041345826627,0.0,104.02179807185662,0.0,77.51240879056441,0.0,3.090446214842313,0.0,8.48429590224623,0.0,2308.773758912668,0.0,1786.0720366641383,0.0,11.825894603198488,0.0,10.288553490247446,0.0,7.957289697867451,0.0
Falte,281.8235294117647,0.0,15.589354010911057,0.0,331.83583756509734,0.0,169.0,0.0,108.03302367897494,0.0,11.448995014117076,0.0,13.0,0.0,8.425578220606504,0.0,724.9511135428237,0.0,94.5285051639638,0.0,66.40284647763517,0.0,3.861167954297742,0.0,8.672045715718822,0.0,3699.4870323877976,0.0,774.0775596650511,0.0,11.448995007823974,0.0,9.944072194149072,0.0,7.4183622050637235,0.0
Fanda,347.43921568627445,0.0,17.172028703122226,0.0,320.75839319894123,0.0,178.0,0.0,110.91158895611058,0.0,11.140989242226846,0.0,13.341664064126334,0.0,8.453791654651694,0.0,835.7945929089525,0.0,119.2603510302043,0.0,92.84691032388355,0.0,5.21023306659471,0.0,9.47548320732603,0.0,2104.641032981877,0.0,1184.9881180508708,0.0,11.140989239976564,0.0,10.96873094783056,0.0,7.554972707924514,0.0
Fanft,299.1882352941177,0.0,15.979372997694927,0.0,336.28240558511743,0.0,184.0,0.0,115.60031802339553,0.0,11.543073725460262,0.0,13.564659966250536,0.0,8.616462308931263,0.0,726.1579009506439,0.0,110.00699958717838,0.0,77.91350416035479,0.0,4.39039688031471,0.0,11.290297602992341,0.0,1377.4164430522721,0.0,841.1625542281662,0.0,11.543073743727138,0.0,10.4782668299116,0.0,7.540126029732324,0.0
Faran,304.3843137254902,0.0,15.99764400185696,0.0,311.60124212703073,0.0,147.0,0.0,89.80376093711595,0.0,10.678086686997236,0.0,12.12435565298214,0.0,7.468450172251375,0.0,723.6553207205824,0.0,83.7444146705134,0.0,52.80041588046414,0.0,4.355176920374805,0.0,8.66384172795322,0.0,3437.747387241482,0.0,1787.9659861792147,0.0,10.67808668785815,0.0,9.368774239479663,0.0,6.376676051255624,0.0
Farbe,315.9098039215686,0.0,16.395199548739367,0.0,320.7987416748331,0.0,149.0,0.0,93.635741996096,0.0,11.002402521941365,0.0,12.206555615733702,0.0,7.791092422531251,0.0,725.9509761372431,0.0,104.03889052104431,0.0,72.20791044335148,0.0,3.914646878238338,0.0,10.287998560341036,0.0,2326.620055291327,0.0,1402.4451272836125,0.0,11.002402528798783,0.0,9.690714498696998,0.0,6.6953302613739485,0.0
Farmt,325.7490196078431,0.0,16.611477714197758,0.0,388.165750932069,0.0,235.0,0.0,159.29416408171448,0.0,13.29390339977441,0.0,15.329709716755891,0.0,10.601327332962132,0.0,778.5510570892156,0.0,319.2665149540011,0.0,239.13758674845948,0.0,5.637902036884189,0.0,9.79251176298509,0.0,3397.8690061780208,0.0,1462.2376851662168,0.0,13.293903404027159,0.0,12.607017550531333,0.0,9.623054667873168,0.0
Faser,283.64313725490194,0.0,15.444739956070796,0.0,310.83269566672857,0.0,122.0,0.0,75.15799445483825,0.0,10.517094699912029,0.0,11.045361017187261,0.0,6.87186510916284,0.0,723.9329103852906,0.0,78.58273751002922,0.0,50.74988309704536,0.0,3.9608661469359387,0.0,9.112314327745091,0.0,945.3202499418855,0.0,731.054458629647,0.0,10.517094706569816,0.0,8.19777964437823,0.0,5.64811051752863,0.0
Faune,327.0901960784314,0.0,16.695683161129995,0.0,305.3676466538688,0.0,146.0,0.0,86.1651729285955,0.0,10.399310656227877,0.0,12.083045973594572,0.0,7.1831851238734705,0.0,723.2166022056616,0.0,76.33214921030745,0.0,46.698768316197025,0.0,3.216222774495937,0.0,8.976976253804187,0.0,2322.5784457163154,0.0,1365.9329555238623,0.0,10.399310667611918,0.0,9.461857913469798,0.0,6.124448368277126,0.0
Fausa,308.89019607843136,0.0,16.104471022921075,0.0,308.5500981337037,0.0,148.0,0.0,88.29947976987806,0.0,10.510012432859218,0.0,12.165525060596439,0.0,7.320266850276303,0.0,723.8962183382043,0.0,82.45785006584464,0.0,51.840707966874376,0.0,2.603191091133593,0.0,9.835110436923284,0.0,1971.000806120981,0.0,847.7490139855257,0.0,10.510012434585962,0.0,9.448245340676314,0.0,6.1510593834781195,0.0
Fazit,271.98823529411766,0.0,15.305770824449358,0.0,337.72538571810503,0.0,171.0,0.0,109.0368291609639,0.0,11.584725251846239,0.0,13.076696830622021,0.0,8.433049389347829,0.0,725.9409543999308,0.0,104.48106838458244,0.0,74.27954805363726,0.0,6.07459427316319,0.0,13.862656359768499,0.0,2538.3322813380655,0.0,1310.9930136167675,0.0,11.584725295322205,0.0,9.816876696897234,0.0,7.2691672263852745,0.0
Fcnkl,320.313725490196,0.0,16.52061589988852,0.0,357.63369779138304,0.0,208.0,0.0,135.74121372629997,0.0,12.312100327556747,0.0,14.422205101855956,0.0,9.560729244850661,0.0,731.4023120922001,0.0,140.48704691493816,0.0,103.80369937199008,0.0,5.300485717650286,0.0,15.277377960956963,0.0,1477.1249679158543,0.0,2142.3517728100983,0.0,12.3121003215604,0.0,11.122876028413108,0.0,8.550249474259873,0.0
Fealt,281.8235294117647,0.0,15.589354010911057,0.0,338.4395059028715,0.0,182.0,0.0,116.55196280908089,0.0,11.66509319003854,0.0,13.490737563232042,0.0,8.752748159133704,0.0,725.3925330332961,0.0,99.69207700744737,0.0,70.7786729547268,0.0,4.979276446403831,0.0,9.46211497828244,0.0,2051.1858567232316,0.0,1749.7075414466115,0.0,11.665093233552852,0.0,10.20599601931781,0.0,7.697889405295951,0.0
Febus,330.3294117647059,0.0,16.817543612673273,0.0,325.4645120446621,0.0,161.0,0.0,100.79075923361154,0.0,11.139458044036369,0.0,12.68857754044952,0.0,8.058541336982488,0.0,725.83688567389,0.0,101.94111087015727,0.0,71.23025388167017,0.0,3.8549056971692504,0.0,11.00616700173365,0.0,4747.629436783116,0.0,1543.0941339649619,0.0,11.139458055290287,0.0,10.043786952564876,0.0,6.982935386425619,0.0
Feder,317.82745098039214,0.0,16.52240309160773,0.0,327.9638719483383,0.0,158.0,0.0,100.0433807668735,0.0,11.241247367757975,0.0,12.569805089976535,0.0,8.10348606301805,0.0,844.1758295776498,0.0,118.95162285411594,0.0,95.00093904134309,0.0,4.832633547216435,0.0,9.636369115677851,0.0,1909.9620902267511,0.0,974.0315857791238,0.0,11.241247365162772,0.0,9.977705336177507,0.0,7.087076986680433,0.0
Feier,274.6941176470588,0.0,15.366989290735894,0.0,323.71509774225063,0.0,143.0,0.0,88.64720460675011,0.0,10.979840677909802,0.0,11.958260743101398,0.0,7.483530249640892,0.0,723.8364463991646,0.0,79.77747025800481,0.0,50.97450517982667,0.0,4.184383243081786,0.0,8.938016099931252,0.0,1351.7802698652672,0.0,716.9198067692286,0.0,10.979840684602406,0.0,8.673762969437135,0.0,6.347652281106093,0.0
Feige,332.8117647058824,0.0,16.889338355782826,0.0,346.8123589074901,0.0,172.0,0.0,111.37805557580339,0.0,11.78538413460849,0.0,13.114877048604,0.0,8.64264397212036,0.0,2478.7230304453506,0.0,249.90623586145418,0.0,182.3575680298211,0.0,6.147973108240967,0.0,9.494785993644044,0.0,3255.1750481655413,0.0,1436.3446003989743,0.0,11.78538413682349,0.0,10.212707940582487,0.0,7.5136356394411985,0.0
Feind,328.93333333333334,0.0,16.87283419111642,0.0,341.64598569704566,0.0,189.0,0.0,122.37621789731979,0.0,11.838652793169839,0.0,13.74772708486752,0.0,9.052885105054052,0.0,1154.7259210189236,0.0,175.67163861169718,0.0,153.06031475019816,0.0,7.907714230114722,0.0,11.454211717020156,0.0,1824.7375310196237,0.0,1272.3068724506852,0.0,11.838652803036576,0.0,11.02179231832337,0.0,8.140931568288067,0.0
Felge,339.9294117647059,0.0,17.102596082817684,0.0,353.9569337469262,0.0,181.0,0.0,119.58539468107239,0.0,12.08438909040168,0.0,13.45362404707371,0.0,9.060766358554101,0.0,2478.988652578673,0.0,253.1678887325197,0.0,186.03251355592624,0.0,6.246326367892433,0.0,9.755878971496385,0.0,3213.5928373635666,0.0,1398.3012451023967,0.0,12.08438908868113,0.0,10.580767543598881,0.0,7.973677787983247,0.0
Felle,288.8509803921568,0.0,15.898143203660801,0.0,344.81946340976276,0.0,181.0,0.0,118.39917524492984,0.0,11.904234909768226,0.0,13.45362404707371,0.0,8.941319926157105,0.0,726.1276500898654,0.0,103.7214748371288,0.0,77.41357023409155,0.0,3.1121845203122143,0.0,8.569182499147088,0.0,2283.9966474514686,0.0,1776.7759352482506,0.0,11.904234959049521,0.0,10.194310331228145,0.0,7.943073342022597,0.0
Ferse,282.37254901960785,0.0,15.477196332193605,0.0,313.8507015142559,0.0,125.0,0.0,76.26207017572297,0.0,10.58556376578153,0.0,11.180339887498949,0.0,6.895278744419337,0.0,724.0532600197383,0.0,78.0114710695748,0.0,49.97207401560782,0.0,3.3981384036238356,0.0,8.797298388064316,0.0,1653.8332520155736,0.0,1395.6957566210535,0.0,10.585563767798375,0.0,8.170242427598938,0.0,5.5581540973255485,0.0
Feste,281.11372549019603,0.0,15.497799077285384,0.0,319.46148083355627,0.0,141.0,0.0,87.48047962679514,0.0,10.84955020121621,0.0,11.874342087037917,0.0,7.448763034093772,0.0,724.3117791580265,0.0,83.55122222966092,0.0,54.790963433115785,0.0,3.801688829320278,0.0,8.962312199862607,0.0,3576.849443414269,0.0,812.9226264334377,0.0,10.849550198166408,0.0,8.907301562913585,0.0,6.250092268135581,0.0
Fette,272.2549019607843,0.0,15.339888774699316,0.0,326.9626290114017,0.0,158.0,0.0,98.50173077078864,0.0,11.157225072185687,0.0,12.569805089976535,0.0,7.9205528280291215,0.0,724.2392485957636,0.0,86.34586198793686,0.0,56.61400133421865,0.0,4.4151932709842905,0.0,8.800204269295033,0.0,3722.211931615515,0.0,1381.0475027838932,0.0,11.157225067738027,0.0,9.489963670052761,0.0,6.797261597133898,0.0
Feßen,356.8313725490196,0.0,17.38620009846598,0.0,338.02848361153514,0.0,175.0,0.0,112.54895670508313,0.0,11.614999452195715,0.0,13.228756555322953,0.0,8.651353943204064,0.0,737.5189737733795,0.0,182.177482206052,0.0,139.68583287572247,0.0,4.511351879219143,0.0,19.084472057356756,0.0,1226.931823640057,0.0,2096.0836429100846,0.0,11.61499945904428,0.0,10.549062790705904,0.0,7.60592792493909,0.0
Ffscr,266.22352941176473,0.0,14.96286779109008,0.0,344.62620561373467,0.0,167.0,0.0,107.86986228885084,0.0,11.699816816720595,0.0,12.922847983320086,0.0,8.457753051309956,0.0,751.7130976385923,0.0,231.30814588378556,0.0,201.50337431289424,0.0,5.81930017394115,0.0,22.756001233619052,0.0,1148.474404438953,0.0,727.3494326058646,0.0,11.69981681664607,0.0,9.749495266297643,0.0,7.300324101016834,0.0
Ffspr,306.38823529411764,0.0,16.130487228343725,0.0,362.98685656280986,0.0,198.0,0.0,131.64986488055234,0.0,12.42620063698916,0.0,14.071247279470288,0.0,9.513865981351119,0.0,847.5883895317692,0.0,273.4831272259373,0.0,241.7396992379966,0.0,4.4403363903367215,0.0,23.51385971584556,0.0,1727.4483312438997,0.0,755.1459687599614,0.0,12.426200648472081,0.0,11.141257242241723,0.0,8.452396021577528,0.0
Fgzns,348.956862745098,0.0,17.22587933538822,0.0,352.5003806561856,0.0,178.0,0.0,117.66381282514371,0.0,12.017599338902144,0.0,13.341664064126334,0.0,8.990502116100549,0.0,3644.521089008669,0.0,1755.5156992121292,0.0,1326.0476801217617,0.0,5.362375754120217,0.0,22.916707252729754,0.0,1538.2743626180838,0.0,1298.36429559276,0.0,12.01759934797438,0.0,10.545299489209844,0.0,7.9065202344935726,0.0
Fhlkx,350.3372549019608,0.0,17.28997682853442,0.0,377.444808092588,0.0,227.0,0.0,152.19253832883834,0.0,12.999520589492253,0.0,15.066519173319364,0.0,10.25530359121075,0.0,732.3529504401495,0.0,152.4953142635121,0.0,111.52528115948087,0.0,3.5071317281943215,0.0,22.011911874486263,0.0,1427.8276724968925,0.0,2175.9830515743934,0.0,12.999520585821513,0.0,11.544775902127196,0.0,9.217436534391128,0.0
Fhrhn,352.82352941176475,0.0,17.329449480588504,0.0,342.2069681679626,0.0,188.0,0.0,120.69878648967475,0.0,11.841421513704358,0.0,13.711309200802088,0.0,8.936393650007547,0.0,728.9677235193425,0.0,115.21612116360527,0.0,85.06831476348667,0.0,4.015963020598874,0.0,11.920532147296704,0.0,1636.0487049109422,0.0,1490.687004882141,0.0,11.841421517299795,0.0,10.859607215578567,0.0,7.919448535607238,0.0
Fhrsm,358.8274509803921,0.0,17.40699236841649,0.0,401.3651629397457,0.0,238.0,0.0,165.34545655795029,0.0,13.684487018497352,0.0,15.427248620541512,0.0,10.956444572711394,0.0,854.6132085627643,0.0,479.7763206965022,0.0,371.254557978772,0.0,7.443011349321991,0.0,12.603527420926117,0.0,1671.0904896441232,0.0,1408.8251187452124,0.0,13.684487018312998,0.0,12.835717948448293,0.0,9.939672534467245,0.0
Fiene,301.7647058823529,0.0,16.125766763478612,0.0,326.6588351380752,0.0,171.0,0.0,106.17512560304326,0.0,11.20859463285312,0.0,13.076696830622021,0.0,8.206457923660516,0.0,723.8154791517399,0.0,83.8143547733736,0.0,53.732373288714435,0.0,4.509771827335524,0.0,8.844217414235407,0.0,1949.7352387135468,0.0,1533.2822356611525,0.0,11.208594644062911,0.0,10.184218746095718,0.0,7.199246657125215,0.0
Figur,325.0156862745098,0.0,16.687234828705854,0.0,368.76747765332203,0.0,223.0,0.0,144.5979779327398,0.0,12.57886949015702,0.0,14.933184523068078,0.0,9.843815957481976,0.0,2326.712752341495,0.0,250.71291840074062,0.0,182.74327778357494,0.0,6.265293232807137,0.0,11.43687061323003,0.0,4829.445117965236,0.0,1790.86591256716,0.0,12.578869500982641,0.0,11.757442267384368,0.0,8.78031048588463,0.0
Filet,264.5882352941177,0.0,15.226237497916058,0.0,355.84764708582196,0.0,204.0,0.0,133.49947653025208,0.0,12.28234784972508,0.0,14.2828568570857,0.0,9.466229229142026,0.0,725.3989567587829,0.0,99.60037505369517,0.0,70.42009528557931,0.0,3.6611964361101643,0.0,9.009086772807246,0.0,1570.6888351143043,0.0,1111.0482489068565,0.0,12.282347852431103,0.0,10.915832504150503,0.0,8.486154066952189,0.0
Final,294.18823529411765,0.0,15.94027974228203,0.0,351.0315860944406,0.0,212.0,0.0,137.6980273370537,0.0,12.19845667576942,0.0,14.560219778561036,0.0,9.592845870619874,0.0,727.3717339932043,0.0,117.8168783122259,0.0,89.56511579007118,0.0,3.319734352269603,0.0,10.067252491843853,0.0,3411.248543989954,0.0,1507.6024046303382,0.0,12.198456676777049,0.0,11.298201030738266,0.0,8.646205319275419,0.0
Finne,312.9490196078431,0.0,16.420553319505515,0.0,327.6796211256077,0.0,182.0,0.0,112.62741993396565,0.0,11.293809753647933,0.0,13.490737563232042,0.0,8.435231219130259,0.0,723.7601700966412,0.0,84.58237073251006,0.0,54.246986359628366,0.0,4.479255606061485,0.0,8.61749944756657,0.0,2032.2457055665416,0.0,1483.6872073436114,0.0,11.293809764714707,0.0,10.568992478870593,0.0,7.495362003257832,0.0
Finte,284.61960784313726,0.0,15.696392815065641,0.0,337.761529697932,0.0,195.0,0.0,122.10345290257126,0.0,11.637772515507391,0.0,13.96424004376894,0.0,8.844082632219505,0.0,724.2366792811779,0.0,90.33655147750514,0.0,59.06332216827489,0.0,3.422836277401339,0.0,8.623033727861838,0.0,3831.2579509863435,0.0,1127.9394694318078,0.0,11.637772513936962,0.0,10.807608839054552,0.0,7.865600586945897,0.0
Firma,326.9294117647059,0.0,16.655675730073963,0.0,399.06622040803234,0.0,264.0,0.0,178.1938973524152,0.0,13.668625385849856,0.0,16.24807680927192,0.0,11.183846761210816,0.0,778.8071898627645,0.0,321.15571065625545,0.0,240.2928337282521,0.0,8.253993027281691,0.0,10.008744320947551,0.0,3512.910821508604,0.0,1712.9560829644352,0.0,13.668625390331313,0.0,13.451138017199675,0.0,10.259154531228573,0.0
First,249.2627450980392,0.0,14.61802776953235,0.0,348.45019289279935,0.0,188.0,0.0,120.98921258163239,0.0,11.950184627723774,0.0,13.711309200802088,0.0,8.92549702424507,0.0,724.9955341769856,0.0,93.4012432975336,0.0,62.218738298890905,0.0,4.6347974931903275,0.0,9.02830646919879,0.0,1912.148250082449,0.0,1666.350816194405,0.0,11.950184627743827,0.0,10.243906417502252,0.0,7.776603394578688,0.0
Fisir,250.44313725490196,0.0,14.66823363758926,0.0,351.08770183551997,0.0,195.0,0.0,125.75548617354193,0.0,12.054212234677491,0.0,13.96424004376894,0.0,9.106833180399594,0.0,725.1208491395881,0.0,96.65158737860018,0.0,64.48579383482465,0.0,5.10541448305196,0.0,10.314506391063945,0.0,2730.023807579955,0.0,1575.7913786899774,0.0,12.054212270716578,0.0,10.418890893447182,0.0,8.04139683515879,0.0
Fitis,249.18431372549023,0.0,14.68997100002398,0.0,352.2951135624301,0.0,202.0,0.0,130.56403878913596,0.0,12.13008043350285,0.0,14.212670403551895,0.0,9.285939577216768,0.0,724.8784258887968,0.0,96.59010651739858,0.0,64.43891014956816,0.0,4.495781758501585,0.0,9.37309483257297,0.0,2916.561381667182,0.0,1931.031080940986,0.0,12.130080472403668,0.0,10.823518983672422,0.0,8.273324540193315,0.0
Fjerd,314.5254901960784,0.0,16.471213806980916,0.0,375.36956019362174,0.0,231.0,0.0,154.45666431793703,0.0,12.911706074699472,0.0,15.198684153570664,0.0,10.375045000883983,0.0,23977.85879289769,0.0,2240.077754993806,0.0,1972.8253973746732,0.0,6.021806620637654,0.0,32.515371314323254,0.0,4711.742301141355,0.0,818.2586857805353,0.0,12.911706073831967,0.0,12.384933488502051,0.0,9.442087757510981,0.0
Fjqrf,311.9098039215686,0.0,16.403995631075983,0.0,393.8334796564924,0.0,252.0,0.0,170.51837003560905,0.0,13.463720009740465,0.0,15.874507866387544,0.0,10.964586462679982,0.0,28684.257241045,0.0,4135.303925453333,0.0,3895.474060111277,0.0,4.457621522185292,0.0,53.120830984576784,0.0,4820.3639833187535,0.0,839.5820494759607,0.0,13.463720008182927,0.0,12.940651805681657,0.0,10.015354106789273,0.0
Fkckt,325.7450980392157,0.0,16.543538261459712,0.0,367.40834392961256,0.0,207.0,0.0,136.94308623077455,0.0,12.547493879550458,0.0,14.38749456993816,0.0,9.653713307728777,0.0,735.2182785057871,0.0,174.9138908789836,0.0,126.90006908316523,0.0,4.7920015691282005,0.0,16.181742054058812,0.0,1111.4469479979248,0.0,2142.30284332801,0.0,12.547493873834961,0.0,10.841540323645646,0.0,8.539604343298068,0.0
Fkhrt,323.9176470588235,0.0,16.58114946236454,0.0,365.1069992143897,0.0,219.0,0.0,142.48941586823332,0.0,12.542485361684157,0.0,14.798648586948742,0.0,9.778449140826062,0.0,733.5155175513819,0.0,161.25328777749357,0.0,119.4045008195052,0.0,8.163575882094472,0.0,16.164765170022182,0.0,4655.942310027417,0.0,535.8550078183356,0.0,12.54248536185816,0.0,11.334667642498143,0.0,8.696473177889064,0.0
Flash,316.17254901960786,0.0,16.403857349651407,0.0,352.12845904436347,0.0,208.0,0.0,136.29760456571452,0.0,12.231704375485371,0.0,14.422205101855956,0.0,9.604067460542431,0.0,730.0541870936111,0.0,123.52966421801332,0.0,93.6114001934154,0.0,6.650195927784402,0.0,11.297960775678474,0.0,1107.2824963802764,0.0,593.688307283368,0.0,12.231704375190642,0.0,11.419051658605023,0.0,8.61774188372265,0.0
Fldfl,313.3529411764706,0.0,16.588462891870236,0.0,394.939404664524,0.0,268.0,0.0,182.79336605356747,0.0,13.684663399802949,0.0,16.3707055437449,0.0,11.374456174807326,0.0,851.2980555664517,0.0,175.33478134997102,0.0,144.07108716695106,0.0,4.787151389625719,0.0,14.21891148611244,0.0,2110.904460149847,0.0,1202.844256064934,0.0,13.68466340762398,0.0,13.180035991575325,0.0,10.451553710431735,0.0
Fleck,309.1294117647059,0.0,16.22764715240744,0.0,357.6599814261375,0.0,201.0,0.0,132.15899684946277,0.0,12.275258127762381,0.0,14.177446878757825,0.0,9.47458897275408,0.0,731.4809732676858,0.0,145.7992600662037,0.0,106.03467201216364,0.0,5.986657452754499,0.0,11.382169766497956,0.0,1546.0251615433335,0.0,716.3871548687043,0.0,12.275258126668799,0.0,10.993378437736379,0.0,8.481825948807634,0.0
Flegs,331.64313725490194,0.0,16.84353808101211,0.0,366.3820667741139,0.0,205.0,0.0,136.982244683637,0.0,12.531052656185276,0.0,14.317821063276353,0.0,9.747468778087446,0.0,2479.3712155919543,0.0,258.4404018685929,0.0,191.00068180822473,0.0,6.735752015378086,0.0,10.382810018354714,0.0,3305.3753931323804,0.0,1445.152270422304,0.0,12.531052657268397,0.0,11.437408373344132,0.0,8.681259956087299,0.0
Flert,264.66666666666663,0.0,15.156839915768009,0.0,354.7944183924442,0.0,203.0,0.0,131.7197549762027,0.0,12.212645066432675,0.0,14.247806848775006,0.0,9.38017708404169,0.0,726.4789553153915,0.0,108.66972302596875,0.0,79.87398297790534,0.0,5.739418624793295,0.0,9.87599638688894,0.0,4767.21800143973,0.0,688.770904839447,0.0,12.21264506382196,0.0,10.851857542662133,0.0,8.326154770467141,0.0
Flfvd,317.04705882352937,0.0,16.58872988647545,0.0,390.87107930877215,0.0,263.0,0.0,177.54978631959463,0.0,13.490928295858373,0.0,16.217274740226856,0.0,11.138129364928291,0.0,1160.335712409294,0.0,220.96836676222483,0.0,185.37173040329048,0.0,7.570485494309059,0.0,20.415190383226175,0.0,2378.279848814804,0.0,2072.661907491066,0.0,13.490928298987285,0.0,13.010477130549141,0.0,10.195825626885648,0.0
Flich,293.74117647058824,0.0,15.914168085921874,0.0,361.7029140445941,0.0,212.0,0.0,139.98420249829292,0.0,12.492514392138006,0.0,14.560219778561036,0.0,9.7620392450718,0.0,730.6326666944956,0.0,121.75264376664195,0.0,92.51162466073546,0.0,6.584145625434995,0.0,10.369263918487103,0.0,1667.2116895243748,0.0,766.9051702893265,0.0,12.49251439342921,0.0,11.374335146404535,0.0,8.827471814864225,0.0
Flirt,248.70196078431374,0.0,14.74911970603796,0.0,366.6888546028373,0.0,220.0,0.0,144.5627648057716,0.0,12.642095699378492,0.0,14.832396974191326,0.0,9.879078697125843,0.0,726.8192756778367,0.0,112.19549508746618,0.0,82.48026196494278,0.0,6.334105217611784,0.0,9.963321564929831,0.0,4809.1729783957935,0.0,743.4890567961935,0.0,12.642095695472234,0.0,11.165983057203556,0.0,8.866847424549809,0.0
Fllms,331.52941176470586,0.0,16.918266099012662,0.0,422.44787331978216,0.0,286.0,0.0,199.82202379506182,0.0,14.426799957129065,0.0,16.911534525287763,0.0,12.043532430707252,0.0,781.5903245104895,0.0,328.5181537806225,0.0,248.61569371106404,0.0,7.054121755417742,0.0,10.846175827848716,0.0,3305.5152645931057,0.0,775.8933320802261,0.0,14.426799960256599,0.0,13.938736170326766,0.0,11.157551661551466,0.0
Flora,288.93333333333334,0.0,15.680315534805082,0.0,344.5587333597908,0.0,198.0,0.0,127.16295054439239,0.0,11.905112383812503,0.0,14.071247279470288,0.0,9.169957203801376,0.0,726.8151389629851,0.0,113.11450436062687,0.0,82.40203716401923,0.0,3.2456184698698456,0.0,10.249390649508761,0.0,4824.294341409485,0.0,863.9450048482058,0.0,11.905112381481747,0.0,11.048025244479827,0.0,8.179678950109947,0.0
Flshb,338.88235294117646,0.0,17.07509028348483,0.0,367.4928436636935,0.0,227.0,0.0,152.26852918229093,0.0,12.77357716888138,0.0,15.066519173319364,0.0,10.283704550315898,0.0,734.9156591409487,0.0,168.5994041865258,0.0,124.16266123947143,0.0,8.842027818203277,0.0,18.015669410037855,0.0,1169.6790971893959,0.0,886.2378412328982,0.0,12.773577170796056,0.0,12.37244495718898,0.0,9.371544354666455,0.0
Fluch,317.7960784313725,0.0,16.521799005202787,0.0,352.4612065451261,0.0,211.0,0.0,135.799723821788,0.0,12.171847928243103,0.0,14.52583904633395,0.0,9.506421748240225,0.0,730.2869929497457,0.0,119.84170073749287,0.0,90.71599427842398,0.0,5.9780727941928875,0.0,10.761884873063137,0.0,2183.6226665411436,0.0,904.0447804659375,0.0,12.171847926817122,0.0,11.522661507804825,0.0,8.556463442465201,0.0
Flude,332.9568627450981,0.0,17.02536904388136,0.0,352.92457311163423,0.0,222.0,0.0,143.40560563479121,0.0,12.278743362074959,0.0,14.89966442575134,0.0,9.816418101716913,0.0,837.9184231710728,0.0,135.91948231839498,0.0,108.74009687590849,0.0,5.724037417033919,0.0,10.556103875012719,0.0,2664.68698147365,0.0,1388.290449048107,0.0,12.27874335986246,0.0,12.046007979076037,0.0,8.914478325309515,0.0
Fluhu,339.3686274509804,0.0,17.143973645924813,0.0,356.3516418160257,0.0,233.0,0.0,148.8149811156731,0.0,12.366252082440495,0.0,15.264337522473747,0.0,9.89767795132835,0.0,727.5150824714574,0.0,116.3297255308758,0.0,85.27894029394665,0.0,6.280895158381804,0.0,13.638959791740723,0.0,2097.1292938707984,0.0,1012.6004542992691,0.0,12.366252084327376,0.0,12.195259459449128,0.0,8.976495648358439,0.0
Fluid,316.9921568627451,0.0,16.663430827748908,0.0,372.52964744757867,0.0,253.0,0.0,166.34177580160508,0.0,12.957286835676266,0.0,15.905973720586866,0.0,10.653816634269711,0.0,1156.3467939062816,0.0,190.64623741007475,0.0,164.64995112677963,0.0,6.529160441456962,0.0,12.39274073605674,0.0,3213.797685507544,0.0,1420.4312921973174,0.0,12.95728686733427,0.0,12.824880213586027,0.0,9.762711698781017,0.0
Fluss,289.2156862745098,0.0,15.736040663983642,0.0,342.40211574647697,0.0,188.0,0.0,120.45677068569404,0.0,11.786161626108926,0.0,13.711309200802088,0.0,8.919896873743527,0.0,726.4173403506663,0.0,105.35197862805684,0.0,77.52936374586507,0.0,3.0381805820923202,0.0,10.129920709258284,0.0,2121.018235214568,0.0,885.6611718552433,0.0,11.786161625513607,0.0,10.56067862907399,0.0,7.849974953031218,0.0
Flyer,288.08627450980396,0.0,15.685449978329713,0.0,364.52571292044365,0.0,205.0,0.0,135.24392313444764,0.0,12.471121048285557,0.0,14.317821063276353,0.0,9.586789427949622,0.0,10754.63804901971,0.0,448.8791933329828,0.0,319.8295093332633,0.0,3.8275936258699845,0.0,13.947114020937816,0.0,3110.8447515314747,0.0,1020.4733698212672,0.0,12.471121052886286,0.0,10.972025121585505,0.0,8.522556731149338,0.0
Flöte,298.9176470588235,0.0,16.040857099960263,0.0,357.4205411257171,0.0,210.0,0.0,137.6961861489745,0.0,12.33038346834995,0.0,14.491376746189438,0.0,9.65498060256368,0.0,734.378867922701,0.0,152.00925365131252,0.0,123.26551412564055,0.0,3.5021135558175427,0.0,19.51863971858608,0.0,5385.134509247794,0.0,3210.2232574352397,0.0,12.330383465092645,0.0,11.484318946626837,0.0,8.677155789164203,0.0
Flöße,355.16470588235296,0.0,17.34990025421526,0.0,375.7585535604853,0.0,230.0,0.0,155.25741267180155,0.0,12.966165787160328,0.0,15.165750888103101,0.0,10.42687284799559,0.0,748.9463182251284,0.0,230.3101570011726,0.0,182.39015013732006,0.0,6.9449017239606965,0.0,22.979052016787904,0.0,4885.008126585526,0.0,3447.4040458250215,0.0,12.966165791523295,0.0,12.463295723194358,0.0,9.466657439630511,0.0
Fnlls,291.74901960784314,0.0,15.923289774641816,0.0,350.36773304392705,0.0,191.0,0.0,126.42660165814942,0.0,12.141625363968123,0.0,13.820274961085254,0.0,9.28375281710323,0.0,726.446354833487,0.0,108.03447494485633,0.0,80.75847444800158,0.0,4.343379969411714,0.0,11.681518222143442,0.0,2300.7080051523044,0.0,1781.8172274609944,0.0,12.141625413176026,0.0,10.401716157715475,0.0,8.287109226983954,0.0
Fnrmt,335.6627450980392,0.0,16.92746358591618,0.0,394.22255023446894,0.0,245.0,0.0,166.02408203815764,0.0,13.477407006586102,0.0,15.652475842498529,0.0,10.817050147564347,0.0,778.8187430713264,0.0,320.2274767125016,0.0,239.88016999816293,0.0,4.854254347399116,0.0,12.356631152819798,0.0,3391.139168715566,0.0,1456.731700379476,0.0,13.477407010928886,0.0,12.707698879934616,0.0,9.814835618168104,0.0
Fnyfr,305.4509803921569,0.0,16.07313733981753,0.0,361.00673923431464,0.0,201.0,0.0,130.1915305348355,0.0,12.286700775794074,0.0,14.177446878757825,0.0,9.299968240850216,0.0,10754.666127630779,0.0,450.8610013444673,0.0,320.6295402845933,0.0,5.151385746262016,0.0,17.616917503803133,0.0,3009.542439073937,0.0,1158.5728076588707,0.0,12.286700792732436,0.0,10.627932004373543,0.0,8.113298629051323,0.0
Folge,345.7803921568628,0.0,17.2041070532647,0.0,355.61764381919664,0.0,188.0,0.0,124.56710860579958,0.0,12.179660074602937,0.0,13.711309200802088,0.0,9.253414419639677,0.0,2479.101748193852,0.0,254.62431625426794,0.0,186.94117624511543,0.0,5.872940426031161,0.0,9.741801423907068,0.0,3230.2119480111437,0.0,1399.9370735738144,0.0,12.179660072977223,0.0,10.855323228464046,0.0,8.165407352435789,0.0
Folie,287.58431372549023,0.0,15.779240202759881,0.0,339.21995475320887,0.0,180.0,0.0,115.68305594026171,0.0,11.698630090647551,0.0,13.416407864998739,0.0,8.734930934380227,0.0,725.4406874944459,0.0,98.35029680064328,0.0,68.60230680864686,0.0,3.9039658935153474,0.0,8.963228326262222,0.0,2722.209911515986,0.0,1251.4233702753975,0.0,11.698630138412941,0.0,10.183397702501635,0.0,7.7061245418394595,0.0
Folve,298.39607843137253,0.0,16.007570777097175,0.0,342.4507738659285,0.0,184.0,0.0,118.71033009100665,0.0,11.789001879312709,0.0,13.564659966250536,0.0,8.86429377734351,0.0,728.8896413591559,0.0,128.07650199934108,0.0,89.70168232222498,0.0,2.740078583381182,0.0,15.812804389224114,0.0,1555.1382126587557,0.0,1151.3688896012275,0.0,11.789001877504486,0.0,10.253000128460208,0.0,7.786290504569861,0.0
Fongt,348.6666666666667,0.0,17.22951340743041,0.0,352.08130303202034,0.0,196.0,0.0,126.59971518278222,0.0,12.033727493091316,0.0,14.0,0.0,9.189623948036663,0.0,2478.848220235322,0.0,252.19757388182487,0.0,183.80354519404634,0.0,5.713823744492718,0.0,9.606474689499036,0.0,3261.2944622584346,0.0,1357.096865753188,0.0,12.033727494687932,0.0,11.090715310316787,0.0,8.065695560255998,0.0
Forst,271.07843137254906,0.0,15.144718773492675,0.0,329.99329586164686,0.0,155.0,0.0,97.87444528134827,0.0,11.257256213782268,0.0,12.449899597988733,0.0,7.943554755233146,0.0,724.8782047150462,0.0,88.80128496031404,0.0,58.26012063802586,0.0,6.064105277646643,0.0,8.951458242620111,0.0,1687.8506945079173,0.0,1398.0896298347177,0.0,11.257256214035658,0.0,9.186321316099159,0.0,6.666230742184922,0.0
Forum,355.56470588235294,0.0,17.366829049930775,0.0,389.7209188122446,0.0,237.0,0.0,160.44848830899545,0.0,13.327117599322525,0.0,15.394804318340652,0.0,10.6517539985537,0.0,851.2685002886036,0.0,475.4548196637442,0.0,366.8384490790743,0.0,10.60559707177136,0.0,11.575999639974153,0.0,4918.928884220017,0.0,2009.5862227627929,0.0,13.327117606529283,0.0,12.829955830553578,0.0,9.673925198268385,0.0
Fotos,292.81568627450986,0.0,15.72090295422851,0.0,323.6236241708574,0.0,156.0,0.0,97.69285581229573,0.0,11.05345736096535,0.0,12.489995996796797,0.0,7.8987317471416585,0.0,725.0612185411583,0.0,94.44301396793213,0.0,62.15606486994679,0.0,2.9913119491023132,0.0,9.730565734244182,0.0,1635.7766443044652,0.0,1289.283547944162,0.0,11.053457364026753,0.0,9.72462606573906,0.0,6.767033676730875,0.0
Fotto,283.9568627450981,0.0,15.565256216217872,0.0,336.4243352690107,0.0,183.0,0.0,116.17708773720138,0.0,11.572447704736847,0.0,13.527749258468683,0.0,8.675617397790392,0.0,726.3944885398666,0.0,105.3162692565073,0.0,70.7391143884209,0.0,4.190246144376361,0.0,9.803272112707713,0.0,3739.6101651110225,0.0,1385.9550590222848,0.0,11.572447699885021,0.0,10.5547560238728,0.0,7.588508859102442,0.0
Fouls,303.35294117647055,0.0,16.121398828644917,0.0,333.411671566602,0.0,179.0,0.0,112.85858244716013,0.0,11.473051327868282,0.0,13.379088160259652,0.0,8.550238120078648,0.0,725.3768727513349,0.0,98.14053558766996,0.0,69.33247930740417,0.0,3.616070920480085,0.0,9.609149637394376,0.0,2754.2489019489017,0.0,1870.5022202501032,0.0,11.473051371613245,0.0,10.26377124539644,0.0,7.482021627110276,0.0
Foval,299.6666666666667,0.0,15.976191917636632,0.0,347.0157756342246,0.0,191.0,0.0,125.15120041683195,0.0,11.996022392468424,0.0,13.820274961085254,0.0,9.175896930478121,0.0,730.5341334002752,0.0,139.8007901954284,0.0,104.31671172280869,0.0,3.028043911610031,0.0,13.558653899046616,0.0,4536.053318980952,0.0,1603.4959709001237,0.0,11.996022393357496,0.0,10.565954558338198,0.0,8.074053708159404,0.0
Foyer,302.78431372549016,0.0,15.951804575161779,0.0,338.04005933916994,0.0,163.0,0.0,103.64794918104928,0.0,11.475595274232848,0.0,12.767145334803704,0.0,8.21383727860476,0.0,10754.499678656217,0.0,444.242548357007,0.0,314.86147929208965,0.0,4.400936983181229,0.0,13.56306180616339,0.0,3009.431505480475,0.0,970.630350968002,0.0,11.4755952798572,0.0,9.624557654983544,0.0,7.010886674450577,0.0
Fpnds,363.2941176470588,0.0,17.63425156174829,0.0,344.8291347765852,0.0,193.0,0.0,126.62514112625581,0.0,11.973966670940264,0.0,13.892443989449804,0.0,9.31801066952755,0.0,1090.961591628617,0.0,343.13239819954987,0.0,315.5620077151906,0.0,3.3715460036798564,0.0,14.189093261862725,0.0,2097.8399244301036,0.0,1171.8508010192027,0.0,11.973966669198623,0.0,11.440225077372935,0.0,8.38712103569057,0.0
Frage,334.1607843137255,0.0,16.796952818614834,0.0,346.6408886837123,0.0,187.0,0.0,119.43823056966134,0.0,11.812721113323857,0.0,13.674794331177344,0.0,8.895675780022687,0.0,2478.8171095071684,0.0,252.8834272538574,0.0,184.25414557354603,0.0,7.724774406287755,0.0,9.726962809605032,0.0,3110.38124115195,0.0,1387.0456777510426,0.0,11.812721115220146,0.0,10.746228899337876,0.0,7.783668966128451,0.0
Franc,289.6313725490196,0.0,15.604424692153419,0.0,321.76001841188054,0.0,167.0,0.0,101.55183970325004,0.0,10.979448919873093,0.0,12.922847983320086,0.0,7.936816631930687,0.0,728.1544674131122,0.0,89.9139270069584,0.0,57.92385679386558,0.0,3.7341777268481415,0.0,18.65695835486607,0.0,1543.245541891289,0.0,1210.4573538128168,0.0,10.979448931476709,0.0,9.8303980834248,0.0,6.881802507649543,0.0
Frdkv,337.5882352941176,0.0,16.94479128101298,0.0,372.9161759981416,0.0,241.0,0.0,158.0500098538654,0.0,12.859653406409851,0.0,15.524174696260024,0.0,10.356374221990109,0.0,850.1356264474888,0.0,163.3204703823629,0.0,123.11807241208602,0.0,6.095845697927951,0.0,32.30389608275756,0.0,2102.5293213456,0.0,2303.595770938273,0.0,12.859653393403159,0.0,12.299832414101367,0.0,9.373708882596029,0.0
Fregt,315.7450980392157,0.0,16.41577386784196,0.0,362.9456036910154,0.0,206.0,0.0,133.49641643246866,0.0,12.332303915798494,0.0,14.352700094407323,0.0,9.461130315885532,0.0,2478.9229384511136,0.0,253.91085133319797,0.0,185.12733167116906,0.0,6.754047513053574,0.0,10.11820003711572,0.0,3250.373621691171,0.0,1432.8773961547422,0.0,12.332303918501031,0.0,11.143334978083336,0.0,8.300716793750983,0.0
Frfhb,337.46274509803925,0.0,16.993208494810414,0.0,367.8172739617668,0.0,231.0,0.0,150.9350160496525,0.0,12.676283861954362,0.0,15.198684153570664,0.0,10.09854537738023,0.0,735.4388639292325,0.0,175.55979949227304,0.0,128.1766971126233,0.0,9.473271604951755,0.0,19.988702551914727,0.0,2088.2234379021447,0.0,1873.1945300240734,0.0,12.676283869140523,0.0,12.29671169735967,0.0,9.157013816837738,0.0
Frimm,376.62352941176476,0.0,17.907706055728994,0.0,470.90396314384384,0.0,347.0,0.0,244.25539357420018,0.0,15.684013408670003,0.0,18.627936010197157,0.0,13.401022788374574,0.0,898.4604636184807,0.0,567.5702220679796,0.0,435.39151197787214,0.0,15.408692212677208,0.0,12.005987672074507,0.0,3292.6421676315003,0.0,821.5483989557408,0.0,15.684013415767117,0.0,15.826310831384925,0.0,12.510057495021748,0.0
Frinz,283.1607843137255,0.0,15.627740789991181,0.0,346.02015291040044,0.0,193.0,0.0,121.814866648849,0.0,11.865510627624321,0.0,13.892443989449804,0.0,8.872270216505289,0.0,727.2031975106659,0.0,117.97470567857312,0.0,86.20549376904049,0.0,4.603727626949503,0.0,14.825099385332805,0.0,1911.9687532176838,0.0,1294.1702314118847,0.0,11.865510638456376,0.0,10.5149569000226,0.0,7.821918603428934,0.0
Frost,271.078431372549,0.0,15.144718773492675,0.0,339.1206866389681,0.0,180.0,0.0,113.52435740646249,0.0,11.573181309024777,0.0,13.416407864998739,0.0,8.557003475253689,0.0,725.5451328563335,0.0,98.75457988653908,0.0,66.06395179714984,0.0,4.094509257828295,0.0,9.519757078913111,0.0,1514.9967131274539,0.0,842.9263834244778,0.0,11.573181309411723,0.0,10.068709982896822,0.0,7.376668634414198,0.0
Frqck,329.3098039215686,0.0,16.692734400817617,0.0,360.4002562005104,0.0,210.0,0.0,137.79210907824475,0.0,12.39266865161104,0.0,14.491376746189438,0.0,9.705182786412399,0.0,15785.465814435749,0.0,3480.2429586574085,0.0,3361.9852894192422,0.0,6.450483555822818,0.0,42.30370857940418,0.0,1714.832840695885,0.0,694.7000668854054,0.0,12.392668652066215,0.0,11.530503901215596,0.0,8.757581016587594,0.0
Frsst,256.94117647058823,0.0,14.73383800353779,0.0,339.15126817903297,0.0,170.0,0.0,108.23821356161926,0.0,11.566870162009925,0.0,13.038404810405298,0.0,8.399247293723732,0.0,725.4167422821721,0.0,94.80719001319702,0.0,63.9727879545153,0.0,4.365589897213472,0.0,9.862957536788077,0.0,1048.9873300153688,0.0,712.0285029771627,0.0,11.566870162820184,0.0,9.567150378365348,0.0,7.159143899671568,0.0
Frzhq,340.65098039215684,0.0,17.107972469874635,0.0,362.63791848558174,0.0,214.0,0.0,141.27075210643227,0.0,12.543715823804956,0.0,14.628738838327793,0.0,9.857170522481217,0.0,46241.392948665074,0.0,10344.809349036113,0.0,9998.127393540151,0.0,10.355925032408983,0.0,72.03483891097409,0.0,901.0113205148414,0.0,882.6776191232008,0.0,12.543715826508677,0.0,11.844942653799569,0.0,8.874533050237599,0.0
Fröhö,352.878431372549,0.0,17.207023592116506,0.0,361.2815546430595,0.0,218.0,0.0,141.9363100107172,0.0,12.412521110976341,0.0,14.7648230602334,0.0,9.772688019760995,0.0,776.5075832043867,0.0,339.7749335493639,0.0,276.0209207302832,0.0,8.385472871501298,0.0,125.46885936581276,0.0,4076.483498592133,0.0,3210.594618749368,0.0,12.41245892227783,0.0,12.042431430257022,0.0,8.776499324743357,0.0
Fröss,292.45098039215685,0.0,15.62136718245177,0.0,337.7998609660021,0.0,168.0,0.0,107.11508208405195,0.0,11.500501041435927,0.0,12.96148139681572,0.0,8.381292223134562,0.0,732.7442167719843,0.0,139.3191542494363,0.0,111.32252530326616,0.0,3.438404619108395,0.0,19.83331022084639,0.0,4071.5539146446768,0.0,3169.486967624055,0.0,11.500501042142753,0.0,9.92389593002089,0.0,7.21703726880557,0.0
Frühe,336.7529411764706,0.0,16.936002296271564,0.0,342.675177977014,0.0,198.0,0.0,123.60007505136132,0.0,11.763897326013574,0.0,14.071247279470288,0.0,8.922637803880049,0.0,732.4505053243199,0.0,140.42053713673118,0.0,111.17423311619729,0.0,5.896553295572336,0.0,17.355912204977848,0.0,3489.1496619626755,0.0,3125.1751346860583,0.0,11.763897329705898,0.0,11.082310146468526,0.0,7.8993615530311345,0.0
Fsgsn,343.38823529411764,0.0,17.013206530895314,0.0,352.0625801470237,0.0,199.0,0.0,128.66059425560078,0.0,12.02969358508065,0.0,14.106735979665885,0.0,9.279114107421755,0.0,2327.370195637335,0.0,255.59753737550204,0.0,187.20008683149652,0.0,5.138689565535583,0.0,14.323936003801192,0.0,1140.9111842795205,0.0,545.6615346418902,0.0,12.02969358809648,0.0,11.261606330684048,0.0,8.159358578931581,0.0
Fshcg,352.4980392156863,0.0,17.216498707883506,0.0,358.2828623725401,0.0,201.0,0.0,131.0176427393204,0.0,12.196678892274278,0.0,14.177446878757825,0.0,9.42398255557755,0.0,4257.53105639907,0.0,428.7578750467736,0.0,325.84457934416383,0.0,8.471958976892337,0.0,16.58890779449258,0.0,1190.24051107396,0.0,549.5821124825725,0.0,12.19667889421525,0.0,11.442168183413056,0.0,8.381043210970349,0.0
Fslbt,296.2470588235294,0.0,16.022050837313202,0.0,360.28252437144545,0.0,216.0,0.0,142.4639289117822,0.0,12.46207006275498,0.0,14.696938456699069,0.0,9.839648758714244,0.0,729.8057260896808,0.0,133.3732883772109,0.0,98.12109780630618,0.0,4.132674315818673,0.0,14.52230685967014,0.0,2079.0930538248917,0.0,574.7622027911148,0.0,12.462070066280466,0.0,11.474107740585827,0.0,8.823486340929003,0.0
Ftgtn,325.67058823529413,0.0,16.72453345308549,0.0,372.2448286102266,0.0,238.0,0.0,155.8738988642407,0.0,12.787063840519897,0.0,15.427248620541512,0.0,10.271898116096585,0.0,2327.128157639064,0.0,256.72619383422335,0.0,187.79175203341512,0.0,5.512744746065251,0.0,13.034894148108641,0.0,3638.820710488769,0.0,765.7017864125921,0.0,12.7870638396611,0.0,12.440585933308968,0.0,9.255033670806146,0.0
Ftlkk,330.38039215686274,0.0,16.798053291580377,0.0,389.35844935247906,0.0,252.0,0.0,170.06248862755902,0.0,13.406479792166312,0.0,15.874507866387544,0.0,10.871868216333736,0.0,733.7338283710955,0.0,173.5840520782113,0.0,123.91086139823591,0.0,9.83237093267602,0.0,14.126724405935848,0.0,1441.5210810919568,0.0,2183.403825016999,0.0,13.406479788934524,0.0,12.340267758266439,0.0,9.907471572163312,0.0
Fugen,368.0509803921568,0.0,17.735643890371573,0.0,341.26581221501226,0.0,183.0,0.0,116.57901018592706,0.0,11.668256147442602,0.0,13.527749258468683,0.0,8.769145860497714,0.0,2326.480628431127,0.0,246.95097385762972,0.0,180.18897986864746,0.0,4.7035331860224385,0.0,9.540287409144302,0.0,1178.4567737691118,0.0,640.6914993991855,0.0,11.668256154522716,0.0,10.985312823155644,0.0,7.734225050095933,0.0
Fuhre,324.2392156862745,0.0,16.644592071101638,0.0,326.6319505524906,0.0,165.0,0.0,101.85159808106057,0.0,11.186065996792475,0.0,12.84523257866513,0.0,8.037965370402777,0.0,725.236199278956,0.0,91.09353784201676,0.0,62.06557835757675,0.0,3.7054601587738456,0.0,10.019605709719613,0.0,4670.487483639659,0.0,562.1217245567572,0.0,11.186065996902917,0.0,9.903997138622811,0.0,6.96118514819124,0.0
Funde,352.98823529411766,0.0,17.447109506799485,0.0,326.1276329394468,0.0,179.0,0.0,111.65535604851816,0.0,11.277669206247507,0.0,13.379088160259652,0.0,8.492452658491517,0.0,835.8392989343164,0.0,117.60270400672634,0.0,92.2014381843271,0.0,4.525597853366544,0.0,9.449506936011828,0.0,2144.4933832811184,0.0,1189.7015348473317,0.0,11.277669204642297,0.0,10.802835393670051,0.0,7.560664764230864,0.0
Funke,350.73333333333335,0.0,17.28643864909083,0.0,329.4040130880916,0.0,172.0,0.0,107.18803254745328,0.0,11.301142262317997,0.0,13.114877048604,0.0,8.274757824559154,0.0,726.0982652873068,0.0,114.55067417430499,0.0,75.93988289989667,0.0,4.1686218893852,0.0,9.582331433121386,0.0,1557.629097927774,0.0,2150.643987330949,0.0,11.30114225587823,0.0,10.162718612224548,0.0,7.251760169044165,0.0
Furie,282.78431372549016,0.0,15.609618580662254,0.0,327.0670583915796,0.0,161.0,0.0,99.59569777518617,0.0,11.17422634106596,0.0,12.68857754044952,0.0,7.934301871318441,0.0,724.0770393891983,0.0,85.7853990181503,0.0,55.03092210472985,0.0,4.407881479849839,0.0,8.889929736400026,0.0,2969.793793060524,0.0,1793.0892059561727,0.0,11.174226386177816,0.0,9.475033101938468,0.0,6.814382477532164,0.0
Futul,296.73333333333335,0.0,16.095441504241357,0.0,348.3403819520371,0.0,196.0,0.0,126.66640209711832,0.0,12.036603282469809,0.0,14.0,0.0,9.18060966053863,0.0,727.4577365177199,0.0,116.35368154680332,0.0,88.8380207084642,0.0,3.3102383156074926,0.0,11.553418440926436,0.0,4845.548137288285,0.0,1955.8123438745,0.0,12.036603288732348,0.0,10.652294437074643,0.0,8.142903024711202,0.0
Fvhrg,353.2274509803922,0.0,17.303030471973198,0.0,381.73267919862343,0.0,246.0,0.0,161.6047854691922,0.0,13.026964764057807,0.0,15.684387141358123,0.0,10.498916944520573,0.0,4258.7150980885,0.0,462.2882060135346,0.0,343.75993316669303,0.0,8.03664582385129,0.0,24.726640773751097,0.0,4711.259469089477,0.0,583.9330266274173,0.0,13.02696476531047,0.0,12.45251258884032,0.0,9.473386910903784,0.0
Fxkns,336.5921568627451,0.0,16.837420564243466,0.0,353.261634715842,0.0,198.0,0.0,128.59033619230382,0.0,12.13962887190683,0.0,14.071247279470288,0.0,9.263498861597315,0.0,732.9781981675712,0.0,162.13608324704828,0.0,120.9608167871305,0.0,4.080718524899297,0.0,32.093148415893026,0.0,3234.9258237263393,0.0,1432.2767018758739,0.0,12.139628883103558,0.0,10.727692532093297,0.0,8.230662009309444,0.0
Fzchs,307.54901960784315,0.0,16.12736551619288,0.0,335.5835154273736,0.0,161.0,0.0,102.50986790420421,0.0,11.444484539743872,0.0,12.68857754044952,0.0,8.194240375296397,0.0,730.3270641793833,0.0,127.11774283322471,0.0,99.03707010726173,0.0,3.8302564003894886,0.0,22.03013183483921,0.0,755.5106493221972,0.0,701.4746175948809,0.0,11.444484542900254,0.0,9.66247356827235,0.0,7.062190487046346,0.0
Fzhld,347.6392156862745,0.0,17.378839210015773,0.0,375.5574801640327,0.0,243.0,0.0,161.92177407380393,0.0,13.037543864550786,0.0,15.588457268119896,0.0,10.595395433990687,0.0,1159.3670150126454,0.0,209.331416891704,0.0,181.49765307456096,0.0,6.063287969808083,0.0,23.481140156123484,0.0,2160.075411032768,0.0,1770.7445568362145,0.0,13.037543904288906,0.0,12.556637939417266,0.0,9.655958904821146,0.0
Fählt,319.8235294117647,0.0,16.559498122991283,0.0,357.2468253004082,0.0,213.0,0.0,139.577575031114,0.0,12.384921846117948,0.0,14.594519519326424,0.0,9.717350844939498,0.0,729.1045236057162,0.0,133.3349940301395,0.0,96.86187636661407,0.0,6.355153851002988,0.0,11.731550595613104,0.0,2213.56703071184,0.0,1802.8307534786431,0.0,12.384921889926545,0.0,11.566211100887623,0.0,8.754655237222922,0.0
Fälle,302.6313725490196,0.0,16.17860853370554,0.0,350.31953819115535,0.0,193.0,0.0,127.69074573516632,0.0,12.15580418658844,0.0,13.892443989449804,0.0,9.348691696722328,0.0,728.3746276270576,0.0,130.89020020012325,0.0,96.3633856611517,0.0,3.6601837201523324,0.0,11.135704803953686,0.0,2344.307805840674,0.0,1822.3215040942857,0.0,12.155804236280549,0.0,10.88311854858354,0.0,8.423694308292554,0.0
Föhne,361.58431372549023,0.0,17.512856155377804,0.0,329.2833250992795,0.0,171.0,0.0,107.5728675829409,0.0,11.330467971222335,0.0,13.076696830622021,0.0,8.344492707679372,0.0,727.5620073530331,0.0,108.17512666578841,0.0,79.09561859507969,0.0,3.6458148572344733,0.0,13.816431099665632,0.0,1685.8002800840472,0.0,1343.3464258738777,0.0,11.330467983272614,0.0,10.502481510649647,0.0,7.323564618533795,0.0
Föten,318.9490196078431,0.0,16.487799597376384,0.0,329.81900608239926,0.0,166.0,0.0,105.05935401835247,0.0,11.32270745596109,0.0,12.884098726725126,0.0,8.249596000578142,0.0,726.5195758493504,0.0,104.49177006063393,0.0,75.03448877079929,0.0,3.9603078277969135,0.0,13.202463600425283,0.0,1501.0265556071952,0.0,1459.4152771722704,0.0,11.322707460305761,0.0,10.163405417314532,0.0,7.198254874348311,0.0
Fötus,307.56862745098044,0.0,16.154724777639878,0.0,333.8906941711001,0.0,167.0,0.0,105.80281712574853,0.0,11.418030247913,0.0,12.922847983320086,0.0,8.283260832196117,0.0,726.6774908612222,0.0,105.59830912417763,0.0,75.75992448328354,0.0,3.4543894316022445,0.0,14.443188035407365,0.0,4853.412845399583,0.0,2037.1773855712268,0.0,11.418030255200112,0.0,9.992867475770096,0.0,7.14906233566088,0.0
Fülle,309.45490196078424,0.0,16.433274727278395,0.0,357.3978027229074,0.0,202.0,0.0,133.6388425892182,0.0,12.363818320191717,0.0,14.212670403551895,0.0,9.55912356451104,0.0,728.4881484614746,0.0,121.21346460066148,0.0,93.22931540763672,0.0,4.057638408509831,0.0,11.34400473199562,0.0,2345.989313866498,0.0,1846.273947610357,0.0,12.363818370271957,0.0,10.965598223547227,0.0,8.589635730723083,0.0
Fürst,285.8313725490196,0.0,15.594279750539963,0.0,340.91092510252093,0.0,169.0,0.0,108.13239870090949,0.0,11.643339395802462,0.0,13.0,0.0,8.426239495278633,0.0,726.8571328746218,0.0,105.26473923416901,0.0,75.85630346763469,0.0,7.100976485729133,0.0,11.509270781068837,0.0,1740.3401243724227,0.0,1484.1338995650733,0.0,11.643339396302046,0.0,9.73773484876385,0.0,7.213440260178599,0.0
Gaban,357.78823529411767,0.0,17.33064037283131,0.0,324.52087939678046,0.0,177.0,0.0,114.37869459225172,0.0,11.38827123528972,0.0,13.30413469565007,0.0,8.72559951792562,0.0,737.0550305734637,0.0,111.23776308748981,0.0,78.66996947190667,0.0,2.7429555088402773,0.0,9.97386443666679,0.0,3334.9371108497335,0.0,1218.4058660298724,0.0,11.38827123726794,0.0,11.05622996138894,0.0,7.756878470776803,0.0
Gabel,336.48627450980393,0.0,16.935650878107072,0.0,342.9117155715377,0.0,183.0,0.0,123.52307289430959,0.0,12.026130725582878,0.0,13.527749258468683,0.0,9.299482543367334,0.0,740.1692445503763,0.0,130.97695266770398,0.0,102.11807733004426,0.0,4.084164872954119,0.0,10.127577314313863,0.0,1502.684372921732,0.0,583.365910412672,0.0,12.026130732327976,0.0,11.066898030150181,0.0,8.331286606983864,0.0
Gaben,356.5176470588235,0.0,17.359571127393327,0.0,322.88061623107075,0.0,167.0,0.0,107.83855507231061,0.0,11.282953819457855,0.0,12.922847983320086,0.0,8.478429901619272,0.0,736.86165830235,0.0,107.28964307202101,0.0,76.28572609609466,0.0,2.672164764019845,0.0,9.240718940774826,0.0,1482.2999171898518,0.0,576.5529732631609,0.0,11.282953827211706,0.0,10.775966887902,0.0,7.5173397690676,0.0
Gagen,374.7686274509804,0.0,17.739497328696135,0.0,339.77223828537234,0.0,179.0,0.0,117.33659401802815,0.0,11.752302369785822,0.0,13.379088160259652,0.0,8.932801812223211,0.0,2329.9658474477283,0.0,248.8205708625632,0.0,181.9777227023703,0.0,3.991990003582391,0.0,8.901827116608594,0.0,1434.8170457222432,0.0,576.5087855377689,0.0,11.75230237757996,0.0,11.176878850073082,0.0,7.896601731276303,0.0
Gamma,424.55294117647054,0.0,18.81036672140582,0.0,438.5800657644316,0.0,307.0,0.0,217.43007723811,0.0,14.943406080720216,0.0,17.52141546793523,0.0,12.678652426171961,0.0,824.0951180012704,0.0,412.94767554658137,0.0,309.30598396640227,0.0,6.544178383294779,0.0,9.890378115014315,0.0,3273.740422948143,0.0,1472.8863706346713,0.0,14.94340608442594,0.0,15.405344882050626,0.0,11.803780569250447,0.0
Garbe,329.4470588235294,0.0,16.657092059495508,0.0,326.11284404165104,0.0,157.0,0.0,101.9990035446917,0.0,11.326831862676388,0.0,12.529964086141668,0.0,8.278869296894362,0.0,737.2147235597408,0.0,110.0602149448102,0.0,77.80632532800233,0.0,3.0730957158617387,0.0,10.000157389204796,0.0,2502.322199964771,0.0,1379.9783510486245,0.0,11.326831869955953,0.0,10.187540144943517,0.0,7.186419947345185,0.0
Garde,332.63529411764705,0.0,16.752383041301197,0.0,329.17873157799556,0.0,167.0,0.0,108.87167513019227,0.0,11.486861075953271,0.0,12.922847983320086,0.0,8.590771818890284,0.0,845.697960215458,0.0,122.67351070047815,0.0,96.5609461113855,0.0,3.3918486409814252,0.0,9.065914411473734,0.0,2510.3918837956,0.0,1749.587813805547,0.0,11.486861074572854,0.0,10.579710752946124,0.0,7.577072417914727,0.0
Garta,289.5921568627451,0.0,15.53457232535854,0.0,325.1148239937594,0.0,165.0,0.0,105.11887649731521,0.0,11.288739485268563,0.0,12.84523257866513,0.0,8.28820723366754,0.0,735.3023516594749,0.0,94.76792714005627,0.0,63.3588510651105,0.0,5.822597665587756,0.0,8.638637106195844,0.0,3969.5986431772144,0.0,1465.226564199439,0.0,11.288739482406354,0.0,10.119392225065743,0.0,7.189088322406441,0.0
Gasse,304.7803921568627,0.0,15.896663124711951,0.0,312.611379460224,0.0,126.0,0.0,81.06810182148025,0.0,10.738407354260119,0.0,11.224972160321824,0.0,7.322666881540938,0.0,735.5944469522615,0.0,86.85412750738975,0.0,59.21727297220892,0.0,3.9039420721908384,0.0,8.802567051801795,0.0,1300.3853106092713,0.0,640.0023599607324,0.0,10.738407356066013,0.0,8.749050574223167,0.0,6.045929378742723,0.0
Gbstd,345.79999999999995,0.0,17.174360600996373,0.0,362.6211247985356,0.0,214.0,0.0,146.640686746955,0.0,12.721208523117985,0.0,14.628738838327793,0.0,10.219254578438925,0.0,1165.5579649024596,0.0,208.61488283808714,0.0,178.00545466723963,0.0,4.8992568002826316,0.0,18.023815275216286,0.0,3699.722336637556,0.0,787.8847142524053,0.0,12.721208519165614,0.0,12.187079904217466,0.0,9.232914622246518,0.0
Gdnrm,393.51372549019607,0.0,18.26228236897311,0.0,409.0181556802814,0.0,266.0,0.0,186.48428483881492,0.0,14.110091698935086,0.0,16.30950643030009,0.0,11.701860520237972,0.0,2111.460219717472,0.0,555.1439368451314,0.0,454.7737362163693,0.0,5.02546200502408,0.0,17.177568448632048,0.0,4888.55116480123,0.0,621.2477478781909,0.0,14.1100916962664,0.0,13.92399097318142,0.0,10.790365250477539,0.0
Gdrkl,347.43137254901956,0.0,17.198059223677838,0.0,379.32329183910974,0.0,221.0,0.0,154.26360602894601,0.0,13.234427570886085,0.0,14.866068747318506,0.0,10.569081939929655,0.0,2065.616211504843,0.0,319.9854944671049,0.0,288.55580738339785,0.0,4.209387225352731,0.0,16.743373273040987,0.0,2189.9682090639017,0.0,2544.145331824355,0.0,13.234427567586335,0.0,11.777261356025406,0.0,9.546264343980754,0.0
Gebet,326.9176470588236,0.0,16.706301200677732,0.0,335.17612475804054,0.0,171.0,0.0,111.83860960603413,0.0,11.62044430162452,0.0,13.076696830622021,0.0,8.68644321355972,0.0,737.2267844088941,0.0,108.18743048350854,0.0,77.44633401478427,0.0,5.369074712828724,0.0,9.710877025417766,0.0,1446.194558074645,0.0,548.7321847164366,0.0,11.620444308597756,0.0,10.563444521617178,0.0,7.6178313418029076,0.0
Gefte,300.27058823529416,0.0,15.981423760760238,0.0,339.70058043319364,0.0,174.0,0.0,112.75720641554189,0.0,11.71015810824501,0.0,13.19090595827292,0.0,8.667012286755373,0.0,737.9454141496735,0.0,117.51639853930912,0.0,86.39445262119632,0.0,5.037765033842046,0.0,12.15570365819245,0.0,4122.015765039421,0.0,1832.8092090165078,0.0,11.710158109007827,0.0,10.292995593068348,0.0,7.562379513393901,0.0
Gehör,348.05098039215693,0.0,17.072207956382186,0.0,344.5966710131661,0.0,187.0,0.0,121.52744720082674,0.0,11.909518798467802,0.0,13.674794331177344,0.0,9.035662969057304,0.0,753.1934708990515,0.0,227.65859210585697,0.0,169.68722147359685,0.0,4.099544933822921,0.0,33.306058646592895,0.0,2287.6467523325623,0.0,1838.5210996799683,0.0,11.909518810444583,0.0,11.005250756425237,0.0,7.972239228032533,0.0
Gelee,311.2352941176471,0.0,16.320273478496556,0.0,326.5622580740965,0.0,149.0,0.0,97.13559567293835,0.0,11.284838283950144,0.0,12.206555615733702,0.0,8.082600036543477,0.0,735.7438237008977,0.0,92.58181383294868,0.0,66.51968532996418,0.0,3.1606505377111684,0.0,8.493351218006895,0.0,1547.2864541403983,0.0,586.1769115150164,0.0,11.28483828659876,0.0,9.531351873792376,0.0,7.017799639740844,0.0
Gemüt,374.50588235294117,0.0,17.810229943979934,0.0,402.36184016219806,0.0,255.0,0.0,175.62283181205834,0.0,13.789751844883373,0.0,15.968719422671311,0.0,11.212591245784722,0.0,787.4264520467344,0.0,314.18788162894003,0.0,244.87401573347594,0.0,5.735151123621082,0.0,27.261039109495204,0.0,4274.382379261748,0.0,1682.3359526100746,0.0,13.789751850505425,0.0,13.33173477029342,0.0,10.213458685553077,0.0
Gengs,365.2117647058824,0.0,17.51854336935378,0.0,344.57059147492026,0.0,175.0,0.0,115.22011268502958,0.0,11.833758972656293,0.0,13.228756555322953,0.0,8.870810404470719,0.0,2481.9640053903745,0.0,251.65309830059522,0.0,184.0776977181053,0.0,4.767699355622951,0.0,9.245458496503574,0.0,3372.947602740841,0.0,1332.0270816191496,0.0,11.833758974451445,0.0,10.725530369972514,0.0,7.743189062182838,0.0
Gennt,325.3058823529412,0.0,16.637919845286017,0.0,327.3580006641231,0.0,173.0,0.0,109.52486143844823,0.0,11.347318621690492,0.0,13.152946437965905,0.0,8.421760907908274,0.0,734.9919806018435,0.0,89.02790056761668,0.0,59.37058736612022,0.0,4.166410656488724,0.0,8.56711001877796,0.0,2018.3046646619603,0.0,1147.4793777940654,0.0,11.347318632867466,0.0,10.339020558799108,0.0,7.3700463780071415,0.0
Genom,388.08235294117645,0.0,18.073269221737377,0.0,388.159541646756,0.0,245.0,0.0,167.4673316001324,0.0,13.390767235632005,0.0,15.652475842498529,0.0,10.936256590927798,0.0,860.9585885219462,0.0,477.06788225058756,0.0,368.1722892155123,0.0,8.590516194272963,0.0,11.246856475189327,0.0,1827.9695948409374,0.0,371.1547743286136,0.0,13.390767239521969,0.0,13.464933323421766,0.0,10.023388299573588,0.0
Genua,340.62745098039215,0.0,16.952934372915045,0.0,316.74906307283925,0.0,165.0,0.0,101.47601299090417,0.0,10.939292796718354,0.0,12.84523257866513,0.0,7.987735792245163,0.0,734.7682991534667,0.0,88.52465602488904,0.0,57.71204385936295,0.0,1.9585414177979388,0.0,10.027970877641394,0.0,4888.716291363618,0.0,1500.2784216815971,0.0,10.9392928077847,0.0,10.228860077199169,0.0,6.9095192855162395,0.0
Gerke,329.1098039215686,0.0,16.61521238454753,0.0,336.2814218183489,0.0,161.0,0.0,104.97635423162791,0.0,11.590383854308918,0.0,12.68857754044952,0.0,8.395803718703966,0.0,737.510491788492,0.0,119.49000401691119,0.0,81.08307015271858,0.0,3.1318288292035974,0.0,9.168023964224439,0.0,2004.0812433076799,0.0,2497.812197113035,0.0,11.590383850198807,0.0,9.827487321884972,0.0,7.2532996170223605,0.0
Geste,294.65098039215684,0.0,15.774597423561481,0.0,324.77558320037423,0.0,149.0,0.0,95.84374117539085,0.0,11.178416630240173,0.0,12.206555615733702,0.0,7.957551535285091,0.0,735.6006269068256,0.0,90.93935841492487,0.0,61.98299447736372,0.0,5.368895891864172,0.0,8.73741420177332,0.0,3692.449780742314,0.0,773.9781230238035,0.0,11.178416627511536,0.0,9.44542469408522,0.0,6.7735395255836695,0.0
Getem,353.9019607843137,0.0,17.317699896907172,0.0,391.381751450409,0.0,229.0,0.0,159.78949847872533,0.0,13.460579149355102,0.0,15.132745950421556,0.0,10.77984278157087,0.0,860.6299467004367,0.0,475.8018723152189,0.0,367.5772912834471,0.0,8.482551971594075,0.0,10.818366855048895,0.0,1640.8464261734662,0.0,1299.1987309990902,0.0,13.460579153001923,0.0,12.891062672002827,0.0,9.83337233418459,0.0
Getto,291.64313725490194,0.0,15.730570300655103,0.0,340.07772756355826,0.0,184.0,0.0,119.55863536106989,0.0,11.783638861774865,0.0,13.564659966250536,0.0,8.920577420447053,0.0,737.2712822128317,0.0,107.89399520031297,0.0,74.19539715466544,0.0,5.528411785380861,0.0,9.444316171907335,0.0,3836.791606039241,0.0,1361.7542099851762,0.0,11.783638857577067,0.0,10.742136689560681,0.0,7.829962406908746,0.0
Geäst,308.4313725490196,0.0,16.05722082547961,0.0,335.8310888116782,0.0,170.0,0.0,110.95338770507513,0.0,11.617508754411684,0.0,13.038404810405298,0.0,8.63390540737601,0.0,741.5363823527825,0.0,145.02999027054884,0.0,109.52929048657842,0.0,6.369343927011808,0.0,18.596451367045084,0.0,1569.6878428363643,0.0,910.6493075973843,0.0,11.617508754525051,0.0,10.247854412721004,0.0,7.495886057997283,0.0
Gfcßc,329.55294117647065,0.0,16.50016765028479,0.0,372.355057462887,0.0,214.0,0.0,144.71345255161145,0.0,12.793648282234454,0.0,14.628738838327793,0.0,10.063329682060234,0.0,780.1585101338559,0.0,291.89304339386,0.0,244.2503972780732,0.0,4.418583861631814,0.0,32.099400326237394,0.0,2957.371437546614,0.0,1420.9475405679061,0.0,12.793648287844439,0.0,11.920213213522628,0.0,8.976685726108547,0.0
Ggcht,357.1764705882353,0.0,17.326118629811976,0.0,371.0712234721785,0.0,211.0,0.0,143.2108924362805,0.0,12.756187441522304,0.0,14.52583904633395,0.0,10.039005211992599,0.0,3646.9432622680038,0.0,1755.648798513024,0.0,1326.043130226865,0.0,6.568302302654348,0.0,20.408943525069397,0.0,1313.6148934432717,0.0,681.802348813331,0.0,12.75618744478061,0.0,11.70467115834635,0.0,8.98741421255015,0.0
Gggln,406.88235294117646,0.0,18.589049787731625,0.0,401.26165037404166,0.0,264.0,0.0,181.92391762708093,0.0,13.752878461274033,0.0,16.24807680927192,0.0,11.425419031387632,0.0,4264.725644740285,0.0,1771.49571903791,0.0,1337.657612377159,0.0,5.446184485733279,0.0,20.773451177167892,0.0,2437.1487665783857,0.0,1766.3780883371544,0.0,13.752878497160049,0.0,13.439813923622218,0.0,10.4250262344228,0.0
Ghtcl,306.09803921568624,0.0,16.138356524950517,0.0,359.8352603715322,0.0,192.0,0.0,131.2907341265022,0.0,12.500445332607518,0.0,13.856406460551018,0.0,9.629579979284113,0.0,743.1524108607733,0.0,136.3646152290017,0.0,108.30911389727497,0.0,8.496229159668742,0.0,13.036471257286951,0.0,1734.4792276680075,0.0,1301.8065350706677,0.0,12.50044533350256,0.0,10.813971107680699,0.0,8.568721001001604,0.0
Ghtcr,299.05882352941177,0.0,15.845787974720361,0.0,343.40299206561417,0.0,167.0,0.0,110.48581664250452,0.0,11.833840474024832,0.0,12.922847983320086,0.0,8.674847763325175,0.0,739.9907312100797,0.0,113.44604972028606,0.0,84.41013329741638,0.0,10.007895287080045,0.0,12.637789112272236,0.0,1719.9803325790697,0.0,1298.8656776622483,0.0,11.833840474512101,0.0,9.90701731819849,0.0,7.536843240987159,0.0
Ghtdr,339.7098039215686,0.0,17.005038491643244,0.0,361.3860417965894,0.0,211.0,0.0,141.8880992297784,0.0,12.607904986722081,0.0,14.52583904633395,0.0,9.945417391039602,0.0,849.5425416806879,0.0,145.45248430448905,0.0,116.14202823419338,0.0,4.78558457848198,0.0,12.368528307589042,0.0,2300.957552392978,0.0,1672.9917909856044,0.0,12.607904984502714,0.0,11.678949521407246,0.0,8.93209122604256,0.0
Ghtgl,361.8117647058823,0.0,17.569300582342784,0.0,390.61075205243935,0.0,234.0,0.0,163.0586758564089,0.0,13.474069958620083,0.0,15.297058540778355,0.0,10.851849094532206,0.0,2484.231127594128,0.0,274.37151142056564,0.0,206.6100198836565,0.0,4.552947335755651,0.0,12.839598918014827,0.0,3400.601955977114,0.0,1810.273758872109,0.0,13.474069959813548,0.0,12.30523426467125,0.0,9.759744518402318,0.0
Ghthl,345.07058823529417,0.0,17.177476467995387,0.0,372.3262037239516,0.0,223.0,0.0,152.78258970392505,0.0,13.016575110822256,0.0,14.933184523068078,0.0,10.398158290980737,0.0,743.737642069925,0.0,144.18359843224323,0.0,114.20362489052097,0.0,4.348478562326436,0.0,12.954408626788275,0.0,1624.442230090836,0.0,1379.9854822871207,0.0,13.016575113952394,0.0,11.952735368998425,0.0,9.390998679104506,0.0
Ghtkn,364.5254901960784,0.0,17.535297516076437,0.0,361.06359091068526,0.0,213.0,0.0,142.5411753907122,0.0,12.585223147559564,0.0,14.594519519326424,0.0,9.906584520570947,0.0,741.6992002993364,0.0,143.28047188734928,0.0,103.69153857616666,0.0,3.520816839181948,0.0,11.863148856357206,0.0,1764.4376102914014,0.0,2451.606601538984,0.0,12.58522314365756,0.0,11.63682381725176,0.0,8.88401159647867,0.0
Ghtpr,339.22352941176473,0.0,16.952704864708508,0.0,361.76364301468936,0.0,198.0,0.0,134.26581923420605,0.0,12.552471035240831,0.0,14.071247279470288,0.0,9.707370547735106,0.0,837.2095192868262,0.0,184.82307410662014,0.0,157.9858947231755,0.0,5.146419294675729,0.0,13.862144792323017,0.0,2150.7723915302076,0.0,1314.6812786542328,0.0,12.552471044172163,0.0,11.279359341714674,0.0,8.657498054047009,0.0
Ghtsc,306.65882352941173,0.0,16.018637741524547,0.0,341.430111524164,0.0,169.0,0.0,111.55755413551897,0.0,11.783437206957966,0.0,13.0,0.0,8.713957396148539,0.0,743.490500440243,0.0,114.82004334890028,0.0,85.53083880612732,0.0,8.62560747529202,0.0,19.89631421536163,0.0,1640.02939169689,0.0,1287.2186562396141,0.0,11.783437207159723,0.0,10.117540049945697,0.0,7.520356628696575,0.0
Ghtsm,371.1058823529412,0.0,17.671946720276047,0.0,411.4532991552677,0.0,257.0,0.0,181.74474195020161,0.0,14.112206623100784,0.0,16.0312195418814,0.0,11.563288462784762,0.0,864.424703167671,0.0,481.7214742590997,0.0,372.8635231151903,0.0,6.671684848927657,0.0,12.961931979128726,0.0,1641.406788506293,0.0,1288.014114838215,0.0,14.112206622321118,0.0,13.54022523913182,0.0,10.55321476253669,0.0
Ghtsp,346.82352941176464,0.0,17.11437877295912,0.0,360.4496016608484,0.0,200.0,0.0,135.8449703439132,0.0,12.525089350247455,0.0,14.142135623730951,0.0,9.781207220059098,0.0,1444.2133164549214,0.0,376.4016789081903,0.0,355.1124860504117,0.0,4.850058974682913,0.0,18.240341720940755,0.0,1637.9974076025567,0.0,1287.3709409158582,0.0,12.525089350961382,0.0,11.503746344081085,0.0,8.694519576934773,0.0
Ghtsw,346.2274509803922,0.0,17.043389005837604,0.0,386.53633565776556,0.0,237.0,0.0,163.47982225245852,0.0,13.374053709082936,0.0,15.394804318340652,0.0,10.81088176687109,0.0,3670.04421646757,0.0,798.8839295944108,0.0,629.8240807543194,0.0,4.788212538426039,0.0,25.761095863961923,0.0,1671.9905436754734,0.0,1288.6162713237052,0.0,13.374053708557064,0.0,12.120874580811448,0.0,9.71902240567959,0.0
Gifte,284.3058823529412,0.0,15.595276249294555,0.0,359.81818753661656,0.0,214.0,0.0,140.85368764055318,0.0,12.47078818434104,0.0,14.628738838327793,0.0,9.757547252075126,0.0,738.4404413723479,0.0,124.04753325739237,0.0,90.99361767968186,0.0,4.563661806459992,0.0,12.239258264210639,0.0,4231.216598275807,0.0,2045.8111688566844,0.0,12.470788185728683,0.0,11.505662876047472,0.0,8.736180615493184,0.0
Gilde,322.43921568627457,0.0,16.697611871598074,0.0,366.5962012672352,0.0,231.0,0.0,155.67947831204654,0.0,12.856886619652768,0.0,15.198684153570664,0.0,10.423684294562428,0.0,847.1149733012452,0.0,136.24546832934195,0.0,108.03165740217192,0.0,4.828654713887414,0.0,9.593165110007916,0.0,2424.0358845118135,0.0,1500.4647206408986,0.0,12.856886618081933,0.0,12.330257052307312,0.0,9.522426360053041,0.0
Ginis,291.0509803921569,0.0,15.738780751092177,0.0,348.2905095123555,0.0,207.0,0.0,134.43254124450297,0.0,12.122063888070159,0.0,14.38749456993816,0.0,9.458183950239777,0.0,735.6594921685477,0.0,98.72287940849552,0.0,66.78105221901293,0.0,4.473695405186326,0.0,8.737235757019715,0.0,3043.3647384168144,0.0,1485.5192050747555,0.0,12.122063921818055,0.0,11.284284115994799,0.0,8.473412696435023,0.0
Ginzi,296.61960784313726,0.0,15.968435801461757,0.0,359.50053777810257,0.0,217.0,0.0,142.63910634885954,0.0,12.496504635662257,0.0,14.730919862656235,0.0,9.815113649749017,0.0,737.8385298021864,0.0,118.85274698475888,0.0,85.07653795796206,0.0,4.538049304972607,0.0,11.760399773486863,0.0,3231.7340998377244,0.0,1113.683518751091,0.0,12.496504636102536,0.0,11.4776867939527,0.0,8.768591250583034,0.0
Gisiß,318.9686274509804,0.0,16.375632444181917,0.0,383.7360592095859,0.0,245.0,0.0,167.11005445273275,0.0,13.31800695150647,0.0,15.652475842498529,0.0,10.845974362841245,0.0,766.7577138767336,0.0,266.464926333444,0.0,205.59529309693986,0.0,7.775006404452163,0.0,22.901568591835524,0.0,2893.3242542516664,0.0,1580.4037184611334,0.0,13.318006985557348,0.0,12.540058373463674,0.0,9.826832747304733,0.0
Gisti,262.721568627451,0.0,14.981702026708126,0.0,363.51326411330206,0.0,217.0,0.0,145.0261910354123,0.0,12.635971564586399,0.0,14.730919862656235,0.0,9.969271128891297,0.0,737.3545089408717,0.0,112.54777408049542,0.0,78.75039126148987,0.0,7.481773553265563,0.0,10.051698334007213,0.0,3815.2771647136524,0.0,1194.5320345997156,0.0,12.635971562136843,0.0,11.371165463139356,0.0,8.920310996801586,0.0
Gitei,271.0078431372549,0.0,15.272374186830806,0.0,356.60042034162024,0.0,205.0,0.0,136.21475002227297,0.0,12.393688385241745,0.0,14.317821063276353,0.0,9.633205996189478,0.0,736.7125677413294,0.0,107.47458545988496,0.0,74.80455094925547,0.0,5.287733745744874,0.0,9.712748316619734,0.0,1897.2471614927144,0.0,1584.8400239402806,0.0,12.393688389445893,0.0,11.137290207030144,0.0,8.621910171481053,0.0
Gjkqw,395.0,0.0,18.270105082223637,0.0,437.9731464608418,0.0,321.0,0.0,226.31603939386548,0.0,14.968340554181978,0.0,17.916472867168917,0.0,12.890096827987996,0.0,51556.70735356525,0.0,10561.506719381954,0.0,10155.692816520912,0.0,6.788373369281707,0.0,77.1378185920955,0.0,3395.1754019411583,0.0,1037.544613426173,0.0,14.96834055898813,0.0,14.800450568433158,0.0,11.952018533756297,0.0
Gjtnn,322.00392156862745,0.0,16.587087059874992,0.0,368.2005769235964,0.0,232.0,0.0,155.082263311493,0.0,12.81266454049107,0.0,15.231546211727817,0.0,10.337278372434787,0.0,23961.321492160332,0.0,2235.1707514877803,0.0,1967.9027012653846,0.0,4.534890390704264,0.0,32.17671278645313,0.0,2078.6928294241343,0.0,1749.5569000026317,0.0,12.812664548509733,0.0,12.366182938335637,0.0,9.413360408112197,0.0
Glanz,320.97254901960787,0.0,16.53570786981504,0.0,352.21755526938875,0.0,209.0,0.0,138.15457205875612,0.0,12.32161841645796,0.0,14.45683229480096,0.0,9.703749754424795,0.0,740.0043009656258,0.0,134.58360692457472,0.0,103.40641498853857,0.0,2.8751316782483864,0.0,14.851189900242852,0.0,1893.7499982002373,0.0,1202.4399272284936,0.0,12.321618425364882,0.0,11.626681573775423,0.0,8.724790628530267,0.0
Gleis,286.9843137254902,0.0,15.664100503962283,0.0,355.2984800749441,0.0,205.0,0.0,136.46145356669484,0.0,12.360637763786096,0.0,14.317821063276353,0.0,9.67083467365785,0.0,737.618510314902,0.0,113.66547384174746,0.0,84.14496720077192,0.0,5.41826670735389,0.0,9.676538288017479,0.0,2957.5990560721993,0.0,1278.1133828119948,0.0,12.360637796835523,0.0,11.249617025089414,0.0,8.654012757342473,0.0
Glied,322.43921568627445,0.0,16.697611871598074,0.0,370.7743683402048,0.0,230.0,0.0,156.96050813551375,0.0,12.98466807173941,0.0,15.165750888103101,0.0,10.535025438183762,0.0,1163.296364076007,0.0,190.90792225999087,0.0,165.81952478040043,0.0,6.688400608486459,0.0,12.015805926559267,0.0,1851.9692823186313,0.0,755.7861849569819,0.0,12.984668076593511,0.0,12.414177567897486,0.0,9.642677431581296,0.0
Glott,282.79607843137256,0.0,15.572624073372001,0.0,367.37324958897386,0.0,231.0,0.0,154.33823407925775,0.0,12.791179349548012,0.0,15.198684153570664,0.0,10.295250443466239,0.0,738.5567599483861,0.0,122.37237314031292,0.0,90.35495064717014,0.0,7.44648012578351,0.0,10.111394581897951,0.0,3944.5815557109663,0.0,953.4765760917221,0.0,12.791179345746805,0.0,12.01887953976355,0.0,9.277377487821882,0.0
Glxjs,301.88235294117646,0.0,16.026727963849023,0.0,389.3997216620378,0.0,239.0,0.0,164.73951832144158,0.0,13.426887838505195,0.0,15.459624833740307,0.0,10.8256934715821,0.0,5320.571764104272,0.0,402.5297051302206,0.0,352.307567053473,0.0,4.0972254618205834,0.0,20.97838152238783,0.0,3180.446352556711,0.0,2186.712428224053,0.0,13.426887872327688,0.0,12.202998182999867,0.0,9.781166997336076,0.0
Glück,343.2705882352941,0.0,17.008651935902,0.0,375.4700906825622,0.0,235.0,0.0,157.5326643503331,0.0,12.988807194344366,0.0,15.329709716755891,0.0,10.458241014692424,0.0,749.5752905609979,0.0,182.60592407023995,0.0,142.73798847546212,0.0,3.930944043805001,0.0,18.010772001909388,0.0,3713.279007773593,0.0,3089.2952178772616,0.0,12.988807194326448,0.0,12.234182628194882,0.0,9.474678979912476,0.0
Gommo,433.7137254901961,0.0,19.047365635157252,0.0,450.4296455577969,0.0,322.0,0.0,228.81552618293617,0.0,15.244363508303161,0.0,17.944358444926362,0.0,13.012737391759615,0.0,825.9584097879219,0.0,416.3464888520369,0.0,311.67658530059106,0.0,6.446674406060081,0.0,10.540604176889708,0.0,3275.468605978979,0.0,1464.3871865184963,0.0,15.244363512344641,0.0,15.731987658947729,0.0,12.095157233017497,0.0
Gongs,371.0627450980393,0.0,17.617657861137804,0.0,346.2313015471907,0.0,182.0,0.0,120.20182660975675,0.0,11.931031441898934,0.0,13.490737563232042,0.0,9.067495169524808,0.0,2482.0769654338724,0.0,253.11824198773388,0.0,184.99596231585593,0.0,4.534747211314038,0.0,9.2086050639432,0.0,3388.715779499913,0.0,1333.7336584847044,0.0,11.93103144355252,0.0,10.996472265730581,0.0,7.940485918021831,0.0
Gonon,354.15294117647056,0.0,17.246709730838298,0.0,322.31392553716904,0.0,180.0,0.0,112.89445645806096,0.0,11.216915531643892,0.0,13.416407864998739,0.0,8.51202567009876,0.0,735.8737612101739,0.0,99.51949764221663,0.0,66.15932263154966,0.0,2.195735491187289,0.0,9.167669781794043,0.0,1852.092198266324,0.0,373.35582318331103,0.0,11.216915536727388,0.0,10.92324035786787,0.0,7.4978582900798765,0.0
Goten,319.97254901960787,0.0,16.453226610538483,0.0,325.53613534082206,0.0,164.0,0.0,105.21662333665387,0.0,11.30016539353348,0.0,12.806248474865697,0.0,8.310107290594637,0.0,735.4892293198469,0.0,93.26193132552284,0.0,62.7637354859537,0.0,4.073387187779734,0.0,8.36874236336007,0.0,1667.657712334966,0.0,1299.754749267699,0.0,11.300165398446104,0.0,10.207460375689886,0.0,7.241876648940224,0.0
Gotin,304.0078431372549,0.0,16.078414155897047,0.0,341.8472243144819,0.0,196.0,0.0,127.14563122784574,0.0,11.92211003849448,0.0,14.0,0.0,9.183618161716037,0.0,736.0771793762918,0.0,101.72892456385455,0.0,68.71411143063315,0.0,5.14110392131045,0.0,9.233804639811293,0.0,2921.764910473586,0.0,1687.0316967013887,0.0,11.922110080791867,0.0,11.001717748920635,0.0,8.14263259257724,0.0
Gouda,362.46274509803925,0.0,17.491210732900388,0.0,333.1914584531309,0.0,199.0,0.0,127.03480385407562,0.0,11.67835142180061,0.0,14.106735979665885,0.0,9.167746677254092,0.0,846.0431706043727,0.0,127.9729656055081,0.0,99.10877403504094,0.0,3.1702300275505273,0.0,10.233908863379321,0.0,2707.286507032235,0.0,1330.598510997032,0.0,11.678351419347326,0.0,11.682098244834979,0.0,8.185153045756051,0.0
Grabe,329.44705882352946,0.0,16.657092059495508,0.0,336.09666156425396,0.0,187.0,0.0,120.56316139012364,0.0,11.694607373146026,0.0,13.674794331177344,0.0,8.962948445952051,0.0,737.7689057515539,0.0,117.92221859844983,0.0,83.22441946065425,0.0,4.146168006954153,0.0,10.444995928471842,0.0,2067.0960500665115,0.0,485.58340935328283,0.0,11.694607380891139,0.0,10.999327594041723,0.0,7.923629620375422,0.0
Grahf,328.29019607843134,0.0,16.58171011512914,0.0,358.0038419277946,0.0,216.0,0.0,141.1615847715927,0.0,12.40651866039142,0.0,14.696938456699069,0.0,9.747462479068043,0.0,743.5216900757305,0.0,155.54724020324747,0.0,120.18463941412827,0.0,4.4961057424008,0.0,15.630055869161982,0.0,1330.9930746420382,0.0,730.9612841369932,0.0,12.406518664391843,0.0,11.724506713072449,0.0,8.702783310107389,0.0
Grall,287.7725490196078,0.0,15.68762935325493,0.0,368.86130589369316,0.0,231.0,0.0,155.5023997537886,0.0,12.894770515022191,0.0,15.198684153570664,0.0,10.402533089624843,0.0,740.2693247870836,0.0,135.46852159407908,0.0,105.58019441370168,0.0,4.5120127060014585,0.0,10.241271088115363,0.0,2340.53945710231,0.0,1753.112541637819,0.0,12.894770555269314,0.0,11.74897965568922,0.0,9.408491693791953,0.0
Grbnd,366.52941176470586,0.0,17.68357224693398,0.0,361.78244203092123,0.0,233.0,0.0,155.34988080871815,0.0,12.70301617630809,0.0,15.264337522473747,0.0,10.37754842025516,0.0,1163.4390732038235,0.0,193.9055126316384,0.0,165.88826315401823,0.0,6.651083775500465,0.0,13.164780810655811,0.0,1991.2824779322664,0.0,1212.8627781010698,0.0,12.703016187478113,0.0,12.768682957271146,0.0,9.47836949830344,0.0
Grdch,343.37254901960785,0.0,17.011901209913475,0.0,356.66522368275366,0.0,214.0,0.0,141.4966618342225,0.0,12.428556231427205,0.0,14.628738838327793,0.0,9.860567489549725,0.0,858.0865907326765,0.0,144.05990887425912,0.0,114.96003768931041,0.0,4.496709270194949,0.0,11.613853600757054,0.0,2253.9229793984227,0.0,960.5914073994682,0.0,12.428556225143886,0.0,12.04051411002307,0.0,8.910203475918493,0.0
Grees,295.9098039215686,0.0,15.754356665405034,0.0,324.3868241665382,0.0,152.0,0.0,96.28546730271349,0.0,11.12184743544823,0.0,12.328828005937952,0.0,7.916795301445254,0.0,735.2074562830865,0.0,90.13434847105269,0.0,60.73567555371778,0.0,3.094622162263309,0.0,8.628881187419221,0.0,1620.486058704596,0.0,662.6916014536622,0.0,11.121847443431186,0.0,9.545174212531258,0.0,6.763916103550833,0.0
Grehe,329.68627450980387,0.0,16.678811722564042,0.0,335.49327345422523,0.0,180.0,0.0,114.9529306476824,0.0,11.612521158188365,0.0,13.416407864998739,0.0,8.699632627745856,0.0,736.6454361089778,0.0,101.0383507672721,0.0,70.06148931177721,0.0,4.120629651565533,0.0,10.251525710447252,0.0,1575.9179959378987,0.0,785.2368020579585,0.0,11.612521162701244,0.0,10.665308074790925,0.0,7.629292972696922,0.0
Greif,285.56470588235294,0.0,15.574802450020686,0.0,361.71353192247705,0.0,215.0,0.0,139.98114294044785,0.0,12.43946171510148,0.0,14.66287829861518,0.0,9.67885505707541,0.0,742.490373146651,0.0,151.60928469458494,0.0,116.67589992856095,0.0,4.700232646370139,0.0,14.60122609257061,0.0,2922.2552455801415,0.0,1280.6642906452712,0.0,12.439461752292473,0.0,11.349923037232877,0.0,8.565970663531719,0.0
Grfmm,403.45882352941175,0.0,18.420350479921726,0.0,482.08697075966757,0.0,360.0,0.0,256.6149128135356,0.0,16.04103320779958,0.0,18.973665961010276,0.0,13.812242498480877,0.0,909.6329322872165,0.0,573.3355613512609,0.0,440.4424573858353,0.0,12.949387466750466,0.0,15.164604351555745,0.0,3740.795436726613,0.0,1833.020411416434,0.0,16.041033216837135,0.0,16.343711607293418,0.0,12.884482402383107,0.0
Grgxn,359.84705882352944,0.0,17.389054700461,0.0,375.9668119099488,0.0,238.0,0.0,157.2525996657782,0.0,12.936418864601052,0.0,15.427248620541512,0.0,10.370641149042203,0.0,2330.7477061734066,0.0,259.2659798109987,0.0,189.95649720759,0.0,4.211030999424737,0.0,41.773826500989124,0.0,5175.2658750657565,0.0,766.8876692469025,0.0,12.936418866623,0.0,12.292451283109878,0.0,9.249375532753305,0.0
Griff,282.89803921568625,0.0,15.503175004405522,0.0,379.693779915934,0.0,236.0,0.0,156.26252480339565,0.0,13.01932816056898,0.0,15.362291495737216,0.0,10.30902951580198,0.0,744.8293044920205,0.0,167.63040674477097,0.0,129.95190832812082,0.0,4.899320880579326,0.0,14.718264228532888,0.0,1796.882999416431,0.0,974.3086497769364,0.0,13.019328181729035,0.0,11.858276125142366,0.0,9.19933995703603,0.0
Grill,270.53725490196075,0.0,15.326841311586094,0.0,382.5785728362689,0.0,244.0,0.0,165.7729342652667,0.0,13.309182288197276,0.0,15.620499351813308,0.0,10.778409249921545,0.0,740.5291233660963,0.0,136.3481475996902,0.0,106.46469123972952,0.0,5.469436268911749,0.0,10.33272603067565,0.0,2600.7126946515937,0.0,1810.7171872130027,0.0,13.309182335608826,0.0,11.912058190337408,0.0,9.781667922281091,0.0
Grips,306.62745098039215,0.0,16.089796079194105,0.0,356.57519768474697,0.0,198.0,0.0,131.95359855080693,0.0,12.35045905642428,0.0,14.071247279470288,0.0,9.53089618106907,0.0,834.131759676882,0.0,174.1258554254492,0.0,148.36666876724803,0.0,4.524859686315161,0.0,11.560188091600393,0.0,2220.746723760978,0.0,726.1212499125908,0.0,12.350459069104108,0.0,11.11786185525591,0.0,8.515429181845594,0.0
Grjtj,280.44705882352946,0.0,15.490394637595603,0.0,404.9533539589616,0.0,262.0,0.0,179.68685980243743,0.0,13.82853885551298,0.0,16.186414056238647,0.0,11.297683168948817,0.0,71984.82823060214,0.0,4200.361984298597,0.0,3632.3500978621314,0.0,5.396302394805888,0.0,46.8563123828216,0.0,3747.93909786913,0.0,921.5484982010315,0.0,13.828538853702378,0.0,12.738114936199635,0.0,10.281652456525205,0.0
Grlnr,290.6470588235294,0.0,15.727110082329645,0.0,354.0516550445056,0.0,204.0,0.0,133.90517395447807,0.0,12.304074731533284,0.0,14.2828568570857,0.0,9.50879910705964,0.0,736.7083102524235,0.0,107.77271058856596,0.0,77.05955113025134,0.0,4.227633602692164,0.0,10.656979754325834,0.0,2061.247174808721,0.0,1225.1796169053086,0.0,12.304074739468545,0.0,10.894348174055901,0.0,8.497840208833892,0.0
Grobe,334.02745098039213,0.0,16.79121307712183,0.0,340.72725498295125,0.0,190.0,0.0,123.20263219703364,0.0,11.818651143137597,0.0,13.784048752090222,0.0,9.084514809215023,0.0,738.3352513818853,0.0,121.06701517184915,0.0,85.718276622843,0.0,3.992280723067455,0.0,10.768952101105633,0.0,2388.1556640919935,0.0,794.7655055918921,0.0,11.818651150576812,0.0,11.168322449671379,0.0,8.030537593473262,0.0
Groll,292.3529411764706,0.0,15.829966375450855,0.0,373.49189931239044,0.0,234.0,0.0,158.14187056069858,0.0,13.007374057288883,0.0,15.297058540778355,0.0,10.507457311585545,0.0,740.8337589230334,0.0,138.2146622696942,0.0,107.55694494109784,0.0,4.353508020997408,0.0,10.557109681775666,0.0,2628.4533627085298,0.0,1862.6003026647022,0.0,13.007374097178303,0.0,11.907339828466393,0.0,9.498702207039715,0.0
Gruft,292.4745098039216,0.0,15.767687260763664,0.0,360.60055748583454,0.0,226.0,0.0,145.07252850196943,0.0,12.437743737055992,0.0,15.033296378372908,0.0,9.782401603619459,0.0,738.1274374235385,0.0,123.49908534770678,0.0,88.41078984057488,0.0,5.014312753427957,0.0,11.448612098401751,0.0,2248.5176410890112,0.0,1065.9706758140442,0.0,12.437743752426137,0.0,11.62358272825725,0.0,8.658543287340892,0.0
Gruie,296.32156862745103,0.0,15.884468510758584,0.0,340.0328614276503,0.0,199.0,0.0,125.0034952876924,0.0,11.75791895075371,0.0,14.106735979665885,0.0,8.98226022779695,0.0,735.6720819779903,0.0,99.27663565912964,0.0,66.38711594835188,0.0,3.615304466504646,0.0,9.615170684814416,0.0,3281.1855040513456,0.0,1379.501701575393,0.0,11.75791898733318,0.0,10.884660953730648,0.0,7.909695578944395,0.0
Grund,350.6392156862745,0.0,17.284559628115204,0.0,351.2641772831936,0.0,224.0,0.0,144.88571027474666,0.0,12.287931166169194,0.0,14.966629547095765,0.0,9.862408057343142,0.0,1161.9891522901792,0.0,182.822344982916,0.0,157.54730519453014,0.0,6.987008665540745,0.0,11.791662024214643,0.0,2555.6403383087345,0.0,1361.229772062293,0.0,12.287931176842262,0.0,12.23898689338695,0.0,8.925965069514646,0.0
Grömm,424.4901960784314,0.0,18.83647716459525,0.0,476.974670165465,0.0,355.0,0.0,253.3394662174384,0.0,15.915977053673336,0.0,18.841443681416774,0.0,13.738651566978863,0.0,913.85158657037,0.0,578.2896198044533,0.0,446.17005116114996,0.0,12.57518533187448,0.0,21.13435095650528,0.0,5111.313778340032,0.0,3184.8489346192805,0.0,15.915977059617894,0.0,16.41030569715347,0.0,12.820091213382947,0.0
Größe,361.6627450980392,0.0,17.329674886740463,0.0,366.47208899255713,0.0,217.0,0.0,145.3736958476078,0.0,12.67749219322406,0.0,14.730919862656235,0.0,10.049367990360047,0.0,758.0999017476198,0.0,226.24605119147782,0.0,177.47337319965558,0.0,5.601899916807949,0.0,22.73821191380129,0.0,4935.329338236317,0.0,3433.444812119861,0.0,12.677492200765178,0.0,12.10833516671551,0.0,9.008390514837524,0.0
Gschr,307.91764705882355,0.0,15.998705733888414,0.0,339.8110976126649,0.0,175.0,0.0,113.76016473503881,0.0,11.718535784364752,0.0,13.228756555322953,0.0,8.72077450923371,0.0,739.3862697499078,0.0,114.2858083549615,0.0,81.8817739738303,0.0,4.218036244945916,0.0,14.216025437443903,0.0,1283.878838340335,0.0,628.0997347334588,0.0,11.718535788459402,0.0,10.237545987434606,0.0,7.606490949470354,0.0
Gsglb,369.16078431372546,0.0,17.715233020450455,0.0,388.7339674903417,0.0,257.0,0.0,175.32511169964295,0.0,13.429482640378966,0.0,16.0312195418814,0.0,11.149088649847714,0.0,2333.4237970288646,0.0,290.38386250507176,0.0,214.06093787974305,0.0,4.886629922652473,0.0,19.72490258771209,0.0,2423.0556049956595,0.0,1747.8168375736798,0.0,13.429482676906774,0.0,13.325402115275192,0.0,10.149027879397469,0.0
Gsvwx,334.964705882353,0.0,16.70341231854825,0.0,395.7793865226114,0.0,265.0,0.0,179.5957925342791,0.0,13.618056349170889,0.0,16.278820596099706,0.0,11.207856035833448,0.0,2774.8742746048924,0.0,450.21658847061246,0.0,354.8589693415573,0.0,3.74006052176018,0.0,29.172043729200237,0.0,3582.8278390823234,0.0,1146.5390840212272,0.0,13.618056349589418,0.0,12.61158822155594,0.0,10.06486926013482,0.0
Gtrts,261.61960784313726,0.0,14.861781230063158,0.0,350.3668686034249,0.0,193.0,0.0,127.19435117018062,0.0,12.152369146798774,0.0,13.892443989449804,0.0,9.278116227061838,0.0,736.9449181887104,0.0,110.25990995054012,0.0,77.72787455254539,0.0,6.21989572356635,0.0,11.526392850647195,0.0,3969.981252306789,0.0,1473.9644278536784,0.0,12.152369145079003,0.0,10.802335854351659,0.0,8.17695657846731,0.0
Gullu,318.5686274509804,0.0,16.626447897971474,0.0,362.03410706427735,0.0,224.0,0.0,149.11591439825253,0.0,12.660092250738652,0.0,14.966629547095765,0.0,10.112191264200403,0.0,737.7707926709869,0.0,116.71880061044024,0.0,86.83558951721092,0.0,4.102469327932315,0.0,12.136087240095524,0.0,2522.3169626627296,0.0,1774.135025184686,0.0,12.660092298178144,0.0,11.717587914852398,0.0,9.150664878209886,0.0
Gunst,313.92549019607844,0.0,16.30791138853192,0.0,332.0833817927552,0.0,175.0,0.0,111.83093276963785,0.0,11.501369211621963,0.0,13.228756555322953,0.0,8.557515942227012,0.0,735.6263293951276,0.0,92.5657707117119,0.0,62.669129490914244,0.0,7.0761364362399775,0.0,9.00161543299971,0.0,1686.7452952687768,0.0,461.68281866677927,0.0,11.501369212110074,0.0,10.24482770070707,0.0,7.41325377905416,0.0
Gusto,308.5921568627451,0.0,16.11943742739735,0.0,335.5579455904622,0.0,178.0,0.0,115.5710593310705,0.0,11.640448255958303,0.0,13.341664064126334,0.0,8.77090913276116,0.0,737.4284185547119,0.0,107.66136894604463,0.0,74.22393806945664,0.0,5.133122488332708,0.0,9.810756491540946,0.0,3734.362937604298,0.0,810.9698383295456,0.0,11.640448252819436,0.0,10.594101412812593,0.0,7.659918224203753,0.0
Gvngs,360.05882352941177,0.0,17.37711133825556,0.0,367.6987046890891,0.0,222.0,0.0,147.5491572919952,0.0,12.657279137537016,0.0,14.89966442575134,0.0,10.074637810132643,0.0,2484.8304537415124,0.0,310.315766535558,0.0,218.51797730817285,0.0,5.058037308888875,0.0,23.308335234836605,0.0,3471.6866123312175,0.0,1359.1008959948742,0.0,12.657279139924643,0.0,11.917871131025965,0.0,8.996287581284681,0.0
Gvrtg,324.1294117647059,0.0,16.528714892387992,0.0,385.5847923803978,0.0,247.0,0.0,165.61583097785442,0.0,13.231536534953051,0.0,15.716233645501712,0.0,10.722308878074113,0.0,4260.449626788876,0.0,462.6020724758012,0.0,343.82212856179956,0.0,7.2676760501479105,0.0,24.27433213389607,0.0,4038.2745229218726,0.0,1477.1947897259279,0.0,13.231536532669292,0.0,12.480633132782161,0.0,9.646553313979615,0.0
Gzckr,312.90980392156865,0.0,16.159295457441576,0.0,355.9598407723274,0.0,185.0,0.0,122.5289314899855,0.0,12.224401236217478,0.0,13.601470508735444,0.0,9.14091227016455,0.0,742.9416056891978,0.0,152.70573242344145,0.0,114.78405843148332,0.0,4.278289205210595,0.0,22.196773062651985,0.0,1400.3311113870298,0.0,2131.899218724611,0.0,12.224401230886691,0.0,10.211076883399782,0.0,7.980083957176598,0.0
Gztzm,348.4666666666667,0.0,17.23015203581325,0.0,418.6828677719212,0.0,268.0,0.0,187.52048092264624,0.0,14.28107251866681,0.0,16.3707055437449,0.0,11.686453608078235,0.0,865.9103017359671,0.0,488.5451929388416,0.0,379.16384521630425,0.0,8.682956390251402,0.0,23.58203241320979,0.0,3105.4056126236724,0.0,1382.6371001575328,0.0,14.281072518995385,0.0,13.654588658435117,0.0,10.646250913103884,0.0
Gägän,401.0588235294117,0.0,18.26708003472372,0.0,360.3492947061784,0.0,215.0,0.0,143.8159883697381,0.0,12.517266045115644,0.0,14.66287829861518,0.0,9.99899278068152,0.0,2334.688233034857,0.0,306.35783478513156,0.0,232.1564181623969,0.0,4.017860482127481,0.0,27.64836311051566,0.0,4542.747812005028,0.0,1663.2006508250904,0.0,12.517266049440265,0.0,12.493056747755478,0.0,9.036860420352673,0.0
Gäsäs,331.0705882352941,0.0,16.48333540339337,0.0,330.4301180034174,0.0,156.0,0.0,103.78795182674446,0.0,11.466593432779876,0.0,12.489995996796797,0.0,8.443291483858903,0.0,749.8942815482662,0.0,197.28449367639067,0.0,154.8772532055088,0.0,3.45065647452463,0.0,27.304100704803282,0.0,4506.784870678036,0.0,1704.8226697423188,0.0,11.466593436536149,0.0,10.300939282252282,0.0,7.394023806671484,0.0
Gäule,333.1058823529412,0.0,16.8185485565154,0.0,339.24735821906927,0.0,191.0,0.0,123.66218950198815,0.0,11.830537598763781,0.0,13.820274961085254,0.0,9.105440362586354,0.0,738.3687747503511,0.0,127.7453658256283,0.0,91.88537133244287,0.0,4.00027568806753,0.0,11.5091158032641,0.0,2932.8305814722967,0.0,1896.553209461359,0.0,11.830537642481845,0.0,11.138280195548766,0.0,8.120332566144032,0.0
Gören,333.7450980392157,0.0,16.72918148816998,0.0,330.3590746005133,0.0,163.0,0.0,105.38659172329253,0.0,11.436915270327416,0.0,12.767145334803704,0.0,8.370602318313372,0.0,737.513268120001,0.0,107.8266641179855,0.0,78.18310761373128,0.0,3.715255131857898,0.0,12.708745390173965,0.0,2010.4541495640187,0.0,1526.6448020960252,0.0,11.43691527664657,0.0,10.22080323195619,0.0,7.271587872997601,0.0
Götze,318.5843137254902,0.0,16.413322951770247,0.0,341.33924646273306,0.0,169.0,0.0,111.1391217370882,0.0,11.787977398259546,0.0,13.0,0.0,8.674525897945806,0.0,739.2459902497766,0.0,121.86471083464187,0.0,90.9968578966379,0.0,4.401973134993494,0.0,14.820602554376531,0.0,3167.742385432174,0.0,1501.629989992378,0.0,11.78797739748626,0.0,10.30550576727395,0.0,7.4796431950726046,0.0
Hacke,361.25882352941176,0.0,17.52304880787759,0.0,334.6884113138562,0.0,183.0,0.0,116.43794899207063,0.0,11.55661260288603,0.0,13.527749258468683,0.0,8.735586006509198,0.0,727.4776991146211,0.0,119.01204179660725,0.0,81.72736671511517,0.0,4.744645611791612,0.0,9.03689892698249,0.0,1244.4146888937053,0.0,2123.600892127804,0.0,11.556612597224424,0.0,10.811318522324358,0.0,7.7381477574143664,0.0
Hafen,358.34509803921566,0.0,17.572252777213347,0.0,334.7216542075996,0.0,198.0,0.0,124.93021762195147,0.0,11.629964461730113,0.0,14.071247279470288,0.0,8.9979564158485,0.0,726.8735622941641,0.0,115.89928969358687,0.0,85.83657078793526,0.0,4.752737834383908,0.0,11.665890810728976,0.0,2142.9149307626353,0.0,1789.4164759587259,0.0,11.629964469900782,0.0,11.477506590068296,0.0,8.082862780463989,0.0
Hafer,331.2745098039216,0.0,16.878627723181836,0.0,338.3204852421486,0.0,189.0,0.0,119.80981795995277,0.0,11.677221140710426,0.0,13.74772708486752,0.0,8.836514854775585,0.0,727.0085000693203,0.0,115.5475567965771,0.0,85.85285694887189,0.0,9.547733087829613,0.0,11.854671982965378,0.0,2145.1775235539394,0.0,1789.464332913231,0.0,11.677221148402122,0.0,10.922222675681189,0.0,7.849435425999453,0.0
Hahft,355.50588235294117,0.0,17.513287315716745,0.0,359.3088258241472,0.0,238.0,0.0,153.19289900732406,0.0,12.48904299693716,0.0,15.427248620541512,0.0,10.075503610136343,0.0,728.445902379721,0.0,124.9531771072424,0.0,92.21251460793664,0.0,9.128132659288815,0.0,11.708528447485856,0.0,1204.9862341859287,0.0,814.0200962763652,0.0,12.48904301622556,0.0,12.462935785388748,0.0,9.086310226746608,0.0
Hahir,343.4666666666667,0.0,17.20784224355191,0.0,348.35264664037106,0.0,222.0,0.0,141.20607538072346,0.0,12.129227067665763,0.0,14.89966442575134,0.0,9.613372986829757,0.0,726.2455265764055,0.0,104.59535658491757,0.0,73.89936609059785,0.0,10.58586523084599,0.0,10.104000546891836,0.0,2677.984545448802,0.0,1196.0803530312862,0.0,12.129227106387154,0.0,11.857895996510033,0.0,8.668282691104274,0.0
Haine,345.0470588235295,0.0,17.286319436972327,0.0,327.1721464959375,0.0,189.0,0.0,118.08800987006383,0.0,11.38560951620529,0.0,13.74772708486752,0.0,8.69427935189765,0.0,724.2614194824529,0.0,89.01755030292145,0.0,60.68637914952621,0.0,5.333343121250114,0.0,8.055857343402693,0.0,1938.5131634189004,0.0,1242.538764762809,0.0,11.385609526339467,0.0,11.022348815648696,0.0,7.78612854908463,0.0
Halle,332.1333333333333,0.0,17.07417474699852,0.0,353.5559456606549,0.0,222.0,0.0,145.56553090739277,0.0,12.386653707270868,0.0,14.89966442575134,0.0,9.933574202652487,0.0,726.7347413775174,0.0,111.60819281960713,0.0,84.74211520312684,0.0,7.6120535957176925,0.0,7.910025511226103,0.0,2383.4672120306427,0.0,1760.007185032677,0.0,12.386653755865733,0.0,11.883432979214613,0.0,9.040033036631693,0.0
Halme,391.94509803921574,0.0,18.40495729152148,0.0,399.7202114936573,0.0,277.0,0.0,188.54118052012228,0.0,13.821904812815543,0.0,16.64331697709324,0.0,11.569314642632046,0.0,779.7801648169653,0.0,323.27292913969507,0.0,243.6144702221899,0.0,3.982239593306008,0.0,9.282216572073526,0.0,3265.24307282597,0.0,661.8729856801064,0.0,13.821904816621528,0.0,14.076544654762547,0.0,10.719844131519086,0.0
Hanoi,350.8980392156863,0.0,17.386757788766392,0.0,336.6829833186184,0.0,214.0,0.0,134.59919603253599,0.0,11.73926468655844,0.0,14.628738838327793,0.0,9.32699672529209,0.0,725.9350063826939,0.0,107.65001952528429,0.0,74.60681342326599,0.0,8.128455101631674,0.0,9.815433866563014,0.0,1717.040908612253,0.0,370.6185270398366,0.0,11.739264690503298,0.0,11.838312180015988,0.0,8.413784373203667,0.0
Hansa,353.99607843137255,0.0,17.35547383755642,0.0,319.4809477529118,0.0,185.0,0.0,113.8316012126999,0.0,11.099119975205817,0.0,13.601470508735444,0.0,8.472151555278352,0.0,724.5436038963647,0.0,90.81539106133813,0.0,61.8219037829638,0.0,6.489230702629243,0.0,8.821775226773513,0.0,1473.1823504198956,0.0,410.51737618099736,0.0,11.099119976457244,0.0,11.059099556361565,0.0,7.48369096956609,0.0
Hanse,352.72549019607845,0.0,17.38436326474809,0.0,318.0425111969594,0.0,174.0,0.0,106.96969058861285,0.0,10.999036154689366,0.0,13.19090595827292,0.0,8.21528965936103,0.0,724.4212676220715,0.0,86.55941738344848,0.0,59.249349340749006,0.0,6.68842884443285,0.0,8.27392135773038,0.0,1471.9489239771451,0.0,404.1527456483025,0.0,10.999036155935084,0.0,10.6330321762313,0.0,7.198094679069362,0.0
Hapar,361.8941176470588,0.0,17.57798464049648,0.0,338.91665870258225,0.0,198.0,0.0,127.09948273953619,0.0,11.802678663780663,0.0,14.071247279470288,0.0,9.191216633085542,0.0,838.1596832534658,0.0,178.0648479751022,0.0,154.54959725995909,0.0,8.29565670301292,0.0,11.72181738437979,0.0,3167.060846722187,0.0,1173.7512926981137,0.0,11.80267866460325,0.0,11.432532027584818,0.0,8.217935627748389,0.0
Harem,384.90588235294115,0.0,18.148964105868664,0.0,390.03009748577915,0.0,251.0,0.0,170.55656874893694,0.0,13.454232846925493,0.0,15.84297951775486,0.0,11.01216338484043,0.0,851.2928955776856,0.0,475.62107312381545,0.0,367.56519183694326,0.0,6.8521474875612025,0.0,10.000796296022678,0.0,1804.0631849968654,0.0,1397.6299608357526,0.0,13.45423285107723,0.0,13.597406689040874,0.0,10.13665343389135,0.0
Hasen,352.72549019607845,0.0,17.38436326474809,0.0,319.7966569747803,0.0,173.0,0.0,108.01675238180042,0.0,11.094380055696629,0.0,13.152946437965905,0.0,8.31677486285752,0.0,724.4929424110284,0.0,88.83979026734812,0.0,61.2029986626226,0.0,5.055957663635179,0.0,8.182196513448707,0.0,1111.796513500199,0.0,664.4745279790201,0.0,11.09438006207653,0.0,10.72396600104151,0.0,7.3500969072635165,0.0
Hatar,318.06666666666666,0.0,16.50596527494905,0.0,332.5368993528844,0.0,191.0,0.0,120.45774338373633,0.0,11.547523352970325,0.0,13.820274961085254,0.0,8.820029418924259,0.0,724.7524802380985,0.0,95.64870327131018,0.0,65.73546052772777,0.0,9.887077880366013,0.0,9.158739238069884,0.0,3352.396328273229,0.0,1685.1663613913422,0.0,11.547523352938406,0.0,10.927185601088999,0.0,7.816825984766722,0.0
Haube,381.89803921568625,0.0,18.17691604251417,0.0,330.4488041726378,0.0,204.0,0.0,127.12160183362806,0.0,11.518846702167702,0.0,14.2828568570857,0.0,9.047733143860171,0.0,726.4522332682257,0.0,111.15826439214422,0.0,79.0601712247705,0.0,3.502896944305191,0.0,10.30419665621683,0.0,2607.0457212328583,0.0,778.7022553665906,0.0,11.518846708712044,0.0,11.858136153594716,0.0,8.108916761190658,0.0
Hauen,369.10196078431375,0.0,17.847294926077534,0.0,319.6110414591258,0.0,192.0,0.0,116.7494812547069,0.0,11.102469479883162,0.0,13.856406460551018,0.0,8.525596080681487,0.0,723.9613498353519,0.0,87.64943561794365,0.0,58.778909227226926,0.0,4.095718419746499,0.0,8.36074609468534,0.0,2066.8409930603048,0.0,826.7401359627787,0.0,11.10246948640072,0.0,11.329634493912963,0.0,7.611196675489517,0.0
Hblhs,380.8941176470588,0.0,18.20271430723207,0.0,366.18817833067305,0.0,237.0,0.0,158.25955973467427,0.0,12.836563300350573,0.0,15.394804318340652,0.0,10.464218922474636,0.0,732.1219678233225,0.0,148.63027835876747,0.0,114.91311991048433,0.0,6.7252946947689,0.0,16.928442603964154,0.0,1332.801458004084,0.0,704.9591052284263,0.0,12.836563302262757,0.0,12.672219527885188,0.0,9.572697843559064,0.0
Hbrst,331.2196078431373,0.0,16.94487114758862,0.0,355.53059827813814,0.0,214.0,0.0,139.97347150342983,0.0,12.354097961815981,0.0,14.628738838327793,0.0,9.72915555936018,0.0,730.474325409041,0.0,139.27497125565318,0.0,105.54358659065498,0.0,13.087107574670394,0.0,15.912082695645324,0.0,1761.9287994256692,0.0,1365.1620881819376,0.0,12.35409796174978,0.0,11.657352417423832,0.0,8.650615758848536,0.0
Hcrtx,304.278431372549,0.0,16.186771764668716,0.0,358.92713997618864,0.0,230.0,0.0,146.0177326389733,0.0,12.360068969875194,0.0,15.165750888103101,0.0,9.7566992716611,0.0,727.7795388816768,0.0,111.81647757735304,0.0,77.23197819945017,0.0,8.850724033239617,0.0,23.347947021808274,0.0,3897.8934800023317,0.0,1445.1452686644077,0.0,12.36006896652012,0.0,11.798562691554125,0.0,8.673162971992529,0.0
Hebel,363.6901960784314,0.0,17.858998767729805,0.0,353.9867156390289,0.0,218.0,0.0,143.47017221317788,0.0,12.362038518138005,0.0,14.7648230602334,0.0,9.90187375067101,0.0,729.7276605352324,0.0,132.05781330884406,0.0,103.66291381005331,0.0,7.399697698617672,0.0,10.032846816645261,0.0,1281.7403616491395,0.0,525.1601295836219,0.0,12.362038524249337,0.0,12.08434863490184,0.0,8.987260142973572,0.0
Hecke,359.98823529411766,0.0,17.551662414651148,0.0,338.5147214055647,0.0,184.0,0.0,117.00995159457116,0.0,11.636765944950174,0.0,13.564659966250536,0.0,8.754927619203935,0.0,727.5638329963863,0.0,118.74963562421748,0.0,81.63363161136452,0.0,4.8926983737789875,0.0,9.268223570100956,0.0,1196.7737906790123,0.0,2115.8056910566506,0.0,11.636765939453733,0.0,10.721671437268908,0.0,7.723528047453874,0.0
Hecks,351.7019607843137,0.0,17.299330502431943,0.0,341.8325018290376,0.0,185.0,0.0,118.87946265384815,0.0,11.750275491888988,0.0,13.601470508735444,0.0,8.866086173207806,0.0,727.6816031899176,0.0,119.74080337383222,0.0,82.5959861388092,0.0,5.821400566764508,0.0,9.443905290112044,0.0,1198.5704015038368,0.0,2115.8677024197177,0.0,11.750275485685881,0.0,10.711997255939913,0.0,7.828332416111905,0.0
Hehen,385.2313725490196,0.0,18.25384087394453,0.0,332.2690367238708,0.0,200.0,0.0,124.96946975403083,0.0,11.551311009000466,0.0,14.142135623730951,0.0,8.964011403837112,0.0,725.600786992159,0.0,96.47911535084148,0.0,68.26906231422338,0.0,3.6701938857757948,0.0,8.964423996572151,0.0,1137.8866216222982,0.0,491.003611152125,0.0,11.551311017200106,0.0,11.587579163750894,0.0,8.048256071688021,0.0
Heibe,356.5725490196079,0.0,17.65488018395709,0.0,343.5168217638144,0.0,206.0,0.0,131.87808311263348,0.0,11.935321110129669,0.0,14.352700094407323,0.0,9.334084076640497,0.0,726.8859450871304,0.0,112.93999574762204,0.0,81.01979445424948,0.0,5.032963226578824,0.0,10.082335930362209,0.0,2166.387072556614,0.0,586.5766125773157,0.0,11.93532111733152,0.0,11.631371162589828,0.0,8.380911514474874,0.0
Heime,383.55686274509804,0.0,18.234500931515875,0.0,396.4019467459298,0.0,269.0,0.0,180.9058440173538,0.0,13.6296331194557,0.0,16.401219466856727,0.0,11.259890934868045,0.0,779.0157609853748,0.0,320.62773339186464,0.0,240.78804779167558,0.0,4.505957148033827,0.0,9.293569806128948,0.0,3288.569615583945,0.0,715.9576283704974,0.0,13.629633126592413,0.0,13.73191542872774,0.0,10.371316023453103,0.0
Hende,386.90980392156865,0.0,18.3484576390399,0.0,335.70905907729815,0.0,210.0,0.0,132.36003919948752,0.0,11.719488397076205,0.0,14.491376746189438,0.0,9.305133499865951,0.0,836.365959028986,0.0,122.64417193910741,0.0,97.29761702683612,0.0,3.178905595415326,0.0,8.695267102808907,0.0,2159.369264071668,0.0,1128.1576872179303,0.0,11.719488395807103,0.0,12.020899524076214,0.0,8.429842331965874,0.0
Hepft,355.42745098039217,0.0,17.589909204014084,0.0,368.369973786017,0.0,237.0,0.0,155.04717733988804,0.0,12.73089121693494,0.0,15.394804318340652,0.0,10.244229437058982,0.0,840.4867897616836,0.0,192.62923359375165,0.0,165.30331945143658,0.0,9.206728223719,0.0,12.935111953114175,0.0,1007.1434660890969,0.0,762.2039188793451,0.0,12.730891233622993,0.0,12.418304127337564,0.0,9.215706763609548,0.0
Hertz,312.80784313725485,0.0,16.52095101306245,0.0,348.7900794518554,0.0,206.0,0.0,130.76656812800854,0.0,12.032806804687405,0.0,14.352700094407323,0.0,9.242886740121024,0.0,727.6297355970466,0.0,120.27682501729677,0.0,89.86008459277917,0.0,9.809824693887464,0.0,14.218225064267745,0.0,3892.3276607531147,0.0,1443.1779184964998,0.0,12.032806801468785,0.0,11.31541254783931,0.0,8.169867713104793,0.0
Heudu,391.9058823529412,0.0,18.49603592306629,0.0,346.260176883638,0.0,239.0,0.0,149.88607851236205,0.0,12.087173333226254,0.0,15.459624833740307,0.0,9.865539821561962,0.0,836.6687824903356,0.0,127.98681774356731,0.0,100.02887278211838,0.0,2.903816396989109,0.0,12.47242492901415,0.0,2594.6432860961622,0.0,1315.977515516809,0.0,12.087173330339102,0.0,12.75814767177833,0.0,8.978630299852222,0.0
Heueu,364.7372549019608,0.0,17.817159283582857,0.0,326.3438407939223,0.0,197.0,0.0,119.43867709826515,0.0,11.249024657736337,0.0,14.035668847618199,0.0,8.60794583199501,0.0,724.196588576861,0.0,89.2573622175577,0.0,59.7966716474956,0.0,4.471990007746823,0.0,11.90683631047412,0.0,2039.4897758655727,0.0,807.0915243651181,0.0,11.249024664220588,0.0,11.314428021183074,0.0,7.63675178735865,0.0
Heums,399.32549019607836,0.0,18.531381573894954,0.0,390.47801966993467,0.0,269.0,0.0,178.59087640012592,0.0,13.435494691272046,0.0,16.401219466856727,0.0,11.12737680279872,0.0,778.8016042810581,0.0,320.2762158250577,0.0,240.43278061874773,0.0,3.737781344926338,0.0,9.895321872654515,0.0,3578.8055019672947,0.0,861.4101401458735,0.0,13.435494695074597,0.0,13.847540454813489,0.0,10.221688071102061,0.0
Hgbgn,468.1843137254902,0.0,20.0770890329477,0.0,400.75618863268613,0.0,286.0,0.0,192.98719483387373,0.0,13.747177967268275,0.0,16.911534525287763,0.0,11.662235800431796,0.0,4347.960334811504,0.0,1772.42179043144,0.0,1338.2749920260444,0.0,3.422549705185055,0.0,21.339407499645613,0.0,3269.799351747931,0.0,1373.6060541398683,0.0,13.747177969706268,0.0,14.329750113021678,0.0,10.719558171250812,0.0
Hggvl,419.0196078431373,0.0,19.03016404044858,0.0,424.51204007418653,0.0,310.0,0.0,212.31297308679729,0.0,14.413732524122707,0.0,17.60681686165901,0.0,12.30713395603692,0.0,4263.889639563382,0.0,1774.568554529825,0.0,1340.1433923216382,0.0,9.334022840128158,0.0,24.865256684586488,0.0,1608.5244743521544,0.0,1122.5789197250792,0.0,14.41373252467117,0.0,14.414702071427131,0.0,11.29633706080768,0.0
Hhmhs,442.2156862745098,0.0,19.449273723355663,0.0,410.21851527888975,0.0,287.0,0.0,196.6454487288509,0.0,14.122449047647544,0.0,16.941074346097416,0.0,11.847034947218042,0.0,767.6708929740753,0.0,286.2751265018081,0.0,214.69409673524348,0.0,5.54435870431246,0.0,12.168336847101317,0.0,1166.4908633386144,0.0,1489.893778464721,0.0,14.122449049801467,0.0,14.482750185358496,0.0,10.964219766282017,0.0
Hhmtd,435.035294117647,0.0,19.413084526334426,0.0,430.1008185457845,0.0,327.0,0.0,225.52621911217975,0.0,14.766661077841178,0.0,18.083141320025124,0.0,12.74199942455598,0.0,1182.1251648068178,0.0,324.99506646783,0.0,257.487200196632,0.0,4.592694662711993,0.0,13.788386013925011,0.0,3681.95169023842,0.0,1489.2658690663945,0.0,14.766661072493752,0.0,15.517397406182495,0.0,11.880792746792366,0.0
Hieli,307.7803921568627,0.0,16.525397135336398,0.0,377.0809256154621,0.0,265.0,0.0,174.26963443507685,0.0,13.122039904241323,0.0,16.278820596099706,0.0,10.86587620181221,0.0,727.3517974925908,0.0,119.8810224183966,0.0,88.02665510624595,0.0,10.020777573168113,0.0,9.820192881023146,0.0,2520.3917976276734,0.0,1979.9697672153018,0.0,13.122039943339963,0.0,12.837576157305229,0.0,9.938124343217535,0.0
Hilfe,321.07843137254906,0.0,16.824267546309983,0.0,376.3254559100258,0.0,259.0,0.0,169.97455353888816,0.0,13.06159496732877,0.0,16.09347693943108,0.0,10.719973093841231,0.0,728.3033736618879,0.0,128.38464392008123,0.0,95.95494363361685,0.0,6.341454906823402,0.0,10.952591596107675,0.0,1687.6270746736077,0.0,1234.9308395422959,0.0,13.061594985789469,0.0,12.825519422138044,0.0,9.786771350679931,0.0
Hilin,318.9647058823529,0.0,16.81317840532231,0.0,376.2523299668212,0.0,275.0,0.0,179.73879075518443,0.0,13.153166712275215,0.0,16.583123951777,0.0,10.987502763158398,0.0,726.4043658298002,0.0,113.8034817733175,0.0,81.97956881880468,0.0,7.115420583905997,0.0,9.02315623693542,0.0,2926.72397735477,0.0,1515.2420284481186,0.0,13.153166751170204,0.0,13.189667323294533,0.0,10.125672057667868,0.0
Hilms,366.42352941176466,0.0,17.853817101187648,0.0,426.9819091122617,0.0,319.0,0.0,219.07917540691108,0.0,14.627080602609666,0.0,17.86057109949175,0.0,12.499547545873725,0.0,780.4387673248771,0.0,325.9709606639306,0.0,245.57398390793287,0.0,4.983970868768632,0.0,9.723471026734117,0.0,3385.9628237166894,0.0,1109.9627224338378,0.0,14.627080607118293,0.0,14.914620558876662,0.0,11.638306739612704,0.0
Hirti,283.5960784313726,0.0,15.813525520537684,0.0,373.4890684182262,0.0,257.0,0.0,167.38651505211794,0.0,12.966376764205862,0.0,16.0312195418814,0.0,10.584823095558994,0.0,726.4486388683363,0.0,113.6107211750409,0.0,79.87810788761473,0.0,12.3602666481775,0.0,9.463610975951326,0.0,4008.5805504945697,0.0,1704.257431677664,0.0,12.966376761180946,0.0,12.522076324279942,0.0,9.619851678274225,0.0
Hisin,319.5254901960784,0.0,16.698298471909588,0.0,360.05166314357166,0.0,246.0,0.0,158.6142441005041,0.0,12.561051727143312,0.0,15.684387141358123,0.0,10.24112418714645,0.0,725.6799643929752,0.0,105.1607866221028,0.0,72.99776720859839,0.0,7.046638548016263,0.0,9.460640258183867,0.0,2790.7756550700005,0.0,1546.176768655438,0.0,12.561051761760949,0.0,12.504125039951969,0.0,9.315945213687957,0.0
Hitze,312.7294117647059,0.0,16.584641524215588,0.0,357.447860361273,0.0,226.0,0.0,145.42299352344577,0.0,12.394209559467303,0.0,15.033296378372908,0.0,9.808351609919436,0.0,726.5083276034961,0.0,111.91927222134589,0.0,80.9928304515019,0.0,6.56134868422751,0.0,10.832946752596555,0.0,3167.813623757385,0.0,1633.6040214604577,0.0,12.394209558512738,0.0,11.969110205007276,0.0,8.796662079316548,0.0
Hkstl,339.1921568627451,0.0,17.14902812714172,0.0,385.04258894801103,0.0,261.0,0.0,175.14679668370144,0.0,13.354585654264028,0.0,16.15549442140351,0.0,11.023966921075065,0.0,736.4180495112724,0.0,179.25947769115234,0.0,138.5733991337389,0.0,12.228941956780876,0.0,16.384761366758642,0.0,3652.680628991601,0.0,771.5537550792499,0.0,13.354585651169817,0.0,12.712496766607037,0.0,10.014790216447455,0.0
Hktzg,395.8392156862745,0.0,18.469399653693635,0.0,399.2587654860914,0.0,273.0,0.0,182.82516191386327,0.0,13.64873856963408,0.0,16.522711641858304,0.0,11.274355729219836,0.0,4258.547807661218,0.0,448.20484755428856,0.0,341.26102207444006,0.0,6.592176465114203,0.0,18.63012585997101,0.0,3043.9824030381315,0.0,1364.8958205319777,0.0,13.648738568887532,0.0,13.437238542083703,0.0,10.212265687920759,0.0
Hnbby,413.97647058823526,0.0,18.91007067093352,0.0,373.3990251422041,0.0,257.0,0.0,169.6655203786033,0.0,12.991358654467174,0.0,16.0312195418814,0.0,10.76928327229279,0.0,2391.506095032928,0.0,202.57623744461952,0.0,142.38933420302232,0.0,3.182254356276512,0.0,13.89331718697236,0.0,2049.2628290289313,0.0,458.62331983814454,0.0,12.99135866172218,0.0,13.322899061824897,0.0,9.804036429457755,0.0
Hnnhg,438.6470588235294,0.0,19.431946332123232,0.0,367.40142354614716,0.0,251.0,0.0,163.0653454387392,0.0,12.746462923906147,0.0,15.84297951775486,0.0,10.488886551457018,0.0,4257.124598667171,0.0,427.1956368059341,0.0,324.7247029231829,0.0,4.393081549492178,0.0,14.636952907351683,0.0,1422.6529380594045,0.0,623.9552095597062,0.0,12.746462926848785,0.0,13.198344197467554,0.0,9.571918732222828,0.0
Hobon,395.42352941176466,0.0,18.451213767772487,0.0,341.712822984072,0.0,228.0,0.0,144.93996053054184,0.0,11.973847174652393,0.0,15.0996688705415,0.0,9.746044168523202,0.0,727.6524915810546,0.0,120.88787568059846,0.0,86.29364332983987,0.0,3.4434985689656,0.0,10.221636746372116,0.0,1559.598110054969,0.0,428.291798942176,0.0,11.97384718009301,0.0,12.663987023235984,0.0,8.843342543054664,0.0
Hocke,365.8392156862745,0.0,17.65059093192234,0.0,340.1754314778352,0.0,191.0,0.0,121.99166551929832,0.0,11.735671327291412,0.0,13.820274961085254,0.0,8.954158197998831,0.0,727.9490843241606,0.0,121.82380105527976,0.0,83.68367275658616,0.0,4.895917840686586,0.0,9.265920724565795,0.0,1240.9765772719645,0.0,2116.9039772624324,0.0,11.735671321973921,0.0,10.992708447056817,0.0,7.921314617078079,0.0
Hoden,392.7607843137255,0.0,18.443112656485702,0.0,338.5885433286604,0.0,216.0,0.0,137.88385261856286,0.0,11.88079501216584,0.0,14.696938456699069,0.0,9.546773896544668,0.0,844.9880084306379,0.0,128.8654834409744,0.0,102.63694318149592,0.0,3.6736542998510346,0.0,8.954313685355574,0.0,2023.593280427965,0.0,927.4821092875547,0.0,11.880795009605885,0.0,12.379008848642956,0.0,8.685837444266829,0.0
Hokle,370.4745098039216,0.0,17.889362661214406,0.0,360.9222119634018,0.0,232.0,0.0,151.75921309457271,0.0,12.566670760018967,0.0,15.231546211727817,0.0,10.122785513964631,0.0,729.1798234634299,0.0,138.31974491724603,0.0,99.60501339630653,0.0,6.84749786362275,0.0,10.93295152719055,0.0,3591.7839610023275,0.0,1890.7307633887237,0.0,12.56667080213195,0.0,12.228057654507369,0.0,9.15086094012086,0.0
Hokon,396.35686274509806,0.0,18.386142668176294,0.0,349.4600867140165,0.0,231.0,0.0,147.50757343829645,0.0,12.180607544214622,0.0,15.198684153570664,0.0,9.839456810030473,0.0,728.5616686127503,0.0,136.1611449444695,0.0,94.06376003171437,0.0,3.453587071943152,0.0,11.162618284342557,0.0,3157.432369235424,0.0,856.7616670116091,0.0,12.180607548852805,0.0,12.479643309669486,0.0,8.889423189259452,0.0
Honat,349.71764705882356,0.0,17.344422856617125,0.0,333.57558050068315,0.0,208.0,0.0,130.06515241095707,0.0,11.612344160931904,0.0,14.422205101855956,0.0,9.11925827371728,0.0,724.868517510753,0.0,96.38721451982704,0.0,65.59861580244159,0.0,9.196667211800287,0.0,8.736107639571708,0.0,3336.7018663314134,0.0,1162.404857828962,0.0,11.612344161428238,0.0,11.554322624950503,0.0,8.122237330526733,0.0
Honry,355.98039215686276,0.0,17.43084584219359,0.0,353.78561578562187,0.0,225.0,0.0,143.03360249235268,0.0,12.216777509537263,0.0,15.0,0.0,9.667709700079858,0.0,2390.1606979406324,0.0,179.62181042232928,0.0,121.93408875907782,0.0,6.979037576434349,0.0,9.485292088327212,0.0,4774.190780123232,0.0,362.9237096186585,0.0,12.216777508290122,0.0,11.945515861185953,0.0,8.638135199820745,0.0
Horde,365.6901960784314,0.0,17.78348702058467,0.0,341.9144417177572,0.0,209.0,0.0,133.80048837378777,0.0,11.935317897652624,0.0,14.45683229480096,0.0,9.428482383786005,0.0,836.909628435786,0.0,126.77798190556526,0.0,99.90406183886101,0.0,4.9777108440768325,0.0,8.894596858013637,0.0,2408.5615828031805,0.0,1732.5578101912247,0.0,11.9353178956671,0.0,11.88995080414839,0.0,8.477433251454539,0.0
Hordu,373.7803921568627,0.0,17.993561153464533,0.0,350.83361680070436,0.0,233.0,0.0,149.12029086452063,0.0,12.262049544026725,0.0,15.264337522473747,0.0,9.937992887908607,0.0,837.1706581619915,0.0,131.2401359620203,0.0,102.37776562868594,0.0,4.506931898539102,0.0,12.00309159840658,0.0,2409.6697003798963,0.0,1733.056060502645,0.0,12.262049540575935,0.0,12.542405406614858,0.0,9.010371576736954,0.0
Horet,321.3764705882353,0.0,16.671431383514744,0.0,336.47998990316194,0.0,190.0,0.0,119.98374814058897,0.0,11.629815443917687,0.0,13.784048752090222,0.0,8.814257615134398,0.0,724.9126316479353,0.0,93.37678479927887,0.0,64.10003370767178,0.0,10.846288733140552,0.0,8.178478431482398,0.0,1799.0297019845439,0.0,1387.015404290412,0.0,11.629815448828674,0.0,10.879665297074533,0.0,7.747403818686969,0.0
Hosen,357.3058823529412,0.0,17.51291542957716,0.0,325.2836771387593,0.0,181.0,0.0,113.57046890902814,0.0,11.280778141124161,0.0,13.45362404707371,0.0,8.546065192656155,0.0,724.9662683619633,0.0,92.57257015825691,0.0,63.79186202911363,0.0,5.28577387677388,0.0,8.425700137365666,0.0,1107.7543938687736,0.0,642.4877770399806,0.0,11.280778147011459,0.0,10.906808772367988,0.0,7.542693093235102,0.0
Hotel,328.4156862745098,0.0,16.949754545770297,0.0,352.8159246570716,0.0,214.0,0.0,140.2762378750206,0.0,12.30242498651192,0.0,14.628738838327793,0.0,9.740786344970788,0.0,728.2557470726521,0.0,121.19561259250005,0.0,94.23951849335751,0.0,9.092596075502904,0.0,9.473440908886106,0.0,1530.4231259138082,0.0,1290.920203109913,0.0,12.302424989617998,0.0,11.663302991036547,0.0,8.771047274003788,0.0
Hotto,325.9686274509804,0.0,16.794561650667227,0.0,348.9871276116114,0.0,225.0,0.0,143.91544600216486,0.0,12.144914736635233,0.0,15.0,0.0,9.712534498828449,0.0,727.0875473121527,0.0,112.81564962568639,0.0,78.59436924514726,0.0,8.783299480875788,0.0,9.333929306992877,0.0,3786.263021945085,0.0,1352.0464245557073,0.0,12.144914732028873,0.0,12.114640766511268,0.0,8.717178707885783,0.0
Hpcks,378.3843137254902,0.0,17.94831144957127,0.0,360.1975894474524,0.0,209.0,0.0,139.01341178630292,0.0,12.450750952709926,0.0,14.45683229480096,0.0,9.795690897669806,0.0,1010.4680383594874,0.0,344.1447078988518,0.0,312.96909882093075,0.0,7.170097087057905,0.0,14.167576946656457,0.0,1234.4024192149866,0.0,2117.658868865717,0.0,12.450750947112526,0.0,11.691561447336614,0.0,8.794212917208158,0.0
Hpckt,369.52549019607847,0.0,17.81213898640614,0.0,371.3616932991,0.0,231.0,0.0,153.77456190792407,0.0,12.834583911733457,0.0,15.198684153570664,0.0,10.296787631018741,0.0,1010.6971960241714,0.0,345.3397052071359,0.0,313.6076145439834,0.0,8.878818137397271,0.0,14.113587955030729,0.0,1235.6755419263172,0.0,2118.1583133967256,0.0,12.834583906629655,0.0,12.192218815630925,0.0,9.282213822176535,0.0
Hpmgn,479.61960784313726,0.0,20.296875819009756,0.0,435.5676072384054,0.0,320.0,0.0,222.06239413843423,0.0,14.813279591844893,0.0,17.88854381999832,0.0,12.694430999944757,0.0,2587.1922804387013,0.0,486.0496013555642,0.0,404.49601892212814,0.0,3.518221186346217,0.0,15.298008574035807,0.0,3213.476919906394,0.0,1888.511075769211,0.0,14.81327959210565,0.0,15.460719047341945,0.0,11.770749703742323,0.0
Hpnry,376.81176470588235,0.0,17.978512955875274,0.0,370.48999333176624,0.0,242.0,0.0,158.18583770008027,0.0,12.801961491271484,0.0,15.556349186104045,0.0,10.357822916022112,0.0,2490.749398197475,0.0,368.26913014655264,0.0,325.0485727027245,0.0,8.223648855883088,0.0,14.084863167054216,0.0,4771.921317040958,0.0,366.6112561150483,0.0,12.801961490272198,0.0,12.59982827167685,0.0,9.358334915395806,0.0
Hqjlq,390.84705882352944,0.0,18.577490896574353,0.0,412.3472407825856,0.0,297.0,0.0,206.327634829231,0.0,14.285242128102713,0.0,17.233687939614086,0.0,12.250759720144856,0.0,49050.791331995526,0.0,10895.072816484115,0.0,10529.997018973578,0.0,6.0320733294997355,0.0,81.8183778028393,0.0,2291.2858840696094,0.0,1868.886275364615,0.0,14.285242172893934,0.0,14.438960520998599,0.0,11.414641407558289,0.0
Hqnsx,380.9098039215686,0.0,18.13493106469559,0.0,359.1973578141136,0.0,229.0,0.0,149.56901161676245,0.0,12.509348923015194,0.0,15.132745950421556,0.0,10.082067858498021,0.0,11067.228622231489,0.0,3322.527753199786,0.0,3224.357514049088,0.0,7.615041729877049,0.0,42.399073000824544,0.0,1592.2350831799158,0.0,540.0656486523264,0.0,12.509348923485339,0.0,12.166687486065339,0.0,9.078795916235674,0.0
Hrllt,297.83137254901965,0.0,16.265474931291877,0.0,385.40993674628186,0.0,274.0,0.0,181.09890419612748,0.0,13.38478769697653,0.0,16.55294535724685,0.0,11.110371595106447,0.0,727.8422719243309,0.0,123.2489865696068,0.0,92.77338088029434,0.0,10.902546972189878,0.0,9.675160042215179,0.0,2437.0998718727838,0.0,1770.0596482125547,0.0,13.384787741248594,0.0,12.887066630291121,0.0,10.16068210895086,0.0
Hrmzr,365.0313725490196,0.0,17.736246519480083,0.0,413.8571931870649,0.0,290.0,0.0,195.24480971240223,0.0,14.112243793649375,0.0,17.029386365926403,0.0,11.69874378572869,0.0,764.8100520387449,0.0,283.61440137237366,0.0,211.0138840859085,0.0,7.391619232130968,0.0,13.428252839710304,0.0,2961.246472715244,0.0,1504.367872039728,0.0,14.112243793280332,0.0,14.003432511715964,0.0,10.720924545387945,0.0
Hsjlt,310.9764705882353,0.0,16.53265662565711,0.0,392.30194161652093,0.0,276.0,0.0,184.1772140826594,0.0,13.521219918262148,0.0,16.61324772583615,0.0,11.271202856574885,0.0,12095.021193472934,0.0,822.4352401331023,0.0,732.3292234668833,0.0,10.935057657831344,0.0,21.432550255197054,0.0,2245.531099140927,0.0,1825.278108180238,0.0,13.52121996343606,0.0,13.18625906968561,0.0,10.306736463803677,0.0
Hsttz,303.2627450980392,0.0,16.272245531122746,0.0,361.2661491362347,0.0,237.0,0.0,152.28879574960925,0.0,12.504595238705814,0.0,15.394804318340652,0.0,10.029442624072983,0.0,730.164211387402,0.0,137.89594539283118,0.0,103.71551742516144,0.0,9.521244593027298,0.0,17.26000683454212,0.0,3799.9293252175116,0.0,1348.6060322258797,0.0,12.504595234864091,0.0,12.209385843799847,0.0,8.996929733575593,0.0
Htbtp,364.9294117647059,0.0,17.87276961992647,0.0,384.4186275859638,0.0,283.0,0.0,187.76903564399692,0.0,13.409080731431187,0.0,16.822603841260722,0.0,11.371253171283183,0.0,1438.6032589739461,0.0,381.04517499429227,0.0,357.39721862454434,0.0,4.627369578413161,0.0,19.302186458637816,0.0,3706.3717134811386,0.0,703.4292881086224,0.0,13.40908073125465,0.0,14.078344956386006,0.0,10.477717650854954,0.0
Htfkn,364.84313725490193,0.0,17.75374851441116,0.0,381.2870711881051,0.0,271.0,0.0,177.97816977265893,0.0,13.23430098848168,0.0,16.46207763315433,0.0,10.966400140153588,0.0,731.3785791062322,0.0,157.58382319792375,0.0,115.08477177366984,0.0,4.183305667423184,0.0,15.376115006482797,0.0,2233.6557025001966,0.0,2742.958035020049,0.0,13.234300989593674,0.0,13.29679770111198,0.0,10.039704063917847,0.0
Htnbn,377.7607843137255,0.0,18.149735186801454,0.0,358.20224803124927,0.0,257.0,0.0,165.18584849883706,0.0,12.574868650913606,0.0,16.0312195418814,0.0,10.464081825658768,0.0,728.2231721983254,0.0,129.1035369544535,0.0,93.57901221586057,0.0,3.5077389824866203,0.0,13.409485185167922,0.0,2176.629879085861,0.0,426.0999044017343,0.0,12.574868658354472,0.0,13.280854011591048,0.0,9.589989255310387,0.0
Htscr,293.75686274509803,0.0,15.881748717627827,0.0,348.7014751102147,0.0,200.0,0.0,129.0093457843002,0.0,12.02613224539212,0.0,14.142135623730951,0.0,9.25094715937574,0.0,727.2743997754811,0.0,107.85748416229191,0.0,77.43080966809907,0.0,11.274189296080698,0.0,13.492852444662873,0.0,1217.3393172487677,0.0,664.3404970613052,0.0,12.02613224643419,0.0,11.081897038464154,0.0,8.207633972953403,0.0
Htstr,290.09411764705885,0.0,15.874397426557206,0.0,361.18218070100147,0.0,231.0,0.0,149.79691911460998,0.0,12.522912539396161,0.0,15.198684153570664,0.0,9.992247876542375,0.0,726.8779456667022,0.0,114.44178936913744,0.0,82.08712267608725,0.0,11.802359581892816,0.0,12.590037664663882,0.0,3643.4747190215026,0.0,795.9636521311734,0.0,12.522912537469335,0.0,11.928403974482945,0.0,8.967798170330317,0.0
Hufus,353.78431372549016,0.0,17.505173838357365,0.0,345.60101859275835,0.0,211.0,0.0,133.27935844584218,0.0,11.945695179103755,0.0,14.52583904633395,0.0,9.298458050010806,0.0,727.2046825106263,0.0,118.4372635983575,0.0,87.57469596786947,0.0,7.237728519910098,0.0,12.994870616794412,0.0,5105.644725244458,0.0,2288.7803619729852,0.0,11.94569518956999,0.0,11.572651040484116,0.0,8.300963340855683,0.0
Hugul,398.121568627451,0.0,18.63626994540198,0.0,380.626297403167,0.0,261.0,0.0,172.07844757068378,0.0,13.154876904765047,0.0,16.15549442140351,0.0,10.860669136392987,0.0,2327.806825615343,0.0,262.80238678637545,0.0,196.38087019772692,0.0,6.249268789769922,0.0,11.704469661621165,0.0,4805.974022513885,0.0,1531.8385245598172,0.0,13.154876912859278,0.0,13.172639351359058,0.0,9.873724910502863,0.0
Huhör,384.6156862745098,0.0,18.16865623000645,0.0,354.82672719369816,0.0,232.0,0.0,147.9362190311886,0.0,12.312051405814518,0.0,15.231546211727817,0.0,9.872936271157037,0.0,742.935857862211,0.0,229.3464321208209,0.0,171.27257594344744,0.0,6.892728047523841,0.0,33.45144217569658,0.0,2241.159535874969,0.0,1843.6298607685503,0.0,12.312051415596471,0.0,12.41620059808377,0.0,8.92458960401656,0.0
Humor,397.57647058823534,0.0,18.476656927352217,0.0,397.17043543288094,0.0,277.0,0.0,185.20125211588083,0.0,13.661414998707542,0.0,16.64331697709324,0.0,11.354451709829776,0.0,763.6199759938827,0.0,278.8493169031918,0.0,206.51102443419924,0.0,7.479547423029652,0.0,10.543590390622544,0.0,1578.8721787021584,0.0,1403.1493902961647,0.0,13.661415000159508,0.0,14.00154377609974,0.0,10.458179652808102,0.0
Humus,407.41568627450977,0.0,18.733070634828074,0.0,391.54679587379314,0.0,268.0,0.0,178.89252267063986,0.0,13.495792561306134,0.0,16.3707055437449,0.0,11.151353757913235,0.0,762.7898839038282,0.0,275.6662427267778,0.0,204.40920499986456,0.0,5.912496173559823,0.0,10.31579743382826,0.0,4801.200086346779,0.0,2019.5669958082815,0.0,13.495792566872629,0.0,13.79237376131583,0.0,10.25413638419559,0.0
Hunan,380.2862745098039,0.0,18.114087164055633,0.0,326.42703819790074,0.0,209.0,0.0,128.689061669001,0.0,11.4053078658189,0.0,14.45683229480096,0.0,9.000204694594869,0.0,724.2840563560601,0.0,93.37958638709388,0.0,63.07033620901898,0.0,4.162519352483417,0.0,8.778285753702258,0.0,3362.8777183727757,0.0,1180.8873761620519,0.0,11.405307866264057,0.0,11.738082318603142,0.0,8.10151497426525,0.0
Hunde,395.0,0.0,18.552135459396748,0.0,338.6904252820475,0.0,221.0,0.0,139.3937143134816,0.0,11.864368116626096,0.0,14.866068747318506,0.0,9.549279622820201,0.0,836.441678850544,0.0,124.3633797387727,0.0,98.35729650535717,0.0,3.4386365415087172,0.0,9.023708303862426,0.0,2224.5452790335808,0.0,1149.847011602899,0.0,11.864368114617854,0.0,12.331378625388288,0.0,8.692950564419888,0.0
Hurku,373.7647058823529,0.0,17.95051251786364,0.0,355.43065308182804,0.0,230.0,0.0,146.70492855272266,0.0,12.3285447397787,0.0,15.165750888103101,0.0,9.807579109326479,0.0,727.3321074374891,0.0,127.28129877626385,0.0,87.26621183186722,0.0,4.389167517427661,0.0,12.219482867009251,0.0,1952.1203748788535,0.0,2501.8267987073596,0.0,12.328544735909244,0.0,12.065115145729406,0.0,8.833005045646459,0.0
Hurtu,331.7058823529412,0.0,17.01428171835026,0.0,346.65192879299485,0.0,224.0,0.0,140.55754279682347,0.0,12.03075291032447,0.0,14.966629547095765,0.0,9.510278334669927,0.0,725.0571596630411,0.0,100.43074890221321,0.0,68.76406343585025,0.0,8.575144036230178,0.0,11.727558813031093,0.0,3929.2774121016823,0.0,1458.9411035493288,0.0,12.030752906998261,0.0,11.84132238581003,0.0,8.524992959259874,0.0
Husar,333.7450980392157,0.0,16.906682839763914,0.0,331.8434274714969,0.0,186.0,0.0,117.04216995623744,0.0,11.482604807563254,0.0,13.638181696985855,0.0,8.688115974826378,0.0,724.9987688975176,0.0,95.05861596310643,0.0,65.65115485858195,0.0,9.952117439060956,0.0,9.94060278175832,0.0,3216.6573194058187,0.0,1268.9418748386408,0.0,11.482604808253013,0.0,10.691795894638886,0.0,7.631694387842433,0.0
Hvnhb,404.0588235294118,0.0,18.701227274601976,0.0,373.2198273278717,0.0,281.0,0.0,182.2847362268593,0.0,13.041915768052482,0.0,16.76305461424021,0.0,11.059028825604946,0.0,742.2727475957934,0.0,240.31178629988145,0.0,163.1975636793921,0.0,3.701880492221389,0.0,27.54206095147887,0.0,1623.6432286956926,0.0,668.4128699098137,0.0,13.04191577147468,0.0,13.886285787217126,0.0,10.21287252623439,0.0
Hvrts,302.08627450980396,0.0,16.14697298690234,0.0,361.19728114293997,0.0,237.0,0.0,152.4026208583391,0.0,12.499586536756844,0.0,15.394804318340652,0.0,10.036957494489387,0.0,734.5424968566583,0.0,204.23843549230648,0.0,134.32920131560357,0.0,10.848097736833747,0.0,22.88411884609397,0.0,3977.6800118367837,0.0,1466.4278181934021,0.0,12.499586534086673,0.0,11.979413032497146,0.0,9.025328362979474,0.0
Hvxvn,351.67058823529413,0.0,17.410646492975065,0.0,378.03975211452996,0.0,276.0,0.0,178.72010242621008,0.0,13.093239486100606,0.0,16.61324772583615,0.0,10.897924000931082,0.0,739.4901370121538,0.0,227.72732019837153,0.0,152.80176754483108,0.0,5.075864692737819,0.0,30.421116093152566,0.0,2906.2753340759605,0.0,1333.5962704650035,0.0,13.093239486967013,0.0,12.949056522851851,0.0,9.874386044259523,0.0
Hxfms,390.80392156862746,0.0,18.293656131874794,0.0,428.0730014875282,0.0,313.0,0.0,213.72347892757523,0.0,14.554980541178484,0.0,17.69180601295413,0.0,12.318978659635205,0.0,787.3877743676645,0.0,347.150223805576,0.0,264.44229604942603,0.0,4.281555947513431,0.0,32.89225460165328,0.0,3651.9853517798697,0.0,1819.4988590261748,0.0,14.554980550321758,0.0,14.635910525752488,0.0,11.390020246838429,0.0
Hymnv,411.8274509803922,0.0,18.76137204797786,0.0,433.27735554637536,0.0,334.0,0.0,226.6833556057694,0.0,14.71590278775347,0.0,18.275666882497067,0.0,12.637774607857107,0.0,7803.052924999148,0.0,534.7366674604707,0.0,379.700427804877,0.0,5.255668464610315,0.0,32.99074659317913,0.0,1935.0699960525174,0.0,1777.053475164731,0.0,14.715902793978255,0.0,15.188353946618486,0.0,11.698965021595109,0.0
Hzkrz,352.1490196078431,0.0,17.44031663610357,0.0,374.76820440967174,0.0,242.0,0.0,157.31444873695034,0.0,12.902853131915752,0.0,15.556349186104045,0.0,10.279873467247358,0.0,735.0615043923063,0.0,175.2703807852298,0.0,135.00892316398978,0.0,7.821267622319059,0.0,25.661927372660593,0.0,5452.061653590578,0.0,890.3074812668605,0.0,12.902853131371957,0.0,12.282663269565136,0.0,9.20851983960929,0.0
Hähne,399.01176470588234,0.0,18.498624906032113,0.0,336.08850904260714,0.0,208.0,0.0,131.4150901831194,0.0,11.744947608084935,0.0,14.422205101855956,0.0,9.261948176144573,0.0,727.8010045027763,0.0,124.34768809349559,0.0,88.61474749637482,0.0,4.9683930864328865,0.0,11.11648153794995,0.0,1746.5642859986312,0.0,1222.4716820995723,0.0,11.744947620193813,0.0,12.054794933144757,0.0,8.403744900811965,0.0
Händä,414.47058823529414,0.0,18.83238517175158,0.0,353.05859054622584,0.0,246.0,0.0,158.85340390320994,0.0,12.426053787641424,0.0,15.684387141358123,0.0,10.338077266362605,0.0,869.1857485191689,0.0,299.2227231659319,0.0,252.14209000944768,0.0,2.4010013701390736,0.0,70.78160093675923,0.0,2230.944217194947,0.0,1206.5471739975158,0.0,12.426053785523775,0.0,13.442180521077258,0.0,9.565818278392669,0.0
Hännä,398.48627450980393,0.0,18.428260062605613,0.0,337.4743378337131,0.0,220.0,0.0,138.76266167764027,0.0,11.823501861056815,0.0,14.832396974191326,0.0,9.508828560633782,0.0,761.6305725943016,0.0,285.8408477382137,0.0,239.6012486657733,0.0,3.1365649146461068,0.0,70.69677365737402,0.0,1969.4790383464774,0.0,1210.0357919535975,0.0,11.823501870839413,0.0,12.52281598535785,0.0,8.71180573851772,0.0
Härte,329.3058823529412,0.0,16.835989261396026,0.0,340.2514622866909,0.0,201.0,0.0,127.49563568233296,0.0,11.809695762604058,0.0,14.177446878757825,0.0,9.133760122650612,0.0,726.9198506780264,0.0,122.00189174925127,0.0,85.52087955546185,0.0,9.63807326735246,0.0,10.51724645426971,0.0,3928.6295789843925,0.0,1497.2160837233246,0.0,11.80969575999322,0.0,11.455712343741887,0.0,8.168025918420723,0.0
Häsär,351.9450980392157,0.0,17.24286924477442,0.0,343.9725444301354,0.0,200.0,0.0,129.37574707151168,0.0,11.947887983301479,0.0,14.142135623730951,0.0,9.299162739100868,0.0,739.6718883483653,0.0,199.38542402790824,0.0,156.61837102013652,0.0,8.49186444726497,0.0,27.61182605990224,0.0,4453.308279690992,0.0,1695.9356453810672,0.0,11.947887985488617,0.0,11.563696786268398,0.0,8.343465563826014,0.0
Höböt,392.121568627451,0.0,18.351553073029915,0.0,369.65999114501784,0.0,252.0,0.0,165.45488630258575,0.0,12.84793138961895,0.0,15.874507866387544,0.0,10.603998795449867,0.0,746.3859889917122,0.0,243.41116542089551,0.0,183.47829641807064,0.0,7.724776409180588,0.0,35.55457416524555,0.0,2333.574832461188,0.0,1938.8509506142523,0.0,12.847931395906956,0.0,13.292981299687803,0.0,9.642991659846434,0.0
Höhen,403.5960784313726,0.0,18.613979442357497,0.0,343.5267199045365,0.0,217.0,0.0,138.15717590905228,0.0,11.97909307393083,0.0,14.730919862656235,0.0,9.524610152421388,0.0,728.3023114703794,0.0,116.43747073102703,0.0,86.77731321394464,0.0,4.633282746594209,0.0,13.187924329267044,0.0,1310.4878134665762,0.0,789.1382449287104,0.0,11.979093081992877,0.0,12.212124322876617,0.0,8.60558224360292,0.0
Höhle,383.56470588235294,0.0,18.21926978829306,0.0,361.0853417671615,0.0,237.0,0.0,154.5814077799643,0.0,12.594316894876465,0.0,15.394804318340652,0.0,10.216690194084162,0.0,729.8121166708253,0.0,127.39357730749461,0.0,97.84551827323352,0.0,7.435261647273614,0.0,13.613953289811604,0.0,2320.216299657464,0.0,1836.7595692503658,0.0,12.594316938520898,0.0,12.559232928804551,0.0,9.274261104788499,0.0
Höhlö,401.92941176470595,0.0,18.58007846183185,0.0,379.5366844576174,0.0,266.0,0.0,176.36422776738343,0.0,13.203084305849634,0.0,16.30950643030009,0.0,11.004911826664804,0.0,772.9919838253307,0.0,333.1426919758805,0.0,269.4573795527856,0.0,4.885927475633812,0.0,124.62308874344619,0.0,2351.420277297832,0.0,1843.2376430288605,0.0,13.203025880447642,0.0,13.528316940772488,0.0,10.065673679464693,0.0
Höllö,367.5921568627451,0.0,17.862981423718114,0.0,387.091281623485,0.0,269.0,0.0,181.10805965233388,0.0,13.455806139145265,0.0,16.401219466856727,0.0,11.229702359289927,0.0,772.7142737962488,0.0,333.76397819692767,0.0,270.3129382727306,0.0,6.520103563828307,0.0,124.48498355545719,0.0,2476.62954478952,0.0,1862.879781562055,0.0,13.455748816491296,0.0,13.39517176831062,0.0,10.299691240211924,0.0
Hörer,335.1490196078431,0.0,16.943832852741373,0.0,341.20659561084483,0.0,188.0,0.0,119.64128877766159,0.0,11.757448718975931,0.0,13.711309200802088,0.0,8.855291737033104,0.0,727.082267601499,0.0,109.04987887430967,0.0,80.30320740745113,0.0,11.166147486921616,0.0,12.810697152047393,0.0,1885.9526794585427,0.0,1516.5525092524192,0.0,11.757448724184673,0.0,10.840305764393927,0.0,7.793812259444645,0.0
Hürde,380.44313725490196,0.0,18.16786902256901,0.0,352.8320709586313,0.0,223.0,0.0,144.05844179334895,0.0,12.300136102545094,0.0,14.933184523068078,0.0,9.838583736685347,0.0,838.6242341527774,0.0,138.80797459613962,0.0,111.08896745815726,0.0,5.090228247392878,0.0,11.55741535909552,0.0,2445.1981327678527,0.0,1802.8306902523038,0.0,12.300136100926615,0.0,12.320954134539981,0.0,8.91414396399172,0.0
Hüter,336.1294117647059,0.0,17.080857079934823,0.0,347.30128559202785,0.0,203.0,0.0,129.72927381058412,0.0,11.998743360161436,0.0,14.247806848775006,0.0,9.236262319803075,0.0,727.0076269151533,0.0,110.26364558497961,0.0,81.4569236771875,0.0,11.259705977401065,0.0,11.434805782564935,0.0,1573.067741200413,0.0,1380.8334365717576,0.0,11.998743364332656,0.0,11.299320260198316,0.0,8.240593717429556,0.0
Iband,348.121568627451,0.0,17.309791927641392,0.0,351.1341877849856,0.0,198.0,0.0,133.11243044925493,0.0,12.30269530251392,0.0,14.071247279470288,0.0,9.667885298685482,0.0,1158.1316547441872,0.0,204.0133142128509,0.0,174.75767459575562,0.0,9.435715929310568,0.0,18.418207241904906,0.0,1489.1015250924634,0.0,1510.3538671277158,0.0,12.302695312662951,0.0,11.59428720629333,0.0,8.822896841561066,0.0
Ichzt,276.6627450980392,0.0,15.411050724368723,0.0,354.1317812819756,0.0,185.0,0.0,119.94237324284018,0.0,12.109095465871345,0.0,13.601470508735444,0.0,8.959429979432842,0.0,729.1166858405076,0.0,111.13725257272472,0.0,80.54886391650768,0.0,6.42814688301525,0.0,16.381533754530516,0.0,2834.5596055538895,0.0,1179.4071546907733,0.0,12.109095469828251,0.0,10.28391596639304,0.0,7.823015702201353,0.0
Icken,307.1333333333333,0.0,16.12926302472858,0.0,342.8776022979749,0.0,172.0,0.0,110.97900343670463,0.0,11.73969200403395,0.0,13.114877048604,0.0,8.591734914136731,0.0,728.8675368213413,0.0,122.7232086437627,0.0,83.65240437834862,0.0,8.89688379816634,0.0,15.942559754175962,0.0,2985.989854149393,0.0,1334.2624660246106,0.0,11.739692012705577,0.0,10.086908752270016,0.0,7.572910362109591,0.0
Icons,279.7843137254902,0.0,15.354807188832702,0.0,326.40428575670904,0.0,148.0,0.0,93.52419596504436,0.0,11.114503650706533,0.0,12.165525060596439,0.0,7.788320836682319,0.0,726.3673112039452,0.0,89.16405818426799,0.0,59.314869069444285,0.0,7.020971878629242,0.0,15.429251431973164,0.0,1894.6137312272706,0.0,1631.5128649978199,0.0,11.11450366375921,0.0,9.270714539116382,0.0,6.725540897971796,0.0
Ideen,322.8705882352941,0.0,16.708200152201567,0.0,333.79016422209787,0.0,157.0,0.0,102.98908434639182,0.0,11.541759879183852,0.0,12.529964086141668,0.0,8.399741268994996,0.0,2059.503325827108,0.0,296.16898309230083,0.0,272.5412791751013,0.0,5.466605623442135,0.0,15.839815718850158,0.0,1512.5813619247992,0.0,1234.4112404636992,0.0,11.541759887412104,0.0,9.846203487919627,0.0,7.43486242917979,0.0
Idels,294.5529411764706,0.0,15.994733370038514,0.0,354.6665665081958,0.0,178.0,0.0,121.28282727658083,0.0,12.28759621574318,0.0,13.341664064126334,0.0,9.283153546375893,0.0,2060.0793194379744,0.0,301.03802006825606,0.0,276.5506089816284,0.0,5.30902600791267,0.0,16.17387536614866,0.0,2441.5581832221906,0.0,2067.135886703336,0.0,12.28759625892587,0.0,10.26346535869762,0.0,8.29837065306429,0.0
Idils,278.5882352941176,0.0,15.608915127241948,0.0,366.56100271858895,0.0,195.0,0.0,134.1258371061497,0.0,12.714515520251958,0.0,13.96424004376894,0.0,9.787002275549755,0.0,2060.199356702341,0.0,302.32864558621736,0.0,277.31458631878775,0.0,5.061023596187438,0.0,16.16337736249349,0.0,2523.2327184946985,0.0,2085.9751010568975,0.0,12.71451556959107,0.0,10.59505011855186,0.0,8.840762732975074,0.0
Idiot,284.42745098039217,0.0,15.7224479967704,0.0,360.2502954809919,0.0,196.0,0.0,131.43273832181944,0.0,12.462780214030365,0.0,14.0,0.0,9.560493619496723,0.0,2060.039270170406,0.0,301.3794521939119,0.0,275.4376521702355,0.0,5.185106882573563,0.0,16.468851049580387,0.0,1853.9200727344646,0.0,1230.366083549647,0.0,12.462780219464353,0.0,10.773755652983715,0.0,8.576699466124678,0.0
Idole,308.69019607843137,0.0,16.374004396979704,0.0,354.1565487712377,0.0,184.0,0.0,124.62526234230462,0.0,12.29071597274792,0.0,13.564659966250536,0.0,9.383988508324567,0.0,2060.2672837830423,0.0,302.78490950298203,0.0,277.4510742334032,0.0,4.626479754907205,0.0,16.39271566033104,0.0,2550.8614102969377,0.0,2131.316812964561,0.0,12.290716015748375,0.0,10.599530728260309,0.0,8.430510011491217,0.0
Ihnon,338.2274509803922,0.0,16.993454198086635,0.0,337.9048113862084,0.0,184.0,0.0,117.5400342320595,0.0,11.688007075858767,0.0,13.564659966250536,0.0,8.807589355913427,0.0,728.4376562898036,0.0,114.56750548136128,0.0,83.92404214046417,0.0,5.853937693362676,0.0,12.68463416457736,0.0,1635.1060634434677,0.0,1045.0218129244263,0.0,11.688007082569117,0.0,10.682134786805873,0.0,7.861699021514696,0.0
Illan,279.278431372549,0.0,15.608321994821889,0.0,365.6177172507462,0.0,218.0,0.0,146.75713595365238,0.0,12.74995047599356,0.0,14.7648230602334,0.0,10.097605469275381,0.0,727.6302933128283,0.0,119.22489611413505,0.0,90.55504930075503,0.0,9.5679575914506,0.0,12.073836477312623,0.0,3370.150686277689,0.0,1589.2192961408903,0.0,12.749950476212172,0.0,11.395616390098677,0.0,9.220413147384427,0.0
Indas,315.85490196078433,0.0,16.412383149497376,0.0,334.11113675815875,0.0,165.0,0.0,108.19310229392569,0.0,11.588808263133263,0.0,12.84523257866513,0.0,8.584940025639565,0.0,844.7052281080278,0.0,124.84768980953591,0.0,99.728581578327,0.0,6.135062737462156,0.0,12.803627838808657,0.0,3576.5575207552624,0.0,1726.4823492968935,0.0,11.588808256155488,0.0,10.139300515122907,0.0,7.624233960201108,0.0
Inder,306.9843137254902,0.0,16.274586817677452,0.0,338.7646100433843,0.0,165.0,0.0,107.86566130238404,0.0,11.698244105046506,0.0,12.84523257866513,0.0,8.567712938742792,0.0,844.6824001320631,0.0,123.33229518954751,0.0,98.92157414491516,0.0,6.771720730552549,0.0,12.607914411244309,0.0,1967.868251199315,0.0,1352.1581493516512,0.0,11.698244103307367,0.0,9.940360646489651,0.0,7.604304902537381,0.0
Index,325.1058823529412,0.0,16.737729011790282,0.0,348.1615799121519,0.0,184.0,0.0,120.89738994041775,0.0,12.047265469821475,0.0,13.564659966250536,0.0,9.08629817233188,0.0,845.481570738641,0.0,133.75092393353603,0.0,105.44949763930903,0.0,5.921966697190954,0.0,22.196909751581277,0.0,1978.7782024825,0.0,1353.8311020204933,0.0,12.047265468376247,0.0,10.58755855646757,0.0,8.111341348047766,0.0
Indiz,304.18823529411765,0.0,16.292893939561438,0.0,359.502874089193,0.0,203.0,0.0,134.27496254181156,0.0,12.452847534744066,0.0,14.247806848775006,0.0,9.60350616025675,0.0,847.4883642581553,0.0,148.64362974275554,0.0,119.3930006200692,0.0,5.651103773965897,0.0,17.536667166010343,0.0,3100.1624887717676,0.0,1728.6297992295356,0.0,12.452847565356663,0.0,11.183160450908078,0.0,8.636797136427985,0.0
Insel,278.5686274509804,0.0,15.516878979241923,0.0,341.89201215940113,0.0,155.0,0.0,104.357195076847,0.0,11.797157862733552,0.0,12.449899597988733,0.0,8.530877464050503,0.0,727.8385373524186,0.0,113.57607604318393,0.0,89.02994404543378,0.0,3.721291878791177,0.0,13.114688634465072,0.0,1026.9430632576136,0.0,1178.0246214641966,0.0,11.797157869626922,0.0,9.128108583508766,0.0,7.4761536634124335,0.0
Ionen,312.7372549019608,0.0,16.35813243411442,0.0,319.47357544146604,0.0,151.0,0.0,94.02296787639744,0.0,10.974537323606585,0.0,12.288205727444508,0.0,7.750253046321508,0.0,724.0808469690692,0.0,83.18937904042231,0.0,54.37108252954774,0.0,7.333791650585012,0.0,11.02798415051832,0.0,1415.301628813843,0.0,1073.558029058668,0.0,10.974537332212842,0.0,9.45535698792841,0.0,6.768025056700655,0.0
Irben,303.79607843137256,0.0,16.176481521089592,0.0,343.5088695591139,0.0,186.0,0.0,120.04237081311942,0.0,11.868184776788166,0.0,13.638181696985855,0.0,8.957664727157749,0.0,726.6531367793247,0.0,110.81499144410427,0.0,78.97147698394396,0.0,9.261914655930859,0.0,12.057024652181488,0.0,1325.8917103632623,0.0,1135.7354781136346,0.0,11.868184786408111,0.0,10.683294542411868,0.0,8.025222210507906,0.0
Irnst,254.3843137254902,0.0,14.756434940884336,0.0,345.9039588243404,0.0,182.0,0.0,116.42907079395204,0.0,11.855564407654127,0.0,13.490737563232042,0.0,8.754743643539864,0.0,725.2267101695584,0.0,94.73673811136096,0.0,64.43898762047132,0.0,5.106422454945386,0.0,11.819528678507607,0.0,1492.977413782494,0.0,1073.9925294039554,0.0,11.855564410156463,0.0,9.865967307562874,0.0,7.653170804256282,0.0
Irnta,263.94117647058823,0.0,15.018081630336155,0.0,341.198404753614,0.0,192.0,0.0,120.86395698855101,0.0,11.75545222380082,0.0,13.856406460551018,0.0,8.846908144768292,0.0,724.8311911121361,0.0,97.25406721526727,0.0,65.23985103046603,0.0,6.171995034294679,0.0,11.896491360646642,0.0,3779.334965593815,0.0,1173.9998476498051,0.0,11.755452224036393,0.0,10.46087544619352,0.0,7.8655255475623616,0.0
Irrer,236.85882352941178,0.0,14.213100508576494,0.0,339.50216569073115,0.0,155.0,0.0,98.71029904458061,0.0,11.55544470978747,0.0,12.449899597988733,0.0,8.052375376753156,0.0,724.6575734747241,0.0,90.14988676411919,0.0,60.646946250969194,0.0,4.513093298482669,0.0,11.584022519569976,0.0,1817.632885370665,0.0,1714.5930885992907,0.0,11.555444718625127,0.0,8.78090595965169,0.0,6.927855046280906,0.0
Islam,319.61960784313726,0.0,16.505953162771636,0.0,412.6797156147348,0.0,261.0,0.0,183.2202409202706,0.0,14.111932802203924,0.0,16.15549442140351,0.0,11.575867660340245,0.0,854.1184088876851,0.0,481.38425162450807,0.0,372.2169894872819,0.0,16.371222814554525,0.0,15.328310403036442,0.0,3298.8403239724275,0.0,1556.269548698504,0.0,14.111932804165669,0.0,13.282267178672289,0.0,10.68770088606959,0.0
Itidi,262.61176470588236,0.0,15.215768142088228,0.0,380.7566303018541,0.0,237.0,0.0,160.25860188492362,0.0,13.199070274991128,0.0,15.394804318340652,0.0,10.588976480777802,0.0,838.9223078629466,0.0,144.9693729078178,0.0,113.09520182824514,0.0,8.87625046612477,0.0,14.480906188727815,0.0,2161.150871054398,0.0,1588.076606270695,0.0,13.199070277849223,0.0,11.92349617329333,0.0,9.683849536845662,0.0
Ixtra,254.9921568627451,0.0,14.728753456858655,0.0,354.99871737763124,0.0,192.0,0.0,124.93660130718982,0.0,12.205684039366957,0.0,13.856406460551018,0.0,9.155054246846277,0.0,730.9024036996617,0.0,142.11131631874048,0.0,108.75347037372346,0.0,4.802918885421914,0.0,32.045418068114316,0.0,4772.688540070067,0.0,1611.5866854896929,0.0,12.2056840375132,0.0,10.156333426872829,0.0,8.111769761140224,0.0
Jacht,280.1686274509804,0.0,15.26912840338813,0.0,327.2564545520821,0.0,151.0,0.0,98.82584358540355,0.0,11.339789575704081,0.0,12.288205727444508,0.0,8.16757759864043,0.0,727.0720789832769,0.0,94.61977086014826,0.0,68.5443940000903,0.0,6.794070914012592,0.0,10.465222025265502,0.0,693.713217692173,0.0,789.2894028411105,0.0,11.339789578258964,0.0,9.462365519017139,0.0,7.098485750970383,0.0
Jacke,296.7372549019608,0.0,15.642647174033662,0.0,321.5430568041623,0.0,134.0,0.0,87.63828591329153,0.0,11.068433386779423,0.0,11.575836902790225,0.0,7.700496416310002,0.0,727.9125555933807,0.0,115.22527142568407,0.0,80.36332929396009,0.0,8.230354514513744,0.0,10.187382163964397,0.0,1003.6343610590187,0.0,2175.4828192345317,0.0,11.068433379486622,0.0,8.757207268737092,0.0,6.600911259024323,0.0
Jagen,338.721568627451,0.0,16.83594039217557,0.0,333.87557375146116,0.0,164.0,0.0,107.91202765561678,0.0,11.550094504635613,0.0,12.806248474865697,0.0,8.602939256811904,0.0,2326.778965813223,0.0,247.7324516982091,0.0,182.2855025148624,0.0,8.17635287048538,0.0,9.685147823428649,0.0,1010.9840489751278,0.0,724.4966232261412,0.0,11.550094512304792,0.0,10.498205157155693,0.0,7.591835831721372,0.0
Jahre,294.90980392156865,0.0,15.682419134055618,0.0,319.2417120889395,0.0,146.0,0.0,93.18461555075031,0.0,11.062755263869782,0.0,12.083045973594572,0.0,7.856305240347109,0.0,726.1926645389259,0.0,93.19129128705504,0.0,67.91223732032813,0.0,5.98978409803763,0.0,10.38457443211845,0.0,4631.472439446641,0.0,656.1640824156565,0.0,11.062755264652255,0.0,9.360789127201402,0.0,6.802634257444249,0.0
Japan,324.44313725490196,0.0,16.447392162835207,0.0,322.17247315833936,0.0,158.0,0.0,103.4202193227558,0.0,11.276379127933902,0.0,12.569805089976535,0.0,8.387184882881256,0.0,838.42015535297,0.0,175.7882096067344,0.0,153.82354851123043,0.0,8.170013000519704,0.0,12.264374706637435,0.0,3078.2501496290215,0.0,1265.9297691947568,0.0,11.276379128587816,0.0,10.146184953921743,0.0,7.412597325054712,0.0
Jcrys,252.65490196078434,0.0,14.358574379386743,0.0,344.27766385089194,0.0,166.0,0.0,108.8336324589043,0.0,11.770004023206042,0.0,12.884098726725126,0.0,8.580545490980299,0.0,10234.189782241554,0.0,350.46902902504286,0.0,258.213122600664,0.0,6.312667836767245,0.0,17.512061751293718,0.0,1632.8800375624787,0.0,1955.9149584163147,0.0,11.770004023824477,0.0,9.60165835730584,0.0,7.369390822543228,0.0
Jecke,295.4666666666667,0.0,15.6746937643426,0.0,325.3693668958708,0.0,135.0,0.0,88.21028851579207,0.0,11.152095966316883,0.0,11.61895003862225,0.0,7.722430951325092,0.0,727.9986380246715,0.0,114.9542215119114,0.0,80.26800131486097,0.0,8.18285202175314,0.0,10.36970813379261,0.0,944.6585823757706,0.0,2167.792828040427,0.0,11.15209595919913,0.0,8.646288762510343,0.0,6.583766720773636,0.0
Jeeps,302.4313725490196,0.0,15.941634221534827,0.0,325.2383002216446,0.0,138.0,0.0,91.35531285349069,0.0,11.209090033526673,0.0,11.74734012447073,0.0,7.940148603503647,0.0,824.3722465858816,0.0,165.12052017874572,0.0,144.28714509467562,0.0,7.777539715702032,0.0,12.241127991523419,0.0,1766.8822121663645,0.0,758.2742679599463,0.0,11.209090048043613,0.0,9.324137370266365,0.0,6.870514044024249,0.0
Jemen,346.1843137254902,0.0,17.085657056352545,0.0,371.3483870706491,0.0,207.0,0.0,142.31572137047058,0.0,12.864944870290184,0.0,14.38749456993816,0.0,10.108415558765305,0.0,762.9712619355441,0.0,272.8511394015464,0.0,203.0893945146809,0.0,7.970341185253724,0.0,9.889559829965723,0.0,956.7638517576502,0.0,1493.7476066478062,0.0,12.864944874036729,0.0,12.079328645638864,0.0,9.221770162843798,0.0
Jhntz,300.84705882352944,0.0,15.989433265848238,0.0,345.09550177774605,0.0,186.0,0.0,121.83435786540991,0.0,11.994423022878907,0.0,13.638181696985855,0.0,9.091989548724024,0.0,731.6540666256093,0.0,134.73629443547895,0.0,105.51924424384438,0.0,4.916021522825199,0.0,16.094343601302672,0.0,3689.182353525548,0.0,783.2736295057916,0.0,11.994423019963545,0.0,10.612930899715185,0.0,8.036452592369354,0.0
Jhrln,295.97647058823526,0.0,15.861648087324852,0.0,350.7714839921937,0.0,192.0,0.0,128.72734839220038,0.0,12.269852365196423,0.0,13.856406460551018,0.0,9.455366240937732,0.0,730.1845081736051,0.0,123.20140651920781,0.0,96.01338505098911,0.0,5.639523776631918,0.0,11.835280067401792,0.0,2508.1978750548287,0.0,2219.160151370963,0.0,12.269852407068512,0.0,10.659222055452352,0.0,8.449209144451025,0.0
Jirir,220.33333333333331,0.0,13.677155791395345,0.0,353.23225399756814,0.0,194.0,0.0,127.67940866006415,0.0,12.245912100936323,0.0,13.92838827718412,0.0,9.295819575361852,0.0,725.9130896155366,0.0,99.92037386646926,0.0,70.39921702582782,0.0,3.17686831618535,0.0,10.66323376504661,0.0,3043.5238444875304,0.0,2030.2038826273376,0.0,12.245912136822218,0.0,10.282624987426901,0.0,8.254934540290167,0.0
Jjxlt,256.9764705882353,0.0,14.857508001731992,0.0,394.2579507198751,0.0,246.0,0.0,170.18070046137774,0.0,13.600229493010508,0.0,15.684387141358123,0.0,11.028703704494983,0.0,23961.105758040314,0.0,2236.247226417304,0.0,1968.887576927939,0.0,4.814951531490371,0.0,35.75005604777486,0.0,3211.14296059935,0.0,2013.072145675153,0.0,13.600229528505205,0.0,12.095329043402643,0.0,10.00511038240869,0.0
Jngjr,318.2627450980392,0.0,16.384804148884683,0.0,379.3584266750911,0.0,215.0,0.0,146.95679552283562,0.0,13.000699747985362,0.0,14.66287829861518,0.0,10.229576700400873,0.0,5759.974805937443,0.0,457.66520705787786,0.0,386.5154609756899,0.0,8.409435902814879,0.0,17.34871377401424,0.0,1695.2718183360385,0.0,2090.1302119456636,0.0,13.000699784171786,0.0,11.542697177053316,0.0,9.163701810778912,0.0
Joule,289.1294117647059,0.0,15.687854822356549,0.0,329.51132897603594,0.0,171.0,0.0,109.9277665740675,0.0,11.467719265827228,0.0,13.076696830622021,0.0,8.555817718685494,0.0,726.3886407031305,0.0,100.71758538899772,0.0,74.83916333268459,0.0,4.938421197995603,0.0,10.130406460118571,0.0,2718.085313704154,0.0,1904.9877886480613,0.0,11.467719308990693,0.0,10.035839311694687,0.0,7.513160547552552,0.0
Jrgll,292.686274509804,0.0,15.832500311966275,0.0,394.8500876049188,0.0,249.0,0.0,172.12609870603953,0.0,13.62711646446132,0.0,15.7797338380595,0.0,11.126632867889734,0.0,2328.5586357822117,0.0,268.63503576995475,0.0,202.76088454287998,0.0,8.064433195227542,0.0,12.54676579366817,0.0,2236.5880163937213,0.0,1821.3841426923893,0.0,13.627116501044286,0.0,12.354378648274025,0.0,10.112469782485253,0.0
Jschj,284.4549019607843,0.0,15.405536834763122,0.0,361.9984576675235,0.0,195.0,0.0,132.71843563805834,0.0,12.50276493994004,0.0,13.96424004376894,0.0,9.682756466866175,0.0,70965.10827558713,0.0,4121.160337923175,0.0,3559.2193891379493,0.0,8.9512377161254,0.0,44.87867787539293,0.0,799.3175984848527,0.0,774.7443003287678,0.0,12.502764942767223,0.0,10.865170259957898,0.0,8.666643802374328,0.0
Jtllx,251.4313725490196,0.0,14.747550380132047,0.0,382.7917786362818,0.0,241.0,0.0,164.9476802919993,0.0,13.344063123017898,0.0,15.524174696260024,0.0,10.791220531820425,0.0,730.0472408973336,0.0,136.62251812643115,0.0,104.12553883556058,0.0,7.772115342379812,0.0,22.7035293665394,0.0,2279.658769855575,0.0,1832.4262714557758,0.0,13.344063163990306,0.0,11.830488613121256,0.0,9.803655897912021,0.0
Jubel,307.25882352941176,0.0,16.250995060179616,0.0,343.82272733408433,0.0,180.0,0.0,121.70418424839288,0.0,12.0495535861677,0.0,13.416407864998739,0.0,9.254054128823379,0.0,730.247909361915,0.0,130.2955120019854,0.0,103.59649328695913,0.0,6.08969098099242,0.0,11.188119739183968,0.0,1179.6874720690369,0.0,740.6641254438305,0.0,12.049553592326289,0.0,10.648775814018679,0.0,8.304763180594701,0.0
Juden,330.47843137254904,0.0,16.787403050854806,0.0,326.7638449514454,0.0,171.0,0.0,111.13615072905067,0.0,11.454840705066406,0.0,13.076696830622021,0.0,8.671972927738087,0.0,845.1056423221949,0.0,124.11448211933248,0.0,100.90425437727896,0.0,7.423963514751466,0.0,9.931290936798367,0.0,1931.6355913401817,0.0,1061.9133461402023,0.0,11.454840702062198,0.0,10.71071444318149,0.0,7.781238907767609,0.0
Judun,338.5686274509804,0.0,17.0097834661119,0.0,333.5304384565325,0.0,191.0,0.0,123.21271202684493,0.0,11.713913906870522,0.0,13.820274961085254,0.0,9.088219753677055,0.0,845.271136395538,0.0,127.29873068173649,0.0,102.45683959983478,0.0,8.172789242372907,0.0,11.679840354389173,0.0,5003.498632928079,0.0,1774.5105007792774,0.0,11.713913907224573,0.0,11.218035355180445,0.0,8.1802327689739,0.0
Junge,345.54117647058825,0.0,17.08708094601506,0.0,338.3375127222855,0.0,170.0,0.0,110.95971037733534,0.0,11.665680157536418,0.0,13.038404810405298,0.0,8.69203073644116,0.0,2478.96351519958,0.0,250.95267741551837,0.0,184.5155712803469,0.0,9.82756990674415,0.0,9.966321698411036,0.0,3258.6397111393967,0.0,1419.3716944187029,0.0,11.665680158231208,0.0,10.39687062971092,0.0,7.623114459344162,0.0
Junme,354.2745098039216,0.0,17.304204963518377,0.0,375.36430821812456,0.0,225.0,0.0,152.7491405539223,0.0,13.014695740867344,0.0,15.0,0.0,10.419897226049953,0.0,779.1344270527329,0.0,318.8893362425664,0.0,239.99488497445887,0.0,10.286179371834292,0.0,10.498076914782086,0.0,3237.7540785447886,0.0,746.250993763189,0.0,13.014695744349597,0.0,12.529938987459936,0.0,9.529827482120883,0.0
Jurys,274.2274509803922,0.0,15.070323427591926,0.0,342.09176432792674,0.0,166.0,0.0,109.16757835173175,0.0,11.767460019404657,0.0,12.884098726725126,0.0,8.607044246765291,0.0,10234.061603537584,0.0,350.23157316543706,0.0,258.1446398808583,0.0,4.285169595628571,0.0,13.91891989023915,0.0,1722.1533749069692,0.0,1967.1080991976157,0.0,11.767460019474319,0.0,9.615823474712746,0.0,7.442669753360572,0.0
Jxdrs,289.26666666666665,0.0,15.5755795215381,0.0,353.52896820575967,0.0,195.0,0.0,130.5106643125374,0.0,12.314656864309686,0.0,13.96424004376894,0.0,9.536196449527177,0.0,850.7775395790409,0.0,166.14253799191178,0.0,136.0089174409334,0.0,6.142037387823007,0.0,32.002654320477944,0.0,4923.259284173978,0.0,1029.8576901631482,0.0,12.314656855954517,0.0,10.84675433345021,0.0,8.549970492671385,0.0
Jüdin,327.02745098039213,0.0,16.715542636379006,0.0,352.6719070335005,0.0,213.0,0.0,141.27115085053686,0.0,12.385181370386112,0.0,14.594519519326424,0.0,9.864607607687363,0.0,847.5704736278992,0.0,143.40604338307296,0.0,115.99794854751283,0.0,6.310325789590605,0.0,13.230238511228507,0.0,3079.041101541482,0.0,1576.3465278522792,0.0,12.385181400501788,0.0,11.84586248821463,0.0,8.977173665463244,0.0
Kabul,364.9725490196078,0.0,17.733648998586695,0.0,349.99826814933454,0.0,226.0,0.0,145.15563627626386,0.0,12.237312509121605,0.0,15.033296378372908,0.0,9.825711646713037,0.0,729.2788645889754,0.0,132.08578612891299,0.0,100.96068364447093,0.0,5.563128769447267,0.0,11.222861563081565,0.0,4764.28593087408,0.0,1518.9693663311318,0.0,12.237312518858392,0.0,12.12443600326204,0.0,8.821358240837926,0.0
Kacha,355.02745098039213,0.0,17.23941283407048,0.0,320.42963043953495,0.0,177.0,0.0,108.03766147516382,0.0,11.057848788858877,0.0,13.30413469565007,0.0,8.211253507697569,0.0,725.7647124933774,0.0,93.16075874372736,0.0,61.55306464661432,0.0,4.271850829803595,0.0,9.411657028223116,0.0,809.4661381069669,0.0,615.5134362930571,0.0,11.057848791664544,0.0,10.730309680113626,0.0,7.133595936740078,0.0
Kairo,315.74901960784314,0.0,16.35327502362943,0.0,333.6693542073305,0.0,196.0,0.0,121.39531981868869,0.0,11.530151500863154,0.0,14.0,0.0,8.762217393552516,0.0,725.7639246880278,0.0,101.91118262741483,0.0,67.20969578218353,0.0,7.7416168961189005,0.0,9.025556028239357,0.0,4745.770704363051,0.0,610.8807123039618,0.0,11.530151497673586,0.0,10.952423358089172,0.0,7.6787416533097215,0.0
Kakao,373.78431372549016,0.0,17.663310599382484,0.0,334.37641254491405,0.0,201.0,0.0,125.99334337617677,0.0,11.59505795180258,0.0,14.177446878757825,0.0,8.991409488927264,0.0,728.4473585839834,0.0,133.7266700392787,0.0,90.19514206651482,0.0,3.583323837955044,0.0,10.608509608393884,0.0,4222.331961987829,0.0,1410.6339436866233,0.0,11.595057952686293,0.0,11.49386999760257,0.0,7.912518238695404,0.0
Kamin,387.9333333333334,0.0,18.16903627816294,0.0,390.0497895592213,0.0,276.0,0.0,182.6532951057333,0.0,13.487930577476439,0.0,16.61324772583615,0.0,11.206191326478066,0.0,762.5109341239349,0.0,276.0299986025016,0.0,203.4209110929469,0.0,4.0661734906217255,0.0,8.969047162150593,0.0,2637.553695785199,0.0,1781.8810407875583,0.0,13.487930614825354,0.0,13.885143453752429,0.0,10.289928153185626,0.0
Kanal,345.35686274509806,0.0,17.149009295002347,0.0,332.7217303388369,0.0,202.0,0.0,126.94880714229762,0.0,11.615352599733615,0.0,14.212670403551895,0.0,9.06101188699524,0.0,726.9192480222961,0.0,114.65518367674638,0.0,86.66285269577783,0.0,6.5449901675387325,0.0,8.982147714517337,0.0,3290.4162940448505,0.0,1167.5772351246742,0.0,11.615352600170725,0.0,11.2437549775489,0.0,8.044024092142797,0.0
Kanne,364.11764705882354,0.0,17.596322708355675,0.0,309.36976537000385,0.0,172.0,0.0,101.87819973920958,0.0,10.661341824419107,0.0,13.114877048604,0.0,7.825111516073751,0.0,723.3054248043068,0.0,80.11973394515472,0.0,49.30796690173847,0.0,3.710952247905083,0.0,7.538456168960973,0.0,1821.2299307208068,0.0,1137.0631319642187,0.0,10.661341835328303,0.0,10.510769785735395,0.0,6.791900230095876,0.0
Kapfa,367.035294117647,0.0,17.609302529153304,0.0,344.5714850720674,0.0,213.0,0.0,134.8873295483687,0.0,11.952266704415244,0.0,14.594519519326424,0.0,9.3972594162911,0.0,839.6583895451315,0.0,189.75625096748274,0.0,161.8945586650887,0.0,4.839662964154233,0.0,12.885799190982446,0.0,872.7094284016651,0.0,770.8136610909731,0.0,11.952266722026657,0.0,11.897558692576695,0.0,8.327549833304102,0.0
Karat,309.98823529411766,0.0,16.170131140457,0.0,325.7045020018197,0.0,181.0,0.0,111.15107650109465,0.0,11.236460293806294,0.0,13.45362404707371,0.0,8.337873889525921,0.0,724.0773828146218,0.0,89.7176710738412,0.0,57.18989114408532,0.0,9.458297692554614,0.0,8.082886601411492,0.0,3436.5266156103976,0.0,1755.6886334828262,0.0,11.236460294652357,0.0,10.413742266327313,0.0,7.159865895859973,0.0
Karte,308.7176470588235,0.0,16.20113437677111,0.0,323.9963465105168,0.0,177.0,0.0,107.81296795738821,0.0,11.151034259313342,0.0,13.30413469565007,0.0,8.190214973861963,0.0,724.0232674516105,0.0,87.84752759358152,0.0,56.143602603193614,0.0,8.613306087465661,0.0,7.451343113761869,0.0,3859.6239167413682,0.0,1444.8961248420972,0.0,11.151034256204081,0.0,10.322819010437607,0.0,7.037572226987698,0.0
Kasse,325.1764705882353,0.0,16.518295985614202,0.0,312.9313385329337,0.0,149.0,0.0,90.6241039056403,0.0,10.697428956716424,0.0,12.206555615733702,0.0,7.502870131907613,0.0,724.442264646617,0.0,83.87353617687586,0.0,54.36826200355772,0.0,6.7846320976888945,0.0,8.26208150567177,0.0,910.3666499169311,0.0,596.5926557562949,0.0,10.697428957965261,0.0,9.48402282595031,0.0,6.2121459674013,0.0
Kasus,333.26666666666665,0.0,16.744250793646245,0.0,316.93961416040815,0.0,163.0,0.0,98.94112085698877,0.0,10.864687014195786,0.0,12.767145334803704,0.0,7.821029117686484,0.0,724.0927358136445,0.0,85.26088061041045,0.0,54.50881168035506,0.0,6.2962781989687775,0.0,9.484875170054533,0.0,4708.9347891279485,0.0,1561.7089475690852,0.0,10.864687023844208,0.0,9.974027312413034,0.0,6.615820846390308,0.0
Kater,308.71764705882356,0.0,16.20113437677111,0.0,323.9679052841018,0.0,170.0,0.0,104.09850923158747,0.0,11.124120874842312,0.0,13.038404810405298,0.0,8.061251894026078,0.0,723.9971877130272,0.0,86.19941159620275,0.0,55.38691662279021,0.0,9.53977707582316,0.0,8.168527149817352,0.0,1393.0594202932307,0.0,1290.3160850786935,0.0,11.12412087936836,0.0,10.059811637251652,0.0,6.920617319717555,0.0
Katze,321.8862745098039,0.0,16.591149329177068,0.0,326.5752122630686,0.0,174.0,0.0,106.93541506372624,0.0,11.23178940633393,0.0,13.19090595827292,0.0,8.19853747106885,0.0,725.3612585015424,0.0,100.77233545427951,0.0,69.82353530753446,0.0,6.39110798847611,0.0,10.448356480677607,0.0,2978.0170879489847,0.0,1361.0631947447707,0.0,11.231789404694918,0.0,10.328147575279749,0.0,6.994782558933365,0.0
Kblqs,374.5450980392157,0.0,17.995679348161474,0.0,365.77174316236113,0.0,236.0,0.0,157.46099542942574,0.0,12.817885784264174,0.0,15.362291495737216,0.0,10.472965686972667,0.0,45514.34803166612,0.0,10292.5667002568,0.0,9944.038059567563,0.0,5.666557048286184,0.0,72.12431957489022,0.0,1781.644458795433,0.0,483.4862292998971,0.0,12.817885784598644,0.0,12.664245818411963,0.0,9.525914629099729,0.0
Kcrfc,294.9607843137255,0.0,15.7498452052956,0.0,344.4686555277492,0.0,200.0,0.0,123.18939805028452,0.0,11.720382034302482,0.0,14.142135623730951,0.0,8.814122141665358,0.0,732.2317815250428,0.0,114.03245978351939,0.0,79.8079886671092,0.0,8.969777189135238,0.0,22.41775145403202,0.0,1671.672150247905,0.0,1512.7355421101568,0.0,11.720382052787485,0.0,10.90490692639576,0.0,7.5759723821393825,0.0
Kcstp,328.2470588235294,0.0,16.6863122969089,0.0,352.7781225280958,0.0,218.0,0.0,138.95689919090296,0.0,12.147972661262555,0.0,14.7648230602334,0.0,9.569455896738258,0.0,1437.5743001927087,0.0,370.4165967271121,0.0,349.98364933687645,0.0,6.39708207035808,0.0,19.916640691880094,0.0,3573.639267974678,0.0,743.4255437585349,0.0,12.147972658532117,0.0,11.87988243192037,0.0,8.462351025525875,0.0
Kedes,359.3607843137255,0.0,17.53008596325977,0.0,327.3041969369307,0.0,179.0,0.0,111.74994587122974,0.0,11.304661955738178,0.0,13.379088160259652,0.0,8.498225045442984,0.0,844.1472118201242,0.0,120.17943894896985,0.0,95.42066288716492,0.0,5.963215269134315,0.0,8.787325384836159,0.0,1903.7845183258441,0.0,912.3804601735906,0.0,11.304661952829466,0.0,10.986688298947039,0.0,7.464989214787018,0.0
Kehle,357.121568627451,0.0,17.54110940137886,0.0,342.8989276834229,0.0,209.0,0.0,131.57460699273514,0.0,11.888623876990332,0.0,14.45683229480096,0.0,9.244416526380146,0.0,726.5595334539013,0.0,105.47082627948869,0.0,76.28971149296441,0.0,5.739626144117018,0.0,9.118703677959783,0.0,2143.9577883454867,0.0,1723.131143433025,0.0,11.888623920752067,0.0,11.436149937022384,0.0,8.196416346623536,0.0
Keian,336.9686274509804,0.0,16.965939146383864,0.0,327.39059131293914,0.0,193.0,0.0,118.22700742144568,0.0,11.322941690626552,0.0,13.892443989449804,0.0,8.581662361545874,0.0,724.0346438123393,0.0,89.93839800310664,0.0,57.044899271131555,0.0,5.525153643779347,0.0,8.50199680599349,0.0,3275.9346021482543,0.0,1245.2765972697478,0.0,11.322941693208605,0.0,10.819794889168858,0.0,7.518322275297603,0.0
Kekse,357.1058823529412,0.0,17.370182638815443,0.0,334.8375615866598,0.0,181.0,0.0,112.96061882277337,0.0,11.48220903986427,0.0,13.45362404707371,0.0,8.509074642695774,0.0,727.232823185701,0.0,121.91641431081179,0.0,82.1517433057319,0.0,5.785518968000263,0.0,10.65103174975499,0.0,2952.453771166453,0.0,856.1794949781489,0.0,11.482209040543204,0.0,10.487367841868657,0.0,7.297593839358569,0.0
Kelle,322.78431372549016,0.0,16.779669505905428,0.0,350.4535248492905,0.0,212.0,0.0,136.31843887768557,0.0,12.168675414992016,0.0,14.560219778561036,0.0,9.510907826216446,0.0,726.2640687263789,0.0,107.41710813916427,0.0,79.25859752646956,0.0,7.092039651145082,0.0,7.903743292400079,0.0,2280.5711080582223,0.0,1744.0222281337865,0.0,12.168675464145009,0.0,11.278332892321771,0.0,8.482163282698057,0.0
Kepfe,364.4941176470589,0.0,17.666203993854474,0.0,346.95935860782356,0.0,203.0,0.0,128.59742152678217,0.0,11.937505530302056,0.0,14.247806848775006,0.0,9.184792403154859,0.0,839.6274641439801,0.0,187.59035725127129,0.0,160.8821714025174,0.0,5.104014237309232,0.0,12.680845272901314,0.0,800.7176830015761,0.0,745.4761077312058,0.0,11.93750554781913,0.0,11.418372183709296,0.0,8.057851915376286,0.0
Kerbe,348.57254901960783,0.0,17.28040895467776,0.0,330.25911320606934,0.0,181.0,0.0,112.12700823135229,0.0,11.370036966856185,0.0,13.45362404707371,0.0,8.458698572102898,0.0,726.1737267540535,0.0,107.43366040365856,0.0,74.0792420043725,0.0,4.712090165758239,0.0,9.750377450104317,0.0,2298.9326673464316,0.0,1348.25681487967,0.0,11.370036973440193,0.0,10.735753695069338,0.0,7.311366624109198,0.0
Kereu,332.68235294117653,0.0,16.87186438323411,0.0,322.3278397356453,0.0,173.0,0.0,103.87208089348881,0.0,11.01251289332406,0.0,13.152946437965905,0.0,7.965333840924022,0.0,723.830646448844,0.0,84.94173583583084,0.0,53.18061697740735,0.0,5.51388384263337,0.0,11.133738744883521,0.0,1662.1574517062475,0.0,1376.959325660824,0.0,11.012512899734354,0.0,10.226811114926539,0.0,6.800556884868972,0.0
Kerle,315.7450980392157,0.0,16.498477321886163,0.0,336.9799723551824,0.0,189.0,0.0,118.17911952334312,0.0,11.617955371150586,0.0,13.74772708486752,0.0,8.719888473392775,0.0,725.2013092992566,0.0,97.67135792114635,0.0,68.81589169168389,0.0,7.5704429307337895,0.0,8.117412084041344,0.0,2534.9610142875813,0.0,2155.457418512816,0.0,11.617955417524685,0.0,10.564089331797152,0.0,7.5886585791389205,0.0
Kerne,335.77647058823527,0.0,16.93334559390705,0.0,317.740748029901,0.0,165.0,0.0,98.90893759128318,0.0,10.877360961448401,0.0,12.84523257866513,0.0,7.768735043307652,0.0,723.633219517103,0.0,81.5370031242008,0.0,50.90236690652667,0.0,5.106594043163474,0.0,7.805740905957548,0.0,2057.5919953315465,0.0,1727.5174511139394,0.0,10.87736097177804,0.0,9.976443050844914,0.0,6.6041015009505495,0.0
Kette,306.1882352941176,0.0,16.25172418617337,0.0,332.5966904509294,0.0,189.0,0.0,116.42099440354437,0.0,11.438947673623458,0.0,13.74772708486752,0.0,8.558348132583253,0.0,724.3760228669368,0.0,90.75185210799616,0.0,59.1118395293631,0.0,8.794923738505487,0.0,8.057023970475118,0.0,3719.764745071063,0.0,1338.4315000167596,0.0,11.438947669262863,0.0,10.645949467111295,0.0,7.420070419957213,0.0
Keute,331.4235294117647,0.0,16.890766048373422,0.0,324.9099267574295,0.0,191.0,0.0,114.13247213245735,0.0,11.147114060091754,0.0,13.820274961085254,0.0,8.337342550624019,0.0,723.9169145537805,0.0,86.89656347669681,0.0,54.774695106854715,0.0,7.23758385591263,0.0,8.356878074233439,0.0,3976.366475198996,0.0,887.2231887618943,0.0,11.147114057901703,0.0,10.769123543394977,0.0,7.198939050539481,0.0
Kfckt,332.0980392156863,0.0,16.768943392903967,0.0,374.1017882741693,0.0,242.0,0.0,156.9162645479506,0.0,12.819534066782735,0.0,15.556349186104045,0.0,10.22339946319477,0.0,754.0723805822063,0.0,248.1320225103365,0.0,210.5120576515312,0.0,6.56713261221159,0.0,21.783339687728414,0.0,1179.2742279504687,0.0,2125.1073471170753,0.0,12.819534060834902,0.0,12.16116421084279,0.0,9.102587056731874,0.0
Kfrls,304.7921568627451,0.0,16.161055043385637,0.0,368.3316662752122,0.0,236.0,0.0,153.14337698730907,0.0,12.704693213523948,0.0,15.362291495737216,0.0,10.118999066140297,0.0,752.0232793964354,0.0,238.82912348862658,0.0,207.05268078407306,0.0,9.060426670984876,0.0,21.424869117320487,0.0,2597.443251816249,0.0,2169.4390930940986,0.0,12.704693252647044,0.0,12.027754824308436,0.0,9.02882551433345,0.0
Kgmmc,471.15686274509807,0.0,19.933910412002096,0.0,478.875517057987,0.0,368.0,0.0,257.6546616884397,0.0,15.862608504945959,0.0,19.183326093250876,0.0,13.75190508378317,0.0,3664.0774700665797,0.0,1800.6757725822188,0.0,1359.6975796932188,0.0,5.6655921872154025,0.0,26.229978179954355,0.0,3172.890832514912,0.0,1464.952601640947,0.0,15.862608508565842,0.0,16.597901605855704,0.0,12.809092215286613,0.0
Khkns,393.7803921568627,0.0,18.23475942711775,0.0,350.40677649002316,0.0,212.0,0.0,135.88392173060834,0.0,12.137104763625318,0.0,14.560219778561036,0.0,9.470480606487863,0.0,730.6308705948934,0.0,140.52778071883475,0.0,100.83350776762178,0.0,6.562933728135482,0.0,12.163921229965188,0.0,3205.8417230264367,0.0,1385.3723015082696,0.0,12.137104773980196,0.0,11.621206048973587,0.0,8.402749828618383,0.0
Khmhr,426.53725490196075,0.0,19.02085017167645,0.0,409.5835208267521,0.0,286.0,0.0,193.03905262504264,0.0,14.041656761533348,0.0,16.911534525287763,0.0,11.651276181038357,0.0,767.304264330428,0.0,285.63012168535715,0.0,213.11665107221717,0.0,6.035728984009623,0.0,12.712235931671184,0.0,1001.2956262050286,0.0,1482.4048209770153,0.0,14.04165676382202,0.0,14.134686056196001,0.0,10.67803039073003,0.0
Kihni,345.22352941176473,0.0,17.258112000873066,0.0,362.3973842710694,0.0,253.0,0.0,161.4868749206966,0.0,12.624985195632727,0.0,15.905973720586866,0.0,10.287845571476373,0.0,726.7738593137494,0.0,112.38202017204266,0.0,77.68704271950168,0.0,5.76540927795402,0.0,10.257437991784865,0.0,1824.304707357647,0.0,1461.1353310669715,0.0,12.624985207924977,0.0,12.601679022651975,0.0,9.321950930193534,0.0
Kilos,313.2313725490196,0.0,16.401120543859026,0.0,356.41410128694173,0.0,232.0,0.0,148.8301822560224,0.0,12.37257894294267,0.0,15.231546211727817,0.0,9.902427472138045,0.0,726.1122317050801,0.0,109.34138273884082,0.0,76.2774591702842,0.0,5.920166502788493,0.0,8.983229915389112,0.0,1785.725552247008,0.0,1013.7165845222107,0.0,12.372578944492185,0.0,12.05359252724972,0.0,8.904360730086216,0.0
Kimme,426.443137254902,0.0,19.07338627044519,0.0,461.4055054763205,0.0,360.0,0.0,248.79265252569476,0.0,15.507001418791313,0.0,18.973665961010276,0.0,13.400163829282864,0.0,814.5729473373302,0.0,413.2521110400864,0.0,309.2062033287686,0.0,4.9535745237102216,0.0,9.332895542373393,0.0,3263.8564606080968,0.0,1704.1091634833851,0.0,15.507001422242725,0.0,16.30911691047575,0.0,12.493153736569544,0.0
Kinos,333.2627450980392,0.0,16.838503322923145,0.0,338.395876224645,0.0,217.0,0.0,134.2321276521069,0.0,11.712693548701695,0.0,14.730919862656235,0.0,9.21165446360378,0.0,724.8085568314123,0.0,98.31223613403837,0.0,64.00675298827764,0.0,5.008141326175537,0.0,8.678330403270254,0.0,1838.9935464432754,0.0,952.5405044911554,0.0,11.71269355327318,0.0,11.777299321196347,0.0,8.198657951158562,0.0
Kinti,302.5882352941177,0.0,16.216961326924647,0.0,362.01566494696465,0.0,254.0,0.0,161.10868517033717,0.0,12.574642169636006,0.0,15.937377450509228,0.0,10.232256704624598,0.0,725.65104511346,0.0,108.44506107426764,0.0,72.94817308037645,0.0,9.951101558266853,0.0,9.099591950313668,0.0,3829.975995048812,0.0,1075.911318272913,0.0,12.574642167363205,0.0,12.398954585451582,0.0,9.234835955688798,0.0
Kipft,331.3843137254902,0.0,16.918566520779223,0.0,381.558849986367,0.0,266.0,0.0,173.3245639326916,0.0,13.162704535286469,0.0,16.30950643030009,0.0,10.792591887754197,0.0,840.4401702537858,0.0,194.49458800888408,0.0,165.09705112228224,0.0,7.699479804820122,0.0,12.768509590002566,0.0,1250.657838685451,0.0,1176.2897148453314,0.0,13.162704550035931,0.0,12.983219195539277,0.0,9.721700513328244,0.0
Kippe,377.878431372549,0.0,18.02782803395029,0.0,364.97400226233856,0.0,236.0,0.0,154.15164424574726,0.0,12.67002265158803,0.0,15.362291495737216,0.0,10.23418576904309,0.0,925.5306436278818,0.0,228.46854739861124,0.0,202.401039361218,0.0,3.9614505983290758,0.0,11.333047281078962,0.0,1849.3677354795047,0.0,1002.3345482978572,0.0,12.670022663396159,0.0,12.67543840679883,0.0,9.25810608260814,0.0
Kippi,361.91372549019604,0.0,17.686416242204153,0.0,383.5940760718434,0.0,264.0,0.0,175.23761288075747,0.0,13.29840208427148,0.0,16.24807680927192,0.0,10.986795363626344,0.0,926.5309010790228,0.0,234.55750917502812,0.0,206.17971830235433,0.0,5.366897805689026,0.0,12.06947096231476,0.0,1851.4372848693802,0.0,1002.8350473083161,0.0,13.298402094331918,0.0,13.20301386219643,0.0,10.013609287335099,0.0
Kirdi,319.83137254901965,0.0,16.655618483458156,0.0,372.06268165534163,0.0,259.0,0.0,168.1821296768743,0.0,12.94756258847168,0.0,16.09347693943108,0.0,10.624264941514891,0.0,837.6342652117996,0.0,137.3847343891133,0.0,105.4403085554959,0.0,6.256401813133877,0.0,10.034480151675035,0.0,2500.099336668931,0.0,1950.087537473532,0.0,12.947562587519437,0.0,12.786245311037872,0.0,9.639221301760175,0.0
Kiste,299.08235294117645,0.0,16.02482023343891,0.0,345.2131493765069,0.0,212.0,0.0,133.49622448456213,0.0,11.936136190401022,0.0,14.560219778561036,0.0,9.278300641425846,0.0,724.952783231215,0.0,96.6373845685824,0.0,64.08549846980414,0.0,7.704055114966965,0.0,8.343805950680391,0.0,3700.1566701578613,0.0,1171.1958092720758,0.0,11.93613618805601,0.0,11.360077933979538,0.0,8.188382075262927,0.0
Klaga,376.4039215686274,0.0,17.868909205267183,0.0,368.31395361393845,0.0,250.0,0.0,162.4663831992936,0.0,12.757931112170661,0.0,15.811388300841896,0.0,10.464130021640848,0.0,2479.4345145777243,0.0,261.97304056930443,0.0,192.7675480449484,0.0,4.755011744267076,0.0,10.122078010974928,0.0,3167.5633522005664,0.0,1360.589897541598,0.0,12.757931112793205,0.0,12.907306512103615,0.0,9.429577597303295,0.0
Klage,375.1333333333333,0.0,17.896969860305955,0.0,366.87551705798614,0.0,239.0,0.0,155.60447257520656,0.0,12.670956489983032,0.0,15.459624833740307,0.0,10.257272996337973,0.0,2479.3987680716696,0.0,260.52825464671713,0.0,191.9579776649399,0.0,4.727846111486548,0.0,9.630421606927312,0.0,3166.679944360081,0.0,1358.622639089587,0.0,12.670956490518753,0.0,12.544172019969528,0.0,9.20455703155886,0.0
Klaue,340.9921568627451,0.0,17.117644363587146,0.0,340.93333252342575,0.0,219.0,0.0,136.86797331627108,0.0,11.858600188316487,0.0,14.798648586948742,0.0,9.380653164939973,0.0,726.0519981898356,0.0,108.92100727208314,0.0,78.36154110643122,0.0,3.9994572138802384,0.0,9.900511309464761,0.0,4748.528800113661,0.0,1522.1119373057359,0.0,11.858600196814539,0.0,11.726003817675629,0.0,8.36332406743265,0.0
Kldbd,409.9490196078431,0.0,18.90170490429685,0.0,392.1935501723734,0.0,300.0,0.0,201.48741620839354,0.0,13.76373081276459,0.0,17.320508075688775,0.0,11.886635067703416,0.0,1236.7311456445543,0.0,221.8112231119918,0.0,191.13361015502454,0.0,4.752155186892865,0.0,14.806508288646643,0.0,2629.9924256234767,0.0,935.5405528331036,0.0,13.763730810137016,0.0,14.779810299392114,0.0,11.021847561154999,0.0
Klebe,355.61176470588236,0.0,17.54907656908271,0.0,352.84001830389235,0.0,227.0,0.0,145.79366652898238,0.0,12.276713056970689,0.0,15.066519173319364,0.0,9.845172846949401,0.0,728.4204421190801,0.0,126.49825987554483,0.0,93.53688931952004,0.0,3.6479576248588415,0.0,10.79004834868685,0.0,2157.3887076804162,0.0,588.6604511878837,0.0,12.276713062295762,0.0,12.244437039783728,0.0,8.830077617345829,0.0
Kleck,343.0627450980392,0.0,17.09218779168845,0.0,363.29404286566523,0.0,232.0,0.0,150.0782604822185,0.0,12.531871954009226,0.0,15.231546211727817,0.0,10.01389044575206,0.0,731.6163937136766,0.0,148.4510525878623,0.0,107.38908740743345,0.0,4.941334550644945,0.0,11.04441496853204,0.0,1542.2569924021361,0.0,630.537390061316,0.0,12.531871953059376,0.0,12.005465386363438,0.0,8.988662371625022,0.0
Kleid,342.83529411764704,0.0,17.290472694010262,0.0,375.51098017618125,0.0,268.0,0.0,175.6025082812968,0.0,13.095506267662719,0.0,16.3707055437449,0.0,10.923866372508208,0.0,1156.4369657115412,0.0,191.85731998112942,0.0,165.24085286006016,0.0,5.523797504720499,0.0,11.972044738598887,0.0,2813.3506379054857,0.0,1262.83800220096,0.0,13.095506300790934,0.0,13.320727762812515,0.0,9.978992009907596,0.0
Kleus,331.435294117647,0.0,16.88855662474916,0.0,346.07394367908114,0.0,216.0,0.0,136.16500905745727,0.0,11.977745751846266,0.0,14.696938456699069,0.0,9.397250540247125,0.0,726.0943540367396,0.0,107.51998164291172,0.0,77.8652092531852,0.0,5.55133483763047,0.0,10.081080312100916,0.0,4840.904091870148,0.0,1563.3271495939289,0.0,11.97774576060606,0.0,11.585942080173336,0.0,8.333083076324014,0.0
Klfpp,382.32941176470587,0.0,18.166606456838096,0.0,396.56216304503306,0.0,281.0,0.0,188.7407523494046,0.0,13.702110881607954,0.0,16.76305461424021,0.0,11.484939906128528,0.0,1491.566870432546,0.0,408.48999573366973,0.0,382.69014834578775,0.0,5.64977832505828,0.0,19.714214889134883,0.0,2596.5632831562248,0.0,1805.6773412060252,0.0,13.702110892067992,0.0,13.921489256727979,0.0,10.543637618032319,0.0
Klgßb,436.9450980392157,0.0,19.308548325722242,0.0,418.6789510627316,0.0,318.0,0.0,215.73967544335613,0.0,14.352808228578342,0.0,17.832554500127006,0.0,12.348786112722175,0.0,2334.27466087658,0.0,335.8242870816927,0.0,250.8219838077072,0.0,4.908131127132447,0.0,23.764152296078414,0.0,2952.1276792574677,0.0,1446.355816401624,0.0,14.352808230409593,0.0,15.124670055245229,0.0,11.36715944282719,0.0
Klima,367.9019607843137,0.0,17.764443143968847,0.0,419.05801605235325,0.0,318.0,0.0,214.5263478873586,0.0,14.384653089236535,0.0,17.832554500127006,0.0,12.267122248761748,0.0,780.8780744393096,0.0,327.9971546573464,0.0,246.77607132092112,0.0,5.035518688444717,0.0,10.077779447323207,0.0,3343.5089861119195,0.0,773.8984403947081,0.0,14.38465309516917,0.0,14.810861563007402,0.0,11.348303067836538,0.0
Kljrl,303.5960784313726,0.0,16.29621467829922,0.0,403.7651575403685,0.0,283.0,0.0,190.86864904849517,0.0,13.893213500268436,0.0,16.822603841260722,0.0,11.555967803483354,0.0,12095.105582206445,0.0,824.2419293524138,0.0,734.2466358176407,0.0,9.484319974812985,0.0,20.235789984713744,0.0,4703.844200941776,0.0,774.6963876291336,0.0,13.893213495499674,0.0,13.231999281308877,0.0,10.563755351111658,0.0
Klntd,352.8392156862745,0.0,17.523821541400167,0.0,374.6346691395811,0.0,276.0,0.0,179.95848687816013,0.0,13.107328369994464,0.0,16.61324772583615,0.0,11.031584957413477,0.0,1156.3919682515175,0.0,192.03799733832423,0.0,165.48946546681805,0.0,4.872706141414332,0.0,12.517455823156196,0.0,3809.6800079136287,0.0,670.4128502926699,0.0,13.107328366420562,0.0,13.585473597675895,0.0,10.121641060502778,0.0
Klotz,317.61960784313726,0.0,16.5773380050165,0.0,367.25001633312024,0.0,248.0,0.0,159.8260779184317,0.0,12.718024916669078,0.0,15.748015748023622,0.0,10.30014590256584,0.0,729.9655737116342,0.0,139.147279801398,0.0,105.40004082012152,0.0,7.457058479075273,0.0,14.642593193344934,0.0,3833.6568184381335,0.0,926.3331318059094,0.0,12.718024912805804,0.0,12.547013707095758,0.0,9.249449479078367,0.0
Klqgd,428.25098039215686,0.0,19.25164223036404,0.0,409.249510951288,0.0,306.0,0.0,208.36665154840614,0.0,14.16056629687817,0.0,17.4928556845359,0.0,12.192156877021047,0.0,15987.66962888552,0.0,3490.837760873048,0.0,3369.2515803269603,0.0,5.942964772120306,0.0,42.88189038734166,0.0,3444.1571299084762,0.0,1412.8163045712001,0.0,14.160566297363637,0.0,14.90886913535105,0.0,11.265316019450704,0.0
Klumm,441.65098039215684,0.0,19.45659114206971,0.0,481.8968840186496,0.0,398.0,0.0,276.23715690324053,0.0,16.0963350183735,0.0,19.949937343260004,0.0,14.168297630475912,0.0,899.7834138534924,0.0,570.6130279264497,0.0,438.33210543046914,0.0,9.066136650463433,0.0,12.133041784714662,0.0,3630.2154095193646,0.0,908.8721906053468,0.0,16.096335020934788,0.0,17.197184622548882,0.0,13.263812199714463,0.0
Klung,393.1372549019608,0.0,18.39606463774505,0.0,377.9283634753626,0.0,272.0,0.0,175.69194493713735,0.0,13.051569710178661,0.0,16.492422502470642,0.0,10.854895708305458,0.0,4257.167958598689,0.0,429.296594029062,0.0,326.50754573656513,0.0,6.648556146695368,0.0,11.418491652924416,0.0,2448.741385658013,0.0,1349.831400991727,0.0,13.051569718301558,0.0,13.492589602968076,0.0,9.875686241666848,0.0
Klöße,389.0980392156863,0.0,18.16109551306102,0.0,381.39261500001305,0.0,261.0,0.0,173.1766763045573,0.0,13.20936439760118,0.0,16.15549442140351,0.0,10.9192418713553,0.0,749.0785812456127,0.0,231.99797239738226,0.0,183.18087043299153,0.0,4.01530504886516,0.0,22.755806317224078,0.0,4884.585363636532,0.0,3430.7139406004717,0.0,13.209364402381631,0.0,13.364526550231679,0.0,9.923320153317528,0.0
Kmgml,475.79215686274506,0.0,20.14563775342241,0.0,511.21793322588576,0.0,419.0,0.0,297.03295105733343,0.0,16.7859023931771,0.0,20.46948949045872,0.0,14.843961164933154,0.0,2443.7217355713847,0.0,785.7498341221398,0.0,605.6131072290485,0.0,5.277796687437855,0.0,15.69997044792046,0.0,3164.5484274803366,0.0,683.8217437345642,0.0,16.785902397754814,0.0,17.703682238134867,0.0,13.892731402728414,0.0
Knabe,376.91372549019604,0.0,17.93055809211776,0.0,325.1013131288571,0.0,191.0,0.0,117.94636932289026,0.0,11.28869847050665,0.0,13.820274961085254,0.0,8.65384473540357,0.0,726.2649725440494,0.0,111.07520686103642,0.0,76.57472912495517,0.0,3.53233399392542,0.0,12.061363732146212,0.0,1764.6961050052203,0.0,365.225650923656,0.0,11.28869847676207,0.0,11.12764396281161,0.0,7.5817656785047705,0.0
Knall,335.2392156862745,0.0,17.03372866818675,0.0,357.86595745829624,0.0,235.0,0.0,152.88560768655523,0.0,12.527808195413252,0.0,15.329709716755891,0.0,10.137419718075085,0.0,728.8048608998765,0.0,129.55219906634895,0.0,100.42192289750469,0.0,8.942323167485712,0.0,11.702423191095967,0.0,2077.300421634328,0.0,1723.525922233483,0.0,12.527808239733805,0.0,11.86919439604554,0.0,9.122443774742985,0.0
Knapf,376.9490196078432,0.0,17.907690168373875,0.0,352.8782010890534,0.0,220.0,0.0,140.832939718638,0.0,12.204393939903028,0.0,14.832396974191326,0.0,9.651672529039839,0.0,829.7262669746765,0.0,204.2619803821923,0.0,172.92946897615258,0.0,4.084592533816992,0.0,16.0233003297545,0.0,1628.065883791684,0.0,513.3464523677992,0.0,12.204393950230042,0.0,11.977159662167509,0.0,8.591745556717589,0.0
Knast,327.5019607843137,0.0,16.66069420093919,0.0,328.8088471516919,0.0,189.0,0.0,116.63135608091484,0.0,11.355042171516203,0.0,13.74772708486752,0.0,8.568633704375802,0.0,724.719487527016,0.0,93.39221936551294,0.0,60.994703465776695,0.0,10.606620928521204,0.0,10.870108726239364,0.0,744.0429164594049,0.0,387.3090097135729,0.0,11.355042171794498,0.0,10.50466473529325,0.0,7.363834683600957,0.0
Knauf,358.35686274509806,0.0,17.473584391309068,0.0,339.3508572863249,0.0,211.0,0.0,130.08437959790768,0.0,11.695519249098167,0.0,14.52583904633395,0.0,9.055028771142545,0.0,730.7353992380786,0.0,145.28119786511914,0.0,110.99383321001588,0.0,5.554978104138936,0.0,15.72588233563993,0.0,4696.598914183395,0.0,1508.5681495260565,0.0,11.695519258002344,0.0,11.357690410203428,0.0,7.9196450614392555,0.0
Knaut,343.878431372549,0.0,17.14317885676046,0.0,329.49934235569344,0.0,202.0,0.0,123.07886197298635,0.0,11.396875355623402,0.0,14.212670403551895,0.0,8.737173077714935,0.0,724.2517837855388,0.0,93.3829229460008,0.0,59.813120401903106,0.0,8.277806865545326,0.0,11.508376293157644,0.0,4679.483462745512,0.0,1494.4923605925783,0.0,11.396875364915475,0.0,10.958552187899542,0.0,7.600952980364049,0.0
Kniff,330.36470588235295,0.0,16.86400405697074,0.0,368.6984314805371,0.0,240.0,0.0,153.64573273616224,0.0,12.655977927389186,0.0,15.491933384829668,0.0,10.041447774965231,0.0,733.4361218815382,0.0,162.8864795047729,0.0,125.7969937006352,0.0,7.905721917197067,0.0,15.475923334069192,0.0,1439.7405952827999,0.0,920.3197750580496,0.0,12.655977951263917,0.0,11.977393929603934,0.0,8.906577351390329,0.0
Knips,354.09411764705885,0.0,17.404819317831237,0.0,345.5798492493501,0.0,202.0,0.0,129.33680648357358,0.0,11.966817055942247,0.0,14.212670403551895,0.0,9.240809806180126,0.0,823.9742984779411,0.0,169.56375045299595,0.0,144.7413332365279,0.0,5.671942709312427,0.0,12.689868341817618,0.0,1942.8161963327784,0.0,651.8648841207288,0.0,11.966817066587492,0.0,11.244825692916079,0.0,8.198280221145296,0.0
Knmst,377.1960784313726,0.0,17.912373751410694,0.0,394.34079662430827,0.0,264.0,0.0,176.5113125079303,0.0,13.539394513341508,0.0,16.24807680927192,0.0,11.073677741735345,0.0,763.1152859116015,0.0,276.06927460014697,0.0,203.9746313375016,0.0,8.724114473956046,0.0,11.854167280893257,0.0,1062.43669086151,0.0,1393.8713761874717,0.0,13.539394511882257,0.0,13.314603944089137,0.0,10.015980078523285,0.0
Knupf,383.7686274509804,0.0,18.14400213660857,0.0,357.3537605321611,0.0,232.0,0.0,146.9189955536112,0.0,12.32466730326709,0.0,15.231546211727817,0.0,9.807692803048514,0.0,829.6537746981198,0.0,203.71642204821026,0.0,172.51998489816845,0.0,3.8599793371829727,0.0,16.286451586709024,0.0,2433.815843703094,0.0,835.4911592724808,0.0,12.324667313572276,0.0,12.276285635356071,0.0,8.733167290227902,0.0
Koaps,365.99607843137255,0.0,17.550090448213776,0.0,331.29280316835343,0.0,187.0,0.0,117.89007054288004,0.0,11.471858547567384,0.0,13.674794331177344,0.0,8.756552294099471,0.0,823.904190919306,0.0,169.04263248329127,0.0,143.9805006663251,0.0,4.524994134544131,0.0,11.10858633005717,0.0,1588.9851489211133,0.0,454.31215263239613,0.0,11.471858559551434,0.0,11.135250742364391,0.0,7.69356646050588,0.0
Kobra,355.6941176470588,0.0,17.351986237156577,0.0,334.0703719901828,0.0,205.0,0.0,127.39699578578453,0.0,11.604519258998295,0.0,14.317821063276353,0.0,9.023712187469107,0.0,726.5655937071753,0.0,112.40677426968445,0.0,77.85232000629743,0.0,6.752844590407034,0.0,10.056355686994353,0.0,4680.877956785192,0.0,433.08280847207885,0.0,11.604519257615227,0.0,11.590407555662512,0.0,7.949309009061037,0.0
Kobro,360.27450980392155,0.0,17.480776501553652,0.0,340.4329316195691,0.0,212.0,0.0,133.228728203383,0.0,11.814373198075975,0.0,14.560219778561036,0.0,9.281379346187226,0.0,728.2074062282286,0.0,121.55955960290166,0.0,84.90872288364004,0.0,5.914929429083063,0.0,10.488735822381907,0.0,4683.232973001522,0.0,437.39014970805897,0.0,11.814373196814289,0.0,11.855517754594453,0.0,8.202853889029354,0.0
Kodex,375.73333333333335,0.0,17.90441449584604,0.0,344.6556133289041,0.0,215.0,0.0,135.97608696239013,0.0,11.972086073670177,0.0,14.66287829861518,0.0,9.426555729614591,0.0,845.42440950737,0.0,135.4540383940044,0.0,104.82017382764336,0.0,4.315104486476183,0.0,20.498762706132496,0.0,1944.4752314508194,0.0,917.6916662588094,0.0,11.972086070281096,0.0,11.916478524531213,0.0,8.37520657592869,0.0
Kofor,333.62745098039215,0.0,16.78937022971666,0.0,342.97527111629427,0.0,205.0,0.0,127.71703206960849,0.0,11.784768051829948,0.0,14.317821063276353,0.0,9.02221376138647,0.0,727.8176759512438,0.0,123.49814309709737,0.0,88.20768180929552,0.0,8.340300487690724,0.0,12.949609965983974,0.0,2228.051480181724,0.0,1749.7239490698867,0.0,11.784768057861939,0.0,11.224064181319246,0.0,7.884943560864771,0.0
Kofra,329.0470588235294,0.0,16.655234372043434,0.0,338.6627199909291,0.0,202.0,0.0,125.1135616190576,0.0,11.674020062977359,0.0,14.212670403551895,0.0,8.903841544393224,0.0,727.1526761612865,0.0,119.20640370870849,0.0,85.30051563064667,0.0,7.731249999737077,0.0,12.624339054668697,0.0,4979.86411688096,0.0,1757.4418983292057,0.0,11.674020061503917,0.0,11.156326561644207,0.0,7.773495586953794,0.0
Kohle,362.97254901960787,0.0,17.64009710175438,0.0,344.5596377556934,0.0,216.0,0.0,136.5563209174623,0.0,11.985451077585784,0.0,14.696938456699069,0.0,9.43331481137464,0.0,726.9453170196099,0.0,108.92041929202277,0.0,78.47947091852222,0.0,5.991595704029567,0.0,9.158965445830736,0.0,2168.9156342513857,0.0,1724.4710881722976,0.0,11.985451122539763,0.0,11.690634113932106,0.0,8.383053185282385,0.0
Kokon,388.278431372549,0.0,18.085256250777483,0.0,342.53135581094347,0.0,220.0,0.0,137.6884788060887,0.0,11.880894100756649,0.0,14.832396974191326,0.0,9.394577521914263,0.0,728.0061056024545,0.0,132.98230687134327,0.0,89.241261780601,0.0,2.736923885705784,0.0,10.935067147025421,0.0,3098.6471383327,0.0,843.3228783975431,0.0,11.88089410561233,0.0,11.985686481105317,0.0,8.33503368622608,0.0
Kombi,405.30980392156863,0.0,18.613821226127,0.0,408.6835572725574,0.0,292.0,0.0,197.73609295570049,0.0,14.049520022498816,0.0,17.08800749063506,0.0,11.803010266994926,0.0,765.9694075417199,0.0,287.5966453552542,0.0,212.7457756973395,0.0,5.505021345067765,0.0,11.35432014976061,0.0,1932.4006221776574,0.0,1383.613046308951,0.0,14.049520025221799,0.0,14.346229644269169,0.0,10.829463824715974,0.0
Komet,380.1490196078432,0.0,17.98709093253553,0.0,387.69491918480173,0.0,255.0,0.0,169.70605567299214,0.0,13.323762236465399,0.0,15.968719422671311,0.0,10.834965537999715,0.0,762.6642010500295,0.0,274.72638937116955,0.0,202.76847480470548,0.0,7.4838587942274835,0.0,8.906490469340403,0.0,1097.5032915819872,0.0,1411.452381879267,0.0,13.32376223895267,0.0,13.315478248951536,0.0,9.83057628719947,0.0
Komma,449.52941176470586,0.0,19.45420830268742,0.0,444.3870450011203,0.0,338.0,0.0,232.5397958494977,0.0,15.053161319812483,0.0,18.384776310850235,0.0,12.933921426218786,0.0,814.5773349364221,0.0,413.1514077865734,0.0,308.9385194958556,0.0,4.080295133976163,0.0,9.517962158132308,0.0,3137.9969348472778,0.0,1444.702123427189,0.0,15.05316132361703,0.0,15.95871187841842,0.0,12.009788747408944,0.0
Konak,383.6980392156863,0.0,17.960801010352714,0.0,337.5361520788933,0.0,213.0,0.0,132.42960155286062,0.0,11.699305349703998,0.0,14.594519519326424,0.0,9.182825241823291,0.0,728.7479441356727,0.0,136.97226202361378,0.0,93.47747614017231,0.0,3.0089199243695925,0.0,10.443338424598046,0.0,3283.082460467361,0.0,1154.2388753381967,0.0,11.699305350206988,0.0,11.574836603331976,0.0,8.124475304587934,0.0
Kongo,405.5960784313726,0.0,18.51509105280283,0.0,351.03447638176624,0.0,222.0,0.0,140.58196067632537,0.0,12.080673296245365,0.0,14.89966442575134,0.0,9.588291866037313,0.0,2479.2776786214627,0.0,257.3323476478925,0.0,187.01510990672742,0.0,3.3589242602178393,0.0,9.299715893980311,0.0,3261.807437243921,0.0,1316.4669411920188,0.0,12.080673297268882,0.0,12.24698420670975,0.0,8.470376075522596,0.0
Kopie,357.0470588235294,0.0,17.481705931957165,0.0,342.5342568970302,0.0,206.0,0.0,130.14076341813046,0.0,11.862836266809156,0.0,14.352700094407323,0.0,9.214185929346312,0.0,838.1830737941082,0.0,177.7465809288572,0.0,152.87540009507921,0.0,6.835413640655908,0.0,11.122369734773638,0.0,2542.008570168128,0.0,1152.9843456045496,0.0,11.862836306700894,0.0,11.462243672716207,0.0,8.12818830620894,0.0
Koreh,355.9333333333334,0.0,17.372837159563282,0.0,332.5890578894356,0.0,189.0,0.0,117.33039310175377,0.0,11.488554547647265,0.0,13.74772708486752,0.0,8.647291223772022,0.0,727.6005870903517,0.0,104.7744768221661,0.0,73.72640668889002,0.0,5.580081946821414,0.0,9.914631458900217,0.0,1693.6596063755558,0.0,1378.9009034065148,0.0,11.488554553106653,0.0,10.974805364959112,0.0,7.532953127011551,0.0
Kpdnp,432.1960784313726,0.0,19.2728369808462,0.0,369.19890203637283,0.0,253.0,0.0,167.22846984312017,0.0,12.925110726606064,0.0,15.905973720586866,0.0,10.761773545255227,0.0,1656.2407467513738,0.0,497.7401423659594,0.0,468.2869009069546,0.0,2.5619661379220906,0.0,20.594614068686035,0.0,2277.9503361625552,0.0,1389.9122058341147,0.0,12.925110727512292,0.0,13.60034009683917,0.0,9.854510309238783,0.0
Krach,337.8705882352941,0.0,16.849308372103103,0.0,339.01914160679996,0.0,209.0,0.0,129.38595324678107,0.0,11.701394624551982,0.0,14.45683229480096,0.0,9.070707167576726,0.0,728.6643000549476,0.0,110.54522658514567,0.0,77.78625515992758,0.0,5.129099106208046,0.0,9.722204399454778,0.0,1057.1548806403496,0.0,478.9354883896468,0.0,11.701394624821408,0.0,11.41033461670868,0.0,8.020844064632701,0.0
Kraft,306.0509803921568,0.0,16.13228808800067,0.0,356.4449571154366,0.0,237.0,0.0,148.54247475115625,0.0,12.282868978816131,0.0,15.394804318340652,0.0,9.76375622297096,0.0,727.0968371088193,0.0,122.33450332998669,0.0,86.06477970904558,0.0,8.543392224447773,0.0,10.930382306362798,0.0,960.2927601632964,0.0,804.7638622425541,0.0,12.282868994751704,0.0,11.885017584963338,0.0,8.634682861886345,0.0
Krahz,348.63529411764705,0.0,17.199332980637774,0.0,348.02909374130945,0.0,224.0,0.0,139.6439109858453,0.0,12.048202823033103,0.0,14.966629547095765,0.0,9.458250157667582,0.0,728.5427766223947,0.0,127.26215284914112,0.0,92.99181367784207,0.0,4.074818886185687,0.0,15.46448328185988,0.0,860.8123966723261,0.0,664.2758421945628,0.0,12.048202826530016,0.0,11.89667515733753,0.0,8.383002341526721,0.0
Krant,319.9019607843137,0.0,16.494574038234713,0.0,338.3801397359158,0.0,217.0,0.0,133.5317540151127,0.0,11.716854254731906,0.0,14.730919862656235,0.0,9.15623935965668,0.0,724.5492859120664,0.0,97.79257530693981,0.0,63.5371509409582,0.0,6.596986950912143,0.0,8.492890723396835,0.0,1537.6713062347403,0.0,1162.286809350163,0.0,11.716854265279844,0.0,11.419687231283746,0.0,8.088924036313422,0.0
Krdnt,345.79999999999995,0.0,17.25476069460889,0.0,356.34618088457916,0.0,245.0,0.0,155.1984646867142,0.0,12.407765360565552,0.0,15.652475842498529,0.0,10.07280456802465,0.0,845.0147970039708,0.0,132.61797998388425,0.0,103.20513949624218,0.0,5.869438968788357,0.0,10.450288982702624,0.0,2338.7744508688875,0.0,1411.0055765026484,0.0,12.407765361759044,0.0,12.593184798960706,0.0,9.084380769461179,0.0
Krech,336.6,0.0,16.879064150978312,0.0,340.8419723389826,0.0,205.0,0.0,126.81347792869025,0.0,11.709311617310844,0.0,14.317821063276353,0.0,8.979458002683547,0.0,728.5888995355945,0.0,108.07693424760784,0.0,76.25689518391357,0.0,5.204588842601167,0.0,9.958835541782058,0.0,1413.684264405762,0.0,596.9044352328173,0.0,11.70931161786171,0.0,11.275547772825062,0.0,7.886641913679383,0.0
Krenk,360.6901960784313,0.0,17.487415588359976,0.0,351.0922729493815,0.0,229.0,0.0,143.1428224711332,0.0,12.11234000038362,0.0,15.132745950421556,0.0,9.586964492145581,0.0,728.9102850479492,0.0,139.10511591420035,0.0,95.49989747863326,0.0,5.40977165073366,0.0,10.645675825544545,0.0,1804.9970458334953,0.0,1217.343322712914,0.0,12.112340010524148,0.0,11.828388972079532,0.0,8.537054003281428,0.0
Krenz,333.0588235294118,0.0,16.888632204285866,0.0,339.759778139535,0.0,207.0,0.0,126.89112045203585,0.0,11.682564396106299,0.0,14.38749456993816,0.0,8.922940696628727,0.0,726.9993375423313,0.0,117.98136099891724,0.0,85.42430054959458,0.0,4.077149218150929,0.0,14.531907547327117,0.0,1799.315490858749,0.0,1216.8816394726668,0.0,11.682564406712125,0.0,11.266089939508559,0.0,7.793648721396903,0.0
Kreta,308.71764705882356,0.0,16.20113437677111,0.0,337.2414313212546,0.0,214.0,0.0,130.66656110881638,0.0,11.627953255097209,0.0,14.628738838327793,0.0,9.0284934855289,0.0,724.6340350740999,0.0,98.61473490939433,0.0,64.03482496356382,0.0,7.14737054327899,0.0,9.118123257502452,0.0,3712.6638436990606,0.0,742.3224231560085,0.0,11.62795325353765,0.0,11.399314758869702,0.0,7.91990796879498,0.0
Kreuz,329.964705882353,0.0,16.826987623909222,0.0,342.19428826741927,0.0,211.0,0.0,128.6110225613029,0.0,11.727622408064938,0.0,14.52583904633395,0.0,8.95753152116981,0.0,727.0877304401376,0.0,118.89349318459108,0.0,85.73090630531662,0.0,4.303965801490387,0.0,15.19750550512124,0.0,4802.588989318437,0.0,1552.95511950346,0.0,11.727622418351807,0.0,11.276832114778623,0.0,7.773222341487343,0.0
Krgtc,336.19607843137254,0.0,16.877613144391873,0.0,369.3614346688696,0.0,244.0,0.0,154.9954016192736,0.0,12.60701732962487,0.0,15.620499351813308,0.0,10.096610542516084,0.0,2328.1160166724285,0.0,253.42590850725247,0.0,184.5065421301455,0.0,8.194117273014568,0.0,19.404659651668034,0.0,3671.3496491793176,0.0,687.3355720329986,0.0,12.607017328337708,0.0,12.422432170103896,0.0,8.964584955099753,0.0
Krimi,343.62745098039215,0.0,17.176385978840766,0.0,421.63908637115975,0.0,314.0,0.0,210.5034275254923,0.0,14.365851694474857,0.0,17.72004514666935,0.0,12.107790814320786,0.0,780.2307281210294,0.0,326.3463283023106,0.0,243.97059636065876,0.0,5.608046096275116,0.0,10.304263064697416,0.0,3288.657734343716,0.0,746.2285024089031,0.0,14.365851702017377,0.0,14.323901721616318,0.0,11.129558573171128,0.0
Krims,351.3058823529411,0.0,17.27505374051824,0.0,406.3367929851277,0.0,287.0,0.0,191.28696994975908,0.0,13.882158455448444,0.0,16.941074346097416,0.0,11.514608582565035,0.0,779.1526392696506,0.0,322.3646414670255,0.0,241.11367339912726,0.0,5.501104637892027,0.0,9.534792787673966,0.0,3288.3041589077748,0.0,745.7087580393464,0.0,13.882158463005537,0.0,13.831629369149192,0.0,10.532669852053802,0.0
Kripo,341.16078431372546,0.0,17.067755155600242,0.0,361.3783725193224,0.0,238.0,0.0,152.33373261737555,0.0,12.495078828380692,0.0,15.427248620541512,0.0,10.027654475164097,0.0,825.7648199547251,0.0,180.19685415306014,0.0,150.8768161824276,0.0,4.957450589669303,0.0,11.764892111974378,0.0,2022.4078607164356,0.0,694.3911321273914,0.0,12.495078839214857,0.0,12.356094532229811,0.0,9.011575244776544,0.0
Krise,300.34117647058827,0.0,16.004895925290878,0.0,339.35953732725375,0.0,198.0,0.0,122.4440235628882,0.0,11.657055121926131,0.0,14.071247279470288,0.0,8.801870208514803,0.0,724.9331329585507,0.0,94.6570983350327,0.0,62.14191845183471,0.0,6.84473354014491,0.0,8.571933753105524,0.0,1457.7852731670325,0.0,633.6137356524264,0.0,11.657055124658289,0.0,10.63098778674279,0.0,7.633766297018156,0.0
Krkmb,424.45098039215685,0.0,18.972475662301747,0.0,431.9175949548194,0.0,334.0,0.0,225.77084308596054,0.0,14.691626091987406,0.0,18.275666882497067,0.0,12.614796786971171,0.0,788.408473227993,0.0,356.59025195380013,0.0,264.7665294009641,0.0,5.806754926228395,0.0,18.434056699703888,0.0,4216.364828791303,0.0,978.5127873202692,0.0,14.69162609783609,0.0,15.400654589557359,0.0,11.66423995598397,0.0
Krlth,324.0901960784314,0.0,16.724985395687703,0.0,372.3616889795986,0.0,262.0,0.0,168.6514001938379,0.0,12.92727832447788,0.0,16.186414056238647,0.0,10.578578649996569,0.0,729.4359086230271,0.0,124.7552947123861,0.0,91.2953088921218,0.0,6.649513777242874,0.0,11.132349190011082,0.0,3730.9241500183116,0.0,720.4926772479458,0.0,12.927278319605156,0.0,12.695903314902633,0.0,9.574769775277662,0.0
Krmns,378.4549019607843,0.0,17.894551223084257,0.0,392.74798535688467,0.0,270.0,0.0,178.65056032050705,0.0,13.489164162271127,0.0,16.431676725154983,0.0,11.089332668098496,0.0,762.6500548752081,0.0,276.10069450769817,0.0,203.7699360673788,0.0,5.171807507289191,0.0,9.985986080842748,0.0,1714.0177188807688,0.0,1772.4471301946662,0.0,13.489164169145493,0.0,13.615519194656741,0.0,10.134257505292485,0.0
Krnns,338.6745098039216,0.0,16.956957065635265,0.0,330.0596526039833,0.0,202.0,0.0,122.65042290632316,0.0,11.387809983727117,0.0,14.212670403551895,0.0,8.713699296230377,0.0,724.0984467054265,0.0,91.264252233026,0.0,58.79515819913197,0.0,4.552278290889079,0.0,8.884241945566368,0.0,1889.771558732403,0.0,1151.573734120476,0.0,11.387809995038081,0.0,11.107618914767787,0.0,7.669801806520572,0.0
Krnss,319.2039215686275,0.0,16.40579646441099,0.0,331.8036675278659,0.0,193.0,0.0,117.92281912351868,0.0,11.392332840456636,0.0,13.892443989449804,0.0,8.580812658026144,0.0,724.654939109435,0.0,92.44977692892684,0.0,60.43254320206905,0.0,6.972218296897543,0.0,9.296173621680255,0.0,1433.0416111861075,0.0,416.6592810683679,0.0,11.392332841661222,0.0,10.671432567001347,0.0,7.413464773027862,0.0
Krntj,315.3294117647059,0.0,16.47378727102952,0.0,374.5193222160128,0.0,260.0,0.0,166.7219916687591,0.0,12.892358890191328,0.0,16.1245154965971,0.0,10.50896281912199,0.0,70965.06179802895,0.0,4120.8329199788695,0.0,3558.8534211599326,0.0,7.41977614803304,0.0,43.498651728056565,0.0,3761.1433369466745,0.0,640.2433830719881,0.0,12.892358888166031,0.0,12.592021469675348,0.0,9.478434189191713,0.0
Krtht,315.7921568627451,0.0,16.462252325668775,0.0,360.6346092064805,0.0,240.0,0.0,152.08664733689164,0.0,12.477518227647577,0.0,15.491933384829668,0.0,9.939787701254708,0.0,726.3972478884046,0.0,108.45334612102481,0.0,74.18918186011076,0.0,6.711884674211652,0.0,10.79463091540981,0.0,1430.687996813406,0.0,1370.0172071433556,0.0,12.477518230595772,0.0,12.106801772141532,0.0,8.860726939955391,0.0
Kruhs,349.8862745098039,0.0,17.23527716432725,0.0,341.7837416613329,0.0,220.0,0.0,135.03697494418344,0.0,11.806428088509964,0.0,14.832396974191326,0.0,9.21938513342183,0.0,725.6203366136738,0.0,101.25863099069286,0.0,67.89707853357302,0.0,4.107342105788467,0.0,10.529955699128028,0.0,2004.70055954992,0.0,933.0867497308831,0.0,11.806428091885772,0.0,11.715581083286837,0.0,8.152205081155705,0.0
Kruns,335.5803921568628,0.0,16.89556177489669,0.0,331.6915953273759,0.0,207.0,0.0,124.85665972846478,0.0,11.424951703249697,0.0,14.38749456993816,0.0,8.76381762514853,0.0,724.1465390193752,0.0,92.28694246678357,0.0,59.12219900682086,0.0,4.6366257156086315,0.0,9.053455705437162,0.0,2373.766475410646,0.0,1335.3824218560212,0.0,11.424951714536972,0.0,11.211891068112854,0.0,7.68501780396487,0.0
Krvtn,313.47843137254904,0.0,16.374957202253224,0.0,357.2775531636304,0.0,246.0,0.0,154.02749444538927,0.0,12.352644355386277,0.0,15.684387141358123,0.0,9.928147000444564,0.0,727.9006824986138,0.0,128.08331770636747,0.0,86.86743358569983,0.0,6.578267513243717,0.0,13.524045037640057,0.0,4884.04187578619,0.0,1231.9455026355213,0.0,12.352644352782022,0.0,12.148312486006747,0.0,8.835032315533425,0.0
Kröte,325.81176470588235,0.0,16.636041990751032,0.0,348.4540356304987,0.0,220.0,0.0,137.36847140894076,0.0,11.98988337489798,0.0,14.832396974191326,0.0,9.389375911717524,0.0,732.6831508350108,0.0,144.02239778313958,0.0,113.46471167473591,0.0,6.068051749012591,0.0,19.156907216485056,0.0,5349.71398911732,0.0,3186.4007383226863,0.0,11.989883372814923,0.0,11.686249390747689,0.0,8.29843507037629,0.0
Kshlm,399.80000000000007,0.0,18.47071437449123,0.0,424.1199755408147,0.0,321.0,0.0,217.818009087154,0.0,14.510870629211489,0.0,17.916472867168917,0.0,12.420172595702182,0.0,855.4062099611376,0.0,484.0717316138484,0.0,374.1949391106642,0.0,5.5496619706303765,0.0,15.033392620024506,0.0,2203.293999846074,0.0,1724.0544464659454,0.0,14.510870667344088,0.0,15.011251423499731,0.0,11.474849312252893,0.0
Kstzt,295.18431372549026,0.0,15.931485369132954,0.0,352.5854424655728,0.0,218.0,0.0,137.62428262507,0.0,12.136871421953966,0.0,14.7648230602334,0.0,9.429351543589082,0.0,728.1606793146502,0.0,122.96611704770721,0.0,87.99315458841572,0.0,9.92783567406446,0.0,14.269739118888813,0.0,2999.044378704035,0.0,1349.2394330602585,0.0,12.136871421321548,0.0,11.349670659255857,0.0,8.221562637072445,0.0
Kthxb,375.03921568627453,0.0,17.92839403215156,0.0,377.5712388604055,0.0,273.0,0.0,176.96301047749353,0.0,13.109956784252958,0.0,16.522711641858304,0.0,10.889128479630692,0.0,735.4739002356943,0.0,175.7080789671009,0.0,126.7348840438547,0.0,3.9594367021532784,0.0,44.34705738629417,0.0,5054.066873417683,0.0,713.65208085721,0.0,13.109956787886963,0.0,13.42472649038659,0.0,9.853590727545487,0.0
Kubul,371.79215686274506,0.0,17.972249530091023,0.0,356.80594444579253,0.0,238.0,0.0,152.76131399275852,0.0,12.451010672547113,0.0,15.427248620541512,0.0,10.074032756012578,0.0,729.4516127936905,0.0,133.45007334205857,0.0,101.90720523384927,0.0,6.000069120976752,0.0,11.602942797139912,0.0,4782.671199154732,0.0,1524.3117115108705,0.0,12.45101068190098,0.0,12.354450696785243,0.0,9.060654709866698,0.0
Kubus,372.3529411764706,0.0,17.864824570637087,0.0,334.0799396889392,0.0,203.0,0.0,125.74369798036138,0.0,11.570229064324664,0.0,14.247806848775006,0.0,8.94726136877806,0.0,726.0605915476871,0.0,107.68908103171046,0.0,74.63340398416332,0.0,5.792037624186179,0.0,10.639272782587758,0.0,4776.864741838269,0.0,1521.5992482509844,0.0,11.570229074584867,0.0,11.476731219499527,0.0,7.881701225008353,0.0
Kufen,357.0862745098039,0.0,17.50227886518831,0.0,334.60059960098454,0.0,199.0,0.0,122.71680070623836,0.0,11.546443919679312,0.0,14.106735979665885,0.0,8.794766782875657,0.0,726.4901606050811,0.0,113.75125967399705,0.0,81.70647204559111,0.0,4.507254299667031,0.0,11.945630268618276,0.0,2096.8533990896854,0.0,1787.5096263931046,0.0,11.5464439274471,0.0,11.192803244500388,0.0,7.750013883461639,0.0
Kugel,381.9529411764706,0.0,18.13342153448934,0.0,366.9309729950069,0.0,230.0,0.0,150.18279164068176,0.0,12.642659033115168,0.0,15.165750888103101,0.0,10.099736964757911,0.0,2327.572910751765,0.0,259.6323725721039,0.0,193.3021536433431,0.0,6.353772202198865,0.0,10.09422942632501,0.0,1195.148005609892,0.0,549.7508520753495,0.0,12.642659038284416,0.0,12.260044743522911,0.0,9.031769275136341,0.0
Kulis,315.4705882352941,0.0,16.52362190133197,0.0,349.4924527486884,0.0,216.0,0.0,137.52379182156133,0.0,12.123679875226754,0.0,14.696938456699069,0.0,9.478552154507687,0.0,725.3961919660763,0.0,101.85553719774686,0.0,70.86474625577104,0.0,10.033888794773,0.0,8.657758409955752,0.0,2751.6425882359495,0.0,1222.965218046652,0.0,12.123679921331586,0.0,11.333425696609854,0.0,8.442733338014941,0.0
Kunst,334.321568627451,0.0,16.914436958527197,0.0,332.4033408654649,0.0,198.0,0.0,121.3869348537979,0.0,11.463118577420929,0.0,14.071247279470288,0.0,8.71221493420154,0.0,724.4746378712401,0.0,89.77501051627344,0.0,58.10888302291974,0.0,10.0959799655767,0.0,8.621670502846465,0.0,1407.1166709478002,0.0,398.84192466726677,0.0,11.463118577391077,0.0,10.879214017220146,0.0,7.549425611228979,0.0
Kuppe,401.9333333333334,0.0,18.566412688589832,0.0,347.83776136366487,0.0,207.0,0.0,133.08883813473008,0.0,12.064557243875969,0.0,14.38749456993816,0.0,9.447177558512141,0.0,925.2041860045962,0.0,225.93106886450605,0.0,200.89219799813836,0.0,3.327647855420238,0.0,11.446905372741679,0.0,1671.0895336215299,0.0,476.8933947435138,0.0,12.064557255507536,0.0,11.907690466052962,0.0,8.431275595761772,0.0
Kurie,316.71764705882356,0.0,16.506560624099215,0.0,332.70111983110735,0.0,192.0,0.0,117.51496140794191,0.0,11.455530842778913,0.0,13.856406460551018,0.0,8.57107413584193,0.0,724.2138442950336,0.0,90.21876447444306,0.0,57.59745491921589,0.0,8.708150362769892,0.0,8.237291115472727,0.0,2965.3559236856095,0.0,1760.504734285179,0.0,11.455530887322078,0.0,10.632642282938072,0.0,7.435757418439296,0.0
Kuron,349.71764705882356,0.0,17.255043671432343,0.0,328.4992133105462,0.0,199.0,0.0,120.96115498106096,0.0,11.35075749362655,0.0,14.106735979665885,0.0,8.659319292393173,0.0,724.667160654347,0.0,96.80835204773575,0.0,62.207641843176994,0.0,4.994481881317041,0.0,8.921374717125367,0.0,1944.9635031716386,0.0,1361.9146721368934,0.0,11.350757497704562,0.0,11.197185360271872,0.0,7.574726099205962,0.0
Kurse,324.39607843137253,0.0,16.609207990772415,0.0,322.466129158533,0.0,167.0,0.0,101.21500892247279,0.0,11.037972428191848,0.0,12.922847983320086,0.0,7.915697473035072,0.0,724.2775167979579,0.0,85.38581677569003,0.0,54.713838319364186,0.0,7.595564375526815,0.0,8.409351094849919,0.0,1733.400722339837,0.0,1371.537803813895,0.0,11.037972429441304,0.0,9.878793672295318,0.0,6.652285663993701,0.0
Kuwel,365.80784313725485,0.0,17.73323316914588,0.0,377.61869453825756,0.0,250.0,0.0,165.63936389921497,0.0,13.091448009844537,0.0,15.811388300841896,0.0,10.676474318764225,0.0,990.9040826219027,0.0,239.03755670447728,0.0,193.7489072721698,0.0,6.838092880559271,0.0,13.646405078721346,0.0,2538.451363789119,0.0,481.74020508852516,0.0,13.091448012884486,0.0,12.358369460474211,0.0,9.637097229711253,0.0
Kvrls,302.3058823529412,0.0,16.077013806471868,0.0,363.425865992824,0.0,237.0,0.0,152.37767518958572,0.0,12.561863047589238,0.0,15.394804318340652,0.0,10.040031432965895,0.0,735.0682848102147,0.0,206.74300778055084,0.0,136.9641620102169,0.0,8.94850216988449,0.0,22.922721579416844,0.0,2665.940204881705,0.0,2172.2739039623402,0.0,12.561863088794837,0.0,11.763982352936017,0.0,8.955102195659897,0.0
Kzbrl,337.0078431372549,0.0,17.09257198073393,0.0,372.09730301042345,0.0,247.0,0.0,161.25236533275006,0.0,12.911921075580933,0.0,15.716233645501712,0.0,10.451057471373288,0.0,734.1583645091605,0.0,162.57422533784975,0.0,129.849715118454,0.0,8.55704078213546,0.0,22.625166047995595,0.0,4677.077218931401,0.0,471.2942570108941,0.0,12.911921074437219,0.0,12.36124138081713,0.0,9.388210268777048,0.0
Kzchp,376.45098039215685,0.0,17.904394310898606,0.0,360.4151109707257,0.0,226.0,0.0,145.41704718786838,0.0,12.438061432440508,0.0,15.033296378372908,0.0,9.855429073101751,0.0,1439.6000460727576,0.0,381.52213845709275,0.0,359.01825327936683,0.0,5.137022464363113,0.0,26.245664920489126,0.0,747.0651388305823,0.0,614.990574300385,0.0,12.438061435596232,0.0,12.168552856316357,0.0,8.79617116981164,0.0
Kzntn,342.9843137254902,0.0,17.188900060064757,0.0,344.3729623420332,0.0,230.0,0.0,141.94071158409653,0.0,11.94421364937297,0.0,15.165750888103101,0.0,9.468395572658833,0.0,728.649150201941,0.0,130.41841515395404,0.0,99.01236375691303,0.0,5.6243402915274014,0.0,21.577667039142554,0.0,3710.234698588466,0.0,605.5147384683125,0.0,11.944213647300447,0.0,11.869389211152596,0.0,8.421729444949271,0.0
Kämme,456.1882352941177,0.0,19.621002642922498,0.0,446.78797315429017,0.0,332.0,0.0,229.98774179091996,0.0,15.103877138653129,0.0,18.2208671582886,0.0,12.919852888960516,0.0,816.1289538363378,0.0,419.0151797531122,0.0,313.1863349540702,0.0,4.142624419443703,0.0,11.438441924079811,0.0,3165.6574062763552,0.0,1497.4050995025407,0.0,15.103877142854156,0.0,15.939607293089873,0.0,12.033861978982332,0.0
Kästä,342.6078431372549,0.0,16.94051242344166,0.0,342.44507374201174,0.0,208.0,0.0,131.89310796327328,0.0,11.880193457235926,0.0,14.422205101855956,0.0,9.288948730073214,0.0,762.1033622359781,0.0,286.7991329534811,0.0,239.58280692619581,0.0,7.156358585294546,0.0,70.76107502993557,0.0,3618.2338416767243,0.0,852.5824864008075,0.0,11.880193454447477,0.0,11.78164005945557,0.0,8.26806934948621,0.0
Köche,370.8509803921569,0.0,17.67716342861514,0.0,334.0751871559569,0.0,184.0,0.0,114.93545960859878,0.0,11.488658041609074,0.0,13.564659966250536,0.0,8.593096602921552,0.0,728.4299829917619,0.0,110.05043940616534,0.0,79.57161514373803,0.0,4.55584106337871,0.0,13.66418471098949,0.0,978.6895766491504,0.0,849.9755580568457,0.0,11.488658044794349,0.0,10.900956651440467,0.0,7.466639285340957,0.0
Köhns,387.2313725490196,0.0,18.07518919504731,0.0,338.2351669622801,0.0,203.0,0.0,127.36164227497363,0.0,11.721775014609204,0.0,14.247806848775006,0.0,9.060874715978148,0.0,727.8159055545535,0.0,112.77647289872772,0.0,81.87324607339669,0.0,5.97291395211602,0.0,13.599087588211521,0.0,1682.947249110681,0.0,1299.8360030289546,0.0,11.72177502682922,0.0,11.54866201648455,0.0,8.007445376545663,0.0
König,396.29411764705884,0.0,18.355594328085783,0.0,371.38674587554846,0.0,251.0,0.0,161.66807509455631,0.0,12.763471365178672,0.0,15.84297951775486,0.0,10.385410473096295,0.0,4257.2895319405425,0.0,429.58485636516764,0.0,326.2901531458771,0.0,4.559691162639115,0.0,14.65618368793113,0.0,2809.967706194897,0.0,1307.0510054916394,0.0,12.76347140262973,0.0,12.919397325898085,0.0,9.336624803311778,0.0
Köntö,371.2470588235294,0.0,17.718109690251126,0.0,352.98700990515835,0.0,232.0,0.0,146.8967614527563,0.0,12.213981687337935,0.0,15.231546211727817,0.0,9.784036016029672,0.0,769.9381052738358,0.0,326.1406005068047,0.0,262.42117788961264,0.0,5.7021627504946295,0.0,124.47903889341984,0.0,3784.042534691673,0.0,857.6349008787058,0.0,12.213918481581631,0.0,12.401279590974623,0.0,8.72803368860412,0.0
Körso,340.52156862745096,0.0,16.885200279119424,0.0,338.5434423197879,0.0,191.0,0.0,120.0626830051857,0.0,11.645261370100634,0.0,13.820274961085254,0.0,8.79901820895789,0.0,728.6595480354183,0.0,118.37183547358727,0.0,84.35567383216816,0.0,7.229216853472991,0.0,13.69813676728219,0.0,1779.312192651062,0.0,1491.1702493769872,0.0,11.645261370828665,0.0,10.970494259028763,0.0,7.570847934915002,0.0
Körzo,346.0901960784314,0.0,17.09946522205974,0.0,344.68616787207736,0.0,199.0,0.0,125.35274301927817,0.0,11.855770224641667,0.0,14.106735979665885,0.0,9.005253551472212,0.0,729.6452300209409,0.0,129.0634875133649,0.0,93.97979785088003,0.0,6.417309116228736,0.0,15.100946538449714,0.0,3185.3215701936315,0.0,1572.9988494148038,0.0,11.85577022455293,0.0,11.240831744135916,0.0,7.779129265804631,0.0
Köthö,385.5529411764706,0.0,18.042344144750174,0.0,362.31595408368355,0.0,235.0,0.0,152.09580279309802,0.0,12.553670311203916,0.0,15.329709716755891,0.0,10.07299546524806,0.0,771.3533158471162,0.0,328.58820541256637,0.0,264.51128350743284,0.0,4.1499186547792135,0.0,124.6654252904576,0.0,1498.5964129746876,0.0,1488.4543980274525,0.0,12.553608820931219,0.0,12.646295480067671,0.0,9.019792711395835,0.0
Kübel,376.21568627450984,0.0,18.0352890014446,0.0,359.6363240491005,0.0,228.0,0.0,148.89074492525853,0.0,12.520448693194167,0.0,15.0996688705415,0.0,10.045890780449756,0.0,731.5236575782619,0.0,143.24197102195802,0.0,112.07522450331446,0.0,7.630221017674567,0.0,12.49402928820033,0.0,1250.645542522242,0.0,710.6555846790875,0.0,12.520448699366007,0.0,12.258345992846536,0.0,9.050481458071593,0.0
Küche,373.0901960784314,0.0,17.790619544885157,0.0,335.3958432884358,0.0,188.0,0.0,116.9874207978657,0.0,11.535881995649506,0.0,13.711309200802088,0.0,8.654839826325574,0.0,728.090724797205,0.0,108.61028487320591,0.0,78.49107664061825,0.0,4.574566897993128,0.0,11.969483216176979,0.0,905.1728304464007,0.0,769.7846227710031,0.0,11.535881999277208,0.0,10.967554310940347,0.0,7.5603247354545235,0.0
Küken,397.1803921568627,0.0,18.368806197954832,0.0,347.352488438578,0.0,215.0,0.0,135.77384001101416,0.0,12.018030043495674,0.0,14.66287829861518,0.0,9.388975075941643,0.0,729.0853248846602,0.0,137.11435573520433,0.0,96.71434385890309,0.0,3.975512135055464,0.0,12.570089036422164,0.0,3006.976783302871,0.0,1023.8146885936426,0.0,12.018030049988136,0.0,11.80157644741338,0.0,8.356339666145951,0.0
Küsse,344.5098039215686,0.0,17.063389968030283,0.0,329.3359879377868,0.0,171.0,0.0,106.43577385242921,0.0,11.289251868752274,0.0,13.076696830622021,0.0,8.249908863517712,0.0,726.8944499756528,0.0,104.43629444406481,0.0,75.09620262136124,0.0,7.847601451449846,0.0,11.171761442716475,0.0,998.4639594825167,0.0,758.1779108310158,0.0,11.28925186985989,0.0,10.214533784357391,0.0,7.003866086367927,0.0
Küste,335.65098039215684,0.0,16.920097180019827,0.0,337.6738815862285,0.0,193.0,0.0,120.63941060383925,0.0,11.628920276834007,0.0,13.892443989449804,0.0,8.799083912241612,0.0,726.814491427371,0.0,108.1464616747521,0.0,77.39482214199656,0.0,8.999139948231658,0.0,11.078238986448753,0.0,3613.695492234467,0.0,892.7062439842166,0.0,11.628920273924296,0.0,10.905834766526025,0.0,7.655570586956459,0.0
Labor,313.15294117647056,0.0,16.296156640786606,0.0,316.7911015542103,0.0,152.0,0.0,93.18687249097526,0.0,10.82573883050949,0.0,12.328828005937952,0.0,7.687444989112821,0.0,726.1564142729034,0.0,103.89367620462245,0.0,72.38324341121823,0.0,5.259791359441775,0.0,10.478471606713988,0.0,1712.2953306231527,0.0,454.4554203185564,0.0,10.82573883693826,0.0,9.799993967330636,0.0,6.6778577603298634,0.0
Lachs,302.92941176470595,0.0,15.933619992305829,0.0,306.2041729096967,0.0,119.0,0.0,71.78538469222133,0.0,10.33554214647127,0.0,10.908712114635714,0.0,6.671657279871345,0.0,725.1569686520559,0.0,77.16585570612273,0.0,51.31171544996561,0.0,4.828861027480845,0.0,9.3701432248767,0.0,1225.4196522089628,0.0,625.1771641843079,0.0,10.335542149639583,0.0,8.356509692757935,0.0,5.554322119477419,0.0
Lacht,294.0705882352941,0.0,15.780071528337455,0.0,317.3682767613443,0.0,141.0,0.0,86.5465348138425,0.0,10.794849529400773,0.0,11.874342087037917,0.0,7.3877795186151705,0.0,725.4762537048961,0.0,82.3316543294476,0.0,55.07241801120016,0.0,4.574691468006532,0.0,9.360669375947543,0.0,1226.593480772299,0.0,626.9735050209442,0.0,10.794849532497631,0.0,9.043718528993924,0.0,6.298555932293629,0.0
Laden,337.5607843137255,0.0,17.004759041672994,0.0,310.0679908642496,0.0,149.0,0.0,91.25116424099497,0.0,10.671245241190245,0.0,12.206555615733702,0.0,7.624404910576104,0.0,843.5837482232007,0.0,113.43605141681773,0.0,91.23753060873817,0.0,5.425421634725256,0.0,8.821171653487049,0.0,2140.123781041598,0.0,939.6080172855364,0.0,10.671245238565854,0.0,10.066845775591498,0.0,6.749213528780684,0.0
Lader,310.4901960784314,0.0,16.28698364390533,0.0,313.6668218987986,0.0,140.0,0.0,86.13076457899626,0.0,10.722727973122073,0.0,11.832159566199232,0.0,7.433190792491295,0.0,843.7000200765315,0.0,113.07665670340258,0.0,91.25285284982425,0.0,5.643652957505475,0.0,9.078055599992377,0.0,2142.735154859712,0.0,939.6915818589882,0.0,10.722727969728096,0.0,9.428847995719531,0.0,6.467831864648501,0.0
Lager,325.55294117647054,0.0,16.595700355232413,0.0,327.5862269952722,0.0,145.0,0.0,90.51231922205704,0.0,11.065444048709482,0.0,12.041594578792296,0.0,7.681230458683855,0.0,2326.3229625342897,0.0,243.13691702738691,0.0,177.66664815183492,0.0,7.081300773706021,0.0,9.038786069846024,0.0,1433.7057885158504,0.0,543.6179484458885,0.0,11.065444056214021,0.0,9.488234071926454,0.0,6.572689247276427,0.0
Lagos,339.00392156862745,0.0,16.864386605010125,0.0,327.3889871575766,0.0,154.0,0.0,96.47221290829332,0.0,11.093785301111506,0.0,12.409673645990857,0.0,7.940476180494332,0.0,2326.549469809102,0.0,246.3895759098397,0.0,179.79592192893253,0.0,6.415765774170597,0.0,9.742086810826631,0.0,1669.4057050387948,0.0,453.76914606827535,0.0,11.093785307375072,0.0,10.134935943760746,0.0,6.86180952142773,0.0
Lahfa,323.3019607843137,0.0,16.518921612557826,0.0,323.2318458045473,0.0,167.0,0.0,102.34517660017278,0.0,11.07793920447686,0.0,12.922847983320086,0.0,8.039420600003217,0.0,726.9738758374139,0.0,110.66381651237975,0.0,79.81242724529575,0.0,4.5125274680156275,0.0,12.173458518855618,0.0,1389.116833181761,0.0,812.4883097585644,0.0,11.07793922468689,0.0,10.240771227989915,0.0,7.01992073938799,0.0
Lahna,337.15294117647056,0.0,16.872908018192607,0.0,305.1670284250265,0.0,147.0,0.0,87.33445586412924,0.0,10.446843556498342,0.0,12.12435565298214,0.0,7.289586216890374,0.0,724.4258922292244,0.0,82.72930173315027,0.0,54.77085708762635,0.0,4.845522715695331,0.0,9.575490412097585,0.0,1836.787593466656,0.0,1167.7171478237817,0.0,10.44684356988473,0.0,9.696855613473032,0.0,6.336578817351894,0.0
Laibe,307.22352941176473,0.0,16.253944956335943,0.0,316.656979371674,0.0,146.0,0.0,90.22710865979278,0.0,10.839083666209305,0.0,12.083045973594572,0.0,7.592362963910104,0.0,725.6395257453455,0.0,98.77464310594958,0.0,68.50590671846533,0.0,5.447440652195324,0.0,10.233497538405361,0.0,2300.4112238143043,0.0,609.4500515948592,0.0,10.839083673714828,0.0,9.44858293388506,0.0,6.591064309210506,0.0
Laici,253.79607843137256,0.0,14.734271160661773,0.0,320.3598909865482,0.0,140.0,0.0,86.78346629302968,0.0,10.887383903842725,0.0,11.832159566199232,0.0,7.430910417083843,0.0,725.2506484760019,0.0,84.99940235873507,0.0,56.064665288132446,0.0,4.755801519316187,0.0,10.733756578738468,0.0,1733.4533903665656,0.0,646.0791245385252,0.0,10.887383906630342,0.0,8.533697400039728,0.0,6.38679251355346,0.0
Lakai,309.42745098039217,0.0,16.14899580034242,0.0,329.0906887717215,0.0,163.0,0.0,103.12579175136895,0.0,11.30228318634736,0.0,12.767145334803704,0.0,8.199240084183048,0.0,727.3557965733493,0.0,124.8998995037438,0.0,84.9506734794574,0.0,5.357900029945852,0.0,11.023572024947264,0.0,4318.659055128967,0.0,1413.7899552871754,0.0,11.302283188372165,0.0,9.71829159515666,0.0,7.169720339829764,0.0
Laken,335.3058823529411,0.0,16.839868202925096,0.0,314.84303763636603,0.0,145.0,0.0,88.70229284609282,0.0,10.748267380957882,0.0,12.041594578792296,0.0,7.469865126233248,0.0,726.0375693271214,0.0,112.79334122000749,0.0,75.28386428771168,0.0,5.108217062516344,0.0,9.980695240373862,0.0,3116.8519055584634,0.0,919.7587204841194,0.0,10.748267387735522,0.0,9.435495029765496,0.0,6.472286595765297,0.0
Lampe,376.85490196078433,0.0,17.890256251456858,0.0,371.9151506561591,0.0,205.0,0.0,139.0869221652584,0.0,12.777356828309816,0.0,14.317821063276353,0.0,9.973505840172775,0.0,856.8613401947465,0.0,304.8739964242894,0.0,239.022105394844,0.0,7.22864735013572,0.0,11.076995998186355,0.0,1987.7012974878594,0.0,1429.9361573876308,0.0,12.777356835956988,0.0,12.301146282479134,0.0,9.12754221505545,0.0
Lange,352.62352941176465,0.0,17.300672360610182,0.0,321.64165863508975,0.0,148.0,0.0,91.07472388927967,0.0,10.897256212327859,0.0,12.165525060596439,0.0,7.647210870914475,0.0,2478.445097893466,0.0,245.84665828785643,0.0,179.41185714734294,0.0,7.966687058057744,0.0,8.621568548977553,0.0,3386.53634995561,0.0,1330.3188459831536,0.0,10.897256213075316,0.0,9.73226073176473,0.0,6.566283453174088,0.0
Lanze,307.6745098039216,0.0,16.217193186970242,0.0,301.1517044488171,0.0,123.0,0.0,71.18077875236514,0.0,10.13996267740922,0.0,11.090536506409418,0.0,6.482283458649072,0.0,724.2502815093068,0.0,84.12266319494636,0.0,57.79574028852424,0.0,3.415518921066144,0.0,10.762122384179962,0.0,3102.066360800164,0.0,638.9582116699349,0.0,10.139962676315454,0.0,8.433414610769086,0.0,5.290187749949086,0.0
Larve,278.16862745098035,0.0,15.351817252828557,0.0,313.0194612500102,0.0,136.0,0.0,81.6766806240598,0.0,10.591524154664688,0.0,11.661903789690601,0.0,7.086073598787527,0.0,726.8931868693478,0.0,110.91496098582165,0.0,73.91272513863439,0.0,3.514583647830349,0.0,15.117776881473036,0.0,2117.203392656289,0.0,1691.0495863205185,0.0,10.591524154722288,0.0,8.543206223374378,0.0,5.897356534551066,0.0
Lasso,288.48627450980393,0.0,15.518050904772863,0.0,304.62753332091347,0.0,119.0,0.0,72.05786972919343,0.0,10.279378777198936,0.0,10.908712114635714,0.0,6.686554942402242,0.0,725.6076129756489,0.0,87.89355503731558,0.0,58.424356595488,0.0,3.695114857938156,0.0,9.385343391138214,0.0,1304.4352287181673,0.0,618.0755804692299,0.0,10.279378778745166,0.0,8.339431873451103,0.0,5.42259928878615,0.0
Latex,284.2980392156863,0.0,15.564043381036369,0.0,317.2600737555106,0.0,141.0,0.0,85.87036065148877,0.0,10.776742663510637,0.0,11.874342087037917,0.0,7.317981937822683,0.0,724.3250271069896,0.0,88.89856003991859,0.0,58.30400417594059,0.0,4.03315003924224,0.0,20.374977308087555,0.0,1682.056579825517,0.0,1298.6029339891563,0.0,10.776742668488689,0.0,8.867175869190406,0.0,6.1958706650043345,0.0
Laube,331.27843137254905,0.0,16.849327082852426,0.0,307.41527187220606,0.0,145.0,0.0,86.0426299832879,0.0,10.46788903617086,0.0,12.041594578792296,0.0,7.260758886565961,0.0,725.2914722747,0.0,96.40932056702658,0.0,66.06095803024147,0.0,5.701562335314351,0.0,10.387867241925893,0.0,2697.741256415963,0.0,774.9106870467705,0.0,10.467889043418731,0.0,9.62662700976719,0.0,6.223418413380605,0.0
Lauch,319.3058823529412,0.0,16.43746014799361,0.0,310.01779284204235,0.0,144.0,0.0,85.30941975578529,0.0,10.517314374072475,0.0,12.0,0.0,7.210429482751023,0.0,727.309438420682,0.0,90.10118738414336,0.0,63.55489893071475,0.0,6.484080252523337,0.0,9.848546395291802,0.0,2232.7978163550706,0.0,804.9340954248166,0.0,10.517314373771766,0.0,9.406469751117223,0.0,6.1841308546211256,0.0
Lauht,315.64313725490194,0.0,16.430357495906506,0.0,319.47093730511517,0.0,165.0,0.0,99.6355357398356,0.0,10.947061792909345,0.0,12.84523257866513,0.0,7.857598035571621,0.0,724.6624646623612,0.0,84.83982103161635,0.0,56.03634618686486,0.0,5.363945860075091,0.0,10.37507163832831,0.0,2149.1289767218345,0.0,925.7872293552942,0.0,10.94706179601651,0.0,10.012169214149548,0.0,6.836605592418286,0.0
Laute,290.15294117647056,0.0,15.772370100680776,0.0,304.97881526836204,0.0,142.0,0.0,82.30059231182439,0.0,10.320055818776256,0.0,11.916375287812984,0.0,6.970434285868009,0.0,723.2250400208276,0.0,73.536138578655,0.0,44.86766690022252,0.0,3.3455514188465387,0.0,8.518325068734388,0.0,4095.0012136238056,0.0,915.0514165963591,0.0,10.320055816367773,0.0,9.05791162401953,0.0,5.880155819667968,0.0
Lbbst,320.46666666666664,0.0,16.62523801403915,0.0,340.1026008806381,0.0,177.0,0.0,115.10617175962977,0.0,11.744936594919208,0.0,13.30413469565007,0.0,8.833651325344224,0.0,731.4369273037795,0.0,142.8554085190285,0.0,108.69326759883184,0.0,6.850580940699739,0.0,16.697407010310275,0.0,1431.73213641759,0.0,455.697901530067,0.0,11.744936596055954,0.0,10.608519383513961,0.0,7.778145055198564,0.0
Lbmpb,423.5450980392157,0.0,19.07883642235723,0.0,410.2514423089892,0.0,267.0,0.0,186.50738607986136,0.0,14.074009152677762,0.0,16.34013463836819,0.0,11.704774194002706,0.0,867.4815449986305,0.0,345.4500067370418,0.0,269.03665765203766,0.0,6.965046308324538,0.0,22.498186134876182,0.0,1965.2764617872313,0.0,1421.8176587289872,0.0,14.074009158354539,0.0,14.320201308667572,0.0,10.892464615905634,0.0
Lcfnc,279.4901960784314,0.0,15.376180043361702,0.0,322.4969196545476,0.0,151.0,0.0,90.84703803592177,0.0,10.859668051350008,0.0,12.288205727444508,0.0,7.48193134852404,0.0,731.8026682555748,0.0,105.07928589658829,0.0,75.980908344864,0.0,4.3353572152231905,0.0,23.301943911908037,0.0,2536.608949395046,0.0,2063.7101913960005,0.0,10.859668063790467,0.0,9.323642999740446,0.0,6.3811806903432515,0.0
Lcftc,251.1607843137255,0.0,14.600311257366926,0.0,332.57882822687196,0.0,164.0,0.0,100.32307100452735,0.0,11.216951482315421,0.0,12.806248474865697,0.0,7.940023210883184,0.0,732.2739440017563,0.0,109.76416272469399,0.0,79.49112484650314,0.0,3.574528136615025,0.0,23.236127762511632,0.0,4120.42611755903,0.0,1824.6426380373487,0.0,11.216951482563575,0.0,9.593285425801307,0.0,6.812245445862694,0.0
Ldthr,317.5647058823529,0.0,16.546746893472207,0.0,343.1117285300461,0.0,176.0,0.0,114.34773374584543,0.0,11.854125249239301,0.0,13.2664991614216,0.0,8.804960415673143,0.0,2059.9637796800534,0.0,298.57583373143916,0.0,274.1254671539068,0.0,4.894311048801669,0.0,17.074481473981784,0.0,1803.877962597498,0.0,1432.295329412292,0.0,11.854125251843609,0.0,10.356473464770147,0.0,7.822817325244089,0.0
Lebby,352.17254901960786,0.0,17.363643094103935,0.0,348.13500363108096,0.0,189.0,0.0,122.42863317432054,0.0,11.942138250760237,0.0,13.74772708486752,0.0,9.08583891730944,0.0,2391.0927872887905,0.0,193.12899814436312,0.0,134.22830839269997,0.0,6.336425517378625,0.0,11.46432392934657,0.0,2148.268001434385,0.0,432.19417275039325,0.0,11.942138258416994,0.0,11.183787591402444,0.0,8.071039198092455,0.0
Lecks,301.08235294117645,0.0,15.898628310665904,0.0,318.7989695286058,0.0,126.0,0.0,77.80049080350798,0.0,10.722026191948672,0.0,11.224972160321824,0.0,7.033109454365642,0.0,726.5228063557662,0.0,106.19066504233132,0.0,70.25408477822238,0.0,4.713258388848093,0.0,9.369481440705766,0.0,1385.9139380730871,0.0,2114.4425433220595,0.0,10.722026184567948,0.0,8.173337128216678,0.0,5.853135404340711,0.0
Leder,309.2196078431373,0.0,16.31776486567499,0.0,317.4931319905071,0.0,141.0,0.0,86.7027671814968,0.0,10.80906665674435,0.0,11.874342087037917,0.0,7.455911754973899,0.0,843.7742898740337,0.0,112.8004439685686,0.0,91.16891187847278,0.0,5.45976867956197,0.0,9.171476893094976,0.0,2115.801485751036,0.0,921.8062169779706,0.0,10.809066653676245,0.0,9.325921120448115,0.0,6.450333620912442,0.0
Lefte,278.12549019607843,0.0,15.492882368215271,0.0,323.9157381085445,0.0,149.0,0.0,91.0533312815695,0.0,10.970589033246751,0.0,12.206555615733702,0.0,7.563245335473557,0.0,726.2264979985246,0.0,105.33468247771054,0.0,76.88141249763832,0.0,3.332363159143717,0.0,11.95869935807415,0.0,4120.230938003948,0.0,1822.7460483025295,0.0,10.970589033436383,0.0,9.137173122476685,0.0,6.461620784196495,0.0
Legen,351.35294117647055,0.0,17.32965314493624,0.0,327.8137060524318,0.0,155.0,0.0,96.20472148655625,0.0,11.099624255421391,0.0,12.449899597988733,0.0,7.8878907816115715,0.0,2326.307733464936,0.0,243.17602217260077,0.0,177.61567792210718,0.0,5.84213744205356,0.0,8.655220669635742,0.0,1389.2293877966915,0.0,512.0026643180172,0.0,11.099624263229932,0.0,10.02668566206575,0.0,6.8332446874365385,0.0
Lehre,307.54117647058825,0.0,16.211300352874332,0.0,313.17984438991016,0.0,137.0,0.0,81.47730938168978,0.0,10.59157823810048,0.0,11.704699910719626,0.0,7.066101411368427,0.0,724.6813789922171,0.0,80.29836179544668,0.0,54.142373373231194,0.0,4.249865942224182,0.0,9.323285666986074,0.0,4727.987682342603,0.0,409.6196678647726,0.0,10.591578238588427,0.0,8.828730758689687,0.0,5.944164743338189,0.0
Leier,266.08627450980396,0.0,15.146749029130977,0.0,313.24435778441955,0.0,126.0,0.0,75.3065910213734,0.0,10.536943623228685,0.0,11.224972160321824,0.0,6.776972681199214,0.0,723.368109709771,0.0,70.27728182453554,0.0,43.41649747153641,0.0,3.2958354012325435,0.0,8.431474868887593,0.0,1630.6346263339242,0.0,644.4310265100606,0.0,10.53694363013495,0.0,7.915324694302222,0.0,5.62786221299749,0.0
Leine,293.15686274509807,0.0,15.916029655664756,0.0,307.9649242872142,0.0,131.0,0.0,77.5810406222242,0.0,10.41076377531537,0.0,11.445523142259598,0.0,6.840024324193238,0.0,723.183797288101,0.0,69.28442451043405,0.0,42.20264749913688,0.0,4.376808587528764,0.0,7.934722379656393,0.0,2031.246294126478,0.0,1226.6955284650116,0.0,10.410763786632351,0.0,8.462763036501789,0.0,5.777037151696747,0.0
Leite,264.82745098039214,0.0,15.167800634440075,0.0,318.04683285953865,0.0,144.0,0.0,87.05707359082979,0.0,10.782931547428314,0.0,12.0,0.0,7.338297121328089,0.0,723.6606859972053,0.0,76.20266776076936,0.0,48.23695629274436,0.0,3.5797806519292465,0.0,8.049022876852248,0.0,3829.7390513112937,0.0,758.2337751023105,0.0,10.782931545163816,0.0,8.758947691680842,0.0,6.249910340094945,0.0
Leken,334.035294117647,0.0,16.869640632998237,0.0,318.6693477280746,0.0,146.0,0.0,89.27429544859336,0.0,10.8344025445306,0.0,12.083045973594572,0.0,7.492474874465462,0.0,726.1238740392199,0.0,112.51643298585354,0.0,75.18209602002094,0.0,5.034939196318425,0.0,10.114522680668646,0.0,3098.464344722286,0.0,901.488965910826,0.0,10.834402551001668,0.0,9.332641462207194,0.0,6.4548004280023905,0.0
Lende,336.2901960784314,0.0,17.034243278172852,0.0,312.6755267768664,0.0,151.0,0.0,91.28106734914738,0.0,10.688277682337326,0.0,12.288205727444508,0.0,7.579093218629012,0.0,835.357941218305,0.0,109.45405547603615,0.0,87.0652960764745,0.0,6.2692181882169224,0.0,8.690206975871172,0.0,2267.5172832434573,0.0,1125.5484089544418,0.0,10.68827768105368,0.0,9.82642254581744,0.0,6.636162105628933,0.0
Lepra,310.00392156862745,0.0,16.232335147614556,0.0,319.85311881602365,0.0,146.0,0.0,89.6214957358403,0.0,10.891903729806408,0.0,12.083045973594572,0.0,7.570094184684804,0.0,837.2572153865435,0.0,169.5813808185598,0.0,148.5941156843231,0.0,4.652885242107125,0.0,11.776221788143408,0.0,4694.323360342521,0.0,352.3788672956393,0.0,10.891903729059521,0.0,9.381293903443039,0.0,6.490024718360388,0.0
Lesbe,313.63137254901955,0.0,16.388825067157548,0.0,311.4271974795691,0.0,127.0,0.0,77.88190371288198,0.0,10.547803939515374,0.0,11.269427669584644,0.0,7.038456502512064,0.0,725.9084209992725,0.0,97.17227861424819,0.0,68.11449472102676,0.0,5.307504022542043,0.0,10.657558061075965,0.0,2031.922188364499,0.0,570.3028306175282,0.0,10.547803946553131,0.0,8.796840734499886,0.0,5.882049068637941,0.0
Leser,273.7647058823529,0.0,15.258546870365988,0.0,304.188265800606,0.0,106.0,0.0,62.389383471962084,0.0,10.14586552927361,0.0,10.295630140987,0.0,6.12249610398736,0.0,723.5512477520332,0.0,68.46391810826728,0.0,42.97476059973551,0.0,3.150913608836902,0.0,8.852588316665356,0.0,1269.0447869406285,0.0,634.3037503208003,0.0,10.145865536147683,0.0,7.258885746723178,0.0,4.801588363889656,0.0
Lesst,264.2196078431373,0.0,14.988909394758869,0.0,315.13473150240384,0.0,125.0,0.0,76.56689047090654,0.0,10.618777589974673,0.0,11.180339887498949,0.0,6.933420857920514,0.0,724.3621752512128,0.0,76.33385087809428,0.0,49.96247693438103,0.0,4.185163387157678,0.0,8.83220310296195,0.0,1252.3697535794295,0.0,584.8907507192705,0.0,10.618777590521686,0.0,7.994243423322811,0.0,5.598338297083688,0.0
Leute,288.88235294117646,0.0,15.804153649830994,0.0,308.80512536007063,0.0,143.0,0.0,82.87259491432492,0.0,10.409734814442947,0.0,11.958260743101398,0.0,6.994658595956265,0.0,723.3116803207438,0.0,73.11069378241585,0.0,44.69669868057798,0.0,3.1984505986279697,0.0,8.583502563188546,0.0,4080.949773155639,0.0,896.6542171075872,0.0,10.409734812134467,0.0,8.950720262594393,0.0,5.860903279570188,0.0
Lfths,295.32941176470587,0.0,15.887868807372882,0.0,347.85382073523306,0.0,188.0,0.0,120.829656896491,0.0,11.931508956473333,0.0,13.711309200802088,0.0,8.9523666661017,0.0,751.6072532223058,0.0,232.93696794761638,0.0,202.96738963076967,0.0,5.121144629892041,0.0,22.05327284053413,0.0,1685.9872070851313,0.0,1373.4737078622572,0.0,11.931508958897517,0.0,10.81628616283569,0.0,7.951514824603164,0.0
Lhsts,289.70980392156866,0.0,15.679808471238823,0.0,326.3039707029711,0.0,146.0,0.0,92.33556516644893,0.0,11.124488217705794,0.0,12.083045973594572,0.0,7.771463604265447,0.0,727.8117096052226,0.0,103.23517283299749,0.0,76.82675809285423,0.0,6.0073674724092045,0.0,10.7090461540402,0.0,3696.0031610974124,0.0,771.635851409024,0.0,11.124488214067583,0.0,9.073369986994416,0.0,6.627874921783908,0.0
Liane,294.4274509803922,0.0,15.884469962997901,0.0,314.3652644480615,0.0,158.0,0.0,95.40698733575738,0.0,10.766500399788411,0.0,12.569805089976535,0.0,7.675750639202061,0.0,723.4230757427202,0.0,78.35126706285436,0.0,49.08510407771875,0.0,6.173227220516082,0.0,8.599119305176863,0.0,1938.3251499894416,0.0,1457.9613124165355,0.0,10.766500411170934,0.0,9.70537330267205,0.0,6.733803893192512,0.0
Libir,274.10196078431375,0.0,15.44989644849205,0.0,350.949611109762,0.0,206.0,0.0,131.61177199504317,0.0,12.096579664020576,0.0,14.352700094407323,0.0,9.316759481532374,0.0,726.4462583946536,0.0,109.0010741046404,0.0,76.49787764192702,0.0,5.2834074759118534,0.0,10.53966498353642,0.0,2957.6506262519238,0.0,1498.3958217188588,0.0,12.096579699427002,0.0,11.071365036049235,0.0,8.373603337166703,0.0
Lifte,262.16078431372546,0.0,15.094241946721754,0.0,344.03334521196746,0.0,189.0,0.0,119.14981250658077,0.0,11.779073764731997,0.0,13.74772708486752,0.0,8.79177492900454,0.0,726.7295078534073,0.0,112.57478365190953,0.0,82.01578264183055,0.0,3.8459340050438193,0.0,12.02706603105947,0.0,4229.727907629752,0.0,2036.891874765431,0.0,11.779073765536154,0.0,10.484390902999754,0.0,7.802807892004593,0.0
Lihst,282.03137254901964,0.0,15.571035522760113,0.0,343.8984082632088,0.0,191.0,0.0,121.0440864656477,0.0,11.816923581287996,0.0,13.820274961085254,0.0,8.888836413110548,0.0,725.8874308247002,0.0,94.2477844159788,0.0,65.13260781077173,0.0,5.462470231132925,0.0,9.84191822369709,0.0,1631.0488018182998,0.0,1001.2116863677703,0.0,11.816923583784726,0.0,10.561314394285153,0.0,7.83895439403683,0.0
Likör,309.36470588235295,0.0,16.179401754639258,0.0,358.36327909657547,0.0,207.0,0.0,133.30385083676828,0.0,12.26841614841495,0.0,14.38749456993816,0.0,9.420612742488217,0.0,743.8529785900959,0.0,238.9655690506536,0.0,175.88201579747263,0.0,5.878940836143834,0.0,33.97523010815211,0.0,3735.82048911302,0.0,2179.286334656985,0.0,12.268416155542969,0.0,11.218818549565965,0.0,8.435901991777866,0.0
Lilit,240.0156862745098,0.0,14.591939230398832,0.0,361.6879961016507,0.0,219.0,0.0,142.08787083606725,0.0,12.480757915976994,0.0,14.798648586948742,0.0,9.737278310806339,0.0,725.5281352429432,0.0,100.72572933003248,0.0,70.90785931015353,0.0,4.311943328825159,0.0,9.023052557075186,0.0,3008.986196288618,0.0,1513.9829695629292,0.0,12.480757958745574,0.0,11.10941701527475,0.0,8.789348250431086,0.0
Limit,299.8274509803922,0.0,16.12884683154193,0.0,406.3581037922553,0.0,272.0,0.0,183.48995364633566,0.0,13.861858901132166,0.0,16.492422502470642,0.0,11.342655800852262,0.0,762.7687013330789,0.0,275.24145784289124,0.0,203.4007236462526,0.0,7.069836166502686,0.0,9.561484776011419,0.0,2934.8413049963524,0.0,1996.6790744185796,0.0,13.861858936356317,0.0,13.3730324841545,0.0,10.443194441845277,0.0
Linde,320.3254901960785,0.0,16.67249771122479,0.0,332.79313388028936,0.0,191.0,0.0,119.37754857415865,0.0,11.516598231828437,0.0,13.820274961085254,0.0,8.805411995720503,0.0,835.7952746612892,0.0,116.43829628496516,0.0,91.63079610919104,0.0,7.592066102163003,0.0,8.795220000593687,0.0,2460.9158903434372,0.0,1447.3281528408913,0.0,11.516598230690057,0.0,11.09022542499513,0.0,7.947950384465463,0.0
Linie,277.1921568627451,0.0,15.528256047309979,0.0,329.1878867642335,0.0,181.0,0.0,110.85915505125361,0.0,11.29228945984902,0.0,13.45362404707371,0.0,8.34170817333719,0.0,723.7851863721016,0.0,82.43248324543174,0.0,52.42529888529036,0.0,3.9536798828648463,0.0,8.437214332356351,0.0,3039.621422829767,0.0,1472.926501485864,0.0,11.292289497298409,0.0,10.251077776259148,0.0,7.398092933998538,0.0
Linin,288.3764705882353,0.0,15.834170438625163,0.0,335.2005726040927,0.0,201.0,0.0,124.06176430092877,0.0,11.576059197883412,0.0,14.177446878757825,0.0,8.853184153321976,0.0,723.9382889824977,0.0,87.17561360658672,0.0,55.792498206555,0.0,5.497705536564336,0.0,8.748107332412017,0.0,3039.727158569354,0.0,1473.161981467687,0.0,11.576059233097716,0.0,10.928840990166233,0.0,7.964671509232517,0.0
Linse,284.8705882352941,0.0,15.637326571843872,0.0,318.95289609165917,0.0,156.0,0.0,94.55920256578452,0.0,10.868461237943565,0.0,12.489995996796797,0.0,7.666749630165044,0.0,723.8488965814089,0.0,77.11307630463891,0.0,49.23971216080009,0.0,4.116236287956478,0.0,8.601234339911125,0.0,1856.8836023982628,0.0,975.4449875320457,0.0,10.868461238747768,0.0,9.46689379134208,0.0,6.610158496158557,0.0
Lippe,335.3372549019608,0.0,17.01399066968905,0.0,348.8692008649797,0.0,188.0,0.0,122.89176702761483,0.0,12.02638353912281,0.0,13.711309200802088,0.0,9.173468614587568,0.0,925.0573279562697,0.0,223.5889933599551,0.0,199.90925036974855,0.0,7.445073206106189,0.0,11.587491350135883,0.0,2065.919008647557,0.0,1010.9228835081773,0.0,12.026383551911545,0.0,11.171755015089596,0.0,8.26062903434885,0.0
Liste,256.5411764705882,0.0,14.875085156079448,0.0,329.1083479791481,0.0,164.0,0.0,102.23634726642972,0.0,11.250589948715193,0.0,12.806248474865697,0.0,8.0932583586725,0.0,724.3484145257979,0.0,84.45676348015397,0.0,55.71784959074387,0.0,3.7369962622587853,0.0,8.602612446823594,0.0,3812.4614969814697,0.0,1178.4996687245075,0.0,11.250589946181886,0.0,9.6536387960828,0.0,7.040956242545916,0.0
Listi,240.57647058823528,0.0,14.459422335329792,0.0,347.728421788653,0.0,192.0,0.0,123.32231590143991,0.0,11.953819397888426,0.0,13.856406460551018,0.0,9.02618107879182,0.0,725.6260496881997,0.0,99.76117911043656,0.0,68.17898699565445,0.0,3.9983069318854425,0.0,9.860331560091918,0.0,3813.6027276932873,0.0,1179.017036290079,0.0,11.953819394932907,0.0,10.336613487840927,0.0,8.008427282671578,0.0
Liter,248.94117647058823,0.0,14.688784832184485,0.0,331.8070210818744,0.0,163.0,0.0,101.50711584096686,0.0,11.318227515799654,0.0,12.767145334803704,0.0,8.05162538277638,0.0,723.9835599602171,0.0,82.09625941965514,0.0,53.53281737837487,0.0,3.379245432938009,0.0,8.704246242590054,0.0,1893.9920886127722,0.0,1573.1503845559878,0.0,11.318227520492169,0.0,9.478677738649106,0.0,7.023220807266497,0.0
Ljngs,339.7647058823529,0.0,17.024510001524362,0.0,368.77881742811303,0.0,209.0,0.0,138.00693226209626,0.0,12.533897232212816,0.0,14.45683229480096,0.0,9.763829376256918,0.0,24077.9438404179,0.0,2246.7888497415415,0.0,1975.1224653460667,0.0,7.850947074355179,0.0,32.09315112386025,0.0,3395.508512736543,0.0,1422.213684568404,0.0,12.533897234031219,0.0,11.675275414761357,0.0,8.780338746959215,0.0
Lkgln,367.4196078431372,0.0,17.73257363238161,0.0,378.35954434644407,0.0,237.0,0.0,156.87239432741217,0.0,12.96348112184823,0.0,15.394804318340652,0.0,10.404881823066688,0.0,2329.3132838170673,0.0,282.2754354610631,0.0,209.78481210670338,0.0,5.093975598438691,0.0,16.394086670619448,0.0,2396.8299031485244,0.0,1741.5634787957254,0.0,12.963481159882294,0.0,12.234537734429885,0.0,9.411577905022238,0.0
Lkljg,352.9333333333333,0.0,17.411520047742343,0.0,408.53315056436986,0.0,261.0,0.0,178.36561972716913,0.0,13.828862698454115,0.0,16.15549442140351,0.0,11.283015173300821,0.0,6774.592440663956,0.0,585.9598829645189,0.0,478.9513469234755,0.0,8.02753028820262,0.0,20.400739291042832,0.0,2099.850186281967,0.0,2045.6839382718777,0.0,13.828862740974555,0.0,12.846562962646756,0.0,10.304441890632301,0.0
Lkstr,281.53333333333336,0.0,15.434738651730148,0.0,345.5767883416613,0.0,177.0,0.0,113.26290734936362,0.0,11.790524855738191,0.0,13.30413469565007,0.0,8.655008052147398,0.0,732.0773133273872,0.0,152.79808769160212,0.0,112.74011220207527,0.0,7.675549167352347,0.0,16.24906773704366,0.0,3711.3291411354085,0.0,762.7151093702047,0.0,11.790524852461832,0.0,9.74018222320181,0.0,7.526848957391919,0.0
Lkthr,315.30980392156863,0.0,16.37724530509207,0.0,353.08817428113935,0.0,194.0,0.0,124.98844074047018,0.0,12.11453756991744,0.0,13.92838827718412,0.0,9.126233710157386,0.0,732.9930474457647,0.0,156.6906897511971,0.0,116.11316348295196,0.0,4.784976144693923,0.0,16.933108583075008,0.0,1636.3160445251492,0.0,1358.5446626582968,0.0,12.114537572927828,0.0,10.58480379105015,0.0,8.093472376442444,0.0
Llctl,249.6156862745098,0.0,14.796514443511597,0.0,360.89261365016995,0.0,204.0,0.0,135.2484089381315,0.0,12.45056405003329,0.0,14.2828568570857,0.0,9.649956719903345,0.0,730.0711723679926,0.0,127.49470000662603,0.0,101.76318481349676,0.0,4.027326105299356,0.0,12.662081823625318,0.0,3784.951233615334,0.0,672.8425240019058,0.0,12.450564046006974,0.0,10.770750708945899,0.0,8.686929930763602,0.0
Llspr,291.6,0.0,15.835216424170135,0.0,352.6285667619657,0.0,184.0,0.0,121.79219276861215,0.0,12.13483765277477,0.0,13.564659966250536,0.0,9.16550157112998,0.0,825.720640023015,0.0,176.02514422636193,0.0,152.4454226338131,0.0,5.689227039071161,0.0,13.45796059492524,0.0,2059.1425607578703,0.0,718.1693585055339,0.0,12.134837663406506,0.0,10.578760977757995,0.0,8.19126821205605,0.0
Lltst,246.51372549019607,0.0,14.65788507156615,0.0,350.7822433337933,0.0,191.0,0.0,124.16582949302557,0.0,12.069821970339909,0.0,13.820274961085254,0.0,9.126390922500782,0.0,726.7272268217008,0.0,105.74643689251374,0.0,78.68554980989084,0.0,3.952641284122386,0.0,10.436861602552373,0.0,1832.828604720827,0.0,1300.6320764618688,0.0,12.069821967736873,0.0,10.405092172369175,0.0,8.065747613168735,0.0
Lmstr,307.58431372549023,0.0,16.16881054525314,0.0,396.1350106502747,0.0,240.0,0.0,163.50341942642402,0.0,13.486917507028336,0.0,15.491933384829668,0.0,10.799768651503424,0.0,998.1671698259041,0.0,679.0963879539033,0.0,526.9630490661499,0.0,9.657418630712105,0.0,14.616142476022514,0.0,3722.619198395366,0.0,828.004756060094,0.0,13.486917504545225,0.0,12.627789668251163,0.0,9.875034461193323,0.0
Lnpqx,365.2588235294118,0.0,17.721296137516042,0.0,350.63315785352916,0.0,197.0,0.0,128.79952269493688,0.0,12.147055049857988,0.0,14.035668847618199,0.0,9.410923393188375,0.0,45516.20898530894,0.0,10293.157470549064,0.0,9944.66033733538,0.0,6.090120070205148,0.0,74.13619089981256,0.0,1790.075088527832,0.0,382.7104159114956,0.0,12.147055053851986,0.0,11.260053900319702,0.0,8.443301758323406,0.0
Lnqvz,328.47058823529414,0.0,16.84440589620647,0.0,344.8903356523652,0.0,190.0,0.0,121.93816253749108,0.0,11.886849783755524,0.0,13.784048752090222,0.0,9.038280090146964,0.0,15785.479875550847,0.0,3480.29169156802,0.0,3362.1352064278035,0.0,4.553606569418659,0.0,46.02356953044341,0.0,1997.786044895346,0.0,1132.5407668790426,0.0,11.88684978403582,0.0,10.889717915221985,0.0,8.023645254830885,0.0
Lnsbl,315.9686274509804,0.0,16.530081162450973,0.0,339.7014718705866,0.0,172.0,0.0,112.92694613849872,0.0,11.752527039126711,0.0,13.114877048604,0.0,8.787114671660916,0.0,729.6174687548445,0.0,128.71572967921685,0.0,99.91790739497716,0.0,4.222712720397967,0.0,14.225752097766547,0.0,2064.400730440165,0.0,592.9378860696404,0.0,11.752527044765111,0.0,10.12784455909095,0.0,7.7560631804164615,0.0
Lobby,358.0235294117647,0.0,17.463636741171776,0.0,349.7957137033514,0.0,196.0,0.0,127.4103470990477,0.0,12.038535037326113,0.0,14.0,0.0,9.277966385398502,0.0,2391.2100400651693,0.0,195.03428536264434,0.0,135.4848554264911,0.0,5.968344700178853,0.0,11.475578205392294,0.0,2172.9384257469715,0.0,437.37053624628135,0.0,12.03853504480791,0.0,11.443885069013117,0.0,8.260509276367403,0.0
Lobto,316.4745098039216,0.0,16.452629331462276,0.0,328.7850963654073,0.0,177.0,0.0,111.01212241470914,0.0,11.321387772950741,0.0,13.30413469565007,0.0,8.478375288368728,0.0,727.7897620056759,0.0,114.70143955897682,0.0,80.58805437859849,0.0,4.357802631150471,0.0,10.483165633276949,0.0,3770.7641400171415,0.0,660.0612511420065,0.0,11.321387770900202,0.0,10.710057041538187,0.0,7.476598469334035,0.0
Locke,315.2196078431373,0.0,16.280138407716148,0.0,317.1418991774035,0.0,132.0,0.0,80.91269366895818,0.0,10.706019476339286,0.0,11.489125293076057,0.0,7.143815059275428,0.0,726.7907139626876,0.0,108.53403085243929,0.0,71.52969025387078,0.0,4.887033302280223,0.0,9.266745401035006,0.0,1422.1717809625247,0.0,2115.4711994597874,0.0,10.706019469921571,0.0,8.537926774169344,0.0,5.976924870420926,0.0
Logen,357.20392156862744,0.0,17.4298417907903,0.0,329.4744161247023,0.0,162.0,0.0,101.18643541128344,0.0,11.203272667225255,0.0,12.727922061357855,0.0,8.108453144707847,0.0,2326.428251432388,0.0,244.69192937725018,0.0,178.5671759302396,0.0,5.688716693307355,0.0,8.780582521272084,0.0,1426.8863032289858,0.0,516.3482915753148,0.0,11.20327267441145,0.0,10.315998543345316,0.0,7.056030946581858,0.0
Logik,354.9686274509804,0.0,17.351755359948772,0.0,365.1440060149065,0.0,213.0,0.0,138.7270390078096,0.0,12.452538080335037,0.0,14.594519519326424,0.0,9.694350446759115,0.0,2328.0882564875815,0.0,268.5282819169471,0.0,195.40000650243152,0.0,6.585761670476625,0.0,11.676137100502807,0.0,2794.1805295909476,0.0,1195.4173555365476,0.0,12.452538117443986,0.0,11.542093722406758,0.0,8.658965349226476,0.0
Lohso,326.84313725490193,0.0,16.59153492422773,0.0,318.7606231422744,0.0,153.0,0.0,93.992301026151,0.0,10.87772058366098,0.0,12.36931687685298,0.0,7.708629238957905,0.0,727.0994600276225,0.0,99.40096037717223,0.0,68.31669300789157,0.0,4.234388455035478,0.0,10.598404427606507,0.0,1366.9792502471878,0.0,431.1781946278747,0.0,10.877720586935697,0.0,9.731396028388785,0.0,6.5764294328844235,0.0
Lokol,325.7058823529412,0.0,16.643657935711396,0.0,346.4576537540516,0.0,188.0,0.0,122.11311940995526,0.0,11.94080587768323,0.0,13.711309200802088,0.0,9.070207101302472,0.0,730.7546678660287,0.0,145.33529977850188,0.0,107.56449304795595,0.0,4.847608113636366,0.0,12.08276353300393,0.0,3241.195683491913,0.0,857.7792470514719,0.0,11.940805882924712,0.0,10.68423237030211,0.0,8.055941267339144,0.0
Lonst,289.54117647058825,0.0,15.701533264830852,0.0,314.97788333562715,0.0,146.0,0.0,88.07509644639856,0.0,10.695903509540031,0.0,12.083045973594572,0.0,7.3648908125016765,0.0,724.1696363547469,0.0,78.54055352322592,0.0,50.05742416759386,0.0,4.850345965099732,0.0,8.755799988211303,0.0,1626.73374273572,0.0,362.23287065141494,0.0,10.695903509580063,0.0,8.990172195260397,0.0,6.173206853659438,0.0
Lonus,314.77647058823527,0.0,16.362077665871823,0.0,304.5042746879812,0.0,137.0,0.0,79.76145221684888,0.0,10.278559828068092,0.0,11.704699910719626,0.0,6.86221911298698,0.0,723.3815089067652,0.0,73.09548679564186,0.0,44.30487729863172,0.0,3.562242387836933,0.0,9.314318033486455,0.0,4897.803679653775,0.0,1487.465379958898,0.0,10.278559838768194,0.0,8.866086527573476,0.0,5.730235175984542,0.0
Lorum,346.9568627450981,0.0,17.172256623385522,0.0,379.2501788544135,0.0,220.0,0.0,147.10787472361875,0.0,12.964657462231274,0.0,14.832396974191326,0.0,10.167792138420953,0.0,850.8703077396256,0.0,473.9533068999117,0.0,365.86478348852916,0.0,12.199530401349518,0.0,11.328852144182733,0.0,5003.2488554797155,0.0,1984.93502094574,0.0,12.96465746953548,0.0,12.329881087651996,0.0,9.217644621328681,0.0
Lotos,284.20784313725494,0.0,15.505690438873051,0.0,313.15288421302625,0.0,139.0,0.0,84.35224222691903,0.0,10.613632706924427,0.0,11.789826122551595,0.0,7.2328484663881705,0.0,724.5936734761806,0.0,86.56751392540606,0.0,56.1245799492948,0.0,3.0934490540648834,0.0,9.288211731351051,0.0,1873.2463528281944,0.0,1250.2291733191303,0.0,10.613632709886314,0.0,9.05464262636625,0.0,6.0969573058866695,0.0
Lotto,275.34901960784316,0.0,15.347861328745369,0.0,325.95359531117964,0.0,166.0,0.0,102.83647415182469,0.0,11.15310833291267,0.0,12.884098726725126,0.0,8.074061614656745,0.0,725.9278021886275,0.0,98.31565567084161,0.0,65.50278145869721,0.0,4.061607011934075,0.0,9.440668434370826,0.0,3848.4870228466407,0.0,1349.7883692452756,0.0,11.15310832779698,0.0,9.940879018235217,0.0,6.997543162946138,0.0
Lpftr,288.92156862745094,0.0,15.767139115701585,0.0,351.8923426013675,0.0,184.0,0.0,119.26949000170072,0.0,12.037309266748403,0.0,13.564659966250536,0.0,8.970301313622537,0.0,1009.6276051962258,0.0,340.46465478623793,0.0,312.09853977989525,0.0,7.819928468081946,0.0,16.444316273210696,0.0,4131.589319441966,0.0,1824.9997483628588,0.0,12.037309266165535,0.0,10.361004635710584,0.0,7.9242106580244505,0.0
Lppbk,400.19607843137254,0.0,18.49889758449404,0.0,369.0443793819307,0.0,214.0,0.0,144.4930483001395,0.0,12.748961312140883,0.0,14.628738838327793,0.0,10.127774183303872,0.0,1096.6729562751268,0.0,384.65591565550375,0.0,348.44173328409414,0.0,6.583907105219644,0.0,17.96460962724279,0.0,2022.560035940148,0.0,350.59478417587576,0.0,12.748961318514722,0.0,12.068904194378835,0.0,9.179397384309864,0.0
Lrhnn,329.9098039215686,0.0,16.792697649523962,0.0,327.11338451943993,0.0,185.0,0.0,112.57786659755395,0.0,11.259554696373113,0.0,13.601470508735444,0.0,8.389513251761205,0.0,725.1301269734765,0.0,92.5597974260645,0.0,62.61248438192912,0.0,7.467638894473528,0.0,10.625419980634966,0.0,1902.1826153280306,0.0,1179.7773994241809,0.0,11.259554710198982,0.0,10.594901533864746,0.0,7.465214590578094,0.0
Lrstt,239.47450980392156,0.0,14.335133064768577,0.0,337.0184218696436,0.0,175.0,0.0,109.1012367276526,0.0,11.491185491516825,0.0,13.228756555322953,0.0,8.356696133274001,0.0,724.8692534078245,0.0,91.38693798151908,0.0,61.07068461450115,0.0,4.267956665366229,0.0,10.112697105806344,0.0,3739.907007200716,0.0,794.1858980639498,0.0,11.491185488740074,0.0,9.672078317018213,0.0,7.224064356266105,0.0
Lsmst,315.1843137254902,0.0,16.338243265501077,0.0,383.70754185193323,0.0,227.0,0.0,152.57972371380032,0.0,13.08806922635049,0.0,15.066519173319364,0.0,10.348406941178993,0.0,764.5172403302338,0.0,278.0272688211435,0.0,206.29302045368965,0.0,7.0576179611809335,0.0,13.654711304712167,0.0,1464.6575336454905,0.0,1393.2514672849952,0.0,13.08806922500425,0.0,12.217425443487121,0.0,9.345233931323907,0.0
Lswmn,377.8862745098039,0.0,17.872890943563313,0.0,415.93903696684436,0.0,290.0,0.0,197.74998825635123,0.0,14.174121761626752,0.0,17.029386365926403,0.0,11.881206786089177,0.0,1030.3634786446491,0.0,385.17158396142804,0.0,297.6903078789381,0.0,9.794110663812424,0.0,17.09299987234235,0.0,3978.1621655960207,0.0,531.8709480114743,0.0,14.174121766810977,0.0,13.970182523258922,0.0,10.967629926836477,0.0
Lubst,304.5764705882353,0.0,16.200179417178962,0.0,328.4487469392263,0.0,164.0,0.0,102.79746499177861,0.0,11.257361475296468,0.0,12.806248474865697,0.0,8.162047512370599,0.0,726.2430206892643,0.0,101.07802596303385,0.0,71.4877346193346,0.0,5.667660201846548,0.0,10.139319163141371,0.0,1524.6457195262803,0.0,501.3364239479173,0.0,11.257361476642012,0.0,9.903152863270709,0.0,7.065377959059034,0.0
Luder,317.30980392156863,0.0,16.546458309367043,0.0,320.4744981952565,0.0,152.0,0.0,93.73644229549089,0.0,10.965981237789554,0.0,12.328828005937952,0.0,7.758469692048783,0.0,843.8493449356174,0.0,114.66733392264348,0.0,92.29898152117721,0.0,5.496793944476054,0.0,9.460791355055358,0.0,2182.5554095324333,0.0,948.1926230585913,0.0,10.96598123391527,0.0,9.722843111359891,0.0,6.790578148388201,0.0
Luken,342.12549019607843,0.0,17.090951040204573,0.0,321.6507139328239,0.0,157.0,0.0,96.30797056258744,0.0,10.99095541864042,0.0,12.529964086141668,0.0,7.793613514216484,0.0,726.2110885586683,0.0,114.38795828792865,0.0,76.54854053935662,0.0,4.490326893449502,0.0,10.36850277738402,0.0,3144.2793140291997,0.0,928.4362841144367,0.0,10.990955425240053,0.0,9.72928929074062,0.0,6.79482128877131,0.0
Lundi,328.41568627450977,0.0,16.896390511081368,0.0,334.2769667911206,0.0,190.0,0.0,119.40071109815163,0.0,11.574719276749757,0.0,13.784048752090222,0.0,8.832723243035923,0.0,836.5417461265102,0.0,123.38636687063111,0.0,96.6001696808184,0.0,5.053961134285224,0.0,10.12636043723424,0.0,2331.5164745864977,0.0,1147.836592137726,0.0,11.574719274980602,0.0,10.852294219178079,0.0,7.943779833748088,0.0
Luxus,308.0666666666667,0.0,16.221723512792657,0.0,319.38925280700005,0.0,146.0,0.0,88.13294214835764,0.0,10.824780459137262,0.0,12.083045973594572,0.0,7.376788252849502,0.0,724.8437735477945,0.0,90.0392752354714,0.0,61.56847632344037,0.0,3.048201123926355,0.0,17.73615086331285,0.0,5393.11458610966,0.0,1689.314898668199,0.0,10.824780467906706,0.0,8.865182674213745,0.0,6.180890410114998,0.0
Lxhnt,319.7019607843137,0.0,16.553738756560513,0.0,344.5211553050229,0.0,198.0,0.0,124.62707518364563,0.0,11.852746209661351,0.0,14.071247279470288,0.0,8.993235541718049,0.0,731.1620338004928,0.0,138.82853613317536,0.0,106.95815613800842,0.0,5.384828926607513,0.0,31.56750825168313,0.0,1863.0488113040374,0.0,1173.7201631802257,0.0,11.852746222665505,0.0,10.662529128122516,0.0,8.001977021514477,0.0
Lyrpk,339.921568627451,0.0,16.917557973348945,0.0,375.6078957811942,0.0,220.0,0.0,145.56759751952487,0.0,12.797751083638992,0.0,14.832396974191326,0.0,10.015633806730662,0.0,7809.298690064546,0.0,493.64380191844157,0.0,354.94905876409416,0.0,9.021274497948474,0.0,15.95241557391267,0.0,2512.1422027428343,0.0,1408.757053782549,0.0,12.797751094479588,0.0,11.552322260597505,0.0,8.993247059306329,0.0
Läden,350.07058823529417,0.0,17.296296159084477,0.0,319.39437573735074,0.0,162.0,0.0,101.114737333732,0.0,11.03572691025516,0.0,12.727922061357855,0.0,8.119155091465398,0.0,845.5927522084255,0.0,138.48988336829933,0.0,107.7126527903975,0.0,4.690209243107832,0.0,11.3553714174962,0.0,2178.9693924753806,0.0,1006.9577473812486,0.0,11.035726907769025,0.0,10.67376785768014,0.0,7.293287990044986,0.0
Lätäs,300.0666666666666,0.0,15.857309231246116,0.0,322.14642385661375,0.0,148.0,0.0,93.10532783676555,0.0,11.021783771770627,0.0,12.165525060596439,0.0,7.786259401709942,0.0,738.293885528621,0.0,191.52353379819894,0.0,150.45533947833505,0.0,3.785063664938998,0.0,27.47646048693994,0.0,4621.748397204121,0.0,2028.5822330076508,0.0,11.021783774416853,0.0,9.714469303891837,0.0,6.809820786473886,0.0
Löhne,352.9764705882353,0.0,17.319924278380746,0.0,318.81258514144844,0.0,154.0,0.0,94.23225399756421,0.0,10.901824803844173,0.0,12.409673645990857,0.0,7.717168669463198,0.0,727.0960703737104,0.0,101.37213428273924,0.0,74.449371758975,0.0,4.175564371643147,0.0,13.529415876677282,0.0,1917.166827135936,0.0,1306.2681743155974,0.0,10.901824816315264,0.0,9.885358812856136,0.0,6.709302670974238,0.0
Lömöt,368.48627450980393,0.0,17.637496319833534,0.0,397.1645841263671,0.0,247.0,0.0,167.70564451031635,0.0,13.528372897801903,0.0,15.716233645501712,0.0,10.910743153055249,0.0,780.5652607612267,0.0,346.015850149903,0.0,259.04983055304984,0.0,7.093257400243676,0.0,35.28623904300393,0.0,2407.5941563086512,0.0,2343.900726276008,0.0,13.52837289784893,0.0,13.235909622333832,0.0,9.971997505876278,0.0
Lösön,337.56470588235294,0.0,16.830754424627393,0.0,327.82461117725177,0.0,162.0,0.0,101.75096311414462,0.0,11.204402397477534,0.0,12.727922061357855,0.0,8.131804517954874,0.0,743.2309989695596,0.0,227.9616126280505,0.0,170.81327187595411,0.0,5.111204895088562,0.0,35.059761165932265,0.0,2335.023711141172,0.0,1972.7897220175537,0.0,11.204402404425192,0.0,10.235282287687795,0.0,7.081219190395001,0.0
Löwen,353.5725490196079,0.0,17.298583301439226,0.0,349.75911077634817,0.0,192.0,0.0,124.84899990011094,0.0,12.033982176554652,0.0,13.856406460551018,0.0,9.195973913189091,0.0,989.9144769521947,0.0,230.46480702891154,0.0,185.98355499641002,0.0,4.190214901234632,0.0,16.022705155979246,0.0,2714.193053437558,0.0,757.5049823547115,0.0,12.033982180995647,0.0,10.854446717688033,0.0,8.202172863663707,0.0
Löwin,337.6078431372549,0.0,16.942482702002412,0.0,366.070199750008,0.0,224.0,0.0,146.77800779130283,0.0,12.619813662427598,0.0,14.966629547095765,0.0,9.992341846187047,0.0,990.3513917961606,0.0,234.01925890239312,0.0,188.07505243028214,0.0,4.350974269537455,0.0,16.383178682535572,0.0,3621.687143100793,0.0,1315.110024610906,0.0,12.619813702648678,0.0,11.604506014431044,0.0,9.007404055023287,0.0
Lüfte,298.7294117647059,0.0,16.04153873584004,0.0,336.494077421689,0.0,170.0,0.0,106.29299862585789,0.0,11.467650954060195,0.0,13.038404810405298,0.0,8.2844626442672,0.0,728.5866761195944,0.0,122.59671688420849,0.0,92.78790860139054,0.0,4.49389780927424,0.0,14.244429763244577,0.0,4154.412762393558,0.0,1890.5980808347217,0.0,11.467650954273557,0.0,9.990411098216624,0.0,7.241682884766885,0.0
Lüste,293.10980392156864,0.0,15.835497575633578,0.0,321.56908018886975,0.0,145.0,0.0,89.37953338570685,0.0,10.924111581418938,0.0,12.041594578792296,0.0,7.539087860093434,0.0,726.2116720765235,0.0,97.415696753938,0.0,70.62213635457914,0.0,4.545914713194629,0.0,11.34939296228377,0.0,3728.6270258507966,0.0,902.0127630152784,0.0,10.92411157826106,0.0,9.114746474667356,0.0,6.413518910252543,0.0
Mache,394.6745098039216,0.0,18.207487971265014,0.0,374.5767089707971,0.0,243.0,0.0,161.6111505265742,0.0,12.984960162295216,0.0,15.588457268119896,0.0,10.539611446837126,0.0,864.734794188705,0.0,229.54299683653582,0.0,162.57974544346573,0.0,8.102989707433338,0.0,8.861969637763016,0.0,1053.7201130185554,0.0,602.0627976356585,0.0,12.984960164967951,0.0,13.119703858490313,0.0,9.66085360083431,0.0
Macht,377.52941176470586,0.0,17.828320501900702,0.0,389.05859324591756,0.0,266.0,0.0,178.24181170747235,0.0,13.45247887175627,0.0,16.30950643030009,0.0,11.0955131120267,0.0,865.101620806648,0.0,231.84111681535205,0.0,164.2872479160407,0.0,11.459977339211159,0.0,9.024006359343378,0.0,1057.0547700297825,0.0,604.0715699606008,0.0,13.452478874204754,0.0,13.560120454711948,0.0,10.187409280612547,0.0
Macke,394.0980392156863,0.0,18.14924627445013,0.0,383.3451954979977,0.0,249.0,0.0,167.05425403536032,0.0,13.224544521887145,0.0,15.7797338380595,0.0,10.75633452654512,0.0,865.8081166607942,0.0,240.98602777689274,0.0,169.5589295029798,0.0,8.209431285924095,0.0,8.68741824540493,0.0,1281.7134430743647,0.0,2115.548089825412,0.0,13.22454451624374,0.0,13.07781268989221,0.0,9.84717408490516,0.0
Madam,462.0705882352941,0.0,19.740140351567337,0.0,450.90489669639004,0.0,356.0,0.0,249.0411697213646,0.0,15.3788385200664,0.0,18.867962264113206,0.0,13.475544784012888,0.0,1065.0370000673913,0.0,528.328977754926,0.0,405.171264449499,0.0,4.607674404638514,0.0,11.144361036846602,0.0,3625.3549705593327,0.0,1417.7293576510353,0.0,15.378838514181263,0.0,16.655954323955882,0.0,12.67544573076167,0.0
Maden,421.01960784313724,0.0,18.920892805161337,0.0,381.7583073488229,0.0,274.0,0.0,182.94644113462485,0.0,13.353497161053738,0.0,16.55294535724685,0.0,11.254451352416234,0.0,966.291136200112,0.0,244.62121719631145,0.0,179.67085348994894,0.0,7.212117696660079,0.0,8.443053427229009,0.0,2048.832202322802,0.0,924.6670740255767,0.0,13.353497159261954,0.0,14.262868078773074,0.0,10.472028660621747,0.0
Mafia,365.3058823529412,0.0,17.55935285656204,0.0,395.1152780814941,0.0,287.0,0.0,191.1348319308449,0.0,13.665820457331527,0.0,16.941074346097416,0.0,11.450940658969168,0.0,865.7747316725214,0.0,242.78480245497857,0.0,173.68995107179916,0.0,12.293740233370878,0.0,12.163314075005735,0.0,3230.420731936354,0.0,2080.529178332928,0.0,13.66582049955619,0.0,14.057404454203136,0.0,10.571996781847494,0.0
Magen,436.08235294117645,0.0,19.187277519445733,0.0,395.6777124452965,0.0,279.0,0.0,187.3279957776856,0.0,13.630225355430325,0.0,16.703293088490067,0.0,11.419792084172935,0.0,2373.5347821416217,0.0,325.8354953545857,0.0,235.62676058988484,0.0,7.0016043374981365,0.0,8.22218713250674,0.0,1288.6966751809039,0.0,517.1284438918608,0.0,13.630225361660465,0.0,14.302196233060473,0.0,10.537114366506199,0.0
Magie,408.93333333333334,0.0,18.610860723524702,0.0,405.9761155790972,0.0,291.0,0.0,196.0543944192023,0.0,13.91893199138106,0.0,17.05872210923198,0.0,11.700334875602255,0.0,2373.6703476569623,0.0,327.13190455478906,0.0,236.51199130428293,0.0,10.530861394561555,0.0,8.903304079137895,0.0,2721.5795429099076,0.0,1192.797999297997,0.0,13.918932024643697,0.0,14.389002512981188,0.0,10.778879999294535,0.0
Magma,477.1333333333333,0.0,19.995613898137726,0.0,460.8390366968763,0.0,365.0,0.0,253.58978788541415,0.0,15.515434924520298,0.0,19.1049731745428,0.0,13.547461897382997,0.0,2390.807355866093,0.0,449.0480035674265,0.0,331.72527800304226,0.0,4.532263953685677,0.0,10.081131736162382,0.0,3211.0059875744764,0.0,603.3773355120687,0.0,15.515434928023408,0.0,16.71306699725055,0.0,12.663829480941118,0.0
Mahsa,401.1411764705882,0.0,18.30696982505071,0.0,378.60135983348243,0.0,263.0,0.0,174.30212897495466,0.0,13.178770164505769,0.0,16.217274740226856,0.0,10.925702845308425,0.0,864.6872921578032,0.0,232.4515799588715,0.0,164.7798441513659,0.0,10.201517768936835,0.0,9.752447624955817,0.0,1211.1726700642998,0.0,427.54675600447337,0.0,13.178770167141003,0.0,13.660794479631516,0.0,10.019846920026387,0.0
Mails,349.56862745098044,0.0,17.25752832062066,0.0,398.3859354288332,0.0,280.0,0.0,189.84400790469044,0.0,13.794199687253895,0.0,16.73320053068151,0.0,11.516106123477664,0.0,864.5217076943002,0.0,234.4404382021842,0.0,167.50023231956098,0.0,14.091239745607831,0.0,8.329913814874237,0.0,2459.552634594609,0.0,1780.9086450008156,0.0,13.79419973112501,0.0,13.693062638390973,0.0,10.64496077866028,0.0
Major,369.3294117647059,0.0,17.642154002473223,0.0,407.0852013833217,0.0,288.0,0.0,194.73261224633035,0.0,13.94824443199946,0.0,16.97056274847714,0.0,11.670326833799756,0.0,12103.931742074452,0.0,845.3819370224313,0.0,744.6066873828869,0.0,13.09662249519374,0.0,18.636206224011563,0.0,1443.965334347054,0.0,699.0365063089985,0.0,13.948244435437188,0.0,14.129950704005934,0.0,10.780267547389933,0.0
Makro,397.54509803921565,0.0,18.221032584642288,0.0,398.278690272749,0.0,284.0,0.0,190.67802425940732,0.0,13.745826634641238,0.0,16.852299546352718,0.0,11.491394295856185,0.0,867.2560311914773,0.0,250.58231375890452,0.0,176.75449337760094,0.0,10.427231807217774,0.0,10.897466019050299,0.0,5471.898832803763,0.0,871.6053681779664,0.0,13.74582663308073,0.0,14.078089107425825,0.0,10.576985367517732,0.0
Malta,357.94509803921574,0.0,17.439677326482453,0.0,394.49385064779176,0.0,288.0,0.0,193.24959761131515,0.0,13.71866778388442,0.0,16.97056274847714,0.0,11.564255050277842,0.0,864.3718057831704,0.0,235.02509339608756,0.0,167.22655616550355,0.0,12.810188053098198,0.0,8.352978990395076,0.0,3759.5847470235053,0.0,691.1053943458297,0.0,13.718667778472145,0.0,14.058204158983278,0.0,10.710593165050533,0.0
Maori,356.66666666666663,0.0,17.341893015587736,0.0,390.9872733948328,0.0,273.0,0.0,182.5919813829426,0.0,13.518080043778383,0.0,16.522711641858304,0.0,11.221507261141966,0.0,864.685185717154,0.0,235.76965329489343,0.0,166.7024025197775,0.0,15.639048941072272,0.0,9.569880008999977,0.0,4807.294261716314,0.0,738.0743792971381,0.0,13.51808004121006,0.0,13.574511227559405,0.0,10.315805141166107,0.0
Marke,391.69411764705876,0.0,18.125217839309254,0.0,388.3605858865644,0.0,260.0,0.0,174.39575338878484,0.0,13.421788380644335,0.0,16.1245154965971,0.0,10.989446226807942,0.0,865.2877607397897,0.0,242.06888428765654,0.0,170.27582233441058,0.0,8.291000358119557,0.0,8.350465177166999,0.0,1930.4283916138636,0.0,2491.3489514212197,0.0,13.421788376200322,0.0,13.346912493817864,0.0,10.075259841681515,0.0
Maske,399.2941176470588,0.0,18.276522652759102,0.0,385.6334715574231,0.0,254.0,0.0,171.41052608844697,0.0,13.34235375094098,0.0,15.937377450509228,0.0,10.924479333516219,0.0,865.5712422582634,0.0,242.28834945647037,0.0,170.72837584281257,0.0,7.995074409033753,0.0,9.060451401005698,0.0,1312.5058675397563,0.0,2167.299387372207,0.0,13.34235374550284,0.0,13.271273537878095,0.0,10.006388777775834,0.0
Masse,366.09411764705885,0.0,17.497592738259367,0.0,368.51685362014814,0.0,226.0,0.0,151.05950358113773,0.0,12.766355186777865,0.0,15.033296378372908,0.0,10.209708775831807,0.0,863.7277940128301,0.0,227.5977438676982,0.0,160.96820855189773,0.0,11.884292409371689,0.0,8.137650639298286,0.0,1135.154513217073,0.0,587.2424968664627,0.0,12.766355187853275,0.0,12.497042937964318,0.0,9.231886172591993,0.0
Matta,349.64705882352945,0.0,17.187872480323044,0.0,385.7943320023876,0.0,276.0,0.0,183.1463021006283,0.0,13.406975924433953,0.0,16.61324772583615,0.0,11.18653158389755,0.0,863.7022996595209,0.0,231.9895563413555,0.0,163.63325112531308,0.0,13.293415830009664,0.0,8.340122763706749,0.0,3797.0360112842804,0.0,1348.599354080007,0.0,13.406975920775139,0.0,13.810804198375854,0.0,10.30114161550273,0.0
Matte,348.3764705882353,0.0,17.21704313738174,0.0,384.3558954464353,0.0,265.0,0.0,176.2843914765413,0.0,13.324238647911658,0.0,16.278820596099706,0.0,10.993276176333255,0.0,863.5996766286921,0.0,230.35679224975596,0.0,162.67875855129907,0.0,13.516165455160001,0.0,7.824324107251917,0.0,3796.644163296693,0.0,1346.6059616659236,0.0,13.324238644397095,0.0,13.472045236613331,0.0,10.09556610910222,0.0
Mauer,374.8705882352941,0.0,17.803590737187115,0.0,371.8666566778162,0.0,249.0,0.0,162.24538663599787,0.0,12.872433013920766,0.0,15.7797338380595,0.0,10.449633161882728,0.0,862.9693574124564,0.0,226.9612645043471,0.0,159.77679567322465,0.0,13.288599557926116,0.0,8.496665946126747,0.0,2091.758069569647,0.0,805.9735828223722,0.0,12.872433019355586,0.0,13.040973313878395,0.0,9.555060822254251,0.0
Maxan,397.35686274509806,0.0,18.257382363446585,0.0,381.8404680721243,0.0,268.0,0.0,178.01921773803792,0.0,13.287603182166299,0.0,16.3707055437449,0.0,11.031878391059044,0.0,864.4576655903938,0.0,235.25923062760583,0.0,166.7814362586139,0.0,7.991988524898495,0.0,16.699810540922105,0.0,4018.982519794628,0.0,1393.2847434039504,0.0,13.287603181773447,0.0,13.586947766904121,0.0,10.119305903821234,0.0
Mbbrp,440.15294117647056,0.0,19.397623290284898,0.0,423.7072751226329,0.0,323.0,0.0,222.18857950449842,0.0,14.606043079619477,0.0,17.97220075561143,0.0,12.609837078995618,0.0,1514.9621485347825,0.0,442.0165758758422,0.0,392.72290441933364,0.0,8.68338881521455,0.0,22.140895161626414,0.0,4720.277453464871,0.0,417.72063097758877,0.0,14.606043079395125,0.0,15.449739499070425,0.0,11.743062365087019,0.0
Mbprp,442.85490196078433,0.0,19.433843652849895,0.0,427.255533418103,0.0,319.0,0.0,220.65467059741383,0.0,14.680341510909606,0.0,17.86057109949175,0.0,12.609566163484123,0.0,1571.5117068681136,0.0,463.0838119703637,0.0,414.2365106654387,0.0,8.553363611287333,0.0,23.185568043217714,0.0,4654.615616708026,0.0,313.85217376690446,0.0,14.680341510308162,0.0,15.300640765861734,0.0,11.721659301488069,0.0
Mbscr,367.72156862745095,0.0,17.59829559046416,0.0,392.44708879008084,0.0,253.0,0.0,172.47216107426027,0.0,13.514839442963915,0.0,15.905973720586866,0.0,11.027578733067774,0.0,868.7501659365215,0.0,249.80391861849566,0.0,181.0564931140494,0.0,17.154200472171876,0.0,17.323078141102933,0.0,1213.0553614092253,0.0,590.5426595239006,0.0,13.514839443272418,0.0,13.16486784067147,0.0,10.078167042344992,0.0
Mbsst,371.6588235294118,0.0,17.74751581405593,0.0,401.46026813313824,0.0,274.0,0.0,187.60454924638165,0.0,13.850307566577229,0.0,16.55294535724685,0.0,11.516121647697897,0.0,868.6099808238652,0.0,251.82179542569546,0.0,182.65990096541043,0.0,16.60873698142747,0.0,15.941242961699466,0.0,1092.3696393786045,0.0,565.7511529346316,0.0,13.85030756677299,0.0,13.71222338396252,0.0,10.513706065986895,0.0
Mbstr,364.05882352941177,0.0,17.591661633164822,0.0,404.9277943808677,0.0,284.0,0.0,193.25973440457005,0.0,13.958738010823138,0.0,16.852299546352718,0.0,11.656435432614558,0.0,868.418301363227,0.0,252.71660812330276,0.0,183.09620182335686,0.0,17.63245139320028,0.0,16.59358595309498,0.0,3641.6490307904983,0.0,735.2654982554649,0.0,13.958738008218637,0.0,13.884960373877735,0.0,10.706334551450976,0.0
Mbzng,456.0745098039215,0.0,19.725909245928907,0.0,425.8995842478528,0.0,310.0,0.0,213.56068496516016,0.0,14.545585747728934,0.0,17.60681686165901,0.0,12.36156129740507,0.0,4283.859050218209,0.0,487.605712283395,0.0,367.7505811748704,0.0,6.151114408623918,0.0,19.69007624080169,0.0,1580.9433527835165,0.0,1223.983455474379,0.0,14.5455857544794,0.0,15.026681098449872,0.0,11.418625570292756,0.0
Mchzt,373.5411764705882,0.0,17.814048687540424,0.0,406.78110892436314,0.0,295.0,0.0,196.63267136952538,0.0,13.93238014472734,0.0,17.175564037317667,0.0,11.630544423673173,0.0,867.44130294354,0.0,239.81929775616368,0.0,171.29729701562906,0.0,12.854606488339247,0.0,14.666432205103009,0.0,2885.1191220862875,0.0,634.998097158728,0.0,13.932380146638971,0.0,14.159381104716644,0.0,10.632322824928425,0.0
Mckbr,400.92156862745094,0.0,18.372956657331446,0.0,415.97620952828254,0.0,305.0,0.0,206.1236317299875,0.0,14.223612696404556,0.0,17.46424919657298,0.0,11.996137832724198,0.0,869.5526457508834,0.0,256.1632187279293,0.0,181.70059659674874,0.0,9.663426678361251,0.0,16.56446428106976,0.0,3427.3192395633646,0.0,844.9837814109933,0.0,14.223612703106657,0.0,14.513662873176497,0.0,11.045591002043903,0.0
Mcndc,392.78431372549016,0.0,18.224804066866213,0.0,393.02893337976707,0.0,291.0,0.0,192.24608396573507,0.0,13.57003566935692,0.0,17.05872210923198,0.0,11.481074322769453,0.0,963.7054074029938,0.0,244.75450657279075,0.0,178.7338292681068,0.0,8.821090459433568,0.0,21.42189930241717,0.0,2181.4438243740165,0.0,1116.2042156353007,0.0,13.570035667750671,0.0,14.39408887189181,0.0,10.620936553864961,0.0
Medes,400.278431372549,0.0,18.45577316843989,0.0,382.8897120241451,0.0,256.0,0.0,172.18534554672718,0.0,13.279315509637128,0.0,16.0,0.0,10.961976190177575,0.0,966.3299760266369,0.0,243.32911968965368,0.0,179.0529507071741,0.0,10.8114773417505,0.0,8.665932740568312,0.0,2020.9060650615058,0.0,906.2174803240741,0.0,13.279315507627182,0.0,13.672480135055995,0.0,10.117461578448129,0.0
Meere,365.5098039215686,0.0,17.619750984611212,0.0,373.3857469905217,0.0,239.0,0.0,156.86606922543223,0.0,12.86655198690836,0.0,15.459624833740307,0.0,10.317382370218828,0.0,863.138110400966,0.0,226.7474264358468,0.0,159.91740511795405,0.0,12.593845749798874,0.0,8.278018259594624,0.0,4736.98871504241,0.0,490.9842019363702,0.0,12.866551986499273,0.0,12.723213880101406,0.0,9.369605182252656,0.0
Mehlt,380.8941176470588,0.0,18.092500161434387,0.0,412.9663270457578,0.0,309.0,0.0,208.6406678491307,0.0,14.22125921070897,0.0,17.578395831246947,0.0,12.059491355488102,0.0,865.8708985977117,0.0,238.64277526969582,0.0,171.26909391412102,0.0,14.086627386882876,0.0,9.464617033239326,0.0,2250.229279464709,0.0,1720.5778745579046,0.0,14.221259247452771,0.0,14.448707765046185,0.0,11.147619536882045,0.0
Meile,356.58431372549023,0.0,17.5390967674264,0.0,398.89446509706886,0.0,280.0,0.0,188.546499447914,0.0,13.765330338879213,0.0,16.73320053068151,0.0,11.445534874977822,0.0,864.4950704968213,0.0,233.80236290720597,0.0,166.98193929523507,0.0,12.378016247814383,0.0,8.075364489727269,0.0,2434.994386375483,0.0,1771.5124432768323,0.0,13.765330383100654,0.0,13.630001754426587,0.0,10.557425909404103,0.0
Melti,339.43921568627457,0.0,17.14515409997472,0.0,415.50179799305283,0.0,306.0,0.0,208.04565822473882,0.0,14.288709832602432,0.0,17.4928556845359,0.0,12.07290502848313,0.0,865.412748001929,0.0,239.2464207427708,0.0,170.8269344732742,0.0,16.876158627629554,0.0,9.342838766901654,0.0,3744.328083900511,0.0,663.3354471007584,0.0,14.288709827418712,0.0,14.14613943972941,0.0,11.17396706436311,0.0
Menen,403.7647058823529,0.0,18.545776775774037,0.0,370.46219301158305,0.0,254.0,0.0,165.7315520783555,0.0,12.868948407627679,0.0,15.937377450509228,0.0,10.561079911609475,0.0,862.887945879878,0.0,226.58931331663672,0.0,159.59934782474525,0.0,7.993291705011833,0.0,7.562892894680491,0.0,1478.6437314811,0.0,398.7121627997631,0.0,12.868948413533492,0.0,13.350937089451314,0.0,9.724121422604531,0.0
Menge,434.81176470588235,0.0,19.213412830698378,0.0,397.15828521137155,0.0,274.0,0.0,183.34200338541007,0.0,13.60329486536739,0.0,16.55294535724685,0.0,11.284912664619949,0.0,2522.875433167488,0.0,327.6430853858496,0.0,236.91903770519986,0.0,5.8544510958686855,0.0,8.507972345622811,0.0,3311.214405753098,0.0,1307.0036150494373,0.0,13.60329486593492,0.0,13.959747536550811,0.0,10.344154592422313,0.0
Mensa,385.564705882353,0.0,18.0153819534337,0.0,371.96404202876175,0.0,252.0,0.0,165.01990885849014,0.0,12.898944684995428,0.0,15.874507866387544,0.0,10.559541480851017,0.0,863.416848624713,0.0,228.24426523573098,0.0,160.86486015047737,0.0,10.776628569702531,0.0,8.756096856236939,0.0,1465.6117528915213,0.0,318.28562772805896,0.0,12.898944686246223,0.0,13.21052193372495,0.0,9.636778093300553,0.0
Menüs,404.89803921568625,0.0,18.51645651470126,0.0,384.4148777175733,0.0,265.0,0.0,174.85294603591072,0.0,13.260581047611065,0.0,16.278820596099706,0.0,10.919060697701452,0.0,875.8922410668885,0.0,272.4789105992093,0.0,209.527962399189,0.0,9.1755340212469,0.0,26.843210563909153,0.0,4299.419429540427,0.0,973.3299450757175,0.0,13.260581060279275,0.0,13.542695178972073,0.0,10.01451799241407,0.0
Meper,392.19215686274504,0.0,18.25734572215104,0.0,389.75948981272245,0.0,255.0,0.0,171.7476508653853,0.0,13.42042691446564,0.0,15.968719422671311,0.0,10.952292643824132,0.0,960.599740035301,0.0,273.29897002657066,0.0,213.47524766678646,0.0,12.702236758574434,0.0,11.121714982679753,0.0,1037.7344566993704,0.0,397.55428752976417,0.0,13.420426920243997,0.0,13.296549811073868,0.0,10.0368103059608,0.0
Messe,364.82352941176475,0.0,17.526247905031024,0.0,372.3431637118566,0.0,227.0,0.0,151.63150618363827,0.0,12.838958351803234,0.0,15.066519173319364,0.0,10.226262661778133,0.0,863.8003418183858,0.0,227.46064029179504,0.0,160.9206372852168,0.0,11.99337564972075,0.0,8.432616803465082,0.0,1082.7584494593536,0.0,558.1166422641957,0.0,12.83895835292515,0.0,12.419569735544952,0.0,9.219635410109081,0.0
Meter,348.36470588235295,0.0,17.227652726196933,0.0,383.37973046302466,0.0,248.0,0.0,165.10591150958544,0.0,13.196587836006906,0.0,15.748015748023622,0.0,10.64270500908229,0.0,863.4271037763485,0.0,228.32851633265443,0.0,161.26764748074152,0.0,14.825309956793948,0.0,8.243769215142217,0.0,1511.5048325714338,0.0,1273.0096859477258,0.0,13.196587839977042,0.0,12.864634998786608,0.0,9.711120619246005,0.0
Meute,372.34117647058827,0.0,17.84963940998565,0.0,380.49544184464384,0.0,268.0,0.0,174.5678718079548,0.0,13.145455121054969,0.0,16.3707055437449,0.0,10.83772918454191,0.0,863.2872097517815,0.0,228.7290442574188,0.0,161.1059386713247,0.0,12.249441348751475,0.0,8.386203563364983,0.0,4034.00246193846,0.0,880.8587237288466,0.0,13.145455119433223,0.0,13.498274516768321,0.0,9.922786315857788,0.0
Midil,367.7882352941176,0.0,17.890747083863268,0.0,442.04441285808116,0.0,363.0,0.0,249.2284506753275,0.0,15.176739156972788,0.0,19.05255888325765,0.0,13.303050692180458,0.0,969.703745542467,0.0,262.01091051792923,0.0,196.14553851037996,0.0,12.414465587498393,0.0,10.386616163074715,0.0,3286.180670277017,0.0,1676.807466146293,0.0,15.176739181912103,0.0,15.847203913004114,0.0,12.462994595343767,0.0
Mieze,362.7137254901961,0.0,17.636661861003766,0.0,395.76515214098936,0.0,278.0,0.0,185.09224514258443,0.0,13.623270211182739,0.0,16.673332000533065,0.0,11.27718364275733,0.0,864.6153673774237,0.0,235.44508846396175,0.0,167.45934719344237,0.0,10.113657752240746,0.0,10.851704243892208,0.0,3116.289937923947,0.0,1150.6069903517428,0.0,13.62327021083273,0.0,13.774228227299098,0.0,10.327221835607588,0.0
Milch,368.5921568627451,0.0,17.758906121603022,0.0,422.0383088606511,0.0,320.0,0.0,218.06499825870083,0.0,14.503527475622088,0.0,17.88854381999832,0.0,12.38062548539803,0.0,868.1832168019148,0.0,242.29702588111243,0.0,174.5849383439003,0.0,9.149178427203358,0.0,9.576984984517807,0.0,1773.5810015125699,0.0,1037.5245056750682,0.0,14.503527475129166,0.0,14.809822937673918,0.0,11.536732942924735,0.0
Milin,351.80392156862746,0.0,17.464846661124117,0.0,424.90911415096264,0.0,341.0,0.0,230.3550957984741,0.0,14.640323682183258,0.0,18.466185312619388,0.0,12.65359579488142,0.0,864.9064659621886,0.0,238.45677166903383,0.0,169.68063474576786,0.0,10.766156617384166,0.0,8.671554802646096,0.0,2942.357219763279,0.0,1503.9698392395555,0.0,14.640323716620545,0.0,15.103373814906938,0.0,11.815969758779332,0.0
Miliz,337.9019607843137,0.0,17.143930588313655,0.0,432.9351202576606,0.0,338.0,0.0,229.71498948471105,0.0,14.806148197306817,0.0,18.384776310850235,0.0,12.679705354139083,0.0,867.261403142722,0.0,249.02472136923637,0.0,180.22536480080467,0.0,13.024023068322457,0.0,14.530761178666268,0.0,2942.1476641664512,0.0,1505.6791938215197,0.0,14.806148232565505,0.0,15.002681518681495,0.0,11.78173293117855,0.0
Minen,387.79999999999995,0.0,18.214076207363867,0.0,390.57980011500604,0.0,294.0,0.0,193.8280333033668,0.0,13.564755365902723,0.0,17.146428199482248,0.0,11.472969767985596,0.0,863.3113333754224,0.0,230.04435113885995,0.0,162.13509441451592,0.0,7.308239319297681,0.0,7.634139963774445,0.0,1761.1929513169218,0.0,992.8971189916405,0.0,13.5647553715927,0.0,14.306713149317977,0.0,10.6625421582633,0.0
Mirki,358.49411764705883,0.0,17.468274312555025,0.0,430.92457689120084,0.0,329.0,0.0,224.15020585130685,0.0,14.721216293532716,0.0,18.138357147217054,0.0,12.53674453424458,0.0,866.8515598481029,0.0,250.86249052043223,0.0,177.02620012582787,0.0,10.914146032253319,0.0,9.566589950876441,0.0,2128.896626095184,0.0,2645.740932183218,0.0,14.721216289894166,0.0,14.70704115532924,0.0,11.617914022004951,0.0
Mitte,331.1411764705882,0.0,16.8889586493632,0.0,408.29981264156675,0.0,306.0,0.0,204.95287530405307,0.0,14.063680790229645,0.0,17.4928556845359,0.0,11.88625433966593,0.0,864.0952384072756,0.0,233.62266196899304,0.0,165.12087341818687,0.0,13.10136170388868,0.0,8.137332063610675,0.0,3900.3825210937216,0.0,1614.4497817819336,0.0,14.063680787280191,0.0,14.352705425781986,0.0,10.99207340265189,0.0
Mitti,315.1764705882353,0.0,16.524032804697494,0.0,426.91988645107165,0.0,334.0,0.0,226.03884393906324,0.0,14.632332055167302,0.0,18.275666882497067,0.0,12.540101922797293,0.0,865.16652697512,0.0,239.58066730318689,0.0,169.73154787228495,0.0,17.046577775120333,0.0,9.305973271728847,0.0,3900.9554357133106,0.0,1614.7614265120076,0.0,14.632332051871982,0.0,14.820694633791623,0.0,11.635528368933715,0.0
Mixer,351.7803921568627,0.0,17.298843336380163,0.0,407.742953136095,0.0,290.0,0.0,195.0271623836099,0.0,13.983058517403412,0.0,17.029386365926403,0.0,11.619024216336527,0.0,864.9013840642252,0.0,236.46991806436517,0.0,168.07711297505088,0.0,13.137636155304317,0.0,16.58625693670213,0.0,2833.5542636703995,0.0,1257.817373971382,0.0,13.983058522041839,0.0,13.804069409095435,0.0,10.673695427979867,0.0
Mißis,380.28235294117644,0.0,17.933856001439114,0.0,432.9818507989738,0.0,336.0,0.0,229.59601093914125,0.0,14.79256351519852,0.0,18.33030277982336,0.0,12.72158486765552,0.0,875.7210002927936,0.0,285.2989174574215,0.0,210.1139891542563,0.0,11.879582581283708,0.0,19.23024668483767,0.0,2935.916101121301,0.0,2500.200834688932,0.0,14.792563548997272,0.0,15.149478263663807,0.0,11.800696161706684,0.0
Mkdcn,431.18039215686275,0.0,19.095684116173146,0.0,414.49243439079993,0.0,315.0,0.0,213.60439428421714,0.0,14.28486333797458,0.0,17.74823934929885,0.0,12.253986353141437,0.0,973.0525050126822,0.0,277.44082436832554,0.0,205.8811316294674,0.0,9.941315941502268,0.0,17.069046390887,0.0,2111.8699408193,0.0,899.5925495449751,0.0,14.284863331996629,0.0,14.97332240927977,0.0,11.40085062122228,0.0
Mlrkl,372.7294117647059,0.0,17.87844212481774,0.0,446.37704481214325,0.0,346.0,0.0,240.43257094108503,0.0,15.230455736171995,0.0,18.601075237738275,0.0,13.132600641428793,0.0,870.3403128067574,0.0,264.31794021792075,0.0,193.50347487926447,0.0,9.874835353046675,0.0,11.499402412021821,0.0,2096.9179353525037,0.0,2507.119883161017,0.0,15.230455731802023,0.0,15.184138716961721,0.0,12.225577664308528,0.0
Mmbnm,518.4901960784314,0.0,20.984798144653595,0.0,531.9835629419052,0.0,461.0,0.0,329.5945514871236,0.0,17.427173179750266,0.0,21.470910553583888,0.0,15.671613270341151,0.0,1191.8214998931478,0.0,854.1738981550333,0.0,659.5592835213204,0.0,5.034819518270534,0.0,15.943241485147578,0.0,1844.605227129518,0.0,1203.9780623922964,0.0,17.427173187833745,0.0,19.062077061912706,0.0,14.868672430807363,0.0
Mmhrm,492.9294117647059,0.0,20.400641899875385,0.0,535.9219257963414,0.0,459.0,0.0,327.21112838912256,0.0,17.46538171480539,0.0,21.42428528562855,0.0,15.596225701657257,0.0,1191.5284715682553,0.0,852.9635858237334,0.0,658.634973425307,0.0,7.348723411064152,0.0,15.446552243851771,0.0,4712.9192418359535,0.0,515.5608327778223,0.0,17.465381715847972,0.0,18.789577371757986,0.0,14.750624128112287,0.0
Mmtth,423.56078431372555,0.0,18.997104131891362,0.0,483.23464160275233,0.0,404.0,0.0,281.9341386506416,0.0,16.180956484306385,0.0,20.09975124224178,0.0,14.28880674672151,0.0,1106.0053691130258,0.0,715.5905170775264,0.0,551.5905865497522,0.0,11.198704722549913,0.0,14.862485523670616,0.0,3811.9083493407034,0.0,1380.3806728624388,0.0,16.18095648127301,0.0,17.212379625228987,0.0,13.43521976217019,0.0
Mobil,386.41568627450977,0.0,18.2365287374587,0.0,420.6152988691007,0.0,323.0,0.0,220.99719907238662,0.0,14.52266879659299,0.0,17.97220075561143,0.0,12.499780962894956,0.0,868.5207519419886,0.0,252.46824423682529,0.0,184.22301076988788,0.0,13.586779969940544,0.0,10.390461711579464,0.0,2755.131503060637,0.0,1184.2952035329258,0.0,14.522668831768382,0.0,14.930070507060233,0.0,11.610804427664707,0.0
Mocko,404.52941176470586,0.0,18.3674649252863,0.0,396.63321184731535,0.0,275.0,0.0,185.3016136042736,0.0,13.644979999369857,0.0,16.583123951777,0.0,11.338792145487563,0.0,867.6839787765704,0.0,248.28971815127917,0.0,174.73922018670197,0.0,7.515305275554831,0.0,9.667624736507003,0.0,1288.1898512734842,0.0,2110.9365283179277,0.0,13.644979993916985,0.0,13.800082581605132,0.0,10.398244742611226,0.0
Modem,465.38039215686274,0.0,19.878704077906924,0.0,454.7516536946593,0.0,354.0,0.0,248.05474672865122,0.0,15.436699324622317,0.0,18.81488772222678,0.0,13.461221342547459,0.0,1065.2252642301855,0.0,528.1533003970886,0.0,405.1146702610854,0.0,4.697726382066867,0.0,10.961577362844995,0.0,2050.131270282492,0.0,910.3787384388003,0.0,15.43669932152025,0.0,16.590873596476847,0.0,12.644226058854459,0.0
Moden,425.59999999999997,0.0,19.039073119960566,0.0,387.2453275128019,0.0,282.0,0.0,188.50015766185254,0.0,13.508759124334691,0.0,16.792855623746664,0.0,11.424935947372921,0.0,966.6460709888518,0.0,246.00144778753634,0.0,180.56912861741117,0.0,7.500948709471118,0.0,8.66600746457581,0.0,2046.6028051316487,0.0,908.9606576211793,0.0,13.508759122191135,0.0,14.400848469194665,0.0,10.608094966549585,0.0
Mokka,438.34509803921566,0.0,19.114897740972296,0.0,410.6388412393719,0.0,304.0,0.0,205.59066555439426,0.0,14.140292412213444,0.0,17.435595774162696,0.0,11.969548820770592,0.0,868.3332073488801,0.0,260.8197679403657,0.0,183.2799743529756,0.0,7.133200356893662,0.0,11.13688928863709,0.0,3118.097051099531,0.0,2255.0649666459726,0.0,14.140292407117702,0.0,14.535907501967442,0.0,11.04895189319085,0.0
Monat,382.55686274509804,0.0,17.976843578240434,0.0,382.2323646848246,0.0,274.0,0.0,180.68145745424675,0.0,13.273274647581145,0.0,16.55294535724685,0.0,11.07019155356349,0.0,863.6169636157252,0.0,230.65319120701338,0.0,162.40088207644038,0.0,13.318332038135907,0.0,8.386555982118455,0.0,3350.728714714277,0.0,1147.817790415192,0.0,13.273274647603712,0.0,13.698428660991304,0.0,10.151780431532703,0.0
Moped,441.0980392156863,0.0,19.384713970472504,0.0,405.01900446258503,0.0,292.0,0.0,200.1017188921549,0.0,14.038117042323185,0.0,17.08800749063506,0.0,11.943964406626774,0.0,1316.2880133193175,0.0,315.1879890304429,0.0,257.8301575798701,0.0,6.050562839388466,0.0,13.380297764000062,0.0,1100.003858939349,0.0,421.23260239507533,0.0,14.038117047027148,0.0,14.766401919360344,0.0,11.096281992975177,0.0
Moral,363.78431372549016,0.0,17.549652305387266,0.0,398.33893815821887,0.0,279.0,0.0,189.3966585945958,0.0,13.799481378671619,0.0,16.703293088490067,0.0,11.519379099530964,0.0,866.4039113546238,0.0,242.65293680585572,0.0,175.9658743085289,0.0,13.0991999320142,0.0,8.974193714655314,0.0,3508.3878698675494,0.0,1745.8514964521105,0.0,13.799481378973535,0.0,13.69634819844911,0.0,10.57931358453666,0.0
Morgo,419.4431372549019,0.0,18.767638429240055,0.0,411.16466403716925,0.0,291.0,0.0,197.47609560139583,0.0,14.045684424254896,0.0,17.05872210923198,0.0,11.775526025324247,0.0,2523.564123519876,0.0,333.5826754068247,0.0,241.0489485589509,0.0,6.880740081448285,0.0,9.400895932682396,0.0,3482.724048566411,0.0,1856.5120855065152,0.0,14.045684425145895,0.0,14.394496165918813,0.0,10.77471711182442,0.0
Motel,361.2549019607843,0.0,17.596365532951474,0.0,401.47270884121315,0.0,280.0,0.0,190.8925429183103,0.0,13.881028186231159,0.0,16.73320053068151,0.0,11.587544527991971,0.0,866.4619583749508,0.0,242.07184058200426,0.0,175.93167693701275,0.0,13.447066320757028,0.0,9.143945056201646,0.0,1560.7976270747995,0.0,1277.6903454949309,0.0,13.881028189027809,0.0,13.790475452869705,0.0,10.677976259078047,0.0
Motol,367.1058823529412,0.0,17.695044128157015,0.0,407.56920545445274,0.0,299.0,0.0,203.06513513294607,0.0,14.08002403538714,0.0,17.291616465790582,0.0,11.928028835864142,0.0,867.2120179535358,0.0,246.32848091590614,0.0,178.6679337906542,0.0,12.593884288720158,0.0,10.250725403950073,0.0,1781.4057666245021,0.0,1242.2488811705266,0.0,14.080024036924979,0.0,14.317530083879833,0.0,11.011750041675684,0.0
Motor,360.0666666666667,0.0,17.428626793606075,0.0,391.1369371485348,0.0,274.0,0.0,182.26021764894838,0.0,13.491690912863325,0.0,16.55294535724685,0.0,11.17148356524973,0.0,864.5041703726434,0.0,234.41932177387145,0.0,165.27684960422107,0.0,14.064414080183491,0.0,9.543931777966653,0.0,1768.7940271393222,0.0,1239.240480762249,0.0,13.491690915017124,0.0,13.645464034995848,0.0,10.229353128180248,0.0
Motte,352.9568627450981,0.0,17.34683530553232,0.0,389.84291561041425,0.0,273.0,0.0,181.83810800376898,0.0,13.479837617550452,0.0,16.522711641858304,0.0,11.167748530783037,0.0,863.9967986818367,0.0,231.8219664884159,0.0,163.67031832203526,0.0,13.774506001457274,0.0,8.101384756201773,0.0,3795.1683225222055,0.0,1335.9019745381192,0.0,13.479837613747204,0.0,13.618040743384851,0.0,10.236637612810014,0.0
Mpkrv,411.95294117647063,0.0,18.640461916317193,0.0,430.4943997645867,0.0,322.0,0.0,220.4683842089774,0.0,14.684518083921832,0.0,17.944358444926362,0.0,12.500316065567947,0.0,1116.5737474337734,0.0,409.5563760289854,0.0,350.45076977417824,0.0,13.6362166365342,0.0,33.792964527907756,0.0,5468.605077261922,0.0,852.0443109963013,0.0,14.68451808284994,0.0,14.833193534258681,0.0,11.533700643830223,0.0
Mpstr,366.7607843137255,0.0,17.631592350873305,0.0,408.6576618531214,0.0,284.0,0.0,194.05130165517954,0.0,14.041596107819275,0.0,16.852299546352718,0.0,11.713366515166097,0.0,1112.6444934695207,0.0,396.67095467597153,0.0,343.1336726344907,0.0,17.690508320830332,0.0,14.23208202656868,0.0,3651.434249746235,0.0,736.1497439555369,0.0,14.041596105174902,0.0,13.881956928096182,0.0,10.751551952147018,0.0
Mqmgn,512.9960784313726,0.0,20.882873969381436,0.0,484.17935358640193,0.0,386.0,0.0,273.458130249208,0.0,16.1734919469952,0.0,19.6468827043885,0.0,14.210451302809604,0.0,11330.459300459306,0.0,3347.29979269909,0.0,3238.1854853342347,0.0,4.725530076759615,0.0,38.42668811156701,0.0,3280.5689916342717,0.0,1918.5140882709388,0.0,16.173491946912435,0.0,17.11512723498002,0.0,13.321692534885754,0.0
Mrjmm,464.1372549019608,0.0,19.832001447917936,0.0,552.0038802633837,0.0,474.0,0.0,338.7402116016452,0.0,17.784256844189294,0.0,21.77154105707724,0.0,15.878045415110824,0.0,12115.580076494498,0.0,1014.0516737435205,0.0,860.4771345852756,0.0,7.5722497571227,0.0,20.534276168829887,0.0,3201.1683276612926,0.0,839.7714101823794,0.0,17.78425684989078,0.0,18.924815265944673,0.0,14.998583607104244,0.0
Mrmcs,394.70588235294116,0.0,18.179720503927523,0.0,445.9347034256366,0.0,329.0,0.0,227.77441963430027,0.0,15.03976452452216,0.0,18.138357147217054,0.0,12.795236211161386,0.0,896.7221989084235,0.0,347.18926435074445,0.0,253.53504327625697,0.0,11.218488440721469,0.0,11.296469380233747,0.0,1467.1651901161965,0.0,1417.164487344391,0.0,15.039764524058933,0.0,15.402408359230911,0.0,11.915167325271433,0.0
Mrntt,342.4039215686274,0.0,17.109138778962123,0.0,406.8911801151696,0.0,314.0,0.0,207.32300567204732,0.0,13.993570308126385,0.0,17.72004514666935,0.0,11.874619814423443,0.0,864.1069477605898,0.0,234.3620570621185,0.0,165.40116824984807,0.0,15.50133820600592,0.0,9.309027187433296,0.0,3817.8221190798768,0.0,622.4350843340457,0.0,13.99357030665938,0.0,14.375916959549064,0.0,10.953143760135053,0.0
Msrkt,364.9921568627451,0.0,17.52339897754597,0.0,414.37081608906874,0.0,304.0,0.0,205.08462095012857,0.0,14.187845431199449,0.0,17.435595774162696,0.0,11.93585280740212,0.0,867.6358270905549,0.0,252.11693138135615,0.0,178.49740850566454,0.0,11.535516125047398,0.0,13.174667063690531,0.0,1963.7570206129112,0.0,2485.1656181194985,0.0,14.187845426990398,0.0,14.152189397933597,0.0,10.96257132145053,0.0
Msttx,341.0549019607843,0.0,17.01833690022833,0.0,414.89272811699493,0.0,316.0,0.0,211.45653608269703,0.0,14.21985754034076,0.0,17.776388834631177,0.0,12.066168910836533,0.0,866.606851009364,0.0,245.70522683735405,0.0,174.57098049689708,0.0,12.979007480679916,0.0,22.69264894831702,0.0,3819.25964059459,0.0,1335.958877852039,0.0,14.219857536907297,0.0,14.390710338737488,0.0,11.094590259135778,0.0
Mtglt,380.4901960784314,0.0,18.091146479159672,0.0,451.090919325187,0.0,360.0,0.0,247.45076306717118,0.0,15.26638922342357,0.0,18.973665961010276,0.0,13.259634833987155,0.0,2374.6426091813805,0.0,337.0390648625698,0.0,245.56513109764782,0.0,12.553648221079019,0.0,12.558097026727149,0.0,2310.358198143152,0.0,1747.1238007719824,0.0,15.266389254921629,0.0,15.768304587746274,0.0,12.295554341432242,0.0
Mtndn,413.7882352941176,0.0,18.83970301895357,0.0,409.9249197517352,0.0,333.0,0.0,222.67482512762734,0.0,14.251717857115686,0.0,18.24828759089466,0.0,12.415593486945713,0.0,960.4313468293927,0.0,252.01917002307655,0.0,184.6566859991392,0.0,4.822755942211265,0.0,12.08961499683669,0.0,2208.5796098639407,0.0,1142.1900028476257,0.0,14.251717854647328,0.0,15.448947058480694,0.0,11.611339086083868,0.0
Mtrkc,359.7960784313725,0.0,17.390611598793317,0.0,415.2291110193223,0.0,302.0,0.0,204.03363812825148,0.0,14.21039515169559,0.0,17.378147196982766,0.0,11.923847440529409,0.0,870.1821610670138,0.0,250.30757931995828,0.0,177.0309116530545,0.0,10.435389038639368,0.0,20.069546921460166,0.0,1934.4516639635137,0.0,2497.8331479318426,0.0,14.210395147956993,0.0,14.252460626842185,0.0,10.976705265333376,0.0
Mtrrd,359.6470588235294,0.0,17.525479227265905,0.0,421.7079176486794,0.0,320.0,0.0,217.72753413082145,0.0,14.506614106197494,0.0,17.88854381999832,0.0,12.389893871136866,0.0,1247.9160569564667,0.0,283.2438332374824,0.0,221.2085600612539,0.0,10.216691936700741,0.0,13.735473303090187,0.0,4894.786071045443,0.0,1377.0267030529646,0.0,14.506614105311568,0.0,14.95984987848787,0.0,11.493505966545941,0.0
Mtslm,398.0823529411765,0.0,18.428953950616844,0.0,482.90377578540836,0.0,389.0,0.0,274.8823618501514,0.0,16.175061339865326,0.0,19.72308292331602,0.0,14.191771194617276,0.0,974.9037964185301,0.0,526.6904429617643,0.0,402.3902198101705,0.0,8.459019434960751,0.0,13.784664475507759,0.0,2239.7684189307906,0.0,1786.9191224943097,0.0,16.175061371224558,0.0,16.8437530967396,0.0,13.298852588764772,0.0
Mtvst,333.66666666666663,0.0,16.843420299386235,0.0,418.99496696930277,0.0,313.0,0.0,211.85247143053851,0.0,14.340740285663626,0.0,17.69180601295413,0.0,12.139266289088521,0.0,867.7703320944304,0.0,250.3190417313591,0.0,177.92461764923468,0.0,15.126664989578046,0.0,14.905964034492177,0.0,3466.269680360705,0.0,1133.1448732895099,0.0,14.340740285972892,0.0,14.395602788585302,0.0,11.115974216489024,0.0
Muhne,426.16078431372546,0.0,19.05403998712174,0.0,382.22658465010534,0.0,273.0,0.0,179.7734998501667,0.0,13.290640810612732,0.0,16.522711641858304,0.0,11.060033952634402,0.0,864.264210222704,0.0,231.1348181660799,0.0,163.82225683620177,0.0,8.617790279623225,0.0,9.261156655402225,0.0,1775.208609201251,0.0,1160.192845579886,0.0,13.290640820815579,0.0,13.874625209248373,0.0,10.21517357656272,0.0
Mulde,407.8078431372549,0.0,18.761161793697337,0.0,405.3654345284857,0.0,302.0,0.0,204.60807396068685,0.0,14.070893123698829,0.0,17.378147196982766,0.0,11.990850794199686,0.0,960.1698304261712,0.0,248.32819396255604,0.0,182.93827436931912,0.0,7.892291048432954,0.0,9.345821471616132,0.0,2201.861208742848,0.0,1186.8775157889218,0.0,14.070893120488776,0.0,14.587384572735147,0.0,11.168032232546636,0.0
Mulur,372.843137254902,0.0,17.903716598816843,0.0,401.8272088182653,0.0,291.0,0.0,194.31944343206064,0.0,13.857272415465477,0.0,17.05872210923198,0.0,11.569638352034582,0.0,864.3319569272925,0.0,234.04437851805795,0.0,166.49084438250884,0.0,13.36545362822127,0.0,10.546165669469309,0.0,4857.396268451765,0.0,1532.8795543754954,0.0,13.857272419992514,0.0,13.823147716580397,0.0,10.666903402427756,0.0
Mumus,440.25490196078425,0.0,19.32008892880257,0.0,440.20358005793463,0.0,334.0,0.0,229.50882771392958,0.0,14.94890296362904,0.0,18.275666882497067,0.0,12.796130673135258,0.0,895.6831466275471,0.0,346.26908159722643,0.0,252.6934727939885,0.0,9.517323447414508,0.0,10.028573051125287,0.0,4811.0467582746705,0.0,2011.1052723944538,0.0,14.948902968573089,0.0,15.63247103467132,0.0,11.926240804054355,0.0
Mvvsd,389.9725490196078,0.0,18.18639152227036,0.0,431.305126709915,0.0,341.0,0.0,232.50954691115,0.0,14.756803521084159,0.0,18.466185312619388,0.0,12.80063887181396,0.0,1254.6108623359844,0.0,339.76955138594224,0.0,252.39162652041776,0.0,8.475084811708916,0.0,26.26494608493384,0.0,3549.7661285197873,0.0,1142.573920583466,0.0,14.756803521839775,0.0,15.30010287418429,0.0,11.849126507618617,0.0
Mvzdv,395.5411764705882,0.0,18.385498606667245,0.0,432.8480563587128,0.0,345.0,0.0,233.95832327699043,0.0,14.795369586854216,0.0,18.57417562100671,0.0,12.812629915792298,0.0,970.738512259293,0.0,314.4441799219487,0.0,222.76118440012272,0.0,8.081680530538618,0.0,39.80853372079722,0.0,2067.2926736220243,0.0,1247.0637803559944,0.0,14.795369584897015,0.0,15.309395337342593,0.0,11.860951522934315,0.0
Mzbnl,404.99607843137255,0.0,18.691272298340714,0.0,422.0578756685105,0.0,324.0,0.0,221.25500346910047,0.0,14.555580165890756,0.0,18.0,0.0,12.507193943914348,0.0,871.6509916291551,0.0,266.0363875444524,0.0,198.89062297885076,0.0,9.962096668780555,0.0,22.50249355917546,0.0,1797.5530635373768,0.0,1169.6348647535524,0.0,14.555580174831258,0.0,14.964609051835001,0.0,11.626499248505635,0.0
Mzffb,397.3254901960785,0.0,18.446180951500548,0.0,438.54601728341186,0.0,342.0,0.0,232.60124239700014,0.0,14.885582212329126,0.0,18.49324200890693,0.0,12.789009749989459,0.0,877.3310761440833,0.0,295.1924865885818,0.0,217.99834296127145,0.0,7.858338314046928,0.0,27.518598676211035,0.0,2152.620578745921,0.0,1887.2052342877714,0.0,14.885582230572975,0.0,15.422433718009312,0.0,11.849421484207319,0.0
Mzllr,345.0980392156863,0.0,17.293203479462207,0.0,430.73284927905036,0.0,324.0,0.0,221.6479151649651,0.0,14.730115853028472,0.0,18.0,0.0,12.511531230133626,0.0,869.3723729468596,0.0,256.64889806004885,0.0,189.95084215411475,0.0,15.498996090910934,0.0,21.753983583215824,0.0,2385.222805614371,0.0,1751.2868079997359,0.0,14.730115891729252,0.0,14.430095585181036,0.0,11.584449355287365,0.0
Mznsn,392.7607843137255,0.0,18.265802015249275,0.0,391.6205837808059,0.0,285.0,0.0,188.17247450818388,0.0,13.543430109245156,0.0,16.881943016134134,0.0,11.323988977080912,0.0,867.326309926397,0.0,246.95385880475837,0.0,180.02162531653877,0.0,8.81685950859922,0.0,21.665156906494047,0.0,1470.9405694290722,0.0,364.3704971580067,0.0,13.543430110431784,0.0,13.874842766799647,0.0,10.392731632471826,0.0
Mzsnr,365.6901960784314,0.0,17.599532079341333,0.0,395.29295813051937,0.0,271.0,0.0,181.25318657822484,0.0,13.604801852812882,0.0,16.46207763315433,0.0,11.180814395805873,0.0,867.45866082908,0.0,247.1534021109202,0.0,180.401692775168,0.0,12.635970591350494,0.0,21.942895945841318,0.0,1648.5973160244719,0.0,1224.8475794230692,0.0,13.604801861508397,0.0,13.361994981978874,0.0,10.221716345833787,0.0
Mähne,431.85098039215677,0.0,19.092852699935996,0.0,384.7452932267486,0.0,274.0,0.0,182.0313952264091,0.0,13.389439020170006,0.0,16.55294535724685,0.0,11.188027242879555,0.0,866.0797851941,0.0,243.66523556979806,0.0,172.98393445015586,0.0,8.769720669384057,0.0,10.933655734568868,0.0,1773.535487116845,0.0,1208.4677774456122,0.0,13.389439030638377,0.0,14.12312491830125,0.0,10.378383067097156,0.0
Mäuse,394.98039215686276,0.0,18.23391434796868,0.0,377.6576229775947,0.0,258.0,0.0,169.6558055467812,0.0,13.079418103515634,0.0,16.06237840420901,0.0,10.749154704330072,0.0,865.245212019934,0.0,240.62908859360755,0.0,169.9930759431605,0.0,11.49100666803873,0.0,11.089404463675974,0.0,2119.132039169626,0.0,847.3700351991235,0.0,13.079418104403832,0.0,13.495228400490832,0.0,9.837391882345205,0.0
Mäzen,403.64313725490194,0.0,18.48880039645519,0.0,383.4910597090271,0.0,257.0,0.0,171.8980057395392,0.0,13.293408957855751,0.0,16.0312195418814,0.0,10.901721110246593,0.0,866.3215135771239,0.0,246.71325139194948,0.0,176.24704987945785,0.0,8.889698506331506,0.0,14.931558110822213,0.0,1136.7575750283738,0.0,752.0222887551727,0.0,13.293408962750258,0.0,13.572929439202657,0.0,10.018378750206143,0.0
Möbel,414.8941176470588,0.0,18.829744072142244,0.0,413.901183003836,0.0,301.0,0.0,207.27418341148905,0.0,14.290527076681286,0.0,17.349351572897472,0.0,12.157305270969456,0.0,869.9598298348542,0.0,256.12327195778056,0.0,188.90872140525389,0.0,12.050589702438957,0.0,14.174382595863982,0.0,1469.7811424378835,0.0,789.7270023430851,0.0,14.2905270819623,0.0,14.66424386355229,0.0,11.275653929839242,0.0
Mödeu,435.01960784313724,0.0,19.24065844330166,0.0,399.74878986428513,0.0,296.0,0.0,198.82334313320453,0.0,13.844041984772202,0.0,17.204650534085253,0.0,11.765981313389,0.0,968.4972780340163,0.0,253.71925023508766,0.0,187.80823885908265,0.0,8.544426574768819,0.0,15.555820231940944,0.0,2123.3189155557984,0.0,1097.6148724476236,0.0,13.844041982617915,0.0,14.76309788316499,0.0,10.924040792981916,0.0
Möhre,409.36470588235295,0.0,18.572079518442987,0.0,396.127844055149,0.0,279.0,0.0,186.3602924303411,0.0,13.66337534629312,0.0,16.703293088490067,0.0,11.350137103432552,0.0,866.7040299318546,0.0,240.14390256668253,0.0,172.50612283649636,0.0,12.108516828185948,0.0,13.540490629727078,0.0,4732.137376428188,0.0,721.812546499957,0.0,13.66337534672277,0.0,13.96060521839408,0.0,10.427186362520217,0.0
Möpse,418.156862745098,0.0,18.764753006681666,0.0,397.4817544200655,0.0,268.0,0.0,182.48220283845308,0.0,13.697941312560319,0.0,16.3707055437449,0.0,11.35243483770339,0.0,962.922228497599,0.0,281.1067849885412,0.0,220.3011834721117,0.0,11.177504958675307,0.0,15.100322444932527,0.0,1203.0682671751886,0.0,690.7004084197739,0.0,13.69794131343087,0.0,13.824922953942385,0.0,10.385283162237675,0.0
Möwön,455.3960784313726,0.0,19.528360472530665,0.0,437.42692049145035,0.0,347.0,0.0,237.5977506189032,0.0,14.929592075655805,0.0,18.627936010197157,0.0,12.98054021988705,0.0,1107.7680397173763,0.0,378.1985534193749,0.0,288.1157997645677,0.0,6.479996600076782,0.0,36.39790883649453,0.0,3226.9801876447837,0.0,1911.4053085961502,0.0,14.929592077615649,0.0,15.642072038793227,0.0,12.061297640978438,0.0
Mühen,438.6745098039215,0.0,19.3091213781666,0.0,393.50416022115684,0.0,287.0,0.0,190.8254421416089,0.0,13.635221437608202,0.0,16.941074346097416,0.0,11.453008832514069,0.0,866.215915620376,0.0,239.06731028744932,0.0,171.55284132960566,0.0,8.448361529641241,0.0,11.286688431129667,0.0,1293.562269651655,0.0,677.480725125722,0.0,13.63522144484662,0.0,14.30863196406243,0.0,10.60904144351466,0.0
Mühle,418.64313725490194,0.0,18.928912523831663,0.0,411.06278208378194,0.0,307.0,0.0,207.24967401252098,0.0,14.178766195522215,0.0,17.52141546793523,0.0,12.034698637021709,0.0,867.4857239289297,0.0,244.59071486268115,0.0,177.40862641311296,0.0,11.31163518047278,0.0,11.471716975929535,0.0,2310.8893555196455,0.0,1791.5289404756054,0.0,14.178766233873723,0.0,14.60600219107044,0.0,11.158298869480882,0.0
Münze,410.4666666666667,0.0,18.712051845676324,0.0,389.24667033824346,0.0,270.0,0.0,178.68772559278392,0.0,13.426521366460802,0.0,16.431676725154983,0.0,11.05979474863068,0.0,866.130727141115,0.0,240.6669776495524,0.0,173.15082423305367,0.0,10.990626806322362,0.0,12.756892057179764,0.0,3067.2875509573837,0.0,773.8293067236674,0.0,13.426521365723985,0.0,13.696733742933468,0.0,10.127239012918498,0.0
Mütze,382.1372549019608,0.0,18.079907642501922,0.0,398.56537675513607,0.0,273.0,0.0,183.1824846860126,0.0,13.700735498919094,0.0,16.522711641858304,0.0,11.266279145113634,0.0,866.5546776043507,0.0,242.47308317039273,0.0,174.68175081794692,0.0,12.24966160317772,0.0,12.673009054725854,0.0,3081.6818825603477,0.0,1435.3728729487027,0.0,13.700735497778481,0.0,13.685395021288707,0.0,10.296957339255492,0.0
Nabal,356.24313725490197,0.0,17.333263241806648,0.0,348.96091470871727,0.0,229.0,0.0,150.7278086892195,0.0,12.377963475579612,0.0,15.132745950421556,0.0,10.136478653694725,0.0,729.7067523282211,0.0,135.77378161422655,0.0,104.66365366451697,0.0,5.790527623428927,0.0,10.964861447480676,0.0,3404.4283160324717,0.0,1184.8724066002019,0.0,12.377963478047375,0.0,12.314504187470332,0.0,9.201276325930085,0.0
Nabel,354.97254901960787,0.0,17.362189625861795,0.0,347.32065154300744,0.0,219.0,0.0,144.18766916927837,0.0,12.281136143137342,0.0,14.798648586948742,0.0,9.924509365518114,0.0,729.5114322447862,0.0,132.55846765725997,0.0,102.8835667524392,0.0,6.101522415796894,0.0,10.59659701099251,0.0,1630.1093883737979,0.0,501.3504003283327,0.0,12.28113614967342,0.0,12.063509217332047,0.0,9.000262194343014,0.0
Nadel,358.1607843137255,0.0,17.453631435559497,0.0,350.29286850083554,0.0,226.0,0.0,149.30415347193514,0.0,12.416549933680596,0.0,15.033296378372908,0.0,10.132032607735136,0.0,847.3569935011968,0.0,147.1160296878886,0.0,121.00848379084742,0.0,5.68386504593713,0.0,10.526832328973132,0.0,2248.7641223674595,0.0,915.8854055343971,0.0,12.41654993029743,0.0,12.377641206024519,0.0,9.24571502617749,0.0
Napal,358.94509803921574,0.0,17.373787854736126,0.0,352.50917300418735,0.0,225.0,0.0,149.1938997821349,0.0,12.465549014625015,0.0,15.0,0.0,10.136141631275668,0.0,840.8392698511452,0.0,193.6555791445903,0.0,168.2708754096411,0.0,5.818781285175993,0.0,12.656575540462937,0.0,3312.7326985027544,0.0,1152.3391686451514,0.0,12.465549015672643,0.0,12.12691925727604,0.0,9.17394512031868,0.0
Narbe,347.93333333333334,0.0,17.090584361506263,0.0,330.52178001312086,0.0,193.0,0.0,122.66359981966049,0.0,11.597224011926597,0.0,13.892443989449804,0.0,8.975254169488634,0.0,726.5135703005344,0.0,111.93764394170839,0.0,78.80831714461138,0.0,4.160510565620946,0.0,10.625850611593275,0.0,2581.5030387583624,0.0,1347.563105868983,0.0,11.597224018682041,0.0,11.262237646420711,0.0,7.95229619018835,0.0
Nasen,342.7372549019608,0.0,16.903298250162553,0.0,316.95690297046747,0.0,175.0,0.0,109.30625194040142,0.0,11.088309351156907,0.0,13.228756555322953,0.0,8.363959662257376,0.0,724.3616660234691,0.0,89.23339898693064,0.0,59.74548512886233,0.0,4.12647713314268,0.0,9.150073054306837,0.0,1461.5281060588986,0.0,619.5532103184986,0.0,11.08830935791054,0.0,10.60989395415184,0.0,7.350629498566752,0.0
Natan,335.1490196078431,0.0,16.72866668684535,0.0,326.09831431402256,0.0,202.0,0.0,126.86764260433606,0.0,11.49387710244722,0.0,14.212670403551895,0.0,9.025476217127759,0.0,724.4858684621438,0.0,96.43740491799463,0.0,64.35891979459676,0.0,5.08070697706994,0.0,9.367073008247516,0.0,3482.9759837177457,0.0,1668.000696030359,0.0,11.493877102486051,0.0,11.375763602689176,0.0,8.05168505331188,0.0
Natar,308.07843137254906,0.0,15.99850915776372,0.0,329.6971453485716,0.0,193.0,0.0,121.74724294233735,0.0,11.541690995435184,0.0,13.892443989449804,0.0,8.864535862813076,0.0,724.6212508698469,0.0,96.01440307317176,0.0,64.38063931632382,0.0,8.529581314529041,0.0,9.864482619488374,0.0,3484.2957880355134,0.0,1668.080392065435,0.0,11.54169099560447,0.0,10.815257195214237,0.0,7.817326779859767,0.0
Natta,306.8196078431373,0.0,16.018441410002726,0.0,334.2977938139333,0.0,212.0,0.0,133.81949661593964,0.0,11.759211535084956,0.0,14.560219778561036,0.0,9.302542470750664,0.0,724.838995826965,0.0,99.89417360579837,0.0,67.2955326735464,0.0,8.008198494672675,0.0,9.49830138145223,0.0,3901.8286544392354,0.0,1339.7197401452104,0.0,11.759211530997261,0.0,11.582751797600247,0.0,8.308636551445323,0.0
Nazis,312.8705882352941,0.0,16.19943562983309,0.0,336.2843202047453,0.0,193.0,0.0,123.30353686290721,0.0,11.744924767227282,0.0,13.892443989449804,0.0,8.994560184804454,0.0,726.1847229501898,0.0,108.62001207599427,0.0,78.19297088895564,0.0,8.600328575955333,0.0,13.903422357009559,0.0,2771.077191691108,0.0,1251.392566194204,0.0,11.744924808754599,0.0,10.832429400428486,0.0,7.901331971932773,0.0
Ncbgt,374.15294117647056,0.0,17.75114965600701,0.0,377.4611044968726,0.0,258.0,0.0,170.01599565889933,0.0,13.062888493899983,0.0,16.06237840420901,0.0,10.780779551959982,0.0,2480.148484235757,0.0,263.6742230687668,0.0,193.44411031909956,0.0,4.700450770741359,0.0,15.905830094245617,0.0,3355.7269104077686,0.0,1329.4817089824653,0.0,13.062888497406874,0.0,13.149488127391736,0.0,9.705291502100938,0.0
Nchdr,361.8588235294117,0.0,17.436574798827596,0.0,358.1117155715372,0.0,246.0,0.0,158.28570028589672,0.0,12.547328281910225,0.0,15.684387141358123,0.0,10.278194361046346,0.0,839.5276628044518,0.0,135.2837572231221,0.0,105.64091778072034,0.0,4.532251502487378,0.0,15.029489452513362,0.0,2183.148697724154,0.0,1126.8519696005117,0.0,12.547328283524156,0.0,12.706017891878204,0.0,9.315512929594481,0.0
Nchpr,361.37254901960785,0.0,17.385540222919527,0.0,358.48931678963714,0.0,233.0,0.0,150.66342029032438,0.0,12.49162551273343,0.0,15.264337522473747,0.0,10.048034394471733,0.0,827.0453105320777,0.0,176.93173401139268,0.0,150.43462273919204,0.0,4.921318197403038,0.0,16.170281421149213,0.0,2022.4565112550956,0.0,445.42142103529244,0.0,12.491625527306544,0.0,12.33973158802203,0.0,9.05255764591229,0.0
Ndhmr,426.3058823529412,0.0,18.96668359268932,0.0,419.76177213002836,0.0,312.0,0.0,214.1411851095938,0.0,14.512885768471188,0.0,17.663521732655695,0.0,12.39824296006567,0.0,2080.043479302798,0.0,431.84059713965866,0.0,361.63352215562503,0.0,4.423445624665874,0.0,17.48191267400208,0.0,3402.285134942437,0.0,708.1941894948272,0.0,14.512885775060372,0.0,14.856018132705465,0.0,11.481847579908353,0.0
Ndhrt,358.19607843137254,0.0,17.429879289356037,0.0,364.85359180158423,0.0,245.0,0.0,160.87656669717308,0.0,12.826338038105735,0.0,15.652475842498529,0.0,10.474317164349143,0.0,2060.348060050725,0.0,303.8159384284177,0.0,277.33861675730395,0.0,10.879430994736236,0.0,16.588016205843353,0.0,4848.155035666211,0.0,586.7815581645373,0.0,12.826338038026282,0.0,12.514839636657616,0.0,9.472718136991542,0.0
Ndscr,328.08235294117645,0.0,16.5544898495593,0.0,343.3134152959002,0.0,189.0,0.0,124.20309843337027,0.0,11.98130725342416,0.0,13.74772708486752,0.0,9.20941305606713,0.0,2060.140915184586,0.0,299.35032884937704,0.0,274.48178251112887,0.0,11.753941362925119,0.0,17.502417831420733,0.0,1727.6549658148374,0.0,737.9260503571016,0.0,11.981307253896215,0.0,10.775949602331677,0.0,8.143764867563963,0.0
Ndsfr,338.89803921568625,0.0,16.889501344648867,0.0,363.7770296938834,0.0,227.0,0.0,150.52535953111797,0.0,12.70605334239111,0.0,15.066519173319364,0.0,10.173879673109186,0.0,2060.730997671821,0.0,308.9824161212673,0.0,280.9047002349533,0.0,10.191588942271956,0.0,18.400275382972268,0.0,1669.5083170596977,0.0,981.4724619948554,0.0,12.70605335915902,0.0,11.88877829269871,0.0,9.100378555628536,0.0
Ndspr,368.2470588235294,0.0,17.616933327605036,0.0,361.6740662449753,0.0,220.0,0.0,147.9831010250718,0.0,12.691590610591179,0.0,14.832396974191326,0.0,10.187902044652123,0.0,2097.025056437151,0.0,333.01678922738074,0.0,305.2453460065875,0.0,6.779682693898965,0.0,18.364120352436075,0.0,2155.9477119965436,0.0,765.3117952773281,0.0,12.691590620842328,0.0,12.049732146801176,0.0,9.190711220351726,0.0
Ndstr,324.4196078431372,0.0,16.54743743017555,0.0,355.794120886687,0.0,220.0,0.0,144.99067176368004,0.0,12.47987200201428,0.0,14.832396974191326,0.0,9.95380746839938,0.0,2060.000991685549,0.0,301.78519785837926,0.0,275.8314963050236,0.0,12.21973622868235,0.0,16.717340349404058,0.0,3844.235540375549,0.0,858.1871756117114,0.0,12.479871998825763,0.0,11.644718518135685,0.0,8.90938015827232,0.0
Ndthr,358.1960784313725,0.0,17.429879289356037,0.0,363.305506826165,0.0,237.0,0.0,156.71620515478662,0.0,12.786428326386574,0.0,15.394804318340652,0.0,10.366159388492925,0.0,2060.3266004836773,0.0,303.7746241852938,0.0,277.2272500829427,0.0,7.094363814759359,0.0,17.399213328717615,0.0,1916.5202760889701,0.0,1414.0992524446929,0.0,12.786428329165544,0.0,12.35987018290694,0.0,9.392970493078732,0.0
Ndths,365.7960784313726,0.0,17.587167213508966,0.0,357.01177037522973,0.0,227.0,0.0,150.50350662638715,0.0,12.59192742703526,0.0,15.066519173319364,0.0,10.173516469747101,0.0,2060.26679130234,0.0,302.9725078068736,0.0,276.84979366104864,0.0,5.610037607096319,0.0,16.893287936794273,0.0,1914.453091390867,0.0,1413.8960307318825,0.0,12.591927429547917,0.0,12.273641565466129,0.0,9.212633642790165,0.0
Nebel,353.7019607843137,0.0,17.39106789702692,0.0,351.14696163471604,0.0,220.0,0.0,144.7596717717789,0.0,12.356590620824267,0.0,14.832396974191326,0.0,9.941538154965627,0.0,729.5973260306877,0.0,132.32292777870305,0.0,102.8091223947402,0.0,6.1945291850603414,0.0,10.692989311667032,0.0,1593.9879697802344,0.0,466.88308364695365,0.0,12.356590627267007,0.0,11.983233489100003,0.0,8.987695720079019,0.0
Neffe,333.2352941176471,0.0,16.77715212798546,0.0,352.0924252118598,0.0,217.0,0.0,138.95649045794863,0.0,12.207492535758133,0.0,14.730919862656235,0.0,9.568811683567223,0.0,729.3202400058241,0.0,136.4650760044029,0.0,102.2025650072226,0.0,5.546401626638531,0.0,13.537613978026203,0.0,2326.0623854839264,0.0,1870.4225629592468,0.0,12.207492559945253,0.0,11.607814654006315,0.0,8.498458802481204,0.0
Negro,370.7647058823529,0.0,17.604239554390034,0.0,359.75282050036043,0.0,230.0,0.0,148.85364741518214,0.0,12.456171533706158,0.0,15.165750888103101,0.0,9.993542234059737,0.0,2327.2559055197657,0.0,255.6627222999252,0.0,186.74760398673948,0.0,4.76426060224162,0.0,11.103539636764452,0.0,4791.336309586808,0.0,389.43729894355675,0.0,12.456171533495924,0.0,12.37417789262038,0.0,8.921618767377616,0.0
Nehgt,389.14509803921567,0.0,18.117778626124448,0.0,370.6072591944669,0.0,245.0,0.0,160.50008180058455,0.0,12.849043424627876,0.0,15.652475842498529,0.0,10.439368959764106,0.0,2479.368003314857,0.0,257.7710251371192,0.0,188.94757372797312,0.0,4.200938341861612,0.0,11.257801595021279,0.0,3313.209161587159,0.0,1317.1484805320065,0.0,12.849043428724235,0.0,12.65763252327222,0.0,9.363571304072462,0.0
Neift,302.79215686274506,0.0,16.05745930186544,0.0,360.70540423797445,0.0,235.0,0.0,151.59089394810704,0.0,12.541956004123778,0.0,15.329709716755891,0.0,10.01184715428469,0.0,727.2017770788276,0.0,119.97701554696793,0.0,86.1367683290718,0.0,9.641455988567724,0.0,11.534719427485065,0.0,1763.360021227805,0.0,867.6980781243412,0.0,12.541956027081074,0.0,11.820441212297945,0.0,8.943369258769902,0.0
Ngkgm,498.9098039215686,0.0,20.417503101760975,0.0,473.17002454017506,0.0,363.0,0.0,256.398896367028,0.0,15.800301720353545,0.0,19.05255888325765,0.0,13.758621769291212,0.0,4371.063150557177,0.0,1834.0949456527599,0.0,1386.9815262481177,0.0,5.503958373930295,0.0,23.06868502821832,0.0,4374.967686377726,0.0,1543.2744162441893,0.0,15.800301723828714,0.0,16.31397318547298,0.0,12.77022584023922,0.0
Ngspr,383.3098039215686,0.0,17.902730907129857,0.0,378.76777569901714,0.0,240.0,0.0,161.97145618539292,0.0,13.100917957360542,0.0,15.491933384829668,0.0,10.673255089187839,0.0,3665.565176641222,0.0,1761.280096459826,0.0,1332.395281796729,0.0,7.864217697081963,0.0,22.432712272709473,0.0,2060.8237122010946,0.0,653.9612896325366,0.0,13.100917968330547,0.0,12.588265667095591,0.0,9.66660899839124,0.0
Ngstr,339.4823529411765,0.0,16.8513833132297,0.0,372.8878303407288,0.0,240.0,0.0,158.97902692400118,0.0,12.895921226702095,0.0,15.491933384829668,0.0,10.450038719804365,0.0,3644.5106753342075,0.0,1755.6428172964575,0.0,1325.9658668492837,0.0,13.050894368238751,0.0,21.042481078863844,0.0,3790.984409328092,0.0,760.6295908704348,0.0,12.89592122410114,0.0,12.201141629773621,0.0,9.399532519591,0.0
Ngthf,386.47843137254904,0.0,18.056241751962276,0.0,395.12109861155056,0.0,278.0,0.0,186.25852953325074,0.0,13.627764415402053,0.0,16.673332000533065,0.0,11.373174205099682,0.0,3646.0183722947622,0.0,1759.6050479974072,0.0,1329.6203874291682,0.0,5.8414648683283055,0.0,24.18089886056669,0.0,1849.9918088357929,0.0,1373.14868092699,0.0,13.627764418060883,0.0,13.593215990609504,0.0,10.373735091177753,0.0
Ngthl,380.29803921568623,0.0,17.98081424440964,0.0,396.8314845861248,0.0,282.0,0.0,191.5094777991054,0.0,13.79390015888572,0.0,16.792855623746664,0.0,11.621450574504408,0.0,3645.33796801223,0.0,1757.61535060051,0.0,1327.9921714505624,0.0,6.832246098978175,0.0,21.634707913726597,0.0,1820.432510983115,0.0,1359.9661484725111,0.0,13.793900161492235,0.0,13.595137277947286,0.0,10.66869368813237,0.0
Ngths,380.8588235294118,0.0,17.87344076163698,0.0,374.10547982927153,0.0,247.0,0.0,164.49186178670826,0.0,13.004392159050289,0.0,15.716233645501712,0.0,10.659524543227183,0.0,3644.66092088452,0.0,1755.8472988175843,0.0,1326.1780702249864,0.0,6.627879527326028,0.0,21.092055900010294,0.0,1806.2407839287928,0.0,1356.9690857904782,0.0,13.00439216159971,0.0,12.80276005242164,0.0,9.687454537660322,0.0
Ngthw,415.23137254901957,0.0,18.673620388764554,0.0,419.3897479300132,0.0,318.0,0.0,217.11462934616202,0.0,14.438315623934889,0.0,17.832554500127006,0.0,12.421849886917114,0.0,5119.169680163569,0.0,1925.6575439718188,0.0,1465.6460928210643,0.0,4.153625735305218,0.0,31.229077661969367,0.0,1836.5058014027984,0.0,1358.7009419491706,0.0,14.438315626624044,0.0,14.488738355158235,0.0,11.46101715464174,0.0
Nickt,316.89019607843136,0.0,16.3005947344462,0.0,370.2744587797953,0.0,249.0,0.0,163.02659355908162,0.0,12.885356397924175,0.0,15.7797338380595,0.0,10.466874552438094,0.0,728.3710125455717,0.0,129.651724832278,0.0,88.66639144642454,0.0,5.900124425079794,0.0,10.320211659413564,0.0,1803.9890267324508,0.0,2290.564425572303,0.0,12.885356392584537,0.0,12.276212716064943,0.0,9.446861823712657,0.0
Niger,348.9490196078432,0.0,17.153235246768702,0.0,371.72392248652267,0.0,247.0,0.0,161.54927445851,0.0,12.871219745589768,0.0,15.716233645501712,0.0,10.45763620726847,0.0,2326.8282344526756,0.0,252.51208026935285,0.0,184.5972336366495,0.0,6.646506483664753,0.0,10.157916541792938,0.0,1809.671976550183,0.0,1018.3497516268344,0.0,12.871219752338495,0.0,12.650714774589993,0.0,9.441233517798375,0.0
Nihri,316.24313725490197,0.0,16.383698915618282,0.0,372.1113035989569,0.0,266.0,0.0,173.0282306506524,0.0,13.033218041480694,0.0,16.30950643030009,0.0,10.766775845462716,0.0,727.489805890555,0.0,118.22163617156131,0.0,83.67380450383526,0.0,8.682375212910511,0.0,11.22114489241441,0.0,4867.757188497635,0.0,971.7218536207889,0.0,13.033218043094031,0.0,12.788420209159403,0.0,9.800797357408257,0.0
Nkhmn,451.1215686274509,0.0,19.443518492809844,0.0,426.1393868465726,0.0,339.0,0.0,229.90229176621725,0.0,14.688913106456612,0.0,18.411952639521967,0.0,12.741917720284482,0.0,787.535857081666,0.0,349.24511818211374,0.0,262.894471559793,0.0,3.197664050857199,0.0,17.118137402864807,0.0,3314.6335272496,0.0,542.5324255023933,0.0,14.688913113231022,0.0,15.424688416249902,0.0,11.826228573346082,0.0
Nlppt,365.94117647058823,0.0,17.693704365219375,0.0,391.57361998634025,0.0,281.0,0.0,190.37210627056842,0.0,13.70127149059375,0.0,16.76305461424021,0.0,11.575164554069085,0.0,927.7212142741715,0.0,239.76407614428362,0.0,211.91565583638825,0.0,5.294072422452641,0.0,13.566315365199523,0.0,2122.4075031688476,0.0,499.4252106751358,0.0,13.701271500241111,0.0,13.757627035743138,0.0,10.637910723931487,0.0
Nmtdn,410.74117647058824,0.0,18.67561204346462,0.0,425.7334502298785,0.0,340.0,0.0,232.62825089832148,0.0,14.739841431343233,0.0,18.439088914585774,0.0,12.887536452047174,0.0,1082.7022354619958,0.0,686.7913360604801,0.0,534.0614810435873,0.0,4.083272187639989,0.0,15.541305073964978,0.0,2424.9970472740642,0.0,1673.2270737070414,0.0,14.73984142819412,0.0,15.71302037361156,0.0,12.055205286017443,0.0
Nndkr,385.9490196078432,0.0,18.026120993222133,0.0,363.11011573567794,0.0,246.0,0.0,161.2092318574126,0.0,12.765233576793172,0.0,15.684387141358123,0.0,10.458714070123827,0.0,847.2820350427749,0.0,155.68417756046023,0.0,118.69652153049653,0.0,5.2704908198105835,0.0,13.88738956009531,0.0,2315.201483301004,0.0,2259.8738510442595,0.0,12.765233563934885,0.0,12.581549582223417,0.0,9.503277751802592,0.0
Nnknl,377.00392156862745,0.0,17.867306191105598,0.0,365.4567979525548,0.0,248.0,0.0,163.84185922200336,0.0,12.87170182731545,0.0,15.748015748023622,0.0,10.56976706255746,0.0,730.8070803413004,0.0,150.6544274404101,0.0,112.27375116272123,0.0,5.545636295575041,0.0,14.66305807792691,0.0,3409.4733263175417,0.0,1369.9351281454203,0.0,12.871701837163679,0.0,12.42274757594537,0.0,9.603966786599132,0.0
Noito,317.16078431372546,0.0,16.34114588477118,0.0,347.70231741326666,0.0,230.0,0.0,147.1009019661837,0.0,12.19352087155934,0.0,15.165750888103101,0.0,9.813853336901076,0.0,726.8467371457209,0.0,112.13495918766813,0.0,76.39278471150364,0.0,7.609506026523124,0.0,10.160959483937399,0.0,3901.487147462402,0.0,732.5229320797408,0.0,12.19352086924084,0.0,11.982173310257402,0.0,8.802017071213662,0.0
Nonne,366.7882352941176,0.0,17.566896360793645,0.0,318.945762432743,0.0,193.0,0.0,118.54051045724604,0.0,11.176394190687452,0.0,13.892443989449804,0.0,8.628021616237902,0.0,724.2070277129795,0.0,89.56561164967526,0.0,58.84364291003524,0.0,3.6261357895150224,0.0,9.08336074712358,0.0,2138.201401594884,0.0,1108.7827968712313,0.0,11.176394201067595,0.0,11.139233900856404,0.0,7.652129825059606,0.0
Norto,317.2392156862745,0.0,16.276502594742137,0.0,341.37333975859457,0.0,216.0,0.0,137.16892171711024,0.0,11.946520722942997,0.0,14.696938456699069,0.0,9.449497171982467,0.0,726.6914742443203,0.0,110.52764935544623,0.0,75.12238485046844,0.0,7.701477310302639,0.0,9.834480272650017,0.0,4022.4493389371137,0.0,1425.8679121021942,0.0,11.946520719528147,0.0,11.645810682417236,0.0,8.380988408033566,0.0
Norvo,329.2313725490196,0.0,16.542453859694316,0.0,346.5012558954468,0.0,223.0,0.0,142.29251160191427,0.0,12.101642417946493,0.0,14.933184523068078,0.0,9.644264952038931,0.0,730.1509599622544,0.0,137.86638798828076,0.0,94.64054036660183,0.0,5.956482774172015,0.0,16.147931648874998,0.0,2217.0967440871286,0.0,1669.8320670971643,0.0,12.101642418395752,0.0,11.743479696929748,0.0,8.542066152073092,0.0
Notar,312.65882352941173,0.0,16.13810447338375,0.0,335.18416551255063,0.0,201.0,0.0,127.30095946956507,0.0,11.720977676078695,0.0,14.177446878757825,0.0,9.080004527574285,0.0,725.0944930638091,0.0,99.4783293408996,0.0,66.84655065613384,0.0,8.904840796571838,0.0,10.09311477587248,0.0,3482.620473160976,0.0,1659.340666081726,0.0,11.720977676275654,0.0,10.996582152624018,0.0,7.99868067558742,0.0
Noten,338.4588235294118,0.0,16.891951451415725,0.0,329.9450713122919,0.0,200.0,0.0,125.88121961162264,0.0,11.571180694236757,0.0,14.142135623730951,0.0,9.00407650750798,0.0,724.7625995062568,0.0,95.47027313299884,0.0,64.0016646835805,0.0,5.028411103076934,0.0,9.041910473801385,0.0,1785.2132848000483,0.0,1265.3045451263433,0.0,11.571180698813004,0.0,11.28026018978184,0.0,8.002447152905232,0.0
Novum,398.32156862745103,0.0,18.28274240212356,0.0,409.34037115328033,0.0,301.0,0.0,203.58555126304927,0.0,14.122477296633127,0.0,17.349351572897472,0.0,11.969552117108133,0.0,854.3458496148018,0.0,483.707864161891,0.0,372.46358794303603,0.0,6.180241947748769,0.0,15.312407122156484,0.0,5844.578819761546,0.0,1812.3963813044038,0.0,14.12247730354333,0.0,14.528987593878544,0.0,10.988926609390209,0.0
Npbtb,396.0666666666667,0.0,18.386774161127004,0.0,377.7570174372925,0.0,274.0,0.0,183.34526541994956,0.0,13.303620716439845,0.0,16.55294535724685,0.0,11.305073795309793,0.0,1014.9193908363729,0.0,364.12101177018343,0.0,325.4023677298012,0.0,5.031433545919153,0.0,20.79284938435971,0.0,3821.9338444550913,0.0,617.3304318111446,0.0,13.303620715308535,0.0,13.945201501674376,0.0,10.396072362852719,0.0
Nrffr,301.4627450980392,0.0,15.901864074559047,0.0,375.24973880506593,0.0,256.0,0.0,165.3694095509611,0.0,12.966031272239304,0.0,16.0,0.0,10.482216873770177,0.0,730.189671519752,0.0,145.19566412583362,0.0,108.1453277781606,0.0,8.014505476005272,0.0,14.948152467644322,0.0,2405.542984320591,0.0,1888.098226615268,0.0,12.966031293060238,0.0,12.31660508943899,0.0,9.407500957950353,0.0
Nstds,332.01960784313724,0.0,16.713032162356924,0.0,353.207827749026,0.0,236.0,0.0,153.50001268853924,0.0,12.419203029291031,0.0,15.362291495737216,0.0,10.16231549542705,0.0,838.7686900976065,0.0,142.08570112667144,0.0,110.93129004860434,0.0,5.203280662727723,0.0,14.164441294525426,0.0,2426.8957030033066,0.0,1635.5222837633073,0.0,12.419203026479813,0.0,12.404641105263384,0.0,9.198275563847103,0.0
Nthsl,329.7803921568627,0.0,16.724594141916917,0.0,375.0828710115469,0.0,262.0,0.0,174.06841417552852,0.0,13.176264205689524,0.0,16.186414056238647,0.0,10.935789946281819,0.0,731.0594760691102,0.0,139.9346287511664,0.0,108.38568560931344,0.0,6.19071794053236,0.0,13.988632082473856,0.0,1525.2319851335449,0.0,440.51239785143383,0.0,13.176264208535617,0.0,12.854749539238062,0.0,9.923262199540947,0.0
Nudel,364.98039215686276,0.0,17.696007929901384,0.0,357.1005447972934,0.0,238.0,0.0,156.90983118842973,0.0,12.627215115676204,0.0,15.427248620541512,0.0,10.373023251158276,0.0,847.5056740261498,0.0,148.34214967040077,0.0,121.79931028529973,0.0,6.146875561967558,0.0,10.93628554793419,0.0,2286.236839477845,0.0,924.5553631900324,0.0,12.627215111867848,0.0,12.603035565655228,0.0,9.474299388638439,0.0
Nutte,312.3686274509804,0.0,16.312986408597588,0.0,339.66703355443883,0.0,213.0,0.0,134.56326370834722,0.0,11.888786202005827,0.0,14.594519519326424,0.0,9.337690037508255,0.0,724.890544826328,0.0,97.90919559587607,0.0,66.40214728744371,0.0,8.348029528011015,0.0,9.499497972844383,0.0,3922.798572240042,0.0,1343.6478597879156,0.0,11.888786197801355,0.0,11.425774946091076,0.0,8.313812626604575,0.0
Nutve,324.3607843137255,0.0,16.57835240759942,0.0,344.79494969129104,0.0,220.0,0.0,139.68685359315123,0.0,12.04465147628355,0.0,14.832396974191326,0.0,9.534741994328046,0.0,728.3585844712951,0.0,127.97261522343837,0.0,87.87891863037385,0.0,6.610470525787495,0.0,16.159234069660634,0.0,2031.1278505181906,0.0,1600.228523434922,0.0,12.04465147565786,0.0,11.525308764928576,0.0,8.476167049449847,0.0
Nutzu,334.8862745098039,0.0,16.905048623812704,0.0,346.3910405412338,0.0,223.0,0.0,140.96948946176252,0.0,12.10007765478596,0.0,14.933184523068078,0.0,9.558706317371053,0.0,726.2623134262013,0.0,112.22433770657113,0.0,79.21763905704931,0.0,5.492508437079793,0.0,13.726449213615256,0.0,3210.851196520931,0.0,1354.6402323828718,0.0,12.100077654063856,0.0,11.742800300912776,0.0,8.49016458218789,0.0
Nylen,347.1803921568627,0.0,17.1235171751011,0.0,369.62278834706126,0.0,256.0,0.0,167.63867115894968,0.0,12.906618083706235,0.0,16.0,0.0,10.637548898501766,0.0,7799.13911922964,0.0,465.6342276715593,0.0,325.31833614674895,0.0,4.5984167040648165,0.0,12.611540024343345,0.0,1892.9306778800585,0.0,559.8904380410196,0.0,12.906618086815147,0.0,12.610793638460981,0.0,9.668040544152944,0.0
Nägel,385.73333333333335,0.0,18.0216734824925,0.0,373.53865847041027,0.0,244.0,0.0,163.54928120773292,0.0,13.021123703629943,0.0,15.620499351813308,0.0,10.686261737618763,0.0,2328.3806043887407,0.0,272.55103440606723,0.0,202.8771461776814,0.0,6.267678991692758,0.0,12.802970640942576,0.0,1639.191714324445,0.0,618.5531923748833,0.0,13.02112370944906,0.0,12.919649743462898,0.0,9.72063823539212,0.0
Näher,361.9529411764706,0.0,17.372637542376157,0.0,338.52818853549945,0.0,205.0,0.0,130.43014014086964,0.0,11.851257667313439,0.0,14.317821063276353,0.0,9.258087658699438,0.0,727.8535012220567,0.0,125.18387897454997,0.0,88.20554528254964,0.0,8.053560757493528,0.0,11.874495733007736,0.0,1576.9039533887062,0.0,589.4940352271459,0.0,11.851257676227206,0.0,11.572315699354544,0.0,8.302375124452382,0.0
Nähte,360.6941176470588,0.0,17.390994943171535,0.0,343.33066361061867,0.0,223.0,0.0,142.180622710326,0.0,12.070490467850954,0.0,14.933184523068078,0.0,9.676540343290803,0.0,728.1442752326388,0.0,128.6038638157026,0.0,90.6754096670322,0.0,6.867097714317123,0.0,11.777483913880863,0.0,3808.476024882406,0.0,711.9225883644373,0.0,12.07049046826088,0.0,12.164920491926823,0.0,8.73601618995378,0.0
Nässe,335.7764705882353,0.0,16.653326610537363,0.0,326.3467003047949,0.0,175.0,0.0,111.59627118918606,0.0,11.376452464788748,0.0,13.228756555322953,0.0,8.568902496161977,0.0,727.2064162984834,0.0,119.46604001522363,0.0,83.31470811296231,0.0,6.860221734240472,0.0,11.847471881686277,0.0,1503.1853631483725,0.0,672.5900436230281,0.0,11.376452466329527,0.0,10.59178195558927,0.0,7.469123880663868,0.0
Nöblö,390.43137254901956,0.0,18.138475422632396,0.0,378.3835100279957,0.0,270.0,0.0,180.46991196313252,0.0,13.275963527916527,0.0,16.431676725154983,0.0,11.179989390579063,0.0,773.5935341143457,0.0,336.95889380514495,0.0,271.85978088380557,0.0,4.118015000342749,0.0,124.74077918378455,0.0,2592.5203522257552,0.0,1834.9953847739462,0.0,13.275905422023603,0.0,13.637686149899237,0.0,10.218713021051693,0.0
Nöbst,355.4823529411765,0.0,17.268855320800345,0.0,356.91884221126156,0.0,231.0,0.0,151.31996744174717,0.0,12.50398790931475,0.0,15.198684153570664,0.0,10.114861263668887,0.0,729.8800876036968,0.0,131.0460557400077,0.0,97.38058517914699,0.0,9.737910435994458,0.0,14.949340602021195,0.0,1695.2161910654736,0.0,729.2685365249761,0.0,12.503987910832507,0.0,12.28354188067461,0.0,9.04032420106043,0.0
Nöckö,386.72941176470584,0.0,17.835955460516896,0.0,365.38399327237346,0.0,232.0,0.0,153.26997729561276,0.0,12.690553931578835,0.0,15.231546211727817,0.0,10.223886669372263,0.0,773.290092341436,0.0,336.41635169829715,0.0,269.05563909108116,0.0,3.696820919191564,0.0,124.65651860668788,0.0,1702.661703606467,0.0,2196.4289634914912,0.0,12.690493097261992,0.0,12.355794526821814,0.0,9.178681956136737,0.0
Nösön,378.19607843137254,0.0,17.69972185620455,0.0,348.0183894733706,0.0,223.0,0.0,144.1194345230858,0.0,12.186512914109947,0.0,14.933184523068078,0.0,9.800825335873524,0.0,744.2360142429188,0.0,234.7296117716592,0.0,175.74797380104116,0.0,3.2611028789884706,0.0,35.37254209329854,0.0,2423.1069764965882,0.0,1959.5793932726588,0.0,12.186512920150713,0.0,12.258501204779783,0.0,8.784935342297652,0.0
Obhut,371.6941176470588,0.0,17.84923576022639,0.0,366.14836169356846,0.0,227.0,0.0,151.8202317413261,0.0,12.784803966939286,0.0,15.066519173319364,0.0,10.258639354220643,0.0,798.7583078157902,0.0,151.90947787334696,0.0,114.46435631317603,0.0,7.352858672420559,0.0,17.180650478577007,0.0,4791.571723420048,0.0,1600.9746562307269,0.0,12.784803978055695,0.0,12.418123539735909,0.0,9.279193829806186,0.0
Ochse,335.0,0.0,16.764553605546237,0.0,341.5080277959999,0.0,178.0,0.0,116.09941200767786,0.0,11.789145902249356,0.0,13.341664064126334,0.0,8.85585365249295,0.0,795.6824202905215,0.0,109.51435892887784,0.0,77.57795117912923,0.0,3.905839628221335,0.0,13.780705217418074,0.0,1258.8728045688556,0.0,691.4726935888181,0.0,11.78914590515632,0.0,10.861731224958097,0.0,7.77421448456732,0.0
Odalt,333.72549019607845,0.0,16.944798087838077,0.0,372.00869596909496,0.0,228.0,0.0,156.69421267612108,0.0,13.04476768644821,0.0,15.0996688705415,0.0,10.570993701198121,0.0,2085.2029140369846,0.0,308.76392159089517,0.0,280.92805799117957,0.0,9.704040852307651,0.0,15.928796934272498,0.0,2370.2489747581762,0.0,1867.7405015982415,0.0,13.044767727684638,0.0,12.260796860684632,0.0,9.628408619086914,0.0
Oenin,337.6823529411764,0.0,17.00237086844126,0.0,342.1248106842896,0.0,200.0,0.0,129.04802180269044,0.0,11.926136012743996,0.0,14.142135623730951,0.0,9.25596134582097,0.0,792.5710626787258,0.0,105.7336787793688,0.0,72.14095843349394,0.0,4.346887098953425,0.0,10.616589893474256,0.0,2861.7872920752975,0.0,1281.7399497134375,0.0,11.926136048823027,0.0,11.416522704639728,0.0,8.334067249153966,0.0
Ohnst,342.52156862745096,0.0,17.041450247213657,0.0,354.35446785074976,0.0,199.0,0.0,132.5023093141978,0.0,12.31371540817464,0.0,14.106735979665885,0.0,9.546136292755113,0.0,796.4061425742823,0.0,124.30858526012884,0.0,92.35719990989543,0.0,9.692742737432836,0.0,11.684272208914392,0.0,1562.808335458886,0.0,678.280588559993,0.0,12.31371540835569,0.0,11.315693298610444,0.0,8.486525886137997,0.0
Ohren,352.06666666666666,0.0,17.279087773349712,0.0,344.35384368259145,0.0,181.0,0.0,119.90393722682506,0.0,11.979151137809735,0.0,13.45362404707371,0.0,9.066595609529235,0.0,795.7646498620855,0.0,121.18574328194467,0.0,89.73697776035158,0.0,4.849301933039498,0.0,10.768960194496275,0.0,1872.7472923639928,0.0,1498.8106606720849,0.0,11.979151143778319,0.0,10.96586169684931,0.0,8.072441269531888,0.0
Olymp,406.3529411764706,0.0,18.572210350648287,0.0,463.73618933460824,0.0,346.0,0.0,246.3637561316695,0.0,15.629139572329821,0.0,18.601075237738275,0.0,13.504245250793867,0.0,10834.543728751722,0.0,654.8914802172577,0.0,526.9222314426265,0.0,7.44351374059281,0.0,21.0901532725189,0.0,4360.550975044911,0.0,1156.2593633488054,0.0,15.629139575161897,0.0,15.947767017159366,0.0,12.582017082066542,0.0
Onkel,358.5294117647059,0.0,17.487336880515166,0.0,367.9727814628528,0.0,210.0,0.0,144.19946735130787,0.0,12.821114838740334,0.0,14.491376746189438,0.0,10.11941188195047,0.0,798.2768564674284,0.0,155.36560596245124,0.0,116.35855163430108,0.0,5.964247982051499,0.0,13.948527694783696,0.0,3097.275497906626,0.0,1066.9818920074867,0.0,12.821114844509298,0.0,11.630305272235955,0.0,9.147141774536605,0.0
Onreh,352.0666666666667,0.0,17.279087773349712,0.0,344.09588081411766,0.0,182.0,0.0,120.3294560396097,0.0,11.977211138757879,0.0,13.490737563232042,0.0,9.073595608870608,0.0,795.6573482229612,0.0,117.75788065601606,0.0,85.863721565454,0.0,4.8824992730684045,0.0,13.499462647570708,0.0,1881.6586667926315,0.0,1494.1012470307244,0.0,11.977211144645974,0.0,10.977857619736845,0.0,8.079747619810613,0.0
Opern,353.25882352941176,0.0,17.327808098173303,0.0,353.11504914784234,0.0,197.0,0.0,131.59008944070519,0.0,12.295106657461194,0.0,14.035668847618199,0.0,9.562775835795891,0.0,1058.0558886432298,0.0,338.38217499107935,0.0,309.8637614875089,0.0,6.157401363271769,0.0,14.458546365456387,0.0,4772.245696880743,0.0,760.0542821431862,0.0,12.295106657042039,0.0,11.55096483728153,0.0,8.578435658954561,0.0
Opfer,339.40784313725493,0.0,16.983305913118393,0.0,364.5201958354601,0.0,194.0,0.0,132.51953657134084,0.0,12.596902226748478,0.0,13.92838827718412,0.0,9.696086189682212,0.0,1059.8678197481975,0.0,345.6629498279652,0.0,315.4423113990538,0.0,8.994699998812786,0.0,16.40729246302004,0.0,2216.980143641995,0.0,1863.2640869290522,0.0,12.596902234169795,0.0,11.344549448078682,0.0,8.693177893426649,0.0
Oppig,410.9098039215686,0.0,18.720200053479434,0.0,405.12965986614904,0.0,259.0,0.0,181.5736780296586,0.0,13.92529721594831,0.0,16.09347693943108,0.0,11.529796360149136,0.0,4346.726215984638,0.0,557.4713374610509,0.0,465.5373237249448,0.0,4.668127080810082,0.0,17.42869379967064,0.0,2675.0600637592956,0.0,1284.5665910888092,0.0,13.925297248682135,0.0,13.654845406915335,0.0,10.560388692498103,0.0
Optik,349.7647058823529,0.0,17.267748337327937,0.0,389.16710563614146,0.0,246.0,0.0,169.28832573370812,0.0,13.480839695291287,0.0,15.684387141358123,0.0,10.98104463549391,0.0,1061.739100005394,0.0,355.9947251998749,0.0,319.96400971731515,0.0,6.203914044530063,0.0,15.91667354964786,0.0,2895.0623540085794,0.0,1765.7255856913982,0.0,13.48083973256056,0.0,12.725045838273722,0.0,10.015530445262735,0.0
Orbit,306.2627450980392,0.0,16.22945949908527,0.0,376.2900133094692,0.0,245.0,0.0,163.47719059536257,0.0,13.070132843190635,0.0,15.652475842498529,0.0,10.611624489215462,0.0,795.5339312197573,0.0,132.4179204274552,0.0,94.95914925752716,0.0,7.942543561289157,0.0,11.912886365248847,0.0,2837.536985059842,0.0,1336.462112633626,0.0,13.070132877653762,0.0,12.58358714429468,0.0,9.638259561749447,0.0
Order,326.6745098039215,0.0,16.677352053337405,0.0,358.08077389292504,0.0,208.0,0.0,138.11621541360574,0.0,12.448316275560261,0.0,14.422205101855956,0.0,9.766082188415021,0.0,904.223012669325,0.0,140.0630144964466,0.0,110.00901375351903,0.0,5.512194540054969,0.0,11.271223867513664,0.0,2168.7189389102336,0.0,1103.2244073065463,0.0,12.448316273695884,0.0,11.804464812207433,0.0,8.834639188266099,0.0
Organ,370.078431372549,0.0,17.640234846188452,0.0,370.0416111205594,0.0,232.0,0.0,154.15830923860636,0.0,12.795076770167634,0.0,15.231546211727817,0.0,10.308097571623195,0.0,2348.9693249986663,0.0,258.63305677388126,0.0,188.96294279130305,0.0,3.710605783935058,0.0,11.26923953136815,0.0,3328.9982959939334,0.0,1334.9361891731428,0.0,12.795076771994415,0.0,12.610541958952895,0.0,9.316439505814564,0.0
Orhab,366.1333333333333,0.0,17.59083855086852,0.0,365.32548506666797,0.0,235.0,0.0,156.14755583632277,0.0,12.754384804599674,0.0,15.329709716755891,0.0,10.374436978199409,0.0,800.6427239277068,0.0,170.39134338891975,0.0,122.15926251833609,0.0,4.246123955827723,0.0,17.78606996301555,0.0,3306.988560072338,0.0,1325.7488317819575,0.0,12.754384808180014,0.0,12.810781945264369,0.0,9.467001195617192,0.0
Orion,316.46274509803925,0.0,16.391068544414107,0.0,356.3296652655281,0.0,221.0,0.0,144.01303113011681,0.0,12.394133699767897,0.0,14.866068747318506,0.0,9.828479462179745,0.0,793.7441664004225,0.0,118.29182638022476,0.0,81.50266449702154,0.0,5.153333097184831,0.0,10.954142733331517,0.0,1899.7578369398832,0.0,832.516227489588,0.0,12.394133705642158,0.0,11.928018007653199,0.0,8.892433585013128,0.0
Orkan,352.7607843137255,0.0,17.18853636559518,0.0,360.8972527962022,0.0,223.0,0.0,147.22788320064342,0.0,12.565691761294946,0.0,14.933184523068078,0.0,10.008757880374942,0.0,795.7418547843553,0.0,142.88606645986354,0.0,99.05560189400295,0.0,3.206309321583944,0.0,12.200336325321308,0.0,4331.183566846882,0.0,1527.398914308734,0.0,12.565691763247779,0.0,12.066049054997277,0.0,9.042525128142723,0.0
Osten,317.03137254901964,0.0,16.407987008704517,0.0,342.8344639631976,0.0,191.0,0.0,125.09997678267229,0.0,11.923085087963111,0.0,13.820274961085254,0.0,9.183311185456914,0.0,794.5737195318299,0.0,119.87035885553463,0.0,85.31785882645318,0.0,5.05082381064766,0.0,12.798518437074566,0.0,1661.9430091182141,0.0,1396.0532056969469,0.0,11.923085092906476,0.0,11.202923297855063,0.0,8.216281893058085,0.0
Ottis,272.7372549019608,0.0,15.28956996238795,0.0,368.2950023352323,0.0,221.0,0.0,148.7055543406958,0.0,12.797622040644313,0.0,14.866068747318506,0.0,10.140274480913941,0.0,794.450759084126,0.0,123.45574033304877,0.0,87.9004360135055,0.0,7.413779539366847,0.0,12.591163022034756,0.0,2897.7932465463837,0.0,1780.155553566893,0.0,12.797622077689509,0.0,11.87992352499631,0.0,9.155193115979877,0.0
Owögö,436.3254901960785,0.0,19.076013791970922,0.0,428.36632542594236,0.0,291.0,0.0,204.88334588688764,0.0,14.534052575140425,0.0,17.05872210923198,0.0,12.25331032689352,0.0,2737.2429089327666,0.0,531.8983789155384,0.0,424.4826073961132,0.0,3.8330656132630585,0.0,126.18164267347264,0.0,5105.292364754148,0.0,3440.8822185743743,0.0,14.533999463821386,0.0,14.366193633414053,0.0,11.248894243881695,0.0
Oxide,344.71764705882356,0.0,17.191043598562867,0.0,373.07539125246666,0.0,234.0,0.0,157.7063877347715,0.0,12.998447739866904,0.0,15.297058540778355,0.0,10.501991262624028,0.0,901.3506887971549,0.0,173.12853832547032,0.0,138.07295144055357,0.0,3.9629682127433163,0.0,31.818694985669417,0.0,2299.38911922235,0.0,1358.7071019873586,0.0,12.998447740805615,0.0,12.324956838335542,0.0,9.590762693454986,0.0
Ozean,341.0156862745098,0.0,17.00481556509573,0.0,341.51549135694427,0.0,191.0,0.0,124.01872612462293,0.0,11.875349586250115,0.0,13.820274961085254,0.0,9.113583478063122,0.0,796.4864371876013,0.0,138.21453827707813,0.0,105.89246250086885,0.0,3.138275510822007,0.0,21.372292574654942,0.0,3324.6078563543765,0.0,1351.43483875849,0.0,11.875349587321718,0.0,11.15820882887279,0.0,8.09547312838453,0.0
Ozäun,361.6156862745098,0.0,17.51227042768834,0.0,354.3916809075266,0.0,218.0,0.0,142.16357228282982,0.0,12.35548622841839,0.0,14.7648230602334,0.0,9.793945257488664,0.0,801.9738698067621,0.0,179.05393930011198,0.0,139.6124697979996,0.0,2.342362002889564,0.0,27.4957746281555,0.0,4862.9418470025685,0.0,1791.3407028865734,0.0,12.35548623815038,0.0,12.04657499742424,0.0,8.850698914505355,0.0
Paket,327.5607843137255,0.0,16.659504804946057,0.0,340.38333400825496,0.0,177.0,0.0,114.85309775844806,0.0,11.742496347735727,0.0,13.30413469565007,0.0,8.749278790242403,0.0,727.3215675449856,0.0,125.70762765317716,0.0,85.94594719885684,0.0,5.388746691076287,0.0,10.540219093689196,0.0,2998.564727983314,0.0,976.7753470153257,0.0,11.742496353722485,0.0,10.405374344694952,0.0,7.6588539329728045,0.0
Palme,361.90980392156865,0.0,17.591411609051654,0.0,393.75777712985325,0.0,247.0,0.0,170.18496165091435,0.0,13.580435961092425,0.0,15.716233645501712,0.0,11.055539464290542,0.0,779.6314441575227,0.0,322.9058859093182,0.0,242.87210608629297,0.0,5.269263531037651,0.0,9.615346861547025,0.0,3226.0176817146616,0.0,733.8036651558398,0.0,13.580435964567512,0.0,13.116922100223448,0.0,10.14455574945258,0.0
Palza,309.4980392156863,0.0,16.26871429999954,0.0,337.6794640036938,0.0,178.0,0.0,115.36349696149995,0.0,11.72238658456133,0.0,13.341664064126334,0.0,8.77659532453923,0.0,726.677693994478,0.0,113.78046526201393,0.0,83.05724920973756,0.0,3.3474987689772258,0.0,11.477981059907194,0.0,2949.5237274701462,0.0,799.8319211877557,0.0,11.72238658199808,0.0,10.430584176270532,0.0,7.698658659799043,0.0
Panik,339.92549019607844,0.0,16.988338945603804,0.0,347.6862542621332,0.0,208.0,0.0,133.7276291598835,0.0,12.05624725113169,0.0,14.422205101855956,0.0,9.403147043416617,0.0,729.0713207997535,0.0,139.6095622697801,0.0,96.69628957102668,0.0,3.3866818459806747,0.0,10.865982153247712,0.0,2779.847844861679,0.0,1219.8536688304396,0.0,12.056247288024739,0.0,11.257795156285955,0.0,8.41924802212002,0.0
Papst,321.0431372549019,0.0,16.50904660365432,0.0,342.2604268748662,0.0,177.0,0.0,116.38063134933162,0.0,11.83716972971155,0.0,13.30413469565007,0.0,8.89884417448291,0.0,838.5516538069105,0.0,178.17601074689142,0.0,154.28672913922466,0.0,6.3220656030934625,0.0,11.3158855084018,0.0,895.1249341268746,0.0,514.6993901503002,0.0,11.83716973049403,0.0,10.474018884362586,0.0,7.756210004225293,0.0
Paris,279.6549019607843,0.0,15.389676333158196,0.0,330.17752049739113,0.0,162.0,0.0,103.24167051372407,0.0,11.366738045595959,0.0,12.727922061357855,0.0,8.210557027263539,0.0,724.5566797626178,0.0,92.90818160636643,0.0,61.69548648808963,0.0,6.552020842886582,0.0,8.274196710065667,0.0,2957.1668404015104,0.0,1790.6452636063268,0.0,11.366738088511916,0.0,9.654251789993559,0.0,7.084299538182625,0.0
Party,293.0352941176471,0.0,15.710052566238819,0.0,351.3377999692244,0.0,192.0,0.0,124.62567377494865,0.0,12.07252581257322,0.0,13.856406460551018,0.0,9.114904954107336,0.0,2390.097691004132,0.0,179.51791263344643,0.0,121.01934082430719,0.0,5.295442168231021,0.0,9.027320459803507,0.0,3876.0549302760514,0.0,1487.4198009994,0.0,12.07252580941582,0.0,10.660159836527992,0.0,7.971422728653713,0.0
Pasta,295.6313725490196,0.0,15.769272580197656,0.0,323.67396527659656,0.0,163.0,0.0,103.1525270441372,0.0,11.181501552844374,0.0,12.767145334803704,0.0,8.177716337123533,0.0,724.8826924187231,0.0,95.89983344263288,0.0,64.34848179904203,0.0,5.199399431401785,0.0,8.917466956083764,0.0,3606.5012978355503,0.0,840.5110682072645,0.0,11.181501549608837,0.0,9.9889380222794,0.0,7.062821895327864,0.0
Paste,294.3607843137255,0.0,15.80106235995514,0.0,322.23552872064425,0.0,152.0,0.0,96.29061642005017,0.0,11.082161751409883,0.0,12.328828005937952,0.0,7.9113005695685725,0.0,724.7604133810385,0.0,91.87967968197862,0.0,61.881052995191716,0.0,5.172908057277532,0.0,8.443714542530302,0.0,3606.1073907946666,0.0,837.5492437927428,0.0,11.082161748324014,0.0,9.515070838593163,0.0,6.759466665801526,0.0
Patan,315.1019607843137,0.0,16.341915218317933,0.0,322.9756339545313,0.0,170.0,0.0,107.22192417652714,0.0,11.20834794419966,0.0,13.038404810405298,0.0,8.309515953399108,0.0,724.4570775950854,0.0,94.8309356045075,0.0,62.906314645626075,0.0,4.361671091456153,0.0,8.897077155342894,0.0,3312.1006854674465,0.0,1714.8017955224464,0.0,11.208347943627038,0.0,10.28329375622103,0.0,7.267651330058566,0.0
Paten,313.83137254901965,0.0,16.37259316654844,0.0,321.3353707888216,0.0,160.0,0.0,100.68178465658602,0.0,11.101323740966038,0.0,12.649110640673518,0.0,8.049580239319456,0.0,724.2603417694847,0.0,90.16725526176009,0.0,59.8978491399496,0.0,4.21126721992752,0.0,8.266289227562662,0.0,1428.5781743483178,0.0,1337.247168276202,0.0,11.101323745689035,0.0,9.981351214326057,0.0,7.011418510503954,0.0
Pater,286.7607843137255,0.0,15.625805999972895,0.0,324.9342018233706,0.0,151.0,0.0,95.56138499458731,0.0,11.150821000701486,0.0,12.288205727444508,0.0,7.868704921802737,0.0,724.3957663258985,0.0,89.71469473625625,0.0,59.921185679552465,0.0,6.0139113399624815,0.0,8.533727534045099,0.0,1432.1391362743434,0.0,1337.2220069443615,0.0,11.150821005267417,0.0,9.337513733190974,0.0,6.740990676969458,0.0
Patin,297.8666666666667,0.0,15.99589143711996,0.0,337.6464597624814,0.0,192.0,0.0,122.61079254777789,0.0,11.733812622097533,0.0,13.856406460551018,0.0,8.948558620708072,0.0,724.8573999160843,0.0,98.89954590285677,0.0,66.10669367880129,0.0,4.949912703710895,0.0,9.015269620253745,0.0,2792.5513885855003,0.0,1715.8082017119843,0.0,11.733812664769285,0.0,10.79226195998148,0.0,7.938367442769891,0.0
Pauke,352.79607843137256,0.0,17.283475895301052,0.0,330.82863749382295,0.0,177.0,0.0,111.17073104885583,0.0,11.41261883300036,0.0,13.30413469565007,0.0,8.476375115362332,0.0,726.5065581170697,0.0,119.7747237983615,0.0,80.15805107232842,0.0,3.273633845220775,0.0,9.570867854757392,0.0,2100.0929769041913,0.0,2252.510485268332,0.0,11.412618825929158,0.0,10.451977396542945,0.0,7.412371612398768,0.0
Pause,319.5960784313726,0.0,16.457612535863845,0.0,313.712019556548,0.0,149.0,0.0,90.81970854154659,0.0,10.733559044747263,0.0,12.206555615733702,0.0,7.532784324219551,0.0,724.3092610983708,0.0,86.27324725718525,0.0,56.46148243003,0.0,3.0313513912961505,0.0,9.082848346131968,0.0,1994.1910206723942,0.0,849.1015450936877,0.0,10.733559046146654,0.0,9.449508583935959,0.0,6.327966422846502,0.0
Pbllm,375.7725490196078,0.0,18.082746284434666,0.0,439.574053556437,0.0,309.0,0.0,219.88089483900447,0.0,15.019921242309843,0.0,17.578395831246947,0.0,12.76235886383404,0.0,858.0538453013125,0.0,491.9411046593834,0.0,381.5663791572684,0.0,6.4208921078639705,0.0,17.522319406239934,0.0,2312.6478801885046,0.0,1781.5402824515534,0.0,15.019921284415759,0.0,14.746080344642854,0.0,11.858634608160527,0.0
Pbstm,368.035294117647,0.0,17.731794384749595,0.0,414.2160709802305,0.0,269.0,0.0,188.9621992208698,0.0,14.198590243645903,0.0,16.401219466856727,0.0,11.764976518696118,0.0,856.5177118065947,0.0,488.08678823255957,0.0,377.62691975113313,0.0,6.172124909486947,0.0,17.644753212616656,0.0,3594.644909397516,0.0,823.1938173537936,0.0,14.198590239730676,0.0,13.88751034478804,0.0,10.7980764013517,0.0
Pedal,338.1137254901961,0.0,17.083300447263476,0.0,352.6367613987625,0.0,205.0,0.0,136.77057716656788,0.0,12.326202443921826,0.0,14.317821063276353,0.0,9.738456103972347,0.0,847.574481154608,0.0,148.78253179022929,0.0,121.7059014390936,0.0,3.7857573923173677,0.0,10.626863195405619,0.0,3566.057016703967,0.0,1454.544126573075,0.0,12.326202436198923,0.0,11.564277916300771,0.0,8.769554792571292,0.0
Pegel,351.9058823529412,0.0,17.4067286481381,0.0,364.9159033295264,0.0,200.0,0.0,134.6119922896875,0.0,12.530552607989053,0.0,14.142135623730951,0.0,9.712578954133622,0.0,2327.6697120992308,0.0,260.005191236804,0.0,194.1165347585729,0.0,5.155581848295743,0.0,10.123310051352396,0.0,1118.543588243964,0.0,612.9270097849188,0.0,12.530552613834663,0.0,11.34624062141373,0.0,8.63792334431546,0.0
Pelze,306.9568627450981,0.0,16.330287595882826,0.0,340.06733753945,0.0,168.0,0.0,109.07358893991344,0.0,11.707335570078376,0.0,12.96148139681572,0.0,8.548716420767702,0.0,726.6419602255701,0.0,110.13038467046984,0.0,81.06621735417035,0.0,3.4229046987707514,0.0,11.171970215538025,0.0,2929.5776586814263,0.0,775.4658907111851,0.0,11.707335567519673,0.0,9.880506401269527,0.0,7.406094546718859,0.0
Penis,305.45490196078435,0.0,16.178434580715983,0.0,329.4591580209111,0.0,171.0,0.0,107.35493786665158,0.0,11.325547025084523,0.0,13.076696830622021,0.0,8.304755399443234,0.0,724.402333031762,0.0,90.98372840756785,0.0,60.13262322603631,0.0,5.447715633599042,0.0,8.629371685239791,0.0,2756.265722255157,0.0,1203.4803540200855,0.0,11.325547064024008,0.0,10.014524637311599,0.0,7.228482662518631,0.0
Perkt,310.4039215686274,0.0,16.25548947588877,0.0,352.0495617054479,0.0,188.0,0.0,122.62589325968591,0.0,12.100137718159656,0.0,13.711309200802088,0.0,9.062056436459558,0.0,727.221409485199,0.0,124.28875897395199,0.0,84.2890913466332,0.0,4.616638327677776,0.0,9.37374358626003,0.0,1808.8902282001068,0.0,2512.0428505947034,0.0,12.100137713084791,0.0,10.3788197770769,0.0,7.914864339387506,0.0
Pfade,344.2941176470589,0.0,17.16267285374902,0.0,354.936921490336,0.0,219.0,0.0,143.21874772213704,0.0,12.345217664918529,0.0,14.798648586948742,0.0,9.859019734541416,0.0,859.6026591380614,0.0,249.95595895908528,0.0,217.4001713096668,0.0,3.98046898504639,0.0,21.310952089958445,0.0,1871.9550769859088,0.0,1206.5656284495824,0.0,12.345217663673589,0.0,12.114177029369415,0.0,8.896334235100596,0.0
Pfahl,333.7686274509804,0.0,16.91596662775062,0.0,375.4886002921064,0.0,242.0,0.0,162.19544778396016,0.0,13.056305915208764,0.0,15.556349186104045,0.0,10.598404993632148,0.0,755.4850862576428,0.0,250.66617667634267,0.0,217.21767597463793,0.0,3.7416854596682407,0.0,21.98965389030089,0.0,923.3012724254099,0.0,748.7713905864205,0.0,13.056305917689842,0.0,12.455523527783326,0.0,9.61969564127432,0.0
Pfand,355.47843137254904,0.0,17.439941430332432,0.0,362.5629902298234,0.0,234.0,0.0,154.58256918628626,0.0,12.650405523061261,0.0,15.297058540778355,0.0,10.287622604397143,0.0,1171.850401843598,0.0,281.57304258162884,0.0,249.0561138843993,0.0,6.401844779936665,0.0,22.072739240311922,0.0,1564.3575952645162,0.0,1216.6901647683974,0.0,12.650405531889982,0.0,12.655502233219295,0.0,9.371029550902131,0.0
Pfaue,325.21568627450984,0.0,16.655959651913854,0.0,341.7871789057075,0.0,197.0,0.0,124.84790760583441,0.0,11.783361116262585,0.0,14.035668847618199,0.0,9.020019369908033,0.0,750.7612977826732,0.0,234.2323521089653,0.0,202.85077388287507,0.0,2.5215796406629756,0.0,21.506606476846514,0.0,4715.115860440813,0.0,1547.813337943647,0.0,11.783361125858962,0.0,11.09613212437404,0.0,7.950941319578901,0.0
Pfbhl,356.47843137254904,0.0,17.567643529870992,0.0,390.4824244829417,0.0,263.0,0.0,178.74567415290488,0.0,13.55694229826281,0.0,16.217274740226856,0.0,11.215554486755773,0.0,757.6338893807132,0.0,258.430443477333,0.0,223.0242703898195,0.0,4.047614084545563,0.0,22.653340436853632,0.0,1248.778275029489,0.0,783.0255954394901,0.0,13.55694230224782,0.0,13.252975745012954,0.0,10.254525799403805,0.0
Pfeil,291.0431372549019,0.0,15.930200499873404,0.0,379.1982902867889,0.0,241.0,0.0,161.01500595281533,0.0,13.087613481546219,0.0,15.524174696260024,0.0,10.535340471198912,0.0,754.4701227749846,0.0,248.24174387135693,0.0,215.29616073877938,0.0,6.171718135391664,0.0,21.225198056425995,0.0,2762.0243765392647,0.0,1290.8237716451897,0.0,13.087613517236562,0.0,12.103584664111205,0.0,9.49610237496693,0.0
Pffpn,351.0549019607843,0.0,17.353731675802187,0.0,380.9133807398767,0.0,244.0,0.0,163.06586917845766,0.0,13.131658043205983,0.0,15.620499351813308,0.0,10.612739846069674,0.0,849.9649864373941,0.0,286.03014532477056,0.0,250.73750866413826,0.0,4.764282590947795,0.0,23.223412039419095,0.0,2535.246256949309,0.0,1827.2810737115942,0.0,13.131658055254288,0.0,12.749969224157113,0.0,9.636984483274766,0.0
Pfgdm,436.2196078431372,0.0,19.303765322663065,0.0,460.34137975718966,0.0,344.0,0.0,242.0242113532731,0.0,15.454254491477947,0.0,18.547236990991408,0.0,13.343313374765524,0.0,2414.221564068565,0.0,579.7111540239772,0.0,457.1570815491177,0.0,10.131287758598566,0.0,23.092255544190827,0.0,2022.0037873557767,0.0,1229.2817797775424,0.0,15.4542544897578,0.0,16.071196695227417,0.0,12.395822953153905,0.0
Pfihl,316.5333333333333,0.0,16.581926209479075,0.0,389.20586723468205,0.0,255.0,0.0,172.46598229543827,0.0,13.465747312975013,0.0,15.968719422671311,0.0,10.967570363900174,0.0,755.7396541735469,0.0,251.14264699671554,0.0,217.64896458324512,0.0,4.228854759344255,0.0,22.01060585270663,0.0,1462.2719126933014,0.0,875.3219330733355,0.0,13.465747317454516,0.0,12.609467615147702,0.0,9.984981494488114,0.0
Pfiii,267.9607843137255,0.0,15.307807849626672,0.0,383.6690151263608,0.0,250.0,0.0,166.0568573457203,0.0,13.208535730899946,0.0,15.811388300841896,0.0,10.638684610692751,0.0,752.6388470943307,0.0,242.43280273585577,0.0,208.19820408964418,0.0,8.404784288977888,0.0,21.566128994282085,0.0,2825.076870148224,0.0,1318.050517811331,0.0,13.208535773625941,0.0,12.097777655882089,0.0,9.613936794969234,0.0
Pfint,293.9294117647059,0.0,15.957635185791126,0.0,367.5518199955194,0.0,229.0,0.0,150.0292011889436,0.0,12.689050659655598,0.0,15.132745950421556,0.0,10.036466619444777,0.0,751.3542803851346,0.0,236.53360576563742,0.0,204.55228798778617,0.0,4.9001853539910565,0.0,20.928695772454155,0.0,1924.5690944487405,0.0,1293.3657033130737,0.0,12.68905066863001,0.0,11.768212809875454,0.0,9.00821677442569,0.0
Pflug,357.32941176470587,0.0,17.558018067598915,0.0,397.6030023244326,0.0,264.0,0.0,177.78359911774155,0.0,13.589175967805243,0.0,16.24807680927192,0.0,11.141763984683404,0.0,4261.680473755039,0.0,479.1817629711263,0.0,378.6164054770949,0.0,8.589047674348686,0.0,22.77087269841938,0.0,4822.137171185961,0.0,1579.480901940567,0.0,13.589175973047125,0.0,13.121513904502441,0.0,10.115309750218488,0.0
Pfote,304.5607843137255,0.0,16.147063942759047,0.0,354.0651707688449,0.0,209.0,0.0,135.24350927208292,0.0,12.190039635765133,0.0,14.45683229480096,0.0,9.486879651166035,0.0,751.6914022495782,0.0,237.50120255185456,0.0,205.09270767732536,0.0,4.368020620734702,0.0,21.119576968943054,0.0,3793.5337382695166,0.0,965.3043660802774,0.0,12.19003963316438,0.0,11.477326068131779,0.0,8.421893574058664,0.0
Pfptb,349.37254901960785,0.0,17.366311454901272,0.0,387.8514212514136,0.0,260.0,0.0,175.12643535729026,0.0,13.397969040383215,0.0,16.1245154965971,0.0,11.065151611734724,0.0,867.458318990303,0.0,307.42537323248615,0.0,264.4088133286655,0.0,4.167481300691424,0.0,26.546076592190794,0.0,3613.8155268940473,0.0,717.7908714006688,0.0,13.397969038287222,0.0,13.32480645867843,0.0,10.090187466165018,0.0
Pfudu,359.2039215686275,0.0,17.62363805301732,0.0,368.33165601639087,0.0,255.0,0.0,164.62460604784314,0.0,12.77734861355182,0.0,15.968719422671311,0.0,10.493033318158455,0.0,859.7868480496718,0.0,251.80691410862232,0.0,218.2241136024656,0.0,4.515603650960756,0.0,22.93608315426257,0.0,2604.582711889815,0.0,1375.4482449703257,0.0,12.777348610755155,0.0,13.03645365141998,0.0,9.534925456459066,0.0
Pgrpr,355.6627450980392,0.0,17.384185895860135,0.0,378.3722096686672,0.0,214.0,0.0,145.31096505792186,0.0,12.933595936054544,0.0,14.628738838327793,0.0,10.145486104480648,0.0,3665.492556443489,0.0,1761.1626875231525,0.0,1332.267990373216,0.0,6.321608658232629,0.0,21.76442261785278,0.0,2258.203983377343,0.0,1447.4759801007074,0.0,12.933595946796444,0.0,11.696834495417344,0.0,9.100302063319782,0.0
Phase,336.99607843137255,0.0,16.867903451789747,0.0,327.05821960892195,0.0,159.0,0.0,101.6318433748274,0.0,11.2709666989206,0.0,12.609520212918492,0.0,8.189859252826313,0.0,728.3256496859703,0.0,111.66520335494411,0.0,82.27821269180724,0.0,4.844182114214604,0.0,10.08019915297597,0.0,792.9408588786126,0.0,535.1264539528263,0.0,11.270966700333084,0.0,9.791995776540263,0.0,7.0158406993911395,0.0
Photo,338.5686274509804,0.0,16.959516670298104,0.0,347.82770286139964,0.0,202.0,0.0,131.168593974833,0.0,12.03586961257724,0.0,14.212670403551895,0.0,9.361283523504243,0.0,730.5776660723802,0.0,130.02212844089172,0.0,94.8762982205992,0.0,5.088111293674141,0.0,10.712404524416435,0.0,3761.4022557772346,0.0,956.1136141128743,0.0,12.035869609164045,0.0,11.388063726816394,0.0,8.292745681794944,0.0
Phsth,344.07058823529417,0.0,17.118854032869514,0.0,357.576971380593,0.0,207.0,0.0,136.98520786257484,0.0,12.405471920387068,0.0,14.38749456993816,0.0,9.675950629882562,0.0,732.3522150410431,0.0,131.98367521818125,0.0,100.19230021638994,0.0,4.69949760494085,0.0,12.229537465263467,0.0,3596.307488554899,0.0,839.1428542426918,0.0,12.405471916949375,0.0,11.414712753156717,0.0,8.6048103417333,0.0
Piano,320.8627450980392,0.0,16.523155143663583,0.0,339.2373585700277,0.0,205.0,0.0,130.8233833585752,0.0,11.81245369492296,0.0,14.317821063276353,0.0,9.243316697435443,0.0,726.1954852178349,0.0,108.90130525459075,0.0,73.4481288740989,0.0,4.464093710830342,0.0,9.607696358532404,0.0,1743.996149057945,0.0,1496.7164699082662,0.0,11.812453705061632,0.0,11.467358713926375,0.0,8.285712040202005,0.0
Pigil,319.9764705882353,0.0,16.69154498455878,0.0,401.34459940660923,0.0,272.0,0.0,184.63748140589064,0.0,13.778623789368234,0.0,16.492422502470642,0.0,11.38893215788891,0.0,2328.0125316172216,0.0,266.1416395644113,0.0,198.19033452453456,0.0,5.826194699764222,0.0,10.811732255389348,0.0,2814.5354118704568,0.0,1535.559697880471,0.0,13.778623823186155,0.0,13.115534396148199,0.0,10.373170950634199,0.0
Pille,284.8627450980392,0.0,15.84465533398647,0.0,371.53742849198227,0.0,233.0,0.0,155.87779586569667,0.0,12.925330174723493,0.0,15.264337522473747,0.0,10.367387767608536,0.0,727.164112953302,0.0,117.19432407187267,0.0,87.29604949163709,0.0,4.221336428231671,0.0,8.539634365074184,0.0,2495.311399925997,0.0,1997.4917122654292,0.0,12.925330218369673,0.0,11.816288135752865,0.0,9.41405189009493,0.0
Pilot,282.41568627450977,0.0,15.67852749874896,0.0,368.54450167785814,0.0,235.0,0.0,155.05420814064337,0.0,12.782049849372806,0.0,15.329709716755891,0.0,10.249833181277994,0.0,726.8283408008368,0.0,115.74911614822483,0.0,82.10461510122308,0.0,4.541098324921341,0.0,9.672994604143016,0.0,1816.519151242398,0.0,1073.7072638744671,0.0,12.782049850995529,0.0,11.968125831954813,0.0,9.254996698161845,0.0
Pilze,290.9921568627451,0.0,15.952586901034687,0.0,360.184944642873,0.0,208.0,0.0,137.1700701649247,0.0,12.468137838868566,0.0,14.422205101855956,0.0,9.652625489493188,0.0,727.1446826802171,0.0,117.07428500426467,0.0,85.95096631704361,0.0,3.801857079667458,0.0,11.223161061936414,0.0,3081.313424223373,0.0,1195.317460909082,0.0,12.468137837439444,0.0,11.13817429692396,0.0,8.60125015694878,0.0
Pinne,324.92549019607844,0.0,16.737083998612913,0.0,334.27997910440416,0.0,194.0,0.0,122.00955932972121,0.0,11.597876317311826,0.0,13.92838827718412,0.0,8.865440001745233,0.0,724.2956686124785,0.0,92.4816528259071,0.0,61.27510028420565,0.0,3.334033501031323,0.0,8.4039044385468,0.0,2055.8002213413756,0.0,1486.2259409303829,0.0,11.597876327921147,0.0,10.998626470058236,0.0,7.910824394423028,0.0
Pinni,308.96078431372547,0.0,16.368772606626415,0.0,352.90005291390906,0.0,222.0,0.0,143.09552796473142,0.0,12.28123605647513,0.0,14.89966442575134,0.0,9.724563765612405,0.0,725.5733966532,0.0,106.64053670801523,0.0,72.79102568020541,0.0,3.919647769389657,0.0,9.482986192046353,0.0,2057.327136646777,0.0,1486.4504157249412,0.0,12.281236065953092,0.0,11.60269884437756,0.0,8.782994096669624,0.0
Pirat,270.7960784313725,0.0,15.230645062491867,0.0,350.6147157362201,0.0,203.0,0.0,131.2824360916063,0.0,12.128667095309353,0.0,14.247806848775006,0.0,9.321147846869106,0.0,725.0665723387962,0.0,100.91057845876813,0.0,67.7793918822591,0.0,5.2429367461910985,0.0,8.970290260023429,0.0,3566.0183500199328,0.0,1999.8522847341667,0.0,12.128667096536912,0.0,10.905940155956642,0.0,8.228907186209444,0.0
Piste,277.12549019607843,0.0,15.442924644270834,0.0,346.1794459157757,0.0,193.0,0.0,124.95910024756199,0.0,11.961023823543862,0.0,13.892443989449804,0.0,9.111509086871772,0.0,725.3508367467418,0.0,99.78563016959987,0.0,68.04255340878059,0.0,4.766680565330956,0.0,8.73088035383728,0.0,3715.1622690675686,0.0,1222.6613124708902,0.0,11.961023821236406,0.0,10.72570385769731,0.0,8.037139555537113,0.0
Pizza,298.3921568627451,0.0,16.028516494756573,0.0,351.13394805257997,0.0,195.0,0.0,126.3088093560435,0.0,12.117125545862976,0.0,13.96424004376894,0.0,9.171495766363087,0.0,727.8009654667397,0.0,123.7806925840935,0.0,90.97073252945889,0.0,3.415361605304023,0.0,14.92132234284852,0.0,2918.0585725318265,0.0,1247.0398077169332,0.0,12.117125545345187,0.0,10.870855956988656,0.0,8.003004663833456,0.0
Plana,323.4,0.0,16.60655225670492,0.0,340.90355549076264,0.0,207.0,0.0,133.47285759409093,0.0,11.932225005957406,0.0,14.38749456993816,0.0,9.41261155894396,0.0,726.482988461759,0.0,114.10966240699084,0.0,83.20068691629177,0.0,3.285956970012833,0.0,9.565894780463607,0.0,1683.6333044414137,0.0,1230.4492907904666,0.0,11.932225014693051,0.0,11.510372181261493,0.0,8.485413308362887,0.0
Platz,291.08235294117645,0.0,15.874856618702415,0.0,363.5857194536917,0.0,226.0,0.0,148.64948287452154,0.0,12.626409953009292,0.0,15.033296378372908,0.0,10.041502685731588,0.0,729.7883611838176,0.0,138.66787964332784,0.0,105.88053462520608,0.0,4.565053005178253,0.0,14.656096197863452,0.0,3657.496127444129,0.0,764.6608395639142,0.0,12.626409949475097,0.0,11.818235345304856,0.0,9.0217902448959,0.0
Plbgt,358.74117647058824,0.0,17.629496707832374,0.0,397.3175220632108,0.0,264.0,0.0,180.24823588804924,0.0,13.668629771421603,0.0,16.24807680927192,0.0,11.297515663811437,0.0,2480.298670400797,0.0,271.1207063232171,0.0,201.20918412420963,0.0,5.522878171993622,0.0,12.163375639092548,0.0,3294.0358714717104,0.0,1422.4452045316211,0.0,13.66862977384755,0.0,13.25130715045601,0.0,10.263423017156136,0.0
Plctt,261.9019607843137,0.0,15.080889164537998,0.0,366.40181068159194,0.0,220.0,0.0,145.7146960284877,0.0,12.651274268278872,0.0,14.832396974191326,0.0,9.963737103293907,0.0,728.0004259354865,0.0,117.00886178747338,0.0,86.4071854050777,0.0,8.49366002455411,0.0,11.512901042541463,0.0,3679.7899030677504,0.0,743.1609687666099,0.0,12.651274264787878,0.0,11.35330568517793,0.0,8.90675934810998,0.0
Plint,287.74901960784314,0.0,15.872237882839896,0.0,367.66427015250645,0.0,232.0,0.0,153.5121426623801,0.0,12.782235705266105,0.0,15.231546211727817,0.0,10.21270295358066,0.0,727.0622607003519,0.0,116.47113633535542,0.0,85.77045610812208,0.0,4.839639126416774,0.0,9.646771442695727,0.0,2030.6739842204438,0.0,1310.2210673380912,0.0,12.78223571323157,0.0,11.783683746844066,0.0,9.242386178173179,0.0
Pllhn,337.5019607843137,0.0,17.147290551018873,0.0,376.43179289063823,0.0,251.0,0.0,168.4717450521448,0.0,13.172482713206158,0.0,15.84297951775486,0.0,10.801010568446943,0.0,729.1503082516324,0.0,129.1780423544042,0.0,98.13882093608176,0.0,5.3542725378996465,0.0,11.686996430796853,0.0,1494.3522658648824,0.0,833.5918547327692,0.0,13.172482714273086,0.0,12.675232231213394,0.0,9.909513907570547,0.0
Plllf,289.31372549019613,0.0,16.00237823539906,0.0,403.8995842478553,0.0,274.0,0.0,187.9951813246304,0.0,13.931225296711418,0.0,16.55294535724685,0.0,11.534299166621128,0.0,735.963238818431,0.0,174.59681038598495,0.0,139.98922192174487,0.0,4.822463573172168,0.0,15.440676737273309,0.0,2491.7806996100467,0.0,1820.0191777229631,0.0,13.931225337310142,0.0,12.941648810334007,0.0,10.557764604575391,0.0
Plots,290.09411764705885,0.0,15.78655982070517,0.0,357.4954013493048,0.0,213.0,0.0,140.59596180479642,0.0,12.394565816555792,0.0,14.594519519326424,0.0,9.773855500456348,0.0,727.5284358939073,0.0,119.41768791958057,0.0,87.9545250601486,0.0,5.284272873764871,0.0,9.764438161243492,0.0,3848.704545458556,0.0,987.8619276955393,0.0,12.394565812798083,0.0,11.484164331182942,0.0,8.76538231415304,0.0
Pltmn,354.678431372549,0.0,17.504056321237076,0.0,423.0436180695609,0.0,305.0,0.0,210.43396587052874,0.0,14.507687749155648,0.0,17.46424919657298,0.0,12.277300848060092,0.0,781.3783824957852,0.0,329.3528579528013,0.0,248.2722882417022,0.0,7.243096831087613,0.0,11.643123100802448,0.0,3361.9211386857432,0.0,1396.7293240998322,0.0,14.507687751922676,0.0,14.533481330098958,0.0,11.37377127385255,0.0
Plugu,368.0862745098039,0.0,17.833279759321915,0.0,381.23654812330983,0.0,256.0,0.0,168.4732066639125,0.0,13.11503414103997,0.0,16.0,0.0,10.726036661263755,0.0,2479.579045332451,0.0,263.4807392108652,0.0,194.2411707686771,0.0,6.295756738690527,0.0,13.441052000715212,0.0,3662.6229749464933,0.0,1550.789706979447,0.0,13.115034141715745,0.0,12.905093678708125,0.0,9.697418315768555,0.0
Plztz,287.0941176470588,0.0,15.85882692344953,0.0,373.9581280894582,0.0,224.0,0.0,149.40418505830036,0.0,12.90663541625385,0.0,14.966629547095765,0.0,10.141605770522137,0.0,731.4849514691872,0.0,148.21976976798658,0.0,115.44997747555124,0.0,4.907701686748721,0.0,18.609593634644845,0.0,3661.895057854659,0.0,896.7098282000252,0.0,12.906635412161906,0.0,11.664339022910283,0.0,9.030633600334065,0.0
Pläne,334.6392156862745,0.0,16.934616104497017,0.0,349.0378088781978,0.0,209.0,0.0,136.64689603226682,0.0,12.180765642401502,0.0,14.45683229480096,0.0,9.611840379818124,0.0,732.3026044063255,0.0,157.3078319311349,0.0,121.274272846841,0.0,2.9913640556047096,0.0,18.463214607420944,0.0,1985.498352444046,0.0,1466.6832769822306,0.0,12.180765650464817,0.0,11.653187932632552,0.0,8.704181742334017,0.0
Pmtmr,387.41960784313727,0.0,18.157946014354366,0.0,476.0288383507072,0.0,352.0,0.0,250.01722212773365,0.0,15.86021279924464,0.0,18.76166303929372,0.0,13.608693547141513,0.0,1038.836601867971,0.0,747.2648971849793,0.0,577.2209978633199,0.0,5.2495577497872175,0.0,15.294532921078135,0.0,3288.3017650096717,0.0,1403.4408344429783,0.0,15.860212803760081,0.0,15.99785403876527,0.0,12.6946913086818,0.0
Pnrns,316.71764705882356,0.0,16.408151967250674,0.0,324.2553142033341,0.0,156.0,0.0,98.39923976750259,0.0,11.163332071081374,0.0,12.489995996796797,0.0,7.970372862530209,0.0,724.3516252960519,0.0,90.44320983238956,0.0,60.356932126559016,0.0,3.9293368771401798,0.0,11.54014442600283,0.0,2102.378179052544,0.0,1767.7617396592814,0.0,11.163332081065928,0.0,9.475785158303974,0.0,6.836953492007564,0.0
Pobei,332.38823529411764,0.0,16.908359191074982,0.0,342.26127997667396,0.0,187.0,0.0,122.29450883203322,0.0,11.875215777656953,0.0,13.674794331177344,0.0,9.084654333735926,0.0,727.7202492208493,0.0,119.63541727096506,0.0,85.40885017935315,0.0,5.391759498191977,0.0,10.544349624907525,0.0,1201.8897562970405,0.0,610.5952960361137,0.0,11.875215783687453,0.0,10.897913339860725,0.0,8.050951992178868,0.0
Pokef,346.61960784313726,0.0,17.13075571112205,0.0,355.7218691028654,0.0,194.0,0.0,127.41233191059712,0.0,12.204642959137404,0.0,13.92838827718412,0.0,9.277484473893155,0.0,734.2453994806333,0.0,169.89948856996008,0.0,128.26660553001878,0.0,3.595541894975026,0.0,15.849623652402563,0.0,3023.462176548613,0.0,983.3932738743634,0.0,12.204642964964904,0.0,11.006094288072765,0.0,8.15307486884105,0.0
Polen,326.70980392156855,0.0,16.771025984479532,0.0,335.52190959820473,0.0,180.0,0.0,116.33879669450056,0.0,11.656110748315594,0.0,13.416407864998739,0.0,8.789524115516821,0.0,725.5315744439008,0.0,101.1184780679531,0.0,71.4158747098373,0.0,3.3982369291150705,0.0,8.459305440991066,0.0,1322.925841213429,0.0,646.5570955844669,0.0,11.65611075045637,0.0,10.51081321855001,0.0,7.786627732613246,0.0
Polyp,348.4823529411765,0.0,17.239143873960582,0.0,380.62511493927025,0.0,238.0,0.0,160.6862963772869,0.0,13.12475850015419,0.0,15.427248620541512,0.0,10.596676531094674,0.0,10309.025233899743,0.0,504.22768587918085,0.0,432.40395153835294,0.0,4.814056258579458,0.0,19.927596051744207,0.0,1359.2286750265157,0.0,1449.2889930712965,0.0,13.124758498215455,0.0,12.325717659743784,0.0,9.554535421889748,0.0
Poppo,383.5882352941177,0.0,18.05131350516694,0.0,355.2843979557934,0.0,202.0,0.0,135.19339575014857,0.0,12.335693628336958,0.0,14.212670403551895,0.0,9.701022994317697,0.0,927.1353101536141,0.0,234.25304085239685,0.0,206.0875028657294,0.0,4.068931791365828,0.0,12.182091488142955,0.0,1656.9927710030945,0.0,560.4706793174403,0.0,12.335693639621795,0.0,11.898110590767969,0.0,8.689647467641466,0.0
Porno,325.52156862745096,0.0,16.59494695724119,0.0,328.1687508267789,0.0,171.0,0.0,108.04717032069573,0.0,11.32914823826949,0.0,13.076696830622021,0.0,8.355666302086458,0.0,726.1878535322245,0.0,104.41541772283107,0.0,70.09112693014242,0.0,3.421085076288657,0.0,9.27446334719091,0.0,2115.761054472349,0.0,1766.630002609532,0.0,11.329148247230494,0.0,10.337419056028859,0.0,7.248646033493776,0.0
Porto,297.1921568627451,0.0,15.878741782640379,0.0,338.25065939910326,0.0,184.0,0.0,117.5232032893013,0.0,11.672069661195085,0.0,13.564659966250536,0.0,8.768228511915057,0.0,726.6627707648495,0.0,109.12879799736396,0.0,73.88170660447051,0.0,5.558646703595565,0.0,9.066185757637964,0.0,3876.1743370263566,0.0,1480.288635896028,0.0,11.672069657421323,0.0,10.581258874973386,0.0,7.630864324419143,0.0
Posse,307.8,0.0,16.09438663154802,0.0,319.3846552361815,0.0,138.0,0.0,87.64069619586783,0.0,10.917894333826618,0.0,11.74734012447073,0.0,7.555943450119605,0.0,725.3136975958149,0.0,91.27064354906658,0.0,61.66312098325444,0.0,4.123297246409204,0.0,8.987173231145968,0.0,965.6296628548453,0.0,670.9856955340443,0.0,10.917894334836026,0.0,8.938180593661416,0.0,6.245403374583381,0.0
Potzt,287.36470588235295,0.0,15.740959581143038,0.0,347.5104132414368,0.0,186.0,0.0,120.58266853485193,0.0,11.969900628138,0.0,13.638181696985855,0.0,8.94663286597311,0.0,726.6683359624545,0.0,111.8523130983384,0.0,79.2457245428105,0.0,7.086225889790255,0.0,11.186126465861333,0.0,2996.0049613914093,0.0,1396.1653293476875,0.0,11.969900626971718,0.0,10.40986326485359,0.0,7.732561310210292,0.0
Ppktc,339.4901960784314,0.0,16.97019754650479,0.0,366.002663783398,0.0,212.0,0.0,141.3310909714292,0.0,12.615948132871065,0.0,14.560219778561036,0.0,9.88643264054381,0.0,1013.3724518059789,0.0,347.46247400397476,0.0,314.5079011507361,0.0,8.542751942211781,0.0,22.520560107036697,0.0,4581.62836041438,0.0,1042.7213332352262,0.0,12.615948130176646,0.0,11.566115566587516,0.0,8.811600841101876,0.0
Pplbt,343.19215686274515,0.0,17.287874023005088,0.0,377.54593413298153,0.0,232.0,0.0,158.49381366204744,0.0,13.12571831399785,0.0,15.231546211727817,0.0,10.596145864055336,0.0,1010.7461745476713,0.0,345.42315538235715,0.0,315.02786619385734,0.0,5.43603187623689,0.0,15.23834930050186,0.0,2065.194962315051,0.0,588.1143139016071,0.0,13.125718316824143,0.0,12.26957743680762,0.0,9.584782516196434,0.0
Pqrpm,407.5019607843137,0.0,18.672098814148782,0.0,426.507960303769,0.0,275.0,0.0,196.51085410069305,0.0,14.566763285032785,0.0,16.583123951777,0.0,12.136060459377026,0.0,11083.149981824743,0.0,3357.9296805565446,0.0,3247.13925062573,0.0,8.013768266848535,0.0,39.16398523279841,0.0,2282.532862076177,0.0,1478.5223380188977,0.0,14.566763292332567,0.0,14.287710257383653,0.0,11.219310268650748,0.0
Prall,286.21176470588233,0.0,15.746141640017143,0.0,370.14756150567166,0.0,235.0,0.0,156.52127760094848,0.0,12.883766691640908,0.0,15.329709716755891,0.0,10.38349843195723,0.0,729.584385862632,0.0,135.87214151811003,0.0,105.44779707381717,0.0,4.477067111271091,0.0,10.215268128902409,0.0,2172.118048171561,0.0,1772.3576162854115,0.0,12.88376673177959,0.0,11.72299784525787,0.0,9.38633169153914,0.0
Prcms,331.83137254901965,0.0,16.699690005802157,0.0,395.9587214811577,0.0,243.0,0.0,165.47636611026093,0.0,13.494096774104253,0.0,15.588457268119896,0.0,10.83655985159901,0.0,779.9559212962042,0.0,321.9571136093857,0.0,241.29345517950742,0.0,5.97677982237336,0.0,11.825617586104018,0.0,3130.3138137033193,0.0,666.7473959140099,0.0,13.494096778049462,0.0,12.737537608832058,0.0,9.833848903499012,0.0
Prdfr,311.25098039215686,0.0,16.338831078128432,0.0,370.50692740265646,0.0,234.0,0.0,153.12360959253584,0.0,12.781328171819451,0.0,15.297058540778355,0.0,10.187094337207977,0.0,847.4129644042952,0.0,152.5483832142772,0.0,119.80557746022463,0.0,5.226254492000243,0.0,13.441463000971572,0.0,2035.4973263665013,0.0,1187.258357272657,0.0,12.78132817957259,0.0,12.066008684823236,0.0,9.150574008544847,0.0
Prebe,326.6156862745098,0.0,16.742209880881965,0.0,339.20574790841505,0.0,187.0,0.0,119.0095639191927,0.0,11.690402967108879,0.0,13.674794331177344,0.0,8.848261261544135,0.0,726.9716524869428,0.0,116.08421396819206,0.0,81.62583550037225,0.0,4.201217886907059,0.0,10.81635511682794,0.0,2097.2595547556066,0.0,657.2765692031783,0.0,11.690402974393013,0.0,10.83132515250336,0.0,7.760966062296221,0.0
Prgll,327.1725490196078,0.0,16.84482723380435,0.0,402.0330077508087,0.0,268.0,0.0,182.56954291561073,0.0,13.788639113067047,0.0,16.3707055437449,0.0,11.366208177865895,0.0,2328.3729335464504,0.0,269.84182366883573,0.0,202.41522642514283,0.0,5.50038329348165,0.0,11.576560340318164,0.0,2299.4103764403585,0.0,1787.1235935301863,0.0,13.788639150487493,0.0,12.912441159521524,0.0,10.323076064578338,0.0
Prinz,295.1372549019608,0.0,15.960002871461363,0.0,352.62051088919696,0.0,205.0,0.0,131.19700604460456,0.0,12.155284397098042,0.0,14.317821063276353,0.0,9.282245391016202,0.0,727.7361625082367,0.0,123.76069590393304,0.0,90.79256325108257,0.0,4.040780320663711,0.0,14.738295806538734,0.0,1936.906506656169,0.0,1297.0345192313862,0.0,12.15528440749141,0.0,10.946711872379677,0.0,8.22089421395508,0.0
Prlxy,302.29803921568623,0.0,16.047316617636795,0.0,386.5919341383817,0.0,245.0,0.0,162.84830661990833,0.0,13.238005082371949,0.0,15.652475842498529,0.0,10.555513213420452,0.0,2391.0065559194536,0.0,194.78597907705145,0.0,135.46423772814597,0.0,4.5804951289116005,0.0,41.40318287572441,0.0,5147.739127426438,0.0,838.645242472407,0.0,13.238005080873084,0.0,11.808386607855713,0.0,9.419333246114725,0.0
Profo,311.67058823529413,0.0,16.2349010087863,0.0,355.3609589836209,0.0,216.0,0.0,138.70780318185348,0.0,12.212555206738683,0.0,14.696938456699069,0.0,9.562092974250863,0.0,729.3930830329483,0.0,134.8025267420024,0.0,96.1932788780411,0.0,3.585380297302509,0.0,12.291593206280815,0.0,1575.6238354446273,0.0,1083.4348214568763,0.0,12.212555222162065,0.0,11.605905423612523,0.0,8.464427516609408,0.0
Prost,283.0549019607843,0.0,15.487346970546062,0.0,345.7210446177646,0.0,192.0,0.0,122.90649680221804,0.0,11.87009359405518,0.0,13.856406460551018,0.0,8.981381251225141,0.0,726.0793149264016,0.0,105.59898540822572,0.0,71.94684227117888,0.0,5.714490349065003,0.0,9.361791735524333,0.0,1546.244707494198,0.0,847.228221920262,0.0,11.870093594293223,0.0,10.518797598431131,0.0,7.798456973771642,0.0
Prrnz,295.21568627450984,0.0,15.8938094724433,0.0,346.2915332345249,0.0,191.0,0.0,121.2650257955311,0.0,11.907491125879051,0.0,13.820274961085254,0.0,8.896142927366993,0.0,727.5810894066843,0.0,122.30626333367506,0.0,89.72627648211852,0.0,3.946752601529513,0.0,15.050775994799979,0.0,2169.831832077338,0.0,1782.8945743443758,0.0,11.90749113599315,0.0,10.577472753601368,0.0,7.768433808906539,0.0
Prrrl,262.0156862745098,0.0,15.009505638613517,0.0,363.92156889742125,0.0,210.0,0.0,138.0224114704402,0.0,12.554911457095033,0.0,14.491376746189438,0.0,9.685882232641822,0.0,728.4247816769756,0.0,125.98420123724652,0.0,96.06276568792774,0.0,6.421474319784921,0.0,11.07893674915366,0.0,4885.290559730887,0.0,1422.8627671274462,0.0,12.55491145423616,0.0,10.786997024946588,0.0,8.582329853237091,0.0
Pruxy,319.2352941176471,0.0,16.430959328418222,0.0,370.20565179947766,0.0,235.0,0.0,150.45648883813448,0.0,12.656957147097744,0.0,15.329709716755891,0.0,9.95446187678215,0.0,2390.62553967087,0.0,189.31204783017057,0.0,129.10359073874295,0.0,3.724552119245358,0.0,41.427986840105326,0.0,5362.6414371489445,0.0,1019.9003655439179,0.0,12.656957148047017,0.0,11.626735767762305,0.0,8.76857057119478,0.0
Psalm,353.6235294117647,0.0,17.339658148694042,0.0,411.7790274639393,0.0,283.0,0.0,195.5468431183572,0.0,14.13863454520506,0.0,16.822603841260722,0.0,11.867095249745748,0.0,854.497651885925,0.0,483.1958391695839,0.0,373.45030339786763,0.0,8.805107670979687,0.0,14.552022664314642,0.0,2134.141936802844,0.0,1752.0386697915471,0.0,14.138634581811024,0.0,14.008227708210793,0.0,10.940653664051856,0.0
Psölm,370.71764705882356,0.0,17.746686528403227,0.0,426.2528990613184,0.0,296.0,0.0,206.53818872447778,0.0,14.520537301609767,0.0,17.204650534085253,0.0,12.252099426231918,0.0,861.3731683330938,0.0,494.68281072240165,0.0,385.1165876155025,0.0,8.388749628791478,0.0,22.847426385426484,0.0,4502.64769482499,0.0,3578.0329869042853,0.0,14.520537338932119,0.0,14.45818254917547,0.0,11.309077313794148,0.0
Ptfff,293.3764705882353,0.0,15.89946838619064,0.0,392.8495347085568,0.0,254.0,0.0,169.4428224711341,0.0,13.406698032673479,0.0,15.937377450509228,0.0,10.780155569562991,0.0,737.7216519280514,0.0,188.46543130664585,0.0,147.50136407906663,0.0,3.9286375827017683,0.0,18.343863163630214,0.0,2130.12751481528,0.0,1940.3014323643972,0.0,13.406698054439278,0.0,12.546130491150793,0.0,9.673637717132493,0.0
Ptsls,275.9568627450981,0.0,15.392821267039247,0.0,358.083325639219,0.0,202.0,0.0,135.02215068045697,0.0,12.41139431487717,0.0,14.212670403551895,0.0,9.637564266714971,0.0,727.636654298825,0.0,119.40670821931035,0.0,88.12968330925854,0.0,4.471483017087241,0.0,12.359482672839393,0.0,2157.0771371044375,0.0,1823.185243999975,0.0,12.411394353268554,0.0,11.001681893946376,0.0,8.564428902076715,0.0
Pulli,292.95294117647063,0.0,16.080078825210727,0.0,373.02126140281354,0.0,232.0,0.0,155.90095838968966,0.0,12.977143430964544,0.0,15.231546211727817,0.0,10.390594236984121,0.0,728.0219770263899,0.0,124.1000736601383,0.0,92.49859590072228,0.0,7.590338244640095,0.0,9.85835273086316,0.0,2368.6052847205847,0.0,1792.9219511676533,0.0,12.977143480197633,0.0,11.593267659519435,0.0,9.410531106533487,0.0
Pumor,367.54117647058825,0.0,17.66641335153857,0.0,391.2080010690768,0.0,247.0,0.0,166.84503324667293,0.0,13.417058098022466,0.0,15.716233645501712,0.0,10.830488685979116,0.0,763.468107398121,0.0,278.42371662216567,0.0,205.63475636675756,0.0,6.014819591167088,0.0,10.69457828387177,0.0,1496.5363283700776,0.0,1438.4373137864752,0.0,13.4170580997538,0.0,13.03640149521358,0.0,9.867647884980862,0.0
Pumpe,404.25882352941176,0.0,18.595603735226923,0.0,395.79392488924464,0.0,246.0,0.0,169.4153528628853,0.0,13.602463510452287,0.0,15.684387141358123,0.0,11.042242178504653,0.0,857.8557921554353,0.0,310.05587877707944,0.0,242.58791399278087,0.0,5.087537017456985,0.0,11.538559957540615,0.0,1840.8949439090034,0.0,1472.153262234898,0.0,13.602463517059633,0.0,13.371487752863546,0.0,10.129742191605867,0.0
Punks,354.4235294117647,0.0,17.33558054814365,0.0,339.322151490361,0.0,185.0,0.0,118.43968300248581,0.0,11.718833782887877,0.0,13.601470508735444,0.0,8.824581812907876,0.0,726.749961914254,0.0,121.4780624483036,0.0,82.07810497794257,0.0,2.963004307569611,0.0,9.421395060750791,0.0,1589.5074937167585,0.0,2152.423412405277,0.0,11.718833775741722,0.0,10.599041399921617,0.0,7.785796010212261,0.0
Punkt,345.56470588235294,0.0,17.194556240898304,0.0,350.48625534200863,0.0,207.0,0.0,133.200833124107,0.0,12.125857088547365,0.0,14.38749456993816,0.0,9.377713982006167,0.0,727.068547419995,0.0,124.82328177851855,0.0,84.48014204505273,0.0,3.704199116959133,0.0,9.582640381985517,0.0,1590.5228881851315,0.0,2152.897654656899,0.0,12.125857082110064,0.0,11.148868515311163,0.0,8.333062589519423,0.0
Puppe,379.9764705882353,0.0,18.06656409441552,0.0,348.80405790293366,0.0,188.0,0.0,124.55171389772991,0.0,12.089180503340286,0.0,13.711309200802088,0.0,9.28342064486572,0.0,925.5161177715605,0.0,227.2954811920955,0.0,202.1893003518898,0.0,3.9055737224684277,0.0,11.676664260408764,0.0,1704.1667640944388,0.0,591.9934064605804,0.0,12.08918051533204,0.0,11.304089737201467,0.0,8.28446856524007,0.0
Purty,299.85490196078433,0.0,15.978898522763355,0.0,358.14547626568225,0.0,204.0,0.0,132.23135149144326,0.0,12.289089828674237,0.0,14.2828568570857,0.0,9.382058352369837,0.0,2390.1504064837454,0.0,180.52409294600423,0.0,121.81009683176825,0.0,5.62427314693159,0.0,9.407367458820984,0.0,3898.0651978329347,0.0,1492.8149511839806,0.0,12.289089825153999,0.0,10.921058163086965,0.0,8.235452803821731,0.0
Puxil,304.035294117647,0.0,16.263479843636638,0.0,368.7308509690536,0.0,222.0,0.0,147.72575773528467,0.0,12.777488848687844,0.0,14.89966442575134,0.0,10.062641671181185,0.0,729.6388420426695,0.0,134.1406208953785,0.0,102.94429690210937,0.0,6.554074725991798,0.0,17.979032371078063,0.0,3585.4376727082713,0.0,1450.0838700889192,0.0,12.777488890315997,0.0,11.272851025513566,0.0,8.982614436375737,0.0
Pxdvl,333.9254901960784,0.0,16.996912219294074,0.0,393.02277538855196,0.0,269.0,0.0,182.1385858487683,0.0,13.618255289828646,0.0,16.401219466856727,0.0,11.305049695362502,0.0,856.2715930908798,0.0,204.55186813959153,0.0,163.62818068126322,0.0,4.332862387980837,0.0,34.67881936163921,0.0,2182.3489825358006,0.0,1388.9344118451331,0.0,13.618255283234491,0.0,12.84385826033456,0.0,10.305012160871904,0.0
Pzsst,282.08627450980396,0.0,15.503898630384985,0.0,347.2881219071687,0.0,178.0,0.0,116.10151047614445,0.0,11.916912433176739,0.0,13.341664064126334,0.0,8.821082429333643,0.0,729.9833257000429,0.0,132.25837156273946,0.0,102.46420477559802,0.0,7.111234149226579,0.0,21.63674922005317,0.0,921.7615151275577,0.0,695.6210447946709,0.0,11.91691243338967,0.0,9.931597107074346,0.0,7.549315743322212,0.0
Pömpt,397.38823529411764,0.0,18.381908595936746,0.0,418.5521261402814,0.0,275.0,0.0,192.20004508481077,0.0,14.284119618004924,0.0,16.583123951777,0.0,11.820303733009936,0.0,860.4372146124043,0.0,317.8360766112868,0.0,249.13716691284586,0.0,6.2069897802728855,0.0,15.573042289956346,0.0,1878.640270991094,0.0,1581.903988954936,0.0,14.28411962395912,0.0,14.065917612296769,0.0,10.855384129957892,0.0
Qdqdt,419.28235294117644,0.0,19.0231890705648,0.0,409.0597676107475,0.0,285.0,0.0,201.1339801788807,0.0,14.254437942849272,0.0,16.881943016134134,0.0,12.206190168934407,0.0,16516.73707570559,0.0,4012.2933956452102,0.0,3619.5969117266836,0.0,7.4393900998266504,0.0,47.19180347321834,0.0,2475.350262464348,0.0,1408.9562753850958,0.0,14.254437941570293,0.0,14.71684636516694,0.0,11.381207571646273,0.0
Qffqn,387.94117647058823,0.0,18.20393128384227,0.0,413.0690869380937,0.0,293.0,0.0,202.46983016254808,0.0,14.22290400144067,0.0,17.11724276862369,0.0,12.0738183502327,0.0,45731.02862921061,0.0,10482.629979608946,0.0,10032.136558940225,0.0,4.3603197320498035,0.0,75.9806722477474,0.0,2561.7574296606017,0.0,1869.4058378508478,0.0,14.222904006760464,0.0,14.615017830553004,0.0,11.20558884880773,0.0
Qkhll,387.58039215686273,0.0,18.21934744439274,0.0,428.39665805465756,0.0,307.0,0.0,215.63701921908762,0.0,14.712639041114492,0.0,17.52141546793523,0.0,12.544433789477987,0.0,4503.494380896766,0.0,1985.542723171292,0.0,1321.8230052130036,0.0,10.596987550225826,0.0,24.10608051389049,0.0,2306.0291083576203,0.0,1828.809252188902,0.0,14.712639079530279,0.0,14.352145057708652,0.0,11.61785099813561,0.0
Qmrtl,363.956862745098,0.0,17.63331360119949,0.0,463.8786092820735,0.0,339.0,0.0,242.6878948633017,0.0,15.62713758786096,0.0,18.411952639521967,0.0,13.455383189902092,0.0,4553.9332899738665,0.0,2092.064830937323,0.0,1417.5727320548854,0.0,14.229284801676195,0.0,22.83683757583497,0.0,3947.8488416364225,0.0,1592.4081703175555,0.0,15.627137584841533,0.0,15.633895452718573,0.0,12.56811238181887,0.0
Qnggl,441.6705882352942,0.0,19.38632994000845,0.0,431.36828863997715,0.0,288.0,0.0,204.25454587176972,0.0,14.610623293569416,0.0,16.97056274847714,0.0,12.297073130772104,0.0,5547.540291301147,0.0,2008.0367252001986,0.0,1339.7465940067516,0.0,4.999531060735469,0.0,22.164269620024136,0.0,3242.1990485217284,0.0,1473.1444315441113,0.0,14.610623295317012,0.0,14.370161736226617,0.0,11.275343441939906,0.0
Qskrr,339.72549019607845,0.0,16.829928852800045,0.0,388.51145640136843,0.0,241.0,0.0,163.82385094475612,0.0,13.33137573382091,0.0,15.524174696260024,0.0,10.752490785968549,0.0,4502.122470074892,0.0,1981.7911216853493,0.0,1317.5250688898143,0.0,11.325022935270223,0.0,23.31253647543929,0.0,5487.33916694589,0.0,1038.6161816160225,0.0,13.331375733334179,0.0,12.534300402641167,0.0,9.752587067959343,0.0
Qtmfn,397.20784313725494,0.0,18.372477451887313,0.0,451.9877166838106,0.0,338.0,0.0,237.2939948111973,0.0,15.293204266822531,0.0,18.384776310850235,0.0,13.160911935189523,0.0,4508.184496910077,0.0,1997.9894231330795,0.0,1331.457962364767,0.0,4.376099288123497,0.0,22.95249971578484,0.0,1327.8344889112084,0.0,1669.9899255513385,0.0,15.2932042776791,0.0,15.80219801976452,0.0,12.269713565464489,0.0
Qttxr,306.92941176470583,0.0,16.153364841232428,0.0,398.64248743969716,0.0,258.0,0.0,176.31413044358612,0.0,13.6925543520342,0.0,16.06237840420901,0.0,11.164455710253124,0.0,4501.795185348934,0.0,1980.5295301016743,0.0,1316.7068344816332,0.0,9.90468968583831,0.0,45.79567783278666,0.0,5191.264066130273,0.0,1506.471690956512,0.0,13.692554351881773,0.0,12.895810847697911,0.0,10.135625409745819,0.0
Quaft,344.4196078431372,0.0,17.093716399035117,0.0,378.35994120076845,0.0,240.0,0.0,161.37989379422402,0.0,13.070919054932517,0.0,15.491933384829668,0.0,10.60480074391679,0.0,4501.648765346308,0.0,1980.2507166803223,0.0,1316.4725859512523,0.0,11.078571246507927,0.0,20.12912207231034,0.0,1169.0795047916442,0.0,990.4849166347778,0.0,13.070919070875815,0.0,12.730534658593037,0.0,9.629921683852132,0.0
Quark,373.25882352941176,0.0,17.68769395634354,0.0,376.8093687316582,0.0,236.0,0.0,158.98547837143877,0.0,13.03461249329126,0.0,15.362291495737216,0.0,10.555927666410453,0.0,4502.001114795696,0.0,1981.5998609899,0.0,1317.3105427197124,0.0,6.463424553005648,0.0,20.042190213623662,0.0,4682.441037692898,0.0,728.8919931465181,0.0,13.034612491689291,0.0,12.604426647058213,0.0,9.632949986920964,0.0
Quarz,345.62745098039215,0.0,17.095926744838906,0.0,365.4768739218117,0.0,214.0,0.0,142.73377635234144,0.0,12.636243644158736,0.0,14.628738838327793,0.0,9.956735981253225,0.0,4501.6921119463495,0.0,1980.2291224363014,0.0,1316.6184514377965,0.0,9.764505990985805,0.0,22.29003172472025,0.0,4680.545882137379,0.0,728.2169593915845,0.0,12.636243642067,0.0,12.078309814752362,0.0,8.980723511441154,0.0
Queen,374.14509803921567,0.0,17.851683796748276,0.0,349.31667274096606,0.0,197.0,0.0,130.01198662033946,0.0,12.109163124482919,0.0,14.035668847618199,0.0,9.4506173888312,0.0,4501.163124116966,0.0,1978.53748786065,0.0,1314.928633733228,0.0,5.642807064690277,0.0,18.719202183424027,0.0,1485.7925976927081,0.0,848.5679427737716,0.0,12.10916313071562,0.0,11.827355852807656,0.0,8.546344849206681,0.0
Quill,329.30196078431374,0.0,16.941271786224238,0.0,404.8135159943105,0.0,270.0,0.0,188.1663553924945,0.0,14.008425377188747,0.0,16.431676725154983,0.0,11.660899585950613,0.0,4502.029829197378,0.0,1981.037384343755,0.0,1317.7544825310229,0.0,11.16615409335799,0.0,19.223556889528126,0.0,2517.538568559149,0.0,1885.913109990068,0.0,14.008425424283148,0.0,13.270674553360095,0.0,10.765508178950597,0.0
Quirl,322.2627450980392,0.0,16.662806934850348,0.0,391.19923409815647,0.0,246.0,0.0,169.32893499958158,0.0,13.52677738395936,0.0,15.684387141358123,0.0,11.001507320754582,0.0,4501.824390253015,0.0,1980.413767139891,0.0,1317.038581476077,0.0,12.214664976537772,0.0,19.471776771083437,0.0,4821.1567453366815,0.0,859.3755052884493,0.0,13.526777379679492,0.0,12.614689554117561,0.0,10.075840200747184,0.0
Quote,351.66666666666663,0.0,17.288935687120453,0.0,360.525741537149,0.0,213.0,0.0,141.8540156527979,0.0,12.478341814522501,0.0,14.594519519326424,0.0,9.909551808151246,0.0,4501.337010558251,0.0,1979.0624875332167,0.0,1315.347416485173,0.0,9.217276511035772,0.0,19.173935239531946,0.0,3844.6099446440444,0.0,1071.8670148166295,0.0,12.478341811614607,0.0,12.178625300520528,0.0,8.974963438192058,0.0
Qvjlt,320.4235294117647,0.0,16.62349101938774,0.0,433.278702691322,0.0,312.0,0.0,217.3354137138819,0.0,14.72809306612825,0.0,17.663521732655695,0.0,12.52540131700073,0.0,12885.51716522834,0.0,2147.622310457056,0.0,1507.7570784789923,0.0,11.78709190349568,0.0,33.66587395457259,0.0,2372.999502971558,0.0,1931.5619225624353,0.0,14.72809310691563,0.0,14.30941556440426,0.0,11.583549630724121,0.0
Qztnt,329.04705882352937,0.0,16.80259724344235,0.0,384.55837322124324,0.0,243.0,0.0,164.5219430743523,0.0,13.272283832382973,0.0,15.588457268119896,0.0,10.740337587745472,0.0,4502.031021021841,0.0,1981.1283157713099,0.0,1317.7072518024088,0.0,9.599648700586094,0.0,27.84327715671203,0.0,1957.889751464516,0.0,1763.512943841849,0.0,13.272283839533447,0.0,12.694842208088351,0.0,9.76812457477964,0.0
Raben,379.5607843137255,0.0,18.03054778964775,0.0,324.8407261624167,0.0,190.0,0.0,118.95063861149512,0.0,11.337927540205525,0.0,13.784048752090222,0.0,8.761453641424065,0.0,726.0821661567045,0.0,108.39646515372986,0.0,76.03811483230588,0.0,3.290028393374659,0.0,9.173202447340437,0.0,1495.5983139454972,0.0,761.4051160574492,0.0,11.337927546508345,0.0,11.53051577301212,0.0,7.827914004108566,0.0
Rache,356.4039215686274,0.0,17.372297169864815,0.0,320.6313447422189,0.0,166.0,0.0,102.73183230610125,0.0,11.053791755881045,0.0,12.884098726725126,0.0,8.083687446652727,0.0,725.9958409330172,0.0,93.12153346784814,0.0,63.169437100250676,0.0,4.564586852817766,0.0,9.363922729727479,0.0,1244.251538105803,0.0,821.3880698746067,0.0,11.053791758241188,0.0,10.455991809123532,0.0,7.030182961014449,0.0
Radau,380.92549019607844,0.0,18.033365632839423,0.0,332.3596955290424,0.0,211.0,0.0,132.7244556751507,0.0,11.648921985618408,0.0,14.52583904633395,0.0,9.287100196217036,0.0,844.7026729942133,0.0,130.50206207222448,0.0,101.71168207198336,0.0,3.2665211646579713,0.0,12.413425327987701,0.0,3683.7000850563004,0.0,1523.4260173549224,0.0,11.648921976662928,0.0,12.179299373841149,0.0,8.368347452887948,0.0
Radio,361.4509803921568,0.0,17.60622901899005,0.0,345.91234243938396,0.0,227.0,0.0,145.48716459735417,0.0,12.123235849390134,0.0,15.066519173319364,0.0,9.81908560906887,0.0,846.304637509895,0.0,139.8714824078995,0.0,108.248516640909,0.0,5.432590498476614,0.0,9.99666234390337,0.0,3227.5705739838527,0.0,1526.8514613439645,0.0,12.123235880897706,0.0,12.59282261163312,0.0,8.89924721665393,0.0
Raese,336.10980392156864,0.0,16.88916398327121,0.0,311.7331451649903,0.0,152.0,0.0,92.2543830805072,0.0,10.675750837687037,0.0,12.328828005937952,0.0,7.571966255506097,0.0,724.2719281889762,0.0,85.17765819098808,0.0,55.53368407145462,0.0,6.7821394919722335,0.0,8.901959113442276,0.0,1540.2377321252231,0.0,769.1301904266799,0.0,10.675750838554885,0.0,9.819459995504582,0.0,6.374994491005835,0.0
Ragar,372.01176470588234,0.0,17.70695065502311,0.0,346.971442416977,0.0,203.0,0.0,129.86841741515508,0.0,11.951956326487448,0.0,14.247806848775006,0.0,9.276170168680713,0.0,2326.68267218285,0.0,250.86204891940315,0.0,182.89456720618284,0.0,7.301325142131401,0.0,9.97447166040979,0.0,3322.373057526303,0.0,1316.1216872694713,0.0,11.951956326707332,0.0,11.637632988686855,0.0,8.189132524361833,0.0
Rahms,412.5647058823529,0.0,18.673608035477994,0.0,390.1948147068259,0.0,264.0,0.0,177.40384651726555,0.0,13.48602336456388,0.0,16.24807680927192,0.0,11.156186615622303,0.0,779.975215661658,0.0,322.83039341297376,0.0,242.22577128527732,0.0,3.6898143904350476,0.0,10.39468129605127,0.0,3255.355314783584,0.0,802.5908937524849,0.0,13.486023369940497,0.0,13.887843651631991,0.0,10.244920464240225,0.0
Rampe,422.04313725490204,0.0,18.952142727305816,0.0,389.6601029121541,0.0,253.0,0.0,171.90288083841529,0.0,13.463966009931479,0.0,15.905973720586866,0.0,11.057329561531471,0.0,857.6713080920875,0.0,309.6798159970865,0.0,242.17163257638288,0.0,4.010804122615696,0.0,11.268095252570914,0.0,2000.1074608672484,0.0,1526.2090388769923,0.0,13.463966016201576,0.0,13.806062333999384,0.0,10.174227640184801,0.0
Randa,384.0196078431373,0.0,18.090899957827457,0.0,328.0326054971051,0.0,209.0,0.0,130.3869340438908,0.0,11.515617834092355,0.0,14.45683229480096,0.0,9.175208191264442,0.0,836.2197910532935,0.0,125.5026599239938,0.0,97.07045682588344,0.0,2.7938710744079973,0.0,9.217936501385333,0.0,2304.972536540848,0.0,1260.6910882049247,0.0,11.515617830559014,0.0,12.125197599487683,0.0,8.286171454662341,0.0
Ranke,380.4941176470588,0.0,17.96395296991359,0.0,329.8705490897977,0.0,191.0,0.0,119.05769991873886,0.0,11.442367758319236,0.0,13.820274961085254,0.0,8.732006783267423,0.0,726.4142311350166,0.0,119.53023088838239,0.0,79.85594411144052,0.0,3.0413540117491866,0.0,8.884932157375474,0.0,1770.3567377107768,0.0,2189.573800347356,0.0,11.442367750892442,0.0,11.151578553735476,0.0,7.738988811079602,0.0
Rasat,320.2352941176471,0.0,16.449213955503794,0.0,324.6175385313146,0.0,175.0,0.0,109.72193065578126,0.0,11.236280543476118,0.0,13.228756555322953,0.0,8.384756865291573,0.0,724.7699821029523,0.0,94.35653441358549,0.0,62.75401741368754,0.0,9.460677533230898,0.0,9.293059381075942,0.0,3271.4897399896377,0.0,1369.154292700101,0.0,11.236280543151064,0.0,10.48156404115981,0.0,7.2532048209662525,0.0
Rasen,347.29411764705884,0.0,17.17084964882162,0.0,314.5080769303436,0.0,162.0,0.0,99.75373920461716,0.0,10.862581348115198,0.0,12.727922061357855,0.0,7.925882094389037,0.0,724.2883490305877,0.0,88.23004264160818,0.0,58.093711401553215,0.0,4.863809555143563,0.0,8.32760354280002,0.0,1329.7094476475809,0.0,848.5661237919193,0.0,10.86258135371085,0.0,10.312572846403999,0.0,6.870459332464843,0.0
Rassa,329.09411764705885,0.0,16.596572789998014,0.0,316.0099259475222,0.0,160.0,0.0,99.04209598475181,0.0,10.89810141321914,0.0,12.649110640673518,0.0,7.923832050249982,0.0,724.9183815338731,0.0,92.39733831790696,0.0,61.48520724170635,0.0,7.010875958230023,0.0,9.13754122988048,0.0,1315.7118455748434,0.0,813.6201651106245,0.0,10.8981014136395,0.0,10.130129679027087,0.0,6.746270527253297,0.0
Rasse,327.82352941176475,0.0,16.62678087809904,0.0,314.5714893915699,0.0,149.0,0.0,92.18018536066478,0.0,10.79615424681215,0.0,12.206555615733702,0.0,7.648578075182845,0.0,724.7961085172344,0.0,88.21771711154184,0.0,58.89794834718491,0.0,7.165306052542481,0.0,8.640982490380992,0.0,1314.632247104213,0.0,810.7141158301587,0.0,10.796154247141347,0.0,9.663188789192622,0.0,6.427993661124232,0.0
Raten,338.435294117647,0.0,17.028461147228658,0.0,322.00922510818896,0.0,179.0,0.0,110.77499034861066,0.0,11.169897281851718,0.0,13.379088160259652,0.0,8.370823934217887,0.0,724.2158161217862,0.0,90.88091972966411,0.0,59.81617488229112,0.0,5.592003294152231,0.0,8.173654896785017,0.0,1682.0572259990338,0.0,1402.2871306827592,0.0,11.16989728574071,0.0,10.819822001561025,0.0,7.371724581118911,0.0
Ratte,310.1058823529412,0.0,16.33127873526126,0.0,330.41053121785706,0.0,188.0,0.0,117.40507325606832,0.0,11.450434808883575,0.0,13.711309200802088,0.0,8.66687454472528,0.0,724.6434283457197,0.0,95.10985403365363,0.0,63.42383336642685,0.0,8.981877005026295,0.0,8.429652386886437,0.0,3854.1611061825065,0.0,1458.0543589832896,0.0,11.450434803737204,0.0,10.894821632498033,0.0,7.616550087830725,0.0
Rauha,379.2470588235294,0.0,17.93708685844277,0.0,324.17244184194203,0.0,201.0,0.0,122.6827438561814,0.0,11.300768363682364,0.0,14.177446878757825,0.0,8.76327171760189,0.0,725.3048428191001,0.0,99.2260874937551,0.0,66.3998572437038,0.0,3.0198970538944008,0.0,10.636214991054262,0.0,2160.408714082615,0.0,1069.3852215047486,0.0,11.300768365597616,0.0,11.705757643328422,0.0,7.789987495216109,0.0
Raupe,379.1686274509804,0.0,18.011906011578414,0.0,328.6037128826455,0.0,190.0,0.0,118.10898024637305,0.0,11.395189877377149,0.0,13.784048752090222,0.0,8.72328707400056,0.0,823.621986409405,0.0,167.8894716121994,0.0,143.59786626273063,0.0,3.334496120470143,0.0,11.472204401862614,0.0,2588.298406307839,0.0,985.214059556682,0.0,11.395189889138576,0.0,11.442530119942425,0.0,7.737650263233715,0.0
Raupi,363.20392156862744,0.0,17.670186587604377,0.0,347.2237866921503,0.0,218.0,0.0,139.1949488813832,0.0,12.09001142864145,0.0,14.7648230602334,0.0,9.595147282993755,0.0,824.7458486449258,0.0,176.08583883488598,0.0,148.87660225819886,0.0,5.638149373187789,0.0,12.26563638068789,0.0,2589.302774556691,0.0,985.4569772690134,0.0,12.090011438432688,0.0,12.024322508359006,0.0,8.627344569488503,0.0
Rausu,352.2901960784314,0.0,17.328459966141093,0.0,323.3050489588626,0.0,192.0,0.0,116.23271672430413,0.0,11.164342880554903,0.0,13.856406460551018,0.0,8.478514820556697,0.0,724.566350372841,0.0,93.40020039085256,0.0,60.650694698184964,0.0,5.168876210812546,0.0,12.039772086051407,0.0,2183.97441196715,0.0,948.8805469618474,0.0,11.16434288124547,0.0,11.075892372634861,0.0,7.385486730689622,0.0
Raute,335.34117647058827,0.0,16.96732459188037,0.0,322.7237675243571,0.0,190.0,0.0,115.1165509849813,0.0,11.158901617152663,0.0,13.784048752090222,0.0,8.448708328612225,0.0,724.1844895585538,0.0,91.4384952704871,0.0,59.40235929991332,0.0,7.514988952801379,0.0,8.659348586418755,0.0,4102.452208078059,0.0,1058.9946874575498,0.0,11.15890161401961,0.0,11.015213127276853,0.0,7.401291350520766,0.0
Rchch,367.1411764705882,0.0,17.622688619262174,0.0,345.588006090497,0.0,211.0,0.0,133.04509614943282,0.0,11.927954318835809,0.0,14.52583904633395,0.0,9.305885538344064,0.0,731.7748699423241,0.0,115.27574600184307,0.0,83.68485953534358,0.0,4.285485852048935,0.0,13.978289871677065,0.0,1432.5345697770292,0.0,703.467218291899,0.0,11.927954320759623,0.0,11.873114972583338,0.0,8.289161742870407,0.0
Rchcr,325.7647058823529,0.0,16.585185831974346,0.0,337.6798398004381,0.0,189.0,0.0,117.3309049628386,0.0,11.556860668103056,0.0,13.74772708486752,0.0,8.651399985008668,0.0,728.398406164243,0.0,99.18274499616288,0.0,67.83406004075084,0.0,9.590517114754698,0.0,14.793625981631083,0.0,1434.666109278446,0.0,701.8196892836694,0.0,11.556860670251025,0.0,10.815420921466297,0.0,7.547979254063545,0.0
Recht,337.98823529411766,0.0,17.004020602417633,0.0,338.9395391090479,0.0,190.0,0.0,119.93449608949993,0.0,11.67926951334743,0.0,13.784048752090222,0.0,8.815401252603747,0.0,726.5189876865135,0.0,98.33384927471523,0.0,67.32897832880057,0.0,6.882290496778265,0.0,9.681742455899162,0.0,1200.0904996903027,0.0,802.1131283379062,0.0,11.6792695156296,0.0,10.915476734901869,0.0,7.723253382480457,0.0
Redon,387.32941176470587,0.0,18.24199539528332,0.0,337.7357498251929,0.0,217.0,0.0,136.81171773128816,0.0,11.803227030382995,0.0,14.730919862656235,0.0,9.448293337432146,0.0,845.250225565033,0.0,133.5579532531715,0.0,103.89794369443668,0.0,2.712995727177436,0.0,10.17823705946695,0.0,2292.9463044277477,0.0,1022.1501348669152,0.0,11.803227025917026,0.0,12.39010192974869,0.0,8.530426791786095,0.0
Regel,376.5098039215686,0.0,18.02500719210061,0.0,365.58975764889385,0.0,219.0,0.0,144.70519798171213,0.0,12.591344850609227,0.0,14.798648586948742,0.0,9.980437928703937,0.0,2327.655858215516,0.0,260.2535439135407,0.0,194.09134837141224,0.0,6.377681043983603,0.0,10.016711906347624,0.0,1427.3010791825582,0.0,743.9773803322956,0.0,12.59134485560963,0.0,12.090423992159497,0.0,8.932863676250365,0.0
Regen,396.5411764705882,0.0,18.423879160947024,0.0,345.55865830842686,0.0,203.0,0.0,129.02068015971318,0.0,11.883568143035724,0.0,14.247806848775006,0.0,9.220224469663963,0.0,2326.6061951225915,0.0,249.1746626363944,0.0,181.8319603399149,0.0,3.5480641878753674,0.0,8.878571823172855,0.0,1408.400530684053,0.0,739.1569031153592,0.0,11.883568149417618,0.0,11.824702223540095,0.0,8.179004471547156,0.0
Regie,369.3921568627451,0.0,17.822789949931657,0.0,355.8570614422275,0.0,215.0,0.0,137.7470788012299,0.0,12.213632397900675,0.0,14.66287829861518,0.0,9.565496548872188,0.0,2326.744494888227,0.0,250.86754561847235,0.0,182.97763121674376,0.0,6.29172179339337,0.0,9.567424461870681,0.0,2781.684819031022,0.0,1304.3313403618267,0.0,12.213632435427394,0.0,11.929549825281924,0.0,8.488202929937701,0.0
Regil,360.54509803921565,0.0,17.683540939135966,0.0,381.9008466225537,0.0,251.0,0.0,166.63420587290403,0.0,13.152373739965068,0.0,15.84297951775486,0.0,10.71867998438794,0.0,2327.841704635018,0.0,263.4063275206371,0.0,196.0963898958459,0.0,8.133614791129697,0.0,10.582401398648862,0.0,2791.496692236113,0.0,1307.3824816390104,0.0,13.152373777012023,0.0,12.768081241570572,0.0,9.677486323125535,0.0
Rehst,343.1843137254902,0.0,17.13980328339908,0.0,341.52575341578085,0.0,199.0,0.0,125.76356391379332,0.0,11.80103644202624,0.0,14.106735979665885,0.0,9.039496925697085,0.0,726.3404349502268,0.0,101.28372537578986,0.0,70.29902092375472,0.0,9.647731255777652,0.0,9.73524807399593,0.0,1339.9376833492856,0.0,676.7552458323788,0.0,11.801036443594084,0.0,11.15329543605686,0.0,7.90701077151563,0.0
Reibe,351.1411764705882,0.0,17.44467786608843,0.0,338.2282417193776,0.0,195.0,0.0,123.61506993545021,0.0,11.720166156078504,0.0,13.96424004376894,0.0,8.987546294984618,0.0,726.6820254439183,0.0,112.46099203397806,0.0,78.6973910146887,0.0,4.949640723505119,0.0,10.18158290134868,0.0,2285.8579686861203,0.0,788.6501292285054,0.0,11.720166162448658,0.0,11.2531998567777,0.0,7.963602495638462,0.0
Reihe,352.65098039215684,0.0,17.436662996548666,0.0,335.80202287716634,0.0,192.0,0.0,120.57731451109977,0.0,11.630294853167841,0.0,13.856406460551018,0.0,8.818855589894186,0.0,725.6171056402229,0.0,97.41764121685381,0.0,66.41667765896705,0.0,4.8971417725187605,0.0,9.922756477728376,0.0,1600.0017985164175,0.0,936.0672276957642,0.0,11.630294858008993,0.0,11.065977329153238,0.0,7.808712343259771,0.0
Reime,378.12549019607843,0.0,18.031056978534785,0.0,391.1133667014931,0.0,258.0,0.0,172.64283084017055,0.0,13.441625783183548,0.0,16.06237840420901,0.0,10.97433399891864,0.0,778.8254905957351,0.0,320.4593195864308,0.0,240.01657488272807,0.0,4.437829442779477,0.0,9.390907339519428,0.0,3368.8976596153343,0.0,889.3272786757315,0.0,13.44162578956017,0.0,13.41309857274674,0.0,10.037105307770481,0.0
Reise,318.87450980392157,0.0,16.554582746758125,0.0,327.4538914670919,0.0,170.0,0.0,105.66939551257664,0.0,11.247424901119595,0.0,13.038404810405298,0.0,8.202526530949376,0.0,724.6997594304693,0.0,89.2836140541405,0.0,59.09160569380449,0.0,7.576278108558834,0.0,8.569957987202086,0.0,1631.050206380039,0.0,797.7384476546848,0.0,11.247424902974254,0.0,10.070143520785248,0.0,7.050577250950034,0.0
Reize,324.44313725490196,0.0,16.77307164277664,0.0,333.59661701938137,0.0,178.0,0.0,110.95945552666907,0.0,11.465240605755595,0.0,13.341664064126334,0.0,8.423378869293412,0.0,725.690819886618,0.0,103.03909992956652,0.0,72.16744806271869,0.0,6.790075066813663,0.0,10.933532102577047,0.0,3104.6855777510814,0.0,941.9082731891939,0.0,11.465240606451767,0.0,10.363992688726327,0.0,7.273771597091663,0.0
Relpe,360.96078431372547,0.0,17.69102366566447,0.0,348.8163053132581,0.0,201.0,0.0,131.07280063064744,0.0,12.114272305148312,0.0,14.177446878757825,0.0,9.421336426335195,0.0,824.8032398065817,0.0,173.8591692659989,0.0,149.29118224702003,0.0,4.585487233114467,0.0,11.418329374723994,0.0,2080.01117909399,0.0,774.6929036979517,0.0,12.11427231107699,0.0,11.543748781380197,0.0,8.454655244421364,0.0
Remis,369.83921568627454,0.0,17.785527770568475,0.0,392.82134509317984,0.0,258.0,0.0,173.44828097286012,0.0,13.493352640245043,0.0,16.06237840420901,0.0,11.013112963719434,0.0,762.8963176229785,0.0,276.2420609834646,0.0,204.13591315406458,0.0,7.656321351448658,0.0,9.378715277005108,0.0,2783.6408744316855,0.0,1855.2828044904327,0.0,13.493352676788263,0.0,13.40652992186535,0.0,10.065317228415907,0.0
Rente,337.1647058823529,0.0,17.057904415176363,0.0,324.918134892673,0.0,186.0,0.0,113.48231676534019,0.0,11.204142399556831,0.0,13.638181696985855,0.0,8.416829760699924,0.0,724.2229310370842,0.0,90.0604922893712,0.0,58.947127517190204,0.0,7.519509644506271,0.0,8.216036314935359,0.0,3827.6292802602657,0.0,794.0671838494552,0.0,11.20414239667596,0.0,10.820223983531859,0.0,7.370171609254756,0.0
Reste,317.6941176470588,0.0,16.510114104486853,0.0,326.73569313172015,0.0,172.0,0.0,106.95582471457536,0.0,11.233901921156438,0.0,13.114877048604,0.0,8.258445540830875,0.0,724.8023805427505,0.0,92.24257724185873,0.0,61.67799044735048,0.0,8.53374437464943,0.0,8.59197049664862,0.0,3698.4102813488385,0.0,919.7965572511856,0.0,11.233901917313126,0.0,10.297930826047462,0.0,7.11664795808095,0.0
Retan,338.435294117647,0.0,17.028461147228654,0.0,327.47579836560726,0.0,190.0,0.0,117.88713247105233,0.0,11.3584024813349,0.0,13.784048752090222,0.0,8.640677139472789,0.0,724.4990623277546,0.0,95.18258173312763,0.0,62.706572288112206,0.0,5.851492139284607,0.0,9.01505732988159,0.0,3412.4515422581853,0.0,1756.554337973233,0.0,11.35840248018425,0.0,11.011672748701685,0.0,7.600989698987473,0.0
Retel,317.1333333333333,0.0,16.626294354888408,0.0,345.86663454036443,0.0,196.0,0.0,127.03151077311017,0.0,11.997850033580026,0.0,14.0,0.0,9.219847615648407,0.0,727.6670143674379,0.0,117.6471251616162,0.0,90.39497679073995,0.0,8.560136919822403,0.0,9.563563378466112,0.0,1663.7437338982925,0.0,1392.9193372925517,0.0,11.997850036380301,0.0,11.022383952719393,0.0,8.186343348028931,0.0
Reten,337.16470588235296,0.0,17.057904415176363,0.0,325.8355351998975,0.0,180.0,0.0,111.3469929511112,0.0,11.252805520912831,0.0,13.416407864998739,0.0,8.391006380527642,0.0,724.3023379060952,0.0,90.53701695547893,0.0,59.688039986431896,0.0,5.790053792760663,0.0,8.314985771241641,0.0,1647.5020603829585,0.0,1390.3479017905786,0.0,11.25280552481838,0.0,10.730245960220826,0.0,7.356376695753708,0.0
Reusu,351.01960784313724,0.0,17.35739435493623,0.0,327.1313590505711,0.0,193.0,0.0,116.80471932680466,0.0,11.247292063379739,0.0,13.892443989449804,0.0,8.498441521995675,0.0,724.6528303042145,0.0,93.06560751071495,0.0,60.52432657407681,0.0,5.278921270748904,0.0,12.203999660437857,0.0,2157.491565424745,0.0,931.090077844618,0.0,11.247292064162234,0.0,10.98840398187108,0.0,7.370167504260139,0.0
Reuzo,354.34901960784316,0.0,17.450717336638196,0.0,332.15590570525194,0.0,195.0,0.0,119.4686198918498,0.0,11.431050827512328,0.0,13.96424004376894,0.0,8.662040436450582,0.0,727.109269634717,0.0,114.24416497476149,0.0,79.61847374733586,0.0,4.768509513795193,0.0,12.039660280614669,0.0,3413.8854060197577,0.0,1060.7495459109193,0.0,11.431050825945356,0.0,11.236842819883584,0.0,7.515645216170337,0.0
Revue,346.0627450980392,0.0,17.251723414903037,0.0,331.71182301916934,0.0,189.0,0.0,116.294126286064,0.0,11.396636177370224,0.0,13.74772708486752,0.0,8.551940082471003,0.0,727.1299708909768,0.0,117.56702989663306,0.0,79.48897177935397,0.0,5.0572149928969985,0.0,13.273792387849245,0.0,5802.397297598212,0.0,1900.703774377906,0.0,11.39663618556147,0.0,10.805450903834766,0.0,7.401664589664233,0.0
Rfhmt,399.7686274509804,0.0,18.509771103327505,0.0,433.2191421467391,0.0,333.0,0.0,225.83174564607623,0.0,14.738211833897315,0.0,18.24828759089466,0.0,12.620064603538033,0.0,805.2332085395819,0.0,390.1849264562722,0.0,311.5047820695052,0.0,4.450187872455398,0.0,22.33305827828121,0.0,3284.993716060509,0.0,819.8798924068363,0.0,14.738211839688084,0.0,15.367943194321363,0.0,11.65571580711839,0.0
Rgmls,419.18823529411765,0.0,18.930865134699307,0.0,434.17335811648076,0.0,310.0,0.0,215.5345940882205,0.0,14.723913331739716,0.0,17.60681686165901,0.0,12.506584460938742,0.0,3652.4189559998435,0.0,1775.1074576529227,0.0,1340.5657154621108,0.0,8.854248139543635,0.0,20.629157838366854,0.0,2446.9298888620556,0.0,2259.7183459463035,0.0,14.723913367851948,0.0,14.850112655468637,0.0,11.576001952652167,0.0
Rhqzh,418.6078431372549,0.0,18.98882773168492,0.0,370.5581550863475,0.0,245.0,0.0,162.11912513869584,0.0,12.943857059618399,0.0,15.652475842498529,0.0,10.584567055170242,0.0,15785.614393512908,0.0,3480.352973589877,0.0,3362.3385448629615,0.0,3.346645188101237,0.0,42.87790700522631,0.0,3192.913401458515,0.0,922.9728249566302,0.0,12.943857058481449,0.0,13.14844401680878,0.0,9.603519222775386,0.0
Rhrzs,341.72549019607845,0.0,17.076954979970164,0.0,344.58086919195534,0.0,186.0,0.0,119.22317440262611,0.0,11.876883733402783,0.0,13.638181696985855,0.0,8.883807356683814,0.0,729.4940683170831,0.0,123.94115905632803,0.0,92.8943739969763,0.0,9.929546428488806,0.0,12.673458213642917,0.0,3261.9989308395448,0.0,1554.948068441702,0.0,11.876883732915438,0.0,10.725324911372397,0.0,7.691433186637363,0.0
Riege,369.3921568627451,0.0,17.822789949931657,0.0,362.30974209868384,0.0,226.0,0.0,146.10687205902596,0.0,12.453993852204803,0.0,15.033296378372908,0.0,9.89430641648526,0.0,2478.9140895324504,0.0,254.51911364140042,0.0,185.60469823556284,0.0,5.033652020663196,0.0,9.413835647783635,0.0,3462.5251789157996,0.0,1730.9073460659451,0.0,12.453993853408184,0.0,12.268859604747776,0.0,8.824561355097464,0.0
Riffe,321.8274509803922,0.0,16.685207680004318,0.0,369.7612062751589,0.0,244.0,0.0,157.50045894717562,0.0,12.746007151522422,0.0,15.620499351813308,0.0,10.223432357851795,0.0,729.7483490964308,0.0,141.50033385211796,0.0,105.19770729393004,0.0,5.826237425230889,0.0,12.988190575858997,0.0,2440.8800902014227,0.0,2158.6753143728574,0.0,12.746007173158096,0.0,12.448099855242807,0.0,9.19383093548786,0.0
Rigil,344.58039215686273,0.0,17.335349896004885,0.0,402.01845372597666,0.0,291.0,0.0,194.7306870979153,0.0,13.833932557820514,0.0,17.05872210923198,0.0,11.618206703507598,0.0,2327.9986797736206,0.0,266.384271231436,0.0,198.16566590835959,0.0,7.44761715483985,0.0,10.781649288442152,0.0,2950.9713399542043,0.0,1592.3751141845019,0.0,13.83393259123248,0.0,13.76438950803301,0.0,10.620028688600826,0.0
Rilie,302.34901960784316,0.0,16.300636245935284,0.0,364.95106408252536,0.0,244.0,0.0,158.27316832832602,0.0,12.70538680942859,0.0,15.620499351813308,0.0,10.27527641582457,0.0,726.0476853426715,0.0,109.72142561891401,0.0,77.36492144318824,0.0,7.900900533226093,0.0,8.944346402973887,0.0,3016.9723299974535,0.0,1604.1295845672944,0.0,12.705386850630674,0.0,12.286499349866004,0.0,9.327610000030282,0.0
Rille,309.46666666666664,0.0,16.521494626642983,0.0,372.21128281134963,0.0,252.0,0.0,165.9710015577213,0.0,12.984274204244143,0.0,15.874507866387544,0.0,10.61874194207543,0.0,727.1197651199262,0.0,117.74428752229709,0.0,87.24002924577127,0.0,6.956223183534181,0.0,8.648769100807456,0.0,2648.372301349151,0.0,2041.517516532512,0.0,12.984274247902595,0.0,12.532591170077488,0.0,9.685386248475153,0.0
Rinde,365.51372549019607,0.0,17.80715095528129,0.0,350.5380861362844,0.0,239.0,0.0,152.19350724731555,0.0,12.273938570482931,0.0,15.459624833740307,0.0,10.016436427329625,0.0,836.6256376362102,0.0,128.49634851627914,0.0,99.55769961650789,0.0,3.8786714243911415,0.0,8.98568026252621,0.0,2471.5668108683963,0.0,1542.4201189879664,0.0,12.27393856871366,0.0,12.739005348221033,0.0,9.130870521776673,0.0
Ringe,380.57647058823534,0.0,18.089943593278477,0.0,363.3305280862163,0.0,237.0,0.0,152.55916638994836,0.0,12.530742515059691,0.0,15.394804318340652,0.0,10.084863585129979,0.0,2478.8979404649062,0.0,254.77305701635512,0.0,185.75433130072176,0.0,4.879411143692704,0.0,8.944979697224621,0.0,3509.6696519529664,0.0,1687.1066030050126,0.0,12.530742515960313,0.0,12.59008365758848,0.0,9.067755082112548,0.0
Rippe,380.52549019607847,0.0,18.127281200490202,0.0,366.6141531209747,0.0,236.0,0.0,155.70772570077173,0.0,12.753487139944072,0.0,15.362291495737216,0.0,10.341481746402712,0.0,925.8076346680496,0.0,230.09883244377795,0.0,203.66453088528078,0.0,3.996307695676957,0.0,11.828057628236516,0.0,2077.360617174065,0.0,1142.7119932587716,0.0,12.7534871511188,0.0,12.81004556735774,0.0,9.404300783543402,0.0
Risse,310.5882352941177,0.0,16.286810376306228,0.0,338.5154065867014,0.0,190.0,0.0,120.8486691881766,0.0,11.696526336649342,0.0,13.784048752090222,0.0,8.884349594104151,0.0,725.3865028291274,0.0,96.42438520547168,0.0,65.34135500661655,0.0,6.607755054007882,0.0,8.898660032135973,0.0,1590.0629288459152,0.0,1204.5635861976123,0.0,11.696526336585762,0.0,10.857318626462906,0.0,7.760433307650644,0.0
Ritze,307.2980392156863,0.0,16.36069454602862,0.0,352.15928031683626,0.0,215.0,0.0,137.15998034626253,0.0,12.187158624067044,0.0,14.66287829861518,0.0,9.479167904331435,0.0,726.3043019391347,0.0,111.43588104533173,0.0,78.66963101258139,0.0,6.419167633879069,0.0,10.90092706461263,0.0,3250.6647717311266,0.0,1716.8954886500994,0.0,12.187158622328061,0.0,11.601952899639057,0.0,8.400032776482691,0.0
Rkbnn,414.38823529411764,0.0,18.83533902416744,0.0,359.9736502228561,0.0,249.0,0.0,160.9201321227916,0.0,12.59356607065252,0.0,15.7797338380595,0.0,10.366334868470272,0.0,734.1944164547393,0.0,171.29166924129626,0.0,126.82367524009153,0.0,3.6350004330771273,0.0,16.564921071415192,0.0,1934.2517924501672,0.0,1286.475829349533,0.0,12.593566080169378,0.0,12.965390275563749,0.0,9.431923229579159,0.0
Rkscr,330.3843137254902,0.0,16.660943884851758,0.0,350.84103500686956,0.0,194.0,0.0,125.29129269221076,0.0,12.034887946578866,0.0,13.92838827718412,0.0,9.134434212932407,0.0,733.418307492281,0.0,157.59760175298135,0.0,116.11675259531496,0.0,13.026825261767938,0.0,17.08264208369501,0.0,1427.9717286961325,0.0,820.7672435018209,0.0,12.034887946562739,0.0,10.708964819106248,0.0,7.98750197687164,0.0
Rktlt,324.9019607843137,0.0,16.78813773553967,0.0,384.8505719291711,0.0,265.0,0.0,175.44271772319007,0.0,13.317149407708623,0.0,16.278820596099706,0.0,10.940016463093267,0.0,734.1794602701814,0.0,170.2869280950701,0.0,127.35280040417294,0.0,13.003750772954337,0.0,16.01188866831285,0.0,2556.054578098014,0.0,2169.1067685290113,0.0,13.31714944998593,0.0,12.715460442752848,0.0,9.886751050081944,0.0
Rldsh,378.65098039215684,0.0,18.087134139392944,0.0,377.36871249119076,0.0,267.0,0.0,177.43966032509618,0.0,13.220074597026327,0.0,16.34013463836819,0.0,11.071613994975145,0.0,850.1578635443316,0.0,157.51699937406008,0.0,127.19886142026157,0.0,3.847371999042398,0.0,12.854402329381251,0.0,2283.8235447691927,0.0,1085.3710439376707,0.0,13.220074588758422,0.0,13.611801717946744,0.0,10.146121520082682,0.0
Rmstr,352.7725490196079,0.0,17.33646099011181,0.0,413.8799629062698,0.0,288.0,0.0,196.31937809958094,0.0,14.139111607170449,0.0,16.97056274847714,0.0,11.807993953858267,0.0,998.8625607771625,0.0,681.2674503249881,0.0,528.3990800885445,0.0,14.268347924683612,0.0,14.71745706034958,0.0,3730.316606054855,0.0,984.5076544867769,0.0,14.139111604265667,0.0,14.097880306574119,0.0,10.849847316837954,0.0
Rntzt,317.30196078431374,0.0,16.607112977907285,0.0,348.75404669922517,0.0,207.0,0.0,131.85207565609204,0.0,12.064314439805425,0.0,14.38749456993816,0.0,9.277453177655195,0.0,726.4387073638916,0.0,112.14947371585086,0.0,79.38654326079299,0.0,11.17875076324266,0.0,13.507968266949758,0.0,3118.9961292724115,0.0,1462.8981487702597,0.0,12.064314438190639,0.0,11.153480070932737,0.0,8.11383760539964,0.0
Rnvmt,382.9764705882353,0.0,18.119258480244017,0.0,411.3931765353807,0.0,296.0,0.0,199.6086322564272,0.0,14.08963698561423,0.0,17.204650534085253,0.0,11.818742499761688,0.0,782.113287872536,0.0,332.0897319731669,0.0,248.00509851640263,0.0,4.955132269219742,0.0,15.524890469561004,0.0,4593.277171593984,0.0,1305.2237684327029,0.0,14.089636989189291,0.0,14.203824606966673,0.0,10.801580203271103,0.0
Robbe,396.9372549019608,0.0,18.478666482075653,0.0,341.16550903990765,0.0,210.0,0.0,134.87647571764404,0.0,11.92217632616961,0.0,14.491376746189438,0.0,9.476562804100848,0.0,729.0364804555809,0.0,130.76965338836283,0.0,94.34479332344135,0.0,3.2717882334403354,0.0,10.995633668720227,0.0,2180.1962825444602,0.0,688.0956094060857,0.0,11.922176332215061,0.0,12.213214156218182,0.0,8.483439657640671,0.0
Rocho,366.8352941176471,0.0,17.600151601877567,0.0,333.91936109153653,0.0,192.0,0.0,120.97919187501452,0.0,11.553493564901132,0.0,13.856406460551018,0.0,8.843951470174103,0.0,728.2319364061613,0.0,110.65775414023138,0.0,75.98646116791313,0.0,4.242934786826096,0.0,10.231396074285101,0.0,1250.878725785679,0.0,809.0255432305386,0.0,11.553493566815694,0.0,11.346402919300917,0.0,7.783323758797349,0.0
Rohre,358.5803921568628,0.0,17.476018169842476,0.0,332.5855067181756,0.0,192.0,0.0,119.27498197957387,0.0,11.511330184522379,0.0,13.856406460551018,0.0,8.732221874264877,0.0,726.0251756971704,0.0,100.70165932086798,0.0,69.17974145502768,0.0,7.24773900665232,0.0,9.565644493103807,0.0,4745.1350395198515,0.0,675.2273155688,0.0,11.51133018380127,0.0,11.095992278515705,0.0,7.657043517914566,0.0
Rohöl,383.9843137254902,0.0,18.112048196946265,0.0,364.64975932270045,0.0,242.0,0.0,158.42616214873613,0.0,12.712718238814572,0.0,15.556349186104045,0.0,10.369499500091417,0.0,746.1773079603968,0.0,241.9339276311016,0.0,183.5776044580841,0.0,5.093917718153629,0.0,33.41475056925196,0.0,2327.976336421895,0.0,1907.5703514578272,0.0,12.712718244913255,0.0,12.752460760731202,0.0,9.382736918869346,0.0
Rolle,331.2823529411765,0.0,16.989277664325684,0.0,353.7543857801972,0.0,219.0,0.0,142.85623425743722,0.0,12.349505311430647,0.0,14.798648586948742,0.0,9.807815529054949,0.0,727.0027784832686,0.0,114.12972095475916,0.0,84.46237602657456,0.0,7.648674496732904,0.0,8.464909706833595,0.0,2491.340060192747,0.0,1829.4062038711777,0.0,12.349505360492287,0.0,11.684037062640446,0.0,8.818717521999954,0.0
Roman,412.39607843137253,0.0,18.69185357942131,0.0,382.5061347738864,0.0,262.0,0.0,174.37422471673472,0.0,13.272589164762232,0.0,16.186414056238647,0.0,10.982907199405107,0.0,762.9165108304769,0.0,277.18065273184084,0.0,204.4598531866364,0.0,3.3272378134381317,0.0,9.352316853868174,0.0,3320.432016129147,0.0,1855.8541374467538,0.0,13.272589163950673,0.0,13.764300940074273,0.0,10.063813347024213,0.0
Rommé,459.9921568627451,0.0,19.754643408029235,0.0,451.9140319049278,0.0,335.0,0.0,233.81624969965964,0.0,15.25279874581015,0.0,18.303005217723125,0.0,13.070042832937581,0.0,824.6278878076288,0.0,439.1590658748909,0.0,332.8699913389776,0.0,4.0417894557582,0.0,29.23141557090509,0.0,3283.882122288042,0.0,1551.323600162295,0.0,15.252798748795845,0.0,16.00693961219015,0.0,12.161722044806814,0.0
Romon,416.9764705882353,0.0,18.811472854546082,0.0,386.96236822141634,0.0,271.0,0.0,180.00667741142934,0.0,13.391716903750279,0.0,16.46207763315433,0.0,11.152516349290963,0.0,763.5816568332936,0.0,279.36586464749263,0.0,205.92390606617465,0.0,3.24206808659156,0.0,9.866719073325871,0.0,1683.3543339014525,0.0,1484.0274876434305,0.0,13.391716904386431,0.0,14.076635838486782,0.0,10.240167711143236,0.0
Rondo,393.18039215686275,0.0,18.337199969726,0.0,339.8821852904705,0.0,224.0,0.0,141.77238298871703,0.0,11.90355776987893,0.0,14.966629547095765,0.0,9.631591376105447,0.0,838.0561258860166,0.0,136.2700762753593,0.0,104.37804221002627,0.0,2.618926778501753,0.0,9.65088022261131,0.0,2307.7813874184567,0.0,1250.67754496298,0.0,11.903557765920429,0.0,12.537591539457217,0.0,8.69621930132404,0.0
Rosen,351.87450980392157,0.0,17.30098836440382,0.0,319.99509709432255,0.0,170.0,0.0,105.30745573184487,0.0,11.052889223793285,0.0,13.038404810405298,0.0,8.16615534580546,0.0,724.7618085969591,0.0,91.9875689183,0.0,60.815079710968405,0.0,5.067961606421821,0.0,8.444829511130239,0.0,1326.5505489224977,0.0,831.3794990434161,0.0,11.052889228894125,0.0,10.50258013619804,0.0,7.076122242539708,0.0
Roton,348.8666666666667,0.0,17.260855033678265,0.0,333.59274188540763,0.0,206.0,0.0,128.5012990904741,0.0,11.597474952172979,0.0,14.352700094407323,0.0,9.052284972113679,0.0,725.5859520086607,0.0,104.95455440068956,0.0,69.79860319910054,0.0,5.314939389368094,0.0,9.443017615429296,0.0,1885.9753964568001,0.0,1359.4543867896186,0.0,11.597474953816524,0.0,11.654957461051357,0.0,8.028080707262601,0.0
Rotor,321.7960784313725,0.0,16.55418746556703,0.0,337.19157291995657,0.0,197.0,0.0,123.38089942847542,0.0,11.644863479415665,0.0,14.035668847618199,0.0,8.891829864179561,0.0,725.7211291971244,0.0,104.56601273658447,0.0,69.81863053796408,0.0,9.38315944894921,0.0,9.984282335233004,0.0,1888.5981528897798,0.0,1359.4053452514977,0.0,11.644863481122842,0.0,11.108547342965714,0.0,7.793012615359167,0.0
Rotos,329.39607843137253,0.0,16.719715344453046,0.0,330.89783646902134,0.0,187.0,0.0,117.16820090007595,0.0,11.430955009802577,0.0,13.674794331177344,0.0,8.666476517368002,0.0,725.5513131721018,0.0,102.2123730646007,0.0,68.30447446406025,0.0,7.637933603607589,0.0,9.368968632721115,0.0,1886.5186492850326,0.0,1359.252097496378,0.0,11.430955011464773,0.0,11.012525160512787,0.0,7.574679503162179,0.0
Rotte,314.6862745098039,0.0,16.46805349309977,0.0,335.897551381836,0.0,196.0,0.0,122.95878978329604,0.0,11.631128232528352,0.0,14.0,0.0,8.887136801674506,0.0,725.1166560657113,0.0,98.60556143170572,0.0,65.92554326463124,0.0,9.225468923465892,0.0,8.561956379231537,0.0,3852.8081983339516,0.0,1448.155596820885,0.0,11.631128227070016,0.0,11.074843982334672,0.0,7.802571998532613,0.0
Route,339.92156862745094,0.0,17.09901238460945,0.0,328.2107876883361,0.0,198.0,0.0,120.67026751220901,0.0,11.344239593305401,0.0,14.071247279470288,0.0,8.674512008155384,0.0,724.6580169821235,0.0,95.06929487636839,0.0,62.0663750048324,0.0,7.855249365653449,0.0,8.796996815239766,0.0,4101.192100021101,0.0,1045.3101218566271,0.0,11.34423958980486,0.0,11.19329938247552,0.0,7.592589031878499,0.0
Rpssh,378.72549019607845,0.0,17.930908880249728,0.0,354.2825702661603,0.0,207.0,0.0,136.68253786989075,0.0,12.315601069479616,0.0,14.38749456993816,0.0,9.687902297056738,0.0,1011.1023312467328,0.0,340.5760443983086,0.0,312.0097732737383,0.0,5.863186407526802,0.0,15.210458076101853,0.0,1306.0716809435155,0.0,796.1800019721558,0.0,12.315601070085505,0.0,11.80283277819767,0.0,8.594872906440365,0.0
Rqhrl,371.10196078431375,0.0,17.934683921135015,0.0,375.28863160850113,0.0,245.0,0.0,164.0937753264597,0.0,13.10643784952232,0.0,15.652475842498529,0.0,10.717417515643163,0.0,11067.453554769007,0.0,3323.282810309278,0.0,3225.0123735961542,0.0,9.99107713498069,0.0,38.32418511770068,0.0,4784.666392610302,0.0,784.6370756124493,0.0,13.106437848082912,0.0,12.634883365168449,0.0,9.74805402532861,0.0
Rqngk,448.67450980392164,0.0,19.574964591393908,0.0,386.90415752146674,0.0,260.0,0.0,174.19027031988543,0.0,13.341403460338132,0.0,16.1245154965971,0.0,11.05021423961602,0.0,11318.487373489263,0.0,3332.12806126335,0.0,3229.6827567070836,0.0,3.015688312118711,0.0,38.73803595373682,0.0,3442.658639459958,0.0,1477.3389703066803,0.0,13.341403460880336,0.0,13.344665811757514,0.0,10.0505709707011,0.0
Rqvxs,359.1411764705882,0.0,17.520506138024793,0.0,365.4055265338948,0.0,224.0,0.0,148.0137497873991,0.0,12.65598928109257,0.0,14.966629547095765,0.0,10.073119029767257,0.0,11067.436312220374,0.0,3323.4395436011873,0.0,3224.832668461002,0.0,8.532390174488405,0.0,56.19555314496957,0.0,6106.557174950227,0.0,1403.8247145604535,0.0,12.655989279656795,0.0,11.840264531749746,0.0,8.947570740680304,0.0
Rqzgz,407.1411764705883,0.0,18.748037754556872,0.0,383.1004546276717,0.0,229.0,0.0,154.81345147173533,0.0,13.14605259546301,0.0,15.132745950421556,0.0,10.47265472986815,0.0,11318.4823797526,0.0,3331.7859169318413,0.0,3229.756309569263,0.0,4.084763136819481,0.0,41.51830522589632,0.0,3264.1108944017597,0.0,1556.780789714894,0.0,13.146052595789332,0.0,12.512101693836435,0.0,9.317553858231749,0.0
Rrhmc,390.2117647058824,0.0,18.187065042804555,0.0,407.7449654844725,0.0,296.0,0.0,197.00705806761636,0.0,13.948871024820429,0.0,17.204650534085253,0.0,11.701826294452724,0.0,784.3700242746862,0.0,325.60469918087256,0.0,244.0250383282044,0.0,4.907489728516853,0.0,20.00841244878027,0.0,3293.9998339316835,0.0,823.5259089441297,0.0,13.948871030820625,0.0,14.402928908207219,0.0,10.75309023146144,0.0
Rrhrn,348.02745098039213,0.0,17.24010283360245,0.0,350.48327920456234,0.0,233.0,0.0,145.8265868098579,0.0,12.173443864682923,0.0,15.264337522473747,0.0,9.691101376010854,0.0,726.3777101228069,0.0,109.2782367591021,0.0,75.45979602644073,0.0,4.8725604473426145,0.0,11.141938982004039,0.0,4771.941888072335,0.0,720.227335976836,0.0,12.173443866419424,0.0,12.109139246672324,0.0,8.690931031073372,0.0
Rrtqt,320.1686274509804,0.0,16.675758074022585,0.0,368.78705579987763,0.0,250.0,0.0,162.66325911887532,0.0,12.827424351192288,0.0,15.811388300841896,0.0,10.476021287976636,0.0,45514.27082962983,0.0,10292.142809292354,0.0,9943.721083591347,0.0,6.91836304101512,0.0,71.14613944756982,0.0,2169.5198891421733,0.0,1392.160880476091,0.0,12.82742435299857,0.0,12.72352030085809,0.0,9.48137070916571,0.0
Rstfr,299.1411764705882,0.0,16.001751634221854,0.0,359.53330282684544,0.0,227.0,0.0,145.08017699162832,0.0,12.37700959147672,0.0,15.066519173319364,0.0,9.753433266231376,0.0,729.3617488202004,0.0,134.42493929053234,0.0,97.58867211871703,0.0,10.175010472594142,0.0,15.598100311452013,0.0,1732.0570016230656,0.0,1523.0979786058476,0.0,12.377009608238902,0.0,11.694085395553756,0.0,8.640181875641092,0.0
Rstwh,369.2705882352941,0.0,17.72633782460577,0.0,391.1283127212047,0.0,282.0,0.0,187.3171573351904,0.0,13.54170455957084,0.0,16.792855623746664,0.0,11.356239080017902,0.0,2771.9471352161713,0.0,445.0590551203393,0.0,352.34962513883335,0.0,5.818515913880353,0.0,21.01781090541717,0.0,1781.0431913668351,0.0,1378.4047333946107,0.0,13.541704559153787,0.0,13.481310963195549,0.0,10.336014480890015,0.0
Rthpl,369.3058823529411,0.0,17.902449577761008,0.0,386.85188397815307,0.0,271.0,0.0,181.71196745254605,0.0,13.482316336024091,0.0,16.46207763315433,0.0,11.248699208498353,0.0,829.539337229292,0.0,200.04558253048188,0.0,170.27929676616768,0.0,4.64600266174683,0.0,15.15076141974493,0.0,1973.3312988459002,0.0,775.1057120229268,0.0,13.48231634831626,0.0,13.535915249684823,0.0,10.309623118889023,0.0
Rthsp,369.8666666666667,0.0,17.794603245143087,0.0,369.10557431839413,0.0,248.0,0.0,162.4862010782555,0.0,12.839970201558236,0.0,15.748015748023622,0.0,10.511725774268044,0.0,1438.1511091539394,0.0,376.5787940965701,0.0,354.3085945537828,0.0,4.277976563343994,0.0,19.292946332563737,0.0,1381.9852114389487,0.0,723.3320596929468,0.0,12.839970204570662,0.0,13.020762480388749,0.0,9.503249625808015,0.0
Rthwh,403.0470588235294,0.0,18.55279114332927,0.0,404.1175890155024,0.0,308.0,0.0,205.68628881815658,0.0,14.003792911201534,0.0,17.549928774784245,0.0,11.941800204235715,0.0,2772.0510106689603,0.0,445.94885671645346,0.0,353.197797448179,0.0,4.88535017633291,0.0,20.501724492175434,0.0,1470.3623458838524,0.0,743.3311776446569,0.0,14.003792912740861,0.0,14.337682490603997,0.0,10.963463182228573,0.0
Rtswr,327.8941176470588,0.0,16.695277403556354,0.0,387.56335306806153,0.0,260.0,0.0,173.59138286183253,0.0,13.37544989028345,0.0,16.1245154965971,0.0,10.954786468820306,0.0,2770.8943382000957,0.0,440.3873301987204,0.0,348.4491607456009,0.0,5.888205203034065,0.0,19.910804707351488,0.0,1411.8427672726698,0.0,846.960496115708,0.0,13.375449889312552,0.0,12.663834170931763,0.0,9.873336158633819,0.0
Rtthr,318.43921568627445,0.0,16.57110411933823,0.0,363.4049865960428,0.0,237.0,0.0,153.2594393285333,0.0,12.628510892132441,0.0,15.394804318340652,0.0,10.09330757634188,0.0,727.5965583686427,0.0,119.13719778599372,0.0,84.49438918076854,0.0,6.800742691597421,0.0,13.500708339837233,0.0,1643.6086433827854,0.0,1474.7544120143486,0.0,12.628510895076,0.0,12.280042955331691,0.0,9.080282528612475,0.0
Rubin,370.41568627450977,0.0,17.92838073648516,0.0,347.95949143253443,0.0,234.0,0.0,148.48532421918162,0.0,12.176510997723776,0.0,15.297058540778355,0.0,9.84812448513379,0.0,726.8510938527909,0.0,117.31601379983684,0.0,82.1958415092672,0.0,5.544304061140588,0.0,10.188472627365407,0.0,2857.986912861786,0.0,1323.5046699027448,0.0,12.17651103555395,0.0,12.4671104871733,0.0,8.911398781875878,0.0
Ruffu,353.97254901960787,0.0,17.48202174230387,0.0,361.54414045943247,0.0,239.0,0.0,151.75745532689132,0.0,12.465585084856867,0.0,15.459624833740307,0.0,9.944676828389218,0.0,729.6337788466274,0.0,141.49428186103245,0.0,104.68255549584403,0.0,5.63019713583649,0.0,15.482585158836898,0.0,2310.4790299399556,0.0,1971.08931200602,0.0,12.46558510715397,0.0,12.329742363639193,0.0,8.900580242103887,0.0
Rugby,423.70196078431377,0.0,19.012349534782825,0.0,385.752944146127,0.0,260.0,0.0,171.77630590718906,0.0,13.22348614456,0.0,16.1245154965971,0.0,10.856361895401248,0.0,3256.472914876016,0.0,301.79050837922017,0.0,216.87895836610502,0.0,3.4552908155362574,0.0,12.073089025157001,0.0,2193.823600240093,0.0,721.1381158167081,0.0,13.223486150166156,0.0,13.443522386196724,0.0,9.782414036456746,0.0
Ruhru,368.9098039215686,0.0,17.803380833111785,0.0,342.8253379336017,0.0,220.0,0.0,136.64674565957367,0.0,11.896299046013736,0.0,14.832396974191326,0.0,9.337781422122752,0.0,726.0271805358353,0.0,104.77230334399819,0.0,71.7958645868556,0.0,5.887142675240946,0.0,12.767757408696749,0.0,4764.703928890106,0.0,708.8280173900448,0.0,11.8962990459766,0.0,11.863284567918877,0.0,8.32832785690999,0.0
Ruine,346.4352941176471,0.0,17.319303611448817,0.0,328.69124274795865,0.0,190.0,0.0,117.4306744093752,0.0,11.39378594241894,0.0,13.784048752090222,0.0,8.612948560649485,0.0,724.2307544974417,0.0,90.43463677946968,0.0,59.193983731498896,0.0,5.43567558215441,0.0,8.820729805307757,0.0,2112.971845346836,0.0,1355.7858331728798,0.0,11.39378595126225,0.0,10.884318488548029,0.0,7.621167050953947,0.0
Rumpf,426.1960784313726,0.0,19.117456007089608,0.0,420.8011784143639,0.0,297.0,0.0,203.14473736072944,0.0,14.346101562850896,0.0,17.233687939614086,0.0,12.036960499324934,0.0,863.6667142019137,0.0,331.2256448682291,0.0,261.0349905647331,0.0,4.242551613968434,0.0,15.639059232356571,0.0,2083.7532439762144,0.0,1545.7142550409687,0.0,14.346101567807892,0.0,14.727367844030374,0.0,11.099167441362576,0.0
Rumse,393.8941176470588,0.0,18.33123276211963,0.0,382.24994020188194,0.0,243.0,0.0,162.31249254210812,0.0,13.169676683561654,0.0,15.588457268119896,0.0,10.636170233942066,0.0,762.9274543967541,0.0,275.0441087848336,0.0,203.46226360254056,0.0,5.667695642023218,0.0,9.827873385999604,0.0,1496.9419754527946,0.0,1507.8493747570762,0.0,13.169676681922102,0.0,13.116430678107331,0.0,9.651335236306362,0.0
Runde,389.5686274509804,0.0,18.352212990414014,0.0,333.40184523761076,0.0,210.0,0.0,131.13070113629837,0.0,11.647902623691309,0.0,14.491376746189438,0.0,9.210841664555263,0.0,836.2644743479071,0.0,123.92853710846333,0.0,96.45325310715403,0.0,3.047120364239703,0.0,9.20746992181524,0.0,2341.5507134230747,0.0,1265.2178664251944,0.0,11.647902620817034,0.0,11.975333430235649,0.0,8.291361555026775,0.0
Runen,373.58431372549023,0.0,17.937272906530055,0.0,319.49819498775423,0.0,188.0,0.0,113.88590897187663,0.0,11.072659003228761,0.0,13.711309200802088,0.0,8.390603914424366,0.0,723.882565484273,0.0,88.02844322962595,0.0,56.89892334593261,0.0,3.9891706685718478,0.0,8.40321289129172,0.0,1707.4175460208958,0.0,721.6544055290988,0.0,11.072659008594048,0.0,11.090966141614171,0.0,7.426645635429362,0.0
Rvrms,364.7647058823529,0.0,17.586390267622757,0.0,411.2302826844627,0.0,292.0,0.0,196.9094062573397,0.0,14.054829278722645,0.0,17.08800749063506,0.0,11.75512919501342,0.0,787.878105144549,0.0,368.1565764967494,0.0,267.2808000847037,0.0,4.951454732259554,0.0,23.47742899785731,0.0,3602.934599856322,0.0,1536.4849165312216,0.0,14.054829282625867,0.0,14.09804737982725,0.0,10.775669884786701,0.0
Rzdjr,348.38823529411764,0.0,17.383632546378134,0.0,386.1475993013205,0.0,263.0,0.0,173.76584245153373,0.0,13.312286113761228,0.0,16.217274740226856,0.0,10.931477926609878,0.0,5336.933763162767,0.0,414.8150433548512,0.0,363.4726227929291,0.0,8.178920680394848,0.0,24.749809738541984,0.0,2536.8162788524965,0.0,2242.128785166759,0.0,13.312286142043664,0.0,13.116924588558378,0.0,9.938238821293377,0.0
Räder,368.1882352941176,0.0,17.730998623529928,0.0,340.73815902789477,0.0,201.0,0.0,128.81029634489022,0.0,11.87039265670322,0.0,14.177446878757825,0.0,9.264727346489273,0.0,846.5293867328589,0.0,148.49739077107427,0.0,114.54407226095397,0.0,8.422239540195054,0.0,11.714248213131304,0.0,2193.736658959168,0.0,1139.522233883403,0.0,11.87039265275624,0.0,11.865086103539543,0.0,8.347208914613171,0.0
Räume,415.9607843137255,0.0,18.810224055744182,0.0,387.37173398341764,0.0,269.0,0.0,177.74992265390216,0.0,13.372398307012174,0.0,16.401219466856727,0.0,11.088799996906124,0.0,780.5974488672023,0.0,329.5551587326853,0.0,246.1137712089303,0.0,2.9354658737125896,0.0,11.849641687628765,0.0,3690.828141035727,0.0,1088.5005737320187,0.0,13.372398310439623,0.0,14.065054140387613,0.0,10.19306149540308,0.0
Röcke,372.921568627451,0.0,17.718926860530015,0.0,344.4838245417937,0.0,190.0,0.0,121.93464457240938,0.0,11.848654405837625,0.0,13.784048752090222,0.0,8.981331670731501,0.0,730.0551176670946,0.0,135.06655004861796,0.0,95.72230298387979,0.0,4.8684228183827445,0.0,13.876691978745383,0.0,1545.4041376086848,0.0,2266.1643747911435,0.0,11.84865439977634,0.0,11.007449292711684,0.0,7.88123038064679,0.0
Rösön,382.7529411764706,0.0,17.95540976183763,0.0,345.56956343324674,0.0,210.0,0.0,134.56692178730154,0.0,11.981492656728335,0.0,14.491376746189438,0.0,9.429738225772157,0.0,744.164655323904,0.0,234.35001935620377,0.0,175.19334064482956,0.0,3.677781548877144,0.0,35.087867703628746,0.0,2346.777020427308,0.0,2043.627503125043,0.0,11.981492662084513,0.0,12.002089850145602,0.0,8.387284804052866,0.0
Rüben,398.8941176470588,0.0,18.531212278949518,0.0,341.2453755672698,0.0,212.0,0.0,134.76230855828405,0.0,11.897933533983228,0.0,14.560219778561036,0.0,9.40909166449662,0.0,728.5288316943263,0.0,124.98785214658851,0.0,92.0072097289771,0.0,4.298189328485068,0.0,12.075362302196458,0.0,1551.64854281024,0.0,893.4515938558407,0.0,11.897933540125148,0.0,12.138484479582416,0.0,8.469924455920474,0.0
Sache,322.3607843137255,0.0,16.388687126916075,0.0,304.9343378877086,0.0,126.0,0.0,77.26876000572304,0.0,10.408440727076169,0.0,11.224972160321824,0.0,6.964240378759306,0.0,725.1535717889781,0.0,77.28354865269623,0.0,51.739580102491516,0.0,3.6475032737265893,0.0,8.633419318313452,0.0,685.0732063918111,0.0,604.214244126815,0.0,10.408440730585495,0.0,8.872284635195271,0.0,5.840549614145689,0.0
Safes,299.4,0.0,15.805384547670165,0.0,311.04116189226636,0.0,128.0,0.0,79.87103395399183,0.0,10.605711266191042,0.0,11.313708498984761,0.0,7.1367132381730025,0.0,725.7935246473293,0.0,100.2881601001408,0.0,74.00845716962199,0.0,2.6584622107262574,0.0,11.429328260329195,0.0,2011.940423041601,0.0,1780.5214316341928,0.0,10.605711274980264,0.0,8.826449815268754,0.0,6.010507023167694,0.0
Salat,285.6313725490196,0.0,15.531219938305258,0.0,325.1211985000539,0.0,164.0,0.0,105.38340501008338,0.0,11.29730501966327,0.0,12.806248474865697,0.0,8.324865245869283,0.0,724.6524412150917,0.0,89.98179762731249,0.0,63.37703648367775,0.0,4.133891133603013,0.0,8.006636494511572,0.0,3225.120035474656,0.0,1212.2941757886401,0.0,11.297305018955342,0.0,9.842105251522302,0.0,7.282851551160293,0.0
Salch,313.51372549019607,0.0,16.2371439696351,0.0,328.45202058243115,0.0,162.0,0.0,105.05412391033784,0.0,11.394164092456155,0.0,12.727922061357855,0.0,8.38249371454806,0.0,728.6750694028896,0.0,102.34897066706182,0.0,76.96873951592596,0.0,4.781252464281629,0.0,9.227652206727855,0.0,1305.2935902739223,0.0,534.2297101508262,0.0,11.394164091854742,0.0,10.07062612377324,0.0,7.414237107503823,0.0
Salet,284.3607843137255,0.0,15.563495968664245,0.0,323.4809353343441,0.0,154.0,0.0,98.84326549014226,0.0,11.19113157240144,0.0,12.409673645990857,0.0,8.065424230090452,0.0,724.4557584431443,0.0,85.05263945378634,0.0,60.39202482738157,0.0,4.393898030262991,0.0,7.6997816547833,0.0,1213.6650361301063,0.0,562.8185598589431,0.0,11.19113157495374,0.0,9.526189021780912,0.0,7.027172998091159,0.0
Salon,318.5411764705882,0.0,16.40008345736963,0.0,321.10823351232244,0.0,170.0,0.0,107.58780577355503,0.0,11.177428466788093,0.0,13.038404810405298,0.0,8.356166846526856,0.0,725.0680002006857,0.0,95.16855179006947,0.0,66.51117929683056,0.0,4.037529215325328,0.0,8.389148614388953,0.0,1484.5528015982259,0.0,475.2215075430851,0.0,11.177428468558219,0.0,10.40035884818997,0.0,7.407673047989405,0.0
Salut,292.45098039215685,0.0,15.803108527716715,0.0,330.2475288394313,0.0,174.0,0.0,110.91982678793654,0.0,11.456169923230394,0.0,13.19090595827292,0.0,8.511386011868673,0.0,724.6488068575192,0.0,89.63544856521305,0.0,62.95182358043905,0.0,3.5069599117262427,0.0,9.149072942504555,0.0,4772.240043625799,0.0,1528.9185071882641,0.0,11.45616992934492,0.0,10.093225003288671,0.0,7.466571479041361,0.0
Salve,296.3529411764706,0.0,15.841421961114984,0.0,328.54095914560315,0.0,167.0,0.0,107.16888635118096,0.0,11.377478527931341,0.0,12.922847983320086,0.0,8.40129224251476,0.0,728.0678001814417,0.0,120.64589164380365,0.0,84.92071827832663,0.0,2.608111271415524,0.0,14.849613837488477,0.0,1493.5050673952517,0.0,1108.8913679240843,0.0,11.377478526237832,0.0,9.862353117954891,0.0,7.350482799939945,0.0
Salze,298.78823529411767,0.0,15.949097711182468,0.0,321.21787491259863,0.0,146.0,0.0,93.13171972905934,0.0,11.08509007713112,0.0,12.083045973594572,0.0,7.821243528284117,0.0,725.6696612594028,0.0,98.08886942869196,0.0,72.55255383387146,0.0,2.508529675550111,0.0,10.43006774497233,0.0,2899.263348291247,0.0,709.0850424705903,0.0,11.085090075059055,0.0,9.294386616222225,0.0,6.7042645194093495,0.0
Samen,372.5019607843137,0.0,17.683190896786567,0.0,359.68184458968744,0.0,204.0,0.0,136.8172963691877,0.0,12.480087653446342,0.0,14.2828568570857,0.0,9.780597750674175,0.0,761.477683748632,0.0,269.42586421621365,0.0,199.49283501964092,0.0,4.862771081867645,0.0,7.985862630620087,0.0,1013.1793683740343,0.0,1417.9324945765882,0.0,12.480087657169522,0.0,12.197207104637044,0.0,8.913014391173862,0.0
Samma,413.55294117647054,0.0,18.557160258168988,0.0,424.84316884126724,0.0,290.0,0.0,203.07908847691624,0.0,14.515449200590117,0.0,17.029386365926403,0.0,12.197629481821378,0.0,813.7202920380716,0.0,409.9580902770146,0.0,307.1141172012228,0.0,7.778031500577046,0.0,9.148355018300729,0.0,3110.937451925479,0.0,1451.582709079159,0.0,14.515449204363918,0.0,14.951443160817501,0.0,11.34828725050735,0.0
Sande,348.70588235294116,0.0,17.17779473810857,0.0,310.8971620866426,0.0,158.0,0.0,98.06195111942554,0.0,10.795698791448892,0.0,12.569805089976535,0.0,7.940574216177044,0.0,835.3825588384785,0.0,110.89247958759877,0.0,88.30525218783644,0.0,4.795259661771406,0.0,8.029882315605747,0.0,2056.9552360949024,0.0,1129.1050142147992,0.0,10.795698790335729,0.0,10.352187068399827,0.0,7.011142648463488,0.0
Satin,288.42745098039217,0.0,15.638656646251507,0.0,322.6233072273386,0.0,171.0,0.0,107.24092593942433,0.0,11.19637893796703,0.0,13.076696830622021,0.0,8.276852905220208,0.0,723.9692655771195,0.0,84.9202845391584,0.0,55.19894709792162,0.0,4.253357400503276,0.0,8.163111472898889,0.0,2739.473525720682,0.0,1676.829357002607,0.0,11.196378982832073,0.0,10.163845937939648,0.0,7.272452044846883,0.0
Satta,277.33333333333337,0.0,15.247931266897512,0.0,316.1519609192991,0.0,159.0,0.0,98.80391157977715,0.0,10.930391181975862,0.0,12.609520212918492,0.0,7.909217627577256,0.0,723.9220267645371,0.0,84.27285296650834,0.0,54.96045300540932,0.0,4.422961410733191,0.0,8.171961565357234,0.0,3711.724798952728,0.0,1349.4181917776361,0.0,10.930391177445047,0.0,9.865552098222649,0.0,6.847878947601673,0.0
Sauha,345.20392156862744,0.0,16.986213284695676,0.0,308.47543498743175,0.0,161.0,0.0,97.21967155580319,0.0,10.67036512010148,0.0,12.68857754044952,0.0,7.742710927994914,0.0,724.461770311666,0.0,84.53959626274805,0.0,55.63764379989374,0.0,4.466056274242637,0.0,9.865977427616162,0.0,1894.541559410895,0.0,913.4030373917947,0.0,10.67036512314429,0.0,10.31573710022449,0.0,6.735907696890374,0.0
Sbhls,341.41960784313727,0.0,17.05148546251257,0.0,346.7950722571828,0.0,194.0,0.0,128.87950908850362,0.0,12.120127364871706,0.0,13.92838827718412,0.0,9.423263713192284,0.0,731.4700295642024,0.0,141.50886681154805,0.0,109.94951425427327,0.0,5.767429706663748,0.0,16.21215637777985,0.0,2106.554383473187,0.0,1722.068850588146,0.0,12.120127408081217,0.0,11.199441546976269,0.0,8.444711879203025,0.0
Sbndb,395.39607843137253,0.0,18.412424135698814,0.0,349.23345373947274,0.0,220.0,0.0,145.48241503402852,0.0,12.303007701671692,0.0,14.832396974191326,0.0,10.029139498045032,0.0,846.2723522627912,0.0,196.68425327918507,0.0,151.812298109057,0.0,5.804743349496451,0.0,20.950534724285124,0.0,2035.3523366182374,0.0,1118.3283834782155,0.0,12.303007698429218,0.0,12.685335738023737,0.0,9.19183767126135,0.0
Scdzn,331.2352941176471,0.0,16.767164135788686,0.0,333.32833593853246,0.0,184.0,0.0,116.7948978572561,0.0,11.548846549715565,0.0,13.564659966250536,0.0,8.758639779946783,0.0,846.800122033271,0.0,130.76216164098494,0.0,104.53998823196531,0.0,4.499184812369947,0.0,15.712441523582509,0.0,3220.272877199539,0.0,1008.8069165451166,0.0,11.548846542728585,0.0,11.079985552379938,0.0,7.723614465172734,0.0
Schaf,319.6941176470588,0.0,16.320632022198115,0.0,336.4116920842408,0.0,182.0,0.0,114.91682257372148,0.0,11.537935187667218,0.0,13.490737563232042,0.0,8.628248959925122,0.0,733.3891075535307,0.0,143.5175695726912,0.0,111.91177601259405,0.0,3.5911891571602155,0.0,16.407492373452385,0.0,3135.1743784273494,0.0,1187.6198985235912,0.0,11.53793519173192,0.0,10.710617163033021,0.0,7.510929128148912,0.0
Schah,347.8509803921568,0.0,17.022868577134314,0.0,329.59797604295596,0.0,183.0,0.0,115.07704454217266,0.0,11.40935491637735,0.0,13.527749258468683,0.0,8.627436418898986,0.0,730.1640306697509,0.0,106.41929865649175,0.0,77.41434518804569,0.0,6.90481963079532,0.0,13.311522288690378,0.0,3109.93139330214,0.0,1170.3417856600677,0.0,11.40935492002424,0.0,10.953269240802115,0.0,7.5986801249545035,0.0
Scham,373.3254901960785,0.0,17.631218162746023,0.0,385.5973049002055,0.0,242.0,0.0,164.0378420843758,0.0,13.272603612295809,0.0,15.556349186104045,0.0,10.781206737852319,0.0,853.4127623211705,0.0,475.7986867277221,0.0,367.5611167091827,0.0,10.998011694487376,0.0,13.540120022653312,0.0,3111.5600269836896,0.0,1170.4545980621788,0.0,13.272603616561547,0.0,13.277327936180555,0.0,9.852184333922672,0.0
Schar,306.4745098039216,0.0,15.946387976718643,0.0,321.6898097528971,0.0,161.0,0.0,99.36285335557845,0.0,11.020812759392003,0.0,12.68857754044952,0.0,7.917062284079326,0.0,726.7800833177812,0.0,88.73435870750416,0.0,59.92732955051391,0.0,4.227630035118755,0.0,12.31395275283933,0.0,3110.854229002028,0.0,1169.4279897411473,0.0,11.020812763158075,0.0,9.796763629097965,0.0,6.782457376474039,0.0
Scheu,329.18039215686275,0.0,16.646576588317693,0.0,319.3572047957264,0.0,164.0,0.0,100.06030673869375,0.0,10.926386376445555,0.0,12.806248474865697,0.0,7.89806526419775,0.0,726.5971550691993,0.0,86.2511723773663,0.0,57.92262947247018,0.0,3.8921308717813874,0.0,14.079784453830667,0.0,860.7429586727079,0.0,464.5544927119405,0.0,10.926386385657434,0.0,10.192254986684896,0.0,6.832108318719929,0.0
Schib,329.10588235294114,0.0,16.69934052159573,0.0,346.62388010139955,0.0,209.0,0.0,134.17559156940996,0.0,12.010351033609963,0.0,14.45683229480096,0.0,9.432284407182756,0.0,734.0718470196688,0.0,154.18599247072436,0.0,109.50066454415061,0.0,5.102119705103017,0.0,17.79538638196155,0.0,2549.8857826040507,0.0,1171.9406095642007,0.0,12.010351072524754,0.0,11.765960220317636,0.0,8.46700370999452,0.0
Schil,296.278431372549,0.0,15.88883866606033,0.0,352.7929038667652,0.0,208.0,0.0,135.5566392108269,0.0,12.236623800651428,0.0,14.422205101855956,0.0,9.549049590352302,0.0,730.3962663747993,0.0,119.94708140181284,0.0,92.78991811522161,0.0,4.298201302477652,0.0,12.894418483800923,0.0,2558.6777806363116,0.0,1173.9561386499713,0.0,12.236623842207326,0.0,11.202515088252362,0.0,8.533441462603864,0.0
Schin,316.30980392156863,0.0,16.33993981684122,0.0,332.7618045262982,0.0,192.0,0.0,119.8721213888279,0.0,11.507049522005158,0.0,13.856406460551018,0.0,8.751442515453405,0.0,727.044220685414,0.0,93.50619079620773,0.0,63.25645573578251,0.0,3.9334380784913563,0.0,12.137676949303568,0.0,2547.935656079027,0.0,1170.7159014491017,0.0,11.507049561584259,0.0,10.915199245044237,0.0,7.740780569565274,0.0
Schjr,301.90196078431376,0.0,15.924885677842854,0.0,355.8767691738684,0.0,201.0,0.0,130.25796340841168,0.0,12.19303480294099,0.0,14.177446878757825,0.0,9.344518697127,0.0,5318.902200125302,0.0,393.146240367382,0.0,345.00655523973154,0.0,4.639909823403987,0.0,16.44322902251389,0.0,1623.1326719343608,0.0,2018.094154049918,0.0,12.19303484295088,0.0,11.080110810170037,0.0,8.286835242067006,0.0
Schjß,356.89019607843136,0.0,17.26123101394794,0.0,383.2110241811164,0.0,243.0,0.0,163.24927013900682,0.0,13.171602616118397,0.0,15.588457268119896,0.0,10.685608231921217,0.0,5323.190493637409,0.0,463.61280586847886,0.0,395.3488183427935,0.0,8.767047176237957,0.0,26.08612187721666,0.0,1645.2157476873401,0.0,2036.617785976826,0.0,13.171602655510881,0.0,12.71190802335766,0.0,9.682821529467336,0.0
Schnb,356.2549019607843,0.0,17.33941912504575,0.0,334.64487450494255,0.0,193.0,0.0,122.6032428667453,0.0,11.608322405237057,0.0,13.892443989449804,0.0,8.97001412114175,0.0,733.5853634055179,0.0,150.6878727661387,0.0,107.10420708762113,0.0,7.341923739211466,0.0,18.084730576468232,0.0,1490.93913509855,0.0,1143.6339610989621,0.0,11.608322418111523,0.0,11.509779633087675,0.0,8.032370004572236,0.0
Schnm,383.2392156862745,0.0,17.929241074445255,0.0,388.2891251116987,0.0,248.0,0.0,167.85436175296195,0.0,13.368691737592394,0.0,15.748015748023622,0.0,10.897533157933779,0.0,853.3343686059311,0.0,475.50617119927244,0.0,367.4166309295311,0.0,11.525743767176616,0.0,13.911240923163328,0.0,1492.887841870986,0.0,1143.4267250355706,0.0,13.368691749023782,0.0,13.4555353623421,0.0,10.004662597925666,0.0
Schor,311.0549019607843,0.0,16.086435597323476,0.0,326.14604320042696,0.0,170.0,0.0,104.99530605027307,0.0,11.163994463058673,0.0,13.038404810405298,0.0,8.150720555904801,0.0,727.4782702335028,0.0,95.34127383575192,0.0,64.74649296684505,0.0,4.2897399703501495,0.0,12.583304330940262,0.0,1218.0009496565365,0.0,354.282229756109,0.0,11.163994471328252,0.0,10.230946843759384,0.0,7.041478796375746,0.0
Schub,353.16078431372546,0.0,17.279382811823886,0.0,337.0793846328268,0.0,197.0,0.0,124.32314497601232,0.0,11.653667471697698,0.0,14.035668847618199,0.0,9.004424113216793,0.0,733.6729628195436,0.0,151.4030917031141,0.0,107.34890939088085,0.0,7.1188152124987045,0.0,18.217370449769426,0.0,4695.189326931201,0.0,1496.205810640389,0.0,11.65366748428529,0.0,11.520294573974626,0.0,8.012552218610104,0.0
Schur,313.29411764705884,0.0,16.211315056799645,0.0,326.8161400922745,0.0,171.0,0.0,104.89927513343159,0.0,11.183605969462503,0.0,13.076696830622021,0.0,8.11296405089674,0.0,726.7764595998107,0.0,88.38312141170596,0.0,59.4774593077512,0.0,4.273172855417116,0.0,13.196993219065215,0.0,4695.35514664377,0.0,1495.1735664350279,0.0,11.183605983240344,0.0,10.049016486333786,0.0,6.97936177862159,0.0
Sclbl,301.8862745098039,0.0,16.124013341236534,0.0,360.8868606123441,0.0,211.0,0.0,141.9461930331818,0.0,12.567323579863091,0.0,14.52583904633395,0.0,9.94343906305364,0.0,732.1329808577204,0.0,136.4876019848337,0.0,107.00174244154078,0.0,4.365485065365561,0.0,15.23609620215324,0.0,1981.2013136325752,0.0,466.9268085414576,0.0,12.567323583497867,0.0,11.475008068677038,0.0,8.958583444892755,0.0
Sdhsn,364.6392156862745,0.0,17.56346256363319,0.0,334.35763296644404,0.0,180.0,0.0,117.27256440783609,0.0,11.685208248724768,0.0,13.416407864998739,0.0,8.914006686727541,0.0,2060.01864546406,0.0,298.275317220947,0.0,274.1383455607971,0.0,3.8482604222214016,0.0,16.223008954456404,0.0,1196.3219431271002,0.0,611.0056444669674,0.0,11.685208252398935,0.0,10.853803018094101,0.0,7.898038960533814,0.0
Sdldc,341.0901960784314,0.0,17.110342758005302,0.0,353.2356064716955,0.0,202.0,0.0,136.2021435532767,0.0,12.381037526490056,0.0,14.212670403551895,0.0,9.803703818411833,0.0,2103.257561828387,0.0,310.72691401260346,0.0,285.28283267491634,0.0,4.230927459057201,0.0,22.769752381922576,0.0,2157.41025008378,0.0,1260.5465463841085,0.0,12.381037524085714,0.0,11.59702100954652,0.0,8.896672857124141,0.0
Sdnft,327.6235294117647,0.0,16.73889493407479,0.0,348.6840059609143,0.0,200.0,0.0,130.58471813894204,0.0,12.113615208600438,0.0,14.142135623730951,0.0,9.395680251109166,0.0,2060.2574729669354,0.0,304.19179923147834,0.0,277.9585252740662,0.0,6.666235257994177,0.0,16.53465412839974,0.0,1518.7759152129888,0.0,881.040925304355,0.0,12.113615227720999,0.0,11.197114481986606,0.0,8.355577931523658,0.0
Seele,300.2352941176471,0.0,16.027776734984577,0.0,317.35765780358724,0.0,146.0,0.0,91.36109909749393,0.0,10.887464495352019,0.0,12.083045973594572,0.0,7.668704545172554,0.0,724.5264510908638,0.0,84.66158503871597,0.0,60.86573842866543,0.0,2.4930819900664023,0.0,8.010217958477382,0.0,2210.1448546441898,0.0,1749.8474292508706,0.0,10.887464543004109,0.0,9.243991947014305,0.0,6.553093853898976,0.0
Segel,342.4666666666667,0.0,17.079029277483258,0.0,349.89275079438346,0.0,179.0,0.0,119.24212568133393,0.0,12.02876931916302,0.0,13.379088160259652,0.0,9.097460226166575,0.0,2327.393292056863,0.0,255.0157524869932,0.0,190.67789037602793,0.0,5.576082626021159,0.0,9.3635057586241,0.0,979.8000468773386,0.0,493.93010915668856,0.0,12.028769325402093,0.0,10.750256844830416,0.0,8.030230432173909,0.0
Segen,362.4980392156863,0.0,17.499476567115646,0.0,329.8616514539166,0.0,163.0,0.0,103.55760785933498,0.0,11.285766167914684,0.0,12.767145334803704,0.0,8.256341840607183,0.0,2326.3435104921837,0.0,243.69887032341998,0.0,178.1838044455107,0.0,4.736612313505849,0.0,8.135446128868553,0.0,950.8334362146613,0.0,486.25669996531343,0.0,11.285766175716288,0.0,10.45051446545163,0.0,7.182246269708073,0.0
Segtä,347.9490196078431,0.0,17.08713764712902,0.0,350.1124142511198,0.0,196.0,0.0,127.38948498027852,0.0,12.030046044410609,0.0,14.0,0.0,9.276351616976239,0.0,2337.7769980888506,0.0,358.18183530501886,0.0,288.1142864620909,0.0,5.016497165920774,0.0,70.40427555847818,0.0,3599.6836676658154,0.0,642.9436107374902,0.0,12.03004604246029,0.0,11.511460757621817,0.0,8.235933422067516,0.0
Seher,318.68627450980387,0.0,16.392713659743297,0.0,314.88228085947276,0.0,140.0,0.0,86.12298461447067,0.0,10.75146209245327,0.0,11.832159566199232,0.0,7.367481234312775,0.0,724.6889099874606,0.0,80.12472287505845,0.0,54.58149554239181,0.0,4.639720128702166,0.0,8.75218567871103,0.0,870.9732575673673,0.0,457.1404917951116,0.0,10.751462101593432,0.0,9.086757582560692,0.0,6.238848114464715,0.0
Seile,284.2705882352941,0.0,15.642773505274945,0.0,329.25209401398035,0.0,163.0,0.0,104.20410892706283,0.0,11.367091417382575,0.0,12.767145334803704,0.0,8.271487361845809,0.0,724.8676881411079,0.0,89.1420461771471,0.0,64.2477904018309,0.0,3.579916468515218,0.0,7.661378366015284,0.0,2299.9596116653565,0.0,1772.1458297649838,0.0,11.36709147164894,0.0,9.610814375439798,0.0,7.2276669306597805,0.0
Sekte,316.8509803921569,0.0,16.347530491540823,0.0,329.1185992392275,0.0,163.0,0.0,103.25726472882971,0.0,11.309155136773665,0.0,12.767145334803704,0.0,8.193263109845567,0.0,726.6649079209393,0.0,117.05149333722812,0.0,79.36683530451101,0.0,3.4177723926559955,0.0,10.072802465730948,0.0,4539.041854961008,0.0,972.8880889905398,0.0,11.30915513367064,0.0,9.869428272987175,0.0,7.0869873012289615,0.0
Senke,345.1803921568628,0.0,17.04404814255511,0.0,317.99985232699595,0.0,152.0,0.0,94.16663022086118,0.0,10.905784378377632,0.0,12.328828005937952,0.0,7.729222374946885,0.0,725.6588077030699,0.0,107.3602014783278,0.0,71.05114717879071,0.0,4.302085315494086,0.0,8.16877771490436,0.0,1392.8265348962045,0.0,2109.856466934578,0.0,10.90578437158498,0.0,9.582118990857898,0.0,6.65991365506922,0.0
Seoul,314.1764705882353,0.0,16.367283408276982,0.0,329.40449147303104,0.0,169.0,0.0,107.90989247137594,0.0,11.378718890022084,0.0,13.0,0.0,8.424768377606108,0.0,727.2194488681076,0.0,110.59745811352539,0.0,85.10244578865259,0.0,2.5101959383879704,0.0,10.80775075037369,0.0,4808.92326849806,0.0,1615.2120267822688,0.0,11.37871889942385,0.0,10.056674211457622,0.0,7.355003796991843,0.0
Serie,277.2313725490196,0.0,15.340756439977504,0.0,315.6628976304839,0.0,141.0,0.0,86.57429544859407,0.0,10.774212305124122,0.0,11.874342087037917,0.0,7.3635866024298195,0.0,723.6363543344346,0.0,75.91765665760909,0.0,48.060400417277044,0.0,4.294577342481291,0.0,7.616316554667461,0.0,2886.4065560215404,0.0,1743.7158668301993,0.0,10.774212350861394,0.0,8.849429759259856,0.0,6.180795490022372,0.0
Serum,352.25098039215686,0.0,17.242931676790274,0.0,379.6374141836278,0.0,221.0,0.0,149.4790471716703,0.0,13.036009460476786,0.0,14.866068747318506,0.0,10.286115163616104,0.0,850.6385838528979,0.0,473.4413756907097,0.0,365.6778249280139,0.0,10.81364138604612,0.0,10.731854834986667,0.0,4888.068703649798,0.0,1977.2483735998806,0.0,13.036009468521703,0.0,12.442644181421517,0.0,9.314615457026084,0.0
Seshe,326.2862745098039,0.0,16.559855666180688,0.0,311.04892403884253,0.0,132.0,0.0,82.19703466131023,0.0,10.645397642986348,0.0,11.489125293076057,0.0,7.244615590560932,0.0,724.9571791508824,0.0,80.86863087313952,0.0,55.31382496974327,0.0,3.7117555408580825,0.0,9.441607636900327,0.0,658.7977255148604,0.0,744.0677911883445,0.0,10.64539764651772,0.0,9.049009970481816,0.0,6.086620860028253,0.0
Setup,326.7098039215686,0.0,16.69015046801965,0.0,333.40775053791253,0.0,175.0,0.0,111.6152994090375,0.0,11.502432878977416,0.0,13.228756555322953,0.0,8.578691419288617,0.0,1436.138446890269,0.0,366.53851370203273,0.0,348.0737862041923,0.0,6.823752311623478,0.0,16.955685022022656,0.0,4789.42884831857,0.0,1909.2470031468151,0.0,11.502432886834368,0.0,10.607727963315037,0.0,7.532758951759424,0.0
Seugt,342.25882352941176,0.0,17.043758053355337,0.0,343.62974112679615,0.0,185.0,0.0,117.83651086759868,0.0,11.746632782272673,0.0,13.601470508735444,0.0,8.813026390607007,0.0,2478.6460193363646,0.0,248.75848319307778,0.0,181.58229796701997,0.0,5.656790118255371,0.0,9.338526004410163,0.0,3520.955842063931,0.0,1473.1062963873565,0.0,11.746632784225897,0.0,10.74908819574277,0.0,7.646326969849858,0.0
Sgpdr,389.278431372549,0.0,18.1621285719418,0.0,374.12524911382627,0.0,224.0,0.0,152.24114164459613,0.0,12.920992440561616,0.0,14.966629547095765,0.0,10.41881547966122,0.0,3692.286930739375,0.0,1763.3095925768887,0.0,1334.9404856162553,0.0,6.353973746328146,0.0,22.112756592412534,0.0,1824.0123058199167,0.0,1143.694669795583,0.0,12.920992440379603,0.0,12.362286158992248,0.0,9.471226150578683,0.0
Shows,358.2235294117647,0.0,17.267354241207585,0.0,359.9910869758878,0.0,204.0,0.0,137.03207230847664,0.0,12.459376161425007,0.0,14.2828568570857,0.0,9.77396672951231,0.0,2771.256561405255,0.0,438.8942602418062,0.0,348.46214667643835,0.0,3.3891753838206666,0.0,17.130061123672615,0.0,1423.2451001579686,0.0,760.733385705918,0.0,12.45937616095346,0.0,11.295733130950897,0.0,8.710001679552335,0.0
Shshr,335.89019607843136,0.0,16.76651521024184,0.0,334.6558903170238,0.0,164.0,0.0,106.60543231474017,0.0,11.568570478920236,0.0,12.806248474865697,0.0,8.451551351813078,0.0,729.0881092994777,0.0,110.1301950662799,0.0,82.9606423669069,0.0,4.294261522755695,0.0,11.652515571700475,0.0,696.6338990647643,0.0,766.4673935993645,0.0,11.568570482516561,0.0,9.97880333205899,0.0,7.340787324697711,0.0
Shstr,293.2549019607843,0.0,15.692782963501461,0.0,334.6456525553912,0.0,164.0,0.0,105.9011500676271,0.0,11.526370222636524,0.0,12.806248474865697,0.0,8.384558978632985,0.0,728.0953179262958,0.0,106.76490228165406,0.0,79.45835274148024,0.0,8.427141435426398,0.0,10.779128629650113,0.0,3556.1608531702836,0.0,754.7421457901354,0.0,11.526370219237673,0.0,9.650335946122024,0.0,7.223256228196915,0.0
Sicht,287.98039215686276,0.0,15.612040523394557,0.0,343.3601393579605,0.0,190.0,0.0,122.56790501413299,0.0,11.872127760881137,0.0,13.784048752090222,0.0,8.9976978700159,0.0,726.1807159963452,0.0,92.45733822540346,0.0,63.52664561536113,0.0,4.49131926406032,0.0,8.993809480577534,0.0,1129.9626135803921,0.0,1077.293123047684,0.0,11.87212776440375,0.0,10.72249141976883,0.0,7.9667093570085035,0.0
Siebe,317.09803921568624,0.0,16.465392270986047,0.0,330.7544057578972,0.0,178.0,0.0,113.40546903051438,0.0,11.45558779713132,0.0,13.341664064126334,0.0,8.626400312073855,0.0,726.0032864515777,0.0,103.67047695670078,0.0,72.61254902430787,0.0,4.96390271311186,0.0,9.727503803337239,0.0,2158.2319620647277,0.0,1029.9804937121294,0.0,11.455587804585154,0.0,10.749061869935662,0.0,7.612006953130054,0.0
Siege,335.3490196078431,0.0,16.865473559471624,0.0,346.61273524417356,0.0,186.0,0.0,120.64379975864779,0.0,11.884918554934618,0.0,13.638181696985855,0.0,9.00288513651441,0.0,2478.667546265285,0.0,249.1608037106844,0.0,182.0321685107716,0.0,7.227766369896505,0.0,8.662703864314476,0.0,3303.218124313928,0.0,1639.0381284886164,0.0,11.884918557152682,0.0,10.950551850005393,0.0,7.90957839710181,0.0
Sifti,257.34117647058827,0.0,14.884813664141872,0.0,364.7013644229571,0.0,225.0,0.0,147.58866751436966,0.0,12.618694946130868,0.0,15.0,0.0,9.96066162539005,0.0,728.1172803712664,0.0,125.48701730242061,0.0,92.04685344994222,0.0,5.346515562556866,0.0,12.59262939939405,0.0,4107.768404297345,0.0,2030.8028116800035,0.0,12.618694946700389,0.0,11.50017896781418,0.0,8.96298400369796,0.0
Sihls,301.4745098039216,0.0,16.03406792121913,0.0,352.27745921444466,0.0,210.0,0.0,137.63360843166964,0.0,12.274284973411785,0.0,14.491376746189438,0.0,9.637059582571565,0.0,726.6921887021642,0.0,104.81835835342476,0.0,77.41880251219263,0.0,3.89775601208722,0.0,9.378305805424493,0.0,2310.0854227922623,0.0,1945.876208705591,0.0,12.274285013037524,0.0,11.394423663840943,0.0,8.680973676767417,0.0
Sihni,313.8274509803922,0.0,16.37774486064831,0.0,348.3405282751953,0.0,213.0,0.0,137.5798840753429,0.0,12.151606379964118,0.0,14.594519519326424,0.0,9.549978752668146,0.0,726.2856107093703,0.0,103.33654192229304,0.0,72.35290856863635,0.0,4.367644872221319,0.0,9.953789915260439,0.0,1773.4914645775764,0.0,1458.183686554057,0.0,12.151606393005244,0.0,11.472685505249242,0.0,8.620653191997313,0.0
Silbe,308.25098039215686,0.0,16.314561630156046,0.0,349.7934168077263,0.0,204.0,0.0,134.45581796535225,0.0,12.208257714322034,0.0,14.2828568570857,0.0,9.561665560750908,0.0,727.2497761243004,0.0,114.74816499905968,0.0,83.96151627408508,0.0,5.067766342900065,0.0,9.817156184293628,0.0,2189.338014216144,0.0,1015.6000520718677,0.0,12.208257718849833,0.0,11.406661877293574,0.0,8.623433007141175,0.0
Silos,281.835294117647,0.0,15.472066829612897,0.0,342.35724529106767,0.0,192.0,0.0,124.92319141066865,0.0,11.88915455879801,0.0,13.856406460551018,0.0,9.13347674846886,0.0,725.6235379130235,0.0,100.02129982033878,0.0,70.83726102351888,0.0,3.2203596538456454,0.0,8.542527120870664,0.0,1733.9496715518676,0.0,1009.5058230681735,0.0,11.889154561193955,0.0,10.867809868608331,0.0,8.167284269839973,0.0
Sinai,289.6078431372549,0.0,15.68559606375966,0.0,335.18508016727304,0.0,195.0,0.0,123.90914168779173,0.0,11.65956215392661,0.0,13.96424004376894,0.0,8.97078161889538,0.0,724.778448538998,0.0,95.29328443823907,0.0,63.88705709333322,0.0,3.5536624049627905,0.0,8.806903897064604,0.0,3375.3645377786625,0.0,1463.5427106693885,0.0,11.65956215518187,0.0,10.802290107408373,0.0,7.999007986259302,0.0
Sirgi,303.4980392156863,0.0,16.0607956844033,0.0,370.79826760939943,0.0,217.0,0.0,144.6407979741534,0.0,12.738940432891836,0.0,14.730919862656235,0.0,9.98062162639754,0.0,2479.0954498948904,0.0,255.58029399998253,0.0,186.84287913689792,0.0,6.1404595087310065,0.0,9.673704378994795,0.0,3504.159913583121,0.0,2064.434762894538,0.0,12.738940435822824,0.0,11.512437483694331,0.0,8.898475452714996,0.0
Sirup,312.00392156862745,0.0,16.301217395682905,0.0,348.75132379263147,0.0,204.0,0.0,131.67575679039317,0.0,12.085271413205277,0.0,14.2828568570857,0.0,9.373322045307548,0.0,1436.258642274477,0.0,367.8954578681964,0.0,348.7316726909601,0.0,8.499939962669577,0.0,16.826229809003042,0.0,4979.610624063949,0.0,2175.7412972182706,0.0,12.085271423174849,0.0,11.412817129392105,0.0,8.373628715397627,0.0
Sitze,273.2549019607843,0.0,15.312239640702538,0.0,336.462273462326,0.0,175.0,0.0,111.69690804588433,0.0,11.60500588172388,0.0,13.228756555322953,0.0,8.544545949111509,0.0,725.4623909215194,0.0,98.5854070402888,0.0,69.8249039331621,0.0,3.98212686294024,0.0,10.28711246397371,0.0,3080.1411302338383,0.0,1624.0388214224624,0.0,11.605005880903947,0.0,10.197792952713746,0.0,7.432973697677068,0.0
Sjjlj,290.32941176470587,0.0,15.868927756078646,0.0,426.82104434779814,0.0,287.0,0.0,201.29000521040112,0.0,14.48185217337633,0.0,16.941074346097416,0.0,12.101506779997088,0.0,75864.37653414384,0.0,4756.908146299871,0.0,4130.630642142198,0.0,3.7564355280514623,0.0,55.78886579036665,0.0,2111.2071681203083,0.0,1896.3647043243911,0.0,14.481852214930521,0.0,13.569914343842445,0.0,11.16850238729715,0.0
Skala,327.69019607843137,0.0,16.551553100377077,0.0,343.9477942188849,0.0,203.0,0.0,131.83631675994053,0.0,11.991909787019859,0.0,14.247806848775006,0.0,9.398290806687912,0.0,732.6631568057611,0.0,159.78435888388498,0.0,119.60849480576911,0.0,4.167860598080555,0.0,14.4925652204476,0.0,2037.405890461617,0.0,1720.1780731253039,0.0,11.99190982967316,0.0,11.133176658393017,0.0,8.396153922943036,0.0
Slawe,327.59215686274507,0.0,16.62336335253269,0.0,366.19362738348855,0.0,228.0,0.0,152.7745902546617,0.0,12.763204743247114,0.0,15.0996688705415,0.0,10.31099506252377,0.0,2770.7045673041503,0.0,437.78420201631917,0.0,347.68219810235837,0.0,4.9804022452492775,0.0,17.439084037375782,0.0,1130.6845778667932,0.0,503.3625917180998,0.0,12.763204740881353,0.0,11.91294141291713,0.0,9.340736244603447,0.0
Smugs,402.08235294117645,0.0,18.374712660596273,0.0,409.99839017529007,0.0,268.0,0.0,184.35670454330665,0.0,13.942782935650605,0.0,16.3707055437449,0.0,11.52876436348401,0.0,2572.0017523895244,0.0,718.2968960777906,0.0,554.6226448045828,0.0,4.778383451800041,0.0,13.686993507475735,0.0,3552.8830562796284,0.0,1513.4885940375675,0.0,13.94278293846492,0.0,13.941714237207972,0.0,10.570351611521755,0.0
Sodot,330.80784313725496,0.0,16.726847748505744,0.0,332.16865147821426,0.0,187.0,0.0,119.75841128686011,0.0,11.560614448759493,0.0,13.674794331177344,0.0,8.898612649776958,0.0,845.1031437206361,0.0,127.02070324405274,0.0,100.07013366620167,0.0,4.735220481812109,0.0,9.861164576697545,0.0,2071.4317660106,0.0,860.8659663979213,0.0,11.560614444178473,0.0,11.2332080842991,0.0,7.892912689208532,0.0
Sofas,305.25098039215686,0.0,15.915171611638762,0.0,318.16844522195504,0.0,146.0,0.0,91.96489000116067,0.0,10.910521204202196,0.0,12.083045973594572,0.0,7.684495777351707,0.0,726.4621956418893,0.0,107.69243192266258,0.0,78.55124721590744,0.0,2.795664584479625,0.0,11.918128932256556,0.0,3601.0978488461415,0.0,2072.257549894843,0.0,10.910521208272952,0.0,9.37976575730442,0.0,6.5309459948572615,0.0
Sofos,309.8313725490196,0.0,16.055491526288172,0.0,322.624678669485,0.0,155.0,0.0,97.59734269585529,0.0,11.055131452903346,0.0,12.449899597988733,0.0,7.92501392570347,0.0,727.1606877790925,0.0,113.19819775424486,0.0,82.28682740040732,0.0,2.5908697409856614,0.0,12.314898429031382,0.0,2185.4325716777516,0.0,1747.0233058914419,0.0,11.055131460095188,0.0,9.832380261125758,0.0,6.799555223223496,0.0
Sohbt,347.25882352941176,0.0,17.15547422952757,0.0,338.26380688582674,0.0,191.0,0.0,123.22787996101587,0.0,11.772135530868047,0.0,13.820274961085254,0.0,9.049302974180435,0.0,727.8639516686098,0.0,113.90782877536668,0.0,81.66350147695285,0.0,4.8820320128363095,0.0,10.897353685476025,0.0,1840.9627123262771,0.0,372.69572213645364,0.0,11.772135539730433,0.0,11.175767797894496,0.0,8.000751937923429,0.0
Sohle,331.57647058823534,0.0,16.779783152506365,0.0,330.5027817598193,0.0,176.0,0.0,112.64933007210857,0.0,11.485744379744892,0.0,13.2664991614216,0.0,8.62263045737014,0.0,726.4571836511924,0.0,99.56093700472326,0.0,73.2031018980135,0.0,3.4310569779134457,0.0,8.848976010883495,0.0,2126.914101723284,0.0,1721.889976481787,0.0,11.485744426097531,0.0,10.46380067023152,0.0,7.595556135000032,0.0
Solzo,309.2196078431373,0.0,16.196985684127345,0.0,334.5058912619162,0.0,172.0,0.0,111.37907929797262,0.0,11.583441776516121,0.0,13.114877048604,0.0,8.60472691027147,0.0,727.906758741918,0.0,114.86925115867741,0.0,83.94901765403249,0.0,2.878068837213013,0.0,11.215139539095265,0.0,2901.9392661996685,0.0,694.7805156547892,0.0,11.58344177518896,0.0,10.285850333794743,0.0,7.490248262296031,0.0
Sonde,353.2862745098039,0.0,17.30788123333961,0.0,316.3841822506216,0.0,166.0,0.0,103.61566764665325,0.0,10.987165196023795,0.0,12.884098726725126,0.0,8.180415945432484,0.0,835.7930881927684,0.0,113.9048481849873,0.0,90.11887804340374,0.0,4.401868437332555,0.0,8.291499763286884,0.0,2054.5862751148957,0.0,1116.0872755957798,0.0,10.987165194762081,0.0,10.541480348113156,0.0,7.212795283646616,0.0
Sonko,356.88235294117646,0.0,17.247161811211118,0.0,327.46155858460503,0.0,177.0,0.0,111.84198718727393,0.0,11.330225393835985,0.0,13.30413469565007,0.0,8.501297468776327,0.0,727.8098439644652,0.0,123.13456683294272,0.0,82.74746324093184,0.0,4.383590416317933,0.0,8.9906794566531,0.0,1439.6360962658741,0.0,2113.1025959786934,0.0,11.330225387210014,0.0,10.637690945153027,0.0,7.465731804504182,0.0
Sorge,341.27843137254905,0.0,16.906158434212404,0.0,333.7212967687421,0.0,156.0,0.0,100.44006203885911,0.0,11.396555803207306,0.0,12.489995996796797,0.0,8.190070760498752,0.0,2478.6874749398767,0.0,248.32199798292822,0.0,181.35444918909496,0.0,5.36471994029739,0.0,8.384522700177149,0.0,3385.8682427101353,0.0,1854.6370223264382,0.0,11.39655580450936,0.0,9.91636330552487,0.0,6.9703726276938145,0.0
Sorte,281.9019607843137,0.0,15.406199164713101,0.0,315.42651067862175,0.0,145.0,0.0,89.45969363926221,0.0,10.806828310149307,0.0,12.041594578792296,0.0,7.503894665412762,0.0,724.0071161337215,0.0,80.26881682055917,0.0,51.72393547430037,0.0,4.589776601883162,0.0,7.415859495340864,0.0,3835.0205633329933,0.0,1431.7641751485467,0.0,10.806828306606132,0.0,9.128845588198287,0.0,6.309723426011849,0.0
Sowoe,346.8705882352941,0.0,17.007323659370815,0.0,342.2938938428181,0.0,189.0,0.0,122.96587700755595,0.0,11.845005252451818,0.0,13.74772708486752,0.0,9.104377982360143,0.0,988.842162184279,0.0,226.12641986577236,0.0,181.2930683476023,0.0,3.4046167267720016,0.0,12.969841748727626,0.0,2600.4153946015786,0.0,284.49181475797883,0.0,11.845005255310118,0.0,10.86180170815464,0.0,8.032125299885154,0.0
Spann,359.4039215686274,0.0,17.40384204136678,0.0,320.67337620439724,0.0,170.0,0.0,107.99995086565474,0.0,11.186295440598427,0.0,13.038404810405298,0.0,8.421147880145789,0.0,1007.2354960613541,0.0,331.2370592216913,0.0,305.4301889696014,0.0,3.110137882451871,0.0,12.263228797594586,0.0,1378.1903004073222,0.0,1132.125519782483,0.0,11.186295451378243,0.0,10.617875109490187,0.0,7.474214416591804,0.0
Spatz,317.17254901960786,0.0,16.386866113058495,0.0,338.7812908834195,0.0,180.0,0.0,116.83587752049723,0.0,11.743243290376604,0.0,13.416407864998739,0.0,8.868023727537235,0.0,1009.600155923993,0.0,340.40591122093997,0.0,312.2867354536765,0.0,5.563822352961079,0.0,16.577524716130227,0.0,3527.649622630562,0.0,596.4817628610054,0.0,11.743243287578544,0.0,10.714878947441443,0.0,7.7937918690233134,0.0
Speck,347.19607843137254,0.0,17.03966695401888,0.0,339.45591083466184,0.0,167.0,0.0,109.72753089119402,0.0,11.667051602645323,0.0,12.922847983320086,0.0,8.661455163631379,0.0,1011.2078266743725,0.0,345.4033967058146,0.0,313.6360495578593,0.0,4.129580548782652,0.0,13.666006441742368,0.0,1246.8300459608797,0.0,540.5493603127545,0.0,11.66705160343067,0.0,10.25955631167305,0.0,7.595561529308784,0.0
Speer,319.878431372549,0.0,16.444060336131447,0.0,321.76295459392594,0.0,141.0,0.0,89.95041669703798,0.0,11.021450961735793,0.0,11.874342087037917,0.0,7.721095821447117,0.0,1007.20327348541,0.0,329.41229112566737,0.0,304.61705600496913,0.0,6.505769942221079,0.0,12.08180997777041,0.0,1146.1040581981867,0.0,564.1223916512222,0.0,11.021450968629702,0.0,9.29303773677553,0.0,6.582060771910906,0.0
Speil,310.95294117647063,0.0,16.357610185958425,0.0,354.5063118735038,0.0,198.0,0.0,132.68434207222754,0.0,12.334370851387066,0.0,14.071247279470288,0.0,9.611040885540767,0.0,1009.9568630214519,0.0,340.4243614849404,0.0,313.3363799124042,0.0,6.853338288442891,0.0,12.84675060465087,0.0,2666.835969084683,0.0,1217.1451026903255,0.0,12.334370892651856,0.0,11.0453191784464,0.0,8.590703441748088,0.0
Spert,302.73333333333335,0.0,16.023217967470337,0.0,336.59034780096846,0.0,169.0,0.0,109.28828901793395,0.0,11.601156430039842,0.0,13.0,0.0,8.558077557310657,0.0,1007.595418305884,0.0,331.44409924239505,0.0,305.7843571379797,0.0,8.419296767209069,0.0,12.112222073820668,0.0,4678.548236406663,0.0,502.71707448669747,0.0,11.60115642771515,0.0,10.107766248021633,0.0,7.421323114937612,0.0
Spgßc,403.6156862745098,0.0,18.333812723102152,0.0,378.4618820073806,0.0,220.0,0.0,150.45287692386566,0.0,12.989964157823001,0.0,14.832396974191326,0.0,10.380453322130817,0.0,2435.5075507226456,0.0,441.1021317988477,0.0,376.2430199672005,0.0,6.376990005553272,0.0,26.60053118065537,0.0,2808.9586887571395,0.0,1408.7498811196397,0.0,12.989964164555595,0.0,12.54935307695474,0.0,9.320329681523887,0.0
Sphlt,335.2627450980392,0.0,16.94963296564639,0.0,361.6890435810841,0.0,216.0,0.0,144.43222646073428,0.0,12.606462098541325,0.0,14.696938456699069,0.0,10.009827295606955,0.0,1009.6231932563558,0.0,338.12845734462167,0.0,310.9750358813826,0.0,7.687410268536027,0.0,13.13155392513206,0.0,2124.2702932291263,0.0,1723.3908058012205,0.0,12.606462141284197,0.0,11.7175801706605,0.0,9.0058170749228,0.0
Spilt,293.8078431372549,0.0,15.934484763885642,0.0,362.09906590751564,0.0,210.0,0.0,140.96871924041574,0.0,12.590591321336253,0.0,14.491376746189438,0.0,9.88901314985351,0.0,1008.7580761896102,0.0,336.3098874971055,0.0,309.53750121984456,0.0,7.937749081160573,0.0,12.229568036465448,0.0,2320.7576394729385,0.0,1774.9566993677054,0.0,12.590591371271707,0.0,11.227809855373195,0.0,8.87388174504008,0.0
Spind,358.1529411764706,0.0,17.514623318486354,0.0,351.588278759114,0.0,204.0,0.0,136.52243981717658,0.0,12.318403472060568,0.0,14.2828568570857,0.0,9.755782807546103,0.0,1350.7056572909098,0.0,365.76940524296754,0.0,337.70364380516673,0.0,5.731987585208059,0.0,14.096093245551014,0.0,1794.8024077563362,0.0,1225.5519046546237,0.0,12.318403481465186,0.0,11.811970959097556,0.0,8.86576174591081,0.0
Spion,336.83529411764704,0.0,16.899478003354176,0.0,336.15505638300976,0.0,186.0,0.0,120.08641840324134,0.0,11.68798436847497,0.0,13.638181696985855,0.0,8.950402396755258,0.0,1007.9966251241578,0.0,333.8435710590227,0.0,306.8911382228009,0.0,4.038382224974669,0.0,12.473214162023867,0.0,1563.5556138575498,0.0,554.5071306284536,0.0,11.687984374015294,0.0,10.978596445476809,0.0,7.973590800909824,0.0
Spjlq,350.83529411764704,0.0,17.399544819864833,0.0,391.40669171978357,0.0,246.0,0.0,171.82211828418542,0.0,13.576176451203654,0.0,15.684387141358123,0.0,11.202077470097011,0.0,47796.58217335519,0.0,10381.500062502695,0.0,10028.90799430405,0.0,5.091554512116564,0.0,73.46521940921228,0.0,2088.7379425764348,0.0,1820.4381253251786,0.0,13.576176497364267,0.0,13.018056401638782,0.0,10.311781413487283,0.0
Spjtz,312.59999999999997,0.0,16.36594254406487,0.0,372.378898418793,0.0,212.0,0.0,143.2365667511672,0.0,12.811862213575559,0.0,14.560219778561036,0.0,10.033589178957266,0.0,12115.21024699107,0.0,881.3250635988036,0.0,790.7728927661628,0.0,5.780957684977732,0.0,23.83993015199679,0.0,3562.6590639683595,0.0,847.8597127551029,0.0,12.81186221092835,0.0,11.697757627563936,0.0,8.992709826266692,0.0
Spkhn,397.3529411764706,0.0,18.29108017572001,0.0,353.50661045913404,0.0,207.0,0.0,137.2981053580727,0.0,12.341522304119579,0.0,14.38749456993816,0.0,9.715981777914678,0.0,1010.5619024620265,0.0,345.4463212924009,0.0,313.6237932479825,0.0,3.885135219041437,0.0,15.318052908734844,0.0,2920.1019309798,0.0,986.1105673421773,0.0,12.341522308134863,0.0,11.83865871554647,0.0,8.75766650699988,0.0
Spnkt,354.71764705882356,0.0,17.312163898222202,0.0,350.8468242205312,0.0,199.0,0.0,130.9312405342141,0.0,12.175728127608664,0.0,14.106735979665885,0.0,9.440124809671758,0.0,1009.326704374639,0.0,341.59076230649777,0.0,311.02082181958474,0.0,4.981056316929344,0.0,12.720210836372951,0.0,1426.3902173413956,0.0,2112.2316804706556,0.0,12.175728121461848,0.0,11.203256919013478,0.0,8.41790103496134,0.0
Spnkz,369.1450980392157,0.0,17.659624284596934,0.0,350.40363189196785,0.0,193.0,0.0,126.863082289228,0.0,12.135099929056436,0.0,13.892443989449804,0.0,9.302965676835395,0.0,1011.1412576307781,0.0,348.68336073797246,0.0,316.5910305247737,0.0,3.306723430221594,0.0,17.45400113350691,0.0,1423.8346596714027,0.0,2112.886601957451,0.0,12.135099923055787,0.0,11.184196446812718,0.0,8.264753172398507,0.0
Spore,325.7294117647059,0.0,16.54961108505311,0.0,324.9162262123628,0.0,153.0,0.0,97.8695739620366,0.0,11.178468767006922,0.0,12.36931687685298,0.0,8.065650418912977,0.0,1007.7498894749068,0.0,331.7922102776833,0.0,305.9458338534214,0.0,5.160489843145976,0.0,12.236516206304481,0.0,4736.395665423887,0.0,720.8473227188214,0.0,11.178468764923473,0.0,9.860054688752285,0.0,6.961700060013765,0.0
Spott,307.3254901960785,0.0,16.15129068204415,0.0,343.85507663068023,0.0,189.0,0.0,123.5435065723933,0.0,11.908322356964334,0.0,13.74772708486752,0.0,9.13272113578527,0.0,1008.1975070697587,0.0,334.2632491842408,0.0,307.3245761235725,0.0,8.348294922975104,0.0,12.53175279700111,0.0,3725.8589239113808,0.0,865.6473526307365,0.0,11.908322353698125,0.0,10.907867124501573,0.0,8.062489207101011,0.0
Spqlt,336.9921568627451,0.0,17.051963912684894,0.0,367.54547140624146,0.0,223.0,0.0,152.00580001241835,0.0,12.860493208821424,0.0,14.933184523068078,0.0,10.40073459416324,0.0,15800.811709820353,0.0,3493.752123430134,0.0,3374.8631482490864,0.0,7.386841144932437,0.0,42.59750993710647,0.0,2428.29653564068,0.0,1754.8901166484727,0.0,12.860493248876267,0.0,12.241057362180229,0.0,9.459766832843275,0.0
Spqrl,338.25098039215686,0.0,17.033241128595208,0.0,365.4930904152932,0.0,212.0,0.0,145.42484551028141,0.0,12.789923052430353,0.0,14.560219778561036,0.0,10.227230264621703,0.0,15800.894704230948,0.0,3494.169647107309,0.0,3375.237750541549,0.0,6.787448472877874,0.0,42.8699154286923,0.0,4780.183209063851,0.0,515.3475736804891,0.0,12.789923049375895,0.0,11.908928498405643,0.0,9.287976922189213,0.0
Spreu,327.9686274509804,0.0,16.671021345751313,0.0,326.63607135818603,0.0,157.0,0.0,100.09903918058984,0.0,11.247175280948898,0.0,12.529964086141668,0.0,8.133692089277838,0.0,1007.3462619205247,0.0,330.6985650218152,0.0,305.21370330389925,0.0,3.8811093088389974,0.0,14.381132813268415,0.0,1633.4555033428987,0.0,1376.369175414546,0.0,11.247175287347693,0.0,9.967626997595058,0.0,7.051231004506702,0.0
Spril,295.06666666666666,0.0,15.914447359423548,0.0,360.0717704292249,0.0,201.0,0.0,135.59537165272297,0.0,12.523896941115492,0.0,14.177446878757825,0.0,9.744837616125846,0.0,1010.0899819248023,0.0,341.04190139604657,0.0,313.70422786966884,0.0,7.27498490717962,0.0,12.866992159625065,0.0,2910.924247904054,0.0,1748.2274004778467,0.0,12.523896983424287,0.0,10.998539471534004,0.0,8.709866696771725,0.0
Sprit,286.7686274509804,0.0,15.638102503305289,0.0,348.5098695240191,0.0,188.0,0.0,123.33890576194699,0.0,12.058021119804991,0.0,13.711309200802088,0.0,9.143166057350408,0.0,1007.8736350759257,0.0,333.0488351939543,0.0,306.58683627673366,0.0,9.028499361083451,0.0,12.163492868159159,0.0,2902.4156565193307,0.0,1746.5462314944882,0.0,12.05802116177746,0.0,10.583400605417589,0.0,8.044180559493165,0.0
Sprkh,370.28235294117644,0.0,17.625765803110447,0.0,358.4292956780664,0.0,201.0,0.0,134.55571537715963,0.0,12.44941502517571,0.0,14.177446878757825,0.0,9.671601073239847,0.0,1011.8314447647201,0.0,346.53972447838254,0.0,314.83296601722265,0.0,5.388051694020117,0.0,14.253515464626652,0.0,1750.495600030802,0.0,2487.2758264682166,0.0,12.449415020984969,0.0,11.430683372105571,0.0,8.651215290756253,0.0
Spsml,369.5960784313726,0.0,17.698628353571557,0.0,410.7691406619102,0.0,258.0,0.0,183.2836271945099,0.0,14.124531146081118,0.0,16.06237840420901,0.0,11.657087988541114,0.0,1049.878121820249,0.0,458.5736604562966,0.0,390.32927237782275,0.0,4.606816089580545,0.0,14.536470868223025,0.0,3059.861213884607,0.0,695.3354246142237,0.0,14.124531150684467,0.0,13.490567228527919,0.0,10.69925198378522,0.0
Späks,366.1725490196079,0.0,17.435102712999463,0.0,346.41179359255614,0.0,183.0,0.0,122.32622046202427,0.0,12.026838693975952,0.0,13.527749258468683,0.0,9.21760036089109,0.0,1013.4761986391502,0.0,358.8178512214963,0.0,323.43538721394407,0.0,3.900200922303701,0.0,20.183473470692043,0.0,1390.3636786571876,0.0,2263.5695241894564,0.0,12.02683868751132,0.0,11.008100379357282,0.0,8.232670845580575,0.0
Späße,388.6470588235294,0.0,17.993100048786165,0.0,352.6533013150182,0.0,196.0,0.0,131.87055016967514,0.0,12.280850761462222,0.0,14.0,0.0,9.631367658304534,0.0,1022.3828915196751,0.0,390.30197008553273,0.0,345.8862344373255,0.0,4.585955040226396,0.0,25.152727958534623,0.0,2901.6760880274796,0.0,1604.0288424354417,0.0,12.28085076937108,0.0,11.810152342517172,0.0,8.667471593443777,0.0
Spüle,347.52156862745096,0.0,17.235609535582217,0.0,348.2187523116088,0.0,196.0,0.0,128.50545418222333,0.0,12.094296165003037,0.0,14.0,0.0,9.376860815497901,0.0,1013.3023696526413,0.0,349.37607682880747,0.0,321.12791494956036,0.0,4.6713257291305705,0.0,18.339137151505156,0.0,3938.537182268833,0.0,3486.794244864051,0.0,12.094296208182325,0.0,11.24019303136621,0.0,8.36716304888559,0.0
Sqfgt,358.72156862745095,0.0,17.476161607430488,0.0,377.0604036575399,0.0,215.0,0.0,146.93062743478217,0.0,12.951531115555818,0.0,14.66287829861518,0.0,10.23205842787242,0.0,11318.338241139481,0.0,3331.0643963250564,0.0,3229.2677169199937,0.0,5.046357239529088,0.0,38.8717998578556,0.0,3625.7187544536455,0.0,2201.1116576100158,0.0,12.951531119792218,0.0,11.857922710291929,0.0,9.151672043781323,0.0
Sqnkq,399.61960784313726,0.0,18.434651773369154,0.0,360.22907160385637,0.0,216.0,0.0,146.43391592627603,0.0,12.628238805495286,0.0,14.696938456699069,0.0,10.204917321356728,0.0,47541.78285488245,0.0,10864.748784837151,0.0,10504.878018111203,0.0,6.226894282647601,0.0,79.82604446300287,0.0,1547.4558117244192,0.0,2148.4911694533835,0.0,12.628238799310608,0.0,12.26775930506952,0.0,9.344133245203896,0.0
Sqtzt,299.29411764705884,0.0,16.051876684613525,0.0,349.14660041629327,0.0,182.0,0.0,121.1444682017101,0.0,12.100038659490982,0.0,13.490737563232042,0.0,9.148321989682351,0.0,11067.206905613322,0.0,3322.2824563341624,0.0,3224.267778315864,0.0,6.694774816534733,0.0,38.13249684099111,0.0,3001.3013816679295,0.0,1403.2415742936253,0.0,12.10003865877692,0.0,10.53591916516672,0.0,8.028292150403402,0.0
Srlnt,278.38823529411764,0.0,15.44404293344039,0.0,345.18512552205357,0.0,199.0,0.0,128.10263678650605,0.0,11.981334111174112,0.0,14.106735979665885,0.0,9.19579525319725,0.0,725.23361804569,0.0,97.42720563320115,0.0,69.12309912073415,0.0,3.64150127226413,0.0,9.228568816743783,0.0,1788.7145068576726,0.0,1199.8993337444344,0.0,11.98133411864602,0.0,10.711736579941514,0.0,8.193516494867229,0.0
Srmfl,332.64705882352945,0.0,16.811680547912502,0.0,419.48195149738456,0.0,285.0,0.0,196.771906223594,0.0,14.31679081049284,0.0,16.881943016134134,0.0,11.885389898353678,0.0,767.82775905117,0.0,293.0778783318851,0.0,221.14918915005407,0.0,5.631749625579918,0.0,13.080592651541483,0.0,1169.4032367324717,0.0,1561.6512296593164,0.0,14.31679082668554,0.0,13.782744307423062,0.0,10.918854023236921,0.0
Srßgm,425.49411764705883,0.0,18.832227973809058,0.0,443.36658999549184,0.0,306.0,0.0,215.25958862134956,0.0,14.92594838046238,0.0,17.4928556845359,0.0,12.585726852174638,0.0,2522.919094451475,0.0,555.8728186559748,0.0,427.10593418987753,0.0,13.477521513291709,0.0,21.057096034266923,0.0,3235.8097312467185,0.0,2426.5931577908937,0.0,14.925948386051417,0.0,14.875316572464264,0.0,11.571766881526823,0.0
Ssnkt,319.74901960784314,0.0,16.371986840178057,0.0,340.1837724377916,0.0,195.0,0.0,124.28349517970437,0.0,11.7570260163064,0.0,13.96424004376894,0.0,9.005511515125878,0.0,728.3710568019452,0.0,128.6631467906047,0.0,89.05642788214358,0.0,4.316261006253532,0.0,12.7220051017041,0.0,1478.9693001394978,0.0,2110.410985728304,0.0,11.757026009930962,0.0,10.765303793836242,0.0,7.952836236660452,0.0
Ssphr,337.08235294117645,0.0,16.81672059300707,0.0,342.24338427646916,0.0,187.0,0.0,121.4284385267251,0.0,11.856460126474662,0.0,13.674794331177344,0.0,9.037034499416052,0.0,840.4940924267387,0.0,185.10455026156802,0.0,159.74662636580712,0.0,5.000931402288691,0.0,15.839747252582919,0.0,733.2763539080854,0.0,580.7326110561131,0.0,11.856460130241897,0.0,10.86943690498203,0.0,8.002804542070123,0.0
Ssthr,293.2549019607843,0.0,15.692782963501463,0.0,335.86362492677137,0.0,180.0,0.0,114.78669917092523,0.0,11.60248760730281,0.0,13.416407864998739,0.0,8.65924063056438,0.0,727.4509071985357,0.0,108.19093714643687,0.0,77.16577863816111,0.0,3.8463058449318166,0.0,13.841793585737543,0.0,1321.1134637995353,0.0,1341.5989214256078,0.0,11.602487610661623,0.0,10.336597863504611,0.0,7.590334848894576,0.0
Staat,277.33333333333337,0.0,15.247931266897512,0.0,327.63205746018696,0.0,180.0,0.0,113.97340563101176,0.0,11.376912841448341,0.0,13.416407864998739,0.0,8.582335396507991,0.0,725.1508214076817,0.0,99.55691810433905,0.0,68.23471250736951,0.0,3.4005146248492895,0.0,10.097908166219776,0.0,3064.1279447297293,0.0,1184.7054336766384,0.0,11.376912843322929,0.0,10.444769704361365,0.0,7.516421170286873,0.0
Stall,275.51372549019607,0.0,15.403836707565459,0.0,361.1250029021672,0.0,223.0,0.0,149.3165731224338,0.0,12.653303312336243,0.0,14.933184523068078,0.0,10.160013606771221,0.0,729.6946796188273,0.0,133.83860303614424,0.0,105.40024931579853,0.0,3.267659871264166,0.0,10.75682057987277,0.0,2044.200029197873,0.0,1734.4424740035415,0.0,12.653303352942057,0.0,11.614098267869759,0.0,9.200589338685473,0.0
Stann,315.5764705882353,0.0,16.32038796834008,0.0,321.85467923641886,0.0,183.0,0.0,114.36187336837489,0.0,11.23046774879766,0.0,13.527749258468683,0.0,8.540846778672623,0.0,724.773768662449,0.0,96.83731596541459,0.0,66.0003549355688,0.0,6.164164243895726,0.0,9.932619907513184,0.0,1389.0597079576369,0.0,1157.2307649189795,0.0,11.230467761081643,0.0,10.791753405709043,0.0,7.601139553906462,0.0
Starm,328.2862745098039,0.0,16.587213151654147,0.0,394.9859478474037,0.0,255.0,0.0,174.34922397432058,0.0,13.613454711557145,0.0,15.968719422671311,0.0,11.151734274027923,0.0,852.0677279723018,0.0,477.73177030579757,0.0,368.954004668964,0.0,10.742172838598204,0.0,11.74197637772621,0.0,4588.248881702404,0.0,429.331116315831,0.0,13.613454710433379,0.0,13.394952380012247,0.0,10.233380107428287,0.0
Starn,288.50588235294117,0.0,15.571097250631368,0.0,327.47962166554623,0.0,183.0,0.0,114.79463490752192,0.0,11.380730917832922,0.0,13.527749258468683,0.0,8.58404675471003,0.0,725.064946095035,0.0,98.98711003326682,0.0,67.92916685908274,0.0,4.199708588081884,0.0,10.05303826834296,0.0,4586.757811328474,0.0,426.4846903014449,0.0,11.380730918802518,0.0,10.561822716582048,0.0,7.574780169906588,0.0
Stars,269.0352941176471,0.0,14.968995767736128,0.0,324.78471624915994,0.0,164.0,0.0,103.46153671712375,0.0,11.210992078936155,0.0,12.806248474865697,0.0,8.176173352906828,0.0,725.0302823670489,0.0,96.07475563740914,0.0,66.39298105549318,0.0,3.2175400440941027,0.0,9.686264942994368,0.0,4587.01067586071,0.0,425.88015088794776,0.0,11.210992079546873,0.0,9.84833874869609,0.0,7.092459682769919,0.0
Start,260.1764705882353,0.0,14.805446486841944,0.0,335.9488201008075,0.0,186.0,0.0,118.22268683874492,0.0,11.635793410631239,0.0,13.638181696985855,0.0,8.770295665049906,0.0,725.3496231847747,0.0,100.27108600465725,0.0,69.3405149722527,0.0,4.990552050660885,0.0,9.79412552993535,0.0,4587.236684823186,0.0,428.4812847789525,0.0,11.635793410092177,0.0,10.437785529316837,0.0,7.6892325348438195,0.0
Stcld,296.77647058823527,0.0,15.9514276182529,0.0,360.6644380731781,0.0,216.0,0.0,144.88106464945872,0.0,12.576754367023296,0.0,14.696938456699069,0.0,10.03996636652365,0.0,1156.7741576916294,0.0,188.30076605384585,0.0,163.77015479542348,0.0,7.85155676349695,0.0,14.378821852894443,0.0,2077.4308569825084,0.0,1728.007798699676,0.0,12.57675440724955,0.0,11.843033218275783,0.0,9.094514492618803,0.0
Steak,318.121568627451,0.0,16.316805421933534,0.0,340.34419067365275,0.0,192.0,0.0,123.58447408703223,0.0,11.783813154500374,0.0,13.856406460551018,0.0,9.040445222470405,0.0,729.5082245740845,0.0,140.35107919347718,0.0,98.68757196171525,0.0,7.6138679003365874,0.0,11.570116342637165,0.0,3206.6929507546865,0.0,1238.605473712004,0.0,11.783813156302397,0.0,10.890121362214252,0.0,7.9966984528666085,0.0
Steig,318.20392156862744,0.0,16.45541224278411,0.0,364.59781136191265,0.0,220.0,0.0,144.61695539843365,0.0,12.535409170893262,0.0,14.832396974191326,0.0,9.920968420629217,0.0,4257.024292376579,0.0,426.5797362000498,0.0,323.93785269820796,0.0,9.411690366233334,0.0,12.024138040849182,0.0,2662.684355530688,0.0,1237.792215402477,0.0,12.535409206812158,0.0,11.93943629989253,0.0,8.883995141640304,0.0
Steiß,315.07450980392156,0.0,16.310221154538578,0.0,366.58960160685547,0.0,228.0,0.0,151.23265382154514,0.0,12.717176144661366,0.0,15.0996688705415,0.0,10.187679113792287,0.0,756.1307624623514,0.0,264.9448765588819,0.0,204.72788024828742,0.0,8.72515566120888,0.0,23.15766040449779,0.0,2678.032871859372,0.0,1267.620090614443,0.0,12.717176180640285,0.0,12.072800683934847,0.0,9.174968544104512,0.0
Stern,287.235294117647,0.0,15.603290793394747,0.0,329.3024523977288,0.0,179.0,0.0,112.22215958943113,0.0,11.388870822689789,0.0,13.379088160259652,0.0,8.487567153730073,0.0,724.989171234797,0.0,96.22278601422133,0.0,66.1723830722011,0.0,4.098463417297011,0.0,10.171027788946347,0.0,4681.780298119695,0.0,555.6591115289881,0.0,11.388870823778129,0.0,10.416061661186129,0.0,7.432528222957594,0.0
Sters,267.7647058823529,0.0,15.002481404391727,0.0,326.6075469813425,0.0,160.0,0.0,100.88906139903295,0.0,11.219255135068718,0.0,12.649110640673518,0.0,8.074821867930801,0.0,724.9545038836332,0.0,93.22411311666329,0.0,64.59443091103209,0.0,3.2874592593985943,0.0,9.84649193580648,0.0,4682.045421711158,0.0,555.2123998171659,0.0,11.21925513583821,0.0,9.691853153041428,0.0,6.940328919807408,0.0
Stetz,272.07450980392156,0.0,15.264152142789197,0.0,341.7854246476237,0.0,189.0,0.0,120.62532470512659,0.0,11.793188947066144,0.0,13.74772708486752,0.0,8.889607101085616,0.0,727.9809533283684,0.0,122.45830862505956,0.0,91.41041641527643,0.0,3.2124900632356224,0.0,14.927727181346173,0.0,3655.1272560034267,0.0,735.2756509833227,0.0,11.793188945829037,0.0,10.745861621722849,0.0,7.779576737996956,0.0
Stfns,292.16862745098035,0.0,15.70810001234055,0.0,338.74594601161414,0.0,182.0,0.0,117.29556738019451,0.0,11.714527329426607,0.0,13.490737563232042,0.0,8.799062583492821,0.0,727.5655278423419,0.0,119.73730517778779,0.0,89.00114459076815,0.0,3.5809358000646245,0.0,13.672437166889186,0.0,2350.787609367792,0.0,2071.4355572797363,0.0,11.714527342999268,0.0,10.607874140690058,0.0,7.781740639456672,0.0
Stftx,274.3607843137255,0.0,15.27312083090477,0.0,364.5185609036414,0.0,224.0,0.0,146.0160275152333,0.0,12.583384445378144,0.0,14.966629547095765,0.0,9.879276634288857,0.0,729.135625097018,0.0,136.04658677761137,0.0,100.0510014661448,0.0,3.6349013969753035,0.0,23.3033325404667,0.0,4015.9225836113023,0.0,1834.7289802642345,0.0,12.583384446755984,0.0,11.534190064451499,0.0,8.80717831340757,0.0
Stgßk,398.18431372549026,0.0,18.223383417770705,0.0,401.51854740519286,0.0,268.0,0.0,183.05899387980404,0.0,13.760038362390743,0.0,16.3707055437449,0.0,11.394642162712394,0.0,2333.1274548183924,0.0,324.4312233255879,0.0,241.53433881634265,0.0,10.008755881284394,0.0,20.673650187795587,0.0,2815.518533812162,0.0,1430.7813404179096,0.0,13.760038366878552,0.0,13.574384715368685,0.0,10.372280898050565,0.0
Sthst,291.9960784313725,0.0,15.71310303772626,0.0,345.375137211707,0.0,196.0,0.0,126.79636324859005,0.0,11.973145477119072,0.0,14.0,0.0,9.178537693831233,0.0,727.0811379826789,0.0,106.38005577492005,0.0,76.31883854341577,0.0,5.032972306284379,0.0,11.07589469140721,0.0,913.1115657303789,0.0,462.6486105614668,0.0,11.97314548035649,0.0,10.929504223207372,0.0,8.073301707799313,0.0
Stich,287.98039215686276,0.0,15.612040523394557,0.0,344.68014648514,0.0,191.0,0.0,123.91465904274429,0.0,11.936969758100204,0.0,13.820274961085254,0.0,9.087393006179719,0.0,729.4344517029504,0.0,111.93419873202282,0.0,82.16487770645259,0.0,7.129776758231949,0.0,10.733390392260416,0.0,1405.2553973932788,0.0,651.6218096984053,0.0,11.936969762055496,0.0,10.8398475994706,0.0,8.098696408604374,0.0
Stieg,318.20392156862744,0.0,16.45541224278411,0.0,360.1811585986459,0.0,205.0,0.0,135.53095733681067,0.0,12.384159131185994,0.0,14.317821063276353,0.0,9.63084258100715,0.0,4256.980761679805,0.0,425.55611321367843,0.0,323.38294675233885,0.0,10.960706195842446,0.0,12.059993483581884,0.0,1318.4053673292856,0.0,674.5483907855908,0.0,12.384159138126961,0.0,11.516117341111954,0.0,8.623445465228459,0.0
Stiel,267.12549019607843,0.0,15.199761729450387,0.0,351.27096214225867,0.0,196.0,0.0,129.9602665133247,0.0,12.221203654992445,0.0,14.0,0.0,9.419657817459887,0.0,728.2965850578983,0.0,121.14436186224137,0.0,94.28112925567524,0.0,3.541267948498666,0.0,10.38880007558675,0.0,1339.398611289583,0.0,679.5477255332188,0.0,12.22120366138421,0.0,10.760695366978007,0.0,8.43516857767245,0.0
Stier,260.08627450980396,0.0,14.88876092377885,0.0,334.83869383634067,0.0,171.0,0.0,109.15534902932703,0.0,11.538477613097832,0.0,13.076696830622021,0.0,8.441215939512002,0.0,725.0701292396794,0.0,94.6078977759976,0.0,65.445685753914,0.0,3.798972757963093,0.0,9.816939164802502,0.0,1322.268984698778,0.0,673.9860828774913,0.0,11.538477620622235,0.0,9.848836773961844,0.0,7.384652692487349,0.0
Stiet,258.8274509803922,0.0,14.910176785675098,0.0,339.709061237053,0.0,183.0,0.0,117.70380062254873,0.0,11.74332565804006,0.0,13.527749258468683,0.0,8.79577050551323,0.0,725.2195588256768,0.0,96.3737751010547,0.0,66.88854108587596,0.0,3.951040388547411,0.0,9.87827090668239,0.0,1320.5946493445394,0.0,675.2698857928448,0.0,11.743325664922908,0.0,10.336008065075717,0.0,7.745910661206082,0.0
Stift,256.16078431372546,0.0,14.835340765892047,0.0,362.10596199377665,0.0,219.0,0.0,143.07118054711947,0.0,12.507496999682568,0.0,14.798648586948742,0.0,9.779259619748338,0.0,727.8686472779729,0.0,123.59105319566345,0.0,90.04172334577727,0.0,4.33545265563061,0.0,11.942749163809024,0.0,1334.0534391490983,0.0,918.519475725459,0.0,12.507497021782356,0.0,11.338439174460275,0.0,8.707048420585178,0.0
Stirn,271.27058823529416,0.0,15.20754482005745,0.0,341.196888608122,0.0,196.0,0.0,125.06516941900003,0.0,11.848217704342563,0.0,14.0,0.0,9.035887890246446,0.0,725.3301905948974,0.0,100.18754894556265,0.0,69.29592151422047,0.0,5.097139264787869,0.0,10.403029762645915,0.0,4724.508289654225,0.0,622.190614308041,0.0,11.848217704242947,0.0,10.742937495963597,0.0,8.033592333109624,0.0
Stkbs,332.54509803921565,0.0,16.73069914059719,0.0,354.4192269169806,0.0,204.0,0.0,135.36468509474514,0.0,12.311263805143195,0.0,14.2828568570857,0.0,9.622804190311074,0.0,730.4145030884216,0.0,146.9075419543347,0.0,104.9003847152031,0.0,5.140662787843357,0.0,13.686102003742707,0.0,3350.5443678981264,0.0,880.2144534155432,0.0,12.311263813909328,0.0,11.553910138712983,0.0,8.601094699599297,0.0
Stlfn,291.6078431372549,0.0,15.830167473211128,0.0,360.78133839795146,0.0,225.0,0.0,147.8504677211655,0.0,12.558025705270511,0.0,15.0,0.0,9.990189363599288,0.0,728.4893587729393,0.0,129.07268826920247,0.0,96.26832354837421,0.0,5.432946568066351,0.0,12.793546579375638,0.0,1226.7138815872631,0.0,856.8385392130864,0.0,12.558025723117323,0.0,11.782112445310734,0.0,9.01057749455989,0.0
Stlll,265.39607843137253,0.0,15.275391250461354,0.0,381.98684468417895,0.0,245.0,0.0,167.7944467391809,0.0,13.345504551994107,0.0,15.652475842498529,0.0,10.88987970288507,0.0,730.8597079811547,0.0,140.68660858976148,0.0,112.4747930264975,0.0,3.620593813682828,0.0,11.126365528815564,0.0,2279.4481571052793,0.0,1762.3159940343587,0.0,13.345504598018836,0.0,12.09955058249075,0.0,9.94670661877834,0.0
Stoda,326.2274509803922,0.0,16.59220644998406,0.0,337.49527608372216,0.0,203.0,0.0,130.75138777526644,0.0,11.805677369250757,0.0,14.247806848775006,0.0,9.3321831596612,0.0,837.550803187326,0.0,133.8234482897004,0.0,104.36145118536132,0.0,6.024212217286462,0.0,11.169352247227076,0.0,2111.782294319572,0.0,1315.3731991351865,0.0,11.80567736859894,0.0,11.788417932944233,0.0,8.401257089947196,0.0
Stola,290.2117647058824,0.0,15.674977304443209,0.0,341.1502476964906,0.0,201.0,0.0,129.93082748175667,0.0,11.892111132692156,0.0,14.177446878757825,0.0,9.290577612344526,0.0,726.8841133371253,0.0,113.88976586460987,0.0,82.87951070086488,0.0,3.25345945448988,0.0,10.606149372436786,0.0,2357.3755748420735,0.0,1844.2507906215023,0.0,11.892111173424706,0.0,11.276793325078915,0.0,8.30333564422343,0.0
Stolz,286.22352941176473,0.0,15.658742996114903,0.0,353.7505030870954,0.0,207.0,0.0,135.63141979358173,0.0,12.271223717700346,0.0,14.38749456993816,0.0,9.56476242850023,0.0,729.7150471375963,0.0,134.80404098067137,0.0,103.01265022675472,0.0,2.944512752015023,0.0,15.511189938801817,0.0,2356.542280345144,0.0,1844.2576109480253,0.0,12.271223756769034,0.0,11.368697369571459,0.0,8.52341609883777,0.0
Story,288.1764705882353,0.0,15.491640041906622,0.0,352.47268616382314,0.0,200.0,0.0,129.58132651931734,0.0,12.1142038466696,0.0,14.142135623730951,0.0,9.28192785548691,0.0,2390.4211957789694,0.0,183.40297740870588,0.0,125.06813562974786,0.0,3.3738145130612973,0.0,10.694018884257217,0.0,4741.6081134954975,0.0,760.7937213495663,0.0,12.114203846909106,0.0,11.046828096590007,0.0,8.176114930155189,0.0
Stqvk,338.91764705882355,0.0,16.940330407340962,0.0,375.58667730344143,0.0,248.0,0.0,165.88070721059944,0.0,13.06060284565291,0.0,15.748015748023622,0.0,10.72502467912656,0.0,15785.636850655213,0.0,3481.550764918729,0.0,3362.707716692588,0.0,6.923010884375548,0.0,44.32918172243043,0.0,1741.2734520481697,0.0,1142.0824226192926,0.0,13.060602847544313,0.0,12.705907726291478,0.0,9.768603475519683,0.0
Strck,287.4823529411765,0.0,15.47610478448208,0.0,346.2026724224045,0.0,183.0,0.0,119.0004829744096,0.0,11.908886747440127,0.0,13.527749258468683,0.0,8.92417452150059,0.0,730.4682377512593,0.0,139.22577143929576,0.0,98.31924382626856,0.0,6.913041824440926,0.0,11.595102473006632,0.0,1716.4274390766927,0.0,1387.0368900102048,0.0,11.90888674914762,0.0,10.389897025870155,0.0,7.85287135465822,0.0
Stscr,254.28235294117644,0.0,14.547999541429723,0.0,327.7158882112676,0.0,149.0,0.0,95.28326030673875,0.0,11.211047573465882,0.0,12.206555615733702,0.0,7.898450956879506,0.0,726.2295664134894,0.0,93.94890034781008,0.0,65.65979676017102,0.0,4.809807395289709,0.0,12.354576216622887,0.0,966.1826358090655,0.0,640.1049928391219,0.0,11.211047574704576,0.0,9.140231058318413,0.0,6.7255549704616975,0.0
Stsls,266.5176470588235,0.0,15.021251125995947,0.0,343.06017310407617,0.0,181.0,0.0,119.65228407210341,0.0,11.904589514612491,0.0,13.45362404707371,0.0,9.017329849875997,0.0,726.7519163829946,0.0,108.11242534598819,0.0,80.27247281457379,0.0,2.997072096879149,0.0,11.060399482943803,0.0,2088.6913334736946,0.0,1786.7010613666364,0.0,11.904589554969045,0.0,10.38594485164766,0.0,7.951120895931674,0.0
Stsrn,278.9490196078431,0.0,15.31889897798571,0.0,332.14079662430845,0.0,176.0,0.0,112.1479618695887,0.0,11.501811561162851,0.0,13.2664991614216,0.0,8.555984442875191,0.0,725.5128333578028,0.0,98.92399459084662,0.0,69.02001546228206,0.0,4.529218799062013,0.0,11.194334380989748,0.0,4612.515178279594,0.0,611.8884289765106,0.0,11.501811561404077,0.0,10.26887352397873,0.0,7.478036074339211,0.0
Ststr,250.61960784313726,0.0,14.539973933396592,0.0,340.1965938020544,0.0,180.0,0.0,116.07083363704854,0.0,11.742362172076826,0.0,13.416407864998739,0.0,8.755028372251818,0.0,725.8325416106553,0.0,101.44004209755494,0.0,71.09130983438537,0.0,5.3440834090042815,0.0,11.369725846645045,0.0,3567.429549793528,0.0,775.5559727477254,0.0,11.742362170182822,0.0,10.149985391061252,0.0,7.63473891107225,0.0
Stuck,311.4588235294118,0.0,16.165624884684828,0.0,343.28994257760854,0.0,196.0,0.0,124.74798454697822,0.0,11.826882242387576,0.0,14.0,0.0,9.040699952890417,0.0,730.2770195986585,0.0,138.85254842578343,0.0,97.62248448733394,0.0,6.065262533097609,0.0,11.720131336261124,0.0,1994.3962494401308,0.0,810.5792409325178,0.0,11.826882243477334,0.0,10.92216825345892,0.0,8.011924509103206,0.0
Stufe,297.3607843137255,0.0,15.92042833741452,0.0,338.38237021918815,0.0,195.0,0.0,122.25604068971649,0.0,11.669123787539242,0.0,13.96424004376894,0.0,8.870262745526588,0.0,727.0854255718724,0.0,117.27215932185042,0.0,84.972799555312,0.0,3.2125787478676644,0.0,12.017721822119134,0.0,1939.257225688707,0.0,1034.5962899782878,0.0,11.669123804200261,0.0,10.96385852431069,0.0,7.787829258412177,0.0
Stuhl,316.6705882352941,0.0,16.490325708846758,0.0,356.45348435395056,0.0,224.0,0.0,146.31276224106574,0.0,12.460280682112357,0.0,14.966629547095765,0.0,9.938374316613723,0.0,729.5195635074244,0.0,128.589326795396,0.0,99.68831110054872,0.0,5.109196571868017,0.0,12.254451094142427,0.0,1909.1222747974043,0.0,931.9444081543859,0.0,12.4602806860981,0.0,11.900415347374556,0.0,8.973646420276893,0.0
Stunk,336.12549019607843,0.0,16.862734154123213,0.0,345.68873959607095,0.0,214.0,0.0,136.0595249086824,0.0,12.007623199030775,0.0,14.628738838327793,0.0,9.430513137340906,0.0,729.4093753742475,0.0,140.48915037969775,0.0,98.62643866838974,0.0,8.253324617968692,0.0,11.730419544040316,0.0,2285.0662361879217,0.0,1333.8152115491264,0.0,12.00762321020293,0.0,11.561631902121462,0.0,8.459306228679534,0.0
Sturm,335.1058823529412,0.0,16.842063012148788,0.0,399.46150729051135,0.0,267.0,0.0,180.43527980929383,0.0,13.721382651886676,0.0,16.34013463836819,0.0,11.28703826651068,0.0,851.9971366237017,0.0,477.49876266015684,0.0,368.7622560812807,0.0,10.493389397638436,0.0,12.161081539763302,0.0,4931.992964385425,0.0,786.5311397411222,0.0,13.721382650934663,0.0,13.663073768947278,0.0,10.352400090572123,0.0
Sturt,266.99607843137255,0.0,15.090417225561476,0.0,340.42437954391517,0.0,198.0,0.0,124.30874267371813,0.0,11.76188254450658,0.0,14.071247279470288,0.0,8.941707977983874,0.0,725.2666982685755,0.0,99.15500325764098,0.0,68.31289018558174,0.0,4.842362647733904,0.0,10.333344295271425,0.0,4931.078811241694,0.0,786.0728460398276,0.0,11.761882544175387,0.0,10.779712532966448,0.0,7.846936738908634,0.0
Sturz,281.42352941176466,0.0,15.487801750918047,0.0,339.98118721535184,0.0,192.0,0.0,120.24058442873206,0.0,11.71981978707494,0.0,13.856406460551018,0.0,8.796780975205515,0.0,727.7898256617652,0.0,121.35712518602102,0.0,90.3469975644774,0.0,3.1548406430421148,0.0,15.49960532102942,0.0,4930.563759884651,0.0,787.97431364714,0.0,11.719819787347056,0.0,10.759901802336195,0.0,7.682415201722298,0.0
Stute,282.88235294117646,0.0,15.557071327259196,0.0,330.39946141199175,0.0,188.0,0.0,116.72135292227854,0.0,11.422428096332487,0.0,13.711309200802088,0.0,8.6169609892198,0.0,725.0138323225121,0.0,96.73123345794056,0.0,66.30188838974738,0.0,3.210040607296909,0.0,9.920861664075314,0.0,3968.769878767554,0.0,918.0014736191067,0.0,11.42242809537395,0.0,10.698720207764442,0.0,7.563758956349896,0.0
Stzck,300.6509803921569,0.0,15.883932141290684,0.0,349.1867917702673,0.0,182.0,0.0,119.41663089578383,0.0,12.003331218710477,0.0,13.490737563232042,0.0,8.984352594604616,0.0,732.0546425625004,0.0,149.14062332967364,0.0,108.57999454400166,0.0,6.3369757795758295,0.0,15.926612697768405,0.0,858.4677210086937,0.0,664.8880971312423,0.0,12.003331219961346,0.0,10.41273461845764,0.0,7.867684483612695,0.0
Stäbe,329.6980392156863,0.0,16.692370030170807,0.0,337.9330485161155,0.0,192.0,0.0,124.41328382103175,0.0,11.781321896336491,0.0,13.856406460551018,0.0,9.133685650917093,0.0,733.093065986213,0.0,161.07868390032314,0.0,122.41281158112301,0.0,5.460097899870394,0.0,19.64217866284267,0.0,2022.3913202373024,0.0,902.4882562124906,0.0,11.781321903719165,0.0,11.41859860675633,0.0,8.177324681290864,0.0
Stöch,322.30980392156863,0.0,16.40751649283079,0.0,345.4367511399433,0.0,191.0,0.0,124.6354701373868,0.0,11.940562682930617,0.0,13.820274961085254,0.0,9.159983136144078,0.0,737.2159846640483,0.0,153.37220109333893,0.0,124.14979278609387,0.0,6.067489283016848,0.0,20.484135615765855,0.0,4050.9259086055217,0.0,3155.1415444388567,0.0,11.940562684498673,0.0,11.245100615124722,0.0,8.162407696826069,0.0
Stöck,321.73333333333335,0.0,16.342861425386815,0.0,353.28825473187976,0.0,197.0,0.0,129.65327431812557,0.0,12.16017958765405,0.0,14.035668847618199,0.0,9.379988849182066,0.0,738.3917088080186,0.0,175.315345749544,0.0,136.09284506262347,0.0,5.97607301689297,0.0,20.87117195798755,0.0,4052.7768897524634,0.0,3155.8722400354077,0.0,12.160179589415739,0.0,11.173518830399,0.0,8.362902739673444,0.0
Stöfö,326.0,0.0,16.507551427544477,0.0,366.8320250639153,0.0,225.0,0.0,148.94415044828293,0.0,12.643887500939414,0.0,15.0,0.0,10.08259996915654,0.0,778.1143153677532,0.0,346.356939125944,0.0,281.50492644592026,0.0,6.045573591112088,0.0,125.64326861763833,0.0,4043.4974940589805,0.0,3223.8126312285685,0.0,12.643826463198838,0.0,12.289873264656382,0.0,9.038991095646482,0.0
Stömm,412.2313725490196,0.0,18.600788761785175,0.0,469.238367173939,0.0,347.0,0.0,247.15363958608359,0.0,15.7209829098549,0.0,18.627936010197157,0.0,13.555948092549164,0.0,905.3067847533681,0.0,577.9099719622083,0.0,446.1275038108956,0.0,14.48051868836498,0.0,21.364278991595064,0.0,4983.698152989246,0.0,3174.65420759575,0.0,15.720982916489666,0.0,16.314008978797176,0.0,12.668301663238342,0.0
Störe,294.4156862745098,0.0,15.720877520159132,0.0,335.94080742306596,0.0,176.0,0.0,112.58337126396734,0.0,11.574830782383348,0.0,13.2664991614216,0.0,8.612611390703249,0.0,733.0041090322892,0.0,142.221091517674,0.0,114.4536489846537,0.0,3.330762775090317,0.0,19.6412524464401,0.0,6062.636443958796,0.0,3149.0591057407214,0.0,11.574830782022701,0.0,10.488361569855362,0.0,7.541247145531817,0.0
Stött,276.0117647058824,0.0,15.300998452167034,0.0,354.8796578413835,0.0,212.0,0.0,138.25730387432404,0.0,12.281151616328025,0.0,14.560219778561036,0.0,9.619197140675475,0.0,733.6193818208521,0.0,147.8941777986343,0.0,118.08970998004234,0.0,5.045894807423961,0.0,19.984941197703407,0.0,5310.607039431982,0.0,3185.2626224575506,0.0,12.281151615027328,0.0,11.478964028832992,0.0,8.567897816199816,0.0
Sucen,314.87450980392157,0.0,16.294592381182678,0.0,303.33047031286577,0.0,129.0,0.0,77.54007256764694,0.0,10.309753791880715,0.0,11.357816691600547,0.0,6.875336983414938,0.0,723.9015587012209,0.0,69.41581808595622,0.0,43.07617395862007,0.0,3.482792716679652,0.0,9.5205982627936,0.0,884.764599666909,0.0,451.791456348722,0.0,10.309753798672373,0.0,8.733373672693881,0.0,5.745422736975137,0.0
Suche,329.1803921568627,0.0,16.646576588317693,0.0,311.74201418416646,0.0,138.0,0.0,84.87443772221766,0.0,10.658868968658721,0.0,11.74734012447073,0.0,7.310415217893148,0.0,725.3273024982884,0.0,79.59280162214125,0.0,53.56307483516112,0.0,3.1762446230096235,0.0,9.026327248712732,0.0,801.9003941470735,0.0,617.2986419029161,0.0,10.658868972249895,0.0,9.184113364467589,0.0,6.1960570009147204,0.0
Sucht,312.035294117647,0.0,16.23098597761268,0.0,326.22389845928694,0.0,161.0,0.0,101.50509890311582,0.0,11.223701932503861,0.0,12.68857754044952,0.0,8.091302270145391,0.0,725.7645939222655,0.0,85.99610525804847,0.0,58.54168758381998,0.0,3.6669781853529826,0.0,9.139356562255072,0.0,806.463313189988,0.0,619.1920771442459,0.0,11.223701935720033,0.0,9.802967698746494,0.0,6.988729348876106,0.0
Sudan,356.79607843137256,0.0,17.395185093489378,0.0,320.56387572790203,0.0,179.0,0.0,112.74986785020943,0.0,11.21186240289368,0.0,13.379088160259652,0.0,8.56000875012165,0.0,844.0005959626601,0.0,119.78037820175503,0.0,95.33046229744194,0.0,3.7570755701224985,0.0,9.192574125660016,0.0,3557.571009220072,0.0,1423.3721829972806,0.0,11.211862394991556,0.0,11.034920638352705,0.0,7.64075786795658,0.0
Sulun,327.6,0.0,16.778423925370763,0.0,328.5860067006279,0.0,183.0,0.0,115.09745257320819,0.0,11.430180513059948,0.0,13.527749258468683,0.0,8.611213101680304,0.0,724.5377744139074,0.0,90.22714714197451,0.0,62.938188902045475,0.0,3.6444123326055977,0.0,9.752222182091637,0.0,4790.062229247215,0.0,1533.634759319524,0.0,11.430180518988202,0.0,10.493256266602458,0.0,7.634251100691263,0.0
Sumen,379.321568627451,0.0,17.9224631861521,0.0,366.4895208861453,0.0,216.0,0.0,144.4229740856823,0.0,12.689698072045754,0.0,14.696938456699069,0.0,10.030035840681474,0.0,761.6431289772873,0.0,270.09732224952074,0.0,199.97352339944558,0.0,4.6433664137765405,0.0,8.421120318003915,0.0,1095.5697375197758,0.0,1423.4895252109213,0.0,12.689698075409655,0.0,12.42587481013737,0.0,9.149914103521665,0.0
Summa,420.37254901960785,0.0,18.78530391593781,0.0,431.65084513772507,0.0,302.0,0.0,210.6847661934109,0.0,14.696057798501277,0.0,17.378147196982766,0.0,12.398535864393837,0.0,813.875117414002,0.0,410.399686843551,0.0,307.4265763087202,0.0,7.3492159682794105,0.0,9.535350762277115,0.0,3138.3617551208868,0.0,1457.0062594704582,0.0,14.696057802331493,0.0,15.138565197891959,0.0,11.535281795121799,0.0
Summe,419.10196078431375,0.0,18.811997693194783,0.0,430.2124085817728,0.0,291.0,0.0,203.82285556932385,0.0,14.620617186871465,0.0,17.05872210923198,0.0,12.224455971218477,0.0,813.7662107643031,0.0,409.4789377311402,0.0,306.9195944068307,0.0,7.364381049673466,0.0,9.28286017752737,0.0,3137.8068887639165,0.0,1455.225203229557,0.0,14.620617190524861,0.0,14.83016677271926,0.0,11.35207745616018,0.0
Sumpf,392.15294117647056,0.0,18.228260503099524,0.0,405.1041715598536,0.0,257.0,0.0,177.6816650603512,0.0,13.854961430415713,0.0,16.0312195418814,0.0,11.315611312707743,0.0,862.9588256959909,0.0,327.1262060968585,0.0,258.5070069935241,0.0,6.184965369977158,0.0,15.22466108132944,0.0,1806.4894627744186,0.0,1441.964466899539,0.0,13.854961436607853,0.0,13.64862753174544,0.0,10.386532877712051,0.0
Sunse,320.0705882352941,0.0,16.436236820363447,0.0,303.8646005944703,0.0,135.0,0.0,80.84928282754603,0.0,10.359265252178696,0.0,11.61895003862225,0.0,7.016980473446904,0.0,723.546471637198,0.0,71.04898945244477,0.0,44.924190127888004,0.0,2.5897404592619933,0.0,8.235757159166361,0.0,1339.6974002694797,0.0,384.52576044384864,0.0,10.359265253747232,0.0,8.912197190509008,0.0,5.827478342010865,0.0
Svhns,332.3176470588236,0.0,16.699930358284416,0.0,336.0487409999092,0.0,193.0,0.0,122.59598988156407,0.0,11.652221883062472,0.0,13.892443989449804,0.0,8.938911005168395,0.0,734.3812654869665,0.0,198.70677759676437,0.0,129.99525216223856,0.0,3.828439514103912,0.0,22.941270861705323,0.0,1703.439490235161,0.0,1171.2571958618898,0.0,11.652221896554764,0.0,10.877796371124038,0.0,7.951771325456353,0.0
Svllz,283.5176470588235,0.0,15.668367720358646,0.0,373.5634740141423,0.0,236.0,0.0,157.30299557520954,0.0,12.957202774946314,0.0,15.362291495737216,0.0,10.396295535285345,0.0,738.4361176253393,0.0,220.24963983542816,0.0,152.97436015925186,0.0,3.249626348024558,0.0,25.682009455384772,0.0,2386.642168058263,0.0,1763.71776627715,0.0,12.95720282048646,0.0,11.761937077823566,0.0,9.393428678112095,0.0
Svmpf,378.90980392156865,0.0,17.883464017770557,0.0,425.2509185692731,0.0,293.0,0.0,202.97703455332277,0.0,14.44686808492773,0.0,17.11724276862369,0.0,12.093257513552176,0.0,871.0960509258334,0.0,373.56858872523713,0.0,283.6971074538213,0.0,6.387662652256239,0.0,26.05013276590326,0.0,1909.924739526233,0.0,1450.0112384718059,0.0,14.446868091426193,0.0,14.343040496224452,0.0,11.151283819783277,0.0
Svßhn,379.70588235294116,0.0,17.824927143796714,0.0,367.1580319805175,0.0,242.0,0.0,159.42724850369666,0.0,12.787651260452789,0.0,15.556349186104045,0.0,10.415956729011521,0.0,748.2966355702789,0.0,259.43240526097344,0.0,185.0519057695853,0.0,6.033356214203991,0.0,29.111716887120803,0.0,1358.1695003549487,0.0,2126.1891680153904,0.0,12.78765126645421,0.0,12.522359879294072,0.0,9.443695157826811,0.0
Sxtyr,284.56078431372555,0.0,15.410906028067293,0.0,364.82230510268323,0.0,212.0,0.0,138.40806937121513,0.0,12.493431957789081,0.0,14.560219778561036,0.0,9.630255457434558,0.0,10234.431746096645,0.0,365.474545782621,0.0,271.55755796721064,0.0,4.050235108946789,0.0,33.094399150383495,0.0,1394.8129869972925,0.0,1831.3787790178383,0.0,12.493431957759176,0.0,10.758605416778272,0.0,8.4865518594559,0.0
Syrer,283.58431372549023,0.0,15.35806740853753,0.0,341.60223399286787,0.0,171.0,0.0,109.36336710644602,0.0,11.652331597639936,0.0,13.076696830622021,0.0,8.477955888954504,0.0,7798.967634062776,0.0,460.2805159610592,0.0,320.5939493177351,0.0,5.0363029816354805,0.0,11.647581394852763,0.0,1836.794498426785,0.0,1394.2520789834962,0.0,11.652331604084441,0.0,9.70371457230705,0.0,7.297439532636809,0.0
Syrmr,334.5490196078431,0.0,16.677560453603014,0.0,411.3378075283546,0.0,266.0,0.0,181.96585783976272,0.0,13.964246729938619,0.0,16.30950643030009,0.0,11.380079757430236,0.0,7804.24455006795,0.0,554.4213773350708,0.0,396.680096049857,0.0,5.026570854300486,0.0,13.274379714699139,0.0,3467.083097857887,0.0,1426.8982811682959,0.0,13.964246734444233,0.0,13.192745286897125,0.0,10.349182160959492,0.0
Szlzt,277.65490196078434,0.0,15.498433153681907,0.0,354.6083617475648,0.0,194.0,0.0,127.14625053656368,0.0,12.241825595985892,0.0,13.92838827718412,0.0,9.260537257097448,0.0,730.8065543025724,0.0,139.50105802941013,0.0,110.83339052181664,0.0,4.57292052933137,0.0,22.30046556257713,0.0,2883.334261243682,0.0,712.4814783335227,0.0,12.241825595898801,0.0,10.444434029597861,0.0,8.111877847062363,0.0
Szwlb,347.5843137254902,0.0,17.24227612934913,0.0,393.06504874289,0.0,264.0,0.0,179.75635844314303,0.0,13.606086322536585,0.0,16.24807680927192,0.0,11.278633719095486,0.0,997.7888332543828,0.0,276.52511967647405,0.0,220.89949994055888,0.0,5.072874439775479,0.0,27.477358481412633,0.0,3101.029744084527,0.0,1719.566661051648,0.0,13.60608636124313,0.0,12.913718655777213,0.0,10.293018596373665,0.0
Säbel,337.99607843137255,0.0,16.95153686472482,0.0,338.5012035214744,0.0,179.0,0.0,119.0356572258529,0.0,11.829306567610773,0.0,13.379088160259652,0.0,9.072124468136844,0.0,730.9254565688534,0.0,144.9362798221909,0.0,111.15178614854264,0.0,4.522904925893614,0.0,11.988865006228423,0.0,1174.5752799304464,0.0,639.0112368248772,0.0,11.829306574409628,0.0,11.01295464253992,0.0,8.155053081716654,0.0
Särge,349.20784313725494,0.0,17.06845344597141,0.0,337.5606614778642,0.0,161.0,0.0,104.74991860436842,0.0,11.559523820932116,0.0,12.68857754044952,0.0,8.42614396169195,0.0,2479.233569893255,0.0,259.41925970444186,0.0,189.32398211637064,0.0,4.956068204698213,0.0,10.931205839246003,0.0,3411.226316182655,0.0,1897.164737479184,0.0,11.5595238224862,0.0,10.342493259900474,0.0,7.304653754370345,0.0
Sätze,303.0,0.0,15.989195217591998,0.0,321.8447411402956,0.0,147.0,0.0,92.89199731110952,0.0,11.060568390999563,0.0,12.12435565298214,0.0,7.769650796351052,0.0,727.2090919383074,0.0,120.48027251689173,0.0,85.74801125534384,0.0,2.969795372916355,0.0,12.391526849068585,0.0,2976.026188471895,0.0,1405.4267997144293,0.0,11.060568389989209,0.0,9.595768200572303,0.0,6.632046579308317,0.0
Säule,322.1058823529412,0.0,16.534868496648556,0.0,325.5104612959049,0.0,174.0,0.0,109.31120074079446,0.0,11.285145106615593,0.0,13.19090595827292,0.0,8.422765687631268,0.0,726.771214129544,0.0,117.72311384845295,0.0,84.21288934458359,0.0,3.195715847902553,0.0,10.831588230691903,0.0,2749.215442245692,0.0,1879.8002308585628,0.0,11.28514515237869,0.0,10.5015373722836,0.0,7.442727237670997,0.0
Söhgs,386.88235294117646,0.0,17.952993001407137,0.0,352.5550056288507,0.0,187.0,0.0,123.91105279782239,0.0,12.110031062653615,0.0,13.674794331177344,0.0,9.235544060325983,0.0,2479.798745085846,0.0,258.8329617737335,0.0,191.4750804429049,0.0,5.517468456028354,0.0,14.43540620176082,0.0,3155.099767169034,0.0,1462.8242304263324,0.0,12.110031066790937,0.0,11.237928590106755,0.0,8.123840202402242,0.0
Söndö,384.16470588235296,0.0,17.962051500807114,0.0,344.43249804947266,0.0,205.0,0.0,133.60447986436665,0.0,12.007357793707293,0.0,14.317821063276353,0.0,9.51225722535164,0.0,875.6757300593304,0.0,333.5253310716693,0.0,271.4510564954472,0.0,5.619188800673566,0.0,124.55190299556685,0.0,2164.7675307061245,0.0,1283.452027294526,0.0,12.00729350069094,0.0,12.057463431088033,0.0,8.574238365378429,0.0
Sönör,341.10980392156864,0.0,16.842842335750326,0.0,331.6538293742382,0.0,175.0,0.0,110.50994187568946,0.0,11.407855503697574,0.0,13.228756555322953,0.0,8.475640383561249,0.0,742.910036592561,0.0,227.46834991832827,0.0,170.44852146754036,0.0,4.090368811879317,0.0,34.905165441215985,0.0,2325.833086442515,0.0,1910.4838231038336,0.0,11.407855511479296,0.0,10.584492861580518,0.0,7.415444087531824,0.0
Sühne,366.3607843137255,0.0,17.604505557298534,0.0,322.18118667541205,0.0,166.0,0.0,103.63710155960983,0.0,11.140195386955405,0.0,12.884098726725126,0.0,8.158921195322439,0.0,726.8707017053042,0.0,101.07406201893951,0.0,74.65959585929059,0.0,3.6134998533,0.0,11.210972159549021,0.0,1584.00961449794,0.0,1245.1181765777562,0.0,11.14019539972291,0.0,10.385352075061466,0.0,7.163377606341259,0.0
Sünde,368.03921568627453,0.0,17.702593228036076,0.0,327.3018114914957,0.0,180.0,0.0,113.87362106621445,0.0,11.3824133586785,0.0,13.416407864998739,0.0,8.64989334747501,0.0,837.5099797677708,0.0,127.1586078701702,0.0,102.37846110788361,0.0,3.6099282479463173,0.0,11.162433082917975,0.0,2097.804463058981,0.0,1222.1208523109283,0.0,11.382413357629313,0.0,11.02532487449406,0.0,7.721366710608898,0.0
Süßes,360.5019607843137,0.0,17.33169719897625,0.0,339.4891229519471,0.0,168.0,0.0,110.46779864637531,0.0,11.698882557930364,0.0,12.96148139681572,0.0,8.678249344815043,0.0,739.4635002707225,0.0,188.1066681864124,0.0,146.6061517186515,0.0,5.345999685586656,0.0,18.695565088348054,0.0,1263.8932090111796,0.0,2126.0519180955107,0.0,11.698882565702844,0.0,10.446904431433422,0.0,7.598475457879575,0.0
Tabak,354.3607843137255,0.0,17.253966106528342,0.0,352.6756887582235,0.0,209.0,0.0,135.64883656891047,0.0,12.200543308600361,0.0,14.45683229480096,0.0,9.537469877093578,0.0,731.3786931168671,0.0,155.6540880843633,0.0,109.40310903085475,0.0,6.851915205982314,0.0,11.440173617706566,0.0,3411.7669680612903,0.0,1204.4967221344332,0.0,12.200543312747842,0.0,11.52280484621594,0.0,8.534182609985145,0.0
Tabus,327.98039215686276,0.0,16.68392232447697,0.0,335.7486127646702,0.0,181.0,0.0,114.24056445103116,0.0,11.555253197583568,0.0,13.45362404707371,0.0,8.62062267598491,0.0,726.6346718814367,0.0,114.08586223592519,0.0,78.71719141098679,0.0,4.430686445345659,0.0,10.222493452281276,0.0,4899.42928691206,0.0,1520.9202397250467,0.0,11.555253210753122,0.0,10.642570542522932,0.0,7.5587899243430225,0.0
Tafel,292.6823529411765,0.0,15.842747034604214,0.0,356.30037201718255,0.0,193.0,0.0,126.89818499890713,0.0,12.259560203629306,0.0,13.892443989449804,0.0,9.2847280015826,0.0,730.4158571251368,0.0,141.42803642021488,0.0,109.13655903996647,0.0,3.0901395642121505,0.0,12.609523317767229,0.0,2375.3196182269903,0.0,1789.1775262449785,0.0,12.259560212389168,0.0,10.638729365598868,0.0,8.244801116746805,0.0
Tango,363.46274509803925,0.0,17.49409127468772,0.0,354.0238055899761,0.0,204.0,0.0,131.13078833626207,0.0,12.11203970530523,0.0,14.2828568570857,0.0,9.341950046750734,0.0,2479.3583238217393,0.0,259.46806682400216,0.0,188.33302096968126,0.0,7.830604113941433,0.0,9.082578336595953,0.0,3465.056290419527,0.0,1332.5933296819987,0.0,12.112039708613976,0.0,11.541795498432675,0.0,8.256643978997344,0.0
Tanks,332.0078431372549,0.0,16.674369615554422,0.0,340.0245280268233,0.0,182.0,0.0,115.47367371015578,0.0,11.678612817398026,0.0,13.490737563232042,0.0,8.671917806674475,0.0,726.9265248080592,0.0,124.72841517780172,0.0,82.70567447205346,0.0,5.1302567112388395,0.0,8.639549510545665,0.0,1896.917482147192,0.0,2123.218599385067,0.0,11.678612811485298,0.0,10.38745755471264,0.0,7.621463060189239,0.0
Tanne,326.56470588235294,0.0,16.653868211707398,0.0,317.84611474219275,0.0,162.0,0.0,97.98074392637403,0.0,10.890075053846424,0.0,12.727922061357855,0.0,7.774030239478695,0.0,724.0557260350447,0.0,90.55431924436539,0.0,57.00478637771109,0.0,3.9512490106138904,0.0,7.674851085217381,0.0,2162.101726050903,0.0,1143.3465729537304,0.0,10.890075067360366,0.0,9.882091555889854,0.0,6.739666329272403,0.0
Tante,298.2352941176471,0.0,15.940310614885735,0.0,327.9280233145172,0.0,175.0,0.0,107.45677689497961,0.0,11.246392534920442,0.0,13.228756555322953,0.0,8.215851632646862,0.0,724.5320408388054,0.0,95.951028279673,0.0,61.60589392598894,0.0,3.233253888895635,0.0,7.695381448327348,0.0,3900.7507228385975,0.0,614.3168991093316,0.0,11.24639253501883,0.0,10.136890078762827,0.0,7.149148430293484,0.0
Tapps,349.2745098039216,0.0,17.17902702795087,0.0,352.82421486286876,0.0,186.0,0.0,123.45521566467687,0.0,12.159846620242257,0.0,13.638181696985855,0.0,9.244973745542989,0.0,925.7473381645494,0.0,229.5645392882897,0.0,202.83484307701235,0.0,5.937723721455301,0.0,11.319170629516135,0.0,1995.951758979093,0.0,475.1449378903376,0.0,12.15984663580086,0.0,11.096607024464536,0.0,8.229848240732997,0.0
Tasse,287.6235294117647,0.0,15.5104756801551,0.0,321.4076879051226,0.0,139.0,0.0,86.72664809280471,0.0,10.925406695647311,0.0,11.789826122551595,0.0,7.449579594957725,0.0,725.191389675247,0.0,93.89186885551788,0.0,61.434338795766635,0.0,2.7469683853048776,0.0,8.398462349191869,0.0,1478.7359830348148,0.0,608.4962682660482,0.0,10.92540669965742,0.0,8.782148999497574,0.0,6.154993992669163,0.0
Taste,278.7647058823529,0.0,15.352695763445622,0.0,329.74558155356436,0.0,161.0,0.0,100.93028484421478,0.0,11.27604055128082,0.0,12.68857754044952,0.0,8.053515852094137,0.0,725.111243329282,0.0,98.00204392125192,0.0,64.22380267093949,0.0,3.551910838332749,0.0,8.195396692171183,0.0,3774.266283491629,0.0,769.8305835593288,0.0,11.276040550435129,0.0,9.577404278898227,0.0,6.887493875474808,0.0
Tasts,270.47843137254904,0.0,15.063573597238326,0.0,333.06336197703723,0.0,162.0,0.0,102.79979590349176,0.0,11.39314456117644,0.0,12.727922061357855,0.0,8.174218249666342,0.0,725.229411799599,0.0,99.20072905210587,0.0,65.44267679196935,0.0,4.127960174034541,0.0,8.592773215963579,0.0,3774.8697211415288,0.0,769.944911340836,0.0,11.39314456022881,0.0,9.566573032052748,0.0,7.004817971678386,0.0
Tatal,279.47450980392153,0.0,15.445110858861522,0.0,350.5167861279184,0.0,195.0,0.0,127.5461104226907,0.0,12.136087442201127,0.0,13.96424004376894,0.0,9.26903976878899,0.0,728.1703940549086,0.0,125.6953700082169,0.0,94.13408651276688,0.0,3.3504219202413705,0.0,9.538955949226672,0.0,3503.162473353823,0.0,1684.8552760538487,0.0,12.1360874443639,0.0,10.643824493549682,0.0,8.213761473392431,0.0
Tatar,272.43529411764706,0.0,15.139151054662925,0.0,334.0845178220004,0.0,170.0,0.0,106.74119293869302,0.0,11.448286564194273,0.0,13.038404810405298,0.0,8.272803114714517,0.0,724.9433766072559,0.0,100.36943734068895,0.0,65.23367760342661,0.0,3.6628484959151404,0.0,8.927420272230846,0.0,3496.2346506922518,0.0,1682.7201873724766,0.0,11.448286566296236,0.0,9.721009246864963,0.0,7.130701505671733,0.0
Tatem,338.0156862745098,0.0,16.93428690700696,0.0,396.35174980359915,0.0,241.0,0.0,164.8760421475493,0.0,13.541760712365019,0.0,15.524174696260024,0.0,10.85087561160845,0.0,851.6818291207221,0.0,477.20211169114987,0.0,367.96177830368606,0.0,11.590840620006544,0.0,10.487101454686147,0.0,1817.2190134106675,0.0,1296.7850542296155,0.0,13.541760717709213,0.0,12.98807613407459,0.0,9.912211944904668,0.0
Taten,298.2352941176471,0.0,15.940310614885735,0.0,328.8454236217417,0.0,169.0,0.0,105.32145308075062,0.0,11.294873626183403,0.0,13.0,0.0,8.189394538494147,0.0,724.6114138338799,0.0,96.39843876183575,0.0,62.31520232908027,0.0,4.744021728939775,0.0,7.808542342199678,0.0,1812.7237015086523,0.0,1295.8217851786276,0.0,11.294873633586034,0.0,10.040790386521174,0.0,7.134926195654304,0.0
Tatze,284.3333333333333,0.0,15.588039954380958,0.0,335.0515616352575,0.0,164.0,0.0,103.03795925089068,0.0,11.449131777105857,0.0,12.806248474865697,0.0,8.149797088876454,0.0,726.1094354074586,0.0,109.2518949917021,0.0,75.45592192020484,0.0,3.4359482796764924,0.0,10.552188781522778,0.0,3197.255462858825,0.0,1366.2947654022223,0.0,11.449131777560254,0.0,9.687625329598907,0.0,6.944074926001203,0.0
Taube,336.26666666666665,0.0,16.945420673877845,0.0,331.9964226417538,0.0,183.0,0.0,113.40505138858477,0.0,11.419360709626256,0.0,13.527749258468683,0.0,8.51515281522573,0.0,726.6426830952382,0.0,115.24543052666853,0.0,78.64345234643108,0.0,5.184381212467885,0.0,10.19138846725454,0.0,2790.876328693763,0.0,773.1630170223456,0.0,11.419360718644526,0.0,10.756859592557134,0.0,7.449742711296514,0.0
Taxis,282.18039215686275,0.0,15.432538013143041,0.0,346.7072227486626,0.0,184.0,0.0,117.74213243055749,0.0,11.881316729182107,0.0,13.564659966250536,0.0,8.783679280780877,0.0,726.4253797437016,0.0,112.16942617854156,0.0,76.72032357508805,0.0,3.7125264558195594,0.0,16.6501939330024,0.0,3723.762312309409,0.0,1403.4756185679337,0.0,11.881316770541412,0.0,10.085617157827878,0.0,7.627659677592482,0.0
Tbbkn,386.9843137254902,0.0,18.187065465596802,0.0,373.33117115219954,0.0,240.0,0.0,159.39156374101287,0.0,12.959033935874606,0.0,15.491933384829668,0.0,10.473608339599895,0.0,734.667830547101,0.0,176.18594847796197,0.0,129.14583883916913,0.0,4.686697939227484,0.0,17.379954255699975,0.0,1729.0189287165942,0.0,2134.58085717511,0.0,12.959033932666552,0.0,12.575138792856858,0.0,9.508962172790383,0.0
Tbrsb,326.7137254901961,0.0,16.70352740466978,0.0,362.4710938870941,0.0,207.0,0.0,137.13233930774555,0.0,12.502295681055838,0.0,14.38749456993816,0.0,9.718581995009462,0.0,737.3769454719587,0.0,187.3417651086285,0.0,137.3645210023459,0.0,5.301427873293094,0.0,21.05986452835505,0.0,2025.1645653824257,0.0,1362.4522753514236,0.0,12.502295684289619,0.0,11.527769885788722,0.0,8.637172804439468,0.0
Tbxgn,382.55686274509804,0.0,18.0560381918755,0.0,384.26134746890625,0.0,236.0,0.0,157.8736677708393,0.0,13.152100636002041,0.0,15.362291495737216,0.0,10.472422472356106,0.0,2480.97731377427,0.0,280.8273465790234,0.0,207.91543415427734,0.0,6.292523618107742,0.0,22.33243058402645,0.0,4098.139219982032,0.0,1528.8104894035234,0.0,13.152100639035206,0.0,12.268545167056008,0.0,9.349016081684058,0.0
Tchbl,330.06666666666666,0.0,16.835963684999275,0.0,375.86546881453955,0.0,238.0,0.0,157.21189618074948,0.0,12.95602473954713,0.0,15.427248620541512,0.0,10.37856916374113,0.0,733.650714509625,0.0,148.14424085507744,0.0,112.27720597471446,0.0,6.111174448699427,0.0,15.34650911641957,0.0,2206.2406890552516,0.0,411.24078820593377,0.0,12.956024749958276,0.0,12.231917117723828,0.0,9.347013736135878,0.0
Tchcr,285.56470588235294,0.0,15.465878653910536,0.0,344.5160383139908,0.0,179.0,0.0,111.87736769497855,0.0,11.677696410092294,0.0,13.379088160259652,0.0,8.475978484520283,0.0,728.7917335151373,0.0,104.26185462470741,0.0,70.04762212507693,0.0,5.282055390377818,0.0,14.57149595182131,0.0,1587.3223125740349,0.0,454.1904504401242,0.0,11.677696414990764,0.0,10.036047685106332,0.0,7.316887272062109,0.0
Tchfl,303.4196078431372,0.0,16.116919023679436,0.0,381.41192101789204,0.0,242.0,0.0,159.00454627672394,0.0,13.0568761437741,0.0,15.556349186104045,0.0,10.392909934001015,0.0,733.6608676215899,0.0,149.85109445414648,0.0,114.3663613083199,0.0,4.707970755511703,0.0,15.838212932104021,0.0,1539.863252619185,0.0,795.377651660247,0.0,13.056876164560986,0.0,12.030677104878105,0.0,9.308694673138362,0.0
Tchgr,341.27843137254905,0.0,16.953677305050466,0.0,375.2915299948979,0.0,221.0,0.0,143.64530942488523,0.0,12.714480767320449,0.0,14.866068747318506,0.0,9.842562139154662,0.0,2479.973020091027,0.0,259.9133554137523,0.0,189.37662350060427,0.0,7.7922351286747755,0.0,14.369679398261729,0.0,3327.296454517929,0.0,1337.0704252012238,0.0,12.71448077377674,0.0,11.627513580616922,0.0,8.681386566088886,0.0
Tchph,367.1058823529412,0.0,17.634890794046743,0.0,370.7848555531248,0.0,232.0,0.0,151.37156147327426,0.0,12.751800182815785,0.0,15.231546211727817,0.0,10.12793436275982,0.0,830.3018185721052,0.0,188.70977072259603,0.0,158.5649321489788,0.0,9.76214653419699,0.0,16.066916742328434,0.0,2044.0880130284886,0.0,499.50714154414015,0.0,12.751800199152294,0.0,12.40140062656434,0.0,9.13363659503004,0.0
Tchpl,332.7686274509804,0.0,16.877682394636572,0.0,379.30895756898394,0.0,235.0,0.0,156.46228777067773,0.0,13.04280243356523,0.0,15.329709716755891,0.0,10.40663717849237,0.0,830.156678729383,0.0,194.64171943415235,0.0,165.3690879321088,0.0,6.5164742877290305,0.0,15.850568764762638,0.0,2058.2471769205863,0.0,505.0300199270047,0.0,13.042802448658858,0.0,12.18975746344665,0.0,9.397025030242064,0.0
Tchpr,325.7294117647059,0.0,16.59815074722497,0.0,362.87668926306594,0.0,210.0,0.0,135.65737028668005,0.0,12.405375535314288,0.0,14.491376746189438,0.0,9.530071904462105,0.0,827.3275577107588,0.0,179.3323642147931,0.0,150.8016634310519,0.0,6.295870349121351,0.0,15.506961914532859,0.0,2045.9617521194925,0.0,497.36784391602225,0.0,12.405375552510487,0.0,11.392857765539242,0.0,8.466705727516224,0.0
Tchsp,333.32941176470587,0.0,16.763244518350465,0.0,361.562647909225,0.0,212.0,0.0,137.23652139638722,0.0,12.377668452228653,0.0,14.560219778561036,0.0,9.605271585692892,0.0,1438.5072860395574,0.0,373.7362064579112,0.0,351.9751078002446,0.0,7.471737625147607,0.0,19.526601199855246,0.0,1497.4072218547929,0.0,420.7694279130612,0.0,12.377668458147348,0.0,11.615052346698555,0.0,8.504557839148033,0.0
Tcnhn,337.30196078431374,0.0,16.91489791947612,0.0,342.9445227354321,0.0,207.0,0.0,128.63540021543503,0.0,11.801738494554021,0.0,14.38749456993816,0.0,9.050356915680425,0.0,727.6610437471987,0.0,106.15856672570582,0.0,70.39812384900196,0.0,7.84548046713084,0.0,14.772339708460448,0.0,1712.9107743801394,0.0,606.3977572146104,0.0,11.801738499794785,0.0,11.354176673894314,0.0,8.044871352840884,0.0
Tctjs,260.70980392156866,0.0,14.885892782146746,0.0,370.97131661145954,0.0,212.0,0.0,138.695336286794,0.0,12.5966132268139,0.0,14.560219778561036,0.0,9.67515785918966,0.0,5318.898698223726,0.0,395.98759410019227,0.0,345.9940917229585,0.0,3.6239355455599562,0.0,17.188846346949834,0.0,2247.3727767313317,0.0,2347.0632321190365,0.0,12.59661326934247,0.0,11.159053318561252,0.0,8.564766722800707,0.0
Tdlhs,338.45098039215685,0.0,17.06661755687859,0.0,370.0986614940627,0.0,216.0,0.0,145.60075213342964,0.0,12.83994209004702,0.0,14.696938456699069,0.0,10.09718865141608,0.0,2060.6608526425453,0.0,306.7005691480793,0.0,279.1867733940649,0.0,4.421352179659281,0.0,16.162151217186633,0.0,1864.556047745997,0.0,841.0686213167878,0.0,12.839942093416266,0.0,11.621759822868729,0.0,9.122072786755602,0.0
Tdmrr,349.2862745098039,0.0,17.247780170204294,0.0,416.5953017307729,0.0,266.0,0.0,183.46797979552593,0.0,14.167478516352114,0.0,16.30950643030009,0.0,11.502109615327441,0.0,2073.711675478575,0.0,398.55822671651123,0.0,337.10839539382715,0.0,8.396628906447202,0.0,16.70087520317737,0.0,4874.077057471073,0.0,1469.2363891037578,0.0,14.167478512928723,0.0,13.272154496837334,0.0,10.515520839399686,0.0
Tdntr,308.2470588235294,0.0,16.292560271011563,0.0,358.3639351210686,0.0,211.0,0.0,136.51111381080057,0.0,12.366571632584604,0.0,14.52583904633395,0.0,9.56967391813477,0.0,2059.9105298093646,0.0,302.5421676662507,0.0,275.43451066571504,0.0,7.771835837699887,0.0,15.839425643659235,0.0,3978.992555575855,0.0,755.2919181041489,0.0,12.36657163183454,0.0,11.142601568521473,0.0,8.531477722156728,0.0
Tdtds,331.83137254901953,0.0,16.91192600093586,0.0,366.8912492272143,0.0,217.0,0.0,145.40788363259387,0.0,12.734153455840685,0.0,14.730919862656235,0.0,10.08093104679373,0.0,2102.0067237767553,0.0,314.2298777396389,0.0,286.02215046949954,0.0,4.571224733927797,0.0,16.246195519342063,0.0,2542.8498304884324,0.0,1717.9367602795387,0.0,12.734153454570011,0.0,11.852994050378811,0.0,9.100510735402862,0.0
Teams,346.87450980392157,0.0,17.077460632909947,0.0,387.55007869594294,0.0,236.0,0.0,158.7882701201094,0.0,13.239346455616163,0.0,15.362291495737216,0.0,10.555984626005126,0.0,779.0564631290198,0.0,322.0633166868789,0.0,240.5902324909473,0.0,7.324383290776444,0.0,9.625703464273386,0.0,3244.173622763586,0.0,546.5300608240505,0.0,13.239346461376156,0.0,12.63305888309097,0.0,9.58002731032813,0.0
Teddy,363.53725490196075,0.0,17.638333354858137,0.0,378.7542588948011,0.0,244.0,0.0,161.7802104677747,0.0,13.05507674299386,0.0,15.620499351813308,0.0,10.571923141804687,0.0,2465.123328051721,0.0,219.75550106128466,0.0,164.82171607404453,0.0,6.830496054219384,0.0,10.768526193157642,0.0,2750.3468066423497,0.0,1388.730313410096,0.0,13.055076736183073,0.0,12.80379781967145,0.0,9.599756514561877,0.0
Teich,298.96862745098036,0.0,15.960328075572017,0.0,347.66696120276663,0.0,184.0,0.0,117.42832244008754,0.0,11.883057705822536,0.0,13.564659966250536,0.0,8.77742283878435,0.0,729.0893074939934,0.0,111.82244421364186,0.0,78.57266712097932,0.0,6.032502475020036,0.0,9.382031490104866,0.0,1842.9105861875282,0.0,618.741272497463,0.0,11.883057710462126,0.0,10.305006353082245,0.0,7.713387772362727,0.0
Teile,278.11372549019603,0.0,15.557281883666025,0.0,351.7852993820433,0.0,193.0,0.0,124.21364395958099,0.0,12.077624188920332,0.0,13.892443989449804,0.0,9.06963899108708,0.0,726.1050725770688,0.0,108.06708529662613,0.0,75.80489344140894,0.0,3.5932036996956036,0.0,8.200542005847282,0.0,2613.5458365289555,0.0,1778.6607703006425,0.0,12.07762424020672,0.0,10.330876363372175,0.0,8.007213648110564,0.0
Teint,281.0,0.0,15.585373026157416,0.0,347.02795933188247,0.0,192.0,0.0,121.5741232084192,0.0,11.89828130055108,0.0,13.856406460551018,0.0,8.865784927586022,0.0,724.9767057245282,0.0,99.2340651909179,0.0,64.49753542882834,0.0,3.5789371688405898,0.0,8.243736877757385,0.0,2155.545535674665,0.0,1226.5501513314284,0.0,11.898281312517822,0.0,10.31536118250513,0.0,7.78415721088702,0.0
Tempo,386.42352941176466,0.0,18.105105581999034,0.0,408.12360770275404,0.0,262.0,0.0,179.71498921474137,0.0,13.89500583620229,0.0,16.186414056238647,0.0,11.340251763346993,0.0,859.5721489948472,0.0,315.86209312623043,0.0,245.7579429230412,0.0,6.957675498569636,0.0,11.746773310248884,0.0,2091.594298497603,0.0,1420.6410628114718,0.0,13.895005845437359,0.0,13.707077533076511,0.0,10.399138094214718,0.0
Tente,296.9647058823529,0.0,15.971759968571288,0.0,331.7543334062257,0.0,176.0,0.0,108.02877949748014,0.0,11.32874096508002,0.0,13.2664991614216,0.0,8.236413830669676,0.0,724.618524864866,0.0,95.62536115599059,0.0,61.481489135293884,0.0,3.123383784601318,0.0,7.859781876734824,0.0,3886.049401501933,0.0,586.454267996569,0.0,11.328740965209398,0.0,10.041223565953096,0.0,7.133321671434595,0.0
Tenzt,294.2470588235294,0.0,15.924346806780074,0.0,344.04104958519383,0.0,185.0,0.0,115.74586394106069,0.0,11.741506096972598,0.0,13.601470508735444,0.0,8.612462087307689,0.0,726.126860696361,0.0,109.82395251433414,0.0,75.52419185816004,0.0,4.097602287823949,0.0,10.89596213477527,0.0,3166.414810446182,0.0,611.889903794993,0.0,11.74150609861704,0.0,10.197079510977874,0.0,7.414781624132928,0.0
Teste,277.49411764705883,0.0,15.385346313929324,0.0,333.57189164527284,0.0,162.0,0.0,101.50228744671531,0.0,11.358174031000642,0.0,12.727922061357855,0.0,8.074491458928675,0.0,725.1976582820903,0.0,97.68321494008076,0.0,64.10447854392729,0.0,3.532533525175709,0.0,8.396069287423582,0.0,3759.0573217010638,0.0,747.820070530519,0.0,11.358174030136004,0.0,9.476091122156703,0.0,6.871064449853355,0.0
Teten,296.9647058823529,0.0,15.971759968571288,0.0,332.6717337134502,0.0,170.0,0.0,105.89345568325115,0.0,11.376871144379784,0.0,13.038404810405298,0.0,8.21002299920642,0.0,724.697888387723,0.0,96.07428825656959,0.0,62.19221640356026,0.0,4.751024400907851,0.0,8.04428078741794,0.0,1780.919475188064,0.0,1282.9236636824091,0.0,11.376871151722666,0.0,9.944199404939498,0.0,7.11906781870812,0.0
Texas,298.14509803921567,0.0,15.8226576040906,0.0,335.862707032421,0.0,163.0,0.0,102.92526666180726,0.0,11.444187127588393,0.0,12.767145334803704,0.0,8.152464071650082,0.0,726.1122280856978,0.0,108.31147771748515,0.0,73.87695758821496,0.0,2.5963647485328476,0.0,16.855370177564293,0.0,4114.508865599505,0.0,1390.2907324906123,0.0,11.44418712980535,0.0,9.437293891284735,0.0,6.910587914501394,0.0
Texte,288.01568627450985,0.0,15.700016529645499,0.0,345.31865539276566,0.0,181.0,0.0,114.34830823972197,0.0,11.779740618123752,0.0,13.45362404707371,0.0,8.607579573584522,0.0,726.3771532669941,0.0,110.55874377226742,0.0,75.75819698135666,0.0,3.1720777077766997,0.0,16.741256548548392,0.0,4474.012517909076,0.0,969.8773627844309,0.0,11.779740616588787,0.0,9.95663954127535,0.0,7.405489930330986,0.0
Theke,353.3294117647059,0.0,17.303959228976403,0.0,353.5077211112996,0.0,192.0,0.0,124.05005898821042,0.0,12.1075758519189,0.0,13.856406460551018,0.0,9.099630123369634,0.0,730.7837614608987,0.0,141.40343199107983,0.0,100.33425695286115,0.0,3.5680482406728293,0.0,10.25992104581129,0.0,1785.656913497638,0.0,2158.114767940586,0.0,12.107575848261217,0.0,10.675492557044306,0.0,7.983387628578844,0.0
Thmrs,355.20784313725494,0.0,17.306949132465284,0.0,407.298929843176,0.0,253.0,0.0,173.18134460723596,0.0,13.845466563163628,0.0,15.905973720586866,0.0,11.115116804763513,0.0,766.7338775455886,0.0,285.5929781303108,0.0,212.53607481176797,0.0,6.896476515766863,0.0,10.959403593357507,0.0,4802.716651303713,0.0,1402.2126151467987,0.0,13.845466560130589,0.0,12.976382656111129,0.0,10.107387074501615,0.0
Thpjs,343.5098039215686,0.0,17.109868636766244,0.0,386.1792596372159,0.0,229.0,0.0,154.9635344871807,0.0,13.193652162157923,0.0,15.132745950421556,0.0,10.448691659774141,0.0,5335.800532817988,0.0,428.5316862463212,0.0,377.47755901972175,0.0,5.718174133659539,0.0,16.371099187225063,0.0,1972.8475887325842,0.0,2018.4621264999732,0.0,13.19365220005894,0.0,12.012926070227067,0.0,9.392668235731676,0.0
Tibet,293.79607843137256,0.0,15.961772865276942,0.0,364.09004030636214,0.0,224.0,0.0,145.59363710236988,0.0,12.549047762480976,0.0,14.966629547095765,0.0,9.87024356253188,0.0,727.3496711428729,0.0,120.64099746077193,0.0,84.15024796194864,0.0,5.082116588814861,0.0,9.545035053296617,0.0,1871.3471281505442,0.0,1043.057771057872,0.0,12.549047771645855,0.0,11.772898334282049,0.0,8.859645092809895,0.0
Ticks,290.1058823529412,0.0,15.614755095782602,0.0,363.4977274015765,0.0,204.0,0.0,133.25939343381611,0.0,12.416911806983522,0.0,14.2828568570857,0.0,9.452325790650558,0.0,728.3736050174783,0.0,129.77247816393208,0.0,87.01848001337235,0.0,5.4281759889205095,0.0,9.343306702823785,0.0,1829.9702846371426,0.0,2300.7671033130387,0.0,12.416911802389844,0.0,10.783136857797707,0.0,8.376048685042546,0.0
Tiefe,284.2941176470588,0.0,15.644398515800605,0.0,358.8340633293126,0.0,212.0,0.0,135.20765415900695,0.0,12.268340071808609,0.0,14.560219778561036,0.0,9.410287434787456,0.0,727.2489813182195,0.0,122.42709149068192,0.0,85.81770907784706,0.0,4.173470763390432,0.0,10.918405166376765,0.0,1923.9923281181837,0.0,1243.5785957577361,0.0,12.268340089695881,0.0,11.181188654809445,0.0,8.312886488486102,0.0
Tiere,271.0745098039216,0.0,15.25357219870882,0.0,346.3941883789192,0.0,192.0,0.0,120.62969496211046,0.0,11.845910761133744,0.0,13.856406460551018,0.0,8.820379142946521,0.0,724.9931712264957,0.0,100.03515382299015,0.0,65.21370479619756,0.0,3.29281681473285,0.0,8.43370141754208,0.0,4923.961752687509,0.0,1045.7869238403634,0.0,11.845910763583674,0.0,10.452978076391695,0.0,7.7186137253043405,0.0
Tifil,259.4823529411765,0.0,15.086739851230812,0.0,396.55537818597395,0.0,266.0,0.0,177.49567671761082,0.0,13.601160540856146,0.0,16.30950643030009,0.0,11.04165089832446,0.0,731.5932691447128,0.0,152.210946366911,0.0,116.16219475899992,0.0,3.7583315949096203,0.0,13.189061564214235,0.0,3491.904574642894,0.0,2269.2749623365553,0.0,13.601160584924308,0.0,12.431100474475848,0.0,10.036914676376274,0.0
Tiger,313.3058823529411,0.0,16.354665353220778,0.0,376.11129495995146,0.0,224.0,0.0,146.5432244548657,0.0,12.78753033079732,0.0,14.966629547095765,0.0,9.960995450019215,0.0,2326.928571039666,0.0,254.19993909626547,0.0,184.89647006147246,0.0,6.7324904389177105,0.0,9.205571564514795,0.0,1834.9732599771346,0.0,1042.1428841629647,0.0,12.787530340031873,0.0,11.72897338864135,0.0,8.881058286066972,0.0
Tings,332.0901960784314,0.0,16.810028405057924,0.0,373.4845070232419,0.0,228.0,0.0,148.9751401813653,0.0,12.746831975074997,0.0,15.0996688705415,0.0,10.03288041956896,0.0,2479.048110972273,0.0,257.25281735676873,0.0,186.99713467571118,0.0,8.168180649827164,0.0,8.83565024290954,0.0,3575.8914816881183,0.0,1599.9811586369965,0.0,12.74683197949695,0.0,11.918547588360935,0.0,8.967660433373977,0.0
Tinni,293.36470588235295,0.0,15.936386420678103,0.0,360.4101057468291,0.0,231.0,0.0,147.73519638889601,0.0,12.456465811159362,0.0,15.198684153570664,0.0,9.840608787536329,0.0,725.9238336968591,0.0,111.95860459854589,0.0,74.79281736435908,0.0,4.314954862589123,0.0,9.098883540867536,0.0,2342.225381303237,0.0,1449.513401917243,0.0,12.456465823142935,0.0,11.653871458325446,0.0,8.881901123660114,0.0
Tippi,324.3607843137255,0.0,16.749032003337607,0.0,392.07042544403225,0.0,254.0,0.0,171.34015706792187,0.0,13.482470959592536,0.0,15.937377450509228,0.0,10.950472514350258,0.0,927.1167496637642,0.0,238.3235994960664,0.0,208.15462115750333,0.0,6.574575491426379,0.0,12.15611588139157,0.0,2188.605611100698,0.0,1009.9045875808679,0.0,13.482470972487562,0.0,12.708226747955349,0.0,9.978254580942707,0.0
Tirms,313.7529411764706,0.0,16.31405024186568,0.0,415.05597508726953,0.0,275.0,0.0,187.22330560752528,0.0,14.091475517999228,0.0,16.583123951777,0.0,11.509306173063676,0.0,779.6273806796356,0.0,324.32032891564,0.0,242.2696125450893,0.0,8.19771684969881,0.0,9.419858952821446,0.0,3698.477976507934,0.0,1681.552649834821,0.0,14.09147552415781,0.0,13.488503730475934,0.0,10.527818598658987,0.0
Titel,260.9686274509804,0.0,15.111764069842275,0.0,372.82044015734016,0.0,226.0,0.0,149.6744547302614,0.0,12.851020402723472,0.0,15.033296378372908,0.0,10.104143012790875,0.0,728.562480316867,0.0,128.26476548607133,0.0,96.39656896116047,0.0,3.787883317659225,0.0,9.4588244127732,0.0,2036.4732387087547,0.0,1574.6554073515545,0.0,12.85102040868401,0.0,11.475033394746506,0.0,9.094632140054443,0.0
Titim,304.8156862745098,0.0,16.22920696722679,0.0,436.60675597239043,0.0,314.0,0.0,215.47353386625298,0.0,14.7673299842146,0.0,17.72004514666935,0.0,12.387630202572902,0.0,852.691811367049,0.0,480.5082081616564,0.0,370.1063864141698,0.0,12.513153115612775,0.0,11.26986043506377,0.0,3139.1825160775234,0.0,1905.353778158845,0.0,14.767330019679736,0.0,14.492750537347998,0.0,11.44617212750899,0.0
Titin,265.035294117647,0.0,15.189160221529502,0.0,369.100429790533,0.0,242.0,0.0,155.9189447994543,0.0,12.73848193087325,0.0,15.556349186104045,0.0,10.137951637496359,0.0,725.7982420592754,0.0,111.61962956376638,0.0,73.93274926213653,0.0,5.803090631732544,0.0,9.014853185512463,0.0,3136.697677890253,0.0,1904.7045952483577,0.0,12.73848196887533,0.0,11.923387436510785,0.0,9.147135207607729,0.0
Tlttm,310.7529411764706,0.0,16.40627499723476,0.0,442.738415498379,0.0,320.0,0.0,221.85842478530816,0.0,14.974135717170196,0.0,17.88854381999832,0.0,12.644611177595051,0.0,854.3216209873254,0.0,483.8709872755992,0.0,373.7400534607822,0.0,11.565166470323371,0.0,12.194059418946821,0.0,3991.551979147255,0.0,1382.9106272461877,0.0,14.974135713886847,0.0,14.709926513633123,0.0,11.703649285438019,0.0
Tnlgn,358.67843137254897,0.0,17.55603408941968,0.0,376.3105196091934,0.0,231.0,0.0,152.96772710461033,0.0,12.917847651995446,0.0,15.198684153570664,0.0,10.241471619058375,0.0,2479.351132392701,0.0,261.0298380385146,0.0,190.92104313278205,0.0,7.351840160114307,0.0,12.750833428347716,0.0,3427.4632253285813,0.0,1368.4078727505657,0.0,12.917847653273249,0.0,11.884569086311643,0.0,9.18615731675088,0.0
Tnrfn,306.74117647058824,0.0,16.181073142028673,0.0,352.52508983216126,0.0,204.0,0.0,129.3827271181089,0.0,12.098498002365197,0.0,14.2828568570857,0.0,9.17210710830263,0.0,727.2842250398618,0.0,123.7454301412657,0.0,86.68859151502329,0.0,4.353101323513553,0.0,13.617545870153675,0.0,2054.0968399280514,0.0,1521.2303324320008,0.0,12.098498019970158,0.0,10.78829520363157,0.0,8.043163657008742,0.0
Toast,284.6156862745098,0.0,15.465696684375478,0.0,336.7154173854599,0.0,177.0,0.0,111.55769883886381,0.0,11.537961801314584,0.0,13.30413469565007,0.0,8.477659639809952,0.0,725.6538245258774,0.0,102.78940969069143,0.0,67.1305293755195,0.0,4.984087021706357,0.0,8.888563372803004,0.0,1396.5187746286078,0.0,388.5702983037179,0.0,11.537961803983364,0.0,9.946544364919033,0.0,7.256702575443075,0.0
Todes,327.65882352941173,0.0,16.688534212559926,0.0,337.4412563813901,0.0,176.0,0.0,112.83420398312136,0.0,11.620523523467941,0.0,13.2664991614216,0.0,8.657435894398718,0.0,845.1220091563567,0.0,130.24428223584022,0.0,101.30291334301765,0.0,4.648645707046407,0.0,8.728290559473953,0.0,2255.424327426504,0.0,922.5819637989779,0.0,11.620523522455958,0.0,10.66640391193886,0.0,7.623227482263672,0.0
Toigo,340.8941176470588,0.0,16.992406201362733,0.0,370.3844759768158,0.0,218.0,0.0,143.0752203621363,0.0,12.634418527084193,0.0,14.7648230602334,0.0,9.845801975578318,0.0,2479.6125535223205,0.0,262.0119065139405,0.0,190.15912881215513,0.0,7.137059633046708,0.0,9.850334824329943,0.0,3475.2335434238157,0.0,1405.4757638863591,0.0,12.634418531494346,0.0,11.666154011809098,0.0,8.71695447422847,0.0
Tokio,323.57647058823534,0.0,16.52300715592708,0.0,363.01060788903214,0.0,221.0,0.0,143.03847246181968,0.0,12.474008006580581,0.0,14.866068747318506,0.0,9.743908491413245,0.0,730.0601144258977,0.0,145.35859620017732,0.0,98.4373855050873,0.0,4.214227326461692,0.0,10.91630075806434,0.0,3999.1213833917477,0.0,1406.8395504308896,0.0,12.474008047122233,0.0,11.574554774112041,0.0,8.658426797222408,0.0
Tolid,311.1333333333333,0.0,16.436657393363788,0.0,376.54068701692574,0.0,242.0,0.0,161.1594274499008,0.0,13.05347849909047,0.0,15.556349186104045,0.0,10.540649396731087,0.0,1156.4028927002287,0.0,192.01205519026536,0.0,163.5438765738069,0.0,6.051227524327973,0.0,11.566357823705525,0.0,2964.1992344265886,0.0,1216.5898661391677,0.0,13.053478543691229,0.0,12.305999317950358,0.0,9.581909044250796,0.0
Tolle,291.08235294117645,0.0,15.898445490421965,0.0,360.5905842937499,0.0,209.0,0.0,137.40269698957718,0.0,12.462658078491474,0.0,14.45683229480096,0.0,9.65343125636756,0.0,727.396860496237,0.0,118.57027717780262,0.0,86.25023262472894,0.0,3.283898001675478,0.0,8.04326251707507,0.0,2582.2659228545385,0.0,1749.3931731596035,0.0,12.462658127719058,0.0,10.966569445510848,0.0,8.621753137973608,0.0
Tondo,352.98039215686276,0.0,17.331414142708677,0.0,346.7183838040232,0.0,214.0,0.0,136.31884572085696,0.0,12.02090897250204,0.0,14.628738838327793,0.0,9.474335966478684,0.0,838.3980098213904,0.0,140.0101821758046,0.0,105.82998327205482,0.0,5.847771806046197,0.0,9.423942139826552,0.0,2404.92012106376,0.0,1130.2230971885908,0.0,12.020908971596343,0.0,11.871820633443392,0.0,8.496415639122542,0.0
Tonne,331.14509803921567,0.0,16.788014984974165,0.0,323.33313490617184,0.0,170.0,0.0,103.53446045360172,0.0,11.079910709361954,0.0,13.038404810405298,0.0,8.01885480115456,0.0,724.529337614024,0.0,94.21919732607276,0.0,59.77574998118352,0.0,3.5637033038064025,0.0,7.890094044988396,0.0,2160.2662580403044,0.0,1130.7183667198888,0.0,11.079910722158077,0.0,10.080216481077306,0.0,6.94920116088268,0.0
Tools,297.49411764705883,0.0,15.886890177372084,0.0,347.67711635390833,0.0,191.0,0.0,123.43380523901705,0.0,11.953776183991142,0.0,13.820274961085254,0.0,9.054160505269486,0.0,726.9195107090386,0.0,114.74718737888648,0.0,80.48044598601943,0.0,3.6012173447222215,0.0,9.010711247442076,0.0,2662.22667061946,0.0,1832.830280941622,0.0,11.953776227523592,0.0,10.5968233586566,0.0,7.961408756894703,0.0
Torso,290.4549019607843,0.0,15.589603096976559,0.0,337.4228185835816,0.0,171.0,0.0,107.95923496205586,0.0,11.523342074097846,0.0,13.076696830622021,0.0,8.354004469517276,0.0,727.0926194581475,0.0,110.82825475061962,0.0,73.50795762547327,0.0,3.75965637498158,0.0,9.167476093559937,0.0,2051.36500061876,0.0,1363.7088078160984,0.0,11.523342077679056,0.0,9.927366586880158,0.0,7.1009613283232955,0.0
Tosto,289.19607843137254,0.0,15.610057484067815,0.0,343.033597902882,0.0,187.0,0.0,119.17764441312804,0.0,11.766307487311282,0.0,13.674794331177344,0.0,8.81638204999961,0.0,727.3500583298014,0.0,114.79511822677532,0.0,76.86521532381222,0.0,3.6506059367448445,0.0,9.25190263327642,0.0,3776.368887639647,0.0,756.8650551279474,0.0,11.76630748598419,0.0,10.54228472479586,0.0,7.65468667930322,0.0
Toter,275.7450980392157,0.0,15.31938736938648,0.0,337.93127482026966,0.0,168.0,0.0,105.7547699459796,0.0,11.525895933437369,0.0,12.96148139681572,0.0,8.249451144285208,0.0,725.2199330744087,0.0,99.44055478957583,0.0,64.88123934397323,0.0,4.131360007327091,0.0,8.33340737221901,0.0,1813.427143210714,0.0,1284.668668500441,0.0,11.525895940108176,0.0,9.609073474832558,0.0,7.075057041962932,0.0
Toton,308.6666666666667,0.0,16.188333143039134,0.0,340.4289403989603,0.0,196.0,0.0,123.04776182261409,0.0,11.717891884234753,0.0,14.0,0.0,8.884782089944464,0.0,725.9808031137627,0.0,109.76691630111986,0.0,71.95175239221672,0.0,4.7276190920383,0.0,9.104981239285292,0.0,2003.9930722010347,0.0,1249.3882584378105,0.0,11.717891889476528,0.0,10.935582144133617,0.0,7.811205308725609,0.0
Tpkth,362.8666666666667,0.0,17.5681087983667,0.0,387.5365753901723,0.0,250.0,0.0,167.19714966807328,0.0,13.334664789281906,0.0,15.811388300841896,0.0,10.769717649195695,0.0,1013.2672384274663,0.0,354.5494452931416,0.0,319.0832819239328,0.0,4.67176707978948,0.0,16.31483345128359,0.0,4713.451507258758,0.0,989.9167634690923,0.0,13.334664788829759,0.0,12.634274093800737,0.0,9.740660817993179,0.0
Tpsrs,297.1490196078431,0.0,15.81618606484609,0.0,350.79779354396356,0.0,174.0,0.0,114.4624762089885,0.0,12.005207825922053,0.0,13.19090595827292,0.0,8.841908050327806,0.0,1008.6329092173338,0.0,336.5866628227684,0.0,308.39516134046386,0.0,6.6215491249553615,0.0,13.992468218728296,0.0,4772.42249558922,0.0,582.7309939780732,0.0,12.005207826230581,0.0,10.075913081264822,0.0,7.66873999393475,0.0
Tqtkm,388.878431372549,0.0,18.20751499959816,0.0,441.6908259159379,0.0,301.0,0.0,212.3415028630207,0.0,14.936366319366375,0.0,17.349351572897472,0.0,12.506396766491509,0.0,11076.393902732469,0.0,3356.1471485555458,0.0,3245.0518257164726,0.0,10.48988365383719,0.0,38.80968461273303,0.0,2003.2688741275317,0.0,2468.9140678022704,0.0,14.936366317107248,0.0,14.484070342152233,0.0,11.559867116342307,0.0
Trakt,296.07843137254906,0.0,15.788255749380397,0.0,365.71712196926234,0.0,226.0,0.0,145.25771692678194,0.0,12.544154375264984,0.0,15.033296378372908,0.0,9.790187996397577,0.0,728.0465081965664,0.0,135.88601671533706,0.0,91.03776921369536,0.0,5.652624078130562,0.0,9.389327963550485,0.0,1626.0840315734197,0.0,2136.788422552857,0.0,12.544154370835463,0.0,11.315458567346758,0.0,8.703883017963372,0.0
Trass,271.7372549019608,0.0,15.042376128284223,0.0,337.4364001803398,0.0,176.0,0.0,110.14554429785153,0.0,11.515723391488732,0.0,13.2664991614216,0.0,8.406747898448705,0.0,725.5347540386454,0.0,103.6251236540686,0.0,68.19371075624575,0.0,2.801579640532022,0.0,8.674352408550973,0.0,1484.9797055007677,0.0,458.9241054475746,0.0,11.515723396043404,0.0,9.804661801391662,0.0,7.213610272575258,0.0
Traum,347.36470588235295,0.0,17.13615287882176,0.0,408.32812698258516,0.0,280.0,0.0,187.48073744711985,0.0,13.899765328005852,0.0,16.73320053068151,0.0,11.449955750132785,0.0,852.09946176234,0.0,479.30545125313057,0.0,369.0889694042236,0.0,13.645269147419826,0.0,11.267950257667684,0.0,4854.473191625767,0.0,1515.5391778373603,0.0,13.899765338998387,0.0,13.72254534481621,0.0,10.488264020795123,0.0
Trege,329.2705882352941,0.0,16.723287444310138,0.0,362.5741302276116,0.0,204.0,0.0,130.8875630714907,0.0,12.289064254155013,0.0,14.2828568570857,0.0,9.338057970881435,0.0,2479.0539475550263,0.0,256.8493880082594,0.0,186.6047620715568,0.0,8.27343679520277,0.0,9.310509530572412,0.0,3450.2156277906106,0.0,1396.268304092188,0.0,12.289064258479394,0.0,11.085123307046489,0.0,8.160793898085235,0.0
Trehe,312.5294117647059,0.0,16.31115317201227,0.0,344.28958189912385,0.0,193.0,0.0,120.61147691900688,0.0,11.78565936248964,0.0,13.892443989449804,0.0,8.806724347981733,0.0,726.25743356767,0.0,107.1484572818581,0.0,71.94515167537148,0.0,6.307238356760767,0.0,9.822322024189098,0.0,1726.2777887403734,0.0,759.7593085464114,0.0,11.785659368368002,0.0,10.692476392913795,0.0,7.71600934608648,0.0
Tremm,388.9686274509804,0.0,18.149553858627073,0.0,473.11993774516736,0.0,351.0,0.0,245.43419156455144,0.0,15.703813874328276,0.0,18.734993995195193,0.0,13.404934896549857,0.0,898.8997206894574,0.0,569.1383314343487,0.0,436.1765270401268,0.0,15.84856267249411,0.0,11.543495114830579,0.0,3431.5771545747275,0.0,703.4952731409694,0.0,15.703813879931399,0.0,15.937754884249818,0.0,12.464079662343286,0.0
Trend,325.3921568627451,0.0,16.706619241779936,0.0,357.40775701716706,0.0,221.0,0.0,141.8857253930071,0.0,12.34015887254686,0.0,14.866068747318506,0.0,9.718989688441047,0.0,1155.436093386812,0.0,185.41576526901736,0.0,158.09653557703666,0.0,10.167896365696615,0.0,11.222993972449189,0.0,2153.09285428124,0.0,1226.8813031667057,0.0,12.340158885210476,0.0,11.834714245422303,0.0,8.74177346703273,0.0
Trepf,311.05490196078426,0.0,16.294592381182678,0.0,374.49268870153145,0.0,225.0,0.0,146.535802739105,0.0,12.748051664683034,0.0,15.0,0.0,9.941223372088986,0.0,830.6511359657572,0.0,209.81736071480373,0.0,176.06567306170086,0.0,6.49842290363573,0.0,15.3024438133728,0.0,2277.2328822672516,0.0,673.1377962366024,0.0,12.748051678910503,0.0,11.753110119095524,0.0,8.849559165514155,0.0
Trfmf,332.6705882352941,0.0,16.813192582877054,0.0,441.69766638860153,0.0,313.0,0.0,213.15243957420574,0.0,14.775919838665807,0.0,17.69180601295413,0.0,12.28271509522923,0.0,788.5313392371072,0.0,352.41823444070616,0.0,267.7314361946928,0.0,8.943152463719553,0.0,18.33386508120838,0.0,3825.9238415769128,0.0,1833.5056940565455,0.0,14.775919849058413,0.0,14.3571253132002,0.0,11.25562508178007,0.0
Trhqs,331.4627450980392,0.0,16.790714832167314,0.0,365.6040719413193,0.0,227.0,0.0,147.80803535513047,0.0,12.623889820032726,0.0,15.066519173319364,0.0,10.013471499172363,0.0,45514.28946335921,0.0,10292.201722305332,0.0,9943.752872726202,0.0,6.6973676945318585,0.0,71.08531681221109,0.0,2069.508290470973,0.0,485.52167817310243,0.0,12.623889828909654,0.0,12.006615927531055,0.0,9.026481099390416,0.0
Trias,264.05882352941177,0.0,14.928959546502213,0.0,346.71783198753974,0.0,192.0,0.0,121.32716292354795,0.0,11.866261767159195,0.0,13.856406460551018,0.0,8.855011059008142,0.0,725.3364506521316,0.0,105.06063576802087,0.0,68.91231673458402,0.0,3.7558565014445584,0.0,8.564498153979786,0.0,3528.604336711425,0.0,1276.938165929353,0.0,11.866261772683837,0.0,10.233559012029428,0.0,7.748299582745594,0.0
Trick,282.50588235294117,0.0,15.437383785695896,0.0,369.06426151350115,0.0,218.0,0.0,140.77683612616232,0.0,12.56997686175975,0.0,14.7648230602334,0.0,9.670636767020953,0.0,730.8606132172137,0.0,146.467387104356,0.0,100.81972038513096,0.0,7.789776213466756,0.0,10.415660467844926,0.0,1943.495027287295,0.0,672.6869909416143,0.0,12.569976867051892,0.0,10.937505681515278,0.0,8.608233677770867,0.0
Trieb,295.0549019607843,0.0,15.941769759598548,0.0,361.63454981331756,0.0,218.0,0.0,140.423591774587,0.0,12.413360929621003,0.0,14.7648230602334,0.0,9.663084317730343,0.0,732.2201823826163,0.0,160.53961069066276,0.0,112.13748448719946,0.0,8.717146393775776,0.0,16.038767495172902,0.0,1880.5023500289299,0.0,694.1471629030474,0.0,12.413360938805253,0.0,11.509367484213284,0.0,8.673070870008562,0.0
Trips,289.4705882352941,0.0,15.708357495109286,0.0,365.37150612964564,0.0,211.0,0.0,137.6121448221314,0.0,12.513391141640215,0.0,14.52583904633395,0.0,9.628746953675282,0.0,824.9722139404237,0.0,177.74098317427044,0.0,149.26540445159495,0.0,5.617501109597987,0.0,11.168010089644167,0.0,2330.030948540759,0.0,698.3102629379543,0.0,12.513391156162806,0.0,11.143926921545354,0.0,8.593207964851969,0.0
Tritt,236.7843137254902,0.0,14.329837829183141,0.0,370.65566462300484,0.0,233.0,0.0,149.38086568236082,0.0,12.687042039987638,0.0,15.264337522473747,0.0,9.902826783300656,0.0,726.0387852580777,0.0,112.20478089916296,0.0,74.75649232319067,0.0,5.412396235768329,0.0,8.8195497468785,0.0,3942.693734826579,0.0,800.4903556043242,0.0,12.687042040111804,0.0,11.24936098020389,0.0,8.80752052626336,0.0
Trkll,294.25882352941176,0.0,15.938876905263854,0.0,400.3987022593715,0.0,268.0,0.0,180.2787853018124,0.0,13.734772291724095,0.0,16.3707055437449,0.0,11.197298244769785,0.0,733.060287930634,0.0,165.83879162419714,0.0,123.98538025387442,0.0,4.763417549430475,0.0,12.4409211632384,0.0,3769.8124709048616,0.0,1906.8372582505488,0.0,13.734772331873774,0.0,12.429199791335574,0.0,10.1628882371901,0.0
Trmnx,351.4235294117648,0.0,17.254487962947902,0.0,416.9150410487765,0.0,289.0,0.0,193.99753167410466,0.0,14.146055215331073,0.0,17.0,0.0,11.631354501189495,0.0,764.4071177959818,0.0,284.9169052592082,0.0,209.48440413154663,0.0,6.078508096429248,0.0,21.316836936912487,0.0,2085.132918558918,0.0,1777.9168163549848,0.0,14.146055224443845,0.0,13.710271880737073,0.0,10.645189060087283,0.0
Trntt,263.93333333333334,0.0,15.070890283871135,0.0,359.78201440014413,0.0,227.0,0.0,142.99015018371432,0.0,12.337126759452596,0.0,15.066519173319364,0.0,9.605450462701441,0.0,725.6429333198035,0.0,109.272703883006,0.0,72.25621272444567,0.0,4.6555591348366185,0.0,9.178439693610017,0.0,3933.020791954001,0.0,642.4293063528509,0.0,12.33712675973828,0.0,11.29677155712467,0.0,8.522182051642009,0.0
Tronk,328.98823529411766,0.0,16.643706445516315,0.0,362.3763850080852,0.0,226.0,0.0,144.45731278329842,0.0,12.42455779114664,0.0,15.033296378372908,0.0,9.744438981851253,0.0,730.3026929218214,0.0,149.7409168120417,0.0,102.93399278060329,0.0,9.407966653882688,0.0,10.930804530136543,0.0,2273.478455980914,0.0,1328.6517095993663,0.0,12.424557803493773,0.0,11.571266784620242,0.0,8.718654198776193,0.0
Tropf,316.9058823529412,0.0,16.40110507243576,0.0,377.3004513880462,0.0,232.0,0.0,151.7477488641058,0.0,12.854732672629853,0.0,15.231546211727817,0.0,10.132568731856265,0.0,831.220291179533,0.0,212.8720761047951,0.0,177.92140852638286,0.0,6.666335756694836,0.0,15.372180470131399,0.0,2395.149229059625,0.0,849.8863567196811,0.0,12.854732686215105,0.0,12.039085295926105,0.0,9.063947480411993,0.0
Trost,267.4588235294118,0.0,15.029624469287727,0.0,353.23109745068473,0.0,201.0,0.0,127.54616522638266,0.0,12.05130297359365,0.0,14.177446878757825,0.0,9.106901232457393,0.0,726.429507909939,0.0,110.96698064526521,0.0,73.97148249505305,0.0,3.9223564169737,0.0,9.015952566071775,0.0,1907.252603066955,0.0,780.3360195981317,0.0,12.051302976309866,0.0,10.575216425854286,0.0,7.909684789667975,0.0
Trott,258.6,0.0,14.866742180721733,0.0,361.56899109912644,0.0,223.0,0.0,141.7498019777927,0.0,12.37006396144262,0.0,14.933184523068078,0.0,9.607212472723555,0.0,726.349498179559,0.0,114.46566458588306,0.0,76.30399117188222,0.0,4.504556817927407,0.0,9.25720118482791,0.0,3961.180020344383,0.0,911.8952857632852,0.0,12.370063961197513,0.0,11.244364559716914,0.0,8.492157221890093,0.0
Trotz,273.02745098039213,0.0,15.269948726248833,0.0,361.12579877056305,0.0,217.0,0.0,137.68164373280663,0.0,12.330076125512212,0.0,14.730919862656235,0.0,9.472473038138045,0.0,728.8688772509627,0.0,134.1574654332761,0.0,96.53096949770584,0.0,3.34713895155191,0.0,14.515303038912995,0.0,3960.3009306662398,0.0,913.5267879008165,0.0,12.330076125560637,0.0,11.225373885089024,0.0,8.340372979297584,0.0
Trpxm,366.92156862745094,0.0,17.63514063775339,0.0,438.9260827778734,0.0,307.0,0.0,211.43378715109918,0.0,14.784164950836876,0.0,17.52141546793523,0.0,12.336218845739042,0.0,951.9724022441411,0.0,505.5565674109982,0.0,397.4014051387721,0.0,12.371280589184698,0.0,42.630761621398705,0.0,5178.687267118919,0.0,689.1578154649101,0.0,14.7841649530694,0.0,14.35866508800634,0.0,11.308327546406767,0.0
Trsfb,300.06666666666666,0.0,15.978524129962068,0.0,374.9753585862278,0.0,234.0,0.0,152.87376414974648,0.0,12.827108780794312,0.0,15.297058540778355,0.0,10.158796103769872,0.0,735.0243129678265,0.0,177.50555553442413,0.0,127.16166182268195,0.0,8.290713862194623,0.0,18.441626113642947,0.0,1588.2767205719563,0.0,925.302670228873,0.0,12.827108795330071,0.0,12.009651838459215,0.0,9.078443486617466,0.0
Truff,289.7960784313725,0.0,15.745745109161264,0.0,379.2483808613647,0.0,248.0,0.0,157.73659239821524,0.0,12.870314326478299,0.0,15.748015748023622,0.0,10.159996046965922,0.0,734.2132200748305,0.0,170.0303614329429,0.0,129.71500284732872,0.0,4.072503948973875,0.0,14.82529238520464,0.0,2389.9532276128275,0.0,1067.1689137668814,0.0,12.870314343392662,0.0,12.024774257319704,0.0,9.013731331508225,0.0
Truhe,320.61960784313726,0.0,16.53993803413454,0.0,346.942310610049,0.0,209.0,0.0,129.27000807207088,0.0,11.902378624154176,0.0,14.45683229480096,0.0,9.06871058918807,0.0,726.2502634928837,0.0,108.6178589586033,0.0,72.59639265967238,0.0,6.369430768120406,0.0,10.260775741418753,0.0,2317.6729595105658,0.0,940.6047230893679,0.0,11.902378629825124,0.0,11.164302278428586,0.0,8.007605026625413,0.0
Trupp,348.49411764705883,0.0,17.266460478032155,0.0,375.32733273400197,0.0,244.0,0.0,158.41558179653495,0.0,12.885620561789853,0.0,15.620499351813308,0.0,10.356696063944051,0.0,1489.612933243425,0.0,399.6875215496623,0.0,375.1637674316579,0.0,10.726360886812376,0.0,17.503891700614265,0.0,2723.04912627705,0.0,847.5942992950796,0.0,12.885620577082749,0.0,12.610185919393004,0.0,9.368855005222576,0.0
Trure,279.24313725490197,0.0,15.429801848457437,0.0,342.47510670521933,0.0,196.0,0.0,119.52245439549927,0.0,11.67056230404033,0.0,14.0,0.0,8.6480485584461,0.0,725.0689226580519,0.0,102.38354786713388,0.0,66.43780721662422,0.0,3.3795136573248574,0.0,9.225210813321581,0.0,5107.06657975838,0.0,800.1579128781125,0.0,11.670562306753524,0.0,10.401128028859702,0.0,7.504849188782962,0.0
Träne,312.00392156862745,0.0,16.231308121091143,0.0,341.9472947763718,0.0,197.0,0.0,123.03958608364192,0.0,11.749847971928691,0.0,14.035668847618199,0.0,8.893226651994592,0.0,730.8145506123269,0.0,150.8761947761748,0.0,111.32686450965143,0.0,5.2728715147341365,0.0,17.91911895859,0.0,2198.314787394574,0.0,1416.0881111778847,0.0,11.749847984499374,0.0,10.880666434850609,0.0,7.8883632220109385,0.0
Tschm,357.61176470588236,0.0,17.33211201446519,0.0,412.51490120487193,0.0,269.0,0.0,184.0936997351606,0.0,14.002817311536086,0.0,16.401219466856727,0.0,11.46652682545222,0.0,855.3358817166772,0.0,482.5390071694224,0.0,372.13170674313005,0.0,13.84030131701364,0.0,14.849345875891423,0.0,1465.9619162499018,0.0,597.5655748131101,0.0,14.002817315870983,0.0,13.627122306178304,0.0,10.500152454355174,0.0
Tubke,359.9098039215686,0.0,17.527761031193577,0.0,355.66463137092853,0.0,207.0,0.0,133.88024772348655,0.0,12.256910989726673,0.0,14.38749456993816,0.0,9.459773840016732,0.0,729.344992081147,0.0,141.5843025086036,0.0,98.03329320312245,0.0,5.146241454757443,0.0,10.522152378693617,0.0,1806.6217551816214,0.0,2144.5626701479982,0.0,12.256910986544158,0.0,11.371495019509243,0.0,8.434226320801452,0.0
Tulpe,328.8509803921569,0.0,16.870482037204148,0.0,358.63387003156015,0.0,202.0,0.0,132.6529384767815,0.0,12.36850762805394,0.0,14.212670403551895,0.0,9.505803568984305,0.0,825.2273637178205,0.0,178.00276815851444,0.0,150.99800746109267,0.0,4.590685237899153,0.0,11.350758540403618,0.0,2253.1832910168355,0.0,602.383029683989,0.0,12.368507636801848,0.0,11.161000526024411,0.0,8.517698726999805,0.0
Tumor,351.9450980392157,0.0,17.26655310735615,0.0,398.7180539019969,0.0,256.0,0.0,171.48470167083752,0.0,13.577637107959083,0.0,16.0,0.0,10.934803430103221,0.0,763.8011582947175,0.0,280.5036382152289,0.0,206.35184790967534,0.0,6.907743051960619,0.0,10.267917797863497,0.0,1867.2775593049155,0.0,1400.0558244520316,0.0,13.577637111996063,0.0,13.081967109695018,0.0,9.955785106289476,0.0
Tusch,314.7372549019608,0.0,16.298685563435242,0.0,341.5922354237025,0.0,175.0,0.0,111.5447900046703,0.0,11.684831593845127,0.0,13.228756555322953,0.0,8.55593264214455,0.0,729.3578469971708,0.0,112.59364138984147,0.0,79.64190675237977,0.0,5.097835094179516,0.0,10.01898246552906,0.0,1623.2685550839333,0.0,647.670544465807,0.0,11.684831596191437,0.0,10.187889213035312,0.0,7.442037115078123,0.0
Tutor,283.83529411764704,0.0,15.562758808947805,0.0,345.3484275659882,0.0,191.0,0.0,119.97932334988229,0.0,11.811671053306394,0.0,13.820274961085254,0.0,8.78266294185027,0.0,725.8169442169211,0.0,107.94657572700565,0.0,71.05121430864186,0.0,3.737746411227297,0.0,9.828778677690444,0.0,2051.4714764758933,0.0,1267.2188028057922,0.0,11.811671058663585,0.0,10.431884792802714,0.0,7.662029898740943,0.0
Tvthn,317.30196078431374,0.0,16.47272721871819,0.0,370.2240766387789,0.0,246.0,0.0,158.75947469446268,0.0,12.783265252984021,0.0,15.684387141358123,0.0,10.255643024539614,0.0,736.010848102145,0.0,210.99240157755398,0.0,138.24332355178836,0.0,7.348018713990044,0.0,23.92587482808879,0.0,1925.579534059563,0.0,1377.0210966117934,0.0,12.78326525778491,0.0,12.178540340237156,0.0,9.259740446424269,0.0
Typos,333.44705882352946,0.0,16.714364504121132,0.0,375.09199272163704,0.0,228.0,0.0,150.01055902465595,0.0,12.793199396838645,0.0,15.0996688705415,0.0,10.113327635638658,0.0,7810.529852517224,0.0,490.22660365594135,0.0,353.6694285287959,0.0,4.710327448886086,0.0,14.232488652144003,0.0,1869.7815462917306,0.0,389.7130221577678,0.0,12.793199404573944,0.0,11.883479778080531,0.0,9.011152853017556,0.0
Typus,335.68627450980387,0.0,16.834586612703248,0.0,375.7620896134846,0.0,229.0,0.0,149.91452810781445,0.0,12.810316971732796,0.0,15.132745950421556,0.0,10.082922987728628,0.0,7810.464516635949,0.0,488.9209962620668,0.0,352.7428588789354,0.0,4.695230035186123,0.0,14.445864116207993,0.0,4906.040087406628,0.0,1504.0864061347706,0.0,12.81031698425581,0.0,11.727214103980423,0.0,8.9626973031771,0.0
Tztvn,289.0941176470588,0.0,15.768622574619744,0.0,367.2959342679669,0.0,230.0,0.0,147.66160474929364,0.0,12.600112456586107,0.0,15.165750888103101,0.0,9.858119810658117,0.0,733.3416934262018,0.0,162.6445743752859,0.0,120.28168421756804,0.0,4.684420193163617,0.0,25.468169283970386,0.0,1988.154881767364,0.0,1611.6657580346857,0.0,12.600112459063196,0.0,11.40332332992788,0.0,8.741339043479728,0.0
Töbön,374.81960784313725,0.0,17.7984361420938,0.0,362.7384111788725,0.0,228.0,0.0,148.31028392631944,0.0,12.526637960366731,0.0,15.0996688705415,0.0,9.9929432857741,0.0,746.2947718161315,0.0,244.78256112384028,0.0,182.76988776301374,0.0,4.665044596050795,0.0,35.42450054445605,0.0,2536.1329998025417,0.0,1936.115340118836,0.0,12.526637969718452,0.0,12.425889092221793,0.0,8.999134474474527,0.0
Töböt,346.4901960784314,0.0,17.132615246666557,0.0,371.20760961413384,0.0,231.0,0.0,151.73833585754244,0.0,12.758813058465586,0.0,15.198684153570664,0.0,10.153380859499116,0.0,746.571353748984,0.0,245.30459630052164,0.0,183.2991194178323,0.0,5.362117510712591,0.0,35.54069308695099,0.0,2537.5178967907823,0.0,1936.5841036306135,0.0,12.758813067031035,0.0,12.320632588293682,0.0,9.095681595623294,0.0
Töckt,315.5764705882352,0.0,16.261050895926367,0.0,365.80190733046686,0.0,203.0,0.0,133.11176848544747,0.0,12.472296242150659,0.0,14.247806848775006,0.0,9.470312028543924,0.0,730.8817808722639,0.0,142.60647396362265,0.0,100.13039074959994,0.0,4.525173637421112,0.0,13.850900005198486,0.0,1690.8641478781108,0.0,2202.6470718999367,0.0,12.472296237970761,0.0,10.801069425088034,0.0,8.314436618411406,0.0
Töpfe,345.3058823529411,0.0,17.119960313564512,0.0,366.6933911606782,0.0,210.0,0.0,137.88767186896808,0.0,12.549878418316824,0.0,14.491376746189438,0.0,9.691660617349182,0.0,842.6078507865356,0.0,203.02837238027954,0.0,171.9621480574788,0.0,4.43545138010391,0.0,16.044476166308364,0.0,1556.4670800597205,0.0,975.950286620359,0.0,12.549878436830229,0.0,11.507504724706896,0.0,8.573435189184776,0.0
Töten,315.3294117647059,0.0,16.38214395379542,0.0,343.9294168941159,0.0,187.0,0.0,119.0811618382726,0.0,11.810972943964588,0.0,13.674794331177344,0.0,8.818683334545195,0.0,727.4027661777769,0.0,116.10225559981264,0.0,82.08233062331385,0.0,4.357642330223313,0.0,12.72622190941713,0.0,1896.0178255130904,0.0,1424.1102559768128,0.0,11.810972950592832,0.0,10.665415669345556,0.0,7.7435616196739865,0.0
Tücke,334.9607843137255,0.0,16.796113224614086,0.0,352.6406791878253,0.0,184.0,0.0,118.53306849381624,0.0,12.011889359873075,0.0,13.564659966250536,0.0,8.872696959850305,0.0,730.1092322273739,0.0,137.700345437455,0.0,96.42186540366924,0.0,3.7882414541751492,0.0,11.783399147839498,0.0,1647.0692910516577,0.0,2172.3973569921127,0.0,12.011889356318983,0.0,10.313547158651652,0.0,7.751544920130738,0.0
Türme,358.6078431372549,0.0,17.448125344772862,0.0,404.19892687351825,0.0,255.0,0.0,172.4969806675254,0.0,13.735918951631772,0.0,15.968719422671311,0.0,11.038225268314683,0.0,781.2491505293797,0.0,327.57314418727174,0.0,245.80383525655844,0.0,5.9260894955098316,0.0,11.790716294829787,0.0,3611.5783482633906,0.0,1500.9141357099738,0.0,13.735918958043518,0.0,13.11613309482971,0.0,10.038088539847532,0.0
Uhmst,364.99607843137255,0.0,17.508813620635554,0.0,394.005117800941,0.0,249.0,0.0,172.43721818618678,0.0,13.628539735282995,0.0,15.7797338380595,0.0,11.137593561824005,0.0,766.2365696686503,0.0,280.9267918539284,0.0,210.1936478773352,0.0,7.735120622474357,0.0,14.691555275623244,0.0,1006.2603664971377,0.0,1390.213409219221,0.0,13.628539734036426,0.0,13.1468144560312,0.0,10.16576182959891,0.0
Uhran,336.03137254901964,0.0,16.764075208868878,0.0,322.9564240455911,0.0,173.0,0.0,110.37884820457128,0.0,11.301411921102696,0.0,13.152946437965905,0.0,8.504586875750245,0.0,727.3689460482034,0.0,105.42089470769096,0.0,77.51372964711665,0.0,3.9269347754801953,0.0,13.755515782960487,0.0,3411.675076683179,0.0,1747.7271615217105,0.0,11.301411922616335,0.0,10.447943901095375,0.0,7.501156641415935,0.0
Uhren,334.7607843137255,0.0,16.793982005564658,0.0,321.3161608798814,0.0,163.0,0.0,103.83870868463016,0.0,11.195277422821354,0.0,12.767145334803704,0.0,8.250799026556837,0.0,727.1729980257198,0.0,101.24619802631216,0.0,75.09278389501844,0.0,3.801660777460551,0.0,13.418055058802105,0.0,1646.5963330658321,0.0,1379.0765697690424,0.0,11.195277429250888,0.0,10.150900124988068,0.0,7.253177554034774,0.0
Umbau,398.278431372549,0.0,18.325063878929832,0.0,397.0057516879791,0.0,283.0,0.0,193.6628692837447,0.0,13.812028531866412,0.0,16.822603841260722,0.0,11.755975614204313,0.0,999.3771305773935,0.0,682.3193405612785,0.0,529.418714579366,0.0,4.884756272429492,0.0,18.313218252700473,0.0,3209.0992813423204,0.0,1222.8853721743694,0.0,13.812028535337653,0.0,14.503335623179899,0.0,10.945562782247318,0.0
Umken,401.035294117647,0.0,18.343743295969333,0.0,400.2062630091258,0.0,272.0,0.0,187.57314943050045,0.0,13.855033053680353,0.0,16.492422502470642,0.0,11.606357503438202,0.0,999.7891060096493,0.0,684.3069820674102,0.0,530.264204805519,0.0,4.7600242780818665,0.0,17.037272359455415,0.0,2983.30670600138,0.0,944.6337166429888,0.0,13.85503306044648,0.0,14.071491817618892,0.0,10.786473348557346,0.0
Unarm,361.50588235294117,0.0,17.381484888138026,0.0,379.6262633870837,0.0,240.0,0.0,163.6758915048876,0.0,13.218357422185596,0.0,15.491933384829668,0.0,10.797020572686549,0.0,850.9982291335963,0.0,474.98981444150155,0.0,366.8698520055798,0.0,7.067394148673836,0.0,15.728978062930757,0.0,4592.903324648333,0.0,346.36848088661486,0.0,13.21835741907525,0.0,13.026097390277576,0.0,9.92027708392355,0.0
Unmut,367.06666666666666,0.0,17.642948540932522,0.0,382.9306528118608,0.0,250.0,0.0,168.71645136644736,0.0,13.297590730374965,0.0,15.811388300841896,0.0,10.872723781823614,0.0,762.3277664078822,0.0,273.36639676736854,0.0,202.37091307135628,0.0,6.278552531092122,0.0,15.056954322894702,0.0,4731.817738940011,0.0,2000.0243181362755,0.0,13.2975907363862,0.0,13.087571609540163,0.0,9.949370575410184,0.0
Unrat,293.39607843137253,0.0,15.690175985402545,0.0,319.6606622877706,0.0,164.0,0.0,103.6386274239834,0.0,11.123380881857612,0.0,12.806248474865697,0.0,8.173961557885885,0.0,724.0036709143878,0.0,84.73764580808626,0.0,55.83435249264671,0.0,5.912355188190754,0.0,14.019000872830116,0.0,3417.001478002983,0.0,1743.5414163952244,0.0,11.123380882994931,0.0,9.760057091874495,0.0,7.079066996649899,0.0
Untat,292.1372549019608,0.0,15.71049943151214,0.0,324.43469613647466,0.0,175.0,0.0,111.674651267639,0.0,11.330248640962084,0.0,13.228756555322953,0.0,8.522972148836004,0.0,724.2699205513325,0.0,88.099769043603,0.0,58.948223363218595,0.0,5.892295234195564,0.0,14.25648736893179,0.0,3275.958185994639,0.0,1666.2570399804613,0.0,11.330248641222896,0.0,10.196309724124456,0.0,7.474574028848503,0.0
Unzen,333.6235294117647,0.0,16.829513995664215,0.0,312.5353200346625,0.0,150.0,0.0,94.0865838941935,0.0,10.850329585699692,0.0,12.24744871391589,0.0,7.772181642748531,0.0,725.1231305201411,0.0,94.4508525604248,0.0,68.39026999309816,0.0,2.616543259878346,0.0,17.16678092060216,0.0,731.1986679892968,0.0,635.2425597607202,0.0,10.85032959154817,0.0,9.603112537697868,0.0,6.703752042065574,0.0
Ursel,280.9529411764706,0.0,15.4115666304689,0.0,338.17049320623175,0.0,180.0,0.0,118.5425206458738,0.0,11.794862067223361,0.0,13.416407864998739,0.0,8.978811460695544,0.0,727.6118656885836,0.0,113.45098625601739,0.0,88.48184688391834,0.0,3.181844180809991,0.0,14.150356642457957,0.0,1044.069658961094,0.0,657.9202479589462,0.0,11.79486207310001,0.0,10.327034258830693,0.0,7.972612288488303,0.0
Vasen,305.7450980392157,0.0,15.953787067630932,0.0,314.1040959685534,0.0,148.0,0.0,91.91878848744484,0.0,10.812112182951832,0.0,12.165525060596439,0.0,7.643730120062548,0.0,725.4277048451858,0.0,108.97594708289556,0.0,69.78938935810501,0.0,4.753994255141399,0.0,11.203486708024746,0.0,1562.3510690751637,0.0,664.1059421418184,0.0,10.812112189635844,0.0,9.25107444170624,0.0,6.508550371063818,0.0
Vater,269.8156862745098,0.0,15.025236747919367,0.0,325.2040751809478,0.0,156.0,0.0,97.8196399694396,0.0,11.170233739156165,0.0,12.489995996796797,0.0,7.924548670367924,0.0,725.4905060352474,0.0,110.76619845044763,0.0,71.24921404317597,0.0,3.5021874607874492,0.0,11.29239297145898,0.0,1873.7750674755937,0.0,1298.912350027697,0.0,11.170233743892487,0.0,9.157704865428158,0.0,6.766188407459396,0.0
Vchsm,356.2627450980392,0.0,17.20355595690833,0.0,405.32616592830146,0.0,265.0,0.0,180.75487955336334,0.0,13.841304859827488,0.0,16.278820596099706,0.0,11.353870759855692,0.0,855.4880277875294,0.0,482.81881289803806,0.0,371.4825373160451,0.0,11.60944454875133,0.0,16.77142146473821,0.0,1569.097542237028,0.0,432.0575265307127,0.0,13.841304862326789,0.0,13.468305637662151,0.0,10.329392195770774,0.0
Vdlvr,298.8588235294118,0.0,15.974903905395504,0.0,374.2698968448747,0.0,229.0,0.0,153.8513448502078,0.0,12.986706151812008,0.0,15.132745950421556,0.0,10.349517575719432,0.0,2061.853883054695,0.0,321.9793227521288,0.0,286.51262640431617,0.0,6.45763413081602,0.0,21.9256153897276,0.0,2143.8036148090987,0.0,1205.8840772445171,0.0,12.986706150670429,0.0,11.336251052986114,0.0,9.283041280000235,0.0
Vekel,317.64313725490194,0.0,16.396768747983728,0.0,356.04141836274647,0.0,196.0,0.0,129.9398212265769,0.0,12.313841047563958,0.0,14.0,0.0,9.441107095291857,0.0,731.5611706285852,0.0,159.212102774262,0.0,115.20481584307606,0.0,4.71820998579825,0.0,13.38372062902413,0.0,3222.5424016870234,0.0,908.8228665274294,0.0,12.313841053365172,0.0,10.581840257232948,0.0,8.362134032650951,0.0
Vemps,370.9372549019608,0.0,17.63741915366738,0.0,396.40021246554545,0.0,241.0,0.0,166.5094437830205,0.0,13.590369984331119,0.0,15.524174696260024,0.0,10.962142188465709,0.0,858.8064555252467,0.0,316.491388435889,0.0,245.5310848820089,0.0,7.081616950519435,0.0,13.67597638940609,0.0,2135.6217830883043,0.0,1420.3793323557843,0.0,13.5903699922181,0.0,12.95001365997447,0.0,10.003838377872167,0.0
Venen,323.9450980392157,0.0,16.550382807900338,0.0,316.11284782121476,0.0,163.0,0.0,99.0172831407102,0.0,10.867062675649208,0.0,12.767145334803704,0.0,7.836198399636561,0.0,724.935201470967,0.0,106.8436527178133,0.0,67.27433049651749,0.0,4.708625794241645,0.0,10.937610417764816,0.0,1815.8054079164456,0.0,438.7505281762346,0.0,10.86706268275756,0.0,9.7304612501365,0.0,6.768155887569965,0.0
Venus,312.56470588235294,0.0,16.21859328567339,0.0,320.1845359099156,0.0,164.0,0.0,99.76074624810629,0.0,10.966346784844418,0.0,12.806248474865697,0.0,7.871631419210761,0.0,725.0934615370579,0.0,107.92608121101073,0.0,68.08250286507017,0.0,3.359310051291956,0.0,11.885477593041568,0.0,4959.301834194907,0.0,1487.6814531268005,0.0,10.966346795675197,0.0,9.552196954073095,0.0,6.715813658613821,0.0
Verse,277.4039215686274,0.0,15.219426465718268,0.0,320.72093285062965,0.0,142.0,0.0,87.90246454633083,0.0,10.929230044115352,0.0,11.916375287812984,0.0,7.4746052839078585,0.0,725.6829908259408,0.0,108.18915175128811,0.0,69.24602931349955,0.0,3.2680870301606197,0.0,11.288197094210474,0.0,2070.4624550583144,0.0,1361.7027866580258,0.0,10.929230046079548,0.0,8.526044758196237,0.0,6.134665293102305,0.0
Veter,268.54509803921565,0.0,15.058597322647419,0.0,329.03038527265636,0.0,157.0,0.0,98.39164257194017,0.0,11.253139499346423,0.0,12.529964086141668,0.0,7.945864733898421,0.0,725.5768758185238,0.0,110.48420967473575,0.0,71.14167443660124,0.0,3.5318307834425955,0.0,11.374779135637274,0.0,1842.489627279526,0.0,1286.097735656726,0.0,11.253139504100643,0.0,9.051695345323713,0.0,6.749463708726644,0.0
Vfzlz,284.62745098039215,0.0,15.637515395211809,0.0,383.27286704300536,0.0,237.0,0.0,157.97364752317054,0.0,13.168648477859113,0.0,15.394804318340652,0.0,10.429957890731119,0.0,757.7289257006029,0.0,265.43745338673074,0.0,225.60696395248593,0.0,2.94105557568855,0.0,28.128253340373856,0.0,2469.2384186786444,0.0,1803.0582292784875,0.0,13.168648515253308,0.0,11.804092150533412,0.0,9.26851239494037,0.0
Vglvg,372.0392156862745,0.0,17.732861559403414,0.0,416.7060710612218,0.0,283.0,0.0,194.2153083180125,0.0,14.12243065236063,0.0,16.822603841260722,0.0,11.778647734788642,0.0,5557.540276502152,0.0,1807.4914748706506,0.0,1365.4615861499103,0.0,7.1109877619964506,0.0,26.156832660467742,0.0,2045.5989172010807,0.0,1139.15860235887,0.0,14.122430651174954,0.0,13.319172212279545,0.0,10.72286008948207,0.0
Vikar,295.9098039215687,0.0,15.6939348942334,0.0,361.3670203259612,0.0,221.0,0.0,143.77152448753162,0.0,12.497590089731,0.0,14.866068747318506,0.0,9.79814350132059,0.0,729.0462184850354,0.0,148.5383808588443,0.0,99.25545400094705,0.0,5.01971874310246,0.0,13.228066504053979,0.0,4493.138231030827,0.0,1672.6172668554896,0.0,12.497590092498966,0.0,11.213190568223705,0.0,8.723321974075956,0.0
Villa,269.18823529411765,0.0,15.219770525222975,0.0,373.2457384055118,0.0,249.0,0.0,164.99796146463603,0.0,13.027246094826186,0.0,15.7797338380595,0.0,10.613719960267824,0.0,728.3763836146252,0.0,136.78390394366272,0.0,97.04619856244328,0.0,4.569154992780618,0.0,11.240956600720049,0.0,2772.426503249791,0.0,1973.5158366150133,0.0,13.027246138018086,0.0,12.064052831630772,0.0,9.651828156647452,0.0
Viren,280.9098039215686,0.0,15.421605399903804,0.0,340.7751274928263,0.0,195.0,0.0,123.5724996152945,0.0,11.801675787753938,0.0,13.96424004376894,0.0,8.95997828958991,0.0,725.679590441584,0.0,115.2595069850004,0.0,74.27489868929682,0.0,6.690555975064357,0.0,10.83064569515039,0.0,2289.986164723024,0.0,1656.291551223284,0.0,11.801675794118617,0.0,10.587724038285547,0.0,7.91514339831168,0.0
Virus,269.52941176470586,0.0,15.0649762757327,0.0,344.84681558152715,0.0,196.0,0.0,124.31596272269059,0.0,11.893160303646667,0.0,14.0,0.0,8.990983638699493,0.0,725.8376882027459,0.0,116.26360922449612,0.0,75.00768112615486,0.0,3.936119684834228,0.0,11.759846456827017,0.0,5151.825490246672,0.0,2182.413125332856,0.0,11.893160313731494,0.0,10.424130227637894,0.0,7.8704329021606325,0.0
Vitim,303.4666666666667,0.0,16.091842326644585,0.0,429.3665764970476,0.0,310.0,0.0,213.0921204169407,0.0,14.634635842092683,0.0,17.60681686165901,0.0,12.3314595908371,0.0,853.3240385987783,0.0,483.67968460954614,0.0,371.71118783722346,0.0,12.72115699955178,0.0,13.494474932644978,0.0,3172.4524779195076,0.0,1907.5309665962475,0.0,14.634635876628776,0.0,14.336112242803175,0.0,11.384552005743235,0.0
Vlies,268.47843137254904,0.0,15.125978732063755,0.0,352.43795628123326,0.0,199.0,0.0,130.65258832708403,0.0,12.213350505066373,0.0,14.106735979665885,0.0,9.398875315195276,0.0,727.730992288397,0.0,127.97467275236203,0.0,90.43857478162697,0.0,3.0988226286587706,0.0,11.863532392478952,0.0,2025.3370093768688,0.0,723.8540216428307,0.0,12.213350510104744,0.0,10.615519491365616,0.0,8.381779987759558,0.0
Vmnst,338.29411764705884,0.0,16.856278285762215,0.0,408.190897457703,0.0,278.0,0.0,189.35573427498505,0.0,13.969161775915904,0.0,16.673332000533065,0.0,11.594196637462494,0.0,999.435577404347,0.0,683.6426605586003,0.0,529.3508071557546,0.0,8.988141114318804,0.0,15.873801704390306,0.0,1867.9956006905556,0.0,504.7038205349278,0.0,13.969161775647484,0.0,13.573734261431271,0.0,10.604827694470618,0.0
Vngst,329.5607843137255,0.0,16.633308254321378,0.0,361.9304632936749,0.0,208.0,0.0,136.40075213342922,0.0,12.413708700141083,0.0,14.422205101855956,0.0,9.623399697922938,0.0,2327.3182042233666,0.0,260.60370250219813,0.0,188.63133303003866,0.0,7.044711476837926,0.0,14.326813954403578,0.0,1639.9638284657296,0.0,473.95999860576177,0.0,12.413708701494917,0.0,11.059574478599885,0.0,8.400898735649601,0.0
Vogel,340.81176470588235,0.0,16.97258481022648,0.0,366.8464867593741,0.0,212.0,0.0,141.851961189267,0.0,12.639609222754332,0.0,14.560219778561036,0.0,9.937018458279958,0.0,2328.131069116277,0.0,269.3746207056323,0.0,198.76125968401027,0.0,6.303347000447468,0.0,12.473183207921647,0.0,1677.5022515862338,0.0,528.849759553467,0.0,12.639609228204566,0.0,11.45848910190132,0.0,8.834501101726616,0.0
Vokal,324.7647058823529,0.0,16.4721861969934,0.0,359.3423916007266,0.0,213.0,0.0,141.4616746712452,0.0,12.503200231374256,0.0,14.594519519326424,0.0,9.844542038744722,0.0,732.1389890403439,0.0,164.16707537950776,0.0,118.23920229818386,0.0,4.690189280420686,0.0,13.593370551010903,0.0,4407.058443914235,0.0,1407.9057322165709,0.0,12.503200233585554,0.0,11.134608322987809,0.0,8.756619884404339,0.0
Votum,349.33725490196076,0.0,17.156114269387995,0.0,401.36518399732245,0.0,265.0,0.0,180.12490652325897,0.0,13.771379910781883,0.0,16.278820596099706,0.0,11.296553683877436,0.0,852.8812002444446,0.0,481.9310004224123,0.0,370.4398334904226,0.0,11.808313098875653,0.0,13.88734371890548,0.0,4980.485975132209,0.0,1918.946355220499,0.0,13.771379916587696,0.0,13.388590748136375,0.0,10.299608606909349,0.0
Vssbg,351.21568627450984,0.0,17.129240284999604,0.0,371.4241862461626,0.0,226.0,0.0,150.80693334197167,0.0,12.764522128681566,0.0,15.033296378372908,0.0,10.23164212443318,0.0,4257.918386077358,0.0,439.68761244357205,0.0,332.619951091831,0.0,12.753049833245061,0.0,17.93364125912479,0.0,2256.0048266832555,0.0,575.5227851742549,0.0,12.764522134633378,0.0,12.07350161091372,0.0,9.122347997342489,0.0
Vsvvt,265.8392156862745,0.0,14.9130273665828,0.0,366.2670767494672,0.0,234.0,0.0,151.45576127187744,0.0,12.595400987438396,0.0,15.297058540778355,0.0,10.013294300379632,0.0,734.7889537791643,0.0,174.70675201009465,0.0,120.43122738303023,0.0,3.531991547711375,0.0,21.882867359818803,0.0,3748.0288315863754,0.0,1493.5108552272156,0.0,12.59540098799109,0.0,11.278688117557051,0.0,8.8072091365744,0.0
Vögel,353.3254901960785,0.0,17.258726848796485,0.0,376.4434598677693,0.0,222.0,0.0,150.05795341956127,0.0,12.942717887156505,0.0,14.89966442575134,0.0,10.275253891286269,0.0,2328.854072609524,0.0,275.81259693674093,0.0,205.02870114832916,0.0,6.395755204006528,0.0,15.96904126708407,0.0,1769.3974100810688,0.0,810.7487040988644,0.0,12.942717892286497,0.0,11.843798440873766,0.0,9.17800032175805,0.0
Vörnö,333.60392156862747,0.0,16.630520896771767,0.0,348.6859437978686,0.0,197.0,0.0,127.60059447157587,0.0,12.04639116171172,0.0,14.035668847618199,0.0,9.233631874916044,0.0,771.1214036374053,0.0,332.4026016853687,0.0,265.52393883441295,0.0,5.3919232159999275,0.0,124.67130558429382,0.0,2524.1008825229683,0.0,1847.4505340538524,0.0,12.046327087484459,0.0,11.060659165862722,0.0,8.12945297037994,0.0
Waban,371.83137254901965,0.0,17.526592307362453,0.0,348.10360030560423,0.0,205.0,0.0,136.3341869750787,0.0,12.219572335446609,0.0,14.317821063276353,0.0,9.717681591329354,0.0,4629.031653226744,0.0,270.5268546229084,0.0,189.5763894716569,0.0,2.6044534901736953,0.0,10.200370250869303,0.0,3727.0362657367505,0.0,1218.2141077396154,0.0,12.219572336801248,0.0,11.778946183026287,0.0,8.642821411166887,0.0
Wache,347.4039215686275,0.0,16.878421349949644,0.0,342.2539557196967,0.0,171.0,0.0,113.5752411497437,0.0,11.85613699735864,0.0,13.076696830622021,0.0,8.874905914107329,0.0,4628.987327807107,0.0,263.1422295709245,0.0,183.7888414205786,0.0,3.7104379601584783,0.0,9.628897062799142,0.0,2065.4970789169383,0.0,653.4256424032689,0.0,11.856137000621427,0.0,10.44029622326645,0.0,7.693297754356318,0.0
Wachs,339.11764705882354,0.0,16.61586860747672,0.0,345.5717361431696,0.0,172.0,0.0,115.44475220902069,0.0,11.967566042344249,0.0,13.114877048604,0.0,8.984580201517709,0.0,4629.005839868366,0.0,263.59100328972437,0.0,184.2183089350811,0.0,4.45867056751943,0.0,9.775611083847721,0.0,2066.352447985154,0.0,653.6457072247513,0.0,11.967566045353317,0.0,10.430361070198263,0.0,7.798508400085504,0.0
Wacht,330.25882352941176,0.0,16.468682429422483,0.0,356.7358399948172,0.0,194.0,0.0,130.20590233064186,0.0,12.366405374189842,0.0,13.92838827718412,0.0,9.528428871178788,0.0,4629.055868213354,0.0,265.1492957430756,0.0,185.30101033206242,0.0,5.49273063296624,0.0,9.722925259552635,0.0,2067.082306765331,0.0,655.2996178780005,0.0,12.366405377156658,0.0,10.988631518028043,0.0,8.344941335391926,0.0
Wackt,329.6823529411764,0.0,16.404268440502026,0.0,365.5043265220178,0.0,200.0,0.0,135.64900583942796,0.0,12.617740260196076,0.0,14.142135623730951,0.0,9.767613820670835,0.0,4629.256491234377,0.0,275.1152980479937,0.0,191.4537055682586,0.0,5.596591913155794,0.0,9.72102561834949,0.0,2192.131446557039,0.0,2131.3757994928937,0.0,12.617740254310851,0.0,10.938582082588463,0.0,8.559952742401844,0.0
Wagen,388.81176470588235,0.0,17.930981781567443,0.0,363.3549591941961,0.0,207.0,0.0,139.2920864008551,0.0,12.559531731858407,0.0,14.38749456993816,0.0,9.904150482484395,0.0,5129.661273296151,0.0,350.3178779620411,0.0,250.7312005083121,0.0,3.520914835139813,0.0,9.085831070039227,0.0,2195.0881732472376,0.0,576.1115850742985,0.0,12.559531738726372,0.0,11.89226525772414,0.0,8.768438699228877,0.0
Wagon,394.66274509803924,0.0,18.027828887003697,0.0,369.45145580743576,0.0,226.0,0.0,151.46467861549084,0.0,12.77912245241018,0.0,15.033296378372908,0.0,10.300431083246256,0.0,5129.788020720385,0.0,353.2726427667534,0.0,252.65868384738246,0.0,3.4934910025322945,0.0,10.172067952299434,0.0,2356.6143448263924,0.0,492.660163874741,0.0,12.779122457694255,0.0,12.499617089980353,0.0,9.171967031366242,0.0
Wahan,373.3411764705882,0.0,17.518614914202285,0.0,346.4170207309131,0.0,203.0,0.0,133.51800233793062,0.0,12.134805771034396,0.0,14.247806848775006,0.0,9.557004455480683,0.0,4628.910616679775,0.0,265.8902543056589,0.0,185.64068068814723,0.0,2.6054897138280744,0.0,9.81178204218183,0.0,3687.3901208928055,0.0,1207.087237729468,0.0,12.134805773392594,0.0,11.547244334813612,0.0,8.46178953781891,0.0
Wahsa,353.8705882352941,0.0,16.98568907103839,0.0,346.27860658238205,0.0,191.0,0.0,126.26621959812414,0.0,12.068089208015074,0.0,13.820274961085254,0.0,9.330140845557354,0.0,4628.978454252882,0.0,265.6832373565086,0.0,185.73788423691306,0.0,4.515143737100095,0.0,10.509957140546922,0.0,2149.7768866082843,0.0,497.34023141354515,0.0,12.068089210980517,0.0,11.112626229377367,0.0,8.139537479154878,0.0
Wahst,335.45490196078435,0.0,16.60884225066104,0.0,359.3220543015502,0.0,203.0,0.0,136.03497015493525,0.0,12.481470531127973,0.0,14.247806848775006,0.0,9.736126651723097,0.0,4629.0278481572295,0.0,266.2573870259095,0.0,186.40071204295737,0.0,8.142677008410965,0.0,9.846137167643183,0.0,2150.9967626290745,0.0,494.49977116436537,0.0,12.481470533533939,0.0,11.224900417438702,0.0,8.515293443239171,0.0
Wahta,345.01176470588234,0.0,16.84173520152337,0.0,354.6165002308238,0.0,213.0,0.0,140.4698563495342,0.0,12.386418214376757,0.0,14.594519519326424,0.0,9.81908395097316,0.0,4628.965898932592,0.0,267.1634334780793,0.0,186.67908422490095,0.0,5.471971615936587,0.0,10.153207717532077,0.0,4085.440309978076,0.0,685.7792087225189,0.0,12.386418213833737,0.0,11.751212424702432,0.0,8.706646381787051,0.0
Walle,317.7019607843137,0.0,16.34728825038268,0.0,369.889976593696,0.0,216.0,0.0,148.14592657385197,0.0,12.912058980107737,0.0,14.696938456699069,0.0,10.283224763827121,0.0,4629.0712560091215,0.0,270.03820800472994,0.0,191.30671393175425,0.0,5.9092083632950025,0.0,8.423220068080786,0.0,2988.3991623210973,0.0,1768.713616931142,0.0,12.912059025870713,0.0,11.49929179267703,0.0,9.201350010593426,0.0
Walöl,336.06666666666666,0.0,16.748473278789298,0.0,388.3399473020669,0.0,242.0,0.0,168.45968635010132,0.0,13.511531162496066,0.0,15.556349186104045,0.0,11.04880612280743,0.0,4632.075017750978,0.0,344.73381882418863,0.0,252.24374698307884,0.0,4.559859392654332,0.0,33.669290424368164,0.0,2957.4525049507183,0.0,1868.8909685606677,0.0,13.511531165040887,0.0,12.440157245270875,0.0,9.984821882262652,0.0
Wanst,321.1490196078431,0.0,16.256041020664078,0.0,348.858426405121,0.0,191.0,0.0,126.1807474359702,0.0,12.109123451049316,0.0,13.820274961085254,0.0,9.305202902669285,0.0,4628.777163777674,0.0,262.71104633266003,0.0,182.99083119908676,0.0,8.541531475831944,0.0,8.855747944117574,0.0,2329.2188485219135,0.0,443.12591079476965,0.0,12.109123451414264,0.0,10.762404151065457,0.0,8.075049680975193,0.0
Waren,330.6941176470589,0.0,16.504990682105166,0.0,338.8578022369628,0.0,173.0,0.0,113.5823753485975,0.0,11.76874443522856,0.0,13.152946437965905,0.0,8.812561425982993,0.0,4628.666834624173,0.0,261.2478782126732,0.0,181.68246229424048,0.0,4.703297386153675,0.0,8.042418777710886,0.0,2548.1015479482703,0.0,1407.5940110033407,0.0,11.768744441469238,0.0,10.393967049237197,0.0,7.638691888623593,0.0
Warte,302.36470588235295,0.0,15.784704416063642,0.0,347.25910834663085,0.0,182.0,0.0,120.21245825605514,0.0,12.035331221329034,0.0,13.490737563232042,0.0,9.094243229816069,0.0,4628.733759450143,0.0,262.74892318336333,0.0,182.90195451837457,0.0,7.551406930492149,0.0,8.15358841115936,0.0,4303.6373876982025,0.0,1463.310814763354,0.0,12.035331218500211,0.0,10.472017068444213,0.0,7.875222263491731,0.0
Wartu,310.45490196078435,0.0,16.021008890661776,0.0,356.17828342957813,0.0,206.0,0.0,135.53226074678804,0.0,12.359419214074599,0.0,14.352700094407323,0.0,9.621469872208426,0.0,4628.780962693343,0.0,264.9307706275334,0.0,184.264783097207,0.0,6.839496235673883,0.0,11.719616155185427,0.0,4304.167344422189,0.0,1463.9536868905404,0.0,12.359419211233122,0.0,11.207325495671252,0.0,8.446244558156906,0.0
Warze,316.79215686274506,0.0,16.165030298045117,0.0,345.0639402504786,0.0,168.0,0.0,111.29888151873755,0.0,11.916870134385325,0.0,12.96148139681572,0.0,8.775776237431351,0.0,4628.901584293964,0.0,266.25884292203745,0.0,186.59830871905552,0.0,5.314109667794334,0.0,10.96066026957975,0.0,3665.2915994223813,0.0,1472.8368031973855,0.0,11.916870133776124,0.0,10.053216596162374,0.0,7.46073846996444,0.0
Watte,301.10588235294114,0.0,15.804906309027572,0.0,352.0331421953349,0.0,193.0,0.0,128.24848209971077,0.0,12.226779201009773,0.0,13.892443989449804,0.0,9.409179912356514,0.0,4628.775412373276,0.0,263.85241579803,0.0,183.87643428685567,0.0,7.580494544847766,0.0,8.634150445902435,0.0,4192.451968980875,0.0,1370.4386974415843,0.0,12.226779197056144,0.0,10.879759142053743,0.0,8.232569046188113,0.0
Wcllz,300.2313725490196,0.0,15.915244083361943,0.0,392.92224435967614,0.0,245.0,0.0,167.98016133343123,0.0,13.543606907141017,0.0,15.652475842498529,0.0,10.940155580991972,0.0,4629.846334056593,0.0,281.7897081793757,0.0,202.18727561031477,0.0,6.061543955188101,0.0,18.41537303563607,0.0,2967.1199900065226,0.0,1762.4772770348454,0.0,13.54360695034106,0.0,12.203094665331866,0.0,9.785439965125708,0.0
Wcrzq,329.25882352941176,0.0,16.539349000473905,0.0,377.96668556449225,0.0,220.0,0.0,149.92451884788068,0.0,13.042862924007691,0.0,14.832396974191326,0.0,10.35140715392835,0.0,46466.84056902859,0.0,10347.67139800632,0.0,9999.558756226494,0.0,6.7192978716564244,0.0,72.00939317346,0.0,3651.7257430285863,0.0,1466.3365471602415,0.0,13.04286292381134,0.0,11.97545279699645,0.0,9.161345765784494,0.0
Wctfn,312.0156862745098,0.0,16.07483460487261,0.0,375.02231266181354,0.0,232.0,0.0,154.25751094049107,0.0,12.923458902752573,0.0,15.231546211727817,0.0,10.307427534230559,0.0,4629.434869880013,0.0,274.49417316834825,0.0,192.9423506122177,0.0,5.8064186063582195,0.0,16.227633177317077,0.0,2336.572126571478,0.0,1441.4313637023806,0.0,12.92345891738998,0.0,11.992747581959767,0.0,9.116629417100713,0.0
Wdspr,363.8039215686274,0.0,17.39417500504445,0.0,380.84785118232924,0.0,212.0,0.0,149.27399713293,0.0,13.20996645802196,0.0,14.560219778561036,0.0,10.491667458645528,0.0,5029.697962761695,0.0,413.87719896757613,0.0,350.38270222281415,0.0,6.378421456096389,0.0,18.113110248371274,0.0,2645.378882770286,0.0,820.9507225354674,0.0,13.209966467814665,0.0,11.774861965375573,0.0,9.34901000191194,0.0
Webeh,383.5960784313726,0.0,17.91042816739906,0.0,361.79664455621094,0.0,209.0,0.0,140.95984158223362,0.0,12.593878907918201,0.0,14.45683229480096,0.0,9.969597583132606,0.0,4629.56809714688,0.0,275.0081630711208,0.0,194.8305285877172,0.0,2.9813772760435695,0.0,11.696926014379462,0.0,2200.8393418159326,0.0,548.3655355007211,0.0,12.593878914479811,0.0,11.927018270533706,0.0,8.878779626877735,0.0
Wechs,337.8470588235294,0.0,16.646041678896154,0.0,349.3980462348781,0.0,173.0,0.0,116.01675481152122,0.0,12.044985005480044,0.0,13.152946437965905,0.0,9.003386925923188,0.0,4629.019377137098,0.0,263.4726302361794,0.0,184.1767430670171,0.0,4.615935370346047,0.0,9.985131811779208,0.0,2037.9854529424952,0.0,627.8411916140187,0.0,12.04498500861069,0.0,10.337410811332335,0.0,7.7840020591806525,0.0
Wefle,322.61176470588236,0.0,16.460730009603402,0.0,372.4406170949743,0.0,213.0,0.0,144.50684776182322,0.0,12.86566455345701,0.0,14.594519519326424,0.0,10.101133078618508,0.0,4629.344368435855,0.0,276.597070206237,0.0,197.0103557894811,0.0,5.748393862084474,0.0,12.732126131153496,0.0,3375.312322418465,0.0,2439.4252210854265,0.0,12.865664601255812,0.0,11.376241537709724,0.0,8.944559445100854,0.0
Wehen,370.79999999999995,0.0,17.57580998137342,0.0,348.6030676569119,0.0,194.0,0.0,127.54986542049004,0.0,12.113003882959381,0.0,13.92838827718412,0.0,9.34999013646037,0.0,4628.893367854617,0.0,264.14477995377484,0.0,184.6014560493209,0.0,2.706348908828157,0.0,9.391020222358126,0.0,2132.092570300641,0.0,521.2579914461684,0.0,12.113003890882144,0.0,11.193289208611814,0.0,8.229038252378258,0.0
Weher,343.7294117647059,0.0,16.882331078758817,0.0,352.2018986914609,0.0,185.0,0.0,122.42946575849133,0.0,12.158383250109289,0.0,13.601470508735444,0.0,9.19473168010174,0.0,4628.914559006172,0.0,263.9906386730567,0.0,184.60902940317027,0.0,6.9692097390819425,0.0,9.678205532609848,0.0,2134.1346642085605,0.0,521.17516490392,0.0,12.158383258081782,0.0,10.62315932085721,0.0,7.999877269645936,0.0
Wehre,343.7294117647059,0.0,16.882331078758817,0.0,352.5474076233829,0.0,190.0,0.0,125.13667689848914,0.0,12.189369757710649,0.0,13.784048752090222,0.0,9.281242357205555,0.0,4628.931360196312,0.0,264.52499812958655,0.0,185.02672725573763,0.0,5.65578492838466,0.0,9.705490769376869,0.0,5013.112425842925,0.0,452.13998264438277,0.0,12.189369758381964,0.0,10.812384780848134,0.0,8.080800303932794,0.0
Weide,345.32941176470587,0.0,17.04654820906292,0.0,362.9167402332,0.0,210.0,0.0,141.33115036459324,0.0,12.625166310855072,0.0,14.491376746189438,0.0,9.972744068848725,0.0,4647.605832827193,0.0,275.9623652444343,0.0,198.11974119848287,0.0,4.260946257926903,0.0,9.32076937325822,0.0,2826.383226950953,0.0,1237.5406766676404,0.0,12.625166311816193,0.0,11.595293568183633,0.0,8.885365347354785,0.0
Weine,329.3450980392157,0.0,16.599001280851883,0.0,347.3324875206871,0.0,184.0,0.0,121.24040813902356,0.0,12.032589409674296,0.0,13.564659966250536,0.0,9.110302041809527,0.0,4628.69714293459,0.0,261.39238552063324,0.0,181.89160689932655,0.0,4.33037967482361,0.0,8.42312852999241,0.0,2624.9667225798753,0.0,1241.5615421480754,0.0,12.032589419732618,0.0,10.515680483337519,0.0,7.9586680615519345,0.0
Welle,316.43137254901956,0.0,16.377956134259154,0.0,373.7162866854045,0.0,217.0,0.0,148.7179291763525,0.0,12.983847423246653,0.0,14.730919862656235,0.0,10.299660493616669,0.0,4629.084793086551,0.0,269.9226623510757,0.0,191.2666885143336,0.0,6.0581189905846,0.0,8.462267323226296,0.0,2968.9059153733538,0.0,1759.3601577602142,0.0,12.983847468350222,0.0,11.415048924218665,0.0,9.189058537070151,0.0
Welpe,351.96078431372547,0.0,17.206298749220974,0.0,370.43891629073596,0.0,206.0,0.0,141.91620947428987,0.0,12.850574531943545,0.0,14.352700094407323,0.0,10.108389204382503,0.0,4645.5090253213575,0.0,301.3290953857872,0.0,228.2012654300344,0.0,3.8103437331182874,0.0,11.43929585367316,0.0,2653.859167651289,0.0,593.9442410482834,0.0,12.850574538662508,0.0,11.529534093506825,0.0,9.013576047939893,0.0
Werft,298.42745098039217,0.0,15.745935074080876,0.0,373.55021152065626,0.0,213.0,0.0,142.94980980689178,0.0,12.836074483390504,0.0,14.594519519326424,0.0,9.97497373015254,0.0,4629.140768361934,0.0,272.81999629336315,0.0,191.88635898911582,0.0,9.204523626211067,0.0,10.999874438747042,0.0,2533.536844306178,0.0,1528.8530781051802,0.0,12.836074500250628,0.0,11.190468666431665,0.0,8.699662699708277,0.0
Werke,343.15294117647056,0.0,16.819501323157823,0.0,359.86414272717263,0.0,189.0,0.0,126.93184661445487,0.0,12.408151523208835,0.0,13.74772708486752,0.0,9.422673115748044,0.0,4629.104195627872,0.0,274.0233570253038,0.0,190.5904184731995,0.0,4.080027452769741,0.0,9.154731812448105,0.0,2601.325411337477,0.0,2497.7377764598205,0.0,12.408151518917661,0.0,10.63404246653927,0.0,8.193872932146926,0.0
Wernt,312.278431372549,0.0,16.116908050421102,0.0,355.48539414113554,0.0,193.0,0.0,127.93908907084824,0.0,12.295552505642613,0.0,13.892443989449804,0.0,9.381145161810219,0.0,4628.741309523848,0.0,262.7325778385308,0.0,182.89395290557695,0.0,7.091009903535568,0.0,8.777485151225461,0.0,2802.645690380165,0.0,1743.6573081169577,0.0,12.295552514879304,0.0,10.6949615450174,0.0,8.158251959416777,0.0
Werte,301.09411764705885,0.0,15.816463179140793,0.0,351.08541843833945,0.0,183.0,0.0,120.78446085855568,0.0,12.112317053787248,0.0,13.527749258468683,0.0,9.112823638337131,0.0,4628.747297514604,0.0,262.6301705865189,0.0,182.86008943045667,0.0,7.712907219973889,0.0,8.199524078261438,0.0,4290.073220290624,0.0,1451.951496466386,0.0,12.112317050976344,0.0,10.37943985564191,0.0,7.860857490604679,0.0
Wespe,352.52156862745096,0.0,17.09406096909757,0.0,354.2382494674863,0.0,177.0,0.0,120.79166281960956,0.0,12.243834845835726,0.0,13.30413469565007,0.0,9.291659698537144,0.0,4645.395807933592,0.0,298.1724036614832,0.0,225.13072170983816,0.0,3.663325417452934,0.0,11.852137352888487,0.0,2502.9061940595316,0.0,669.1154402983684,0.0,12.243834857554488,0.0,10.738527614670794,0.0,8.093340099524326,0.0
Weste,308.6941176470589,0.0,15.989629953551727,0.0,348.358304109198,0.0,177.0,0.0,117.79923355821781,0.0,12.024234890084063,0.0,13.30413469565007,0.0,9.034371865268536,0.0,4628.800299298641,0.0,262.832467637417,0.0,183.28157286748583,0.0,7.142364473293245,0.0,8.832736067463326,0.0,4049.5621544571054,0.0,773.8254201274658,0.0,12.024234887352963,0.0,10.281993964816222,0.0,7.772389338149442,0.0
Wette,299.83529411764704,0.0,15.836624559285259,0.0,355.85945228704344,0.0,194.0,0.0,128.82048470221133,0.0,12.30256706686101,0.0,13.92838827718412,0.0,9.427139617268535,0.0,4628.788950315912,0.0,263.73416007552663,0.0,183.83479111942168,0.0,7.745031149321022,0.0,8.70253848196453,0.0,4178.507331079749,0.0,1358.3084401096728,0.0,12.302567062896305,0.0,10.790680665522753,0.0,8.218828863534128,0.0
Weuns,345.1137254901961,0.0,16.92459518976931,0.0,341.40856044469194,0.0,184.0,0.0,118.92544052179568,0.0,11.812232072307149,0.0,13.564659966250536,0.0,8.946003238281234,0.0,4628.661104896097,0.0,260.9610894585276,0.0,181.42104259747762,0.0,4.395371965136696,0.0,9.370757373436861,0.0,2980.581041493574,0.0,1330.75019885437,0.0,11.812232082957983,0.0,10.666227590420647,0.0,7.762674037062313,0.0
Whhgp,454.01960784313724,0.0,19.44691568851555,0.0,411.8099237877708,0.0,270.0,0.0,188.34393150348353,0.0,14.110250647069499,0.0,16.431676725154983,0.0,11.734408541568067,0.0,5347.112426720393,0.0,509.4133024115685,0.0,432.60465288092666,0.0,4.523435473457285,0.0,18.958503033957633,0.0,3656.1047484078954,0.0,1362.5666697281672,0.0,14.110250650303891,0.0,13.74474545395117,0.0,10.59662254120035,0.0
Whlzz,345.33333333333337,0.0,17.068862495706828,0.0,390.3979441866255,0.0,230.0,0.0,158.8988944772461,0.0,13.463263112469042,0.0,15.165750888103101,0.0,10.689171502410257,0.0,4630.1498125216895,0.0,289.22678651770497,0.0,209.4269122786705,0.0,7.07170722323441,0.0,17.57803471292576,0.0,3482.724768275998,0.0,755.4627190035812,0.0,13.463263111429688,0.0,11.909504580766978,0.0,9.46294123750011,0.0
Wichs,321.88235294117646,0.0,16.275670168886034,0.0,369.5156533383011,0.0,213.0,0.0,144.1132360365325,0.0,12.785711509370248,0.0,14.594519519326424,0.0,10.057514729573844,0.0,4629.0983187982065,0.0,266.449832923882,0.0,186.37840460067795,0.0,4.58082837792206,0.0,9.93651061222224,0.0,2251.4343788462597,0.0,1104.6433062211236,0.0,12.78571151266728,0.0,11.545413905225267,0.0,8.928715243309245,0.0
Wicht,313.0235294117647,0.0,16.125379090942488,0.0,380.67975718994865,0.0,235.0,0.0,158.87438615815364,0.0,13.159778254277805,0.0,15.329709716755891,0.0,10.546178354797737,0.0,4629.148346143753,0.0,267.9915026319494,0.0,187.44862972205513,0.0,5.489451031838971,0.0,9.876205997057134,0.0,2252.084433236542,0.0,1105.6319741008058,0.0,13.159778257512809,0.0,12.05214391000137,0.0,9.409743275990326,0.0
Wiese,309.87450980392157,0.0,16.035542030988687,0.0,357.2996733375996,0.0,198.0,0.0,131.76627575166145,0.0,12.353344085270988,0.0,14.071247279470288,0.0,9.549007611354188,0.0,4628.809752568611,0.0,263.3301025195098,0.0,183.500612719133,0.0,4.641955087214849,0.0,9.120407798710007,0.0,2426.781141126717,0.0,1066.4577724658689,0.0,12.353344086084014,0.0,10.981710490405066,0.0,8.32521082253095,0.0
Wilfi,290.6823529411765,0.0,15.702519039653984,0.0,411.27956065257183,0.0,281.0,0.0,193.64091784035753,0.0,14.149747847070778,0.0,16.76305461424021,0.0,11.745541802887661,0.0,4629.517863809597,0.0,282.4291235556191,0.0,200.42025700695396,0.0,7.694085099844912,0.0,12.198388672279501,0.0,2470.0741855936726,0.0,1247.6819973006125,0.0,14.149747865385013,0.0,13.00632604387113,0.0,10.643466586371655,0.0
Wille,300.4666666666667,0.0,16.001380659384864,0.0,393.83389378882754,0.0,257.0,0.0,176.81441040136377,0.0,13.673808866908756,0.0,16.0312195418814,0.0,11.232792737404095,0.0,4629.163733632115,0.0,272.82948930107784,0.0,193.38764994166274,0.0,5.641209069047851,0.0,8.64429788975815,0.0,3119.270760028009,0.0,1980.0968081440722,0.0,13.673808907834783,0.0,12.519499267152751,0.0,10.176937880566678,0.0
Winde,356.51372549019607,0.0,17.325675266855207,0.0,372.16069711376224,0.0,244.0,0.0,163.03691609095802,0.0,13.001201496390292,0.0,15.620499351813308,0.0,10.665221561309552,0.0,4647.622637165904,0.0,277.6391985476306,0.0,199.24782558433824,0.0,4.015674535530256,0.0,9.09359606021184,0.0,2971.283936014516,0.0,1459.7385510924926,0.0,13.001201495472687,0.0,12.726125797477161,0.0,9.650707453986652,0.0
Wirin,297.49411764705883,0.0,15.78074152733748,0.0,379.11280840575415,0.0,246.0,0.0,164.1798670673012,0.0,13.160474811094549,0.0,15.684387141358123,0.0,10.64768140882421,0.0,4628.852779368532,0.0,267.23910001879733,0.0,185.98759119210575,0.0,6.3535711875434915,0.0,9.194226365780064,0.0,3611.9664012754174,0.0,1982.570325341398,0.0,13.160474844604225,0.0,12.222284866698487,0.0,9.545288074688443,0.0
Wisch,321.88235294117646,0.0,16.275670168886034,0.0,373.51488878630124,0.0,219.0,0.0,148.90454222718998,0.0,12.926149049540335,0.0,14.798648586948742,0.0,10.252601649814883,0.0,4629.519156746143,0.0,270.86759296184056,0.0,190.87715843579488,0.0,5.590226191518432,0.0,10.297619934985129,0.0,2350.328018114953,0.0,1111.6838704935212,0.0,12.926149049810904,0.0,11.77241819848553,0.0,9.121871837593298,0.0
Witin,296.2352941176471,0.0,15.800948486950844,0.0,383.88684225445814,0.0,257.0,0.0,172.2158909109568,0.0,13.335780040050219,0.0,16.0312195418814,0.0,10.917899343914959,0.0,4628.894431220667,0.0,268.3241272552587,0.0,186.94598737830302,0.0,6.4906050283341,0.0,9.650815766248323,0.0,3478.8250333449396,0.0,1915.0777232984433,0.0,13.33578007450912,0.0,12.573395124397173,0.0,9.84218430424475,0.0
Witwe,327.10196078431375,0.0,16.51421253606343,0.0,407.64681180196317,0.0,274.0,0.0,188.97444285162837,0.0,14.032634393696494,0.0,16.55294535724685,0.0,11.639375148936004,0.0,5345.672857030345,0.0,502.08110811709577,0.0,386.8598158204158,0.0,4.4257130045237005,0.0,17.810657549376344,0.0,2561.0269374361483,0.0,1573.6591696940986,0.0,14.032634393047372,0.0,13.023573694557426,0.0,10.514870028300214,0.0
Witze,298.29803921568623,0.0,15.835299944642461,0.0,373.78189129431416,0.0,220.0,0.0,148.00338918990496,0.0,12.919307552880856,0.0,14.832396974191326,0.0,10.16231156812236,0.0,4629.035715887495,0.0,270.16692723666773,0.0,189.67570031717761,0.0,5.365043995908682,0.0,11.082857144581249,0.0,3645.221063330696,0.0,1642.9884607698727,0.0,12.91930755175099,0.0,11.587809613911995,0.0,8.962360654935418,0.0
Witzi,282.33333333333337,0.0,15.44549967490895,0.0,392.40196510381895,0.0,248.0,0.0,169.08935782491517,0.0,13.536119519608512,0.0,15.748015748023622,0.0,10.919875934025567,0.0,4629.235811375578,0.0,275.3352802175283,0.0,193.7027795245815,0.0,7.913727611421752,0.0,12.06347343021829,0.0,3645.394219401172,0.0,1643.3083217415142,0.0,13.536119519057594,0.0,12.162654644845398,0.0,9.740829085302229,0.0
Wkrfc,327.00392156862745,0.0,16.347459465864457,0.0,389.53868222767676,0.0,236.0,0.0,159.92999084805354,0.0,13.32805227223874,0.0,15.362291495737216,0.0,10.618475220635155,0.0,4630.977135735469,0.0,301.33220717865,0.0,215.5971867261452,0.0,9.862570760864484,0.0,23.75393612766774,0.0,2562.9048343451786,0.0,1534.7878182384607,0.0,13.328052287884526,0.0,11.871270186190436,0.0,9.36439020165135,0.0
Wnbnn,391.65882352941173,0.0,18.121178248528867,0.0,356.85221981949735,0.0,221.0,0.0,146.88062460010798,0.0,12.52160102405032,0.0,14.866068747318506,0.0,10.078471034275346,0.0,4629.0622305593415,0.0,271.14762934555284,0.0,190.23334138548296,0.0,2.250829302271154,0.0,13.343735640248191,0.0,2526.915871612209,0.0,1186.185440973526,0.0,12.52160103437904,0.0,12.085374937755775,0.0,9.025182362019795,0.0
Wngst,362.1098039215686,0.0,17.322416045539033,0.0,383.9570552329428,0.0,227.0,0.0,155.079111694244,0.0,13.17481459821715,0.0,15.066519173319364,0.0,10.508128797310917,0.0,5129.835475065524,0.0,352.69715922861315,0.0,252.73318081580658,0.0,8.195774294010839,0.0,12.343307569224919,0.0,2176.36776884772,0.0,505.77934936324885,0.0,13.174814599224865,0.0,11.947928211146287,0.0,9.22932505300331,0.0
Wnstr,303.9921568627451,0.0,15.841739406397991,0.0,360.2003101942976,0.0,197.0,0.0,132.03935849983688,0.0,12.458996564813015,0.0,14.035668847618199,0.0,9.582148112743731,0.0,4628.876926677832,0.0,265.48237472707285,0.0,185.28449808320363,0.0,11.183585994743666,0.0,12.63735458729451,0.0,4059.341065005604,0.0,785.727355079999,0.0,12.458996561617965,0.0,10.588448869798572,0.0,8.327609337333312,0.0
Woche,351.9843137254902,0.0,17.010797394279756,0.0,347.7409758836757,0.0,179.0,0.0,119.12895767697142,0.0,12.030738595329959,0.0,13.379088160259652,0.0,9.090128774771433,0.0,4629.061432694329,0.0,264.4258031934783,0.0,184.6670865275214,0.0,3.834844775734252,0.0,9.817795998193256,0.0,2063.283413141969,0.0,631.1134773985428,0.0,12.030738598446133,0.0,10.628020325379952,0.0,7.87750753024565,0.0
Wogon,399.24313725490197,0.0,18.151824566744907,0.0,374.9384759714148,0.0,234.0,0.0,157.01839514271856,0.0,12.9412772670521,0.0,15.297058540778355,0.0,10.486437271942078,0.0,5129.854891143185,0.0,354.2297736475086,0.0,253.29825332863243,0.0,3.4286710652601147,0.0,10.349006725836844,0.0,2354.744851832158,0.0,462.53188560167996,0.0,12.941277271848492,0.0,12.656834446045345,0.0,9.32701848287335,0.0
Wohbo,395.29803921568623,0.0,18.103824198105897,0.0,368.9025366280331,0.0,231.0,0.0,155.59734296582394,0.0,12.867856792502467,0.0,15.198684153570664,0.0,10.446491382025055,0.0,4629.621268085324,0.0,279.43176205117993,0.0,196.65229527535135,0.0,2.640015352207734,0.0,12.113091029201424,0.0,2683.27003469455,0.0,456.1504288503966,0.0,12.867856800410935,0.0,12.605076866560593,0.0,9.323303505734403,0.0
Wohrt,332.43529411764706,0.0,16.578057880093798,0.0,368.6900019707739,0.0,220.0,0.0,146.74905200411445,0.0,12.77702595729944,0.0,14.832396974191326,0.0,10.084475835626389,0.0,4629.060469008217,0.0,267.90549308967434,0.0,187.4351175055119,0.0,9.536782670054981,0.0,10.051567314072518,0.0,5024.119224432978,0.0,459.8223290245995,0.0,12.777025957465115,0.0,11.599280269222797,0.0,8.87946444744312,0.0
Wolke,356.043137254902,0.0,17.196967356906562,0.0,374.9984052935513,0.0,219.0,0.0,150.0528798935245,0.0,13.014363542522998,0.0,14.798648586948742,0.0,10.33130547190953,0.0,4629.331371891324,0.0,278.97509512662475,0.0,195.47356144067678,0.0,3.7001542760851005,0.0,9.585140588918634,0.0,2376.500696860342,0.0,2153.832578395291,0.0,13.014363538706412,0.0,11.600390903921381,0.0,9.197458793173938,0.0
Wolle,322.28235294117644,0.0,16.48393017043868,0.0,375.376996757675,0.0,224.0,0.0,153.6996431010797,0.0,13.072564926394758,0.0,14.966629547095765,0.0,10.469536651688925,0.0,4629.145359552792,0.0,271.2891560556094,0.0,192.15060086091466,0.0,6.221899856723242,0.0,8.566029017570797,0.0,2987.083928457653,0.0,1760.6448509123366,0.0,13.072564972407879,0.0,11.669993254002865,0.0,9.3559145239169,0.0
Worbt,330.92549019607844,0.0,16.586487647242443,0.0,369.66446938957426,0.0,216.0,0.0,146.13887363564453,0.0,12.823924142231444,0.0,14.696938456699069,0.0,10.135601280872503,0.0,4629.199724986569,0.0,273.2428928803169,0.0,191.5353451054258,0.0,5.987007022194618,0.0,10.649125895550737,0.0,3002.195743871461,0.0,1370.448660993748,0.0,12.823924147621732,0.0,11.661672026974673,0.0,8.915903773642189,0.0
Worfo,327.27450980392155,0.0,16.38789465180932,0.0,368.5300335031449,0.0,215.0,0.0,143.99450559240637,0.0,12.721740656527862,0.0,14.66287829861518,0.0,10.000213961692031,0.0,4629.40991564188,0.0,277.500167595784,0.0,195.0926080714554,0.0,5.374568362498689,0.0,11.822435872581815,0.0,2558.094218524281,0.0,1532.431974588312,0.0,12.721740673336356,0.0,11.611193560145509,0.0,8.753034731761408,0.0
Worte,306.94509803921574,0.0,15.926173872757323,0.0,352.74612851060994,0.0,190.0,0.0,125.76617478328286,0.0,12.207370079428369,0.0,13.784048752090222,0.0,9.30439391259451,0.0,4628.807868396867,0.0,264.0344088276677,0.0,183.78443781366812,0.0,7.821212044108151,0.0,8.31959529120884,0.0,4302.350829473888,0.0,1453.4884176832102,0.0,12.207370076163247,0.0,10.659182534773358,0.0,8.05527282286993,0.0
Wotan,335.28627450980395,0.0,16.629353387284795,0.0,350.7591194153556,0.0,202.0,0.0,133.71225523942195,0.0,12.23546644351596,0.0,14.212670403551895,0.0,9.571177832167981,0.0,4628.8133846099845,0.0,265.2762699455213,0.0,184.55075705954644,0.0,4.916130410252885,0.0,9.361948406346734,0.0,3804.263021307746,0.0,1685.510229692475,0.0,12.235466443211568,0.0,11.261188121630742,0.0,8.404328768305318,0.0
Wprms,387.6,0.0,17.89346060251392,0.0,428.08986806618657,0.0,274.0,0.0,195.55771962647128,0.0,14.584349823708482,0.0,16.55294535724685,0.0,12.088922243078551,0.0,4690.255185984032,0.0,516.955128335017,0.0,422.4796312509771,0.0,4.68274755525503,0.0,14.330381482433188,0.0,3887.970850801348,0.0,1430.8069096135944,0.0,14.58434982748768,0.0,13.905899243431652,0.0,10.998072484442085,0.0
Wprst,319.4901960784314,0.0,16.25550792408684,0.0,375.59449668343296,0.0,208.0,0.0,143.34543442049852,0.0,12.970577006918628,0.0,14.422205101855956,0.0,10.151637854352156,0.0,4681.621243935915,0.0,416.34591982918465,0.0,353.2321892893958,0.0,11.516594084929787,0.0,13.6167329765524,0.0,2535.349751158599,0.0,1376.5831489166355,0.0,12.970577007216802,0.0,11.26180275886031,0.0,8.873898107564331,0.0
Wrack,330.9411764705883,0.0,16.384805556777604,0.0,370.13340703485056,0.0,220.0,0.0,146.80324772618675,0.0,12.756143583905546,0.0,14.832396974191326,0.0,10.098626980003099,0.0,4629.649348906349,0.0,284.16983308848893,0.0,198.64494399201502,0.0,4.785370358744715,0.0,11.272887464585827,0.0,2178.1752443506107,0.0,535.317947255171,0.0,12.756143584203683,0.0,11.475779729150418,0.0,8.952032461411251,0.0
Wrllr,284.65882352941173,0.0,15.480112876071079,0.0,396.8736002786107,0.0,256.0,0.0,175.130848269365,0.0,13.699466663058304,0.0,16.0,0.0,11.153372576801493,0.0,4629.221853130085,0.0,274.43998900077816,0.0,194.50705324339614,0.0,8.627854641171481,0.0,10.82022875621449,0.0,3031.786725142684,0.0,1778.2546149528255,0.0,13.69946670398413,0.0,12.135103699694405,0.0,10.035739586450095,0.0
Wtstv,286.39607843137253,0.0,15.397054797085453,0.0,385.7300027266874,0.0,245.0,0.0,166.07315644969302,0.0,13.32392338127909,0.0,15.652475842498529,0.0,10.794473582684207,0.0,4629.644715195536,0.0,276.8466143189493,0.0,194.18922503084096,0.0,7.260202249980981,0.0,32.54311793842114,0.0,4066.5763779476183,0.0,815.5978697056163,0.0,13.3239233794635,0.0,12.192683892458321,0.0,9.591220744659612,0.0
Wuchs,345.9372549019607,0.0,16.87028559176496,0.0,352.37941243962746,0.0,184.0,0.0,123.05042992551532,0.0,12.185995498926182,0.0,13.564659966250536,0.0,9.255496097042348,0.0,4629.033058707463,0.0,264.2772865627906,0.0,184.73874575604304,0.0,4.6560222101491275,0.0,10.163627658829112,0.0,2107.770796192248,0.0,665.985662681109,0.0,12.185995502020338,0.0,10.696865695159158,0.0,8.068199044996115,0.0
Wucht,337.07843137254906,0.0,16.725338481715426,0.0,363.54351629127507,0.0,206.0,0.0,137.8115800471365,0.0,12.577910446523672,0.0,14.352700094407323,0.0,9.784297795855133,0.0,4629.083086758287,0.0,265.8315560853467,0.0,185.81841476747678,0.0,5.816326184265602,0.0,10.116415045040709,0.0,2108.467340365163,0.0,667.6031018408028,0.0,12.577910449558436,0.0,11.241909370042226,0.0,8.597508270101319,0.0
Wulti,300.25882352941176,0.0,15.963728590987774,0.0,386.16041094670186,0.0,245.0,0.0,167.0434239619024,0.0,13.399359883280322,0.0,15.652475842498529,0.0,10.864566867814466,0.0,4629.127704634891,0.0,272.4286195217144,0.0,191.6646489067159,0.0,10.994344344221053,0.0,10.412465951046773,0.0,4178.916443539055,0.0,744.7194434381975,0.0,13.399359877752442,0.0,12.02278214962862,0.0,9.757941677290283,0.0
Wunde,380.56862745098044,0.0,17.88541640426255,0.0,355.0244562150886,0.0,215.0,0.0,141.97410997994083,0.0,12.411901862677915,0.0,14.66287829861518,0.0,9.912494964366614,0.0,4647.557637190004,0.0,275.554886180589,0.0,197.71492225451465,0.0,2.5358694500321723,0.0,9.426212645125947,0.0,2863.8098915525547,0.0,1163.0355408053238,0.0,12.411901861007562,0.0,11.961631632856049,0.0,8.860588824451751,0.0
Wurst,300.89803921568625,0.0,15.776004633105794,0.0,360.2107752697675,0.0,195.0,0.0,130.24516040203787,0.0,12.437864175930532,0.0,13.96424004376894,0.0,9.503205083468039,0.0,4628.842079337216,0.0,263.9523863988644,0.0,183.9911714087887,0.0,10.3763177124163,0.0,9.119533126347864,0.0,2574.8926422094205,0.0,1391.7706576028158,0.0,12.43786417610096,0.0,10.60393091958629,0.0,8.197305836599302,0.0
Wvnkt,347.92549019607844,0.0,16.976237774641383,0.0,392.9294676482733,0.0,267.0,0.0,179.4328171527456,0.0,13.553499185081526,0.0,16.34013463836819,0.0,11.173103462988239,0.0,4630.67255302586,0.0,329.885143767379,0.0,224.8849781687966,0.0,4.621682735162015,0.0,23.470361284527346,0.0,2532.727584985076,0.0,2142.344792902607,0.0,13.553499179696322,0.0,12.682596063460515,0.0,10.042743120179349,0.0
Wärkt,339.7882352941176,0.0,16.680180910806218,0.0,379.84610178368564,0.0,224.0,0.0,152.8540782855895,0.0,13.129165557540254,0.0,14.966629547095765,0.0,10.405027863180765,0.0,4629.525724949274,0.0,287.26854406799947,0.0,200.4392053787009,0.0,6.26181842510501,0.0,11.901781800004777,0.0,2656.27644447434,0.0,2530.8041937268763,0.0,13.129165553653804,0.0,11.804719511736614,0.0,9.244294501682486,0.0
Wölfe,340.9764705882353,0.0,16.859215772931954,0.0,383.79956292030965,0.0,230.0,0.0,157.64617413535757,0.0,13.2503007498366,0.0,15.165750888103101,0.0,10.595221090012274,0.0,4629.663056486068,0.0,282.16775184665755,0.0,201.68833411638954,0.0,6.169008233811996,0.0,15.169126657218877,0.0,2367.93180597651,0.0,1054.770458093297,0.0,13.250300770010323,0.0,11.997547688469217,0.0,9.427294964803588,0.0
Würfe,336.17647058823525,0.0,16.700288578361103,0.0,371.6466665586804,0.0,211.0,0.0,141.558815970282,0.0,12.788979843297025,0.0,14.52583904633395,0.0,9.944985693708825,0.0,4629.4430897779275,0.0,278.03775640391996,0.0,197.38564527777422,0.0,6.5858629641306505,0.0,13.189525691818108,0.0,2587.7980113070207,0.0,1608.5490826588837,0.0,12.788979861213873,0.0,11.392836910117333,0.0,8.713342836201047,0.0
Wüten,348.76862745098043,0.0,17.069213874216263,0.0,360.0364854905199,0.0,206.0,0.0,137.43006913904202,0.0,12.496419450266652,0.0,14.352700094407323,0.0,9.759947829104318,0.0,4629.092914909656,0.0,269.6362811000347,0.0,189.8669717448665,0.0,4.913623648586191,0.0,11.576282766322645,0.0,2391.0609547597837,0.0,1391.8358589374614,0.0,12.496419454607617,0.0,11.451226140243644,0.0,8.635338081951549,0.0
Xbllm,384.59215686274507,0.0,18.229585022386757,0.0,442.5942850277953,0.0,328.0,0.0,232.11266721200445,0.0,15.178346087073338,0.0,18.110770276274835,0.0,13.069351951831695,0.0,858.0648920632516,0.0,491.9898533942141,0.0,381.6524318273454,0.0,5.920197613555491,0.0,41.925861672473765,0.0,2439.3164030583716,0.0,1818.528762438274,0.0,15.178346128948611,0.0,15.129950549630358,0.0,12.18244683868758,0.0
Xdgzr,378.1372549019608,0.0,17.94738390418585,0.0,380.72077518877643,0.0,233.0,0.0,157.35808732414898,0.0,13.136829961852333,0.0,15.264337522473747,0.0,10.524300472062007,0.0,3022.1701531265,0.0,383.4548752114064,0.0,327.15886697829296,0.0,7.421880514187863,0.0,42.3996806683179,0.0,3078.7381181810397,0.0,956.8464919616666,0.0,13.136829961961103,0.0,12.256220328951514,0.0,9.418779933599899,0.0
Xnprt,332.17647058823525,0.0,16.821734444213813,0.0,355.2183851538691,0.0,215.0,0.0,140.50268700072627,0.0,12.373761517319139,0.0,14.66287829861518,0.0,9.735400429919324,0.0,838.5825300959115,0.0,180.58895352878645,0.0,155.84891907173525,0.0,8.949369309236562,0.0,40.671595392283166,0.0,4688.503386826224,0.0,615.281671579604,0.0,12.373761515213785,0.0,11.327497145799038,0.0,8.668205050265252,0.0
Zahan,353.5647058823529,0.0,17.27015413249379,0.0,318.92029086452044,0.0,170.0,0.0,106.90618039863563,0.0,11.133908699880205,0.0,13.038404810405298,0.0,8.3104316708687,0.0,725.841728100369,0.0,96.69949651512901,0.0,69.14494591273184,0.0,3.2760996766030916,0.0,12.121033307965362,0.0,3114.8713728578673,0.0,1254.900051412863,0.0,11.133908702454043,0.0,10.43525804041581,0.0,7.2352257002565326,0.0
Zahga,384.6117647058823,0.0,17.985205590876564,0.0,345.4145564545514,0.0,191.0,0.0,124.83840280983613,0.0,11.967778159230575,0.0,13.820274961085254,0.0,9.214671667657242,0.0,2479.3271879147737,0.0,255.441181503313,0.0,188.10027231690566,0.0,6.02044556926578,0.0,13.04618717998521,0.0,3091.550920784952,0.0,1405.555445172114,0.0,11.967778162020993,0.0,11.342186355396827,0.0,8.082436806912678,0.0
Zahmt,374.92941176470583,0.0,17.84025790170173,0.0,395.4847996695587,0.0,258.0,0.0,176.3965835432342,0.0,13.662732349159668,0.0,16.06237840420901,0.0,11.210426744838303,0.0,780.5837171881411,0.0,322.90675621399737,0.0,243.26924389244445,0.0,5.924258725280947,0.0,12.934908356618227,0.0,3070.750907266107,0.0,718.176402260272,0.0,13.662732355213471,0.0,13.418553243004723,0.0,10.212231615619208,0.0
Zanga,370.3058823529411,0.0,17.659922109235577,0.0,334.95092855812226,0.0,179.0,0.0,114.98418009087108,0.0,11.578923879268437,0.0,13.379088160259652,0.0,8.758128385915406,0.0,2478.859116131436,0.0,251.74251712244512,0.0,184.72176725688075,0.0,5.886503905939314,0.0,11.988512185736765,0.0,3217.938708896134,0.0,1388.500839118377,0.0,11.578923880117324,0.0,10.884674780218274,0.0,7.617216662135918,0.0
Zarig,326.0,0.0,16.636922940291097,0.0,356.61345714108415,0.0,197.0,0.0,130.1547699459793,0.0,12.28776135891105,0.0,14.035668847618199,0.0,9.449281244605809,0.0,4256.9718447684145,0.0,424.9947636414439,0.0,323.1185689028751,0.0,7.04030803600376,0.0,13.243017971464145,0.0,2891.4219783601516,0.0,1804.207850214227,0.0,12.28776139902226,0.0,11.118409028447488,0.0,8.310571138714693,0.0
Zatat,282.59999999999997,0.0,15.496703026466747,0.0,326.24456782024515,0.0,164.0,0.0,104.97476870412224,0.0,11.318878758458773,0.0,12.806248474865697,0.0,8.288553956919062,0.0,725.033033540375,0.0,92.7541643950117,0.0,65.17425750072887,0.0,5.314341836229742,0.0,11.954757315854918,0.0,3254.7378098602794,0.0,1729.2170887402792,0.0,11.318878758414627,0.0,9.788276321295108,0.0,7.089291827750112,0.0
Zauga,367.2117647058824,0.0,17.600979054240707,0.0,336.58287128151494,0.0,184.0,0.0,117.19041691301271,0.0,11.615454506733947,0.0,13.564659966250536,0.0,8.8079939126861,0.0,2478.873164782832,0.0,252.11507479989888,0.0,184.82612122274924,0.0,5.85306455637197,0.0,12.58216804798991,0.0,3524.0519718595115,0.0,1544.482175185131,0.0,11.615454507545984,0.0,10.991062206043965,0.0,7.63253749237592,0.0
Zbgtn,374.6,0.0,17.935579969297436,0.0,368.7337515152004,0.0,228.0,0.0,152.42734110303874,0.0,12.797603058718304,0.0,15.0996688705415,0.0,10.296302023642347,0.0,2328.544984009767,0.0,271.1456519598118,0.0,202.21138429484384,0.0,4.278356274498089,0.0,18.59931748142111,0.0,3585.1989503317254,0.0,763.2804917323522,0.0,12.797603055901499,0.0,12.371905370627932,0.0,9.212216259689308,0.0
Zcchc,299.3921568627451,0.0,15.823424447497915,0.0,327.24662606334005,0.0,154.0,0.0,96.8051615359071,0.0,11.16259826211026,0.0,12.409673645990857,0.0,7.916468827926938,0.0,732.4629199377738,0.0,93.74104879597118,0.0,67.00503064127312,0.0,4.243245524522634,0.0,23.347397108644895,0.0,515.1976176037995,0.0,719.4307236512102,0.0,11.162598265115305,0.0,9.548212747047215,0.0,6.660445833554435,0.0
Zckhr,335.3843137254902,0.0,16.793177520244683,0.0,353.7305075685782,0.0,197.0,0.0,128.43814498951156,0.0,12.201714129708837,0.0,14.035668847618199,0.0,9.290373207825935,0.0,731.0029790541149,0.0,132.9260230295515,0.0,94.32777079695673,0.0,4.502369112149817,0.0,18.135310876179982,0.0,2889.673616643112,0.0,1072.3245480641929,0.0,12.201714134020028,0.0,10.903975041598923,0.0,8.13409190267766,0.0
Zebre,322.44313725490196,0.0,16.632769682082216,0.0,326.73725733168146,0.0,159.0,0.0,101.34103959634224,0.0,11.285193125826948,0.0,12.609520212918492,0.0,8.183239055268407,0.0,726.74535004654,0.0,105.42196955305604,0.0,77.65433752621801,0.0,3.2958367938532342,0.0,12.711962002357913,0.0,4640.497762871479,0.0,590.0486465092314,0.0,11.285193124803376,0.0,9.892833000411676,0.0,7.010165621208568,0.0
Zefet,294.53725490196075,0.0,15.924591135883508,0.0,335.85446380121783,0.0,163.0,0.0,104.8988458828392,0.0,11.532052771935993,0.0,12.767145334803704,0.0,8.326433646232905,0.0,727.3743394304037,0.0,112.88714862675447,0.0,85.33424550633457,0.0,5.219777262628324,0.0,14.739973659085551,0.0,1961.4433383771077,0.0,1821.7975141702632,0.0,11.532052779498402,0.0,9.68357095005669,0.0,7.109351683591067,0.0
Zehen,351.0235294117647,0.0,17.32816931326928,0.0,321.1063377905192,0.0,161.0,0.0,100.93804348119505,0.0,11.110142884100432,0.0,12.68857754044952,0.0,8.071508901438817,0.0,725.731719032219,0.0,91.79123089042673,0.0,66.30428941211359,0.0,3.0784042829795015,0.0,11.827167600913338,0.0,811.9028036760876,0.0,623.2596995702166,0.0,11.110142892611131,0.0,10.042185116230863,0.0,6.961585975052965,0.0
Zehnt,333.878431372549,0.0,16.92931910751463,0.0,333.90761960298346,0.0,180.0,0.0,114.72275460094527,0.0,11.5867818628837,0.0,13.416407864998739,0.0,8.669233349371638,0.0,726.1202683970138,0.0,96.25992825235502,0.0,69.66528804721582,0.0,4.444601499507936,0.0,12.146905776456146,0.0,1463.7187542143004,0.0,1216.4631630847584,0.0,11.586781875356435,0.0,10.44621955901683,0.0,7.543022318619889,0.0
Zeile,289.53725490196075,0.0,15.88536306502954,0.0,339.0749819795758,0.0,175.0,0.0,113.8987681317885,0.0,11.753872777036065,0.0,13.228756555322953,0.0,8.741152927525665,0.0,726.0453571730316,0.0,99.35067075467373,0.0,74.4828428026886,0.0,4.170575332632625,0.0,11.433338758387935,0.0,2280.5948866047243,0.0,1821.9984246043673,0.0,11.753872828764298,0.0,9.909887091081403,0.0,7.619749898736818,0.0
Zelle,296.6549019607843,0.0,16.111914919825594,0.0,346.2195568190119,0.0,184.0,0.0,122.1061072370575,0.0,12.053659433827024,0.0,13.564659966250536,0.0,9.15477725987191,0.0,726.95167557834,0.0,107.29123422835758,0.0,83.07531133950137,0.0,3.8308065110899374,0.0,11.382162324781476,0.0,2220.8232942804943,0.0,1792.1425162298565,0.0,12.0536594823817,0.0,10.28878518175097,0.0,8.073747921712592,0.0
Zeugs,356.3843137254902,0.0,17.40711561320684,0.0,342.2885252407441,0.0,175.0,0.0,112.77001995070319,0.0,11.714127999482495,0.0,13.228756555322953,0.0,8.694332069293285,0.0,2478.8972586673362,0.0,250.96036006809967,0.0,184.36910574240446,0.0,5.33798848187939,0.0,12.479644549528766,0.0,3507.824929548174,0.0,1532.0767736243488,0.0,11.714128000746912,0.0,10.460564788832569,0.0,7.447578315897835,0.0
Zfllm,344.95294117647063,0.0,17.310070895353174,0.0,447.77248233728557,0.0,322.0,0.0,227.95805195822035,0.0,15.210616495725944,0.0,17.944358444926362,0.0,12.94909264820332,0.0,876.602141837223,0.0,527.2649720009407,0.0,420.42326606948814,0.0,9.130000055894419,0.0,23.882830588560378,0.0,2293.394365598675,0.0,1809.6431237900983,0.0,15.21061653450236,0.0,14.878204740304941,0.0,11.980669462013525,0.0
Zicke,309.8156862745098,0.0,16.215126718183114,0.0,347.46962957563613,0.0,185.0,0.0,121.07500654674664,0.0,11.992062606350416,0.0,13.601470508735444,0.0,9.02979177573295,0.0,728.1964077087082,0.0,121.64116454546631,0.0,84.94398595522789,0.0,4.792072419048851,0.0,12.193853033211779,0.0,1309.295014874432,0.0,2334.40918644175,0.0,11.992062600379592,0.0,10.390488409031423,0.0,7.904012067555188,0.0
Zidim,360.55294117647054,0.0,17.664050643074685,0.0,429.70015658197866,0.0,314.0,0.0,218.45079060400167,0.0,14.747371188851979,0.0,17.72004514666935,0.0,12.587984759306757,0.0,956.8334848719494,0.0,486.4586620628952,0.0,378.20879714546527,0.0,9.438090909365306,0.0,14.297487984795756,0.0,3168.244319407725,0.0,1728.6117504444755,0.0,14.747371213562152,0.0,15.002688657148509,0.0,11.677860056128125,0.0
Zihlt,297.88235294117646,0.0,16.120488275886053,0.0,373.2644510316877,0.0,244.0,0.0,162.08941775801648,0.0,13.011770612682174,0.0,15.620499351813308,0.0,10.532399730301705,0.0,728.185002583323,0.0,117.19672200376347,0.0,88.39493970842693,0.0,5.508496402881037,0.0,12.474297802737553,0.0,2291.4451448249993,0.0,1991.7349149489046,0.0,13.011770650836588,0.0,12.150250629886441,0.0,9.486940278542066,0.0
Zilti,256.4274509803921,0.0,15.049514585971083,0.0,375.79992197898275,0.0,241.0,0.0,161.4944081336246,0.0,13.085457180366078,0.0,15.524174696260024,0.0,10.547755597876757,0.0,727.6401647470512,0.0,118.42105935276788,0.0,87.535160806551,0.0,6.672582124283715,0.0,12.761392715923497,0.0,3768.8620071054415,0.0,1203.355109272724,0.0,13.085457175403054,0.0,11.788837761525915,0.0,9.517886034418943,0.0
Zitat,265.36470588235295,0.0,15.131363274865224,0.0,350.1884850153766,0.0,205.0,0.0,133.64325253163406,0.0,12.180673141155248,0.0,14.317821063276353,0.0,9.440924098564158,0.0,725.6232350811978,0.0,100.59140849246529,0.0,71.0507438058487,0.0,4.74489791905576,0.0,12.139966419351552,0.0,3375.133237767534,0.0,1945.2014369714364,0.0,12.180673141704986,0.0,10.968796811258352,0.0,8.316446430110577,0.0
Zjgst,327.84705882352944,0.0,16.737362864197806,0.0,394.2229044337007,0.0,244.0,0.0,166.80006911204546,0.0,13.456123286746104,0.0,15.620499351813308,0.0,10.882145106174669,0.0,24062.820822312722,0.0,2247.1798090158672,0.0,1975.4996843470271,0.0,6.434923169850567,0.0,33.202309822402306,0.0,974.1661107418084,0.0,800.809193734359,0.0,13.4561232872812,0.0,12.552391728393168,0.0,9.723559007096224,0.0
Zlbqr,340.8156862745098,0.0,17.215493321532477,0.0,375.4746374992244,0.0,242.0,0.0,164.76902106567502,0.0,13.164139511500617,0.0,15.556349186104045,0.0,10.818561599192366,0.0,45514.33303359299,0.0,10292.411128590828,0.0,9943.95884954844,0.0,4.524312243912137,0.0,71.83312333514905,0.0,1821.0435912453288,0.0,676.0719702993122,0.0,13.164139515339553,0.0,12.718667507710245,0.0,9.856871848744502,0.0
Zobel,335.33333333333337,0.0,17.014378884108446,0.0,344.4847267779478,0.0,186.0,0.0,124.42045986506928,0.0,12.04716336101812,0.0,13.638181696985855,0.0,9.29360267546454,0.0,730.2418933203113,0.0,131.5151663044386,0.0,104.0216366951798,0.0,4.0452930283911,0.0,12.9032885290925,0.0,1056.0904901410372,0.0,653.9835861328289,0.0,12.047163367041088,0.0,10.885328361924456,0.0,8.219150693738875,0.0
Zogig,388.6980392156862,0.0,18.17632294713395,0.0,386.59763426229654,0.0,239.0,0.0,161.41819752546462,0.0,13.205993245659643,0.0,15.459624833740307,0.0,10.657690185509333,0.0,4797.016100308065,0.0,485.56141041356403,0.0,366.8607664887699,0.0,6.545240137084378,0.0,14.12646419407715,0.0,2584.0160267906354,0.0,1255.7805680194483,0.0,13.20599328121622,0.0,12.68721687913616,0.0,9.511560892542331,0.0
Zokel,336.2666666666667,0.0,16.943790647977547,0.0,352.2319905078922,0.0,189.0,0.0,126.98807277282387,0.0,12.252686604631021,0.0,13.74772708486752,0.0,9.391516601223234,0.0,731.1478504568763,0.0,145.67847429907118,0.0,110.55269771882686,0.0,4.142555623140393,0.0,13.675555750278793,0.0,2941.3290253929126,0.0,989.2807576147355,0.0,12.252686610489281,0.0,10.670300057895583,0.0,8.268710627805525,0.0
Zonen,342.5686274509804,0.0,17.092489205369667,0.0,312.3034199663605,0.0,156.0,0.0,96.06553468695718,0.0,10.797717299648179,0.0,12.489995996796797,0.0,7.776380021883443,0.0,724.51810135289,0.0,85.37734084865649,0.0,58.95409165806815,0.0,2.384415815112662,0.0,11.279719221746685,0.0,1249.9192139953548,0.0,587.6282943909663,0.0,10.797717306143536,0.0,9.826588229002617,0.0,6.652384834196417,0.0
Zoten,314.2392156862745,0.0,16.39802925115696,0.0,321.62212638325315,0.0,159.0,0.0,100.56029378018584,0.0,11.136847672947448,0.0,12.609520212918492,0.0,8.067346040584326,0.0,725.0248629998697,0.0,90.34319156180894,0.0,63.309486330765274,0.0,3.8831334222446836,0.0,11.474395964857973,0.0,1284.9266023775706,0.0,1344.3338858556506,0.0,11.136847677472959,0.0,9.810777648098634,0.0,6.90800871753448,0.0
Zotis,278.80392156862746,0.0,15.437417656411988,0.0,335.2383099405267,0.0,172.0,0.0,111.15620348097954,0.0,11.603346634012329,0.0,13.114877048604,0.0,8.574787665433703,0.0,725.586654931361,0.0,96.14982703039762,0.0,67.70590742529069,0.0,6.244085143489961,0.0,11.864734274129031,0.0,2722.2642066044396,0.0,1721.161862727356,0.0,11.603346677937417,0.0,9.926458647983258,0.0,7.382679886557906,0.0
Ztltt,254.06666666666663,0.0,14.951495073108381,0.0,371.09051599161177,0.0,233.0,0.0,155.43849108967623,0.0,12.915913955256695,0.0,15.264337522473747,0.0,10.324573488827141,0.0,727.8806097055565,0.0,120.18329813203707,0.0,89.75970401853087,0.0,6.901935832003007,0.0,14.318679954696723,0.0,3661.7645910973556,0.0,829.3409196816053,0.0,12.915913950657039,0.0,11.675100448631136,0.0,9.236833511894645,0.0
Zuber,330.5333333333333,0.0,16.857190147511474,0.0,329.3731146045087,0.0,165.0,0.0,105.66750357033851,0.0,11.402541583838621,0.0,12.84523257866513,0.0,8.364823027179462,0.0,726.7254816507622,0.0,106.09444681705511,0.0,77.9944329525457,0.0,5.149286510777556,0.0,12.60815594916541,0.0,1118.9418258518904,0.0,682.0774841093246,0.0,11.402541590602222,0.0,10.068409377806008,0.0,7.235072396912253,0.0
Zucht,317.3019607843137,0.0,16.464911253205475,0.0,336.0467864248824,0.0,173.0,0.0,111.19975810784152,0.0,11.615259060275315,0.0,13.152946437965905,0.0,8.570847318210465,0.0,726.9408099375295,0.0,96.53797958476399,0.0,69.62071879558562,0.0,3.9376746222963406,0.0,12.443863023092641,0.0,749.3699487888507,0.0,750.0521508843074,0.0,11.615259062996063,0.0,10.0963500780673,0.0,7.393494246483681,0.0
Zuhun,367.2039215686275,0.0,17.75660768541267,0.0,330.85429750035576,0.0,192.0,0.0,120.04827989298342,0.0,11.5262526808094,0.0,13.856406460551018,0.0,8.78322899861954,0.0,726.011666603158,0.0,98.23873746761839,0.0,70.13790501960295,0.0,3.00018659287277,0.0,13.335180825781068,0.0,4717.117015375553,0.0,1568.0668428581762,0.0,11.526252692553483,0.0,10.93303566184479,0.0,7.703074469973862,0.0
Zunft,313.81176470588235,0.0,16.453043877223333,0.0,344.49017529082437,0.0,199.0,0.0,126.91292773201783,0.0,11.920499037923356,0.0,14.106735979665885,0.0,9.113050750548304,0.0,727.1551860402994,0.0,114.96552411804366,0.0,84.6828168221099,0.0,5.575484140287759,0.0,13.738911096986858,0.0,1336.6469309489526,0.0,882.504809460519,0.0,11.920499055708657,0.0,10.833268980925396,0.0,7.951452351658233,0.0
Zunge,375.85490196078433,0.0,17.927518212671465,0.0,340.32016829862783,0.0,180.0,0.0,115.72794718327866,0.0,11.710493569103816,0.0,13.416407864998739,0.0,8.795451758757945,0.0,2478.8741899771944,0.0,250.9614703275997,0.0,184.3981771739413,0.0,5.295380499681559,0.0,11.899876560486764,0.0,3244.5095140983194,0.0,1392.5884524773821,0.0,11.71049356969754,0.0,10.717478200111948,0.0,7.62286223941923,0.0
Zutar,290.678431372549,0.0,15.748939047524603,0.0,328.1818767159907,0.0,164.0,0.0,104.03199482739518,0.0,11.341235990307451,0.0,12.806248474865697,0.0,8.217676134615907,0.0,725.0573609089322,0.0,92.88892283092565,0.0,65.18254009003788,0.0,5.584066353221324,0.0,12.430358613076036,0.0,3281.6984189313603,0.0,1733.3136489925737,0.0,11.341235990290455,0.0,9.571174433351361,0.0,7.005078485715048,0.0
Zvhlg,368.07058823529417,0.0,17.765001079657893,0.0,396.74705450402655,0.0,273.0,0.0,184.14913785423278,0.0,13.658110523671185,0.0,16.522711641858304,0.0,11.359287719259578,0.0,4259.072833774283,0.0,465.7618265910159,0.0,347.8013646934448,0.0,7.437184162240526,0.0,25.872748230574167,0.0,2237.143641829619,0.0,1792.6844341314063,0.0,13.658110560556535,0.0,13.190171225216467,0.0,10.305904188841442,0.0
Zwack,353.1372549019608,0.0,17.163046952675124,0.0,374.8657943970642,0.0,227.0,0.0,153.12025036918212,0.0,12.937838806971055,0.0,15.066519173319364,0.0,10.363191896316147,0.0,1304.157427683927,0.0,358.68030577277676,0.0,286.24663106954426,0.0,3.765306171813104,0.0,17.717923335023197,0.0,836.6826988852305,0.0,602.0755508498643,0.0,12.937838807499888,0.0,11.632522946608564,0.0,9.316776393403863,0.0
Zwerg,366.7803921568627,0.0,17.61914524383672,0.0,394.2951594571464,0.0,247.0,0.0,167.9356898920932,0.0,13.472247499143721,0.0,15.716233645501712,0.0,10.92502264261883,0.0,4391.966048776703,0.0,538.956142722064,0.0,420.6429616427755,0.0,5.195249315026885,0.0,18.020315833121256,0.0,4681.371426810627,0.0,670.5762673681156,0.0,13.472247497104135,0.0,12.448058890079688,0.0,9.819147878704843,0.0
Zwest,315.0039215686274,0.0,16.354657360456425,0.0,369.9421345903087,0.0,216.0,0.0,144.94816785587975,0.0,12.757160881534995,0.0,14.696938456699069,0.0,10.046420514988448,0.0,1301.463805389317,0.0,344.18082186656454,0.0,277.0829201694636,0.0,7.97805750372798,0.0,16.84677592936768,0.0,1140.010200432727,0.0,674.6375711265464,0.0,12.757160880919944,0.0,11.161379480227879,0.0,8.864796301362704,0.0
Zwoig,372.5529411764706,0.0,17.77710038117359,0.0,403.4569853109908,0.0,270.0,0.0,184.2872231806116,0.0,13.796033344291658,0.0,16.431676725154983,0.0,11.443958560217366,0.0,4392.106950799816,0.0,540.7498708198932,0.0,421.7323405456859,0.0,5.018357266676406,0.0,17.972651270446462,0.0,2763.9738697027296,0.0,1393.3941782323259,0.0,13.796033378665088,0.0,13.138903407995436,0.0,10.38399361790488,0.0
Zwong,399.70196078431366,0.0,18.379683884662306,0.0,391.4779797145338,0.0,254.0,0.0,172.71487447794692,0.0,13.447496166580601,0.0,15.937377450509228,0.0,11.066044990125054,0.0,4392.025668877632,0.0,539.762853034861,0.0,421.11647165885086,0.0,6.560439787321675,0.0,17.67298151619483,0.0,1832.6716371522762,0.0,1369.623686141532,0.0,13.447496174394718,0.0,12.90999573969245,0.0,10.032753333983171,0.0
Zwöck,370.2313725490196,0.0,17.574166231248864,0.0,389.3396659944432,0.0,240.0,0.0,164.11159597530275,0.0,13.354126318098874,0.0,15.491933384829668,0.0,10.801932094010176,0.0,1308.672645938926,0.0,374.0112645130754,0.0,301.3084644468413,0.0,3.627426134293143,0.0,24.755496946604584,0.0,4052.153765483523,0.0,3177.446872156186,0.0,13.354126319813743,0.0,12.17062813490635,0.0,9.746776362726207,0.0
Zwölf,347.2862745098039,0.0,17.20580448002041,0.0,409.93989978753524,0.0,275.0,0.0,189.5152921198769,0.0,14.034176317927885,0.0,16.583123951777,0.0,11.640463537601663,0.0,1310.1964250376477,0.0,381.1729209884607,0.0,310.7274770725436,0.0,5.288471529347691,0.0,25.732550866585427,0.0,4472.624543365943,0.0,3593.903814094868,0.0,14.034176357926528,0.0,13.073649346153296,0.0,10.568965571598234,0.0
Zyste,295.1921568627451,0.0,15.800777189261867,0.0,353.5004827044411,0.0,195.0,0.0,127.82328158029017,0.0,12.158865972896063,0.0,13.96424004376894,0.0,9.293306926813793,0.0,7799.135778108462,0.0,463.41844431508844,0.0,323.72292162519483,0.0,5.150284001896356,0.0,14.650486554840773,0.0,3645.1849925032916,0.0,879.7787595999789,0.0,12.158865970384474,0.0,10.585537952579852,0.0,8.067189391790404,0.0
Zähne,364.80392156862746,0.0,17.585842843381457,0.0,324.9258101092555,0.0,169.0,0.0,107.3836639102836,0.0,11.311334280054327,0.0,13.0,0.0,8.401157034329977,0.0,727.9315407928615,0.0,120.74666829232152,0.0,87.11008781437586,0.0,3.3297380251491444,0.0,13.451450297845277,0.0,1553.9106732349273,0.0,1281.282822242233,0.0,11.311334292454646,0.0,10.577881256180135,0.0,7.369679899213443,0.0
Zätzä,322.04705882352937,0.0,16.50149015209,0.0,343.5170857934262,0.0,183.0,0.0,119.78845072932111,0.0,11.928393391736082,0.0,13.527749258468683,0.0,9.010950145181083,0.0,763.707648789604,0.0,290.78908581765376,0.0,244.10735910709312,0.0,4.083319027876821,0.0,71.41382871985545,0.0,2965.947854914931,0.0,1474.0453710354539,0.0,11.928393390797254,0.0,10.935664687010057,0.0,7.898220497603075,0.0
Zöhlö,367.721568627451,0.0,17.67150420156323,0.0,368.37398552426583,0.0,227.0,0.0,152.33280149454765,0.0,12.81888934603326,0.0,15.066519173319364,0.0,10.290959129767796,0.0,773.114889899321,0.0,331.8154058907378,0.0,268.966305177128,0.0,3.542924165036688,0.0,124.88079368977266,0.0,2212.6809589246764,0.0,1882.5424729498898,0.0,12.818829168382766,0.0,12.230652075052875,0.0,9.21992624922154,0.0
Zügel,368.3372549019608,0.0,17.79447101685532,0.0,372.2939780731235,0.0,212.0,0.0,144.176452230348,0.0,12.83694839005822,0.0,14.560219778561036,0.0,10.108594125376413,0.0,2328.497766693488,0.0,266.2552254085711,0.0,201.18851252915246,0.0,5.6434615088009945,0.0,14.695765775259277,0.0,1075.8316784215997,0.0,821.8076883991856,0.0,12.836948395433593,0.0,11.735693957796933,0.0,8.99974710160824,0.0
Ädarn,356.18823529411765,0.0,17.375509861440648,0.0,356.3686012639944,0.0,220.0,0.0,145.67002696989553,0.0,12.484117803226864,0.0,14.832396974191326,0.0,10.020148500636866,0.0,2833.161628726451,0.0,1923.3890960819997,0.0,1321.8837000259991,0.0,5.8315449121721405,0.0,26.72022093875801,0.0,5664.177955801256,0.0,2811.240526990873,0.0,12.484117802139126,0.0,11.944036582923966,0.0,9.052603060715,0.0
Ämter,350.3843137254902,0.0,17.241599150118414,0.0,422.7073976885274,0.0,286.0,0.0,199.01600375796795,0.0,14.396984665765412,0.0,16.911534525287763,0.0,12.01111911374119,0.0,2186.5957085719806,0.0,2017.9271856240396,0.0,1396.6128428847185,0.0,11.059651305556926,0.0,25.140744378167444,0.0,3510.166907171782,0.0,3050.8284828662445,0.0,14.396984669870111,0.0,14.079680189574434,0.0,11.081409078094365,0.0
Äpfel,347.61960784313726,0.0,17.282133146846892,0.0,387.3958497676927,0.0,238.0,0.0,164.56574067324885,0.0,13.406097844428356,0.0,15.427248620541512,0.0,10.877638787563434,0.0,2192.944432199155,0.0,1931.8449483460822,0.0,1332.158239264003,0.0,7.972635404258186,0.0,26.770971114219826,0.0,3811.019195630366,0.0,3273.7892467721194,0.0,13.406097850750072,0.0,12.417742509115023,0.0,9.876957922543331,0.0
Ärger,342.9098039215686,0.0,17.00492273298942,0.0,378.4435646157133,0.0,232.0,0.0,153.73905667457686,0.0,12.932435789951132,0.0,15.231546211727817,0.0,10.29361203111469,0.0,3032.91350398624,0.0,1916.445565529396,0.0,1306.0919825523636,0.0,6.530964914337542,0.0,23.599202872386254,0.0,3422.649475173291,0.0,2803.715547853277,0.0,12.932435797561336,0.0,12.131667179526696,0.0,9.207726472655805,0.0
Ärmel,358.68235294117653,0.0,17.492630622789246,0.0,428.5223361491107,0.0,299.0,0.0,208.3756652709278,0.0,14.618903695396375,0.0,17.291616465790582,0.0,12.29900329374634,0.0,2090.7780868774225,0.0,1921.3608912712705,0.0,1310.9213061182809,0.0,5.563530917523609,0.0,23.920611000588735,0.0,3430.497695117706,0.0,3100.813027682615,0.0,14.618903698676297,0.0,14.268796949678475,0.0,11.359239378951916,0.0
Ärzte,296.7019607843137,0.0,15.921358542031326,0.0,361.73300208146196,0.0,215.0,0.0,140.19597611314984,0.0,12.470453573928795,0.0,14.66287829861518,0.0,9.722573595879162,0.0,2076.6414542487382,0.0,1903.1601362511753,0.0,1295.601560007096,0.0,6.056262758221236,0.0,25.75469064732003,0.0,4815.87099853736,0.0,2861.8844285915266,0.0,12.470453571764676,0.0,11.32818645983849,0.0,8.594634381340414,0.0
Ödlor,352.0823529411765,0.0,17.343478975562505,0.0,382.9517314457114,0.0,229.0,0.0,159.2781152389359,0.0,13.307925176897529,0.0,15.132745950421556,0.0,10.740154874908443,0.0,2852.796610179701,0.0,1859.356197020965,0.0,1301.3996039889666,0.0,9.823468867082735,0.0,48.7123886109617,0.0,2514.7874836047554,0.0,2426.7474391161186,0.0,13.307925177871438,0.0,12.430944640484524,0.0,9.808245052836211,0.0
Öktie,335.6,0.0,16.88556231023628,0.0,384.8317340374126,0.0,237.0,0.0,161.48973281175347,0.0,13.273124587629905,0.0,15.394804318340652,0.0,10.671314852202986,0.0,2104.819847824061,0.0,1841.206465011212,0.0,1276.8063376992638,0.0,9.923986577952045,0.0,48.558647076891795,0.0,3324.063270562198,0.0,2876.3204822344164,0.0,13.273124626053523,0.0,12.350281484107363,0.0,9.67156941971619,0.0
Öllau,335.46274509803925,0.0,16.98621056860443,0.0,388.9514350198299,0.0,258.0,0.0,177.06081859977928,0.0,13.542155322551295,0.0,16.06237840420901,0.0,11.211219066171079,0.0,2103.151853971738,0.0,1838.3780104672135,0.0,1274.7346257462234,0.0,5.154614468860342,0.0,47.62179158325337,0.0,3810.4541482321256,0.0,2648.339545340301,0.0,13.542155321148483,0.0,13.117961670776184,0.0,10.325446416032705,0.0
Öteme,377.6156862745098,0.0,17.902925902296797,0.0,420.4885862537227,0.0,281.0,0.0,196.6712021446334,0.0,14.36313798753875,0.0,16.76305461424021,0.0,11.983418477002449,0.0,2121.7476153753546,0.0,1862.6866355914378,0.0,1294.4420142362583,0.0,5.2215037685175165,0.0,47.6224260925401,0.0,3673.5533784675536,0.0,2438.1554180716093,0.0,14.363137991679666,0.0,14.400269863640458,0.0,11.066219289011023,0.0
Übles,333.3294117647059,0.0,16.827645641144038,0.0,345.15270117409443,0.0,182.0,0.0,123.83651977657372,0.0,12.088296565972215,0.0,13.490737563232042,0.0,9.356802500137427,0.0,2110.068050558534,0.0,1838.248002682009,0.0,1315.24389235732,0.0,7.004700354577701,0.0,34.0267076509139,0.0,1996.357996293788,0.0,2433.217182490395,0.0,12.088296567658299,0.0,10.999770400067847,0.0,8.446424067425017,0.0
