,n_pixels_l1_mu,n_pixels_l1_std,n_pixels_l2_mu,n_pixels_l2_std,pred_err_l1_mu,pred_err_l1_std,pred_err_l1_thr-0.5_bin-True_mu,pred_err_l1_thr-0.5_bin-True_std,pred_err_l1_thr-0.5_bin-False_mu,pred_err_l1_thr-0.5_bin-False_std,pred_err_l2_mu,pred_err_l2_std,pred_err_l2_thr-0.5_bin-True_mu,pred_err_l2_thr-0.5_bin-True_std,pred_err_l2_thr-0.5_bin-False_mu,pred_err_l2_thr-0.5_bin-False_std,pw_pred_err_mu,pw_pred_err_std,pw_pred_err_thr-0.5_bin-True_mu,pw_pred_err_thr-0.5_bin-True_std,pw_pred_err_thr-0.5_bin-False_mu,pw_pred_err_thr-0.5_bin-False_std,pred_err_wd_mu,pred_err_wd_std,mahalanobis_mu,mahalanobis_std,mahalanobis_thr-0.5_bin-True_mu,mahalanobis_thr-0.5_bin-True_std,mahalanobis_thr-0.5_bin-False_mu,mahalanobis_thr-0.5_bin-False_std,kalmanw_pred_err_mu,kalmanw_pred_err_std,kalmanw_pred_err_thr-0.5_bin-True_mu,kalmanw_pred_err_thr-0.5_bin-True_std,kalmanw_pred_err_thr-0.5_bin-False_mu,kalmanw_pred_err_thr-0.5_bin-False_std
Abart,481.09411764705885,0.0,20.54956106156881,0.0,509.1370754793037,0.0,332.0,0.0,218.57978630521416,0.0,15.206712616154782,0.0,18.2208671582886,0.0,12.172785308163864,0.0,366.0956461124663,0.0,136.05055807798152,0.0,100.22813101395975,0.0,8.855020484020447,0.0,14.835101475014865,0.0,2011.858629425282,0.0,586.3713190669359,0.0,15.206712603398772,0.0,13.989651376973445,0.0,10.799373673046816,0.0
Abend,563.9176470588235,0.0,22.28868611297736,0.0,490.70061459978876,0.0,284.0,0.0,186.7186745365628,0.0,14.612300319299916,0.0,16.852299546352718,0.0,11.264515604383705,0.0,386.21748502562366,0.0,206.25225778713914,0.0,159.76256079027897,0.0,2.597563231974675,0.0,16.36110521345199,0.0,1717.2898867861827,0.0,530.0483758518563,0.0,14.612300323163224,0.0,13.500142838265216,0.0,9.973514370388465,0.0
Aboln,493.9372549019607,0.0,20.769510821803408,0.0,501.1910192613475,0.0,305.0,0.0,200.42547904648688,0.0,14.897694739935941,0.0,17.46424919657298,0.0,11.654281145105855,0.0,368.09182068811293,0.0,132.00796790505984,0.0,99.79125621399135,0.0,6.042155527411777,0.0,15.566630012063134,0.0,1355.812009417028,0.0,2409.9112853553975,0.0,14.897694813633931,0.0,13.633128111468487,0.0,10.31410253234502,0.0
Abtäs,531.5686274509804,0.0,21.575857611694676,0.0,499.81816834510835,0.0,307.0,0.0,204.49655786380677,0.0,14.985079462973712,0.0,17.52141546793523,0.0,11.881410144494517,0.0,378.9877165295909,0.0,170.21695214636884,0.0,139.4349584562711,0.0,3.080203687635293,0.0,28.66500404866021,0.0,2661.1906389910846,0.0,1276.9238439014837,0.0,14.98507946816391,0.0,13.814235770987468,0.0,10.563861533145255,0.0
Acker,468.3058823529411,0.0,20.28349707887075,0.0,506.3434671112782,0.0,327.0,0.0,214.01935877841674,0.0,15.08235669197592,0.0,18.083141320025124,0.0,12.00437213428645,0.0,360.33549250950256,0.0,137.02639198575724,0.0,101.83911256560056,0.0,5.856835856106512,0.0,14.931039185019927,0.0,2374.9428226471805,0.0,712.8202324169134,0.0,15.08235670522762,0.0,13.66921110739039,0.0,10.64601323718321,0.0
Adern,498.1647058823529,0.0,20.964569441249637,0.0,494.93648266410014,0.0,305.0,0.0,198.71193675265567,0.0,14.726585104751125,0.0,17.46424919657298,0.0,11.543882666153895,0.0,423.3514439231852,0.0,352.91635723556374,0.0,282.0803190024848,0.0,5.924520619948419,0.0,15.30379602013197,0.0,3273.278283708726,0.0,975.945670784609,0.0,14.726585103032242,0.0,13.656799060155244,0.0,10.30115599647641,0.0
Adler,461.1647058823529,0.0,20.19346680239486,0.0,505.7435178848024,0.0,319.0,0.0,209.22099519538395,0.0,15.029449038573494,0.0,17.86057109949175,0.0,11.90291639402265,0.0,425.4509097610527,0.0,354.2957167863093,0.0,283.63774037853545,0.0,8.329987671883215,0.0,14.854875239204908,0.0,3322.371728098946,0.0,1215.0108539930714,0.0,15.029449045914209,0.0,13.943622146507748,0.0,10.653271076504733,0.0
Adria,457.5058823529411,0.0,20.032593203706945,0.0,504.95753103445884,0.0,328.0,0.0,213.67186271936825,0.0,15.03742187959468,0.0,18.110770276274835,0.0,11.968972179788967,0.0,423.973990984153,0.0,353.8796119601533,0.0,282.6238603079786,0.0,7.411675963552925,0.0,15.10976121509271,0.0,4740.180395641828,0.0,5035.147347272392,0.0,15.037421975583264,0.0,14.032207051207504,0.0,10.659185465986917,0.0
Affen,476.35686274509806,0.0,20.529309136960926,0.0,521.4413317072081,0.0,360.0,0.0,237.3134163892134,0.0,15.563490020946801,0.0,18.973665961010276,0.0,12.712284958075186,0.0,569.9027719529505,0.0,533.403498081877,0.0,474.35956102173475,0.0,3.5585451613938672,0.0,21.822509523649718,0.0,2452.638823773948,0.0,1714.5443925404031,0.0,15.56349000217851,0.0,14.933948123028784,0.0,11.457452214838614,0.0
Agenk,568.7647058823529,0.0,22.342003171796524,0.0,521.5219326187296,0.0,316.0,0.0,216.38603796693192,0.0,15.545833707709189,0.0,17.776388834631177,0.0,12.408871954631609,0.0,4351.554296359052,0.0,2133.6103036447676,0.0,1613.1802339181497,0.0,3.414478387244561,0.0,21.40510518487112,0.0,1941.621067449017,0.0,955.0433847066689,0.0,15.545833715206596,0.0,14.159784862961398,0.0,11.132119143457185,0.0
Agent,531.2666666666667,0.0,21.639029130239333,0.0,503.52445208334336,0.0,300.0,0.0,199.78401011353708,0.0,14.976348571648852,0.0,17.320508075688775,0.0,11.74769798928355,0.0,4348.113765029678,0.0,2132.0877252810583,0.0,1611.7235132216638,0.0,6.4633409039479375,0.0,20.197249412290294,0.0,1966.0170398982614,0.0,957.1874904639503,0.0,14.97634857915032,0.0,13.66362264285835,0.0,10.494430746103811,0.0
Ahnen,526.5372549019608,0.0,21.475332988132514,0.0,477.609929311589,0.0,281.0,0.0,180.7462538230233,0.0,14.242388218484734,0.0,16.76305461424021,0.0,10.939814662311884,0.0,361.63138280276775,0.0,113.27053949999348,0.0,84.57432215773018,0.0,2.539628388842893,0.0,9.226671452779396,0.0,1297.6186578743511,0.0,735.21297671557,0.0,14.242388225172297,0.0,12.994396144102272,0.0,9.607919386921116,0.0
Aigön,517.2392156862745,0.0,21.26781895328254,0.0,525.7694648710669,0.0,339.0,0.0,225.6357226050248,0.0,15.56169335161543,0.0,18.411952639521967,0.0,12.481294684394845,0.0,989.4408409750752,0.0,283.27286166268516,0.0,212.74959498408563,0.0,4.70001229516188,0.0,33.982812771169115,0.0,4937.079326767865,0.0,2997.8731729921437,0.0,15.561693363442913,0.0,14.722780666393987,0.0,11.242598461205288,0.0
Akkus,532.5882352941177,0.0,21.54244114470073,0.0,529.7795729191853,0.0,356.0,0.0,241.34060664069656,0.0,15.871529070652644,0.0,18.867962264113206,0.0,13.002867065459158,0.0,498.15102880362826,0.0,187.60480327027028,0.0,152.5180226034298,0.0,3.7859911340697323,0.0,16.273327619185103,0.0,6766.715327551304,0.0,658.0984723033359,0.0,15.87152907831628,0.0,14.40203852946691,0.0,11.691732503061264,0.0
Aktie,465.5372549019608,0.0,20.251977466682956,0.0,530.9096721848565,0.0,360.0,0.0,240.47579629524813,0.0,15.799241824035871,0.0,18.973665961010276,0.0,12.883084854450143,0.0,475.3030076597641,0.0,176.80647514786654,0.0,142.8481459340196,0.0,6.863269232309332,0.0,14.590020937094973,0.0,6714.503329239599,0.0,5092.305098773583,0.0,15.799241912097562,0.0,14.58317411379379,0.0,11.562781496450594,0.0
Alahn,492.53725490196075,0.0,20.708554863180048,0.0,510.5400776354627,0.0,345.0,0.0,226.62206658536041,0.0,15.276237113154043,0.0,18.57417562100671,0.0,12.372335532147279,0.0,338.108968737955,0.0,124.11620515120853,0.0,92.0243148100535,0.0,4.085689712668486,0.0,10.63144542660681,0.0,4034.867382693953,0.0,1558.694348175753,0.0,15.276237114029474,0.0,14.514981837762463,0.0,11.015147883392382,0.0
Alarm,491.36470588235295,0.0,20.754754415176645,0.0,617.1461471300097,0.0,470.0,0.0,328.64572464625803,0.0,17.99634125223483,0.0,21.6794833886788,0.0,15.472044674800566,0.0,860.4872241677269,0.0,658.6153254925372,0.0,526.8307438675856,0.0,7.114067968427902,0.0,11.502152010546023,0.0,4290.539143687461,0.0,1622.2007891469314,0.0,17.99634124033263,0.0,17.396740206536588,0.0,14.194244066430839,0.0
Alben,500.3607843137255,0.0,20.976069189961525,0.0,503.040300112696,0.0,314.0,0.0,206.32686622720135,0.0,14.969190560768574,0.0,17.72004514666935,0.0,11.817746509838159,0.0,340.84945529558604,0.0,122.1707334639868,0.0,91.56841933746627,0.0,3.492771813253672,0.0,9.581180876524279,0.0,3962.463749186163,0.0,1636.1541519322714,0.0,14.969190569728296,0.0,13.996420907815708,0.0,10.50786085004254,0.0
Algen,513.9921568627451,0.0,21.260341536783198,0.0,517.9271365619112,0.0,330.0,0.0,218.6315831905328,0.0,15.34514302324919,0.0,18.16590212458495,0.0,12.250636655095436,0.0,987.0932060288255,0.0,266.59859078974335,0.0,193.95853492786853,0.0,3.9432332428978656,0.0,9.156743230621624,0.0,3953.5324024214815,0.0,1650.2298683537185,0.0,15.345143030586541,0.0,14.487803033848671,0.0,10.978197993748909,0.0
Alibi,404.3960784313726,0.0,18.817632654806957,0.0,544.2272743022501,0.0,385.0,0.0,256.12901415312024,0.0,16.10547084856461,0.0,19.621416870348583,0.0,13.256923002001383,0.0,341.58049523201726,0.0,137.65997538770927,0.0,102.30618579234678,0.0,6.467242180976643,0.0,11.578163835995495,0.0,4271.572559895088,0.0,1679.4366385578016,0.0,16.105470834661894,0.0,15.269092416101204,0.0,11.968086572376983,0.0
Allas,434.7529411764706,0.0,19.462813446838457,0.0,510.8642237054033,0.0,340.0,0.0,223.64798029438367,0.0,15.250628461468906,0.0,18.439088914585774,0.0,12.305757128683155,0.0,335.92125374440167,0.0,124.36638949424155,0.0,93.58980909083697,0.0,5.086813903675871,0.0,9.054601592803781,0.0,4190.274253559766,0.0,1734.3656571825122,0.0,15.250628451311455,0.0,14.418367399145344,0.0,10.956388459548304,0.0
Alpen,500.57647058823534,0.0,20.978966783173668,0.0,506.2357280940539,0.0,314.0,0.0,207.325789348195,0.0,15.049601363905722,0.0,17.72004514666935,0.0,11.896281765449459,0.0,1034.584120163331,0.0,213.68637184631046,0.0,195.28794105298343,0.0,3.510495050467668,0.0,11.40301474198662,0.0,3980.568585785281,0.0,1657.8951253370838,0.0,15.049601371120351,0.0,13.985496502112357,0.0,10.576742631683986,0.0
Altar,417.8823529411765,0.0,19.147399272095527,0.0,527.4163686295095,0.0,373.0,0.0,245.425004588486,0.0,15.693363042256895,0.0,19.313207915827967,0.0,12.884213383605498,0.0,336.3333470094805,0.0,131.84559467803808,0.0,98.28644799628762,0.0,5.136255309925114,0.0,9.90892485648816,0.0,4568.47554516325,0.0,1989.861608870361,0.0,15.693363037931535,0.0,14.884695022139528,0.0,11.530972086261878,0.0
Alten,454.42352941176466,0.0,20.01447918789369,0.0,509.22080479466706,0.0,337.0,0.0,220.14569668651308,0.0,15.156823018609652,0.0,18.35755975068582,0.0,12.170569572348667,0.0,334.7210450333315,0.0,123.87838240894199,0.0,93.00718535907134,0.0,4.535601682665739,0.0,8.696418259556268,0.0,4641.851917221783,0.0,2019.6651948515223,0.0,15.156823021560017,0.0,14.241932283380295,0.0,10.862389577128067,0.0
Alter,414.88235294117646,0.0,19.16328549485511,0.0,522.2700599161896,0.0,357.0,0.0,234.2239884318703,0.0,15.50196947523312,0.0,18.894443627691185,0.0,12.576954667032084,0.0,335.1139468349971,0.0,127.63131799125273,0.0,95.4664651074319,0.0,5.433336601450397,0.0,9.09867608146545,0.0,4641.8104914877395,0.0,2020.3451317746326,0.0,15.501969476501129,0.0,14.630123623539731,0.0,11.282060247496853,0.0
Amche,559.2196078431373,0.0,22.166853551778733,0.0,573.8469312035897,0.0,374.0,0.0,263.4869290765911,0.0,16.87604322004608,0.0,19.339079605813716,0.0,13.938700643942997,0.0,1362.523932984311,0.0,1094.8118863795805,0.0,904.7029008865754,0.0,3.497894211718216,0.0,13.595362515545514,0.0,4165.3531600175775,0.0,968.7579189081833,0.0,16.876043228858425,0.0,15.644271763493524,0.0,12.736636053378621,0.0
Amtig,532.7176470588236,0.0,21.6471820826272,0.0,634.3418392709195,0.0,474.0,0.0,335.6324199244916,0.0,18.36315849269525,0.0,21.77154105707724,0.0,15.765554243389213,0.0,5377.468752659529,0.0,1193.7563351872016,0.0,968.6401794857169,0.0,6.520854733295993,0.0,14.85458669869931,0.0,6064.83570399545,0.0,5170.919190723335,0.0,18.363158565773073,0.0,17.660136707658506,0.0,14.552804945080728,0.0
Andam,594.4627450980392,0.0,22.82318441892754,0.0,583.4981167482294,0.0,399.0,0.0,279.86555170751694,0.0,17.139554803764856,0.0,19.974984355438178,0.0,14.328812969024451,0.0,860.8797056109346,0.0,663.5833012795594,0.0,530.0750338766954,0.0,6.727435527721594,0.0,12.77803011569968,0.0,1497.9536100218984,0.0,717.7449897692426,0.0,17.139554807987235,0.0,16.16383103082399,0.0,13.051746168061557,0.0
Anein,467.4901960784314,0.0,20.253599411452015,0.0,491.25963075983555,0.0,305.0,0.0,196.72414229623263,0.0,14.621174113608287,0.0,17.46424919657298,0.0,11.394943993109235,0.0,325.1312968322166,0.0,107.36966568689449,0.0,74.50736784100978,0.0,5.5170325177763,0.0,10.769445837793361,0.0,4080.0216945245293,0.0,4971.811844261036,0.0,14.62117419511528,0.0,13.466189242455378,0.0,10.035770642798862,0.0
Angel,513.9921568627451,0.0,21.260341536783198,0.0,516.7629229769059,0.0,321.0,0.0,213.80083604783005,0.0,15.32020094757832,0.0,17.916472867168917,0.0,12.169021936979927,0.0,988.3246716126487,0.0,271.25478360644144,0.0,199.2985918906268,0.0,5.915090419462667,0.0,11.171634322471494,0.0,1804.42388067118,0.0,793.976411395621,0.0,15.320200956210691,0.0,14.05320321337802,0.0,10.913977599855293,0.0
Angst,517.2235294117646,0.0,21.275120258703573,0.0,506.1490292136441,0.0,303.0,0.0,201.24214991569184,0.0,15.04071373609739,0.0,17.406895185529212,0.0,11.76952428405153,0.0,985.1949563741573,0.0,264.0876357090609,0.0,191.08287490072075,0.0,4.788367342214041,0.0,11.166666750317539,0.0,1679.3891093071259,0.0,592.2145061721365,0.0,15.040713737029744,0.0,13.439969388474106,0.0,10.452682141367612,0.0
Angur,502.74117647058824,0.0,20.993627857311928,0.0,512.9354881205387,0.0,323.0,0.0,212.72099708223763,0.0,15.205030114453399,0.0,17.97220075561143,0.0,12.02772755306433,0.0,984.8172959427687,0.0,263.89639683980874,0.0,190.02030377278717,0.0,6.586152893466306,0.0,12.255033491588076,0.0,4469.041829746288,0.0,745.3899383369816,0.0,15.20503011948744,0.0,13.915530801725117,0.0,10.736092863726999,0.0
Anker,489.38039215686274,0.0,20.733694927438727,0.0,507.9789214399781,0.0,328.0,0.0,215.8941131872224,0.0,15.158923331594433,0.0,18.110770276274835,0.0,12.09076737103467,0.0,360.06124517463564,0.0,133.25037401857344,0.0,99.72066106719734,0.0,6.579340863102729,0.0,11.96166378275346,0.0,2453.949563303371,0.0,821.1121945012137,0.0,15.158923342565952,0.0,13.830740815064981,0.0,10.754664246660804,0.0
Anmas,562.5098039215687,0.0,22.156727398510785,0.0,555.7254853931769,0.0,369.0,0.0,255.53039327182188,0.0,16.45648760363512,0.0,19.209372712298546,0.0,13.58133822787896,0.0,492.6572392810837,0.0,307.43184131617505,0.0,255.6313880697083,0.0,3.974966605839302,0.0,11.122534970745868,0.0,2769.7576684575565,0.0,1129.8856059257894,0.0,16.456487607168924,0.0,15.376128257497541,0.0,12.27434746975923,0.0
Anmut,536.4705882352941,0.0,21.70951065199174,0.0,580.1150034049135,0.0,405.0,0.0,280.86846775452386,0.0,17.054109119426098,0.0,20.12461179749811,0.0,14.23988153343948,0.0,493.59917445071227,0.0,309.1890891096111,0.0,256.92905145950414,0.0,4.870720282102855,0.0,11.952113597862986,0.0,5075.695919886474,0.0,1154.7643592989152,0.0,17.05410912479745,0.0,15.89880388943521,0.0,12.95704633126253,0.0
Annag,553.9921568627451,0.0,21.98023158535742,0.0,492.8919556555005,0.0,302.0,0.0,197.3308560656348,0.0,14.703490054342083,0.0,17.378147196982766,0.0,11.548637424117604,0.0,5212.131545795953,0.0,484.31911394513025,0.0,351.06553663623913,0.0,5.577169271873426,0.0,12.978571898967086,0.0,1456.6914533274435,0.0,766.4229846546295,0.0,14.703490057718065,0.0,13.69823202139788,0.0,10.207611962926501,0.0
Anper,498.03529411764714,0.0,20.94054085838647,0.0,491.82947883378665,0.0,289.0,0.0,188.6900279768982,0.0,14.609404496821634,0.0,17.0,0.0,11.273745300180101,0.0,1032.1683455334542,0.0,208.79540455572945,0.0,190.48658893755146,0.0,6.38568286715535,0.0,12.797499052877312,0.0,1726.7107222553973,0.0,804.4643703495154,0.0,14.609404508133457,0.0,13.134747351736326,0.0,9.930706645089142,0.0
Antus,477.3176470588236,0.0,20.438525713302646,0.0,482.5726622308439,0.0,289.0,0.0,186.91165749827167,0.0,14.409260984043554,0.0,17.0,0.0,11.146560019356853,0.0,326.802996787923,0.0,111.06901870974761,0.0,80.12745815423682,0.0,3.0894617518674607,0.0,11.279512073602541,0.0,5086.965496278441,0.0,1378.3437657797695,0.0,14.409260986922662,0.0,12.859798663529162,0.0,9.809176817387588,0.0
Anzug,535.6392156862745,0.0,21.76727700764536,0.0,513.8776502150149,0.0,325.0,0.0,214.23004660529222,0.0,15.238734716866865,0.0,18.027756377319946,0.0,12.093534743999664,0.0,5212.34383190969,0.0,488.11963609038906,0.0,354.43896508708997,0.0,5.097288214864172,0.0,16.725528829323626,0.0,4475.6629895631395,0.0,705.1321261050754,0.0,15.238734720538737,0.0,14.039742319279034,0.0,10.78854783051207,0.0
Apfel,483.1803921568627,0.0,20.662509162500733,0.0,526.8255311922686,0.0,344.0,0.0,230.68260475041228,0.0,15.674700941458683,0.0,18.547236990991408,0.0,12.687828636095327,0.0,1318.3404440298068,0.0,339.44988006067496,0.0,317.79442291084115,0.0,7.874844040599154,0.0,15.544633246441753,0.0,2426.8461426556287,0.0,1132.0306630159,0.0,15.674700943187707,0.0,14.526892389996203,0.0,11.412589816144942,0.0
Arahn,489.99607843137267,0.0,20.669626234491687,0.0,503.81319288278644,0.0,340.0,0.0,221.880686334546,0.0,15.101285271411914,0.0,18.439088914585774,0.0,12.190936905060735,0.0,331.75927681141326,0.0,119.79200771799607,0.0,85.38607478250634,0.0,4.156557176519717,0.0,10.492848489783475,0.0,3209.3481983084826,0.0,709.0899496983768,0.0,15.101285282640609,0.0,14.219137274731748,0.0,10.831696057823146,0.0
Arcer,410.9921568627451,0.0,19.04327898322425,0.0,495.04507042253556,0.0,309.0,0.0,199.684587662377,0.0,14.698665061278904,0.0,17.578395831246947,0.0,11.499634215280595,0.0,325.5513555180057,0.0,114.67194504500823,0.0,79.99166856820248,0.0,5.294629565596266,0.0,10.419495467534386,0.0,3120.4602288145825,0.0,870.3285564292855,0.0,14.698665078805586,0.0,13.324873437717148,0.0,10.173744778411907,0.0
Arche,465.921568627451,0.0,20.23304745089891,0.0,489.05140853647026,0.0,290.0,0.0,188.8332978261729,0.0,14.557112672744935,0.0,17.029386365926403,0.0,11.243799144573654,0.0,330.1325442905911,0.0,113.12247683303069,0.0,80.92765209877724,0.0,5.5474611786873735,0.0,9.70226616675325,0.0,3165.7216006118115,0.0,688.7047339014515,0.0,14.557112684289894,0.0,13.142853901010048,0.0,9.918329189314619,0.0
Ardal,464.1647058823529,0.0,20.1783916461928,0.0,529.810430185546,0.0,367.0,0.0,243.29341539432676,0.0,15.760219849711248,0.0,19.157244060668017,0.0,12.907428336566701,0.0,347.58990284084285,0.0,172.71375336552182,0.0,131.89048797282751,0.0,5.5143430177916475,0.0,10.711982246175674,0.0,3076.649519368229,0.0,829.4422394876678,0.0,15.760219859228902,0.0,14.907027907917225,0.0,11.603727767566717,0.0
Arena,483.2549019607843,0.0,20.60447090932663,0.0,488.0778392434738,0.0,310.0,0.0,199.8820424679363,0.0,14.59495859504263,0.0,17.60681686165901,0.0,11.482233122206827,0.0,325.9427409193571,0.0,112.48568344785873,0.0,78.52997997835851,0.0,4.650974427693387,0.0,9.126664439085939,0.0,3356.765507496151,0.0,784.2874283367862,0.0,14.594958609958299,0.0,13.704125461826825,0.0,10.135815173958163,0.0
Argon,505.02745098039213,0.0,21.01828793046365,0.0,511.6939001442578,0.0,322.0,0.0,211.92340539400072,0.0,15.164754630121005,0.0,17.944358444926362,0.0,12.011091312511374,0.0,984.9961854617937,0.0,264.36450972342885,0.0,190.74015787106012,0.0,3.848541382133433,0.0,10.06357435991869,0.0,3332.7218911189657,0.0,1028.0828318260542,0.0,15.164754645904784,0.0,14.025006472497884,0.0,10.729669564048395,0.0
Arier,388.4078431372549,0.0,18.534091742218127,0.0,515.5463015089689,0.0,354.0,0.0,229.51644667665022,0.0,15.303696331381387,0.0,18.81488772222678,0.0,12.351212076101485,0.0,326.2029720094174,0.0,116.85458161336084,0.0,81.86348104753924,0.0,6.556643549151279,0.0,8.595941588280331,0.0,3389.9074659531734,0.0,975.3701408045875,0.0,15.303696340281418,0.0,14.383695231739322,0.0,11.045673090730027,0.0
Arman,528.364705882353,0.0,21.5057411216598,0.0,585.0613440232185,0.0,430.0,0.0,296.7482274722505,0.0,17.215667007386376,0.0,20.73644135332772,0.0,14.590623221735461,0.0,494.1665659235887,0.0,311.6119392791954,0.0,258.3402460424902,0.0,4.053921792640131,0.0,9.608838806247908,0.0,3816.612347040985,0.0,1208.4714391047594,0.0,17.21566701592881,0.0,16.498508597766833,0.0,13.28212064815196,0.0
Armee,534.0117647058823,0.0,21.76690502933157,0.0,570.3862091560444,0.0,390.0,0.0,269.4059984802252,0.0,16.775544462268712,0.0,19.748417658131498,0.0,13.931318965193881,0.0,492.72804040148645,0.0,308.5075632516991,0.0,256.5034188469183,0.0,3.945364000987448,0.0,9.341532305603453,0.0,3899.6893832466967,0.0,1252.1066838428242,0.0,16.775544474634316,0.0,15.985465296406227,0.0,12.696684992794811,0.0
Armen,525.3647058823531,0.0,21.51988646029828,0.0,579.9150353098985,0.0,414.0,0.0,285.54721131563485,0.0,17.041379185505985,0.0,20.346989949375804,0.0,14.320025145960711,0.0,493.33744225371964,0.0,309.85237323202756,0.0,257.28059162260166,0.0,3.9673274071297864,0.0,9.018621973673348,0.0,3902.502073855786,0.0,1256.4993726179832,0.0,17.04137919898958,0.0,16.269208870862485,0.0,13.066609933658093,0.0
Armöt,515.5450980392156,0.0,21.30245530628159,0.0,604.7964259555628,0.0,442.0,0.0,308.75075139670105,0.0,17.673049926151027,0.0,21.02379604162864,0.0,14.992549742673049,0.0,503.72793830767307,0.0,328.86053613767774,0.0,276.1840463200885,0.0,4.84379343939896,0.0,34.07587848321792,0.0,3949.7518913167874,0.0,1962.9168042153756,0.0,17.673049948094906,0.0,16.874697290987765,0.0,13.760588971225348,0.0
Aroma,530.5882352941177,0.0,21.553808099698205,0.0,582.2081220485741,0.0,412.0,0.0,285.60451644221683,0.0,17.105773197740984,0.0,20.29778313018444,0.0,14.356553539048797,0.0,577.6617372542443,0.0,371.7750931093717,0.0,312.47120972298455,0.0,6.892594199198152,0.0,10.200032798977972,0.0,3283.3155933984053,0.0,780.0505264354102,0.0,17.105773192915578,0.0,16.352662397301906,0.0,13.08061245245396,0.0
Arten,451.88235294117646,0.0,19.974197889148865,0.0,502.49392004199075,0.0,332.0,0.0,215.40431643569866,0.0,14.980476645578165,0.0,18.2208671582886,0.0,11.986117795955323,0.0,328.3058345469876,0.0,119.54558277170939,0.0,86.44445487664659,0.0,4.696046209923277,0.0,8.45474124225697,0.0,3945.727609412806,0.0,1466.4768153541372,0.0,14.980476659517938,0.0,13.940294197856984,0.0,10.676313222338585,0.0
Artis,394.1803921568628,0.0,18.594407017120474,0.0,518.5173341841328,0.0,352.0,0.0,231.2997493914897,0.0,15.444394863693647,0.0,18.76166303929372,0.0,12.499282866034081,0.0,329.05009124583995,0.0,122.60682850638479,0.0,89.40639273261536,0.0,6.242070839930371,0.0,9.245773628950205,0.0,5422.33923458509,0.0,5124.742320870834,0.0,15.444394946659495,0.0,14.390611302469063,0.0,11.179652525360922,0.0
Asien,462.09411764705874,0.0,20.131668851198924,0.0,480.7628680866094,0.0,293.0,0.0,187.39280182373008,0.0,14.31418277171422,0.0,17.11724276862369,0.0,11.084059842539862,0.0,325.9003526984322,0.0,111.16868303103176,0.0,78.60598612752894,0.0,4.338567178210206,0.0,11.564916358052015,0.0,1911.4525552863627,0.0,815.7600295468022,0.0,14.314182775881942,0.0,12.924545496557752,0.0,9.746247343521043,0.0
Astän,505.35686274509806,0.0,21.014117661695366,0.0,498.7798058598815,0.0,325.0,0.0,213.16156306980827,0.0,14.959381230430596,0.0,18.027756377319946,0.0,12.007750406275218,0.0,343.675493198428,0.0,162.45679541011523,0.0,132.07330603520407,0.0,2.9203175128385155,0.0,27.271391624186645,0.0,2770.2763302185717,0.0,1303.3803861214003,0.0,14.959381241559125,0.0,13.819035537974093,0.0,10.68896827675248,0.0
Athen,506.8117647058824,0.0,21.11156829873838,0.0,499.05300755942244,0.0,317.0,0.0,207.55256311955276,0.0,14.91531654088288,0.0,17.804493814764857,0.0,11.838392103940672,0.0,339.17099791096075,0.0,126.75357709916287,0.0,97.28980303818878,0.0,2.6242229452529653,0.0,10.913836739926126,0.0,1825.5431317594414,0.0,1149.5882573133472,0.0,14.915316557518695,0.0,13.803676095325095,0.0,10.517097122843698,0.0
Atmen,545.1803921568627,0.0,21.93084058011816,0.0,581.7124897723938,0.0,410.0,0.0,284.78849945367017,0.0,17.10679323050972,0.0,20.248456731316587,0.0,14.361193337876482,0.0,497.02611745187187,0.0,314.43443943666233,0.0,262.3432186686182,0.0,3.7648962117733995,0.0,10.891980924219288,0.0,2984.6513216211993,0.0,1464.8545352735323,0.0,17.106793243551905,0.0,16.153512125290074,0.0,13.085740351294568,0.0
Augen,550.929411764706,0.0,22.017559313157758,0.0,488.97525545429346,0.0,284.0,0.0,185.67023762352449,0.0,14.53772854850959,0.0,16.852299546352718,0.0,11.206993910652603,0.0,984.2528323927011,0.0,260.4074203131817,0.0,187.49809084129518,0.0,3.7563367518756876,0.0,9.061047933964629,0.0,3553.634116582724,0.0,678.4963346420781,0.0,14.537728559356598,0.0,13.24974994552857,0.0,9.933599826788933,0.0
Aurer,432.00392156862745,0.0,19.548556251515013,0.0,491.08564944655166,0.0,314.0,0.0,200.75954036237914,0.0,14.595702733987872,0.0,17.72004514666935,0.0,11.461748308703319,0.0,324.0970567683551,0.0,108.41470476842,0.0,74.17320339293333,0.0,7.391456143325727,0.0,8.815921105279639,0.0,3590.478338117125,0.0,817.5352772671213,0.0,14.595702744028783,0.0,13.38482282376264,0.0,10.183557346117711,0.0
Autor,445.39607843137253,0.0,19.783311348710832,0.0,493.81182714359466,0.0,308.0,0.0,199.29584531914426,0.0,14.69674000021034,0.0,17.549928774784245,0.0,11.504015069270267,0.0,326.8332036754359,0.0,113.55818743504877,0.0,81.17298849174962,0.0,7.457731750281987,0.0,10.230151607188038,0.0,4472.171346518283,0.0,1443.5455756835381,0.0,14.696740008867769,0.0,13.228951464239278,0.0,10.200650912097338,0.0
Babys,569.2313725490196,0.0,22.32358030426398,0.0,480.6891010170134,0.0,279.0,0.0,183.48984649585475,0.0,14.457755170393867,0.0,16.703293088490067,0.0,11.184005666677976,0.0,671.2797409703958,0.0,535.7229492834585,0.0,418.47947669197043,0.0,5.050297316872556,0.0,13.755145258077183,0.0,3658.145119940099,0.0,434.47576196158855,0.0,14.457755166546919,0.0,13.383767231981748,0.0,9.882869125747396,0.0
Backe,548.3686274509804,0.0,21.914114976818574,0.0,448.33527885128285,0.0,238.0,0.0,149.55727030555028,0.0,13.404247800809795,0.0,15.427248620541512,0.0,9.830344419647382,0.0,336.99587306998643,0.0,105.80890993552437,0.0,74.52072010194642,0.0,3.7343999752405956,0.0,8.453131026175122,0.0,4287.553442386929,0.0,456.63496975311637,0.0,13.404247796651715,0.0,12.097645621336488,0.0,8.394094645009968,0.0
Bahre,527.5176470588235,0.0,21.52445994698188,0.0,452.1323778991077,0.0,263.0,0.0,162.32687411768137,0.0,13.504821232603407,0.0,16.217274740226856,0.0,10.128099372853402,0.0,328.26945966408215,0.0,94.70910142349722,0.0,63.966028669010655,0.0,6.95933673961847,0.0,8.798094501996012,0.0,1883.7308307865512,0.0,614.3348043136903,0.0,13.504821221979936,0.0,12.974847136701072,0.0,8.802255212247019,0.0
Banco,524.1725490196078,0.0,21.358361903990616,0.0,420.7071043481683,0.0,211.0,0.0,123.81429034565434,0.0,12.404906127359261,0.0,14.52583904633395,0.0,8.5686163786284,0.0,318.7133881473639,0.0,81.63321179176634,0.0,49.18623481664188,0.0,6.390956175545525,0.0,9.658649551525553,0.0,724.0916569122522,0.0,594.3660685248332,0.0,12.404906130511865,0.0,11.289794289954179,0.0,7.068390508253436,0.0
Banda,581.2274509803922,0.0,22.53248191507904,0.0,438.6493305956786,0.0,243.0,0.0,148.21733572792226,0.0,13.107369799028229,0.0,15.588457268119896,0.0,9.606480389453901,0.0,327.8094370738431,0.0,128.8132919362645,0.0,90.52155375564782,0.0,2.5099723053384113,0.0,8.58543571511754,0.0,1365.9592909163725,0.0,651.7892895702722,0.0,13.10736981769917,0.0,12.568578326068726,0.0,8.173494186552027,0.0
Bande,578.2274509803922,0.0,22.545983086253834,0.0,434.1510107533511,0.0,226.0,0.0,136.6380266252243,0.0,12.88705303650836,0.0,15.033296378372908,0.0,9.188127500754488,0.0,326.633536307631,0.0,124.70963194848741,0.0,87.84182009381124,0.0,2.570452715637175,0.0,8.108972432313045,0.0,1353.8879115357984,0.0,651.842627544568,0.0,12.887053054115139,0.0,12.239254519331723,0.0,7.794160476153522,0.0
Bands,564.1843137254901,0.0,22.196948295849065,0.0,435.072597906277,0.0,229.0,0.0,139.53407812604505,0.0,12.954752556856821,0.0,15.132745950421556,0.0,9.327115788734938,0.0,326.8079990898415,0.0,125.50674186515785,0.0,88.66377040205819,0.0,3.6442791549245444,0.0,8.386393595498337,0.0,1355.3674102284724,0.0,652.7924509747335,0.0,12.95475257706366,0.0,12.204733330747441,0.0,7.940930845389557,0.0
Banja,540.9725490196079,0.0,21.724450318427657,0.0,472.7199994510963,0.0,293.0,0.0,186.93351927421287,0.0,14.218939344976018,0.0,17.11724276862369,0.0,11.107343133375139,0.0,2968.3778688698994,0.0,488.8990005181753,0.0,428.7240711323165,0.0,5.068867830056275,0.0,12.923572558026484,0.0,10108.607566097566,0.0,6117.881841222384,0.0,14.218939363483129,0.0,13.754202707747897,0.0,9.757791173744188,0.0
Banjo,531.5490196078432,0.0,21.539207386184554,0.0,471.24891651700403,0.0,284.0,0.0,180.14617697660793,0.0,14.095874338034369,0.0,16.852299546352718,0.0,10.882702408152198,0.0,2968.306345788472,0.0,488.08061924610786,0.0,428.2717357900607,0.0,5.876482982986902,0.0,13.45107563654878,0.0,10107.49388391914,0.0,6117.914330054057,0.0,14.095874357095546,0.0,13.55271878905545,0.0,9.577982774406884,0.0
Bantu,523.2352941176471,0.0,21.403687695860498,0.0,455.1307912264717,0.0,280.0,0.0,173.11829922415978,0.0,13.656532773965944,0.0,16.73320053068151,0.0,10.4670218741956,0.0,322.7132449658413,0.0,99.9855622733874,0.0,67.76326569497363,0.0,6.644418681801131,0.0,11.373167215106399,0.0,3068.864404916005,0.0,645.8820632011367,0.0,13.656532779291684,0.0,13.041749752983302,0.0,9.132567315880179,0.0
Barde,538.686274509804,0.0,21.7938864620411,0.0,448.3598782807667,0.0,252.0,0.0,153.87060573157612,0.0,13.316976829849429,0.0,15.874507866387544,0.0,9.810038320487179,0.0,327.47124625989676,0.0,129.29284176106245,0.0,90.99648048901659,0.0,4.5931479405355065,0.0,8.334847002682336,0.0,1447.6309294721304,0.0,735.0344005100551,0.0,13.31697684405302,0.0,12.667414415660206,0.0,8.466156706861009,0.0
Bares,506.73333333333335,0.0,21.094935627109177,0.0,433.5769107398004,0.0,238.0,0.0,142.8491069177211,0.0,12.876457611317775,0.0,15.427248620541512,0.0,9.339312518026317,0.0,318.7639298560405,0.0,84.68943284975445,0.0,52.62703846407801,0.0,5.864273929365153,0.0,7.1600354654155876,0.0,1238.4987150334719,0.0,839.4154320711268,0.0,12.876457621321736,0.0,12.091208579838929,0.0,7.96647428385803,0.0
Bargs,537.9294117647058,0.0,21.684898016804947,0.0,462.13463217497576,0.0,267.0,0.0,167.49002591851178,0.0,13.774175906137515,0.0,16.34013463836819,0.0,10.426337662588937,0.0,633.6660430756613,0.0,258.002256476938,0.0,184.63748812229352,0.0,5.142193579822267,0.0,8.602153551910998,0.0,1060.4904280037374,0.0,687.0114085385292,0.0,13.774175921224371,0.0,13.044155848225575,0.0,9.125462712419438,0.0
Barke,529.9019607843138,0.0,21.571889592881256,0.0,466.6008542302403,0.0,284.0,0.0,178.85218832174638,0.0,13.98109088683262,0.0,16.852299546352718,0.0,10.760641275528364,0.0,337.5904884873109,0.0,109.5796305900174,0.0,77.09099323848079,0.0,4.7017145000280465,0.0,8.267080140256548,0.0,4308.422252305371,0.0,672.8341701327814,0.0,13.981090882679904,0.0,13.183094845704096,0.0,9.407293159189361,0.0
Basam,603.0313725490196,0.0,22.942992051501886,0.0,534.5967175602628,0.0,349.0,0.0,239.05892370420295,0.0,15.964109371892587,0.0,18.681541692269406,0.0,13.110776780082215,0.0,855.5035541451383,0.0,652.8640127781296,0.0,522.0899627627354,0.0,4.006541157566435,0.0,10.828284622755383,0.0,886.5696416666607,0.0,589.6582235272436,0.0,15.964109375309844,0.0,15.26921706478664,0.0,11.828341543908639,0.0
Basar,509.73333333333335,0.0,21.080505141945725,0.0,446.93837569320397,0.0,261.0,0.0,160.7091002965791,0.0,13.37382006687741,0.0,16.15549442140351,0.0,10.036067053798048,0.0,321.19029611567294,0.0,95.87716877646861,0.0,62.47541631880669,0.0,9.584167585160301,0.0,9.038056538355503,0.0,800.7158787602032,0.0,580.9451161124534,0.0,13.373820071513675,0.0,12.555909178388378,0.0,8.592518529167618,0.0
Basen,546.2745098039215,0.0,21.871080799018273,0.0,428.7428118583615,0.0,225.0,0.0,135.42979239460615,0.0,12.7399648203044,0.0,15.0,0.0,9.101782853344215,0.0,319.5015868450101,0.0,84.58737662820624,0.0,53.789295523346645,0.0,4.5600721944428955,0.0,7.6454713723943994,0.0,1139.9666145072206,0.0,673.2552101067492,0.0,12.739964831727976,0.0,11.786829284537337,0.0,7.671998741816609,0.0
Basis,488.57254901960783,0.0,20.618621833688252,0.0,444.7662260005035,0.0,245.0,0.0,151.3252253503972,0.0,13.282370112279192,0.0,15.652475842498529,0.0,9.767676461474705,0.0,320.2663041092227,0.0,88.86119693661817,0.0,58.43070764106821,0.0,9.417989222021527,0.0,8.403891578586828,0.0,3887.648133788852,0.0,4956.68232977146,0.0,13.282370202185852,0.0,12.316137224880805,0.0,8.358261250476977,0.0
Batik,497.4117647058824,0.0,20.85450227846696,0.0,498.5587996864388,0.0,326.0,0.0,212.9087469402948,0.0,14.997017857231272,0.0,18.05547008526779,0.0,11.984432811828162,0.0,368.0000070263861,0.0,133.6338819084433,0.0,101.30024756556729,0.0,8.18083542427758,0.0,10.793090322471661,0.0,4599.577454168303,0.0,5097.718314078233,0.0,14.997017946987636,0.0,14.154317104368936,0.0,10.588947323987435,0.0
Bauch,537.2745098039215,0.0,21.645449286567786,0.0,442.678104089155,0.0,246.0,0.0,150.6663980472776,0.0,13.213429700944516,0.0,15.684387141358123,0.0,9.721451465743101,0.0,333.5079904242127,0.0,98.86468246069903,0.0,68.7952019787108,0.0,5.337525690485257,0.0,9.30976312879805,0.0,1640.6873939842674,0.0,483.00946237877633,0.0,13.21342970423421,0.0,12.162645485972188,0.0,8.326250504357253,0.0
Bauda,581.1647058823529,0.0,22.555408813487734,0.0,442.219888126713,0.0,250.0,0.0,152.78389415778526,0.0,13.223985142490859,0.0,15.811388300841896,0.0,9.764288910791644,0.0,328.0150146584615,0.0,129.99717296549932,0.0,91.25877447269123,0.0,2.567432383991805,0.0,9.405716918463142,0.0,2008.923579042136,0.0,551.2973281964598,0.0,13.22398516010575,0.0,12.676948422828202,0.0,8.362827329233404,0.0
Bauts,517.8392156862745,0.0,21.28834537010083,0.0,445.29185170700146,0.0,256.0,0.0,157.43554181011024,0.0,13.335670719187,0.0,16.0,0.0,9.953600698758352,0.0,321.7401529162006,0.0,94.6215247885468,0.0,64.07956884790971,0.0,7.161411612482663,0.0,8.338873149898287,0.0,3366.025465371195,0.0,545.3176244888625,0.0,13.33567072549632,0.0,12.534200600666251,0.0,8.605774277554175,0.0
Bcckt,487.27450980392155,0.0,20.627513233336316,0.0,478.09831709781304,0.0,290.0,0.0,185.1171386374515,0.0,14.292752710776641,0.0,17.029386365926403,0.0,11.031147097536742,0.0,340.3520664087216,0.0,121.41993739388995,0.0,86.19131200730924,0.0,5.831096881208603,0.0,14.469846116848727,0.0,4435.484350262547,0.0,337.30064200043336,0.0,14.292752709601686,0.0,12.850188614320984,0.0,9.597414491647793,0.0
Bcdfw,561.3490196078432,0.0,22.217227504816368,0.0,549.6177439745034,0.0,404.0,0.0,269.4936764662999,0.0,16.337415060446872,0.0,20.09975124224178,0.0,13.694785032175883,0.0,1336.8491620575423,0.0,2024.537015210569,0.0,1291.7463489783618,0.0,4.158909140881133,0.0,31.79711075384866,0.0,2229.0799277005863,0.0,1308.4834948541181,0.0,16.337415097770652,0.0,16.3527581783707,0.0,12.493039266197838,0.0
Bdhnf,555.9254901960785,0.0,22.085035406974917,0.0,487.16798489144526,0.0,309.0,0.0,199.23852921450262,0.0,14.610749770234095,0.0,17.578395831246947,0.0,11.548120675985365,0.0,458.7619263140552,0.0,399.49266892805525,0.0,326.6990838198624,0.0,7.6747091097963525,0.0,19.648202915352673,0.0,3155.863946671036,0.0,908.2924312937228,0.0,14.61074978580528,0.0,14.211827766363823,0.0,10.339884362695216,0.0
Beben,574.8823529411764,0.0,22.534450877606226,0.0,440.3751913012593,0.0,233.0,0.0,142.41509860527177,0.0,13.089251011033854,0.0,15.264337522473747,0.0,9.437221610291477,0.0,328.37005575784576,0.0,92.47919690663936,0.0,62.14001019656183,0.0,4.174166887785574,0.0,8.657734721389245,0.0,1085.247720263397,0.0,613.3261769873948,0.0,13.08925102476957,0.0,12.142954892977187,0.0,8.07033294338933,0.0
Beere,517.7764705882353,0.0,21.47607414918302,0.0,444.37343892854096,0.0,246.0,0.0,149.20837831764672,0.0,13.17889125398616,0.0,15.684387141358123,0.0,9.59562104217784,0.0,319.43702777736667,0.0,88.14281082268697,0.0,55.916429803647205,0.0,7.226270515802225,0.0,8.010865979651038,0.0,1843.0815557920998,0.0,554.5957196099193,0.0,13.17889124338557,0.0,12.492498741324912,0.0,8.287623895781028,0.0
Beete,537.592156862745,0.0,21.887850880057538,0.0,444.2437979968466,0.0,241.0,0.0,147.49707623404524,0.0,13.211948490836466,0.0,15.524174696260024,0.0,9.611612036775515,0.0,321.49220797012225,0.0,92.73020297720419,0.0,62.73811914978527,0.0,5.422283043063458,0.0,7.827784025350777,0.0,3004.1649629223853,0.0,469.74382621896024,0.0,13.211948500779854,0.0,12.413758924069635,0.0,8.283229876116465,0.0
Beine,505.01176470588234,0.0,21.12527435218794,0.0,442.7807444839535,0.0,247.0,0.0,149.0142800537239,0.0,13.142555666148379,0.0,15.716233645501712,0.0,9.562164127251576,0.0,319.0291036691799,0.0,83.03495804746787,0.0,51.64383037546562,0.0,5.733531532426893,0.0,7.4390390991499675,0.0,2117.7926013526367,0.0,647.0294801287711,0.0,13.14255566582969,0.0,12.288384622864601,0.0,8.190568151330169,0.0
Bekem,620.2,0.0,23.408293827517998,0.0,560.4276588773901,0.0,380.0,0.0,263.0462220895707,0.0,16.63358297148472,0.0,19.493588689617926,0.0,13.828944730928772,0.0,869.0637232124589,0.0,656.8345361373787,0.0,525.7483390859865,0.0,3.3028129249116627,0.0,12.021690822106487,0.0,2122.8834167757964,0.0,698.485848146131,0.0,16.63358298051601,0.0,15.894007917599387,0.0,12.609446957778854,0.0
Betel,491.9450980392156,0.0,20.896131328508392,0.0,472.84698678001484,0.0,292.0,0.0,184.11723503853474,0.0,14.136966708853574,0.0,17.08800749063506,0.0,10.955044091408473,0.0,333.7294817802165,0.0,120.36262146157354,0.0,92.42676139109557,0.0,10.030493702237052,0.0,9.101287120156094,0.0,2741.115351487456,0.0,1338.2992437454463,0.0,14.136966716523503,0.0,13.276320299958043,0.0,9.687241288957988,0.0
Beule,511.6078431372549,0.0,21.287875443720147,0.0,453.9510028628714,0.0,263.0,0.0,161.6206634521536,0.0,13.527291100947275,0.0,16.217274740226856,0.0,10.078588744670107,0.0,323.8000307703171,0.0,94.5374103686209,0.0,65.30575204394157,0.0,7.08931039141247,0.0,8.325152529446996,0.0,1949.4512326126724,0.0,2398.581139013132,0.0,13.527291193260034,0.0,12.870181957871255,0.0,8.76566651884958,0.0
Beuns,534.5647058823529,0.0,21.663191629763393,0.0,430.8283659330226,0.0,232.0,0.0,138.7073698799787,0.0,12.803352210326688,0.0,15.231546211727817,0.0,9.170330906358512,0.0,318.522948183502,0.0,80.89091503585661,0.0,49.686247447144254,0.0,5.4995429388034545,0.0,8.352368929824687,0.0,2195.9481897779506,0.0,483.5315502561982,0.0,12.803352219779768,0.0,11.846303568135234,0.0,7.818783924177792,0.0
Bezug,573.1607843137256,0.0,22.580595113132127,0.0,478.668045785368,0.0,289.0,0.0,183.0323321000167,0.0,14.251611726770273,0.0,17.0,0.0,10.960694023925704,0.0,5212.046886966587,0.0,484.6624981732747,0.0,351.3108797156954,0.0,4.25017153879417,0.0,15.526837168242619,0.0,4284.842740002217,0.0,548.1674831262056,0.0,14.251611730852465,0.0,13.525765268793172,0.0,9.677283960452916,0.0
Bgrkq,576.3215686274509,0.0,22.4927769174098,0.0,516.9173410454194,0.0,339.0,0.0,224.73714203378825,0.0,15.416375177780024,0.0,18.411952639521967,0.0,12.475914511140154,0.0,16542.119930447425,0.0,19426.78394777107,0.0,16041.362148852237,0.0,4.85908068591172,0.0,78.74636014023808,0.0,4395.696453421778,0.0,998.4294342733102,0.0,15.416375172626678,0.0,14.791573836204698,0.0,11.270254356992101,0.0
Bgtts,526.3725490196078,0.0,21.506171606012334,0.0,488.1491098337675,0.0,298.0,0.0,194.07330358965368,0.0,14.61142222656964,0.0,17.26267650163207,0.0,11.486294005193269,0.0,4348.169931534476,0.0,2132.1971099855955,0.0,1611.8937365362758,0.0,8.802145875958947,0.0,20.852584493318947,0.0,3981.4836719948203,0.0,1490.6354706648367,0.0,14.61142223307425,0.0,13.7565045332488,0.0,10.25238337410844,0.0
Bhrps,528.2549019607843,0.0,21.485985346747444,0.0,473.8332854758553,0.0,281.0,0.0,179.03439048613927,0.0,14.156227389882462,0.0,16.76305461424021,0.0,10.881130682801173,0.0,971.1542368839331,0.0,199.98354878691345,0.0,181.02845891803616,0.0,5.504153284051435,0.0,12.384614620049216,0.0,1887.774610970005,0.0,1040.4921670854792,0.0,14.156227392929658,0.0,13.292918392979312,0.0,9.581435923050083,0.0
Bhthl,505.4274509803921,0.0,21.024432428459743,0.0,509.93409459313386,0.0,345.0,0.0,225.62383919887608,0.0,15.284513081795998,0.0,18.57417562100671,0.0,12.38031070548142,0.0,377.14985787538797,0.0,140.46269043040792,0.0,112.08517129538689,0.0,9.786100641181095,0.0,12.65930775558284,0.0,2891.510323283568,0.0,1226.8308922675753,0.0,15.284513080328026,0.0,14.583864714704827,0.0,11.114281813391582,0.0
Bhwxz,578.7019607843137,0.0,22.621392127281645,0.0,567.5254455977117,0.0,426.0,0.0,288.013012774001,0.0,16.833965339342047,0.0,20.639767440550294,0.0,14.230409749839342,0.0,457.86545073367756,0.0,374.9959692823083,0.0,286.8177729682976,0.0,5.771137348477307,0.0,40.63429553498699,0.0,3058.7703821067807,0.0,504.95067312984884,0.0,16.833965331691488,0.0,16.32349874376942,0.0,12.949220080411626,0.0
Bibel,485.5764705882353,0.0,20.68264962199935,0.0,496.81357368421914,0.0,324.0,0.0,208.4699086248096,0.0,14.82394024507412,0.0,18.0,0.0,11.773075412524111,0.0,341.467809991398,0.0,126.1165949548504,0.0,96.15114741262188,0.0,6.996571937464539,0.0,9.86916197843779,0.0,4972.719197615223,0.0,2573.148426141277,0.0,14.823940243790972,0.0,14.381364747953505,0.0,10.498803085185607,0.0
Biegi,492.5490196078431,0.0,20.830649054291804,0.0,511.0294462426729,0.0,343.0,0.0,221.91654479305512,0.0,15.181284948693493,0.0,18.520259177452136,0.0,12.192712685644521,0.0,635.9182623687278,0.0,265.32899872358894,0.0,190.393713863417,0.0,5.907675526783026,0.0,9.93228188555196,0.0,4931.370080578794,0.0,2530.7493832494297,0.0,15.181284950254767,0.0,14.918438261456242,0.0,10.938914507043911,0.0
Biere,465.4705882352941,0.0,20.320663135092417,0.0,474.52053051471637,0.0,301.0,0.0,187.37988236323324,0.0,14.114927180808948,0.0,17.349351572897472,0.0,10.91475551507909,0.0,321.13040930309853,0.0,98.01813858034289,0.0,63.988633037110745,0.0,5.828105986876109,0.0,8.145770396235765,0.0,5146.113832445143,0.0,2557.541955727844,0.0,14.114927157700329,0.0,13.912524318453718,0.0,9.62513894869552,0.0
Biest,471.24313725490197,0.0,20.375690561531524,0.0,477.2438618068164,0.0,301.0,0.0,189.88195738797668,0.0,14.256523826120485,0.0,17.349351572897472,0.0,11.078610786287795,0.0,322.8553188427633,0.0,101.52784730550222,0.0,68.8841151930964,0.0,5.733148392140176,0.0,8.3302501754217,0.0,4922.650618909746,0.0,2522.241624709047,0.0,14.256523814691615,0.0,13.672197550635913,0.0,9.746281094861937,0.0
Binde,522.9215686274509,0.0,21.462468515681522,0.0,466.43711922000807,0.0,281.0,0.0,174.44608898060142,0.0,13.871308122676695,0.0,16.76305461424021,0.0,10.53778239140374,0.0,328.1774896505454,0.0,131.47551978441427,0.0,92.94835885717272,0.0,4.797801001478692,0.0,8.324311854024332,0.0,4967.161879753053,0.0,2562.002505583656,0.0,13.8713081286596,0.0,13.599252209406114,0.0,9.219153906035231,0.0
Blama,571.4274509803922,0.0,22.35101814913496,0.0,565.686214816606,0.0,416.0,0.0,283.5551457080077,0.0,16.801097255197462,0.0,20.396078054371138,0.0,14.20408996699166,0.0,579.8766238624844,0.0,371.5998055519968,0.0,312.5908286250066,0.0,5.1111027485326295,0.0,9.788531200543709,0.0,4124.924909547833,0.0,1577.6971379647548,0.0,16.801097241140532,0.0,16.792965781449745,0.0,12.888682577069606,0.0
Blete,491.9450980392156,0.0,20.896131328508392,0.0,479.9159650142967,0.0,302.0,0.0,191.2992269044789,0.0,14.330286253297881,0.0,17.378147196982766,0.0,11.16797136556983,0.0,330.76556936411447,0.0,111.79110883304611,0.0,82.02785250202993,0.0,4.22021573888924,0.0,8.614732286109863,0.0,4842.628939226737,0.0,1572.1712602673567,0.0,14.330286254357436,0.0,14.062550971038617,0.0,9.880353421411243,0.0
Bljts,455.55686274509804,0.0,19.990767957662385,0.0,522.7013748303974,0.0,360.0,0.0,237.72110000154385,0.0,15.614475043804184,0.0,18.973665961010276,0.0,12.781105467125304,0.0,5804.594051829198,0.0,957.3558012834569,0.0,880.5145563258235,0.0,6.052313983371687,0.0,19.164237481916185,0.0,5322.219611173097,0.0,1736.2955878193168,0.0,15.614475044722493,0.0,15.145441092312542,0.0,11.520243684267301,0.0
Bllly,425.7686274509804,0.0,19.340287100077337,0.0,557.2927203459465,0.0,422.0,0.0,280.8788883342684,0.0,16.536219319264223,0.0,20.54263858417414,0.0,13.906663257814479,0.0,498.26704424826767,0.0,190.12902175591705,0.0,143.9174865979477,0.0,8.5356143467162,0.0,9.878725572909774,0.0,4334.034794870987,0.0,2911.1687963263676,0.0,16.536219390158287,0.0,16.369530871795206,0.0,12.64729902794166,0.0
Bllsd,478.53725490196075,0.0,20.47306385751669,0.0,501.17646818678423,0.0,335.0,0.0,216.0782996358372,0.0,14.975639599552965,0.0,18.303005217723125,0.0,12.00573637255686,0.0,357.7525628527717,0.0,201.32303959409367,0.0,156.7459146883669,0.0,7.239675455654571,0.0,12.65906195472186,0.0,4262.421012282475,0.0,1680.1763306372713,0.0,14.975639582791581,0.0,14.6898517116471,0.0,10.738842712940357,0.0
Block,493.29803921568623,0.0,20.73124301037191,0.0,491.96344546391697,0.0,304.0,0.0,197.2979980479639,0.0,14.693535175524532,0.0,17.435595774162696,0.0,11.511299717228857,0.0,372.16385131996003,0.0,135.0513903686268,0.0,103.34324408195859,0.0,4.233649934658823,0.0,10.929982983810893,0.0,3873.7716360361683,0.0,1552.672487253963,0.0,14.693535170182598,0.0,13.737747972663628,0.0,10.135021501999642,0.0
Blogs,531.0470588235294,0.0,21.536743278272542,0.0,483.16904907707,0.0,289.0,0.0,185.22112658903103,0.0,14.365569655635797,0.0,17.0,0.0,11.100796497156699,0.0,637.9412554660672,0.0,262.6370423173751,0.0,190.16664644293581,0.0,4.695630622309607,0.0,10.00843827462749,0.0,3902.65157558818,0.0,1552.7299343499367,0.0,14.365569666183271,0.0,13.907438901689051,0.0,9.832148081693216,0.0
Bloht,492.2627450980392,0.0,20.75366552764898,0.0,491.3169729373678,0.0,319.0,0.0,203.76233770911915,0.0,14.666185697204067,0.0,17.86057109949175,0.0,11.579904090950201,0.0,334.8993443701814,0.0,112.03609623158813,0.0,82.01738641723479,0.0,4.686137524286099,0.0,10.599133828351244,0.0,4021.5756146522835,0.0,1543.1528096078694,0.0,14.666185692593846,0.0,14.214382282429586,0.0,10.269677691701967,0.0
Bluff,459.52156862745096,0.0,20.13536276121111,0.0,527.3688459829737,0.0,391.0,0.0,254.31682644888954,0.0,15.75606799993164,0.0,19.77371993328519,0.0,13.07613630277538,0.0,380.7462339999238,0.0,246.37535928051275,0.0,206.8360109892152,0.0,7.189317017594305,0.0,14.567667346519988,0.0,4376.996014093721,0.0,1979.7484392543622,0.0,15.756068026126192,0.0,15.829961803999463,0.0,11.846115781726231,0.0
Blume,556.7176470588234,0.0,22.16137000832542,0.0,563.5822021643927,0.0,400.0,0.0,271.69855827205356,0.0,16.643384100377876,0.0,20.0,0.0,13.895192649680105,0.0,578.7914307076863,0.0,369.1593342466677,0.0,311.21115579363425,0.0,5.166422143261585,0.0,10.05595331007612,0.0,4337.022290388616,0.0,1574.8293906734614,0.0,16.64338408432261,0.0,16.524208713897618,0.0,12.683828686660123,0.0
Bluse,497.56470588235294,0.0,20.917858428393092,0.0,463.991607616714,0.0,282.0,0.0,175.4816095207219,0.0,13.851163119506118,0.0,16.792855623746664,0.0,10.58297444883936,0.0,328.35099348171167,0.0,103.31509038651134,0.0,74.38701039742683,0.0,3.6619443071062645,0.0,9.2325751799106,0.0,4192.022616216353,0.0,1538.6436497559787,0.0,13.851163113346542,0.0,13.355967385525704,0.0,9.286670975926418,0.0
Blöße,561.7647058823529,0.0,22.204384921159786,0.0,506.4509546623293,0.0,329.0,0.0,216.12105437398475,0.0,15.145775525188856,0.0,18.138357147217054,0.0,12.147963492423441,0.0,487.84445249907117,0.0,594.7617728465855,0.0,358.67272575673536,0.0,4.4441532108760216,0.0,21.285465938148104,0.0,5813.987998299821,0.0,2137.82649961261,0.0,15.145775513233318,0.0,15.061172896691275,0.0,10.96215087769263,0.0
Bmlll,474.1333333333333,0.0,20.39425931846481,0.0,621.4871133021493,0.0,487.0,0.0,338.0751358963675,0.0,18.129921214397534,0.0,22.06807649071391,0.0,15.677230696606156,0.0,1365.6370062351748,0.0,1098.059310374572,0.0,907.7594853685758,0.0,16.410168588666405,0.0,14.412408849048546,0.0,4540.239867999882,0.0,2649.6775271464194,0.0,18.129921297192304,0.0,17.884223572654786,0.0,14.473384110993086,0.0
Boden,568.8039215686275,0.0,22.36754493709311,0.0,439.9849446208354,0.0,227.0,0.0,137.92746899127042,0.0,13.014913815804972,0.0,15.066519173319364,0.0,9.267889674281788,0.0,328.9319495824337,0.0,132.2383945225345,0.0,94.54159664049931,0.0,3.60924215685434,0.0,8.485363129165735,0.0,1175.4175430626565,0.0,710.9200760055194,0.0,13.01491382712042,0.0,12.060460024808705,0.0,7.940760460263624,0.0
Bogen,582.0901960784313,0.0,22.609405588577946,0.0,452.8123657546288,0.0,237.0,0.0,147.608578667229,0.0,13.41661531558447,0.0,15.394804318340652,0.0,9.758370832542825,0.0,982.845072695637,0.0,253.54517250903928,0.0,181.51412436687946,0.0,3.8660026063753254,0.0,8.272854672653853,0.0,1179.8347222093028,0.0,710.6922803988246,0.0,13.41661532602869,0.0,12.410517225064103,0.0,8.469746303202584,0.0
Bohne,557.6352941176472,0.0,22.10511152203871,0.0,435.08958919758857,0.0,222.0,0.0,134.77616320257414,0.0,12.908084489688987,0.0,14.89966442575134,0.0,9.14614811972127,0.0,327.1102305494247,0.0,83.50621932010438,0.0,55.80741853767338,0.0,3.5219357700039136,0.0,8.71791492765614,0.0,1714.6525742648628,0.0,555.5951964475876,0.0,12.908084497573062,0.0,11.924227999205382,0.0,7.809068597989395,0.0
Bombe,622.2156862745098,0.0,23.4056381775968,0.0,526.0964062293618,0.0,317.0,0.0,216.3555649326479,0.0,15.621474879769782,0.0,17.804493814764857,0.0,12.4544876084636,0.0,493.15112888252645,0.0,303.72687287727086,0.0,252.8992977468645,0.0,2.930033632757745,0.0,10.327312889377541,0.0,2684.115886350423,0.0,1101.9257750044603,0.0,15.621474884421774,0.0,14.846787332209502,0.0,11.260683917803492,0.0
Bonus,528.1411764705882,0.0,21.46324702142727,0.0,428.4719989159156,0.0,218.0,0.0,130.8670244827873,0.0,12.70362692713164,0.0,14.7648230602334,0.0,8.929323686828313,0.0,318.5538884757071,0.0,78.22754864311717,0.0,48.493769193696906,0.0,5.215353316195097,0.0,9.05451339867584,0.0,4309.705642058186,0.0,719.5721321898428,0.0,12.703626932327596,0.0,11.513853409981488,0.0,7.570677504347183,0.0
Borke,520.478431372549,0.0,21.38532519730982,0.0,466.29020911487635,0.0,272.0,0.0,171.37750973016267,0.0,13.91187575262012,0.0,16.492422502470642,0.0,10.540602940510254,0.0,337.4559344809072,0.0,107.17391099171974,0.0,75.82343889204049,0.0,4.8155614743292805,0.0,8.42415303718665,0.0,4319.752981861867,0.0,669.6302063576576,0.0,13.911875748105713,0.0,12.806695000912129,0.0,9.23488347598482,0.0
Borte,482.98039215686276,0.0,20.649808952275436,0.0,454.69792943509265,0.0,260.0,0.0,159.7308323941946,0.0,13.50389263057373,0.0,16.1245154965971,0.0,10.02855757383501,0.0,322.0636922240766,0.0,95.34191411863455,0.0,64.78770598046908,0.0,7.008395136814879,0.0,7.5130698703961,0.0,3087.6918034816686,0.0,726.8176501508929,0.0,13.503892641984697,0.0,12.493824231376033,0.0,8.736807897555263,0.0
Bosse,531.4549019607842,0.0,21.573263316410547,0.0,423.0667507174322,0.0,194.0,0.0,116.56976676769885,0.0,12.481663709438001,0.0,13.92838827718412,0.0,8.44833998615586,0.0,319.6023926932893,0.0,81.04086620642298,0.0,53.77186852562253,0.0,4.231554313891176,0.0,8.175564362105288,0.0,1112.7728933472338,0.0,415.5194991934041,0.0,12.481663708140037,0.0,10.861177908767893,0.0,7.050050945351035,0.0
Boten,522.521568627451,0.0,21.44207256705332,0.0,444.10603398738454,0.0,244.0,0.0,149.12269216320925,0.0,13.200811950022539,0.0,15.620499351813308,0.0,9.6576636183724,0.0,321.9776661851438,0.0,92.49972713374636,0.0,63.06980737029768,0.0,4.544222035645419,0.0,7.735605228822449,0.0,2704.152851389004,0.0,1364.616232253128,0.0,13.200811958014786,0.0,12.122587847382132,0.0,8.319091216569063,0.0
Botin,470.2156862745098,0.0,20.284724926887154,0.0,468.7366871304548,0.0,285.0,0.0,178.26328645358927,0.0,13.986290537946967,0.0,16.881943016134134,0.0,10.688479265867473,0.0,323.4899812615678,0.0,99.64744962678358,0.0,68.94113434856928,0.0,9.251934121468336,0.0,8.68682236697547,0.0,4597.980237985714,0.0,5097.833025889646,0.0,13.986290629878372,0.0,13.027314371397848,0.0,9.3503628590234,0.0
Boxer,499.4,0.0,20.983846884338426,0.0,470.7932426614241,0.0,284.0,0.0,179.18982917110506,0.0,14.055192257874227,0.0,16.852299546352718,0.0,10.766645795806317,0.0,329.6265539230684,0.0,132.7631609601937,0.0,98.10162593668551,0.0,9.649513526747928,0.0,16.414056264575454,0.0,1797.112708520038,0.0,673.2434141389123,0.0,14.055192267131774,0.0,12.989896785457383,0.0,9.491830126213578,0.0
Bqnhs,568.2392156862745,0.0,22.27944125194882,0.0,453.23884826435057,0.0,252.0,0.0,158.39070810197904,0.0,13.558551490373741,0.0,15.874507866387544,0.0,10.147884764128447,0.0,4441.375863212074,0.0,5295.016729465088,0.0,4429.918847605493,0.0,5.006114824454869,0.0,39.65349776656226,0.0,1586.7072665102671,0.0,975.6994346561602,0.0,13.558551495693353,0.0,12.849188861252028,0.0,8.895085552542797,0.0
Brand,530.0392156862745,0.0,21.547177212538248,0.0,475.6674258680808,0.0,313.0,0.0,197.03050528233314,0.0,14.288462882365824,0.0,17.69180601295413,0.0,11.286402161923858,0.0,348.20840389078035,0.0,194.99025883308985,0.0,148.19736427057546,0.0,4.915156228596727,0.0,10.987482574340351,0.0,3412.4291161032497,0.0,758.6550828134447,0.0,14.288462896154103,0.0,14.089447804296762,0.0,9.947987789338901,0.0
Brata,495.4039215686274,0.0,20.828352899496377,0.0,477.5585763515444,0.0,325.0,0.0,205.09340647465336,0.0,14.409762193540033,0.0,18.027756377319946,0.0,11.516620098452327,0.0,326.16183271649743,0.0,115.32631199336839,0.0,79.94919156751797,0.0,4.278357802146074,0.0,8.687410983549626,0.0,4224.597227536778,0.0,738.0807566315797,0.0,14.40976220488526,0.0,14.131590278791137,0.0,10.113132482451457,0.0
Braue,512.0666666666666,0.0,21.23568301202748,0.0,460.1216063645295,0.0,289.0,0.0,178.9868170660792,0.0,13.800634709849994,0.0,17.0,0.0,10.63825067361277,0.0,322.17617540568654,0.0,101.26179840004612,0.0,66.98657312652644,0.0,3.5819111499607583,0.0,9.305684178181444,0.0,5211.731772563124,0.0,805.3084095145971,0.0,13.800634720538946,0.0,13.398249244756608,0.0,9.263862660284056,0.0
Braut,483.69411764705876,0.0,20.609948587432825,0.0,481.16441942361735,0.0,326.0,0.0,205.6967839432159,0.0,14.471658784460551,0.0,18.05547008526779,0.0,11.527276556923846,0.0,324.27507552126525,0.0,109.53365162398455,0.0,74.1872542329009,0.0,5.368769541659733,0.0,9.416196224010188,0.0,5233.551294022841,0.0,809.724121314769,0.0,14.471658796456765,0.0,13.989690341189595,0.0,10.150914498905935,0.0
Brett,461.0313725490196,0.0,20.220120089649093,0.0,494.2318933207083,0.0,334.0,0.0,213.26781353080122,0.0,14.799117885598909,0.0,18.275666882497067,0.0,11.831042555519307,0.0,326.3575362871859,0.0,114.83124038765035,0.0,81.0396418302815,0.0,7.33077407020923,0.0,8.653225834952872,0.0,4211.366934669529,0.0,743.9049493202347,0.0,14.799117896613925,0.0,14.333626896023029,0.0,10.527841856950475,0.0
Briea,468.47058823529414,0.0,20.30568241103027,0.0,470.4735982819332,0.0,307.0,0.0,190.76663424708528,0.0,14.085879082108365,0.0,17.52141546793523,0.0,11.005418612081934,0.0,322.5073857593289,0.0,102.20060675022374,0.0,67.71919910824855,0.0,6.765915937474509,0.0,8.828037436479717,0.0,3386.982110889263,0.0,944.2096915689697,0.0,14.085879089626596,0.0,13.780640197764713,0.0,9.641821566419168,0.0
Brief,439.4274509803921,0.0,19.72457722129972,0.0,501.5627363498982,0.0,350.0,0.0,223.2857256068382,0.0,14.985589859563367,0.0,18.708286933869708,0.0,12.114573057327524,0.0,363.8723244656612,0.0,219.39696771770974,0.0,182.38460154824762,0.0,7.0656764210293135,0.0,13.474348279061399,0.0,3387.1329037287946,0.0,949.7992397065059,0.0,14.985589866990933,0.0,14.751235590011964,0.0,10.849733001495084,0.0
Brite,437.09803921568624,0.0,19.665835808305115,0.0,488.32852940318804,0.0,327.0,0.0,206.43978071326524,0.0,14.59167678055622,0.0,18.083141320025124,0.0,11.57005450739699,0.0,324.90131451905415,0.0,109.74183745791561,0.0,76.64640524660972,0.0,7.467603625858022,0.0,8.017301308397272,0.0,4394.73897585386,0.0,849.4261007721269,0.0,14.591676793161955,0.0,14.162389306345773,0.0,10.26149550751149,0.0
Brktp,516.3098039215686,0.0,21.286714128423778,0.0,522.8071052058297,0.0,366.0,0.0,241.97924426353518,0.0,15.6780405536818,0.0,19.131126469708992,0.0,12.882935682733564,0.0,2731.970760741892,0.0,591.8199778907803,0.0,580.1359651144044,0.0,4.384346978546038,0.0,18.74487719150843,0.0,4555.65246879564,0.0,790.4594725513243,0.0,15.67804056538475,0.0,15.128404340891805,0.0,11.576110450058556,0.0
Brntq,498.98039215686276,0.0,20.95414887911178,0.0,492.2140742151111,0.0,331.0,0.0,211.08657572030637,0.0,14.737024776756966,0.0,18.193405398660254,0.0,11.788857154950621,0.0,15963.450911086904,0.0,19309.684940411822,0.0,15960.33322100589,0.0,5.07365253887473,0.0,76.44246644049343,0.0,4183.91098557372,0.0,816.4724394435176,0.0,14.737024786183452,0.0,14.468857618687569,0.0,10.531240056983906,0.0
Bruch,486.0862745098039,0.0,20.617797636812263,0.0,473.76240323441044,0.0,302.0,0.0,189.36372677668743,0.0,14.17288610634098,0.0,17.378147196982766,0.0,11.043486730658508,0.0,336.0788856593278,0.0,111.86062421950932,0.0,79.39079341028227,0.0,4.503845680983637,0.0,9.774008861773366,0.0,3319.500983527244,0.0,687.3948012398018,0.0,14.172886115442456,0.0,13.443494443867726,0.0,9.726940008115616,0.0
Brust,466.65098039215684,0.0,20.242572790331195,0.0,478.30753592312556,0.0,314.0,0.0,197.4501961470442,0.0,14.335672493941878,0.0,17.72004514666935,0.0,11.280484551343882,0.0,323.9101025517761,0.0,106.59723099788938,0.0,73.29585443769942,0.0,6.038951195950588,0.0,8.822562083037313,0.0,3439.9899967238816,0.0,669.4850126989694,0.0,14.335672501054411,0.0,13.641091783791243,0.0,9.97277936388723,0.0
Brxgr,488.8313725490196,0.0,20.73988221617081,0.0,530.7459083572192,0.0,381.0,0.0,250.0027554928892,0.0,15.80125888130463,0.0,19.519221295943137,0.0,13.020963532621325,0.0,640.6154416895008,0.0,283.3353900850156,0.0,206.66221587444306,0.0,5.758124588654567,0.0,18.15306648817528,0.0,3323.4221345501633,0.0,681.3366712828844,0.0,15.801258901167246,0.0,15.338521633512423,0.0,11.764574051552778,0.0
Bryin,453.5686274509804,0.0,19.95771231031463,0.0,527.9656105430537,0.0,384.0,0.0,251.18676869400554,0.0,15.762983118405467,0.0,19.595917942265423,0.0,13.016713005165473,0.0,732.2380645594808,0.0,612.621975684777,0.0,475.98275461561815,0.0,7.311749467990231,0.0,14.012669380435906,0.0,5179.474278916477,0.0,4988.426088584255,0.0,15.762983204327892,0.0,15.293178809081013,0.0,11.703618650469172,0.0
Brühe,532.1372549019607,0.0,21.642963878098612,0.0,481.8789212684455,0.0,312.0,0.0,198.2904468584739,0.0,14.460093720535545,0.0,17.663521732655695,0.0,11.402187390880217,0.0,335.21687970142324,0.0,133.19705368324682,0.0,102.39834683368974,0.0,3.7118068488105935,0.0,15.896844201898263,0.0,3621.9110282400165,0.0,646.9994374710841,0.0,14.460093734047813,0.0,14.208132258803717,0.0,10.162918379500775,0.0
Bsmgt,599.8549019607843,0.0,22.948907361713353,0.0,571.259623555484,0.0,395.0,0.0,272.6019142990938,0.0,16.841700348733976,0.0,19.87460691435179,0.0,14.049078963873123,0.0,736.0862546765559,0.0,391.7727755717568,0.0,310.3898062607903,0.0,4.437971429213288,0.0,14.227900885773247,0.0,2674.5091230753296,0.0,1007.3101422496931,0.0,16.841700363097726,0.0,16.194217641159675,0.0,12.815518756892791,0.0
Bubul,520.4627450980392,0.0,21.37163012955408,0.0,482.80136882677107,0.0,302.0,0.0,193.86438494565004,0.0,14.479302321440903,0.0,17.378147196982766,0.0,11.332289743042232,0.0,341.2766035711537,0.0,123.8362497340652,0.0,94.5796216549126,0.0,9.001157072869015,0.0,11.484421800968283,0.0,5512.857536356905,0.0,560.2474879076835,0.0,14.479302331164766,0.0,13.618344067456595,0.0,10.070886069501299,0.0
Buche,534.2745098039215,0.0,21.65950338511153,0.0,439.8334703875423,0.0,229.0,0.0,140.50371555848304,0.0,13.082416327425955,0.0,15.132745950421556,0.0,9.388284975770295,0.0,324.5593303381606,0.0,90.07604116108801,0.0,59.42811506678505,0.0,3.701572482865701,0.0,9.097783829175,0.0,3600.8433533746215,0.0,309.09842542097147,0.0,13.082416333751057,0.0,11.920585676900608,0.0,8.016314152856738,0.0
Buchs,520.2313725490196,0.0,21.29594438414532,0.0,440.7550575404682,0.0,232.0,0.0,143.39976705930374,0.0,13.149110038618971,0.0,15.231546211727817,0.0,9.52435282592061,0.0,324.73490748275367,0.0,91.1764396329128,0.0,60.63645508195903,0.0,4.637187394174297,0.0,9.258704128471894,0.0,3601.263178013614,0.0,311.2275370720281,0.0,13.149110045974295,0.0,11.885138927008942,0.0,8.159089271079473,0.0
Bucht,505.9019607843137,0.0,21.046373432944915,0.0,460.87628344663005,0.0,266.0,0.0,167.21368243561972,0.0,13.788437422102586,0.0,16.30950643030009,0.0,10.38487468443687,0.0,326.6429174417254,0.0,99.28424957729628,0.0,67.44070411682132,0.0,6.5240238325994095,0.0,9.221822645625846,0.0,3631.799651077198,0.0,320.74395607451896,0.0,13.788437428518366,0.0,12.581681760668834,0.0,9.026804877513591,0.0
Buden,566.5176470588235,0.0,22.34437400323198,0.0,449.15489252651355,0.0,254.0,0.0,155.87951099607,0.0,13.370912968784,0.0,15.937377450509228,0.0,9.89985898133408,0.0,329.64009622835476,0.0,136.15776971117745,0.0,97.03284319599896,0.0,3.5416131694568698,0.0,8.644689330873673,0.0,3547.627096907398,0.0,644.2195628907356,0.0,13.370912980658334,0.0,12.735584647728984,0.0,8.586041038007409,0.0
Bulle,465.9607843137255,0.0,20.266818429590217,0.0,478.6464773294496,0.0,302.0,0.0,191.17702052039442,0.0,14.322257085185155,0.0,17.378147196982766,0.0,11.154186818519186,0.0,328.3976286601189,0.0,106.60033129744973,0.0,77.37880610630737,0.0,8.488710905445322,0.0,8.115397894409256,0.0,3968.3593562307688,0.0,2489.0923711458995,0.0,14.322257187857351,0.0,13.819136924006859,0.0,9.855309937911269,0.0
Bunde,566.5176470588235,0.0,22.34437400323198,0.0,443.01031354366523,0.0,241.0,0.0,147.1153900384402,0.0,13.173414611337863,0.0,15.524174696260024,0.0,9.583737553514897,0.0,327.2078886968466,0.0,126.81872623776083,0.0,89.44057897664491,0.0,2.612502589100583,0.0,8.48559853021913,0.0,3623.2795043923857,0.0,575.686348542889,0.0,13.173414628608096,0.0,12.520272303527669,0.0,8.258284916598392,0.0
Bupel,529.3882352941177,0.0,21.59923745930697,0.0,476.58219598923415,0.0,284.0,0.0,182.13813280364204,0.0,14.257934739834225,0.0,16.852299546352718,0.0,11.012304922550324,0.0,1034.4809101628077,0.0,213.1636693780232,0.0,195.85164641368453,0.0,8.45502697633002,0.0,11.932582023599165,0.0,3646.556994668135,0.0,672.2082034612303,0.0,14.257934749223327,0.0,13.354232442754848,0.0,9.740825539411377,0.0
Burve,487.03921568627453,0.0,20.75181810427302,0.0,475.3427603987094,0.0,301.0,0.0,188.8518202136948,0.0,14.204286657215208,0.0,17.349351572897472,0.0,11.023901375148888,0.0,326.6618203354099,0.0,124.12812658149412,0.0,87.72158639916921,0.0,6.288692203641982,0.0,15.080901234145678,0.0,5113.947145824635,0.0,660.44452379271,0.0,14.204286651821363,0.0,13.36455646188724,0.0,9.745567524652186,0.0
Busch,520.2313725490196,0.0,21.29594438414532,0.0,448.7343789934831,0.0,246.0,0.0,153.14530627927832,0.0,13.398352333416069,0.0,15.684387141358123,0.0,9.894588027787117,0.0,334.66424137755405,0.0,102.53324280225226,0.0,72.90978343161213,0.0,5.2476585427666045,0.0,9.538443258276475,0.0,3440.274940264234,0.0,338.50962684067963,0.0,13.398352336775165,0.0,12.064498195162384,0.0,8.529161142063426,0.0
Bvdct,503.7529411764706,0.0,21.05599608579315,0.0,490.66639941953497,0.0,316.0,0.0,201.79500498300973,0.0,14.649288763239575,0.0,17.776388834631177,0.0,11.54252988437837,0.0,348.84759016910834,0.0,194.575304910971,0.0,149.0468447629771,0.0,7.78325513715894,0.0,24.882065033473523,0.0,4817.109402571661,0.0,629.434422880462,0.0,14.64928877039819,0.0,13.5309659843193,0.0,10.253590382537428,0.0
Bvrnx,475.1490196078431,0.0,20.42858774442898,0.0,516.0687991546895,0.0,380.0,0.0,245.11560513979015,0.0,15.455713399076894,0.0,19.493588689617926,0.0,12.761990093263217,0.0,349.20047481620355,0.0,193.97293909167138,0.0,150.86124948933545,0.0,5.866675184058903,0.0,29.990570248928567,0.0,5096.57378735061,0.0,835.8162005426483,0.0,15.455713410520705,0.0,14.551242454197105,0.0,11.514003698630372,0.0
Bvßxn,554.878431372549,0.0,22.031549151526946,0.0,538.3542853026081,0.0,399.0,0.0,265.6514822953063,0.0,16.137868067921094,0.0,19.974984355438178,0.0,13.527543063816273,0.0,480.9691106785781,0.0,554.5551411571462,0.0,345.5384972102936,0.0,4.044293703035212,0.0,46.57598021752687,0.0,8518.083151981808,0.0,3418.947859926777,0.0,16.137868078550532,0.0,15.347695820597623,0.0,12.283192384894804,0.0
Bxhmh,612.6039215686274,0.0,23.158505362537586,0.0,600.2846192242965,0.0,449.0,0.0,313.6096003128746,0.0,17.6776467242802,0.0,21.18962010041709,0.0,15.130919257064459,0.0,602.2344143551053,0.0,402.18325201370607,0.0,339.51703365135563,0.0,3.322407963099361,0.0,32.843732583357166,0.0,4374.402434782447,0.0,536.0630285629585,0.0,17.67764672069905,0.0,17.016291913188958,0.0,13.898372698466098,0.0
Bäche,562.313725490196,0.0,22.203465825314336,0.0,443.5136321766913,0.0,232.0,0.0,144.46079031735167,0.0,13.244388793644553,0.0,15.231546211727817,0.0,9.62678327187416,0.0,327.93106688121,0.0,107.8087920268862,0.0,76.54869606294011,0.0,4.196096829281144,0.0,11.302344959730293,0.0,1642.971290543684,0.0,706.8087087975869,0.0,13.244388809691788,0.0,12.37161149948922,0.0,8.29237989068989,0.0
Bärte,508.73333333333335,0.0,21.195244764218884,0.0,467.5480391299199,0.0,290.0,0.0,181.63994915786276,0.0,14.00045233973334,0.0,17.029386365926403,0.0,10.82683966929997,0.0,326.1769660025618,0.0,116.83778627512596,0.0,83.68218459219084,0.0,7.485865702723207,0.0,10.137837980804843,0.0,3237.771686524268,0.0,917.5464973034875,0.0,14.000452363332661,0.0,13.557008248443747,0.0,9.565485242476495,0.0
Böhme,627.721568627451,0.0,23.496486440488468,0.0,545.6323101438977,0.0,350.0,0.0,241.29569059712065,0.0,16.198145981131535,0.0,18.708286933869708,0.0,13.222394455142116,0.0,580.6962903548743,0.0,370.20155394740993,0.0,312.23016381748977,0.0,2.3881890282124023,0.0,13.741311940099717,0.0,1982.127985315115,0.0,814.5749320381501,0.0,16.1981459782712,0.0,15.758732794775913,0.0,12.08223272743898,0.0
Bölls,470.53333333333336,0.0,20.27231375826198,0.0,482.9375811561605,0.0,296.0,0.0,190.55546818850007,0.0,14.464443257421912,0.0,17.204650534085253,0.0,11.262381323830537,0.0,331.8006720550573,0.0,120.62617787887078,0.0,91.06187122688489,0.0,10.099610241220057,0.0,12.739866027222046,0.0,2458.5233057534824,0.0,2579.491451170701,0.0,14.464443360959914,0.0,13.8317726569595,0.0,10.03617773724184,0.0
Börse,513.6392156862745,0.0,21.25524925553762,0.0,449.0475531792625,0.0,246.0,0.0,151.6686807974873,0.0,13.351612094402771,0.0,15.684387141358123,0.0,9.804499079324513,0.0,323.6677696697618,0.0,106.0969550886364,0.0,75.22576637093661,0.0,5.933213942106962,0.0,12.583600197783705,0.0,1734.194578512251,0.0,891.638600184698,0.0,13.351612105766918,0.0,12.375892023543235,0.0,8.572170970313522,0.0
Börön,528.9411764705883,0.0,21.51489063488685,0.0,467.7803729452581,0.0,280.0,0.0,175.68881387215004,0.0,13.956937947289676,0.0,16.73320053068151,0.0,10.672314028573476,0.0,337.94917803126344,0.0,150.17051823789544,0.0,122.20490534906088,0.0,5.18313410930416,0.0,34.85659236025506,0.0,1826.7154487777843,0.0,1830.633112572908,0.0,13.956937974603838,0.0,13.317892632113812,0.0,9.505285640576513,0.0
Bücke,552.9882352941177,0.0,22.030523022313343,0.0,469.1239563553526,0.0,268.0,0.0,172.7127209977684,0.0,14.080929412651557,0.0,16.3707055437449,0.0,10.728015381439668,0.0,341.5307229167341,0.0,123.77837286795149,0.0,92.36467796545992,0.0,3.741325506040018,0.0,11.122953551913197,0.0,7108.300379983487,0.0,2142.918802257782,0.0,14.080929413399144,0.0,12.955988679380663,0.0,9.410897319625725,0.0
Bühne,571.6784313725491,0.0,22.400128384319295,0.0,456.18891181702236,0.0,264.0,0.0,165.40629248637595,0.0,13.680203749982871,0.0,16.24807680927192,0.0,10.334106558116474,0.0,331.91708205610814,0.0,107.79748177121166,0.0,79.28550515743733,0.0,4.000455558861327,0.0,11.066120580956136,0.0,5911.854674425472,0.0,2167.310503032037,0.0,13.680203765770967,0.0,13.170967296527863,0.0,9.071924145083496,0.0
Bürde,543.3058823529411,0.0,21.910933264920335,0.0,469.1485557848364,0.0,282.0,0.0,177.02605642379422,0.0,13.997877907215369,0.0,16.792855623746664,0.0,10.709411490130567,0.0,332.1361668906814,0.0,144.36827594296767,0.0,106.10492671190367,0.0,4.526682684492007,0.0,10.957416755656427,0.0,5846.311027403252,0.0,2218.306332380758,0.0,13.997877928779705,0.0,13.489551551720895,0.0,9.475229433575672,0.0
Büros,504.9294117647059,0.0,21.011637719280472,0.0,454.85923657889293,0.0,265.0,0.0,164.03776006422154,0.0,13.572503332516472,0.0,16.278820596099706,0.0,10.213782888041894,0.0,323.7366278068051,0.0,105.67096508865208,0.0,75.4127873205721,0.0,6.44561484465476,0.0,11.251724512537498,0.0,5924.193075564159,0.0,2313.6159165922427,0.0,13.572503351076316,0.0,12.7674249861944,0.0,8.954423327961267,0.0
Büste,531.1686274509804,0.0,21.632569746051033,0.0,462.35591417215943,0.0,268.0,0.0,169.69648582029248,0.0,13.861737046187848,0.0,16.3707055437449,0.0,10.532109125611427,0.0,326.92014375912197,0.0,114.40142737821479,0.0,85.08015764464766,0.0,5.83368678508259,0.0,10.63123810335005,0.0,6422.0521625726005,0.0,2157.101679442863,0.0,13.861737065295886,0.0,13.042965058126008,0.0,9.264117839159677,0.0
Cache,493.01176470588234,0.0,20.645840606111168,0.0,432.56358200352963,0.0,183.0,0.0,112.63143910350425,0.0,12.684466055257513,0.0,13.527749258468683,0.0,8.437048030812004,0.0,324.73665117233537,0.0,85.30042039879127,0.0,57.481405825267316,0.0,3.70802193064748,0.0,9.73015571544589,0.0,1250.2246047976803,0.0,425.432140214319,0.0,12.68446606195189,0.0,10.133415320844213,0.0,6.879653938784539,0.0
Cahpa,543.5137254901961,0.0,21.63686745035441,0.0,453.35188968422534,0.0,222.0,0.0,141.9578483689861,0.0,13.469619336546382,0.0,14.89966442575134,0.0,9.704570474288307,0.0,960.5331702620689,0.0,192.35466592701428,0.0,175.23575348720195,0.0,4.779064604252635,0.0,12.56056028202364,0.0,1698.092725644564,0.0,966.5074568676109,0.0,13.469619343779236,0.0,11.62908625511839,0.0,8.225165170927884,0.0
Ccvjr,390.7098039215686,0.0,18.379446672218727,0.0,528.1736464824762,0.0,339.0,0.0,224.57227422506077,0.0,15.569527142593154,0.0,18.411952639521967,0.0,12.424419003827042,0.0,2969.3946624216132,0.0,498.35001726803256,0.0,435.42807342985793,0.0,5.348755488047309,0.0,20.714824311658216,0.0,10307.490933689265,0.0,6102.27394758206,0.0,15.56952716272671,0.0,13.666024873452235,0.0,11.058877290423666,0.0
Cdkvw,551.2392156862745,0.0,21.874844449383787,0.0,577.827624570955,0.0,403.0,0.0,280.6462690893871,0.0,17.0540582470653,0.0,20.074859899884732,0.0,14.276604949831825,0.0,1369.3462132615612,0.0,2049.730839008654,0.0,1317.7114141816337,0.0,5.1470813072619634,0.0,35.373195804687874,0.0,5101.624631198555,0.0,952.1691939154584,0.0,17.054058248590955,0.0,15.806783805534472,0.0,13.063313083044763,0.0
Cechu,481.3019607843138,0.0,20.42548483154351,0.0,449.03368308744183,0.0,217.0,0.0,135.41336475802814,0.0,13.235015272377513,0.0,14.730919862656235,0.0,9.320174887585724,0.0,325.96947976157503,0.0,93.38528681379412,0.0,63.43647309612495,0.0,3.0802089997422546,0.0,13.18531021959297,0.0,1283.562142582606,0.0,307.41220260081434,0.0,13.235015278880512,0.0,10.733297909475871,0.0,7.899345744928961,0.0
Cents,461.9294117647059,0.0,20.020861092688634,0.0,445.4497254627502,0.0,218.0,0.0,135.11062864827485,0.0,13.144097940249072,0.0,14.7648230602334,0.0,9.27656960368197,0.0,322.17828122031204,0.0,90.74534322688831,0.0,63.113674478923755,0.0,2.8637282184651647,0.0,9.034808819070943,0.0,2982.7285261730053,0.0,568.520409598792,0.0,13.144097945883194,0.0,10.934278047726355,0.0,7.856998555300454,0.0
Cgkvz,515.9960784313726,0.0,21.24657423140375,0.0,536.5899537034651,0.0,335.0,0.0,227.29062216435858,0.0,15.848259149647804,0.0,18.303005217723125,0.0,12.68179322818774,0.0,4351.472948789155,0.0,2135.6030476229002,0.0,1614.8023039424968,0.0,5.437481048572793,0.0,28.621467315617817,0.0,4301.898266191377,0.0,950.5045295965156,0.0,15.848259144521872,0.0,13.895597423530106,0.0,11.374276481183067,0.0
Cgpqv,558.164705882353,0.0,22.03921777963845,0.0,514.1607681897002,0.0,277.0,0.0,189.27038102442435,0.0,15.162703795244951,0.0,16.64331697709324,0.0,11.662773490703849,0.0,11497.374712497014,0.0,13013.925511237516,0.0,10721.584634320661,0.0,4.836887158048915,0.0,73.03245692538417,0.0,1233.4098016526661,0.0,959.3880837193028,0.0,15.162703808580494,0.0,13.009207724026197,0.0,10.401540640900631,0.0
Chaos,502.26666666666665,0.0,20.764621081498415,0.0,445.2690615989188,0.0,212.0,0.0,132.87360171257694,0.0,13.164222460615786,0.0,14.560219778561036,0.0,9.273729698277023,0.0,359.47012126133836,0.0,101.77648171119567,0.0,75.36456124553213,0.0,2.891097950337859,0.0,10.025911615174707,0.0,1826.2218538078184,0.0,792.5202338285218,0.0,13.164222465466796,0.0,10.974197607354215,0.0,7.762707464416303,0.0
Chaot,487.93725490196084,0.0,20.5085854247573,0.0,465.3902875050808,0.0,246.0,0.0,156.68751708889295,0.0,13.802849877040249,0.0,15.684387141358123,0.0,10.155510227238272,0.0,361.1946891312919,0.0,109.09936434050387,0.0,80.94001469358508,0.0,3.9565207431389187,0.0,10.368980603431083,0.0,1885.6609900590859,0.0,796.4222261458499,0.0,13.802849881231833,0.0,11.724981950292934,0.0,8.670184294962697,0.0
Check,499.1372549019608,0.0,20.774807296910364,0.0,482.25635483832195,0.0,248.0,0.0,164.60193899972725,0.0,14.32023700354439,0.0,15.748015748023622,0.0,10.659469036831032,0.0,400.12541138448773,0.0,135.37445960054674,0.0,105.90121930746197,0.0,3.2065381353503133,0.0,11.417394632923983,0.0,977.3388120744864,0.0,366.4493815558657,0.0,14.320237000572774,0.0,11.921066341984213,0.0,9.214057175061638,0.0
Chefs,479.6470588235294,0.0,20.4090812121625,0.0,476.8574276005557,0.0,258.0,0.0,167.37683080580655,0.0,14.161060464791927,0.0,16.06237840420901,0.0,10.608313498144634,0.0,370.66038061980737,0.0,147.42697508398913,0.0,118.57461530898574,0.0,3.6066347378966097,0.0,11.855776305669458,0.0,1729.8710123550063,0.0,1284.3998362256057,0.0,14.161060497966123,0.0,12.536500418923076,0.0,9.268729509539169,0.0
Chile,421.7803921568628,0.0,19.11271087606127,0.0,488.91707139683774,0.0,278.0,0.0,179.56710150073513,0.0,14.459566182759424,0.0,16.673332000533065,0.0,10.954485979566567,0.0,364.3797164669866,0.0,114.0232092293267,0.0,87.58469194166923,0.0,5.1977803745612094,0.0,9.306697356721044,0.0,1979.8653808744466,0.0,2431.9444005188725,0.0,14.459566278837167,0.0,12.8022256439041,0.0,9.571292557503151,0.0
Chlbr,443.46274509803925,0.0,19.564750686753786,0.0,500.8994862611303,0.0,296.0,0.0,193.83331669471235,0.0,14.832086056428675,0.0,17.204650534085253,0.0,11.463601956763508,0.0,369.38406860097797,0.0,126.08461926589261,0.0,95.5442186707396,0.0,5.098559648476245,0.0,12.524627198698965,0.0,2105.275336527117,0.0,866.9744819305891,0.0,14.832086047896402,0.0,13.18436283852899,0.0,10.123161783861274,0.0
Chlor,419.4745098039216,0.0,18.99801887726858,0.0,487.2950514682295,0.0,278.0,0.0,178.63532842408256,0.0,14.388777538737363,0.0,16.673332000533065,0.0,10.891692386861056,0.0,363.35976320591556,0.0,113.83224634948843,0.0,86.07781901463444,0.0,6.089804856919933,0.0,10.908535191744953,0.0,2373.3597071797844,0.0,1039.1402627497803,0.0,14.388777533303708,0.0,12.524614430549063,0.0,9.524581240589477,0.0
Choke,522.4352941176471,0.0,21.263306709589337,0.0,474.05520694499387,0.0,242.0,0.0,157.52461469584756,0.0,14.030398463719006,0.0,15.556349186104045,0.0,10.318888707727691,0.0,375.29258353086385,0.0,118.47127005568152,0.0,91.02566563119305,0.0,3.6205903424249106,0.0,10.340987460008725,0.0,4316.832286925158,0.0,339.05522396660706,0.0,14.030398452671024,0.0,11.909519734485352,0.0,8.910443638035792,0.0
Chphr,496.0666666666666,0.0,20.688643670669887,0.0,495.29639662356027,0.0,275.0,0.0,181.60400459020113,0.0,14.67294762176274,0.0,16.583123951777,0.0,11.167358206270903,0.0,1045.769257909311,0.0,212.52776588667268,0.0,195.32976518770465,0.0,6.048584274410105,0.0,14.341441267024996,0.0,1440.6123579187333,0.0,394.8099620356263,0.0,14.672947622335197,0.0,12.740706010842883,0.0,9.802004355125009,0.0
Chqrb,507.33333333333337,0.0,20.97476266786997,0.0,497.4936178022948,0.0,278.0,0.0,183.05903039721693,0.0,14.701941883430868,0.0,16.673332000533065,0.0,11.208157960865053,0.0,6424.819002621708,0.0,7755.027220547592,0.0,6414.61747484077,0.0,4.268047569822845,0.0,51.48310086275763,0.0,1951.0439564232754,0.0,541.9422748032775,0.0,14.701941868584248,0.0,13.052688816934833,0.0,9.90849289751826,0.0
Chrom,510.23137254901957,0.0,21.007310933315125,0.0,567.6165147749239,0.0,361.0,0.0,250.93562054337966,0.0,16.606021632985577,0.0,19.0,0.0,13.549105556249065,0.0,870.9863890015331,0.0,655.0296043439538,0.0,524.5186210086069,0.0,8.097707129708601,0.0,11.866691848170591,0.0,1849.6172914833137,0.0,936.9743054198112,0.0,16.60602163486501,0.0,14.975936773908282,0.0,12.307183750942873,0.0
Chscr,427.7803921568627,0.0,19.162515472428588,0.0,465.2565980709492,0.0,236.0,0.0,150.1899660537823,0.0,13.713856886028148,0.0,15.362291495737216,0.0,9.931776009229536,0.0,360.61740696389177,0.0,110.09699163448394,0.0,81.5078187912864,0.0,7.8875928476624075,0.0,12.332592296952694,0.0,905.2396249467481,0.0,330.25764334067776,0.0,13.713856883675508,0.0,11.163597082677803,0.0,8.491341908558079,0.0
Chsth,484.0588235294117,0.0,20.41827550566267,0.0,487.2260354968681,0.0,271.0,0.0,177.99858588873377,0.0,14.483230348565554,0.0,16.46207763315433,0.0,11.022648519771836,0.0,375.5994356415585,0.0,124.15625502945849,0.0,97.71717419834648,0.0,3.140161780920544,0.0,11.988897036757326,0.0,3072.6816332046133,0.0,400.2008033872039,0.0,14.483230350654322,0.0,12.453557911582136,0.0,9.660746002763252,0.0
Chstr,429.1294117647059,0.0,19.239964654534266,0.0,488.37643765405727,0.0,279.0,0.0,181.14057439264747,0.0,14.472408738311115,0.0,16.703293088490067,0.0,11.026595087407745,0.0,363.4274926720332,0.0,118.93518636262546,0.0,90.2311241716526,0.0,7.752637397641047,0.0,11.27555815661945,0.0,3075.397038389674,0.0,415.90361609582607,0.0,14.472408740062649,0.0,12.451847618206761,0.0,9.661268566164194,0.0
Chthr,449.91372549019604,0.0,19.709954510477058,0.0,498.2814733241734,0.0,298.0,0.0,194.4239119285192,0.0,14.78290143090913,0.0,17.26267650163207,0.0,11.459106997474976,0.0,367.8412933348606,0.0,121.86894349339681,0.0,93.09497180829345,0.0,5.439508768853551,0.0,12.318704563337572,0.0,2789.347529902898,0.0,1219.5989093501444,0.0,14.782901430015205,0.0,13.021678551714942,0.0,10.109565376096073,0.0
Chtsm,522.4274509803922,0.0,21.264275843381228,0.0,573.5188059302101,0.0,366.0,0.0,258.16138639166627,0.0,16.837553027623088,0.0,19.131126469708992,0.0,13.836964611947552,0.0,872.3064865301506,0.0,656.6841962021269,0.0,526.2311763557011,0.0,7.437014435344639,0.0,12.728752600666931,0.0,2732.7703794669314,0.0,1225.5671207786095,0.0,16.837553021594665,0.0,15.082784959164432,0.0,12.576875576276686,0.0
Chöre,481.45098039215685,0.0,20.44891272235118,0.0,475.5199610278888,0.0,253.0,0.0,162.21764174132596,0.0,14.034149753500124,0.0,15.905973720586866,0.0,10.392572096816968,0.0,367.95689773235915,0.0,136.1860081873579,0.0,109.45961411648636,0.0,3.987250781287561,0.0,19.583456014324863,0.0,1981.576150440083,0.0,534.0496740462717,0.0,14.034149736421217,0.0,12.394429374666633,0.0,9.10214364967749,0.0
Cjknp,508.90588235294115,0.0,20.960009523639652,0.0,534.3032369837094,0.0,333.0,0.0,227.76304373555917,0.0,15.851699359097458,0.0,18.24828759089466,0.0,12.763424250723647,0.0,22384.565985493944,0.0,3012.242515926732,0.0,2881.8602912207957,0.0,6.44714722992673,0.0,36.972684157487215,0.0,2882.3068795941854,0.0,2313.364232994078,0.0,15.851699361765757,0.0,14.235234808007489,0.0,11.454749783470206,0.0
Cknpv,509.2235294117647,0.0,20.971355943010156,0.0,515.4580077223782,0.0,316.0,0.0,211.36881407798876,0.0,15.308293096547159,0.0,17.776388834631177,0.0,12.129637399487633,0.0,1019.333324663498,0.0,245.1316902770032,0.0,216.15406763731107,0.0,3.585633501349037,0.0,33.816315627523124,0.0,5182.9526507714045,0.0,985.3201199254878,0.0,15.308293104962976,0.0,13.33557388026078,0.0,10.799402544198589,0.0
Ckscr,430.1647058823529,0.0,19.215775910155084,0.0,487.0131170655649,0.0,275.0,0.0,179.18444546220215,0.0,14.424310181986701,0.0,16.583123951777,0.0,10.990949071686575,0.0,471.7990250271012,0.0,166.04955984313037,0.0,133.44865729612647,0.0,8.208866172228356,0.0,17.206696750918773,0.0,4942.015698428511,0.0,339.2862239068956,0.0,14.42431018614151,0.0,11.98450248054649,0.0,9.598681013404839,0.0
Ckspr,477.66666666666663,0.0,20.291819894549466,0.0,505.39437511685605,0.0,296.0,0.0,197.2929340750385,0.0,14.989453717504372,0.0,17.204650534085253,0.0,11.692165442245999,0.0,1018.2900505812675,0.0,236.77862666992576,0.0,211.13824400353707,0.0,5.122121756613747,0.0,18.167756353937975,0.0,5183.030601373669,0.0,912.8326912688393,0.0,14.989453726457416,0.0,12.93010408424552,0.0,10.346139877059258,0.0
Ckstr,431.51372549019607,0.0,19.2930112866281,0.0,510.132956648673,0.0,318.0,0.0,210.13505380106733,0.0,15.147325447895003,0.0,17.832554500127006,0.0,11.989436434651351,0.0,473.95036474407624,0.0,172.03687776824523,0.0,138.94846303326287,0.0,8.06823278600164,0.0,16.51118572731218,0.0,5746.979174535693,0.0,423.0597482995762,0.0,15.147325455559667,0.0,13.192835519293423,0.0,10.64762415256254,0.0
Ckthr,452.2980392156863,0.0,19.761739584442115,0.0,520.0379923187891,0.0,337.0,0.0,223.418391336939,0.0,15.444255509790002,0.0,18.35755975068582,0.0,12.388378424090888,0.0,477.34329668847874,0.0,174.07799443160656,0.0,140.82504530804448,0.0,5.721107023701113,0.0,17.17869622040799,0.0,5603.10253376829,0.0,1222.1887907572489,0.0,15.444255514326326,0.0,13.731952239422373,0.0,11.055998455779505,0.0
Claps,474.08235294117645,0.0,20.199674912972565,0.0,477.5595612893037,0.0,263.0,0.0,170.91449635579883,0.0,14.192580947385736,0.0,16.217274740226856,0.0,10.734490009927631,0.0,960.6017839393577,0.0,199.18418578897678,0.0,180.4583168947919,0.0,6.31591831716095,0.0,11.863875562443535,0.0,4184.1456539133615,0.0,1766.4591655575248,0.0,14.192580951416229,0.0,12.643944181828642,0.0,9.312628834320419,0.0
Clips,418.77647058823527,0.0,18.98270444511924,0.0,492.8278341832748,0.0,282.0,0.0,183.84017969710862,0.0,14.575052172278578,0.0,16.792855623746664,0.0,11.150142469409927,0.0,960.5751768375771,0.0,198.63993656310797,0.0,180.34957354641043,0.0,6.902195631011258,0.0,11.945790808757891,0.0,4359.335663765234,0.0,1815.6567039334632,0.0,14.575052167054984,0.0,12.996559587218206,0.0,9.788001157043356,0.0
Cmmfs,563.1254901960784,0.0,22.130222054499786,0.0,662.6529821726609,0.0,480.0,0.0,348.94383350400807,0.0,18.980078831737092,0.0,21.908902300206645,0.0,16.322140776739666,0.0,1413.2638106895263,0.0,1135.9897772964273,0.0,940.6831681140021,0.0,6.164627853645769,0.0,16.090120174657834,0.0,4878.333384933836,0.0,1805.3182940892193,0.0,18.98007886954432,0.0,17.99340295649143,0.0,15.11537552149735,0.0
Codex,512.5254901960785,0.0,21.137384407912045,0.0,470.0848487343486,0.0,234.0,0.0,151.1439113796159,0.0,13.872766655338276,0.0,15.297058540778355,0.0,10.063671939484935,0.0,340.3385977287095,0.0,168.35260240990834,0.0,127.89889043460106,0.0,3.968728998381519,0.0,20.181262023844624,0.0,1285.8808666187358,0.0,709.6376728031889,0.0,13.87276666591771,0.0,11.47751802122092,0.0,8.732696107332547,0.0
Comic,469.6509803921569,0.0,20.129766253663835,0.0,540.5739284813744,0.0,315.0,0.0,217.0471696333159,0.0,15.86275110876176,0.0,17.74823934929885,0.0,12.518076222214866,0.0,490.67446214070594,0.0,303.44742362131535,0.0,252.63868875534553,0.0,6.227470396506302,0.0,19.73796822941542,0.0,4553.724748993401,0.0,5040.283257254933,0.0,15.862751197374031,0.0,13.933499561525556,0.0,11.233890613580737,0.0
Cover,436.3529411764706,0.0,19.486926778313716,0.0,469.3675526303599,0.0,245.0,0.0,155.61396031774626,0.0,13.826740269699421,0.0,15.652475842498529,0.0,10.082568536942606,0.0,326.7234859022163,0.0,117.7052562148933,0.0,85.31537004418037,0.0,4.712545815395148,0.0,12.514350930938209,0.0,2094.675216381218,0.0,698.3973682103774,0.0,13.826740278916736,0.0,11.391688171535556,0.0,8.702185077303273,0.0
Cptck,481.8039215686274,0.0,20.397856669487556,0.0,496.1551247810821,0.0,265.0,0.0,178.2004113341602,0.0,14.730706984234962,0.0,16.278820596099706,0.0,11.191379015610577,0.0,1321.528422171711,0.0,311.94982023451627,0.0,294.84572513985336,0.0,3.8372373142982203,0.0,15.01096774182346,0.0,2596.610595515154,0.0,1302.767217691767,0.0,14.730706984119333,0.0,12.117591808857018,0.0,9.727720416443574,0.0
Cqchp,526.0156862745098,0.0,21.329422219335623,0.0,471.1673039087033,0.0,223.0,0.0,147.22652882340927,0.0,13.918815668457107,0.0,14.933184523068078,0.0,10.09851518073135,0.0,5201.942731163579,0.0,5326.27440777804,0.0,4466.605946457681,0.0,5.008382670173065,0.0,42.51231791205187,0.0,1592.6392993149193,0.0,904.9478718147734,0.0,13.918815672962866,0.0,11.611599705386944,0.0,8.760157717924878,0.0
Crash,460.5019607843137,0.0,19.8935135168762,0.0,477.88750919841243,0.0,281.0,0.0,180.700110638254,0.0,14.254169752393176,0.0,16.76305461424021,0.0,10.944510963821006,0.0,338.2290478332955,0.0,114.56163912158851,0.0,84.0479183934276,0.0,6.816035831950768,0.0,11.347314849227242,0.0,3113.6421280063996,0.0,665.5709882891216,0.0,14.254169759306551,0.0,12.594109450259664,0.0,9.5261962890914,0.0
Crdcr,404.80392156862746,0.0,18.720294936835447,0.0,485.2519697897533,0.0,278.0,0.0,177.084702245871,0.0,14.291131176840086,0.0,16.673332000533065,0.0,10.780731633083645,0.0,333.2373417056735,0.0,148.318333517597,0.0,107.19154868651145,0.0,6.021753950299766,0.0,12.613435374119543,0.0,2960.0068535260148,0.0,713.1640014158487,0.0,14.291131186013592,0.0,12.457959959489099,0.0,9.408621083875968,0.0
Creme,509.91372549019604,0.0,21.148068098853038,0.0,556.1792483803073,0.0,352.0,0.0,242.8832925944415,0.0,16.327041934395545,0.0,18.76166303929372,0.0,13.244091253810709,0.0,575.5562307597754,0.0,367.2425088128451,0.0,309.4352581087249,0.0,9.130648069553864,0.0,10.15661286589791,0.0,3255.515657980424,0.0,744.4132886810813,0.0,16.327041929193786,0.0,15.185491115448828,0.0,11.998627630815799,0.0
Crjnc,404.0901960784314,0.0,18.655731267143615,0.0,502.3953525072006,0.0,300.0,0.0,196.5011391451867,0.0,14.867775343636087,0.0,17.320508075688775,0.0,11.568280000398321,0.0,5804.143173393002,0.0,956.1569510615947,0.0,879.2851626735974,0.0,4.0730127900748,0.0,26.534085880947185,0.0,4003.868743810508,0.0,1053.6459376139692,0.0,14.867775356301587,0.0,13.059088894229562,0.0,10.234078042119044,0.0
Crvwx,464.0627450980392,0.0,20.07729240029328,0.0,591.393663944451,0.0,443.0,0.0,304.4839210883374,0.0,17.363633268144802,0.0,21.047565179849187,0.0,14.737172166578686,0.0,627.3104950883134,0.0,775.8095992973366,0.0,533.8672038197142,0.0,7.634887725234745,0.0,27.7536093869948,0.0,3512.4064461957037,0.0,841.8560112457229,0.0,17.36363326931301,0.0,16.11914092410633,0.0,13.46440563156904,0.0
Crêpe,505.1725490196079,0.0,21.022283631266927,0.0,488.2359016846169,0.0,265.0,0.0,174.4440992073498,0.0,14.453901361158698,0.0,16.278820596099706,0.0,10.938026405141173,0.0,3486.991128314203,0.0,3655.622191919898,0.0,3350.4802913099215,0.0,7.413147634518821,0.0,107.40180211232604,0.0,4334.8561967089645,0.0,1898.482504326317,0.0,14.453901370147848,0.0,13.027216134669978,0.0,9.640158606616836,0.0
Curry,404.65098039215684,0.0,18.752659890789445,0.0,515.2812945876458,0.0,335.0,0.0,218.73978568769837,0.0,15.240618653127674,0.0,18.303005217723125,0.0,12.138636238948168,0.0,488.0476585466514,0.0,174.72231164674585,0.0,127.20655885075278,0.0,4.8947563894310555,0.0,9.866963825096175,0.0,3879.537237307849,0.0,722.6273495156528,0.0,15.240618644190853,0.0,13.601221334589665,0.0,10.889000891660364,0.0
Cäsar,473.0901960784314,0.0,20.180771659935733,0.0,461.06725467896854,0.0,248.0,0.0,157.74862542690073,0.0,13.703823407723442,0.0,15.748015748023622,0.0,10.156488813694846,0.0,325.9285757792245,0.0,113.68789080756224,0.0,81.05833966088562,0.0,6.194610045756113,0.0,12.378816263957663,0.0,1264.2472031085658,0.0,798.9732709189211,0.0,13.703823422349801,0.0,11.96280658981596,0.0,8.735139182618974,0.0
Dachs,519.0078431372549,0.0,21.179543350051823,0.0,445.6180379806538,0.0,228.0,0.0,144.02131767587608,0.0,13.285144153345382,0.0,15.0996688705415,0.0,9.660842649856907,0.0,325.5460318479198,0.0,96.1266461600574,0.0,65.23245962093964,0.0,3.994157504207218,0.0,9.324203741339593,0.0,1270.1535185234713,0.0,451.07886655701475,0.0,13.285144160793088,0.0,12.026492583961614,0.0,8.322020340038867,0.0
Dackt,507.0627450980392,0.0,20.97736133505153,0.0,483.10037514087037,0.0,286.0,0.0,187.36615121247524,0.0,14.481157605956067,0.0,16.911534525287763,0.0,11.24216710920448,0.0,340.3322628993653,0.0,119.98700107221764,0.0,86.20795409629719,0.0,5.779575295131464,0.0,9.135241865917537,0.0,4308.826186186116,0.0,477.9773938798698,0.0,14.481157602873896,0.0,13.148735542494586,0.0,9.890316256302489,0.0
Dampf,592.878431372549,0.0,22.761697120924065,0.0,579.2333787893599,0.0,400.0,0.0,280.20670313440763,0.0,17.07665553719437,0.0,20.0,0.0,14.335040124482935,0.0,1040.8776808207672,0.0,399.070984604005,0.0,345.76084770909466,0.0,4.713747294624026,0.0,14.946294585840757,0.0,2915.9512213326525,0.0,1337.6636599562182,0.0,17.07665554329786,0.0,16.616777288116428,0.0,13.139616917614141,0.0
Daten,519.0117647058823,0.0,21.302165813792822,0.0,458.1389623332484,0.0,267.0,0.0,167.69628478458117,0.0,13.683958801943232,0.0,16.34013463836819,0.0,10.3924241327011,0.0,323.5172975614509,0.0,102.64177387637434,0.0,70.94754307502123,0.0,3.7195890170420145,0.0,8.047304823900799,0.0,2675.8517208305716,0.0,1370.8252615914098,0.0,13.683958810069344,0.0,12.925848248687437,0.0,9.086087575544838,0.0
Datum,564.0588235294117,0.0,22.198393491130883,0.0,568.2611601407247,0.0,393.0,0.0,272.8495752005639,0.0,16.810757115061826,0.0,19.82422760159901,0.0,14.079831269911185,0.0,856.8282577070535,0.0,655.096226015532,0.0,523.9387910850342,0.0,4.923250378579319,0.0,11.769312310112955,0.0,4951.4472362605275,0.0,1350.6548420101635,0.0,16.810757118718698,0.0,16.14316122393379,0.0,12.880996143426986,0.0
Dbhsr,515.1058823529412,0.0,21.154940398591858,0.0,489.10898296856976,0.0,299.0,0.0,194.6695326262777,0.0,14.6156246335934,0.0,17.291616465790582,0.0,11.435150795351099,0.0,370.23632163535007,0.0,129.45786534864365,0.0,95.99054320753297,0.0,10.291037582498346,0.0,17.40695641777814,0.0,1010.2427712766229,0.0,345.10575108612176,0.0,14.615624631550595,0.0,13.792704129692885,0.0,10.182772644539465,0.0
Deals,496.3411764705882,0.0,20.799341588964054,0.0,466.2005660561829,0.0,276.0,0.0,175.89290731601866,0.0,13.976529858318134,0.0,16.61324772583615,0.0,10.724424928338552,0.0,326.11543033335715,0.0,106.59215468261081,0.0,75.19655777514453,0.0,7.1176260835130565,0.0,8.795669947295607,0.0,1388.2356376237872,0.0,2403.534144672569,0.0,13.976529941489902,0.0,13.263484766683954,0.0,9.405505316207684,0.0
Debüt,549.8431372549019,0.0,21.97321706893016,0.0,487.1792322562821,0.0,290.0,0.0,189.7511692490835,0.0,14.582886890130245,0.0,17.029386365926403,0.0,11.326739855760854,0.0,344.84386700229516,0.0,150.62533340818732,0.0,120.91094743071241,0.0,4.859410918333149,0.0,29.25025613232169,0.0,7680.537777680284,0.0,3820.819916177063,0.0,14.582886908163427,0.0,13.64244689117212,0.0,10.098491395795739,0.0
Decht,501.6784313725491,0.0,20.943119539728634,0.0,467.8782807672974,0.0,262.0,0.0,167.47179136198264,0.0,13.946541698356853,0.0,16.186414056238647,0.0,10.489586843804888,0.0,327.3367178266195,0.0,103.34152496841206,0.0,71.2885453347182,0.0,5.842741648296871,0.0,9.475049731514105,0.0,1285.8606458968368,0.0,350.3425774113558,0.0,13.946541705392882,0.0,12.622329966130081,0.0,9.189872809673686,0.0
Decke,532.435294117647,0.0,21.60653958560424,0.0,464.19657896226425,0.0,249.0,0.0,160.29274264512907,0.0,13.839132720756464,0.0,15.7797338380595,0.0,10.307658311939237,0.0,338.22401625769265,0.0,112.01844050983266,0.0,79.81589853509217,0.0,3.19289652150956,0.0,9.088921537334395,0.0,4260.098043454677,0.0,366.041030244499,0.0,13.839132716971593,0.0,12.423179733225938,0.0,8.993426104783424,0.0
Degen,575.5803921568627,0.0,22.49030069893782,0.0,468.9843109809743,0.0,260.0,0.0,165.81872959839149,0.0,13.920629199612646,0.0,16.1245154965971,0.0,10.465421161297401,0.0,983.3130395912037,0.0,257.21432374215306,0.0,184.27817188209505,0.0,3.4507475316370373,0.0,8.642722342286474,0.0,1029.4637510252926,0.0,659.1073357757356,0.0,13.920629210737788,0.0,13.106710341790153,0.0,9.239674365982433,0.0
Deiot,465.9294117647059,0.0,20.20317332069561,0.0,472.2887407994422,0.0,279.0,0.0,175.96863808597533,0.0,14.037061776755529,0.0,16.703293088490067,0.0,10.666129363834282,0.0,322.2174179889335,0.0,98.13656608168294,0.0,65.65957871124264,0.0,7.145565217778043,0.0,9.360557461698718,0.0,2133.9741386063374,0.0,920.9413026194441,0.0,14.037061778388281,0.0,12.977848726632445,0.0,9.374239271748374,0.0
Dekan,556.5098039215686,0.0,22.015898627754062,0.0,478.5886538326283,0.0,299.0,0.0,192.9180371229935,0.0,14.39200635450211,0.0,17.291616465790582,0.0,11.30844595052616,0.0,357.78094951893627,0.0,126.49076628835788,0.0,93.17382067828336,0.0,3.112947996098688,0.0,10.724412354115682,0.0,1913.3513614494611,0.0,608.2192715334411,0.0,14.392006357859442,0.0,13.555993645093608,0.0,9.97198767782089,0.0
Dekor,507.54509803921565,0.0,21.055584517402345,0.0,486.9852485758537,0.0,300.0,0.0,193.82851516601738,0.0,14.544827486538422,0.0,17.320508075688775,0.0,11.34719211693598,0.0,357.1688245678162,0.0,125.37463385622817,0.0,92.40171911101082,0.0,8.999924379611812,0.0,11.63571834783483,0.0,2401.456880617764,0.0,867.6965871107948,0.0,14.54482749659586,0.0,13.519039159109523,0.0,10.083070054114438,0.0
Delle,461.7372549019608,0.0,20.15957218381311,0.0,485.648474650117,0.0,298.0,0.0,191.43512944675734,0.0,14.474531661332048,0.0,17.26267650163207,0.0,11.251741799592361,0.0,329.08772968959425,0.0,110.38903569375047,0.0,80.75449064049033,0.0,7.825888572359072,0.0,8.148326545032987,0.0,2050.4701351653134,0.0,2492.881206576598,0.0,14.474531758843892,0.0,13.856155426547815,0.0,10.004883293909273,0.0
Delta,482.01176470588234,0.0,20.54373865684552,0.0,482.7050730641302,0.0,305.0,0.0,195.56982371638173,0.0,14.461367967385302,0.0,17.46424919657298,0.0,11.355814010317099,0.0,327.94943402613956,0.0,113.74309531648062,0.0,81.55267736634067,0.0,6.049679245852573,0.0,9.07288577663822,0.0,3404.7532757538415,0.0,819.2047930820129,0.0,14.461367972614843,0.0,13.788248297539003,0.0,10.067424043613428,0.0
Demut,561.0588235294117,0.0,22.21209773207749,0.0,558.6276822057664,0.0,380.0,0.0,260.76966727903664,0.0,16.516377200244367,0.0,19.493588689617926,0.0,13.6639079126503,0.0,491.37324816094787,0.0,306.09236645931605,0.0,254.29671179955125,0.0,5.601102229496578,0.0,10.448946185207712,0.0,4903.839506308071,0.0,1072.335573345302,0.0,16.516377206116907,0.0,15.777889291700582,0.0,12.4610483992139,0.0
Depot,536.0156862745098,0.0,21.675194134160744,0.0,469.30053775337353,0.0,254.0,0.0,163.114892252063,0.0,13.949682908175706,0.0,15.937377450509228,0.0,10.408490610291034,0.0,1031.4018177152511,0.0,203.78137870524466,0.0,187.170369851177,0.0,5.9712057685955084,0.0,12.130370791365559,0.0,1711.1882409206194,0.0,848.0318837836726,0.0,13.94968291939431,0.0,12.642587978183126,0.0,9.111667538862847,0.0
Deven,522.3568627450979,0.0,21.439455268605425,0.0,470.9008283288814,0.0,279.0,0.0,177.14073254531434,0.0,14.041600513458102,0.0,16.703293088490067,0.0,10.7438437668447,0.0,326.97780457285654,0.0,122.84834520408758,0.0,88.15002697715731,0.0,3.6235819111398273,0.0,11.92704511033619,0.0,2037.1632391486683,0.0,650.2922403736796,0.0,14.041600523092562,0.0,12.991689069448407,0.0,9.463136424362697,0.0
Deves,516.9607843137254,0.0,21.32430640910265,0.0,462.2935893279532,0.0,258.0,0.0,163.8955712107254,0.0,13.781375485941657,0.0,16.06237840420901,0.0,10.34514904589291,0.0,326.2323953564532,0.0,120.24803224271177,0.0,86.69606181984626,0.0,4.157072958531968,0.0,12.039368366360064,0.0,2032.795508203403,0.0,642.7037308378766,0.0,13.781375495649518,0.0,12.60111474307107,0.0,9.07358312691161,0.0
Devon,515.9333333333333,0.0,21.237404345387613,0.0,471.39447666390413,0.0,276.0,0.0,175.17393499959667,0.0,14.034867903051051,0.0,16.61324772583615,0.0,10.680549557281608,0.0,327.1581111021332,0.0,122.31193146068375,0.0,87.80668857713161,0.0,4.016939963963572,0.0,12.538026629835269,0.0,2366.802591137086,0.0,828.1088369679748,0.0,14.03486791245961,0.0,12.809730189030624,0.0,9.389556545754333,0.0
Dffnp,510.07843137254895,0.0,21.123156562779663,0.0,525.7099315415079,0.0,365.0,0.0,242.23835013490992,0.0,15.71128115309308,0.0,19.1049731745428,0.0,12.919582839120917,0.0,2767.126093906897,0.0,784.318654688392,0.0,741.7716078662387,0.0,4.969969267292531,0.0,26.98437095622873,0.0,2739.78578703322,0.0,1659.736875980512,0.0,15.711281130853543,0.0,15.554820073696822,0.0,11.717525829855617,0.0
Dfkqw,587.5764705882353,0.0,22.66878068708797,0.0,599.5362257088991,0.0,465.0,0.0,322.5657669803989,0.0,17.68742781920058,0.0,21.563858652847824,0.0,15.26149562395669,0.0,10692.300276354688,0.0,13004.603881337523,0.0,10685.821532624956,0.0,5.773783587809871,0.0,71.84126647748427,0.0,2437.9695470753945,0.0,1489.0212332123167,0.0,17.687427804872293,0.0,17.729204127947487,0.0,14.10956518545381,0.0
Dgrks,531.121568627451,0.0,21.484463955724408,0.0,511.2311433820307,0.0,324.0,0.0,216.31579245292716,0.0,15.250863940346491,0.0,18.0,0.0,12.255018862733685,0.0,4349.249721230595,0.0,2132.802181956128,0.0,1612.286354274994,0.0,5.313128164406263,0.0,21.297676919163667,0.0,4386.527838169525,0.0,999.926206031156,0.0,15.250863935587155,0.0,14.385708242993543,0.0,11.0662832400969,0.0
Dhndy,565.7803921568627,0.0,22.219321994520755,0.0,520.2093611970193,0.0,339.0,0.0,226.25241062744732,0.0,15.506378079184334,0.0,18.411952639521967,0.0,12.512834284369351,0.0,518.9828189511703,0.0,205.54274196120087,0.0,154.27495777282599,0.0,2.7389199020419173,0.0,11.076926597194317,0.0,1473.9368622415768,0.0,582.3830297941628,0.0,15.506378091807091,0.0,14.876837147658957,0.0,11.320115863677339,0.0
Dhpwz,595.5019607843137,0.0,22.877135685614327,0.0,566.5704649036581,0.0,401.0,0.0,274.6301615318507,0.0,16.735005736979726,0.0,20.024984394500787,0.0,14.007987180997372,0.0,1170.7409866270864,0.0,789.6723689516066,0.0,556.2933161462023,0.0,3.0755296865489115,0.0,24.048664158749485,0.0,1102.193385729145,0.0,639.3405199176656,0.0,16.735005728327426,0.0,16.349940389568587,0.0,12.806371202297386,0.0
Dhshn,543.8235294117646,0.0,21.68724849778884,0.0,481.6912197824619,0.0,289.0,0.0,187.6718688945263,0.0,14.419325622238736,0.0,17.0,0.0,11.2122121678009,0.0,365.75562742067905,0.0,117.26140300712586,0.0,87.92558018244243,0.0,3.4682251911033783,0.0,12.095408674793505,0.0,1386.1828178747778,0.0,303.84996234259836,0.0,14.419325622777459,0.0,13.540315325771662,0.0,9.948118881455933,0.0
Diebe,518.2901960784313,0.0,21.35900776278089,0.0,479.85800497786295,0.0,285.0,0.0,182.74622946545423,0.0,14.272176969579128,0.0,16.881943016134134,0.0,10.96829152347897,0.0,327.9600070789194,0.0,109.83779738492315,0.0,75.21995609933057,0.0,4.664247872326236,0.0,10.173935423281861,0.0,4939.388609056128,0.0,2563.2371002959744,0.0,14.272176961884586,0.0,13.977292503971897,0.0,9.730829642703736,0.0
Diech,477.7450980392157,0.0,20.408481022720633,0.0,486.42101234860104,0.0,300.0,0.0,192.8944020474081,0.0,14.479859918465364,0.0,17.320508075688775,0.0,11.291138423045656,0.0,336.40721433210894,0.0,113.64602656731064,0.0,80.85519797806766,0.0,4.074215355792277,0.0,9.789324348430458,0.0,4835.0747589099265,0.0,2529.317112603856,0.0,14.47985990895221,0.0,13.853339224073668,0.0,10.014122322412467,0.0
Diele,455.07843137254895,0.0,20.01363664286013,0.0,495.5548942418359,0.0,317.0,0.0,204.21210914249357,0.0,14.740087004255901,0.0,17.804493814764857,0.0,11.61868810934245,0.0,326.89818215490754,0.0,110.37932897451704,0.0,78.19405638492759,0.0,4.825924259139957,0.0,8.66851674251965,0.0,4970.460461146117,0.0,3468.3983486644606,0.0,14.740087077698774,0.0,14.559606620298904,0.0,10.368598589608963,0.0
Dildo,466.5647058823529,0.0,20.156465243658186,0.0,504.7323854465232,0.0,331.0,0.0,213.61908021016114,0.0,14.975003694822965,0.0,18.193405398660254,0.0,11.91840557097447,0.0,334.11451849747186,0.0,145.19456050093987,0.0,105.45223085383269,0.0,6.253671758424972,0.0,10.227114197481528,0.0,5220.305617588512,0.0,2627.6691233452534,0.0,14.975003690377813,0.0,14.720559926259138,0.0,10.675429153124465,0.0
Dinar,446.89019607843136,0.0,19.688412898468787,0.0,492.1792377453122,0.0,335.0,0.0,213.04797343309656,0.0,14.687605282723693,0.0,18.303005217723125,0.0,11.762820561806024,0.0,323.33471185131725,0.0,108.9435324327209,0.0,72.48916123284657,0.0,5.878365459933956,0.0,9.134931086654296,0.0,4842.227963090169,0.0,2575.840026168866,0.0,14.6876052780817,0.0,14.48201866180168,0.0,10.4455813233376,0.0
Dinau,486.3686274509804,0.0,20.543008400818362,0.0,483.9322406733661,0.0,325.0,0.0,205.97383619706295,0.0,14.478782909092255,0.0,18.027756377319946,0.0,11.551627806869023,0.0,323.3530313668612,0.0,107.90249025501305,0.0,71.80968041553507,0.0,4.257424377851082,0.0,11.84739854943699,0.0,4867.320717975097,0.0,2573.199591672898,0.0,14.478782903317645,0.0,14.291326129476426,0.0,10.250417617210113,0.0
Dirne,443.89019607843136,0.0,19.70386293427946,0.0,484.4144635931529,0.0,314.0,0.0,197.74775713102153,0.0,14.386734078925883,0.0,17.72004514666935,0.0,11.286307041308621,0.0,322.0927098419715,0.0,102.45839343624434,0.0,67.70251243849013,0.0,6.16521879153733,0.0,8.38285340661615,0.0,5093.180049511995,0.0,2590.9470021124253,0.0,14.386734075551633,0.0,14.03355238325924,0.0,10.03564357897061,0.0
Divir,378.2039215686275,0.0,18.158126411792065,0.0,538.7278281796494,0.0,395.0,0.0,258.5311226266382,0.0,15.957794336320548,0.0,19.87460691435179,0.0,13.172557499881215,0.0,330.5125407256493,0.0,138.73510987362582,0.0,99.88450393969157,0.0,12.130234429416351,0.0,12.772081676752803,0.0,6413.008008342419,0.0,5551.831592950323,0.0,15.95779440341291,0.0,15.499724461093672,0.0,11.875391510721142,0.0
Diwan,528.3176470588236,0.0,21.41694651081199,0.0,546.4607831129997,0.0,408.0,0.0,272.20965588929994,0.0,16.267751855225654,0.0,20.199009876724155,0.0,13.705501132429909,0.0,419.38124902553164,0.0,353.7123554812804,0.0,267.9279267693967,0.0,3.8381673961730556,0.0,12.862805122297924,0.0,4975.83923868641,0.0,2581.6990152940766,0.0,16.26775184696138,0.0,16.381017483515198,0.0,12.43086573588641,0.0
Djmkn,576.2745098039215,0.0,22.40224147076055,0.0,627.0991274158165,0.0,476.0,0.0,336.9790840524821,0.0,18.273145067418437,0.0,21.817424229271428,0.0,15.779853361715002,0.0,22222.985363560234,0.0,2970.857121295667,0.0,2835.2673181154096,0.0,3.948339156648056,0.0,33.32379337014648,0.0,5110.458752469931,0.0,2451.583884615063,0.0,18.273145060795944,0.0,17.822143360377684,0.0,14.554585251557906,0.0
Dkrhs,506.66666666666663,0.0,20.95311255631893,0.0,508.28183765851657,0.0,341.0,0.0,224.08566282606108,0.0,15.211977581147162,0.0,18.466185312619388,0.0,12.339157009075437,0.0,475.2428471653664,0.0,170.9345522236635,0.0,137.0118393608617,0.0,5.175916449332487,0.0,16.249311850169185,0.0,5076.764889949362,0.0,591.8830152794662,0.0,15.211977586977122,0.0,14.47793215209857,0.0,11.117643946504854,0.0
Dlbls,465.25882352941176,0.0,20.100332341681796,0.0,510.95737494017743,0.0,331.0,0.0,218.76807237285612,0.0,15.241010946793352,0.0,18.193405398660254,0.0,12.213032536658012,0.0,343.6982305073342,0.0,127.29344345323796,0.0,96.83360164571383,0.0,5.101770081584649,0.0,11.543225161144418,0.0,4020.4114100063257,0.0,2831.9706756054734,0.0,15.2410110138219,0.0,14.843562677912198,0.0,10.965705912061575,0.0
Dlhnl,459.83137254901953,0.0,19.960083581058985,0.0,522.7538183920227,0.0,366.0,0.0,240.81298361353123,0.0,15.590412034959096,0.0,19.131126469708992,0.0,12.79693099660344,0.0,349.65608637472224,0.0,138.17334712619711,0.0,108.31941392979664,0.0,6.6857543170315115,0.0,11.988456033471875,0.0,4198.191407822748,0.0,1586.024400855705,0.0,15.590412032291308,0.0,15.317787291001924,0.0,11.588464374489838,0.0
Dljng,507.5882352941176,0.0,21.02339774144883,0.0,550.8501378261037,0.0,385.0,0.0,260.13432307399376,0.0,16.308038367613158,0.0,19.621416870348583,0.0,13.539255057400798,0.0,7794.462215102946,0.0,1067.655555604892,0.0,944.9377059310864,0.0,7.449868709231133,0.0,20.671853342048966,0.0,4695.773214078338,0.0,1749.261169335963,0.0,16.308038366011,0.0,16.065135423161664,0.0,12.352783025428767,0.0
Dlvqn,494.9333333333334,0.0,20.783455402180856,0.0,523.8459105871369,0.0,357.0,0.0,235.63980026793317,0.0,15.576677395865227,0.0,18.894443627691185,0.0,12.676098814294916,0.0,10603.589085786365,0.0,12837.503506398518,0.0,10598.757844634712,0.0,4.751094071418078,0.0,63.94934129146486,0.0,4240.697364488348,0.0,1592.8020952473694,0.0,15.576677400800591,0.0,15.023782929203398,0.0,11.420924511309103,0.0
Dmltl,478.4745098039215,0.0,20.44937109454091,0.0,627.7676751043347,0.0,488.0,0.0,341.7294350930822,0.0,18.265946724839225,0.0,22.090722034374522,0.0,15.82120490358405,0.0,1365.4120126722398,0.0,1098.5915145011888,0.0,908.0422866145975,0.0,13.567500898814105,0.0,15.13721813917106,0.0,5277.962150260994,0.0,1217.8282851619972,0.0,18.265946731581753,0.0,17.892351851767284,0.0,14.65649112554201,0.0
Dmmkr,604.1882352941177,0.0,22.975332374780606,0.0,698.4346851784196,0.0,558.0,0.0,404.1675642945485,0.0,19.859781651246063,0.0,23.62202362203543,0.0,17.490396965836485,0.0,1414.9911791813481,0.0,1134.366065804298,0.0,938.6396483708362,0.0,9.137235221437358,0.0,15.357446363447941,0.0,6289.062392988589,0.0,1327.4341150039766,0.0,19.8597816524772,0.0,19.498713977325462,0.0,16.281291422921885,0.0
Dmnkm,643.7294117647059,0.0,23.689950695114316,0.0,692.2305148881352,0.0,541.0,0.0,394.6388112134016,0.0,19.748324888378733,0.0,23.259406699226016,0.0,17.36507466689576,0.0,1578.9601024525207,0.0,1272.6628164616207,0.0,1043.6888929465806,0.0,3.7223514381264233,0.0,15.77830869972583,0.0,5841.599927229275,0.0,1037.877271323494,0.0,19.74832488844793,0.0,19.342495125629007,0.0,16.178492474439114,0.0
Docht,495.2549019607843,0.0,20.736232955151692,0.0,465.4286187714516,0.0,250.0,0.0,160.36055446060843,0.0,13.848694937832995,0.0,15.811388300841896,0.0,10.28480023398699,0.0,327.3105926000826,0.0,101.30697374312355,0.0,70.23471593153369,0.0,5.490428531721815,0.0,9.472228361774189,0.0,1392.5041633981334,0.0,453.1286068650381,0.0,13.848694944147129,0.0,12.324615999940981,0.0,8.997466273204818,0.0
Dogma,625.913725490196,0.0,23.35010568716321,0.0,565.2581473495695,0.0,364.0,0.0,255.11840351572323,0.0,16.653966669984296,0.0,19.078784028338912,0.0,13.690493803941656,0.0,1093.1593625699709,0.0,438.5451681144772,0.0,354.6803894418965,0.0,4.074144069975406,0.0,10.687959056285651,0.0,1550.3995289351703,0.0,593.8508406342761,0.0,16.653966658845512,0.0,16.000456696659096,0.0,12.514962521103849,0.0
Dogmo,616.4901960784314,0.0,23.177859020818282,0.0,563.7870644154772,0.0,355.0,0.0,248.33106121811832,0.0,16.549019400027806,0.0,18.841443681416774,0.0,13.50887711164887,0.0,1092.965133033023,0.0,437.63263435505854,0.0,354.13349059785264,0.0,3.9375067180074814,0.0,11.215538947083859,0.0,1541.4847255504344,0.0,593.9340202265159,0.0,16.549019388893836,0.0,15.827593272898369,0.0,12.375279893119714,0.0
Dohle,507.7019607843137,0.0,21.045293787899297,0.0,472.85609651086315,0.0,267.0,0.0,171.684422305358,0.0,14.088597398908654,0.0,16.34013463836819,0.0,10.665520710378303,0.0,333.77790469777534,0.0,104.9971734075352,0.0,76.92587839326512,0.0,5.4841648208621425,0.0,9.356727625754814,0.0,1369.893900001335,0.0,2417.4836059634317,0.0,14.088597487645808,0.0,13.303680590700896,0.0,9.440876119900352,0.0
Dompf,583.4549019607842,0.0,22.584963338733107,0.0,578.9227336739958,0.0,388.0,0.0,272.7320245428239,0.0,17.02003375162507,0.0,19.697715603592208,0.0,14.170613432714353,0.0,1040.8340483622258,0.0,398.4171212558848,0.0,345.4804429420445,0.0,4.644581578221691,0.0,15.08301502795687,0.0,2933.7625591696005,0.0,1335.9148087043893,0.0,17.020033757456517,0.0,16.31976514939087,0.0,13.016736956254395,0.0
Dosis,466.21568627450984,0.0,20.07781823512357,0.0,458.1778641156391,0.0,244.0,0.0,154.94946078860175,0.0,13.621652517001024,0.0,15.620499351813308,0.0,10.038193842626214,0.0,321.53175495707416,0.0,93.98164746221701,0.0,63.89245773900497,0.0,7.882520456552131,0.0,9.128628139451342,0.0,3894.254568164959,0.0,4957.098349812979,0.0,13.621652604873168,0.0,12.338660667997994,0.0,8.762537093407737,0.0
Draht,486.21176470588233,0.0,20.56996911454458,0.0,502.0565212245334,0.0,344.0,0.0,223.43873745456534,0.0,15.071248056320197,0.0,18.547236990991408,0.0,12.211905587673128,0.0,330.7873981234085,0.0,119.35233017812115,0.0,83.89909942967756,0.0,4.362504455501058,0.0,10.13690807131294,0.0,3228.567517342983,0.0,682.6513915061622,0.0,15.071248066728424,0.0,14.65515301007183,0.0,10.903086985241126,0.0
Drama,555.9529411764706,0.0,21.999152757094727,0.0,572.6816132944296,0.0,422.0,0.0,289.91267948698146,0.0,16.97117975904293,0.0,20.54263858417414,0.0,14.399491323332708,0.0,576.9804468179623,0.0,372.1416319090636,0.0,312.0853397783165,0.0,5.730975912789706,0.0,9.826397119527442,0.0,3313.6141796872625,0.0,757.5569308635695,0.0,16.971179753805078,0.0,16.84757344022132,0.0,13.124249017815915,0.0
Drang,530.392156862745,0.0,21.474741115069268,0.0,502.13060665784917,0.0,336.0,0.0,218.82337194522609,0.0,15.02677615928466,0.0,18.33030277982336,0.0,12.136635963196515,0.0,5212.106589325665,0.0,485.6104318021212,0.0,351.6537642461892,0.0,6.635759734204572,0.0,10.858971406604622,0.0,3389.526609210875,0.0,767.010866328563,0.0,15.026776172143908,0.0,14.81190024878958,0.0,10.881316928016817,0.0
Drbtt,465.6627450980392,0.0,20.20125271618928,0.0,516.9099946653489,0.0,350.0,0.0,230.39599266528415,0.0,15.430094378116323,0.0,18.708286933869708,0.0,12.502991046658373,0.0,337.04656872937124,0.0,128.0801046228284,0.0,93.39222470377932,0.0,5.90697708754796,0.0,10.795677457731,0.0,4209.340296099209,0.0,735.2880201084773,0.0,15.430094389041372,0.0,14.792756571553285,0.0,11.240533753090373,0.0
Dreck,484.2470588235294,0.0,20.56215079623643,0.0,502.8318175034862,0.0,318.0,0.0,210.01814707511915,0.0,15.035749141485336,0.0,17.832554500127006,0.0,11.960123788765769,0.0,367.84383627566,0.0,138.25530111885283,0.0,103.09705257194477,0.0,3.9793805689303237,0.0,10.707267583050909,0.0,2994.807406264264,0.0,705.7281757018119,0.0,15.035749150504094,0.0,14.11286782880659,0.0,10.654803998490465,0.0
Driet,424.16470588235296,0.0,19.306750208515016,0.0,500.7403747291934,0.0,338.0,0.0,216.9962060513123,0.0,14.923640605968272,0.0,18.384776310850235,0.0,11.958558032919544,0.0,324.8096128187641,0.0,112.27620917159707,0.0,77.37181150700889,0.0,6.108259742266812,0.0,8.849208789340194,0.0,3408.0055319672892,0.0,954.7004873839594,0.0,14.92364061360931,0.0,14.4316475595296,0.0,10.689489423475923,0.0
Drink,453.01568627450985,0.0,19.823609316958485,0.0,524.4886035737012,0.0,367.0,0.0,242.48595923366292,0.0,15.67244980075713,0.0,19.157244060668017,0.0,12.846870530123164,0.0,368.4644423997656,0.0,139.40829598472524,0.0,104.20243334772258,0.0,6.953973550626505,0.0,10.740197411925418,0.0,3617.6137574757026,0.0,872.0914358786496,0.0,15.67244980855079,0.0,15.0498715472269,0.0,11.542771790638291,0.0
Drlds,463.06274509803916,0.0,20.088331275668075,0.0,501.4249263698124,0.0,327.0,0.0,212.61243127992162,0.0,14.956493312818251,0.0,18.083141320025124,0.0,11.938495902200144,0.0,334.8313048244421,0.0,148.47671234266508,0.0,108.72829060291778,0.0,5.398867181492839,0.0,10.309921030095897,0.0,3568.4664216588044,0.0,1002.9209189943208,0.0,14.956493326722994,0.0,14.52034548192355,0.0,10.711533547885193,0.0
Droge,529.6156862745098,0.0,21.537011409160115,0.0,489.2428604019676,0.0,292.0,0.0,188.68260886718411,0.0,14.503936952512575,0.0,17.08800749063506,0.0,11.235811474267425,0.0,635.2201046137054,0.0,263.02422846193787,0.0,188.95107239419454,0.0,5.351817193044351,0.0,9.952646270216512,0.0,3034.229413903387,0.0,705.2097285670046,0.0,14.5039369727255,0.0,14.003489690572897,0.0,10.024443348064286,0.0
Drrch,433.6745098039215,0.0,19.40921155719156,0.0,498.1229964612914,0.0,332.0,0.0,213.12866148296445,0.0,14.836592379243488,0.0,18.2208671582886,0.0,11.864308410787936,0.0,338.0312689148593,0.0,121.7712242807191,0.0,87.1492161293649,0.0,6.809485239360456,0.0,10.299651729814732,0.0,3011.0711212676797,0.0,849.2947656396884,0.0,14.836592386556045,0.0,14.106508548448822,0.0,10.608721745766042,0.0
Drrgr,439.66274509803924,0.0,19.605732435415522,0.0,528.5977086731816,0.0,375.0,0.0,244.60972175765608,0.0,15.648788554621541,0.0,19.364916731037084,0.0,12.83240099072598,0.0,636.3231680785307,0.0,268.9562241456207,0.0,192.97869247510837,0.0,6.838987642211449,0.0,11.05847363814231,0.0,3070.3739162143224,0.0,857.9333737320659,0.0,15.648788574403985,0.0,15.313041421420056,0.0,11.62802724447262,0.0
Druck,475.5372549019608,0.0,20.32592260059926,0.0,505.09730094119686,0.0,330.0,0.0,216.69711946015394,0.0,15.112837703139814,0.0,18.16590212458495,0.0,12.113193880669229,0.0,367.80544514637205,0.0,138.43532914153084,0.0,103.00173296923089,0.0,4.3914516255399905,0.0,11.067757655843838,0.0,3331.3657354449456,0.0,697.8545570765934,0.0,15.112837711238715,0.0,14.165667980733923,0.0,10.814255778961927,0.0
Drxtt,436.14509803921567,0.0,19.559696574942215,0.0,536.7284528998371,0.0,393.0,0.0,260.20366838713437,0.0,16.013920511941325,0.0,19.82422760159901,0.0,13.318467869951322,0.0,337.9069168560959,0.0,157.95770445824664,0.0,119.03901764370724,0.0,6.248890954445817,0.0,17.485211191845288,0.0,4413.854418512055,0.0,729.4179132449868,0.0,16.01392052244298,0.0,15.37305708133313,0.0,12.063173347266439,0.0
Dsckz,503.10196078431375,0.0,20.982543778254872,0.0,494.5414505790063,0.0,305.0,0.0,199.26331938776718,0.0,14.743288819197861,0.0,17.46424919657298,0.0,11.58277023026686,0.0,345.68714957376363,0.0,142.61694954385825,0.0,105.99046121718526,0.0,3.906680508055016,0.0,18.270559891517312,0.0,4346.396656924696,0.0,423.4087097712886,0.0,14.743288817319375,0.0,13.379227910166993,0.0,10.262214560997656,0.0
Dsßqn,580.1058823529412,0.0,22.44351207232761,0.0,503.10347712875597,0.0,317.0,0.0,210.25457776496978,0.0,15.04522731323235,0.0,17.804493814764857,0.0,12.0266866754459,0.0,10608.386654279282,0.0,12847.721450848276,0.0,10603.100379223446,0.0,3.028065603707912,0.0,66.09017057354342,0.0,6595.690436955949,0.0,3414.6961524925146,0.0,15.045227336145134,0.0,14.399911389377085,0.0,10.82211585931534,0.0
Dtvzs,473.2980392156863,0.0,20.434853115149977,0.0,513.8685819949529,0.0,343.0,0.0,225.25928598016043,0.0,15.321326397971584,0.0,18.520259177452136,0.0,12.353361311331298,0.0,337.8881079465104,0.0,155.45191212292124,0.0,118.54182623674069,0.0,4.198844335679115,0.0,16.477417397878025,0.0,2510.2300132477,0.0,1020.7177705428684,0.0,15.321326398244857,0.0,14.34868604398151,0.0,11.04412816541342,0.0
Duell,453.02745098039213,0.0,19.918570100103988,0.0,507.9482055161315,0.0,337.0,0.0,220.90592900969332,0.0,15.174263034631382,0.0,18.35755975068582,0.0,12.217477701947693,0.0,338.4028900849162,0.0,131.63184710527676,0.0,101.43763304832383,0.0,11.790230521002101,0.0,10.2573638047285,0.0,3692.458715875744,0.0,2407.084582997375,0.0,15.174263122396905,0.0,14.657020491321457,0.0,11.017295282981026,0.0
Duett,487.5764705882353,0.0,20.718116557981602,0.0,485.7291801962666,0.0,304.0,0.0,196.14676224439552,0.0,14.534762039698512,0.0,17.435595774162696,0.0,11.401440627517685,0.0,325.67826649249446,0.0,111.51602109908457,0.0,78.37514279933916,0.0,7.542216121875493,0.0,9.356211456106802,0.0,4545.061413669852,0.0,482.8555458204057,0.0,14.534762046988938,0.0,13.78227099477381,0.0,10.155515202972897,0.0
Dusst,487.8627450980392,0.0,20.595895867058204,0.0,467.00179491269796,0.0,269.0,0.0,172.33068967942336,0.0,13.971947875815014,0.0,16.401219466856727,0.0,10.641359276883227,0.0,323.83928993347,0.0,104.02366205278658,0.0,72.43719095228589,0.0,6.46460274002607,0.0,9.070417849132834,0.0,3550.359998243901,0.0,320.4433614327757,0.0,13.971947876815054,0.0,12.698103122896114,0.0,9.366171743412494,0.0
Dxmls,526.4980392156863,0.0,21.421878312474103,0.0,602.201260418435,0.0,444.0,0.0,311.48724195128136,0.0,17.674419770207887,0.0,21.071307505705477,0.0,15.084759893905625,0.0,511.6027359117713,0.0,346.01076207716284,0.0,289.08932096105565,0.0,5.889904589408207,0.0,32.087626009042644,0.0,4914.306879875863,0.0,2580.4400548368667,0.0,17.674419851173383,0.0,16.890417505068456,0.0,13.87048001150195,0.0
Dxxfh,509.82352941176475,0.0,21.107641593529756,0.0,561.0824088606654,0.0,422.0,0.0,286.31026877376763,0.0,16.727623767459406,0.0,20.54263858417414,0.0,14.16635443949315,0.0,381.4676874491668,0.0,241.06426264036696,0.0,196.79149689701237,0.0,4.359383974092524,0.0,35.721977984672236,0.0,4608.949575130864,0.0,1310.4924497625857,0.0,16.727623804589225,0.0,15.880147340427998,0.0,12.938744086839408,0.0
Dzvrr,419.3372549019608,0.0,19.26923191856015,0.0,532.8961235443355,0.0,383.0,0.0,250.2711964883934,0.0,15.785766636154166,0.0,19.570385790780925,0.0,12.960080777613594,0.0,338.54255081788745,0.0,164.99023503237677,0.0,124.98565506892707,0.0,13.260154624038567,0.0,23.975645561450964,0.0,2787.721171574109,0.0,610.654447034551,0.0,15.785766631181765,0.0,14.89643520657417,0.0,11.672480026226902,0.0
Dzzmn,558.9137254901962,0.0,22.284763243484257,0.0,590.7711376528563,0.0,430.0,0.0,296.0334220154687,0.0,17.27664914966566,0.0,20.73644135332772,0.0,14.579874407591092,0.0,582.4757558548423,0.0,384.5734928757194,0.0,322.80576198867664,0.0,3.5752212746500445,0.0,24.426256344900892,0.0,1871.8367713219798,0.0,508.5135496861951,0.0,17.27664914365546,0.0,16.656281587314155,0.0,13.31272747953659,0.0
Dämon,602.4,0.0,22.89335723434723,0.0,548.5931905156422,0.0,364.0,0.0,250.3068202908842,0.0,16.27214056892503,0.0,19.078784028338912,0.0,13.416554683578482,0.0,492.903701376705,0.0,310.0979082659612,0.0,257.49802724831596,0.0,4.2982423470651,0.0,12.066287712456322,0.0,3052.7085565250186,0.0,1371.6891916914633,0.0,16.272140586404916,0.0,15.8320051253723,0.0,12.242346327320464,0.0
Dänen,555.0666666666666,0.0,22.00189499370702,0.0,454.2370300232758,0.0,262.0,0.0,164.39504134783107,0.0,13.585406524044961,0.0,16.186414056238647,0.0,10.28698138006391,0.0,324.08017062755897,0.0,110.17034773567009,0.0,77.02604057662815,0.0,4.039780511581229,0.0,10.398848999381453,0.0,1512.2064438360358,0.0,960.3958726093165,0.0,13.585406547074678,0.0,13.182614301292956,0.0,9.046938810417595,0.0
Dänin,502.7607843137255,0.0,20.875607121777477,0.0,478.86768316634596,0.0,303.0,0.0,193.5356356382111,0.0,14.349848685459035,0.0,17.406895185529212,0.0,11.260333403812988,0.0,325.58271982487855,0.0,116.23648402073812,0.0,81.90293236785476,0.0,7.959657844753638,0.0,11.145788117870115,0.0,4012.176911491121,0.0,5005.692789146543,0.0,14.349848775260009,0.0,14.019097807801357,0.0,10.003454824634481,0.0
Därme,569.2823529411764,0.0,22.346830606132432,0.0,562.6710760728049,0.0,387.0,0.0,266.4592221701909,0.0,16.62505223018916,0.0,19.672315572906,0.0,13.853998307470134,0.0,576.9890016628631,0.0,372.61280743369684,0.0,313.06244439467514,0.0,3.621777831624949,0.0,11.395919536745208,0.0,1889.2682206988566,0.0,933.8752874521305,0.0,16.62505222881543,0.0,16.368608962644426,0.0,12.707044165276018,0.0
Döhnö,570.9372549019607,0.0,22.262653914646773,0.0,477.77576936469484,0.0,277.0,0.0,179.964785816347,0.0,14.290130945075571,0.0,16.64331697709324,0.0,11.0134710788164,0.0,364.8728080662301,0.0,195.5436726317392,0.0,170.3812794456133,0.0,2.6699924463683344,0.0,76.87575978085407,0.0,2152.9832985783064,0.0,829.3260032795955,0.0,14.290045201568,0.0,13.818436937627965,0.0,9.916194661709056,0.0
Döltö,498.8235294117647,0.0,20.8570182321154,0.0,504.72098816256363,0.0,320.0,0.0,210.96898629629413,0.0,15.073652604897871,0.0,17.88854381999832,0.0,12.018195136217752,0.0,363.3073595624807,0.0,203.192286416391,0.0,176.28703294011288,0.0,5.837327045135863,0.0,76.80274257754691,0.0,3690.437203175371,0.0,1057.9942607527223,0.0,15.073571315986513,0.0,14.592568283230612,0.0,10.909186099918088,0.0
Döner,506.10196078431375,0.0,21.040801431386782,0.0,466.97564002943426,0.0,270.0,0.0,170.99865450160462,0.0,13.900518672102994,0.0,16.431676725154983,0.0,10.544946517276069,0.0,324.38217104387707,0.0,112.07121388270521,0.0,78.91909960489762,0.0,8.936886465398555,0.0,12.722851426391328,0.0,1689.832680518103,0.0,985.8645945781768,0.0,13.900518692766035,0.0,13.237296502933612,0.0,9.376912658317439,0.0
Dürre,464.2745098039216,0.0,20.191425315862272,0.0,489.6491762167207,0.0,318.0,0.0,203.1711777913861,0.0,14.596941950625267,0.0,17.832554500127006,0.0,11.552120136803882,0.0,326.31064541016065,0.0,119.85424287900925,0.0,86.1491244967195,0.0,8.177797468658676,0.0,11.043962641937249,0.0,5989.478479706428,0.0,2240.0501424027007,0.0,14.596941948848212,0.0,14.130880658556114,0.0,10.385494547426505,0.0
Ebene,538.2352941176471,0.0,21.888959576151922,0.0,450.1637631415084,0.0,226.0,0.0,140.50125132723025,0.0,13.251261820389995,0.0,15.033296378372908,0.0,9.469063106534902,0.0,359.6231123589476,0.0,108.73725519489024,0.0,78.47178626727349,0.0,2.3804902849669025,0.0,15.584333010582663,0.0,1662.4283974075406,0.0,482.2989849525414,0.0,13.251261824502237,0.0,12.253893888465868,0.0,8.202129739384077,0.0
Ecken,500.0745098039215,0.0,21.011175144880834,0.0,471.96703254479974,0.0,278.0,0.0,175.60478197402674,0.0,13.99719990900977,0.0,16.673332000533065,0.0,10.676202853571894,0.0,356.8845282311638,0.0,123.21670475654227,0.0,90.45869049896177,0.0,2.7044461385188208,0.0,15.443098049650246,0.0,2365.516882075997,0.0,681.3489535131373,0.0,13.997199921091196,0.0,12.842888771628113,0.0,9.370351494567952,0.0
Eenen,512.0235294117647,0.0,21.33546485891196,0.0,435.78006144282523,0.0,224.0,0.0,134.27157934821207,0.0,12.78824718887019,0.0,14.966629547095765,0.0,9.031818970174543,0.0,318.6951343720075,0.0,79.75053854055594,0.0,49.20306948560589,0.0,1.741295783138083,0.0,9.296189130145924,0.0,1046.5575373505653,0.0,718.5354836661688,0.0,12.788247201119026,0.0,11.71616570412522,0.0,7.751051319081449,0.0
Eiche,454.0313725490196,0.0,20.04558971572386,0.0,468.92603841291583,0.0,260.0,0.0,163.60774639310742,0.0,13.82014840066249,0.0,16.1245154965971,0.0,10.272662332906968,0.0,325.6764275579428,0.0,95.61100819636603,0.0,64.63325721620593,0.0,6.43796656805437,0.0,10.661629405865957,0.0,4952.542197741419,0.0,2517.221196048952,0.0,13.820148392176845,0.0,12.820985229599556,0.0,9.004968964638163,0.0
Eifer,402.7803921568627,0.0,18.98378311955182,0.0,503.13827208777013,0.0,337.0,0.0,214.82404332216703,0.0,14.879189059319744,0.0,18.35755975068582,0.0,11.859477553446304,0.0,343.7747383291773,0.0,170.93330309228534,0.0,138.26225238033183,0.0,5.324651536499079,0.0,13.042701488491675,0.0,5288.282430991869,0.0,2700.9461307072797,0.0,14.879189049213391,0.0,14.543574564403999,0.0,10.646832981892414,0.0
Eiter,400.45098039215685,0.0,18.922742216982737,0.0,495.4178050399588,0.0,322.0,0.0,204.25705674799042,0.0,14.63159002199213,0.0,17.944358444926362,0.0,11.525129804133584,0.0,324.2306879982871,0.0,107.60955435109761,0.0,74.59441181997457,0.0,4.980811688505636,0.0,9.94958838749925,0.0,5483.675503502676,0.0,2831.64568702396,0.0,14.631590018214522,0.0,14.042177108618302,0.0,10.295302435159366,0.0
Ekzem,568.2627450980392,0.0,22.54583609240803,0.0,595.4642683037698,0.0,420.0,0.0,293.20759475866294,0.0,17.368348907539033,0.0,20.493901531919196,0.0,14.652438984384863,0.0,923.3785046742133,0.0,669.1566883079327,0.0,536.9520302425733,0.0,5.901498213772442,0.0,20.074528606603526,0.0,5044.40379764341,0.0,615.0304899830418,0.0,17.368348916475753,0.0,16.553894912210676,0.0,13.466970052477123,0.0
Elend,492.9333333333334,0.0,20.92427606202239,0.0,488.18889672219115,0.0,298.0,0.0,190.58896670731983,0.0,14.442146121360656,0.0,17.26267650163207,0.0,11.203908361788622,0.0,353.74268552049443,0.0,195.1502380570248,0.0,150.94070789188964,0.0,6.600228919773855,0.0,12.667815012952106,0.0,4160.978020133503,0.0,1584.2428733814982,0.0,14.442146124148453,0.0,14.100734111455369,0.0,10.019985549746474,0.0
Elfen,448.98039215686276,0.0,19.98986209800918,0.0,495.61409239752237,0.0,323.0,0.0,206.37639820165688,0.0,14.699048268890483,0.0,17.97220075561143,0.0,11.656531927092734,0.0,350.5449876485122,0.0,174.16732035892394,0.0,143.0997552662513,0.0,5.109395824591683,0.0,13.018642615080989,0.0,4404.099772412864,0.0,1820.5966889205024,0.0,14.69904826433806,0.0,14.368917846071401,0.0,10.4456963882875,0.0
Elite,402.9921568627451,0.0,18.96525688879883,0.0,500.72117650489486,0.0,323.0,0.0,206.9544928565428,0.0,14.805545687247477,0.0,17.97220075561143,0.0,11.683867920629885,0.0,331.5195852981898,0.0,113.67905205325116,0.0,84.01393347620665,0.0,6.350893064664952,0.0,9.725318043593862,0.0,5023.629848193545,0.0,1628.5053504353498,0.0,14.805545687598974,0.0,14.253734985242255,0.0,10.456614069379691,0.0
Elste,441.2549019607843,0.0,19.807991816243955,0.0,485.04418291505203,0.0,290.0,0.0,185.75307600076178,0.0,14.356607115525392,0.0,17.029386365926403,0.0,11.07110061693472,0.0,331.45976095893377,0.0,112.16218711263107,0.0,83.7527614925447,0.0,4.338055952831314,0.0,10.269169646896968,0.0,4838.507854078464,0.0,1562.3162012781647,0.0,14.35660711821828,0.0,13.564940554057078,0.0,9.851351081226179,0.0
Emgab,626.1882352941176,0.0,23.503228569110608,0.0,588.7969083040437,0.0,396.0,0.0,279.02555177612993,0.0,17.201083064350918,0.0,19.8997487421324,0.0,14.37785597211398,0.0,1651.3857679734604,0.0,1122.3572799814194,0.0,922.3163151142503,0.0,3.3616127099761837,0.0,19.55432671269735,0.0,4031.1371548208485,0.0,1043.4884396080056,0.0,17.20108307124475,0.0,16.6905285395413,0.0,13.237402677196954,0.0
Enbel,492.58823529411757,0.0,20.897292639886327,0.0,480.54890708273473,0.0,276.0,0.0,177.15983402546584,0.0,14.224545835182424,0.0,16.61324772583615,0.0,10.84433082452335,0.0,341.1731071012488,0.0,121.57327447997595,0.0,93.59417796269832,0.0,5.320767448821829,0.0,12.657788393928557,0.0,1811.501741392382,0.0,737.1891573075442,0.0,14.224545847217975,0.0,13.14519775110033,0.0,9.631639577559753,0.0
Enden,529.9333333333334,0.0,21.669388525689367,0.0,456.3170316013721,0.0,246.0,0.0,151.90013533888742,0.0,13.425503713399365,0.0,15.684387141358123,0.0,9.808070475223737,0.0,330.29816693121916,0.0,136.44202715993922,0.0,97.8262741037045,0.0,2.9227307717316013,0.0,11.397142515724479,0.0,1646.9105332223558,0.0,760.3304225705064,0.0,13.425503724406388,0.0,12.5040045685516,0.0,8.547353068548308,0.0
Engel,506.2196078431373,0.0,21.182622200182468,0.0,495.4357435319499,0.0,292.0,0.0,189.4645509887973,0.0,14.619659796882274,0.0,17.08800749063506,0.0,11.314525041559774,0.0,987.2050117488707,0.0,266.32533030812533,0.0,194.92308226558592,0.0,5.782764429982817,0.0,12.129113361216048,0.0,1791.841687197103,0.0,767.6845634009392,0.0,14.619659805225526,0.0,13.667218531614253,0.0,10.142690593805227,0.0
Ennus,489.2705882352941,0.0,20.734664339390807,0.0,444.80408589645225,0.0,237.0,0.0,144.83969083040432,0.0,13.123959213187652,0.0,15.394804318340652,0.0,9.488798076492607,0.0,319.9644222175585,0.0,85.14096050860226,0.0,54.621534766882974,0.0,2.057324918860846,0.0,12.063317198142594,0.0,4462.380091538339,0.0,768.9736696171504,0.0,13.123959218457637,0.0,11.977656475011784,0.0,8.204677060002117,0.0
Enten,483.65098039215684,0.0,20.712745074836864,0.0,460.43812096792135,0.0,263.0,0.0,163.09535851082626,0.0,13.605793048019175,0.0,16.217274740226856,0.0,10.177177113420521,0.0,323.3732659699232,0.0,98.41561517073211,0.0,67.89452858224081,0.0,2.3717621323222686,0.0,11.206646359548783,0.0,2939.630578919167,0.0,1390.9421303222903,0.0,13.605793055844982,0.0,12.56393928787299,0.0,8.89993519539122,0.0
Entok,495.0,0.0,20.87632206018284,0.0,490.44323674356406,0.0,289.0,0.0,188.2993428602304,0.0,14.570249919297433,0.0,17.0,0.0,11.265648869476824,0.0,367.9342619473989,0.0,130.23470313824865,0.0,99.31911755905698,0.0,3.2939851728421234,0.0,13.929035767823366,0.0,3194.1228533368476,0.0,1479.9893056136107,0.0,14.570249926258509,0.0,13.191246842063594,0.0,9.965144046950456,0.0
Enuel,466.31372549019613,0.0,20.342223934139977,0.0,473.85857240630446,0.0,283.0,0.0,177.80954130580596,0.0,14.023072773509261,0.0,16.822603841260722,0.0,10.72278514634521,0.0,331.9377843818918,0.0,114.32086286108137,0.0,86.29870636683837,0.0,5.3650273544574585,0.0,12.341424736724868,0.0,2319.9136260708074,0.0,746.9421498434872,0.0,14.023072782038259,0.0,13.086420905708398,0.0,9.529597729584646,0.0
Epfel,475.4078431372549,0.0,20.58253254352877,0.0,505.4983517473127,0.0,315.0,0.0,206.34631969137956,0.0,14.990735309068798,0.0,17.74823934929885,0.0,11.870736182406931,0.0,1317.5012732701803,0.0,335.5238367203757,0.0,315.06884089602437,0.0,7.104833888024998,0.0,16.233722363350907,0.0,2417.505252387844,0.0,1113.7463119004915,0.0,14.990735310130262,0.0,14.153831435853474,0.0,10.677381313794712,0.0
Eptek,527.8509803921569,0.0,21.644624756588364,0.0,500.99806134333693,0.0,293.0,0.0,195.06680903837355,0.0,14.896516138326584,0.0,17.11724276862369,0.0,11.632004512920624,0.0,1321.2694023972604,0.0,311.17555455321417,0.0,294.3051458911037,0.0,3.1471495596734735,0.0,15.278327310572106,0.0,2751.473900936073,0.0,1394.6576213872145,0.0,14.89651614515472,0.0,13.600472451101417,0.0,10.343650101266059,0.0
Erain,423.17647058823536,0.0,19.311995543106832,0.0,490.5322471915895,0.0,327.0,0.0,207.31678082133047,0.0,14.594496850093517,0.0,18.083141320025124,0.0,11.589025753589514,0.0,323.9761498660089,0.0,107.94001872515598,0.0,72.98982278049978,0.0,4.541746072942127,0.0,10.183511978459638,0.0,4878.608348416431,0.0,4985.448985425862,0.0,14.594496935873918,0.0,14.095946055436162,0.0,10.276910019123731,0.0
Erdöl,463.29803921568634,0.0,20.26470237248231,0.0,516.7043457677006,0.0,337.0,0.0,220.39090021801746,0.0,15.276984367215542,0.0,18.35755975068582,0.0,12.235239871398601,0.0,356.9203464948417,0.0,193.17148768523447,0.0,156.81478258958714,0.0,5.40142468283614,0.0,34.05976937577564,0.0,3202.2794159193863,0.0,1744.171820668676,0.0,15.276984392533445,0.0,14.731875273523064,0.0,11.119955715882595,0.0
Ernst,430.0666666666667,0.0,19.494950696342524,0.0,480.40274074112176,0.0,298.0,0.0,188.6569696096444,0.0,14.262307463851224,0.0,17.26267650163207,0.0,11.062699654170592,0.0,323.8423165644728,0.0,104.3145127770365,0.0,72.4171725853228,0.0,3.59263042234762,0.0,10.096067676405294,0.0,3107.1320400779578,0.0,757.4040583601811,0.0,14.262307471393099,0.0,13.320599917658049,0.0,9.816317996417428,0.0
Erron,417.8705882352941,0.0,19.214338087959227,0.0,479.4278595700375,0.0,303.0,0.0,188.5981313284654,0.0,14.145772932199892,0.0,17.406895185529212,0.0,10.950690997755745,0.0,322.5331747833932,0.0,101.17530275513387,0.0,67.375868794055,0.0,5.816116114467569,0.0,10.268203206339667,0.0,3365.4390958241365,0.0,1104.822656495886,0.0,14.145772947105076,0.0,13.356304678375317,0.0,9.727288054631545,0.0
Esaun,500.91764705882355,0.0,20.97642330061862,0.0,453.5820165665772,0.0,263.0,0.0,162.85600868638923,0.0,13.479401317791265,0.0,16.217274740226856,0.0,10.134381168906856,0.0,323.3498920927009,0.0,102.75144619437987,0.0,69.52163486086205,0.0,2.1621688280999876,0.0,14.055662014420122,0.0,4394.706431806206,0.0,617.845489357529,0.0,13.479401324551512,0.0,12.414550601979128,0.0,8.812496844244814,0.0
Esche,492.2941176470588,0.0,20.844693281154086,0.0,445.99005079067734,0.0,220.0,0.0,136.45165965957727,0.0,13.122877180020224,0.0,14.832396974191326,0.0,9.31221611874801,0.0,326.8660518009279,0.0,98.96515167442973,0.0,69.03003043678017,0.0,3.0331467786375734,0.0,13.518937502876664,0.0,1461.7402544928675,0.0,388.0443870607288,0.0,13.122877188413508,0.0,11.54971949255849,0.0,8.025480591697365,0.0
Eschu,483.58431372549023,0.0,20.61170352454584,0.0,460.3211349941078,0.0,254.0,0.0,159.59702700431063,0.0,13.626841057327654,0.0,15.937377450509228,0.0,10.140612580787739,0.0,328.2032180414566,0.0,106.50742560123943,0.0,74.36333225758958,0.0,2.6098087651288853,0.0,15.71081265269051,0.0,1549.6264403065984,0.0,388.35236360031286,0.0,13.62684106539306,0.0,12.176579857085276,0.0,8.899050087795205,0.0
Eslom,508.313725490196,0.0,21.162952838783948,0.0,565.7381568181465,0.0,375.0,0.0,259.03042466221035,0.0,16.58986318064832,0.0,19.364916731037084,0.0,13.701313059271095,0.0,857.4473429258479,0.0,654.8279905872872,0.0,524.0065919178076,0.0,7.713663237025577,0.0,15.141049136364014,0.0,2447.100326907846,0.0,1078.4918806509531,0.0,16.589863181857204,0.0,15.637882846158115,0.0,12.553755703644411,0.0
Essen,492.58431372549023,0.0,20.848525671701182,0.0,443.75869505181055,0.0,231.0,0.0,141.8550999089163,0.0,13.07018395803282,0.0,15.198684153570664,0.0,9.425829612822287,0.0,322.42744345274116,0.0,96.77773175360024,0.0,66.40906839350806,0.0,1.968033096523311,0.0,12.509463567545888,0.0,1334.4817483363508,0.0,642.960460185169,0.0,13.070183970951145,0.0,11.712509100060407,0.0,8.152112798501987,0.0
Essig,480.121568627451,0.0,20.549932998709306,0.0,490.8110916136198,0.0,289.0,0.0,187.42957214729114,0.0,14.516518611501835,0.0,17.0,0.0,11.219072521146593,0.0,5212.087964527101,0.0,484.05846651984734,0.0,351.08868381326494,0.0,4.422302377852344,0.0,14.753936512108018,0.0,3952.2722226301994,0.0,4952.649610586666,0.0,14.51651869909105,0.0,13.517502190919412,0.0,10.020417498024672,0.0
Estar,441.7137254901961,0.0,19.7518893241218,0.0,477.6281261310403,0.0,298.0,0.0,188.30198617107595,0.0,14.18687478630288,0.0,17.26267650163207,0.0,11.038186465908781,0.0,326.68116312413224,0.0,115.43812216542841,0.0,81.8437128807886,0.0,5.628200082312367,0.0,13.404476024768437,0.0,2651.4780733202924,0.0,1308.5916738641802,0.0,14.186874790669593,0.0,13.18008818808901,0.0,9.746310007435769,0.0
Etage,535.1411764705882,0.0,21.795251132617665,0.0,486.7279437923359,0.0,287.0,0.0,185.91718083436675,0.0,14.450372668589305,0.0,16.941074346097416,0.0,11.181119624036667,0.0,637.9332455403235,0.0,267.7675188445578,0.0,195.20551805421488,0.0,5.495323672810063,0.0,12.34029307563574,0.0,1786.7453566423076,0.0,1029.048419273124,0.0,14.450372688254872,0.0,13.67447726026643,0.0,9.908180934959477,0.0
Ethik,464.50588235294117,0.0,20.23692613877731,0.0,531.8679486981566,0.0,358.0,0.0,239.52765424602188,0.0,15.81806107137825,0.0,18.920887928424502,0.0,12.874392512445302,0.0,380.1165636701783,0.0,148.9861063082956,0.0,117.60313451425347,0.0,4.155055309374566,0.0,13.97339578688116,0.0,4146.660841296398,0.0,5036.2611972180475,0.0,15.818061151450426,0.0,14.94813765625201,0.0,11.578991000954614,0.0
Etlas,444.2549019607843,0.0,19.792623063154306,0.0,484.6076139702664,0.0,302.0,0.0,193.81160312257182,0.0,14.440454652490542,0.0,17.378147196982766,0.0,11.317687508213826,0.0,331.7089687214942,0.0,120.92493129412166,0.0,92.12546033658387,0.0,4.191396767811306,0.0,11.924243349736965,0.0,2288.770069690016,0.0,1270.6696450730694,0.0,14.440454653859774,0.0,13.599177324304394,0.0,10.014697976601225,0.0
Euter,444.04705882352937,0.0,19.91742121410473,0.0,471.99099936361586,0.0,282.0,0.0,176.92635780582924,0.0,13.97172466303402,0.0,16.792855623746664,0.0,10.6598210476631,0.0,323.24924864871184,0.0,101.8675277486798,0.0,70.17510974842618,0.0,6.143426774761389,0.0,10.147317216049178,0.0,4300.872229298918,0.0,1334.0669405384376,0.0,13.971724671728788,0.0,13.00001138071641,0.0,9.444560514929062,0.0
Fabal,481.3058823529411,0.0,20.486215581094118,0.0,481.5479204296534,0.0,281.0,0.0,181.9380508112616,0.0,14.315714227842502,0.0,16.76305461424021,0.0,11.024998050584752,0.0,341.9432129646118,0.0,124.5927198555664,0.0,95.60963080872249,0.0,5.90459872452694,0.0,10.804540774314141,0.0,1033.1889710939972,0.0,591.5230651589709,0.0,14.31571423401091,0.0,13.15088264828707,0.0,9.723719982701434,0.0
Fabel,478.30588235294124,0.0,20.501064384742158,0.0,476.4016117163334,0.0,265.0,0.0,170.73703465464592,0.0,14.105640286361945,0.0,16.278820596099706,0.0,10.664305706312934,0.0,340.74388907989453,0.0,120.12426206718781,0.0,92.70826070939837,0.0,6.074605947211443,0.0,10.241553730630383,0.0,1313.887438664897,0.0,684.7205528049924,0.0,14.105640298606732,0.0,12.862040501268055,0.0,9.427210427818565,0.0
Falke,469.8666666666667,0.0,20.292734252365786,0.0,485.8118792893763,0.0,285.0,0.0,184.97690799528652,0.0,14.432551000902919,0.0,16.881943016134134,0.0,11.12462181344703,0.0,341.497614635586,0.0,114.88447974563051,0.0,84.73706665487903,0.0,4.993553558101606,0.0,9.455674478886609,0.0,4561.117104382162,0.0,811.5548026318647,0.0,14.432550989916926,0.0,13.25247719747887,0.0,9.834511734450455,0.0
Falle,415.0941176470588,0.0,19.095341839549313,0.0,481.6613210379068,0.0,283.0,0.0,180.774845492392,0.0,14.255569719406932,0.0,16.822603841260722,0.0,10.896551167459958,0.0,328.613142589345,0.0,105.3133250112275,0.0,77.31130794392142,0.0,4.664281207872964,0.0,8.325474618935397,0.0,2076.896931058099,0.0,2507.377933150788,0.0,14.255569819350832,0.0,13.332644948650259,0.0,9.621231372440956,0.0
Falte,432.3686274509804,0.0,19.516084120743077,0.0,474.2195996095927,0.0,273.0,0.0,173.33023065931843,0.0,14.039706464715984,0.0,16.522711641858304,0.0,10.640717417282147,0.0,326.29608476722115,0.0,103.93400346839434,0.0,75.02415228491505,0.0,4.393569607728983,0.0,8.556397758779369,0.0,3414.292271602584,0.0,859.2106905414724,0.0,14.039706472463827,0.0,12.950380653608882,0.0,9.368370218540663,0.0
Fanda,518.650980392157,0.0,21.273236430672558,0.0,450.52347709444985,0.0,239.0,0.0,148.29252411313567,0.0,13.317660440769743,0.0,15.459624833740307,0.0,9.696893717069349,0.0,328.59725712815253,0.0,129.80996493140518,0.0,92.0170756228589,0.0,6.16201849150191,0.0,9.335749264331476,0.0,1321.5570211510917,0.0,646.7486008643023,0.0,13.317660458636926,0.0,12.31738220300535,0.0,8.348490806848131,0.0
Fanft,443.3254901960785,0.0,19.716597223521777,0.0,483.3166062015741,0.0,296.0,0.0,188.9983138387016,0.0,14.360984100966425,0.0,17.204650534085253,0.0,11.13397203864694,0.0,334.02145069556127,0.0,140.96854371401935,0.0,109.6933504717839,0.0,4.402223903997068,0.0,11.136203217844635,0.0,1668.0069759612045,0.0,1367.2944429934687,0.0,14.360984137544753,0.0,13.440155476351205,0.0,9.85946145125494,0.0
Faran,452.5529411764706,0.0,19.85320483969192,0.0,459.2046049528198,0.0,271.0,0.0,167.37047279413918,0.0,13.585687978283536,0.0,16.46207763315433,0.0,10.256669855214577,0.0,321.61039346589587,0.0,95.68540650176519,0.0,61.99351345074125,0.0,4.31098738491578,0.0,8.652288868282653,0.0,880.3668423126642,0.0,767.5464678494911,0.0,13.585687981285645,0.0,12.548130891441971,0.0,8.90255458035033,0.0
Farbe,475.7647058823529,0.0,20.461741007538738,0.0,458.62755321356934,0.0,246.0,0.0,153.25943452702592,0.0,13.504645465253773,0.0,15.684387141358123,0.0,9.890591759974614,0.0,326.41352561168196,0.0,100.19309589129902,0.0,67.50119230594528,0.0,5.4795741833231455,0.0,10.177751150167879,0.0,1289.7506336792385,0.0,794.8007019265104,0.0,13.504645470419478,0.0,12.371603099851889,0.0,8.626710658068648,0.0
Farmt,474.9372549019608,0.0,20.425949752673223,0.0,569.3262878207013,0.0,391.0,0.0,267.71102523066827,0.0,16.677382191740623,0.0,19.77371993328519,0.0,13.833942187122574,0.0,575.5968379022271,0.0,367.8919823126871,0.0,309.55495890260363,0.0,5.2587701973419865,0.0,9.69869146119579,0.0,1638.2309622849375,0.0,741.6369114138319,0.0,16.677382182090646,0.0,15.799566958981197,0.0,12.62909164364976,0.0
Faser,444.156862745098,0.0,19.74421829533421,0.0,453.66621347865527,0.0,241.0,0.0,149.58327252517682,0.0,13.358346221870567,0.0,15.524174696260024,0.0,9.728553765992572,0.0,320.72039805581204,0.0,91.41491565825322,0.0,60.24772407681535,0.0,5.19905690002438,0.0,8.988586755572376,0.0,1086.0634831672999,0.0,670.6111930518917,0.0,13.358346233305875,0.0,11.995247806889362,0.0,8.428774072563199,0.0
Faune,489.0313725490196,0.0,20.71569323422579,0.0,439.64190839838625,0.0,225.0,0.0,136.24994845458087,0.0,12.92068992399104,0.0,15.0,0.0,9.148749819693869,0.0,319.27061411933926,0.0,81.89464810150868,0.0,51.39378222930579,0.0,4.128885084522678,0.0,8.832589403064903,0.0,2209.173379695984,0.0,559.7442926637343,0.0,12.920689931255467,0.0,11.716782230388645,0.0,7.837726538737323,0.0
Fausa,486.63529411764705,0.0,20.581718483086682,0.0,442.55289005988095,0.0,234.0,0.0,143.69739802840903,0.0,13.097636573167595,0.0,15.297058540778355,0.0,9.470991738382558,0.0,321.13263703945364,0.0,90.43705830900618,0.0,59.46909409212278,0.0,4.277255828980886,0.0,9.715839327108561,0.0,1789.5111497471967,0.0,441.80538615617206,0.0,13.097636572931048,0.0,11.789910412229329,0.0,8.117626576498331,0.0
Fazit,410.4196078431372,0.0,19.080258663475423,0.0,492.7114712143276,0.0,304.0,0.0,194.02125729655017,0.0,14.556539217462985,0.0,17.435595774162696,0.0,11.267285711758776,0.0,326.0757982746924,0.0,115.49886707173886,0.0,81.92238279925026,0.0,5.874328780464176,0.0,13.99278519053076,0.0,3905.9071867867597,0.0,4957.133714841646,0.0,14.556539304698193,0.0,13.388291559275245,0.0,9.922099287889587,0.0
Fcnkl,428.4980392156862,0.0,19.301620173712298,0.0,508.8064753396769,0.0,329.0,0.0,214.56921786473347,0.0,15.075213585949857,0.0,18.138357147217054,0.0,12.0223128295363,0.0,350.91672663912647,0.0,138.74829103081439,0.0,106.42348268627497,0.0,5.024207577192396,0.0,15.715613847666052,0.0,4445.262366098613,0.0,501.3650141334677,0.0,15.075213584092182,0.0,13.801565420492157,0.0,10.749683630503624,0.0
Fealt,432.3686274509804,0.0,19.516084120743077,0.0,484.4736552306164,0.0,295.0,0.0,188.68309704775987,0.0,14.38970320261213,0.0,17.175564037317667,0.0,11.128610664066686,0.0,327.42670254162476,0.0,108.19511700729386,0.0,77.05229254453177,0.0,5.2445414728137365,0.0,9.30074713808327,0.0,1440.9744015970368,0.0,2401.075315107585,0.0,14.389703284816429,0.0,13.280553303962957,0.0,9.804676093094226,0.0
Febus,498.19999999999993,0.0,20.929792381921203,0.0,453.0566996179973,0.0,226.0,0.0,141.97030091889786,0.0,13.357414485601838,0.0,15.033296378372908,0.0,9.560893383440051,0.0,329.18388804016035,0.0,93.86629969589538,0.0,64.96301400226993,0.0,3.980325359814713,0.0,10.997005930816321,0.0,4270.5872336014145,0.0,542.0921597497112,0.0,13.357414492185596,0.0,11.748288803597772,0.0,8.294090311529908,0.0
Feder,473.10980392156864,0.0,20.504144609677045,0.0,467.3580082369749,0.0,255.0,0.0,159.1921860232153,0.0,13.720290290531258,0.0,15.968719422671311,0.0,10.097049201808531,0.0,330.14184829855543,0.0,138.22092229350818,0.0,99.11485667058176,0.0,5.978727831533604,0.0,9.50768927404262,0.0,987.9275871530878,0.0,647.126950096453,0.0,13.720290302740626,0.0,12.563374370977055,0.0,8.873539726283802,0.0
Feier,402.8941176470588,0.0,18.914734923647064,0.0,471.48222394897977,0.0,274.0,0.0,170.42124769074846,0.0,13.868182557361015,0.0,16.55294535724685,0.0,10.399782934457551,0.0,320.6672865120117,0.0,92.70478452305395,0.0,60.24050329993864,0.0,4.952536992909065,0.0,8.826817924375037,0.0,1681.6290179111782,0.0,756.9869279673549,0.0,13.868182559841372,0.0,12.676427726414063,0.0,9.144460790010996,0.0
Feige,482.27843137254905,0.0,20.665096119212738,0.0,477.46186410877857,0.0,259.0,0.0,164.8426621107722,0.0,14.024256222317176,0.0,16.09347693943108,0.0,10.421264164035701,0.0,633.9445009637662,0.0,257.31608007720325,0.0,184.6280225297077,0.0,6.830078606771477,0.0,9.313341125745682,0.0,1548.6098003418401,0.0,572.6547544919796,0.0,14.024256227731058,0.0,12.817353788076279,0.0,9.198187801387094,0.0
Feind,460.3450980392157,0.0,20.136419785268448,0.0,473.86456299604936,0.0,272.0,0.0,170.9706065892371,0.0,13.972579657896317,0.0,16.492422502470642,0.0,10.504275452544151,0.0,346.29458679866116,0.0,187.66671037589117,0.0,143.46222355838782,0.0,6.92716373311781,0.0,11.380061133723403,0.0,2123.3941552194706,0.0,647.6803451501445,0.0,13.972579658113261,0.0,12.88989616126176,0.0,9.269952548464502,0.0
Felge,488.93725490196084,0.0,20.806462856003158,0.0,482.5630869616674,0.0,265.0,0.0,170.3552524010218,0.0,14.19841992936928,0.0,16.278820596099706,0.0,10.661526668783614,0.0,635.6085339359049,0.0,259.71403938045864,0.0,187.45289126404282,0.0,6.766162751912732,0.0,9.601325355044645,0.0,1783.675900763341,0.0,768.4053328425528,0.0,14.19841993333237,0.0,13.056511813609328,0.0,9.458876898346597,0.0
Felle,412.09411764705885,0.0,19.111271335040023,0.0,483.80033791838855,0.0,283.0,0.0,180.41140380218255,0.0,14.283218350854355,0.0,16.822603841260722,0.0,10.876674737007974,0.0,328.50094382058177,0.0,104.81324360854325,0.0,77.02176547493761,0.0,4.768652151023897,0.0,8.390684592665226,0.0,2032.7664242961985,0.0,2489.194732310017,0.0,14.28321845050925,0.0,13.24401459532812,0.0,9.636045056767513,0.0
Ferse,441.15686274509807,0.0,19.75962469699488,0.0,450.8318970944164,0.0,236.0,0.0,144.42066791199042,0.0,13.221392932441562,0.0,15.362291495737216,0.0,9.495389639931764,0.0,320.46218258337535,0.0,88.83217366494621,0.0,58.68630773992051,0.0,4.515214776462689,0.0,8.65463258433375,0.0,1042.0843110783728,0.0,587.3403570319512,0.0,13.221392931339839,0.0,11.679248926110168,0.0,8.24136280493565,0.0
Feste,460.97254901960787,0.0,20.206410454420602,0.0,455.58040004734266,0.0,234.0,0.0,146.25278182307832,0.0,13.412495476963704,0.0,15.297058540778355,0.0,9.684172050053888,0.0,322.867104443459,0.0,95.47150802693943,0.0,67.00031153965152,0.0,3.0682050264999523,0.0,8.837659653592157,0.0,2979.5242499895553,0.0,422.10338533294015,0.0,13.412495487598932,0.0,11.83247940929978,0.0,8.419992791080022,0.0
Fette,446.64313725490194,0.0,19.94320964435959,0.0,471.2542672917299,0.0,265.0,0.0,167.42036018326507,0.0,13.920502249070271,0.0,16.278820596099706,0.0,10.435434541137198,0.0,325.4571413534733,0.0,105.05918485737976,0.0,75.94327743993796,0.0,3.5028813506424274,0.0,8.679870731955189,0.0,3844.8268632203867,0.0,1261.7072645752294,0.0,13.920502259858575,0.0,12.562559989945887,0.0,9.1901079665178,0.0
Feßen,526.2823529411764,0.0,21.5273994559408,0.0,476.77132119228537,0.0,270.0,0.0,173.51851775615341,0.0,14.1220010519414,0.0,16.431676725154983,0.0,10.73233553367635,0.0,460.9578550143414,0.0,527.0192778899672,0.0,316.9987481502003,0.0,4.863809437293331,0.0,18.705511417052826,0.0,6588.409826913117,0.0,3425.7730304048146,0.0,14.122001069192416,0.0,13.075856447072054,0.0,9.524669256822754,0.0
Ffscr,385.3921568627451,0.0,18.36882880283473,0.0,495.2108686217911,0.0,304.0,0.0,195.92456186393753,0.0,14.631247224820326,0.0,17.435595774162696,0.0,11.39637633641244,0.0,555.7127948168215,0.0,514.1006476012203,0.0,457.66881947091093,0.0,5.585897928828133,0.0,22.968626447651513,0.0,1146.660768698767,0.0,1403.4995379719733,0.0,14.631247201028732,0.0,13.396125402228753,0.0,10.16918419894864,0.0
Ffspr,432.89411764705886,0.0,19.491684955164548,0.0,513.5921266730822,0.0,325.0,0.0,214.0330504767739,0.0,15.188692961438546,0.0,18.027756377319946,0.0,12.074069936586627,0.0,1059.7815894887965,0.0,541.1017811720757,0.0,486.0365853129324,0.0,5.64011168140534,0.0,23.770701317958558,0.0,1929.8637458485416,0.0,1637.234688768388,0.0,15.188692942868132,0.0,14.24834964767079,0.0,10.877510764200558,0.0
Fgzns,496.6039215686274,0.0,20.930135151926113,0.0,483.69675924258195,0.0,268.0,0.0,173.42311155938182,0.0,14.25322889202728,0.0,16.3707055437449,0.0,10.80209788301059,0.0,4348.037318720061,0.0,2132.1201975564195,0.0,1611.755551125834,0.0,3.863937690541217,0.0,23.918728565420643,0.0,1871.1804721574106,0.0,909.02534357653,0.0,14.25322889789638,0.0,12.943423850155819,0.0,9.592360178041162,0.0
Fhlkx,461.6549019607843,0.0,20.070273312013363,0.0,546.4929004547316,0.0,375.0,0.0,253.5044239863737,0.0,16.19464248483814,0.0,19.364916731037084,0.0,13.313848886792222,0.0,388.96017168774637,0.0,170.02255958026726,0.0,133.81370011010588,0.0,4.106710236683535,0.0,21.599299969232316,0.0,4643.259566554687,0.0,756.5291029672946,0.0,16.194642470822888,0.0,14.901206570265705,0.0,12.050377090050091,0.0
Fhrhn,460.035294117647,0.0,20.01862685080888,0.0,493.2844209331006,0.0,308.0,0.0,197.31261910765542,0.0,14.599722693665523,0.0,17.549928774784245,0.0,11.41062832671002,0.0,365.2497818380174,0.0,114.89001646033816,0.0,85.27900816903859,0.0,4.258058389214035,0.0,11.952499481971795,0.0,1449.5297540232264,0.0,578.4322296325445,0.0,14.599722695032122,0.0,13.565208841470753,0.0,10.1758012891478,0.0
Fhrsm,493.0078431372549,0.0,20.76257872049982,0.0,581.5710086606598,0.0,396.0,0.0,275.1283853161598,0.0,16.991253443097726,0.0,19.8997487421324,0.0,14.156621075815618,0.0,871.3678740165693,0.0,656.1445799056957,0.0,525.3461676444446,0.0,8.912874941128655,0.0,12.63518225889791,0.0,1337.8778195632651,0.0,593.3771738498318,0.0,16.99125343926951,0.0,15.910658779044857,0.0,12.992874786013484,0.0
Fiene,442.43529411764706,0.0,19.776629223331753,0.0,469.6625334273326,0.0,268.0,0.0,167.37903842492312,0.0,13.81872533863429,0.0,16.3707055437449,0.0,10.32656230667906,0.0,320.8940091670753,0.0,91.59826047728933,0.0,59.86800617223834,0.0,8.000335084138126,0.0,8.725027200997443,0.0,5063.926722518879,0.0,2543.383267167138,0.0,13.818725332781849,0.0,13.07402708901212,0.0,9.069208276668101,0.0
Figur,425.38039215686274,0.0,19.322183476966835,0.0,519.7471217758384,0.0,338.0,0.0,219.76997500776207,0.0,15.270470622194965,0.0,18.384776310850235,0.0,12.13880916847186,0.0,984.0586830573377,0.0,261.4850463614432,0.0,187.45921857387773,0.0,7.138930905273501,0.0,11.44642940459693,0.0,6428.656354301598,0.0,2564.601661656765,0.0,15.270470614320528,0.0,14.516146552284367,0.0,10.92568680833554,0.0
Filet,377.06274509803916,0.0,18.253595286104506,0.0,505.19527017175517,0.0,328.0,0.0,210.59580432295434,0.0,14.906030706658264,0.0,18.110770276274835,0.0,11.787453684247227,0.0,326.370278842108,0.0,107.8915536751601,0.0,76.16846688749834,0.0,6.051902866306428,0.0,8.90719581574121,0.0,5183.847568205636,0.0,2657.3601034714816,0.0,14.906030693412674,0.0,14.149699116343625,0.0,10.528128924491824,0.0
Final,399.78823529411767,0.0,18.656814833070893,0.0,503.5731366888458,0.0,336.0,0.0,215.82926201711578,0.0,14.916935097911326,0.0,18.33030277982336,0.0,11.937147505848426,0.0,334.043319720041,0.0,123.4482225907539,0.0,92.83317245674705,0.0,5.633340265902548,0.0,10.041677971193522,0.0,4884.729787761629,0.0,2573.7496971097476,0.0,14.916935088657363,0.0,14.276146260155654,0.0,10.663417360581265,0.0
Finne,433.78823529411767,0.0,19.50442057958474,0.0,468.35745933400887,0.0,273.0,0.0,169.49145238009493,0.0,13.791687394225512,0.0,16.522711641858304,0.0,10.356926260303302,0.0,320.6398289450713,0.0,90.18676504875876,0.0,58.570646955285426,0.0,8.272577260319844,0.0,8.509013829638992,0.0,5060.145839941255,0.0,2564.867193564494,0.0,13.791687389108098,0.0,13.026412981610932,0.0,9.085314790167754,0.0
Finte,414.06274509803916,0.0,19.10316233576136,0.0,484.9599619884695,0.0,297.0,0.0,187.85618262001702,0.0,14.314816985286743,0.0,17.233687939614086,0.0,11.036863027561921,0.0,323.7221493712203,0.0,102.16880648590747,0.0,70.87526129752385,0.0,6.989209105819806,0.0,8.561911403397279,0.0,5643.824163073245,0.0,2559.4087589581,0.0,14.314816977865013,0.0,13.568463909716913,0.0,9.785406720814226,0.0
Firma,451.00392156862745,0.0,19.877405889555007,0.0,585.0679030705978,0.0,426.0,0.0,290.38842981160667,0.0,17.065396196438115,0.0,20.639767440550294,0.0,14.358209438253972,0.0,575.9647913406712,0.0,369.28922744600936,0.0,310.17560069032254,0.0,12.19030921592292,0.0,9.935516001502329,0.0,5039.142161283655,0.0,2585.7234269116493,0.0,17.06539617626961,0.0,16.635446568166323,0.0,13.136703268881291,0.0
First,360.47843137254904,0.0,17.775435447383515,0.0,502.0218017396795,0.0,328.0,0.0,209.30213883471367,0.0,14.809612259890526,0.0,18.110770276274835,0.0,11.701457029283587,0.0,324.24924384695896,0.0,107.11313874564277,0.0,73.67854819075949,0.0,5.440884444784099,0.0,8.916474294618139,0.0,4933.159275184356,0.0,2565.135175172057,0.0,14.809612248033696,0.0,13.787639999853756,0.0,10.445121568093926,0.0
Fisir,336.54509803921565,0.0,17.142285347744135,0.0,510.5829750883825,0.0,337.0,0.0,216.53192917093398,0.0,15.037864001374254,0.0,18.35755975068582,0.0,11.926485299010393,0.0,323.80352353882967,0.0,107.06736899711838,0.0,72.99369641842617,0.0,5.7561581438850835,0.0,10.298830323780965,0.0,6162.633329715472,0.0,5546.259472464963,0.0,15.037864065901934,0.0,14.204930940153222,0.0,10.654111889484,0.0
Fitis,356.3607843137255,0.0,17.655429822859357,0.0,504.60034821031905,0.0,327.0,0.0,210.37605445117453,0.0,14.906397733254984,0.0,18.083141320025124,0.0,11.78520522812377,0.0,325.23501856969966,0.0,108.67390954988977,0.0,76.73779906955616,0.0,4.954167433531047,0.0,9.359397811519166,0.0,6623.002599110422,0.0,5670.874298451223,0.0,14.906397805431709,0.0,14.084978995821213,0.0,10.514632168883962,0.0
Fjerd,450.7647058823529,0.0,19.975467075651242,0.0,530.9117597314494,0.0,349.0,0.0,231.76891802648817,0.0,15.641172834614,0.0,18.681541692269406,0.0,12.64423525821854,0.0,22220.00452596839,0.0,2960.557841797547,0.0,2827.1458602000494,0.0,5.90511538392962,0.0,33.56608226860488,0.0,2425.6468232369953,0.0,2311.743031483424,0.0,15.641172820425796,0.0,15.066721833252068,0.0,11.507844640951815,0.0
Fjqrf,425.035294117647,0.0,19.37833921566554,0.0,559.8067909588825,0.0,391.0,0.0,263.3351567203737,0.0,16.422011121279212,0.0,19.77371993328519,0.0,13.594119226101224,0.0,23127.41714461828,0.0,8300.511700430352,0.0,7010.102107326859,0.0,5.38872072620852,0.0,59.705189270174266,0.0,2393.3454879735073,0.0,2314.7900199849596,0.0,16.422011107135503,0.0,15.806497455868653,0.0,12.46220264796851,0.0
Fkckt,463.54509803921565,0.0,20.105320536596206,0.0,525.6504627080471,0.0,338.0,0.0,227.11185270188932,0.0,15.598536749503621,0.0,18.384776310850235,0.0,12.56399088104021,0.0,484.67990561604944,0.0,179.89740488421387,0.0,144.8107826462061,0.0,3.8987672932960398,0.0,16.04734298023755,0.0,6521.226932868353,0.0,334.8457145054172,0.0,15.598536747303152,0.0,13.922397830920875,0.0,11.264265394892732,0.0
Fkhrt,442.6941176470589,0.0,19.679884518748587,0.0,529.447561755872,0.0,363.0,0.0,239.8814565140204,0.0,15.68504657770185,0.0,19.05255888325765,0.0,12.798304276597062,0.0,478.65356009323557,0.0,173.60116576445316,0.0,139.672752782276,0.0,6.592151653843439,0.0,16.14180081351335,0.0,5258.4525616961055,0.0,530.3206479945638,0.0,15.685046572981545,0.0,14.69104455472274,0.0,11.571626801685433,0.0
Flash,453.43921568627445,0.0,19.852812877823155,0.0,494.89912604355857,0.0,313.0,0.0,202.91159231604468,0.0,14.725627887687493,0.0,17.69180601295413,0.0,11.64101040325761,0.0,344.49790573618486,0.0,121.4243537742385,0.0,91.97223973606728,0.0,8.047339977766022,0.0,11.28513367829848,0.0,3953.372358167187,0.0,1539.983927112568,0.0,14.725627884235973,0.0,13.903868470884172,0.0,10.35030785573382,0.0
Fldfl,403.9607843137255,0.0,18.860822534609813,0.0,548.2254015139432,0.0,386.0,0.0,256.2920331880458,0.0,16.132588828664023,0.0,19.6468827043885,0.0,13.281649612864639,0.0,362.2369394350828,0.0,199.08810467097243,0.0,158.9064104554986,0.0,6.262650028421698,0.0,14.084576221699992,0.0,4163.145546028977,0.0,1989.2444588481326,0.0,16.132588854967395,0.0,15.699505484066378,0.0,12.102032861417904,0.0
Fleck,437.14509803921567,0.0,19.576648911958053,0.0,507.71056552443406,0.0,308.0,0.0,203.73580168135874,0.0,15.029524788818117,0.0,17.549928774784245,0.0,11.79833313436422,0.0,373.0639102558269,0.0,137.72912687533034,0.0,105.91392541488423,0.0,7.217288223956735,0.0,11.185499251729908,0.0,3855.221191647009,0.0,1550.544244321385,0.0,15.0295247837508,0.0,13.823340786304477,0.0,10.50182679847092,0.0
Flegs,474.8941176470588,0.0,20.427727648987094,0.0,498.91616913758696,0.0,293.0,0.0,191.65893022242585,0.0,14.709052687180282,0.0,17.11724276862369,0.0,11.398172065767826,0.0,638.4667527222418,0.0,264.0239579026121,0.0,191.57579940785567,0.0,8.469534906380316,0.0,10.199834578450707,0.0,3884.2855398246597,0.0,1550.6038983416668,0.0,14.709052697831106,0.0,13.99199370904151,0.0,10.209840408080646,0.0
Flert,381.1803921568627,0.0,18.369693627904727,0.0,512.9625655038502,0.0,340.0,0.0,219.7956842504305,0.0,15.133176203548247,0.0,18.439088914585774,0.0,12.077559826974401,0.0,331.6060973041093,0.0,116.91427803549328,0.0,84.90395948868475,0.0,4.299099757160958,0.0,9.742829433846742,0.0,4244.337129571131,0.0,1601.144593536503,0.0,15.13317618804306,0.0,14.479763476989604,0.0,10.853911816149502,0.0
Flfvd,427.58039215686273,0.0,19.422549984609436,0.0,545.3314564282542,0.0,384.0,0.0,254.83958139287574,0.0,16.088857389579598,0.0,19.595917942265423,0.0,13.230945799848156,0.0,381.0069599807979,0.0,256.72196005514047,0.0,206.81805315278345,0.0,9.92316035003442,0.0,20.368609153587347,0.0,5723.275467062027,0.0,1768.1336885841115,0.0,16.088857369278617,0.0,15.587695600138195,0.0,12.031813802663283,0.0
Flich,382.4549019607843,0.0,18.24578656601391,0.0,505.23740018971495,0.0,321.0,0.0,207.38325708728115,0.0,14.909482221021701,0.0,17.916472867168917,0.0,11.750448552502151,0.0,343.73871825971264,0.0,119.90072314347735,0.0,89.98345511616502,0.0,8.244601849041,0.0,10.202760071830959,0.0,4066.3504776506925,0.0,1605.565139159536,0.0,14.90948220813191,0.0,13.885343778091933,0.0,10.477307213385659,0.0
Flirt,328.87450980392157,0.0,17.00450626662768,0.0,528.1020146454177,0.0,370.0,0.0,239.67761831003122,0.0,15.552734571873422,0.0,19.235384061671343,0.0,12.62797577416737,0.0,332.22140668433224,0.0,119.45574306456214,0.0,86.78984927677332,0.0,5.226749827842442,0.0,9.79599784131537,0.0,4451.041950882498,0.0,1654.941556611671,0.0,15.552734548474616,0.0,14.86547389595222,0.0,11.379461810746417,0.0
Fllms,443.16078431372546,0.0,19.68696350641808,0.0,594.3531243728357,0.0,423.0,0.0,293.3853501229032,0.0,17.313995324151364,0.0,20.566963801203133,0.0,14.573053317289009,0.0,581.5323994869783,0.0,372.19156101510663,0.0,314.10981108805976,0.0,9.65790794460494,0.0,10.730421435296108,0.0,4375.472697992715,0.0,1709.5645039374037,0.0,17.31399530130611,0.0,16.7919021205511,0.0,13.386762484033033,0.0
Flora,406.1294117647059,0.0,18.825471713517498,0.0,492.54509872534425,0.0,312.0,0.0,198.3024112278103,0.0,14.537501045745229,0.0,17.663521732655695,0.0,11.361300153125828,0.0,330.4870778248828,0.0,111.77199886873112,0.0,80.03223085018726,0.0,5.77461753919511,0.0,10.176023238582662,0.0,4224.570083250685,0.0,1598.7543003732214,0.0,14.537501030881112,0.0,13.89333363371792,0.0,10.097729645841103,0.0
Flshb,468.00392156862745,0.0,20.198382126370316,0.0,503.99456620370097,0.0,307.0,0.0,201.9288909930171,0.0,14.923643707947953,0.0,17.52141546793523,0.0,11.713021410416049,0.0,351.1777210215755,0.0,134.2923811573099,0.0,101.94688560282805,0.0,10.480386182543953,0.0,17.9150411304147,0.0,3972.882054183006,0.0,1527.2230319387286,0.0,14.92364370467109,0.0,14.06678185337391,0.0,10.496053796416643,0.0
Fluch,426.0509803921569,0.0,19.27543053273317,0.0,492.3634344858581,0.0,303.0,0.0,194.18029541271525,0.0,14.551365593621158,0.0,17.406895185529212,0.0,11.320760811635827,0.0,343.1029069158441,0.0,117.58090548572102,0.0,88.05442260134626,0.0,7.26875152432016,0.0,10.63151623697825,0.0,4106.903968157827,0.0,1546.4714348827124,0.0,14.55136558949252,0.0,13.526903527495804,0.0,10.075341027402974,0.0
Flude,466.9411764705882,0.0,20.306940346115276,0.0,487.4068986810886,0.0,290.0,0.0,184.718482420525,0.0,14.362948588069932,0.0,17.029386365926403,0.0,11.005978656350283,0.0,336.6248875304006,0.0,141.10257615323343,0.0,104.26408348841535,0.0,9.433350268154413,0.0,10.330879315794874,0.0,4261.114816460028,0.0,1568.9753631332226,0.0,14.36294859780035,0.0,13.696071886779055,0.0,9.801319330197598,0.0
Fluhu,447.06274509803916,0.0,19.774776845971193,0.0,502.6178475799381,0.0,332.0,0.0,213.31451419514542,0.0,14.896887448880026,0.0,18.2208671582886,0.0,11.869231412329407,0.0,335.14053360720254,0.0,114.62283679355713,0.0,83.62626555533296,0.0,7.654306082200539,0.0,13.824007082644954,0.0,4266.252246131407,0.0,1535.2285216673695,0.0,14.896887444953055,0.0,14.3029902320314,0.0,10.67811336195638,0.0
Fluid,414.63529411764705,0.0,19.080865169309828,0.0,515.542669143591,0.0,343.0,0.0,221.8226645465291,0.0,15.208887736864193,0.0,18.520259177452136,0.0,12.152231516397292,0.0,355.21082680857535,0.0,199.01203470291483,0.0,153.72566233858657,0.0,7.964454379246322,0.0,12.351100567113678,0.0,5627.418793233024,0.0,5175.204948636626,0.0,15.20888780962182,0.0,14.77532485032107,0.0,10.94178448595051,0.0
Fluss,420.9450980392157,0.0,19.151444032635734,0.0,476.7873412684112,0.0,281.0,0.0,178.45284940675606,0.0,14.11244607337585,0.0,16.76305461424021,0.0,10.785083793754737,0.0,329.31065349632956,0.0,105.50460023377421,0.0,77.14594384819317,0.0,5.777939279318056,0.0,9.972711406819991,0.0,4178.1264264114125,0.0,1536.9058583890592,0.0,14.112446067916235,0.0,13.087657261826969,0.0,9.562583046659004,0.0
Flyer,406.2980392156863,0.0,18.96585004414415,0.0,534.9852437729536,0.0,364.0,0.0,240.94103478501057,0.0,15.766104895269507,0.0,19.078784028338912,0.0,12.834319077101004,0.0,735.0035370380522,0.0,613.3421884907369,0.0,477.17784523274435,0.0,5.397314576645529,0.0,14.24454562795715,0.0,4339.398202293568,0.0,1638.6366512483198,0.0,15.766104895333312,0.0,14.986160043794024,0.0,11.616591297548071,0.0
Flöte,439.27450980392155,0.0,19.689257253920793,0.0,500.8445307823065,0.0,308.0,0.0,199.640202339356,0.0,14.786723608825818,0.0,17.549928774784245,0.0,11.57104498955119,0.0,340.27318430762404,0.0,141.490043282831,0.0,113.10845654052154,0.0,6.22554864164983,0.0,19.073116590731537,0.0,4838.008861549733,0.0,1570.9832774231377,0.0,14.786723610344115,0.0,14.16452233798115,0.0,10.400275129663434,0.0
Flöße,499.18823529411765,0.0,20.925404576948043,0.0,518.3251011611006,0.0,325.0,0.0,216.19624275919816,0.0,15.328126200764912,0.0,18.027756377319946,0.0,12.219586707431205,0.0,488.37418051284584,0.0,594.9784275548556,0.0,359.0530806351793,0.0,9.640660650315688,0.0,21.584448923803315,0.0,5803.823260395442,0.0,2136.324329378004,0.0,15.328126189078642,0.0,14.852194197389812,0.0,11.093243143721272,0.0
Fnlls,389.4039215686274,0.0,18.410084493903454,0.0,492.93858770697483,0.0,302.0,0.0,194.39555285678284,0.0,14.591907018084001,0.0,17.378147196982766,0.0,11.346133352243024,0.0,329.8780166403388,0.0,109.87894796263448,0.0,80.9578864947209,0.0,4.438052991346995,0.0,11.598770854461652,0.0,2401.773428462092,0.0,2519.7459304553836,0.0,14.591907112380921,0.0,13.562212566197493,0.0,10.081188906099902,0.0
Fnrmt,463.29019607843134,0.0,20.177596340476246,0.0,579.6819673368432,0.0,407.0,0.0,278.4356810942384,0.0,16.914138503787758,0.0,20.174241001832016,0.0,14.099803869987364,0.0,576.2209879507027,0.0,368.9546685943047,0.0,310.25205044668036,0.0,5.902598857614983,0.0,12.304909645264456,0.0,2033.4293337561867,0.0,783.4329815467621,0.0,16.91413849436233,0.0,16.020122974990418,0.0,12.893672373786291,0.0
Fnyfr,417.25490196078437,0.0,19.17211867696498,0.0,539.4829299754199,0.0,373.0,0.0,247.7196639341593,0.0,15.932798871031288,0.0,19.313207915827967,0.0,13.03528544464247,0.0,737.3751303167578,0.0,620.6773646217202,0.0,483.8033566017616,0.0,6.17163006387028,0.0,17.833470860667013,0.0,2716.4555979249835,0.0,1365.26958111608,0.0,15.932798909849984,0.0,14.987266114670177,0.0,11.801298509708406,0.0
Folge,482.51372549019607,0.0,20.598203749191214,0.0,480.11342496582165,0.0,253.0,0.0,163.24401549964756,0.0,14.102320895081968,0.0,15.905973720586866,0.0,10.460106816303476,0.0,635.5950799076907,0.0,258.9112094860078,0.0,187.05465797272228,0.0,7.302645818621209,0.0,9.606753354525683,0.0,1861.8761397932824,0.0,820.1457450799896,0.0,14.102320898578004,0.0,12.76892503402822,0.0,9.272054208625931,0.0
Folie,399.01176470588234,0.0,18.728456802271257,0.0,476.18635667371655,0.0,265.0,0.0,167.74369078923695,0.0,14.01090932890213,0.0,16.278820596099706,0.0,10.435573693610042,0.0,324.0911058445482,0.0,94.95032798275963,0.0,66.65678982836336,0.0,4.774108792662386,0.0,8.914638235494122,0.0,4207.35392048948,0.0,5002.7427057164105,0.0,14.010909431419773,0.0,12.721892688650415,0.0,9.18605677713241,0.0
Folve,429.29019607843134,0.0,19.445375141125073,0.0,485.3838375521671,0.0,275.0,0.0,177.0244978824354,0.0,14.324665911014005,0.0,16.583123951777,0.0,10.834148906350894,0.0,329.9922153084817,0.0,124.68598472958531,0.0,91.95198085849144,0.0,4.565217768719834,0.0,15.690517810555656,0.0,4142.634079581584,0.0,855.6634580409122,0.0,14.324665897289725,0.0,12.794729825650801,0.0,9.619361662251961,0.0
Fongt,491.1411764705882,0.0,20.732554493840397,0.0,479.61049193712927,0.0,259.0,0.0,166.67187198210576,0.0,14.117734196584532,0.0,16.09347693943108,0.0,10.53963327682305,0.0,634.5501080251662,0.0,258.22771222375053,0.0,185.68107055310622,0.0,5.861375529798368,0.0,9.455083245794912,0.0,1033.9136653324233,0.0,593.2609749467102,0.0,14.117734212989259,0.0,12.668636230195972,0.0,9.323994112497942,0.0
Forst,406.3607843137255,0.0,18.85830366364795,0.0,469.42504815765847,0.0,261.0,0.0,164.01939788775292,0.0,13.822335070106941,0.0,16.15549442140351,0.0,10.276859225395723,0.0,322.5457242967274,0.0,96.0127921013913,0.0,65.66193001709067,0.0,3.4284357837551203,0.0,8.83857026034997,0.0,1262.2509790885438,0.0,659.2595590318709,0.0,13.82233506971602,0.0,12.048906766959067,0.0,9.035630120332899,0.0
Forum,485.1764705882353,0.0,20.63323709200862,0.0,563.8698489316121,0.0,369.0,0.0,253.84806846192257,0.0,16.49304528390831,0.0,19.209372712298546,0.0,13.525094810214004,0.0,855.5786775166499,0.0,652.8066121493466,0.0,522.0931826719568,0.0,10.33241510395838,0.0,11.59360770994735,0.0,4345.806480965568,0.0,805.635181018733,0.0,16.49304528811395,0.0,15.286710210592057,0.0,12.398630034154122,0.0
Fotos,448.12549019607843,0.0,19.775065756715698,0.0,447.86658982025057,0.0,216.0,0.0,133.985921668116,0.0,13.12970335112475,0.0,14.696938456699069,0.0,9.23318139686221,0.0,322.2076720887659,0.0,89.72362193410822,0.0,62.73881012083039,0.0,3.18028012511473,0.0,9.730461369227037,0.0,2937.204049618728,0.0,1452.2637655857143,0.0,13.129703358263447,0.0,11.225648756605114,0.0,7.96808327815764,0.0
Fotto,433.79607843137256,0.0,19.506045553847887,0.0,471.83184220411925,0.0,261.0,0.0,165.10109008698385,0.0,13.903350435911914,0.0,16.15549442140351,0.0,10.37144620997288,0.0,325.9604241223737,0.0,104.22041318193632,0.0,75.55499228819741,0.0,3.2566416526099604,0.0,9.784783577813503,0.0,3882.5966611918916,0.0,1293.9023397534381,0.0,13.903350444811595,0.0,12.371692021163138,0.0,9.139970277356557,0.0
Fouls,428.5647058823529,0.0,19.333177424499624,0.0,464.29707451872287,0.0,250.0,0.0,157.48066643681352,0.0,13.695778366989481,0.0,15.811388300841896,0.0,10.081781540829452,0.0,324.74680707179283,0.0,94.7531892566869,0.0,67.33326972923211,0.0,3.642777827180645,0.0,9.485740075008811,0.0,1992.8911185675067,0.0,2415.2862103730495,0.0,13.695778452653531,0.0,12.29306459201848,0.0,8.862182754178981,0.0
Foval,432.2901960784314,0.0,19.42971956325683,0.0,498.0406291114116,0.0,304.0,0.0,198.09009212993226,0.0,14.757656807553378,0.0,17.435595774162696,0.0,11.540693063750481,0.0,339.1444054646985,0.0,141.71635641386672,0.0,109.51938013689372,0.0,3.967223516840821,0.0,13.582229070810579,0.0,2047.40854339395,0.0,616.6668687538427,0.0,14.757656809932563,0.0,13.196890881442332,0.0,10.277241782377756,0.0
Foyer,445.521568627451,0.0,19.837093553776576,0.0,496.86341475965764,0.0,291.0,0.0,190.02764721320267,0.0,14.664544606937293,0.0,17.05872210923198,0.0,11.319228392228567,0.0,730.8655653113631,0.0,609.814652873208,0.0,474.0854961031458,0.0,5.229539004734732,0.0,13.861115935727478,0.0,2150.9463496610215,0.0,716.4447018474515,0.0,14.66454461570179,0.0,13.172092068209682,0.0,10.12108412263424,0.0
Fpnds,516.3882352941176,0.0,21.248632676456918,0.0,468.350896855986,0.0,242.0,0.0,155.13459100725407,0.0,13.811608789625698,0.0,15.556349186104045,0.0,10.158716870577118,0.0,1310.9289314648179,0.0,310.69338970353135,0.0,291.9882463507974,0.0,3.9468581472322617,0.0,13.729702905755353,0.0,1412.8382059789083,0.0,708.2790839881985,0.0,13.811608807288232,0.0,12.489649441720214,0.0,8.888325399760017,0.0
Frage,489.39607843137253,0.0,20.75305974207679,0.0,491.1388734795813,0.0,296.0,0.0,190.97774918908166,0.0,14.531479222737646,0.0,17.204650534085253,0.0,11.286766589309327,0.0,635.3990182190898,0.0,263.19524072220565,0.0,189.0543477508659,0.0,9.920267539638946,0.0,9.543199179964766,0.0,3067.7467892316217,0.0,690.4268374707815,0.0,14.531479243128473,0.0,13.798420844084998,0.0,10.026384749613587,0.0
Franc,419.8313725490196,0.0,19.12066582500974,0.0,470.6874381840921,0.0,283.0,0.0,177.40166969420977,0.0,13.948669878061326,0.0,16.822603841260722,0.0,10.655628096596248,0.0,323.6846788581439,0.0,108.55747627742127,0.0,72.73471943951616,0.0,4.886601925439252,0.0,20.05227740423408,0.0,3381.0248458664423,0.0,754.3016389278262,0.0,13.948669892560437,0.0,12.9054089824325,0.0,9.323551887645818,0.0
Frdkv,460.20784313725494,0.0,20.105430300451683,0.0,541.0799833956853,0.0,372.0,0.0,247.7960725992787,0.0,15.979351112329866,0.0,19.28730152198591,0.0,13.05470642221078,0.0,354.8483663843017,0.0,177.54913310365347,0.0,131.6583226922451,0.0,7.051572325021276,0.0,31.76473207283271,0.0,5152.501831287458,0.0,697.473883188681,0.0,15.979351113792255,0.0,14.959759508257656,0.0,11.822369328758928,0.0
Fregt,458.0235294117647,0.0,20.127440187957337,0.0,512.3105102910727,0.0,322.0,0.0,210.73146534792747,0.0,15.108393005248168,0.0,17.944358444926362,0.0,11.941310983423199,0.0,636.1046869172417,0.0,264.9493577054387,0.0,190.77490153615358,0.0,8.070888464038525,0.0,9.893805520586623,0.0,3055.000154534478,0.0,696.5658281906823,0.0,15.108393027597831,0.0,14.293958295044405,0.0,10.73058555684462,0.0
Frfhb,453.46274509803925,0.0,19.952701086852482,0.0,520.6620157432233,0.0,348.0,0.0,228.922075676566,0.0,15.446447050087327,0.0,18.65475810617763,0.0,12.47689157081544,0.0,365.7964600033998,0.0,191.15631761788086,0.0,155.0675289512401,0.0,10.984259868142715,0.0,19.90545831696934,0.0,3688.222517974566,0.0,1046.5214555711095,0.0,15.446447053269937,0.0,14.883436653145008,0.0,11.273105517745117,0.0
Frimm,493.1137254901961,0.0,20.824806282627414,0.0,691.8398527567803,0.0,541.0,0.0,388.80465606940936,0.0,19.579586253025298,0.0,23.259406699226016,0.0,17.10227049001852,0.0,980.452502504333,0.0,744.8805593456266,0.0,604.8377320061495,0.0,16.3092239616515,0.0,12.035595098645258,0.0,3540.898110257614,0.0,869.1055207466674,0.0,19.579586245642346,0.0,19.07828897096803,0.0,15.903665571543145,0.0
Frinz,378.9568627450981,0.0,18.33346628870737,0.0,506.733940900304,0.0,340.0,0.0,216.10539828913832,0.0,14.928234863373472,0.0,18.439088914585774,0.0,11.863053721102725,0.0,327.6201752579896,0.0,123.67961760197987,0.0,88.67183870999499,0.0,6.90660760046773,0.0,14.92331880441179,0.0,3597.695398936815,0.0,860.6374245441061,0.0,14.928234871337185,0.0,14.073393867283677,0.0,10.589249897445457,0.0
Frost,406.3607843137255,0.0,18.85830366364795,0.0,484.04322542244057,0.0,290.0,0.0,184.4837968990414,0.0,14.293866809537754,0.0,17.029386365926403,0.0,10.971068670362794,0.0,324.51426586617725,0.0,105.34822671543711,0.0,73.48452256357265,0.0,4.422168871000641,0.0,9.401784111336436,0.0,3100.076752336226,0.0,672.7697525813197,0.0,14.293866816470226,0.0,13.027844391262361,0.0,9.708034109955653,0.0
Frqck,452.8274509803921,0.0,19.90893956652616,0.0,513.500926102223,0.0,314.0,0.0,208.34339781227882,0.0,15.187973162980688,0.0,17.72004514666935,0.0,11.9716928954552,0.0,6424.3449080927085,0.0,7755.052685138962,0.0,6414.616358108965,0.0,7.428071414888379,0.0,49.79620609069211,0.0,2974.2936255806612,0.0,700.0736936690618,0.0,15.18797317169223,0.0,13.818709733903196,0.0,10.691248695607856,0.0
Frsst,398.74117647058824,0.0,18.671948914838925,0.0,487.37865453591104,0.0,295.0,0.0,189.5269293510425,0.0,14.440458671830696,0.0,17.175564037317667,0.0,11.17875346872733,0.0,325.3181892977626,0.0,108.76155520266596,0.0,77.10316260742958,0.0,4.341735314388668,0.0,9.639085701513583,0.0,3091.783802379132,0.0,645.4993904504165,0.0,14.440458679012195,0.0,13.057275077446022,0.0,9.915514603616531,0.0
Frzhq,464.87450980392157,0.0,20.310631530601334,0.0,515.0367915935508,0.0,336.0,0.0,218.6525547144762,0.0,15.203839055912395,0.0,18.33030277982336,0.0,12.125430597744431,0.0,15963.594752721117,0.0,19309.767749417475,0.0,15960.399196177666,0.0,11.049914798017964,0.0,77.50134107609139,0.0,3141.103462140333,0.0,648.2980849882758,0.0,15.203839066578338,0.0,14.490348169468893,0.0,10.907985696178267,0.0
Fröhö,481.7529411764706,0.0,20.520970603876968,0.0,504.77324681250263,0.0,317.0,0.0,206.6698516761266,0.0,14.944042261405341,0.0,17.804493814764857,0.0,11.818535754169522,0.0,368.38823964401325,0.0,208.60339456460096,0.0,182.4251352435773,0.0,9.455466857510293,0.0,78.22614586501217,0.0,3184.286889343031,0.0,669.9619407591238,0.0,14.943960266853164,0.0,14.468192556629264,0.0,10.710756930774734,0.0
Fröss,437.0196078431373,0.0,19.519391082201192,0.0,476.8493923472628,0.0,274.0,0.0,175.29828382057042,0.0,14.115791649943487,0.0,16.55294535724685,0.0,10.751632389280267,0.0,331.7877930949992,0.0,131.49569899209953,0.0,102.88543628778606,0.0,5.566148938846577,0.0,19.474308634082924,0.0,3072.9181304285457,0.0,670.400154730732,0.0,14.115791655864117,0.0,13.054594541408116,0.0,9.57417979894239,0.0
Frühe,469.56078431372543,0.0,20.32869234384276,0.0,493.75306776721686,0.0,308.0,0.0,198.3656352436873,0.0,14.65098109253566,0.0,17.549928774784245,0.0,11.47846503605445,0.0,335.987331300205,0.0,134.1611640003659,0.0,103.7227648403132,0.0,8.361098303807005,0.0,16.276403311704886,0.0,3605.504302436722,0.0,641.9450477135432,0.0,14.650981105753912,0.0,13.986413609103781,0.0,10.30418369046554,0.0
Fsgsn,497.8509803921569,0.0,20.818556327990162,0.0,478.5106883414717,0.0,265.0,0.0,170.5662870659591,0.0,14.122645947490836,0.0,16.278820596099706,0.0,10.661692271532214,0.0,984.4469722930139,0.0,261.18182266148807,0.0,188.45781029348282,0.0,4.9346945492964025,0.0,14.436411728664623,0.0,1230.611049177322,0.0,440.5548238781408,0.0,14.122645950096759,0.0,12.636508693617325,0.0,9.433607494579542,0.0
Fshcg,497.5607843137255,0.0,20.814718419510417,0.0,482.0577343000882,0.0,267.0,0.0,172.9672184856796,0.0,14.23073025657843,0.0,16.34013463836819,0.0,10.79480522238162,0.0,5212.568857744774,0.0,484.58628652404354,0.0,351.65914585322486,0.0,7.547210443625465,0.0,16.837681226193997,0.0,965.8347725939068,0.0,427.6216741853369,0.0,14.230730261601169,0.0,12.876669377387959,0.0,9.58561363452979,0.0
Fslbt,432.89019607843136,0.0,19.47052030870998,0.0,496.35736567744027,0.0,303.0,0.0,196.67090831433632,0.0,14.702652308205462,0.0,17.406895185529212,0.0,11.47009192321072,0.0,334.40403236247266,0.0,122.88721364231543,0.0,89.71185322805593,0.0,4.446117300994415,0.0,14.618721337802551,0.0,2176.94443868507,0.0,898.33378715751,0.0,14.702652307468748,0.0,13.472156570874295,0.0,10.224184525825114,0.0
Ftgtn,469.19215686274515,0.0,20.304616778319595,0.0,520.2321619400973,0.0,334.0,0.0,220.34951808034907,0.0,15.369935379400488,0.0,18.275666882497067,0.0,12.284160913952672,0.0,987.0594586903458,0.0,270.7436825264166,0.0,198.4482876586916,0.0,5.2594604005559376,0.0,12.828206348198973,0.0,3330.587124997821,0.0,1068.380563080139,0.0,15.369935386428889,0.0,14.333027053289092,0.0,11.046259186330238,0.0
Ftlkk,447.61960784313726,0.0,19.772523741729646,0.0,557.7339264916012,0.0,390.0,0.0,266.2275195932632,0.0,16.527600954456375,0.0,19.748417658131498,0.0,13.713765621913764,0.0,391.5143741122399,0.0,164.426486775423,0.0,130.7496922675002,0.0,8.482669545611406,0.0,14.008773250559143,0.0,4786.33079725251,0.0,1212.13595518928,0.0,16.52760094530625,0.0,15.319197848155536,0.0,12.390228183248322,0.0
Fugen,517.2274509803922,0.0,21.330425479445534,0.0,473.85646015907827,0.0,260.0,0.0,165.63580905724197,0.0,13.962658596395842,0.0,16.1245154965971,0.0,10.44435313594103,0.0,983.3452765254457,0.0,256.11494018408683,0.0,183.56913416989724,0.0,5.279162851393399,0.0,9.363976712452988,0.0,3532.358743647969,0.0,638.9229748861765,0.0,13.962658607015126,0.0,12.826149126453107,0.0,9.235384019090272,0.0
Fuhre,453.2313725490196,0.0,19.977235025443896,0.0,472.86582718819307,0.0,274.0,0.0,172.87942591611068,0.0,13.978549626058216,0.0,16.55294535724685,0.0,10.57118809397037,0.0,329.62630946306945,0.0,98.78296276343683,0.0,68.1767933083901,0.0,4.217264512450199,0.0,9.844702071903109,0.0,3840.162991922001,0.0,525.5095322144224,0.0,13.978549616675398,0.0,13.002048645285367,0.0,9.371303038318626,0.0
Funde,503.9411764705883,0.0,21.073891348733845,0.0,454.88446004243656,0.0,237.0,0.0,147.19057842365362,0.0,13.382667487813325,0.0,15.394804318340652,0.0,9.674363430315628,0.0,327.9971536201545,0.0,127.83095141867427,0.0,90.95387666022683,0.0,6.563866425050148,0.0,9.255542794925542,0.0,3606.7716720781377,0.0,569.9870236777681,0.0,13.382667504391712,0.0,12.268087129046664,0.0,8.431521884666614,0.0
Funke,495.156862745098,0.0,20.84422773972112,0.0,473.12543599191014,0.0,269.0,0.0,172.17216101382388,0.0,14.043675430189326,0.0,16.401219466856727,0.0,10.637098128390381,0.0,338.10065597838525,0.0,107.85086300163297,0.0,77.04070000091684,0.0,5.687113379161943,0.0,9.46000658640489,0.0,5432.835972617403,0.0,486.3929457767407,0.0,14.043675425942997,0.0,12.799865771460212,0.0,9.376135477322283,0.0
Furie,394.1843137254902,0.0,18.657660127417348,0.0,478.01942601903005,0.0,287.0,0.0,179.64620150570974,0.0,14.086455294645917,0.0,16.941074346097416,0.0,10.714200838418508,0.0,321.50467795299915,0.0,95.57470701348764,0.0,62.89696398599405,0.0,4.911001502569789,0.0,8.820343239373877,0.0,5155.863314052814,0.0,4972.039631082474,0.0,14.08645539481851,0.0,13.057624395757443,0.0,9.472006026776983,0.0
Futul,411.9490196078431,0.0,19.03072042453912,0.0,500.8560200075134,0.0,321.0,0.0,207.75840379017512,0.0,14.861350889327063,0.0,17.916472867168917,0.0,11.7741116120081,0.0,335.92659512971807,0.0,126.54384646185157,0.0,97.38509358565764,0.0,4.360228097448092,0.0,11.563830462870895,0.0,6009.877376241858,0.0,1307.9235871646824,0.0,14.861350893834423,0.0,13.643345463352116,0.0,10.577826123941586,0.0
Fvhrg,471.10980392156864,0.0,20.32393754969812,0.0,535.5805053680996,0.0,370.0,0.0,244.49940941471513,0.0,15.808910303644977,0.0,19.235384061671343,0.0,12.946588282408564,0.0,5213.652375908793,0.0,501.9531613165961,0.0,367.47669059781833,0.0,7.1646242872843375,0.0,25.470484142743118,0.0,5095.225094643005,0.0,709.498636251833,0.0,15.808910300040187,0.0,15.047349875182752,0.0,11.817478399994627,0.0
Fxkns,477.8705882352941,0.0,20.402129160436253,0.0,512.0521502416022,0.0,329.0,0.0,218.89545422578084,0.0,15.270811023191754,0.0,18.138357147217054,0.0,12.259116405378988,0.0,380.5910174256169,0.0,196.69493839601012,0.0,159.58683287474202,0.0,3.7085366930383485,0.0,32.442413406225384,0.0,4771.345364170033,0.0,615.3540144298543,0.0,15.270811034879575,0.0,13.616466830054689,0.0,11.013633934483789,0.0
Fzchs,451.0745098039215,0.0,19.926250028926713,0.0,472.3720663280619,0.0,255.0,0.0,162.72256488633428,0.0,13.923535555838653,0.0,15.968719422671311,0.0,10.333121415145836,0.0,334.59204584786727,0.0,131.5771533249361,0.0,100.25869697311555,0.0,4.410878669688668,0.0,22.206812832437304,0.0,1645.5971307065947,0.0,356.78781972635596,0.0,13.923535565863101,0.0,12.116338920838068,0.0,9.013100565291005,0.0
Fzhld,467.1019607843137,0.0,20.341125815985347,0.0,519.1304419869598,0.0,335.0,0.0,219.74148625769965,0.0,15.321170176879098,0.0,18.303005217723125,0.0,12.208254482468783,0.0,367.55051307066685,0.0,218.36734405811927,0.0,171.89905325750365,0.0,5.587834262277611,0.0,23.618806424796755,0.0,1734.0106343287089,0.0,2404.127356002615,0.0,15.321170261234009,0.0,14.502961707756938,0.0,10.967201796038772,0.0
Fählt,455.43921568627445,0.0,19.959365487538143,0.0,504.90088253304964,0.0,319.0,0.0,209.27978030158806,0.0,15.020511823171454,0.0,17.86057109949175,0.0,11.908312620672566,0.0,339.18292089979565,0.0,127.00055115888078,0.0,95.6580589816564,0.0,6.837641264898786,0.0,11.484742128304504,0.0,1721.8387568018456,0.0,2480.60675793962,0.0,15.02051191119907,0.0,14.293144443578095,0.0,10.689921684157072,0.0
Fälle,431.42352941176466,0.0,19.479260355725813,0.0,494.20078561737,0.0,301.0,0.0,195.20928366447646,0.0,14.661111899662268,0.0,17.349351572897472,0.0,11.432245065907468,0.0,332.5088849690456,0.0,123.00583683632152,0.0,92.67401013676458,0.0,5.216819402700703,0.0,10.861991063804805,0.0,2313.590547964709,0.0,2569.1812495396516,0.0,14.661112008181204,0.0,13.988341468324899,0.0,10.223536424517727,0.0
Föhne,511.3882352941177,0.0,21.172562457095637,0.0,459.503200275823,0.0,236.0,0.0,149.28578975987207,0.0,13.561434534573147,0.0,15.362291495737216,0.0,9.867253117524236,0.0,331.83923986055714,0.0,106.16303948199683,0.0,77.61716028971084,0.0,3.7227155304785655,0.0,13.418881035601645,0.0,2079.8967688150933,0.0,814.7825498864107,0.0,13.56143455233295,0.0,12.40441864435951,0.0,8.707786897360371,0.0
Föten,476.27450980392155,0.0,20.479353543718794,0.0,468.5196450656191,0.0,258.0,0.0,163.6323187205072,0.0,13.840350341751531,0.0,16.06237840420901,0.0,10.343168045770343,0.0,326.78095982349777,0.0,113.3732852427598,0.0,82.99250694686882,0.0,3.3101555054249423,0.0,12.825913177788907,0.0,2950.265593087052,0.0,1489.0709057713345,0.0,13.840350361051899,0.0,12.595218328948608,0.0,9.167948459793461,0.0
Fötus,462.16862745098035,0.0,20.120159228539325,0.0,469.3270068835857,0.0,255.0,0.0,163.11233264891982,0.0,13.89569684202886,0.0,15.968719422671311,0.0,10.372336935504135,0.0,326.8085126989768,0.0,113.37644970982076,0.0,83.50795182801507,0.0,3.1017826630311487,0.0,14.191693646952652,0.0,5085.8752017829665,0.0,1462.5459211960056,0.0,13.895696853703306,0.0,12.468428842784082,0.0,9.209866865867104,0.0
Fülle,419.7137254901961,0.0,19.22882184089022,0.0,502.4499985419766,0.0,313.0,0.0,203.93029618461009,0.0,14.893622193524092,0.0,17.69180601295413,0.0,11.712790869839122,0.0,333.2620796194337,0.0,123.35500230235563,0.0,94.6305148836797,0.0,4.78066503686553,0.0,11.000330849891728,0.0,6035.652212897278,0.0,3268.250397540626,0.0,14.893622300361947,0.0,14.116091335945557,0.0,10.520088240673527,0.0
Fürst,420.4039215686274,0.0,19.203265693693247,0.0,490.5243707770923,0.0,303.0,0.0,194.6495271715547,0.0,14.546005507987553,0.0,17.406895185529212,0.0,11.347051091152546,0.0,327.41959424054625,0.0,117.7517076656739,0.0,86.50556292979245,0.0,3.8148295559299674,0.0,11.153973171991392,0.0,5794.212534804955,0.0,2195.606342846897,0.0,14.5460055147748,0.0,13.283949733427715,0.0,10.146963433426825,0.0
Gaban,561.0509803921569,0.0,22.050588092321348,0.0,461.9564026957986,0.0,255.0,0.0,161.92576430449685,0.0,13.752534583704808,0.0,15.968719422671311,0.0,10.264731765625626,0.0,332.67687726990385,0.0,115.06215669289224,0.0,77.89100546950186,0.0,2.5848369413709684,0.0,9.967089513361497,0.0,830.4188816584478,0.0,574.3211789927319,0.0,13.752534589153997,0.0,12.739695925697836,0.0,8.83057821031913,0.0
Gabel,521.0509803921568,0.0,21.333072374413145,0.0,483.101384779263,0.0,275.0,0.0,178.60805412183245,0.0,14.353896308511938,0.0,16.583123951777,0.0,10.95580944435001,0.0,342.8465960174573,0.0,132.8923837940909,0.0,99.68145805010404,0.0,7.127753128783149,0.0,10.04810833636536,0.0,1354.6222839118002,0.0,678.4519367975877,0.0,14.353896320268063,0.0,13.291452666560927,0.0,9.666265049102053,0.0
Gaben,558.0509803921568,0.0,22.064384135740205,0.0,456.81009398247863,0.0,239.0,0.0,150.72474814788117,0.0,13.53372164302863,0.0,15.459624833740307,0.0,9.87631269262698,0.0,331.4440250220002,0.0,110.2079507068272,0.0,74.30093427024678,0.0,2.8013194913765913,0.0,9.127099287454806,0.0,1160.5836087235452,0.0,669.8502395305395,0.0,13.53372165576988,0.0,12.441311170060642,0.0,8.502980521388176,0.0
Gagen,571.6823529411764,0.0,22.334808951233946,0.0,471.6969304316938,0.0,255.0,0.0,163.02946511121263,0.0,13.94841818524064,0.0,15.968719422671311,0.0,10.390405106968673,0.0,983.885048131006,0.0,261.3329540929482,0.0,186.42898563483806,0.0,3.475629845772038,0.0,8.7553596967186,0.0,1129.340283717073,0.0,703.2397649874041,0.0,13.948418195708303,0.0,12.991645859148012,0.0,9.077795398544422,0.0
Gamma,642.3529411764706,0.0,23.655751662067814,0.0,639.1352122967984,0.0,460.0,0.0,331.09738430583513,0.0,18.468852858096053,0.0,21.447610589527216,0.0,15.797473871562548,0.0,685.1438100290477,0.0,469.9599224845104,0.0,395.595404908913,0.0,4.506053969366544,0.0,9.836430446651791,0.0,2813.822312724569,0.0,1055.6669842354725,0.0,18.468852849942028,0.0,17.992504776622596,0.0,14.538973283112348,0.0
Garbe,518.5098039215686,0.0,21.29528541917667,0.0,465.327326276499,0.0,256.0,0.0,161.13045399421244,0.0,13.763745874196998,0.0,16.0,0.0,10.20422215289769,0.0,328.60794293156437,0.0,115.19203009571704,0.0,76.79832314547681,0.0,3.603886265777403,0.0,9.900355293551236,0.0,1331.1146869721333,0.0,789.4095276886954,0.0,13.763745879114696,0.0,12.817456509492354,0.0,8.887323574532292,0.0
Garde,518.8549019607843,0.0,21.321765173804778,0.0,466.9337978424676,0.0,258.0,0.0,161.81681358397606,0.0,13.782745002400215,0.0,16.06237840420901,0.0,10.211977209131138,0.0,330.4420341602311,0.0,142.14411377181966,0.0,99.4732197552042,0.0,3.883499747742798,0.0,8.915281038846945,0.0,1444.1686854188658,0.0,724.6631117786892,0.0,13.782745016061432,0.0,12.862455420935627,0.0,8.895587923340987,0.0
Garta,475.5725490196079,0.0,20.333825697897954,0.0,478.0808139544852,0.0,295.0,0.0,186.73102794087615,0.0,14.234989518954254,0.0,17.175564037317667,0.0,11.007700145628204,0.0,326.40455397635975,0.0,118.9126185854289,0.0,80.52206233892989,0.0,5.449003331646434,0.0,8.602556751440844,0.0,3072.8566996402756,0.0,719.0906831213325,0.0,14.234989528501844,0.0,13.380111297808556,0.0,9.646691079507686,0.0
Gasse,521.0470588235295,0.0,21.285303848864483,0.0,441.9513153944973,0.0,212.0,0.0,131.99065321168246,0.0,13.051617995462388,0.0,14.560219778561036,0.0,9.171104922700327,0.0,322.7863696455222,0.0,102.84639219630331,0.0,68.55511056731291,0.0,2.898504583405817,0.0,8.601917856817439,0.0,1057.5051770330867,0.0,402.1274693174632,0.0,13.051617994486444,0.0,11.520725237015581,0.0,7.770005483593386,0.0
Gbstd,539.1921568627452,0.0,21.695565148141917,0.0,498.3465505736886,0.0,291.0,0.0,191.60051288120854,0.0,14.787857020817748,0.0,17.05872210923198,0.0,11.440310314394205,0.0,388.80658181563314,0.0,214.7471702268001,0.0,165.16810187078684,0.0,4.176605758929206,0.0,18.080423641502673,0.0,3038.1374056417926,0.0,401.0937395650528,0.0,14.787857023085854,0.0,13.748160077481431,0.0,10.161476999848784,0.0
Gdnrm,552.3176470588235,0.0,21.965571256990007,0.0,585.9199833270723,0.0,404.0,0.0,281.08905676171264,0.0,17.128246073946823,0.0,20.09975124224178,0.0,14.314546959146975,0.0,898.7220756813431,0.0,737.0818402515658,0.0,590.2860106095444,0.0,4.424372494269499,0.0,17.702983844100572,0.0,3283.368678200935,0.0,1007.5158039368596,0.0,17.128246072873218,0.0,16.497159873262465,0.0,13.151356663040056,0.0
Gdrkl,479.33333333333337,0.0,20.433546984513477,0.0,537.1751834107802,0.0,365.0,0.0,243.71220194140125,0.0,15.905890348654875,0.0,19.1049731745428,0.0,12.993162161362124,0.0,445.4440175909503,0.0,367.71101940499886,0.0,294.34745315269925,0.0,8.218629753030664,0.0,17.32203450752399,0.0,5110.282377759099,0.0,980.9082890120766,0.0,15.905890350294355,0.0,14.964807823245067,0.0,11.76978500325076,0.0
Gebet,535.3254901960785,0.0,21.724503410732005,0.0,470.4630977681941,0.0,252.0,0.0,160.93006049939873,0.0,13.92595982274787,0.0,15.874507866387544,0.0,10.287518347315181,0.0,332.47156390447196,0.0,113.81038800863521,0.0,78.05889840480216,0.0,4.889287772359175,0.0,9.613018879120741,0.0,1170.1746887303295,0.0,597.8406516828974,0.0,13.925959835699286,0.0,12.628421177642544,0.0,8.959764351595744,0.0
Gefte,491.71764705882356,0.0,20.853100380118143,0.0,485.67450740247085,0.0,290.0,0.0,185.85836622462813,0.0,14.4274902427611,0.0,17.029386365926403,0.0,11.09140339560951,0.0,347.0090387682899,0.0,178.62350790023103,0.0,143.73961535382958,0.0,4.650958243347008,0.0,12.100065694087073,0.0,3575.7152419759436,0.0,926.9911152629262,0.0,14.427490249078149,0.0,13.541837580253766,0.0,9.817549000552372,0.0
Gehör,514.5921568627451,0.0,21.20697693729391,0.0,486.3079074618207,0.0,286.0,0.0,183.80017324749855,0.0,14.420461175603512,0.0,16.911534525287763,0.0,11.041664759016463,0.0,345.11970861483735,0.0,153.4543687554771,0.0,122.61357871462081,0.0,6.817088696375069,0.0,33.48320807586676,0.0,1129.7577835445102,0.0,1627.4872131184472,0.0,14.420461202596279,0.0,13.548220316206582,0.0,9.823804801111542,0.0
Gelee,500.48627450980393,0.0,21.03513108386763,0.0,460.7051385894217,0.0,246.0,0.0,153.58535286741764,0.0,13.591748178980895,0.0,15.684387141358123,0.0,9.92394762921676,0.0,324.82824338058623,0.0,106.25001305329491,0.0,71.82451584153834,0.0,3.991638930578462,0.0,8.449262069777157,0.0,1923.2071635867517,0.0,901.7618588916941,0.0,13.591748177158596,0.0,12.55987467993863,0.0,8.615415170123477,0.0
Gemüt,570.4901960784314,0.0,22.387089499082002,0.0,575.6324885373622,0.0,390.0,0.0,270.5601884109431,0.0,16.90770957371882,0.0,19.748417658131498,0.0,14.005622851565102,0.0,501.4237300607943,0.0,326.88855529428446,0.0,272.68720805587225,0.0,4.610166101886484,0.0,29.038954495240112,0.0,8033.811024683638,0.0,3924.9707459423694,0.0,16.907709587190375,0.0,16.063812009041115,0.0,12.791738946078205,0.0
Gengs,554.6392156862745,0.0,21.996260211303024,0.0,468.63870108974277,0.0,247.0,0.0,157.84021297435052,0.0,13.851838589876952,0.0,15.716233645501712,0.0,10.222925453851062,0.0,634.7168640287522,0.0,262.26751128840954,0.0,187.34114316954302,0.0,2.7343006512645704,0.0,9.178597235325483,0.0,820.0086368871468,0.0,505.1851184171413,0.0,13.851838607287629,0.0,12.732236163350583,0.0,8.949197958937464,0.0
Gennt,500.4666666666667,0.0,20.91260186037476,0.0,465.952953869851,0.0,265.0,0.0,165.90093467883162,0.0,13.809391278087022,0.0,16.278820596099706,0.0,10.306214076996977,0.0,323.2946054340217,0.0,106.15775315581554,0.0,69.43156224227812,0.0,5.577939038665279,0.0,8.41670871693616,0.0,1691.3517414851567,0.0,588.0898130082265,0.0,13.809391287463606,0.0,12.63410495732469,0.0,8.964968040831724,0.0
Genom,576.1725490196079,0.0,22.4397769803215,0.0,549.8894639790999,0.0,344.0,0.0,236.90577291541223,0.0,16.17329206638424,0.0,18.547236990991408,0.0,13.088213285390069,0.0,855.8822608301416,0.0,654.121464162532,0.0,522.596761863628,0.0,4.7291618654157075,0.0,11.246076434673236,0.0,1641.632980000822,0.0,879.1279475003543,0.0,16.17329207545344,0.0,15.171165812967681,0.0,11.894717876403835,0.0
Genua,531.7764705882354,0.0,21.539412299298096,0.0,453.0723131628638,0.0,250.0,0.0,154.60772683843868,0.0,13.442526850265905,0.0,15.811388300841896,0.0,9.865299843985468,0.0,322.6511463652119,0.0,104.23602686064491,0.0,66.69510119997871,0.0,2.550531279865643,0.0,10.083358704064263,0.0,4278.796035113011,0.0,647.5771792597278,0.0,13.442526855279601,0.0,12.409226059530532,0.0,8.48633138924273,0.0
Gerke,507.0705882352941,0.0,21.10922110562762,0.0,487.31379067242295,0.0,290.0,0.0,186.43495448393688,0.0,14.452755748770764,0.0,17.029386365926403,0.0,11.10883672220391,0.0,340.3647034265016,0.0,124.06016766227968,0.0,86.6769706810933,0.0,3.9232441189130065,0.0,9.052364032447326,0.0,4285.207479093588,0.0,592.1329980657787,0.0,14.452755744995626,0.0,13.282238602567885,0.0,9.810102489432765,0.0
Geste,503.71764705882356,0.0,21.050067920962256,0.0,462.2801731102723,0.0,244.0,0.0,154.12380129026485,0.0,13.673342176177973,0.0,15.620499351813308,0.0,10.004275719823758,0.0,325.0854619744931,0.0,111.10965834808196,0.0,76.35845219517766,0.0,4.138758984811119,0.0,8.638093404900566,0.0,2997.851616025379,0.0,411.72436657756316,0.0,13.673342185766522,0.0,12.297894020521214,0.0,8.686809666320217,0.0
Getem,562.8705882352941,0.0,22.286203779305563,0.0,565.8372125335128,0.0,370.0,0.0,256.6082520699645,0.0,16.618627992926626,0.0,19.235384061671343,0.0,13.667452593176964,0.0,857.1041624887104,0.0,656.0821327509597,0.0,524.2897719466217,0.0,5.091837261337783,0.0,10.78147566511863,0.0,2676.0410490989416,0.0,1333.1714787752128,0.0,16.618627999842115,0.0,15.686605058161707,0.0,12.471326383389115,0.0
Getto,482.964705882353,0.0,20.58919736314262,0.0,480.9812772628947,0.0,283.0,0.0,180.08334645554459,0.0,14.25089746485788,0.0,16.822603841260722,0.0,10.868466182966062,0.0,328.18392915983947,0.0,120.45252056686101,0.0,84.84851035144565,0.0,5.127844310862465,0.0,9.437216796107219,0.0,3860.0480000390708,0.0,1258.3483536488848,0.0,14.250897473369834,0.0,13.104062196003639,0.0,9.570935333528794,0.0
Geäst,523.0470588235294,0.0,21.384720045905514,0.0,478.46925886092276,0.0,281.0,0.0,181.24131421092608,0.0,14.29492866688357,0.0,16.76305461424021,0.0,10.98117896491549,0.0,333.98100634173545,0.0,143.2206137442422,0.0,108.49833179078153,0.0,5.631081348140364,0.0,18.635975514384885,0.0,1263.205084125494,0.0,332.20246953781975,0.0,14.294928665678244,0.0,13.208404594922195,0.0,9.666129886733659,0.0
Gfcßc,492.1882352941176,0.0,20.657698690475343,0.0,517.4642707052203,0.0,321.0,0.0,214.62939752753533,0.0,15.36194552355081,0.0,17.916472867168917,0.0,12.195184395643036,0.0,659.084135822445,0.0,776.6388453318482,0.0,572.7131148204274,0.0,4.237095766601044,0.0,32.5039484621801,0.0,4505.348932659067,0.0,2027.7773457906876,0.0,15.361945486184377,0.0,14.360046911412258,0.0,10.959215770592929,0.0
Ggcht,525.9764705882353,0.0,21.38904921623379,0.0,500.57731898638167,0.0,283.0,0.0,188.15116547537565,0.0,14.818578598328537,0.0,16.822603841260722,0.0,11.412391185860958,0.0,4348.478283873967,0.0,2132.6029849274846,0.0,1611.9542924516604,0.0,6.363145503151743,0.0,21.26208770090842,0.0,1617.4805911026135,0.0,846.1571421907972,0.0,14.818578603124712,0.0,13.415692438782928,0.0,10.149332348548848,0.0
Gggln,554.2313725490196,0.0,21.960443624808338,0.0,531.478321591955,0.0,328.0,0.0,221.1951741137359,0.0,15.6591226730162,0.0,18.110770276274835,0.0,12.484227716569594,0.0,4446.667905877932,0.0,2146.2531367413685,0.0,1621.5388344550486,0.0,6.7149682084263524,0.0,21.792874808883738,0.0,1600.4226528350237,0.0,2528.172999592085,0.0,15.659122743309785,0.0,14.877081176362056,0.0,11.274712248371808,0.0
Ghtcl,449.1333333333333,0.0,19.743941395723265,0.0,511.1570061459979,0.0,320.0,0.0,210.50367953672594,0.0,15.154523152620794,0.0,17.88854381999832,0.0,11.990157093211355,0.0,374.9845556256098,0.0,149.69973015673574,0.0,115.9001207998967,0.0,11.139645993145011,0.0,13.161697641991019,0.0,2700.7543655481527,0.0,1234.9150682233906,0.0,15.154523146208552,0.0,13.803644931636272,0.0,10.697865038052859,0.0
Ghtcr,446.5921568627451,0.0,19.703107013615995,0.0,497.91497047073597,0.0,304.0,0.0,196.69866530813192,0.0,14.74342659806032,0.0,17.435595774162696,0.0,11.46004729146976,0.0,364.94924257338374,0.0,133.56390096672902,0.0,97.36828635423029,0.0,11.567786708786816,0.0,12.755140014024294,0.0,2609.395625222146,0.0,1231.371164773961,0.0,14.743426593489767,0.0,13.4116369297968,0.0,10.129249246015751,0.0
Ghtdr,494.22352941176473,0.0,20.778143738283404,0.0,514.3861137841538,0.0,327.0,0.0,214.3143683927949,0.0,15.225160496028387,0.0,18.083141320025124,0.0,12.052223984537159,0.0,372.3494903403153,0.0,164.22136502130732,0.0,121.93358723018926,0.0,6.830861613668477,0.0,12.389933909749626,0.0,2850.2556351460103,0.0,1260.1424689245628,0.0,15.225160506362755,0.0,14.313623074752783,0.0,10.768881960190127,0.0
Ghtgl,510.0509803921568,0.0,21.0765321533799,0.0,540.481316200699,0.0,355.0,0.0,238.84275130750387,0.0,15.960358029305427,0.0,18.841443681416774,0.0,12.945483745660564,0.0,663.5140134551949,0.0,284.9358274430773,0.0,210.9161403091289,0.0,5.698664685707618,0.0,12.90713091201849,0.0,2763.3069889300964,0.0,1235.7627297366278,0.0,15.960358034846898,0.0,15.035919097875048,0.0,11.708982017988665,0.0
Ghthl,485.5960784313726,0.0,20.53462787452954,0.0,528.5080141548349,0.0,351.0,0.0,233.57004705127602,0.0,15.691989295880703,0.0,18.734993995195193,0.0,12.70117001833472,0.0,379.7321899817906,0.0,152.37479303439096,0.0,119.06992740148702,0.0,7.744891040614234,0.0,13.090219069061837,0.0,2889.7320364488633,0.0,1220.6608569636787,0.0,15.691989293049328,0.0,14.753592151006861,0.0,11.44477764321195,0.0
Ghtkn,524.9803921568628,0.0,21.341322754252882,0.0,519.577834612105,0.0,339.0,0.0,225.2176592376079,0.0,15.47102999271047,0.0,18.411952639521967,0.0,12.440001077308219,0.0,380.93422578138086,0.0,145.9993614202706,0.0,109.84967929055517,0.0,3.314805055713226,0.0,11.905065528976763,0.0,4959.381445444109,0.0,1223.5954620616399,0.0,15.47102998222993,0.0,14.387582320737863,0.0,11.112911303339525,0.0
Ghtpr,494.09411764705885,0.0,20.753899315394705,0.0,516.296228522027,0.0,325.0,0.0,214.80715392096826,0.0,15.296784837848536,0.0,18.027756377319946,0.0,12.134185393143083,0.0,973.400357895539,0.0,215.2463178896423,0.0,190.39799666571477,0.0,7.209283423519807,0.0,14.010379215769094,0.0,3037.3907481593264,0.0,1494.275383832346,0.0,15.296784838461942,0.0,14.26293437382944,0.0,10.8401855786727,0.0
Ghtsc,480.7372549019608,0.0,20.411665630469088,0.0,482.6224257737384,0.0,274.0,0.0,177.1102934744013,0.0,14.32302166914776,0.0,16.55294535724685,0.0,10.881381437738693,0.0,365.2725472213078,0.0,133.36792358458865,0.0,98.16635892004848,0.0,7.061603432734536,0.0,21.285794571384752,0.0,2726.2716831307853,0.0,1216.1150159729675,0.0,14.323021661798574,0.0,12.835601708570675,0.0,9.552111556447972,0.0
Ghtsm,555.5686274509804,0.0,21.994255305328846,0.0,590.5033110856097,0.0,403.0,0.0,283.5025072858291,0.0,17.289204758263224,0.0,20.074859899884732,0.0,14.4581808375117,0.0,873.1451529761989,0.0,659.5676448539308,0.0,527.7101192797446,0.0,4.958083664953296,0.0,13.031250074483962,0.0,2748.143846480413,0.0,1223.0240598978164,0.0,17.289204752165595,0.0,16.276552551509898,0.0,13.233094739975403,0.0
Ghtsp,528.2392156862745,0.0,21.427739139106816,0.0,501.5842241856931,0.0,296.0,0.0,196.12230347129642,0.0,14.91048315057004,0.0,17.204650534085253,0.0,11.630771986626721,0.0,2732.519051225293,0.0,590.2257394902759,0.0,579.0015888314435,0.0,3.856128888818578,0.0,18.626628581035295,0.0,2723.706632840666,0.0,1215.5470354394522,0.0,14.910483143456073,0.0,13.681562789939425,0.0,10.33105498746142,0.0
Ghtsw,543.6980392156862,0.0,21.744104363866022,0.0,558.4444525636336,0.0,391.0,0.0,266.82333729572645,0.0,16.534041060816982,0.0,19.77371993328519,0.0,13.775103280817747,0.0,1342.6132851477948,0.0,2020.8717608246316,0.0,1288.128332403461,0.0,4.411747413896998,0.0,29.152058772709655,0.0,2934.9584910703056,0.0,1227.2747630030226,0.0,16.53404105385892,0.0,15.921874050292175,0.0,12.579920002334287,0.0
Gifte,439.4117647058823,0.0,19.661113520143765,0.0,515.8215989886462,0.0,345.0,0.0,224.0298702702147,0.0,15.287264939815529,0.0,18.57417562100671,0.0,12.250517297363462,0.0,348.5684983627034,0.0,183.69746314420135,0.0,147.06792668028842,0.0,4.90768280903729,0.0,12.200860583703207,0.0,5980.605120659974,0.0,2661.8134013426147,0.0,15.287264931982785,0.0,14.861937061913638,0.0,10.970089246974355,0.0
Gilde,466.09019607843135,0.0,20.21248790811269,0.0,506.55678486948926,0.0,318.0,0.0,205.67440722767986,0.0,14.952317623374276,0.0,17.832554500127006,0.0,11.710174073117432,0.0,335.1702375505251,0.0,151.23245191418044,0.0,108.5471889099254,0.0,6.822584142665844,0.0,9.4504391353598,0.0,5223.160620342802,0.0,2622.314989075211,0.0,14.952317617852461,0.0,14.445362151746373,0.0,10.426145523481445,0.0
Ginis,418.8313725490196,0.0,19.02661686095021,0.0,494.85872438381296,0.0,314.0,0.0,200.5113923095264,0.0,14.657815408511661,0.0,17.72004514666935,0.0,11.447773290476482,0.0,324.0434567015812,0.0,112.26396685924455,0.0,74.285156801164,0.0,5.4486297848233844,0.0,8.748454029524272,0.0,6168.991928910906,0.0,5557.346364433743,0.0,14.657815473847517,0.0,14.085693182182458,0.0,10.12222226241926,0.0
Ginzi,417.58431372549023,0.0,19.14864013630181,0.0,520.5728262156053,0.0,358.0,0.0,230.39590381161656,0.0,15.346607281721584,0.0,18.920887928424502,0.0,12.3438268566738,0.0,329.4750126411453,0.0,135.0550431709344,0.0,93.16525950956894,0.0,7.13040284094626,0.0,11.664970493030648,0.0,4962.532808883562,0.0,2543.1807448510103,0.0,15.346607266226933,0.0,14.766128504806273,0.0,11.03356161882072,0.0
Gisiß,459.0196078431373,0.0,19.917987944378392,0.0,541.2427218039692,0.0,371.0,0.0,248.07218108308857,0.0,16.01078757490285,0.0,19.261360284258224,0.0,13.093418732139163,0.0,523.5482444855921,0.0,644.7321171982908,0.0,396.1261387165185,0.0,6.515598901001614,0.0,21.907944274831294,0.0,6195.28665154119,0.0,5545.870459701216,0.0,16.010787643457963,0.0,15.377443859359792,0.0,11.849927105658214,0.0
Gisti,399.1058823529412,0.0,18.61506213404934,0.0,522.8613508845056,0.0,354.0,0.0,231.1548064173619,0.0,15.465555392346788,0.0,18.81488772222678,0.0,12.469508073789678,0.0,330.3218935319948,0.0,131.87781327491544,0.0,92.6804127612345,0.0,8.782153354449624,0.0,10.044907910699216,0.0,5702.028222033159,0.0,2533.0570420738068,0.0,15.465555385852593,0.0,14.648581721366492,0.0,11.184359383518476,0.0
Gitei,413.1490196078431,0.0,19.029907459879166,0.0,516.1819671653105,0.0,348.0,0.0,225.06992920867077,0.0,15.258987604208935,0.0,18.65475810617763,0.0,12.247205248129099,0.0,329.35137281040676,0.0,129.1344352404764,0.0,90.00694809398762,0.0,6.436950613315358,0.0,9.740585003977353,0.0,5531.290778097839,0.0,2829.2705714867197,0.0,15.258987600033143,0.0,14.613495623549102,0.0,10.966360559473447,0.0
Gjkqw,584.3764705882353,0.0,22.58278188527304,0.0,619.6701374487332,0.0,469.0,0.0,329.6143901773814,0.0,18.07976481177598,0.0,21.656407827707714,0.0,15.550258589131001,0.0,24652.160420377397,0.0,13326.482240358151,0.0,11043.26220720576,0.0,6.178415936230007,0.0,71.68089449241758,0.0,2718.657207566559,0.0,2322.3257954733303,0.0,18.079764817900276,0.0,17.755378473626454,0.0,14.365572125565572,0.0
Gjtnn,478.121568627451,0.0,20.39451532364592,0.0,526.3348661448656,0.0,353.0,0.0,233.67207541926746,0.0,15.607334900920726,0.0,18.788294228055936,0.0,12.670106893093239,0.0,22219.684859800323,0.0,2956.6204243097004,0.0,2824.4695454512625,0.0,3.4381251143883795,0.0,33.06941098148553,0.0,3323.4682477660717,0.0,2579.917820161461,0.0,15.607334903044663,0.0,14.818345927928657,0.0,11.412312561473657,0.0
Glanz,479.5490196078431,0.0,20.499193071205262,0.0,504.89232582193875,0.0,336.0,0.0,215.79211466582944,0.0,14.974286597214286,0.0,18.33030277982336,0.0,11.932884418904719,0.0,336.26915355573004,0.0,140.70685087127785,0.0,102.08425276735551,0.0,3.2095042983387616,0.0,14.9294426930727,0.0,4188.209212361491,0.0,1576.3915603998942,0.0,14.974286599290325,0.0,14.448205394550087,0.0,10.565251029642889,0.0
Gleis,434.1372549019608,0.0,19.456810875041764,0.0,501.6888739084115,0.0,315.0,0.0,204.02962497920174,0.0,14.861076942683942,0.0,17.74823934929885,0.0,11.649379147849372,0.0,331.86009713707506,0.0,122.1464206040277,0.0,86.58256726918135,0.0,5.406170795748308,0.0,9.600912409599495,0.0,5432.2653224847645,0.0,5174.787693990587,0.0,14.861077013700486,0.0,14.345996747766097,0.0,10.354606424120341,0.0
Glied,466.09019607843135,0.0,20.21248790811269,0.0,510.48575476730747,0.0,330.0,0.0,213.75605139790147,0.0,15.08545823392671,0.0,18.16590212458495,0.0,11.954888899141443,0.0,356.47254197153524,0.0,204.9727705527386,0.0,156.65730812226855,0.0,7.680601947427559,0.0,12.004324703089644,0.0,4189.055570475252,0.0,1677.216865746724,0.0,15.085458227696869,0.0,14.717768906557424,0.0,10.692356795249855,0.0
Glott,437.3176470588236,0.0,19.531649607984306,0.0,515.6597240733398,0.0,337.0,0.0,219.5927863858342,0.0,15.248638586407708,0.0,18.35755975068582,0.0,12.146257746127864,0.0,335.5049936236534,0.0,131.3642251642866,0.0,95.36632160776387,0.0,5.086163837901867,0.0,9.9869855208358,0.0,4866.838203575318,0.0,1569.6851021857467,0.0,15.24863858251945,0.0,14.502509320375344,0.0,10.845301234071629,0.0
Glxjs,452.14509803921567,0.0,19.828822628777576,0.0,555.6077206632801,0.0,389.0,0.0,263.359705376333,0.0,16.41746284397566,0.0,19.72308292331602,0.0,13.59316407501585,0.0,2970.769756010425,0.0,505.9903431800529,0.0,441.2804214937929,0.0,3.6625656048963156,0.0,20.9725838755081,0.0,10868.075012643103,0.0,6278.011169637057,0.0,16.417462851838355,0.0,15.755162913469483,0.0,12.348035098886484,0.0
Glück,487.5098039215686,0.0,20.55622572346024,0.0,528.8690111684598,0.0,345.0,0.0,231.22366217766967,0.0,15.710043425735556,0.0,18.57417562100671,0.0,12.674179173163385,0.0,382.4703023965729,0.0,172.38019820098086,0.0,135.08219092426177,0.0,3.8517194932545107,0.0,16.883557799426935,0.0,4259.665036233367,0.0,1538.4874561409185,0.0,15.71004342502106,0.0,14.772495904152443,0.0,11.367617303604867,0.0
Gommo,623.5058823529412,0.0,23.314502205106063,0.0,637.3534842473421,0.0,439.0,0.0,316.8353634166465,0.0,18.321663344849917,0.0,20.952326839756964,0.0,15.489778262888594,0.0,684.7675519998807,0.0,468.5523862650331,0.0,394.8597821256684,0.0,4.556211824057159,0.0,10.5361315479734,0.0,2827.499776154505,0.0,1053.6803491687667,0.0,18.3216633363037,0.0,17.562624221363546,0.0,14.307023376618966,0.0
Gongs,548.2156862745098,0.0,21.799370733998455,0.0,466.189039093897,0.0,235.0,0.0,150.7289760729763,0.0,13.75331808899798,0.0,15.329709716755891,0.0,10.012686379503263,0.0,634.7033910995017,0.0,261.4725217371971,0.0,186.942671827794,0.0,2.9467590613596615,0.0,9.164600725856829,0.0,978.7280209645292,0.0,580.8834794454989,0.0,13.753318105665887,0.0,12.437153351725858,0.0,8.751501653353529,0.0
Gonon,515.9921568627451,0.0,21.125230673560694,0.0,446.7322049946727,0.0,224.0,0.0,137.36642086105687,0.0,13.125555376881476,0.0,14.966629547095765,0.0,9.263917090148317,0.0,321.76239274224434,0.0,97.34287150186772,0.0,61.805931198506464,0.0,2.6773338498520256,0.0,9.213156504083067,0.0,1683.9101482430028,0.0,918.0380805634735,0.0,13.125555387708145,0.0,11.663241461063564,0.0,7.912855701955417,0.0
Goten,502.6901960784314,0.0,20.962028980452164,0.0,462.6799535490856,0.0,250.0,0.0,157.0689000156092,0.0,13.670538542950654,0.0,15.811388300841896,0.0,10.065688910155167,0.0,324.9986743587937,0.0,109.7474813794941,0.0,74.78210072474312,0.0,2.9585360753614194,0.0,8.31772734159178,0.0,2702.248580506984,0.0,1359.094738252722,0.0,13.670538550297042,0.0,12.326252775908808,0.0,8.755738332557224,0.0
Gotin,450.3843137254902,0.0,19.776608616393588,0.0,487.3106066921558,0.0,291.0,0.0,186.2094943059892,0.0,14.43047161136137,0.0,17.05872210923198,0.0,11.058535874484729,0.0,326.49699660111855,0.0,115.83576462581513,0.0,79.79625299690862,0.0,7.381938492966423,0.0,9.273586587766363,0.0,4596.781803404811,0.0,5096.418639482206,0.0,14.430471699910164,0.0,13.217045471776308,0.0,9.740891156371571,0.0
Gouda,551.9098039215686,0.0,21.917489886785205,0.0,460.48316257304987,0.0,244.0,0.0,153.25542341860154,0.0,13.622237537707452,0.0,15.620499351813308,0.0,9.934881694951594,0.0,330.8436797848997,0.0,140.94724859096473,0.0,98.73651073567567,0.0,2.584143508287328,0.0,10.072505853809204,0.0,2033.9145191777693,0.0,533.6942146598103,0.0,13.62223755429144,0.0,12.486065826610757,0.0,8.612692046221838,0.0
Grabe,518.5098039215687,0.0,21.29528541917667,0.0,483.37900823525916,0.0,292.0,0.0,187.43904038038963,0.0,14.38989952270531,0.0,17.08800749063506,0.0,11.119210961758382,0.0,331.3296081474364,0.0,126.1644217917457,0.0,86.14299236746669,0.0,4.55459063596004,0.0,10.31933526792168,0.0,3191.1230307208134,0.0,796.9808726780456,0.0,14.389899532624053,0.0,13.781909466159597,0.0,9.78043942717553,0.0
Grahf,481.64313725490194,0.0,20.47134962148014,0.0,521.4528024069392,0.0,362.0,0.0,237.67446486249122,0.0,15.544052251344247,0.0,19.026297590440446,0.0,12.685977884548372,0.0,371.8556272301976,0.0,230.7864189376266,0.0,189.5557082712811,0.0,4.233084854221644,0.0,15.084615473679492,0.0,3204.674338591794,0.0,664.313383578723,0.0,15.544052261043149,0.0,15.135368555189112,0.0,11.392300161094905,0.0
Grall,409.65098039215684,0.0,18.85200011926406,0.0,534.8960144498706,0.0,384.0,0.0,252.92943886678992,0.0,15.890461540772709,0.0,19.595917942265423,0.0,13.107136495038999,0.0,342.5981921984391,0.0,149.60910982301453,0.0,112.65854154677713,0.0,9.130905357627578,0.0,10.132484118232004,0.0,3315.2651726890576,0.0,2470.010029653214,0.0,15.890461623529045,0.0,15.413857867774897,0.0,11.795858347564053,0.0
Grbnd,524.7725490196078,0.0,21.395454895750134,0.0,503.32598729632616,0.0,313.0,0.0,204.0497275211369,0.0,14.930702129439913,0.0,17.69180601295413,0.0,11.714729004644736,0.0,359.07128959888405,0.0,206.04097414226334,0.0,156.54631224858932,0.0,5.104372932468334,0.0,13.150425304644335,0.0,3370.7425524568644,0.0,732.3544498063475,0.0,14.93070214441016,0.0,14.291581666191705,0.0,10.449489244732423,0.0
Grdch,492.87450980392157,0.0,20.706448670211486,0.0,501.08607278796353,0.0,307.0,0.0,199.28383463612016,0.0,14.831155928303405,0.0,17.52141546793523,0.0,11.56350116406167,0.0,348.5776402104622,0.0,164.50796260908487,0.0,120.23201526789668,0.0,3.9738890443657984,0.0,11.548091580636981,0.0,2971.093242347102,0.0,699.5095886874448,0.0,14.83115593693636,0.0,13.880890563403721,0.0,10.268838827831976,0.0
Grees,483.90196078431376,0.0,20.62156890711024,0.0,470.331336012665,0.0,269.0,0.0,170.1476504380073,0.0,13.934924382127903,0.0,16.401219466856727,0.0,10.501388869203941,0.0,323.8850361264623,0.0,111.76594338635877,0.0,74.45648932017426,0.0,3.1900239940074617,0.0,8.51657487108695,0.0,3103.5481833503018,0.0,838.350337155389,0.0,13.934924399544737,0.0,13.211850981495077,0.0,9.21889495524319,0.0
Grehe,504.686274509804,0.0,21.060749537659934,0.0,485.99416824905046,0.0,291.0,0.0,186.6198136817494,0.0,14.41745125213156,0.0,17.05872210923198,0.0,11.087186089641191,0.0,329.62921081907723,0.0,117.10974447305206,0.0,80.07569037152045,0.0,4.161618424017249,0.0,10.131094651946766,0.0,3151.9003138826233,0.0,657.548483303767,0.0,14.41745126363731,0.0,13.818072842793217,0.0,9.816853449863883,0.0
Greif,419.5960784313726,0.0,19.201643928725264,0.0,529.6278599131018,0.0,367.0,0.0,240.49059369001748,0.0,15.673877872753415,0.0,19.157244060668017,0.0,12.735199594201331,0.0,367.3217669693812,0.0,228.9017871223583,0.0,187.9627321356668,0.0,7.1212828269853095,0.0,13.965936500874214,0.0,4849.062407186588,0.0,4983.608708390295,0.0,15.673877954976959,0.0,15.297494652053897,0.0,11.476481968277586,0.0
Grfmm,562.1215686274509,0.0,22.20137157145881,0.0,706.2569665220656,0.0,564.0,0.0,407.2088236151781,0.0,19.963106531735843,0.0,23.748684174075834,0.0,17.54366541479915,0.0,988.6453121422605,0.0,759.7999906309967,0.0,618.0266186609455,0.0,10.385893064309489,0.0,15.287267913286032,0.0,3823.2824995884516,0.0,1106.8256255962765,0.0,19.963106522625523,0.0,19.70262817771301,0.0,16.31327399869713,0.0
Grgxn,508.5411764705882,0.0,21.050766341216175,0.0,538.7539456688977,0.0,366.0,0.0,244.04924894636343,0.0,15.928908648425276,0.0,19.131126469708992,0.0,12.972108829061186,0.0,988.2696468972963,0.0,287.4781497198246,0.0,208.0040395947984,0.0,3.873933665376644,0.0,37.42289653216731,0.0,3996.307752725877,0.0,685.0998411250165,0.0,15.928908648878807,0.0,15.00527846406225,0.0,11.70494903522645,0.0
Griff,393.5529411764706,0.0,18.569672206979412,0.0,552.0898464958552,0.0,410.0,0.0,270.72461572504096,0.0,16.312929923956315,0.0,20.248456731316587,0.0,13.582733127504758,0.0,378.2928233844548,0.0,252.3595344293235,0.0,208.71378855863898,0.0,7.065444284445542,0.0,14.133386389790292,0.0,3586.900044160465,0.0,1472.828877314296,0.0,16.31292996975806,0.0,16.027847091901315,0.0,12.330440417553563,0.0
Grill,354.3450980392157,0.0,17.541781835312754,0.0,550.1642873438418,0.0,403.0,0.0,265.8551222080997,0.0,16.232977541268344,0.0,20.074859899884732,0.0,13.449662762109911,0.0,342.52358217603785,0.0,148.88374750594087,0.0,112.48427234648354,0.0,11.354752918769615,0.0,10.213863073902395,0.0,3533.8657949408403,0.0,2505.281438268058,0.0,16.232977633065875,0.0,15.704402284363061,0.0,12.174653393166361,0.0
Grips,449.3764705882353,0.0,19.75626765094001,0.0,503.08545458599804,0.0,314.0,0.0,204.4399203404571,0.0,14.9174713524455,0.0,17.72004514666935,0.0,11.723793611676136,0.0,959.122028257711,0.0,205.42264170800294,0.0,181.40285265235832,0.0,5.274888496479504,0.0,11.58798925966808,0.0,3619.4388165430764,0.0,1166.1962120327253,0.0,14.917471359580382,0.0,14.065755902653,0.0,10.427565415900936,0.0
Grjtj,424.88235294117646,0.0,19.28419998570882,0.0,588.4441986960128,0.0,433.0,0.0,296.64052550597705,0.0,17.245056168760012,0.0,20.808652046684813,0.0,14.55773046867309,0.0,46537.36887628851,0.0,10267.98993046413,0.0,9856.795595473071,0.0,5.298784758211023,0.0,64.9139365114836,0.0,4746.852358349028,0.0,1038.2532355267037,0.0,17.245056182605385,0.0,16.57188045740214,0.0,13.302848973130544,0.0
Grlnr,395.46274509803925,0.0,18.5392309287481,0.0,517.9792504386938,0.0,359.0,0.0,231.75335319675963,0.0,15.340232301833142,0.0,18.947295321496416,0.0,12.388351998206534,0.0,329.4023717555497,0.0,127.44434907885544,0.0,88.37612552213473,0.0,7.155611093830271,0.0,10.66692777397962,0.0,3714.2360343486953,0.0,1002.9857132722938,0.0,15.340232308037681,0.0,14.754143336393206,0.0,11.10091347017513,0.0
Grobe,509.08627450980396,0.0,21.106276182013588,0.0,479.63485842591706,0.0,273.0,0.0,174.12017441391728,0.0,14.169254272488622,0.0,16.522711641858304,0.0,10.685952071097436,0.0,330.40295768282533,0.0,120.94440119150252,0.0,82.41748047412935,0.0,4.705514008797744,0.0,10.651352138902025,0.0,3147.36426309957,0.0,797.8747738011879,0.0,14.169254282148637,0.0,13.38107669803914,0.0,9.400730991142341,0.0
Groll,400.2274509803922,0.0,18.638230111358958,0.0,531.1518646405284,0.0,365.0,0.0,239.61057290031755,0.0,15.690931340862438,0.0,19.1049731745428,0.0,12.741653988132272,0.0,341.70210199538394,0.0,145.23419912527638,0.0,109.83611854544466,0.0,9.508731040949586,0.0,10.484711113887327,0.0,3273.215401619155,0.0,2470.2767326985468,0.0,15.69093142353814,0.0,15.056533447438587,0.0,11.4829883698357,0.0
Gruft,434.8196078431373,0.0,19.523124037011904,0.0,524.6712359407937,0.0,369.0,0.0,240.133220465161,0.0,15.577218359429201,0.0,19.209372712298546,0.0,12.679768561391816,0.0,338.9158900024796,0.0,161.7023570095037,0.0,122.79386425999417,0.0,5.020677372781266,0.0,11.240679022794602,0.0,3658.2018823261515,0.0,1407.2289382686436,0.0,15.577218398424682,0.0,15.079849640752625,0.0,11.410133735038778,0.0
Gruie,436.92941176470595,0.0,19.568204247064294,0.0,496.30588544052,0.0,319.0,0.0,203.07116561260148,0.0,14.70073595980106,0.0,17.86057109949175,0.0,11.504946484674296,0.0,325.1698378482642,0.0,117.11277860475658,0.0,78.4482257705887,0.0,4.9145042995712185,0.0,9.551562335649901,0.0,5060.705624208538,0.0,4981.179061870279,0.0,14.700736046391597,0.0,14.129534185150243,0.0,10.213905507496861,0.0
Grund,498.4980392156863,0.0,20.85365016263888,0.0,496.63565261989595,0.0,320.0,0.0,204.69943480147703,0.0,14.738885028115005,0.0,17.88854381999832,0.0,11.602305198331873,0.0,350.3081425052018,0.0,201.84667855333026,0.0,152.29689573563007,0.0,6.0525225900512565,0.0,11.735238688811236,0.0,3669.5176273667116,0.0,742.2118281786252,0.0,14.738885041321042,0.0,14.237538224465785,0.0,10.355509520680279,0.0
Grömm,598.070588235294,0.0,22.868143848501134,0.0,692.4545959473808,0.0,531.0,0.0,385.0595285266587,0.0,19.628654384511627,0.0,23.043437243605826,0.0,17.10590234272983,0.0,983.9608165760612,0.0,751.4927054867646,0.0,610.4411697911476,0.0,9.881526487289928,0.0,20.967095822775025,0.0,3304.9888934854653,0.0,758.2321015086487,0.0,19.628654384015856,0.0,19.313792591397938,0.0,15.920403895144617,0.0
Größe,539.3921568627451,0.0,21.70410322694336,0.0,518.2979894713541,0.0,330.0,0.0,219.3258819755703,0.0,15.385125956101524,0.0,18.16590212458495,0.0,12.294913573782344,0.0,485.4825163241703,0.0,596.8041297786986,0.0,359.28121776590183,0.0,5.181679193893215,0.0,21.490644056527078,0.0,5269.2741156389775,0.0,1619.080451749739,0.0,15.385125958083892,0.0,14.94381034456714,0.0,11.118299493527145,0.0
Gschr,460.92156862745094,0.0,19.969472665136774,0.0,481.47628927872427,0.0,279.0,0.0,178.84404020028097,0.0,14.262925057237624,0.0,16.703293088490067,0.0,10.844935609726322,0.0,331.0122533533803,0.0,123.42179302763667,0.0,85.0678472454269,0.0,7.0968463451475925,0.0,14.414731590064093,0.0,1470.1323872720664,0.0,380.30094386031556,0.0,14.262925065625371,0.0,12.831230380693839,0.0,9.521199023348062,0.0
Gsglb,535.2039215686275,0.0,21.57151460177363,0.0,519.824028227334,0.0,317.0,0.0,211.99549762342144,0.0,15.371384018857372,0.0,17.804493814764857,0.0,12.139712162143166,0.0,992.239154776367,0.0,281.09433772759826,0.0,204.56656642128692,0.0,3.7652453196153783,0.0,19.710023171610157,0.0,1515.819683906643,0.0,2411.163883807168,0.0,15.371384095208025,0.0,14.497626237107095,0.0,10.889948157459987,0.0
Gsvwx,531.3490196078432,0.0,21.51973924655044,0.0,586.6439907990134,0.0,439.0,0.0,301.77968887493734,0.0,17.267994964623576,0.0,20.952326839756964,0.0,14.667058830953591,0.0,628.5285588479719,0.0,778.0252319206428,0.0,535.2697369489234,0.0,3.1478911218192125,0.0,29.441921080337664,0.0,2140.866620330875,0.0,647.9227463888391,0.0,17.267994962792724,0.0,16.38973870418902,0.0,13.435141815622258,0.0
Gtrts,427.156862745098,0.0,19.31011651361326,0.0,507.38583487283444,0.0,333.0,0.0,215.98638720644405,0.0,15.072065006971526,0.0,18.24828759089466,0.0,12.021348528177777,0.0,333.55500490923646,0.0,137.4714015788213,0.0,101.74327903917661,0.0,5.718476626201757,0.0,11.384540668101005,0.0,3384.0175647409606,0.0,1152.5804960228643,0.0,15.07206501960978,0.0,14.108866971203545,0.0,10.728384971050556,0.0
Gullu,437.4196078431372,0.0,19.51228322013851,0.0,511.55148109458105,0.0,342.0,0.0,222.26859571752772,0.0,15.206252912810346,0.0,18.49324200890693,0.0,12.189264322516529,0.0,332.6792146127734,0.0,128.06900969520916,0.0,91.4702230448059,0.0,7.4108923028668725,0.0,12.33820171176724,0.0,4000.644817856087,0.0,2486.22418356758,0.0,15.206253007616203,0.0,14.51967607041703,0.0,10.925546336770582,0.0
Gunst,486.3607843137255,0.0,20.56097766118378,0.0,471.0859015988507,0.0,272.0,0.0,172.60988025338722,0.0,14.008918380895135,0.0,16.492422502470642,0.0,10.593131920171086,0.0,324.6406478195905,0.0,111.07115835037975,0.0,74.60660552640202,0.0,5.465757925859646,0.0,8.923213820819965,0.0,3553.8425362963385,0.0,470.05111089302295,0.0,14.008918382186407,0.0,12.746888486606261,0.0,9.270628208211123,0.0
Gusto,488.5843137254901,0.0,20.611248016325096,0.0,472.0276959283399,0.0,267.0,0.0,169.75657319878317,0.0,13.995584615521206,0.0,16.34013463836819,0.0,10.52936673964293,0.0,326.30472017513165,0.0,114.98592803455769,0.0,79.05091938970644,0.0,4.130461814193665,0.0,9.77542476304464,0.0,4522.42307334678,0.0,402.7003147260088,0.0,13.99558462437068,0.0,12.775737456364888,0.0,9.230712782050844,0.0
Gvngs,532.6117647058824,0.0,21.515356675095898,0.0,506.1230956068886,0.0,317.0,0.0,207.72591079297584,0.0,15.017804640351011,0.0,17.804493814764857,0.0,11.882835261060789,0.0,644.442472090374,0.0,295.31998874263087,0.0,217.5742301412879,0.0,3.7086801279885138,0.0,24.10316702438887,0.0,4830.636840483469,0.0,682.8153320249627,0.0,15.01780466072894,0.0,14.030481260021759,0.0,10.668850838716601,0.0
Gvrtg,478.74117647058824,0.0,20.469374541437436,0.0,545.1564750823784,0.0,389.0,0.0,257.2490657499986,0.0,16.09013459915703,0.0,19.72308292331602,0.0,13.288986152218323,0.0,5213.411886775919,0.0,505.79564888140027,0.0,369.70300375242437,0.0,6.748922778760939,0.0,25.13306273948652,0.0,5646.917160397639,0.0,805.818564201915,0.0,16.09013461035202,0.0,15.335739469947516,0.0,12.094766900942897,0.0
Gzckr,462.0588235294118,0.0,20.136587422353124,0.0,518.089444767497,0.0,330.0,0.0,217.44795559375018,0.0,15.321196451598007,0.0,18.16590212458495,0.0,12.143432496470439,0.0,350.3459873036849,0.0,160.41025599936157,0.0,120.06738117024229,0.0,7.012217343762492,0.0,22.318340001538104,0.0,4423.347464805214,0.0,387.4831064689397,0.0,15.32119645143599,0.0,13.800384237618484,0.0,10.768688234282976,0.0
Gztzm,532.2901960784313,0.0,21.788936167950617,0.0,613.1326166718983,0.0,445.0,0.0,309.75832282698747,0.0,17.758302565940312,0.0,21.095023109728988,0.0,15.016361426185199,0.0,862.1782054146645,0.0,666.200055284589,0.0,532.5414636568995,0.0,5.838102237469637,0.0,23.701208138498398,0.0,2910.8264371811174,0.0,1241.1640813970175,0.0,17.75830256393968,0.0,16.81898177819103,0.0,13.733677690609486,0.0
Gägän,607.3411764705882,0.0,22.97507534023899,0.0,502.25645912988466,0.0,307.0,0.0,203.2665030249696,0.0,14.979293362373165,0.0,17.52141546793523,0.0,11.83553971580209,0.0,990.3876172226428,0.0,291.1840205673692,0.0,217.70882833330327,0.0,3.5694408822321493,0.0,27.039933442707582,0.0,1506.6976757016507,0.0,797.2240780046558,0.0,14.97929338504344,0.0,14.559189837342013,0.0,10.599694932050872,0.0
Gäsäs,556.7058823529412,0.0,21.95619629945094,0.0,469.2690211173251,0.0,262.0,0.0,170.36787682617413,0.0,14.05380790418337,0.0,16.186414056238647,0.0,10.705208533821132,0.0,341.1549799113843,0.0,162.80180807306652,0.0,129.98075791592845,0.0,2.8414829685830068,0.0,26.68783858800052,0.0,1505.5782647465182,0.0,754.4904549688405,0.0,14.053807927153407,0.0,13.307891286121045,0.0,9.43617310557431,0.0
Gäule,511.1058823529412,0.0,21.142817122571635,0.0,482.9253701235539,0.0,287.0,0.0,184.36475116684755,0.0,14.371766353529576,0.0,16.941074346097416,0.0,11.046255096949192,0.0,330.8326906944728,0.0,128.72549074907354,0.0,92.38789441835331,0.0,5.824470623182546,0.0,11.221207082018282,0.0,2238.505274303763,0.0,2478.56726989087,0.0,14.371766450922802,0.0,13.816321125884977,0.0,9.795913293962663,0.0
Gören,499.2039215686274,0.0,20.88908811573174,0.0,472.9868887665286,0.0,271.0,0.0,171.00023568521087,0.0,13.981126301961565,0.0,16.46207763315433,0.0,10.533600578316115,0.0,326.4354305470295,0.0,121.69974558221578,0.0,84.15179753430402,0.0,4.060128979684892,0.0,12.3616997755724,0.0,1776.5122224033626,0.0,1027.9984886289726,0.0,13.981126322514621,0.0,13.012443307740362,0.0,9.320946561784307,0.0
Götze,512.3764705882353,0.0,21.305969330311886,0.0,486.5228479144252,0.0,277.0,0.0,178.42378156406448,0.0,14.377999893041665,0.0,16.64331697709324,0.0,10.900454850834361,0.0,331.5339788592597,0.0,138.75879266629158,0.0,100.60079708248372,0.0,3.7788174994699233,0.0,14.480629957831841,0.0,2961.7048319276023,0.0,1389.4166735643507,0.0,14.377999895703505,0.0,13.282051859749709,0.0,9.655365585803994,0.0
Hacke,524.9686274509804,0.0,21.340872730614077,0.0,459.37723424948626,0.0,267.0,0.0,170.62837039286023,0.0,13.807272135723172,0.0,16.34013463836819,0.0,10.576982851427587,0.0,337.6224462334792,0.0,109.66696505866607,0.0,77.76382640527879,0.0,2.648137142994687,0.0,8.77213085458249,0.0,4304.5149073490065,0.0,438.87396363932265,0.0,13.807272131583867,0.0,12.75342721618028,0.0,9.29519953482261,0.0
Hafen,510.87450980392157,0.0,21.102014714012224,0.0,463.17910154876336,0.0,300.0,0.0,188.23545741627944,0.0,13.945099382403713,0.0,17.320508075688775,0.0,11.000592827016849,0.0,342.4013392653109,0.0,165.97392411048543,0.0,134.9726901487825,0.0,3.024925753445281,0.0,11.537105023560297,0.0,2291.1391917197175,0.0,1061.6339435091857,0.0,13.945099386106637,0.0,13.688293847019748,0.0,9.783817264306169,0.0
Hafer,471.33333333333337,0.0,20.296481438542067,0.0,476.2283566702859,0.0,320.0,0.0,202.31374916163668,0.0,14.319482196599163,0.0,17.88854381999832,0.0,11.4485836472035,0.0,342.78543800138635,0.0,168.79349273168495,0.0,136.67895418714292,0.0,7.864205910107142,0.0,11.78203786140498,0.0,2290.9803639203337,0.0,1062.976424867313,0.0,14.31948220123224,0.0,14.091744765756019,0.0,10.247753723784037,0.0
Hahft,497.89019607843136,0.0,20.79645742168148,0.0,493.68744504537824,0.0,341.0,0.0,220.63686569545155,0.0,14.895651767664141,0.0,18.466185312619388,0.0,12.12017298242738,0.0,342.4705215878306,0.0,147.6409578684108,0.0,115.44476081403792,0.0,6.686376983695847,0.0,11.535674203173995,0.0,1749.681626215356,0.0,1316.2749704967898,0.0,14.895651804700329,0.0,14.640945879035865,0.0,10.910795122683167,0.0
Hahir,451.81176470588235,0.0,19.75384466591168,0.0,487.90017582048114,0.0,335.0,0.0,213.79431542365893,0.0,14.659939756295444,0.0,18.303005217723125,0.0,11.812042711610005,0.0,330.1841768065383,0.0,105.55131173200257,0.0,72.5678455190177,0.0,12.03922692196237,0.0,10.053310356701989,0.0,3908.200287697901,0.0,4958.508189957456,0.0,14.659939834491473,0.0,14.386073335276329,0.0,10.583100906713497,0.0
Haine,484.6117647058823,0.0,20.51518993502066,0.0,451.6836830016754,0.0,276.0,0.0,170.44882183124327,0.0,13.52422329484771,0.0,16.61324772583615,0.0,10.349137724342217,0.0,319.8061821070203,0.0,88.49408144365435,0.0,56.61842604356919,0.0,4.517381721483604,0.0,7.906251627185768,0.0,2194.10921464456,0.0,699.997310575475,0.0,13.524223294030271,0.0,13.025235949439592,0.0,9.0961555033476,0.0
Halle,454.2705882352941,0.0,19.874572867721106,0.0,480.8291299373389,0.0,316.0,0.0,201.7707571944885,0.0,14.44407270066546,0.0,17.776388834631177,0.0,11.49897560169588,0.0,328.4694275871745,0.0,108.00208985163148,0.0,78.72688738182936,0.0,6.783415563178975,0.0,7.792934769396467,0.0,2140.1731307848822,0.0,2505.5090052092073,0.0,14.444072797760974,0.0,14.153005130266815,0.0,10.276999122335571,0.0
Halme,545.0274509803921,0.0,21.803234577976813,0.0,554.78816222141,0.0,392.0,0.0,268.04650134395484,0.0,16.48770283538949,0.0,19.79898987322333,0.0,13.834173957964767,0.0,576.1914639266845,0.0,367.5695608243823,0.0,309.82731972112146,0.0,3.586135641464888,0.0,9.227026930118246,0.0,2254.5607153800743,0.0,863.482135541929,0.0,16.48770281730245,0.0,16.249969685186702,0.0,12.674771197019874,0.0
Hanoi,478.1882352941177,0.0,20.303943439266394,0.0,460.416145980743,0.0,290.0,0.0,180.68427993365134,0.0,13.792786025462348,0.0,17.029386365926403,0.0,10.726705011725569,0.0,322.23656693393764,0.0,98.57238447059453,0.0,65.45962248938604,0.0,8.54696520851959,0.0,9.815908981543176,0.0,1847.8054554674827,0.0,924.6997517100212,0.0,13.792786035287522,0.0,13.184314300667756,0.0,9.51061347827654,0.0
Hansa,525.8745098039216,0.0,21.282386542207835,0.0,438.1501414282787,0.0,260.0,0.0,160.12675130064252,0.0,13.186637629042252,0.0,16.1245154965971,0.0,10.006718972339968,0.0,320.7754902454263,0.0,91.90220728264029,0.0,60.195061168240926,0.0,2.552916682663272,0.0,8.73208187583803,0.0,1140.7899549139306,0.0,553.8429764878089,0.0,13.186637629423736,0.0,12.60215300501587,0.0,8.707100864822703,0.0
Hanse,522.8745098039217,0.0,21.296680234351765,0.0,433.6518215859512,0.0,243.0,0.0,148.54744219794463,0.0,12.967667672984804,0.0,15.588457268119896,0.0,9.605813140413838,0.0,319.57370847482457,0.0,86.0560504827596,0.0,56.08457053508682,0.0,2.5392378395440667,0.0,8.14417020564913,0.0,1125.9978574973009,0.0,553.9055421818318,0.0,12.967667672828366,0.0,12.27373009400286,0.0,8.352037822627013,0.0
Hapar,518.1568627450981,0.0,21.17929102495825,0.0,470.6691216351815,0.0,298.0,0.0,190.12787140575773,0.0,14.15883233347413,0.0,17.26267650163207,0.0,11.156764702803942,0.0,1031.3055858888522,0.0,205.57817164905657,0.0,187.51649434407582,0.0,6.954378025497708,0.0,11.782425155381326,0.0,995.7532699016853,0.0,635.0354145100671,0.0,14.158832338236271,0.0,13.583797456809458,0.0,9.859465867840395,0.0
Harem,542.4862745098039,0.0,21.76626385520797,0.0,553.9337021275135,0.0,396.0,0.0,269.5934834926012,0.0,16.44949234735345,0.0,19.8997487421324,0.0,13.859818689092071,0.0,855.2814471425371,0.0,653.1604947431257,0.0,522.1646878871246,0.0,5.928604023375903,0.0,9.993462823231136,0.0,1358.410803630142,0.0,843.6514116710326,0.0,16.44949235508297,0.0,16.099568621196212,0.0,12.727817068261693,0.0
Hasen,522.8745098039216,0.0,21.296680234351765,0.0,439.7847672565648,0.0,254.0,0.0,156.50089248191614,0.0,13.163343357483196,0.0,15.937377450509228,0.0,9.903501700910219,0.0,320.1623989961277,0.0,89.36633643759146,0.0,58.1993409376396,0.0,2.5430489288844655,0.0,8.045030410494183,0.0,1203.4340688939405,0.0,661.3678237872451,0.0,13.163343368561723,0.0,12.458981531756761,0.0,8.648668924544355,0.0
Hatar,472.0039215686275,0.0,20.22435903046133,0.0,473.6541983357946,0.0,321.0,0.0,202.94777874407578,0.0,14.27274731270805,0.0,17.916472867168917,0.0,11.448783450923763,0.0,324.44581640024415,0.0,109.29946374061201,0.0,75.33519933467316,0.0,7.625959324119942,0.0,9.147272931487935,0.0,2587.9681798445945,0.0,1317.0902464303595,0.0,14.272747315158067,0.0,13.847674026215214,0.0,10.165288480270291,0.0
Haube,554.4196078431372,0.0,21.987064457544296,0.0,447.1570521166202,0.0,260.0,0.0,161.5893255526337,0.0,13.40113134697258,0.0,16.1245154965971,0.0,10.127049199393781,0.0,325.63511757761677,0.0,98.76469825460504,0.0,65.93279565953509,0.0,2.0214992530790137,0.0,10.155504822708597,0.0,1959.3322628321332,0.0,621.2389955808503,0.0,13.401131352004894,0.0,12.948996854638882,0.0,8.925959699976739,0.0
Hauen,528.2078431372549,0.0,21.4361030245626,0.0,442.5877951425508,0.0,269.0,0.0,164.49934766313126,0.0,13.259532575278602,0.0,16.401219466856727,0.0,10.104921119218739,0.0,319.5417380179906,0.0,88.19296270466798,0.0,55.565622385667574,0.0,2.557873449938662,0.0,8.202181666873033,0.0,1899.651837863714,0.0,679.9411227695857,0.0,13.259532586381551,0.0,12.828168871904104,0.0,8.878607102847932,0.0
Hblhs,507.1803921568627,0.0,20.93659970549156,0.0,487.5358864182532,0.0,315.0,0.0,204.57008478835508,0.0,14.663943086359673,0.0,17.74823934929885,0.0,11.709097555169231,0.0,368.5515242808551,0.0,126.32815527845962,0.0,94.8953839258043,0.0,4.297285161935124,0.0,17.023578596405002,0.0,2063.9203280420725,0.0,727.4409977927154,0.0,14.663943080226899,0.0,14.147220275382482,0.0,10.514310311844318,0.0
Hbrst,469.52549019607847,0.0,20.195468104236905,0.0,487.89922450302817,0.0,324.0,0.0,207.72211993186755,0.0,14.627294401918938,0.0,18.0,0.0,11.704503154545364,0.0,363.07736561751574,0.0,126.14730643645812,0.0,92.14157412206694,0.0,7.521817596672777,0.0,15.931716122427506,0.0,1293.7470473743138,0.0,571.9150887739719,0.0,14.627294397807185,0.0,13.839391848064366,0.0,10.48952921539851,0.0
Hcrtx,424.32941176470587,0.0,19.204332780375577,0.0,512.8100709971683,0.0,378.0,0.0,243.8790807933708,0.0,15.353721847771293,0.0,19.44222209522358,0.0,12.717536017490247,0.0,336.00505727013586,0.0,155.69415595922422,0.0,116.2225221747513,0.0,5.617273698361871,0.0,23.337140731560957,0.0,3320.707416938472,0.0,657.4810858283561,0.0,15.353721857284915,0.0,14.582119458002579,0.0,11.494761929400294,0.0
Hebel,514.4823529411765,0.0,21.243088751044105,0.0,477.7084374962472,0.0,298.0,0.0,191.369504666533,0.0,14.323690672406505,0.0,17.26267650163207,0.0,11.259940263190446,0.0,340.4970454069465,0.0,122.05864547589101,0.0,93.65372435450509,0.0,6.854795016689388,0.0,9.955298452033823,0.0,1347.2099331169716,0.0,609.8969885531016,0.0,14.32369068471218,0.0,13.624416321864606,0.0,10.109707490003352,0.0
Hecke,521.9686274509804,0.0,21.35512727605592,0.0,461.51625112996794,0.0,267.0,0.0,170.26492870265082,0.0,13.83581664605412,0.0,16.34013463836819,0.0,10.556504735422031,0.0,337.5132424205699,0.0,109.18682537743314,0.0,77.47597510239403,0.0,2.7457741840309744,0.0,9.009790143850966,0.0,4282.561113215265,0.0,325.0271562214565,0.0,13.835816642304552,0.0,12.660742753775677,0.0,9.310531969417193,0.0
Hecks,507.92549019607844,0.0,20.98629603573485,0.0,462.43783828289384,0.0,270.0,0.0,173.16098020347152,0.0,13.898895643425675,0.0,16.431676725154983,0.0,10.677696108961682,0.0,337.682084270877,0.0,110.09637954484356,0.0,78.40666771762571,0.0,3.290017004387879,0.0,9.23704511899066,0.0,4283.060286686896,0.0,327.0620460338812,0.0,13.8988956402065,0.0,12.627373894067535,0.0,9.433740015676236,0.0
Hehen,540.6588235294117,0.0,21.736220185990394,0.0,452.3592844363701,0.0,274.0,0.0,170.21198769771223,0.0,13.556040411045972,0.0,16.55294535724685,0.0,10.395260053411251,0.0,328.18978258361096,0.0,93.37389687667927,0.0,63.10956654038734,0.0,2.5061937179406004,0.0,8.793538042006507,0.0,1125.1922916742997,0.0,606.7110034955862,0.0,13.55604042344414,0.0,13.062998953429931,0.0,9.207166427130248,0.0
Heibe,507.82352941176464,0.0,21.104646898794563,0.0,462.17003470095887,0.0,278.0,0.0,174.42884553699014,0.0,13.81773495446567,0.0,16.673332000533065,0.0,10.584789431408977,0.0,326.1919743112695,0.0,100.9965311663392,0.0,68.16075424571578,0.0,4.032316875449464,0.0,9.884024112598892,0.0,1823.8652837425755,0.0,696.2246704494263,0.0,13.81773495256726,0.0,13.234299137528428,0.0,9.392523486043409,0.0
Heime,535.3686274509804,0.0,21.682411101457927,0.0,551.825956249003,0.0,386.0,0.0,262.17046936349584,0.0,16.36209147144437,0.0,19.6468827043885,0.0,13.634008616553519,0.0,574.2911261725989,0.0,365.7355389765068,0.0,308.0538951651669,0.0,3.952942349658529,0.0,9.203278303929391,0.0,2029.3214174253997,0.0,629.1973126169158,0.0,16.36209145449521,0.0,15.984932701519321,0.0,12.492854067249715,0.0
Hende,551.8274509803921,0.0,22.00305385815722,0.0,447.3319830320362,0.0,255.0,0.0,157.34568502232483,0.0,13.335370228212392,0.0,15.968719422671311,0.0,9.961215176383668,0.0,327.1672926560241,0.0,127.58812528987704,0.0,90.36246096110727,0.0,2.1784133873957052,0.0,8.48942685572883,0.0,1345.076442406092,0.0,568.2566650946611,0.0,13.335370245819126,0.0,12.796121628841288,0.0,8.773489509481939,0.0
Hepft,505.9294117647059,0.0,21.065741004293606,0.0,498.07975217031054,0.0,329.0,0.0,214.54655812110525,0.0,14.953678487684531,0.0,18.138357147217054,0.0,12.023511190993089,0.0,1035.3450338629405,0.0,230.42131953192055,0.0,208.34550576393352,0.0,6.509406058896172,0.0,12.90008061915288,0.0,1757.5949114900302,0.0,1308.115099118251,0.0,14.953678523057855,0.0,14.310918902041998,0.0,10.820412935421544,0.0
Hertz,450.7137254901961,0.0,19.982075781977933,0.0,491.3233144819471,0.0,342.0,0.0,215.8683288134605,0.0,14.667081073212103,0.0,18.49324200890693,0.0,11.820753024625315,0.0,327.7315016637199,0.0,125.05275998289176,0.0,90.2678137722161,0.0,6.324211908158746,0.0,14.415846025002436,0.0,3075.0918890273488,0.0,657.2333206960345,0.0,14.667081082764396,0.0,14.070314603867299,0.0,10.626615480338346,0.0
Heudu,543.0549019607843,0.0,21.806173180398908,0.0,465.233624766501,0.0,296.0,0.0,185.05761079692118,0.0,13.9421530203771,0.0,17.204650534085253,0.0,10.881053934340315,0.0,328.70837638161015,0.0,134.66573794700224,0.0,95.20581209788814,0.0,2.3128715927661685,0.0,12.589904940867733,0.0,2058.9698734063236,0.0,449.612277049699,0.0,13.942153038344236,0.0,13.466612993314055,0.0,9.74113677459354,0.0
Heueu,525.1450980392158,0.0,21.47437660194441,0.0,449.5290700726088,0.0,279.0,0.0,171.14006048224547,0.0,13.457170643538639,0.0,16.703293088490067,0.0,10.334884576791914,0.0,319.8565636741158,0.0,91.60279542509844,0.0,58.38076351688595,0.0,2.595186798848025,0.0,12.143945001927936,0.0,1915.9419499847693,0.0,603.2244672559584,0.0,13.457170654188817,0.0,12.958681955911526,0.0,9.185271016781718,0.0
Heums,564.921568627451,0.0,22.206836927065215,0.0,539.8735776980718,0.0,371.0,0.0,251.86355918975062,0.0,16.090901022123685,0.0,19.261360284258224,0.0,13.36211723836731,0.0,574.010101942589,0.0,365.25473350502847,0.0,307.73176679693086,0.0,3.2361381811936725,0.0,9.851941923529772,0.0,2110.8199879486256,0.0,459.72152884519113,0.0,16.090901012244405,0.0,15.647638322266703,0.0,12.252321337397307,0.0
Hgbgn,613.8745098039216,0.0,23.09724823040601,0.0,507.82227002252114,0.0,317.0,0.0,211.95919798415372,0.0,15.157205988297767,0.0,17.804493814764857,0.0,12.165210295322446,0.0,4382.8340527784685,0.0,2145.707804046463,0.0,1621.1843204479883,0.0,3.5989160430515126,0.0,22.33193109846407,0.0,1359.2577421309622,0.0,866.4534532109315,0.0,15.157206003800555,0.0,14.619062521225905,0.0,11.050550540528771,0.0
Hggvl,537.2823529411764,0.0,21.62380784561185,0.0,554.2708098548662,0.0,391.0,0.0,265.9277033042243,0.0,16.44174438099231,0.0,19.77371993328519,0.0,13.742796786268254,0.0,4447.47247137594,0.0,2148.07757646315,0.0,1623.3777208887277,0.0,9.455878984484166,0.0,25.570800566632094,0.0,3992.7371025277184,0.0,929.9047004329005,0.0,16.441744375726163,0.0,15.819285147977679,0.0,12.64584875007128,0.0
Hhmhs,587.1137254901961,0.0,22.54286974960113,0.0,563.4986354615323,0.0,399.0,0.0,275.70936685758204,0.0,16.747065906239094,0.0,19.974984355438178,0.0,14.107048241010453,0.0,519.6982474287366,0.0,310.05114434728273,0.0,259.0514143508643,0.0,4.207348549725873,0.0,12.250469186905553,0.0,2768.836041877597,0.0,946.6238915255956,0.0,16.74706590814336,0.0,16.354478246188798,0.0,12.956186107683077,0.0
Hhmtd,583.9529411764706,0.0,22.5673364650096,0.0,587.555551896202,0.0,437.0,0.0,302.57869433137614,0.0,17.333949429808467,0.0,20.904544960366874,0.0,14.798132234051556,0.0,534.8336355603786,0.0,353.8568240296953,0.0,292.1595659027627,0.0,3.6047226462507753,0.0,13.875261922826756,0.0,3923.5954616542863,0.0,1000.3498072294183,0.0,17.33394943605392,0.0,17.11735432145546,0.0,13.645777347468126,0.0
Hieli,392.30588235294124,0.0,18.47842388228484,0.0,523.3086525975975,0.0,390.0,0.0,253.04379628152577,0.0,15.615809789610744,0.0,19.748417658131498,0.0,12.982027572404125,0.0,329.74140751109957,0.0,121.51225926434935,0.0,86.81824212116733,0.0,9.86827461272903,0.0,9.751854676625712,0.0,5044.638962735362,0.0,3467.3175968226697,0.0,15.615809856798485,0.0,15.613715064905618,0.0,11.789095457987933,0.0
Hilfe,418.5686274509804,0.0,19.127837203766923,0.0,515.2734565963556,0.0,378.0,0.0,244.37443141371705,0.0,15.412654584994698,0.0,19.44222209522358,0.0,12.744021408398392,0.0,337.36354364748286,0.0,150.10818879495156,0.0,116.99877248479906,0.0,6.255814661493341,0.0,10.775890334024673,0.0,5318.832035108598,0.0,2883.278348137996,0.0,15.41265461410504,0.0,15.520223081307423,0.0,11.555759695344996,0.0
Hilin,383.65882352941173,0.0,18.186794876546664,0.0,517.4797453090239,0.0,389.0,0.0,250.1635562737039,0.0,15.45874928370946,0.0,19.72308292331602,0.0,12.832947595881297,0.0,326.56293462259384,0.0,112.58536596862837,0.0,78.61520493200474,0.0,7.155427798910243,0.0,9.025439133339608,0.0,6391.841275457705,0.0,5587.631595067393,0.0,15.458749356372074,0.0,15.442461108181424,0.0,11.593993922142582,0.0
Hilms,475.678431372549,0.0,20.299763541633016,0.0,587.995857840993,0.0,450.0,0.0,308.75061520015265,0.0,17.318512514075124,0.0,21.213203435596427,0.0,14.851967607830147,0.0,577.1668753512787,0.0,370.18934614513716,0.0,311.54655980597454,0.0,6.567851854596248,0.0,9.666099478519385,0.0,5290.061572235994,0.0,2624.8529605539384,0.0,17.318512488093905,0.0,17.273042251750613,0.0,13.682219520798876,0.0
Hirti,361.3921568627451,0.0,17.71036705195451,0.0,528.7707246033751,0.0,411.0,0.0,264.9441745099758,0.0,15.756421297116024,0.0,20.273134932713294,0.0,13.246368448257089,0.0,328.01953928411103,0.0,124.03292990570219,0.0,87.17516206349092,0.0,9.70214914633616,0.0,9.446961568432908,0.0,5738.022679158357,0.0,2583.653580869386,0.0,15.756421292235267,0.0,15.593662931344273,0.0,12.058205388143925,0.0
Hisin,415.26274509803926,0.0,18.90958433847509,0.0,496.70152886629205,0.0,350.0,0.0,223.44954912767327,0.0,14.864909965669522,0.0,18.708286933869708,0.0,12.069616362984963,0.0,323.2508466470561,0.0,105.32367629092872,0.0,71.31237442383262,0.0,5.271219924619505,0.0,9.432855363905446,0.0,6184.249782487362,0.0,5545.137325105829,0.0,14.864910032813032,0.0,14.59864082126851,0.0,10.828912325922728,0.0
Hitze,446.5960784313726,0.0,19.875398095196033,0.0,499.0481727534857,0.0,349.0,0.0,222.39697657385074,0.0,14.88631389420704,0.0,18.681541692269406,0.0,12.056287522057824,0.0,326.9338405692376,0.0,121.70554206884671,0.0,86.48645948011183,0.0,5.076307637505399,0.0,10.658623529965324,0.0,5491.294777266187,0.0,2777.2086236479186,0.0,14.886313877059537,0.0,14.653314420839875,0.0,10.826613646365809,0.0
Hkstl,463.62745098039215,0.0,20.024214100103837,0.0,532.8275333158367,0.0,394.0,0.0,262.40608115873414,0.0,15.98407139562598,0.0,19.849433241279208,0.0,13.451559048516422,0.0,481.6497110854333,0.0,187.89819884829336,0.0,153.93817655251405,0.0,10.487818984784548,0.0,16.459300411468973,0.0,5810.133590258786,0.0,424.51798871194944,0.0,15.984071403464213,0.0,15.279816195033007,0.0,12.273375973876695,0.0
Hktzg,539.2235294117647,0.0,21.75535852979003,0.0,543.1108581583269,0.0,402.0,0.0,267.933432135867,0.0,16.183691832523795,0.0,20.049937655763422,0.0,13.62085745311942,0.0,5223.684084749922,0.0,506.60622731538535,0.0,373.0432971093803,0.0,4.6474714268584005,0.0,18.590389137840155,0.0,5593.668027028953,0.0,1217.8906973104533,0.0,16.183691827730676,0.0,15.781337655741561,0.0,12.431478144240662,0.0
Hnbby,565.7921568627451,0.0,22.188089395759558,0.0,513.8974282180717,0.0,343.0,0.0,228.40479638272944,0.0,15.408637137906021,0.0,18.520259177452136,0.0,12.534075211258536,0.0,497.79435394497517,0.0,183.7686971592396,0.0,135.469492169199,0.0,2.8965857881591583,0.0,13.881340318825725,0.0,1791.6372845314484,0.0,663.4844383014943,0.0,15.408637144382036,0.0,14.794890610521703,0.0,11.373805419079234,0.0
Hnnhg,563.2078431372549,0.0,22.068283113314376,0.0,488.37907993570866,0.0,320.0,0.0,206.45953778939602,0.0,14.651707976044664,0.0,17.88854381999832,0.0,11.736575401906297,0.0,5212.2436868521145,0.0,482.96004570760044,0.0,349.96719094332894,0.0,5.046208756109213,0.0,14.727847026834919,0.0,1789.3309116714427,0.0,611.639801636181,0.0,14.651707981641968,0.0,14.393491162022267,0.0,10.577025632433458,0.0
Hobon,538.635294117647,0.0,21.58147567411003,0.0,449.4611330386398,0.0,247.0,0.0,154.4081642454898,0.0,13.393531833237809,0.0,15.716233645501712,0.0,9.93416781671863,0.0,329.1662701739514,0.0,93.99917270053537,0.0,64.38712424667976,0.0,2.6125005574255753,0.0,10.247024787592723,0.0,1750.1121692778954,0.0,840.5362992525708,0.0,13.39353184557193,0.0,12.313666318758456,0.0,8.728324095401662,0.0
Hocke,515.5450980392156,0.0,21.152270849521177,0.0,459.0665891341222,0.0,255.0,0.0,163.15369180127658,0.0,13.737181239263862,0.0,15.968719422671311,0.0,10.35304186837289,0.0,337.4879049683999,0.0,107.26320423236976,0.0,76.50742018987334,0.0,2.727155470423075,0.0,9.03600679300189,0.0,4315.874928617135,0.0,433.9414511275348,0.0,13.737181234733749,0.0,12.363953772920242,0.0,9.120671171633363,0.0
Hoden,545.4039215686275,0.0,21.80622572110825,0.0,451.02690001903886,0.0,256.0,0.0,158.99856907858037,0.0,13.429627186085042,0.0,16.0,0.0,10.056374786430736,0.0,329.57385392439255,0.0,135.34515428833149,0.0,97.11842496670015,0.0,2.5413559789479088,0.0,8.818720280349053,0.0,1237.102463909983,0.0,699.6820391733977,0.0,13.429627197188998,0.0,12.718159153090273,0.0,8.887946116105356,0.0
Hokle,499.61960784313726,0.0,20.8362027089748,0.0,488.57850152920867,0.0,312.0,0.0,203.13382768906706,0.0,14.686662710999737,0.0,17.663521732655695,0.0,11.667631685579076,0.0,360.4538922457149,0.0,126.33048682532788,0.0,96.61082991070721,0.0,4.690626286787876,0.0,10.967190854370383,0.0,2305.7255811477066,0.0,2430.4762058551405,0.0,14.686662802820777,0.0,13.946875466153049,0.0,10.475157171128364,0.0
Hokon,530.1960784313725,0.0,21.383674024872324,0.0,468.80600362618907,0.0,286.0,0.0,182.61117257680763,0.0,14.076888397555422,0.0,16.911534525287763,0.0,10.937979704225324,0.0,356.1025002643305,0.0,117.18431242532091,0.0,86.93316943563022,0.0,2.572967210566238,0.0,11.253349431929053,0.0,2499.5579693015984,0.0,897.1802031612112,0.0,14.076888406370733,0.0,13.041798026880427,0.0,9.730357400341157,0.0
Honat,502.121568627451,0.0,20.84126381929714,0.0,455.366888114706,0.0,279.0,0.0,174.2278808400273,0.0,13.666243510581431,0.0,16.703293088490067,0.0,10.531518847060074,0.0,321.645703762886,0.0,94.63482203055162,0.0,62.636470842368745,0.0,4.049432735369017,0.0,8.690158151736744,0.0,1044.8299827167516,0.0,675.8436782881435,0.0,13.666243514924572,0.0,12.90749505704794,0.0,9.265773620469433,0.0
Honry,476.05098039215693,0.0,20.326933021845345,0.0,501.35502014645397,0.0,342.0,0.0,222.02117770561992,0.0,15.012511949977757,0.0,18.49324200890693,0.0,12.17310838054822,0.0,486.9376037914284,0.0,171.6104499763095,0.0,124.8122884752411,0.0,5.697934280402697,0.0,9.377177503428058,0.0,1953.2254348996482,0.0,699.8819448475695,0.0,15.012511941271956,0.0,14.36461034360469,0.0,11.063465823990773,0.0
Horde,505.8627450980392,0.0,21.027686843650145,0.0,459.091188563606,0.0,269.0,0.0,167.46702722730237,0.0,13.652038718873287,0.0,16.401219466856727,0.0,10.333762933646991,0.0,327.977567313326,0.0,130.4856639294229,0.0,92.63048677938153,0.0,4.0798050546504125,0.0,8.720889560642943,0.0,1535.313389198717,0.0,721.3531916236493,0.0,13.6520387322041,0.0,12.921985577363941,0.0,9.187035816991973,0.0
Hordu,497.1529411764706,0.0,20.796747298387857,0.0,473.4222727670364,0.0,303.0,0.0,190.61239457203573,0.0,14.137151512995485,0.0,17.406895185529212,0.0,11.086086362651915,0.0,329.31022026898637,0.0,136.2946769076583,0.0,96.67040479554765,0.0,4.030034064708213,0.0,12.178737510645762,0.0,1618.0570198112264,0.0,721.4928253669171,0.0,14.13715152789118,0.0,13.485206259834804,0.0,9.95923595783572,0.0
Horet,459.5803921568628,0.0,20.040434712164263,0.0,464.42944692880167,0.0,289.0,0.0,180.2594437897634,0.0,13.858620481363253,0.0,17.0,0.0,10.71936977100746,0.0,321.22444783676303,0.0,95.0073084918044,0.0,62.77835362577574,0.0,5.21878192048097,0.0,8.144257887966221,0.0,1417.256206497061,0.0,830.8555969046399,0.0,13.858620490314014,0.0,13.028961463522899,0.0,9.544789089858309,0.0
Hosen,513.4509803921569,0.0,21.107683487096942,0.0,439.47412214120084,0.0,242.0,0.0,149.02621389033243,0.0,13.089804922819228,0.0,15.556349186104045,0.0,9.663966868156178,0.0,320.02051735824193,0.0,86.39961715941321,0.0,56.50960920494069,0.0,2.2065562136214982,0.0,8.311775564719145,0.0,1246.7853821902759,0.0,657.9515429807427,0.0,13.089804933411118,0.0,12.060002814396737,0.0,8.460814523537307,0.0
Hotel,462.121568627451,0.0,20.08058314143962,0.0,481.4392801823725,0.0,309.0,0.0,198.0770982244705,0.0,14.425708252588235,0.0,17.578395831246947,0.0,11.445329596586493,0.0,334.33659975312503,0.0,122.07420118407413,0.0,94.27321899652767,0.0,7.24365264807093,0.0,9.452274965473395,0.0,2819.1542697260593,0.0,1363.087839474275,0.0,14.42570825916401,0.0,13.6062670359878,0.0,10.309373905596022,0.0
Hotto,472.97254901960787,0.0,20.26949382332727,0.0,470.99965110355134,0.0,294.0,0.0,186.09700178908037,0.0,14.096564173620795,0.0,17.146428199482248,0.0,11.002659179929415,0.0,325.8155390263617,0.0,106.93666121220059,0.0,77.00286566421386,0.0,4.64725977094664,0.0,9.359838381186364,0.0,3917.3809098878014,0.0,1290.2493268808446,0.0,14.096564181698275,0.0,13.25167523149915,0.0,9.827902858234728,0.0
Hpcks,525.7058823529412,0.0,21.302066548006234,0.0,481.7029738533498,0.0,287.0,0.0,189.04974638967656,0.0,14.483377667334302,0.0,16.941074346097416,0.0,11.35363930370539,0.0,1313.5132211568575,0.0,304.54387288843384,0.0,288.6436779750502,0.0,3.8046113105262993,0.0,13.659958705844629,0.0,4335.373508352825,0.0,524.8392929606797,0.0,14.48337766323008,0.0,13.232276998936204,0.0,10.087756624631139,0.0
Hpckt,511.3764705882353,0.0,21.05256817307678,0.0,501.82419975951177,0.0,321.0,0.0,212.86366176599256,0.0,15.066191967121844,0.0,17.916472867168917,0.0,12.08459560339028,0.0,1313.9862318650348,0.0,307.0687049894196,0.0,290.1493438245737,0.0,5.6415561306866095,0.0,13.569186037896875,0.0,4361.2295278026995,0.0,530.6042402418914,0.0,15.066191963499053,0.0,13.861289377088232,0.0,10.801634241970113,0.0
Hpmgn,628.0039215686274,0.0,23.373459976983632,0.0,582.8416236549729,0.0,413.0,0.0,287.97760921882536,0.0,17.15970945463666,0.0,20.322401432901575,0.0,14.509840386700901,0.0,1466.600331475444,0.0,481.1858830536639,0.0,414.52435408563065,0.0,4.189852912290466,0.0,14.902501238741145,0.0,2622.979220842553,0.0,1061.8447549503899,0.0,17.159709466550385,0.0,16.752064991973658,0.0,13.340761688525618,0.0
Hpnry,500.25490196078437,0.0,20.86050150106217,0.0,523.0698177127557,0.0,371.0,0.0,245.0211807931992,0.0,15.64238209029785,0.0,19.261360284258224,0.0,12.935641274733443,0.0,1359.5635788413003,0.0,332.4037787388746,0.0,304.7865089218452,0.0,6.618273099977268,0.0,13.617484915099379,0.0,1995.2257483197038,0.0,758.6554967647286,0.0,15.642382081702475,0.0,15.146341723511354,0.0,11.775696242955833,0.0
Hqjlq,511.01960784313724,0.0,21.12106258904667,0.0,540.0687343155263,0.0,379.0,0.0,255.72433509839937,0.0,16.102706261453697,0.0,19.467922333931785,0.0,13.418483824287426,0.0,17550.97798375061,0.0,20044.85408712492,0.0,16586.773547927245,0.0,5.6023143300337575,0.0,87.35242202424854,0.0,2801.3883434214827,0.0,2648.192243123367,0.0,16.102706348389322,0.0,15.83148393217031,0.0,12.318571278086244,0.0
Hqnsx,526.1450980392157,0.0,21.368473437636553,0.0,488.97752310967167,0.0,320.0,0.0,208.7059760095096,0.0,14.72663045857354,0.0,17.88854381999832,0.0,11.854056327835155,0.0,4441.93211272335,0.0,5296.146840528923,0.0,4430.786734519833,0.0,4.300170550236627,0.0,43.578589214778674,0.0,1614.829526677282,0.0,978.2854798137166,0.0,14.726630458205976,0.0,13.876515824694454,0.0,10.717524038936027,0.0
Hrllt,374.70980392156866,0.0,18.038361872377195,0.0,532.9562421416824,0.0,409.0,0.0,267.17805280103505,0.0,15.93356839765523,0.0,20.223748416156685,0.0,13.393436746519264,0.0,333.1222585987784,0.0,127.06964329813842,0.0,93.72613707624647,0.0,7.924307809089927,0.0,9.593893015863058,0.0,3625.152161648916,0.0,2553.8958113246777,0.0,15.933568484266653,0.0,15.78934782280001,0.0,12.17068358718026,0.0
Hrmzr,476.00784313725495,0.0,20.478764049835693,0.0,597.8455599753685,0.0,476.0,0.0,323.6486424085866,0.0,17.52445932283347,0.0,21.817424229271428,0.0,15.1201017205609,0.0,494.02163574543,0.0,315.1353930239817,0.0,260.21199300482834,0.0,6.894294839714549,0.0,13.342065968997744,0.0,3912.711839639626,0.0,1119.435353922056,0.0,17.52445932438555,0.0,17.409543514474535,0.0,13.922467781905404,0.0
Hsjlt,432.15686274509807,0.0,19.360661590558948,0.0,532.8452145095637,0.0,387.0,0.0,257.26399693986605,0.0,15.939524299262052,0.0,19.672315572906,0.0,13.309435050754281,0.0,5804.507514468056,0.0,958.0119841375626,0.0,880.7852921564889,0.0,8.20186178859273,0.0,21.558527863024782,0.0,2755.908550466963,0.0,2518.625713500104,0.0,15.939524386733796,0.0,15.350268720422497,0.0,12.109421999279098,0.0
Hsttz,456.48627450980393,0.0,20.0380330413464,0.0,500.7669478079041,0.0,354.0,0.0,227.38684862799974,0.0,15.00111068445201,0.0,18.81488772222678,0.0,12.259798242106179,0.0,333.0646160160596,0.0,139.29267961108735,0.0,104.17133031318315,0.0,5.079233991017443,0.0,17.637149394929295,0.0,3972.135099820728,0.0,1275.7001598054078,0.0,15.001110693583138,0.0,14.319022010632581,0.0,11.042555723868645,0.0
Htbtp,521.164705882353,0.0,21.323307548992297,0.0,516.3016444789791,0.0,352.0,0.0,234.0886241575626,0.0,15.499339935146757,0.0,18.76166303929372,0.0,12.705745579994682,0.0,2729.337191976959,0.0,590.8014970615736,0.0,579.8884378639282,0.0,3.4572498838792267,0.0,19.527396638228044,0.0,3382.98699666912,0.0,1039.827731776033,0.0,15.499339944124984,0.0,14.931583077057986,0.0,11.486963669984444,0.0
Htfkn,488.62745098039215,0.0,20.60224882556541,0.0,530.0063857998801,0.0,401.0,0.0,265.07320718857045,0.0,15.949694749657848,0.0,20.024984394500787,0.0,13.445736176935664,0.0,367.5379443103105,0.0,195.40032282572304,0.0,160.42724765533936,0.0,3.566168514258215,0.0,15.241105068446407,0.0,4925.1311774018,0.0,1297.515676388959,0.0,15.949694741987093,0.0,15.593864561011987,0.0,12.200499875686054,0.0
Htnbn,514.4627450980392,0.0,21.121765942737657,0.0,485.99707434719073,0.0,329.0,0.0,211.10259682562548,0.0,14.62939301973389,0.0,18.138357147217054,0.0,11.794679290842334,0.0,334.48301053069855,0.0,126.0108676060479,0.0,93.87864551556156,0.0,3.3304808120008476,0.0,13.202011142622906,0.0,1922.0298163636255,0.0,1150.5303249502103,0.0,14.629393028437205,0.0,14.252687822518773,0.0,10.576369318655289,0.0
Htscr,422.2392156862745,0.0,19.11718048701649,0.0,484.94918736631246,0.0,320.0,0.0,204.81964832473125,0.0,14.533287067494031,0.0,17.88854381999832,0.0,11.594532412010727,0.0,329.2817796224876,0.0,123.06009454881699,0.0,91.21441299030272,0.0,9.201681858008852,0.0,13.342533590135321,0.0,1646.846495930082,0.0,1007.4418599590687,0.0,14.533287075313128,0.0,13.56078627396994,0.0,10.345698807419263,0.0
Htstr,423.5882352941177,0.0,19.194812592203835,0.0,508.0690269494205,0.0,363.0,0.0,235.77025666359637,0.0,15.251136907931539,0.0,19.05255888325765,0.0,12.545070999293092,0.0,332.3569144998673,0.0,131.02678298162022,0.0,99.08683253759055,0.0,9.034188901830802,0.0,12.464595154602852,0.0,3372.8863055083293,0.0,1038.6735474388797,0.0,15.251136916474575,0.0,14.639587893268645,0.0,11.325665839393157,0.0
Hufus,485.0588235294118,0.0,20.53440057742622,0.0,472.8457661570441,0.0,312.0,0.0,198.192834757908,0.0,14.264066968599666,0.0,17.663521732655695,0.0,11.359737204307324,0.0,342.975539630232,0.0,167.56657796392886,0.0,136.33371081822438,0.0,3.513780644534373,0.0,12.925335293028969,0.0,5810.866345370967,0.0,977.9983151601177,0.0,14.264066967693312,0.0,13.825680769124489,0.0,10.195282307722174,0.0
Hugul,510.6941176470589,0.0,21.070302125981083,0.0,508.7301606741897,0.0,347.0,0.0,227.24020199629143,0.0,15.232000814057802,0.0,18.627936010197157,0.0,12.41276164014829,0.0,987.4548415459343,0.0,268.9160743570028,0.0,196.65786955132822,0.0,6.630705141435584,0.0,11.635224166289811,0.0,5519.633808260603,0.0,586.5272726373204,0.0,15.232000819108507,0.0,14.68852646999454,0.0,11.290188096823965,0.0
Huhör,502.31372549019613,0.0,20.871923382808028,0.0,485.4962292081556,0.0,324.0,0.0,207.7658705858339,0.0,14.593425761286134,0.0,18.0,0.0,11.703279085177638,0.0,343.5477448215555,0.0,146.72023840380504,0.0,119.33784169412715,0.0,6.054581457805409,0.0,33.66035763621713,0.0,3595.297366268435,0.0,1625.1157473014323,0.0,14.593425786280804,0.0,14.28933674776436,0.0,10.590393582143735,0.0
Humor,524.3529411764706,0.0,21.35642853101037,0.0,555.2819560157193,0.0,399.0,0.0,270.4002233348945,0.0,16.462331017685788,0.0,19.974984355438178,0.0,13.810064284230847,0.0,490.44563014206653,0.0,304.9085138030053,0.0,253.1258392954454,0.0,6.868904023179529,0.0,10.51190230002191,0.0,4447.21242131775,0.0,1204.5190600248973,0.0,16.462331025737132,0.0,16.02694207504148,0.0,12.667692786373053,0.0
Humus,556.2117647058824,0.0,21.988285301579396,0.0,542.5464143771405,0.0,379.0,0.0,257.76874306366767,0.0,16.1910682170405,0.0,19.467922333931785,0.0,13.513738893244371,0.0,490.07530038050817,0.0,303.5745822189932,0.0,252.49834770490673,0.0,3.840150773577692,0.0,10.318635071939225,0.0,5960.961157921194,0.0,1052.8197366624506,0.0,16.191068222259236,0.0,15.72170411654749,0.0,12.382835384637781,0.0
Hunan,519.5607843137254,0.0,21.18522767373178,0.0,453.0228491151505,0.0,293.0,0.0,181.61116880309982,0.0,13.644701046046356,0.0,17.11724276862369,0.0,10.691214276564493,0.0,321.1952643809171,0.0,95.37086766263836,0.0,61.50884389328183,0.0,2.133704426877462,0.0,8.731166300287427,0.0,3476.1613774014772,0.0,609.1794313502611,0.0,13.644701050645098,0.0,13.277708856627548,0.0,9.424837206907569,0.0
Hunde,543.1176470588235,0.0,21.782457696122187,0.0,454.0522689418686,0.0,270.0,0.0,168.18649012575017,0.0,13.583289632729372,0.0,16.431676725154983,0.0,10.348184397523681,0.0,327.85316859826764,0.0,130.05501577410575,0.0,92.1601439905296,0.0,2.6736322751176154,0.0,8.830913812280873,0.0,3643.9576387795555,0.0,561.7696651920689,0.0,13.583289649243788,0.0,13.155002652706447,0.0,9.172741098436147,0.0
Hurku,486.0823529411765,0.0,20.538783186049567,0.0,500.8331966221883,0.0,362.0,0.0,233.54601916700554,0.0,15.079171574940155,0.0,19.026297590440446,0.0,12.432589773936751,0.0,340.06103503494455,0.0,122.1443438304904,0.0,86.51640366894019,0.0,3.8888553343082015,0.0,12.436994401777248,0.0,5505.837458878655,0.0,585.6245381737365,0.0,15.07917157098818,0.0,14.557534476210657,0.0,11.25487272557728,0.0
Hurtu,448.58431372549023,0.0,19.77180039182909,0.0,489.24091694240474,0.0,350.0,0.0,221.89934183103742,0.0,14.703613318099976,0.0,18.708286933869708,0.0,12.001539282493173,0.0,324.7922746643771,0.0,111.90654190137893,0.0,77.02818357331113,0.0,5.546238659547565,0.0,11.992558833535595,0.0,4595.510828113763,0.0,650.4291557622278,0.0,14.703613327303295,0.0,14.283067491429257,0.0,10.849926244062,0.0
Husar,474.62352941176465,0.0,20.261831284395512,0.0,466.83963388172145,0.0,305.0,0.0,192.25756379710492,0.0,14.045949040988534,0.0,17.46424919657298,0.0,11.107919484015099,0.0,322.43051877570343,0.0,102.73386160301361,0.0,68.4140660037822,0.0,6.711584140025091,0.0,9.840338634001228,0.0,3477.619873467767,0.0,477.6507588710742,0.0,14.04594904559049,0.0,13.450115199520155,0.0,9.860102250997521,0.0
Hvnhb,536.1960784313726,0.0,21.558530256857317,0.0,504.20707295778027,0.0,357.0,0.0,232.4402465946574,0.0,15.180763095620371,0.0,18.894443627691185,0.0,12.490507037717004,0.0,359.2930241140045,0.0,180.6226486648015,0.0,140.10624373102854,0.0,4.301936562900759,0.0,28.219395019666965,0.0,4920.968295499603,0.0,654.1207098976957,0.0,15.180763104722955,0.0,14.768647798570811,0.0,11.35085137234563,0.0
Hvrts,429.93333333333334,0.0,19.331326706508175,0.0,506.5955284992135,0.0,374.0,0.0,240.6949187023248,0.0,15.213553053270134,0.0,19.339079605813716,0.0,12.622604688248439,0.0,341.64224851810087,0.0,170.19654659087138,0.0,131.25312840029613,0.0,5.560567512222702,0.0,23.736490925875266,0.0,5658.848870951157,0.0,801.4162279597922,0.0,15.213553064872038,0.0,14.61917595150533,0.0,11.481148193109158,0.0
Hvxvn,477.9098039215687,0.0,20.38742818477198,0.0,542.5481334726173,0.0,426.0,0.0,281.60097361663577,0.0,16.265288758784866,0.0,20.639767440550294,0.0,13.83832083420299,0.0,355.1152718520148,0.0,210.3899613485517,0.0,163.805971139595,0.0,3.3371965466252695,0.0,31.022164002662766,0.0,6251.920750840694,0.0,625.2912297148142,0.0,16.26528875835207,0.0,15.511620637461656,0.0,12.662837604660783,0.0
Hxfms,535.635294117647,0.0,21.602200964373754,0.0,603.7793166501134,0.0,471.0,0.0,328.1592638525098,0.0,17.799420414605354,0.0,21.702534414210707,0.0,15.437693256994487,0.0,602.3453511170359,0.0,422.4464948468394,0.0,357.5347464419772,0.0,3.7580433572133387,0.0,33.23134016000291,0.0,4804.231039585761,0.0,971.0768276757703,0.0,17.799420402752034,0.0,17.290941120181408,0.0,14.2771422715179,0.0
Hymnv,553.7450980392158,0.0,21.974426085077866,0.0,620.6258293151924,0.0,501.0,0.0,348.07599355725165,0.0,18.170144606155727,0.0,22.38302928559939,0.0,15.873601473934784,0.0,791.8641142501477,0.0,563.4862459462855,0.0,452.56026621284565,0.0,4.721056863140086,0.0,32.555590018050665,0.0,6020.8035916041845,0.0,1060.9910569935246,0.0,18.17014461653156,0.0,17.771040117189344,0.0,14.732060624574645,0.0
Hzkrz,472.92156862745105,0.0,20.47540736603487,0.0,533.3129988798947,0.0,402.0,0.0,262.55532581679336,0.0,15.89344073401728,0.0,20.049937655763422,0.0,13.282010318530586,0.0,369.8428691234598,0.0,173.01748532198482,0.0,134.39837562027046,0.0,6.056279832683417,0.0,26.04219305855532,0.0,2858.263177931246,0.0,630.0039460692024,0.0,15.893440729271283,0.0,15.268411322852398,0.0,12.024651608349819,0.0
Hähne,559.9882352941175,0.0,22.060465995497132,0.0,458.98165429061913,0.0,281.0,0.0,177.75638005355228,0.0,13.82906719400965,0.0,16.76305461424021,0.0,10.748832981835085,0.0,331.79842068069826,0.0,111.2006932642017,0.0,80.08498054208751,0.0,2.994326434413345,0.0,10.913864561715785,0.0,2006.0834508716405,0.0,779.4702228052931,0.0,13.829067212351438,0.0,13.644812864414279,0.0,9.596257475341913,0.0
Händä,590.4862745098039,0.0,22.639261538624122,0.0,475.6279460222534,0.0,308.0,0.0,198.5861775941238,0.0,14.389226560614834,0.0,17.549928774784245,0.0,11.497248185931625,0.0,364.20066546801024,0.0,216.77108937229715,0.0,183.0995887193231,0.0,3.038780426365492,0.0,76.79055158400868,0.0,1788.5181937386487,0.0,850.5394576272625,0.0,14.38922658615047,0.0,14.492798826134482,0.0,10.363082554740721,0.0
Hännä,563.929411764706,0.0,22.07902134133222,0.0,465.6741396374828,0.0,304.0,0.0,193.5563526084039,0.0,14.117023644923878,0.0,17.435595774162696,0.0,11.254443451122441,0.0,356.6993545865439,0.0,193.85505579941733,0.0,167.46221110405145,0.0,2.6376931833306463,0.0,76.71055692595193,0.0,2042.3476759370585,0.0,860.4895864633614,0.0,14.11702366220424,0.0,14.178866281706636,0.0,10.102095551653017,0.0
Härte,485.33333333333337,0.0,20.602009957821867,0.0,478.5899945281233,0.0,319.0,0.0,202.71104924517272,0.0,14.386784576184771,0.0,17.86057109949175,0.0,11.509011775788064,0.0,326.8242813579073,0.0,120.34278584571153,0.0,86.58281001907477,0.0,5.6280457247145765,0.0,10.377939095875291,0.0,3261.1392740028095,0.0,908.7533513460527,0.0,14.386784599479583,0.0,14.145294231494974,0.0,10.36525047552295,0.0
Häsär,518.9921568627451,0.0,21.194601171063855,0.0,483.3935510762782,0.0,326.0,0.0,210.81622214103032,0.0,14.617668819147802,0.0,18.05547008526779,0.0,11.842966393540951,0.0,340.0073315654701,0.0,159.4473666481705,0.0,128.4213376612023,0.0,6.752754977002275,0.0,27.034850485250836,0.0,1563.0256012935997,0.0,762.314486029848,0.0,14.617668840115723,0.0,14.478302715248212,0.0,10.678951896262294,0.0
Höböt,551.5686274509804,0.0,21.90606488133274,0.0,486.38833992874436,0.0,296.0,0.0,194.01294004435815,0.0,14.602764701070715,0.0,17.204650534085253,0.0,11.477043793040101,0.0,348.12575338448636,0.0,158.58010692469975,0.0,130.10535799022165,0.0,4.490656309240828,0.0,35.58295297716938,0.0,1869.2083788394546,0.0,1755.1654358737042,0.0,14.602764731000661,0.0,13.939981058834318,0.0,10.399088551646763,0.0
Höhen,550.5647058823529,0.0,21.877933350861298,0.0,462.44908701998753,0.0,280.0,0.0,177.53518896842252,0.0,13.884649172322074,0.0,16.73320053068151,0.0,10.759762620410177,0.0,332.10010299102663,0.0,111.09390728124129,0.0,80.44029531716028,0.0,2.9754973665174917,0.0,12.724443600377803,0.0,1749.349481657803,0.0,901.5946200263865,0.0,13.884649195136172,0.0,13.45914309116485,0.0,9.655322856024394,0.0
Höhle,513.5647058823529,0.0,21.14017259501857,0.0,482.7152332580299,0.0,303.0,0.0,196.09104653496422,0.0,14.495990112594916,0.0,17.406895185529212,0.0,11.441620547240694,0.0,336.9368503501197,0.0,120.15647180323867,0.0,90.47930659234397,0.0,5.149266149307665,0.0,13.138790787538786,0.0,1890.2704960423441,0.0,2486.2122511547705,0.0,14.495990210244962,0.0,14.173234456303547,0.0,10.338623850338381,0.0
Höhlö,523.4705882352941,0.0,21.28585438919582,0.0,499.1396656151734,0.0,329.0,0.0,215.7463169468643,0.0,14.99757729700439,0.0,18.138357147217054,0.0,12.105573165928472,0.0,368.99249631601475,0.0,200.5103276761648,0.0,174.93692101379895,0.0,4.756733240695474,0.0,76.87900194793372,0.0,1951.415798576088,0.0,2487.1060262390074,0.0,14.997495677849674,0.0,14.87854333688387,0.0,11.052066848727769,0.0
Höllö,471.08235294117645,0.0,20.19823403687514,0.0,509.4823817585815,0.0,348.0,0.0,228.38578718688944,0.0,15.271906922946606,0.0,18.65475810617763,0.0,12.455478588802887,0.0,364.7319614402496,0.0,202.359473286575,0.0,176.23133078956425,0.0,6.690473739798657,0.0,76.69707880355207,0.0,2535.0464500952967,0.0,2577.0304955213887,0.0,15.27182678034687,0.0,15.131064852796882,0.0,11.384918377443274,0.0
Hörer,456.09411764705885,0.0,19.9641269977429,0.0,478.5041797245535,0.0,314.0,0.0,198.20341966547812,0.0,14.296796252131708,0.0,17.72004514666935,0.0,11.32267787605107,0.0,324.48643517577597,0.0,114.44533818733797,0.0,80.15202708319285,0.0,8.857719729130313,0.0,12.39884390948134,0.0,1820.5343674390285,0.0,1028.9209019762716,0.0,14.296796272108237,0.0,13.850959093366146,0.0,10.230232416764414,0.0
Hürde,519.9058823529413,0.0,21.337605541082528,0.0,480.19051118303986,0.0,311.0,0.0,198.09715651110417,0.0,14.38427928780971,0.0,17.635192088548397,0.0,11.39861348127225,0.0,332.7718904765105,0.0,147.21928169292102,0.0,108.40724350898397,0.0,3.759660525311585,0.0,11.122931903728794,0.0,5859.139616719024,0.0,2214.5885011409464,0.0,14.384279309216293,0.0,14.080656138503032,0.0,10.28201742392632,0.0
Hüter,473.6235294117647,0.0,20.365382875967164,0.0,489.29656712654435,0.0,335.0,0.0,214.90221327967822,0.0,14.708482039488683,0.0,18.303005217723125,0.0,11.904037941134117,0.0,327.90751906928756,0.0,122.3863776662168,0.0,90.03837165523919,0.0,8.203392576535528,0.0,11.166182876228447,0.0,6281.177640166061,0.0,2497.2871071938653,0.0,14.708482055062346,0.0,14.343955538113681,0.0,10.759127264415643,0.0
Iband,516.2509803921569,0.0,21.221084449694573,0.0,478.21539020997204,0.0,256.0,0.0,166.49932021798287,0.0,14.207453847972925,0.0,16.0,0.0,10.601881111106616,0.0,385.06754249823285,0.0,203.0442340496706,0.0,157.43561148487478,0.0,7.437117558632425,0.0,18.47752507386956,0.0,1822.2147786268542,0.0,550.5092007473116,0.0,14.20745384979307,0.0,12.574766210022215,0.0,9.21453845871294,0.0
Ichzt,419.7803921568627,0.0,19.246594589859804,0.0,494.8813213466649,0.0,287.0,0.0,184.91865292350877,0.0,14.599070507687172,0.0,16.941074346097416,0.0,11.095513786501392,0.0,335.0832621037421,0.0,122.69607447229852,0.0,89.05160336088511,0.0,5.425237675085527,0.0,16.847495927713474,0.0,1625.2367354033656,0.0,409.7125383216536,0.0,14.599070506928477,0.0,12.665129596624745,0.0,9.690921824579378,0.0
Icken,457.1803921568627,0.0,19.973122655318146,0.0,480.93781135234246,0.0,268.0,0.0,172.76546199618866,0.0,14.260308384894527,0.0,16.3707055437449,0.0,10.7264428952919,0.0,358.0949288834803,0.0,125.30785259537,0.0,93.84327515090371,0.0,7.590833766704108,0.0,16.615888870186794,0.0,2389.5217484342606,0.0,727.0164507940523,0.0,14.26030839659228,0.0,12.216088231025234,0.0,9.320735663813991,0.0
Icons,427.5882352941177,0.0,19.234152391612167,0.0,445.90765839709996,0.0,208.0,0.0,127.81313730636151,0.0,13.054800840415801,0.0,14.422205101855956,0.0,8.972648347424201,0.0,321.36897746511534,0.0,90.9625966336078,0.0,61.29380634802466,0.0,6.882998026114212,0.0,16.15532880194323,0.0,2015.2433824688326,0.0,546.7570128233161,0.0,13.054800850436976,0.0,10.656024114179056,0.0,7.502087336244335,0.0
Ideen,495.6862745098039,0.0,20.92154841316994,0.0,460.09719013141023,0.0,224.0,0.0,142.57257406330558,0.0,13.563677734831492,0.0,14.966629547095765,0.0,9.693674257949704,0.0,420.5683656036206,0.0,347.2905662798667,0.0,278.4077008081727,0.0,5.079649588208625,0.0,16.452740946744942,0.0,2919.5849836982097,0.0,1029.0101636817842,0.0,13.563677754337567,0.0,11.802684924514478,0.0,8.395371180170404,0.0
Idels,444.64313725490194,0.0,19.757461324016592,0.0,481.28492352237845,0.0,250.0,0.0,164.024483130668,0.0,14.25037116162095,0.0,15.811388300841896,0.0,10.567824359112368,0.0,424.53234752134784,0.0,350.5793902400141,0.0,281.72999574863843,0.0,5.307254877099221,0.0,16.90318527729754,0.0,3005.9695641834264,0.0,2533.1079947896146,0.0,14.250371252242392,0.0,12.577423343809686,0.0,9.298042058708292,0.0
Idils,392.33725490196076,0.0,18.494995738272237,0.0,496.42437266394603,0.0,280.0,0.0,183.9064171902687,0.0,14.695155967170468,0.0,16.73320053068151,0.0,11.192731233432742,0.0,425.01314495205975,0.0,351.43510781310135,0.0,282.3040667527775,0.0,5.507701050632716,0.0,16.789987557222172,0.0,3291.8420357511964,0.0,2567.2997364654593,0.0,14.695156065891663,0.0,13.019613734781421,0.0,9.906479486086416,0.0
Idiot,417.2313725490196,0.0,19.11293456247336,0.0,487.24427451323436,0.0,264.0,0.0,171.0564646189156,0.0,14.374996816240092,0.0,16.24807680927192,0.0,10.720720904465173,0.0,422.0901336052746,0.0,349.27360140246947,0.0,279.9847844769299,0.0,4.702964087366643,0.0,17.016172562960314,0.0,3459.6617133287664,0.0,1221.6820149450248,0.0,14.374996824713476,0.0,12.368251068113418,0.0,9.405916021786558,0.0
Idole,452.2627450980392,0.0,19.933670478916184,0.0,476.49036280770684,0.0,239.0,0.0,154.7658163816659,0.0,14.031888595060664,0.0,15.459624833740307,0.0,10.20588792983316,0.0,424.21703680441937,0.0,349.61948940937725,0.0,281.0013677768355,0.0,5.005045650373842,0.0,17.02150550858133,0.0,3009.2345236726987,0.0,2532.84431650745,0.0,14.031888691772291,0.0,12.26479211945852,0.0,8.914355129945704,0.0
Ihnon,469.44705882352935,0.0,20.167412742259415,0.0,465.7471770091986,0.0,239.0,0.0,151.60385124043478,0.0,13.751991844256048,0.0,15.459624833740307,0.0,9.966551892888566,0.0,359.92873226459045,0.0,102.80288567076653,0.0,77.40328252624927,0.0,5.074711937751592,0.0,12.827391633791024,0.0,1790.2823653133469,0.0,909.3322600036986,0.0,13.751991849288666,0.0,11.736817939065379,0.0,8.588179533065011,0.0
Illan,389.4823529411765,0.0,18.38158900373391,0.0,507.1150620689182,0.0,322.0,0.0,209.7175365921018,0.0,15.0426921994271,0.0,17.944358444926362,0.0,11.867956034780839,0.0,334.6393400746682,0.0,118.1898939094565,0.0,88.9501959596115,0.0,10.633119180476337,0.0,12.139605609693199,0.0,4200.73041630779,0.0,1743.9159693382956,0.0,15.042692189180707,0.0,13.837578257260553,0.0,10.492634553261132,0.0
Indas,484.643137254902,0.0,20.530117784739726,0.0,461.8268801213066,0.0,231.0,0.0,147.01667018307603,0.0,13.653178793526152,0.0,15.198684153570664,0.0,9.833036762636825,0.0,332.1056228421952,0.0,139.99110403592962,0.0,102.40080706659431,0.0,6.757417967023535,0.0,12.859974892178194,0.0,1466.7845273519315,0.0,718.1870526230916,0.0,13.653178796400958,0.0,11.754185909850573,0.0,8.401622711966693,0.0
Inder,447.4980392156863,0.0,19.841136068972894,0.0,478.33706553043726,0.0,256.0,0.0,163.13910710640658,0.0,14.08050828243122,0.0,16.0,0.0,10.360045426710151,0.0,332.002213930166,0.0,141.7040157174237,0.0,103.23407838967833,0.0,7.322032061254324,0.0,12.6013900130275,0.0,1680.9030546845183,0.0,803.381246798339,0.0,14.08050829347361,0.0,12.322785075010481,0.0,9.023483075126018,0.0
Index,483.73333333333335,0.0,20.62605527224753,0.0,493.79830011612654,0.0,274.0,0.0,179.67217079115773,0.0,14.612865367180223,0.0,16.55294535724685,0.0,11.053823182081812,0.0,342.20718174457477,0.0,174.06541461763567,0.0,132.50635917871872,0.0,6.626284025988155,0.0,21.846220944514933,0.0,1786.4842718294801,0.0,805.708838189865,0.0,14.612865377417267,0.0,12.624510417239838,0.0,9.737324957586035,0.0
Indiz,428.0901960784314,0.0,19.45405375782787,0.0,503.52340505093616,0.0,294.0,0.0,190.0153562466014,0.0,14.802894537023484,0.0,17.146428199482248,0.0,11.266418710878092,0.0,337.01727818083987,0.0,158.04554085482377,0.0,117.80221125966274,0.0,5.523608658166582,0.0,17.72722820916812,0.0,4086.632603569687,0.0,4975.01312574789,0.0,14.802894617557593,0.0,13.130082091731069,0.0,9.898245497091295,0.0
Insel,418.0862745098039,0.0,19.112935367096018,0.0,480.02632332786123,0.0,258.0,0.0,166.9717661467527,0.0,14.196470131084324,0.0,16.06237840420901,0.0,10.584106302580372,0.0,333.8340062022461,0.0,117.46192870012847,0.0,91.49249815870186,0.0,5.121222347195561,0.0,13.118906216494253,0.0,1827.1501520107286,0.0,772.9553227639321,0.0,14.196470139493602,0.0,12.091804493143536,0.0,9.265833429825665,0.0
Ionen,462.7058823529412,0.0,20.100629579601417,0.0,442.30117825452214,0.0,202.0,0.0,124.32102246899974,0.0,12.971290692923013,0.0,14.212670403551895,0.0,8.854078575698342,0.0,320.0232764415578,0.0,80.39578430927678,0.0,53.810652078465694,0.0,6.424811125176788,0.0,11.155598265429541,0.0,1222.7608715951314,0.0,814.6814300770848,0.0,12.971290704004813,0.0,10.683375132788514,0.0,7.460030819100128,0.0
Irben,447.15294117647056,0.0,19.81267754405803,0.0,483.9570147226065,0.0,270.0,0.0,174.40988093951617,0.0,14.325597648885953,0.0,16.431676725154983,0.0,10.78016885316068,0.0,332.53328328125133,0.0,108.35454015617819,0.0,78.14056273829246,0.0,9.198751011286939,0.0,12.140723288924116,0.0,3129.106833696025,0.0,878.2359712719483,0.0,14.325597667491236,0.0,12.688275172681653,0.0,9.446649557716272,0.0
Irnst,387.1725490196078,0.0,18.37142483010914,0.0,489.3735195486644,0.0,288.0,0.0,185.8176496318063,0.0,14.520613077034191,0.0,16.97056274847714,0.0,11.111192260676958,0.0,325.1757334106109,0.0,106.77649163983885,0.0,76.60308407312131,0.0,6.516600170913092,0.0,11.900895451278386,0.0,3125.48332562673,0.0,798.7776384343744,0.0,14.520613083869248,0.0,12.717366152207171,0.0,9.768967458137162,0.0
Irnta,404.21568627450984,0.0,18.775448806702812,0.0,491.01886716719747,0.0,300.0,0.0,193.18358162615934,0.0,14.609254504270762,0.0,17.320508075688775,0.0,11.314803830242395,0.0,326.67296419714563,0.0,112.1203737167252,0.0,80.65325245112885,0.0,9.632167237485007,0.0,11.998735731645626,0.0,4196.522607646668,0.0,851.5694198786091,0.0,14.609254513133413,0.0,13.212473067140412,0.0,9.953405791116163,0.0
Irrer,341.8588235294118,0.0,17.375901947054835,0.0,500.9542451640799,0.0,316.0,0.0,201.80390064170228,0.0,14.7752659301255,0.0,17.776388834631177,0.0,11.506779226425193,0.0,324.0961197478805,0.0,108.77293102726863,0.0,75.41362893336337,0.0,5.939206901640945,0.0,11.629508011551437,0.0,3159.7649680449636,0.0,1012.3273372194974,0.0,14.775265944657747,0.0,13.36362876430689,0.0,10.216325859118252,0.0
Islam,474.8431372549019,0.0,20.330789638006753,0.0,579.3615960039864,0.0,384.0,0.0,269.3589183867057,0.0,16.99464516195058,0.0,19.595917942265423,0.0,14.070552768886246,0.0,858.3601665166674,0.0,656.1588326717451,0.0,525.179480343994,0.0,14.151100767993686,0.0,15.525692835357157,0.0,1998.1698063504907,0.0,920.4659656126275,0.0,16.994645159783428,0.0,15.525618363126824,0.0,12.795898608528054,0.0
Itidi,371.3490196078431,0.0,18.045352749756088,0.0,528.5479149406245,0.0,339.0,0.0,224.13967659323396,0.0,15.597737098888993,0.0,18.411952639521967,0.0,12.395079592076188,0.0,340.4983925359095,0.0,159.87981695575232,0.0,121.71823340287882,0.0,6.507122544974895,0.0,14.473607889481906,0.0,2517.373650113187,0.0,1178.9031027047822,0.0,15.597737111666127,0.0,13.987211170552229,0.0,11.077292726934585,0.0
Ixtra,400.9098039215686,0.0,18.73320814153639,0.0,521.9590552693826,0.0,341.0,0.0,226.12938980858712,0.0,15.51570372697747,0.0,18.466185312619388,0.0,12.443768159351361,0.0,352.15685621589887,0.0,191.3521154775336,0.0,154.25583003279834,0.0,5.57116468189479,0.0,32.37683080013866,0.0,5137.821271300768,0.0,1349.8090248203368,0.0,15.515703719572866,0.0,13.561289003810987,0.0,11.118810322858144,0.0
Jacht,435.64313725490194,0.0,19.410869062324586,0.0,462.89177417445853,0.0,226.0,0.0,146.50465829932728,0.0,13.74415245283438,0.0,15.033296378372908,0.0,9.905885660933448,0.0,328.67229839015374,0.0,103.77733529075451,0.0,75.81534072086176,0.0,5.233824896612798,0.0,10.310829275136575,0.0,1371.9086064857158,0.0,402.57627992569826,0.0,13.74415245954827,0.0,11.13365866838077,0.0,8.451197345257164,0.0
Jacke,466.40000000000003,0.0,20.12486359118067,0.0,459.21007236942546,0.0,213.0,0.0,139.32560958247367,0.0,13.635149275510665,0.0,14.594519519326424,0.0,9.713030343278678,0.0,339.51677140466313,0.0,112.42061888954208,0.0,83.88376989408808,0.0,7.495589253386616,0.0,9.981993041909952,0.0,4287.715292525454,0.0,416.8065778380364,0.0,13.63514927107999,0.0,10.907361568941159,0.0,8.237152869702532,0.0
Jagen,509.5450980392157,0.0,21.070861568241323,0.0,463.9978043881355,0.0,224.0,0.0,144.8515965357361,0.0,13.717857654016353,0.0,14.966629547095765,0.0,9.880292437832685,0.0,983.758449377516,0.0,257.3897295452673,0.0,186.0762043488827,0.0,6.841099895184638,0.0,9.600990571438357,0.0,1134.9835891809648,0.0,689.1988882747918,0.0,13.717857664560697,0.0,11.679939962167106,0.0,8.505325195579418,0.0
Jahre,445.54901960784315,0.0,19.69984962774164,0.0,463.0071714172503,0.0,238.0,0.0,152.09521339460477,0.0,13.734031934742273,0.0,15.427248620541512,0.0,10.014274009979625,0.0,330.85685386129205,0.0,102.042559857199,0.0,74.664596368134,0.0,5.601661278431288,0.0,10.24694449849861,0.0,1884.2528812504002,0.0,585.461688649623,0.0,13.734031924163139,0.0,11.87283306623805,0.0,8.65271976376908,0.0
Japan,499.1294117647059,0.0,20.772277684080397,0.0,457.45270463359816,0.0,224.0,0.0,144.74681885001397,0.0,13.60761887287302,0.0,14.966629547095765,0.0,9.843107530784682,0.0,1031.799764477,0.0,204.76825261980858,0.0,188.9132085743449,0.0,6.556369185140855,0.0,12.358670089275762,0.0,919.4247311450089,0.0,617.4670895035835,0.0,13.60761887658149,0.0,11.385618200872438,0.0,8.328603963045893,0.0
Jcrys,388.7882352941177,0.0,18.365775217681534,0.0,504.2320950425492,0.0,295.0,0.0,195.4238151843715,0.0,14.946960035683277,0.0,17.175564037317667,0.0,11.587535541610917,0.0,668.9059091113064,0.0,537.9521351558409,0.0,420.22022419359394,0.0,7.930842272127391,0.0,17.99294713336543,0.0,3826.3392526036732,0.0,550.2615387765633,0.0,14.946960031589759,0.0,12.676950019284384,0.0,10.263008383329783,0.0
Jecke,463.4,0.0,20.1399788141872,0.0,461.34908924990714,0.0,213.0,0.0,138.96216789226423,0.0,13.664053359042834,0.0,14.594519519326424,0.0,9.690726723989634,0.0,339.40817708713814,0.0,111.95228966989045,0.0,83.6169891380978,0.0,7.5645123593053,0.0,10.182739312087818,0.0,4265.677322637721,0.0,294.3932649217475,0.0,13.664053354905898,0.0,10.798844276212423,0.0,8.254450832749933,0.0
Jeeps,487.73333333333335,0.0,20.682856329430606,0.0,451.30159713609817,0.0,197.0,0.0,127.31934728576054,0.0,13.333819856021297,0.0,14.035668847618199,0.0,9.25331949414381,0.0,957.8425442025338,0.0,191.5949930511947,0.0,175.6046190955433,0.0,7.013489188804525,0.0,12.351441118550698,0.0,1672.336569139624,0.0,916.1927619217557,0.0,13.333819864516721,0.0,10.909251322893939,0.0,7.8728593965186535,0.0
Jemen,520.4588235294118,0.0,21.38466754830386,0.0,534.8516047692807,0.0,313.0,0.0,216.1451632214431,0.0,15.786654828624448,0.0,17.69180601295413,0.0,12.515117669016531,0.0,490.9065602148851,0.0,303.5338273416661,0.0,253.63507279075273,0.0,6.932100532120643,0.0,9.894251111493382,0.0,2586.8027225518936,0.0,1083.028378123589,0.0,15.786654837561011,0.0,14.04838255024567,0.0,11.262732139661415,0.0
Jhntz,438.4274509803922,0.0,19.618810658184056,0.0,497.4499734982785,0.0,290.0,0.0,189.4713783125007,0.0,14.746739121837534,0.0,17.029386365926403,0.0,11.332457912962017,0.0,367.61590827959475,0.0,137.49796046199876,0.0,107.61194843342871,0.0,4.198683146735181,0.0,16.350716673061655,0.0,3095.188711895928,0.0,529.6051904203341,0.0,14.746739122342905,0.0,12.826397816115973,0.0,9.971991847611575,0.0
Jhrln,388.2549019607843,0.0,18.318578942885715,0.0,505.4956209550571,0.0,309.0,0.0,202.33462565675399,0.0,14.991601020363449,0.0,17.578395831246947,0.0,11.707441033962153,0.0,366.830565787537,0.0,126.05397728279844,0.0,97.89997137237744,0.0,5.322262699657901,0.0,11.886303733379513,0.0,1569.2426509239897,0.0,2439.8294625017197,0.0,14.991601104073501,0.0,13.27499370159364,0.0,10.370431012744499,0.0
Jirir,283.0078431372549,0.0,15.664550152745825,0.0,523.0249599901208,0.0,350.0,0.0,226.8895559203479,0.0,15.412999237822255,0.0,18.708286933869708,0.0,12.287857162477733,0.0,325.65794782500427,0.0,115.31665634418559,0.0,81.66256986964912,0.0,3.943938563382705,0.0,10.71525695833606,0.0,6192.757628946595,0.0,5567.386765723251,0.0,15.412999306885247,0.0,14.068144825017406,0.0,10.946910933270853,0.0
Jjxlt,375.67843137254897,0.0,18.103930806588664,0.0,567.8319046418327,0.0,389.0,0.0,267.86115122105207,0.0,16.754351754679796,0.0,19.72308292331602,0.0,13.840703691313262,0.0,22219.881335301707,0.0,2958.2410948561496,0.0,2825.816318332588,0.0,4.891349165410596,0.0,36.40208147152355,0.0,2481.163438588068,0.0,3273.186377083862,0.0,16.754351826138116,0.0,15.14275563410622,0.0,12.548850571803529,0.0
Jngjr,436.0117647058824,0.0,19.471739791786227,0.0,537.17796257511,0.0,327.0,0.0,222.28827800562982,0.0,15.8233270498751,0.0,18.083141320025124,0.0,12.561043662440653,0.0,3110.998536481265,0.0,547.8590756592615,0.0,465.6027663836316,0.0,8.30096716836947,0.0,17.613812786739402,0.0,10179.651111850351,0.0,6114.546925245448,0.0,15.823327064099628,0.0,14.116588192471701,0.0,11.283429800562736,0.0
Joule,423.2156862745098,0.0,19.21802386741947,0.0,462.37613438516826,0.0,226.0,0.0,144.2777658277028,0.0,13.656916464812502,0.0,15.033296378372908,0.0,9.74838047185506,0.0,326.3966554920799,0.0,99.818957293501,0.0,74.8254569194169,0.0,5.469999463790006,0.0,10.048151804569695,0.0,2021.9021676329303,0.0,2409.299057349822,0.0,13.656916554966777,0.0,11.43818325844133,0.0,8.409958920647863,0.0
Jrgll,375.7098039215686,0.0,18.066060162532178,0.0,551.1683667220718,0.0,363.0,0.0,246.12930164104864,0.0,16.23786536791472,0.0,19.05255888325765,0.0,13.178771891770886,0.0,990.4683962437208,0.0,278.2623547208548,0.0,206.70123146636197,0.0,8.127881021044914,0.0,12.477182184471905,0.0,3265.2706081672027,0.0,2470.440845235431,0.0,16.237865444025836,0.0,14.831695251067968,0.0,11.914522332297102,0.0
Jschj,424.62745098039215,0.0,19.14568361476051,0.0,506.01645816930585,0.0,279.0,0.0,189.0573164477059,0.0,15.016751266157675,0.0,16.703293088490067,0.0,11.566597180099313,0.0,46175.14763029752,0.0,10223.710918819539,0.0,9817.69138107429,0.0,6.585617519942866,0.0,63.37968101063189,0.0,1520.9245212236783,0.0,339.9309483210727,0.0,15.016751272650671,0.0,12.642750163653645,0.0,10.240846944854907,0.0
Jtllx,352.3764705882353,0.0,17.513516502533292,0.0,551.5830375260948,0.0,376.0,0.0,255.15918151706515,0.0,16.348214618310614,0.0,19.390719429665317,0.0,13.387476585384473,0.0,349.70534543038093,0.0,172.8274222200083,0.0,138.38874748000933,0.0,5.830634708090272,0.0,22.279835595299797,0.0,2611.176082775212,0.0,2658.6258949570333,0.0,16.348214702692022,0.0,14.613752045817971,0.0,12.044500648617111,0.0
Jubel,447.2039215686274,0.0,19.778452657942776,0.0,484.2615615260188,0.0,259.0,0.0,170.90754895957178,0.0,14.391605349558693,0.0,16.09347693943108,0.0,10.822003487137339,0.0,343.03093529779426,0.0,127.06471844991343,0.0,100.44108735637582,0.0,7.270899037917947,0.0,11.144671288819199,0.0,3627.1682983619644,0.0,588.1669835886645,0.0,14.391605361814818,0.0,12.298728261316603,0.0,9.530015720431427,0.0
Juden,484.5490196078431,0.0,20.5925410996971,0.0,460.0296860446561,0.0,229.0,0.0,145.64785027299337,0.0,13.602380316648294,0.0,15.132745950421556,0.0,9.783378500848313,0.0,332.2168157096851,0.0,141.35702452473237,0.0,104.3959854871393,0.0,7.2611559269634744,0.0,9.843250424040752,0.0,3547.9551254782436,0.0,616.8064861259757,0.0,13.602380328040912,0.0,11.61088382434444,0.0,8.43267236243059,0.0
Judun,475.83921568627443,0.0,20.356665570301526,0.0,469.444286863551,0.0,247.0,0.0,158.373025535995,0.0,13.921209649916317,0.0,15.716233645501712,0.0,10.233611936949162,0.0,332.97586971567426,0.0,143.57803657137654,0.0,106.01209231034908,0.0,6.944689923537537,0.0,11.749247480289174,0.0,5460.570943258446,0.0,560.1925701365744,0.0,13.921209655650234,0.0,11.900870068527096,0.0,8.893895215887026,0.0
Junge,497.83529411764704,0.0,20.854997086997024,0.0,466.7382738030909,0.0,228.0,0.0,147.6070980014786,0.0,13.799234085449031,0.0,15.0996688705415,0.0,9.972641363939527,0.0,634.7847334460481,0.0,259.1812781008541,0.0,187.4788788877719,0.0,10.097316668697411,0.0,9.883661767542234,0.0,3488.205794916355,0.0,476.2832966659631,0.0,13.799234100596657,0.0,11.82815179282329,0.0,8.653204459926375,0.0
Junme,511.74901960784314,0.0,21.15762487496802,0.0,541.9345570438832,0.0,322.0,0.0,223.93899355210567,0.0,16.00147392956323,0.0,17.944358444926362,0.0,12.776752615984796,0.0,575.3005803382808,0.0,366.2680703183545,0.0,309.4141903523267,0.0,10.586126832806592,0.0,10.491848090130931,0.0,3692.2462926623466,0.0,552.0669210365105,0.0,16.001473918579574,0.0,14.44266448096681,0.0,11.545305253626196,0.0
Jurys,409.79999999999995,0.0,18.889184112399917,0.0,504.371172645421,0.0,295.0,0.0,197.05127714282293,0.0,15.007891240876663,0.0,17.175564037317667,0.0,11.6770077930611,0.0,668.5014409793332,0.0,536.7675381302874,0.0,419.5347563694232,0.0,6.391921793146755,0.0,13.867558617556655,0.0,4990.7351953828,0.0,557.3653393293845,0.0,15.007891235135036,0.0,12.848617217328192,0.0,10.409228935167794,0.0
Jxdrs,427.72156862745095,0.0,19.299479965822204,0.0,510.49948557500113,0.0,304.0,0.0,203.08523639706937,0.0,15.156588560010967,0.0,17.435595774162696,0.0,11.858433908223807,0.0,358.6566551403536,0.0,214.01804470105154,0.0,171.1013535064459,0.0,5.843712520729685,0.0,32.28459604528186,0.0,4510.196232632459,0.0,602.201361050217,0.0,15.156588554778354,0.0,12.94689551959602,0.0,10.583539494305697,0.0
Jüdin,448.5725490196079,0.0,19.74654783703217,0.0,496.58971390148207,0.0,285.0,0.0,187.46653184237562,0.0,14.748411257246625,0.0,16.881943016134134,0.0,11.301146907862444,0.0,337.70644639992526,0.0,157.95659601309285,0.0,119.86686527242857,0.0,5.7654701249080285,0.0,12.987548958579227,0.0,6874.861298444189,0.0,5386.306335050978,0.0,14.748411346595477,0.0,13.11919025119661,0.0,9.999290044953728,0.0
Kabul,506.5333333333333,0.0,20.96388575525173,0.0,482.71991299887986,0.0,301.0,0.0,193.555328218244,0.0,14.45134015993517,0.0,17.349351572897472,0.0,11.344089428371975,0.0,341.5958886698875,0.0,125.91610132369189,0.0,96.04614776201824,0.0,7.201236027178166,0.0,11.191108947410864,0.0,4376.691809420854,0.0,617.8949371798373,0.0,14.451340167954882,0.0,13.493499575855244,0.0,10.061609094548647,0.0
Kacha,523.3450980392156,0.0,21.2429613373974,0.0,444.25033440197853,0.0,245.0,0.0,151.7739679337749,0.0,13.269048976820843,0.0,15.652475842498529,0.0,9.811740285380386,0.0,326.07721465092345,0.0,98.35401819114769,0.0,65.49217407348155,0.0,2.782497509868797,0.0,9.289155905988414,0.0,1337.2387183662174,0.0,405.2776951866178,0.0,13.269048983404163,0.0,12.119629062933244,0.0,8.374460794943015,0.0
Kairo,436.40784313725493,0.0,19.4264115864981,0.0,469.178955060285,0.0,298.0,0.0,184.4140275583597,0.0,13.95223439115536,0.0,17.26267650163207,0.0,10.80388214310867,0.0,321.65310170710507,0.0,98.8217412028927,0.0,64.40834592556055,0.0,7.714952009318758,0.0,8.949188747542287,0.0,2341.9512190275136,0.0,738.3038870204896,0.0,13.95223437293146,0.0,13.2656622433012,0.0,9.483042070746723,0.0
Kakao,549.0274509803921,0.0,21.767936167278215,0.0,465.0036114384509,0.0,286.0,0.0,181.00162543890787,0.0,13.970991253713438,0.0,16.911534525287763,0.0,10.858368232201201,0.0,357.09319153536615,0.0,122.90852961699292,0.0,90.10065650674899,0.0,2.228754612577898,0.0,10.63064113842109,0.0,1992.176176958693,0.0,638.1569665241171,0.0,13.970991255261067,0.0,13.14806257170091,0.0,9.451616977190664,0.0
Kamin,527.4823529411765,0.0,21.38478225180092,0.0,555.2462944761495,0.0,393.0,0.0,266.049166610919,0.0,16.437597626045747,0.0,19.82422760159901,0.0,13.712063752535274,0.0,490.84343278168006,0.0,305.3168094710795,0.0,253.43708466387534,0.0,5.231562518633342,0.0,8.958512738323323,0.0,4561.161554953643,0.0,5039.989023814952,0.0,16.437597709511675,0.0,15.919231476761041,0.0,12.436220154821505,0.0
Kanal,492.0313725490197,0.0,20.60607481079391,0.0,468.1907286858403,0.0,299.0,0.0,188.11431796233506,0.0,14.045451802579272,0.0,17.291616465790582,0.0,11.03725283727433,0.0,332.6415154717344,0.0,119.5756065890016,0.0,89.35762316395041,0.0,6.610531982773898,0.0,8.950631927854761,0.0,1103.6703676598715,0.0,682.9227695134846,0.0,14.045451806155347,0.0,13.360104877956612,0.0,9.686943819132852,0.0
Kanne,526.0313725490196,0.0,21.376529221037497,0.0,432.97505133100344,0.0,236.0,0.0,141.77650832531427,0.0,12.844080535535328,0.0,15.362291495737216,0.0,9.305449004690592,0.0,319.1791632792955,0.0,84.80869424930071,0.0,52.88957925609841,0.0,2.1135191355445015,0.0,7.442027277869169,0.0,1710.512176417526,0.0,644.6932384923659,0.0,12.84408054276631,0.0,12.015468593252486,0.0,7.916524211576863,0.0
Kapfa,538.0627450980392,0.0,21.615172594141132,0.0,477.132133637288,0.0,294.0,0.0,188.8765486353758,0.0,14.327103961296116,0.0,17.146428199482248,0.0,11.207660963852808,0.0,1035.1795296400967,0.0,229.5961558576971,0.0,207.32358496287307,0.0,3.1218347664123303,0.0,12.840337340078424,0.0,1738.8927418647684,0.0,1333.8963480232935,0.0,14.327103996300472,0.0,13.653042970738158,0.0,9.846566652880542,0.0
Karat,469.7647058823529,0.0,20.18682521699257,0.0,467.6222923217052,0.0,302.0,0.0,188.03234513646265,0.0,13.98747338068992,0.0,17.378147196982766,0.0,10.948614626932,0.0,322.90185458939925,0.0,104.21118681997808,0.0,68.923460750351,0.0,5.151128046455151,0.0,8.08342231991997,0.0,1093.0368598537223,0.0,752.697251511227,0.0,13.98747338372787,0.0,13.203266464194622,0.0,9.556106870131867,0.0
Karte,466.764705882353,0.0,20.201894079855162,0.0,463.7864215128797,0.0,286.0,0.0,177.3738176715881,0.0,13.81808542695042,0.0,16.911534525287763,0.0,10.627933476739786,0.0,323.12446277781373,0.0,103.25441239477425,0.0,70.38653050913356,0.0,5.184110780255534,0.0,7.385625916568383,0.0,3085.418995570669,0.0,711.9447761915504,0.0,13.818085438566758,0.0,13.01734612517588,0.0,9.317159845891474,0.0
Kasse,515.2392156862745,0.0,21.14491912416307,0.0,432.15524279521924,0.0,220.0,0.0,134.21275204509237,0.0,12.820932011516856,0.0,14.832396974191326,0.0,9.151800451056758,0.0,320.67130525153243,0.0,90.21649010392932,0.0,60.40058506039751,0.0,2.553364803128993,0.0,8.080507171103116,0.0,1108.128416984658,0.0,389.22757112183035,0.0,12.820932010296866,0.0,11.459530605072386,0.0,7.7576332515773405,0.0
Kasus,506.52941176470586,0.0,20.915274059064643,0.0,438.3280206387509,0.0,236.0,0.0,145.07811300882867,0.0,13.057394457725646,0.0,15.362291495737216,0.0,9.546759243490998,0.0,320.4572337482141,0.0,90.58524534995067,0.0,59.51554082676994,0.0,3.426673606667441,0.0,9.4822286811208,0.0,4310.800066957129,0.0,591.9653639721896,0.0,13.057394461411342,0.0,11.80358592589465,0.0,8.178844479964182,0.0
Kater,466.7647058823529,0.0,20.201894079855162,0.0,466.2437811866941,0.0,290.0,0.0,180.84396918596,0.0,13.907824359758715,0.0,17.029386365926403,0.0,10.756788299539851,0.0,323.4458122987552,0.0,105.22115906475636,0.0,72.09803648033555,0.0,7.929098754586058,0.0,8.128768637992856,0.0,2702.6868067751857,0.0,1358.0574230500629,0.0,13.907824368053378,0.0,13.096590179871232,0.0,9.43283150001195,0.0
Katze,499.66274509803924,0.0,21.00472475730044,0.0,464.4979558510481,0.0,279.0,0.0,173.6861208169735,0.0,13.81854322361452,0.0,16.703293088490067,0.0,10.544568075020427,0.0,325.64644493391506,0.0,115.31498607372649,0.0,81.3990793664158,0.0,3.243120080160957,0.0,10.245304020549954,0.0,2693.227512279162,0.0,1250.3685394006247,0.0,13.818543214840618,0.0,12.917257489436007,0.0,9.181250248949892,0.0
Kblqs,516.4235294117648,0.0,21.18647403522746,0.0,485.96027383396677,0.0,292.0,0.0,188.99599369447728,0.0,14.489742130116998,0.0,17.08800749063506,0.0,11.280640850829439,0.0,10604.492990563824,0.0,12837.338552564677,0.0,10598.639806463027,0.0,4.058216803663067,0.0,64.63470653440997,0.0,1805.6709698731684,0.0,807.7301184776921,0.0,14.489742131493214,0.0,13.60712728531639,0.0,10.002970657269833,0.0
Kcrfc,406.65098039215684,0.0,18.78089452691391,0.0,484.46212415156015,0.0,321.0,0.0,200.64106000024054,0.0,14.389722662339366,0.0,17.916472867168917,0.0,11.35526311563364,0.0,335.23595125163916,0.0,153.16783480028926,0.0,115.86862090287497,0.0,6.919890831748073,0.0,23.99961525369921,0.0,2039.4890011217358,0.0,1365.7308302501713,0.0,14.38972270745049,0.0,13.534709789946584,0.0,10.037132354823349,0.0
Kcstp,485.9686274509804,0.0,20.52665899105042,0.0,480.3826450604738,0.0,292.0,0.0,186.74836744250678,0.0,14.311234822468013,0.0,17.08800749063506,0.0,11.13344452227443,0.0,2727.48509181713,0.0,586.4870735516677,0.0,576.181580190521,0.0,4.086414000868954,0.0,20.51915713743558,0.0,3220.840702690388,0.0,387.0727126190789,0.0,14.311234831555769,0.0,13.148401536172596,0.0,9.79433290134643,0.0
Kedes,544.1921568627452,0.0,21.856198087685225,0.0,442.60521457817583,0.0,232.0,0.0,141.96185124386548,0.0,13.096609258107414,0.0,15.231546211727817,0.0,9.456951827830544,0.0,329.1200202932641,0.0,135.35574988439717,0.0,96.93309149155327,0.0,2.687903703278856,0.0,8.754390182472758,0.0,1084.701305307279,0.0,622.336062104019,0.0,13.096609269366816,0.0,12.102023024474141,0.0,8.160732988989347,0.0
Kehle,501.4196078431372,0.0,20.957323583051007,0.0,470.361322238632,0.0,282.0,0.0,177.86505186275383,0.0,14.028660907812807,0.0,16.792855623746664,0.0,10.754377644019325,0.0,333.3397137617079,0.0,105.03824610061243,0.0,75.94600519302047,0.0,4.733221002811771,0.0,8.99208727576836,0.0,1317.1490169966767,0.0,2392.179000201719,0.0,14.0286609958953,0.0,13.328548708205387,0.0,9.47404092036015,0.0
Keian,482.37254901960785,0.0,20.47818918308886,0.0,460.4829780044289,0.0,288.0,0.0,177.6370904026033,0.0,13.74089212924107,0.0,16.97056274847714,0.0,10.576873654172458,0.0,321.6512525226276,0.0,97.65227547540798,0.0,63.25968441061956,0.0,4.323424533714712,0.0,8.491028951426278,0.0,1546.54698036331,0.0,658.8370355727175,0.0,13.740892125513923,0.0,12.915956267281846,0.0,9.185776658152083,0.0
Kekse,535.407843137255,0.0,21.63484061266123,0.0,463.1324928256664,0.0,267.0,0.0,169.4010665870758,0.0,13.862545871537112,0.0,16.34013463836819,0.0,10.532134726996297,0.0,356.418676289458,0.0,120.13621965309832,0.0,89.59909268143187,0.0,2.2198909733755285,0.0,10.674373435254084,0.0,2072.160841972753,0.0,416.8700671408498,0.0,13.862545869249669,0.0,12.581930228266964,0.0,9.216712886146096,0.0
Kelle,449.03137254901964,0.0,19.851712089767982,0.0,480.70403838204015,0.0,301.0,0.0,190.50452210277894,0.0,14.321562175611927,0.0,17.349351572897472,0.0,11.14677907337641,0.0,328.617263894131,0.0,108.5264855595624,0.0,78.8818820950095,0.0,6.866271155344042,0.0,7.806293561724746,0.0,2085.4122460768544,0.0,2485.5429924474324,0.0,14.321562274258076,0.0,13.60985975266571,0.0,9.860306094614337,0.0
Kepfe,532.0627450980392,0.0,21.643310985592514,0.0,474.77283067544215,0.0,277.0,0.0,176.93379784246838,0.0,14.153725985350983,0.0,16.64331697709324,0.0,10.831256241425699,0.0,1034.7721349169672,0.0,227.08796206916216,0.0,206.05925498698414,0.0,3.0830714290081063,0.0,12.64146115624499,0.0,1678.150693681123,0.0,1301.7035129465885,0.0,14.153726023116105,0.0,13.261986042991413,0.0,9.54898300001267,0.0
Kerbe,509.7019607843137,0.0,21.16934665938914,0.0,457.67027055770257,0.0,264.0,0.0,162.9891111374129,0.0,13.57428908883429,0.0,16.24807680927192,0.0,10.165611724243016,0.0,326.4176746885314,0.0,103.5652359977638,0.0,69.29447272023464,0.0,3.6666078140906193,0.0,9.630225856225248,0.0,1304.1881399257313,0.0,725.0586129082875,0.0,13.57428909416594,0.0,12.669862841756986,0.0,8.892563182509557,0.0
Kereu,483.4274509803922,0.0,20.62160209331565,0.0,457.9032716332095,0.0,283.0,0.0,172.90328775723412,0.0,13.600639182937027,0.0,16.822603841260722,0.0,10.393514779281439,0.0,320.76816747633393,0.0,97.30079652715268,0.0,62.510718553152536,0.0,4.104934378594056,0.0,11.420146568481279,0.0,1308.8952568460666,0.0,768.7724009061459,0.0,13.600639192002316,0.0,12.77230760602864,0.0,9.137223641074124,0.0
Kerle,446.4901960784314,0.0,19.811099844463193,0.0,473.3671598216755,0.0,296.0,0.0,184.4549908144522,0.0,14.06543471455093,0.0,17.204650534085253,0.0,10.864168452588633,0.0,325.3508162000615,0.0,104.13939042344033,0.0,72.51201698973321,0.0,7.075919894188923,0.0,8.052258036518602,0.0,1410.6501651233589,0.0,2442.48898429288,0.0,14.065434811333995,0.0,13.30950275017728,0.0,9.586264716426328,0.0
Kerne,483.4901960784314,0.0,20.596522701777705,0.0,449.3229357389007,0.0,262.0,0.0,158.6456457414566,0.0,13.30508170428109,0.0,16.186414056238647,0.0,9.89817013633316,0.0,319.9211793026846,0.0,90.838212559576,0.0,57.59162889481455,0.0,4.4279759702030255,0.0,7.723305484778338,0.0,1734.2624233717333,0.0,666.1240921378976,0.0,13.305081710300103,0.0,12.356375827121997,0.0,8.595551094557527,0.0
Kette,483.58039215686273,0.0,20.65384690009092,0.0,468.15796775538143,0.0,283.0,0.0,177.5134784838615,0.0,13.95984239015993,0.0,16.822603841260722,0.0,10.716665733256502,0.0,325.5745489073533,0.0,108.76403061243715,0.0,77.82917418483946,0.0,4.4061238665096765,0.0,8.021708246093967,0.0,3873.2712953269015,0.0,1254.1732590825882,0.0,13.95984240064842,0.0,12.947674444087667,0.0,9.424985754428066,0.0
Keute,503.24313725490197,0.0,21.050100431624276,0.0,455.28712839698017,0.0,267.0,0.0,164.34435530488992,0.0,13.547451693185135,0.0,16.34013463836819,0.0,10.186358699591384,0.0,322.3702278042404,0.0,98.48171129430177,0.0,66.92843803583078,0.0,3.541182754079954,0.0,8.27874456789769,0.0,3354.935599609303,0.0,429.21706934344803,0.0,13.547451701931001,0.0,12.616165217489552,0.0,8.904984027318353,0.0
Kfckt,465.31372549019613,0.0,20.111440008695936,0.0,520.4671826354552,0.0,358.0,0.0,236.47498597724478,0.0,15.558781400776256,0.0,18.920887928424502,0.0,12.712351091159274,0.0,566.7336023080385,0.0,518.958072095328,0.0,461.1889183100949,0.0,4.213863102895252,0.0,22.006800363809244,0.0,4424.383882935851,0.0,1393.8211425717463,0.0,15.558781368301162,0.0,14.60411806399539,0.0,11.40881077849774,0.0
Kfrls,406.4039215686275,0.0,18.78809286967025,0.0,514.4609738567813,0.0,368.0,0.0,237.75392611423032,0.0,15.348405449856356,0.0,19.183326093250876,0.0,12.593843373276732,0.0,558.3110573323669,0.0,516.2149593724538,0.0,459.35835778820706,0.0,7.402186986222888,0.0,21.77061302256337,0.0,1747.3818070545167,0.0,2791.721604454202,0.0,15.34840550883919,0.0,15.02698590473655,0.0,11.363771673386413,0.0
Kgmmc,632.0196078431372,0.0,23.47201004752034,0.0,657.182776454122,0.0,480.0,0.0,347.3859268140819,0.0,18.854984420037635,0.0,21.908902300206645,0.0,16.2693958774999,0.0,4389.636559024091,0.0,2180.3981050379357,0.0,1657.7634546965933,0.0,5.462668320675394,0.0,28.09388292712461,0.0,2963.13469246683,0.0,1282.3639501112236,0.0,18.85498441080059,0.0,18.261963613289367,0.0,15.089173279143013,0.0
Khkns,533.5019607843137,0.0,21.4490772357168,0.0,486.14410658323277,0.0,306.0,0.0,198.56736703254478,0.0,14.60736317001485,0.0,17.4928556845359,0.0,11.549941734950105,0.0,392.0766960143934,0.0,134.24043962866304,0.0,103.74364299779447,0.0,3.7645115560262563,0.0,12.268777041901336,0.0,2558.5628453189133,0.0,525.2170669796961,0.0,14.607363173450585,0.0,13.594045573380043,0.0,10.23918898668943,0.0
Khmhr,550.7294117647059,0.0,21.868711047426117,0.0,582.8910211482025,0.0,425.0,0.0,292.13002653602814,0.0,17.14564298272454,0.0,20.615528128088304,0.0,14.488993166976659,0.0,520.5835430746453,0.0,312.9318863920595,0.0,260.56569101672096,0.0,6.799795905500985,0.0,12.820321398974274,0.0,2762.9623508875543,0.0,948.2173569937058,0.0,17.145642984331815,0.0,16.611711530315432,0.0,13.255218930874237,0.0
Kihni,433.80784313725485,0.0,19.348427866357877,0.0,506.89827593009045,0.0,358.0,0.0,229.08671191685522,0.0,15.106792831094083,0.0,18.920887928424502,0.0,12.288342171172193,0.0,333.2323031977911,0.0,116.12925050602779,0.0,81.15198397800597,0.0,6.540792310936276,0.0,10.248782682712935,0.0,5136.001716573562,0.0,2540.1335227383206,0.0,15.106792827678406,0.0,14.714962451705741,0.0,11.01697379918226,0.0
Kilos,421.90588235294115,0.0,19.078470467283566,0.0,482.4713930642677,0.0,309.0,0.0,194.90820970151705,0.0,14.348366752372607,0.0,17.578395831246947,0.0,11.242967990464665,0.0,324.7600722831372,0.0,103.71616544624902,0.0,71.83141882148945,0.0,5.304721379359617,0.0,9.027309736275127,0.0,5323.254653217299,0.0,2702.110705383271,0.0,14.348366741151912,0.0,13.722294234502204,0.0,9.945557965061196,0.0
Kimme,578.2392156862745,0.0,22.506951038725624,0.0,657.1269283218498,0.0,506.0,0.0,359.5482363919242,0.0,18.861074657193367,0.0,22.494443758403985,0.0,16.36969330717904,0.0,684.3263283569978,0.0,468.0992539661308,0.0,394.82831407548997,0.0,6.59032508995432,0.0,9.345152714343374,0.0,5557.673379380455,0.0,2691.972598426208,0.0,18.86107463997947,0.0,18.68942105572081,0.0,15.145178239726235,0.0
Kinos,458.90588235294126,0.0,19.892840564599265,0.0,460.9256469764875,0.0,278.0,0.0,171.62609930683857,0.0,13.687191205612665,0.0,16.673332000533065,0.0,10.410025783391074,0.0,320.601001146204,0.0,93.05864234344699,0.0,60.25960430489176,0.0,3.805167119361308,0.0,8.741176940551437,0.0,5071.260355053467,0.0,2640.8291378043855,0.0,13.687191205832011,0.0,13.02120975598319,0.0,9.091649280686454,0.0
Kinti,398.6941176470588,0.0,18.587312378842345,0.0,512.2977486401791,0.0,370.0,0.0,236.8088020021239,0.0,15.254046174892173,0.0,19.235384061671343,0.0,12.494323912094867,0.0,327.44424980022177,0.0,120.1609259111943,0.0,84.28789522787196,0.0,8.17807228565772,0.0,9.155546789866742,0.0,5710.8611516745605,0.0,2559.5569513742935,0.0,15.254046165551213,0.0,14.824793890259052,0.0,11.215930611339749,0.0
Kipft,451.3843137254902,0.0,19.84833110357337,0.0,525.9627353207054,0.0,369.0,0.0,241.8152687651917,0.0,15.647598649079791,0.0,19.209372712298546,0.0,12.809285068319383,0.0,1035.9512212791883,0.0,234.84252581385127,0.0,210.81950173820346,0.0,5.3048660294139625,0.0,12.744553308094533,0.0,5104.516641341488,0.0,2814.255647450658,0.0,15.647598670707703,0.0,15.15171392954386,0.0,11.50493720590193,0.0
Kippe,523.5803921568628,0.0,21.38607774732993,0.0,490.58140110912683,0.0,293.0,0.0,190.02295546510118,0.0,14.574932792744812,0.0,17.11724276862369,0.0,11.325271389380026,0.0,1370.290230038093,0.0,265.42693413843296,0.0,248.56589565777907,0.0,4.986965668180704,0.0,11.384844297710476,0.0,5112.874921448298,0.0,2670.1204326693423,0.0,14.574932788197588,0.0,13.821586070797684,0.0,10.016767643809926,0.0
Kippi,471.27450980392155,0.0,20.225526218210913,0.0,521.0154872971848,0.0,348.0,0.0,228.88245654661165,0.0,15.462981232763013,0.0,18.65475810617763,0.0,12.514348812395205,0.0,1371.1464492290036,0.0,271.40276054425584,0.0,252.1431183596563,0.0,6.074596821231496,0.0,12.163805831642934,0.0,5166.00652142019,0.0,2673.8566295384153,0.0,15.462981226956154,0.0,14.72695428477289,0.0,11.225251742317875,0.0
Kirdi,405.4352941176471,0.0,18.779906970095976,0.0,519.8579198979046,0.0,376.0,0.0,240.70647585427355,0.0,15.395057677899691,0.0,19.390719429665317,0.0,12.605597543402837,0.0,333.45052390226937,0.0,150.69142260136076,0.0,107.50678419539379,0.0,6.348409151035562,0.0,9.964939220896868,0.0,5057.229249483762,0.0,2583.217821054014,0.0,15.395057681336212,0.0,15.000791367956676,0.0,11.351382156918147,0.0
Kiste,445.60392156862747,0.0,19.719442022905536,0.0,482.6311920971697,0.0,307.0,0.0,194.51740416926128,0.0,14.371494224556253,0.0,17.52141546793523,0.0,11.260007257542199,0.0,324.66032747148654,0.0,108.37615636354408,0.0,75.80856645760336,0.0,4.427787974729535,0.0,8.323982529947596,0.0,5664.340858284864,0.0,2527.157372348085,0.0,14.371494220356558,0.0,13.686772344835545,0.0,9.961282072203131,0.0
Klaga,531.8745098039216,0.0,21.460229572099113,0.0,499.2677785382367,0.0,336.0,0.0,217.39155684319041,0.0,14.943303371879725,0.0,18.33030277982336,0.0,12.068896089421266,0.0,639.3992222207406,0.0,268.6242653182032,0.0,194.13192539074873,0.0,6.062062199291495,0.0,10.057724501200015,0.0,3954.4936005404156,0.0,1543.6236098906768,0.0,14.9433033814461,0.0,14.727233972589538,0.0,10.722200157359014,0.0
Klage,528.8745098039215,0.0,21.474404889530167,0.0,494.76945869590907,0.0,319.0,0.0,205.81224774049247,0.0,14.750434182807435,0.0,17.86057109949175,0.0,11.738631705373775,0.0,638.7971551147099,0.0,266.68075303443686,0.0,192.89696244102987,0.0,5.738062492547947,0.0,9.512273924530716,0.0,3950.267054343831,0.0,1543.7177999663356,0.0,14.750434191716275,0.0,14.44720078501625,0.0,10.43592384667774,0.0
Klaue,488.9686274509804,0.0,20.645887161139655,0.0,475.62633807962857,0.0,308.0,0.0,193.89650400270347,0.0,14.227644750356982,0.0,17.549928774784245,0.0,11.194732419966826,0.0,329.6126687270597,0.0,111.16925803225207,0.0,78.91693865421112,0.0,4.168987287692057,0.0,9.831860356622991,0.0,5769.082369615681,0.0,1596.0056905970707,0.0,14.22764474778289,0.0,13.841496262941742,0.0,9.853454131527714,0.0
Kldbd,548.0627450980392,0.0,21.87401907505713,0.0,510.6635495839481,0.0,334.0,0.0,217.98027928869033,0.0,15.17522070636009,0.0,18.275666882497067,0.0,12.156880307702025,0.0,369.3373359372527,0.0,229.98774145127632,0.0,177.04143682130186,0.0,6.6130178771697015,0.0,14.795128498668563,0.0,4007.3311177200585,0.0,1607.203650957426,0.0,15.175220700886069,0.0,14.987316924835344,0.0,10.9373901969302,0.0
Klebe,512.243137254902,0.0,21.207358011622784,0.0,480.4386441410609,0.0,294.0,0.0,187.44626874632297,0.0,14.301875343037889,0.0,17.146428199482248,0.0,11.10121447580513,0.0,334.98094806651807,0.0,117.11772572835581,0.0,84.75673610694002,0.0,4.785921416593968,0.0,10.69015558516381,0.0,3996.3952443963867,0.0,1598.3133968082545,0.0,14.301875339567637,0.0,13.955574728432705,0.0,9.842148579453335,0.0
Kleck,474.0823529411764,0.0,20.300122252725135,0.0,504.61426598808566,0.0,326.0,0.0,213.82891998195512,0.0,15.065969337199444,0.0,18.05547008526779,0.0,12.04779212658616,0.0,373.1663398186117,0.0,140.57558259529608,0.0,107.27422133375916,0.0,4.131569034683431,0.0,10.885316524114096,0.0,3883.5912202119853,0.0,1544.469042252624,0.0,15.065969330900057,0.0,14.17424108769251,0.0,10.707970774414784,0.0
Kleid,460.28235294117644,0.0,20.06459848251426,0.0,510.18088616953196,0.0,349.0,0.0,225.23681046209072,0.0,15.168486137004788,0.0,18.681541692269406,0.0,12.245017609461929,0.0,355.35814318368625,0.0,200.86851401277642,0.0,154.7295171638864,0.0,5.275072888198307,0.0,12.009144207258208,0.0,5454.203610135951,0.0,5174.641870748803,0.0,15.16848621006171,0.0,15.054616349416769,0.0,10.98506439926189,0.0
Kleus,471.92549019607844,0.0,20.279162435015504,0.0,476.67674898495807,0.0,300.0,0.0,189.83630478523324,0.0,14.223347503559335,0.0,17.320508075688775,0.0,11.10826343120718,0.0,329.08803741956945,0.0,108.35502882263236,0.0,77.52374457100274,0.0,3.23207463674099,0.0,10.081999547191787,0.0,5743.093966496737,0.0,1596.783726769973,0.0,14.223347500842308,0.0,13.72827942615689,0.0,9.838453382351517,0.0
Klfpp,504.19607843137254,0.0,20.96083530506096,0.0,528.1293565313449,0.0,362.0,0.0,240.229620176301,0.0,15.722561284669574,0.0,19.026297590440446,0.0,12.900013459590985,0.0,2875.9787448830025,0.0,626.0872095033071,0.0,611.5366824939712,0.0,7.332882707975206,0.0,19.81875054120353,0.0,4603.939241792531,0.0,1939.9167068611168,0.0,15.722561276148538,0.0,15.39099668239602,0.0,11.635738256869027,0.0
Klgßb,574.9803921568628,0.0,22.338576051478512,0.0,548.5278676320493,0.0,378.0,0.0,256.11575540197725,0.0,16.264915684047157,0.0,19.44222209522358,0.0,13.454847840222994,0.0,1052.8870975622804,0.0,641.6184720549996,0.0,397.2530632264327,0.0,6.992772542916118,0.0,22.739192059432742,0.0,5812.869452747691,0.0,2136.3216532654674,0.0,16.264915661662886,0.0,15.994423344989297,0.0,12.25656849111062,0.0
Klima,490.4823529411765,0.0,20.629392661912878,0.0,589.732334673,0.0,449.0,0.0,306.6491357351273,0.0,17.318585800060326,0.0,21.18962010041709,0.0,14.783317820045246,0.0,580.344163705423,0.0,372.7195257346483,0.0,313.4274719295681,0.0,7.872756150698547,0.0,10.054965003719017,0.0,4314.050620028727,0.0,1624.9150116047158,0.0,17.318585777850977,0.0,17.16444113906126,0.0,13.507835244893485,0.0
Kljrl,378.4980392156863,0.0,18.128687324619023,0.0,566.5073925222273,0.0,436.0,0.0,290.72917607949535,0.0,16.724417129811325,0.0,20.8806130178211,0.0,14.199989617867425,0.0,5805.235912815053,0.0,960.675314342696,0.0,883.0228951015836,0.0,10.10451416643624,0.0,20.171558622467078,0.0,4836.79462003364,0.0,1761.3999416045342,0.0,16.72441711004148,0.0,16.333737653462187,0.0,12.977266013419577,0.0
Klntd,475.56862745098044,0.0,20.34707913616394,0.0,506.59840989672034,0.0,350.0,0.0,225.4610856957603,0.0,15.106740377959387,0.0,18.708286933869708,0.0,12.255817690886339,0.0,357.0148520155981,0.0,203.36380021809825,0.0,157.41421297410844,0.0,5.645688657831694,0.0,12.599060432883872,0.0,4863.825890882622,0.0,1601.0539344194883,0.0,15.106740374129249,0.0,14.882270559152516,0.0,11.00602904709801,0.0
Klotz,444.5921568627451,0.0,19.767510305241277,0.0,507.9546060677792,0.0,349.0,0.0,223.06007777268906,0.0,15.055322213326056,0.0,18.681541692269406,0.0,12.130093145942057,0.0,336.2869675052784,0.0,135.55423956228353,0.0,101.65839899745032,0.0,3.6830445937734817,0.0,14.75705964144364,0.0,4861.481318250017,0.0,1565.172633147532,0.0,15.055322209901819,0.0,14.521443931998512,0.0,10.83330076678925,0.0
Klqgd,562.0078431372549,0.0,22.155146211488685,0.0,526.6251997921024,0.0,348.0,0.0,230.08611155423583,0.0,15.580608556924888,0.0,18.65475810617763,0.0,12.610693972984334,0.0,6446.8992348751835,0.0,7760.238086147511,0.0,6418.079969569767,0.0,7.54076148626413,0.0,50.34144751667551,0.0,3923.445280484133,0.0,1550.2356085303325,0.0,15.580608564843855,0.0,15.369228594027073,0.0,11.414081916171275,0.0
Klumm,576.1882352941177,0.0,22.42245812171171,0.0,682.5964722692511,0.0,546.0,0.0,390.4361929462543,0.0,19.47360260866989,0.0,23.366642891095847,0.0,17.11661807589002,0.0,982.4359017254737,0.0,745.7499734601143,0.0,605.7664012792612,0.0,10.5980710022954,0.0,12.206113318348551,0.0,4367.685139584574,0.0,1574.5335190616138,0.0,19.473602592939198,0.0,19.29975776997084,0.0,15.90739526836127,0.0
Klung,508.5176470588235,0.0,21.00969110525739,0.0,506.3073623325628,0.0,345.0,0.0,222.35686651880593,0.0,15.07202886083383,0.0,18.57417562100671,0.0,12.189571447354414,0.0,5212.4381348014085,0.0,485.4863829846065,0.0,352.3584111514027,0.0,7.632618469020169,0.0,11.461639936740365,0.0,4410.168798143323,0.0,1571.441594313324,0.0,15.072028861625432,0.0,14.843990198179885,0.0,10.970746977181374,0.0
Klöße,536.1254901960784,0.0,21.603757487124224,0.0,515.2288016247522,0.0,343.0,0.0,226.28936105979454,0.0,15.36386245441918,0.0,18.520259177452136,0.0,12.460615140370246,0.0,488.45242985355867,0.0,595.643778854287,0.0,359.4566923560991,0.0,5.444517079800483,0.0,21.391269641916967,0.0,5822.374167935465,0.0,2132.0420817750505,0.0,15.363862441138815,0.0,15.179329110182657,0.0,11.288592267620704,0.0
Kmgml,616.0941176470589,0.0,23.187583679824883,0.0,707.8259751175428,0.0,562.0,0.0,407.45864444981953,0.0,20.004574534574708,0.0,23.706539182259394,0.0,17.626370580658882,0.0,1717.9942375201022,0.0,1177.410852336056,0.0,971.3590163721685,0.0,6.402100522834229,0.0,15.835029346296954,0.0,4312.194927183011,0.0,1022.4568913707157,0.0,20.004574529976082,0.0,19.664622336815185,0.0,16.45330671020844,0.0
Knabe,552.243137254902,0.0,21.92898748502575,0.0,452.85431600686763,0.0,260.0,0.0,161.68846634795986,0.0,13.519534091544442,0.0,16.1245154965971,0.0,10.161578153559681,0.0,327.74353427724844,0.0,107.34784133727773,0.0,72.32555970690868,0.0,2.5455880495475527,0.0,11.988216436338076,0.0,1846.3324741955262,0.0,670.8277606689633,0.0,13.519534096029233,0.0,12.757554101708266,0.0,8.771020516100998,0.0
Knall,443.3843137254902,0.0,19.564999860233826,0.0,504.37132222147903,0.0,352.0,0.0,227.17886483436013,0.0,15.106798527737583,0.0,18.76166303929372,0.0,12.305195864284196,0.0,339.13129658444507,0.0,134.12301612983012,0.0,102.48081984616972,0.0,10.369317003515254,0.0,11.627631499281414,0.0,2053.0728882744975,0.0,2432.0632380305906,0.0,15.106798613704678,0.0,14.505211912291852,0.0,10.973426067497611,0.0
Knapf,526.4156862745099,0.0,21.38063743331753,0.0,491.9583602210019,0.0,320.0,0.0,206.96601192834765,0.0,14.743479800092091,0.0,17.88854381999832,0.0,11.785786845338304,0.0,972.959562609782,0.0,276.6804334608905,0.0,244.4744206004314,0.0,3.3071600579452642,0.0,15.614695107088163,0.0,2204.1290470659724,0.0,1003.9379055676304,0.0,14.743479806451484,0.0,14.082789613003174,0.0,10.460765872681852,0.0
Knast,492.2627450980392,0.0,20.63607401958874,0.0,463.9624560663208,0.0,287.0,0.0,179.9231083002705,0.0,13.906470261359487,0.0,16.941074346097416,0.0,10.758010552984977,0.0,324.0318024841283,0.0,105.9471899843451,0.0,71.97146678262999,0.0,4.9352915153971475,0.0,10.824699266990839,0.0,1797.1169713042636,0.0,507.56886073468377,0.0,13.906470261486161,0.0,12.831887259333683,0.0,9.34705127601947,0.0
Knauf,499.92549019607844,0.0,20.835530310917886,0.0,483.75829160813123,0.0,323.0,0.0,205.28085134850022,0.0,14.514517597702108,0.0,17.97220075561143,0.0,11.59082577993609,0.0,364.07435844062616,0.0,219.2687779429764,0.0,181.84706131858277,0.0,4.408281018613079,0.0,15.250490451914898,0.0,4516.512496276895,0.0,677.2096766404693,0.0,14.514517602566135,0.0,13.898536953200178,0.0,10.264389162653401,0.0
Knaut,497.5960784313726,0.0,20.779929615313375,0.0,469.2136467569268,0.0,300.0,0.0,187.89241776318613,0.0,14.06270563110718,0.0,17.320508075688775,0.0,10.979369273733651,0.0,323.64387904403793,0.0,105.31870062404458,0.0,70.20457343074186,0.0,4.458678215750846,0.0,11.491071866328516,0.0,4537.748387660721,0.0,675.0337671114266,0.0,14.062705635862905,0.0,13.17212835401515,0.0,9.579694451528441,0.0
Kniff,427.2862745098039,0.0,19.293108534108264,0.0,521.5651542674636,0.0,378.0,0.0,244.9740416926112,0.0,15.550571580581442,0.0,19.44222209522358,0.0,12.810599415008996,0.0,375.1559345786635,0.0,243.4983210026565,0.0,203.40063172811546,0.0,7.615186832403485,0.0,15.001077133458125,0.0,2470.0938217793137,0.0,1408.8114376253095,0.0,15.55057162571747,0.0,15.156056234410993,0.0,11.546149422633016,0.0
Knips,483.10980392156864,0.0,20.437745045131475,0.0,472.56076235760645,0.0,282.0,0.0,178.68934630802727,0.0,14.079756579213646,0.0,16.792855623746664,0.0,10.819803824838592,0.0,957.8891272556515,0.0,194.433946213161,0.0,175.2637053223211,0.0,4.029004234325907,0.0,12.724384378286237,0.0,2514.7972686910957,0.0,1083.8885243308052,0.0,14.07975657966088,0.0,13.063676638469046,0.0,9.48725070822526,0.0
Knmst,534.3725490196078,0.0,21.55014716313528,0.0,556.6487178827441,0.0,386.0,0.0,262.95784802592226,0.0,16.46754273537148,0.0,19.6468827043885,0.0,13.689371708970128,0.0,492.1200305077701,0.0,307.0923171496988,0.0,255.13886278037137,0.0,5.022222058059704,0.0,11.853718523890672,0.0,2909.204943956237,0.0,1031.6305426722702,0.0,16.467542735375048,0.0,15.578925455459812,0.0,12.428598305286442,0.0
Knupf,514.7058823529412,0.0,21.16793219295744,0.0,494.35266741111604,0.0,321.0,0.0,206.68873359509155,0.0,14.758813266402173,0.0,17.916472867168917,0.0,11.751074718846857,0.0,972.7088422678992,0.0,275.29008829596006,0.0,243.6905127714273,0.0,3.317987319412602,0.0,15.886279591181554,0.0,2586.1594597192457,0.0,999.0920755300946,0.0,14.75881327311896,0.0,14.054911851822048,0.0,10.499812565659315,0.0
Koaps,540.6392156862745,0.0,21.620706821831387,0.0,446.62616483212923,0.0,235.0,0.0,147.5643285115637,0.0,13.317399651129396,0.0,15.329709716755891,0.0,9.790717565455397,0.0,957.4930598771813,0.0,191.61573484473064,0.0,173.5820044911945,0.0,2.4721889175160614,0.0,11.21891505165261,0.0,1865.648241181934,0.0,964.8031128382768,0.0,13.317399657689212,0.0,12.034028155840678,0.0,8.423840676208687,0.0
Kobra,506.27843137254905,0.0,20.95017248206005,0.0,464.1557618515866,0.0,270.0,0.0,169.87402230947495,0.0,13.83327533756859,0.0,16.431676725154983,0.0,10.473042191049398,0.0,331.0199271911092,0.0,105.8476141553942,0.0,72.87811562025493,0.0,4.306132959404003,0.0,10.018267141215743,0.0,1961.0672305990236,0.0,583.088535180284,0.0,13.833275327786358,0.0,12.783321419668217,0.0,9.15884861534592,0.0
Kobro,496.8549019607843,0.0,20.758021105473947,0.0,462.68467891749424,0.0,261.0,0.0,163.08668001187004,0.0,13.706748112609796,0.0,16.15549442140351,0.0,10.234488407212476,0.0,330.37793850243025,0.0,102.00086077275297,0.0,70.16815691411044,0.0,4.858725159653364,0.0,10.449644554934075,0.0,1954.0910100741,0.0,583.1606835050181,0.0,13.706748102912856,0.0,12.566280310031802,0.0,8.967038167144036,0.0
Kodex,539.8588235294118,0.0,21.735001811118742,0.0,477.27328129047004,0.0,279.0,0.0,178.70713110718867,0.0,14.209103744890376,0.0,16.703293088490067,0.0,10.88582483582492,0.0,340.48973319321146,0.0,172.33565514307438,0.0,129.86636472420824,0.0,2.670745287397688,0.0,20.056405317163822,0.0,1358.319866960975,0.0,697.7981006313723,0.0,14.209103755371586,0.0,12.952332319622112,0.0,9.643903094607262,0.0
Kofor,453.2470588235294,0.0,19.84422301919827,0.0,474.1472514541641,0.0,290.0,0.0,181.9694796228352,0.0,14.09307544719143,0.0,17.029386365926403,0.0,10.83900156876801,0.0,343.0741026993513,0.0,167.5019840139356,0.0,136.00004034029448,0.0,7.8877092392189665,0.0,12.997726329949776,0.0,2599.182294197175,0.0,1174.4811224320497,0.0,14.093075450692533,0.0,13.091071280961192,0.0,9.578039456375492,0.0
Kofra,462.6705882352941,0.0,20.045135919929375,0.0,478.05673358136886,0.0,308.0,0.0,194.25983934296323,0.0,14.294018505275432,0.0,17.549928774784245,0.0,11.223494764049944,0.0,344.2231117806687,0.0,171.0621549435001,0.0,138.30728470810365,0.0,5.899459799624798,0.0,12.600504728201473,0.0,2754.919041697403,0.0,1009.5766874944794,0.0,14.294018488059393,0.0,13.589663961346305,0.0,9.94095951722664,0.0
Kohle,494.99607843137255,0.0,20.750578615538934,0.0,467.9116602427863,0.0,270.0,0.0,170.75381496137962,0.0,13.931390921352756,0.0,16.431676725154983,0.0,10.554729850141918,0.0,333.3140590515958,0.0,103.0372034271399,0.0,74.95768360095818,0.0,4.4704244636460455,0.0,9.043798789943557,0.0,1421.731759377374,0.0,2409.921198874942,0.0,13.931391010913146,0.0,13.046959663825831,0.0,9.287523267835123,0.0
Kokon,527.9568627450981,0.0,21.348178586249546,0.0,466.5418951904086,0.0,271.0,0.0,171.70837917530753,0.0,13.922845811533241,0.0,16.46207763315433,0.0,10.587559579181395,0.0,356.3423344983845,0.0,118.11346292172564,0.0,87.32977987643896,0.0,2.4174834901142948,0.0,11.04030725088886,0.0,2489.546481170281,0.0,892.0156036082037,0.0,13.922845820205195,0.0,12.544509666199437,0.0,9.27380769818687,0.0
Kombi,544.2705882352941,0.0,21.753600063546294,0.0,565.3083393798427,0.0,386.0,0.0,265.38337269996816,0.0,16.654109203735064,0.0,19.6468827043885,0.0,13.825893403600807,0.0,496.12384845852034,0.0,310.65730189538743,0.0,257.51153747095674,0.0,6.19647870867743,0.0,11.302689904866188,0.0,2801.042908602918,0.0,1099.3337909958152,0.0,16.6541092068336,0.0,15.806553649295092,0.0,12.63871862280346,0.0
Komet,550.6392156862746,0.0,21.956671533650116,0.0,541.818983122949,0.0,353.0,0.0,240.00264777068236,0.0,16.027813027819445,0.0,18.788294228055936,0.0,13.07993635097062,0.0,490.52647362129244,0.0,303.703117557534,0.0,252.74235476501767,0.0,4.763071806260113,0.0,8.863182625381183,0.0,2696.759001109435,0.0,1123.1320411566203,0.0,16.027813035405927,0.0,15.097413382763378,0.0,11.870758260673803,0.0
Komma,627.121568627451,0.0,23.35859038370192,0.0,629.0284945821562,0.0,456.0,0.0,325.8448045476613,0.0,18.25375237612607,0.0,21.354156504062622,0.0,15.637115347927018,0.0,684.0835152254341,0.0,466.80029477019394,0.0,394.01817790897434,0.0,4.885116321711173,0.0,9.533003517689302,0.0,2851.351774618024,0.0,1048.721201507522,0.0,18.253752367148728,0.0,17.678840658816156,0.0,14.421357108164408,0.0
Konak,537.3803921568627,0.0,21.535064795889703,0.0,471.1002602143118,0.0,280.0,0.0,179.92711529192198,0.0,14.136300412527527,0.0,16.73320053068151,0.0,10.924358205298757,0.0,365.45630098649536,0.0,125.17681938154661,0.0,93.22138176064655,0.0,2.5645570112468037,0.0,10.5012146379957,0.0,972.7365122584089,0.0,665.787972640826,0.0,14.136300416422353,0.0,12.949308059434154,0.0,9.53777829230468,0.0
Kongo,550.0274509803921,0.0,21.823151697663274,0.0,458.4986162499282,0.0,248.0,0.0,154.84699021065848,0.0,13.552796401416828,0.0,15.748015748023622,0.0,10.0124767807688,0.0,633.8125819775631,0.0,256.8479986769,0.0,183.95985448365582,0.0,3.284615329468839,0.0,9.285232403398116,0.0,1034.5430279931684,0.0,570.959765863901,0.0,13.552796416857019,0.0,12.521511692414908,0.0,8.756001353194739,0.0
Kopie,499.3764705882353,0.0,20.865953239993857,0.0,465.0006312384105,0.0,252.0,0.0,159.47047296567138,0.0,13.785556968332543,0.0,15.874507866387544,0.0,10.215419019142583,0.0,1031.0017206322748,0.0,201.15664129202597,0.0,185.48211215604323,0.0,4.71202844396502,0.0,11.168477870318107,0.0,3937.7751850992167,0.0,4961.750216739747,0.0,13.785557055793612,0.0,12.525711310282409,0.0,8.890350998841221,0.0
Koreh,492.4549019607843,0.0,20.711728972538985,0.0,462.55020455212065,0.0,273.0,0.0,169.7241995879798,0.0,13.735416024821891,0.0,16.522711641858304,0.0,10.42149974408849,0.0,334.4527785428778,0.0,102.69381731401829,0.0,72.54989468610317,0.0,4.389615521288701,0.0,10.088890568520693,0.0,1318.4163923768413,0.0,821.4905837010504,0.0,13.735416033470132,0.0,12.69780472944595,0.0,9.16616079736006,0.0
Kpdnp,585.1490196078431,0.0,22.568217232775478,0.0,488.01684754734663,0.0,284.0,0.0,185.03141543206374,0.0,14.521034641365214,0.0,16.852299546352718,0.0,11.236544442068677,0.0,3008.93538985887,0.0,656.6831523209286,0.0,642.5689911525013,0.0,2.5624760998076526,0.0,20.633618484967645,0.0,1792.9559061780635,0.0,643.2470737553967,0.0,14.521034647918192,0.0,13.61924040189546,0.0,9.937451815547009,0.0
Krach,472.156862745098,0.0,20.194838720755463,0.0,480.1459430067192,0.0,315.0,0.0,199.8093117957534,0.0,14.38999935460073,0.0,17.74823934929885,0.0,11.422325785461979,0.0,337.68387943371556,0.0,119.70870329716422,0.0,85.13849816182183,0.0,4.131026699897792,0.0,9.623489703046614,0.0,3047.9539761665187,0.0,675.8149273543128,0.0,14.38999936346072,0.0,13.60459709550414,0.0,10.052784897929204,0.0
Kraft,440.721568627451,0.0,19.602196834099974,0.0,512.4808561514016,0.0,376.0,0.0,242.63259763182697,0.0,15.369740555552426,0.0,19.390719429665317,0.0,12.698024699892203,0.0,337.62530226068674,0.0,156.45036435692418,0.0,120.03931399237138,0.0,4.863188899034986,0.0,10.848219425229953,0.0,3415.538700618693,0.0,1406.7949103078738,0.0,15.369740596097513,0.0,15.059216881724769,0.0,11.365764338436454,0.0
Krahz,486.5882352941177,0.0,20.64052891918765,0.0,499.203039550174,0.0,351.0,0.0,223.75332266403194,0.0,14.928086855785523,0.0,18.734993995195193,0.0,12.113666858936037,0.0,333.16235267354347,0.0,131.88629609205069,0.0,95.0336243039505,0.0,3.9886525825438004,0.0,15.579995804702524,0.0,3225.6778841913556,0.0,650.5707582725684,0.0,14.928086866558564,0.0,14.490154401717897,0.0,10.767414291327242,0.0
Krant,458.11764705882354,0.0,19.935493049379946,0.0,486.278413876267,0.0,335.0,0.0,212.02764069497994,0.0,14.588901195343745,0.0,18.303005217723125,0.0,11.731281948269183,0.0,324.92499756183537,0.0,112.90964441331433,0.0,76.81576729635353,0.0,4.086760300750699,0.0,8.468619549016095,0.0,3439.1170870528013,0.0,741.8981243689619,0.0,14.588901209121572,0.0,14.03166820243675,0.0,10.36786459386576,0.0
Krdnt,473.02745098039213,0.0,20.30745758399035,0.0,497.4224710582333,0.0,335.0,0.0,213.72426236875657,0.0,14.824260796957194,0.0,18.303005217723125,0.0,11.85387257248014,0.0,334.2024363295917,0.0,151.79894142292687,0.0,109.80101648982378,0.0,4.537846273373332,0.0,10.441625166388292,0.0,3387.464232030753,0.0,756.7799841346349,0.0,14.824260810554735,0.0,14.250456306899057,0.0,10.56839965902635,0.0
Krech,469.156862745098,0.0,20.209901608607698,0.0,480.27476675912277,0.0,304.0,0.0,192.85306107746243,0.0,14.324815623471302,0.0,17.435595774162696,0.0,11.223529163561714,0.0,337.0027094674706,0.0,116.24513767001342,0.0,82.97911068752607,0.0,4.0744467183625055,0.0,9.893710661437492,0.0,2998.188374432568,0.0,676.7987611096889,0.0,14.32481563320144,0.0,13.520633677670054,0.0,9.922381049658803,0.0
Krenk,492.6156862745098,0.0,20.71110859474634,0.0,504.40471816405676,0.0,340.0,0.0,221.67341783008382,0.0,15.111129290584431,0.0,18.439088914585774,0.0,12.21035428744405,0.0,367.48899074656583,0.0,135.74316083446888,0.0,101.17022822551948,0.0,4.985195429408007,0.0,10.599244884348247,0.0,3381.3118182767766,0.0,739.9947852581898,0.0,15.111129305414913,0.0,14.436589247951217,0.0,10.893978964017041,0.0
Krenz,468.2,0.0,20.32875248567877,0.0,488.49819222238796,0.0,328.0,0.0,206.316582530134,0.0,14.528402602222553,0.0,18.110770276274835,0.0,11.536132505608277,0.0,327.1130629985199,0.0,124.45121011782884,0.0,88.4810620729501,0.0,3.2708027295016513,0.0,14.662427554297876,0.0,3370.740652818009,0.0,739.483463690673,0.0,14.528402616950236,0.0,14.02020010543384,0.0,10.238151000782237,0.0
Kreta,466.764705882353,0.0,20.201894079855162,0.0,486.46524706637086,0.0,328.0,0.0,208.30546244217226,0.0,14.574747371886597,0.0,18.110770276274835,0.0,11.654378219851036,0.0,326.367172484801,0.0,116.33082769852982,0.0,81.1900957713614,0.0,3.9892671572742784,0.0,9.128448097145922,0.0,4200.967722016035,0.0,721.574795560837,0.0,14.574747384081313,0.0,14.177355891202062,0.0,10.340898108146652,0.0
Kreuz,468.1372549019608,0.0,20.35416181310807,0.0,492.1620447321611,0.0,333.0,0.0,210.15403246417986,0.0,14.639709878188185,0.0,18.24828759089466,0.0,11.66324974096598,0.0,327.3753090014035,0.0,125.6466536941463,0.0,89.41462077684928,0.0,3.3802631193098516,0.0,15.38867178870708,0.0,5198.090938212062,0.0,791.6259030403008,0.0,14.639709890111016,0.0,14.105418725313154,0.0,10.374572202996845,0.0
Krgtc,465.2392156862745,0.0,20.11976979207185,0.0,508.16511961796397,0.0,335.0,0.0,217.23724958446348,0.0,15.096549512498884,0.0,18.303005217723125,0.0,12.093833368388346,0.0,985.2601490608544,0.0,268.2801007324339,0.0,193.2303944087538,0.0,5.700763638350944,0.0,20.80227474124205,0.0,4197.711968837069,0.0,740.712940536094,0.0,15.096549521511282,0.0,14.336797164109402,0.0,10.834736390301918,0.0
Krimi,432.6352941176471,0.0,19.39786707894996,0.0,608.9412162660542,0.0,482.0,0.0,329.18794746312545,0.0,17.764203506894525,0.0,21.95449840010015,0.0,15.315845308828079,0.0,578.0342568204321,0.0,374.2095225699331,0.0,313.64353767565296,0.0,6.135326539276556,0.0,10.371990984634195,0.0,3624.1757462051,0.0,855.5627439921258,0.0,17.76420349819289,0.0,17.429697009063684,0.0,14.073639997074684,0.0
Krims,470.89803921568625,0.0,20.222581886269285,0.0,579.4287172309222,0.0,430.0,0.0,293.2244978824357,0.0,17.048204638208087,0.0,20.73644135332772,0.0,14.449960738185801,0.0,576.0992384917473,0.0,370.16782095420285,0.0,311.00835985265155,0.0,6.561327255796202,0.0,9.591474655916949,0.0,3548.457663586479,0.0,844.8259185477762,0.0,17.0482046286943,0.0,16.64642788337919,0.0,13.217645223435966,0.0
Kripo,451.1882352941176,0.0,19.782504824124107,0.0,495.3950317420292,0.0,327.0,0.0,208.55793447813926,0.0,14.73280297133339,0.0,18.083141320025124,0.0,11.723614604733577,0.0,958.5327639100519,0.0,199.50307397885967,0.0,178.32739683499776,0.0,6.338326185908172,0.0,11.763279863560546,0.0,3635.048833435747,0.0,1161.395351689551,0.0,14.732802977883455,0.0,14.140401720656826,0.0,10.431342150630863,0.0
Krise,425.7882352941176,0.0,19.261363877158452,0.0,478.9165355303176,0.0,309.0,0.0,194.11149763028325,0.0,14.27390237437072,0.0,17.578395831246947,0.0,11.187087770363934,0.0,323.40560604644816,0.0,105.92525457714376,0.0,72.54078093857424,0.0,6.403977814669807,0.0,8.486275575635633,0.0,3373.8037931326717,0.0,775.656700534465,0.0,14.273902372583933,0.0,13.538086572787073,0.0,9.88733774909157,0.0
Krkmb,563.9372549019607,0.0,22.154620049607797,0.0,610.1792003512982,0.0,465.0,0.0,324.4369850818469,0.0,17.8780587207628,0.0,21.563858652847824,0.0,15.37363335951769,0.0,606.2178608731635,0.0,386.158526516269,0.0,323.7695294608351,0.0,7.405872691177839,0.0,18.474467836402606,0.0,3742.617695644268,0.0,781.7437142741122,0.0,17.87805871702344,0.0,17.482370211421955,0.0,14.126099111750573,0.0
Krlth,424.8588235294118,0.0,19.208973217142585,0.0,523.6352783366872,0.0,383.0,0.0,249.1981937661779,0.0,15.632369724445054,0.0,19.570385790780925,0.0,12.945151846187017,0.0,343.69534738332106,0.0,131.82452862662538,0.0,98.78531974087716,0.0,6.481241185441791,0.0,11.281876327512219,0.0,4494.4137887012685,0.0,979.5552243739872,0.0,15.63236973329216,0.0,15.190024717561082,0.0,11.672159676134033,0.0
Krmns,514.556862745098,0.0,21.13179091952121,0.0,558.8434497865284,0.0,400.0,0.0,271.2484650443156,0.0,16.53493800905173,0.0,20.0,0.0,13.861989663073846,0.0,491.44575903084655,0.0,307.05903816422773,0.0,254.84336461536387,0.0,3.913623508534433,0.0,10.038386421338242,0.0,4103.90632636767,0.0,1162.3171163235795,0.0,16.53493802118305,0.0,16.05898849259188,0.0,12.636567409570663,0.0
Krnns,460.8,0.0,19.94761305108925,0.0,464.98093762918484,0.0,295.0,0.0,183.36988855554478,0.0,13.892294942464938,0.0,17.175564037317667,0.0,10.798924192468277,0.0,322.04157683312764,0.0,100.65057568576032,0.0,67.17517905763268,0.0,3.4550840530310314,0.0,8.914859469747114,0.0,3356.5475855901523,0.0,809.6258455937053,0.0,13.89229495763427,0.0,13.278751735235337,0.0,9.500932334236099,0.0
Krnss,455.4039215686274,0.0,19.82380054507081,0.0,463.3935994483521,0.0,287.0,0.0,179.238029026675,0.0,13.85181242208372,0.0,16.941074346097416,0.0,10.712331513587378,0.0,322.69747868103843,0.0,102.77302484145095,0.0,70.21246787278109,0.0,3.3210444771287206,0.0,9.264419979238479,0.0,3090.0012411822777,0.0,733.1870858574002,0.0,13.85181242970867,0.0,13.03358889500906,0.0,9.416822685000595,0.0
Krntj,432.7725490196078,0.0,19.407004764002988,0.0,535.4792293402362,0.0,391.0,0.0,257.44921669831456,0.0,15.936491139992421,0.0,19.77371993328519,0.0,13.271856098741717,0.0,46175.11652031524,0.0,10223.751211262675,0.0,9817.677013655457,0.0,4.401746707739119,0.0,62.41053521173048,0.0,4211.091480488233,0.0,797.0330132082084,0.0,15.936491149370445,0.0,15.4759595096787,0.0,12.0116984452701,0.0
Krtht,442.1333333333333,0.0,19.627279778297822,0.0,512.3772315049721,0.0,364.0,0.0,235.3999749563024,0.0,15.314493752843294,0.0,19.078784028338912,0.0,12.531864770815071,0.0,332.71501247805924,0.0,123.29142279559105,0.0,89.08092204630276,0.0,4.47750607455532,0.0,10.800431918207586,0.0,4017.6275278562102,0.0,1344.0119913192646,0.0,15.314493761822455,0.0,14.686694031678343,0.0,11.24078775766172,0.0
Kruhs,476.12549019607843,0.0,20.3057346687652,0.0,479.38516624040886,0.0,314.0,0.0,198.41693640101482,0.0,14.351587194154733,0.0,17.72004514666935,0.0,11.350343091446486,0.0,327.68921408797866,0.0,107.35729583665734,0.0,74.06738316813428,0.0,4.048260401388333,0.0,10.544678649271482,0.0,3489.592888636466,0.0,642.30395401237,0.0,14.351587205802902,0.0,13.790654238672401,0.0,10.095108966595339,0.0
Kruns,460.7372549019608,0.0,19.973507251511492,0.0,468.5514951602193,0.0,302.0,0.0,187.9364469854078,0.0,14.00237475461854,0.0,17.378147196982766,0.0,10.939544605472518,0.0,322.25083400340174,0.0,102.16133899592158,0.0,68.16536441145088,0.0,3.551841809154608,0.0,9.084495366937787,0.0,3665.427229318995,0.0,731.245288066206,0.0,14.00237476926879,0.0,13.381371672099258,0.0,9.664294539624512,0.0
Krvtn,433.0901960784314,0.0,19.419258604987913,0.0,517.2549252891607,0.0,375.0,0.0,242.52335118983308,0.0,15.44281670673794,0.0,19.364916731037084,0.0,12.711161419476694,0.0,332.74559708835176,0.0,142.00812559516547,0.0,104.1779386855663,0.0,4.075081559434964,0.0,13.55616442209756,0.0,4547.49551507223,0.0,735.1823840661269,0.0,15.44281671846293,0.0,14.697256783857384,0.0,11.404875156503664,0.0
Kröte,473.6705882352941,0.0,20.369237497187754,0.0,491.0213464932819,0.0,321.0,0.0,204.99194038913797,0.0,14.6434083562127,0.0,17.916472867168917,0.0,11.635375740789385,0.0,334.0790610117471,0.0,140.5592654801348,0.0,109.11383577465176,0.0,3.7616330392117194,0.0,18.92959103366681,0.0,4206.10830621418,0.0,723.6802601219657,0.0,14.643408368245863,0.0,14.211165334224239,0.0,10.417780543863362,0.0
Kshlm,532.4862745098039,0.0,21.483604255948784,0.0,587.8088493450044,0.0,429.0,0.0,297.44979716320097,0.0,17.29537325864594,0.0,20.71231517720798,0.0,14.700703515015194,0.0,861.7212916775729,0.0,657.5245500349462,0.0,526.175769923961,0.0,4.299843168747734,0.0,15.331643906128889,0.0,1606.5426698066408,0.0,2406.6670958748527,0.0,17.29537332996915,0.0,16.733871338416495,0.0,13.48840481283313,0.0
Kstzt,454.2470588235294,0.0,20.000149557303175,0.0,494.89088975455445,0.0,331.0,0.0,211.0480633159572,0.0,14.746999123077858,0.0,18.193405398660254,0.0,11.777376265905998,0.0,330.4386807395771,0.0,132.01201231527605,0.0,95.6726557259517,0.0,5.578188595485684,0.0,14.418301825154803,0.0,2823.149395487194,0.0,1235.6470107712362,0.0,14.746999118794463,0.0,13.682564147892691,0.0,10.444137288365981,0.0
Kthxb,524.3058823529411,0.0,21.363747063221723,0.0,525.7926333791322,0.0,366.0,0.0,243.55069444801808,0.0,15.744847204086392,0.0,19.131126469708992,0.0,12.958647693399723,0.0,362.12976603537135,0.0,177.9256827512131,0.0,136.75834405104598,0.0,3.8202774711383607,0.0,40.1947869175363,0.0,3116.467116301828,0.0,989.2960307480851,0.0,15.744847203413478,0.0,14.874593162471601,0.0,11.676453363223361,0.0
Kubul,494.82352941176475,0.0,20.746908257133438,0.0,491.57921578919394,0.0,316.0,0.0,204.03269163145987,0.0,14.70727537562908,0.0,17.776388834631177,0.0,11.666820624464558,0.0,342.145124970077,0.0,128.00531862543517,0.0,97.51048307852544,0.0,6.70772264331876,0.0,11.606226309134788,0.0,5521.748698394308,0.0,537.0188107156067,0.0,14.707275384556656,0.0,13.748905349822474,0.0,10.425272648312887,0.0
Kubus,526.4274509803921,0.0,21.383336367420075,0.0,456.68068599148125,0.0,259.0,0.0,162.9042243229196,0.0,13.645182173757199,0.0,16.09347693943108,0.0,10.257603287339533,0.0,329.9814100211409,0.0,101.18617328362241,0.0,69.55796103711869,0.0,2.9553391953226065,0.0,10.71150983426903,0.0,5474.997662309229,0.0,517.2548517711887,0.0,13.645182181020177,0.0,12.536347785607479,0.0,8.962659607230725,0.0
Kufen,496.92549019607844,0.0,20.850130345143118,0.0,469.774295903297,0.0,300.0,0.0,187.81002742799524,0.0,14.057573114732328,0.0,17.320508075688775,0.0,10.995289850795928,0.0,343.19831173324417,0.0,168.21553897675668,0.0,136.2724234811523,0.0,2.8656966393667123,0.0,11.850461366877477,0.0,4062.7939062413757,0.0,1011.5333598076044,0.0,14.057573118140258,0.0,13.476033647239268,0.0,9.72096017025837,0.0
Kugel,517.164705882353,0.0,21.26263769220889,0.0,497.0514514195143,0.0,314.0,0.0,203.6122333317897,0.0,14.796126841027467,0.0,17.72004514666935,0.0,11.726949773176319,0.0,987.285680834646,0.0,268.1448076863357,0.0,195.96782958287707,0.0,6.104424836749901,0.0,9.975289653096084,0.0,3630.9350389628457,0.0,633.3105622125997,0.0,14.79612684926629,0.0,14.007531962452386,0.0,10.526186024506776,0.0
Kulis,419.61960784313726,0.0,19.05129965263369,0.0,483.18159219597214,0.0,313.0,0.0,198.6849025954536,0.0,14.441094374874307,0.0,17.69180601295413,0.0,11.381417288402638,0.0,325.1028264094449,0.0,105.16245544824646,0.0,73.18103978543307,0.0,8.096287243351627,0.0,8.716902342424087,0.0,5400.0770159803815,0.0,4991.735887608178,0.0,14.441094470931352,0.0,13.695528394333339,0.0,10.08611818589593,0.0
Kunst,480.55294117647054,0.0,20.41561282970978,0.0,461.2898289995726,0.0,280.0,0.0,174.8319790867971,0.0,13.794250959984804,0.0,16.73320053068151,0.0,10.576423302370802,0.0,322.5377432169904,0.0,99.49088860881517,0.0,67.19057284257946,0.0,5.062433026122626,0.0,8.61360006963762,0.0,3569.379693892719,0.0,459.05205681024603,0.0,13.794250960984142,0.0,12.691607377909941,0.0,9.26026111028776,0.0
Kuppe,567.1764705882354,0.0,22.2710084240595,0.0,467.1545954327839,0.0,253.0,0.0,162.69225652293997,0.0,13.912380436179912,0.0,15.905973720586866,0.0,10.443416098632802,0.0,1370.058338995082,0.0,263.1513526245196,0.0,247.27560380593474,0.0,3.068205350867584,0.0,11.486766359563228,0.0,3815.525803868377,0.0,941.4240353998492,0.0,13.912380442751298,0.0,12.761418395252091,0.0,9.140137034441263,0.0
Kurie,431.121568627451,0.0,19.415407857774635,0.0,474.92312648268165,0.0,305.0,0.0,189.73931980630618,0.0,14.125333251282731,0.0,17.46424919657298,0.0,10.988299685663957,0.0,321.6235283431758,0.0,99.63285930294322,0.0,65.1615457507733,0.0,7.389997316180848,0.0,8.217528208736589,0.0,5176.77111560804,0.0,4970.2937110693865,0.0,14.125333349770795,0.0,13.428548493958292,0.0,9.700060310916715,0.0
Kuron,468.35686274509806,0.0,20.147826997425437,0.0,460.31494782848836,0.0,285.0,0.0,174.77314080561814,0.0,13.67372799213786,0.0,16.881943016134134,0.0,10.459208362054685,0.0,321.2232847063236,0.0,96.19439291275847,0.0,61.723851867938876,0.0,4.2013749629354935,0.0,8.9595462570755,0.0,3796.975176729424,0.0,926.1605886383469,0.0,13.673728001119544,0.0,12.729076568529067,0.0,9.16583164297761,0.0
Kurse,469.38431372549024,0.0,20.239407926567246,0.0,454.45588346790043,0.0,269.0,0.0,165.35459131601218,0.0,13.512057796237814,0.0,16.401219466856727,0.0,10.196576255050248,0.0,321.2813553264554,0.0,96.5345250323571,0.0,63.73538633700165,0.0,4.546934147944086,0.0,8.362930382867964,0.0,3574.8202682849505,0.0,564.6710102599311,0.0,13.512057794536632,0.0,12.471671160083918,0.0,8.91388770474066,0.0
Kuwel,519.2078431372549,0.0,21.304289629838976,0.0,539.2345232520444,0.0,391.0,0.0,260.6306394204959,0.0,16.07055139084224,0.0,19.77371993328519,0.0,13.452061611654324,0.0,426.3867091901969,0.0,357.66318244442203,0.0,273.34235238355126,0.0,6.064802865434595,0.0,13.577221528544305,0.0,3807.3760043007537,0.0,723.7622739437982,0.0,16.070551396172323,0.0,15.740184008169498,0.0,12.260440816247765,0.0
Kvrls,410.4196078431372,0.0,18.866317789740616,0.0,511.7731414917472,0.0,369.0,0.0,237.23674013389825,0.0,15.272424674839534,0.0,19.209372712298546,0.0,12.54181514530825,0.0,344.1042824229051,0.0,171.6802576424486,0.0,132.83415648822273,0.0,7.513027491792884,0.0,23.80862562983692,0.0,4967.411993732706,0.0,2486.5722797947765,0.0,15.27242476352308,0.0,14.527339550990876,0.0,11.3111515942991,0.0
Kzbrl,448.76470588235287,0.0,19.86839088993296,0.0,524.3903691543983,0.0,367.0,0.0,239.51888346275467,0.0,15.565894536815117,0.0,19.157244060668017,0.0,12.71690852597394,0.0,351.4861323693784,0.0,162.18231103577213,0.0,127.38764412554423,0.0,10.285624892096907,0.0,22.781072968603073,0.0,2321.308824736738,0.0,556.5536445731236,0.0,15.565894534343004,0.0,14.656495556490881,0.0,11.442565380171251,0.0
Kzchp,519.835294117647,0.0,21.32780998279132,0.0,489.6715158813066,0.0,295.0,0.0,191.10875585996808,0.0,14.56651292595085,0.0,17.175564037317667,0.0,11.33987713273352,0.0,2728.6955479570724,0.0,591.6558871347254,0.0,580.0854732622568,0.0,4.291495719829702,0.0,26.625249904766367,0.0,1718.4657415528343,0.0,336.09588549004997,0.0,14.566512935005415,0.0,13.251072968629433,0.0,9.990838799736101,0.0
Kzntn,479.3686274509804,0.0,20.50418961136012,0.0,487.70854521845473,0.0,326.0,0.0,206.00742425567904,0.0,14.544242470490927,0.0,18.05547008526779,0.0,11.569807035666344,0.0,332.89617078722233,0.0,140.0037213928612,0.0,105.71119359327705,0.0,3.6870664757761533,0.0,21.783443019630944,0.0,3231.275877855196,0.0,587.8581568939442,0.0,14.544242477802229,0.0,13.66373248608461,0.0,10.229240719333468,0.0
Kämme,649.8745098039216,0.0,23.85489777038512,0.0,637.3802844346559,0.0,469.0,0.0,336.1746122086316,0.0,18.469705419018233,0.0,21.656407827707714,0.0,15.915561193829678,0.0,685.4685164987353,0.0,470.55619327841896,0.0,396.9604758129892,0.0,4.304701729167295,0.0,11.302907078695926,0.0,3005.40369347932,0.0,1189.2987427739931,0.0,18.469705418996995,0.0,18.22274473409222,0.0,14.73381032903473,0.0
Kästä,536.5686274509803,0.0,21.57662133503052,0.0,480.7800635012114,0.0,305.0,0.0,197.5863926954737,0.0,14.498606605481692,0.0,17.46424919657298,0.0,11.519232905438255,0.0,360.4487349310917,0.0,201.53899461337772,0.0,173.60623764894703,0.0,3.5504177766042444,0.0,76.77073187584122,0.0,3238.886855432017,0.0,748.7242905535073,0.0,14.498606624349472,0.0,14.004728419929538,0.0,10.280462659144808,0.0
Köche,527.2509803921569,0.0,21.41637995221399,0.0,451.9808340237501,0.0,234.0,0.0,147.15441841157784,0.0,13.421883739342837,0.0,15.297058540778355,0.0,9.78190957758442,0.0,328.7324254520741,0.0,110.2326278536178,0.0,79.08474107311027,0.0,2.60575686423669,0.0,13.222529430643394,0.0,1834.9868205959767,0.0,722.0217760538852,0.0,13.421883755345485,0.0,12.1188568341881,0.0,8.53306163535283,0.0
Köhns,534.2823529411764,0.0,21.48279176867118,0.0,457.32848789240046,0.0,257.0,0.0,162.2749595612892,0.0,13.665972382924599,0.0,16.0312195418814,0.0,10.29002995270831,0.0,332.1260579625778,0.0,110.73492194020035,0.0,80.37102314845036,0.0,3.6073168304366123,0.0,13.263220676003769,0.0,2132.427755581546,0.0,804.0206901173635,0.0,13.6659724016998,0.0,12.76127447325438,0.0,9.083351242900392,0.0
König,520.4745098039216,0.0,21.245800453475063,0.0,496.0343452016441,0.0,311.0,0.0,201.56422765064383,0.0,14.769472773127516,0.0,17.635192088548397,0.0,11.653719861133148,0.0,5212.154322301845,0.0,485.95780247867515,0.0,352.58882278347807,0.0,4.9681344365071585,0.0,14.365702472603694,0.0,4100.21405187997,0.0,5006.048010111341,0.0,14.769472865061287,0.0,14.240553771198822,0.0,10.474391863682596,0.0
Köntö,523.1176470588235,0.0,21.31746706700911,0.0,478.2308058067066,0.0,292.0,0.0,186.75626855763727,0.0,14.292433446637691,0.0,17.08800749063506,0.0,11.13778757628418,0.0,359.1639001846858,0.0,196.9320493611092,0.0,171.02528680913912,0.0,3.426063834180429,0.0,76.74484541361602,0.0,3338.0150478848204,0.0,867.9490125151214,0.0,14.292347717112326,0.0,13.690465018816415,0.0,9.994110818149716,0.0
Körso,481.5764705882353,0.0,20.416913328547885,0.0,460.85263704992053,0.0,268.0,0.0,166.6289542883901,0.0,13.680706967059512,0.0,16.3707055437449,0.0,10.331748815391999,0.0,325.1143515196997,0.0,112.01490428512173,0.0,79.44949495889097,0.0,4.444487432995005,0.0,13.379856709411944,0.0,1764.6298731986706,0.0,877.3588362589967,0.0,13.680706978716378,0.0,12.625518238599538,0.0,9.128308382440506,0.0
Körzo,480.32941176470587,0.0,20.530675092690696,0.0,477.5214828613622,0.0,296.0,0.0,184.93474470008454,0.0,14.136910353776639,0.0,17.204650534085253,0.0,10.91157148213844,0.0,327.4685922713499,0.0,125.63139030734798,0.0,89.50677099178338,0.0,4.574027245059358,0.0,14.739408987399342,0.0,1797.8156272294245,0.0,876.4587947498321,0.0,14.136910359004341,0.0,13.308946826478332,0.0,9.68910164024789,0.0
Köthö,538.5058823529412,0.0,21.629060790176,0.0,488.9033711218712,0.0,303.0,0.0,196.6077093421568,0.0,14.624850703041837,0.0,17.406895185529212,0.0,11.523993822764332,0.0,364.36004727518554,0.0,200.00859260508062,0.0,173.805361980708,0.0,2.922263657407978,0.0,76.97091977752194,0.0,3073.434597769309,0.0,1386.5737897409876,0.0,14.62476691726818,0.0,13.976573252502892,0.0,10.384899452468229,0.0
Kübel,519.8627450980391,0.0,21.313351007767768,0.0,494.0939896840548,0.0,313.0,0.0,203.98560364746044,0.0,14.787312757852057,0.0,17.69180601295413,0.0,11.752901309430245,0.0,345.34019489970746,0.0,139.0955805820092,0.0,108.91609881411904,0.0,6.874138759736826,0.0,12.208753633623559,0.0,5835.30420371333,0.0,2198.8887419320504,0.0,14.787312773606303,0.0,14.027154345286581,0.0,10.552190864665084,0.0
Küche,524.964705882353,0.0,21.377266613715953,0.0,460.5406920637209,0.0,258.0,0.0,163.3501095232951,0.0,13.745521732009077,0.0,16.06237840420901,0.0,10.337413193852155,0.0,329.5964292138002,0.0,112.95442082410153,0.0,82.39632600473486,0.0,2.5751602172005654,0.0,11.610790528417079,0.0,5819.275898535285,0.0,2132.36440615713,0.0,13.745521744562232,0.0,12.657812286255469,0.0,9.065246132602047,0.0
Küken,548.4235294117647,0.0,21.85171444229643,0.0,487.14756947481965,0.0,316.0,0.0,204.305306004827,0.0,14.648003033290202,0.0,17.776388834631177,0.0,11.687351744948899,0.0,360.59639600205577,0.0,136.85505425879916,0.0,104.20473364819105,0.0,2.8129414443561616,0.0,12.356782722290314,0.0,6061.5598321646385,0.0,2218.4970628546134,0.0,14.648003049836538,0.0,13.904915900653018,0.0,10.42635810701379,0.0
Küsse,519.8588235294117,0.0,21.26553818239386,0.0,452.94392029928906,0.0,250.0,0.0,157.3682027373105,0.0,13.526825631407362,0.0,15.811388300841896,0.0,10.109900796322208,0.0,325.43371405179596,0.0,110.7455428212174,0.0,81.4010238681848,0.0,2.6390772740626516,0.0,10.78548987823956,0.0,5772.542234329108,0.0,2129.3835572200855,0.0,13.52682564076162,0.0,12.362259294219996,0.0,8.847883203471538,0.0
Küste,505.5294117647059,0.0,21.015606145272383,0.0,471.1337611345824,0.0,282.0,0.0,179.86479250610233,0.0,14.099698833541026,0.0,16.792855623746664,0.0,10.891245810143069,0.0,327.8267023767469,0.0,118.90177220872009,0.0,88.32679493029893,0.0,3.846558490546431,0.0,10.787506813387695,0.0,6429.988404078796,0.0,2151.2140438971805,0.0,14.099698853093845,0.0,13.179227626047831,0.0,9.648183400799434,0.0
Labor,451.4039215686274,0.0,19.79767014513833,0.0,457.65185623545153,0.0,224.0,0.0,141.2850079162101,0.0,13.442690276368788,0.0,14.966629547095765,0.0,9.557934520359249,0.0,329.5815019099623,0.0,95.12682785794262,0.0,65.74617335976565,0.0,7.084879350869952,0.0,10.508208797381728,0.0,1662.7024927147538,0.0,844.1556757160731,0.0,13.442690290102906,0.0,11.242664331533623,0.0,8.170454823310289,0.0
Lachs,451.42745098039217,0.0,19.730514309693724,0.0,437.7685331082826,0.0,191.0,0.0,119.31737706717719,0.0,12.853408919464512,0.0,13.820274961085254,0.0,8.743349464079921,0.0,324.6836089069518,0.0,85.80142706707034,0.0,58.36731624139314,0.0,5.477576757558067,0.0,9.266316162483712,0.0,1270.931676085106,0.0,416.4280025363531,0.0,12.853408927453296,0.0,10.216468283741047,0.0,7.288726746882397,0.0
Lacht,437.0980392156863,0.0,19.4608782533417,0.0,457.8897590144445,0.0,225.0,0.0,143.1312924434932,0.0,13.506740265012084,0.0,15.0,0.0,9.673597330355577,0.0,326.5919185617607,0.0,94.37215668161055,0.0,65.40804608065434,0.0,4.872106172608718,0.0,9.192384225689983,0.0,1354.9007207098277,0.0,423.6239440052281,0.0,13.506740272221435,0.0,11.019002350205515,0.0,8.24851539149717,0.0
Laden,497.713725490196,0.0,20.85778025842461,0.0,446.168368094328,0.0,213.0,0.0,131.79712100394343,0.0,13.080227049331212,0.0,14.594519519326424,0.0,9.150960110759188,0.0,329.5895611157138,0.0,132.6185507209818,0.0,95.63125314987609,0.0,6.0586358782671805,0.0,8.715758929095616,0.0,1109.5997803486523,0.0,701.8408540942335,0.0,13.08022706081215,0.0,11.194409907654174,0.0,7.763691166400432,0.0
Lader,458.1725490196078,0.0,20.042433263040238,0.0,459.21762321585055,0.0,233.0,0.0,145.8754127493007,0.0,13.478653985308021,0.0,15.264337522473747,0.0,9.684890083522202,0.0,329.98857278938095,0.0,136.1307448714721,0.0,98.02472142631952,0.0,7.200813540224357,0.0,9.013642318338093,0.0,1109.0905860213759,0.0,703.9320380775996,0.0,13.478653997286273,0.0,11.684292673654445,0.0,8.34075995788346,0.0
Lager,471.45882352941175,0.0,20.31199856388735,0.0,472.0450443496439,0.0,243.0,0.0,155.5565224252593,0.0,13.866928216054356,0.0,15.588457268119896,0.0,10.155250770939645,0.0,983.199200384929,0.0,255.59683334502176,0.0,183.35241983690227,0.0,8.178183270354495,0.0,8.9060889418071,0.0,1113.7409260549414,0.0,703.6937548001707,0.0,13.866928227182015,0.0,12.04528692355637,0.0,8.845857924841253,0.0
Lagos,499.1803921568627,0.0,20.79370228204652,0.0,450.882198562216,0.0,199.0,0.0,126.26627179959534,0.0,13.20154013504156,0.0,14.106735979665885,0.0,9.127320696350122,0.0,982.8776751640025,0.0,252.2344296665238,0.0,181.21801127415745,0.0,6.2998427622857935,0.0,9.743158863409286,0.0,1635.8102932368788,0.0,863.4109394648722,0.0,13.201540145820502,0.0,10.917434019222538,0.0,7.768372236794842,0.0
Lahfa,472.1490196078432,0.0,20.238317907530238,0.0,471.9737747885431,0.0,266.0,0.0,170.83008125479213,0.0,14.051437540777204,0.0,16.30950643030009,0.0,10.629108664138084,0.0,341.4942238901688,0.0,140.8633247484131,0.0,110.9433737674071,0.0,5.838575896565992,0.0,12.030151785954216,0.0,1635.9610762062766,0.0,1312.9145376773472,0.0,14.051437576943366,0.0,12.653435937631597,0.0,9.270697307301202,0.0
Lahna,489.54509803921576,0.0,20.5613052631718,0.0,445.77133251340865,0.0,225.0,0.0,140.22512431794507,0.0,13.19280145779781,0.0,15.0,0.0,9.453099801904623,0.0,328.943329867452,0.0,90.07967336365974,0.0,61.6413609880817,0.0,6.500783998478833,0.0,9.493071219220361,0.0,1680.9695716028768,0.0,543.7337697464167,0.0,13.1928014661741,0.0,11.411272518958627,0.0,8.016099169488323,0.0
Laibe,453.70980392156866,0.0,19.90775574861614,0.0,454.8618407804023,0.0,223.0,0.0,140.11616056097898,0.0,13.377128941362514,0.0,14.933184523068078,0.0,9.507515348928306,0.0,326.1816287004362,0.0,95.1488342536454,0.0,64.88524606095783,0.0,8.01171768234047,0.0,10.119164097898349,0.0,1820.171433981304,0.0,755.3028473681087,0.0,13.37712893995117,0.0,11.457873296188687,0.0,8.124004486418611,0.0
Laici,354.11764705882354,0.0,17.482447945272696,0.0,470.43125522101093,0.0,257.0,0.0,162.04631814759009,0.0,13.84590829233944,0.0,16.0312195418814,0.0,10.245726523223782,0.0,323.25576572979446,0.0,100.3379585158802,0.0,67.90408906403263,0.0,6.661865591852778,0.0,10.745492721246393,0.0,1689.2030968771307,0.0,648.2088105256078,0.0,13.845908285512749,0.0,11.544590467756029,0.0,8.857196360662545,0.0
Lakai,448.2705882352941,0.0,19.677691668589468,0.0,489.5053921139794,0.0,293.0,0.0,191.29582645060486,0.0,14.58565268692602,0.0,17.11724276862369,0.0,11.348730548229637,0.0,359.536538942736,0.0,128.85251872219473,0.0,96.27754339614786,0.0,6.8927807767527325,0.0,11.055633335870242,0.0,2087.9947531054167,0.0,658.9334972452793,0.0,14.585652690927066,0.0,12.74970772797792,0.0,9.958159443970697,0.0
Laken,488.9294117647059,0.0,20.625710431300245,0.0,463.4538233664555,0.0,246.0,0.0,157.3765220478884,0.0,13.750827909093548,0.0,15.684387141358123,0.0,10.178646135631714,0.0,355.95140022726275,0.0,114.59947480829157,0.0,85.6220576505803,0.0,5.567029320027416,0.0,10.014060596018574,0.0,2120.7038581909537,0.0,738.0853718783586,0.0,13.75082791908779,0.0,11.762080349396642,0.0,8.794677275722856,0.0
Lampe,551.3411764705883,0.0,21.970102364892966,0.0,535.7964160066963,0.0,303.0,0.0,211.40436206325782,0.0,15.762116260382859,0.0,17.406895185529212,0.0,12.45396460888099,0.0,1026.5008323597046,0.0,344.4543021000506,0.0,299.24206645213417,0.0,7.705243296486046,0.0,11.136812561686165,0.0,2910.141294818436,0.0,1322.5944679854003,0.0,15.762116265928187,0.0,14.141933066089297,0.0,11.212046876340644,0.0
Lange,511.0,0.0,21.11693992662449,0.0,452.87695585276276,0.0,212.0,0.0,133.75636873242865,0.0,13.284820312233556,0.0,14.560219778561036,0.0,9.353029019071974,0.0,633.4137068080673,0.0,254.5207389012536,0.0,182.74338516674285,0.0,8.729845650468963,0.0,8.540210877418708,0.0,901.7518402186172,0.0,581.2216051366796,0.0,13.284820328080617,0.0,11.419604406840799,0.0,8.002679850370756,0.0
Lanze,464.5137254901961,0.0,20.241741259003952,0.0,445.15149035731804,0.0,216.0,0.0,132.1771059434184,0.0,13.025272894816004,0.0,14.696938456699069,0.0,9.08357371888646,0.0,321.8434649229498,0.0,96.89928914218746,0.0,66.06239182909191,0.0,5.822140555489023,0.0,10.566335350420148,0.0,1092.1449913624444,0.0,551.0090916758201,0.0,13.02527288878805,0.0,11.0521261866573,0.0,7.640316424893901,0.0
Larve,418.2352941176471,0.0,19.14194092419188,0.0,472.3562359665238,0.0,260.0,0.0,164.76943022156826,0.0,13.931000878745277,0.0,16.1245154965971,0.0,10.35660487937115,0.0,326.61082440705104,0.0,120.23532572103349,0.0,86.16867551902645,0.0,5.773551284625168,0.0,15.028031945721363,0.0,3844.1292466893624,0.0,716.3623638843804,0.0,13.931000872594522,0.0,11.905085734777511,0.0,9.02944550786576,0.0
Lasso,453.94117647058823,0.0,19.786933113294452,0.0,432.27741109916,0.0,188.0,0.0,115.23138558546485,0.0,12.638778870008489,0.0,13.711309200802088,0.0,8.493742354253165,0.0,320.8172233546282,0.0,83.121231100405,0.0,56.47082232201658,0.0,5.2258517498402215,0.0,9.307722105084855,0.0,1044.4641025489298,0.0,399.23019143282244,0.0,12.638778869573787,0.0,10.024630018960517,0.0,7.035821017140162,0.0
Latex,448.12549019607843,0.0,19.82215972460205,0.0,478.799947168089,0.0,268.0,0.0,173.60369960599064,0.0,14.206431237661612,0.0,16.3707055437449,0.0,10.771733805572477,0.0,333.5358053051223,0.0,140.78184090552102,0.0,107.46717358771697,0.0,5.37753071412792,0.0,20.05621237397456,0.0,2742.910718375947,0.0,1362.2321633320923,0.0,14.206431245620909,0.0,12.064508556848795,0.0,9.439922095565647,0.0
Laube,497.3058823529411,0.0,20.85550847513068,0.0,441.9878750765454,0.0,205.0,0.0,126.91319888641306,0.0,12.976793103617625,0.0,14.317821063276353,0.0,8.971032954982213,0.0,325.511525456383,0.0,92.20838673537747,0.0,62.18242759336946,0.0,7.685610718060346,0.0,10.260012389950594,0.0,1909.4595490161803,0.0,620.0341607151732,0.0,12.976793108969366,0.0,11.020762571127515,0.0,7.5985511234107825,0.0
Lauch,456.7607843137255,0.0,19.88092348962848,0.0,448.55088244728347,0.0,220.0,0.0,137.06137146836693,0.0,13.204865279944846,0.0,14.832396974191326,0.0,9.363002735433447,0.0,334.0206592658995,0.0,96.71330934523635,0.0,68.89249266713995,0.0,5.859536931568796,0.0,9.75349627012244,0.0,1626.9969250244512,0.0,464.5175317697177,0.0,13.204865283153538,0.0,10.863126137878428,0.0,7.95811406901411,0.0
Lauht,458.10980392156864,0.0,19.95558466888716,0.0,465.51702439702086,0.0,252.0,0.0,159.7601897832005,0.0,13.785281279184442,0.0,15.874507866387544,0.0,10.196858444771854,0.0,326.5735345083704,0.0,94.13037843799377,0.0,65.09788111757753,0.0,5.535647510994762,0.0,10.279778398791512,0.0,1980.289876808171,0.0,432.94545009902583,0.0,13.785281285303627,0.0,11.87144457522631,0.0,8.847505167088967,0.0
Laute,451.3686274509804,0.0,19.888090211401,0.0,450.24304291220415,0.0,227.0,0.0,140.93446373037884,0.0,13.261386740709385,0.0,15.066519173319364,0.0,9.468894683483951,0.0,322.0946226031912,0.0,91.28538638184061,0.0,63.04369952516213,0.0,5.157781403020816,0.0,8.410028532411685,0.0,3358.7155895089063,0.0,527.7421306149191,0.0,13.261386749175662,0.0,11.3149275077112,0.0,8.10894801272052,0.0
Lbbst,478.1647058823529,0.0,20.412018984685023,0.0,478.78207214300244,0.0,243.0,0.0,159.73026530881808,0.0,14.151346850428741,0.0,15.588457268119896,0.0,10.429803363695942,0.0,370.87459586524466,0.0,124.55568809297118,0.0,94.29651100366779,0.0,5.702659916994318,0.0,16.711993089886413,0.0,1133.5007828845953,0.0,273.25791779275465,0.0,14.151346849534983,0.0,11.786563958070788,0.0,9.06943744944415,0.0
Lbmpb,583.4705882352941,0.0,22.577814521641052,0.0,573.3029690504491,0.0,345.0,0.0,246.39469313751238,0.0,16.75783081111582,0.0,18.57417562100671,0.0,13.5928306757454,0.0,1045.458034553244,0.0,361.22830128026675,0.0,311.72846121267224,0.0,7.969126525438395,0.0,22.468682117377092,0.0,2896.1472659433866,0.0,1283.2533236323782,0.0,16.757830813977808,0.0,15.21590589319728,0.0,12.361022651023957,0.0
Lcfnc,391.3176470588235,0.0,18.414882068153634,0.0,465.30760968196284,0.0,252.0,0.0,157.3328588753324,0.0,13.683812251414349,0.0,15.874507866387544,0.0,10.0466787326494,0.0,344.1450778161615,0.0,170.8014924215637,0.0,138.08365427921206,0.0,5.35504274398971,0.0,24.809270057850256,0.0,2776.2880247142525,0.0,933.8882503019541,0.0,13.683812254496253,0.0,11.605163715835923,0.0,8.654191448651726,0.0
Lcftc,371.5921568627451,0.0,17.98933769389882,0.0,481.9101123364235,0.0,276.0,0.0,175.6975891152545,0.0,14.210913477823034,0.0,16.61324772583615,0.0,10.746263419666992,0.0,347.0186805817375,0.0,177.42029828130794,0.0,143.73544294408583,0.0,4.246672583649309,0.0,24.776300593087214,0.0,3746.8717833836618,0.0,921.2024014941878,0.0,14.210913484833238,0.0,12.210471025344953,0.0,9.386494007663309,0.0
Ldthr,433.5411764705882,0.0,19.46311172925114,0.0,496.10342463991117,0.0,290.0,0.0,189.32813762369628,0.0,14.663548543862296,0.0,17.029386365926403,0.0,11.30960954332387,0.0,427.13312530444955,0.0,352.6932387392203,0.0,282.71847496941064,0.0,5.6812775022429305,0.0,17.719859455170262,0.0,3816.152956421514,0.0,1444.1319489745101,0.0,14.663548554524716,0.0,12.95032801260369,0.0,10.06580463829472,0.0
Lebby,517.3254901960785,0.0,21.319596211515556,0.0,500.5115885423364,0.0,272.0,0.0,182.6405721627292,0.0,14.800979366255666,0.0,16.492422502470642,0.0,11.276793048028061,0.0,496.9166003278369,0.0,177.85032415452815,0.0,131.88918023174935,0.0,7.385550422386907,0.0,11.429035632972115,0.0,1177.3785534721696,0.0,536.4273728142787,0.0,14.800979373458013,0.0,12.778730511097509,0.0,10.047940681834527,0.0
Lecks,450.8117647058824,0.0,19.7976223722835,0.0,457.268661242819,0.0,215.0,0.0,138.4848535372509,0.0,13.490223792885132,0.0,14.66287829861518,0.0,9.588300213685955,0.0,337.5629029420693,0.0,104.25513777219807,0.0,75.28031814827031,0.0,5.625994380722642,0.0,9.207696844069938,0.0,4260.860717826257,0.0,324.53458396729553,0.0,13.490223789627189,0.0,10.641017789458374,0.0,8.18905814366128,0.0
Leder,455.1725490196078,0.0,20.057610604847767,0.0,461.35664009633217,0.0,233.0,0.0,145.51197105909122,0.0,13.507892940387503,0.0,15.264337522473747,0.0,9.662521509393974,0.0,329.8768418366776,0.0,135.744242272316,0.0,97.79652361706928,0.0,7.049860199218374,0.0,9.08914029466351,0.0,1024.8555443041175,0.0,638.6547610129737,0.0,13.50789295281907,0.0,11.583056443511213,0.0,8.35784349108943,0.0
Lefte,431.0352941176471,0.0,19.54311276229636,0.0,472.97336619889836,0.0,258.0,0.0,164.30713179331758,0.0,13.975121802339164,0.0,16.06237840420901,0.0,10.398596262798494,0.0,344.67807199411516,0.0,167.3238960570532,0.0,138.0576356656452,0.0,5.4405391556418286,0.0,11.96094473903044,0.0,3570.7316082134525,0.0,925.6642600313304,0.0,13.97512181005976,0.0,12.185218823343687,0.0,9.106795560112598,0.0
Legen,508.0,0.0,21.131345530679,0.0,461.1348061086031,0.0,223.0,0.0,141.11478898969256,0.0,13.509218444784702,0.0,14.933184523068078,0.0,9.624932167504552,0.0,983.027853558081,0.0,253.53650846159815,0.0,181.9612993172786,0.0,6.372573317134988,0.0,8.486268193388069,0.0,1030.4018473489396,0.0,636.0741746107988,0.0,13.509218456093517,0.0,11.468459192593835,0.0,8.321123568122822,0.0
Lehre,444.00392156862745,0.0,19.76452964440567,0.0,460.14417313771787,0.0,237.0,0.0,148.35840584856123,0.0,13.525642223479695,0.0,15.394804318340652,0.0,9.762418989109387,0.0,328.6781585325463,0.0,91.8910891747519,0.0,63.72097437391755,0.0,5.145094887218335,0.0,9.177829420632726,0.0,1822.6553559803333,0.0,521.9881180560324,0.0,13.525642212813295,0.0,11.664849924566097,0.0,8.47172355977332,0.0
Leier,384.9568627450981,0.0,18.42973125775271,0.0,465.48085580833697,0.0,252.0,0.0,156.74103272662435,0.0,13.658085278574612,0.0,15.874507866387544,0.0,9.978446994377103,0.0,320.39444349290864,0.0,88.96995573722096,0.0,58.04587372573473,0.0,4.874556841411785,0.0,8.377277903088684,0.0,1703.5665169831966,0.0,749.7064051828286,0.0,13.658085281282016,0.0,11.705581613007661,0.0,8.644940930532597,0.0
Leine,424.4980392156863,0.0,19.313281969626317,0.0,448.6535228420821,0.0,221.0,0.0,135.40925347481323,0.0,13.13394502948368,0.0,14.866068747318506,0.0,9.197509685748226,0.0,319.5650014122161,0.0,80.46143812036469,0.0,51.77336135939199,0.0,6.722052903346045,0.0,7.8365727708036355,0.0,2107.2366461120023,0.0,633.3881034353365,0.0,13.133945029103254,0.0,11.00372486632655,0.0,7.816043674968382,0.0
Leite,404.7725490196078,0.0,18.90796788445061,0.0,465.25602549654275,0.0,245.0,0.0,153.77398371473527,0.0,13.682246021019868,0.0,15.652475842498529,0.0,9.956937699274592,0.0,322.6575897374611,0.0,93.6955466027712,0.0,65.37019906411315,0.0,5.79358535129892,0.0,7.995514005270063,0.0,3283.1201007944987,0.0,615.0790042483821,0.0,13.68224602969013,0.0,11.640349596507852,0.0,8.619847962868649,0.0
Leken,485.9294117647059,0.0,20.640458882208204,0.0,465.59284024693716,0.0,246.0,0.0,157.01308035767892,0.0,13.77948934535735,0.0,15.684387141358123,0.0,10.157364970503176,0.0,355.8478213117467,0.0,114.14008602221944,0.0,85.36070979786744,0.0,5.576068495443845,0.0,10.149510364874741,0.0,2077.983191267485,0.0,676.1749402396633,0.0,13.779489355419228,0.0,11.661519431164674,0.0,8.810880747150472,0.0
Lende,494.713725490196,0.0,20.872364729014468,0.0,442.16280599196125,0.0,200.0,0.0,122.6695583561042,0.0,12.908870477264086,0.0,14.142135623730951,0.0,8.783399944363856,0.0,327.0442795540471,0.0,122.58323979240848,0.0,87.66353351804993,0.0,8.043598790334757,0.0,8.578625908576564,0.0,1270.4278953731914,0.0,566.731854037061,0.0,12.908870495273515,0.0,10.840729527352476,0.0,7.418850366108195,0.0
Lepra,458.043137254902,0.0,20.017297786869158,0.0,466.8957832244959,0.0,242.0,0.0,154.21084906712233,0.0,13.770003810329436,0.0,15.556349186104045,0.0,10.063130987329139,0.0,1031.273921065413,0.0,202.20177198075814,0.0,186.18101907511138,0.0,5.887586625963907,0.0,11.870851871114594,0.0,1886.968118822203,0.0,579.7635696369988,0.0,13.770003800011228,0.0,11.706371598770641,0.0,8.693548440979267,0.0
Lesbe,488.9725490196078,0.0,20.726864740068503,0.0,441.32386407104116,0.0,190.0,0.0,118.55130201498845,0.0,12.909090669738566,0.0,13.784048752090222,0.0,8.718748383986668,0.0,326.0077686327534,0.0,92.76664062481814,0.0,64.19963564343719,0.0,7.665098420410636,0.0,10.545037200150267,0.0,1142.5639042257749,0.0,521.6634698809715,0.0,12.909090675976033,0.0,10.476927655746431,0.0,7.3479970345995085,0.0
Leser,423.2196078431373,0.0,19.295869121841683,0.0,449.80386221849415,0.0,219.0,0.0,135.5396158708433,0.0,13.170090290092872,0.0,14.798648586948742,0.0,9.253426592520292,0.0,320.33254146246276,0.0,87.02345871112075,0.0,57.66721335444036,0.0,5.084058444949525,0.0,8.777283632078417,0.0,1036.491789355786,0.0,592.6610650053573,0.0,13.170090302233964,0.0,10.856301959464282,0.0,7.9021101021672875,0.0
Lesst,428.9921568627451,0.0,19.353810497589986,0.0,452.4320041304944,0.0,217.0,0.0,136.78594396729912,0.0,13.313779891419822,0.0,14.730919862656235,0.0,9.40710868814137,0.0,322.27604622354124,0.0,91.14218363973798,0.0,63.80045972150742,0.0,3.897122582697984,0.0,8.685097571016282,0.0,1063.544740430814,0.0,282.7366819431458,0.0,13.313779892700254,0.0,10.567315509520583,0.0,8.026806779126193,0.0
Leute,448.3686274509805,0.0,19.903385247969858,0.0,452.38205979268577,0.0,227.0,0.0,140.5710220401694,0.0,13.291103668242657,0.0,15.066519173319364,0.0,9.446014636687007,0.0,321.980152367285,0.0,90.70800062676568,0.0,62.68829293173784,0.0,5.167428177116979,0.0,8.504122944043942,0.0,3333.199625975599,0.0,438.2519176746102,0.0,13.291103676981239,0.0,11.210356184644985,0.0,8.126518875310461,0.0
Lfths,423.73333333333335,0.0,19.209519618748498,0.0,500.57788161192184,0.0,303.0,0.0,199.15483969460405,0.0,14.863798206488582,0.0,17.406895185529212,0.0,11.640325439314111,0.0,559.6016580602483,0.0,514.5635211230756,0.0,458.8099532854865,0.0,7.77264351982993,0.0,22.438718570640415,0.0,2886.647094860879,0.0,1823.3189035867383,0.0,14.863798185828735,0.0,13.398486296321165,0.0,10.397699563796907,0.0
Lhsts,435.73333333333335,0.0,19.423161637512166,0.0,471.0033074834336,0.0,243.0,0.0,157.60700777555348,0.0,13.935335313528974,0.0,15.588457268119896,0.0,10.286383355984034,0.0,362.18918564946574,0.0,111.60566922742287,0.0,85.91553399498663,0.0,3.6194518969579477,0.0,10.760768790290198,0.0,3080.7099842742414,0.0,389.09020646622093,0.0,13.935335317400954,0.0,11.678128640469415,0.0,8.961704529051925,0.0
Liane,427.4980392156863,0.0,19.297519228284578,0.0,463.5323415342864,0.0,257.0,0.0,160.65507417908998,0.0,13.676465727522572,0.0,16.0312195418814,0.0,10.126881448570085,0.0,321.3372560760125,0.0,92.35236264465931,0.0,60.72573128872988,0.0,10.696292232416285,0.0,8.554600077190443,0.0,5101.0325202783515,0.0,2541.0224558973223,0.0,13.676465721513033,0.0,12.228513091856767,0.0,8.71603222930369,0.0
Libir,350.21568627450984,0.0,17.452633982021712,0.0,514.074969510156,0.0,323.0,0.0,210.20046210768493,0.0,15.119090241489342,0.0,17.97220075561143,0.0,11.845102175413984,0.0,332.40512864827883,0.0,110.84834423307309,0.0,77.9824561618434,0.0,7.070517943467862,0.0,10.59448370069501,0.0,6173.45739428301,0.0,5546.317255268177,0.0,15.119090304887061,0.0,13.747232145245654,0.0,10.517099349281525,0.0
Lifte,378.7294117647059,0.0,18.26583821861257,0.0,503.12045778507377,0.0,313.0,0.0,202.4786358389041,0.0,14.861090943311051,0.0,17.69180601295413,0.0,11.626983658952568,0.0,346.24803014243696,0.0,172.73009750110973,0.0,141.51964104519146,0.0,10.04942132349778,0.0,12.045268170379126,0.0,5977.712426428834,0.0,2661.349776771128,0.0,14.861090934987201,0.0,13.637278540301326,0.0,10.338873976440816,0.0
Lihst,397.47058823529414,0.0,18.562964123831847,0.0,493.01459601599333,0.0,292.0,0.0,189.03198491889123,0.0,14.577664232582833,0.0,17.08800749063506,0.0,11.223390676969668,0.0,332.0013163922244,0.0,104.79847779661495,0.0,75.3573936592225,0.0,6.904683054433345,0.0,9.750549903377987,0.0,4915.264509456589,0.0,2515.282016304523,0.0,14.577664223018465,0.0,12.920339968005838,0.0,9.90330174690444,0.0
Likör,403.98823529411766,0.0,18.723487009165556,0.0,522.1565906950656,0.0,336.0,0.0,221.89766218796183,0.0,15.42564445833955,0.0,18.33030277982336,0.0,12.299357915982467,0.0,370.91731396620116,0.0,164.4351724981796,0.0,134.85152611319242,0.0,8.007009003090145,0.0,34.09154937250388,0.0,5248.830588586647,0.0,2996.5627352496585,0.0,15.425644465229672,0.0,14.06117635287334,0.0,11.03674187412575,0.0
Lilit,306.8196078431373,0.0,16.3336807627291,0.0,523.8245551741826,0.0,347.0,0.0,226.05618364921034,0.0,15.419515048547094,0.0,18.627936010197157,0.0,12.30167086802754,0.0,327.5954824905358,0.0,111.06519707884186,0.0,79.48031184065006,0.0,5.220740549899729,0.0,9.027861930325916,0.0,6393.125809771294,0.0,5587.176471705021,0.0,15.419515120985292,0.0,14.117244409119543,0.0,10.962542854425633,0.0
Limit,397.57647058823534,0.0,18.63253924312718,0.0,596.1413212437459,0.0,421.0,0.0,290.6526497433026,0.0,17.30992013746817,0.0,20.518284528683193,0.0,14.451069421534893,0.0,492.3848641002731,0.0,307.23453659144434,0.0,255.3844610747004,0.0,6.904398148672805,0.0,9.529786427638188,0.0,6620.22400229476,0.0,5620.093483595479,0.0,17.30992020438423,0.0,16.189904190031548,0.0,13.165729358242624,0.0
Linde,442.4078431372549,0.0,19.681544623573224,0.0,472.30989757813666,0.0,255.0,0.0,160.84106240169075,0.0,13.863150133859426,0.0,15.968719422671311,0.0,10.208038957190272,0.0,328.69847254431096,0.0,129.86551146872844,0.0,93.02039101638994,0.0,12.518215680263808,0.0,8.698186245592858,0.0,4962.775371126834,0.0,2558.5984989791377,0.0,13.863150139806223,0.0,12.450591348049633,0.0,8.888078018208164,0.0
Linie,372.1921568627451,0.0,18.01972391095351,0.0,481.2359960273146,0.0,279.0,0.0,176.0641063773951,0.0,14.151099935752047,0.0,16.703293088490067,0.0,10.657846231596126,0.0,321.3687304787449,0.0,92.16657159307293,0.0,61.416931215905606,0.0,8.200480935929258,0.0,8.415843606080465,0.0,6166.172844178375,0.0,5557.052620660797,0.0,14.151100006123968,0.0,12.819858856880273,0.0,9.311251030227918,0.0
Linin,363.5450980392157,0.0,17.720547636435473,0.0,490.7648221811687,0.0,303.0,0.0,192.20531921280474,0.0,14.465246003102875,0.0,17.406895185529212,0.0,11.161145029401066,0.0,322.30229763542405,0.0,96.57252991011275,0.0,64.58589927761035,0.0,6.987684947422218,0.0,8.776867924843792,0.0,6168.2066952317455,0.0,5558.293278197614,0.0,14.465246067128005,0.0,13.171971667620904,0.0,9.809683029553371,0.0
Linse,410.4549019607843,0.0,18.904656060379562,0.0,460.76875301253335,0.0,243.0,0.0,151.67937788710108,0.0,13.538991684047934,0.0,15.588457268119896,0.0,9.839569281195171,0.0,321.0262858801607,0.0,88.80813470377439,0.0,59.9016850086541,0.0,10.532404129416534,0.0,8.52684053535725,0.0,4891.601221803285,0.0,2539.0682739683116,0.0,13.5389916727099,0.0,11.813782118049811,0.0,8.489147165316934,0.0
Lippe,468.7058823529412,0.0,20.258389313133364,0.0,487.67633250483254,0.0,253.0,0.0,166.24962220038066,0.0,14.336968133249675,0.0,15.905973720586866,0.0,10.664289052856448,0.0,1370.1985145524538,0.0,262.6418688716236,0.0,247.45789689749898,0.0,11.488851075281469,0.0,11.715085948157975,0.0,5098.913648217073,0.0,2671.5864307254806,0.0,14.336968128585486,0.0,12.551521923599319,0.0,9.331516628624287,0.0
Liste,390.7294117647059,0.0,18.490386957615794,0.0,479.7261234928752,0.0,267.0,0.0,170.7440709045408,0.0,14.13010387743991,0.0,16.34013463836819,0.0,10.594954100875903,0.0,324.27300685964445,0.0,101.36412179063397,0.0,72.09261405398058,0.0,9.637625121440944,0.0,8.599171337333834,0.0,5651.496808554635,0.0,2528.72746835832,0.0,14.130103872806135,0.0,12.402910874294049,0.0,9.271931246226043,0.0
Listi,338.4235294117647,0.0,17.134818330845093,0.0,510.1602096809332,0.0,322.0,0.0,209.60357198605124,0.0,15.044432800175466,0.0,17.944358444926362,0.0,11.857495796113724,0.0,327.8723130629521,0.0,116.1149699707196,0.0,83.59720481639293,0.0,5.426978345350361,0.0,9.928692247762216,0.0,5699.07364178467,0.0,2532.58328317646,0.0,15.04443279257795,0.0,13.404444751962906,0.0,10.565952479529797,0.0
Liter,356.58431372549023,0.0,17.705104970665925,0.0,495.6248210490568,0.0,305.0,0.0,194.87869827661657,0.0,14.590566158691155,0.0,17.46424919657298,0.0,11.304731497887925,0.0,324.61799997845014,0.0,106.46175949624632,0.0,74.64412350578839,0.0,6.705885981139009,0.0,8.716673296247345,0.0,5480.981109793747,0.0,2827.776279528067,0.0,14.590566155890714,0.0,13.159234208614407,0.0,9.998186827748583,0.0
Ljngs,471.61176470588236,0.0,20.236508171514632,0.0,511.392062176983,0.0,293.0,0.0,196.89319171636816,0.0,15.082502680413418,0.0,17.11724276862369,0.0,11.76926938604137,0.0,22226.328395515342,0.0,2965.4147712754125,0.0,2829.347677649287,0.0,9.380447785827716,0.0,32.972665776445155,0.0,1764.1321585161447,0.0,2301.8069809048825,0.0,15.082502693217442,0.0,13.527992688712384,0.0,10.561096809059192,0.0
Lkgln,471.47843137254904,0.0,20.219726113528665,0.0,533.1889859189231,0.0,337.0,0.0,226.94472821584236,0.0,15.721388210779132,0.0,18.35755975068582,0.0,12.607891978737728,0.0,1043.9007551440031,0.0,294.0735598973586,0.0,222.2544712878906,0.0,5.736712435288455,0.0,16.345474499318723,0.0,5077.827174143965,0.0,2402.970372059954,0.0,15.721388286266412,0.0,14.152674270538135,0.0,11.333924307578789,0.0
Lkljg,457.7803921568627,0.0,19.953177794872737,0.0,571.9889979261759,0.0,389.0,0.0,268.37581190467614,0.0,16.775219522151804,0.0,19.72308292331602,0.0,13.91050131118593,0.0,5999.54370056495,0.0,695.1468781788293,0.0,563.4473331932022,0.0,9.344118427311539,0.0,20.738171834246874,0.0,11339.263046399243,0.0,6135.53702731609,0.0,16.77521954070749,0.0,15.469538014182385,0.0,12.688125722968026,0.0
Lkstr,403.97254901960787,0.0,18.731780074917776,0.0,514.4163206005001,0.0,323.0,0.0,213.92494026391955,0.0,15.231757355106087,0.0,17.97220075561143,0.0,12.101056335336828,0.0,473.79373179790485,0.0,171.7060293813273,0.0,138.7956344571556,0.0,6.9128786005103215,0.0,16.330720846446567,0.0,5751.384728724036,0.0,412.29498003785784,0.0,15.23175736365644,0.0,13.288523721183411,0.0,10.810104265399449,0.0
Lkthr,424.75686274509803,0.0,19.21420442465505,0.0,524.3213562706162,0.0,342.0,0.0,227.20827779979123,0.0,15.527072877785423,0.0,18.49324200890693,0.0,12.496435427310097,0.0,477.1877774454907,0.0,173.7510326846593,0.0,140.67425546656045,0.0,5.011358208429549,0.0,17.018084153503853,0.0,5607.605875741229,0.0,1218.6530865346467,0.0,15.527072883242008,0.0,13.8239092198617,0.0,11.212562419653516,0.0
Llctl,336.0627450980392,0.0,17.081737146573726,0.0,516.2470783781981,0.0,321.0,0.0,211.7687941802567,0.0,15.222202232277516,0.0,17.916472867168917,0.0,12.026634375821555,0.0,343.5424358762844,0.0,136.08103668398624,0.0,107.60046756176159,0.0,4.359999874460977,0.0,12.647518326098,0.0,4894.5984286240655,0.0,1567.785781967401,0.0,15.222202227347422,0.0,13.447742504135281,0.0,10.745973280043984,0.0
Llspr,395.3529411764706,0.0,18.527122589168126,0.0,503.0906986677097,0.0,295.0,0.0,193.75210238412603,0.0,14.823194756395885,0.0,17.175564037317667,0.0,11.468925401622728,0.0,960.8676539376036,0.0,201.43870859067866,0.0,182.0918313258666,0.0,8.220989042249904,0.0,13.56428589288631,0.0,4152.757088270711,0.0,1757.9354912743684,0.0,14.823194756975097,0.0,13.17144412813806,0.0,10.174191742258541,0.0
Lltst,369.0156862745098,0.0,17.932452609546132,0.0,503.7780383923317,0.0,309.0,0.0,201.75567299791953,0.0,14.897771783757321,0.0,17.578395831246947,0.0,11.659729761641945,0.0,334.05037911520424,0.0,118.86076975397447,0.0,90.2293482976955,0.0,6.411010722087271,0.0,10.42387197307955,0.0,4636.234975226409,0.0,1935.0602985215992,0.0,14.897771774378953,0.0,13.157979739792003,0.0,10.344124872449637,0.0
Lmstr,439.9568627450981,0.0,19.598443629408877,0.0,585.8979181139699,0.0,396.0,0.0,276.5064731097586,0.0,17.089808371377774,0.0,19.8997487421324,0.0,14.212132693609362,0.0,1361.6943429699784,0.0,1094.9300375404714,0.0,904.790093658681,0.0,8.863037133083806,0.0,14.797611309086617,0.0,4977.035558289232,0.0,985.254391621695,0.0,17.089808380065666,0.0,15.615955150717674,0.0,13.02629141285832,0.0
Lnpqx,500.85490196078433,0.0,20.907011860719173,0.0,503.44346522442333,0.0,278.0,0.0,186.2053651834279,0.0,14.872851871773722,0.0,16.673332000533065,0.0,11.391589960486707,0.0,10648.63510304074,0.0,12838.747009535075,0.0,10600.215715917038,0.0,7.824410051154606,0.0,66.76619424748009,0.0,1619.5927079414448,0.0,671.6334189919274,0.0,14.872851887132033,0.0,12.593967110980461,0.0,10.080576231518682,0.0
Lnqvz,457.70980392156866,0.0,20.10331561537194,0.0,505.4591350318445,0.0,297.0,0.0,193.45322883593107,0.0,14.855661287080682,0.0,17.233687939614086,0.0,11.423051862471358,0.0,6422.424467573041,0.0,7755.163440132961,0.0,6414.6720380797615,0.0,5.688359829181548,0.0,53.08078700960182,0.0,4001.9852120630326,0.0,604.1421293274141,0.0,14.85566128226221,0.0,12.878462735854374,0.0,10.111408782221945,0.0
Lnsbl,434.6784313725491,0.0,19.403107199928534,0.0,485.3606436573401,0.0,266.0,0.0,173.66391837812904,0.0,14.341234197422553,0.0,16.30950643030009,0.0,10.832614660296791,0.0,339.6516694522593,0.0,125.85681036424519,0.0,97.02270152975532,0.0,6.240423364408859,0.0,14.21462059410034,0.0,1856.532753181318,0.0,667.7131072911817,0.0,14.341234201270035,0.0,12.254308741484648,0.0,9.546051977717564,0.0
Lobby,510.9019607843138,0.0,21.116398455632158,0.0,498.06192654649067,0.0,260.0,0.0,175.52933526135496,0.0,14.708817639004188,0.0,16.1245154965971,0.0,11.086556956393098,0.0,496.8993910965161,0.0,176.6758895493772,0.0,131.32255894645795,0.0,7.866777760326695,0.0,11.47637840908126,0.0,1293.0444592326837,0.0,608.7993408764389,0.0,14.70881764599192,0.0,12.484746664206947,0.0,9.872271726593967,0.0
Lobto,461.7960784313726,0.0,20.044692854952046,0.0,459.6499693815055,0.0,216.0,0.0,137.60204466354807,0.0,13.485820012273775,0.0,14.696938456699069,0.0,9.514051958946437,0.0,331.9871414125613,0.0,98.80893158567781,0.0,71.99583994904849,0.0,5.39132459008366,0.0,10.566517419409974,0.0,3049.8898766457337,0.0,509.9056256453381,0.0,13.485820020388386,0.0,11.065927328410076,0.0,8.19002621102942,0.0
Locke,458.43137254901956,0.0,19.973477223246412,0.0,453.89741209404735,0.0,200.0,0.0,128.47756513505595,0.0,13.323550062789945,0.0,14.142135623730951,0.0,9.22538794418515,0.0,337.3686550423926,0.0,101.2586586184748,0.0,73.30010983642839,0.0,7.660027545666146,0.0,9.072579374300568,0.0,4293.845163041389,0.0,432.150825715584,0.0,13.323550058215554,0.0,10.327053841473393,0.0,7.826357085216521,0.0
Logen,501.57647058823534,0.0,20.926319911821647,0.0,458.68514411275737,0.0,211.0,0.0,134.00355208831834,0.0,13.408180679199768,0.0,14.52583904633395,0.0,9.40132984892872,0.0,983.0191544734625,0.0,252.71405435608642,0.0,181.55102058450487,0.0,6.715935567398613,0.0,8.652549114133514,0.0,1160.8847391305817,0.0,698.3731622132918,0.0,13.408180689589901,0.0,11.139950719561917,0.0,8.108127682660616,0.0
Logik,467.0431372549019,0.0,20.12571408797566,0.0,512.8272646964474,0.0,281.0,0.0,190.31492827382021,0.0,15.116143759794928,0.0,16.76305461424021,0.0,11.578172389148314,0.0,998.994602342971,0.0,269.52691869312355,0.0,197.6129683935586,0.0,7.035838205297794,0.0,11.711689594411673,0.0,3909.7467957894705,0.0,4960.143016203914,0.0,15.116143838138674,0.0,12.95003883780548,0.0,10.268698536258663,0.0
Lohso,465.3019607843138,0.0,20.045311225186087,0.0,442.4022662831195,0.0,196.0,0.0,121.83124389988672,0.0,12.94263036407369,0.0,14.0,0.0,8.82447893746959,0.0,328.80261503371423,0.0,85.00066902971925,0.0,60.29482982070513,0.0,5.614535971269587,0.0,10.543088028101018,0.0,1094.6324564098877,0.0,416.45451898708285,0.0,12.942630363996251,0.0,10.41546319671776,0.0,7.4817012708208726,0.0
Lokol,436.0823529411765,0.0,19.41766398773252,0.0,489.9281173828987,0.0,267.0,0.0,175.8183518845383,0.0,14.485797960659553,0.0,16.34013463836819,0.0,10.95672920998068,0.0,366.6294597787172,0.0,134.14424070041352,0.0,107.20382899696138,0.0,6.416888733627949,0.0,12.218317517095993,0.0,2557.9112620240926,0.0,902.8360728320941,0.0,14.485797969061228,0.0,12.072517312516757,0.0,9.68922494256799,0.0
Lonst,427.964705882353,0.0,19.25801859685509,0.0,449.2148124896001,0.0,213.0,0.0,133.10660381727703,0.0,13.19120983465373,0.0,14.594519519326424,0.0,9.231066568661182,0.0,321.42321782670444,0.0,85.88239381618469,0.0,59.056923119384216,0.0,4.296376515640809,0.0,8.683879479125542,0.0,1185.7577748734673,0.0,555.2480786137813,0.0,13.19120983550024,0.0,10.528102320857776,0.0,7.863178768525202,0.0
Lonus,447.6274509803922,0.0,19.68239357105456,0.0,434.3447772740441,0.0,192.0,0.0,117.26199790387662,0.0,12.694718575196312,0.0,13.856406460551018,0.0,8.537682538434463,0.0,319.09058432147845,0.0,75.49031814189016,0.0,48.63169112021363,0.0,5.393853334687406,0.0,9.415286369896489,0.0,4304.626293937079,0.0,707.2118344975838,0.0,12.694718579778842,0.0,10.131455209620391,0.0,7.163818112871886,0.0
Lorum,467.2392156862745,0.0,20.18955843737534,0.0,557.8684807909692,0.0,347.0,0.0,240.1678534977985,0.0,16.31678120125334,0.0,18.627936010197157,0.0,13.203867197190249,0.0,855.476454499651,0.0,652.2867075269314,0.0,521.8445138269515,0.0,12.89801374150039,0.0,11.411388418847162,0.0,4354.386066317925,0.0,798.7259520086648,0.0,16.316781205325334,0.0,14.491802166636317,0.0,12.034943592120515,0.0
Lotos,430.18823529411765,0.0,19.311680990622833,0.0,441.86522167960777,0.0,194.0,0.0,120.30570670399189,0.0,12.907591414398766,0.0,13.92838827718412,0.0,8.75588705061465,0.0,321.93613455934974,0.0,85.85921198911612,0.0,60.634672540813085,0.0,5.3225452719838335,0.0,9.351857175515669,0.0,2949.8205161177502,0.0,1448.5042807333261,0.0,12.907591421743275,0.0,10.116521685062716,0.0,7.389464912028611,0.0
Lotto,415.85882352941184,0.0,19.03611331522121,0.0,465.8304740634766,0.0,239.0,0.0,151.42087512285974,0.0,13.693792731610051,0.0,15.459624833740307,0.0,9.948910283147583,0.0,325.692015370644,0.0,100.91268737988658,0.0,73.81708527450533,0.0,4.935424291195085,0.0,9.515639756947445,0.0,3892.1512889391834,0.0,1289.6145779519502,0.0,13.693792740239427,0.0,11.374866349853116,0.0,8.640190808992287,0.0
Lpftr,400.62745098039215,0.0,18.7415625511562,0.0,514.816583044731,0.0,319.0,0.0,210.41540256028955,0.0,15.213955569484957,0.0,17.86057109949175,0.0,12.002551084339215,0.0,1315.6575751070632,0.0,332.2627277241048,0.0,311.5931424713653,0.0,7.559098041581465,0.0,16.119552642091357,0.0,3636.3060174697043,0.0,1019.115746069088,0.0,15.213955574207649,0.0,13.582418022622306,0.0,10.701633982069495,0.0
Lppbk,547.7019607843138,0.0,21.832541521340243,0.0,512.3180837797453,0.0,268.0,0.0,186.09973395359378,0.0,15.173445037845056,0.0,16.3707055437449,0.0,11.623243483885584,0.0,1645.8622305293634,0.0,360.1507618320327,0.0,343.17470082649436,0.0,7.329477249661404,0.0,17.75617973057624,0.0,1444.9184688951318,0.0,725.2962338541198,0.0,15.173445041502143,0.0,12.883465940564234,0.0,10.25724817368119,0.0
Lrhnn,426.7098039215686,0.0,19.21591396423727,0.0,481.88613797019093,0.0,288.0,0.0,183.48435678006666,0.0,14.26845092791529,0.0,16.97056274847714,0.0,10.951336448230231,0.0,331.2951887836858,0.0,103.1703741454664,0.0,72.7400045096281,0.0,8.940363098374146,0.0,10.594322693830163,0.0,3339.3923543542,0.0,738.5881207836852,0.0,14.26845094444612,0.0,12.80613074863611,0.0,9.644593101078966,0.0
Lrstt,366.4745098039216,0.0,17.88748335417442,0.0,499.56712723056154,0.0,305.0,0.0,198.34330415571023,0.0,14.784118107598896,0.0,17.46424919657298,0.0,11.523349757593262,0.0,327.4450482444269,0.0,114.1210235676495,0.0,82.82993974820965,0.0,5.5519669712945365,0.0,10.115737943010622,0.0,4202.8716253615485,0.0,707.1484321664811,0.0,14.784118119101796,0.0,12.949433939513753,0.0,10.209489513894752,0.0
Lsmst,474.10196078431375,0.0,20.310653867248746,0.0,552.7380906067262,0.0,345.0,0.0,239.11183451947846,0.0,16.244919367610446,0.0,18.57417562100671,0.0,13.162470224295184,0.0,492.9494396432131,0.0,307.3075083731596,0.0,256.1739302681646,0.0,7.005639812117483,0.0,13.907613234908606,0.0,2714.2487244323243,0.0,982.0451518613734,0.0,16.24491936959939,0.0,14.364818933538034,0.0,11.917278493846144,0.0
Lswmn,541.1098039215686,0.0,21.69429876719652,0.0,614.2829865810376,0.0,438.0,0.0,310.1214269418729,0.0,17.8367794640786,0.0,20.92844953645635,0.0,15.152532548610141,0.0,634.9950295649364,0.0,499.1626396137777,0.0,403.59430004530685,0.0,9.70553952469252,0.0,17.28258218805954,0.0,2024.894832323683,0.0,645.1969514149437,0.0,17.8367794570741,0.0,16.799411380774618,0.0,13.937785337003223,0.0
Lubst,451.89019607843136,0.0,19.843380607668443,0.0,468.645652602743,0.0,240.0,0.0,154.9754969715995,0.0,13.86229140850245,0.0,15.491933384829668,0.0,10.149102474020465,0.0,331.85911115847495,0.0,102.20045506977368,0.0,73.5621844668689,0.0,5.818059547681721,0.0,10.133550601166382,0.0,3558.680313942128,0.0,288.31129406090196,0.0,13.86229141228066,0.0,11.482988760540213,0.0,8.80795811334395,0.0
Luder,446.46274509803925,0.0,19.81536846425236,0.0,468.0769260061646,0.0,248.0,0.0,156.35277616251656,0.0,13.752702636648925,0.0,15.748015748023622,0.0,10.060985759578308,0.0,330.55709575834555,0.0,138.0654798387445,0.0,99.45993073088027,0.0,7.337629170440214,0.0,9.404283357304848,0.0,3541.3388761121882,0.0,632.9351434568135,0.0,13.752702648815266,0.0,11.978337226630646,0.0,8.77602466445614,0.0
Luken,477.21960784313717,0.0,20.405137271444975,0.0,472.3131261567696,0.0,261.0,0.0,167.85388546110428,0.0,14.019557223462392,0.0,16.15549442140351,0.0,10.537133181228244,0.0,356.47851928043076,0.0,116.89113161475164,0.0,87.26149532642249,0.0,6.293251334248701,0.0,10.43485256203104,0.0,3975.4776550829024,0.0,670.8228244920571,0.0,14.019557234082761,0.0,12.054227536939543,0.0,9.208511315628199,0.0
Lundi,433.69803921568626,0.0,19.434615585806917,0.0,479.3171780898517,0.0,270.0,0.0,172.36986454104004,0.0,14.14170137620128,0.0,16.431676725154983,0.0,10.64680145737558,0.0,331.29215846520236,0.0,137.36895266374893,0.0,99.01596108837973,0.0,6.161964458216565,0.0,10.087183173835182,0.0,3691.112505622151,0.0,576.9636039529227,0.0,14.141701394614678,0.0,12.356444625185812,0.0,9.374169005529158,0.0
Luxus,442.0352941176471,0.0,19.61571332249548,0.0,473.59407562167496,0.0,262.0,0.0,168.9385667800493,0.0,14.059474511552983,0.0,16.186414056238647,0.0,10.570738642607205,0.0,330.4800760566244,0.0,131.5828969872548,0.0,98.67571273053107,0.0,5.67384879133966,0.0,17.47970316436692,0.0,5621.433770041142,0.0,516.4048674788752,0.0,14.059474516348653,0.0,11.881486189015627,0.0,9.28662413813704,0.0
Lxhnt,443.2196078431373,0.0,19.63474507469869,0.0,507.7692751564796,0.0,314.0,0.0,207.55193531178543,0.0,15.077636749718751,0.0,17.72004514666935,0.0,11.901422396575311,0.0,356.25529268958763,0.0,184.3725580307842,0.0,149.31750969746827,0.0,5.172441876296969,0.0,31.894217243346688,0.0,4452.31509453922,0.0,532.1007039801852,0.0,15.077636763595098,0.0,12.931000460827061,0.0,10.608108137407827,0.0
Lyrpk,460.91372549019604,0.0,20.05262242905399,0.0,553.2979788363602,0.0,366.0,0.0,250.72498692067165,0.0,16.32043764239025,0.0,19.131126469708992,0.0,13.374155658573557,0.0,1154.0132004391169,0.0,513.7793554412877,0.0,416.65571118548786,0.0,9.459694913752148,0.0,16.24900676929998,0.0,5563.653297018571,0.0,1081.9849587451104,0.0,16.320437652801125,0.0,14.554532738017253,0.0,12.124207922836572,0.0
Läden,514.0431372549019,0.0,21.209820870192097,0.0,458.70783267379113,0.0,231.0,0.0,146.23155917602793,0.0,13.52106777483208,0.0,15.198684153570664,0.0,9.782712857413248,0.0,333.4738968755451,0.0,147.06195791644058,0.0,108.4286419625598,0.0,5.394781607005781,0.0,11.176304214091934,0.0,1508.319066287418,0.0,896.3177496218556,0.0,13.521067797424354,0.0,11.967835592333264,0.0,8.498676629779768,0.0
Lätäs,481.6941176470589,0.0,20.459438027055622,0.0,472.2417471581399,0.0,261.0,0.0,169.98422075505027,0.0,14.090650064483697,0.0,16.15549442140351,0.0,10.7157907068242,0.0,341.2529917397006,0.0,156.58218547122905,0.0,128.73294377830942,0.0,5.499085038228234,0.0,26.996669433106437,0.0,2853.0967888008627,0.0,1407.1975489876518,0.0,14.090650084004931,0.0,12.649446935150172,0.0,9.442066806751146,0.0
Löhne,493.4509803921569,0.0,20.7404242483313,0.0,453.5018321351803,0.0,214.0,0.0,135.605574795748,0.0,13.34650938140896,0.0,14.628738838327793,0.0,9.422133697897236,0.0,331.57559001438335,0.0,102.91776767144347,0.0,75.92646962813883,0.0,5.535424930372216,0.0,13.14433996031642,0.0,2097.6051331458334,0.0,808.0781118203635,0.0,13.346509399661308,0.0,11.41045235240392,0.0,8.181649784869027,0.0
Lömöt,522.0,0.0,21.356913150804974,0.0,564.8207828385483,0.0,346.0,0.0,243.29853871738544,0.0,16.543703236532618,0.0,18.601075237738275,0.0,13.39793165107258,0.0,502.5614403427957,0.0,325.6272157324793,0.0,274.6509513744606,0.0,7.190332880000603,0.0,35.37056965186627,0.0,2968.362864723626,0.0,1977.5535793130493,0.0,16.54370325909877,0.0,15.013059381721124,0.0,12.269281322887597,0.0
Lösön,482.57254901960783,0.0,20.446022371950356,0.0,460.21181342101954,0.0,220.0,0.0,141.41931143553546,0.0,13.558509054305413,0.0,14.832396974191326,0.0,9.709228138367164,0.0,338.43135225267287,0.0,146.56405050891962,0.0,121.72467965194512,0.0,5.839766010072789,0.0,35.03574755442284,0.0,1743.3614608279886,0.0,1752.9606368284046,0.0,13.55850908738385,0.0,11.409643108922333,0.0,8.516419391277779,0.0
Löwen,519.9490196078431,0.0,21.318711468326185,0.0,513.4076805247505,0.0,306.0,0.0,205.4563963491091,0.0,15.193863449149193,0.0,17.4928556845359,0.0,11.991121295347492,0.0,419.52153231782444,0.0,352.03017900047195,0.0,268.16112609059985,0.0,5.944786771700679,0.0,15.596783348496476,0.0,2042.6372747020166,0.0,985.96214574344,0.0,15.19386346391815,0.0,13.913108500477572,0.0,10.82646110248825,0.0
Löwin,467.64313725490194,0.0,20.154281134747503,0.0,538.0383336678207,0.0,347.0,0.0,234.5969906394891,0.0,15.881069654887822,0.0,18.627936010197157,0.0,12.835891568994384,0.0,420.6833328441632,0.0,353.9755099218153,0.0,269.6024275664439,0.0,5.831102549659656,0.0,16.013317519467147,0.0,4239.831471631495,0.0,5010.539528218755,0.0,15.88106974692106,0.0,14.708105657803973,0.0,11.637622911537548,0.0
Lüfte,438.65490196078434,0.0,19.658081131865465,0.0,491.62302682248657,0.0,288.0,0.0,187.82602417574515,0.0,14.598413782855529,0.0,16.97056274847714,0.0,11.270236060642473,0.0,349.21872363153324,0.0,179.5213824283388,0.0,148.60179257284233,0.0,5.1736397384005315,0.0,14.04028797531373,0.0,6707.372094510894,0.0,2307.3899642062793,0.0,14.5984137987704,0.0,13.127820443077319,0.0,10.03756033999481,0.0
Lüste,450.6549019607843,0.0,19.86690005513809,0.0,468.228692530288,0.0,242.0,0.0,156.0914592413818,0.0,13.853573421227708,0.0,15.556349186104045,0.0,10.202182328145437,0.0,327.44312717648285,0.0,112.54743601089045,0.0,85.15884543274653,0.0,4.759330499694427,0.0,11.09838468935412,0.0,6418.658154892073,0.0,2153.056949579685,0.0,13.853573440962801,0.0,11.840460370592442,0.0,8.934708246638879,0.0
Mache,561.6745098039215,0.0,22.128685536376953,0.0,490.1983121233792,0.0,296.0,0.0,194.34437142891454,0.0,14.616169623958243,0.0,17.204650534085253,0.0,11.459757991858137,0.0,342.7168370576073,0.0,137.10661811619764,0.0,102.98799766567664,0.0,5.01463102151296,0.0,8.706459770301741,0.0,1442.8896049001298,0.0,458.7971320785011,0.0,14.616169629805936,0.0,13.701176428256128,0.0,10.254010141958357,0.0
Macht,533.3019607843137,0.0,21.52892174162864,0.0,511.24112518246704,0.0,333.0,0.0,221.05433830605128,0.0,15.251354171202548,0.0,18.24828759089466,0.0,12.289498796010355,0.0,344.69068308855856,0.0,143.3244353002435,0.0,107.81036765806438,0.0,8.505512973481153,0.0,8.857712698435382,0.0,1518.7898696029688,0.0,466.72512430700414,0.0,15.25135417734741,0.0,14.28007662963652,0.0,11.061945475596612,0.0
Macke,564.0588235294118,0.0,22.174822844074537,0.0,507.55942337743386,0.0,320.0,0.0,213.8752895891977,0.0,15.153196797183197,0.0,17.88854381999832,0.0,12.134585628652731,0.0,355.0462298687836,0.0,149.70154971005365,0.0,113.62920547812949,0.0,4.859509229518076,0.0,8.460162285829453,0.0,4336.251442885753,0.0,478.94462699192337,0.0,15.153196793299491,0.0,14.10435285013291,0.0,10.899293028556995,0.0
Madam,650.6745098039216,0.0,23.82965369518833,0.0,605.373639964252,0.0,445.0,0.0,313.3492981760983,0.0,17.71468869458816,0.0,21.095023109728988,0.0,15.173772865167562,0.0,866.3623558841521,0.0,669.5519880402481,0.0,534.9531197835845,0.0,3.1468064014594876,0.0,11.20008883446304,0.0,1091.5226346859545,0.0,652.3769361230045,0.0,17.71468869826819,0.0,17.379201197777824,0.0,13.987624213252662,0.0
Maden,593.9176470588236,0.0,22.799466798030824,0.0,499.51973426235054,0.0,321.0,0.0,209.7201668665015,0.0,14.874949113560508,0.0,17.916472867168917,0.0,11.88248148729815,0.0,347.53224963254024,0.0,170.94873439931885,0.0,128.41417157577936,0.0,5.351506965889101,0.0,8.338185238679312,0.0,1304.7616983905004,0.0,728.5552371119256,0.0,14.874949123889484,0.0,14.415858939978431,0.0,10.705303920683349,0.0
Mafia,509.3058823529412,0.0,21.056508800379,0.0,530.9614375082546,0.0,387.0,0.0,256.0610671702852,0.0,15.859905029520979,0.0,19.672315572906,0.0,13.200116422541006,0.0,361.1819300448222,0.0,198.7794360769306,0.0,161.04582429037305,0.0,9.557057269770567,0.0,12.200809111937781,0.0,4401.267944752997,0.0,5027.787323921406,0.0,15.859905112894413,0.0,15.666007441235562,0.0,11.952636739725591,0.0
Magen,607.2039215686275,0.0,23.036793197631695,0.0,512.3471553961439,0.0,331.0,0.0,219.40127654246007,0.0,15.227662198267964,0.0,18.193405398660254,0.0,12.26887886429509,0.0,989.2253908996905,0.0,275.72020475378633,0.0,201.24478455560984,0.0,5.412499113198239,0.0,8.09288239762559,0.0,1308.7372456002918,0.0,728.3306293830891,0.0,15.22766220799828,0.0,14.709970454239834,0.0,11.103353447880274,0.0
Magie,563.5450980392156,0.0,22.205721594016197,0.0,527.44898238536,0.0,348.0,0.0,232.40065799743041,0.0,15.628399481646355,0.0,18.65475810617763,0.0,12.6695319158608,0.0,989.4150364349986,0.0,276.70104696722075,0.0,202.1762690546457,0.0,7.812738166471322,0.0,8.83613050276062,0.0,3938.947975281641,0.0,4964.125931428623,0.0,15.62839955646719,0.0,15.1652549501987,0.0,11.48807985369512,0.0
Magma,663.9607843137255,0.0,24.056819195158425,0.0,611.0706537605848,0.0,447.0,0.0,315.81218736116614,0.0,17.837378126261832,0.0,21.142374511865974,0.0,15.253992441321257,0.0,1098.4884318709164,0.0,450.1118253297716,0.0,363.989476094075,0.0,3.139041558697377,0.0,10.02378349359598,0.0,1664.609413395551,0.0,604.4760748517573,0.0,17.837378116080004,0.0,17.55104109434343,0.0,14.072545087421341,0.0
Mahsa,580.3529411764706,0.0,22.419004543152276,0.0,497.53536050059836,0.0,325.0,0.0,214.0163106516334,0.0,14.936486547444371,0.0,18.027756377319946,0.0,12.039587781745988,0.0,347.52839530090887,0.0,142.06299166174628,0.0,107.52583982607307,0.0,5.359257516461426,0.0,9.629607801218265,0.0,1260.7722742544915,0.0,464.5996867338003,0.0,14.936486547560236,0.0,14.362050974520153,0.0,10.816437107729765,0.0
Mails,472.65882352941173,0.0,20.243740447288722,0.0,524.8316833653236,0.0,366.0,0.0,242.40113760139712,0.0,15.634703625859206,0.0,19.131126469708992,0.0,12.849515160576583,0.0,343.4566888577514,0.0,144.94066006678844,0.0,110.25563714263531,0.0,11.456487156993617,0.0,8.253541924473769,0.0,2019.5315081092676,0.0,2460.073822205596,0.0,15.634703710252667,0.0,15.151192681752525,0.0,11.638570211625737,0.0
Major,507.69803921568626,0.0,21.025791817875195,0.0,543.9112269525077,0.0,382.0,0.0,256.7046102703177,0.0,16.111104769134204,0.0,19.544820285692065,0.0,13.362663788739503,0.0,5805.030356653031,0.0,960.6027888832392,0.0,882.5003685616318,0.0,12.065306196945661,0.0,18.66609516419097,0.0,2843.2355737280477,0.0,1148.2678582745048,0.0,16.111104775518104,0.0,15.438187577463594,0.0,12.185713818636222,0.0
Makro,539.1686274509804,0.0,21.63834223482197,0.0,532.7864921841358,0.0,380.0,0.0,252.9140795326091,0.0,15.870394199612369,0.0,19.493588689617926,0.0,13.16442696720356,0.0,373.62683282416793,0.0,161.20491979844365,0.0,123.79152197314515,0.0,9.208670276749856,0.0,10.928997691624058,0.0,2688.3085404701883,0.0,699.307575071537,0.0,15.870394189846294,0.0,15.33501575166621,0.0,11.966130490543014,0.0
Malta,513.635294117647,0.0,21.140610523411475,0.0,526.0679174792999,0.0,376.0,0.0,249.15237066045034,0.0,15.723515580161093,0.0,19.390719429665317,0.0,13.036673668552474,0.0,345.2726045440304,0.0,150.99640626025092,0.0,114.85581336721837,0.0,8.085130929500753,0.0,8.345393925401732,0.0,3499.1001607738253,0.0,874.967579517053,0.0,15.723515585235424,0.0,15.320351367799304,0.0,11.80109750412032,0.0
Maori,477.7372549019608,0.0,20.37626492371567,0.0,528.0196792005227,0.0,375.0,0.0,246.38672512483265,0.0,15.655192434311648,0.0,19.364916731037084,0.0,12.90437937440252,0.0,341.7586884504524,0.0,147.73149151198848,0.0,109.79889060735425,0.0,16.406130675197243,0.0,9.594745010992506,0.0,2139.1894666744,0.0,660.1226421904397,0.0,15.655192425369936,0.0,15.107429185108275,0.0,11.735647880726114,0.0
Marke,545.5921568627451,0.0,21.836683666626776,0.0,525.8249987563914,0.0,366.0,0.0,243.17020760539376,0.0,15.665772130811906,0.0,19.131126469708992,0.0,12.899763471894268,0.0,355.6106646248617,0.0,152.39003905797924,0.0,115.33117467351933,0.0,5.5737107445293645,0.0,8.262213395557204,0.0,4356.868886652623,0.0,688.1470901220356,0.0,15.665772126896764,0.0,15.045721300317831,0.0,11.697475291118224,0.0
Maske,579.7372549019608,0.0,22.47808758271917,0.0,512.3836608740244,0.0,332.0,0.0,222.50573174768988,0.0,15.319259928796171,0.0,18.2208671582886,0.0,12.3941728375175,0.0,355.5880438244131,0.0,150.24420651520302,0.0,114.76385696711853,0.0,4.5175847388954224,0.0,8.99172400657998,0.0,4327.714001149521,0.0,460.77289426243846,0.0,15.319259924676993,0.0,14.460631281677458,0.0,11.18055187055213,0.0
Masse,556.5686274509804,0.0,22.020769965666847,0.0,482.6015403589473,0.0,288.0,0.0,188.36246464292992,0.0,14.410692504306827,0.0,16.97056274847714,0.0,11.2549560551343,0.0,338.7154063425947,0.0,135.2926413457832,0.0,102.19344309150006,0.0,5.912219102482319,0.0,7.9654036689252585,0.0,1248.3512931250757,0.0,444.65100105150213,0.0,14.410692503473378,0.0,13.428606729546221,0.0,10.06235925335092,0.0
Matta,530.9098039215686,0.0,21.521404989945555,0.0,520.9635682809553,0.0,368.0,0.0,243.60594187460643,0.0,15.591885999366484,0.0,19.183326093250876,0.0,12.886468145253867,0.0,344.58687549529174,0.0,152.1188691077351,0.0,115.65163987431445,0.0,7.475727141812239,0.0,8.35891474464219,0.0,3941.946747024564,0.0,1305.896476733057,0.0,15.591886006644778,0.0,15.072299729156356,0.0,11.647847654925327,0.0
Matte,527.9098039215687,0.0,21.535540039978876,0.0,516.4652484386279,0.0,351.0,0.0,232.0266327719085,0.0,15.407138018935985,0.0,18.734993995195193,0.0,12.577689881524394,0.0,343.46841888267727,0.0,148.6599423512808,0.0,113.56643636512938,0.0,7.587592904927981,0.0,7.7616298520270774,0.0,3937.810831669931,0.0,1305.9316037465583,0.0,15.407138027540247,0.0,14.798797561029309,0.0,11.38487089665608,0.0
Mauer,527.756862745098,0.0,21.50461731666431,0.0,503.81923939202085,0.0,342.0,0.0,221.824558604826,0.0,15.012514348127162,0.0,18.49324200890693,0.0,12.146689176337144,0.0,338.2883545941841,0.0,138.22304125929278,0.0,102.05602120011883,0.0,11.155580735682848,0.0,8.419330795571467,0.0,1971.267129232993,0.0,708.5023285918215,0.0,15.012514358395077,0.0,14.562028103679689,0.0,10.978018688903617,0.0
Maxan,567.0549019607844,0.0,22.193911416422644,0.0,522.4250858947368,0.0,374.0,0.0,248.10525145759453,0.0,15.646513070821955,0.0,19.339079605813716,0.0,12.99947652062098,0.0,348.9866554782543,0.0,171.79098205338573,0.0,131.37307732373012,0.0,5.7189523846002785,0.0,16.43087937601967,0.0,1701.7294900136744,0.0,597.6997696344499,0.0,15.6465130732898,0.0,15.079968767426728,0.0,11.748521277483437,0.0
Mbbrp,586.3764705882353,0.0,22.639196326365685,0.0,550.7274432614438,0.0,376.0,0.0,256.34036032049084,0.0,16.290678453151042,0.0,19.390719429665317,0.0,13.45639444086854,0.0,2735.4070366138635,0.0,598.8330070819193,0.0,584.712449441309,0.0,7.415756244789723,0.0,22.389673432784587,0.0,1994.124470557943,0.0,541.5080778482578,0.0,16.290678442229485,0.0,15.689859250913289,0.0,12.278219867003664,0.0
Mbprp,586.592156862745,0.0,22.641881081994498,0.0,553.9228712428019,0.0,376.0,0.0,257.3392834414845,0.0,16.36459714236283,0.0,19.390719429665317,0.0,13.525418241977253,0.0,2904.5890598285114,0.0,623.9688676276126,0.0,609.623861928326,0.0,7.394262945467989,0.0,23.62382131851132,0.0,2029.7079827541106,0.0,603.8097832560836,0.0,16.36459713001605,0.0,15.68011471434383,0.0,12.337221249644559,0.0
Mbscr,507.26666666666665,0.0,21.004109372558737,0.0,519.2453452170828,0.0,339.0,0.0,225.360082404058,0.0,15.402775959710535,0.0,18.411952639521967,0.0,12.424930793298303,0.0,378.0395004620384,0.0,159.77510367829709,0.0,121.43945723289569,0.0,14.837665734445308,0.0,17.4001463763552,0.0,946.308871684854,0.0,373.8479459833046,0.0,15.402775958670354,0.0,14.323174244001041,0.0,11.214500431100278,0.0
Mbsst,542.7607843137255,0.0,21.73868715058805,0.0,522.6400757486086,0.0,343.0,0.0,230.3045632705011,0.0,15.562765151995057,0.0,18.520259177452136,0.0,12.632601431609938,0.0,379.312529035162,0.0,160.14821656477224,0.0,123.38523548823989,0.0,10.37825710580565,0.0,15.949627490351851,0.0,1304.6186705613782,0.0,320.33283312642425,0.0,15.562765148784814,0.0,14.510263891951476,0.0,11.427943351078625,0.0
Mbstr,508.6156862745098,0.0,21.074791842651084,0.0,542.3651848001907,0.0,382.0,0.0,256.31069074292316,0.0,16.08186093906172,0.0,19.544820285692065,0.0,13.316325684752146,0.0,380.7210161445085,0.0,165.98889945884758,0.0,127.45851489087462,0.0,14.685578251704937,0.0,16.72362178230559,0.0,3090.3298075723474,0.0,451.2930359856561,0.0,16.08186094131286,0.0,15.348482982599334,0.0,12.124448145157888,0.0
Mbzng,606.478431372549,0.0,23.09925826537751,0.0,551.0850432518378,0.0,384.0,0.0,259.1084748902622,0.0,16.265868573304946,0.0,19.595917942265423,0.0,13.469814357862312,0.0,5215.90063947079,0.0,501.5162526255004,0.0,366.63342939497255,0.0,4.940111714740232,0.0,19.94047526662734,0.0,1800.2488570648873,0.0,474.03601676202413,0.0,16.265868575523456,0.0,15.795779968830066,0.0,12.288661708994749,0.0
Mchzt,515.0117647058823,0.0,21.287191304833918,0.0,539.4689247162427,0.0,388.0,0.0,256.3026602925311,0.0,15.958415819790947,0.0,19.697715603592208,0.0,13.208209150206155,0.0,351.8750823078732,0.0,161.01150562832382,0.0,121.07305331303321,0.0,8.336732228204308,0.0,15.01554065453781,0.0,1723.5455762472254,0.0,345.93998069585723,0.0,15.958415819638315,0.0,15.316571776567674,0.0,11.9641321774895,0.0
Mckbr,530.4352941176471,0.0,21.483079900935724,0.0,552.6727529713662,0.0,404.0,0.0,271.4589518354803,0.0,16.37806992344973,0.0,20.09975124224178,0.0,13.707265652514064,0.0,380.21396090893273,0.0,174.13896589934697,0.0,132.8813756627693,0.0,8.635135612377093,0.0,17.083796346100748,0.0,2507.5989320030985,0.0,646.6783933554059,0.0,16.378069930403207,0.0,15.713026958877327,0.0,12.480767609918589,0.0
Mcndc,531.4745098039216,0.0,21.496681431609105,0.0,504.4509182975088,0.0,326.0,0.0,211.98306154059924,0.0,14.94846951870645,0.0,18.05547008526779,0.0,11.914393949257954,0.0,347.456958321949,0.0,173.61773102398004,0.0,128.95629020754592,0.0,5.866730033978083,0.0,23.042517133155357,0.0,1838.980193131087,0.0,592.7586128162604,0.0,14.948469538426336,0.0,14.164732174780044,0.0,10.702360336609692,0.0
Medes,585.521568627451,0.0,22.704627280833158,0.0,493.051512141904,0.0,300.0,0.0,196.1115638417031,0.0,14.656498042482458,0.0,17.320508075688775,0.0,11.504456622585398,0.0,346.7247153577981,0.0,168.7787390118016,0.0,127.24501311001224,0.0,5.908518691612807,0.0,8.62512697695721,0.0,1226.587451390578,0.0,658.2325064001349,0.0,14.656498053027262,0.0,13.980901193572075,0.0,10.376307771190058,0.0
Meere,533.4666666666667,0.0,21.742035180959327,0.0,503.597583454692,0.0,328.0,0.0,213.52639760129412,0.0,14.95421976410143,0.0,18.110770276274835,0.0,11.945226668226063,0.0,338.4252082707091,0.0,137.78310369407325,0.0,102.39582869953512,0.0,8.487167463717253,0.0,8.240714427357712,0.0,1954.9054962990938,0.0,573.0645941556061,0.0,14.954219754598947,0.0,14.444454463793946,0.0,10.817507726601306,0.0
Mehlt,514.3764705882353,0.0,21.23280162078089,0.0,541.8504328614479,0.0,387.0,0.0,258.72473133772814,0.0,16.095542154748323,0.0,19.672315572906,0.0,13.352188968195728,0.0,352.66165351244456,0.0,151.4654610213563,0.0,116.53159464890729,0.0,12.026264008685185,0.0,9.334291352157393,0.0,1513.0491821614653,0.0,2403.2628041774706,0.0,16.095542227400678,0.0,15.583812128278465,0.0,12.167561987502513,0.0
Meile,483.70196078431366,0.0,20.64060268128139,0.0,526.0491130928793,0.0,363.0,0.0,239.14164441036695,0.0,15.603959050771596,0.0,19.05255888325765,0.0,12.732001566334114,0.0,343.1832870368555,0.0,143.88629051629462,0.0,109.39168486722158,0.0,10.32148205609945,0.0,7.961853695533643,0.0,1972.9741818102746,0.0,2441.221183909247,0.0,15.603959140764703,0.0,15.101224341979325,0.0,11.551283165384985,0.0
Melti,455.3294117647059,0.0,19.996255320330164,0.0,554.142700705512,0.0,414.0,0.0,276.06912094905346,0.0,16.400186469730595,0.0,20.346989949375804,0.0,13.784283150830515,0.0,347.44374330069655,0.0,157.67835457195343,0.0,120.25120872638394,0.0,15.930670008214083,0.0,9.360619321026746,0.0,3546.6938505470584,0.0,835.8386372656321,0.0,16.40018647485638,0.0,15.812488683911823,0.0,12.616051144597433,0.0
Menen,564.3607843137255,0.0,22.2569386646854,0.0,489.3384436199456,0.0,315.0,0.0,202.81626673939627,0.0,14.577799281513277,0.0,17.74823934929885,0.0,11.57563762798807,0.0,337.5904046041057,0.0,133.229982520072,0.0,98.85961677278951,0.0,5.914570750217309,0.0,7.539480506609211,0.0,1239.3556394372765,0.0,729.696305650109,0.0,14.577799292646773,0.0,13.991190855418159,0.0,10.41047144041283,0.0
Menge,604.2039215686275,0.0,23.049998978367217,0.0,508.3673389012669,0.0,320.0,0.0,211.31597290477725,0.0,15.081355397662461,0.0,17.88854381999832,0.0,12.020801685764322,0.0,642.8752463107517,0.0,276.2453908014733,0.0,201.73081501236987,0.0,3.8227956431140266,0.0,8.460010721414408,0.0,1051.5499313259404,0.0,538.5140031206839,0.0,15.081355412180995,0.0,14.510480416487512,0.0,10.892969635919632,0.0
Mensa,561.9647058823529,0.0,22.13229559413238,0.0,488.47134743670796,0.0,313.0,0.0,203.0102288067705,0.0,14.616944952254194,0.0,17.69180601295413,0.0,11.622273990949246,0.0,338.95736736958526,0.0,136.83802861287415,0.0,102.19169756064016,0.0,5.515573886764398,0.0,8.732259480278346,0.0,1185.4639768927236,0.0,506.90416782578296,0.0,14.616944952935198,0.0,13.88314177627255,0.0,10.415984387652248,0.0
Menüs,566.5843137254901,0.0,22.247562061617124,0.0,502.2989754383068,0.0,327.0,0.0,215.23950797710376,0.0,15.018779619301789,0.0,18.083141320025124,0.0,12.085198492237657,0.0,350.5878647296948,0.0,169.95267692639922,0.0,137.1054534633296,0.0,5.8138608736798405,0.0,28.786430185952977,0.0,7691.11391462356,0.0,3838.8017992641007,0.0,15.018779636367256,0.0,14.388828045697037,0.0,10.962622163014558,0.0
Meper,551.2470588235294,0.0,22.046984186646913,0.0,515.8440189302908,0.0,335.0,0.0,221.81033275527008,0.0,15.305868641144595,0.0,18.303005217723125,0.0,12.312313387229047,0.0,1036.7100029855046,0.0,226.8204301335841,0.0,203.55773975152718,0.0,10.726047477192065,0.0,11.237282882382685,0.0,1321.5463102887943,0.0,686.4907778705033,0.0,15.305868652124445,0.0,14.523542605510936,0.0,11.144943183829042,0.0
Messe,553.5686274509804,0.0,22.03458467847976,0.0,484.740557239429,0.0,288.0,0.0,187.9990229527205,0.0,14.438044081072606,0.0,16.97056274847714,0.0,11.235713675267752,0.0,338.6065550198296,0.0,134.90373758032845,0.0,101.9745744378083,0.0,5.921356545619937,0.0,8.282324702809289,0.0,1175.739993313656,0.0,333.1540778312129,0.0,14.438044080698328,0.0,13.340613928668315,0.0,10.076524445459706,0.0
Meter,505.09411764705885,0.0,21.131300045179067,0.0,518.8290956309039,0.0,358.0,0.0,234.63024009358813,0.0,15.411307461242734,0.0,18.920887928424502,0.0,12.577531745845585,0.0,341.23526573945577,0.0,145.366762505741,0.0,109.31015515702825,0.0,11.90734515460972,0.0,8.208169081236349,0.0,2730.106993455002,0.0,1342.7305166766332,0.0,15.411307469484418,0.0,14.770640216136597,0.0,11.416382143578963,0.0
Meute,544.5725490196079,0.0,21.929738559656535,0.0,505.7334259607082,0.0,335.0,0.0,218.49406790272747,0.0,15.060717386264576,0.0,18.303005217723125,0.0,12.111172026842926,0.0,340.32426339693353,0.0,140.93874972874053,0.0,106.182319400046,0.0,6.861896309523671,0.0,8.35240719842148,0.0,3404.2726995076137,0.0,480.1661239971653,0.0,15.060717393795226,0.0,14.428245280927028,0.0,10.971277984774636,0.0
Midil,449.3058823529412,0.0,19.801575865739277,0.0,582.7277866688622,0.0,453.0,0.0,304.5521294862099,0.0,17.08299648176542,0.0,21.283796653792763,0.0,14.535400499609567,0.0,361.184799430583,0.0,194.5373942545903,0.0,150.34711559403493,0.0,12.863542064734478,0.0,10.391513109086043,0.0,6244.571588503417,0.0,5554.588314021439,0.0,17.082996542005926,0.0,16.958407127487593,0.0,13.349359600351976,0.0
Mieze,514.0588235294117,0.0,21.38938103160147,0.0,532.0940390853212,0.0,374.0,0.0,245.7958002061818,0.0,15.713468341725788,0.0,19.339079605813716,0.0,12.882536439868687,0.0,341.9161659496596,0.0,151.70751717702234,0.0,113.07507254822004,0.0,4.175841136953797,0.0,10.721704685663983,0.0,4956.1080845984925,0.0,2524.7554577268693,0.0,15.713468327229435,0.0,15.52529316717154,0.0,11.68993249461969,0.0
Milch,460.72156862745095,0.0,19.989127379139628,0.0,552.1635456387088,0.0,407.0,0.0,271.5080316511176,0.0,16.320020740187736,0.0,20.174241001832016,0.0,13.664593162358305,0.0,356.76247565266203,0.0,156.56725476376215,0.0,120.03654060419862,0.0,7.675808299705582,0.0,9.484403844694278,0.0,5141.475578158998,0.0,2615.9075584443585,0.0,16.320020722145248,0.0,15.863908415352533,0.0,12.451073656607038,0.0
Milin,422.74901960784314,0.0,19.15853405517777,0.0,565.6619344369715,0.0,442.0,0.0,293.4104754700413,0.0,16.671878681205467,0.0,21.02379604162864,0.0,14.144261950994393,0.0,344.5464546511531,0.0,151.85247904035998,0.0,114.21354598690009,0.0,10.534848390296004,0.0,8.721616801581531,0.0,6413.436012378633,0.0,5590.907533860574,0.0,16.671878749419108,0.0,16.57565892266611,0.0,12.915670671273439,0.0
Miliz,416.1058823529412,0.0,19.15159258793805,0.0,579.2668759359226,0.0,459.0,0.0,305.2244220652134,0.0,16.971841345742536,0.0,21.42428528562855,0.0,14.448034398963399,0.0,348.3596762989584,0.0,165.9157174922745,0.0,126.30617622172139,0.0,11.068551257821959,0.0,14.710673639202865,0.0,6416.578521614569,0.0,5590.198076625225,0.0,16.971841414068805,0.0,16.845016792104413,0.0,13.207495416069447,0.0
Minen,512.0549019607843,0.0,21.144240542338345,0.0,519.485535206121,0.0,370.0,0.0,240.98777078498279,0.0,15.429200450030951,0.0,19.235384061671343,0.0,12.690600114390042,0.0,339.19316966103736,0.0,139.95938208398184,0.0,103.63938375171197,0.0,4.029156769503644,0.0,7.626704143275107,0.0,4959.976435562043,0.0,2601.088571207249,0.0,15.429200451145645,0.0,15.2724991339501,0.0,11.503760504096388,0.0
Mirki,437.98039215686276,0.0,19.515751187335773,0.0,588.5451934111064,0.0,476.0,0.0,319.83777104228136,0.0,17.275085881544356,0.0,21.817424229271428,0.0,14.878649889840911,0.0,360.3015586462216,0.0,167.82146784860927,0.0,126.552912097667,0.0,10.394919935875333,0.0,9.544146635567083,0.0,6518.681543808653,0.0,2576.1478175587067,0.0,17.275085866252216,0.0,16.951724981515667,0.0,13.665483232600323,0.0
Mitte,472.60392156862747,0.0,20.398423622292725,0.0,548.7513569052849,0.0,406.0,0.0,269.8346951272856,0.0,16.2393643657318,0.0,20.149441679609886,0.0,13.594905424983983,0.0,344.93702677774615,0.0,154.37972166622416,0.0,117.56082479092787,0.0,6.514142039190317,0.0,8.137328929836617,0.0,6190.147480879675,0.0,2800.817783956801,0.0,16.239364363327763,0.0,15.941917037071304,0.0,12.4039971903747,0.0
Mitti,420.29803921568623,0.0,19.178197925331947,0.0,579.1854430933429,0.0,461.0,0.0,308.6941962087961,0.0,17.040894275088757,0.0,21.470910553583888,0.0,14.60029478022435,0.0,348.3228719704278,0.0,164.4417815722497,0.0,124.94676937600664,0.0,13.60180220917852,0.0,9.334961564158256,0.0,6233.457293542616,0.0,2804.3100075978155,0.0,17.040894270402013,0.0,16.732951317094162,0.0,13.398872677111932,0.0
Mixer,469.2078431372549,0.0,20.30139530396781,0.0,562.6141407695961,0.0,433.0,0.0,288.7905894017132,0.0,16.606071539423407,0.0,20.808652046684813,0.0,14.065682341505367,0.0,349.63852734253476,0.0,176.34016478621194,0.0,134.53336773614365,0.0,9.377699317937024,0.0,16.214075992238755,0.0,5141.290550010249,0.0,2573.8488485560515,0.0,16.60607153798207,0.0,16.316863082140816,0.0,12.879695483579901,0.0
Mißis,494.5411764705882,0.0,20.70208669904396,0.0,570.2918249479824,0.0,431.0,0.0,291.82828565596503,0.0,16.836927808381112,0.0,20.760539492026695,0.0,14.271343237618801,0.0,475.4267422379826,0.0,539.7094342724358,0.0,330.2457142016169,0.0,7.656408977565323,0.0,19.011214665095906,0.0,8994.359057054728,0.0,6492.410326767844,0.0,16.83692787935081,0.0,16.735074473390956,0.0,13.081336039837037,0.0
Mkdcn,570.3215686274509,0.0,22.271036735589345,0.0,543.1513699417301,0.0,382.0,0.0,256.79144123050315,0.0,16.10054593613747,0.0,19.544820285692065,0.0,13.365052506042554,0.0,490.44660472867696,0.0,221.36855371813436,0.0,175.74442490588697,0.0,8.016183040341506,0.0,17.05588110311259,0.0,4992.465694828972,0.0,445.4244867991579,0.0,16.10054594024886,0.0,15.2893574618702,0.0,12.168261604159122,0.0
Mlrkl,451.2980392156863,0.0,19.81388256576366,0.0,599.4562996049617,0.0,487.0,0.0,330.63343539497896,0.0,17.574681400467814,0.0,22.06807649071391,0.0,15.224365416872134,0.0,375.13117213088645,0.0,182.65315483270578,0.0,144.4442939515918,0.0,9.636442639857988,0.0,11.467126930587485,0.0,5820.185612836965,0.0,1631.7144346069106,0.0,17.57468138021853,0.0,17.28296000863658,0.0,14.02826337604102,0.0
Mmbnm,680.7921568627451,0.0,24.396745044805424,0.0,719.7984860570069,0.0,576.0,0.0,421.76336004089353,0.0,20.2917823841978,0.0,24.0,0.0,17.964211299463553,0.0,1580.796388241225,0.0,1275.438830414842,0.0,1045.9850498898022,0.0,4.324201909096655,0.0,16.204550595823733,0.0,4376.957941914226,0.0,1026.489454393045,0.0,20.29178239602238,0.0,19.957958198591545,0.0,16.818602393970906,0.0
Mmhrm,630.4274509803922,0.0,23.480005973327543,0.0,737.4727673800694,0.0,617.0,0.0,448.5651813695476,0.0,20.665386594530222,0.0,24.839484696748443,0.0,18.458481893291488,0.0,1580.8368253027336,0.0,1275.7563451021165,0.0,1046.181458279942,0.0,6.9720509463314055,0.0,15.668000976340926,0.0,4451.406236641623,0.0,1061.0737224739516,0.0,20.665386593539324,0.0,20.532673944766625,0.0,17.316211175623593,0.0
Mmtth,576.7607843137255,0.0,22.472872621110884,0.0,653.7727493691904,0.0,527.0,0.0,372.45510882858974,0.0,18.87940720009603,0.0,22.956480566497994,0.0,16.56701837942288,0.0,1370.0494322342147,0.0,1101.6802610065952,0.0,910.3160475743035,0.0,8.463175409441961,0.0,15.252713530405972,0.0,5579.651825818707,0.0,1552.2080039913571,0.0,18.879407208631406,0.0,18.552982817482807,0.0,15.413131033743095,0.0
Mobil,494.843137254902,0.0,20.751950015606038,0.0,548.0716177714193,0.0,380.0,0.0,256.64578125187626,0.0,16.21055017055845,0.0,19.493588689617926,0.0,13.374627584380384,0.0,359.11863599583586,0.0,161.98478490068155,0.0,127.51996610513328,0.0,14.701869623676302,0.0,10.39340095675443,0.0,4025.8944130759837,0.0,4961.567328474374,0.0,16.21055025112906,0.0,15.402412577205498,0.0,12.219766070017503,0.0
Mocko,548.2117647058824,0.0,21.796458025749995,0.0,510.27601517030496,0.0,316.0,0.0,211.19257780270704,0.0,15.163482518368772,0.0,17.776388834631177,0.0,12.061674709288981,0.0,355.40391836425783,0.0,148.76133838242885,0.0,113.17281400503214,0.0,5.28789621863129,0.0,9.52849226497911,0.0,4348.409798551628,0.0,474.4909112140693,0.0,15.163482514125526,0.0,13.849841902739504,0.0,10.870180860854783,0.0
Modem,638.2509803921569,0.0,23.67375594391643,0.0,599.9166861355679,0.0,417.0,0.0,294.6736034278989,0.0,17.490254262063196,0.0,20.42057785666214,0.0,14.755782826908412,0.0,865.8372471458762,0.0,668.3449026826221,0.0,534.2608287283387,0.0,3.533250546586951,0.0,10.952029450381932,0.0,1397.6464060098424,0.0,734.5991520695101,0.0,17.490254270828526,0.0,16.874254134905822,0.0,13.666056688629313,0.0
Moden,584.4941176470588,0.0,22.62302807896736,0.0,499.20908914698646,0.0,309.0,0.0,202.24548827491782,0.0,14.809912076088771,0.0,17.578395831246947,0.0,11.683590029818403,0.0,347.4015462457463,0.0,169.41670977133643,0.0,127.65724463740084,0.0,5.026661762701396,0.0,8.577471953850552,0.0,1344.8574438778207,0.0,725.4543834583134,0.0,14.809912086173178,0.0,14.072470857863635,0.0,10.554119587567827,0.0
Mokka,596.4823529411765,0.0,22.7374500326428,0.0,545.4095687509532,0.0,384.0,0.0,262.162118490997,0.0,16.293585804923534,0.0,19.595917942265423,0.0,13.579189701157834,0.0,389.1008878062802,0.0,171.7295018398737,0.0,133.71362893382613,0.0,3.844259903269981,0.0,11.247079665803358,0.0,4701.914782961214,0.0,562.929667481073,0.0,16.293585800635164,0.0,15.389500944825814,0.0,12.34217847966421,0.0
Monat,541.2117647058824,0.0,21.694427783358712,0.0,503.54907724265365,0.0,332.0,0.0,217.47480003636474,0.0,15.024806855156395,0.0,18.2208671582886,0.0,12.094977939859735,0.0,339.88949364827505,0.0,139.06638810714531,0.0,103.86390672407595,0.0,7.75735330759866,0.0,8.460132256635093,0.0,1170.9888019742507,0.0,702.6055714880804,0.0,15.024806859090427,0.0,14.243815940192249,0.0,10.874208704520418,0.0
Moped,610.9215686274509,0.0,23.148379180187597,0.0,510.0259476723929,0.0,308.0,0.0,206.36072942342872,0.0,15.130357932189353,0.0,17.549928774784245,0.0,11.977469903602541,0.0,1044.753406060426,0.0,278.0681399649353,0.0,240.9670880477332,0.0,3.121251265898131,0.0,13.558701576284085,0.0,1467.1069780848622,0.0,740.0614354967604,0.0,15.13035794075883,0.0,14.301838345337407,0.0,10.855498894326686,0.0
Moral,484.39607843137264,0.0,20.51962161452748,0.0,532.53524866162,0.0,381.0,0.0,252.0219310749408,0.0,15.808276238722465,0.0,19.519221295943137,0.0,13.109828720054146,0.0,350.72145383894366,0.0,158.44907003108085,0.0,123.08696398758845,0.0,11.325483048783132,0.0,9.013363225054578,0.0,1385.2464687890435,0.0,790.0072549358529,0.0,15.80827624086661,0.0,15.112263998061099,0.0,11.942355744241341,0.0
Morgo,551.8156862745099,0.0,21.92507215329828,0.0,523.1537813410721,0.0,342.0,0.0,226.22928191484783,0.0,15.434888630274317,0.0,18.49324200890693,0.0,12.449234533567992,0.0,643.5560423470159,0.0,278.028999872134,0.0,202.9794849261857,0.0,5.711761463545987,0.0,9.367981137131256,0.0,1289.094335435325,0.0,698.3639695945014,0.0,15.434888642238555,0.0,14.712543245163205,0.0,11.343043314317963,0.0
Motel,501.2117647058824,0.0,20.964726055021362,0.0,529.6214693103201,0.0,362.0,0.0,241.32401742080793,0.0,15.71876801575231,0.0,19.026297590440446,0.0,12.898494939883912,0.0,351.9231039273209,0.0,159.01516077136418,0.0,125.50626860985034,0.0,11.18496133142132,0.0,9.13930951967634,0.0,2868.092956116055,0.0,1376.4842932007177,0.0,15.718768021627087,0.0,14.879965269694884,0.0,11.776121789927293,0.0
Motol,494.7882352941176,0.0,20.758054814385844,0.0,530.1151176453429,0.0,359.0,0.0,239.3572198750902,0.0,15.712754055530292,0.0,18.947295321496416,0.0,12.845821564749821,0.0,352.0906361357405,0.0,158.60111605346012,0.0,125.26536138604207,0.0,11.704085498193331,0.0,10.298638320524805,0.0,3110.8933409206093,0.0,1468.9968685381432,0.0,15.712754061084315,0.0,14.721364374760912,0.0,11.717075808632817,0.0
Motor,492.2470588235294,0.0,20.719219189662926,0.0,516.8730819700809,0.0,343.0,0.0,225.5522056464962,0.0,15.316647671036131,0.0,18.520259177452136,0.0,12.352487542038986,0.0,341.3829942331938,0.0,143.4699287162778,0.0,108.34738552131502,0.0,12.130146395340567,0.0,9.592931082701684,0.0,3031.3573088606236,0.0,1465.9450597830767,0.0,15.316647678106031,0.0,14.354440455309348,0.0,11.200323183924946,0.0
Motte,518.4862745098039,0.0,21.348657990627164,0.0,516.1546033232638,0.0,339.0,0.0,224.55195418032486,0.0,15.344356829303996,0.0,18.411952639521967,0.0,12.389963375437793,0.0,343.33616845454463,0.0,146.89564396843943,0.0,112.70984036717684,0.0,7.4233517001833205,0.0,8.08841919966544,0.0,3952.305410376862,0.0,1304.3863424693882,0.0,15.34435683774814,0.0,14.46450331816164,0.0,11.24282853908406,0.0
Mpkrv,538.3450980392156,0.0,21.67666702050921,0.0,584.5726512527854,0.0,445.0,0.0,304.5109250558768,0.0,17.22688595879281,0.0,21.095023109728988,0.0,14.673957585605585,0.0,1324.3820733652778,0.0,335.53318988417925,0.0,309.51021590771035,0.0,12.079287191510877,0.0,33.300765647323274,0.0,2742.3811748209714,0.0,759.0137574751951,0.0,17.226885951341796,0.0,16.43751593517337,0.0,13.459926752955221,0.0
Mpstr,508.83137254901965,0.0,21.07767586425324,0.0,544.773614920555,0.0,381.0,0.0,256.60388348848426,0.0,16.13827831898749,0.0,19.519221295943137,0.0,13.363413907889218,0.0,1314.6746841995096,0.0,320.1145242498401,0.0,299.3404174468174,0.0,14.67817833799475,0.0,13.83569100986476,0.0,3147.1932442430298,0.0,622.8030637456174,0.0,16.138278324496476,0.0,15.324525692595682,0.0,12.162647542968342,0.0
Mqmgn,667.5372549019608,0.0,24.165815122411352,0.0,626.9060459946373,0.0,464.0,0.0,329.10516946521415,0.0,18.163779448042316,0.0,21.540659228538015,0.0,15.614222860580627,0.0,4491.398506134497,0.0,5309.536174025092,0.0,4441.005976301206,0.0,4.3450208340277525,0.0,39.92184918054495,0.0,2798.4842076042696,0.0,1310.2546902062138,0.0,18.163779458252506,0.0,17.822837375559075,0.0,14.4986135933753,0.0
Mrjmm,601.3411764705883,0.0,22.961288988274937,0.0,765.9142243057672,0.0,652.0,0.0,476.6913745044868,0.0,21.250399846453448,0.0,25.534290669607408,0.0,19.07396708582742,0.0,5878.490058707523,0.0,1212.0383721567596,0.0,1068.1864963806636,0.0,8.432472869053147,0.0,20.610082386520773,0.0,4019.9304991919166,0.0,1072.2378569363552,0.0,21.250399843393183,0.0,21.07050603235998,0.0,17.873709374951954,0.0
Mrmcs,534.8117647058824,0.0,21.58456487826977,0.0,602.772410421609,0.0,449.0,0.0,312.81229954321014,0.0,17.60734323845774,0.0,21.18962010041709,0.0,15.055701283230666,0.0,503.3572055852493,0.0,323.62156614575764,0.0,268.0206342015503,0.0,6.171820421887611,0.0,11.28238860294677,0.0,3854.0441945600346,0.0,1144.4230664190793,0.0,17.60734324515653,0.0,17.055524524224346,0.0,13.882616939627946,0.0
Mrntt,468.07450980392156,0.0,20.23993448845341,0.0,552.1509637535355,0.0,421.0,0.0,279.6982467696205,0.0,16.37720597220197,0.0,20.518284528683193,0.0,13.82801856407335,0.0,344.72856446178366,0.0,155.3854999680111,0.0,117.35426998102864,0.0,9.061575018936118,0.0,9.326712107725266,0.0,4258.23922433876,0.0,827.1341746536903,0.0,16.377205979677832,0.0,16.02466384010009,0.0,12.627811522510507,0.0
Msrkt,500.17647058823525,0.0,20.872189002135567,0.0,556.2179326598978,0.0,418.0,0.0,280.5321501043774,0.0,16.490550711473507,0.0,20.445048300260872,0.0,13.925608548670452,0.0,360.00424917735444,0.0,165.385456998,0.0,125.81226801679652,0.0,8.271356276952867,0.0,13.440780268782163,0.0,4438.903676965384,0.0,660.9627150028572,0.0,16.490550709913034,0.0,15.707665325505813,0.0,12.712811480886357,0.0
Msttx,498.91372549019604,0.0,20.892444215504376,0.0,563.8546851441123,0.0,428.0,0.0,289.43117665927355,0.0,16.726534774080626,0.0,20.688160865577203,0.0,14.20936993325222,0.0,357.07451251105033,0.0,190.99725556371354,0.0,148.9016566338111,0.0,8.552863569871546,0.0,22.55945698690393,0.0,4047.5739698898255,0.0,1295.8896037231661,0.0,16.726534781866803,0.0,15.84456521176226,0.0,13.015150062944983,0.0
Mtglt,510.4588235294118,0.0,21.147030007161728,0.0,586.5378683010249,0.0,443.0,0.0,302.60571785358366,0.0,17.225361491661342,0.0,21.047565179849187,0.0,14.628808549835743,0.0,994.2505924223525,0.0,292.3356275457782,0.0,217.7903915504351,0.0,10.138418947268422,0.0,12.406260314236084,0.0,2110.5358020987005,0.0,2587.1933667451913,0.0,17.225361556911793,0.0,16.773789672381415,0.0,13.414748401129325,0.0
Mtndn,553.8980392156864,0.0,21.989711340631345,0.0,535.785735041107,0.0,384.0,0.0,255.0358756117265,0.0,15.922346208451739,0.0,19.595917942265423,0.0,13.215460282852918,0.0,353.7747182307903,0.0,182.20371784803226,0.0,140.2659001138451,0.0,3.974946164620722,0.0,11.95730370515264,0.0,2075.843466436753,0.0,1125.813159845708,0.0,15.922346230264608,0.0,15.510562276198682,0.0,12.016672014469005,0.0
Mtrkc,484.4980392156863,0.0,20.545233523388465,0.0,561.0622901947066,0.0,421.0,0.0,283.2859386498019,0.0,16.60493065970938,0.0,20.518284528683193,0.0,14.021783905464154,0.0,363.9537085049058,0.0,174.33820646193695,0.0,134.90101428197156,0.0,8.002220022117832,0.0,21.38046385274907,0.0,4582.774970895329,0.0,1134.7532660464285,0.0,16.604930658564065,0.0,15.846283633802738,0.0,12.792510982874349,0.0
Mtrrd,474.81568627450974,0.0,20.41694571755725,0.0,566.4537856293775,0.0,440.0,0.0,293.054587370772,0.0,16.697839978156875,0.0,20.97617696340303,0.0,14.19002056757659,0.0,371.46741790764156,0.0,231.6509149097998,0.0,181.05861487176404,0.0,9.406018286758888,0.0,13.729081282518154,0.0,2522.8381250765688,0.0,1205.5653148322883,0.0,16.69783997285733,0.0,16.457877396871993,0.0,13.02670419200359,0.0
Mtslm,538.7019607843138,0.0,21.690515842382602,0.0,651.3512793727411,0.0,514.0,0.0,364.81161410063123,0.0,18.80631334405383,0.0,22.67156809750927,0.0,16.4144507850994,0.0,867.6235445994698,0.0,666.99275532426,0.0,534.5144998089846,0.0,6.34097616618158,0.0,13.687822336250258,0.0,2100.1238904577203,0.0,2579.8661320046344,0.0,18.80631341009932,0.0,18.33427375139606,0.0,15.216589039821109,0.0
Mtvst,488.83921568627454,0.0,20.684447461365917,0.0,562.8228233853245,0.0,420.0,0.0,283.98651619864114,0.0,16.678168371895786,0.0,20.493901531919196,0.0,14.070823608256902,0.0,354.20824988655795,0.0,179.52980584368996,0.0,140.43050362993935,0.0,8.87856860318723,0.0,14.877187816427437,0.0,2622.012992741851,0.0,1028.6920531350452,0.0,16.678168375414227,0.0,15.730368750799911,0.0,12.826952302890458,0.0
Muhne,571.0392156862745,0.0,22.340417888528044,0.0,503.4836816294178,0.0,331.0,0.0,217.04622449102112,0.0,15.03188249180931,0.0,18.193405398660254,0.0,12.098675598334554,0.0,346.3510868948888,0.0,138.70927328700733,0.0,104.64217954669061,0.0,4.784324857629139,0.0,9.152966616235274,0.0,3817.9862837496025,0.0,489.26122065860125,0.0,15.031882499312445,0.0,14.5432930837642,0.0,10.953526371661994,0.0
Mulde,545.2078431372549,0.0,21.88671542711743,0.0,523.7802041575964,0.0,354.0,0.0,234.71551971676612,0.0,15.557017450412843,0.0,18.81488772222678,0.0,12.668710072008547,0.0,349.62939223795655,0.0,171.45013837405907,0.0,129.9477148690268,0.0,5.240790294172502,0.0,9.226652762487532,0.0,4022.3715127863156,0.0,824.7224892521479,0.0,15.557017453925802,0.0,15.10253006250248,0.0,11.523413999349122,0.0
Mulur,470.4000000000001,0.0,20.272359274575763,0.0,540.0683315579756,0.0,399.0,0.0,263.74264924585896,0.0,16.03369629276375,0.0,19.974984355438178,0.0,13.377575819990108,0.0,343.3201759552825,0.0,148.52502019026392,0.0,111.50527251513826,0.0,12.5082296374118,0.0,10.66029648394444,0.0,5733.3149234762195,0.0,888.5231483476703,0.0,16.033696291706327,0.0,15.551276800744793,0.0,12.20998766515662,0.0
Mumus,595.3019607843138,0.0,22.798565958530702,0.0,590.7286035050881,0.0,432.0,0.0,301.0156622600051,0.0,17.35307751821286,0.0,20.784609690826528,0.0,14.764712696645939,0.0,502.2377018767148,0.0,320.22060790937434,0.0,265.7438602002097,0.0,5.773274487883901,0.0,10.093916041055824,0.0,5984.060223855799,0.0,1070.1073491352906,0.0,17.353077522835285,0.0,16.836117245172872,0.0,13.628223153324843,0.0
Mvvsd,541.4666666666667,0.0,21.76350888776981,0.0,567.7313401294379,0.0,430.0,0.0,290.741326732775,0.0,16.79522322190979,0.0,20.73644135332772,0.0,14.250261324217878,0.0,385.64516972730235,0.0,266.98123499233407,0.0,210.5751371805794,0.0,5.205676912271657,0.0,27.046035338704204,0.0,5219.753518179685,0.0,612.0441187148866,0.0,16.795223224316775,0.0,15.999534516956555,0.0,13.095739733315567,0.0
Mvzdv,540.2196078431373,0.0,21.870267236689845,0.0,583.1252126570162,0.0,455.0,0.0,306.71682130292413,0.0,17.130500623989978,0.0,21.330729007701542,0.0,14.610784987831787,0.0,370.9400455391088,0.0,235.7205445426618,0.0,182.4762312945378,0.0,5.357074881499311,0.0,39.98444010445865,0.0,4980.861088697151,0.0,659.5838595856419,0.0,17.13050064242794,0.0,16.41178078546816,0.0,13.4349426455044,0.0
Mzbnl,529.635294117647,0.0,21.584891194395553,0.0,558.1045231319713,0.0,406.0,0.0,273.5925637370687,0.0,16.485081062551863,0.0,20.149441679609886,0.0,13.798516789772334,0.0,367.11256681399493,0.0,187.06445077626321,0.0,149.1292174738019,0.0,10.372151237815947,0.0,22.692497192443586,0.0,2236.399089506875,0.0,539.9003024633561,0.0,16.485081075073136,0.0,15.730308543592399,0.0,12.598351075255547,0.0
Mzffb,531.843137254902,0.0,21.709193293010564,0.0,580.8986508994288,0.0,449.0,0.0,304.31701822186324,0.0,17.119234382478226,0.0,21.18962010041709,0.0,14.604431452789582,0.0,394.0780895564796,0.0,254.30502740416992,0.0,208.84413029801368,0.0,6.426602539378904,0.0,27.49756373658993,0.0,2844.4015316073246,0.0,1542.2525224970245,0.0,17.119234417871468,0.0,16.884300867176638,0.0,13.402913759376741,0.0
Mzllr,426.88235294117646,0.0,19.413863621919475,0.0,580.1915654197998,0.0,455.0,0.0,304.9621538266259,0.0,17.03093829519849,0.0,21.330729007701542,0.0,14.504540556155657,0.0,356.62675943268,0.0,181.92244729951497,0.0,142.51520180921167,0.0,16.648892606195883,0.0,21.963659778363382,0.0,2459.1868744045405,0.0,2503.8206629032675,0.0,17.03093837388665,0.0,16.604475966410792,0.0,13.2687117321966,0.0
Mznsn,535.0274509803921,0.0,21.65169529772824,0.0,519.9650019468895,0.0,362.0,0.0,237.66054708472478,0.0,15.459633058909269,0.0,19.026297590440446,0.0,12.663722910902363,0.0,348.07277465673326,0.0,167.0121838067151,0.0,129.5940954299321,0.0,6.2139067895877025,0.0,21.88501326496964,0.0,1653.6970518864966,0.0,545.4925132396947,0.0,15.459633063293074,0.0,14.657340703807614,0.0,11.441379289244399,0.0
Mzsnr,495.48627450980393,0.0,20.86739186051677,0.0,535.3691248942932,0.0,382.0,0.0,252.4388016075996,0.0,15.85036982325752,0.0,19.544820285692065,0.0,13.088789393131002,0.0,348.6069599083573,0.0,170.05868755180998,0.0,131.43245473254618,0.0,11.52651693436045,0.0,22.161877939635918,0.0,2110.243077730971,0.0,521.8747635218753,0.0,15.850369833805054,0.0,15.029853324793777,0.0,11.869725595964956,0.0
Mähne,599.078431372549,0.0,22.868189241833463,0.0,507.1638434185668,0.0,334.0,0.0,221.00329924988972,0.0,15.173058650143005,0.0,18.275666882497067,0.0,12.284665750890328,0.0,349.51266230218926,0.0,150.82872718037524,0.0,115.23015121411224,0.0,5.950949364907965,0.0,10.775402087981476,0.0,2073.8172198461702,0.0,802.7604810307364,0.0,15.17305866659649,0.0,14.915219805345544,0.0,11.157150695950119,0.0
Mäuse,578.2313725490196,0.0,22.487368405243785,0.0,497.94403282439634,0.0,321.0,0.0,210.7953579962296,0.0,14.897536317495893,0.0,17.916472867168917,0.0,11.944267268886705,0.0,341.916142057295,0.0,148.77934956018663,0.0,112.93940293474174,0.0,6.36326436098123,0.0,10.899641618749783,0.0,2184.394971798021,0.0,729.8529639040768,0.0,14.897536327721216,0.0,14.407548372293506,0.0,10.82745896311628,0.0
Mäzen,577.0470588235294,0.0,22.567815184442516,0.0,516.4562937728666,0.0,354.0,0.0,232.98917803496164,0.0,15.384140589843321,0.0,18.81488772222678,0.0,12.573104791175503,0.0,345.1715325942151,0.0,161.40410901644313,0.0,122.53836360162458,0.0,6.711164796420457,0.0,15.033712139615504,0.0,1674.56771637664,0.0,888.3470022371475,0.0,15.384140609403184,0.0,15.03966565702087,0.0,11.39867077785833,0.0
Möbel,563.478431372549,0.0,22.220248393693346,0.0,535.9804292078122,0.0,357.0,0.0,241.93962513358076,0.0,15.911127390464301,0.0,18.894443627691185,0.0,13.033530486397686,0.0,361.37112791227713,0.0,170.01527964538522,0.0,134.6225369233051,0.0,10.622150839622137,0.0,13.834077028193878,0.0,1971.5898687367032,0.0,923.9326213118353,0.0,15.91112740711079,0.0,15.2451361091037,0.0,11.96049269116866,0.0
Mödeu,600.7607843137256,0.0,22.970387971644243,0.0,516.550811776026,0.0,337.0,0.0,223.684080956326,0.0,15.348016150565222,0.0,18.35755975068582,0.0,12.39374175765697,0.0,351.51373876262994,0.0,182.91996848040029,0.0,138.9201149617939,0.0,5.723674386090973,0.0,15.466557253890594,0.0,1886.4620755454714,0.0,936.660183301366,0.0,15.348016168689242,0.0,14.889227699007721,0.0,11.340036040595423,0.0
Möhre,550.1137254901961,0.0,21.945068256017016,0.0,523.5853418893578,0.0,351.0,0.0,233.6046529818296,0.0,15.560591892312065,0.0,18.734993995195193,0.0,12.667643030008753,0.0,350.3721773327952,0.0,153.95757105187695,0.0,117.86877949413004,0.0,8.602597139797608,0.0,13.12342935433067,0.0,2361.9864023757086,0.0,869.33239388345,0.0,15.56059189222719,0.0,15.135306094463287,0.0,11.599658502365546,0.0
Möpse,595.2980392156863,0.0,22.8182794986213,0.0,507.51915036682055,0.0,302.0,0.0,203.66989524529947,0.0,15.103672832836539,0.0,17.378147196982766,0.0,11.935919895719293,0.0,1037.9025250711015,0.0,232.50983934612566,0.0,208.93065976006108,0.0,5.866603062617114,0.0,14.836632378855064,0.0,1839.7973012615385,0.0,797.9179187273473,0.0,15.103672843276861,0.0,14.108521993845999,0.0,10.836395791413253,0.0
Möwön,626.0588235294118,0.0,23.354589428341438,0.0,580.1264504332034,0.0,429.0,0.0,296.0142282510062,0.0,17.116415223050797,0.0,20.71231517720798,0.0,14.568097251130123,0.0,444.69290442396783,0.0,383.1314439547953,0.0,297.862935389508,0.0,5.078642034952945,0.0,36.35376433331677,0.0,2194.084716617052,0.0,1813.760055478295,0.0,17.116415238292728,0.0,17.00290323410689,0.0,13.508033782205818,0.0
Mühen,587.3686274509804,0.0,22.655244085704588,0.0,519.1911341879058,0.0,357.0,0.0,236.97779927647724,0.0,15.50981935921266,0.0,18.894443627691185,0.0,12.74066129930778,0.0,350.6111609131877,0.0,152.7515496995695,0.0,117.770042963354,0.0,5.972967151134054,0.0,10.968109246419003,0.0,5816.809481183426,0.0,2208.4701010329063,0.0,15.509819377546387,0.0,15.191606808259955,0.0,11.618289897894464,0.0
Mühle,550.3686274509804,0.0,21.943632657910083,0.0,539.4572804259483,0.0,380.0,0.0,255.53365684301897,0.0,16.059412917706343,0.0,19.493588689617926,0.0,13.321510403972344,0.0,355.19593026117525,0.0,159.46396902375628,0.0,124.84248808122047,0.0,8.15384962852292,0.0,11.162212349325763,0.0,5862.393567495131,0.0,3202.138840961062,0.0,16.059413005846,0.0,15.827727554671235,0.0,12.192068882692007,0.0
Münze,565.3372549019608,0.0,22.352008580476596,0.0,519.2915340294103,0.0,354.0,0.0,233.2556024981946,0.0,15.441121056191117,0.0,18.81488772222678,0.0,12.586470890175526,0.0,344.6877106623328,0.0,158.59010751541285,0.0,121.18992741894418,0.0,6.014471899529394,0.0,12.408888441750237,0.0,5810.701370931057,0.0,2173.6185483607906,0.0,15.441121058949442,0.0,15.038493357091566,0.0,11.43709885115839,0.0
Mütze,545.6117647058823,0.0,22.002742480491428,0.0,535.7329309188459,0.0,377.0,0.0,250.9912841070292,0.0,15.901025490552852,0.0,19.4164878389476,0.0,13.136252997384576,0.0,347.8802434890914,0.0,166.09692922183663,0.0,128.05848378029424,0.0,6.5309568622717915,0.0,12.273505853544238,0.0,6298.611360897251,0.0,2447.6658504382035,0.0,15.901025491334895,0.0,15.406712534230216,0.0,11.977884604157277,0.0
Nabal,546.3176470588235,0.0,21.73440922606358,0.0,491.5356435286907,0.0,336.0,0.0,218.75437895917702,0.0,14.856953367130195,0.0,18.33030277982336,0.0,12.10915766773201,0.0,342.9187860275804,0.0,132.69418659199283,0.0,100.89720802018485,0.0,8.77737578247015,0.0,11.012700258114732,0.0,1055.479084874698,0.0,574.3665231570606,0.0,14.856953373098383,0.0,14.546541882480659,0.0,10.867007616112334,0.0
Nabel,543.3176470588235,0.0,21.748405837630436,0.0,486.38933481537066,0.0,320.0,0.0,207.55336280256137,0.0,14.654640131646563,0.0,17.88854381999832,0.0,11.781703340531623,0.0,341.7228860690473,0.0,128.50774160138903,0.0,98.15226276887363,0.0,9.141691694076833,0.0,10.594513577891643,0.0,1331.493871977207,0.0,670.0883034918055,0.0,14.654640143458193,0.0,14.285945964842094,0.0,10.602519541951512,0.0
Nadel,543.6627450980392,0.0,21.774334559773656,0.0,488.4487501307924,0.0,326.0,0.0,210.17697008993423,0.0,14.681200252496104,0.0,18.05547008526779,0.0,11.827741846942141,0.0,342.28784321143473,0.0,160.82661045578524,0.0,121.90053604768528,0.0,8.795901064284521,0.0,10.52572781148207,0.0,1300.5079234826626,0.0,703.6917290951816,0.0,14.681200262279443,0.0,14.474759024760818,0.0,10.669497946869999,0.0
Napal,546.5333333333334,0.0,21.737205731957562,0.0,494.73107151004865,0.0,336.0,0.0,219.75330208017067,0.0,14.937968353191515,0.0,18.33030277982336,0.0,12.185814978661305,0.0,1035.2677162596472,0.0,219.87251886723308,0.0,199.8320572055943,0.0,8.806464406594868,0.0,12.733802498235017,0.0,1121.0928262249436,0.0,633.4154848065523,0.0,14.937968356687762,0.0,14.53603091990406,0.0,10.933627008998435,0.0
Narbe,540.7764705882353,0.0,21.711341751041704,0.0,468.61527631260657,0.0,301.0,0.0,190.07576267494136,0.0,14.07710334699679,0.0,17.349351572897472,0.0,11.08624926515154,0.0,327.4353716694575,0.0,110.10475820138745,0.0,74.80278100186146,0.0,4.52317192709494,0.0,10.600647798866726,0.0,1307.456276425858,0.0,782.1945567747849,0.0,14.07710335185826,0.0,13.846036598641376,0.0,9.8975381259576,0.0
Nasen,548.7098039215687,0.0,21.814709208927127,0.0,450.60468145616994,0.0,276.0,0.0,172.321308927735,0.0,13.551864435921301,0.0,16.61324772583615,0.0,10.47228966383201,0.0,321.3510965782168,0.0,97.45351925497768,0.0,64.8484688148645,0.0,4.81275318568977,0.0,9.074793999718882,0.0,1107.5481091677486,0.0,653.4241372745437,0.0,13.551864446648695,0.0,13.089471116277645,0.0,9.235365743649844,0.0
Natan,537.3803921568627,0.0,21.5570293237294,0.0,471.42485741387725,0.0,323.0,0.0,204.6899034445374,0.0,14.265656788294134,0.0,17.97220075561143,0.0,11.515516592329504,0.0,325.21450451288916,0.0,111.8629491697795,0.0,77.65335439734669,0.0,4.849205523691721,0.0,9.425050962468589,0.0,2544.6724583280097,0.0,1311.97147908948,0.0,14.26565678956172,0.0,14.023488409156666,0.0,10.224099957843343,0.0
Natar,497.83921568627443,0.0,20.769151332175888,0.0,484.47411253539974,0.0,343.0,0.0,218.7681951898947,0.0,14.631839843129999,0.0,18.520259177452136,0.0,11.944209784218334,0.0,325.6188774022288,0.0,116.00525462619731,0.0,80.58258422793217,0.0,10.228053418823361,0.0,9.898401083148245,0.0,2544.5946169520666,0.0,1313.0598280729944,0.0,14.631839845400883,0.0,14.417562528556527,0.0,10.668907917520857,0.0
Natta,517.6549019607843,0.0,21.194666837326125,0.0,483.60129335261286,0.0,337.0,0.0,216.17943912408788,0.0,14.646082104630802,0.0,18.35755975068582,0.0,11.92790694054081,0.0,327.7709126223922,0.0,119.44574460861621,0.0,85.61003905661019,0.0,6.44713882263042,0.0,9.578595407962199,0.0,3877.051519946433,0.0,1287.6124289265595,0.0,14.646082112329784,0.0,14.387473315892436,0.0,10.666349286903996,0.0
Nazis,489.7607843137255,0.0,20.671797182869803,0.0,482.577968407203,0.0,325.0,0.0,207.0236700681496,0.0,14.507250316784296,0.0,18.027756377319946,0.0,11.61466828016035,0.0,325.1933636492852,0.0,117.81413556600712,0.0,82.9388509658105,0.0,9.676991036384443,0.0,14.147544557278616,0.0,3882.7232104903837,0.0,4954.498940921726,0.0,14.507250401183896,0.0,14.172520186387702,0.0,10.347787684163132,0.0
Ncbgt,559.0666666666666,0.0,22.043757120537208,0.0,508.88997754643754,0.0,341.0,0.0,223.72963132589229,0.0,15.212814642529086,0.0,18.466185312619388,0.0,12.323763507083049,0.0,640.8435814348272,0.0,270.38529888247285,0.0,194.9764213416786,0.0,4.297350829319592,0.0,16.38507760806683,0.0,1464.846570447589,0.0,315.0102577482632,0.0,15.212814662311093,0.0,14.689680049425224,0.0,11.099812173019497,0.0
Nchdr,515.1411764705883,0.0,21.134100313910487,0.0,498.5142167583506,0.0,348.0,0.0,223.241589348538,0.0,14.928633179559654,0.0,18.65475810617763,0.0,12.127367331484358,0.0,339.802082270134,0.0,151.0824497987199,0.0,108.73850909332327,0.0,6.88479481905443,0.0,15.415673908862688,0.0,1691.7456852487617,0.0,427.83277740681183,0.0,14.928633203366225,0.0,14.707533719431476,0.0,10.918822889472699,0.0
Nchpr,515.0117647058823,0.0,21.110264699032232,0.0,500.4243314962237,0.0,346.0,0.0,223.73437487671134,0.0,15.001673335180277,0.0,18.601075237738275,0.0,12.208824291243946,0.0,961.4205993786434,0.0,205.3977294732593,0.0,182.2296924195783,0.0,7.2497053925157005,0.0,16.690046816199615,0.0,1989.2424077300998,0.0,909.8594606016876,0.0,15.001673346872938,0.0,14.658207242717891,0.0,10.989153651933272,0.0
Ndhmr,589.9725490196079,0.0,22.66630469892136,0.0,594.0237342211839,0.0,454.0,0.0,314.33623908840946,0.0,17.5080913636915,0.0,21.307275752662516,0.0,15.06425840143881,0.0,641.0602733434583,0.0,501.01692394794435,0.0,414.1100797947241,0.0,6.771407006672,0.0,18.025691335060547,0.0,3058.1781034551022,0.0,891.8761686349229,0.0,17.508091362940352,0.0,17.524125661939877,0.0,13.94297384963513,0.0
Ndhrt,516.4901960784314,0.0,21.20434947729107,0.0,511.21735322420426,0.0,366.0,0.0,238.81764448584084,0.0,15.353818397735852,0.0,19.131126469708992,0.0,12.673755536401572,0.0,429.5484784014206,0.0,355.56274462105165,0.0,284.0563551315569,0.0,11.43283828622341,0.0,17.07300347988386,0.0,3283.8221960371848,0.0,926.8635358285649,0.0,15.353818398726437,0.0,15.201759304476179,0.0,11.534406706279649,0.0
Ndscr,494.35686274509806,0.0,20.696476250344748,0.0,479.067640626367,0.0,305.0,0.0,195.59073486099894,0.0,14.357156241400913,0.0,17.46424919657298,0.0,11.353568056395586,0.0,421.9282474442288,0.0,352.7389320659307,0.0,281.4342315733637,0.0,13.317465291796395,0.0,18.081619557667782,0.0,2754.0612037033115,0.0,835.685095182984,0.0,14.357156252694828,0.0,13.605150811022595,0.0,10.180730917924327,0.0
Ndsfr,498.0352941176471,0.0,20.823837743738476,0.0,511.7874198301488,0.0,365.0,0.0,238.78156989678905,0.0,15.368741713411524,0.0,19.1049731745428,0.0,12.685407495891743,0.0,431.8408674666414,0.0,368.6086019889397,0.0,296.0056600230082,0.0,12.833177781915355,0.0,18.898384199596755,0.0,3124.3646838860427,0.0,1489.2791567297365,0.0,15.368741756970877,0.0,15.198659835661672,0.0,11.54821405034224,0.0
Ndspr,541.8588235294118,0.0,21.699217497057845,0.0,497.44889867765806,0.0,326.0,0.0,213.69922347383527,0.0,14.924842842155408,0.0,18.05547008526779,0.0,12.033672708016027,0.0,996.1645210946008,0.0,391.04528627591463,0.0,325.539614560268,0.0,9.115059516974387,0.0,18.970695379792193,0.0,3158.8720493461665,0.0,1188.2731846906759,0.0,14.924842857104721,0.0,14.44504830191724,0.0,10.888306347070753,0.0
Ndstr,495.7058823529412,0.0,20.768205744785632,0.0,502.187480209475,0.0,348.0,0.0,226.5413431998641,0.0,15.083390843516568,0.0,18.65475810617763,0.0,12.322707987100218,0.0,424.3325043122174,0.0,355.59666081553985,0.0,284.0833644310358,0.0,13.160157396104681,0.0,17.36099781977577,0.0,4032.0758127535582,0.0,872.9505968267403,0.0,15.083390858271805,0.0,14.680692689910188,0.0,11.175173598735158,0.0
Ndthr,516.4901960784314,0.0,21.20434947729107,0.0,512.0925158795912,0.0,367.0,0.0,239.8246807357358,0.0,15.381555167326573,0.0,19.157244060668017,0.0,12.711194518741298,0.0,428.11884899903697,0.0,356.5886229484143,0.0,285.00592266330796,0.0,10.458069997237194,0.0,18.011660160975712,0.0,3812.4777717936336,0.0,1441.0443032369758,0.0,15.381555178334029,0.0,15.167014896489606,0.0,11.56493435672195,0.0
Ndths,550.635294117647,0.0,21.864311207425754,0.0,490.43602175714045,0.0,326.0,0.0,212.50122765578956,0.0,14.790883377164247,0.0,18.05547008526779,0.0,11.962832900590445,0.0,427.2419227906602,0.0,354.3718663370158,0.0,283.74398037750274,0.0,5.727135406138665,0.0,17.508800834090568,0.0,3810.3605760315827,0.0,1436.7587612989757,0.0,14.79088338863568,0.0,14.451109529052546,0.0,10.827432305956435,0.0
Nebel,540.3176470588236,0.0,21.762393447195958,0.0,488.52835169585234,0.0,320.0,0.0,207.1899211123519,0.0,14.681537243128757,0.0,17.88854381999832,0.0,11.763322642599261,0.0,341.6149930432312,0.0,128.09824066829634,0.0,97.92436217574492,0.0,9.158545243108998,0.0,10.711741325010589,0.0,1262.1949655073042,0.0,601.1981628513955,0.0,14.681537255141828,0.0,14.20326558960005,0.0,10.61596400646223,0.0
Neffe,516.313725490196,0.0,21.332107807936183,0.0,498.56239705925225,0.0,352.0,0.0,227.04390160228206,0.0,15.018859989120214,0.0,18.76166303929372,0.0,12.282851196241293,0.0,355.06967773657794,0.0,200.4582944970743,0.0,165.15006342391226,0.0,6.489059872854126,0.0,13.34093471374592,0.0,2498.464592583808,0.0,1516.9594617709922,0.0,15.018860030347371,0.0,15.042720037485482,0.0,11.128241182415366,0.0
Negro,544.9843137254902,0.0,21.803089630058818,0.0,493.1051999979409,0.0,326.0,0.0,209.2258437238947,0.0,14.720188139179507,0.0,18.05547008526779,0.0,11.770748581676903,0.0,983.8358746006296,0.0,261.2697518471569,0.0,187.23486744459973,0.0,7.217412582365643,0.0,11.008175042043419,0.0,1813.74589357833,0.0,549.1762271721709,0.0,14.720188129298009,0.0,14.42799015430746,0.0,10.638687896047172,0.0
Nehgt,577.9647058823529,0.0,22.462036835695706,0.0,503.25090697638433,0.0,338.0,0.0,221.24207718604885,0.0,15.10139368688051,0.0,18.384776310850235,0.0,12.241770727328765,0.0,639.6477441349864,0.0,265.5832970359264,0.0,191.67582951286846,0.0,4.818095856691792,0.0,11.159792390575351,0.0,915.5107374340429,0.0,349.37889399593536,0.0,15.101393703792947,0.0,14.756318929149902,0.0,11.079946094038172,0.0
Neift,461.678431372549,0.0,20.111006051371678,0.0,511.8878694159843,0.0,376.0,0.0,243.2207204008365,0.0,15.37652014408437,0.0,19.390719429665317,0.0,12.711568158364194,0.0,335.7622068590377,0.0,150.69428030628478,0.0,116.20861981969146,0.0,10.705944094652903,0.0,11.459627752932574,0.0,2119.108705866648,0.0,1352.796914782075,0.0,15.376520186000965,0.0,15.149256088530061,0.0,11.507724327411115,0.0
Ngkgm,685.0274509803921,0.0,24.412344587175223,0.0,638.694651798257,0.0,486.0,0.0,348.4107379142715,0.0,18.586766936551847,0.0,22.045407685048602,0.0,16.17901131225331,0.0,4456.168955641279,0.0,2242.421020387364,0.0,1703.4103136569613,0.0,3.622044734064768,0.0,24.092765771444018,0.0,2225.7635050659514,0.0,922.8481227549754,0.0,18.586766947676583,0.0,18.302818264955288,0.0,15.049088090709404,0.0
Ngspr,555.1450980392158,0.0,21.94844401183285,0.0,511.25502477782254,0.0,337.0,0.0,224.27857511651317,0.0,15.297676307749644,0.0,18.35755975068582,0.0,12.45277020161909,0.0,4440.62198348384,0.0,2138.861265623327,0.0,1619.9461491333557,0.0,9.777351601848508,0.0,23.40922904507115,0.0,1906.5745858240082,0.0,1200.9109844506966,0.0,15.297676313702635,0.0,14.770796827765498,0.0,11.32109099511586,0.0
Ngstr,508.9921568627451,0.0,21.028469378765706,0.0,515.9936063096395,0.0,359.0,0.0,237.12069484254198,0.0,15.45239935712013,0.0,18.947295321496416,0.0,12.732295118556827,0.0,4348.199388405296,0.0,2132.6650189020243,0.0,1612.1268074783686,0.0,13.692124168368125,0.0,22.025438685879198,0.0,3144.821656697046,0.0,891.0087396399401,0.0,15.452399362013072,0.0,15.001325151249102,0.0,11.597257915217483,0.0
Ngthf,551.9215686274509,0.0,21.924249020599603,0.0,538.9080186146714,0.0,394.0,0.0,264.2829282600976,0.0,16.129836973536968,0.0,19.849433241279208,0.0,13.57588287842791,0.0,4351.82296527679,0.0,2141.476477728824,0.0,1621.0401822011963,0.0,8.135400018861365,0.0,24.784339746191865,0.0,2863.545032122605,0.0,1450.6698270773436,0.0,16.12983697603482,0.0,15.970539684991483,0.0,12.463738771859425,0.0
Ngthl,532.3176470588235,0.0,21.496822722411444,0.0,539.1406776550176,0.0,394.0,0.0,264.20904660700774,0.0,16.129201779694032,0.0,19.849433241279208,0.0,13.574529683975225,0.0,4349.424222041744,0.0,2133.901880886046,0.0,1613.5148329689985,0.0,10.605546318340298,0.0,22.608799101364795,0.0,2944.859880801159,0.0,1454.8656873465982,0.0,16.129201781686383,0.0,15.818469195000912,0.0,12.458018260920399,0.0
Ngths,563.921568627451,0.0,22.111676985952545,0.0,504.24214785730493,0.0,337.0,0.0,223.08057929846746,0.0,15.167010174405528,0.0,18.35755975068582,0.0,12.384327913057362,0.0,4348.484277044379,0.0,2132.461140869017,0.0,1612.0670370193698,0.0,6.336934911123431,0.0,22.10392931638755,0.0,2858.011377704641,0.0,1447.616482884641,0.0,15.167010177169217,0.0,14.776724440102189,0.0,11.262556395466442,0.0
Ngthw,611.2039215686275,0.0,23.055467609602374,0.0,581.4981253248386,0.0,454.0,0.0,312.0746857959349,0.0,17.271706441557075,0.0,21.307275752662516,0.0,14.957305107531205,0.0,4536.41011110175,0.0,2935.1147723606846,0.0,2061.2979512241236,0.0,4.055406393466896,0.0,34.381603020502574,0.0,3065.4857897898137,0.0,1458.994257325924,0.0,17.27170644325662,0.0,17.4250797488769,0.0,13.877228568926096,0.0
Nickt,467.12549019607843,0.0,20.097207443333435,0.0,523.5260699748362,0.0,381.0,0.0,250.96681607119297,0.0,15.694859917186388,0.0,19.519221295943137,0.0,13.030386382847812,0.0,342.2269948726097,0.0,130.44032573100142,0.0,93.83567065608383,0.0,5.559776452610256,0.0,10.147408506126487,0.0,6441.770131822837,0.0,2516.524278757632,0.0,15.694859901365389,0.0,15.168935405438807,0.0,11.762610915834774,0.0
Niger,499.10196078431375,0.0,20.873552780734745,0.0,520.320244055981,0.0,375.0,0.0,243.86112789267582,0.0,15.498430071622291,0.0,19.364916731037084,0.0,12.783563159384181,0.0,984.141609447534,0.0,264.24607202708484,0.0,189.31445211877022,0.0,7.604257098837143,0.0,10.051942644501601,0.0,4908.8713319256585,0.0,2575.347843957352,0.0,15.498430071757799,0.0,15.574228449912985,0.0,11.615521830127392,0.0
Nihri,422.34117647058827,0.0,19.10140124210171,0.0,536.7144421516311,0.0,424.0,0.0,275.88595408769777,0.0,16.023067694788686,0.0,20.591260281974,0.0,13.57848008850073,0.0,335.1184414377283,0.0,127.48842727696477,0.0,90.10021158268852,0.0,13.10688113129873,0.0,11.16564193526769,0.0,5189.228643821081,0.0,2552.8084819153323,0.0,16.023067676553385,0.0,16.17834411090835,0.0,12.402685855284437,0.0
Nkhmn,620.7294117647059,0.0,23.18366166930432,0.0,609.1924107303664,0.0,486.0,0.0,338.13808751914723,0.0,17.944966588423018,0.0,22.045407685048602,0.0,15.656579657466935,0.0,675.2485193579372,0.0,394.8049633489389,0.0,332.99122934086824,0.0,2.9921916578842045,0.0,17.159586202826436,0.0,5125.272881708993,0.0,440.1939545041373,0.0,17.944966581426208,0.0,17.868311852050297,0.0,14.474607994133253,0.0
Nlppt,529.9411764705883,0.0,21.468407087706957,0.0,530.233312234875,0.0,373.0,0.0,249.086778814404,0.0,15.85390030377557,0.0,19.313207915827967,0.0,13.12952932159909,0.0,1372.8101635150713,0.0,274.8587032459312,0.0,255.68573927405367,0.0,4.919748092615087,0.0,13.667961250957825,0.0,4197.750548152779,0.0,1776.6309176788784,0.0,15.853900301235456,0.0,15.563563914938955,0.0,11.907027183938933,0.0
Nmtdn,594.4000000000001,0.0,22.764792014834267,0.0,597.8629252068245,0.0,464.0,0.0,320.7573975824255,0.0,17.606642163401343,0.0,21.540659228538015,0.0,15.221293935940603,0.0,1363.7786093207317,0.0,1099.872059080581,0.0,908.101133640594,0.0,5.4736986204620415,0.0,15.669708762068252,0.0,4830.312286485414,0.0,1542.528894469279,0.0,17.606642180284993,0.0,17.532057894813885,0.0,14.089353662675531,0.0
Nndkr,538.6,0.0,21.613886561009867,0.0,519.5079246150385,0.0,375.0,0.0,245.9957446297563,0.0,15.576165153602872,0.0,19.364916731037084,0.0,12.885373531791513,0.0,350.6070501679039,0.0,164.6583956178187,0.0,121.07040507708714,0.0,8.233384598241479,0.0,13.8935027777557,0.0,4437.014055603988,0.0,547.5861040491101,0.0,15.576165150080794,0.0,15.251914429185197,0.0,11.665774257747419,0.0
Nnknl,514.5843137254901,0.0,21.06461270701961,0.0,521.8406332281836,0.0,388.0,0.0,255.36875232640512,0.0,15.71662427578514,0.0,19.697715603592208,0.0,13.1624478419133,0.0,369.1683565835689,0.0,150.09151011211546,0.0,116.83992878408458,0.0,9.702136174392463,0.0,14.738862314397576,0.0,2822.646296340002,0.0,681.0434774191363,0.0,15.716624283851193,0.0,15.296720313725366,0.0,11.951646845617464,0.0
Noito,474.87450980392157,0.0,20.275038108943424,0.0,481.82269164861225,0.0,318.0,0.0,201.95125673049358,0.0,14.43257461870266,0.0,17.832554500127006,0.0,11.466316271674767,0.0,324.4669622429446,0.0,106.61258376943255,0.0,74.25010613572331,0.0,7.756396126330541,0.0,10.215740690999663,0.0,3323.0881021231353,0.0,672.1850981887885,0.0,14.432574624754562,0.0,13.89481680569932,0.0,10.28640047816899,0.0
Nonne,544.6823529411765,0.0,21.74376805989528,0.0,445.748428851025,0.0,261.0,0.0,161.0250395810496,0.0,13.331630139704457,0.0,16.15549442140351,0.0,10.051705223412911,0.0,319.96281807542584,0.0,89.23724367899672,0.0,57.90100480751755,0.0,3.9126852017184683,0.0,9.05067962382843,0.0,1690.927625039456,0.0,640.3330421696124,0.0,13.331630146773048,0.0,12.783612125327016,0.0,8.867136854675016,0.0
Norto,478.9921568627451,0.0,20.379623976739484,0.0,479.5870359411364,0.0,319.0,0.0,201.4143157324164,0.0,14.350745157841288,0.0,17.86057109949175,0.0,11.415834854718373,0.0,324.4306322927867,0.0,108.04200466886395,0.0,74.83180664833212,0.0,7.653237905519257,0.0,9.915506444044226,0.0,3076.934766061764,0.0,708.3687954650303,0.0,14.35074516695045,0.0,13.826368206074376,0.0,10.263749956365084,0.0
Norvo,485.3372549019608,0.0,20.508252856282617,0.0,491.06191899907486,0.0,333.0,0.0,212.5832615471171,0.0,14.695482226236015,0.0,18.24828759089466,0.0,11.796706790958515,0.0,328.286144392964,0.0,130.14930167645392,0.0,92.84487060179528,0.0,7.031045588085465,0.0,16.17004894142752,0.0,3854.2404580912316,0.0,707.0358898561219,0.0,14.695482220485452,0.0,14.033665340634768,0.0,10.645393992541393,0.0
Notar,488.4156862745098,0.0,20.57530948117328,0.0,484.16346742003566,0.0,331.0,0.0,211.293516598311,0.0,14.565717344692363,0.0,18.193405398660254,0.0,11.746363567432507,0.0,325.479374338788,0.0,113.73553032322512,0.0,79.37081030058398,0.0,9.924938326177749,0.0,10.125679599979074,0.0,2565.8034556340244,0.0,1311.5383662316785,0.0,14.565717346722044,0.0,14.074216010434306,0.0,10.51720040575108,0.0
Noten,524.9568627450981,0.0,21.384570103783823,0.0,465.9679035851932,0.0,295.0,0.0,186.01420869633807,0.0,13.98598449187088,0.0,17.175564037317667,0.0,10.958871577831628,0.0,323.81303370552394,0.0,104.39522810050191,0.0,72.7312601049988,0.0,4.771548644558828,0.0,9.017074666448405,0.0,2690.604508500124,0.0,1354.9188132058778,0.0,13.98598449923523,0.0,13.392611605237354,0.0,9.779554917490373,0.0
Novum,576.3490196078432,0.0,22.395213897981243,0.0,586.7129505078208,0.0,433.0,0.0,300.9753885632635,0.0,17.322971643113984,0.0,20.808652046684813,0.0,14.771476196963235,0.0,858.2953293795022,0.0,658.9199934814018,0.0,526.8298572580536,0.0,5.0519906549528235,0.0,15.451208128198223,0.0,4664.45137723414,0.0,642.4568253118497,0.0,17.322971647630197,0.0,16.641757050830684,0.0,13.627599238537512,0.0
Npbtb,592.9372549019608,0.0,22.725151158884643,0.0,512.8374519924314,0.0,338.0,0.0,226.06482338189397,0.0,15.405403476896531,0.0,18.384776310850235,0.0,12.524722239082795,0.0,1316.6259759978554,0.0,315.5390020520211,0.0,295.92800312981745,0.0,4.718072793261776,0.0,20.44016499100605,0.0,3072.3817324808247,0.0,580.9590810387512,0.0,15.405403483964358,0.0,14.922848949958265,0.0,11.320344861593682,0.0
Nrffr,419.9372549019607,0.0,19.15666485939499,0.0,550.0857605994028,0.0,452.0,0.0,296.3241766026682,0.0,16.45067047853193,0.0,21.2602916254693,0.0,14.134768662451492,0.0,358.7948308647788,0.0,211.66638455957664,0.0,172.4881331230601,0.0,11.238586945902592,0.0,14.814443562231764,0.0,3841.868703965913,0.0,1624.4306384705785,0.0,16.45067051749056,0.0,16.786794241425135,0.0,12.948484720668887,0.0
Nstds,529.8509803921569,0.0,21.441595968533132,0.0,482.72598523793977,0.0,318.0,0.0,204.81325188985542,0.0,14.530546747788426,0.0,17.832554500127006,0.0,11.652310087150198,0.0,334.6446705067427,0.0,151.38504033949752,0.0,111.33811457680237,0.0,4.29279621525656,0.0,14.425366026203754,0.0,2859.495281461396,0.0,1274.3621726828765,0.0,14.530546763801722,0.0,14.026032994124494,0.0,10.474541604817897,0.0
Nthsl,487.07843137254906,0.0,20.52457197103966,0.0,524.3766362883179,0.0,389.0,0.0,256.973634475223,0.0,15.784315372214754,0.0,19.72308292331602,0.0,13.244063307791077,0.0,349.8059547275842,0.0,149.04336446884747,0.0,118.54728965629643,0.0,9.498130041337799,0.0,13.818776639766162,0.0,1892.058160705528,0.0,999.6520241726068,0.0,15.784315376982422,0.0,15.427210011192901,0.0,12.061948498617367,0.0
Nudel,531.9529411764706,0.0,21.56551278758793,0.0,497.30805292110654,0.0,341.0,0.0,220.6543335031501,0.0,14.933196490046,0.0,18.466185312619388,0.0,12.137619854091538,0.0,342.8359709758519,0.0,162.46752184525317,0.0,123.05759829850807,0.0,8.316654435758599,0.0,10.967953754373951,0.0,3605.630718799413,0.0,632.6709992833138,0.0,14.93319649974335,0.0,14.713140936389195,0.0,11.013106676915077,0.0
Nutte,502.94509803921574,0.0,20.994575744420196,0.0,487.96227630059957,0.0,335.0,0.0,215.07749343460583,0.0,14.705217798091915,0.0,18.303005217723125,0.0,11.909597978264882,0.0,327.1692934125908,0.0,117.29199056294334,0.0,84.46623148107854,0.0,6.210658898923285,0.0,9.546369936498671,0.0,5126.602534137078,0.0,1250.8482984127975,0.0,14.705217807989156,0.0,14.345293508128012,0.0,10.731461677844166,0.0
Nutve,509.29019607843134,0.0,21.119459568656726,0.0,499.437159358538,0.0,349.0,0.0,226.2464392493065,0.0,15.041833058694431,0.0,18.681541692269406,0.0,12.275159049296871,0.0,330.9929062421044,0.0,137.92453372848277,0.0,100.77159803945698,0.0,5.64275212866705,0.0,16.184899736788594,0.0,5633.241426305194,0.0,1249.9523181617708,0.0,15.041833052173212,0.0,14.545196832203255,0.0,11.097032026119425,0.0
Nutzu,507.31764705882347,0.0,21.12673607816448,0.0,500.7723654801783,0.0,365.0,0.0,234.03206142224172,0.0,15.0528508232561,0.0,19.1049731745428,0.0,12.404087871150852,0.0,328.46426879551683,0.0,129.112326217996,0.0,91.77716563093148,0.0,5.859818653514402,0.0,13.888988546623127,0.0,4317.442280894858,0.0,1211.9518310755673,0.0,15.052850817041282,0.0,14.748501325759452,0.0,11.21156966294137,0.0
Nylen,510.8509803921569,0.0,21.112812452944365,0.0,529.4978117640195,0.0,404.0,0.0,265.689943583067,0.0,15.885907220504006,0.0,20.09975124224178,0.0,13.43465544826784,0.0,699.5950009000078,0.0,480.7827736672515,0.0,378.82781959110935,0.0,5.426168664480223,0.0,12.695558247886588,0.0,5611.957944107957,0.0,948.3632870823512,0.0,15.885907224685656,0.0,15.793107609423474,0.0,12.296710583189212,0.0
Nägel,573.278431372549,0.0,22.356415278702496,0.0,513.815635844049,0.0,354.0,0.0,234.29251793797732,0.0,15.42342892670054,0.0,18.81488772222678,0.0,12.696019037106181,0.0,988.6985072190812,0.0,276.95288339051683,0.0,203.6674700507728,0.0,9.23826801419377,0.0,12.630641915278304,0.0,1657.1047872495965,0.0,897.5672493407691,0.0,15.423428942477813,0.0,15.362264359406662,0.0,11.596194033634264,0.0
Näher,546.2823529411764,0.0,21.809384278310116,0.0,486.62890145647924,0.0,334.0,0.0,214.9085757511823,0.0,14.68554739321429,0.0,18.275666882497067,0.0,11.920660020939188,0.0,333.7417666412361,0.0,123.76611211809302,0.0,88.99779345926017,0.0,10.355592068823563,0.0,11.753867364670935,0.0,1505.6510731064448,0.0,871.0531594214134,0.0,14.68554741478827,0.0,14.772529620910777,0.0,10.780775889166947,0.0
Nähte,566.0980392156862,0.0,22.214983634597363,0.0,486.40407114468496,0.0,327.0,0.0,211.94152673929324,0.0,14.708020429046202,0.0,18.083141320025124,0.0,11.902661016027468,0.0,335.9150005505417,0.0,127.20555388086397,0.0,93.9390584885487,0.0,6.188085070479529,0.0,11.644121647861184,0.0,3186.7712119055827,0.0,756.5720159427435,0.0,14.708020446992125,0.0,14.720894309932783,0.0,10.760664656017376,0.0
Nässe,559.6431372549021,0.0,22.040118954346013,0.0,457.778730010068,0.0,275.0,0.0,175.37040006449587,0.0,13.812885453864363,0.0,16.583123951777,0.0,10.716778360517491,0.0,325.5723329652722,0.0,116.06366287384078,0.0,83.71804232888609,0.0,5.341646606162581,0.0,11.626826505211161,0.0,1451.9237108436857,0.0,678.4482159844599,0.0,13.81288546603394,0.0,13.344171901116711,0.0,9.555225260868527,0.0
Nöblö,560.1294117647059,0.0,22.04457230277564,0.0,509.0174420778711,0.0,339.0,0.0,224.84094438755272,0.0,15.291694191637356,0.0,18.411952639521967,0.0,12.42461353576538,0.0,370.75475147218265,0.0,205.86469555924714,0.0,178.307390219351,0.0,6.233079315429116,0.0,77.11979952870837,0.0,1910.0863215177294,0.0,2483.520481425826,0.0,15.291614143156952,0.0,15.185037809428618,0.0,11.355129130089292,0.0
Nöbst,553.4549019607844,0.0,21.91828205044958,0.0,488.0042605162079,0.0,308.0,0.0,201.954436250924,0.0,14.699636031241672,0.0,17.549928774784245,0.0,11.684323969900737,0.0,336.3126432846788,0.0,127.26135542423457,0.0,94.17930122941415,0.0,8.212370068413309,0.0,14.701367875292135,0.0,1721.2890365702035,0.0,724.6545317880879,0.0,14.699636042594264,0.0,13.977825336693904,0.0,10.549677459687832,0.0
Nöckö,567.6156862745098,0.0,22.152557624439527,0.0,498.85040027033386,0.0,321.0,0.0,213.06381683108003,0.0,15.020655446868636,0.0,17.916472867168917,0.0,12.098536196184826,0.0,374.01700573416576,0.0,206.9362089354649,0.0,178.11494174907605,0.0,3.813517657500908,0.0,76.99034293898264,0.0,4486.457289089938,0.0,737.6617068180931,0.0,15.020573860084706,0.0,14.401371748846335,0.0,10.995130557830823,0.0
Nösön,565.521568627451,0.0,22.10998754870919,0.0,476.2009046606996,0.0,297.0,0.0,191.91585454757495,0.0,14.331983506932547,0.0,17.233687939614086,0.0,11.310893382650955,0.0,339.6745829812503,0.0,155.70467644058385,0.0,126.94698696898199,0.0,4.400725151215136,0.0,35.379069687495175,0.0,1735.2387788459012,0.0,1750.3994566003291,0.0,14.331983537556884,0.0,13.874700037694522,0.0,10.244836885997772,0.0
Obhut,533.5372549019608,0.0,21.531771719650912,0.0,496.8791511215626,0.0,278.0,0.0,185.79863837758,0.0,14.798722647492397,0.0,16.673332000533065,0.0,11.3368525287952,0.0,373.46857565010697,0.0,127.82963456796986,0.0,97.36702634196361,0.0,6.373693610727916,0.0,17.16336662467608,0.0,4319.730385272824,0.0,539.1004258503091,0.0,14.7987226498623,0.0,12.993413738526758,0.0,9.938378201554675,0.0
Ochse,509.29019607843134,0.0,21.010787218624824,0.0,460.3096502287376,0.0,225.0,0.0,144.73713174185778,0.0,13.628585697151442,0.0,15.0,0.0,9.805543890845005,0.0,333.9111130593547,0.0,104.56312984883084,0.0,76.22458935922032,0.0,2.580031807354491,0.0,14.429982385260194,0.0,1499.4658683271552,0.0,293.0307110330329,0.0,13.628585699219414,0.0,11.503775527124626,0.0,8.33360629303274,0.0
Odalt,493.2039215686275,0.0,20.70451755751638,0.0,504.417313428739,0.0,298.0,0.0,199.62888533245504,0.0,15.047727336243586,0.0,17.26267650163207,0.0,11.763269420840691,0.0,428.9978304814919,0.0,355.14231999089833,0.0,284.9597830002043,0.0,8.954814048798893,0.0,16.74956298921355,0.0,3083.9413463921906,0.0,2519.25589464826,0.0,15.047727423333933,0.0,13.541246069013136,0.0,10.357630591434875,0.0
Oenin,476.7137254901961,0.0,20.343588466529244,0.0,472.5214811460402,0.0,258.0,0.0,165.40708976793408,0.0,14.02128069053063,0.0,16.06237840420901,0.0,10.425137746623923,0.0,324.8340554438486,0.0,95.45660055811908,0.0,66.44994004496407,0.0,6.748654890456919,0.0,10.840849553004663,0.0,3871.0831338171038,0.0,4962.432243944842,0.0,14.021280771481496,0.0,12.25436221910667,0.0,8.98237428646527,0.0
Ohnst,501.9921568627451,0.0,20.826300173847017,0.0,484.0709134603005,0.0,263.0,0.0,173.72950473514567,0.0,14.420849738382373,0.0,16.217274740226856,0.0,10.893776327908327,0.0,364.7627343981419,0.0,115.04935256130234,0.0,88.63390387827464,0.0,6.462754350111944,0.0,11.935182687635365,0.0,1325.0212068924413,0.0,468.0329928032591,0.0,14.420849734055052,0.0,12.382184426369642,0.0,9.472765388750572,0.0
Ohren,496.2196078431373,0.0,20.772466471793845,0.0,482.6023839541935,0.0,271.0,0.0,175.63746399968437,0.0,14.31221201479317,0.0,16.46207763315433,0.0,10.84272624450409,0.0,363.43872972894553,0.0,112.79532427453277,0.0,84.92138967537389,0.0,4.202482434364312,0.0,10.990590663553172,0.0,1402.2787459607587,0.0,776.5323977915139,0.0,14.31221201823067,0.0,12.608163264094486,0.0,9.454125915654265,0.0
Olymp,560.3019607843137,0.0,22.101792746268355,0.0,643.3808858264676,0.0,456.0,0.0,330.5765285661113,0.0,18.56449659500956,0.0,21.354156504062622,0.0,15.810921196154784,0.0,2846.7034884037867,0.0,913.1705138775002,0.0,803.7419267648248,0.0,7.241514357901992,0.0,21.65783425920296,0.0,4480.192982491029,0.0,1587.8922342276842,0.0,18.564496579490235,0.0,17.47779645908207,0.0,14.504842768726393,0.0
Onkel,501.14509803921567,0.0,20.86025416354704,0.0,512.0045442304289,0.0,308.0,0.0,207.35775848612568,0.0,15.258176672639339,0.0,17.549928774784245,0.0,12.02862591927513,0.0,371.2574184208644,0.0,145.10265046956408,0.0,115.71999572032828,0.0,6.955508612164037,0.0,14.069539705014696,0.0,2555.0974956300565,0.0,793.7316903560647,0.0,15.258176681298055,0.0,13.468682660630037,0.0,10.660531843413587,0.0
Onreh,496.2196078431373,0.0,20.772466471793845,0.0,482.2152111303793,0.0,271.0,0.0,175.523475379129,0.0,14.302665052663968,0.0,16.46207763315433,0.0,10.83304354094429,0.0,339.32310671463966,0.0,109.56235006259415,0.0,80.94403765846418,0.0,4.492918711958815,0.0,13.771722456382994,0.0,1742.1205842186166,0.0,872.2277825296045,0.0,14.302665061448284,0.0,12.597763577714879,0.0,9.441332142150008,0.0
Opern,507.25882352941176,0.0,21.027590304589957,0.0,490.9439295620265,0.0,271.0,0.0,179.00660536106665,0.0,14.558039815786872,0.0,16.46207763315433,0.0,11.057885492259745,0.0,1310.3411981929446,0.0,300.7155427527872,0.0,286.2150647204663,0.0,7.046688867790241,0.0,14.1734127363945,0.0,1980.4777031478584,0.0,693.1281591161203,0.0,14.558039806599682,0.0,12.849089181421046,0.0,9.664339985019343,0.0
Opfer,489.86274509803917,0.0,20.711875618074966,0.0,504.36708263219555,0.0,292.0,0.0,194.53622159212756,0.0,14.971084133843767,0.0,17.08800749063506,0.0,11.602577945869408,0.0,1315.810990307812,0.0,330.73244614840985,0.0,310.7019355770511,0.0,9.025903462340548,0.0,16.046761800087527,0.0,2328.655411216657,0.0,1104.4178865676822,0.0,14.971084136736529,0.0,13.409303006069992,0.0,10.224778248401588,0.0
Oppig,560.7647058823529,0.0,22.072430835747262,0.0,527.6646803240579,0.0,292.0,0.0,202.6455081726505,0.0,15.585428038843917,0.0,17.08800749063506,0.0,12.13112853952924,0.0,5453.28043186383,0.0,588.2723475089946,0.0,480.47913805934746,0.0,5.108460619441331,0.0,17.34112109391461,0.0,3957.019665789494,0.0,4972.875018059154,0.0,15.585428114638844,0.0,13.876965626762441,0.0,10.757263337384249,0.0
Optik,492.5411764705883,0.0,20.667590856293643,0.0,537.7394810465519,0.0,327.0,0.0,226.2023194580956,0.0,15.96756835270872,0.0,18.083141320025124,0.0,12.7441465824387,0.0,1322.7635497755896,0.0,315.56622117093576,0.0,297.6746065474141,0.0,7.093727541217086,0.0,15.750977201987318,0.0,4633.358497585314,0.0,5104.636026280371,0.0,15.967568437485799,0.0,14.06675888020336,0.0,11.295811111862543,0.0
Orbit,435.01176470588234,0.0,19.44875224429716,0.0,523.2416425235125,0.0,327.0,0.0,218.95346537880332,0.0,15.518591467583427,0.0,18.083141320025124,0.0,12.28701628417573,0.0,338.25947771786554,0.0,122.00373511869468,0.0,89.96701168668973,0.0,6.773279928255688,0.0,12.026463615170753,0.0,4878.540949373178,0.0,4981.508998988348,0.0,15.51859154789544,0.0,14.023068786137031,0.0,10.884036064605828,0.0
Order,467.84705882352944,0.0,20.2439770852371,0.0,502.205672912153,0.0,299.0,0.0,195.94601607942639,0.0,14.861058316441667,0.0,17.291616465790582,0.0,11.50727421837859,0.0,336.6556303698969,0.0,151.3085026027594,0.0,111.31540080412752,0.0,6.065550180410499,0.0,11.336931394164468,0.0,3107.954375594291,0.0,862.7331047198845,0.0,14.861058332949174,0.0,13.545650855893232,0.0,10.162034650115542,0.0
Organ,523.6745098039215,0.0,21.294037121141933,0.0,507.1301476377439,0.0,305.0,0.0,202.7498501666434,0.0,15.06178779393854,0.0,17.46424919657298,0.0,11.8116689364468,0.0,985.7387110679434,0.0,264.2764315570408,0.0,191.00589722165714,0.0,3.8540637526463284,0.0,11.388512975683483,0.0,3001.601403686232,0.0,789.3035461186431,0.0,15.061787802971397,0.0,13.72430856169462,0.0,10.40831069756532,0.0
Orhab,525.4313725490196,0.0,21.326303988972523,0.0,502.16745348476127,0.0,301.0,0.0,200.78790869685284,0.0,14.992071200074687,0.0,17.349351572897472,0.0,11.761778170547327,0.0,351.92286638635875,0.0,135.77089558322052,0.0,101.69231980244992,0.0,5.541857275577301,0.0,17.75508950594976,0.0,3000.632698944053,0.0,757.7900979915206,0.0,14.99207121070583,0.0,13.769867725292517,0.0,10.361393199050138,0.0
Orion,430.74901960784314,0.0,19.284471125886544,0.0,493.7742818376581,0.0,295.0,0.0,191.12998845588456,0.0,14.634219301194987,0.0,17.175564037317667,0.0,11.278713464532762,0.0,327.14774598375226,0.0,106.33912557482881,0.0,75.31506988843242,0.0,5.767587134001838,0.0,11.169500125440415,0.0,3600.958380188121,0.0,1076.3567314772424,0.0,14.63421930883644,0.0,13.05509180055813,0.0,9.872580668335605,0.0
Orkan,501.60392156862747,0.0,20.806989110578947,0.0,511.58818177607793,0.0,328.0,0.0,218.64814153462976,0.0,15.304665797708278,0.0,18.110770276274835,0.0,12.249419046598224,0.0,363.26948338554325,0.0,136.3423279498517,0.0,103.24625466046574,0.0,3.468374771804985,0.0,12.362486953660161,0.0,3501.6121864472275,0.0,821.6532056943372,0.0,15.304665806798832,0.0,13.886040635605118,0.0,10.803862903950298,0.0
Osten,495.25098039215686,0.0,20.761636537394647,0.0,471.54332885634267,0.0,255.0,0.0,165.01759439844506,0.0,14.014892643563522,0.0,15.968719422671311,0.0,10.49275894758405,0.0,329.5649624381657,0.0,112.54755588918712,0.0,83.11484276851877,0.0,2.9561029513722428,0.0,13.054581409807065,0.0,2784.295492335671,0.0,1347.222672074535,0.0,14.014892653253655,0.0,12.047418188441464,0.0,9.07749929266035,0.0
Ottis,423.2196078431373,0.0,19.16406872719621,0.0,511.0983757618169,0.0,312.0,0.0,208.1996685998343,0.0,15.214833468109116,0.0,17.663521732655695,0.0,11.978431815570504,0.0,335.69270948547796,0.0,128.9239362274357,0.0,100.59233056826862,0.0,7.323698449418162,0.0,12.663665996973615,0.0,4800.693690764318,0.0,5171.819553351839,0.0,15.214833553569829,0.0,13.519833688816695,0.0,10.565341729519067,0.0
Owögö,630.5607843137254,0.0,23.412617647943524,0.0,570.6905024348979,0.0,363.0,0.0,256.64895768472695,0.0,16.77883514243235,0.0,19.05255888325765,0.0,13.79012902842782,0.0,764.2741766411931,0.0,566.1664731322979,0.0,445.30171142711964,0.0,2.783781418810715,0.0,79.25839755448723,0.0,2606.4164383019215,0.0,619.7395227918,0.0,16.778762120238696,0.0,15.767103681816993,0.0,12.619632684447227,0.0
Oxide,499.964705882353,0.0,20.912440811625284,0.0,513.8255123237284,0.0,304.0,0.0,204.37194797086,0.0,15.245085768476974,0.0,17.435595774162696,0.0,11.923056260726458,0.0,358.4036452890496,0.0,206.85441945364292,0.0,165.45896256385356,0.0,4.687524856737418,0.0,32.15186471859309,0.0,4526.851516932622,0.0,679.67296376773,0.0,15.245085778517323,0.0,13.250203089997981,0.0,10.567281504785672,0.0
Ozean,525.3764705882353,0.0,21.47741748314919,0.0,480.8053590082687,0.0,270.0,0.0,175.44351222424038,0.0,14.28429239490625,0.0,16.431676725154983,0.0,10.820325299647177,0.0,334.59535368499917,0.0,135.8891565176404,0.0,103.78201394141956,0.0,2.1557807379269414,0.0,21.699300536052995,0.0,1373.542979515629,0.0,553.4741107469638,0.0,14.284292402664592,0.0,12.541361653407026,0.0,9.315904812917326,0.0
Ozäun,532.9960784313726,0.0,21.596991688213816,0.0,497.87222019242427,0.0,301.0,0.0,198.55232434676233,0.0,14.861630859485004,0.0,17.349351572897472,0.0,11.62443911600124,0.0,343.62503528689257,0.0,162.9709490153223,0.0,130.1713147073691,0.0,2.8305668313169297,0.0,27.768032896200165,0.0,4490.143442267049,0.0,591.0451080134105,0.0,14.861630868450991,0.0,13.290583559455996,0.0,10.200296293939886,0.0
Paket,505.7686274509803,0.0,21.02893157274327,0.0,474.40303097356457,0.0,279.0,0.0,179.07280408795498,0.0,14.163581006574736,0.0,16.703293088490067,0.0,10.882755488517489,0.0,356.68260504978525,0.0,120.04804892386343,0.0,89.25498948223078,0.0,4.10247383672868,0.0,10.65890461173635,0.0,2211.315179787305,0.0,795.0489488259043,0.0,14.1635810167428,0.0,12.855102639472127,0.0,9.549597880648014,0.0
Palme,524.478431372549,0.0,21.42871698381572,0.0,549.0542058832107,0.0,357.0,0.0,244.4979026760738,0.0,16.192321154399096,0.0,18.894443627691185,0.0,13.24431766479139,0.0,575.9177731714378,0.0,366.3628051848097,0.0,309.0801779939749,0.0,5.114082660211863,0.0,9.597025624101786,0.0,2254.352648256445,0.0,913.9454661519967,0.0,16.192321136294645,0.0,15.417620961725548,0.0,12.036282253711361,0.0
Palza,467.078431372549,0.0,20.240307556476917,0.0,470.6307769893011,0.0,284.0,0.0,178.16605343913443,0.0,13.980745621479572,0.0,16.852299546352718,0.0,10.701170821329429,0.0,326.80580390879,0.0,113.54901228234122,0.0,79.93000935406106,0.0,4.11297269349717,0.0,11.404289936348484,0.0,2010.2244987149172,0.0,850.0759773572607,0.0,13.980745606990086,0.0,12.997291721661806,0.0,9.319044185397644,0.0
Panik,473.18823529411765,0.0,20.234010067178794,0.0,487.4254018570071,0.0,297.0,0.0,192.6955667508891,0.0,14.5536928899281,0.0,17.233687939614086,0.0,11.346771021587578,0.0,365.1305729876353,0.0,123.96083042814166,0.0,92.63491108883949,0.0,4.237572291166291,0.0,11.022056417135873,0.0,3921.8497066772443,0.0,4979.045150622753,0.0,14.55369297331143,0.0,13.38180038211199,0.0,9.981256977808016,0.0
Papst,500.38039215686274,0.0,20.861909536562713,0.0,462.41699849566226,0.0,245.0,0.0,156.62458467771688,0.0,13.7351491950209,0.0,15.652475842498529,0.0,10.175736056426128,0.0,1031.3612556911028,0.0,202.52657950396258,0.0,186.8117643492929,0.0,4.717160768525926,0.0,11.363028089660896,0.0,1304.1922373481134,0.0,582.9105794542044,0.0,13.735149196249727,0.0,12.018997915105347,0.0,8.816982586310866,0.0
Paris,410.47843137254904,0.0,18.860466211040716,0.0,463.5155629428745,0.0,273.0,0.0,169.51220262753006,0.0,13.728505810595832,0.0,16.522711641858304,0.0,10.366308740230707,0.0,320.45899818711973,0.0,92.14855134730139,0.0,59.8009024758947,0.0,7.00062300131353,0.0,8.356950287815955,0.0,3938.5128972519597,0.0,4990.303809912786,0.0,13.72850590441049,0.0,12.605138076572834,0.0,9.047037865276149,0.0
Party,445.20000000000005,0.0,19.736153512745638,0.0,510.0109355193398,0.0,340.0,0.0,221.46853465207283,0.0,15.1588652021825,0.0,18.439088914585774,0.0,12.207438179326038,0.0,488.6193955381597,0.0,176.29463927386462,0.0,129.16315909415283,0.0,4.520293219637537,0.0,9.026648070109035,0.0,3097.2754903004366,0.0,781.703012343588,0.0,15.158865211376524,0.0,14.087903578224989,0.0,10.98593158034223,0.0
Pasta,485.6,0.0,20.524552115046514,0.0,451.3735555704211,0.0,249.0,0.0,155.6428456502012,0.0,13.438373089972094,0.0,15.7797338380595,0.0,9.979876485121986,0.0,323.5377879734451,0.0,99.74035832348747,0.0,69.06639491476052,0.0,2.998447272692971,0.0,8.970392059344201,0.0,3057.99475038147,0.0,587.2763004430927,0.0,13.438373098972026,0.0,12.112907654147866,0.0,8.5987766936875,0.0
Paste,482.59999999999997,0.0,20.539373203570264,0.0,446.8752357280937,0.0,232.0,0.0,144.06353654750325,0.0,13.223572294300364,0.0,15.231546211727817,0.0,9.5778471566135,0.0,322.34630485381484,0.0,94.38096841931409,0.0,65.51488815207212,0.0,2.8940160532631833,0.0,8.446398422752672,0.0,3052.6509059635046,0.0,587.344869079161,0.0,13.223572304874866,0.0,11.770842024347425,0.0,8.239046726718989,0.0
Patan,490.99607843137255,0.0,20.64416232033881,0.0,454.87098687607266,0.0,266.0,0.0,165.32088833083748,0.0,13.545348346864348,0.0,16.30950643030009,0.0,10.249156005819193,0.0,323.5530663697521,0.0,100.58228496266483,0.0,68.91640741011015,0.0,2.653581789601268,0.0,8.94048908106347,0.0,2587.8903612397435,0.0,1349.7391063758666,0.0,13.545348348133123,0.0,12.417395668127442,0.0,8.84658008891305,0.0
Paten,487.9960784313725,0.0,20.6588975983903,0.0,449.72467816275264,0.0,250.0,0.0,154.11987217422183,0.0,13.323133110229195,0.0,15.811388300841896,0.0,9.86012337721596,0.0,322.28531429464607,0.0,94.99099191233599,0.0,64.83125257696206,0.0,2.4965232732536355,0.0,8.214772164084833,0.0,2711.8823417587387,0.0,1392.9817747521408,0.0,13.323133118329102,0.0,12.111072892045991,0.0,8.519597730818067,0.0
Pater,448.4549019607843,0.0,19.835377076715,0.0,462.7739332842752,0.0,270.0,0.0,168.19816391957906,0.0,13.714505075520933,0.0,16.431676725154983,0.0,10.357560426814874,0.0,322.69335782616065,0.0,99.83580644447002,0.0,68.31252258839305,0.0,6.112196683521503,0.0,8.507050758548099,0.0,2711.781402906473,0.0,1393.9879131310627,0.0,13.71450508423607,0.0,12.565268349212316,0.0,9.048586718762854,0.0
Patin,435.6901960784314,0.0,19.45501578949432,0.0,474.35533130582286,0.0,291.0,0.0,183.26046646460185,0.0,14.101799982445238,0.0,17.05872210923198,0.0,10.871759538601175,0.0,323.7961924800482,0.0,101.9642253037521,0.0,70.55615291552448,0.0,5.792817038193489,0.0,9.052729690695246,0.0,4603.1338691105775,0.0,5105.66218478431,0.0,14.1018000732116,0.0,13.01659979416317,0.0,9.529194734145069,0.0
Pauke,525.4313725490196,0.0,21.41824688204411,0.0,461.27054329386317,0.0,259.0,0.0,163.70866906468652,0.0,13.732793989889373,0.0,16.09347693943108,0.0,10.310071987087213,0.0,337.13734104202786,0.0,105.33560837425163,0.0,74.46020893277695,0.0,3.121916667078419,0.0,9.472397325738227,0.0,4540.58285128085,0.0,538.6230569337276,0.0,13.732793985184074,0.0,12.482155690074931,0.0,8.992404655097182,0.0
Pause,502.2627450980392,0.0,20.937793293578327,0.0,431.48842277878623,0.0,215.0,0.0,129.5654019599266,0.0,12.711332127531188,0.0,14.66287829861518,0.0,8.908204075775773,0.0,319.2911779361354,0.0,82.62183490161343,0.0,53.0761684679595,0.0,2.2803957651784788,0.0,8.985315049828122,0.0,1853.9556778879557,0.0,524.9492358392622,0.0,12.711332126867179,0.0,11.270396258932102,0.0,7.557094354237686,0.0
Pbllm,493.39607843137253,0.0,20.75091952864069,0.0,604.3273190721486,0.0,431.0,0.0,302.02361826543273,0.0,17.60975803051564,0.0,20.760539492026695,0.0,14.88842502811453,0.0,874.6182533762487,0.0,659.6915353711734,0.0,528.2394721571382,0.0,6.68986239700127,0.0,17.632383710641022,0.0,2158.4514823877776,0.0,2507.3058290713957,0.0,17.609758108093207,0.0,16.847227520075,0.0,13.66989497985724,0.0
Pbstm,542.2745098039215,0.0,21.76370815589837,0.0,576.1073812011028,0.0,382.0,0.0,267.8649962863285,0.0,16.911188200558207,0.0,19.544820285692065,0.0,14.040880840537199,0.0,872.5178429004249,0.0,658.2719154343213,0.0,526.8715491791012,0.0,4.959213989988891,0.0,17.77129256249198,0.0,3067.456657659624,0.0,516.5794714222765,0.0,16.91118820426023,0.0,15.761748682860699,0.0,12.841687710900901,0.0
Pedal,497.278431372549,0.0,20.87097434633374,0.0,479.18020518678964,0.0,285.0,0.0,181.6455294426405,0.0,14.221982403614335,0.0,16.881943016134134,0.0,10.941843786519863,0.0,341.8012814163797,0.0,156.38766702234403,0.0,118.6628095502726,0.0,5.088075425725529,0.0,10.659357031265003,0.0,1037.7037208419297,0.0,624.8935410734549,0.0,14.221982407899716,0.0,13.12289094053566,0.0,9.671176285645545,0.0
Pegel,507.56470588235294,0.0,21.14436891452523,0.0,486.861317607263,0.0,279.0,0.0,180.12562296198342,0.0,14.384428470302362,0.0,16.703293088490067,0.0,11.010576820569753,0.0,986.811817165056,0.0,264.8806455927109,0.0,193.76208690062654,0.0,6.0634625137050495,0.0,10.006118311132873,0.0,1319.8142190832298,0.0,712.1558753010614,0.0,14.384428479631405,0.0,13.162935837448057,0.0,9.825179013448361,0.0
Pelze,461.07843137254895,0.0,20.270354563384835,0.0,468.2714740274553,0.0,267.0,0.0,166.22330264622704,0.0,13.803017767254124,0.0,16.34013463836819,0.0,10.306284705655353,0.0,325.5130505574191,0.0,108.38784951454917,0.0,76.59082242196904,0.0,3.9474528165492955,0.0,11.08725075764507,0.0,1957.4178700200778,0.0,797.4946454846581,0.0,13.803017752355602,0.0,12.585876347915,0.0,9.004042760093226,0.0
Penis,447.01960784313724,0.0,19.74015359553704,0.0,451.4457122959406,0.0,247.0,0.0,151.9161818309688,0.0,13.341483961835246,0.0,15.716233645501712,0.0,9.757685074241333,0.0,319.4875459880695,0.0,84.98310712315532,0.0,54.472817568154454,0.0,5.2482135090497035,0.0,8.730251852251563,0.0,3880.571117366555,0.0,4969.149020555978,0.0,13.341484047325178,0.0,12.077664115537097,0.0,8.438441412968825,0.0
Perkt,454.5803921568627,0.0,19.96957855504923,0.0,495.09068322981386,0.0,315.0,0.0,202.72121492810254,0.0,14.715473988350348,0.0,17.74823934929885,0.0,11.590031501793177,0.0,339.64367095266726,0.0,116.58441086023997,0.0,83.34474384533456,0.0,4.169106970133875,0.0,9.338089353461728,0.0,4329.7895406987345,0.0,668.4060640635811,0.0,14.715473985604612,0.0,13.325736060855032,0.0,10.303714112188464,0.0
Pfade,516.8823529411765,0.0,21.310956762280725,0.0,482.9465039169369,0.0,295.0,0.0,189.04380691652034,0.0,14.380017544717964,0.0,17.175564037317667,0.0,11.186089971532562,0.0,559.5443137949743,0.0,521.4406051777811,0.0,462.4139711434343,0.0,5.670498502048676,0.0,21.35606585102494,0.0,1792.7750638043797,0.0,1464.3212581730365,0.0,14.38001753583811,0.0,13.799050817856436,0.0,9.921603009683448,0.0
Pfahl,460.06666666666666,0.0,20.001401334989552,0.0,519.6464855629945,0.0,363.0,0.0,238.51899015576842,0.0,15.517390458799886,0.0,19.05255888325765,0.0,12.73698248269937,0.0,565.2489024833571,0.0,519.5432627500132,0.0,462.6006236511407,0.0,4.926287781489326,0.0,22.12872695250193,0.0,1857.8254306674567,0.0,1434.3550187189965,0.0,15.517390431193933,0.0,14.952003816824325,0.0,11.501138393111336,0.0
Pfand,508.235294117647,0.0,21.058590570880753,0.0,492.2023695454908,0.0,320.0,0.0,205.89512008110023,0.0,14.696077587448839,0.0,17.88854381999832,0.0,11.694611070748536,0.0,570.3554904057855,0.0,539.0330317418793,0.0,475.38000307957236,0.0,6.304862081834353,0.0,22.061297098755432,0.0,2082.3502181915424,0.0,1470.437270627717,0.0,14.696077569214191,0.0,14.241106623731248,0.0,10.44281489162301,0.0
Pfaue,490.2627450980393,0.0,20.73975949693662,0.0,476.65655004193957,0.0,296.0,0.0,187.8514318648463,0.0,14.222237633730026,0.0,17.204650534085253,0.0,11.070385346952348,0.0,554.8457271124063,0.0,512.6298470478071,0.0,456.6299262317616,0.0,4.199959378148818,0.0,21.65239940782008,0.0,4452.455017663938,0.0,1496.8955546768543,0.0,14.222237611286456,0.0,13.557642177451267,0.0,9.793317784831533,0.0
Pfbhl,474.6313725490196,0.0,20.344446827680933,0.0,528.7311274295389,0.0,357.0,0.0,237.5920045421722,0.0,15.71409918747263,0.0,18.894443627691185,0.0,12.807618747674715,0.0,570.2936957566156,0.0,520.4503566194397,0.0,463.60442633481443,0.0,5.583774962829916,0.0,22.785930386225303,0.0,1783.1607653462972,0.0,1425.9105085073052,0.0,15.714099161979188,0.0,14.977309966837066,0.0,11.621096061788345,0.0
Pfeil,398.01960784313735,0.0,18.6998136248466,0.0,527.8215430691569,0.0,368.0,0.0,241.3351189832947,0.0,15.647437292679037,0.0,19.183326093250876,0.0,12.78600784379104,0.0,562.2766176406275,0.0,518.7088382230296,0.0,461.9501695379078,0.0,8.734245800354023,0.0,21.34164501865414,0.0,4082.5825651990413,0.0,5139.819235749515,0.0,15.647437343095111,0.0,15.116096710339503,0.0,11.584529340036706,0.0
Pffpn,479.0627450980392,0.0,20.474264939141396,0.0,517.3710584049909,0.0,349.0,0.0,229.1366366999954,0.0,15.396872944130422,0.0,18.681541692269406,0.0,12.497160889908791,0.0,1066.3952359110442,0.0,557.7599100380683,0.0,500.35686212485564,0.0,4.980455214821177,0.0,23.473114372973527,0.0,2792.1586207713804,0.0,1857.0366732180119,0.0,15.396872919852557,0.0,14.83712935481217,0.0,11.279244390488518,0.0
Pfgdm,590.1882352941177,0.0,22.75866127042607,0.0,617.1544053751321,0.0,437.0,0.0,308.99086625464633,0.0,17.885479321433433,0.0,20.904544960366874,0.0,15.151246578344141,0.0,1344.090873905899,0.0,864.7584986957969,0.0,716.6094512532251,0.0,10.043418236842964,0.0,23.10450794030144,0.0,1742.0512995566896,0.0,1479.8222281946678,0.0,17.88547931335298,0.0,17.350098297130632,0.0,14.007845574626566,0.0
Pfihl,404.7607843137255,0.0,18.771581095483096,0.0,534.9147584569656,0.0,382.0,0.0,251.4446734970782,0.0,15.867961385363895,0.0,19.544820285692065,0.0,13.089198756207095,0.0,565.2036843543274,0.0,519.3348499747608,0.0,462.55821422205366,0.0,5.5897378949618926,0.0,22.155083098575858,0.0,2224.5164261401965,0.0,1494.4956924693224,0.0,15.86796135158722,0.0,15.251349281735145,0.0,11.889326953447506,0.0
Pfiii,339.05490196078426,0.0,17.19092551408322,0.0,537.5749614481439,0.0,393.0,0.0,256.0520353150449,0.0,15.891177329336248,0.0,19.82422760159901,0.0,13.113267756975953,0.0,557.3339823852187,0.0,516.2571221519852,0.0,459.0183429860149,0.0,11.638375478506617,0.0,21.706301833004936,0.0,4301.353771878085,0.0,5156.264607831737,0.0,15.891177388081415,0.0,15.31775236866292,0.0,11.869718810686887,0.0
Pfint,406.6470588235294,0.0,18.847701391704643,0.0,509.30378348522527,0.0,347.0,0.0,223.64963214924694,0.0,15.132732787593806,0.0,18.627936010197157,0.0,12.182221436869074,0.0,555.8667678407812,0.0,513.826367318537,0.0,457.51735018528655,0.0,4.587194059609476,0.0,21.065667599681138,0.0,2432.3078755904785,0.0,1529.1565600003366,0.0,15.132732761036417,0.0,14.375410414084007,0.0,10.926979706335738,0.0
Pflug,472.81176470588235,0.0,20.336052156233226,0.0,528.9766153613926,0.0,362.0,0.0,238.8647962798101,0.0,15.67560622930536,0.0,19.026297590440446,0.0,12.796285052389615,0.0,5231.772309209153,0.0,698.725620942542,0.0,572.7128887070102,0.0,8.792733148860181,0.0,23.033449725116846,0.0,4705.336792828797,0.0,1639.3006616290731,0.0,15.67560620176305,0.0,15.19793109060493,0.0,11.623810895814422,0.0
Pfote,461.17647058823536,0.0,20.13946376567497,0.0,485.8510503772848,0.0,296.0,0.0,189.05984620425014,0.0,14.402337403079072,0.0,17.204650534085253,0.0,11.167073635394955,0.0,555.9272247636621,0.0,513.3276550915932,0.0,457.50368457557494,0.0,3.2960859276243366,0.0,21.268451001763253,0.0,3204.213949555704,0.0,1461.7793383553003,0.0,14.402337385009604,0.0,13.599294013799762,0.0,9.951133036259721,0.0
Pfptb,502.94509803921574,0.0,20.995384417983406,0.0,520.3861007477086,0.0,333.0,0.0,222.20884900194008,0.0,15.463068241549605,0.0,18.24828759089466,0.0,12.420890967096524,0.0,1131.8428838826385,0.0,550.1928569413642,0.0,494.4541206657808,0.0,4.6728448805398015,0.0,26.644025245815822,0.0,3228.0524059700165,0.0,1477.3545515543703,0.0,15.463068220187083,0.0,14.621488200032038,0.0,11.202424702567816,0.0
Pfudu,496.46274509803925,0.0,20.86738264835456,0.0,499.67189531048155,0.0,330.0,0.0,211.91189592799753,0.0,14.856586711724093,0.0,18.16590212458495,0.0,11.850158176444483,0.0,559.8910224012064,0.0,522.1902006398841,0.0,462.82692713137953,0.0,5.169404309215154,0.0,23.15016623980284,0.0,2303.1986261045736,0.0,1460.9986320785952,0.0,14.856586701692603,0.0,14.300435807532432,0.0,10.679016868312493,0.0
Pgrpr,474.6156862745098,0.0,20.366306767915965,0.0,508.14249212238514,0.0,314.0,0.0,205.57403586051714,0.0,14.990766836345825,0.0,17.72004514666935,0.0,11.844743114238353,0.0,4440.502426628739,0.0,2138.452803465132,0.0,1619.5911492839018,0.0,6.705384170483021,0.0,22.80567577693319,0.0,2026.634029504971,0.0,1342.9204460530134,0.0,14.990766841751178,0.0,13.891500973648826,0.0,10.664100932788314,0.0
Phase,517.713725490196,0.0,21.230622483255836,0.0,451.73582089296156,0.0,242.0,0.0,151.6176280187518,0.0,13.425606205221971,0.0,15.556349186104045,0.0,9.888352406250705,0.0,359.6660876748911,0.0,106.342876653339,0.0,78.49855530641965,0.0,2.4599278448590356,0.0,10.067365128707092,0.0,1403.669395989271,0.0,426.1019699758521,0.0,13.425606200583282,0.0,12.096978273419476,0.0,8.518749249452165,0.0
Photo,487.53725490196075,0.0,20.57995949449558,0.0,469.20874882714793,0.0,263.0,0.0,165.58731862616426,0.0,13.856926073876664,0.0,16.217274740226856,0.0,10.37614053847083,0.0,361.46188516744536,0.0,110.14890150502902,0.0,82.46127576053198,0.0,3.3909518976984194,0.0,10.804803999540017,0.0,3121.081084749804,0.0,526.8953006560232,0.0,13.856926077116999,0.0,12.608868253661031,0.0,9.092226213779611,0.0
Phsth,493.08235294117645,0.0,20.68460582434241,0.0,490.9446201505706,0.0,296.0,0.0,192.91600034992555,0.0,14.624260902137722,0.0,17.204650534085253,0.0,11.414597378581451,0.0,375.0888468774008,0.0,125.16968839072354,0.0,97.59234869424397,0.0,3.278103541959676,0.0,12.391964473896884,0.0,3112.236035199585,0.0,492.51828694545674,0.0,14.62426090623639,0.0,13.322383103167573,0.0,10.14758643510932,0.0
Piano,457.6392156862745,0.0,19.9012309341688,0.0,465.994799144397,0.0,285.0,0.0,176.57456898252255,0.0,13.814059535131198,0.0,16.881943016134134,0.0,10.563234405821932,0.0,321.5085335343828,0.0,95.58342406510613,0.0,61.6116783665948,0.0,5.1876092700757095,0.0,9.670792183867738,0.0,5120.331044283959,0.0,2558.886646828971,0.0,13.814059529345158,0.0,13.117365208472997,0.0,9.203618636272878,0.0
Pigil,402.9529411764706,0.0,18.721632289171108,0.0,541.6390623365086,0.0,375.0,0.0,247.43772129794996,0.0,15.93156187962745,0.0,19.364916731037084,0.0,13.010067991435562,0.0,987.8554742547692,0.0,270.8755646010682,0.0,198.20878830061693,0.0,7.629313993986229,0.0,10.764630740392471,0.0,6223.17328028795,0.0,5559.232794286348,0.0,15.931561941650362,0.0,15.281114873262943,0.0,11.777722161286349,0.0
Pille,378.41568627450977,0.0,18.196805259317387,0.0,507.3812820657966,0.0,336.0,0.0,216.03022088198458,0.0,15.010503283689593,0.0,18.33030277982336,0.0,11.953124777794702,0.0,329.52669221889045,0.0,111.85747356537314,0.0,81.60100021992812,0.0,6.558206330730435,0.0,8.508045764245724,0.0,5242.170627657396,0.0,3539.4928267515106,0.0,15.010503364915731,0.0,14.459923409771143,0.0,10.680956776909795,0.0
Pilot,389.26666666666665,0.0,18.40506132016827,0.0,499.1227710680107,0.0,323.0,0.0,206.07631981145215,0.0,14.756612458173182,0.0,17.97220075561143,0.0,11.623563058178547,0.0,325.9229197492541,0.0,105.81567926518869,0.0,74.15993186919977,0.0,4.895057888676876,0.0,9.73447565441392,0.0,5348.4823811073975,0.0,2721.4727026319665,0.0,14.756612444845379,0.0,13.84589621594654,0.0,10.330789094171195,0.0
Pilze,408.7725490196078,0.0,19.041923839623795,0.0,498.4185656136307,0.0,322.0,0.0,204.39480669181359,0.0,14.699363731749731,0.0,17.944358444926362,0.0,11.544498655328809,0.0,327.17498551560203,0.0,116.56039770616727,0.0,82.66832594921352,0.0,7.166302773631733,0.0,11.142425076049824,0.0,5182.8162297615245,0.0,2620.0228578694505,0.0,14.699363705053427,0.0,13.99643139238896,0.0,10.248481637515905,0.0
Pinne,452.41568627450977,0.0,19.864487467856566,0.0,461.7913118952416,0.0,271.0,0.0,166.93876541431044,0.0,13.63699119734137,0.0,16.46207763315433,0.0,10.236460101585852,0.0,320.0002275556963,0.0,88.43941743144293,0.0,56.471174317569215,0.0,6.0721788179479415,0.0,8.405104379322056,0.0,5086.415663273725,0.0,2580.477512671747,0.0,13.636991192592054,0.0,12.87932798852536,0.0,8.933858537177953,0.0
Pinni,400.10980392156864,0.0,18.609284020330474,0.0,492.2253980832995,0.0,326.0,0.0,205.7982664958209,0.0,14.582271826026254,0.0,18.05547008526779,0.0,11.538295782590533,0.0,323.64705518690096,0.0,105.0215769283991,0.0,70.57011535191818,0.0,5.213025742328651,0.0,9.563028992454944,0.0,5139.837539743994,0.0,2584.3118343785854,0.0,14.582271820420853,0.0,13.846444685471361,0.0,10.270563327554843,0.0
Pirat,396.1490196078431,0.0,18.5782069415799,0.0,496.4385528859433,0.0,337.0,0.0,213.1946022254588,0.0,14.718917612669678,0.0,18.35755975068582,0.0,11.750144530240096,0.0,323.7134767990048,0.0,107.18669410785095,0.0,71.70864227360151,0.0,5.340340897620363,0.0,9.047101895829796,0.0,4909.734164559449,0.0,2608.541055711667,0.0,14.718917604879799,0.0,13.99399332787718,0.0,10.414492362352805,0.0
Piste,427.2941176470589,0.0,19.34378590288149,0.0,479.16134419475065,0.0,287.0,0.0,181.87159890288035,0.0,14.184495665727605,0.0,16.941074346097416,0.0,10.879261322070864,0.0,323.9106943671571,0.0,103.15564551502878,0.0,72.21781377490444,0.0,5.291547743236178,0.0,8.779125318189754,0.0,5668.742131734374,0.0,2546.7240074492183,0.0,14.184495661034667,0.0,13.179265210085342,0.0,9.598216085496453,0.0
Pizza,442.1294117647059,0.0,19.835760467152888,0.0,498.0885418221174,0.0,329.0,0.0,208.0670368331044,0.0,14.713379963799147,0.0,18.138357147217054,0.0,11.610165328929337,0.0,328.10935016836396,0.0,129.17431802457918,0.0,91.48657038609954,0.0,6.382503154697914,0.0,15.066095024848245,0.0,4931.688640749249,0.0,2528.9073142401517,0.0,14.71337994695027,0.0,13.981730693491413,0.0,10.23312542490205,0.0
Plana,473.721568627451,0.0,20.246875770592837,0.0,472.99095750976403,0.0,300.0,0.0,188.9925579049746,0.0,14.126794757636862,0.0,17.320508075688775,0.0,11.036590714451215,0.0,329.7821161179696,0.0,109.52485498239079,0.0,77.51288511244472,0.0,5.809683873255962,0.0,9.543469722806648,0.0,4203.789593091101,0.0,1603.0764112498862,0.0,14.126794760260713,0.0,13.554530485594954,0.0,9.655787233088935,0.0
Platz,435.70588235294116,0.0,19.598326710267084,0.0,508.22890797470245,0.0,348.0,0.0,223.73313847278047,0.0,15.087221070388606,0.0,18.65475810617763,0.0,12.17197617273098,0.0,336.4757480042091,0.0,136.23714964454547,0.0,102.13166997123203,0.0,3.7556381152524647,0.0,14.813962143154585,0.0,4894.935911089222,0.0,1596.1584279810043,0.0,15.087221069174287,0.0,14.42655339911251,0.0,10.841691253457736,0.0
Plbgt,496.75686274509803,0.0,20.835832929633213,0.0,521.4270657191225,0.0,330.0,0.0,218.94942373765207,0.0,15.40617654799326,0.0,18.16590212458495,0.0,12.28316491930285,0.0,643.9417903355502,0.0,269.6318987652363,0.0,196.5298624210469,0.0,6.352866903806611,0.0,12.171991926919876,0.0,3950.416357963185,0.0,1570.1707803682084,0.0,15.406176557392728,0.0,14.561684434942718,0.0,11.036427008249452,0.0
Plctt,389.9019607843137,0.0,18.447732830824023,0.0,500.90499518852295,0.0,318.0,0.0,205.581770246372,0.0,14.844678569107582,0.0,17.832554500127006,0.0,11.703899183595857,0.0,332.94720300850975,0.0,119.5071114938394,0.0,88.30296011516499,0.0,3.6710565463604254,0.0,11.488600096758223,0.0,4885.504897109023,0.0,1591.86896400243,0.0,14.844678564814885,0.0,13.633503507366472,0.0,10.401365813171086,0.0
Plint,387.043137254902,0.0,18.34874763553054,0.0,504.8037236204955,0.0,339.0,0.0,217.04889902072318,0.0,14.960397872295442,0.0,18.411952639521967,0.0,11.947622559972155,0.0,330.5940165395579,0.0,111.72499958574352,0.0,80.66965522899231,0.0,4.782920381952454,0.0,9.610700708697019,0.0,4399.916050381923,0.0,1659.5435931396983,0.0,14.960397864253725,0.0,14.170217937769685,0.0,10.652651406052007,0.0
Pllhn,428.81568627450974,0.0,19.27207093659925,0.0,509.2246306483403,0.0,344.0,0.0,222.47322468485277,0.0,15.121135856179674,0.0,18.547236990991408,0.0,12.175528150036941,0.0,337.9107521545963,0.0,117.89338443066607,0.0,88.20932259659052,0.0,6.432468850901055,0.0,11.751769823212868,0.0,4321.64985580446,0.0,1701.8595633812345,0.0,15.121135844549062,0.0,14.527827057733093,0.0,10.916221097497592,0.0
Plllf,359.0313725490196,0.0,17.695084541097014,0.0,548.4938154073637,0.0,402.0,0.0,265.7592679692825,0.0,16.20035976074051,0.0,20.049937655763422,0.0,13.47843335474765,0.0,377.77420842166634,0.0,230.87332624984487,0.0,194.0091273202284,0.0,6.507212863838369,0.0,14.970544603176196,0.0,4352.060301294152,0.0,2924.691150386549,0.0,16.200359834696858,0.0,15.846457746048278,0.0,12.24511277738453,0.0
Plots,427.52941176470586,0.0,19.272307934791055,0.0,482.2725776654809,0.0,291.0,0.0,185.3551645765471,0.0,14.282531407016222,0.0,17.05872210923198,0.0,11.027969044358253,0.0,330.8679806867161,0.0,110.31623278277857,0.0,81.48722463638684,0.0,3.5320333991530095,0.0,9.783613478885341,0.0,4860.993803161084,0.0,1595.888907760114,0.0,14.282531404752786,0.0,13.350640957753356,0.0,9.768039221536972,0.0
Pltmn,484.4588235294118,0.0,20.565058476509446,0.0,591.2898667366521,0.0,434.0,0.0,298.5313957058638,0.0,17.281479199818737,0.0,20.83266665599966,0.0,14.642655082377955,0.0,581.191904280437,0.0,373.07746963969663,0.0,314.4218668098594,0.0,7.557837501922204,0.0,11.656209765915772,0.0,4767.066311571206,0.0,1987.9280266673607,0.0,17.281479182789294,0.0,16.751554447760515,0.0,13.420275194901922,0.0
Plugu,490.14509803921567,0.0,20.682516896894136,0.0,508.0250021870349,0.0,334.0,0.0,216.03453148558876,0.0,15.038904340493227,0.0,18.275666882497067,0.0,12.027621449976849,0.0,638.7203871330139,0.0,266.07634409818,0.0,192.5092095622452,0.0,7.142332120421398,0.0,13.638078010966384,0.0,4212.705554574352,0.0,1572.6234629904561,0.0,15.038904348370085,0.0,14.462903080540668,0.0,10.835603954809189,0.0
Plztz,417.41568627450977,0.0,19.3324714440186,0.0,523.7700600877217,0.0,363.0,0.0,234.26433314293274,0.0,15.434624911638814,0.0,19.05255888325765,0.0,12.489056035439416,0.0,339.29353763509897,0.0,147.11617485045642,0.0,111.805618829398,0.0,3.712270549730691,0.0,18.951785879103113,0.0,4864.956793795799,0.0,1586.744552914411,0.0,15.434624909557714,0.0,14.655153151297236,0.0,11.185449649872773,0.0
Pläne,487.0509803921568,0.0,20.62411439502332,0.0,481.42003049842083,0.0,301.0,0.0,192.04165110012173,0.0,14.352348413064313,0.0,17.349351572897472,0.0,11.238355272702787,0.0,337.5871262643007,0.0,136.72019247905553,0.0,107.45907447532511,0.0,5.183938308428462,0.0,18.373165649839578,0.0,4211.796467712598,0.0,1601.1128434288967,0.0,14.352348412819023,0.0,13.904221029986822,0.0,9.975936330079264,0.0
Pmtmr,535.6745098039215,0.0,21.6784721630671,0.0,682.4077597726179,0.0,533.0,0.0,382.5219384508248,0.0,19.411542927765975,0.0,23.08679276123039,0.0,16.96682013176804,0.0,1442.66341297646,0.0,1151.0396876658226,0.0,953.9837425285385,0.0,5.7399665568369,0.0,15.517706191996963,0.0,4905.723668696944,0.0,1578.415648883457,0.0,19.411542922999992,0.0,18.850205729973602,0.0,15.787272191307169,0.0
Pnrns,442.4901960784314,0.0,19.5763358624072,0.0,454.9913376250681,0.0,261.0,0.0,159.98398952967597,0.0,13.438701357215043,0.0,16.15549442140351,0.0,9.998851145707478,0.0,320.5776137372852,0.0,90.7460410383678,0.0,58.37034029062852,0.0,3.5848887240087786,0.0,11.633560549692435,0.0,2166.109595997095,0.0,833.5680046984585,0.0,13.438701364470957,0.0,12.148045320544247,0.0,8.692474653990157,0.0
Pobei,480.8509803921569,0.0,20.508342091645122,0.0,464.1387883996215,0.0,246.0,0.0,155.54465136942724,0.0,13.697008893317163,0.0,15.684387141358123,0.0,10.07159340136571,0.0,331.1548389504135,0.0,102.2648485026715,0.0,71.66276268482935,0.0,6.01343966076078,0.0,10.640825101795928,0.0,1460.702662453601,0.0,735.7441309941331,0.0,13.697008905819494,0.0,12.110226308699977,0.0,8.827980699805455,0.0
Pokef,498.6745098039215,0.0,20.892953950989185,0.0,488.63703070940517,0.0,290.0,0.0,188.9865590816854,0.0,14.546062798128593,0.0,17.029386365926403,0.0,11.293713708234806,0.0,393.61964963104157,0.0,225.55898139269885,0.0,189.50540196523318,0.0,3.9707584829820477,0.0,15.497509109024191,0.0,2192.9115359637567,0.0,794.1613287267048,0.0,14.546062807757622,0.0,13.233876038369361,0.0,10.07808845994064,0.0
Polen,461.29803921568623,0.0,20.063157870318793,0.0,454.51838224573305,0.0,246.0,0.0,152.19162236848206,0.0,13.405121917598471,0.0,15.684387141358123,0.0,9.819813734714941,0.0,322.87776370368204,0.0,90.34159986628734,0.0,61.85321346740629,0.0,3.429458959054154,0.0,8.45627569945095,0.0,2040.5771221829054,0.0,998.0431225597741,0.0,13.405121917570307,0.0,12.01808971656526,0.0,8.541838265361973,0.0
Polyp,484.47058823529414,0.0,20.558451659610043,0.0,517.3670579315619,0.0,314.0,0.0,211.19600124189301,0.0,15.342952269744044,0.0,17.72004514666935,0.0,12.160903898722975,0.0,2789.393668932294,0.0,786.4192013663024,0.0,707.9563380516148,0.0,5.199234955310399,0.0,20.182605620123503,0.0,4026.0619470567913,0.0,852.0145388290298,0.0,15.342952256526452,0.0,13.882138153559659,0.0,10.954346469416112,0.0
Poppo,544.7294117647059,0.0,21.76549088851063,0.0,457.542036532922,0.0,214.0,0.0,136.88637605685247,0.0,13.455984274659167,0.0,14.628738838327793,0.0,9.562687549651097,0.0,1369.8365765307537,0.0,259.48644494366187,0.0,245.4114011157635,0.0,4.100729146078832,0.0,12.325204374153612,0.0,1844.8846402523204,0.0,1037.062822034499,0.0,13.455984281352258,0.0,11.62525602913418,0.0,8.267806705020524,0.0
Porno,452.3333333333333,0.0,19.806478965140162,0.0,446.4306627488712,0.0,238.0,0.0,143.68057037879444,0.0,13.084649046863596,0.0,15.427248620541512,0.0,9.392174292771786,0.0,319.67361150711906,0.0,83.49694003627955,0.0,52.215371952885,0.0,3.789589716441099,0.0,9.320830950828318,0.0,1830.1288929557377,0.0,790.9388742638885,0.0,13.084649053026848,0.0,11.58819088594666,0.0,8.115607333616408,0.0
Porto,432.6078431372549,0.0,19.4114656344559,0.0,463.03316540333185,0.0,262.0,0.0,162.0453006187165,0.0,13.63493251988448,0.0,16.186414056238647,0.0,10.137029243008346,0.0,322.76515918172237,0.0,96.31485567770353,0.0,65.72082658799816,0.0,4.342454925315452,0.0,9.170259612692387,0.0,3113.1172209278548,0.0,776.0474539758145,0.0,13.634932530441793,0.0,12.194340721632178,0.0,8.892374400994829,0.0
Posse,487.50588235294117,0.0,20.60143143852914,0.0,428.37474977743625,0.0,188.0,0.0,114.09226818712777,0.0,12.534183390193183,0.0,13.711309200802088,0.0,8.404696583390475,0.0,319.7703324302047,0.0,80.70478782064718,0.0,54.06364028279759,0.0,2.375482716423298,0.0,8.89483060999594,0.0,1177.784428114552,0.0,496.4550799050344,0.0,12.534183388750694,0.0,10.38766494625475,0.0,7.061543272407525,0.0
Potzt,443.556862745098,0.0,19.807210365629015,0.0,481.7602758923529,0.0,284.0,0.0,180.27560383614562,0.0,14.235623696104698,0.0,16.852299546352718,0.0,10.85251659647735,0.0,326.8415873082648,0.0,115.82513857777109,0.0,83.16852985397226,0.0,4.081485827463849,0.0,11.079053391045445,0.0,2762.82864022159,0.0,1290.5304695397635,0.0,14.235623689562521,0.0,12.634739230393237,0.0,9.549962803983266,0.0
Ppktc,490.82745098039214,0.0,20.664450154606914,0.0,499.47315915956125,0.0,299.0,0.0,197.3177314526547,0.0,14.867522749854077,0.0,17.291616465790582,0.0,11.634916828012123,0.0,1319.1011747003852,0.0,312.0884650541536,0.0,294.1696085247968,0.0,6.770988284599278,0.0,23.564534336014386,0.0,3589.4908311023523,0.0,736.8193544915956,0.0,14.867522758854312,0.0,13.299023007160267,0.0,10.31728578927207,0.0
Pplbt,483.34117647058815,0.0,20.548646157360903,0.0,501.84524984519214,0.0,303.0,0.0,198.99157022270046,0.0,14.891353292410985,0.0,17.406895185529212,0.0,11.6502537060359,0.0,1311.8090902602535,0.0,304.8341618302987,0.0,288.82290689337776,0.0,4.363105715340287,0.0,14.849468841862567,0.0,2186.8076954023863,0.0,1006.4070079011739,0.0,14.891353289438188,0.0,13.66810424667128,0.0,10.358318061722084,0.0
Pqrpm,554.9411764705883,0.0,22.051590273775282,0.0,583.100800883734,0.0,391.0,0.0,273.86118621361607,0.0,17.03741923916515,0.0,19.77371993328519,0.0,14.21421984052727,0.0,4600.726604087267,0.0,5337.0975782873165,0.0,4463.2045795922395,0.0,7.558720024456592,0.0,40.701687786666724,0.0,2108.9750580738114,0.0,1382.5719785698177,0.0,17.037419243191653,0.0,16.0884250688961,0.0,13.083333421903923,0.0
Prall,385.5333333333333,0.0,18.296639382340896,0.0,521.6300939481736,0.0,372.0,0.0,242.50573243381888,0.0,15.530563556028099,0.0,19.28730152198591,0.0,12.767688771518982,0.0,339.8917130086366,0.0,137.25966769010583,0.0,105.39852158478618,0.0,6.721232480569168,0.0,10.137905264000894,0.0,3338.9931725312267,0.0,2487.7324979342857,0.0,15.530563641752428,0.0,14.917977092281872,0.0,11.482542147686157,0.0
Prcms,475.17254901960786,0.0,20.332545222686775,0.0,555.45763824207,0.0,365.0,0.0,250.74683360178153,0.0,16.344692888253856,0.0,19.1049731745428,0.0,13.41868384550185,0.0,575.3081334503505,0.0,367.9871918149346,0.0,309.66386823039375,0.0,7.050738283953351,0.0,11.811744741544775,0.0,3299.4122310471516,0.0,786.6722307831034,0.0,16.344692884098254,0.0,15.301320835226848,0.0,12.21077170076293,0.0
Prdfr,417.50588235294117,0.0,19.14900715968965,0.0,521.6903336472376,0.0,363.0,0.0,235.19295174285293,0.0,15.440588150436259,0.0,19.05255888325765,0.0,12.531340039871267,0.0,345.14768104046067,0.0,183.57164964001203,0.0,140.99564732476202,0.0,6.241381665727709,0.0,13.35648045171636,0.0,3341.030318463154,0.0,1451.9367410611521,0.0,15.440588188832061,0.0,14.949738642105624,0.0,11.30838686121016,0.0
Prebe,491.39215686274514,0.0,20.819867851337918,0.0,470.2419114859657,0.0,269.0,0.0,170.05908322912765,0.0,13.924406841357522,0.0,16.401219466856727,0.0,10.504845663548185,0.0,327.83012105121264,0.0,107.50604794727062,0.0,73.98976580632838,0.0,6.512833637706397,0.0,10.744154011549119,0.0,3168.587871748175,0.0,851.541926222923,0.0,13.92440685313037,0.0,13.138589254172878,0.0,9.260597002847735,0.0
Prgll,413.7294117647059,0.0,18.989842486104482,0.0,545.6015722639333,0.0,382.0,0.0,253.8834637835541,0.0,16.085355431263327,0.0,19.544820285692065,0.0,13.237719504202602,0.0,989.6613564477561,0.0,275.5589024269029,0.0,203.15932988290197,0.0,7.265350859924468,0.0,11.44381812900881,0.0,3287.3958731261823,0.0,2491.9554831653,0.0,16.085355510024982,0.0,15.404547209457307,0.0,12.030301533631857,0.0
Prinz,397.58431372549023,0.0,18.716074010712592,0.0,500.1677934615367,0.0,338.0,0.0,213.55271132335378,0.0,14.785434855707367,0.0,18.384776310850235,0.0,11.75802863747865,0.0,326.99422772558034,0.0,122.41129758247384,0.0,87.29930025066622,0.0,5.84413636892424,0.0,14.889908350176364,0.0,3634.5009226220077,0.0,906.0231022951241,0.0,14.785434863826138,0.0,13.937362346471803,0.0,10.45959353444549,0.0
Prlxy,412.97254901960787,0.0,19.015832251086486,0.0,562.0515783533258,0.0,419.0,0.0,281.2853942066725,0.0,16.613295750179898,0.0,20.46948949045872,0.0,13.962358778257144,0.0,497.20495066452816,0.0,209.10016784062455,0.0,156.17505030805918,0.0,6.722119793168502,0.0,37.032562459171416,0.0,4330.4874165545825,0.0,984.4064801091104,0.0,16.613295746485754,0.0,15.623473663225145,0.0,12.7369024350313,0.0
Profo,434.9372549019607,0.0,19.470974464506458,0.0,487.2512822887878,0.0,308.0,0.0,194.74992632692997,0.0,14.417302414653582,0.0,17.549928774784245,0.0,11.250791319116363,0.0,334.48404008058344,0.0,143.45612683422576,0.0,111.01218793194117,0.0,4.440126359352913,0.0,12.252809023768572,0.0,3350.180446959444,0.0,1439.963153848113,0.0,14.417302455979435,0.0,13.737796175778106,0.0,10.007716002891055,0.0
Prost,424.98823529411766,0.0,19.230472102516345,0.0,477.4770779836732,0.0,288.0,0.0,181.9311099332569,0.0,14.144663873883044,0.0,16.97056274847714,0.0,10.857418736505235,0.0,323.88231578836906,0.0,103.85627972222063,0.0,71.82233566545175,0.0,3.5126438795119626,0.0,9.341429967534607,0.0,3143.0559160398875,0.0,729.9972315439521,0.0,14.144663880922884,0.0,12.880775743206224,0.0,9.56644185689671,0.0
Prrnz,401.70196078431366,0.0,18.82932100445096,0.0,497.93213775406093,0.0,339.0,0.0,213.01577032527663,0.0,14.705569024463191,0.0,18.411952639521967,0.0,11.708804978643096,0.0,326.9581785925864,0.0,123.65822872214173,0.0,87.7945832574149,0.0,5.526831885556175,0.0,15.206998681834746,0.0,3410.8299691743873,0.0,933.215792669954,0.0,14.705569037233884,0.0,13.869123726365546,0.0,10.437318875848192,0.0
Prrrl,331.8039215686274,0.0,17.021290239427813,0.0,527.3506306380493,0.0,387.0,0.0,249.16116202757942,0.0,15.584144315799048,0.0,19.672315572906,0.0,12.850605103199644,0.0,335.5845610057929,0.0,133.4622713212503,0.0,99.99247240077939,0.0,8.837723452278052,0.0,11.06084195160997,0.0,3577.6235372015294,0.0,977.4433408331718,0.0,15.584144312003342,0.0,14.886364673450268,0.0,11.650506157443367,0.0
Pruxy,449.9098039215686,0.0,19.858818495802105,0.0,544.0763897965801,0.0,395.0,0.0,262.569842241857,0.0,16.141121718198406,0.0,19.87460691435179,0.0,13.41523919613342,0.0,494.6346966789091,0.0,204.77340874848443,0.0,151.64473529839273,0.0,5.458901080222458,0.0,37.05051565973987,0.0,4278.07261707614,0.0,721.479444424625,0.0,16.14112172036392,0.0,15.102295650616554,0.0,12.210795247675769,0.0
Psalm,510.435294117647,0.0,21.061174513673848,0.0,574.3122218391336,0.0,403.0,0.0,279.00518850528584,0.0,16.91672739349857,0.0,20.074859899884732,0.0,14.216662303909157,0.0,858.4228995206822,0.0,656.4723094249808,0.0,525.1401013723155,0.0,6.142782322533923,0.0,14.853720702762153,0.0,1720.8805381783925,0.0,2430.2523083795704,0.0,16.91672746601976,0.0,16.085292557894398,0.0,12.975371143571833,0.0
Psölm,517.3411764705883,0.0,21.221743182372585,0.0,583.4954648607757,0.0,402.0,0.0,280.3147248366585,0.0,17.089092466897288,0.0,20.049937655763422,0.0,14.318930932172824,0.0,861.5643596999098,0.0,661.3645507181495,0.0,530.283941727077,0.0,6.022059513367587,0.0,22.798767671792568,0.0,1653.8748071431298,0.0,2431.14246506787,0.0,17.089092544643773,0.0,16.29689294601547,0.0,13.168464806686876,0.0
Ptfff,415.51372549019607,0.0,19.143669770245282,0.0,548.3387211590092,0.0,407.0,0.0,270.0753455086875,0.0,16.283036031117753,0.0,20.174241001832016,0.0,13.63372430688606,0.0,399.507819819239,0.0,286.7431245812116,0.0,243.71224076552397,0.0,4.8094738133804205,0.0,17.876994839291815,0.0,2949.734261826978,0.0,1820.2465044809164,0.0,16.28303607182588,0.0,15.845552186905966,0.0,12.40477781383368,0.0
Ptsls,419.9098039215686,0.0,19.089995084897406,0.0,488.1202979170846,0.0,297.0,0.0,192.34281974884266,0.0,14.533753771287317,0.0,17.233687939614086,0.0,11.333633697485151,0.0,333.0362911730071,0.0,122.45380279783791,0.0,94.79701536852637,0.0,4.159059305644677,0.0,12.248063163146666,0.0,1992.0007884860613,0.0,2585.2713280737003,0.0,14.533753856713131,0.0,13.296704207182387,0.0,10.038938611358438,0.0
Pulli,369.7058823529412,0.0,17.92943964110162,0.0,514.3885625775116,0.0,351.0,0.0,227.55902302133381,0.0,15.268136592570247,0.0,18.734993995195193,0.0,12.329943790414868,0.0,332.11391011563023,0.0,120.4876445090077,0.0,88.37471721202935,0.0,11.107126530889659,0.0,9.864430734516958,0.0,4054.9420090395934,0.0,2507.9120784200795,0.0,15.268136690492723,0.0,14.37893889768876,0.0,11.088730832168496,0.0
Pumor,503.8039215686275,0.0,20.9739341352628,0.0,549.5479996775198,0.0,364.0,0.0,246.85162466701348,0.0,16.166485768866078,0.0,19.078784028338912,0.0,13.219132227240301,0.0,490.1240602931269,0.0,303.4526730279551,0.0,252.2107826843191,0.0,6.732243533901314,0.0,10.718505443533815,0.0,4447.165644484828,0.0,1241.054189171624,0.0,16.166485777030672,0.0,15.182371149897175,0.0,12.028828127628048,0.0
Pumpe,576.1960784313726,0.0,22.492726322273363,0.0,544.0909394988859,0.0,338.0,0.0,233.0092534748133,0.0,16.045158374601954,0.0,18.384776310850235,0.0,12.98587107274791,0.0,1026.5693591605998,0.0,345.75376393368396,0.0,299.7454149275982,0.0,4.983499350429036,0.0,11.573291693211367,0.0,4468.712026372331,0.0,1321.157994844194,0.0,16.045158380520924,0.0,15.060311133002825,0.0,11.80327795148822,0.0
Punks,499.7411764705883,0.0,20.809623509415395,0.0,467.4808757060688,0.0,270.0,0.0,172.51552554886007,0.0,13.954611609372707,0.0,16.431676725154983,0.0,10.641449732501332,0.0,337.6629984630602,0.0,107.32724057167488,0.0,76.41217916792625,0.0,3.084969806934305,0.0,9.458966298556488,0.0,5457.289863910506,0.0,564.0322632716079,0.0,13.95461160572678,0.0,12.616750071961183,0.0,9.353728942757769,0.0
Punkt,485.4117647058823,0.0,20.55414843942636,0.0,487.6021016122306,0.0,304.0,0.0,196.32944092517607,0.0,14.558609030534761,0.0,17.435595774162696,0.0,11.418089939573454,0.0,339.4983592126387,0.0,114.29503768196953,0.0,81.91635985599866,0.0,3.2041472227102004,0.0,9.5620757865553,0.0,5477.925607987491,0.0,569.3475905596592,0.0,14.558609027059179,0.0,13.274960301341842,0.0,10.119521416336507,0.0
Puppe,548.8666666666667,0.0,21.939085568599094,0.0,463.68474753036503,0.0,233.0,0.0,150.04645125655904,0.0,13.71912535279101,0.0,15.264337522473747,0.0,10.031724840882891,0.0,1369.880893341273,0.0,261.0446902765907,0.0,246.19849332532382,0.0,4.420254952583211,0.0,11.753890647884294,0.0,3821.8318262926446,0.0,992.4194530179395,0.0,13.719125359859488,0.0,12.215526752189058,0.0,8.74303817431975,0.0
Purty,433.4901960784314,0.0,19.50552362151109,0.0,518.8702383096539,0.0,355.0,0.0,231.94589806528876,0.0,15.403048749334335,0.0,18.841443681416774,0.0,12.507912912496547,0.0,489.0035266546613,0.0,177.7928481704002,0.0,130.25572339619242,0.0,4.583918684487934,0.0,9.434992856301898,0.0,4569.523993767275,0.0,719.334666769053,0.0,15.403048758991412,0.0,14.332721116939842,0.0,11.31993926476211,0.0
Puxil,403.4,0.0,18.751466224870743,0.0,523.1438784454384,0.0,362.0,0.0,237.60998111430754,0.0,15.553180276014288,0.0,19.026297590440446,0.0,12.676863662340915,0.0,342.9708799318261,0.0,156.74103234797616,0.0,121.9015412047321,0.0,9.604642329184776,0.0,17.68487533843107,0.0,5379.359617637375,0.0,4956.246295977091,0.0,15.55318036884439,0.0,14.45125006072821,0.0,11.44491463104714,0.0
Pxdvl,460.2980392156863,0.0,20.074965999972168,0.0,551.1764630408193,0.0,389.0,0.0,261.42550957921435,0.0,16.303105113965387,0.0,19.72308292331602,0.0,13.499039616852983,0.0,372.8885769863257,0.0,237.79973810051402,0.0,190.58795069557848,0.0,6.022256759745161,0.0,34.99119830305952,0.0,5660.630537384885,0.0,634.3119446728687,0.0,16.3031051141012,0.0,14.853604535480429,0.0,12.29014649179559,0.0
Pzsst,450.26666666666665,0.0,19.897212222065665,0.0,478.3303730310247,0.0,279.0,0.0,178.00188651088115,0.0,14.173188978628785,0.0,16.703293088490067,0.0,10.80615102892922,0.0,331.75022885071536,0.0,134.3522176363207,0.0,102.56081219144114,0.0,3.371772122641853,0.0,21.83364330386955,0.0,1632.541410465993,0.0,448.24714902938234,0.0,14.173188983064453,0.0,12.354867651535939,0.0,9.461801291230882,0.0
Pömpt,566.4392156862746,0.0,22.261583518035916,0.0,568.5032692317586,0.0,366.0,0.0,256.20161651923496,0.0,16.69616991212745,0.0,19.131126469708992,0.0,13.718255081379942,0.0,1028.2675566266846,0.0,352.52932998722423,0.0,304.997651489136,0.0,5.618429742204117,0.0,15.40673178070878,0.0,3239.5630986413084,0.0,1484.8558790765114,0.0,16.696169925322792,0.0,15.627045449588623,0.0,12.56294426765856,0.0
Qdqdt,594.0392156862745,0.0,22.824996920680313,0.0,524.8047322296943,0.0,292.0,0.0,202.52674752693463,0.0,15.527604947492097,0.0,17.08800749063506,0.0,12.135319474837651,0.0,9850.05109365533,0.0,7883.655742065587,0.0,6533.655585193715,0.0,5.756499026783443,0.0,54.26260927098366,0.0,3043.1753368853133,0.0,916.4785237978704,0.0,15.527604971747516,0.0,14.034309082431943,0.0,10.897833111620681,0.0
Qffqn,525.8588235294118,0.0,21.447857965385374,0.0,551.3296014792932,0.0,365.0,0.0,250.9536211300196,0.0,16.34345429394137,0.0,19.1049731745428,0.0,13.413949523415264,0.0,12974.953898756183,0.0,12921.405841210071,0.0,10677.763305312734,0.0,4.48135648085607,0.0,69.02631594232122,0.0,2330.012617745607,0.0,1662.6963698990287,0.0,16.343454280843456,0.0,15.450224022436444,0.0,12.166694084131798,0.0
Qkhll,492.9411764705883,0.0,20.646443951144676,0.0,579.2710959705373,0.0,403.0,0.0,281.9070374506203,0.0,17.10272568442333,0.0,20.074859899884732,0.0,14.328604167588423,0.0,7479.449408583233,0.0,1390.6037553758317,0.0,1221.6505334887493,0.0,13.83753066646615,0.0,24.131183387534143,0.0,5139.745258146585,0.0,2401.5678625468636,0.0,17.10272576223145,0.0,15.88078021374014,0.0,13.051370908513302,0.0
Qmrtl,491.27058823529416,0.0,20.71257541854828,0.0,646.3168096387365,0.0,480.0,0.0,343.63389441508417,0.0,18.640910930414158,0.0,21.908902300206645,0.0,16.05371004243614,0.0,7587.1677696769575,0.0,1761.4457105439735,0.0,1513.5893410714405,0.0,14.906070788314862,0.0,22.982472703435587,0.0,5063.373582599932,0.0,1122.2881042321785,0.0,18.640910940171477,0.0,17.576062234405292,0.0,14.849292365141538,0.0
Qnggl,576.4666666666667,0.0,22.384530482482408,0.0,557.9359989433608,0.0,338.0,0.0,237.38504273724175,0.0,16.39679183374009,0.0,18.384776310850235,0.0,13.228374912376143,0.0,7548.391151737144,0.0,1424.3157810075097,0.0,1239.9792787641345,0.0,6.297955985661366,0.0,22.12063448923104,0.0,1704.0614002908437,0.0,595.4627178015255,0.0,16.396791846510123,0.0,14.96180716747805,0.0,11.991764625847644,0.0
Qskrr,467.0745098039215,0.0,20.11834956538209,0.0,542.0716091948109,0.0,357.0,0.0,243.72847828659957,0.0,16.092591880549854,0.0,18.894443627691185,0.0,13.126107521804093,0.0,7472.16272362402,0.0,1384.5110859424888,0.0,1215.9307779660587,0.0,13.645162828180197,0.0,23.579124529408432,0.0,2719.952146923528,0.0,663.0081449916449,0.0,16.092591875228997,0.0,14.547806080531451,0.0,11.824310091360633,0.0
Qtmfn,550.4156862745099,0.0,21.929841646323705,0.0,626.2810348879295,0.0,452.0,0.0,323.224469408094,0.0,18.214978179221156,0.0,21.2602916254693,0.0,15.535219838930397,0.0,7480.460142548983,0.0,1416.557246924761,0.0,1242.5835952720222,0.0,4.919103905902271,0.0,22.855731448577856,0.0,3224.172704286069,0.0,1842.1636650586258,0.0,18.214978216626296,0.0,17.252825557223407,0.0,14.247179875008866,0.0
Qttxr,451.4823529411765,0.0,19.875274293915094,0.0,565.9287002492364,0.0,391.0,0.0,269.9896391134532,0.0,16.74358005431392,0.0,19.77371993328519,0.0,13.89917107233448,0.0,7471.286891235108,0.0,1387.5911471020647,0.0,1218.2010903370883,0.0,10.449922920413094,0.0,41.866029182852344,0.0,3953.889860996127,0.0,1554.0437646833595,0.0,16.743580053666374,0.0,15.092278793148944,0.0,12.568534050442262,0.0
Quaft,508.24313725490197,0.0,21.056837091837597,0.0,521.0863091593033,0.0,329.0,0.0,223.29723026994014,0.0,15.586212780739636,0.0,18.138357147217054,0.0,12.537815125374367,0.0,7471.000958607045,0.0,1385.4230551502706,0.0,1216.8804151298175,0.0,8.476727482054235,0.0,20.18637860306119,0.0,3824.3868679053885,0.0,1294.0076308454456,0.0,15.586212817215328,0.0,14.302872836322186,0.0,11.190799208702886,0.0
Quark,523.5960784313726,0.0,21.310509344808697,0.0,529.6134910057101,0.0,333.0,0.0,229.37033351001145,0.0,15.835087850066108,0.0,18.24828759089466,0.0,12.798083032048496,0.0,7472.4856050954695,0.0,1384.0660567853404,0.0,1215.6357643091471,0.0,6.344917393792379,0.0,20.097224364607136,0.0,3926.511773772299,0.0,551.5533739947472,0.0,15.835087842394103,0.0,14.312990129425899,0.0,11.428956938639164,0.0
Quarz,499.1803921568628,0.0,20.93910138797255,0.0,513.7069650640412,0.0,321.0,0.0,214.01349821006164,0.0,15.279995450091585,0.0,17.916472867168917,0.0,12.156501579700317,0.0,7470.608804911642,0.0,1383.0042471127051,0.0,1214.6455428370198,0.0,8.517231055238872,0.0,22.44567728858732,0.0,3917.4007020519716,0.0,550.1958375434366,0.0,15.279995441168682,0.0,13.89289704583255,0.0,10.805647363585742,0.0
Queen,551.0117647058823,0.0,21.98547281716345,0.0,477.747955422217,0.0,251.0,0.0,166.27954324411934,0.0,14.218123001177569,0.0,15.84297951775486,0.0,10.690673557762741,0.0,7470.334125719777,0.0,1380.436783302862,0.0,1212.903509862342,0.0,4.25810586180022,0.0,18.73461812109153,0.0,3567.331260563098,0.0,629.4467206420708,0.0,14.21812301220057,0.0,12.686007587831188,0.0,9.384579942258712,0.0
Quill,416.05882352941177,0.0,18.997416202631587,0.0,548.9736677524655,0.0,364.0,0.0,248.74185367962275,0.0,16.255529191671407,0.0,19.078784028338912,0.0,13.285205728413255,0.0,7471.132841056318,0.0,1383.708181013896,0.0,1215.7259752258392,0.0,14.914764615410725,0.0,19.244671901866827,0.0,3945.4319402286665,0.0,2440.8784795778297,0.0,16.255529282895832,0.0,14.933657998267789,0.0,12.003477061807803,0.0
Quirl,413.5176470588235,0.0,18.954973662030195,0.0,541.6615872558457,0.0,359.0,0.0,243.00854093015064,0.0,16.039386230516243,0.0,18.947295321496416,0.0,13.064439838555694,0.0,7470.9431292904355,0.0,1383.3040068663008,0.0,1215.2496893463588,0.0,15.30987076079727,0.0,19.508758596423206,0.0,4158.568963982508,0.0,706.9761904417793,0.0,16.039386215922217,0.0,14.660429505463146,0.0,11.804852462233919,0.0
Quote,524.8627450980392,0.0,21.430037451911076,0.0,486.69940667019955,0.0,256.0,0.0,171.0281707294061,0.0,14.455713580344643,0.0,16.0,0.0,10.907491404768725,0.0,7470.438864719666,0.0,1380.9200350836697,0.0,1213.3579151056863,0.0,5.338257019773208,0.0,19.21863015922267,0.0,4538.373773041061,0.0,463.96890140485317,0.0,14.455713588359316,0.0,12.72829449180638,0.0,9.604794542923816,0.0
Qvjlt,449.9764705882353,0.0,19.81850288282958,0.0,591.6848459898354,0.0,421.0,0.0,294.11608199924194,0.0,17.38301678889135,0.0,20.518284528683193,0.0,14.62971444315021,0.0,9455.488793934306,0.0,1682.5791518808905,0.0,1501.4037751909498,0.0,10.468650810998717,0.0,34.356675117776796,0.0,5434.631363720573,0.0,2555.978888948044,0.0,17.383016873516397,0.0,15.96149321340619,0.0,13.35329535124856,0.0
Qztnt,487.6862745098039,0.0,20.7290341452181,0.0,529.8918757215068,0.0,332.0,0.0,224.83172762062566,0.0,15.708025903484957,0.0,18.2208671582886,0.0,12.57627840399983,0.0,7470.944457292177,0.0,1384.8372076538312,0.0,1216.3825443804026,0.0,7.525014044083445,0.0,28.110434460090666,0.0,3197.466435915765,0.0,1288.4274783337394,0.0,15.708025912082709,0.0,13.93450757994487,0.0,11.210263762838391,0.0
Raben,562.0941176470589,0.0,22.16847101778641,0.0,444.66014089652924,0.0,244.0,0.0,151.84670512418074,0.0,13.29764622715167,0.0,15.620499351813308,0.0,9.83880814005271,0.0,329.5638408430362,0.0,96.97728350512378,0.0,66.0485404116687,0.0,2.9852768006421506,0.0,9.06093072645355,0.0,1257.8511916547343,0.0,769.4021474364658,0.0,13.29764624048759,0.0,12.614476283747463,0.0,8.500032424679528,0.0
Rache,530.1960784313726,0.0,21.504246873640113,0.0,437.3981340729798,0.0,225.0,0.0,139.09451697396668,0.0,13.037440776226436,0.0,15.0,0.0,9.381992120352317,0.0,325.0768029347942,0.0,91.27051787829771,0.0,60.86552303452714,0.0,2.998228811348011,0.0,9.178632610181312,0.0,1371.19837214847,0.0,563.9800102889507,0.0,13.03744078283926,0.0,12.019178639942007,0.0,8.013520383407915,0.0
Radau,565.3764705882353,0.0,22.203484179899064,0.0,456.66812297484745,0.0,276.0,0.0,172.6754830774929,0.0,13.713800486898405,0.0,16.61324772583615,0.0,10.528315982552133,0.0,331.801975983792,0.0,143.41273948748062,0.0,102.47011627311049,0.0,2.648663411317572,0.0,12.662274430776295,0.0,1042.0262752350461,0.0,713.6954932609102,0.0,13.713800490324942,0.0,13.333793808043573,0.0,9.198261748247852,0.0
Radio,512.356862745098,0.0,21.126924246197675,0.0,464.84862010940236,0.0,275.0,0.0,172.261660671617,0.0,13.86413276486915,0.0,16.583123951777,0.0,10.526331664704266,0.0,331.2385127163881,0.0,139.77918526465365,0.0,100.27153631965867,0.0,5.941962177571044,0.0,9.988973133061535,0.0,3913.4728700409096,0.0,4974.744562286438,0.0,13.864132851353583,0.0,13.447120139847879,0.0,9.216679097464796,0.0
Raese,539.1333333333333,0.0,21.755115710849815,0.0,430.33890675682323,0.0,220.0,0.0,134.4320929841624,0.0,12.81514691851355,0.0,14.832396974191326,0.0,9.14958680242012,0.0,320.28023184180705,0.0,87.0518582232533,0.0,57.110457902781576,0.0,2.945252134354286,0.0,8.800924392205578,0.0,1175.7825361749924,0.0,584.2052668204414,0.0,12.8151469185521,0.0,12.03779394414101,0.0,7.8057522897456835,0.0
Ragar,539.1843137254901,0.0,21.667747289173057,0.0,477.74254118058695,0.0,296.0,0.0,189.43072998948512,0.0,14.310014084565763,0.0,17.204650534085253,0.0,11.184869346579028,0.0,983.8032901584422,0.0,259.9829248618669,0.0,186.0307417423939,0.0,7.191666252906105,0.0,9.835639292188885,0.0,923.771301543637,0.0,722.9765950953399,0.0,14.31001408846619,0.0,13.850745869191522,0.0,9.865498100440503,0.0
Rahms,590.9843137254902,0.0,22.66995735662788,0.0,540.7490443084761,0.0,358.0,0.0,246.30014734614002,0.0,16.14345264216222,0.0,18.920887928424502,0.0,13.320474875889644,0.0,579.2457764357204,0.0,366.7119585402379,0.0,309.2668089587024,0.0,2.85471406892693,0.0,10.363240867672047,0.0,1596.954941825288,0.0,660.1946449340202,0.0,16.14345263197548,0.0,15.76898509758834,0.0,12.122570866975574,0.0
Rampe,616.0666666666667,0.0,23.24237502761411,0.0,536.3476041243193,0.0,340.0,0.0,234.07755347086805,0.0,15.967420830931857,0.0,18.439088914585774,0.0,13.009621544877245,0.0,1026.6807887444413,0.0,346.14540114688793,0.0,299.9812684953889,0.0,3.323937749005673,0.0,11.275141873265854,0.0,2955.952877648597,0.0,1376.4512804062283,0.0,15.967420836504804,0.0,15.467219084557563,0.0,11.794507688239728,0.0
Randa,565.4392156862745,0.0,22.180193512159267,0.0,445.07329707143015,0.0,254.0,0.0,157.2855005566218,0.0,13.345077917884868,0.0,15.937377450509228,0.0,9.979613487383762,0.0,328.8931913494731,0.0,131.6813405377424,0.0,93.00803480611826,0.0,2.06838892998767,0.0,9.108524790355615,0.0,1446.43121389502,0.0,743.9645436340372,0.0,13.34507793609797,0.0,12.933959982669181,0.0,8.614612922201799,0.0
Ranke,553.6549019607843,0.0,21.97595344453187,0.0,458.81595317857636,0.0,269.0,0.0,170.6877740440941,0.0,13.801924795145348,0.0,16.401219466856727,0.0,10.549144783626216,0.0,337.8329352095366,0.0,107.65992790579189,0.0,76.38841521238992,0.0,2.0406630038410505,0.0,8.748948621634133,0.0,4303.619097259396,0.0,682.4564588140687,0.0,13.801924790694956,0.0,13.131950067238568,0.0,9.218234173451231,0.0
Rasat,513.7607843137255,0.0,21.13036193039524,0.0,451.8270739526668,0.0,265.0,0.0,166.26772742164843,0.0,13.584805048805288,0.0,16.278820596099706,0.0,10.32947685828989,0.0,323.05983609674297,0.0,99.5376082889129,0.0,67.18079950803707,0.0,5.314984808421991,0.0,9.247289316563977,0.0,1034.1295722529258,0.0,677.9670899134655,0.0,13.584805052794279,0.0,12.759601459113398,0.0,8.923843087649349,0.0
Rasen,530.4862745098039,0.0,21.507961742123626,0.0,435.166778334113,0.0,236.0,0.0,144.49795722330572,0.0,12.984400841337838,0.0,15.362291495737216,0.0,9.494770718350194,0.0,320.6134249806934,0.0,88.8939567754838,0.0,57.8759981085198,0.0,3.1690149522687636,0.0,8.19517005346135,0.0,1234.6462796564258,0.0,762.590260695453,0.0,12.98440085238392,0.0,12.175693173501871,0.0,8.140338644679362,0.0
Rassa,528.0901960784313,0.0,21.378952449620567,0.0,434.29968215087547,0.0,234.0,0.0,144.69191929068,0.0,13.028335006963673,0.0,15.297058540778355,0.0,9.5515724998684,0.0,322.05245518580807,0.0,94.2154625502664,0.0,63.399924123928855,0.0,3.216032109476186,0.0,8.981247233027068,0.0,1178.1209614607192,0.0,552.4955153225708,0.0,13.028335006547081,0.0,12.051377852912982,0.0,8.14738782414202,0.0
Rasse,525.0901960784314,0.0,21.393181622082704,0.0,429.80136230854794,0.0,217.0,0.0,133.11261018798206,0.0,12.806658657549095,0.0,14.730919862656235,0.0,9.130704174235456,0.0,320.8554563933198,0.0,88.52220910500672,0.0,59.511209380895615,0.0,3.2528775354634822,0.0,8.44540871563996,0.0,1163.8188839735355,0.0,552.5698634911015,0.0,12.806658656641698,0.0,11.707514604412333,0.0,7.766779170034186,0.0
Raten,516.1568627450981,0.0,21.260879703507396,0.0,450.8406455785003,0.0,267.0,0.0,165.66553558349244,0.0,13.508516319542034,0.0,16.34013463836819,0.0,10.259911147829431,0.0,323.22152156705454,0.0,99.11992246345191,0.0,68.02919078576798,0.0,3.4682876999000722,0.0,8.099535282337724,0.0,2726.060004780916,0.0,1412.41830801413,0.0,13.50851632753699,0.0,12.886343498483965,0.0,8.934591148980584,0.0
Ratte,496.43137254901967,0.0,20.893381603946626,0.0,463.6650703882285,0.0,280.0,0.0,176.77677831696064,0.0,13.918417634624808,0.0,16.73320053068151,0.0,10.718862144378836,0.0,325.8690721337371,0.0,107.85110644957675,0.0,77.4300955685586,0.0,5.11455926984805,0.0,8.351510138169456,0.0,3911.519787387153,0.0,1346.5654311647568,0.0,13.918417644782089,0.0,13.256803111466686,0.0,9.417381286764499,0.0
Rauha,554.2078431372549,0.0,21.939088372489795,0.0,449.5237192978836,0.0,269.0,0.0,167.30272341637192,0.0,13.538973980181957,0.0,16.401219466856727,0.0,10.30931576206913,0.0,326.2399116778732,0.0,96.5665754836747,0.0,64.3591474859553,0.0,2.1236012882640445,0.0,10.632319583542936,0.0,2000.344908046644,0.0,570.8594425691214,0.0,13.53897398590936,0.0,13.120337215247014,0.0,8.972954927392815,0.0
Raupe,562.2470588235294,0.0,22.194512866564185,0.0,446.0556494980103,0.0,242.0,0.0,150.76553541196023,0.0,13.32744730988165,0.0,15.556349186104045,0.0,9.837130247022804,0.0,957.2878918712967,0.0,189.6531702931404,0.0,172.30826406463856,0.0,2.2126696936358607,0.0,11.464904398655168,0.0,2308.4652957981875,0.0,1038.0431920164976,0.0,13.327447316603472,0.0,12.66510412705199,0.0,8.533824737684942,0.0
Raupi,509.9411764705883,0.0,21.078519653257906,0.0,476.48973568606823,0.0,297.0,0.0,189.6250364934707,0.0,14.293214281239356,0.0,17.233687939614086,0.0,11.185539131042296,0.0,958.5131082144087,0.0,197.93010399419677,0.0,177.42966357671696,0.0,7.402172223438644,0.0,12.317726592163636,0.0,2423.6484580980605,0.0,1047.5161936290667,0.0,14.293214288209327,0.0,13.647410139848244,0.0,9.924555770995777,0.0
Rausu,521.713725490196,0.0,21.30650670544646,0.0,446.9354743979643,0.0,266.0,0.0,164.25643271393056,0.0,13.417637402263846,0.0,16.30950643030009,0.0,10.174207491223207,0.0,321.6008722233337,0.0,95.79962708404129,0.0,63.298651090348294,0.0,4.032521147649408,0.0,12.247032162958208,0.0,1943.184357688208,0.0,574.9029882627298,0.0,13.417637402581892,0.0,12.699396468354184,0.0,8.895943027401023,0.0
Raute,516.0941176470589,0.0,21.285176326664732,0.0,450.7942310298272,0.0,264.0,0.0,163.60765513798904,0.0,13.50476202207627,0.0,16.24807680927192,0.0,10.188669431706213,0.0,322.6676758704442,0.0,97.4725308319681,0.0,66.46393881931823,0.0,4.265745117637085,0.0,8.544407504301898,0.0,3399.049965172893,0.0,651.7005889872507,0.0,13.50476203053672,0.0,12.933220017762338,0.0,8.896935111351523,0.0
Rchch,504.21568627450984,0.0,20.894304965891767,0.0,465.45476816568646,0.0,277.0,0.0,174.66054605553205,0.0,13.916974760781565,0.0,16.64331697709324,0.0,10.655722439217614,0.0,344.2834536301704,0.0,115.6317853923402,0.0,83.59512226219124,0.0,3.483633295723553,0.0,14.386073767218205,0.0,1350.9697844101206,0.0,503.42080112038366,0.0,13.916974767850283,0.0,12.971491565933437,0.0,9.31754263330672,0.0
Rchcr,449.28627450980395,0.0,19.74442314402406,0.0,466.60517032287567,0.0,285.0,0.0,177.80253455944575,0.0,13.905712489885754,0.0,16.881943016134134,0.0,10.6598048543518,0.0,330.96178452978705,0.0,110.00687562690223,0.0,74.7071221638265,0.0,9.688922106391031,0.0,15.242322136214472,0.0,1357.2697011104915,0.0,515.8689211485469,0.0,13.905712497687778,0.0,12.969849569133386,0.0,9.318084443668523,0.0
Recht,498.8235294117647,0.0,20.901124215315605,0.0,460.5799640125493,0.0,262.0,0.0,165.44104216089397,0.0,13.774444090636118,0.0,16.186414056238647,0.0,10.358316927046161,0.0,327.04439609961435,0.0,99.8443592170779,0.0,68.3847470312247,0.0,5.566109961688458,0.0,9.496931449536586,0.0,1387.2270510476392,0.0,488.546825973179,0.0,13.774444097796037,0.0,12.581872257157954,0.0,9.040115806104268,0.0
Redon,553.0156862745098,0.0,22.012617052416726,0.0,449.35222142745556,0.0,247.0,0.0,152.14007317562647,0.0,13.3494040750201,0.0,15.716233645501712,0.0,9.8030747808611,0.0,330.216564580563,0.0,136.0844030898633,0.0,97.38164619813682,0.0,2.9816825043107174,0.0,10.148973918005652,0.0,1664.64072484173,0.0,901.8378887518884,0.0,13.349404086318081,0.0,12.550104085952391,0.0,8.519002835007411,0.0
Regel,535.7254901960785,0.0,21.73290805621229,0.0,487.97728502301067,0.0,296.0,0.0,191.67128637125404,0.0,14.556301717802263,0.0,17.204650534085253,0.0,11.369984418155633,0.0,987.1179720229609,0.0,266.3892394491237,0.0,194.85539717532723,0.0,7.106813841622447,0.0,9.822186528170343,0.0,1348.7781176762733,0.0,749.5136471941877,0.0,14.556301727007945,0.0,13.87957643589881,0.0,10.18712501901766,0.0
Regen,572.7254901960785,0.0,22.45119958793587,0.0,461.6859942262261,0.0,260.0,0.0,163.7879803973028,0.0,13.748207227677435,0.0,16.1245154965971,0.0,10.33384427455426,0.0,983.2157667637097,0.0,255.82930563718665,0.0,183.17440204021793,0.0,3.2800023239546476,0.0,8.663415398304172,0.0,1153.6483618341967,0.0,741.7723076521206,0.0,13.748207238711055,0.0,13.06775235752833,0.0,9.090737808973586,0.0
Regie,529.0666666666667,0.0,21.59760620110107,0.0,476.78782121544225,0.0,277.0,0.0,176.7873618522731,0.0,14.19078490812002,0.0,16.64331697709324,0.0,10.806478976568014,0.0,983.4065712286928,0.0,256.8861064870798,0.0,184.19729102463498,0.0,5.153288990512979,0.0,9.441124189444272,0.0,3889.473776597059,0.0,4965.128468914028,0.0,14.190784991852736,0.0,13.578213387941855,0.0,9.556831864536628,0.0
Regil,483.4196078431373,0.0,20.591913023526338,0.0,512.6079381660808,0.0,337.0,0.0,220.81188066163406,0.0,15.272223367005218,0.0,18.35755975068582,0.0,12.257637134470366,0.0,987.612292929417,0.0,268.9547203370623,0.0,196.8342074231396,0.0,11.496706307812122,0.0,10.438591484064291,0.0,3956.0185093113955,0.0,4967.775971586413,0.0,15.272223447175547,0.0,14.676390075226866,0.0,11.045339403411122,0.0
Rehst,514.5019607843137,0.0,21.22259754776394,0.0,463.418692547441,0.0,274.0,0.0,173.53367228091489,0.0,13.909511811312049,0.0,16.55294535724685,0.0,10.632853416684554,0.0,330.92239598427653,0.0,101.54896876563207,0.0,71.78987293970063,0.0,6.423291493942208,0.0,9.598738708080546,0.0,1182.9738970852463,0.0,494.1723275525109,0.0,13.909511813798142,0.0,12.987685401926976,0.0,9.355063434103362,0.0
Reibe,515.435294117647,0.0,21.317831738223834,0.0,457.552045778507,0.0,260.0,0.0,162.42591027837972,0.0,13.647375430221013,0.0,16.1245154965971,0.0,10.20338631834431,0.0,326.6346746014253,0.0,100.57878887001036,0.0,67.88487527296958,0.0,4.2564575118518295,0.0,9.994598657356619,0.0,1844.6336564134965,0.0,793.0675385010837,0.0,13.64737542864444,0.0,12.967958866432838,0.0,8.92665315385236,0.0
Reihe,504.61176470588225,0.0,21.069108380536377,0.0,460.0383820398947,0.0,270.0,0.0,168.56293429803046,0.0,13.74468214424755,0.0,16.431676725154983,0.0,10.387485489738625,0.0,325.6161763227384,0.0,93.43749412427687,0.0,62.95147658346596,0.0,4.568513784378159,0.0,9.870282123307309,0.0,1858.722406359158,0.0,652.2928658699929,0.0,13.744682143274371,0.0,13.093647039309811,0.0,9.11063067734389,0.0
Reime,542.9803921568628,0.0,21.889969859939285,0.0,547.2079673265512,0.0,368.0,0.0,250.1675341048854,0.0,16.21848002068783,0.0,19.183326093250876,0.0,13.34007181428812,0.0,574.5426913184841,0.0,365.620401418412,0.0,307.9929710203034,0.0,4.01965829650222,0.0,9.310936474725013,0.0,2048.0131405822976,0.0,734.9677327057382,0.0,16.21848000382007,0.0,15.765131047862429,0.0,12.146482693966004,0.0
Reise,483.8274509803922,0.0,20.630105696613406,0.0,447.61737277887244,0.0,250.0,0.0,153.9505853535537,0.0,13.337600220126026,0.0,15.811388300841896,0.0,9.84278849835894,0.0,320.80236720956964,0.0,89.85361302413415,0.0,59.50389922829125,0.0,5.233017395525719,0.0,8.431852805621906,0.0,1733.9346393331898,0.0,655.7035413395319,0.0,13.337600210975276,0.0,12.404505156406719,0.0,8.538137354428665,0.0
Reize,482.5803921568627,0.0,20.74269825624513,0.0,464.2862185903141,0.0,278.0,0.0,172.2563757652481,0.0,13.805146535407449,0.0,16.673332000533065,0.0,10.449777224845032,0.0,323.1880198388676,0.0,106.34650545289712,0.0,72.3875253584715,0.0,5.287269711950326,0.0,10.730252545593187,0.0,1767.9885132133213,0.0,654.3339778220028,0.0,13.805146521898385,0.0,13.099469571148349,0.0,9.135232136501626,0.0
Relpe,522.3098039215686,0.0,21.457730952004503,0.0,466.1698549352377,0.0,266.0,0.0,169.11764568656628,0.0,13.923925293976252,0.0,16.30950643030009,0.0,10.550600809896341,0.0,958.5800229186078,0.0,194.04632404033262,0.0,176.1816462655826,0.0,3.8869686278312203,0.0,11.424279484865815,0.0,2366.077971555557,0.0,1199.3604379286965,0.0,13.923925292202997,0.0,13.193292207751108,0.0,9.286366290288726,0.0
Remis,528.9372549019608,0.0,21.530302849518932,0.0,546.4241918690317,0.0,369.0,0.0,251.3404217290103,0.0,16.228913943363608,0.0,19.209372712298546,0.0,13.371393175731376,0.0,490.3924725113952,0.0,303.60881659372575,0.0,252.63571233920254,0.0,6.607665287896718,0.0,9.450749290712235,0.0,4551.999029978208,0.0,5044.1759737166585,0.0,16.22891402808583,0.0,15.71036589049849,0.0,12.160007713667646,0.0
Rente,513.156862745098,0.0,21.275187844982536,0.0,449.3626903792744,0.0,257.0,0.0,158.67765501791658,0.0,13.42002293984189,0.0,16.0312195418814,0.0,10.015954189079185,0.0,322.3443482573894,0.0,95.33841344415022,0.0,65.10573676976277,0.0,4.33419032941304,0.0,8.133618010468435,0.0,3035.4192591416154,0.0,677.7125330648853,0.0,13.420022947917316,0.0,12.734866356896637,0.0,8.735551030855026,0.0
Reste,507.7607843137255,0.0,21.15914505489426,0.0,450.1302200243229,0.0,249.0,0.0,155.24575826656445,0.0,13.43971948882665,0.0,15.7797338380595,0.0,9.96725267526001,0.0,323.16828596816157,0.0,98.000802523562,0.0,68.35491261587227,0.0,4.564982221908224,0.0,8.50918866893791,0.0,3037.180775836846,0.0,559.7947320621748,0.0,13.439719499252833,0.0,12.47305036930508,0.0,8.683923977225568,0.0
Retan,516.1568627450981,0.0,21.260879703507396,0.0,458.12597117230194,0.0,283.0,0.0,176.50311004989868,0.0,13.756440584455682,0.0,16.822603841260722,0.0,10.613961021628455,0.0,324.3719894811514,0.0,103.9864709652431,0.0,71.62167772023567,0.0,3.4673718238985396,0.0,9.01975424689951,0.0,2568.5966853958803,0.0,1338.1298440555242,0.0,13.756440586356378,0.0,13.084952374867658,0.0,9.262322815501218,0.0
Retel,476.156862745098,0.0,20.515763390177266,0.0,479.2709532557664,0.0,303.0,0.0,193.18539986723428,0.0,14.357638709522373,0.0,17.406895185529212,0.0,11.283670100163032,0.0,334.79407296226594,0.0,123.4271927553309,0.0,94.86331780728514,0.0,8.515352549888185,0.0,9.52415103560224,0.0,2781.813414846327,0.0,1385.3910432015768,0.0,14.357638716867559,0.0,13.622732486955995,0.0,10.062216075766123,0.0
Reten,513.156862745098,0.0,21.275187844982536,0.0,452.9796624589819,0.0,267.0,0.0,165.302093893283,0.0,13.537690777553022,0.0,16.34013463836819,0.0,10.238798892006287,0.0,323.1074505682123,0.0,98.58843055847939,0.0,67.6999617418124,0.0,3.5062028742317617,0.0,8.233660806595472,0.0,2693.00432825839,0.0,1381.1502715637312,0.0,13.537690786090192,0.0,12.794621919088563,0.0,8.950541333593797,0.0
Reusu,518.7137254901961,0.0,21.320784227169383,0.0,449.074491278446,0.0,266.0,0.0,163.8929910237211,0.0,13.447009031451582,0.0,16.30950643030009,0.0,10.152917022415624,0.0,321.4862261798736,0.0,95.24960976437,0.0,62.9446840546054,0.0,4.009671538167335,0.0,12.400981540239975,0.0,1897.3854154951623,0.0,493.76732430531234,0.0,13.447009032157894,0.0,12.60631476440446,0.0,8.911962381853584,0.0
Reuzo,519.7529411764706,0.0,21.45390703052195,0.0,454.43948979469235,0.0,268.0,0.0,163.84538089577518,0.0,13.500892405488552,0.0,16.3707055437449,0.0,10.109764930148812,0.0,323.04604086103626,0.0,104.8784782559309,0.0,70.61748946149292,0.0,3.768261574461363,0.0,11.882123857943501,0.0,1861.4625708512176,0.0,491.6728780028966,0.0,13.50089240011555,0.0,12.823351919860933,0.0,8.818805566969427,0.0
Revue,519.4392156862746,0.0,21.42257466117035,0.0,463.48828623917404,0.0,273.0,0.0,171.69394577181762,0.0,13.862952244783243,0.0,16.522711641858304,0.0,10.522562549493594,0.0,326.53820895419915,0.0,119.0899189404451,0.0,85.472727646464,0.0,3.3476258586249337,0.0,13.310713658165968,0.0,4647.048277197301,0.0,679.9205822761411,0.0,13.862952248735231,0.0,12.861971433032018,0.0,9.234814896241957,0.0
Rfhmt,547.6117647058824,0.0,21.911133297916777,0.0,603.1815139772996,0.0,461.0,0.0,320.153504831204,0.0,17.737239122221105,0.0,21.470910553583888,0.0,15.236007848045173,0.0,736.5044870287347,0.0,625.5799076908492,0.0,549.6178412940076,0.0,4.346835926675904,0.0,22.625658552892613,0.0,1910.445041591321,0.0,1481.2278233061465,0.0,17.737239090780893,0.0,17.687816661674827,0.0,14.038655715730286,0.0
Rgmls,566.7921568627452,0.0,22.240843793374655,0.0,579.4359130057411,0.0,401.0,0.0,280.72897813136296,0.0,17.084597024630174,0.0,20.024984394500787,0.0,14.357897840958469,0.0,4363.9899210770145,0.0,2151.515185464079,0.0,1630.2536105421518,0.0,7.359035569476869,0.0,21.680649422708825,0.0,2891.712824285672,0.0,2703.8919853042516,0.0,17.084597104074835,0.0,16.702155367754983,0.0,13.193607429425143,0.0
Rhqzh,566.5921568627451,0.0,22.33073854333554,0.0,503.5943823212069,0.0,323.0,0.0,210.93932358001365,0.0,15.034199060705744,0.0,17.97220075561143,0.0,11.965228137008953,0.0,6424.810078209285,0.0,7755.03070021776,0.0,6414.628271773192,0.0,2.78403858398949,0.0,50.31366724188103,0.0,1349.1772118153265,0.0,498.1279359417875,0.0,15.03419905205931,0.0,14.489265980231432,0.0,10.70496804856311,0.0
Rhrzs,479.39607843137253,0.0,20.532506461878302,0.0,483.4748384595721,0.0,310.0,0.0,196.75387568377022,0.0,14.43289564409543,0.0,17.60681686165901,0.0,11.3426317736441,0.0,362.68398094989925,0.0,125.04379866775241,0.0,92.07989394590905,0.0,5.995992252934651,0.0,12.546704182027277,0.0,1446.8710536711008,0.0,680.0424707741097,0.0,14.432895634833388,0.0,13.774647923777744,0.0,10.064244808083265,0.0
Riege,529.0666666666667,0.0,21.59760620110107,0.0,487.0193265303667,0.0,299.0,0.0,192.12520854024416,0.0,14.494283410628329,0.0,17.291616465790582,0.0,11.297048657242245,0.0,634.6309715101983,0.0,260.65031702475864,0.0,186.8554560907613,0.0,5.624535779359826,0.0,9.268726346606444,0.0,4898.893091246199,0.0,2552.267109375827,0.0,14.494283413981439,0.0,14.353780649899948,0.0,10.069496334951335,0.0
Riffe,445.78431372549016,0.0,19.836262081065374,0.0,513.2715855233706,0.0,367.0,0.0,237.3920539434393,0.0,15.364107052702039,0.0,19.157244060668017,0.0,12.585952425967093,0.0,355.9292656100691,0.0,201.06435626368085,0.0,165.4894218200033,0.0,5.408844430938994,0.0,12.727120635311575,0.0,5436.4073545909505,0.0,2945.248999330458,0.0,15.364107080043874,0.0,15.514267127142267,0.0,11.347663826795134,0.0
Rigil,431.1137254901961,0.0,19.383871423355302,0.0,542.7550297522562,0.0,392.0,0.0,258.98338470722064,0.0,16.08691397399907,0.0,19.79898987322333,0.0,13.315615377788973,0.0,988.1613057640125,0.0,272.3509537024218,0.0,199.27770384031265,0.0,9.378529205967334,0.0,10.640922852144893,0.0,6229.382442773445,0.0,5564.055873226769,0.0,16.086914035469754,0.0,15.902585760708336,0.0,12.081312542194276,0.0
Rilie,399.9176470588235,0.0,18.721537823315135,0.0,503.3329302327179,0.0,347.0,0.0,222.0194081796838,0.0,15.010139031317577,0.0,18.627936010197157,0.0,12.07370684511463,0.0,326.0850298383265,0.0,108.4420650817578,0.0,75.78601040076283,0.0,7.611102911541013,0.0,8.908513000957297,0.0,6395.927027086592,0.0,5599.108248744374,0.0,15.01013911160546,0.0,14.911030553385704,0.0,10.786836832340542,0.0
Rille,406.5764705882352,0.0,18.877464804145628,0.0,508.49724948154415,0.0,353.0,0.0,227.5758842912552,0.0,15.175287348584343,0.0,18.788294228055936,0.0,12.284988225511803,0.0,330.4423839020146,0.0,115.3844221595766,0.0,84.16414156374007,0.0,7.302037833778115,0.0,8.518579606990327,0.0,5249.49385506414,0.0,3547.1452370874426,0.0,15.175287429045465,0.0,15.115195902918952,0.0,11.014817798787439,0.0
Rinde,507.1333333333333,0.0,21.09231608359045,0.0,472.8610856957597,0.0,292.0,0.0,183.51425380930095,0.0,14.09613956444024,0.0,17.08800749063506,0.0,10.87902006677018,0.0,329.26003248907244,0.0,134.28672149152155,0.0,95.37159041560137,0.0,5.469657399496583,0.0,8.816339722517263,0.0,4989.917279819758,0.0,2587.0271350733888,0.0,14.09613957040252,0.0,13.937640419025836,0.0,9.612405908622113,0.0
Ringe,520.4196078431373,0.0,21.34862881606284,0.0,485.7142524370429,0.0,304.0,0.0,194.23762249541593,0.0,14.468507966720038,0.0,17.435595774162696,0.0,11.324810852801658,0.0,634.5024860365668,0.0,260.15764265652825,0.0,186.44383602738907,0.0,5.911523741553506,0.0,8.789571391238061,0.0,4894.9792572952965,0.0,2573.668816796533,0.0,14.46850797113376,0.0,14.310425213998032,0.0,10.084005281664174,0.0
Rippe,533.4313725490197,0.0,21.63157267890757,0.0,488.2275206224556,0.0,290.0,0.0,188.9228136079909,0.0,14.562378728767754,0.0,17.029386365926403,0.0,11.308230598309706,0.0,1370.3333362446865,0.0,264.85585472910765,0.0,248.3512791400366,0.0,4.529822532250489,0.0,11.842949284383256,0.0,5125.093241774861,0.0,2698.6563459406593,0.0,14.562378724253742,0.0,14.027875749261387,0.0,10.023852505010462,0.0
Risse,469.78431372549016,0.0,20.24807204097204,0.0,462.08747077520496,0.0,272.0,0.0,170.92067254335916,0.0,13.79665028329102,0.0,16.492422502470642,0.0,10.487751402272012,0.0,322.42707946118736,0.0,97.82382893081446,0.0,66.81912973711239,0.0,4.454804283490528,0.0,8.707752757090063,0.0,4920.183498212624,0.0,2539.2010752558635,0.0,13.79665027158349,0.0,13.122736288924742,0.0,9.196016520755887,0.0
Ritze,454.2078431372549,0.0,20.10162378363864,0.0,494.43018383103384,0.0,331.0,0.0,210.39404131524032,0.0,14.72831959927538,0.0,18.193405398660254,0.0,11.72285775178714,0.0,327.3755376570564,0.0,121.3591052751981,0.0,86.26920391939875,0.0,5.002256596431682,0.0,10.71124483194332,0.0,5498.279487949805,0.0,2803.216537766066,0.0,14.728319581077088,0.0,14.41321987457645,0.0,10.425027682669432,0.0
Rkbnn,559.5725490196078,0.0,22.047456766380932,0.0,494.8091135045562,0.0,324.0,0.0,211.50385758712548,0.0,14.881809814307083,0.0,18.0,0.0,11.942889449642943,0.0,477.9330820139661,0.0,170.0134666957793,0.0,136.61501520863104,0.0,3.9329139353589917,0.0,16.533539432005142,0.0,5208.993278122299,0.0,589.5860864492415,0.0,14.881809826945675,0.0,14.180243513967964,0.0,10.664876581462506,0.0
Rkscr,467.34901960784316,0.0,20.135241322090184,0.0,491.8476691350151,0.0,317.0,0.0,205.6475233326646,0.0,14.735667854318546,0.0,17.804493814764857,0.0,11.73196309952142,0.0,472.03321409431277,0.0,169.19397754547725,0.0,134.9408908105934,0.0,11.929484100655971,0.0,17.085156810657413,0.0,4974.240176899485,0.0,502.21564069018797,0.0,14.735667859234727,0.0,13.616271475926784,0.0,10.441338411892279,0.0
Rktlt,456.9098039215686,0.0,19.98613437084773,0.0,536.5478291745358,0.0,394.0,0.0,261.70078716115984,0.0,16.05969529331904,0.0,19.849433241279208,0.0,13.411818632221788,0.0,478.0579220195344,0.0,181.19124856528168,0.0,146.5867290853222,0.0,10.73797191800704,0.0,15.995378672808236,0.0,5671.595644299533,0.0,2696.747512257367,0.0,16.05969537852899,0.0,15.4764750246846,0.0,12.125195301006302,0.0
Rldsh,515.1372549019609,0.0,21.178137915479955,0.0,500.5930032025052,0.0,328.0,0.0,213.60119043330744,0.0,14.983251042217592,0.0,18.110770276274835,0.0,11.998640740558711,0.0,353.53697881351724,0.0,159.7734425847918,0.0,121.64639875990093,0.0,3.9003345295508494,0.0,12.936227351160305,0.0,3952.4929483439705,0.0,1590.3487506133322,0.0,14.983251036171133,0.0,14.665427621658138,0.0,10.762972860965869,0.0
Rmstr,504.68235294117653,0.0,21.014794590847224,0.0,586.4491062315929,0.0,433.0,0.0,299.17966451736885,0.0,17.27934515994934,0.0,20.808652046684813,0.0,14.70148747448482,0.0,1361.830006578715,0.0,1095.463216912501,0.0,905.0348394931789,0.0,12.744845173333527,0.0,14.854852749384035,0.0,5004.24819819139,0.0,1056.8530060327207,0.0,17.279345168469902,0.0,16.825535677228977,0.0,13.530878924398003,0.0
Rntzt,469.49411764705883,0.0,20.383591338322862,0.0,493.5425679396067,0.0,329.0,0.0,210.02060170057007,0.0,14.748245295119293,0.0,18.138357147217054,0.0,11.744550364778657,0.0,328.99770324558364,0.0,124.58498417461654,0.0,89.2623852728405,0.0,6.770992021238412,0.0,13.395328627107421,0.0,3008.212858123482,0.0,1337.3164338654253,0.0,14.74824528923228,0.0,13.993461852742573,0.0,10.41211248315305,0.0
Rnvmt,536.2392156862745,0.0,21.671672919991565,0.0,587.087165790995,0.0,431.0,0.0,297.7396494911501,0.0,17.294349385141462,0.0,20.760539492026695,0.0,14.647682710078131,0.0,579.8388284465268,0.0,377.56003437490256,0.0,316.81074660087245,0.0,3.609433401514826,0.0,15.61708618374426,0.0,2701.7636617833846,0.0,729.6409879149408,0.0,17.29434937607997,0.0,16.637973409035375,0.0,13.386760413400808,0.0
Robbe,578.8823529411765,0.0,22.524460282861778,0.0,448.9187527552347,0.0,223.0,0.0,141.4620044220995,0.0,13.366820752029378,0.0,14.933184523068078,0.0,9.620953693213863,0.0,335.3398312976337,0.0,104.20946321589878,0.0,73.6761663620383,0.0,2.0091178879207807,0.0,10.858991831517438,0.0,1385.0328286874947,0.0,715.0137691206019,0.0,13.366820758527517,0.0,12.347350401762585,0.0,8.359399017230519,0.0
Rocho,514.3490196078432,0.0,21.11386861531188,0.0,440.1147258658509,0.0,221.0,0.0,136.411805187476,0.0,13.049394273464346,0.0,14.866068747318506,0.0,9.287497217224294,0.0,325.4674294778787,0.0,89.72006044086511,0.0,60.00917751888604,0.0,3.2017433817450045,0.0,10.078366590658115,0.0,1411.8045520986473,0.0,560.3412495559141,0.0,13.049394279684275,0.0,11.71947125627173,0.0,7.973879379415544,0.0
Rohre,502.30588235294124,0.0,20.96512180217255,0.0,458.2456992594952,0.0,262.0,0.0,163.92036035479722,0.0,13.66519457164743,0.0,16.186414056238647,0.0,10.256682040498854,0.0,329.2137789169841,0.0,95.8930493613705,0.0,65.98612213764093,0.0,5.501949857756504,0.0,9.346369444108795,0.0,1968.8736295256738,0.0,707.9537842662374,0.0,13.66519456085785,0.0,12.956938873439917,0.0,9.03720939358083,0.0
Rohöl,514.7529411764706,0.0,21.150125951363844,0.0,484.9503280552876,0.0,295.0,0.0,191.61590755101795,0.0,14.532265633983906,0.0,17.175564037317667,0.0,11.373470040457578,0.0,353.9394880998487,0.0,157.99167737864843,0.0,132.96234046601742,0.0,6.525331017605655,0.0,33.52776710740993,0.0,1512.3166067721559,0.0,1698.349815182984,0.0,14.532265655098039,0.0,13.825144339883847,0.0,10.237200660324243,0.0
Rolle,452.4588235294118,0.0,19.900457008772843,0.0,475.90049589952304,0.0,286.0,0.0,182.29314334429444,0.0,14.213432998896236,0.0,16.911534525287763,0.0,10.936666522821046,0.0,328.7709555383843,0.0,105.16081319703201,0.0,77.24353251394271,0.0,7.425764300176857,0.0,8.326708614385621,0.0,2181.987497540888,0.0,2532.7667530565855,0.0,14.21343309968863,0.0,13.547925478697424,0.0,9.688563276945013,0.0
Roman,583.2156862745098,0.0,22.52862709601317,0.0,533.097424444364,0.0,353.0,0.0,239.5347680284607,0.0,15.890686193688989,0.0,18.788294228055936,0.0,13.030654343906622,0.0,490.7109084608999,0.0,303.50315505327194,0.0,252.3909316759612,0.0,3.3087688907939965,0.0,9.36376484128876,0.0,2558.0585281185868,0.0,1140.4051350347547,0.0,15.890686196597649,0.0,15.301773737328134,0.0,11.791687418666822,0.0
Rommé,647.4156862745098,0.0,23.83783771083656,0.0,633.1473722128165,0.0,448.0,0.0,323.62043394210133,0.0,18.352337663620595,0.0,21.166010488516726,0.0,15.668605762377982,0.0,112116.31258379397,0.0,1974.4542029551028,0.0,1649.6191375607539,0.0,4.508982015512405,0.0,31.002781996070283,0.0,2870.7513921629816,0.0,1122.026679755664,0.0,18.35233765462295,0.0,17.928950942624592,0.0,14.517077116095807,0.0
Romon,573.7921568627452,0.0,22.350050380669266,0.0,528.4447640660669,0.0,334.0,0.0,226.3669543261273,0.0,15.695677552046883,0.0,18.275666882497067,0.0,12.673545154054338,0.0,489.99630377369357,0.0,301.47827497471445,0.0,251.18596655754695,0.0,3.4420793241193572,0.0,9.90848582712664,0.0,2941.199032771107,0.0,1296.874001593304,0.0,15.695677559947814,0.0,14.897511654917984,0.0,11.488179991130872,0.0
Rondo,546.5921568627451,0.0,21.815875197005127,0.0,443.2915690219738,0.0,233.0,0.0,143.0234796674332,0.0,13.140621235787625,0.0,15.264337522473747,0.0,9.485026898661198,0.0,328.10865756153197,0.0,126.56613045687456,0.0,89.82771116854528,0.0,2.248483556560155,0.0,9.540513910306087,0.0,1475.6606836293633,0.0,741.455709865263,0.0,13.14062125366662,0.0,12.328944083579845,0.0,8.217099825306185,0.0
Rosen,521.0627450980392,0.0,21.320837964017485,0.0,434.85613321874894,0.0,224.0,0.0,137.02327863172204,0.0,12.909843135336706,0.0,14.966629547095765,0.0,9.244651463572275,0.0,320.4717430244544,0.0,85.91092659387377,0.0,56.176541402767874,0.0,2.8187684858668067,0.0,8.291205229690723,0.0,1276.9406549919881,0.0,759.6594945864472,0.0,12.909843145887109,0.0,11.767113126156469,0.0,7.940467334135093,0.0
Roton,500.3098039215686,0.0,20.86594881785164,0.0,451.023648798159,0.0,252.0,0.0,156.2240594461911,0.0,13.429831339311178,0.0,15.874507866387544,0.0,9.96105649062508,0.0,323.26346341650435,0.0,95.76953296553886,0.0,66.13418744260595,0.0,3.5996782984902054,0.0,9.435419257347133,0.0,2998.1214563837775,0.0,1501.2012261990337,0.0,13.429831346691554,0.0,12.311803218765018,0.0,8.673272068673118,0.0
Rotor,460.7686274509804,0.0,20.0509339898145,0.0,464.0729039196815,0.0,272.0,0.0,170.30235119154833,0.0,13.818181624075892,0.0,16.492422502470642,0.0,10.453691758925403,0.0,323.6702738206852,0.0,100.57685195096155,0.0,69.5502708865005,0.0,9.087938688394537,0.0,9.954226122812535,0.0,2997.995606265133,0.0,1502.128788738983,0.0,13.818181631936396,0.0,12.758854987318845,0.0,9.193422891689764,0.0
Rotos,494.91372549019604,0.0,20.74761725316832,0.0,442.41640979723087,0.0,231.0,0.0,142.9788981116021,0.0,13.157512496946813,0.0,15.198684153570664,0.0,9.529668215882191,0.0,322.50946943734476,0.0,92.41037162190737,0.0,64.18341396101319,0.0,4.0840077854178904,0.0,9.411755465325998,0.0,2995.0686620462984,0.0,1497.9008892813806,0.0,13.157512504165515,0.0,11.898932992819859,0.0,8.246490655878839,0.0
Rotte,487.0078431372549,0.0,20.700703080701654,0.0,463.35442527286443,0.0,268.0,0.0,169.302099725377,0.0,13.848889270345847,0.0,16.3707055437449,0.0,10.497948149952276,0.0,325.7296762233738,0.0,105.40594347291011,0.0,76.16818460929487,0.0,4.9409920896558575,0.0,8.46693331509887,0.0,3926.104915246109,0.0,1345.0820743967995,0.0,13.848889280312592,0.0,12.882557033628617,0.0,9.24515973508652,0.0
Route,506.6705882352941,0.0,21.09607651778985,0.0,450.4835859144631,0.0,252.0,0.0,156.1329765464054,0.0,13.43309278771568,0.0,15.874507866387544,0.0,9.955997914698122,0.0,322.52689632171024,0.0,94.75993891832856,0.0,64.9894438374232,0.0,4.044661987750812,0.0,8.686135113892309,0.0,3415.8261182829024,0.0,648.6268147052333,0.0,13.433092795806163,0.0,12.549327751594879,0.0,8.714434152506385,0.0
Rpssh,546.6117647058824,0.0,21.778876856352877,0.0,472.6331938776731,0.0,270.0,0.0,175.7154507608309,0.0,14.187083059078816,0.0,16.431676725154983,0.0,10.89864184984829,0.0,1313.0200957157233,0.0,302.32686328944123,0.0,287.98309689368153,0.0,3.685448533913441,0.0,14.93682052396741,0.0,1278.6685489688261,0.0,623.1473969816519,0.0,14.18708305922521,0.0,13.067345435523691,0.0,9.601524745483742,0.0
Rqhrl,481.3058823529411,0.0,20.505145873777217,0.0,511.6628469881524,0.0,349.0,0.0,228.82552330178876,0.0,15.310036619163707,0.0,18.681541692269406,0.0,12.47831477507585,0.0,4442.707650008484,0.0,5295.831812930863,0.0,4430.612282511831,0.0,12.477204069467247,0.0,39.80514186244471,0.0,2284.739157955272,0.0,1075.862939317971,0.0,15.310036610695157,0.0,14.923787585550631,0.0,11.33333166981355,0.0
Rqngk,600.0745098039216,0.0,22.880583966436184,0.0,509.75482322751446,0.0,317.0,0.0,213.14752041661728,0.0,15.271562504484736,0.0,17.804493814764857,0.0,12.233463746748871,0.0,4478.142459596901,0.0,5301.3166952545735,0.0,4434.017880293848,0.0,2.8249953981294955,0.0,40.24280622537615,0.0,1468.4968453115514,0.0,1058.8104964633671,0.0,15.27156251835596,0.0,14.617705293121228,0.0,11.015847157352761,0.0
Rqvxs,520.3764705882353,0.0,21.340647535078574,0.0,506.11535744732623,0.0,328.0,0.0,217.956684351634,0.0,15.202925842011977,0.0,18.110770276274835,0.0,12.244726677298207,0.0,4442.310755326837,0.0,5296.719342252999,0.0,4431.146267578,0.0,5.264802289728815,0.0,54.20725982754855,0.0,3443.5348092431923,0.0,992.0451658465581,0.0,15.202925835104274,0.0,14.061574607868517,0.0,11.023601637423827,0.0
Rqzgz,569.0156862745098,0.0,22.529166707996747,0.0,510.56569973978515,0.0,326.0,0.0,213.1657165499389,0.0,15.138380005259222,0.0,18.05547008526779,0.0,12.055730599518077,0.0,4475.292337183043,0.0,5301.43160284808,0.0,4434.038154206574,0.0,3.266206078452433,0.0,43.03885973474155,0.0,1459.6305411239287,0.0,988.7490473774125,0.0,15.138380017253326,0.0,14.560101550847923,0.0,10.833941757255436,0.0
Rrhmc,524.1176470588235,0.0,21.376468789680537,0.0,573.2672941313701,0.0,414.0,0.0,284.2785387516921,0.0,16.939159395853814,0.0,20.346989949375804,0.0,14.278915270658857,0.0,581.172862348236,0.0,372.2751311939613,0.0,312.6775056603521,0.0,5.130140967720634,0.0,21.415509583356744,0.0,3306.28850174068,0.0,824.9662549449902,0.0,16.93915939222001,0.0,16.672939322365895,0.0,13.075334912407513,0.0
Rrhrn,451.8941176470589,0.0,19.834971194232867,0.0,499.16946967396893,0.0,354.0,0.0,226.2335805112004,0.0,14.964419359623328,0.0,18.81488772222678,0.0,12.17867272864376,0.0,332.858664105791,0.0,115.26957788396668,0.0,80.73049533097772,0.0,5.1594274963088615,0.0,11.019291324304703,0.0,3483.4264232372775,0.0,869.1816910258889,0.0,14.964419358398889,0.0,14.819395132807653,0.0,10.940870406373529,0.0
Rrtqt,463.4666666666667,0.0,20.194875273508675,0.0,510.711846869795,0.0,353.0,0.0,229.62853540681448,0.0,15.277515467369335,0.0,18.788294228055936,0.0,12.423961384023022,0.0,10603.30551807408,0.0,12837.288717819494,0.0,10598.58104949837,0.0,4.942726545173816,0.0,63.52632119026001,0.0,3912.953097081582,0.0,1446.6858979737322,0.0,15.277515485577162,0.0,14.804657460585197,0.0,11.166124708163169,0.0
Rstfr,433.52941176470586,0.0,19.488419850415056,0.0,505.1932121286975,0.0,356.0,0.0,229.88848521649948,0.0,15.150374082291679,0.0,18.867962264113206,0.0,12.361872120300397,0.0,339.5150663872979,0.0,158.79738699643394,0.0,123.6330057741101,0.0,10.795771945975353,0.0,15.745690343054937,0.0,3056.162736699749,0.0,1799.170859184054,0.0,15.150374122648529,0.0,14.688020892367767,0.0,11.115323136762322,0.0
Rstwh,547.7411764705882,0.0,21.84971703623709,0.0,547.2595518550344,0.0,406.0,0.0,273.41870421162946,0.0,16.363400979318257,0.0,20.149441679609886,0.0,13.841215621960508,0.0,627.3720355132423,0.0,767.4444974526798,0.0,526.3841210236412,0.0,3.7913380452359053,0.0,21.76510550084538,0.0,2696.126164373216,0.0,1384.2087646136488,0.0,16.36340097677052,0.0,16.168356651572683,0.0,12.662616996356991,0.0
Rthpl,500.678431372549,0.0,20.903090503995426,0.0,522.3899924697374,0.0,359.0,0.0,238.80475281355672,0.0,15.657426268301514,0.0,18.947295321496416,0.0,12.85520598766913,0.0,967.3363274425956,0.0,221.2676174754751,0.0,199.1128972511329,0.0,5.43753713275287,0.0,14.999955205743548,0.0,2382.298245652,0.0,1377.0300322963103,0.0,15.657426279726032,0.0,15.12994802820585,0.0,11.616232194373085,0.0
Rthsp,532.2823529411764,0.0,21.53490340332508,0.0,494.4359524581414,0.0,314.0,0.0,206.31488813529086,0.0,14.872623663105689,0.0,17.72004514666935,0.0,11.868510422035907,0.0,2729.004619205561,0.0,588.5780416966965,0.0,578.5197782037252,0.0,3.559997790587761,0.0,19.483012120146224,0.0,1844.2398006804788,0.0,1066.551502642318,0.0,14.872623669394736,0.0,14.212690893734894,0.0,10.59789120596523,0.0
Rthwh,568.5254901960785,0.0,22.2646850743723,0.0,565.552817673303,0.0,432.0,0.0,293.61230400304646,0.0,16.86826600405232,0.0,20.784609690826528,0.0,14.411758735711649,0.0,633.073515047062,0.0,768.8296281172138,0.0,528.3295599382719,0.0,4.184646105031105,0.0,21.028788954317122,0.0,1694.1631052223277,0.0,1172.2991649078365,0.0,16.868266003192158,0.0,16.9193486403505,0.0,13.217099440355561,0.0
Rtswr,492.8117647058824,0.0,20.752840765693094,0.0,556.2677195311686,0.0,420.0,0.0,282.6797556009546,0.0,16.5686899451042,0.0,20.493901531919196,0.0,14.048877145133552,0.0,621.6979835715343,0.0,767.4583878258086,0.0,526.3884435073348,0.0,4.8063630984835735,0.0,20.32524932204852,0.0,1699.836593648264,0.0,1169.8836629020423,0.0,16.56868994367764,0.0,16.384460422829232,0.0,12.845802673577559,0.0
Rtthr,451.9843137254902,0.0,19.894489856329532,0.0,513.3560736970849,0.0,364.0,0.0,237.05065894085766,0.0,15.394862580524734,0.0,19.078784028338912,0.0,12.616475949699604,0.0,337.60598308553324,0.0,133.38017901668033,0.0,101.51692598045437,0.0,7.176487898794913,0.0,13.452634856719493,0.0,3121.2225833473785,0.0,1592.7650201425042,0.0,15.394862587700622,0.0,14.894778285753272,0.0,11.34017405204805,0.0
Rubin,498.078431372549,0.0,20.835028027958057,0.0,478.1500968299136,0.0,300.0,0.0,191.4646628277767,0.0,14.340327702354594,0.0,17.320508075688775,0.0,11.18935237592164,0.0,331.6082191840412,0.0,106.34145587295166,0.0,73.62690340043382,0.0,6.08094619055599,0.0,10.189111368089982,0.0,5172.424124334285,0.0,4961.410599843249,0.0,14.340327789669477,0.0,13.741785292331288,0.0,9.895599545735893,0.0
Ruffu,480.67058823529413,0.0,20.553634042591735,0.0,504.1758640504582,0.0,361.0,0.0,233.20672234601136,0.0,15.187571917019428,0.0,19.0,0.0,12.4629057890261,0.0,356.2669172722584,0.0,201.92519120697958,0.0,165.86659871747702,0.0,5.473700872173084,0.0,15.474961475024378,0.0,4274.411513536376,0.0,1565.1747309688906,0.0,15.187571957354024,0.0,15.07922805604732,0.0,11.25880541745393,0.0
Rugby,586.9725490196079,0.0,22.680289006524017,0.0,522.6698990190072,0.0,340.0,0.0,228.45928563709623,0.0,15.609407921797255,0.0,18.439088914585774,0.0,12.633018567588673,0.0,1051.6270725937673,0.0,299.3047079662193,0.0,217.71761209551389,0.0,3.3470868197428385,0.0,11.904521252391232,0.0,3616.077331795721,0.0,686.9653009280478,0.0,15.60940792592186,0.0,15.028191960733267,0.0,11.47311121901091,0.0
Ruhru,491.3098039215686,0.0,20.708486170209195,0.0,481.74673136860383,0.0,323.0,0.0,205.01776970433014,0.0,14.477975217091737,0.0,17.97220075561143,0.0,11.551086952615936,0.0,331.24615367877124,0.0,108.61469810715056,0.0,74.807670465521,0.0,6.170134750362512,0.0,12.919376674656032,0.0,3918.9013293874496,0.0,641.1788235937406,0.0,14.477975209768637,0.0,14.1242968685545,0.0,10.349895237641242,0.0
Ruine,480.51372549019607,0.0,20.51503213833853,0.0,455.9249968695376,0.0,273.0,0.0,168.92324998584877,0.0,13.626752699996786,0.0,16.522711641858304,0.0,10.324839718661142,0.0,320.84347592772264,0.0,90.98072838421254,0.0,58.749858292738445,0.0,5.054546803942724,0.0,8.713548511871814,0.0,4025.458000401321,0.0,734.6184004538412,0.0,13.62675270014561,0.0,13.024435591906094,0.0,9.036371855789241,0.0
Rumpf,578.313725490196,0.0,22.523039082327166,0.0,580.7943648249259,0.0,415.0,0.0,288.6533173465348,0.0,17.155295554273483,0.0,20.37154878746336,0.0,14.497689860887249,0.0,1040.9661819665882,0.0,398.84529966056124,0.0,345.58416131151057,0.0,4.602468130956701,0.0,15.162972292648512,0.0,4481.18157834928,0.0,1345.4765223356194,0.0,17.155295560134082,0.0,16.794506561875757,0.0,13.318025250728317,0.0
Rumse,572.5333333333333,0.0,22.409538942193606,0.0,531.755647611157,0.0,345.0,0.0,234.90044684132096,0.0,15.854100242198863,0.0,18.57417562100671,0.0,12.934732442987608,0.0,490.50999372092747,0.0,303.3259778586771,0.0,252.634151572833,0.0,3.061307134689962,0.0,9.77861290757817,0.0,4268.038912893954,0.0,1026.3004050737272,0.0,15.854100241580154,0.0,15.237764440163062,0.0,11.751069223057392,0.0
Runde,550.7294117647058,0.0,21.989072117299017,0.0,449.43428001941675,0.0,252.0,0.0,156.18355486713975,0.0,13.40995205465519,0.0,15.874507866387544,0.0,9.957722901309378,0.0,328.29362879413173,0.0,129.7308775539875,0.0,91.95629403057154,0.0,2.4257182679675564,0.0,9.064414642998882,0.0,3654.45088798965,0.0,678.2645250481107,0.0,13.409952071496528,0.0,12.887023640311646,0.0,8.695103124194974,0.0
Runen,524.1725490196078,0.0,21.411826474090322,0.0,443.25855147937864,0.0,259.0,0.0,158.40721738787371,0.0,13.248710787563482,0.0,16.09347693943108,0.0,9.92724644318988,0.0,320.36953890835485,0.0,88.98251714706683,0.0,56.56346744102108,0.0,2.665650873715405,0.0,8.323500614940526,0.0,3581.0845556088857,0.0,795.4067008399608,0.0,13.248710799182662,0.0,12.720267581742197,0.0,8.637983659373747,0.0
Rvrms,511.02745098039213,0.0,21.13955897078818,0.0,583.3782932891471,0.0,442.0,0.0,302.4123424262543,0.0,17.20739005141943,0.0,21.02379604162864,0.0,14.69929806389934,0.0,585.3463362061441,0.0,390.658684678384,0.0,327.61763039406,0.0,4.296940839672353,0.0,24.328750243496863,0.0,5030.19872188105,0.0,896.4997786139685,0.0,17.20739004565321,0.0,16.749406314406308,0.0,13.53208222968195,0.0
Rzdjr,482.2627450980392,0.0,20.675374509573246,0.0,538.1461999619202,0.0,379.0,0.0,250.90731087291022,0.0,15.960048306947256,0.0,19.467922333931785,0.0,13.128723219431635,0.0,2970.7185232006145,0.0,511.0232361793989,0.0,444.6383605120904,0.0,8.683603772646016,0.0,25.172440496683336,0.0,10175.83073962389,0.0,6118.355480269767,0.0,15.960048324879885,0.0,15.464563205121982,0.0,11.879478173165918,0.0
Räder,539.2274509803922,0.0,21.772258361059265,0.0,472.3082759129367,0.0,288.0,0.0,182.9830423289954,0.0,14.139139519484818,0.0,16.97056274847714,0.0,10.950228951646322,0.0,334.42114528574194,0.0,154.0746301960585,0.0,112.53100436366854,0.0,8.22742679059146,0.0,11.533310503108995,0.0,1594.7310925130864,0.0,975.6365823808793,0.0,14.13913954019243,0.0,13.916808769113109,0.0,9.74275613245249,0.0
Räume,605.9058823529413,0.0,23.065237203275583,0.0,544.7344493216756,0.0,368.0,0.0,251.76245229261343,0.0,16.230420524371688,0.0,19.183326093250876,0.0,13.432731445686391,0.0,576.4649954187195,0.0,370.5023396929281,0.0,311.7247971222051,0.0,2.6121670407785884,0.0,11.653998109674195,0.0,2397.728837547005,0.0,867.1389735896616,0.0,16.230420521920536,0.0,16.092963631688765,0.0,12.285882337996304,0.0
Röcke,539.4862745098039,0.0,21.70866163548192,0.0,466.9880647911336,0.0,255.0,0.0,165.58519471475066,0.0,13.991716482880813,0.0,15.968719422671311,0.0,10.546192552415532,0.0,341.7398723744627,0.0,124.34117546494072,0.0,91.93920986904844,0.0,2.9613650541492484,0.0,13.388078873750313,0.0,4493.397675692171,0.0,833.186489622537,0.0,13.99171648663117,0.0,12.79930785789173,0.0,9.306180225607207,0.0
Rösön,547.2980392156862,0.0,21.807393925792212,0.0,460.7630015386427,0.0,257.0,0.0,164.09250284314567,0.0,13.796644039835654,0.0,16.0312195418814,0.0,10.41240266722982,0.0,338.9767887766279,0.0,150.49549296071356,0.0,123.53074414868475,0.0,2.825817572219884,0.0,35.0732986690098,0.0,1819.0287406365576,0.0,1793.8410565052588,0.0,13.796644071024682,0.0,13.016164999139137,0.0,9.269833637631642,0.0
Rüben,566.7137254901961,0.0,22.283550360880337,0.0,465.44881840059907,0.0,274.0,0.0,175.0021558163989,0.0,13.979488874813791,0.0,16.55294535724685,0.0,10.735771431633648,0.0,334.1995532926977,0.0,116.31918880445683,0.0,85.67558404622818,0.0,3.2016891930609455,0.0,11.757861237087814,0.0,5804.302808288004,0.0,2230.9148959016043,0.0,13.979488895831278,0.0,13.439852125868503,0.0,9.50550970754515,0.0
Sache,516.3019607843137,0.0,21.16938334562773,0.0,429.0072914897735,0.0,185.0,0.0,113.1808858264678,0.0,12.608930718117454,0.0,13.601470508735444,0.0,8.419124101984435,0.0,323.73545823524967,0.0,82.11410900558448,0.0,54.46796594224771,0.0,2.4297145283011203,0.0,8.509176191832335,0.0,1291.4775050766223,0.0,430.1127446536307,0.0,12.608930724944532,0.0,10.290911486884816,0.0,6.868214516455665,0.0
Safes,499.19607843137254,0.0,20.85964557544678,0.0,441.56303104217704,0.0,221.0,0.0,137.07372967558115,0.0,13.097972774910446,0.0,14.866068747318506,0.0,9.356076741538448,0.0,340.8379290612735,0.0,158.88181063428223,0.0,131.1030978127419,0.0,2.854841749216815,0.0,11.389688996042873,0.0,2257.226669573074,0.0,1062.374120979282,0.0,13.097972778448078,0.0,11.482028735770688,0.0,7.932435997671912,0.0
Salat,468.2627450980392,0.0,20.134286204602788,0.0,464.21444781219213,0.0,264.0,0.0,167.06810342018017,0.0,13.840685720145752,0.0,16.24807680927192,0.0,10.419542768913127,0.0,325.0378704437629,0.0,99.5115207940219,0.0,69.78755578679184,0.0,4.527269235583544,0.0,8.056323653517396,0.0,1861.3400784509454,0.0,894.3064512644514,0.0,13.840685715672858,0.0,12.231063922653146,0.0,8.930072234833343,0.0
Salch,470.6549019607843,0.0,20.14232061071353,0.0,458.686416538446,0.0,241.0,0.0,152.53648369329375,0.0,13.614651786574168,0.0,15.524174696260024,0.0,9.982661616371173,0.0,337.07311206521285,0.0,103.55910114000723,0.0,76.45777052775998,0.0,4.582402071914384,0.0,9.162614507982692,0.0,1776.0687749509877,0.0,823.0943997751674,0.0,13.614651778760768,0.0,11.606201117994013,0.0,8.53305459929139,0.0
Salet,465.2627450980392,0.0,20.149394359164695,0.0,459.06813909887217,0.0,248.0,0.0,155.86708726356449,0.0,13.623288708635345,0.0,15.748015748023622,0.0,10.037116403405454,0.0,323.77593220519964,0.0,93.856460975885,0.0,65.75654372818074,0.0,4.741187841521943,0.0,7.701209311781907,0.0,2030.5847701316245,0.0,958.3802628885117,0.0,13.62328870890739,0.0,11.919953693766402,0.0,8.606262618417283,0.0
Salon,478.5647058823529,0.0,20.319124121747254,0.0,448.04780052866124,0.0,232.0,0.0,143.33153567611976,0.0,13.244745761051114,0.0,15.231546211727817,0.0,9.521733576428419,0.0,322.78920796433584,0.0,88.12170854178844,0.0,60.384282557804,0.0,3.6016330827771372,0.0,8.416341854389035,0.0,2318.6099880685597,0.0,1088.863730551343,0.0,13.244745760877807,0.0,11.416838539276066,0.0,8.061584774453381,0.0
Salut,456.55294117647054,0.0,19.90826906688583,0.0,468.482739917767,0.0,266.0,0.0,168.59226252656612,0.0,13.941639899130001,0.0,16.30950643030009,0.0,10.476450929619164,0.0,324.5547279704501,0.0,97.16933400061758,0.0,68.2932278726311,0.0,5.323191708073356,0.0,9.23037623189073,0.0,4619.023730835958,0.0,922.3164960541955,0.0,13.941639897300025,0.0,12.202597309399765,0.0,9.058651409159825,0.0
Salve,471.6078431372549,0.0,20.279483593648713,0.0,471.8534600613051,0.0,262.0,0.0,167.5785217700063,0.0,14.030964534598128,0.0,16.186414056238647,0.0,10.511359804125757,0.0,329.10482433609843,0.0,122.35117876548058,0.0,89.969405293207,0.0,4.234933015656467,0.0,14.722367971028602,0.0,4146.5780943076015,0.0,859.3397076653418,0.0,14.030964520802698,0.0,12.267814987126513,0.0,9.122298465196359,0.0
Salze,478.3450980392157,0.0,20.523736878818454,0.0,458.8575819795149,0.0,244.0,0.0,152.21877659820822,0.0,13.554285307346325,0.0,15.620499351813308,0.0,9.87703886243884,0.0,325.21765139861674,0.0,105.19931682404004,0.0,74.81889444709152,0.0,3.943796618652235,0.0,10.284142996019538,0.0,1967.3203801202437,0.0,802.6822259416344,0.0,13.554285291736639,0.0,11.898812897918358,0.0,8.425363497766908,0.0
Samen,575.7450980392157,0.0,22.40250198857135,0.0,519.8709182632017,0.0,309.0,0.0,209.8947993159298,0.0,15.410522672235725,0.0,17.578395831246947,0.0,12.227908718257881,0.0,489.0797297460304,0.0,299.92419930786036,0.0,250.2214564447683,0.0,3.9436698122506004,0.0,7.93915395371766,0.0,2623.100726960796,0.0,1135.9606716750036,0.0,15.410522681224279,0.0,14.066108482363536,0.0,10.933225135493359,0.0
Samma,632.5019607843137,0.0,23.45013441978609,0.0,618.5944166276427,0.0,425.0,0.0,306.3057101346358,0.0,17.993737005585484,0.0,20.615528128088304,0.0,15.221059372960422,0.0,683.5999875673124,0.0,465.3316551908865,0.0,393.1916233361876,0.0,5.053514970931296,0.0,9.142822174323936,0.0,2817.8876479552396,0.0,1060.6149981279957,0.0,17.993736997375894,0.0,17.01502925399767,0.0,13.938704363251826,0.0
Sande,548.5450980392158,0.0,21.869607996962177,0.0,432.18413464589634,0.0,197.0,0.0,119.79256030642495,0.0,12.703321196143733,0.0,14.035668847618199,0.0,8.636537578971835,0.0,326.39070212657685,0.0,121.29312854030567,0.0,86.22456506803772,0.0,2.4162843024636578,0.0,7.91556052363727,0.0,1358.23588253583,0.0,648.2538188979173,0.0,12.703321214019612,0.0,10.979968802526221,0.0,7.149150146022284,0.0
Satin,449.956862745098,0.0,19.734303960043523,0.0,467.0804561383641,0.0,268.0,0.0,168.8924987263736,0.0,13.886870485750727,0.0,16.3707055437449,0.0,10.445035840573352,0.0,323.3852525567293,0.0,98.0336329556031,0.0,68.3022519550179,0.0,6.776129242595221,0.0,8.18811187266218,0.0,4588.825878506835,0.0,5098.195542623263,0.0,13.886870578472315,0.0,12.257807160298267,0.0,9.000265972969185,0.0
Satta,485.5372549019608,0.0,20.53375125025955,0.0,459.7725476473496,0.0,257.0,0.0,162.4424562721597,0.0,13.728059891885925,0.0,16.0312195418814,0.0,10.276996578344345,0.0,325.71449350562256,0.0,105.28367634698363,0.0,75.73330480256728,0.0,3.9059835341925906,0.0,8.235109925635383,0.0,3887.9878235767487,0.0,1296.1039828625105,0.0,13.728059900850058,0.0,12.056319611064698,0.0,8.814760441991265,0.0
Sauha,540.3137254901961,0.0,21.61096379728579,0.0,441.13287671467725,0.0,229.0,0.0,141.38909226887301,0.0,13.126846090996812,0.0,15.132745950421556,0.0,9.44149702008687,0.0,324.90336884074713,0.0,87.96319096447444,0.0,58.345927747686474,0.0,2.0934467299912027,0.0,9.875460995859685,0.0,1946.5841788962546,0.0,439.12227623553446,0.0,13.126846096925624,0.0,11.557917316025303,0.0,7.966792443563128,0.0
Sbhls,500.89803921568625,0.0,20.810939290577295,0.0,477.3948917717721,0.0,260.0,0.0,169.34290379960925,0.0,14.211559999090042,0.0,16.1245154965971,0.0,10.69298143215267,0.0,371.94620843948115,0.0,122.66553228923655,0.0,94.2174618029279,0.0,6.313305839759011,0.0,16.20253549384734,0.0,1321.4272463525883,0.0,2393.6339651920484,0.0,14.21156007917369,0.0,12.663769614334743,0.0,9.327613513639067,0.0
Sbndb,580.6745098039215,0.0,22.4800370237805,0.0,469.6906876896492,0.0,239.0,0.0,154.78289138067953,0.0,13.919588855298548,0.0,15.459624833740307,0.0,10.210464859800341,0.0,381.8500145494895,0.0,162.93907585870664,0.0,122.73342990664487,0.0,3.2070586610065566,0.0,20.84668779024078,0.0,1331.5783777932988,0.0,564.5884138691908,0.0,13.919588868128542,0.0,12.332446476675724,0.0,8.842806882479357,0.0
Scdzn,500.5333333333334,0.0,20.946868580885006,0.0,467.88119475591765,0.0,258.0,0.0,160.46823893059968,0.0,13.760465341295436,0.0,16.06237840420901,0.0,10.129742819137077,0.0,333.67268122973667,0.0,151.56882505175065,0.0,109.5444182805847,0.0,2.7759260269174257,0.0,16.07304465689321,0.0,1526.167303038326,0.0,369.38323413773156,0.0,13.760465338698827,0.0,12.011177410002514,0.0,8.671776776751896,0.0
Schaf,490.25882352941176,0.0,20.597873374289215,0.0,477.1366017074309,0.0,283.0,0.0,180.66696822023368,0.0,14.205978590506012,0.0,16.822603841260722,0.0,10.914134247752866,0.0,370.80578195676554,0.0,218.97021002481264,0.0,182.79626838062362,0.0,3.4410643083080865,0.0,16.319594292586075,0.0,1317.337055024591,0.0,495.9978854337968,0.0,14.205978598624851,0.0,12.816441855781108,0.0,9.502250829703122,0.0
Schah,523.0431372549019,0.0,21.23280524222931,0.0,462.9768229153259,0.0,259.0,0.0,163.64608383463604,0.0,13.777218132883693,0.0,16.09347693943108,0.0,10.322954255537747,0.0,343.79470098745503,0.0,110.73476871219275,0.0,80.79638100885091,0.0,3.65408343312742,0.0,13.868146893240382,0.0,1305.5646464162867,0.0,486.77133243459434,0.0,13.777218140729692,0.0,12.19840149204981,0.0,8.848586471383886,0.0
Scham,561.4117647058823,0.0,22.04757290435169,0.0,551.785566939574,0.0,355.0,0.0,245.13789574617357,0.0,16.293928860061,0.0,18.841443681416774,0.0,13.334925168967153,0.0,859.0241717430116,0.0,654.2415300040847,0.0,523.2550204188047,0.0,7.6583513685576134,0.0,14.041526181458732,0.0,1366.0343188432619,0.0,509.71511116103466,0.0,16.29392886739247,0.0,14.975197423031272,0.0,12.016067099954707,0.0
Schar,468.1137254901961,0.0,20.10229548427304,0.0,464.1272250725151,0.0,267.0,0.0,166.78807233854974,0.0,13.765841523139546,0.0,16.34013463836819,0.0,10.327168217529008,0.0,330.4533292352751,0.0,104.84746965909734,0.0,71.56161554980154,0.0,5.219555907738063,0.0,12.816919296680076,0.0,1312.0472127118578,0.0,499.5989707302377,0.0,13.765841532035408,0.0,12.196655417429318,0.0,8.849156996196907,0.0
Scheu,504.5921568627451,0.0,20.95453381740586,0.0,450.73391928724897,0.0,241.0,0.0,148.51291894590048,0.0,13.320556011770181,0.0,15.524174696260024,0.0,9.690376411400404,0.0,329.2301426989495,0.0,98.35516526552118,0.0,66.90767239725811,0.0,2.5329324483582814,0.0,14.762905935196963,0.0,1618.8274279621496,0.0,594.5140619618917,0.0,13.320556025764722,0.0,11.651519762705336,0.0,8.281910287323603,0.0
Schib,478.56078431372543,0.0,20.33939138676112,0.0,479.5443189400679,0.0,272.0,0.0,174.26634521536732,0.0,14.217298651986125,0.0,16.492422502470642,0.0,10.734189236873425,0.0,346.3787123888213,0.0,125.43866523668358,0.0,91.38876478033757,0.0,4.087446846332446,0.0,18.085245731529476,0.0,4023.4877096777586,0.0,4947.0387363417385,0.0,14.217298740852897,0.0,12.69433789702915,0.0,9.32669691342368,0.0
Schil,415.34901960784316,0.0,18.921661688280754,0.0,496.85360517752724,0.0,308.0,0.0,198.53266470090816,0.0,14.736812337751738,0.0,17.549928774784245,0.0,11.499197503471729,0.0,341.7341914600204,0.0,125.8713337299174,0.0,96.446975784062,0.0,9.801248723486074,0.0,13.402472222844656,0.0,4086.9992517485525,0.0,4949.640378791536,0.0,14.736812428177725,0.0,13.216170652506815,0.0,10.133793883999891,0.0
Schin,452.34901960784316,0.0,19.74250114355591,0.0,470.56231438074275,0.0,272.0,0.0,170.64935872695685,0.0,13.939186495401398,0.0,16.492422502470642,0.0,10.475845314125559,0.0,330.29321963198186,0.0,101.63168493865848,0.0,69.90175171144372,0.0,4.637878385881726,0.0,12.6968423571824,0.0,4025.6979125528264,0.0,4948.369493461303,0.0,13.939186582867107,0.0,12.360852573858667,0.0,9.030934426236541,0.0
Schjr,442.7686274509804,0.0,19.57831030822585,0.0,508.756139908505,0.0,318.0,0.0,208.22079004290043,0.0,15.072859351732154,0.0,17.832554500127006,0.0,11.895517605023636,0.0,2969.4999175947723,0.0,492.0087822035556,0.0,431.09244426551237,0.0,7.174910737548045,0.0,17.120852466141688,0.0,10162.797714808008,0.0,6100.297747927927,0.0,15.07285937137692,0.0,13.63363242890718,0.0,10.562110077840806,0.0
Schjß,522.4980392156863,0.0,21.24552177070491,0.0,532.716113561162,0.0,342.0,0.0,231.8900224878685,0.0,15.821940548954785,0.0,18.49324200890693,0.0,12.821761080906114,0.0,2997.6234607748315,0.0,801.9090820505538,0.0,579.7300769196077,0.0,5.180671620387448,0.0,25.526758591113055,0.0,10176.134520653392,0.0,6100.636910477943,0.0,15.821940570933151,0.0,14.468276393108296,0.0,11.571709343339709,0.0
Schnb,522.2196078431373,0.0,21.243601655636102,0.0,460.66441410611947,0.0,244.0,0.0,154.01347625394308,0.0,13.649373567335903,0.0,15.620499351813308,0.0,10.015636433785952,0.0,345.4494784403304,0.0,121.224215227474,0.0,88.03858694692512,0.0,4.070191418579087,0.0,18.374527579366944,0.0,1980.2720833228932,0.0,454.68602730317787,0.0,13.649373579674199,0.0,11.950468175849442,0.0,8.59910837008721,0.0
Schnm,549.7647058823529,0.0,21.817686443644106,0.0,552.3900065353757,0.0,352.0,0.0,242.82460491851378,0.0,16.280363522496728,0.0,18.76166303929372,0.0,13.268773134554337,0.0,858.7415472100047,0.0,653.6607211671245,0.0,522.8990364888252,0.0,7.0696843464478105,0.0,14.385807494627182,0.0,2020.5864471913303,0.0,480.16962608639426,0.0,16.28036353393904,0.0,14.871589286761251,0.0,11.995283708463793,0.0
Schor,458.6901960784313,0.0,19.901959625229367,0.0,459.4745646942179,0.0,248.0,0.0,153.6202586362164,0.0,13.540265099019422,0.0,15.748015748023622,0.0,9.872750251810432,0.0,329.3912336903295,0.0,98.83307669173534,0.0,67.1883339820759,0.0,5.827367393428583,0.0,13.088407675341532,0.0,1956.559449320363,0.0,793.8895477844823,0.0,13.540265113917133,0.0,11.685460087992745,0.0,8.440495652981776,0.0
Schub,522.156862745098,0.0,21.267918017369283,0.0,464.3282666158926,0.0,249.0,0.0,157.85092618798893,0.0,13.767789289713209,0.0,15.7797338380595,0.0,10.161791894492412,0.0,345.6978147373614,0.0,122.45116676562,0.0,88.97678829178885,0.0,4.117016038750097,0.0,18.540346386893464,0.0,4422.817354028977,0.0,536.1140725480105,0.0,13.767789299549193,0.0,12.050332613559542,0.0,8.761088813300708,0.0
Schur,456.4039215686274,0.0,19.875914570345923,0.0,468.3955171780899,0.0,269.0,0.0,168.31223144493572,0.0,13.867340578256522,0.0,16.401219466856727,0.0,10.384582608879844,0.0,329.97811598352024,0.0,102.6271338063178,0.0,70.10511287107477,0.0,5.899610100618645,0.0,13.752703875814804,0.0,4424.474835927248,0.0,548.2156459617682,0.0,13.867340589292654,0.0,12.168108313727608,0.0,8.978894962871799,0.0
Sclbl,432.8313725490196,0.0,19.350312712618486,0.0,496.66375130578876,0.0,301.0,0.0,195.26273137546534,0.0,14.727097374982165,0.0,17.349351572897472,0.0,11.457819718662481,0.0,342.36276975244743,0.0,134.25046162444025,0.0,103.15226342798717,0.0,5.60155052158067,0.0,15.656709958414528,0.0,2393.6503816272752,0.0,875.3633455839938,0.0,14.72709737194293,0.0,13.105651996649152,0.0,10.115015288461914,0.0
Sdhsn,538.243137254902,0.0,21.586124097584644,0.0,457.5551388467195,0.0,236.0,0.0,150.30401573979233,0.0,13.59249360624608,0.0,15.362291495737216,0.0,9.956883061796068,0.0,426.8092190454079,0.0,348.26257165893065,0.0,279.48371553706363,0.0,3.623405251997786,0.0,16.78101951568536,0.0,2876.818511992084,0.0,839.2066687484703,0.0,13.592493616513236,0.0,11.814183990754854,0.0,8.625826672557826,0.0
Sdldc,496.73333333333335,0.0,20.793103209948654,0.0,472.2657112324412,0.0,246.0,0.0,158.1410718359604,0.0,13.95529224145577,0.0,15.684387141358123,0.0,10.281674033552248,0.0,429.01368305283364,0.0,362.9743273527506,0.0,289.70193162092755,0.0,4.225836494897682,0.0,24.364172640689226,0.0,3411.5761745505333,0.0,1122.4104580780286,0.0,13.955292253694516,0.0,12.212179041332968,0.0,8.961310485550614,0.0
Sdnft,491.1294117647058,0.0,20.708300512391055,0.0,485.6558762635483,0.0,286.0,0.0,184.96694609258276,0.0,14.45755817721662,0.0,16.911534525287763,0.0,11.131114087286479,0.0,430.2366556084465,0.0,363.514946801341,0.0,292.82402164180866,0.0,6.6513980007723905,0.0,17.090727169733423,0.0,3168.2782907118044,0.0,1542.4867843754246,0.0,14.457558222981294,0.0,13.106981530887158,0.0,9.827899604125246,0.0
Seele,490.63529411764705,0.0,20.80362846534484,0.0,449.71864331770604,0.0,222.0,0.0,138.09622474831946,0.0,13.265056606762572,0.0,14.89966442575134,0.0,9.384089754418437,0.0,323.59871094827196,0.0,89.70529874268097,0.0,63.26908224528903,0.0,4.494392886904799,0.0,7.998568649486343,0.0,1295.8901507130176,0.0,2400.0815074957263,0.0,13.265056703048606,0.0,11.615026328097072,0.0,7.9859276270070545,0.0
Segel,521.8313725490196,0.0,21.401622606976723,0.0,479.5864424398043,0.0,256.0,0.0,165.75765522375514,0.0,14.173785364551255,0.0,16.0,0.0,10.589448529898247,0.0,986.6770544627067,0.0,263.39257081074044,0.0,192.9527746055335,0.0,5.958700899905546,0.0,9.24737724890719,0.0,1267.5475229768988,0.0,654.9357442369736,0.0,14.17378537407182,0.0,12.413091722216118,0.0,9.313075640458337,0.0
Segen,558.8313725490195,0.0,22.130669230030346,0.0,453.2951516430197,0.0,220.0,0.0,137.87434924980386,0.0,13.342543754315974,0.0,14.832396974191326,0.0,9.468273970951627,0.0,982.7730984948813,0.0,252.7074456497343,0.0,181.14913464438823,0.0,3.4896398935257067,0.0,7.982036567555397,0.0,1057.5533520711078,0.0,646.0685484579166,0.0,13.342543765750715,0.0,11.4981892375475,0.0,8.099220681220274,0.0
Segtä,558.435294117647,0.0,22.10148867417676,0.0,484.0150917439837,0.0,268.0,0.0,175.42820469277706,0.0,14.406445652738626,0.0,16.3707055437449,0.0,10.947290762752065,0.0,995.2466338277837,0.0,303.7013513843128,0.0,238.5087485260974,0.0,3.442452849839535,0.0,76.4579044095892,0.0,3025.6929000751343,0.0,491.80577659340827,0.0,14.406445658753555,0.0,12.958551247897462,0.0,9.654509616842631,0.0
Seher,494.8352941176471,0.0,20.829531648519012,0.0,452.3997080522345,0.0,236.0,0.0,146.37371303696014,0.0,13.367098935136502,0.0,15.362291495737216,0.0,9.646224966877949,0.0,327.7048037895946,0.0,89.39125935346298,0.0,60.588300122288594,0.0,6.720327104565658,0.0,8.661573794588959,0.0,1062.2751820427839,0.0,618.278672675036,0.0,13.367098948743193,0.0,11.675329170934244,0.0,8.275674629025204,0.0
Seile,438.3294117647059,0.0,19.608634493834668,0.0,464.8580924592736,0.0,252.0,0.0,157.97815880792015,0.0,13.741770534982862,0.0,15.874507866387544,0.0,10.082631665284275,0.0,324.229216785652,0.0,92.9933694682567,0.0,65.778205879987,0.0,6.694150021011485,0.0,7.553187559471982,0.0,1865.3525342078303,0.0,2436.1305625542527,0.0,13.741770638623413,0.0,12.092460476212038,0.0,8.68675944750765,0.0
Sekte,517.0352941176471,0.0,21.301870541840096,0.0,470.5776105910821,0.0,256.0,0.0,164.88388335125842,0.0,14.022879652990083,0.0,16.0,0.0,10.478987776153964,0.0,357.5547151915629,0.0,120.06395518352818,0.0,91.42753530071724,0.0,2.9839000384450416,0.0,10.145594067849519,0.0,3499.840668297208,0.0,537.6039487307419,0.0,14.02287966276285,0.0,12.097884725586436,0.0,9.102090362410683,0.0
Senke,536.7607843137255,0.0,21.662439832581008,0.0,452.5641274758517,0.0,229.0,0.0,144.41070120638577,0.0,13.427302720384048,0.0,15.132745950421556,0.0,9.680472930273861,0.0,336.4328816173277,0.0,99.48868856062006,0.0,71.08200488981885,0.0,1.8708842748028398,0.0,8.044966004530004,0.0,4257.167285055708,0.0,495.73566416550113,0.0,13.427302716221496,0.0,11.468862976882447,0.0,8.259356763217724,0.0
Seoul,475.5019607843137,0.0,20.359497602776134,0.0,461.2854151335972,0.0,245.0,0.0,153.7862331705492,0.0,13.63194126972339,0.0,15.652475842498529,0.0,9.973871700633671,0.0,330.9382243141276,0.0,107.82432509735993,0.0,82.32846497798751,0.0,7.010408749094259,0.0,10.955140490861648,0.0,4344.750529914724,0.0,584.9743404608232,0.0,13.631941275858397,0.0,11.63017979698979,0.0,8.634937975700156,0.0
Serie,435.78823529411767,0.0,19.567517749194757,0.0,457.4581175029716,0.0,247.0,0.0,151.88474169827163,0.0,13.472039991196116,0.0,15.716233645501712,0.0,9.765131804882445,0.0,319.75035294114394,0.0,86.02740913237508,0.0,55.43834450252275,0.0,7.220462812675132,0.0,7.62434203093992,0.0,3897.0275160987776,0.0,4972.914474205588,0.0,13.472040092788998,0.0,11.755841488462103,0.0,8.36803177156322,0.0
Serum,524.4941176470588,0.0,21.43534290402891,0.0,552.4784883212318,0.0,356.0,0.0,244.03865065928403,0.0,16.26288761196316,0.0,18.867962264113206,0.0,13.251615675896984,0.0,855.1937027754603,0.0,652.2841471583125,0.0,521.7048327535626,0.0,6.179179259862381,0.0,10.810936428645945,0.0,4327.9787661809505,0.0,754.2790239879334,0.0,16.262887617220166,0.0,14.76896014011122,0.0,12.028944608284108,0.0
Seshe,528.9803921568628,0.0,21.501001291026526,0.0,435.97054586684555,0.0,197.0,0.0,121.4478862947505,0.0,12.838790592554023,0.0,14.035668847618199,0.0,8.764486783683399,0.0,324.2159019761223,0.0,82.46462341147085,0.0,56.40230370419782,0.0,1.8076251473734088,0.0,9.493512781001677,0.0,1189.2629909892612,0.0,284.839414754031,0.0,12.838790599039863,0.0,10.664166550348604,0.0,7.325830560206053,0.0
Setup,516.9803921568628,0.0,21.277474447813464,0.0,465.7919307833354,0.0,246.0,0.0,157.16154934723414,0.0,13.821580095919638,0.0,15.684387141358123,0.0,10.206268189653963,0.0,2727.1408603613336,0.0,583.1678790176794,0.0,574.5333802781357,0.0,3.5952039131306224,0.0,17.377899135765787,0.0,4924.456595173606,0.0,1305.0656746871655,0.0,13.82158009925172,0.0,11.871295344941311,0.0,8.834422829400935,0.0
Seugt,530.3960784313725,0.0,21.55495288439573,0.0,471.7896888577834,0.0,253.0,0.0,161.42901260933021,0.0,13.958582649683617,0.0,15.905973720586866,0.0,10.335273120085553,0.0,634.1372550537726,0.0,257.4996852969269,0.0,184.94894785198946,0.0,3.1157770423216697,0.0,9.204702967141063,0.0,1756.334121716844,0.0,388.2327793759668,0.0,13.958582666486771,0.0,12.151908442690587,0.0,9.002067628972744,0.0
Sgpdr,554.9803921568628,0.0,22.003009126283235,0.0,498.2049548784603,0.0,267.0,0.0,178.3964777582803,0.0,14.711602859393393,0.0,16.34013463836819,0.0,11.177866079740728,0.0,4457.456780940897,0.0,2141.126151096849,0.0,1622.3482259847124,0.0,7.127387118311062,0.0,23.10074020869018,0.0,1685.779756333226,0.0,951.8937964806927,0.0,14.711602877526108,0.0,12.982766399334524,0.0,9.89914512239024,0.0
Shows,555.7960784313725,0.0,21.92445314075025,0.0,512.6449054085798,0.0,310.0,0.0,208.2358697796323,0.0,15.235127026525085,0.0,17.60681686165901,0.0,12.088805216772954,0.0,637.1154138242763,0.0,763.6843955930701,0.0,523.302757580553,0.0,2.7870431867753744,0.0,17.80683549547068,0.0,1034.3607701058452,0.0,587.587475786494,0.0,15.23512701631232,0.0,14.050107169712817,0.0,10.85703565474019,0.0
Shshr,487.53333333333336,0.0,20.516865653405926,0.0,479.05131556603,0.0,269.0,0.0,173.80578029129595,0.0,14.238619368340542,0.0,16.401219466856727,0.0,10.765402852780387,0.0,364.6625668479778,0.0,111.33724034575356,0.0,83.97012225973417,0.0,6.820561437199229,0.0,11.798151464691966,0.0,1406.75451476548,0.0,279.4620987071593,0.0,14.238619368881384,0.0,12.448715637168418,0.0,9.406606119400507,0.0
Shstr,452.4196078431372,0.0,19.800714552988225,0.0,484.82014714030106,0.0,281.0,0.0,181.690021115611,0.0,14.406251054179565,0.0,16.76305461424021,0.0,11.012886560390566,0.0,362.53316639177285,0.0,116.67109210375523,0.0,88.341966626949,0.0,9.954481775369095,0.0,10.881571457629226,0.0,3092.4676568984078,0.0,420.555064774824,0.0,14.406251055889573,0.0,12.580352229233815,0.0,9.653126054589254,0.0
Sicht,432.6235294117647,0.0,19.346181547903168,0.0,482.3362130155183,0.0,277.0,0.0,177.69891505898158,0.0,14.293130395469035,0.0,16.64331697709324,0.0,10.826382074740229,0.0,327.37208371603555,0.0,101.09261062267885,0.0,70.04654939478256,0.0,4.4069674605761735,0.0,8.849572852349517,0.0,4977.800017986408,0.0,2516.8110310029515,0.0,14.29313038733291,0.0,12.539598149660176,0.0,9.414783354022278,0.0
Siebe,501.5411764705882,0.0,20.979993032670517,0.0,464.1688456399085,0.0,245.0,0.0,154.80184911686663,0.0,13.708923808005968,0.0,15.652475842498529,0.0,10.021306843405668,0.0,326.33754846530064,0.0,98.82401774392565,0.0,67.19081890994443,0.0,5.4003577486789665,0.0,9.678893199175347,0.0,4945.291206641679,0.0,2559.8762884115254,0.0,13.708923798826651,0.0,12.481474495131758,0.0,8.655335857959653,0.0
Siege,515.1725490196079,0.0,21.264212923348925,0.0,478.6284839471603,0.0,259.0,0.0,166.21157739274523,0.0,14.110085876715628,0.0,16.09347693943108,0.0,10.511098080712646,0.0,633.9449417042919,0.0,257.5868925801846,0.0,184.87051925741358,0.0,6.278450207890197,0.0,8.57444208033162,0.0,4877.1272998773275,0.0,2526.000694354262,0.0,14.110085880375543,0.0,12.941144576541866,0.0,9.184259259132418,0.0
Sifti,377.2549019607843,0.0,18.12680865042958,0.0,525.7148895075485,0.0,365.0,0.0,238.09769718052587,0.0,15.590113455778308,0.0,19.1049731745428,0.0,12.670548367007397,0.0,348.9042437792858,0.0,180.62109403824599,0.0,146.7107732469434,0.0,8.220951690627412,0.0,12.67674141788219,0.0,6027.142074269209,0.0,2667.4176853222903,0.0,15.590113444004436,0.0,14.577554884745952,0.0,11.354260697725799,0.0
Sihls,431.02745098039213,0.0,19.2761753015492,0.0,490.6852779078556,0.0,297.0,0.0,191.9188344045519,0.0,14.585790329387853,0.0,17.233687939614086,0.0,11.303104306565249,0.0,334.0089041643594,0.0,105.73773862709012,0.0,77.69345758314071,0.0,4.480132626779044,0.0,9.287505171019182,0.0,4973.624507646459,0.0,3463.669342689988,0.0,14.585790397480373,0.0,13.471801801876971,0.0,9.956070170742132,0.0
Sihni,429.7647058823529,0.0,19.251816373510167,0.0,496.1535528602128,0.0,315.0,0.0,202.07293891224606,0.0,14.726155975994185,0.0,17.74823934929885,0.0,11.553247813299482,0.0,332.1018291016005,0.0,107.68281527364645,0.0,75.77034571337474,0.0,6.146365680060751,0.0,9.924092402088746,0.0,5127.5197720511005,0.0,2544.1915452503017,0.0,14.726155972762063,0.0,13.554238470071308,0.0,10.221132932236241,0.0
Silbe,455.8941176470588,0.0,19.94317918491277,0.0,484.409517634365,0.0,281.0,0.0,180.19637346671698,0.0,14.343098986297536,0.0,16.76305461424021,0.0,10.912850945608614,0.0,330.1775778855194,0.0,107.73453397409077,0.0,76.7429572432322,0.0,6.977310756695908,0.0,9.688981165267643,0.0,5199.697486049967,0.0,2643.906177801757,0.0,14.343098968432082,0.0,13.164114553365145,0.0,9.563643735191208,0.0
Silos,417.8627450980392,0.0,18.980484929282266,0.0,471.7266699943901,0.0,266.0,0.0,167.8944366969079,0.0,13.94704659231858,0.0,16.30950643030009,0.0,10.434486616710638,0.0,323.60000239102686,0.0,94.16277851168269,0.0,65.6905892488872,0.0,5.216227349074114,0.0,8.58292463371533,0.0,5315.111205299801,0.0,2705.9270162281205,0.0,13.947046580428154,0.0,12.46950759177129,0.0,9.05604604492722,0.0
Sinai,426.0235294117647,0.0,19.1659749135486,0.0,484.34608332003904,0.0,306.0,0.0,193.7435895852525,0.0,14.389890271413742,0.0,17.4928556845359,0.0,11.215871637011787,0.0,323.98602805042435,0.0,104.89548491030233,0.0,70.99001423589726,0.0,5.180725692673251,0.0,8.831791419354941,0.0,4901.765570824524,0.0,2573.549099956926,0.0,14.38989026319358,0.0,13.252862581512607,0.0,9.807280131370243,0.0
Sirgi,414.6784313725491,0.0,18.969286574383855,0.0,521.96636356931,0.0,345.0,0.0,224.41607153577928,0.0,15.371689993505452,0.0,18.57417562100671,0.0,12.29933064782348,0.0,636.096175653258,0.0,265.4553939769332,0.0,190.73220275611425,0.0,6.173103002761166,0.0,9.60367229321545,0.0,4955.246259708062,0.0,2573.9045937539695,0.0,15.371689994873222,0.0,14.23873068634493,0.0,11.010928149658852,0.0
Sirup,444.8588235294118,0.0,19.661695068829218,0.0,493.7064930074906,0.0,304.0,0.0,194.8299508903379,0.0,14.6094289664166,0.0,17.435595774162696,0.0,11.353287042317406,0.0,2727.0348185298417,0.0,583.6522547234445,0.0,574.3767930840245,0.0,8.164810787102574,0.0,17.253630988723575,0.0,6460.36095326133,0.0,2602.831604080966,0.0,14.609428959953648,0.0,13.33705324740232,0.0,10.013490851116655,0.0
Sitze,440.313725490196,0.0,19.742984484890492,0.0,486.03934124782745,0.0,291.0,0.0,184.4804101677414,0.0,14.350389196083622,0.0,17.05872210923198,0.0,10.967464080948618,0.0,326.04365009723284,0.0,114.63181014537354,0.0,81.88115146055351,0.0,5.303949930435988,0.0,10.147896208951911,0.0,5478.799047974661,0.0,2779.375562912882,0.0,14.3503891778525,0.0,13.007040828430627,0.0,9.572724997830907,0.0
Sjjlj,423.6,0.0,19.19867113817364,0.0,601.8543444812101,0.0,430.0,0.0,300.8369089215603,0.0,17.58254533952837,0.0,20.73644135332772,0.0,14.85156933847288,0.0,51568.71854016984,0.0,10684.26614173588,0.0,10253.046849265522,0.0,6.692297647448944,0.0,72.03842979541344,0.0,3031.054415977149,0.0,3364.358820032119,0.0,17.582545419367577,0.0,16.465136974754948,0.0,13.58568291285806,0.0
Skala,505.7607843137255,0.0,20.88796316058791,0.0,496.3473468260536,0.0,317.0,0.0,207.76465339350665,0.0,14.895757036242285,0.0,17.804493814764857,0.0,11.858574882073576,0.0,474.86146909668594,0.0,170.80940702142598,0.0,137.8983211132459,0.0,4.676072659993446,0.0,14.542164750344117,0.0,5117.836079213466,0.0,2398.703118572914,0.0,14.895757123621076,0.0,13.61046316760052,0.0,10.414476555714302,0.0
Slawe,526.8745098039216,0.0,21.42880848626679,0.0,530.6369466586383,0.0,359.0,0.0,240.32244549993914,0.0,15.783862929524673,0.0,18.947295321496416,0.0,12.935007378297522,0.0,620.8583728401755,0.0,764.4492069983526,0.0,523.5591801438418,0.0,5.7948489071758384,0.0,18.12609775510651,0.0,3909.927641266092,0.0,1615.6052305263731,0.0,15.78386291736061,0.0,15.228425954971456,0.0,11.656154301453585,0.0
Smugs,589.8352941176471,0.0,22.652507281109585,0.0,565.4092678835149,0.0,359.0,0.0,251.32949890305164,0.0,16.613197793880367,0.0,18.947295321496416,0.0,13.617439407822092,0.0,1466.3445567553456,0.0,1119.563260764259,0.0,920.264908961111,0.0,3.7982785178328378,0.0,13.796325733294454,0.0,4324.207281713766,0.0,966.5424461708743,0.0,16.613197812010615,0.0,15.420389650473107,0.0,12.448897155472098,0.0
Sodot,512.9725490196079,0.0,21.122285797803848,0.0,450.02570375363723,0.0,208.0,0.0,129.68395916848038,0.0,13.209044787435912,0.0,14.422205101855956,0.0,9.134007264663113,0.0,330.01745756901374,0.0,132.01177516941428,0.0,95.98666484353286,0.0,3.7841479333695522,0.0,9.877785015836839,0.0,1745.8512089897397,0.0,871.9004463357167,0.0,13.209044798125305,0.0,10.888827252620406,0.0,7.727958102999607,0.0
Sofas,492.7725490196078,0.0,20.65192278332001,0.0,446.398694640133,0.0,225.0,0.0,140.80006724061315,0.0,13.25129659119348,0.0,15.0,0.0,9.52219761925494,0.0,341.90411906458405,0.0,160.6719919938305,0.0,132.44083510245363,0.0,2.774083148863768,0.0,11.934176570185096,0.0,2131.9673789972635,0.0,1002.9456305160429,0.0,13.251296588031458,0.0,11.382796648352802,0.0,8.086277442703246,0.0
Sofos,483.34901960784316,0.0,20.456970152870827,0.0,441.7460342618358,0.0,206.0,0.0,127.63225353827978,0.0,13.01680634638568,0.0,14.352700094407323,0.0,9.027349646581,0.0,340.87770338156383,0.0,156.81350122264547,0.0,130.12986669410176,0.0,2.9080872177117794,0.0,12.342553616866054,0.0,2579.285611017462,0.0,1177.8449925419043,0.0,13.016806348600376,0.0,10.833265140988697,0.0,7.636901873154167,0.0
Sohbt,525.7921568627451,0.0,21.36198947632861,0.0,462.5128609680236,0.0,232.0,0.0,148.98412915686782,0.0,13.71584460863977,0.0,15.231546211727817,0.0,9.944432458225338,0.0,335.2585574029141,0.0,101.73822125746022,0.0,73.03721085732067,0.0,3.1849128697016234,0.0,10.76356199183767,0.0,1367.491679110856,0.0,627.2829781272777,0.0,13.71584461490405,0.0,11.704329580264213,0.0,8.588309359814511,0.0
Sohle,490.95294117647063,0.0,20.66052481568079,0.0,457.16693717290866,0.0,227.0,0.0,143.74004195677043,0.0,13.517697037264288,0.0,15.066519173319364,0.0,9.688988798072645,0.0,332.1838631835911,0.0,93.41440559277954,0.0,69.09526117454901,0.0,4.028584215928165,0.0,8.737781536557662,0.0,1391.128957804241,0.0,2414.116492873948,0.0,13.517697130665367,0.0,11.722218946351461,0.0,8.328021088758062,0.0
Solzo,462.4980392156863,0.0,20.1143379153569,0.0,461.5741737723861,0.0,240.0,0.0,149.53606481171755,0.0,13.565783394395503,0.0,15.491933384829668,0.0,9.787324716372865,0.0,325.6081089682245,0.0,103.85700781355384,0.0,74.12392635655269,0.0,4.077617842542875,0.0,11.146007640644664,0.0,1996.805790285566,0.0,800.1425440646208,0.0,13.565783378581381,0.0,11.595994985313089,0.0,8.387669133953043,0.0
Sonde,539.1215686274511,0.0,21.685605067141374,0.0,431.8734895305323,0.0,185.0,0.0,112.31788171484129,0.0,12.627103942823158,0.0,13.601470508735444,0.0,8.360782920389777,0.0,326.2515290906097,0.0,119.12419900302163,0.0,85.09317403935393,0.0,2.7379837807425065,0.0,8.18748622536765,0.0,1398.5640452732018,0.0,645.1978690492974,0.0,12.62710396029506,0.0,10.525073014023794,0.0,6.920712104619789,0.0
Sonko,523.913725490196,0.0,21.26065619236866,0.0,453.14170238824113,0.0,225.0,0.0,142.09143111010454,0.0,13.409520081726804,0.0,15.0,0.0,9.611459752699716,0.0,336.91976948437133,0.0,98.60254232233814,0.0,70.66701416153373,0.0,1.9645656202982462,0.0,8.98652795555131,0.0,4291.568906432014,0.0,573.1938409707429,0.0,13.409520076724021,0.0,11.259470151372527,0.0,8.203532557153675,0.0
Sorge,512.8666666666667,0.0,21.16118511517401,0.0,458.93552379923096,0.0,223.0,0.0,140.27382950730805,0.0,13.466479200841288,0.0,14.933184523068078,0.0,9.571630956097993,0.0,633.3792277238186,0.0,254.95842186853884,0.0,182.9496818972172,0.0,3.864431042917574,0.0,8.30852623356574,0.0,1113.2785173021996,0.0,679.7427012818952,0.0,13.466479213766364,0.0,11.48789137076476,0.0,8.252996005967592,0.0
Sorte,453.29803921568634,0.0,19.90911877458726,0.0,452.73105332763794,0.0,231.0,0.0,142.88536607539524,0.0,13.328666460853418,0.0,15.198684153570664,0.0,9.525757785845455,0.0,321.8174097883084,0.0,90.82737097468475,0.0,62.57744889327528,0.0,4.8138682511918836,0.0,7.425770985748505,0.0,3089.5335158801204,0.0,723.6062260706173,0.0,13.328666472450735,0.0,11.263037229270346,0.0,8.166591854632955,0.0
Sowoe,556.6745098039216,0.0,22.022405842519944,0.0,483.99338366087284,0.0,258.0,0.0,169.67350805600847,0.0,14.333956607330114,0.0,16.06237840420901,0.0,10.793192030054984,0.0,415.2294610861991,0.0,344.24252419533843,0.0,261.76097367807375,0.0,2.806727818969718,0.0,12.952165996306451,0.0,2037.128314832003,0.0,935.4468884868562,0.0,14.333956613450113,0.0,12.746642245724953,0.0,9.523558437020727,0.0
Spann,539.7686274509804,0.0,21.600467407761254,0.0,454.33955720683787,0.0,240.0,0.0,151.27310941522947,0.0,13.512988274039209,0.0,15.491933384829668,0.0,9.91867325698103,0.0,1309.030485351903,0.0,296.1894407266363,0.0,282.82799927810953,0.0,3.3945824738783927,0.0,11.741133875887815,0.0,1863.612646916005,0.0,646.1581084228534,0.0,13.512988281497652,0.0,11.726813859492852,0.0,8.406234253470268,0.0
Spatz,513.4,0.0,21.23258469489375,0.0,484.5470013602496,0.0,281.0,0.0,181.45178625032358,0.0,14.40125189491381,0.0,16.76305461424021,0.0,11.027785587407646,0.0,1310.7971415618333,0.0,307.4115273489686,0.0,290.6767538344625,0.0,5.2747365657276175,0.0,16.33968854178048,0.0,3137.7965275602855,0.0,620.6521300414414,0.0,14.401251901144025,0.0,12.686057813470587,0.0,9.565531918959488,0.0
Speck,533.4666666666667,0.0,21.544114412545206,0.0,477.46251147121393,0.0,239.0,0.0,158.9017624931173,0.0,14.19208651425174,0.0,15.459624833740307,0.0,10.496423658167602,0.0,1320.507532805785,0.0,307.5686534080631,0.0,291.61332213988834,0.0,3.701533812742036,0.0,13.21742817620065,0.0,985.562431797525,0.0,568.8596844758242,0.0,14.192086516859023,0.0,11.835751973114318,0.0,9.02864226886284,0.0
Speer,505.87450980392157,0.0,21.083964982719483,0.0,461.76688777164213,0.0,236.0,0.0,149.50742511334,0.0,13.630193770304022,0.0,15.362291495737216,0.0,9.893023180202603,0.0,1308.8281531590153,0.0,295.83944390540057,0.0,282.6980539047198,0.0,7.729385677855933,0.0,11.611666111330488,0.0,1269.3004868097385,0.0,754.2167247243905,0.0,13.63019378131913,0.0,11.91751902020288,0.0,8.495523259590746,0.0
Speil,456.10980392156864,0.0,19.946226826871012,0.0,499.6395765899743,0.0,293.0,0.0,192.45303363231406,0.0,14.813102754621287,0.0,17.11724276862369,0.0,11.457583222147425,0.0,1312.0338228334915,0.0,305.72059929797143,0.0,290.9390381143929,0.0,11.932715462384367,0.0,12.404658549965681,0.0,3991.7912381080587,0.0,4970.187143809449,0.0,14.813102843750247,0.0,13.245740890069692,0.0,10.111307937909528,0.0
Spert,477.5019607843137,0.0,20.453589591605997,0.0,482.7145114506301,0.0,271.0,0.0,174.9616450621891,0.0,14.301808496059047,0.0,16.46207763315433,0.0,10.809333755437928,0.0,1309.3991243431913,0.0,298.8278979244893,0.0,284.6563759860806,0.0,8.896665402053072,0.0,11.622689079888648,0.0,2021.5319963085553,0.0,692.3459780890211,0.0,14.301808486806141,0.0,12.596182939253094,0.0,9.435858034714995,0.0
Spgßc,587.078431372549,0.0,22.55383648466165,0.0,505.2208202325626,0.0,270.0,0.0,183.6075127662823,0.0,14.965178113654844,0.0,16.431676725154983,0.0,11.453007512253125,0.0,1643.8374449969112,0.0,694.1511353889346,0.0,477.6733621756504,0.0,4.830118499501034,0.0,26.65250597534095,0.0,4430.693987969557,0.0,1580.9454548254619,0.0,14.96517810230558,0.0,13.159577475867266,0.0,10.15625027251848,0.0
Sphlt,486.78431372549016,0.0,20.55843744670066,0.0,499.92454779829825,0.0,293.0,0.0,193.4500119214864,0.0,14.866342024218584,0.0,17.11724276862369,0.0,11.520784647686757,0.0,1312.6339362101257,0.0,302.50957963994534,0.0,288.2835609161576,0.0,8.45501726160627,0.0,12.627838967442086,0.0,1525.7883764492278,0.0,2433.36132880098,0.0,14.866342105362133,0.0,13.292043004829699,0.0,10.141232406906063,0.0
Spilt,427.7372549019608,0.0,19.278685443211646,0.0,505.16604108881745,0.0,306.0,0.0,200.5768918712619,0.0,14.979872348022921,0.0,17.4928556845359,0.0,11.672922511791342,0.0,1310.636949631386,0.0,301.69055920418987,0.0,287.2470841845985,0.0,9.980030104339027,0.0,11.672748459428625,0.0,2038.547399301446,0.0,2472.4566421787213,0.0,14.9798724394465,0.0,13.344232326067953,0.0,10.268840549167681,0.0
Spind,511.01960784313724,0.0,21.070106153457193,0.0,479.2886759602793,0.0,264.0,0.0,169.93871807142935,0.0,14.197295789110967,0.0,16.24807680927192,0.0,10.660888617836939,0.0,1315.4968741881416,0.0,338.74226164245505,0.0,311.76028713200725,0.0,5.065764976279704,0.0,13.668682290979516,0.0,2256.2701757844256,0.0,768.1324916823711,0.0,14.197295788679662,0.0,12.60173109420117,0.0,9.282754011131448,0.0
Spion,486.6862745098039,0.0,20.51745929937475,0.0,464.3507301267101,0.0,243.0,0.0,153.34426988186576,0.0,13.707148184596393,0.0,15.588457268119896,0.0,10.002857761700795,0.0,1308.928706764887,0.0,295.0360921432069,0.0,282.3438739432125,0.0,4.128909968999408,0.0,12.043007168091345,0.0,2205.0388067226895,0.0,1001.9290001190817,0.0,13.70714818511161,0.0,11.723623330602992,0.0,8.554420491178206,0.0
Spjlq,504.2941176470589,0.0,20.96366384593695,0.0,531.1776695981512,0.0,323.0,0.0,219.9271276422387,0.0,15.720681656325844,0.0,17.97220075561143,0.0,12.5337154245022,0.0,17030.166523327895,0.0,19335.078297451633,0.0,15986.7583358146,0.0,5.457543637359748,0.0,78.75958705650672,0.0,2654.293469087459,0.0,2547.0251101054437,0.0,15.720681748861024,0.0,14.295467262719733,0.0,11.239603179491432,0.0
Spjtz,488.05490196078426,0.0,20.73717925885762,0.0,526.5396477758279,0.0,325.0,0.0,218.02135712827686,0.0,15.56372597774431,0.0,18.027756377319946,0.0,12.376178977017567,0.0,5941.508378645237,0.0,998.7582459323904,0.0,923.3429377279248,0.0,5.693026907414377,0.0,23.68402419786957,0.0,3797.245564483598,0.0,963.7186708681311,0.0,15.563725987946505,0.0,13.825028662366414,0.0,11.030854372323859,0.0
Spkhn,561.2823529411764,0.0,22.029615172232994,0.0,493.6027407411211,0.0,285.0,0.0,189.0296215485581,0.0,14.74510111627312,0.0,16.881943016134134,0.0,11.41458787331763,0.0,1319.5766622404792,0.0,307.66300562215844,0.0,291.8433463587311,0.0,3.1935561545302935,0.0,15.066910923286652,0.0,2265.051705128139,0.0,607.8585997916683,0.0,14.745101121275587,0.0,12.956029987933809,0.0,10.022340713392248,0.0
Spnkt,526.1686274509805,0.0,21.364233316589907,0.0,492.8720761053956,0.0,283.0,0.0,187.00943426972754,0.0,14.691928956803851,0.0,16.822603841260722,0.0,11.327365749469598,0.0,1313.7091430582973,0.0,303.7555364094442,0.0,288.50782731655676,0.0,4.695744703144383,0.0,12.219179700124094,0.0,4336.296785342197,0.0,649.3278671116251,0.0,14.691928952741852,0.0,12.781852530576497,0.0,9.909907713580273,0.0
Spnkz,539.2509803921569,0.0,21.717645996643487,0.0,494.963030699113,0.0,287.0,0.0,188.25462682317252,0.0,14.695678253673709,0.0,16.941074346097416,0.0,11.325657213748425,0.0,1314.4268677791351,0.0,309.5548148725976,0.0,292.45176306855745,0.0,3.3401396856228165,0.0,17.28925295704097,0.0,4316.942352389475,0.0,645.466467514343,0.0,14.695678249298236,0.0,12.858132823076948,0.0,9.90647409888602,0.0
Spore,499.4509803921569,0.0,20.878474094327323,0.0,457.7987248297966,0.0,226.0,0.0,141.88906293687097,0.0,13.45884964707807,0.0,15.033296378372908,0.0,9.601594009792302,0.0,1308.822223098631,0.0,295.09620807761985,0.0,282.3964618945981,0.0,5.493689655038325,0.0,11.787822058448203,0.0,1971.1884866756498,0.0,687.0445333825631,0.0,13.458849634463828,0.0,11.56958010279223,0.0,8.19360051801283,0.0
Spott,490.8941176470588,0.0,20.67807253066004,0.0,478.71189695719,0.0,258.0,0.0,166.88772773040623,0.0,14.17689781446965,0.0,16.06237840420901,0.0,10.592614300278509,0.0,1309.8433774128857,0.0,299.42474261345245,0.0,285.6111585257747,0.0,7.242891602798034,0.0,12.086576090224531,0.0,3119.9889912703547,0.0,625.8494052309534,0.0,14.176897819731884,0.0,12.169323007731123,0.0,9.180642161674497,0.0
Spqlt,498.26666666666665,0.0,20.849259241490508,0.0,502.5438372777151,0.0,287.0,0.0,190.0439341933957,0.0,14.887060214092633,0.0,16.941074346097416,0.0,11.455798056791645,0.0,6546.34592948165,0.0,7759.725769093235,0.0,6420.237538179078,0.0,7.897626199028074,0.0,49.95705656012835,0.0,1519.2517980041898,0.0,2439.060405637529,0.0,14.887060290839058,0.0,13.233389346165547,0.0,10.088935150306016,0.0
Spqrl,478.4509803921568,0.0,20.416546123976236,0.0,510.009060672646,0.0,305.0,0.0,201.62517337614784,0.0,15.084272731969815,0.0,17.46424919657298,0.0,11.797548855212463,0.0,6546.658923529384,0.0,7759.950267727223,0.0,6420.443187408565,0.0,10.745516628754881,0.0,50.193139174494995,0.0,2079.2312598572134,0.0,711.2170081181387,0.0,15.084272722163922,0.0,13.48580140543362,0.0,10.512005835132992,0.0
Spreu,497.1647058823529,0.0,20.85364868772193,0.0,466.4236841337879,0.0,257.0,0.0,161.77828093882997,0.0,13.79169296786861,0.0,16.0312195418814,0.0,10.266024665378046,0.0,1308.9797043425042,0.0,296.98954293373555,0.0,283.2501686007822,0.0,3.824133490958859,0.0,14.293249209033526,0.0,1441.649380110016,0.0,883.3623760667833,0.0,13.79169297562538,0.0,12.08146039230899,0.0,8.908091020856839,0.0
Spril,407.92156862745094,0.0,18.809876584706032,0.0,512.5433700240662,0.0,324.0,0.0,211.79802669383764,0.0,15.164010694251093,0.0,18.0,0.0,11.98830307672339,0.0,1312.1804895409216,0.0,307.20130652803124,0.0,291.6436876132315,0.0,13.724706808403596,0.0,12.457173124643141,0.0,4019.8602339093172,0.0,4992.845839105389,0.0,15.164010787484104,0.0,13.596725307548667,0.0,10.651658370392468,0.0
Sprit,425.1960784313726,0.0,19.23686348058201,0.0,497.76606613251545,0.0,301.0,0.0,194.48347476161337,0.0,14.732826600870794,0.0,17.349351572897472,0.0,11.39980078050571,0.0,1309.5361457125239,0.0,299.61665819828204,0.0,285.05705577119875,0.0,10.620224219850643,0.0,11.739086552700156,0.0,3983.4940980755446,0.0,4991.096263231218,0.0,14.73282669037874,0.0,13.039967221769723,0.0,10.000662581591257,0.0
Sprkh,521.7411764705882,0.0,21.259258651970267,0.0,507.4658096919107,0.0,308.0,0.0,204.60956257579585,0.0,15.100726988682146,0.0,17.549928774784245,0.0,11.889917177900788,0.0,1317.1493116450065,0.0,307.7865769201356,0.0,291.6405176870543,0.0,3.778038961571642,0.0,14.029957362984169,0.0,4340.686357169927,0.0,728.5545621128753,0.0,15.100726984603401,0.0,13.350804176199798,0.0,10.52259443402214,0.0
Spsml,539.4823529411765,0.0,21.644403787164176,0.0,578.2253836745964,0.0,372.0,0.0,262.96577109717146,0.0,16.95313273780043,0.0,19.28730152198591,0.0,13.972669798032287,0.0,1395.9823458355422,0.0,467.6751590046584,0.0,419.59579614252465,0.0,4.530999232529104,0.0,14.17684427683246,0.0,1766.4140022067434,0.0,622.6756831944883,0.0,16.95313272833045,0.0,15.410754113786616,0.0,12.713579927365798,0.0
Späks,568.4745098039216,0.0,22.17862509254735,0.0,486.85449337113806,0.0,273.0,0.0,182.6677579543757,0.0,14.608207085336328,0.0,16.522711641858304,0.0,11.287508559452446,0.0,1315.7468990403597,0.0,315.49029497972884,0.0,298.15961788725144,0.0,3.5288102004173134,0.0,20.00779555474663,0.0,4361.351991530988,0.0,545.6803912013944,0.0,14.608207080626636,0.0,12.947035091629848,0.0,9.896887542916868,0.0
Späße,604.9333333333334,0.0,22.952046360651245,0.0,491.8211969172227,0.0,275.0,0.0,184.6810695374291,0.0,14.723088105725454,0.0,16.583123951777,0.0,11.389965817587267,0.0,1357.8099703093255,0.0,656.4437573558998,0.0,450.9189768102321,0.0,3.208294011322784,0.0,24.11240423715284,0.0,4475.418597697987,0.0,1569.6238548382655,0.0,14.723088102744258,0.0,13.435316889319628,0.0,10.078789505955267,0.0
Spüle,516.035294117647,0.0,21.228548527571693,0.0,483.4424514692582,0.0,266.0,0.0,173.6018319636489,0.0,14.366776014191188,0.0,16.30950643030009,0.0,10.866686723334352,0.0,1312.125519326644,0.0,310.14169561056605,0.0,294.717511005742,0.0,4.749346318023347,0.0,17.04317651956101,0.0,2304.028400276816,0.0,2429.2686255244585,0.0,14.366776109896648,0.0,12.90204155240596,0.0,9.534799244205884,0.0
Sqfgt,531.2862745098039,0.0,21.567011704186555,0.0,507.5283640461689,0.0,299.0,0.0,198.93452959873474,0.0,15.052248892820746,0.0,17.291616465790582,0.0,11.768869902538771,0.0,4476.407566859674,0.0,5302.447737501756,0.0,4435.126044101942,0.0,3.9275713436035575,0.0,40.341836373865206,0.0,2418.3523421257332,0.0,1239.179549531882,0.0,15.052248899203004,0.0,13.669598402849523,0.0,10.513707260270047,0.0
Sqnkq,573.2078431372549,0.0,22.332135484067326,0.0,488.04156430483897,0.0,273.0,0.0,180.59642355411216,0.0,14.53457809090354,0.0,16.522711641858304,0.0,11.161435963018965,0.0,16566.862274626365,0.0,20022.300595019056,0.0,16563.601624757524,0.0,3.2467059844116264,0.0,85.46345667894765,0.0,4389.064753178467,0.0,987.2353446610115,0.0,14.534578084736834,0.0,13.00970679761896,0.0,9.890674768274616,0.0
Sqtzt,482.47058823529414,0.0,20.65490456672495,0.0,492.08243150291287,0.0,288.0,0.0,186.78828023554792,0.0,14.575137717915322,0.0,16.97056274847714,0.0,11.212487129051997,0.0,4441.569482165777,0.0,5295.556844820431,0.0,4430.322787078252,0.0,6.225311391138666,0.0,39.615432474584466,0.0,2888.185510058269,0.0,1491.169838520498,0.0,14.575137710130463,0.0,12.816677638919092,0.0,9.874603298191381,0.0
Srlnt,405.42745098039217,0.0,18.758293001349845,0.0,495.9031865532494,0.0,317.0,0.0,203.45214132193007,0.0,14.744445600064804,0.0,17.804493814764857,0.0,11.587017015477235,0.0,326.93358988898774,0.0,109.00218070342561,0.0,77.8974144190621,0.0,4.827562722442495,0.0,9.21940718626905,0.0,3744.350052088143,0.0,1004.9051428215057,0.0,14.744445606137687,0.0,13.390450044563531,0.0,10.224190298906656,0.0
Srmfl,461.51372549019607,0.0,20.070693208622956,0.0,609.1996987894978,0.0,455.0,0.0,315.96811628509374,0.0,17.763853586087464,0.0,21.330729007701542,0.0,15.13743943179114,0.0,507.30359483729234,0.0,332.0687992555102,0.0,277.99172728596574,0.0,6.721529392617549,0.0,13.041018380282305,0.0,4134.389318354675,0.0,1679.5344976825097,0.0,17.763853631156422,0.0,16.936441634527398,0.0,13.886169669094803,0.0
Srßgm,595.9411764705883,0.0,22.768240761847753,0.0,621.14089927459,0.0,438.0,0.0,312.72766762553175,0.0,18.032176463366216,0.0,20.92844953645635,0.0,15.303698973709434,0.0,1068.8826491329917,0.0,869.9830418386166,0.0,634.04114075552,0.0,10.184336397453707,0.0,20.81455478663593,0.0,7195.17359735923,0.0,3441.1308303341416,0.0,18.032176489269716,0.0,17.140636858142955,0.0,14.084463381125826,0.0
Ssnkt,494.34509803921566,0.0,20.675110824671698,0.0,480.8180444988764,0.0,281.0,0.0,182.13608539557885,0.0,14.35357956137348,0.0,16.76305461424021,0.0,11.030095465777093,0.0,341.1816610774761,0.0,118.88105367565313,0.0,87.32001105265736,0.0,3.0800550023295643,0.0,12.975933191436816,0.0,4362.749956923607,0.0,544.1648908511504,0.0,14.35357955965466,0.0,12.41963514822105,0.0,9.62893299148531,0.0
Ssphr,498.5725490196078,0.0,20.775128566047286,0.0,478.4485216499331,0.0,264.0,0.0,171.03047920944252,0.0,14.206125209015436,0.0,16.24807680927192,0.0,10.705807299482212,0.0,1033.3665145774887,0.0,208.09988597674405,0.0,190.69608405590049,0.0,5.510873260967492,0.0,16.246789951310056,0.0,1520.4781937524435,0.0,468.8859960165045,0.0,14.206125217177197,0.0,12.295136229617214,0.0,9.338463505410727,0.0
Ssthr,452.4196078431372,0.0,19.800714552988225,0.0,481.43359835054616,0.0,287.0,0.0,183.85038654776054,0.0,14.319663971588382,0.0,16.941074346097416,0.0,11.009793540573797,0.0,330.9384077802078,0.0,113.97170990623184,0.0,82.93342560125069,0.0,6.0708567275570795,0.0,14.254482695677071,0.0,2831.603706108828,0.0,1245.568480549304,0.0,14.319663978169187,0.0,12.586059651507984,0.0,9.660793100904245,0.0
Staat,485.5372549019608,0.0,20.53375125025955,0.0,476.7267056730831,0.0,291.0,0.0,186.56844665606587,0.0,14.288322841905519,0.0,17.05872210923198,0.0,11.092240555545587,0.0,330.09502158114555,0.0,120.32596717000119,0.0,89.7732614956246,0.0,3.3276572717714097,0.0,9.98379173317479,0.0,1788.7810281479037,0.0,1082.383976252319,0.0,14.288322851264683,0.0,12.783432227759855,0.0,9.570256295738735,0.0
Stall,419.61568627450976,0.0,19.067469192102354,0.0,516.1526732432103,0.0,345.0,0.0,227.3790528336259,0.0,15.408328384291622,0.0,18.57417562100671,0.0,12.453844736425332,0.0,344.8384453311265,0.0,144.61891241952506,0.0,115.87293392281477,0.0,9.031650922243795,0.0,10.548778338391731,0.0,2161.8325704986064,0.0,2581.489638562077,0.0,15.408328468821747,0.0,14.128581080996792,0.0,11.070154234648067,0.0
Stann,493.6156862745098,0.0,20.665007188648204,0.0,465.81715836365095,0.0,275.0,0.0,173.686401786679,0.0,13.918786273304748,0.0,16.583123951777,0.0,10.609130804274232,0.0,328.209253472216,0.0,113.16627051017336,0.0,84.08076879498996,0.0,2.34831613035473,0.0,9.761346199197863,0.0,2280.855935087164,0.0,1068.4808611538672,0.0,13.918786287779614,0.0,12.380527983385129,0.0,9.132323907547725,0.0
Starm,507.83137254901953,0.0,21.031880014205797,0.0,583.2568989383874,0.0,412.0,0.0,286.19054926318364,0.0,17.15048237438727,0.0,20.29778313018444,0.0,14.422891126248404,0.0,858.7063079384797,0.0,657.4683027778643,0.0,526.2995289690081,0.0,5.473691351928097,0.0,11.556020977136852,0.0,2461.341500273767,0.0,1103.793212611206,0.0,17.150482370445964,0.0,16.011257965604056,0.0,13.11697593968889,0.0
Starn,454.0745098039216,0.0,19.841740243778425,0.0,482.549301949806,0.0,304.0,0.0,193.76243411020252,0.0,14.407065878381642,0.0,17.435595774162696,0.0,11.260237013029595,0.0,329.2266986168059,0.0,119.50599050050599,0.0,88.61677712443456,0.0,4.318062125604195,0.0,9.840902759971309,0.0,2431.54809103008,0.0,1097.7100351427353,0.0,14.407065874437002,0.0,13.02514357407165,0.0,9.832771363797171,0.0
Stars,448.6784313725491,0.0,19.717262931663203,0.0,473.94206294887783,0.0,283.0,0.0,180.51727277561355,0.0,14.153561831885128,0.0,16.822603841260722,0.0,10.88048103187414,0.0,328.4863926844538,0.0,116.83131046242961,0.0,87.17059749088997,0.0,4.611007197062685,0.0,9.460967379798644,0.0,2427.946240428665,0.0,1093.2919531295072,0.0,14.153561828412641,0.0,12.635603389734051,0.0,9.458454021665702,0.0
Start,434.34901960784316,0.0,19.44744314769165,0.0,494.0632888550397,0.0,317.0,0.0,204.33118815192955,0.0,14.749414370222443,0.0,17.804493814764857,0.0,11.641185203569645,0.0,330.37273730720347,0.0,123.26302841631498,0.0,92.03359144239107,0.0,6.540876901956002,0.0,9.57076241346794,0.0,2472.816830120737,0.0,1096.0367965915507,0.0,14.749414365381263,0.0,13.292880109491103,0.0,10.216399611102714,0.0
Stcld,450.45098039215685,0.0,19.794154454219,0.0,494.30927011343397,0.0,288.0,0.0,188.32949650160128,0.0,14.674939682443252,0.0,16.97056274847714,0.0,11.2948508100026,0.0,357.45129353575163,0.0,204.72623993760163,0.0,160.96772825133468,0.0,5.400270386625969,0.0,14.247783518461219,0.0,2010.736134472832,0.0,2574.916583207666,0.0,14.674939770853884,0.0,13.02640933228037,0.0,9.92044601629165,0.0
Steak,520.035294117647,0.0,21.287580334764094,0.0,494.8530099608728,0.0,296.0,0.0,196.21422379116976,0.0,14.82114570415444,0.0,17.204650534085253,0.0,11.597740134060908,0.0,372.0680415623301,0.0,141.97167424239106,0.0,111.32830481704981,0.0,3.971714134699682,0.0,11.54453789712103,0.0,1673.982394054913,0.0,1081.1536557719844,0.0,14.821145712952372,0.0,13.226622247399996,0.0,10.137848239125967,0.0
Steig,486.8,0.0,20.63934347402628,0.0,507.24763036874197,0.0,309.0,0.0,203.41689797780705,0.0,15.041003016797346,0.0,17.578395831246947,0.0,11.790241059921714,0.0,5212.372775549294,0.0,486.4176872768166,0.0,354.0984019904063,0.0,4.726410261560855,0.0,11.947167338503093,0.0,4141.561299143181,0.0,5037.662381227766,0.0,15.041003102325645,0.0,13.860688416670236,0.0,10.467422264321657,0.0
Steiß,487.14509803921567,0.0,20.609838898901597,0.0,521.8351157241825,0.0,336.0,0.0,224.7305442201376,0.0,15.53742391817953,0.0,18.33030277982336,0.0,12.486505734717465,0.0,525.3422117369636,0.0,644.1726052546178,0.0,397.51406789314433,0.0,4.616490658662723,0.0,22.087158388787916,0.0,4175.315184580815,0.0,5038.770840985828,0.0,15.537424004113506,0.0,14.282697286713594,0.0,11.201641695346412,0.0
Stern,451.0745098039216,0.0,19.857070981739884,0.0,482.6781257022095,0.0,293.0,0.0,186.8061833919116,0.0,14.341959714246398,0.0,17.11724276862369,0.0,11.058526941943596,0.0,328.5279939991924,0.0,116.03637426401646,0.0,86.5442206572101,0.0,4.525537969751925,0.0,9.996245660780971,0.0,2368.5474066834045,0.0,1098.2975159737332,0.0,14.341959710899603,0.0,12.937420067853761,0.0,9.699409990918857,0.0
Sters,445.67843137254897,0.0,19.73269037887687,0.0,474.0708867012813,0.0,272.0,0.0,173.56102205732265,0.0,14.087284115472134,0.0,16.492422502470642,0.0,10.671595383121666,0.0,327.7861100441222,0.0,113.27980177948974,0.0,85.06281213409838,0.0,4.832633290395098,0.0,9.654821723011983,0.0,2364.820617632038,0.0,1093.8797595979315,0.0,14.087284112667916,0.0,12.545156273004023,0.0,9.31973786967434,0.0
Stetz,464.2470588235294,0.0,20.295161856246473,0.0,496.1534262694662,0.0,305.0,0.0,196.90882790348218,0.0,14.719241712446065,0.0,17.46424919657298,0.0,11.457910487579145,0.0,334.49973478290775,0.0,136.97819358234244,0.0,105.86709907464696,0.0,3.311893584880592,0.0,15.010927185631564,0.0,3361.2705040023657,0.0,1055.2349883620861,0.0,14.71924172267722,0.0,13.206734867382918,0.0,10.081127317573126,0.0
Stfns,459.17647058823525,0.0,19.971392843340627,0.0,480.1955329590496,0.0,286.0,0.0,183.90007187198205,0.0,14.338596225361494,0.0,16.911534525287763,0.0,11.055866475402354,0.0,349.1107865835318,0.0,176.56838162009848,0.0,146.84266390232378,0.0,3.1856540087652037,0.0,13.561125006633295,0.0,2942.6096161904643,0.0,1337.0198929174467,0.0,14.338596231542411,0.0,12.857085081901966,0.0,9.689693348500043,0.0
Stftx,441.5411764705882,0.0,19.664809405392255,0.0,533.9157643216502,0.0,369.0,0.0,246.12131887660152,0.0,15.918411192469053,0.0,19.209372712298546,0.0,13.042245521105244,0.0,362.6221792141276,0.0,212.78151394650735,0.0,175.42502602448317,0.0,4.198890801485012,0.0,22.920977143816316,0.0,3923.322919934575,0.0,1335.4823037824826,0.0,15.918411196987833,0.0,14.437846798137487,0.0,11.705044388549439,0.0
Stgßk,579.7725490196078,0.0,22.42832215650255,0.0,553.3831771532854,0.0,355.0,0.0,247.15568569130036,0.0,16.420842681113516,0.0,18.841443681416774,0.0,13.395842231790528,0.0,1061.6127237619612,0.0,643.110222577423,0.0,400.33466899299395,0.0,5.653952175066251,0.0,19.567780336123167,0.0,4628.487142389784,0.0,1792.0572831498125,0.0,16.420842669917377,0.0,14.941635934641464,0.0,12.07752911384471,0.0
Sthst,472.2352941176471,0.0,20.24659359238852,0.0,485.7705866915038,0.0,286.0,0.0,185.92209969107054,0.0,14.498464693377707,0.0,16.911534525287763,0.0,11.179577575459673,0.0,337.76862772753935,0.0,120.1198993905676,0.0,93.06663781505277,0.0,4.0281611265697945,0.0,10.847667812278482,0.0,1838.280473630807,0.0,1003.0018644803564,0.0,14.49846470001125,0.0,12.709211975332359,0.0,9.796684246220666,0.0
Stich,432.6235294117647,0.0,19.346181547903168,0.0,486.466947293308,0.0,287.0,0.0,184.96251027048925,0.0,14.455210948889178,0.0,16.941074346097416,0.0,11.100489326635719,0.0,341.8775686944587,0.0,122.81599066473929,0.0,94.84456100807144,0.0,5.938410888882234,0.0,10.503321540476103,0.0,2094.2147936811743,0.0,1106.7348131046917,0.0,14.455210947308052,0.0,12.552384476398439,0.0,9.681763644908457,0.0
Stieg,486.8,0.0,20.63934347402628,0.0,497.75642636723944,0.0,298.0,0.0,194.15823774702775,0.0,14.756402526862962,0.0,17.26267650163207,0.0,11.473228951721959,0.0,5212.318319147721,0.0,485.6227732931892,0.0,353.4605982132197,0.0,7.7438633539019435,0.0,11.965299504240424,0.0,2270.247841450952,0.0,1208.5848772095462,0.0,14.756402533190927,0.0,13.441862350370469,0.0,10.150353255116325,0.0
Stiel,409.9568627450981,0.0,18.929191596634933,0.0,501.62597374528485,0.0,317.0,0.0,205.60766577298426,0.0,14.902329221637975,0.0,17.804493814764857,0.0,11.750531428980178,0.0,339.1541885023578,0.0,133.30722509892763,0.0,106.17032825377434,0.0,6.347298865688879,0.0,10.1652301408235,0.0,2373.086234267833,0.0,1214.8691276886927,0.0,14.902329225829481,0.0,13.407980518709845,0.0,10.413253893891373,0.0
Stier,407.4156862745098,0.0,18.886595740216492,0.0,488.38393807002296,0.0,301.0,0.0,191.80265154439024,0.0,14.4840765014259,0.0,17.349351572897472,0.0,11.209094774614396,0.0,328.0245360881458,0.0,114.89178689543853,0.0,85.55631939046314,0.0,6.592429293758073,0.0,9.597077336779442,0.0,2268.032411769179,0.0,1211.272949132315,0.0,14.48407650853112,0.0,13.00405065110299,0.0,9.82818551822176,0.0
Stiet,427.23137254901957,0.0,19.353546288491728,0.0,486.8486698537341,0.0,294.0,0.0,188.29311384076001,0.0,14.463345931908343,0.0,17.146428199482248,0.0,11.149485909193036,0.0,328.7747608537687,0.0,114.7532805672801,0.0,86.45011927009892,0.0,4.870258490613273,0.0,9.677096066444662,0.0,2311.9382581819896,0.0,1208.540389985572,0.0,14.463345938113708,0.0,12.843042774993984,0.0,9.74634715048916,0.0
Stift,401.1882352941177,0.0,18.72670153150052,0.0,518.8018604379902,0.0,348.0,0.0,227.78579610656286,0.0,15.430812256536242,0.0,18.65475810617763,0.0,12.409317798356055,0.0,341.8197101889391,0.0,158.84051883976952,0.0,127.10768579170329,0.0,6.383961511944818,0.0,11.704267836149267,0.0,2602.6470749284204,0.0,1659.3674138576453,0.0,15.430812301175756,0.0,14.115853044021032,0.0,11.038961106380548,0.0
Stirn,398.7686274509804,0.0,18.601367083162273,0.0,497.81757484377715,0.0,323.0,0.0,206.6881174515123,0.0,14.783989282347795,0.0,17.97220075561143,0.0,11.657158268827974,0.0,329.14905761856204,0.0,118.5966538098144,0.0,88.39512277152332,0.0,6.859291895083237,0.0,10.19325105864048,0.0,2722.150383211,0.0,1175.316549853178,0.0,14.783989271400571,0.0,13.367707426736974,0.0,10.284128728366749,0.0
Stkbs,520.556862745098,0.0,21.245816016171343,0.0,493.9867666356184,0.0,289.0,0.0,192.06072856576793,0.0,14.786618962721123,0.0,17.0,0.0,11.500763497192535,0.0,368.26685634134515,0.0,143.13750666013382,0.0,112.43524841056536,0.0,3.1139093600711405,0.0,13.583574718320735,0.0,2606.9866746245384,0.0,1135.0265419425602,0.0,14.786618971204371,0.0,13.051685531937206,0.0,10.131257768897525,0.0
Stlfn,427.57254901960783,0.0,19.288433324941632,0.0,512.3890963856454,0.0,341.0,0.0,222.7296323550854,0.0,15.265767447379844,0.0,18.466185312619388,0.0,12.261007992777701,0.0,343.79843791074546,0.0,159.86880621762847,0.0,128.80292994135627,0.0,5.3281254034496905,0.0,12.542412488973312,0.0,2712.619243959131,0.0,1737.603224792091,0.0,15.265767488197714,0.0,14.085416333286233,0.0,10.910129563726551,0.0
Stlll,370.96862745098036,0.0,17.937315345800403,0.0,536.5221689900702,0.0,370.0,0.0,245.81732646518526,0.0,15.916492747342973,0.0,19.235384061671343,0.0,13.009998238526443,0.0,347.8146266869844,0.0,148.11458923347462,0.0,120.15981482080763,0.0,10.838333990169518,0.0,10.927258445745046,0.0,2637.2339364142886,0.0,2665.2066609643252,0.0,15.916492838783853,0.0,14.657625415383144,0.0,11.682975617205148,0.0
Stoda,522.3960784313725,0.0,21.311153045691132,0.0,466.9963086275527,0.0,253.0,0.0,160.8354570732148,0.0,13.853806287523966,0.0,15.905973720586866,0.0,10.271898586053336,0.0,335.68506714238436,0.0,145.38022364845946,0.0,109.55426175001494,0.0,4.381085536537929,0.0,11.010426426611446,0.0,1991.5295437331706,0.0,1059.0486950983213,0.0,13.853806311970299,0.0,12.26410944203838,0.0,8.830844667253622,0.0
Stola,458.8392156862745,0.0,19.934271849157014,0.0,481.086726325557,0.0,283.0,0.0,181.6149771604905,0.0,14.317112794923917,0.0,16.822603841260722,0.0,10.956462304329522,0.0,332.83683956726946,0.0,119.66168424423036,0.0,91.98622677023303,0.0,4.016777997097821,0.0,10.536267698697841,0.0,1979.2645800773441,0.0,2577.1032480362,0.0,14.317112882712667,0.0,12.879062525044167,0.0,9.521325786424288,0.0
Stolz,440.54901960784315,0.0,19.672956982810696,0.0,499.7221741360347,0.0,307.0,0.0,197.99082748837432,0.0,14.776139013380348,0.0,17.52141546793523,0.0,11.482522007364524,0.0,336.53219247090783,0.0,136.30470766531738,0.0,106.26059753667275,0.0,4.862815376867624,0.0,15.577580083474498,0.0,1984.995292051993,0.0,2577.473473976555,0.0,14.776139096834576,0.0,13.261018818964047,0.0,10.087241785046405,0.0
Story,450.0431372549019,0.0,19.810264563700656,0.0,518.9706878954888,0.0,335.0,0.0,221.04287755518615,0.0,15.377387013310077,0.0,18.303005217723125,0.0,12.282597372477282,0.0,491.93678427222534,0.0,183.52880490331498,0.0,138.15225046333396,0.0,4.528824306474581,0.0,10.516753380418947,0.0,2373.828145752263,0.0,1095.6682236129818,0.0,15.377387009279136,0.0,13.866034989181669,0.0,10.993282889748233,0.0
Stqvk,513.2313725490196,0.0,21.155998819337963,0.0,536.0520805995387,0.0,342.0,0.0,232.7835853998671,0.0,15.938746846621388,0.0,18.49324200890693,0.0,12.834002765758221,0.0,6424.930825022783,0.0,7755.636301274309,0.0,6415.1303716279035,0.0,3.3946843905495654,0.0,51.43903640288168,0.0,4082.3471931919767,0.0,1058.5408862914182,0.0,15.938746845975283,0.0,14.156802961139949,0.0,11.466921809942342,0.0
Strck,439.1254901960785,0.0,19.508221041316077,0.0,501.8439060621189,0.0,305.0,0.0,200.6600479260904,0.0,14.93540377666484,0.0,17.46424919657298,0.0,11.695797716365124,0.0,371.86762638573276,0.0,143.47283519848617,0.0,111.9229412617295,0.0,5.5956143589283345,0.0,11.408946642981217,0.0,1712.7258909268107,0.0,1130.1257033466982,0.0,14.935403781779323,0.0,12.855567754272972,0.0,10.26986975381852,0.0
Stscr,415.956862745098,0.0,18.979477777359122,0.0,471.94035586065434,0.0,262.0,0.0,166.90308191862192,0.0,13.983839305012097,0.0,16.186414056238647,0.0,10.457742653438082,0.0,328.39795378584137,0.0,116.06894415517411,0.0,86.86014292105777,0.0,8.50029758942348,0.0,12.212285780936751,0.0,1604.5274350448844,0.0,1012.907990004593,0.0,13.98383931343263,0.0,11.76258525241551,0.0,9.025241525794677,0.0
Stsls,434.17647058823525,0.0,19.37454582072373,0.0,480.8454227496258,0.0,274.0,0.0,177.97485201061437,0.0,14.32530655265466,0.0,16.55294535724685,0.0,10.924965493513797,0.0,332.63676667631785,0.0,119.2007708378237,0.0,93.1316328143585,0.0,5.0675097718186075,0.0,10.900731439003994,0.0,1957.994532683348,0.0,2570.3029871758126,0.0,14.325306640204907,0.0,12.554852011860842,0.0,9.538318705400412,0.0
Stsrn,437.0313725490196,0.0,19.459867119197114,0.0,482.1405812539343,0.0,290.0,0.0,185.48670059573126,0.0,14.334375601084146,0.0,17.029386365926403,0.0,11.042908954984311,0.0,329.08880234650536,0.0,117.14348311813185,0.0,88.14693284099728,0.0,4.982496323115042,0.0,11.014791099414078,0.0,2362.522084444588,0.0,1081.7542877859316,0.0,14.33437559725946,0.0,12.630686965168987,0.0,9.668073440462246,0.0
Ststr,417.3058823529412,0.0,19.057670827725293,0.0,495.0601954437624,0.0,305.0,0.0,197.85369025748707,0.0,14.728492988309547,0.0,17.46424919657298,0.0,11.50260865759048,0.0,331.4812879715041,0.0,124.48385752958391,0.0,95.09372047319209,0.0,8.330279984295906,0.0,11.244564335471248,0.0,3351.988556599409,0.0,1043.9739009762404,0.0,14.728492997861945,0.0,12.99157500418351,0.0,10.133716371033774,0.0
Stuck,478.60392156862747,0.0,20.370377509814322,0.0,491.20559606573767,0.0,286.0,0.0,187.99402724960166,0.0,14.65848525774027,0.0,16.911534525287763,0.0,11.315184125911161,0.0,371.3117346304831,0.0,140.4518017311728,0.0,109.98446663326126,0.0,3.2687824394651703,0.0,11.470168180267958,0.0,2200.61049616828,0.0,1019.8440911032455,0.0,14.658485263367863,0.0,12.5434224061745,0.0,9.883027197643527,0.0
Stufe,473.15686274509807,0.0,20.383991200701608,0.0,484.8850816750455,0.0,293.0,0.0,187.87286755486025,0.0,14.442581412531165,0.0,17.11724276862369,0.0,11.152220629304392,0.0,339.1860491996037,0.0,151.44545990860072,0.0,121.64035194356502,0.0,3.149348961499864,0.0,11.723647773468713,0.0,2624.444431406157,0.0,1600.0038604836566,0.0,14.442581453585229,0.0,13.161812228083356,0.0,9.817091143220598,0.0
Stuhl,460.2941176470588,0.0,19.990923353664858,0.0,505.3364274307391,0.0,324.0,0.0,211.7729188429812,0.0,15.065167031464359,0.0,18.0,0.0,11.974201526747445,0.0,344.1754830152931,0.0,136.53724140493821,0.0,109.28002542840832,0.0,4.7685456372737445,0.0,12.121345721449627,0.0,2503.991725205255,0.0,1011.5031351222497,0.0,15.065167037463416,0.0,13.619492790033332,0.0,10.670820939579405,0.0
Stunk,499.678431372549,0.0,20.818696680817684,0.0,497.72293299438513,0.0,305.0,0.0,200.57990534854474,0.0,14.884508386488827,0.0,17.46424919657298,0.0,11.680436310327027,0.0,371.3770353848226,0.0,139.4493713463302,0.0,109.55333023937872,0.0,3.908719761793558,0.0,11.659726817155882,0.0,2672.2609814624648,0.0,1060.133903510631,0.0,14.884508398507778,0.0,13.166027386314354,0.0,10.281060717808284,0.0
Sturm,496.121568627451,0.0,20.815611285826183,0.0,585.6512061285016,0.0,413.0,0.0,285.91327092992753,0.0,17.163665636773914,0.0,20.322401432901575,0.0,14.394539726013726,0.0,858.4222181687013,0.0,656.8844187613958,0.0,525.93584958613,0.0,5.895502041295421,0.0,11.977924538521643,0.0,2809.079855593467,0.0,1099.3089622088023,0.0,17.16366563234884,0.0,15.986743431092892,0.0,13.148136714823949,0.0
Sturt,422.6392156862745,0.0,19.213347996988034,0.0,496.45759604515393,0.0,318.0,0.0,204.05390981867345,0.0,14.76474167336935,0.0,17.832554500127006,0.0,11.606040600824262,0.0,329.63362526931775,0.0,120.10971912485876,0.0,89.93056010428002,0.0,6.762936738791214,0.0,10.067487183599361,0.0,2819.021911101551,0.0,1091.4994199609464,0.0,14.764741667984671,0.0,13.263342169206151,0.0,10.256376664267655,0.0
Sturz,435.721568627451,0.0,19.60557124093044,0.0,498.5485506388713,0.0,322.0,0.0,205.29910237211843,0.0,14.768472485164347,0.0,17.944358444926362,0.0,11.604373095047228,0.0,332.4824884003603,0.0,134.10108925609623,0.0,101.8762628861948,0.0,5.10728011635565,0.0,15.52556930528297,0.0,2789.4536730298305,0.0,1088.800155031155,0.0,14.768472480078504,0.0,13.33686886334052,0.0,10.253059078866482,0.0
Stute,470.8274509803922,0.0,20.327155451525442,0.0,475.2851420543717,0.0,276.0,0.0,175.63264085793526,0.0,14.13855068040267,0.0,16.61324772583615,0.0,10.737857969036446,0.0,329.5735356080228,0.0,116.24289677158399,0.0,88.77151796468489,0.0,2.9170948615153356,0.0,9.697863522540988,0.0,3657.349828856471,0.0,1049.263159534245,0.0,14.138550691218759,0.0,12.560126523468439,0.0,9.375421904725785,0.0
Stzck,472.02352941176474,0.0,20.338451905519022,0.0,504.3524409886428,0.0,300.0,0.0,198.80250025301007,0.0,15.000740787400701,0.0,17.320508075688775,0.0,11.690591217980147,0.0,374.5188895208198,0.0,153.5472113553394,0.0,120.61872824910058,0.0,3.3896525844947303,0.0,15.992761266944786,0.0,1647.6792713281966,0.0,1009.8752879864389,0.0,15.000740792990259,0.0,12.836274095795948,0.0,10.218992122645549,0.0
Stäbe,544.8039215686274,0.0,21.828173492442,0.0,477.56305985958295,0.0,271.0,0.0,176.51705664507062,0.0,14.287393247938418,0.0,16.46207763315433,0.0,10.922231785285948,0.0,342.48755454449395,0.0,148.95064439183645,0.0,119.04779137824046,0.0,3.7732452701666865,0.0,19.673059199845202,0.0,1994.6167786764051,0.0,1098.1758523782762,0.0,14.287393256107311,0.0,13.028533807553766,0.0,9.56060584768337,0.0
Stöch,494.835294117647,0.0,20.70622734412537,0.0,480.3819174209789,0.0,267.0,0.0,173.34636326055215,0.0,14.27626517463725,0.0,16.34013463836819,0.0,10.818630132914004,0.0,349.7637208330625,0.0,147.47019678035073,0.0,120.2649533123551,0.0,3.0523709393033167,0.0,20.043259326383367,0.0,1631.5822197679593,0.0,1025.900541549856,0.0,14.276265184174928,0.0,12.464878746178012,0.0,9.471264182288238,0.0
Stöck,497.2196078431373,0.0,20.755526864544695,0.0,497.9945318972655,0.0,284.0,0.0,189.58084191423046,0.0,14.841840629477334,0.0,16.852299546352718,0.0,11.479054939150858,0.0,379.1615676800329,0.0,164.1380944829489,0.0,133.82149303455904,0.0,3.0895783782182793,0.0,20.418725046732504,0.0,1668.855640052457,0.0,1026.89337866472,0.0,14.841840639677788,0.0,12.844218334308772,0.0,10.09475082947325,0.0
Stöfö,501.67843137254897,0.0,20.91715593797687,0.0,508.0984498637167,0.0,317.0,0.0,209.11495263138912,0.0,15.125832093216493,0.0,17.804493814764857,0.0,11.989226680068287,0.0,378.9027412365646,0.0,236.46806669503783,0.0,207.42325262782546,0.0,3.435209593416356,0.0,78.53544623519103,0.0,2252.562973838818,0.0,1606.0294297358191,0.0,15.12575111715911,0.0,14.190147188208096,0.0,10.764110959223848,0.0
Stömm,608.035294117647,0.0,23.046094592593786,0.0,673.7112547407203,0.0,492.0,0.0,359.5091424934948,0.0,19.24042329487576,0.0,22.181073012818835,0.0,16.61063263630906,0.0,984.7430734144715,0.0,750.5151767200905,0.0,611.0425612086434,0.0,9.562999288377341,0.0,21.002886867623157,0.0,2146.167087128385,0.0,1073.7104273758728,0.0,19.240423292673896,0.0,18.3044358861915,0.0,15.390428866532913,0.0
Störe,469.62745098039215,0.0,20.27749020457265,0.0,482.20371881759394,0.0,279.0,0.0,178.9307576061655,0.0,14.298085547429318,0.0,16.703293088490067,0.0,10.896318713013557,0.0,336.4410504593461,0.0,141.05772242716955,0.0,113.5013965847271,0.0,3.703205732945943,0.0,19.22583970436901,0.0,2379.9626593108965,0.0,1094.6561383056378,0.0,14.298085541737626,0.0,12.936552531421759,0.0,9.602141233002017,0.0
Stött,461.0705882352941,0.0,20.071088960798313,0.0,503.1168909449873,0.0,311.0,0.0,203.9294223997008,0.0,14.975948989658985,0.0,17.635192088548397,0.0,11.778906217520998,0.0,340.39189489431317,0.0,149.90225323083956,0.0,121.27876652791099,0.0,4.806843140831697,0.0,19.576844117903097,0.0,3397.0720032779186,0.0,1059.4017167033105,0.0,14.975949000193829,0.0,13.475593873181351,0.0,10.457065424090823,0.0
Sucen,489.2039215686274,0.0,20.632755971820515,0.0,430.8110010446304,0.0,199.0,0.0,120.43124733053052,0.0,12.649399275609197,0.0,14.106735979665885,0.0,8.606365787583169,0.0,319.2384550897881,0.0,81.74524104349784,0.0,51.34261250250499,0.0,2.4841007245958693,0.0,9.417303254930932,0.0,3562.993557734022,0.0,609.096273453969,0.0,12.649399287596363,0.0,10.318453760804562,0.0,7.103601595479008,0.0
Suche,504.5921568627451,0.0,20.95453381740586,0.0,437.86659428008755,0.0,200.0,0.0,123.65824923968367,0.0,12.901466986770012,0.0,14.142135623730951,0.0,8.849180141072168,0.0,324.3149430775686,0.0,85.28319835478699,0.0,57.01044750017153,0.0,2.6746827438469265,0.0,8.918333377203501,0.0,3602.58280492008,0.0,301.51830899541244,0.0,12.901466992957221,0.0,10.623592925505127,0.0,7.390717344977373,0.0
Sucht,476.2196078431373,0.0,20.320143584485756,0.0,458.90940733917535,0.0,237.0,0.0,150.36821611682038,0.0,13.616873355871906,0.0,15.394804318340652,0.0,9.900187705004868,0.0,326.4000902400199,0.0,94.9573217003027,0.0,65.32027889982874,0.0,3.708405011282972,0.0,9.011829704430609,0.0,3633.5179610065547,0.0,313.43403420801894,0.0,13.616873362153358,0.0,11.36041723235026,0.0,8.476120372711518,0.0
Sudan,539.8352941176471,0.0,21.64765202369941,0.0,452.3343251323788,0.0,241.0,0.0,150.23506083388625,0.0,13.418276082657812,0.0,15.524174696260024,0.0,9.797880793869243,0.0,330.6399543046192,0.0,137.08383014386192,0.0,98.38822501751179,0.0,2.6942855628997875,0.0,9.1817955807593,0.0,3454.4757955660234,0.0,541.4122112832395,0.0,13.418276087318448,0.0,11.851966448413185,0.0,8.352241896762454,0.0
Sulun,464.56862745098044,0.0,20.069391730420374,0.0,465.8280558028473,0.0,268.0,0.0,168.50087189805498,0.0,13.851005833258046,0.0,16.3707055437449,0.0,10.414322217554146,0.0,323.9681780034252,0.0,95.18552455657458,0.0,65.80386020351564,0.0,3.9346821397544716,0.0,9.826151983854006,0.0,5697.778841786064,0.0,872.3701225154905,0.0,13.851005831220034,0.0,12.198973405168513,0.0,9.0453341115817,0.0
Sumen,564.035294117647,0.0,22.19958989753208,0.0,528.7302210535158,0.0,324.0,0.0,220.37216272914566,0.0,15.65078035076596,0.0,18.0,0.0,12.527892486231588,0.0,489.4634995922266,0.0,300.80728441030493,0.0,250.7871788501658,0.0,3.866997960674883,0.0,8.346885252028018,0.0,4264.411503373819,0.0,1093.6357805875937,0.0,15.650780359417897,0.0,14.311298863442067,0.0,11.268795150652139,0.0
Summa,620.7921568627451,0.0,23.256364732621076,0.0,627.4537194179568,0.0,440.0,0.0,316.7830735478517,0.0,18.19992549387516,0.0,20.97617696340303,0.0,15.463084652155182,0.0,683.8746072100128,0.0,465.9013268349115,0.0,393.5518828210969,0.0,5.4394584583766115,0.0,9.50380448421043,0.0,4387.6358158404,0.0,1015.3418864190977,0.0,18.199925486024945,0.0,17.218277725977558,0.0,14.203443654029565,0.0
Summe,617.7921568627451,0.0,23.269445903351052,0.0,622.9553995756294,0.0,423.0,0.0,305.20376444515375,0.0,18.04190347219242,0.0,20.566963801203133,0.0,15.206715899788344,0.0,683.3117285637703,0.0,464.78347051912345,0.0,392.9441666892222,0.0,5.369961035194562,0.0,9.263564669547135,0.0,4383.76194769524,0.0,1015.325050835024,0.0,18.04190346383283,0.0,16.979378018803345,0.0,13.988593280174673,0.0
Sumpf,564.4196078431373,0.0,22.203545823487676,0.0,572.4035222417197,0.0,375.0,0.0,262.7396861990359,0.0,16.831946928835944,0.0,19.364916731037084,0.0,13.893987397458485,0.0,1040.5480820752957,0.0,396.8500882264375,0.0,344.51496334557,0.0,4.998099408669137,0.0,14.72901196894167,0.0,4457.459224600771,0.0,1295.300889836398,0.0,16.83194693488807,0.0,15.60441138542867,0.0,12.661976872272563,0.0
Sunse,504.88235294117646,0.0,20.958346122797924,0.0,429.5022928706072,0.0,200.0,0.0,121.10823920505119,0.0,12.647309996818201,0.0,14.142135623730951,0.0,8.638818447302206,0.0,319.2516502578284,0.0,79.14767068881653,0.0,51.512388349698604,0.0,1.9303583434372527,0.0,8.166140880617673,0.0,3525.5393090618836,0.0,473.48690274383614,0.0,12.647309996669977,0.0,10.586113795793983,0.0,7.1852883610040035,0.0
Svhns,498.3058823529411,0.0,20.752723310403255,0.0,473.9783567560513,0.0,278.0,0.0,177.82368310459506,0.0,14.143799144563772,0.0,16.673332000533065,0.0,10.832423878537979,0.0,345.56364495266575,0.0,158.67666960118646,0.0,123.97185214230304,0.0,2.539255285406434,0.0,23.728061911117713,0.0,5034.620082617599,0.0,659.2878397564089,0.0,14.143799158915066,0.0,12.420763359490644,0.0,9.533520065515743,0.0
Svllz,407.6705882352941,0.0,18.933509591914753,0.0,530.5774774821135,0.0,369.0,0.0,241.33160634737678,0.0,15.700134384018519,0.0,19.209372712298546,0.0,12.770491704047053,0.0,350.60074196846375,0.0,183.35118968225947,0.0,144.6634328940137,0.0,6.843576345877096,0.0,26.58611415396821,0.0,5196.596425964849,0.0,2533.2033964946286,0.0,15.700134477041294,0.0,14.328792277783545,0.0,11.454850020240244,0.0
Svmpf,551.1019607843137,0.0,21.94838200211061,0.0,603.1676308490329,0.0,430.0,0.0,301.78457891423585,0.0,17.615385411275394,0.0,20.73644135332772,0.0,14.895547733209161,0.0,1046.2942467040443,0.0,418.6693962852376,0.0,361.3921469499508,0.0,4.865560793502104,0.0,26.564976206417548,0.0,5572.059040534859,0.0,1377.403016551425,0.0,17.61538542053034,0.0,16.399050435286046,0.0,13.671021590022987,0.0
Svßhn,543.8901960784315,0.0,21.686719847925346,0.0,516.9991124925164,0.0,340.0,0.0,225.8517756153288,0.0,15.435786193187681,0.0,18.439088914585774,0.0,12.470739203433817,0.0,477.61379870571454,0.0,544.521121314782,0.0,336.4356907186502,0.0,3.5113337664091877,0.0,29.640140002485,0.0,8154.32161542659,0.0,3417.4321213819762,0.0,15.435786211391507,0.0,14.081068991769971,0.0,11.207930667038807,0.0
Sxtyr,444.51372549019607,0.0,19.71782059605104,0.0,552.012673140291,0.0,383.0,0.0,259.9828169357148,0.0,16.365826634493988,0.0,19.570385790780925,0.0,13.513645460798756,0.0,682.0518102138955,0.0,559.7592307902547,0.0,440.2094198000148,0.0,7.117383581839502,0.0,33.42688816087603,0.0,6007.830846621839,0.0,1256.7585936557452,0.0,16.365826632633883,0.0,14.38705283798846,0.0,12.21607812951285,0.0
Syrer,436.65098039215695,0.0,19.575832694484028,0.0,511.3814426199141,0.0,339.0,0.0,219.98172118816933,0.0,15.153383772315074,0.0,18.411952639521967,0.0,12.151878831667686,0.0,697.2921570263753,0.0,477.4728854385233,0.0,376.0533503134343,0.0,7.682397456476317,0.0,11.876038768660488,0.0,5405.706164149638,0.0,843.6784757802762,0.0,15.153383785298207,0.0,13.816662604763762,0.0,10.913399880378945,0.0
Syrmr,481.7607843137256,0.0,20.52232699819862,0.0,615.1354472958817,0.0,462.0,0.0,320.9545357395871,0.0,17.865556459335124,0.0,21.494185260204677,0.0,15.262560385492577,0.0,845.0784953729368,0.0,595.2735380113135,0.0,483.03864264356645,0.0,5.20141519028579,0.0,13.51751166491264,0.0,5503.046613727381,0.0,746.8744360574642,0.0,17.86555645458672,0.0,16.838593316717738,0.0,14.047340676772135,0.0
Szlzt,431.6823529411765,0.0,19.613504672844954,0.0,508.5025601177393,0.0,323.0,0.0,208.65371633037793,0.0,15.018707245576756,0.0,17.97220075561143,0.0,11.789944095719386,0.0,336.8691725588611,0.0,148.6025020781371,0.0,114.0170277193054,0.0,5.313707078540455,0.0,22.417280252682993,0.0,2292.688779630014,0.0,770.9993204958566,0.0,15.018707236534846,0.0,13.286774141365385,0.0,10.364986664996486,0.0
Szwlb,526.1490196078431,0.0,21.495946704466427,0.0,560.7183486254264,0.0,386.0,0.0,263.2952267741144,0.0,16.541276115207207,0.0,19.6468827043885,0.0,13.669597616001385,0.0,440.53178892514535,0.0,370.93495851966185,0.0,284.84843068015624,0.0,3.5725227669156374,0.0,27.512546945021384,0.0,2076.3411286294763,0.0,2436.245888589324,0.0,16.541276203532345,0.0,15.559697872828297,0.0,12.356216010264635,0.0
Säbel,527.5294117647059,0.0,21.45282495564326,0.0,475.1000536895705,0.0,258.0,0.0,168.25081812271765,0.0,14.157588738102017,0.0,16.06237840420901,0.0,10.682304442173814,0.0,343.5203808838426,0.0,131.79964234550226,0.0,103.20734070076387,0.0,7.085569243040443,0.0,11.896831583556029,0.0,1703.768132423379,0.0,884.0377129878513,0.0,14.157588755669526,0.0,12.663253212055341,0.0,9.396542930703744,0.0
Särge,538.6196078431373,0.0,21.693767453541472,0.0,471.78563349405823,0.0,253.0,0.0,162.18294627097623,0.0,13.964369359400813,0.0,15.905973720586866,0.0,10.4050280813046,0.0,635.4806349635311,0.0,263.7513688979884,0.0,190.4621938291239,0.0,3.547747742268419,0.0,10.755258909056828,0.0,1476.2115740153008,0.0,880.6940144155141,0.0,13.964369383466648,0.0,12.63599923610289,0.0,9.125713055068676,0.0
Sätze,511.9490196078432,0.0,21.26684600373452,0.0,466.2926973606336,0.0,254.0,0.0,161.10678598444883,0.0,13.831975676676244,0.0,15.937377450509228,0.0,10.277329298525615,0.0,328.43420223407657,0.0,124.28463849661212,0.0,91.6119245867433,0.0,3.255609491533204,0.0,12.156749712940124,0.0,2867.124452962774,0.0,1376.2249579615504,0.0,13.831975679151572,0.0,12.327087131584284,0.0,8.907626324118755,0.0
Säule,501.2549019607843,0.0,20.912506628501525,0.0,462.38457445439815,0.0,252.0,0.0,159.5730769956482,0.0,13.755861065473821,0.0,15.874507866387544,0.0,10.204911532167287,0.0,327.62352145878447,0.0,110.64118830540852,0.0,81.48282832447829,0.0,5.042081986446422,0.0,10.623729624297717,0.0,2243.5973197423687,0.0,2480.69573302729,0.0,13.755861167309105,0.0,12.516857504585857,0.0,8.880633565561695,0.0
Söhgs,570.0823529411765,0.0,22.219636566221062,0.0,469.39073794857654,0.0,230.0,0.0,151.01438022851488,0.0,13.921183065486877,0.0,15.165750888103101,0.0,10.187314653051398,0.0,639.6440465857935,0.0,263.49726148783105,0.0,191.73532049004592,0.0,3.1553826706916093,0.0,14.034646159504954,0.0,1580.8106031962943,0.0,762.2668293679168,0.0,13.921183090660163,0.0,12.229832580215675,0.0,8.957403484169378,0.0
Söndö,565.356862745098,0.0,22.164154968660938,0.0,460.83738646713886,0.0,229.0,0.0,146.40759029882588,0.0,13.637238514209171,0.0,15.132745950421556,0.0,9.874324703022614,0.0,362.86103300200955,0.0,209.75444702698272,0.0,179.70596755868138,0.0,2.938196509112652,0.0,76.8121508411889,0.0,1928.5911176954535,0.0,884.3142875848309,0.0,13.637148673206697,0.0,12.214797746615407,0.0,8.666602747769113,0.0
Sönör,499.25882352941176,0.0,20.80502150074087,0.0,464.65388443191034,0.0,245.0,0.0,155.68906019235612,0.0,13.762644658049794,0.0,15.652475842498529,0.0,10.114753640561537,0.0,337.29260237188737,0.0,146.59627673379111,0.0,120.63110910063408,0.0,6.333076702917505,0.0,34.93795336470567,0.0,1756.3176799828013,0.0,1798.4451383682522,0.0,13.762644689244334,0.0,12.193050198919027,0.0,8.892601961452536,0.0
Sühne,541.9960784313726,0.0,21.719211593636057,0.0,454.22203570956765,0.0,235.0,0.0,148.56082616757658,0.0,13.507265011380381,0.0,15.329709716755891,0.0,9.8469209775126,0.0,331.6781161826817,0.0,103.82594958189706,0.0,77.48988057707142,0.0,2.166766880983218,0.0,10.879254111239591,0.0,5912.938851996969,0.0,2166.27873517952,0.0,13.507265026670515,0.0,12.009776988792977,0.0,8.524154972290205,0.0
Sünde,553.1647058823529,0.0,21.986251689641097,0.0,452.97281214996616,0.0,227.0,0.0,142.94801099864307,0.0,13.415404706193405,0.0,15.066519173319364,0.0,9.64595376147462,0.0,331.0708484063561,0.0,137.2500754068603,0.0,102.04200915467486,0.0,2.3060368213460607,0.0,10.801036594579493,0.0,5824.997894205684,0.0,2191.137527485596,0.0,13.415404730005067,0.0,11.91907412950988,0.0,8.319525908791919,0.0
Süßes,561.4,0.0,22.093713583976683,0.0,472.9727202087192,0.0,254.0,0.0,166.87159409997923,0.0,14.132997965070995,0.0,15.937377450509228,0.0,10.681066642634415,0.0,463.1093519394522,0.0,529.386060524951,0.0,320.4716336120838,0.0,3.660915380563406,0.0,18.273934142253577,0.0,8704.962214634696,0.0,4024.3218097844615,0.0,14.132997989060478,0.0,12.72217992106537,0.0,9.42270106525697,0.0
Tabak,526.9607843137255,0.0,21.503552812146893,0.0,499.49262737550566,0.0,283.0,0.0,189.1679533295253,0.0,14.872662383903606,0.0,16.822603841260722,0.0,11.447082302357149,0.0,375.51639398277945,0.0,138.55941806913347,0.0,105.40100935743497,0.0,6.903277004026391,0.0,11.478883777740991,0.0,887.2946711812704,0.0,609.1002493180388,0.0,14.872662389859505,0.0,13.16024703531085,0.0,10.035299342108143,0.0
Tabus,492.0823529411765,0.0,20.80870895370198,0.0,465.64221303953235,0.0,235.0,0.0,150.27616920620045,0.0,13.762157803011888,0.0,15.329709716755891,0.0,9.955944214718393,0.0,330.9447090947649,0.0,103.43582764250131,0.0,73.03274529027664,0.0,4.882231312685753,0.0,10.3086269477924,0.0,4303.745370007564,0.0,648.1877911418164,0.0,13.7621578085727,0.0,11.90165728678388,0.0,8.620715722824954,0.0
Tafel,425.58039215686273,0.0,19.46140177812354,0.0,505.0271137481326,0.0,312.0,0.0,203.0652782852273,0.0,14.956405665819448,0.0,17.663521732655695,0.0,11.716953831415646,0.0,355.1202576209932,0.0,185.1253348437869,0.0,153.23644993271907,0.0,5.117885147412732,0.0,12.61272414699319,0.0,2359.452685266605,0.0,1089.9902101669106,0.0,14.956405668366619,0.0,13.71019342249987,0.0,10.469982863404086,0.0
Tango,513.3960784313726,0.0,21.23603605243455,0.0,476.63009120365746,0.0,251.0,0.0,160.17097709873886,0.0,14.0099112461215,0.0,15.84297951775486,0.0,10.308516873305404,0.0,634.682144208171,0.0,259.7752268162985,0.0,186.5849918026779,0.0,7.405461596695683,0.0,9.141117933771774,0.0,919.0905980383395,0.0,623.8708733215941,0.0,14.009911261552611,0.0,12.570525281003338,0.0,9.017730094361431,0.0
Tanks,483.7058823529412,0.0,20.578388308112885,0.0,479.91225065653873,0.0,266.0,0.0,172.53327569852183,0.0,14.257528010276808,0.0,16.30950643030009,0.0,10.750455289963044,0.0,339.3216178757579,0.0,114.38430579213752,0.0,82.86023888521231,0.0,5.2229711563075565,0.0,8.641683031553683,0.0,4275.6193020189285,0.0,610.0955041590083,0.0,14.25752800595657,0.0,12.542189534317698,0.0,9.411753608178376,0.0
Tanne,479.9764705882353,0.0,20.583026792145567,0.0,450.7958811693686,0.0,227.0,0.0,139.625816621811,0.0,13.252890711076121,0.0,15.066519173319364,0.0,9.376572919226605,0.0,320.76088161521324,0.0,90.4618174724468,0.0,59.80143263471349,0.0,5.358420190319343,0.0,7.629340676118603,0.0,1675.4009898728004,0.0,688.714645997542,0.0,13.252890718145167,0.0,11.654131600533841,0.0,8.006819604575794,0.0
Tante,460.25098039215686,0.0,20.203202246359485,0.0,467.39838382382925,0.0,251.0,0.0,157.99054686173304,0.0,13.796465356820297,0.0,15.84297951775486,0.0,10.122575938829844,0.0,323.84204986716435,0.0,102.41168316756189,0.0,71.8957114464818,0.0,4.2319320422741376,0.0,7.7116481441428375,0.0,3023.1260664894185,0.0,671.3445357767278,0.0,13.796465363801328,0.0,12.257020891042679,0.0,8.793201932281246,0.0
Tapps,518.7882352941176,0.0,21.357346995006864,0.0,477.03770963376087,0.0,232.0,0.0,152.9602529070415,0.0,14.089350520325281,0.0,15.231546211727817,0.0,10.273302379550417,0.0,1370.3322673704065,0.0,264.4019915153825,0.0,248.5674455818744,0.0,6.261579831595468,0.0,11.450351681591687,0.0,1768.7402138580812,0.0,1020.3769954944653,0.0,14.089350527244397,0.0,12.103693415145681,0.0,8.935268460433976,0.0
Tasse,469.18431372549014,0.0,20.3423842052919,0.0,449.9760726335844,0.0,211.0,0.0,132.06206034158907,0.0,13.230457476608581,0.0,14.52583904633395,0.0,9.224109172523889,0.0,322.24569960609125,0.0,95.5502008727312,0.0,66.53671487919566,0.0,4.995258112024307,0.0,8.261054842954465,0.0,1053.2291511393134,0.0,458.7764374575189,0.0,13.230457475420605,0.0,11.080078497664099,0.0,7.849756572408421,0.0
Taste,454.85490196078433,0.0,20.080965679520208,0.0,468.16591346887776,0.0,243.0,0.0,154.55865011038088,0.0,13.815625232844402,0.0,15.588457268119896,0.0,10.074389867983164,0.0,324.66218668684724,0.0,104.89469513005675,0.0,74.85072105721939,0.0,4.200036357859456,0.0,8.17980592248527,0.0,3024.8875907959405,0.0,552.1271775364445,0.0,13.815625242111867,0.0,11.984770565357517,0.0,8.741915353232237,0.0
Tasts,440.81176470588235,0.0,19.688279329210594,0.0,469.08750062180366,0.0,246.0,0.0,157.4547016112016,0.0,13.878796000302616,0.0,15.684387141358123,0.0,10.201310365755445,0.0,324.8377082368403,0.0,105.84114048567183,0.0,75.81364829172288,0.0,3.5131379005653844,0.0,8.643614103733498,0.0,3025.5779872057847,0.0,553.3088611367219,0.0,13.878796007534918,0.0,11.949514213046248,0.0,8.873022549376284,0.0
Tatal,426.2509803921569,0.0,19.386172870823945,0.0,502.45295541364123,0.0,313.0,0.0,203.69930786766645,0.0,14.911667107143003,0.0,17.69180601295413,0.0,11.717149058822125,0.0,337.4516686084383,0.0,133.1409748591627,0.0,102.35069774596826,0.0,4.649715021685166,0.0,9.593260653178524,0.0,2648.4350416591346,0.0,1339.1087409889976,0.0,14.911667108219316,0.0,13.45920536538811,0.0,10.389281720537136,0.0
Tatar,423.70980392156866,0.0,19.344583291705185,0.0,489.2109197383793,0.0,297.0,0.0,189.8942936390724,0.0,14.493683858264726,0.0,17.233687939614086,0.0,11.174094991071671,0.0,326.2639442901555,0.0,114.6988475046672,0.0,80.76763284395113,0.0,4.877280267010086,0.0,8.974462814600141,0.0,2555.114659929995,0.0,1335.8325186390032,0.0,14.493683860178836,0.0,13.056860296914378,0.0,9.802782695326668,0.0
Tatem,514.0078431372549,0.0,21.37322395048716,0.0,571.7229528921183,0.0,369.0,0.0,257.0431008900806,0.0,16.735889897906358,0.0,19.209372712298546,0.0,13.718857784837862,0.0,856.9437106558336,0.0,655.0582461149909,0.0,524.0723062602937,0.0,11.02448471804907,0.0,10.523985565317282,0.0,2707.477118696132,0.0,1383.175175290744,0.0,16.735889904243614,0.0,15.44234783440087,0.0,12.509772327276602,0.0
Taten,460.25098039215686,0.0,20.203202246359485,0.0,471.01535590353683,0.0,261.0,0.0,164.6149857370995,0.0,13.910949364608593,0.0,16.15549442140351,0.0,10.343123709527658,0.0,324.60163126727434,0.0,105.44391120946464,0.0,74.25308871626147,0.0,4.812976186386788,0.0,7.775060572045798,0.0,2680.745698196801,0.0,1378.4499864926822,0.0,13.910949372134592,0.0,12.319094532965375,0.0,9.006816229321279,0.0
Tatze,453.6078431372549,0.0,20.196619829027387,0.0,482.3187856894133,0.0,270.0,0.0,171.53542911347023,0.0,14.199325484659933,0.0,16.431676725154983,0.0,10.607386785604483,0.0,327.1969009648396,0.0,119.53397765209122,0.0,86.05064713863062,0.0,4.936853687147262,0.0,10.379129701878128,0.0,2671.1645294012733,0.0,1273.7198812583079,0.0,14.199325476030511,0.0,12.581845607588205,0.0,9.259220308318271,0.0
Taube,506.12549019607843,0.0,21.180632851662487,0.0,462.713773519205,0.0,236.0,0.0,148.5358404476303,0.0,13.636197318523946,0.0,15.362291495737216,0.0,9.815440991126655,0.0,327.4466420104763,0.0,104.7087315663633,0.0,72.07740145081787,0.0,6.8102075950015,0.0,10.136410644048295,0.0,1915.804832237552,0.0,659.7786473707359,0.0,13.636197323077628,0.0,12.099588603927726,0.0,8.510829291082706,0.0
Taxis,418.96862745098036,0.0,19.2057281119631,0.0,500.67672359819574,0.0,301.0,0.0,196.49926395542906,0.0,14.843664779090906,0.0,17.349351572897472,0.0,11.495148131395634,0.0,332.530192203233,0.0,141.37066220299192,0.0,105.9103368158468,0.0,4.876797086833303,0.0,16.440482524310195,0.0,4113.131350963598,0.0,4959.944544042559,0.0,14.843664864694325,0.0,13.232172226923874,0.0,10.18419801772761,0.0
Tbbkn,529.8784313725489,0.0,21.590720592103324,0.0,517.7761041955052,0.0,305.0,0.0,204.9274199330682,0.0,15.324468180286079,0.0,17.46424919657298,0.0,11.952467399885302,0.0,387.0017053715843,0.0,146.05746026279968,0.0,111.04199104470747,0.0,5.187949886634323,0.0,17.37086037641282,0.0,4274.2767282783025,0.0,379.2485938437099,0.0,15.324468172996859,0.0,13.623582826140439,0.0,10.630765244879939,0.0
Tbrsb,467.16862745098035,0.0,20.309141734337032,0.0,500.92396355970425,0.0,287.0,0.0,187.71686727354756,0.0,14.770317573329551,0.0,16.941074346097416,0.0,11.293200548623286,0.0,378.33440495869246,0.0,147.0250410988652,0.0,110.39243908890228,0.0,6.391348330302675,0.0,20.990744132391885,0.0,1134.6319190642732,0.0,608.2067392485645,0.0,14.770317568168732,0.0,13.09814999023462,0.0,10.02645261766832,0.0
Tbxgn,522.4313725490197,0.0,21.474532720307458,0.0,532.2067532218027,0.0,328.0,0.0,220.47688175086313,0.0,15.67497063211076,0.0,18.110770276274835,0.0,12.420225145414854,0.0,661.6663282420012,0.0,290.23597959248656,0.0,213.96589872858183,0.0,6.417005838893855,0.0,22.158883664539648,0.0,1615.8170973277415,0.0,391.979598013188,0.0,15.674970640610285,0.0,14.152988861423081,0.0,11.164729366129277,0.0
Tchbl,443.2078431372549,0.0,19.748107720852705,0.0,514.8865880706235,0.0,316.0,0.0,207.48634243654618,0.0,15.185776503602977,0.0,17.776388834631177,0.0,11.897148579212896,0.0,349.43192850512867,0.0,141.98401825676933,0.0,108.67031240206983,0.0,6.778946745278621,0.0,15.750911990126019,0.0,1756.6947739534621,0.0,590.5562223503346,0.0,15.185776510516192,0.0,13.727347879733822,0.0,10.63885837326945,0.0
Tchcr,393.38039215686274,0.0,18.600715591894986,0.0,486.7798806479122,0.0,279.0,0.0,176.75198471305276,0.0,14.296969571232061,0.0,16.703293088490067,0.0,10.739919498865005,0.0,332.30974983649645,0.0,115.73751365560557,0.0,80.41582236686679,0.0,6.094993737399993,0.0,15.110334175477199,0.0,1263.801374669176,0.0,413.9250898029691,0.0,14.296969578332867,0.0,12.406419271990648,0.0,9.387359440328478,0.0
Tchfl,399.6,0.0,18.785247019264318,0.0,532.741695526956,0.0,355.0,0.0,233.7478339774369,0.0,15.708741819930102,0.0,18.841443681416774,0.0,12.640929940668293,0.0,355.41289504212887,0.0,171.50339034537498,0.0,137.23368159886164,0.0,5.888645829356331,0.0,16.22491123568743,0.0,2061.315419040367,0.0,1302.7555107185747,0.0,15.708741859816776,0.0,14.508169408562196,0.0,11.38767355934311,0.0
Tchgr,454.2980392156863,0.0,20.009587859455454,0.0,516.1041907026133,0.0,314.0,0.0,205.09105648383073,0.0,15.148491520974293,0.0,17.72004514666935,0.0,11.796929818023672,0.0,640.3648951418866,0.0,268.6514258641728,0.0,193.6994701293965,0.0,7.767507171296686,0.0,14.834896825911912,0.0,1391.3302815199793,0.0,416.67087010708434,0.0,15.148491540539057,0.0,13.764355738831506,0.0,10.525134716197556,0.0
Tchph,495.8117647058824,0.0,20.862125156644964,0.0,504.0107365420141,0.0,292.0,0.0,191.71848482197538,0.0,14.877489172728115,0.0,17.08800749063506,0.0,11.452712484094235,0.0,966.3050608151902,0.0,207.74029676162425,0.0,186.13035431580587,0.0,9.49623338884158,0.0,16.661878820915355,0.0,1997.9834426502168,0.0,935.0591471281878,0.0,14.877489183300073,0.0,13.323705440985263,0.0,10.14989426220427,0.0
Tchpl,443.42352941176466,0.0,19.751185462696995,0.0,518.4031743744653,0.0,316.0,0.0,208.66548755448312,0.0,15.274726890347436,0.0,17.776388834631177,0.0,11.986777101110519,0.0,965.492384348795,0.0,215.540082950549,0.0,192.84650177685072,0.0,6.855100846849071,0.0,16.383946628558853,0.0,2121.223408294568,0.0,946.5993970904469,0.0,15.274726900763302,0.0,13.71667377022935,0.0,10.717885822514171,0.0
Tchpr,440.88235294117646,0.0,19.710366088282132,0.0,505.1611386992033,0.0,300.0,0.0,194.86047332588907,0.0,14.866954545022859,0.0,17.320508075688775,0.0,11.45651090317398,0.0,961.6392654902729,0.0,204.66273180718622,0.0,182.31159709052417,0.0,6.844739405542465,0.0,16.05691420986961,0.0,2002.3094313715014,0.0,941.9720135660687,0.0,14.866954556310693,0.0,13.322106854954233,0.0,10.150391637559848,0.0
Tchsp,475.02745098039213,0.0,20.4186728058944,0.0,490.4491343628693,0.0,271.0,0.0,176.17562287621726,0.0,14.46918169254143,0.0,16.46207763315433,0.0,10.921906606645114,0.0,2728.3515509352314,0.0,586.4488724369537,0.0,576.3930613467828,0.0,9.133713102631082,0.0,20.07099966647177,0.0,1486.2997478410134,0.0,364.0538480972487,0.0,14.469181695691788,0.0,12.697731860165934,0.0,9.604765696543755,0.0
Tcnhn,453.99607843137255,0.0,19.944932647953742,0.0,479.8786035908546,0.0,278.0,0.0,175.09742032759218,0.0,14.14807097549975,0.0,16.673332000533065,0.0,10.64908687880757,0.0,328.54154738332426,0.0,109.1199961990296,0.0,75.32614064426069,0.0,7.455742686571507,0.0,15.33796039030981,0.0,1625.3454123186893,0.0,510.9768565536313,0.0,14.148070983283047,0.0,12.596342373065063,0.0,9.304832504084507,0.0
Tctjs,399.7882352941176,0.0,18.796133658890486,0.0,520.9035656393609,0.0,322.0,0.0,212.8534597182413,0.0,15.348455657112668,0.0,17.944358444926362,0.0,12.107561560255094,0.0,2969.0646515182607,0.0,494.4320538531681,0.0,432.87916151610244,0.0,5.365458369955245,0.0,17.89992447203622,0.0,10447.164906183669,0.0,6216.024259574587,0.0,15.348455676291833,0.0,13.746684017769814,0.0,10.828589389062861,0.0
Tdlhs,459.23137254901957,0.0,20.11611047910062,0.0,500.2771781584645,0.0,288.0,0.0,189.17375489081115,0.0,14.794201527879718,0.0,16.97056274847714,0.0,11.366592347278585,0.0,428.2863823400801,0.0,353.4654021740803,0.0,283.47320877546673,0.0,4.703696317897142,0.0,16.76758799373471,0.0,3357.621733199697,0.0,1088.223872363457,0.0,14.79420153228015,0.0,13.378677247473286,0.0,10.153609701311428,0.0
Tdmrr,460.91372549019616,0.0,20.245663477837024,0.0,600.148910856444,0.0,420.0,0.0,290.68921697276625,0.0,17.39228787850396,0.0,20.493901531919196,0.0,14.49998093118616,0.0,562.5279120424277,0.0,457.11905076462716,0.0,374.0625479742902,0.0,9.902474431296012,0.0,17.322271648228142,0.0,4025.961130287303,0.0,1322.6880709653287,0.0,17.392287878532358,0.0,16.378798584223812,0.0,13.324440209605093,0.0
Tdntr,426.97254901960787,0.0,19.47043461029772,0.0,506.1567577674061,0.0,310.0,0.0,201.09933840039392,0.0,14.931703509450358,0.0,17.60681686165901,0.0,11.619750258102565,0.0,424.201273025956,0.0,354.4472421728763,0.0,283.3718025182293,0.0,7.914738418715175,0.0,16.556178254179695,0.0,4037.661186056189,0.0,983.9948367099731,0.0,14.931703522259934,0.0,13.591838166244996,0.0,10.39484360085578,0.0
Tdtds,487.6745098039216,0.0,20.798424732589012,0.0,494.292964264701,0.0,272.0,0.0,178.17666167508017,0.0,14.580956548316937,0.0,16.492422502470642,0.0,11.030557050461976,0.0,429.91771627151843,0.0,365.51237860560497,0.0,291.86111582759736,0.0,5.145596098779825,0.0,16.83833342219398,0.0,3855.6701789052154,0.0,1494.2598172129592,0.0,14.58095656942475,0.0,13.012685754267764,0.0,9.814823082000046,0.0
Teams,528.3372549019608,0.0,21.619022053999544,0.0,553.0359919105424,0.0,346.0,0.0,239.08735241800338,0.0,16.273299579921837,0.0,18.601075237738275,0.0,13.158607372022606,0.0,575.463716791903,0.0,367.9509515395384,0.0,309.72493420048767,0.0,7.764572665121932,0.0,9.625344006744845,0.0,1567.2553627156722,0.0,519.9098976847256,0.0,16.27329956908369,0.0,14.978535509084708,0.0,11.918993058183476,0.0
Teddy,526.835294117647,0.0,21.68983944034849,0.0,524.9033738663863,0.0,311.0,0.0,207.57318060108287,0.0,15.424663076822345,0.0,17.635192088548397,0.0,12.011443851040749,0.0,499.7848060611531,0.0,224.4526095757799,0.0,167.1707700923629,0.0,7.328861518676664,0.0,10.637557020223923,0.0,1284.1469093928592,0.0,536.9997472803095,0.0,15.42466309476185,0.0,13.957963856004145,0.0,10.827237784595992,0.0
Teich,418.9843137254902,0.0,19.258587962354078,0.0,484.2897634742817,0.0,269.0,0.0,171.5235330139406,0.0,14.256811109436985,0.0,16.401219466856727,0.0,10.630612005664192,0.0,336.4466157962021,0.0,110.72863122387685,0.0,79.83375176109735,0.0,5.84507993631079,0.0,9.343927074954278,0.0,1470.6031046858052,0.0,605.7894251585165,0.0,14.256811103890696,0.0,12.264603555363903,0.0,9.304544936878033,0.0
Teile,396.3176470588236,0.0,18.83965934727629,0.0,493.42364536751643,0.0,286.0,0.0,182.84124010902605,0.0,14.521035935663122,0.0,16.911534525287763,0.0,10.977887688839298,0.0,326.9387296149095,0.0,107.37321212965595,0.0,77.13737961655964,0.0,5.573821053379261,0.0,8.12888286100831,0.0,1856.5234191973866,0.0,2443.7106731493677,0.0,14.521036032127697,0.0,13.057091470102852,0.0,9.685026974549933,0.0
Teint,404.94509803921574,0.0,18.986457870500267,0.0,490.4222343438295,0.0,289.0,0.0,183.74186191316716,0.0,14.457545423489371,0.0,17.0,0.0,10.961905008506891,0.0,323.63896071374313,0.0,103.34042737073376,0.0,70.8909455172486,0.0,4.098110910161417,0.0,8.187159475137175,0.0,2165.159465814901,0.0,677.8540962435668,0.0,14.457545424858978,0.0,12.736685231034299,0.0,9.644101226452996,0.0
Tempo,550.7372549019608,0.0,22.09837291186362,0.0,561.6885682380727,0.0,342.0,0.0,237.4555287393586,0.0,16.40196725502782,0.0,18.49324200890693,0.0,13.17022508404752,0.0,1027.2481353831115,0.0,348.20403183001133,0.0,301.5293396988505,0.0,7.040378827499164,0.0,11.836055823414974,0.0,2884.4273921217186,0.0,1308.5349768187168,0.0,16.401967260845215,0.0,15.008314800612606,0.0,11.969621446602625,0.0
Tente,457.2509803921568,0.0,20.218258903268225,0.0,469.5374007043109,0.0,251.0,0.0,157.62710517152357,0.0,13.82503217989938,0.0,15.84297951775486,0.0,10.101176645667147,0.0,323.7281975218328,0.0,101.89736238017386,0.0,71.58426744245007,0.0,4.252358615681594,0.0,7.876710443028945,0.0,2994.723445246516,0.0,603.6164080357294,0.0,13.825032187186691,0.0,12.160553540104846,0.0,8.809408117094145,0.0
Tenzt,441.9607843137255,0.0,19.945411083723776,0.0,489.059218739547,0.0,284.0,0.0,180.1462726915629,0.0,14.386344221257136,0.0,16.852299546352718,0.0,10.846553115720004,0.0,325.7758052502672,0.0,116.14470608621498,0.0,81.63699434041064,0.0,3.942150015897796,0.0,10.76217097414154,0.0,1124.9226164335846,0.0,524.6384812684806,0.0,14.386344217423181,0.0,12.68602318866657,0.0,9.517239935909068,0.0
Teste,451.85490196078433,0.0,20.09611392021722,0.0,470.30493034935944,0.0,243.0,0.0,154.19520842017147,0.0,13.844152520386274,0.0,15.588457268119896,0.0,10.052888003042527,0.0,324.54862204738,0.0,104.39260834585437,0.0,74.5516228103863,0.0,4.223684600736726,0.0,8.387419885029061,0.0,2996.5012828234007,0.0,467.3699294979979,0.0,13.844152529960972,0.0,11.886093840667847,0.0,8.75821643939799,0.0
Teten,457.2509803921568,0.0,20.218258903268225,0.0,473.15437278401845,0.0,261.0,0.0,164.25154404689005,0.0,13.939281568933707,0.0,16.15549442140351,0.0,10.322181652159959,0.0,324.4880454345636,0.0,104.94445207810111,0.0,73.95157337596977,0.0,4.886249514807475,0.0,7.994042448298965,0.0,2647.1349197443274,0.0,1346.3856744447437,0.0,13.939281576959567,0.0,12.223117090254599,0.0,9.022638735265897,0.0
Texas,471.27450980392155,0.0,20.42430911737171,0.0,483.3313960489272,0.0,276.0,0.0,178.19624413145527,0.0,14.343609782768869,0.0,16.61324772583615,0.0,10.88832860997394,0.0,332.18250078530593,0.0,140.00241622576462,0.0,104.61172955935663,0.0,4.752050197642581,0.0,16.699283013042418,0.0,1501.062593346622,0.0,523.8056411313567,0.0,14.343609785384627,0.0,12.549690360950658,0.0,9.563450613737489,0.0
Texte,453.9450980392157,0.0,20.17903869020009,0.0,499.6167511462636,0.0,294.0,0.0,191.35163204289674,0.0,14.773324833187083,0.0,17.146428199482248,0.0,11.34763557374618,0.0,334.26315973072207,0.0,144.72870426977033,0.0,109.63075792666122,0.0,4.2944539868125835,0.0,16.548551848802365,0.0,3286.8460949486107,0.0,469.2486035705476,0.0,14.77332484313604,0.0,13.02543556347437,0.0,10.092687715573463,0.0
Theke,510.1372549019608,0.0,21.28561452298042,0.0,502.9374429012262,0.0,286.0,0.0,189.29975796809845,0.0,14.879363758672161,0.0,16.911534525287763,0.0,11.40075670410608,0.0,376.9791028834293,0.0,129.83034490235084,0.0,99.1799629699362,0.0,5.811504208270815,0.0,10.193425938073876,0.0,4321.978436630696,0.0,396.177292181375,0.0,14.879363749129507,0.0,13.3388057429137,0.0,10.112225754839478,0.0
Thmrs,483.89019607843136,0.0,20.655252270712698,0.0,584.9538293700825,0.0,392.0,0.0,272.25142466049516,0.0,17.051368041253134,0.0,19.79898987322333,0.0,14.066882934272275,0.0,518.0768533222381,0.0,312.61412661039236,0.0,260.57542227988307,0.0,5.992374023787675,0.0,11.002877730712216,0.0,3076.9552921368454,0.0,1063.7584365777197,0.0,17.051368029625678,0.0,15.857122661173943,0.0,12.860623379468047,0.0
Thpjs,482.4039215686274,0.0,20.60776627287395,0.0,531.839969055595,0.0,312.0,0.0,212.95859865072785,0.0,15.678650669770784,0.0,17.663521732655695,0.0,12.339100232522787,0.0,3130.4439899528365,0.0,526.0137557861157,0.0,467.94724302037946,0.0,5.003474008168467,0.0,16.787812952295106,0.0,10134.980381805815,0.0,6107.758912003966,0.0,15.67865068183218,0.0,14.060137603939705,0.0,11.089840125175591,0.0
Tibet,431.156862745098,0.0,19.6063783766617,0.0,508.6349465934565,0.0,306.0,0.0,199.1729716748919,0.0,14.972662567519663,0.0,17.4928556845359,0.0,11.569961237561298,0.0,333.57655246540685,0.0,115.51478394011245,0.0,82.39187398136978,0.0,7.257885052859343,0.0,9.539865004861573,0.0,4941.876437050806,0.0,2576.6449951519285,0.0,14.972662569104974,0.0,13.675301066961376,0.0,10.270426500408108,0.0
Ticks,407.32549019607836,0.0,18.902920812004517,0.0,508.1416512716539,0.0,301.0,0.0,198.27899914405464,0.0,15.002761434912312,0.0,17.349351572897472,0.0,11.612704048908931,0.0,341.0234429853905,0.0,123.16276233028842,0.0,89.23856697064527,0.0,8.958848258723528,0.0,9.211804230400881,0.0,6428.070465785775,0.0,2527.2317304431795,0.0,15.002761419587811,0.0,13.254052376197405,0.0,10.28180428861819,0.0
Tiefe,415.921568627451,0.0,19.32594298552835,0.0,510.58950600448384,0.0,318.0,0.0,205.92642195886333,0.0,15.037140044910473,0.0,17.832554500127006,0.0,11.727408627215231,0.0,335.3747109525851,0.0,147.99114115598806,0.0,114.72513098150077,0.0,8.554836303059147,0.0,10.859085086646978,0.0,5053.845012733136,0.0,2815.4808480990546,0.0,15.037140070299174,0.0,14.215981952523702,0.0,10.476096502033144,0.0
Tiere,393.77647058823527,0.0,18.796860601538334,0.0,501.11920731550447,0.0,306.0,0.0,195.39749734553982,0.0,14.715761277448447,0.0,17.4928556845359,0.0,11.320536168742072,0.0,323.6209373291544,0.0,107.92741143520317,0.0,73.73220725745342,0.0,6.996004541766869,0.0,8.405127143328336,0.0,5144.1113074625155,0.0,2564.1033439541006,0.0,14.715761256287863,0.0,13.732397242779799,0.0,10.067008890416645,0.0
Tifil,317.9686274509804,0.0,16.815764925189203,0.0,561.9438753578597,0.0,408.0,0.0,270.0139349309844,0.0,16.473797691516676,0.0,20.199009876724155,0.0,13.597179865590828,0.0,357.9071744180095,0.0,193.3342295098925,0.0,158.68113009545908,0.0,5.276976580945046,0.0,13.283039311497424,0.0,6509.445166126881,0.0,5612.393029640105,0.0,16.473797761143267,0.0,15.680034976530466,0.0,12.332331850690824,0.0
Tiger,424.97254901960787,0.0,19.45663026736683,0.0,525.0570512589605,0.0,329.0,0.0,214.98722634185359,0.0,15.368066543104346,0.0,18.138357147217054,0.0,12.067134645392855,0.0,984.3552282936605,0.0,263.6751658760326,0.0,189.3932929525057,0.0,8.187466355659565,0.0,9.131506813610862,0.0,4914.184884220205,0.0,2586.9591478427405,0.0,15.368066542987517,0.0,14.323829214863748,0.0,10.825400678855695,0.0
Tings,450.47058823529414,0.0,19.90707130366678,0.0,506.81054991500525,0.0,301.0,0.0,196.08312414984368,0.0,14.903747840594356,0.0,17.349351572897472,0.0,11.512565922821913,0.0,635.2963662985288,0.0,263.01161260954007,0.0,189.18756090732262,0.0,10.540800745938425,0.0,8.816543087080191,0.0,4870.15757870861,0.0,2555.3620127608197,0.0,14.903747847887415,0.0,13.771226365627236,0.0,10.2612098368604,0.0
Tinni,372.36470588235295,0.0,18.102065704660763,0.0,513.5160758240836,0.0,337.0,0.0,216.29338005869855,0.0,15.121219790742341,0.0,18.35755975068582,0.0,11.95367912498989,0.0,325.9536953963394,0.0,114.56291497333522,0.0,79.31312031429722,0.0,5.5666927714969,0.0,9.143404441670889,0.0,5123.466789288762,0.0,2576.5334360539314,0.0,15.121219786655086,0.0,14.028757391148856,0.0,10.678186372000223,0.0
Tippi,425.2196078431373,0.0,19.384965854802253,0.0,538.8363171355501,0.0,339.0,0.0,226.7317648431084,0.0,15.804192355232564,0.0,18.411952639521967,0.0,12.567325281418235,0.0,1371.5155085292336,0.0,273.2220419936678,0.0,253.68298304657472,0.0,8.282416132054921,0.0,12.307360022531247,0.0,5154.370414465176,0.0,2684.76181465291,0.0,15.80419235024741,0.0,14.43365790035934,0.0,11.289113398474381,0.0
Tirms,424.84313725490193,0.0,19.381893832522632,0.0,596.2157006832131,0.0,421.0,0.0,289.64759880682254,0.0,17.292071656989553,0.0,20.518284528683193,0.0,14.427271767140974,0.0,576.3406310852015,0.0,370.56257152353305,0.0,311.35978942121994,0.0,11.712583482222774,0.0,9.454765101847324,0.0,5045.795170411522,0.0,2593.789830585921,0.0,17.29207163895799,0.0,16.40110041436317,0.0,13.214969727688594,0.0
Titel,367.9450980392157,0.0,18.131423333834736,0.0,529.5927551669783,0.0,352.0,0.0,230.30635406642784,0.0,15.579611131786711,0.0,18.76166303929372,0.0,12.49366187342266,0.0,337.7363814750407,0.0,135.52243978205854,0.0,104.17532090815163,0.0,6.086443818809728,0.0,9.493726219075128,0.0,5527.245892241286,0.0,2838.3535935519203,0.0,15.579611127261963,0.0,14.449113815273286,0.0,11.247337553095214,0.0
Titim,406.39607843137253,0.0,18.995749337347846,0.0,628.6397145018454,0.0,465.0,0.0,323.9917575358377,0.0,18.104749393883036,0.0,21.563858652847824,0.0,15.355889818903663,0.0,858.1023664806386,0.0,657.4253117293306,0.0,525.6900927822136,0.0,13.668957061529822,0.0,11.309235340761163,0.0,6643.04210772137,0.0,5676.492712592321,0.0,18.104749454748625,0.0,17.21511544128937,0.0,14.10532776351517,0.0
Titin,352.6392156862745,0.0,17.668988987969236,0.0,527.9321175132641,0.0,357.0,0.0,231.56364238285659,0.0,15.530822649337294,0.0,18.894443627691185,0.0,12.432879846612206,0.0,327.64823690729435,0.0,119.26924628884439,0.0,84.922391889856,0.0,6.288412904128318,0.0,9.07260513841043,0.0,6631.918899643985,0.0,5675.310553831975,0.0,15.530822718941101,0.0,14.47944001708553,0.0,11.117041271074605,0.0
Tlttm,436.98823529411766,0.0,19.718249167963773,0.0,631.8873877536323,0.0,467.0,0.0,327.73426543918265,0.0,18.21846972498625,0.0,21.61018278497431,0.0,15.515298397604862,0.0,861.7695911513434,0.0,659.9494417235729,0.0,528.3619413317065,0.0,14.010955563558102,0.0,12.244740051200878,0.0,5428.440835073369,0.0,1976.2846521639763,0.0,18.218469721067606,0.0,17.28009183404001,0.0,14.289149659595429,0.0
Tnlgn,462.5254901960784,0.0,20.17618361426282,0.0,515.0331060531987,0.0,314.0,0.0,205.5269893873042,0.0,15.149729741487675,0.0,17.72004514666935,0.0,11.823124740638509,0.0,637.5581495268699,0.0,266.37207795562455,0.0,192.57086049119576,0.0,8.054927005836339,0.0,12.788385628254947,0.0,2220.4870743141173,0.0,890.0754791757591,0.0,15.1497297467587,0.0,13.793829699058966,0.0,10.548861288730887,0.0
Tnrfn,402.7450980392157,0.0,18.87746521147523,0.0,511.09169664191484,0.0,334.0,0.0,214.32922136398963,0.0,15.074496736964594,0.0,18.275666882497067,0.0,11.906306082265946,0.0,336.40734419778374,0.0,150.63276269725915,0.0,116.10564765886915,0.0,5.029442354547724,0.0,13.589043141486153,0.0,2096.2591603106325,0.0,1447.3269658623715,0.0,15.074496774862785,0.0,13.876065768971651,0.0,10.630490658276626,0.0
Toast,448.43137254901967,0.0,19.865102157729375,0.0,471.11696127317987,0.0,250.0,0.0,159.5730821416134,0.0,13.934669086168617,0.0,15.811388300841896,0.0,10.244507140035608,0.0,324.3440712753215,0.0,104.45643970176029,0.0,73.02674991989512,0.0,4.682340378126269,0.0,8.89739011881446,0.0,1330.7086854578743,0.0,498.27766085021966,0.0,13.934669085805007,0.0,11.80271373386262,0.0,8.879090541602972,0.0
Todes,491.7137254901961,0.0,20.87523619869733,0.0,457.97638242069536,0.0,211.0,0.0,132.699922638988,0.0,13.396649118085831,0.0,14.52583904633395,0.0,9.300987049979067,0.0,330.6283258455778,0.0,137.46140175739293,0.0,100.12885000553018,0.0,5.559847041909832,0.0,8.755245846527343,0.0,1159.0971617145412,0.0,727.3044427038546,0.0,13.396649128075472,0.0,11.422749446006698,0.0,8.033430436923172,0.0
Toigo,460.313725490196,0.0,20.13343416032255,0.0,492.7639693231847,0.0,264.0,0.0,170.4658186115841,0.0,14.421097640427702,0.0,16.24807680927192,0.0,10.702743485073706,0.0,635.06072030902,0.0,260.42088069033,0.0,187.34349439420674,0.0,8.145586762566573,0.0,9.891581816380057,0.0,1670.3103314223977,0.0,671.2980167386285,0.0,14.421097645883039,0.0,12.680578296778902,0.0,9.460322812293782,0.0
Tokio,438.24313725490197,0.0,19.61759287015671,0.0,501.9981405912022,0.0,290.0,0.0,189.31583327758528,0.0,14.809152220340126,0.0,17.029386365926403,0.0,11.300255108588814,0.0,358.6004875211407,0.0,125.91978162011769,0.0,94.5087520024803,0.0,5.102204542509038,0.0,11.030387085956358,0.0,4293.9748807489,0.0,4969.9776469207,0.0,14.809152309184164,0.0,13.02982921728231,0.0,10.005016211377193,0.0
Tolid,407.80392156862746,0.0,18.9913191687092,0.0,510.1205589890577,0.0,303.0,0.0,197.56725553662983,0.0,15.000679338021518,0.0,17.406895185529212,0.0,11.547211997737179,0.0,351.7768146557013,0.0,197.14157279902975,0.0,152.16229561916788,0.0,7.0150142287640405,0.0,11.71923193467637,0.0,4234.970081152561,0.0,5007.447726574577,0.0,15.000679431994964,0.0,13.583611241545718,0.0,10.302865512054158,0.0
Tolle,396.55294117647065,0.0,18.766261332463326,0.0,496.07520622455957,0.0,280.0,0.0,181.24259349790145,0.0,14.596443973909645,0.0,16.73320053068151,0.0,11.014767629897287,0.0,330.1278664743041,0.0,111.14160343566134,0.0,82.77749513105059,0.0,5.240528271723389,0.0,8.035899958497447,0.0,2125.110994425236,0.0,2514.026977685754,0.0,14.59644407078896,0.0,13.009555185183297,0.0,9.755207735400536,0.0
Tondo,490.686274509804,0.0,20.786456789255727,0.0,463.4662793470103,0.0,227.0,0.0,141.97292982104022,0.0,13.553981906871629,0.0,15.066519173319364,0.0,9.57497606146172,0.0,329.4682961744336,0.0,131.57752376760757,0.0,94.62857960847859,0.0,7.07132295562176,0.0,9.42355110053114,0.0,1390.0414083651401,0.0,674.4044636699475,0.0,13.55398192383524,0.0,11.734781783701578,0.0,8.295574067453993,0.0
Tonne,470.55294117647054,0.0,20.387415361281526,0.0,450.48523605400453,0.0,215.0,0.0,132.1511380302273,0.0,13.179851925199813,0.0,14.66287829861518,0.0,9.123213764812402,0.0,320.619264820207,0.0,87.53223507619731,0.0,58.15826675618593,0.0,5.951327484314434,0.0,7.8554075638546115,0.0,1706.3144403365832,0.0,685.5099274455887,0.0,13.179851931880348,0.0,11.226585876595358,0.0,7.803529227972076,0.0
Tools,421.73333333333335,0.0,19.24480546759521,0.0,472.88314782128333,0.0,239.0,0.0,152.38150540069043,0.0,13.877537790037547,0.0,15.459624833740307,0.0,10.01446063016937,0.0,326.2265370912679,0.0,101.18641759772368,0.0,73.19408580260277,0.0,3.980892723953335,0.0,9.133381471404416,0.0,1400.5106592010623,0.0,2425.7314350695624,0.0,13.87753787173594,0.0,11.928440638953445,0.0,8.731933704687458,0.0
Torso,419.1921568627451,0.0,19.2029097180045,0.0,466.1340023088226,0.0,241.0,0.0,150.04382441280234,0.0,13.641610082375289,0.0,15.524174696260024,0.0,9.803488957753581,0.0,322.6646845307265,0.0,97.46089016250868,0.0,66.73950033336017,0.0,5.040523704612259,0.0,9.22705398390002,0.0,1215.7780932923615,0.0,683.8746492972209,0.0,13.64161008048623,0.0,11.528979281615513,0.0,8.53294261985424,0.0
Tosto,439.0078431372549,0.0,19.66234973049406,0.0,470.88250526174886,0.0,239.0,0.0,151.8759383238902,0.0,13.826905998274494,0.0,15.459624833740307,0.0,9.986448799534191,0.0,325.0533114873869,0.0,103.5484373526099,0.0,74.1560512366475,0.0,4.071035420481001,0.0,9.341638762410595,0.0,3044.8802563106515,0.0,548.5101473440837,0.0,13.826906005822938,0.0,11.6841806193531,0.0,8.705591734243592,0.0
Toter,411.2862745098039,0.0,19.152212091276425,0.0,483.75396590969524,0.0,269.0,0.0,171.21859889087304,0.0,14.218497472967165,0.0,16.401219466856727,0.0,10.59953502473966,0.0,324.8670007799814,0.0,107.42844070400562,0.0,76.04737511917398,0.0,4.471015555162498,0.0,8.332540085155076,0.0,2700.328781242528,0.0,1377.841835686531,0.0,14.21849748072848,0.0,12.376809737224656,0.0,9.33820233976195,0.0
Toton,444.4039215686274,0.0,19.787172494055245,0.0,471.1983591231955,0.0,246.0,0.0,155.17350959979808,0.0,13.83455343954822,0.0,15.684387141358123,0.0,10.046744632897889,0.0,324.6433948154302,0.0,102.3008447004529,0.0,72.52090135700408,0.0,5.079603565058719,0.0,9.139607985775006,0.0,2956.9745721929635,0.0,1469.2832688703595,0.0,13.83455344631057,0.0,11.71677173349388,0.0,8.74765499815606,0.0
Tpkth,499.5450980392157,0.0,20.982053077008764,0.0,539.8359781879683,0.0,343.0,0.0,232.71324691542264,0.0,15.973075542670333,0.0,18.520259177452136,0.0,12.826034113787074,0.0,1323.1617427615895,0.0,317.75308716528815,0.0,299.03137495939364,0.0,4.8119370871122396,0.0,16.20176822891355,0.0,3560.2934754437583,0.0,704.8764081776982,0.0,15.973075550105937,0.0,14.37581195228772,0.0,11.52254982221793,0.0
Tpsrs,435.7764705882353,0.0,19.58913264151986,0.0,490.62129400443575,0.0,268.0,0.0,174.69132819079869,0.0,14.461208703251758,0.0,16.3707055437449,0.0,10.872844505968553,0.0,1309.7390489510512,0.0,301.4851387890718,0.0,286.4632020139644,0.0,5.310563453063723,0.0,13.591851008938429,0.0,1950.3643979417745,0.0,689.4298383047549,0.0,14.461208692459659,0.0,12.571359849583413,0.0,9.584153379373198,0.0
Tqtkm,538.356862745098,0.0,21.83776714359237,0.0,622.9548691981388,0.0,433.0,0.0,309.34819934097345,0.0,18.038122496388237,0.0,20.808652046684813,0.0,15.221732681391057,0.0,4513.060223795553,0.0,5335.157696541523,0.0,4460.8219440099,0.0,10.308071012318752,0.0,40.320451785200156,0.0,5028.021714465028,0.0,1514.5534780416601,0.0,18.038122490942797,0.0,16.710625570786046,0.0,14.026010644470588,0.0
Trakt,429.8352941176471,0.0,19.48216586061546,0.0,532.2940260488765,0.0,362.0,0.0,239.8883565673668,0.0,15.792189854621286,0.0,19.026297590440446,0.0,12.807438539615799,0.0,344.5665028676353,0.0,135.7954072858827,0.0,99.11657215137882,0.0,7.6927588525735935,0.0,9.32709423332783,0.0,5214.941323423099,0.0,711.2272072577956,0.0,15.792189855370536,0.0,14.514357754268705,0.0,11.44958171580612,0.0
Trass,420.99607843137255,0.0,19.22945884986348,0.0,482.39067962763755,0.0,284.0,0.0,181.9311740862909,0.0,14.32339632756629,0.0,16.852299546352718,0.0,10.952473326328981,0.0,325.22070829573437,0.0,112.36970579689999,0.0,78.90109589289428,0.0,7.091963459126584,0.0,8.63458620503771,0.0,3125.451156329364,0.0,696.6857396555711,0.0,14.323396333899213,0.0,12.83908149174441,0.0,9.613885088968162,0.0
Traum,485.4823529411765,0.0,20.719544660769813,0.0,596.956706307753,0.0,426.0,0.0,295.57376003677655,0.0,17.41680768794357,0.0,20.639767440550294,0.0,14.642518619058,0.0,857.3158540703814,0.0,656.58905448513,0.0,524.7538986600575,0.0,14.493112128094156,0.0,11.326667363761837,0.0,5225.973484420228,0.0,840.3049298354184,0.0,17.416807697142932,0.0,16.44358710591117,0.0,13.394874770842353,0.0
Trege,477.278431372549,0.0,20.660418000909818,0.0,505.9922275340016,0.0,294.0,0.0,191.96392506788388,0.0,14.868008397564209,0.0,17.146428199482248,0.0,11.409055591253441,0.0,635.893841025328,0.0,265.0235856635493,0.0,190.91206892703048,0.0,11.315283987671016,0.0,9.237644204393066,0.0,3034.602936092884,0.0,719.9273185828323,0.0,14.868008417852954,0.0,13.761923863911807,0.0,10.18497075329968,0.0
Trehe,452.8235294117647,0.0,20.10730231297245,0.0,494.0189254881375,0.0,290.0,0.0,186.69122081165602,0.0,14.579546404071019,0.0,17.029386365926403,0.0,11.131070025374662,0.0,329.09978290921305,0.0,110.75717922359249,0.0,78.35462609504617,0.0,9.738213667505933,0.0,9.81650104277094,0.0,3150.3665359043025,0.0,693.5977020566327,0.0,14.579546415153082,0.0,13.452886929560012,0.0,9.880096391204434,0.0
Tremm,536.3019607843138,0.0,21.85222502543143,0.0,691.4249339172295,0.0,520.0,0.0,376.86514860690176,0.0,19.551245261422487,0.0,22.80350850198276,0.0,16.91646251559757,0.0,980.7993124580096,0.0,745.6737419145323,0.0,605.4533748976593,0.0,16.390241478099398,0.0,11.65078191398509,0.0,3292.112275146514,0.0,787.7419988078753,0.0,19.55124525809777,0.0,18.813133816262486,0.0,15.717884899623263,0.0
Trend,455.3450980392157,0.0,20.13161881530066,0.0,502.39492642127243,0.0,307.0,0.0,198.0918695463488,0.0,14.819274389021068,0.0,17.52141546793523,0.0,11.484929494368622,0.0,349.8503788733148,0.0,198.10282702418854,0.0,151.46392622365843,0.0,11.55654614945423,0.0,11.244626012491697,0.0,3364.8232437743454,0.0,781.2725023529996,0.0,14.81927440244739,0.0,13.829512405630236,0.0,10.249828812429227,0.0
Trepf,437.81960784313725,0.0,19.776182475651495,0.0,530.6366334408841,0.0,340.0,0.0,225.83174237239308,0.0,15.636180377533192,0.0,18.439088914585774,0.0,12.4802667625531,0.0,973.7584247096944,0.0,280.5016638671396,0.0,247.632128485545,0.0,8.46859977509497,0.0,14.803695048079405,0.0,3364.854101834221,0.0,1114.7869651130777,0.0,15.636180390062567,0.0,14.6039141225819,0.0,11.260314014702377,0.0
Trfmf,439.1058823529412,0.0,19.794601573200538,0.0,639.6327585290096,0.0,491.0,0.0,342.8093032191448,0.0,18.426709015868536,0.0,22.15851980616034,0.0,15.813074268651855,0.0,613.7142690213032,0.0,442.4527766418818,0.0,375.9027692846887,0.0,10.522924867955291,0.0,17.98402823856065,0.0,3804.5931416634467,0.0,1122.4538554478709,0.0,18.426709006027853,0.0,17.839260939680493,0.0,14.603955077800467,0.0
Trhqs,457.00392156862745,0.0,20.08527456913381,0.0,505.52696434360587,0.0,302.0,0.0,197.67102872992427,0.0,14.93429888171374,0.0,17.378147196982766,0.0,11.586055247723666,0.0,10603.45878742342,0.0,12837.23669114224,0.0,10598.55161542013,0.0,9.103148781156333,0.0,63.446408091661965,0.0,2990.518705009546,0.0,772.93403898496,0.0,14.934298903666665,0.0,13.703970602997046,0.0,10.353311284527427,0.0
Trias,382.73333333333335,0.0,18.360188362986282,0.0,498.6418511066398,0.0,314.0,0.0,201.3020077841303,0.0,14.755592393971042,0.0,17.72004514666935,0.0,11.51849292669022,0.0,325.23835774651144,0.0,112.86416723847071,0.0,78.3662908663626,0.0,9.054262516443526,0.0,8.623076841342238,0.0,3280.2967638454747,0.0,899.550072757689,0.0,14.75559239703143,0.0,13.543501338987067,0.0,10.178256260107425,0.0
Trick,373.18039215686275,0.0,18.135510673946964,0.0,530.8476602153421,0.0,342.0,0.0,226.81878208723816,0.0,15.659248597318118,0.0,18.49324200890693,0.0,12.474799017942445,0.0,369.3512208940967,0.0,142.4722397404892,0.0,106.92410937283582,0.0,9.920395593801675,0.0,10.233436696780187,0.0,3285.4725637784877,0.0,833.4175854483553,0.0,15.659248597967668,0.0,13.970480996695455,0.0,11.125437018437863,0.0
Trieb,411.34117647058827,0.0,19.145595257458023,0.0,511.08478595357315,0.0,319.0,0.0,206.96313945051406,0.0,15.060803976986746,0.0,17.86057109949175,0.0,11.778797354427372,0.0,341.0758519258298,0.0,132.9766850114737,0.0,96.51304161243397,0.0,12.756058548561368,0.0,15.877181155060502,0.0,3380.0013670258827,0.0,962.2019037376766,0.0,15.06080398415,0.0,13.937870360921073,0.0,10.515179770407375,0.0
Trips,397.51372549019607,0.0,18.736556426216712,0.0,511.1102118250851,0.0,313.0,0.0,204.51132747036368,0.0,15.074190667890015,0.0,17.69180601295413,0.0,11.765303275846287,0.0,958.9402043792245,0.0,201.86857661686227,0.0,180.64973344135356,0.0,9.713311890283771,0.0,11.231084248155726,0.0,3618.0571181522605,0.0,1186.7723574377276,0.0,15.074190674794625,0.0,13.70717034371541,0.0,10.487126087230235,0.0
Tritt,337.0313725490196,0.0,17.34801037733975,0.0,535.970019263064,0.0,369.0,0.0,241.16736257270847,0.0,15.786414459992908,0.0,19.209372712298546,0.0,12.751256405671127,0.0,329.42900916604293,0.0,125.80822930103069,0.0,90.73649969944378,0.0,5.338448257298402,0.0,8.81716779231823,0.0,4417.543069301772,0.0,873.1675921852751,0.0,15.786414469694467,0.0,14.55307613507987,0.0,11.45519846733557,0.0
Trkll,363.91372549019604,0.0,17.930092794092488,0.0,571.3502841430516,0.0,416.0,0.0,280.27686871441813,0.0,16.796506759793743,0.0,20.396078054371138,0.0,13.983137582229519,0.0,375.7817274944304,0.0,163.6307938245152,0.0,129.46304306496282,0.0,6.38927075329689,0.0,12.540592611639115,0.0,3727.063436730391,0.0,2494.5336816064146,0.0,16.796506844826883,0.0,15.711383051728856,0.0,12.714474831571863,0.0
Trmnx,470.59215686274507,0.0,20.410717420534613,0.0,613.7820083330334,0.0,450.0,0.0,312.9542901055097,0.0,17.809267570451965,0.0,21.213203435596427,0.0,15.060048364228573,0.0,500.1614863558919,0.0,327.21681738431437,0.0,270.81808298982645,0.0,7.467220559246915,0.0,20.932728926137532,0.0,4135.888247706591,0.0,1194.1206871879442,0.0,17.809267581602025,0.0,16.67541348139496,0.0,13.821262871334678,0.0
Trntt,380.6901960784314,0.0,18.399816123314388,0.0,519.5254960281726,0.0,344.0,0.0,223.39784246827958,0.0,15.348935534511536,0.0,18.547236990991408,0.0,12.232099232429087,0.0,328.56041693526066,0.0,122.35356833705067,0.0,88.06622109980576,0.0,4.672096874970718,0.0,9.20290551150293,0.0,4204.669956380818,0.0,834.8505858770667,0.0,15.348935542404897,0.0,14.11490389154656,0.0,10.94665375167446,0.0
Tronk,440.1372549019608,0.0,19.673131695961466,0.0,518.3525744406762,0.0,323.0,0.0,213.1601108783991,0.0,15.316175533631542,0.0,17.97220075561143,0.0,12.061348559476796,0.0,368.6553196065943,0.0,137.6385119803797,0.0,103.67919677023285,0.0,10.338238165087592,0.0,10.917332723861431,0.0,3367.153082089192,0.0,778.7237163798703,0.0,15.31617554685809,0.0,13.829393303461158,0.0,10.744215585604776,0.0
Tropf,431.39607843137253,0.0,19.556955141974967,0.0,526.7636598791385,0.0,332.0,0.0,219.4691271242117,0.0,15.49388375916763,0.0,18.2208671582886,0.0,12.280541404274517,0.0,973.6795423261797,0.0,279.65784791227924,0.0,247.09659663929284,0.0,8.507975321821734,0.0,14.917682882331167,0.0,3368.4109318736723,0.0,1114.8411286259782,0.0,15.493883770597135,0.0,14.306083316652359,0.0,11.050622516402765,0.0
Trost,397.24313725490197,0.0,18.740074394521162,0.0,498.7677557244573,0.0,299.0,0.0,192.42622349613455,0.0,14.699665045740018,0.0,17.291616465790582,0.0,11.2978633677562,0.0,326.18729235182286,0.0,113.49562416410653,0.0,80.42933403707859,0.0,5.6223324848232314,0.0,9.02469008115125,0.0,3116.2028243673208,0.0,702.0110614644182,0.0,14.69966505168384,0.0,13.07655869376983,0.0,10.002799752223142,0.0
Trott,382.9137254901961,0.0,18.455973986179835,0.0,516.9575965597508,0.0,331.0,0.0,214.9228132649264,0.0,15.228481473574766,0.0,18.193405398660254,0.0,12.002118890511374,0.0,328.5747924620506,0.0,121.46733257962153,0.0,87.43210960235524,0.0,4.661151255481385,0.0,9.280593267927737,0.0,4212.085951393033,0.0,766.3334024369113,0.0,15.228481482094633,0.0,13.851461050001461,0.0,10.71720152842901,0.0
Trotz,395.99607843137255,0.0,18.8639512883272,0.0,519.0485511534681,0.0,335.0,0.0,216.1680058183714,0.0,15.232098701582022,0.0,18.303005217723125,0.0,12.000506421107602,0.0,331.4327570204586,0.0,135.31840375731386,0.0,99.67768601099148,0.0,6.023907933721013,0.0,14.669183128007388,0.0,4192.638621113667,0.0,763.1579209378062,0.0,15.232098710669797,0.0,13.921882011996047,0.0,10.714026637009413,0.0
Trpxm,497.01960784313724,0.0,20.99150887451667,0.0,635.7948914287089,0.0,457.0,0.0,325.24297738691337,0.0,18.330929838101163,0.0,21.37755832643195,0.0,15.553806744147202,0.0,1304.348785402613,0.0,688.306684087274,0.0,559.1500150980949,0.0,13.697005864210842,0.0,38.468719847368185,0.0,4039.9919765065843,0.0,746.0055450819146,0.0,18.33092983912454,0.0,16.958865046269985,0.0,14.316767919613497,0.0
Trsfb,423.56078431372555,0.0,19.37418346681395,0.0,527.3609829479864,0.0,340.0,0.0,225.25440486053583,0.0,15.577464253081155,0.0,18.439088914585774,0.0,12.428865538798618,0.0,353.6112913423408,0.0,171.47076463099486,0.0,133.99138743320054,0.0,10.630207056708254,0.0,18.27132146940216,0.0,3317.0160872799506,0.0,1413.5396394087954,0.0,15.577464290462197,0.0,14.471228031565495,0.0,11.18681031563203,0.0
Truff,385.2862745098039,0.0,18.553022823830524,0.0,547.2406380310854,0.0,391.0,0.0,257.5930611803817,0.0,16.13262334479545,0.0,19.77371993328519,0.0,13.249613122870642,0.0,377.2532425482093,0.0,248.36843809333266,0.0,207.23256481917298,0.0,5.921345604178194,0.0,14.294896863766136,0.0,3631.397514016943,0.0,1425.638207530027,0.0,16.13262338330375,0.0,15.39828753323002,0.0,12.042590418751328,0.0
Truhe,444.1137254901961,0.0,19.865666122827406,0.0,496.2844089258481,0.0,302.0,0.0,193.37019319669085,0.0,14.65903422958782,0.0,17.378147196982766,0.0,11.295380686717731,0.0,329.0568715347204,0.0,110.98182200985123,0.0,78.22916448573953,0.0,10.062630170396913,0.0,10.318882090208302,0.0,3472.0476607068995,0.0,685.7088664138527,0.0,14.65903423931465,0.0,13.508267016109835,0.0,10.051844829727386,0.0
Trupp,472.9333333333333,0.0,20.46123894381092,0.0,518.6319952108214,0.0,317.0,0.0,209.60143846883517,0.0,15.29386950995778,0.0,17.804493814764857,0.0,12.015811673426862,0.0,2872.782750946541,0.0,610.042594924117,0.0,598.7054671060057,0.0,12.704088902925958,0.0,17.604705244378565,0.0,3667.3961122470173,0.0,1107.756150429127,0.0,15.293869521894969,0.0,14.036444426689465,0.0,10.766937819341463,0.0
Trure,389.1843137254902,0.0,18.65247854270944,0.0,502.1828814318136,0.0,319.0,0.0,202.96573610460734,0.0,14.792452948164877,0.0,17.86057109949175,0.0,11.518170597228238,0.0,324.6732337410034,0.0,112.70932533305147,0.0,77.86975882120551,0.0,6.8048237367736215,0.0,9.17801417599485,0.0,3745.391600599255,0.0,810.1132939152972,0.0,14.792452942984484,0.0,13.70142814587894,0.0,10.286447446683342,0.0
Träne,456.7647058823529,0.0,20.127658327728675,0.0,495.98382348652865,0.0,307.0,0.0,197.79538441218494,0.0,14.720188104540853,0.0,17.52141546793523,0.0,11.471837707852075,0.0,333.4816427333806,0.0,140.4736047453098,0.0,108.07492683691508,0.0,8.91645770982062,0.0,17.98621758020581,0.0,3403.7043731463573,0.0,771.4519032181031,0.0,14.72018811433593,0.0,13.780730499558873,0.0,10.200522308298613,0.0
Tschm,502.35686274509806,0.0,21.01241206945427,0.0,577.1593883848703,0.0,366.0,0.0,257.2652707378114,0.0,16.856008684910645,0.0,19.131126469708992,0.0,13.775248773484403,0.0,859.036371285789,0.0,656.3721407717961,0.0,525.0129726496064,0.0,12.589373994324857,0.0,15.18769500779225,0.0,1515.6381433212648,0.0,451.27525771816755,0.0,16.856008691315555,0.0,15.171672193376072,0.0,12.56889863423421,0.0
Tubke,512.2509803921569,0.0,21.30636270900633,0.0,498.1108585013917,0.0,278.0,0.0,184.03143876043993,0.0,14.756426324929079,0.0,16.673332000533065,0.0,11.229580922596787,0.0,348.929668600487,0.0,124.22567634976285,0.0,91.92707884909296,0.0,6.88358179841348,0.0,10.502826287601478,0.0,5447.955747435004,0.0,375.64594380823894,0.0,14.756426322073539,0.0,13.01483359043085,0.0,9.940227102601712,0.0
Tulpe,457.6941176470588,0.0,20.172250173128667,0.0,493.0648511701067,0.0,275.0,0.0,178.90790094359863,0.0,14.545922204684109,0.0,16.583123951777,0.0,10.994940713526386,0.0,959.2804543677223,0.0,198.95530319288315,0.0,179.5929860968879,0.0,7.963143356827827,0.0,11.425299533057377,0.0,4104.440877094209,0.0,1156.0851819587317,0.0,14.545922203003254,0.0,13.00302144823353,0.0,9.73126299974177,0.0
Tumor,476.05882352941177,0.0,20.52523432599176,0.0,570.838677418304,0.0,375.0,0.0,257.3467382298911,0.0,16.654245658893355,0.0,19.364916731037084,0.0,13.583211398558726,0.0,491.6502717273707,0.0,306.8854096148447,0.0,254.7954253424578,0.0,7.964712951052662,0.0,10.302868853738845,0.0,4428.242699002031,0.0,1224.711040308304,0.0,16.654245666477635,0.0,15.348823969426965,0.0,12.378687297285033,0.0
Tusch,448.5372549019608,0.0,19.8471626545552,0.0,475.3330557942712,0.0,251.0,0.0,161.16292126158487,0.0,14.029907551572377,0.0,15.84297951775486,0.0,10.34047984541705,0.0,337.0547815347509,0.0,112.04390446558854,0.0,81.59491251997657,0.0,5.686651357238845,0.0,9.985959617083132,0.0,3437.4385197363254,0.0,385.05104850053067,0.0,14.029907554313043,0.0,11.856328173878103,0.0,9.024852237823527,0.0
Tutor,402.5764705882353,0.0,18.898367976828585,0.0,493.4175621503962,0.0,293.0,0.0,187.2038433499549,0.0,14.538568514516292,0.0,17.11724276862369,0.0,11.095383343332735,0.0,325.7650668161785,0.0,111.63022797244004,0.0,78.7403945169735,0.0,4.567906207321133,0.0,9.857359095344991,0.0,4466.348303821651,0.0,1439.2767855680283,0.0,14.53856852212587,0.0,12.854222743587322,0.0,9.8223860676471,0.0
Tvthn,441.964705882353,0.0,19.762143858223624,0.0,527.2231866904755,0.0,356.0,0.0,233.50545661007817,0.0,15.601117122479888,0.0,18.867962264113206,0.0,12.588126637317473,0.0,348.7133424580246,0.0,175.6858059089733,0.0,136.83604464244834,0.0,6.991722013351131,0.0,24.783709216247093,0.0,5475.020577380911,0.0,1324.866671988183,0.0,15.60111712948236,0.0,14.131222639292558,0.0,11.350606874905345,0.0
Typos,488.3294117647059,0.0,20.756737162650815,0.0,518.0316024021361,0.0,303.0,0.0,203.2377470277761,0.0,15.28228072641582,0.0,17.406895185529212,0.0,11.93428110169188,0.0,1203.0535218358473,0.0,510.6302923740391,0.0,415.80792326023817,0.0,4.854968055218828,0.0,14.536563780211798,0.0,5530.110346320832,0.0,905.8616674739574,0.0,15.282280740194938,0.0,13.511831139642206,0.0,10.730901852720525,0.0
Typus,486.043137254902,0.0,20.731765981768145,0.0,526.9525548860081,0.0,324.0,0.0,217.92971983649545,0.0,15.572811562547624,0.0,18.0,0.0,12.361044609588086,0.0,1203.2143402559793,0.0,511.3781839646095,0.0,416.2891827484487,0.0,4.910974577141278,0.0,14.859145612924683,0.0,6810.253177751563,0.0,701.2779663116331,0.0,15.57281157123825,0.0,13.931348215935158,0.0,11.159338797639133,0.0
Tztvn,419.93333333333334,0.0,19.413771732251625,0.0,533.4456550041941,0.0,354.0,0.0,232.761359975711,0.0,15.704502535655777,0.0,18.81488772222678,0.0,12.576647899855281,0.0,341.40836074499305,0.0,168.2111811181772,0.0,129.17471762423958,0.0,4.85758366049908,0.0,25.630428411670927,0.0,4653.031063013489,0.0,1292.3217047052083,0.0,15.704502533113692,0.0,13.968918975268888,0.0,11.256887227657968,0.0
Töbön,523.0,0.0,21.4605567038871,0.0,490.43107442609534,0.0,259.0,0.0,170.3907008976277,0.0,14.478073622041357,0.0,16.09347693943108,0.0,10.806666240635934,0.0,348.7387091504636,0.0,159.5149232777564,0.0,130.98921203030744,0.0,5.476647449053365,0.0,35.43945605852992,0.0,1766.9172272136516,0.0,1770.1873477866284,0.0,14.478073654512643,0.0,12.884110375964683,0.0,9.654588196233265,0.0
Töböt,503.2745098039216,0.0,21.096537230594887,0.0,501.94506133132904,0.0,272.0,0.0,180.9594549393547,0.0,14.818781759839283,0.0,16.492422502470642,0.0,11.203048272265347,0.0,349.82083090299943,0.0,162.34870851707677,0.0,133.3245005022861,0.0,5.685151539384396,0.0,35.59019240256298,0.0,1823.3272855811424,0.0,1769.0803505413016,0.0,14.818781790483975,0.0,13.15471765943883,0.0,10.0450237145158,0.0
Töckt,455.20784313725494,0.0,20.03062937187568,0.0,508.20558817525784,0.0,286.0,0.0,191.2446117454944,0.0,15.025778475201449,0.0,16.911534525287763,0.0,11.517045458234803,0.0,345.01745462085586,0.0,136.00755979306723,0.0,101.75910970357941,0.0,4.344907476009092,0.0,13.419455503933849,0.0,4491.685162505827,0.0,778.9188495432369,0.0,15.025778477106774,0.0,12.873339737332522,0.0,10.252937318486108,0.0
Töpfe,495.9137254901961,0.0,21.007584357518468,0.0,502.6834630974247,0.0,274.0,0.0,182.10630740967545,0.0,14.832866131579644,0.0,16.55294535724685,0.0,11.240814488622616,0.0,1036.5073666491176,0.0,237.02940731889882,0.0,213.83906106898337,0.0,5.151982291798675,0.0,15.729914746629609,0.0,2121.9197335396357,0.0,1481.6825345995044,0.0,14.832866177366768,0.0,13.335447599258154,0.0,10.053567858577438,0.0
Töten,467.156862745098,0.0,20.370534917140922,0.0,483.24417536763576,0.0,267.0,0.0,171.5747453176003,0.0,14.259061037479556,0.0,16.34013463836819,0.0,10.689176494459996,0.0,328.4424403823538,0.0,120.98144336653105,0.0,89.20010609061977,0.0,4.403802727102695,0.0,12.38513943697934,0.0,2966.9507799290195,0.0,1502.4347653297025,0.0,14.259061056518334,0.0,12.645599332505602,0.0,9.479522961660873,0.0
Tücke,481.2941176470588,0.0,20.633384668067386,0.0,495.7226331561408,0.0,273.0,0.0,180.73033598007495,0.0,14.68315476249527,0.0,16.522711641858304,0.0,11.140599858995662,0.0,343.873531977458,0.0,131.76439670178718,0.0,99.36360986176561,0.0,5.8868573170379515,0.0,11.389586375272396,0.0,7106.749852450648,0.0,2150.770520046927,0.0,14.683154763861902,0.0,12.762368268193834,0.0,9.862370737828824,0.0
Türme,498.8117647058824,0.0,21.073062334902907,0.0,583.7966825676999,0.0,393.0,0.0,272.0989356428429,0.0,17.015520130074098,0.0,19.82422760159901,0.0,14.0500619405628,0.0,578.0316084512423,0.0,373.5095843850494,0.0,314.4113922843974,0.0,8.327702165040042,0.0,11.566232045482097,0.0,5888.388572570601,0.0,2228.5659129274613,0.0,17.015520127095137,0.0,16.006381045385744,0.0,12.891325848055855,0.0
Uhmst,539.1137254901961,0.0,21.660965268849772,0.0,574.8182222062121,0.0,380.0,0.0,264.5256408013298,0.0,16.841803199061257,0.0,19.493588689617926,0.0,13.87299374407227,0.0,518.1289935267946,0.0,310.25908277313073,0.0,259.33863338656505,0.0,5.5393046393966126,0.0,15.287340233549228,0.0,2760.305513975809,0.0,945.4339141518041,0.0,16.84180319516532,0.0,15.499210091981695,0.0,12.62434957302486,0.0
Uhran,482.58431372549023,0.0,20.437809757072362,0.0,484.6334892560816,0.0,299.0,0.0,189.75603973371335,0.0,14.355734406346672,0.0,17.291616465790582,0.0,11.119149125137218,0.0,361.2535368428965,0.0,112.63180309309661,0.0,82.0118550397979,0.0,3.6220049145310558,0.0,14.31598720573312,0.0,1263.742216930164,0.0,681.2615194959168,0.0,14.3557344044369,0.0,13.108034481865598,0.0,9.761389650599584,0.0
Uhren,479.5843137254901,0.0,20.452693703729153,0.0,479.48718054276156,0.0,283.0,0.0,178.5550235770977,0.0,14.146254782823275,0.0,16.822603841260722,0.0,10.761612864684398,0.0,360.11852900709175,0.0,107.66808052612834,0.0,78.61020587334946,0.0,3.5465180511146164,0.0,13.980284059331758,0.0,1501.2976215829096,0.0,762.9095410346068,0.0,14.146254786859817,0.0,12.818226841576385,0.0,9.466060117501804,0.0
Umbau,586.643137254902,0.0,22.611360031200956,0.0,578.7258884937926,0.0,395.0,0.0,275.020478540467,0.0,16.97410673329914,0.0,19.87460691435179,0.0,14.154211212718815,0.0,1363.4011891181217,0.0,1095.0329071804083,0.0,904.7207039193346,0.0,4.580338673168569,0.0,19.07428056609151,0.0,4114.856660942471,0.0,1004.4055989771211,0.0,16.97410674295237,0.0,16.044650694057857,0.0,12.944340454248206,0.0
Umken,575.2666666666667,0.0,22.41316380104496,0.0,588.1221923184455,0.0,408.0,0.0,285.01831620584557,0.0,17.217160806490682,0.0,20.199009876724155,0.0,14.433885708134488,0.0,1369.7545657651326,0.0,1096.4404794908494,0.0,906.1012003320673,0.0,4.7706839992451275,0.0,17.74549441522355,0.0,4531.896179140014,0.0,1112.1701399301455,0.0,17.217160819489475,0.0,16.206735779319995,0.0,13.233270996453212,0.0
Unarm,520.9529411764705,0.0,21.2830336226898,0.0,577.3590264519769,0.0,401.0,0.0,276.50786217732656,0.0,16.918507313179695,0.0,20.024984394500787,0.0,14.114551229581902,0.0,856.47091207355,0.0,654.4936642444301,0.0,523.1610252032814,0.0,4.833807587990195,0.0,16.076144449590466,0.0,2416.2363299325366,0.0,673.4774884700435,0.0,16.918507304995927,0.0,15.910837016709797,0.0,12.85698042444098,0.0
Unmut,529.0588235294117,0.0,21.488915089916425,0.0,567.7833871086705,0.0,381.0,0.0,261.4446584022465,0.0,16.638744067712643,0.0,19.519221295943137,0.0,13.678151476376161,0.0,491.93525268944984,0.0,305.28011176633885,0.0,253.91949881585882,0.0,5.006537930307319,0.0,15.416608776818459,0.0,5105.688926738114,0.0,1122.0975522888173,0.0,16.638744072840332,0.0,15.412998938996829,0.0,12.419837235528366,0.0
Unrat,447.4705882352941,0.0,19.71878769689694,0.0,483.8614503731679,0.0,300.0,0.0,189.27450191344144,0.0,14.314345322224698,0.0,17.320508075688775,0.0,11.053499283846698,0.0,324.1202428717162,0.0,103.27653188475138,0.0,69.37570284522222,0.0,4.185684444921547,0.0,14.432319539767764,0.0,1698.5470653486186,0.0,792.5571276211509,0.0,14.314345325426563,0.0,12.936547184960085,0.0,9.667012614519262,0.0
Untat,467.2862745098039,0.0,20.166478213156665,0.0,486.093979735188,0.0,297.0,0.0,189.7776044159243,0.0,14.423908563984726,0.0,17.233687939614086,0.0,11.158251425772445,0.0,326.67572251611887,0.0,109.26693508738924,0.0,77.20615779569025,0.0,3.3054807907541024,0.0,14.64519236609301,0.0,2921.599587224644,0.0,1334.2262528152412,0.0,14.423908565976767,0.0,12.957651216870726,0.0,9.756369742500652,0.0
Unzen,497.09411764705885,0.0,20.928754118263093,0.0,469.709689681138,0.0,266.0,0.0,165.64718404201838,0.0,13.816807055074552,0.0,16.30950643030009,0.0,10.271838396795202,0.0,324.7431438419688,0.0,107.94782906837864,0.0,75.30931086884748,0.0,1.8639533115524738,0.0,17.663760742782234,0.0,1767.416382751016,0.0,701.9979149287851,0.0,13.816807064900502,0.0,12.340933446511608,0.0,8.89037940450304,0.0
Ursel,421.8,0.0,19.190350243902795,0.0,500.7797272981449,0.0,313.0,0.0,202.6962346971858,0.0,14.812400770975504,0.0,17.69180601295413,0.0,11.634333842290554,0.0,334.89450841944887,0.0,124.42334977560809,0.0,95.25042140374525,0.0,4.5125521683729115,0.0,14.722901195622796,0.0,3234.270838472971,0.0,821.7473020308595,0.0,14.812400785302636,0.0,13.534641459736648,0.0,10.388703858915683,0.0
Vasen,502.1058823529412,0.0,20.900807458156297,0.0,457.1610748892324,0.0,244.0,0.0,154.38674399337197,0.0,13.580271035504378,0.0,15.620499351813308,0.0,10.025167979150115,0.0,332.814598028551,0.0,109.15910226928007,0.0,78.74464676774645,0.0,2.1246304323070877,0.0,11.194762628626364,0.0,1248.5263032160535,0.0,663.6187032191248,0.0,13.580271046221416,0.0,12.05296365198356,0.0,8.629485524056722,0.0
Vater,448.2352941176471,0.0,19.82242350632171,0.0,485.88419725514217,0.0,295.0,0.0,189.63261409891595,0.0,14.453057909596911,0.0,17.175564037317667,0.0,11.21053628327798,0.0,335.7200020289242,0.0,121.58220589429393,0.0,89.12108879596373,0.0,5.9631525161714185,0.0,11.372843512501804,0.0,2732.2724341657554,0.0,1362.5882965309543,0.0,14.453057917944875,0.0,13.20197558671464,0.0,9.865252266141875,0.0
Vchsm,529.8823529411765,0.0,21.4389463322833,0.0,581.1878074928686,0.0,392.0,0.0,274.49516330720917,0.0,17.05127295427964,0.0,19.79898987322333,0.0,14.201798152222338,0.0,864.119667472706,0.0,658.2592568577651,0.0,526.7158903452635,0.0,8.558377051291824,0.0,17.244285566780594,0.0,1619.7796166575672,0.0,323.21640036271526,0.0,17.05127295853845,0.0,15.820795941290418,0.0,12.943829069275118,0.0
Vdlvr,423.843137254902,0.0,19.25427418009388,0.0,540.9969731432077,0.0,369.0,0.0,246.48973122623232,0.0,16.00937548600476,0.0,19.209372712298546,0.0,13.058873798033376,0.0,438.4357438057989,0.0,368.39606427467754,0.0,294.6421895193361,0.0,8.768451491899535,0.0,22.38858320340045,0.0,4950.732227631885,0.0,1116.0816176108308,0.0,16.00937548091189,0.0,14.852171992831599,0.0,11.798124765369648,0.0
Vekel,485.27450980392155,0.0,20.641351835895478,0.0,514.429615716464,0.0,327.0,0.0,217.45836450930668,0.0,15.332656636043968,0.0,18.083141320025124,0.0,12.254085506482298,0.0,377.70145635817624,0.0,154.02596880259432,0.0,122.45917839769211,0.0,5.668469103761304,0.0,13.523713833635473,0.0,2260.2448941221387,0.0,688.009189513736,0.0,15.332656645158504,0.0,13.933217494025389,0.0,10.971369349620574,0.0
Vemps,570.643137254902,0.0,22.34840270403594,0.0,561.4025047128463,0.0,351.0,0.0,246.49895005154556,0.0,16.532578760079165,0.0,18.734993995195193,0.0,13.481253751525221,0.0,1030.575714926763,0.0,352.02923508691305,0.0,304.8610216656341,0.0,4.993841148909398,0.0,13.85271030372193,0.0,2931.7278350935712,0.0,1291.2393369241565,0.0,16.53257876669625,0.0,15.26636697038464,0.0,12.243693685191436,0.0
Venen,504.5019607843137,0.0,21.032749769358222,0.0,458.53256212466556,0.0,252.0,0.0,157.45519905451465,0.0,13.589840896736266,0.0,15.874507866387544,0.0,10.052085924076971,0.0,331.90355085077886,0.0,106.28210104172794,0.0,75.6465220420854,0.0,2.1247911878879226,0.0,10.989332764250067,0.0,1169.7647066350053,0.0,706.2257715852486,0.0,13.589840908663952,0.0,12.227766342436844,0.0,8.697850755223998,0.0
Venus,490.39607843137253,0.0,20.683168245546597,0.0,459.33992394263225,0.0,249.0,0.0,156.93521298292734,0.0,13.64620345523819,0.0,15.7797338380595,0.0,10.082096989496035,0.0,331.9306785108999,0.0,106.28547663679834,0.0,76.21166647074271,0.0,2.2662188910702605,0.0,11.983337070295631,0.0,4306.0717558715005,0.0,650.2627758177152,0.0,13.646203460330772,0.0,12.097126217873285,0.0,8.742023593891844,0.0
Verse,459.56470588235294,0.0,20.10235056578947,0.0,467.37601362651606,0.0,259.0,0.0,163.3024311255428,0.0,13.833486627817848,0.0,16.09347693943108,0.0,10.299450666307056,0.0,332.96121812164824,0.0,111.32869165402494,0.0,80.48927435365286,0.0,3.9184595512527807,0.0,11.369391445602107,0.0,1210.5959041314763,0.0,581.8676921536135,0.0,13.833486626781784,0.0,12.206584307572982,0.0,8.979823220260947,0.0
Veter,445.2352941176471,0.0,19.83776917237055,0.0,488.0232141356238,0.0,295.0,0.0,189.26917240870654,0.0,14.480329463498837,0.0,17.175564037317667,0.0,11.191217527520703,0.0,335.6101791824389,0.0,121.14929797958335,0.0,88.87003144510808,0.0,5.928991321993198,0.0,11.452548806211293,0.0,2699.274871876293,0.0,1330.154425959397,0.0,14.480329472372333,0.0,13.112462037543366,0.0,9.879700067817188,0.0
Vfzlz,419.5254901960784,0.0,19.378972896985516,0.0,558.8221053516327,0.0,406.0,0.0,269.744131283867,0.0,16.441559754703093,0.0,20.149441679609886,0.0,13.621467648968464,0.0,570.0087224105837,0.0,527.524305612184,0.0,467.90961892586085,0.0,4.437638837759608,0.0,28.67332963391023,0.0,1745.9376014979264,0.0,2747.1704559340596,0.0,16.441559805674068,0.0,15.718909471700615,0.0,12.299682950003785,0.0
Vglvg,516.5137254901961,0.0,21.234034688269617,0.0,564.1755875405886,0.0,377.0,0.0,259.4246690715478,0.0,16.59912688791754,0.0,19.4164878389476,0.0,13.667024864102222,0.0,6780.830916075549,0.0,2186.3568128471675,0.0,1650.0539433576994,0.0,5.9320713958326285,0.0,26.998645427779017,0.0,4265.4214284789705,0.0,1127.0053848027778,0.0,16.59912687536176,0.0,15.54613654812853,0.0,12.45969802340435,0.0
Vikar,433.42745098039217,0.0,19.379205016767113,0.0,536.4809803406974,0.0,382.0,0.0,253.02587048291485,0.0,15.94735075139622,0.0,19.544820285692065,0.0,13.138133010042889,0.0,370.31933630779474,0.0,148.61094641001725,0.0,112.06370284600085,0.0,5.233636530499992,0.0,13.325093880401075,0.0,5196.478043299348,0.0,2563.6176790009176,0.0,15.947350745681533,0.0,15.115402022125215,0.0,11.75437549547848,0.0
Villa,381.1960784313726,0.0,18.165940643460925,0.0,534.989865878991,0.0,378.0,0.0,249.0439801640194,0.0,15.869639232951275,0.0,19.44222209522358,0.0,13.005269555835499,0.0,343.41566279909705,0.0,135.52679001903303,0.0,102.04242891868162,0.0,6.840252464627875,0.0,11.299286934390075,0.0,5256.124407529917,0.0,3527.265962921291,0.0,15.869639307531255,0.0,15.286117414402892,0.0,11.644148229369666,0.0
Viren,412.6549019607843,0.0,18.99305889117994,0.0,502.8885212382565,0.0,333.0,0.0,212.85928220645297,0.0,14.882792283530637,0.0,18.24828759089466,0.0,11.828589986688845,0.0,334.35406714660206,0.0,119.57605120925899,0.0,85.17316735351578,0.0,6.625412160408412,0.0,10.910882767245218,0.0,4969.4439743687,0.0,2616.6410964444513,0.0,14.882792282655847,0.0,14.05980493321167,0.0,10.51370865351839,0.0
Virus,398.5490196078432,0.0,18.60519206718861,0.0,503.69588305622324,0.0,330.0,0.0,212.33929613486566,0.0,14.934275988405606,0.0,18.16590212458495,0.0,11.854104325244244,0.0,334.3809960013059,0.0,119.57905153021858,0.0,85.6754938486731,0.0,5.978515330976651,0.0,11.858241696459336,0.0,6476.852243297316,0.0,2600.3156447977753,0.0,14.934275982695958,0.0,13.946336712430888,0.0,10.550281438943701,0.0
Vitim,433.921568627451,0.0,19.466521305804157,0.0,630.4593007319284,0.0,479.0,0.0,334.93109415229696,0.0,18.23668137943858,0.0,21.88606862823929,0.0,15.634648791616883,0.0,862.2170218254066,0.0,659.490678613013,0.0,527.5562638259103,0.0,9.833605537954746,0.0,13.592324754799764,0.0,6664.007521633212,0.0,5672.58133317938,0.0,18.236681439509294,0.0,17.540934605788813,0.0,14.34807857802206,0.0
Vlies,409.79999999999995,0.0,18.90563099995194,0.0,502.0420133760789,0.0,317.0,0.0,205.78170849478826,0.0,14.895171081279898,0.0,17.804493814764857,0.0,11.745090382294809,0.0,341.0178950711978,0.0,124.17501635065534,0.0,93.4779452416995,0.0,5.769064451955408,0.0,11.890052287488738,0.0,4204.701930079133,0.0,1675.9944168836028,0.0,14.895171074798462,0.0,13.990633288766276,0.0,10.43232464725202,0.0
Vmnst,515.843137254902,0.0,21.194829369520193,0.0,587.9507640900817,0.0,410.0,0.0,286.4942205663652,0.0,17.246716470860697,0.0,20.248456731316587,0.0,14.481655899494003,0.0,1364.166850333222,0.0,1096.1905062412382,0.0,905.8055835188227,0.0,6.712044750874632,0.0,16.088450332528225,0.0,4153.067571146331,0.0,1009.9867049640542,0.0,17.246716476152898,0.0,16.177043720326576,0.0,13.258301335206486,0.0
Vngst,501.92941176470583,0.0,20.89274048926719,0.0,507.57435045052864,0.0,302.0,0.0,200.08948456296167,0.0,15.046377458663734,0.0,17.378147196982766,0.0,11.744179894794051,0.0,988.4283277829909,0.0,268.3804014325408,0.0,195.1645423762027,0.0,5.027297768779286,0.0,14.336958046815711,0.0,1746.519421617991,0.0,540.3653885731071,0.0,15.046377459028117,0.0,13.497512732054231,0.0,10.420731288622328,0.0
Vogel,500.92156862745094,0.0,20.927200667958463,0.0,507.52191958228417,0.0,292.0,0.0,194.4488362399461,0.0,14.99984473339882,0.0,17.08800749063506,0.0,11.63509997312153,0.0,991.1394333112227,0.0,273.0575637068292,0.0,201.66946390546426,0.0,6.0746094379058535,0.0,12.447521057630823,0.0,1462.837427876078,0.0,709.7499838088421,0.0,14.999844741593837,0.0,13.499704306490832,0.0,10.415424158422125,0.0
Vokal,481.8509803921569,0.0,20.416510344716148,0.0,517.1262624339383,0.0,331.0,0.0,221.54814376454812,0.0,15.43830533513938,0.0,18.193405398660254,0.0,12.398849185193468,0.0,378.76120481521207,0.0,156.20863841539614,0.0,124.07049971487695,0.0,4.998799776961539,0.0,13.703020010799092,0.0,2176.8507797810557,0.0,661.7736978524924,0.0,15.438305338885135,0.0,13.936323908053636,0.0,11.07023108850797,0.0
Votum,523.4,0.0,21.383368730985183,0.0,582.6464948257319,0.0,389.0,0.0,273.2329341779578,0.0,17.080085485832484,0.0,19.72308292331602,0.0,14.183482566055508,0.0,861.3043199533478,0.0,657.215806595151,0.0,526.0832012321537,0.0,7.772191822901605,0.0,13.944432754927128,0.0,4991.60819690512,0.0,1339.657597391306,0.0,17.08008548892976,0.0,15.71069145411241,0.0,12.968377252848146,0.0
Vssbg,542.4705882352941,0.0,21.70250004644745,0.0,503.0310222803136,0.0,291.0,0.0,194.70378828812582,0.0,14.942682656190293,0.0,17.05872210923198,0.0,11.653081568014914,0.0,5213.253340813625,0.0,490.5945010711917,0.0,356.9993457225682,0.0,8.07036814697843,0.0,18.184604497081594,0.0,1521.5902524839455,0.0,571.9797263554502,0.0,14.942682662784229,0.0,13.582542915905345,0.0,10.398757081890043,0.0
Vsvvt,435.3254901960785,0.0,19.496434871606827,0.0,538.150033019944,0.0,366.0,0.0,245.00434285165386,0.0,15.975398626747484,0.0,19.131126469708992,0.0,13.017967688191156,0.0,349.49775803419175,0.0,172.3435206784655,0.0,131.05680046017522,0.0,4.043596462715215,0.0,22.171591237752807,0.0,4315.360714017668,0.0,514.089676350284,0.0,15.975398624774643,0.0,14.246526364650366,0.0,11.677464084269792,0.0
Vögel,517.2509803921569,0.0,21.27795399968987,0.0,520.0613841617474,0.0,310.0,0.0,208.88327441203063,0.0,15.386106294364087,0.0,17.60681686165901,0.0,12.138407134165785,0.0,992.4497085939171,0.0,280.35686645486754,0.0,208.10463177851344,0.0,6.404146663473128,0.0,15.692200300230878,0.0,1909.895247860269,0.0,930.473208310257,0.0,15.386106308847834,0.0,14.14834483756618,0.0,10.97423205077612,0.0
Vörnö,484.7725490196078,0.0,20.527788388350025,0.0,495.4775867481097,0.0,299.0,0.0,194.4127623370229,0.0,14.70711902860597,0.0,17.291616465790582,0.0,11.458040071648714,0.0,368.3086388657719,0.0,203.35266593257936,0.0,175.97011807909158,0.0,4.45782539411703,0.0,77.07041391775073,0.0,2279.450356763415,0.0,951.539603542238,0.0,14.707035715180933,0.0,13.65461740756824,0.0,10.292850675401894,0.0
Waban,616.8,0.0,23.117195026264607,0.0,520.4591195939481,0.0,327.0,0.0,222.81777828093868,0.0,15.57374531091069,0.0,18.083141320025124,0.0,12.568161624973468,0.0,1097.6210106689161,0.0,354.4570094611442,0.0,255.65886313066022,0.0,6.913593027501703,0.0,10.218456071801304,0.0,976.8912820074912,0.0,577.5488032395543,0.0,15.573745316415405,0.0,14.929345287919029,0.0,11.277474381959296,0.0
Wache,581.9019607843137,0.0,22.494551435640084,0.0,508.0508040570787,0.0,292.0,0.0,198.86457397410894,0.0,15.156464754527295,0.0,17.08800749063506,0.0,11.889287251275508,0.0,1095.9086288234414,0.0,351.38579648309053,0.0,253.2928672533002,0.0,6.624207599373811,0.0,9.451590302655616,0.0,1381.4514034501926,0.0,422.1093137797891,0.0,15.156464760693565,0.0,14.167122691279197,0.0,10.652180639192025,0.0
Wachs,567.8588235294118,0.0,22.144706017773416,0.0,508.9723912100045,0.0,295.0,0.0,201.76062547492967,0.0,15.214069202512428,0.0,17.175564037317667,0.0,11.997022685220278,0.0,1095.9606397850027,0.0,351.66948676695864,0.0,253.5790910661077,0.0,8.257222707734284,0.0,9.643512614990893,0.0,1382.9144648593208,0.0,423.6260632303061,0.0,15.21406920948189,0.0,14.137309849364659,0.0,10.760037058939881,0.0
Wacht,553.529411764706,0.0,21.904807510680598,0.0,529.0936171161666,0.0,329.0,0.0,225.57454085124564,0.0,15.769902137754881,0.0,18.138357147217054,0.0,12.690976273263056,0.0,1096.5275004918763,0.0,353.8582300765785,0.0,255.29164559926272,0.0,10.266206765880032,0.0,9.54954704819528,0.0,1460.4242578147152,0.0,430.6966764541834,0.0,15.769902144216534,0.0,14.72771938822137,0.0,11.432010587979983,0.0
Wackt,555.913725490196,0.0,21.951415368449496,0.0,546.4547283702211,0.0,353.0,0.0,245.10545901152878,0.0,16.26888970188837,0.0,18.788294228055936,0.0,13.303495552510805,0.0,1100.4433444190702,0.0,358.9261431649408,0.0,259.7669974942643,0.0,10.221532561876861,0.0,9.496033647863856,0.0,4342.920915683172,0.0,452.1899364558417,0.0,16.268889699620708,0.0,15.10351787895278,0.0,12.014188720773651,0.0
Wagen,627.4313725490196,0.0,23.388457870352394,0.0,530.1996473298434,0.0,327.0,0.0,223.92147908765446,0.0,15.746990360175742,0.0,18.083141320025124,0.0,12.67100969528998,0.0,1436.0110606564108,0.0,425.0827972857346,0.0,306.6760705517246,0.0,6.860857625826652,0.0,8.931379929327411,0.0,1240.5684519847746,0.0,705.8047119649184,0.0,15.74699037010182,0.0,15.144912035528812,0.0,11.472082904965902,0.0
Wagon,621.0078431372549,0.0,23.20338472439322,0.0,530.6932956648661,0.0,324.0,0.0,221.95468154193676,0.0,15.740987182512205,0.0,18.0,0.0,12.617386680977695,0.0,1436.052126945321,0.0,424.9280847467313,0.0,306.5775587870941,0.0,7.228561407900932,0.0,10.150121188668024,0.0,1729.3696105237211,0.0,872.5473567054147,0.0,15.74098719223899,0.0,14.989114824836633,0.0,11.411463855393485,0.0
Wahan,605.9764705882353,0.0,22.888033637993406,0.0,521.4012573308556,0.0,339.0,0.0,229.54356728606916,0.0,15.620895553097142,0.0,18.411952639521967,0.0,12.716999318127298,0.0,1097.374514557926,0.0,353.5176608178757,0.0,254.92943307172428,0.0,7.08375660383855,0.0,9.751130864447626,0.0,945.5745792800079,0.0,584.1987211508546,0.0,15.620895557873473,0.0,15.158465047748782,0.0,11.440417770659401,0.0
Wahsa,600.5803921568628,0.0,22.780208195463914,0.0,515.3878524342979,0.0,321.0,0.0,218.5365131968278,0.0,15.465595357466691,0.0,17.916472867168917,0.0,12.449127361616682,0.0,1097.422834584432,0.0,353.3491854224096,0.0,255.17161904983647,0.0,6.94617296230697,0.0,10.439380215289985,0.0,1189.4021194916866,0.0,428.4309533368272,0.0,15.465595358092006,0.0,14.807215737762494,0.0,11.194621033323765,0.0
Wahst,569.2078431372549,0.0,22.211759166942922,0.0,531.9323456510582,0.0,341.0,0.0,233.66717097126656,0.0,15.888015050890878,0.0,18.466185312619388,0.0,12.91602574277766,0.0,1097.6903727731126,0.0,354.3429750719254,0.0,256.2247773790687,0.0,10.962777637272543,0.0,9.755056392419919,0.0,1266.7317448276137,0.0,436.95535653925305,0.0,15.888015053275645,0.0,15.075880771047666,0.0,11.682653129640144,0.0
Wahta,586.2509803921569,0.0,22.547072379691347,0.0,533.5776932695912,0.0,353.0,0.0,241.03310296561963,0.0,15.96906807847453,0.0,18.788294228055936,0.0,13.091597047390195,0.0,1098.1348379944038,0.0,355.989751282658,0.0,257.4646600688823,0.0,8.069823231280637,0.0,10.122215780468354,0.0,3075.078143300314,0.0,527.0787306835147,0.0,15.969068084125887,0.0,15.495813107763622,0.0,11.83731159683886,0.0
Walle,513.5882352941177,0.0,21.15690635842058,0.0,546.8638109989861,0.0,365.0,0.0,249.53787893602038,0.0,16.238714693757736,0.0,19.1049731745428,0.0,13.32783328750383,0.0,1097.0514875472843,0.0,355.98021772498527,0.0,258.09505104795096,0.0,11.398633494765939,0.0,8.326237066475322,0.0,2164.4444800581023,0.0,2506.3627815555787,0.0,16.238714779624935,0.0,15.797960243936178,0.0,12.096891891940292,0.0
Walöl,523.4941176470588,0.0,21.302473715271898,0.0,566.2563592981587,0.0,393.0,0.0,271.500113382769,0.0,16.76796761779267,0.0,19.82422760159901,0.0,13.998940369533914,0.0,1103.4394988937986,0.0,375.9912948782231,0.0,280.67780756676456,0.0,12.675856888097533,0.0,33.710066442678034,0.0,2195.910695701886,0.0,1790.445966502085,0.0,16.767967620396522,0.0,16.270892748076008,0.0,12.834913204985197,0.0
Wanst,553.8196078431372,0.0,21.908454458910658,0.0,520.7293157066861,0.0,329.0,0.0,223.02453081661315,0.0,15.562660864365936,0.0,18.138357147217054,0.0,12.54520122456506,0.0,1095.040635421308,0.0,352.4298183280923,0.0,254.12036388707597,0.0,11.23473579707359,0.0,8.78835369921328,0.0,1263.3856006752321,0.0,564.415282179301,0.0,15.56266086622522,0.0,14.700707368342846,0.0,11.300289025151944,0.0
Waren,548.0470588235294,0.0,21.857286226079882,0.0,519.2607862005791,0.0,337.0,0.0,224.93249008115185,0.0,15.462047689703136,0.0,18.35755975068582,0.0,12.500896907645894,0.0,1094.600315679327,0.0,351.70045280066716,0.0,252.8494272285254,0.0,8.514403212240524,0.0,7.976209468026642,0.0,1343.4885203665776,0.0,838.4585555047612,0.0,15.462047698771407,0.0,14.891544140078809,0.0,11.28466856996491,0.0
Warte,528.3215686274509,0.0,21.49998488952734,0.0,532.0852110103073,0.0,350.0,0.0,236.04373281462006,0.0,15.821417605737972,0.0,18.708286933869708,0.0,12.880242715276513,0.0,1095.3850242058556,0.0,354.2602301041305,0.0,255.5391980706347,0.0,9.872167856858209,0.0,8.099381308949003,0.0,3110.804860803295,0.0,721.7056739088703,0.0,15.821417615987922,0.0,15.21325300239517,0.0,11.670642486250404,0.0
Wartu,519.6117647058825,0.0,21.274172943931077,0.0,546.4162952137378,0.0,384.0,0.0,259.18910015935336,0.0,16.241864017868473,0.0,19.595917942265423,0.0,13.491304861865439,0.0,1095.7847816826552,0.0,356.4407960597274,0.0,257.0312078968874,0.0,11.028833918124072,0.0,12.004766805967474,0.0,3152.3817112131715,0.0,721.849647747873,0.0,16.241864026078733,0.0,15.69446218918972,0.0,12.287743883629018,0.0
Warze,541.4039215686274,0.0,21.851202087751115,0.0,530.5642159864556,0.0,346.0,0.0,231.85293345752262,0.0,15.721998942668293,0.0,18.601075237738275,0.0,12.720411543830414,0.0,1095.3727420676953,0.0,356.17855340036334,0.0,256.56193314454407,0.0,8.615261556026162,0.0,10.824863139315733,0.0,1324.7029833902554,0.0,651.9308578436505,0.0,15.721998937645774,0.0,15.109627253482358,0.0,11.487130489658238,0.0
Watte,548.1372549019608,0.0,21.91131227326041,0.0,534.3177403723274,0.0,347.0,0.0,236.54683531710288,0.0,15.920612780714544,0.0,18.627936010197157,0.0,12.9702498382717,0.0,1096.143898900446,0.0,356.05270915790146,0.0,257.77525949339577,0.0,9.208212292042154,0.0,8.567501900104714,0.0,3915.3949544627567,0.0,1293.4978966474046,0.0,15.92061278963523,0.0,15.231202808966806,0.0,11.744765376539343,0.0
Wcllz,465.5764705882352,0.0,20.201639439982404,0.0,578.7178038392335,0.0,421.0,0.0,286.3429398213666,0.0,16.982784186195413,0.0,20.518284528683193,0.0,14.235272091504639,0.0,1098.9456561436039,0.0,365.8222911441281,0.0,266.0449721672271,0.0,12.600289020681414,0.0,19.01832654082548,0.0,2410.602208660795,0.0,2485.7655229465345,0.0,16.982784267536395,0.0,16.44097598039636,0.0,12.958251874131351,0.0
Wcrzq,526.9058823529411,0.0,21.53268770390591,0.0,559.6145092207123,0.0,390.0,0.0,263.1191500237572,0.0,16.45304560203464,0.0,19.748417658131498,0.0,13.610104970377753,0.0,15997.735263752513,0.0,19312.72671868496,0.0,15962.253048663104,0.0,8.181560672556618,0.0,77.46938010406268,0.0,1690.342051116602,0.0,577.8650093369707,0.0,16.45304559918132,0.0,15.881211653591828,0.0,12.384783562312922,0.0
Wctfn,509.0980392156863,0.0,21.051767905552502,0.0,562.1667313342977,0.0,403.0,0.0,273.778176304202,0.0,16.63678748238765,0.0,20.074859899884732,0.0,13.914887408565823,0.0,1099.762379727496,0.0,372.6017060372881,0.0,273.1710691146721,0.0,9.430468379570295,0.0,16.61805876075357,0.0,3153.5327998227754,0.0,1742.2297755851282,0.0,16.636787517095915,0.0,16.099505678411695,0.0,12.66390019008181,0.0
Wdspr,575.3411764705882,0.0,22.38613702949711,0.0,552.6636655397001,0.0,353.0,0.0,245.6459287695482,0.0,16.35347459237945,0.0,18.788294228055936,0.0,13.365046735102599,0.0,1444.7183078430312,0.0,516.2005749618229,0.0,406.90663868337685,0.0,11.899309429201809,0.0,18.74035051217607,0.0,3209.9972954142413,0.0,1194.4539619746486,0.0,16.35347460594585,0.0,15.550542779830302,0.0,12.197573174558618,0.0
Webeh,626.1882352941177,0.0,23.43083008642723,0.0,529.3506807254432,0.0,323.0,0.0,222.18962367555713,0.0,15.756114232636122,0.0,17.97220075561143,0.0,12.636168444324245,0.0,1101.4254244943913,0.0,355.8852068784196,0.0,258.14896516205783,0.0,5.615729072937996,0.0,11.880206947714782,0.0,1188.5613982465088,0.0,595.6031619546135,0.0,15.756114244610316,0.0,14.97553675464594,0.0,11.448648174778292,0.0
Wechs,564.8588235294118,0.0,22.158443462614652,0.0,511.1114080904863,0.0,295.0,0.0,201.3971837847202,0.0,15.239979006945774,0.0,17.175564037317667,0.0,11.97897238077142,0.0,1095.9270033020084,0.0,351.5200528188392,0.0,253.49096521728302,0.0,8.279934319333705,0.0,9.88804999537658,0.0,1316.2905871769071,0.0,304.4977744170093,0.0,15.239979014075479,0.0,14.053755052386112,0.0,10.773284951965175,0.0
Wefle,530.192156862745,0.0,21.60515231813316,0.0,551.6189457289345,0.0,372.0,0.0,254.19499503414355,0.0,16.36061492266005,0.0,19.28730152198591,0.0,13.45820039551988,0.0,1102.7378264695185,0.0,380.25708221656316,0.0,283.37949378211596,0.0,10.630323719372502,0.0,12.702743574054121,0.0,2386.1844402470683,0.0,2531.336929151235,0.0,16.36061500487466,0.0,15.93781432883531,0.0,12.263291472682578,0.0
Wehen,599.9764705882353,0.0,22.914609050963048,0.0,518.3939654980172,0.0,323.0,0.0,217.97910943924407,0.0,15.454153174763915,0.0,17.97220075561143,0.0,12.388144809823046,0.0,1096.9677911691579,0.0,351.81834604969765,0.0,253.7675116470364,0.0,7.4269098516166565,0.0,9.289899040394701,0.0,1170.6540354912227,0.0,610.2699610282441,0.0,15.454153185981067,0.0,14.82936058161224,0.0,11.202231747487415,0.0
Weher,560.435294117647,0.0,22.17501841607289,0.0,531.4432206195397,0.0,343.0,0.0,232.0574011846013,0.0,15.792802915969968,0.0,18.520259177452136,0.0,12.787617323424508,0.0,1097.0877422693522,0.0,353.1572572113916,0.0,254.67913027812196,0.0,12.632392655754057,0.0,9.6217009703681,0.0,1170.1552314031019,0.0,612.6669509453336,0.0,15.792802928026434,0.0,15.202559566259849,0.0,11.609624122420174,0.0
Wehre,560.435294117647,0.0,22.17501841607289,0.0,531.3480312394398,0.0,341.0,0.0,230.8016542563137,0.0,15.786094463338422,0.0,18.466185312619388,0.0,12.758809426337038,0.0,1097.1506778749472,0.0,353.2046365860908,0.0,254.8646197412501,0.0,9.98457828323193,0.0,9.575765671607487,0.0,1902.1660467989307,0.0,527.6632239752438,0.0,15.786094454592538,0.0,15.216965180937905,0.0,11.594091597702414,0.0
Weide,567.4862745098039,0.0,22.341679653734545,0.0,529.8111873285746,0.0,329.0,0.0,222.88232686828556,0.0,15.70088460268178,0.0,18.138357147217054,0.0,12.55391557771881,0.0,1096.9228611700935,0.0,363.5842523944688,0.0,262.788812563374,0.0,6.656381424444736,0.0,9.171749152677744,0.0,1937.3496787194229,0.0,626.7523667001178,0.0,15.70088460836193,0.0,15.018995819655629,0.0,11.361537930519908,0.0
Weine,540.9294117647058,0.0,21.773784010292612,0.0,519.8573809438041,0.0,325.0,0.0,217.85250188256566,0.0,15.451805489500776,0.0,18.027756377319946,0.0,12.33193325793226,0.0,1094.4551467249355,0.0,350.4048887509813,0.0,252.14300063087364,0.0,8.172324587076538,0.0,8.331308051989385,0.0,2176.5847549665064,0.0,638.1076115156174,0.0,15.451805489337683,0.0,14.716292552617794,0.0,11.124001017489647,0.0
Welle,510.5882352941177,0.0,21.171284768082856,0.0,549.0028278794676,0.0,365.0,0.0,249.1744372458109,0.0,16.26299213978086,0.0,19.1049731745428,0.0,13.311587663727032,0.0,1097.0178845115868,0.0,355.8325940977742,0.0,258.00846768337055,0.0,11.493267783541647,0.0,8.385217117869935,0.0,2122.1248922818627,0.0,2488.1681460073246,0.0,16.26299222543101,0.0,15.72323278314027,0.0,12.108677246755116,0.0
Welpe,574.0156862745098,0.0,22.45008748973618,0.0,536.8225249193367,0.0,333.0,0.0,228.88770268670854,0.0,15.925428014777124,0.0,18.24828759089466,0.0,12.83154521664381,0.0,1419.2309379597132,0.0,390.89083694792464,0.0,302.47749864739075,0.0,6.481560322323613,0.0,11.50746930118297,0.0,2372.021054663085,0.0,1139.6690003612782,0.0,15.925428013307021,0.0,15.175956953409038,0.0,11.639976043731885,0.0
Werft,499.278431372549,0.0,20.952029940587995,0.0,564.8669805705506,0.0,404.0,0.0,274.6304846984723,0.0,16.69632431353919,0.0,20.09975124224178,0.0,13.937145942433645,0.0,1098.8994135346422,0.0,369.54325260273146,0.0,270.5330595362443,0.0,13.72961178346655,0.0,10.929630027137359,0.0,1801.5822257778286,0.0,1376.6429114904533,0.0,16.696324352211104,0.0,16.148140574325986,0.0,12.735298340044038,0.0
Werke,562.8196078431373,0.0,22.221059523600655,0.0,545.8165075705726,0.0,362.0,0.0,247.32696846037874,0.0,16.19541553238886,0.0,19.026297590440446,0.0,13.266507518250538,0.0,1099.9755041501644,0.0,357.47922576523365,0.0,258.4711643697664,0.0,6.92022240751356,0.0,9.08333270235175,0.0,4315.417613618354,0.0,595.2039158158941,0.0,16.195415529625887,0.0,15.394913470728085,0.0,12.059868480512064,0.0
Wernt,516.6745098039215,0.0,21.26417929360014,0.0,538.6645382954162,0.0,363.0,0.0,244.02552776162526,0.0,15.980436756402781,0.0,19.05255888325765,0.0,13.062433995676631,0.0,1095.0640759246555,0.0,353.31867603953935,0.0,254.3213744528948,0.0,11.977801103195459,0.0,8.753619135356878,0.0,1840.2296351222528,0.0,681.768224793173,0.0,15.980436763830676,0.0,15.19441158117879,0.0,11.85326287366996,0.0
Werte,525.3215686274509,0.0,21.51413401283407,0.0,534.2242278907889,0.0,350.0,0.0,235.6802911244106,0.0,15.84633438649034,0.0,18.708286933869708,0.0,12.86343182801651,0.0,1095.3513700466308,0.0,354.11188944210124,0.0,255.45174842122245,0.0,9.95115765028622,0.0,8.193260715085907,0.0,3083.2395215944753,0.0,659.196348178071,0.0,15.846334397023211,0.0,15.135639008908669,0.0,11.682857836221988,0.0
Wespe,605.6196078431373,0.0,23.03951605978579,0.0,516.0443084766049,0.0,294.0,0.0,202.17369554067784,0.0,15.349653948044606,0.0,17.146428199482248,0.0,12.06812528099429,0.0,1418.4724935122024,0.0,388.8614902082686,0.0,300.6621716934907,0.0,5.58251175037925,0.0,11.892390494083536,0.0,1736.2627103337825,0.0,908.352450945303,0.0,15.349653954663658,0.0,14.316437343559151,0.0,10.878128943832378,0.0
Weste,559.4666666666667,0.0,22.164873790352452,0.0,520.7828900084219,0.0,316.0,0.0,215.01581526670668,0.0,15.503858287534857,0.0,17.776388834631177,0.0,12.356354684512224,0.0,1095.3440263127234,0.0,353.1937539531885,0.0,255.1961182813229,0.0,8.802825959082478,0.0,8.784436100579976,0.0,3042.1520003779765,0.0,416.25758981036813,0.0,15.50385829649754,0.0,14.554164207287098,0.0,11.165257680969837,0.0
Wette,545.1372549019609,0.0,21.925195953710702,0.0,536.4567572528091,0.0,347.0,0.0,236.18339362689343,0.0,15.945374556490103,0.0,18.627936010197157,0.0,12.953555761132986,0.0,1096.1102680411486,0.0,355.90511559895367,0.0,257.6885686788686,0.0,9.246993394063207,0.0,8.666611565415243,0.0,3893.5837105018336,0.0,1259.7447896005713,0.0,15.945374565765576,0.0,15.153680750962346,0.0,11.756903713364556,0.0
Weuns,570.4823529411765,0.0,22.296060756544318,0.0,507.90500239287303,0.0,310.0,0.0,207.5455917088205,0.0,15.16434473590055,0.0,17.60681686165901,0.0,12.030651022023413,0.0,1094.3077116260533,0.0,349.90301790350566,0.0,251.749341084877,0.0,8.705267947917404,0.0,9.346937842259406,0.0,2252.6719464580774,0.0,471.5637976822016,0.0,15.164344744266385,0.0,14.349208274267541,0.0,10.853173454646972,0.0
Whhgp,664.3411764705883,0.0,24.02192929958219,0.0,579.2428854456654,0.0,381.0,0.0,269.8063291942617,0.0,17.06075227507349,0.0,19.519221295943137,0.0,14.158170017623767,0.0,2977.167026628887,0.0,719.9367586074277,0.0,651.6359650036783,0.0,3.8243651594557635,0.0,19.318354183710465,0.0,1230.4554919347472,0.0,344.2926161767235,0.0,17.060752285093795,0.0,16.544296911594547,0.0,12.972258977939038,0.0
Whlzz,532.3960784313724,0.0,21.71232594724056,0.0,583.6765675039151,0.0,420.0,0.0,287.6325719020002,0.0,17.107157057057865,0.0,20.493901531919196,0.0,14.32839210287815,0.0,1110.020599380915,0.0,369.88049980108514,0.0,270.29329713665976,0.0,10.788940262721649,0.0,17.693705312580537,0.0,2129.4781131438035,0.0,731.9607314078556,0.0,17.107157041193474,0.0,16.524862137019515,0.0,13.065797284015737,0.0
Wichs,512.5529411764705,0.0,21.040537209743164,0.0,541.2584996766616,0.0,350.0,0.0,239.56868783030674,0.0,16.056305763384497,0.0,18.708286933869708,0.0,13.059545323944006,0.0,1096.4217808993296,0.0,354.1253279910812,0.0,255.39296678405535,0.0,6.560288011090147,0.0,9.815363058125445,0.0,4979.669029808266,0.0,2514.2263788293026,0.0,16.056305758579164,0.0,15.329834938174585,0.0,11.833100130737439,0.0
Wicht,498.22352941176473,0.0,20.787900171516743,0.0,561.3797255828237,0.0,384.0,0.0,263.3826032066227,0.0,16.58393398753212,0.0,19.595917942265423,0.0,13.699782827730651,0.0,1096.9884033149426,0.0,356.2989853967921,0.0,257.0934389859605,0.0,8.391248595995304,0.0,9.714049904459111,0.0,5001.868063649622,0.0,2515.4447956198833,0.0,16.583933981017328,0.0,15.875957540419764,0.0,12.447277907376542,0.0
Wiese,535.5333333333333,0.0,21.66041254781722,0.0,533.2776852075792,0.0,342.0,0.0,232.01021233968174,0.0,15.821144252966052,0.0,18.49324200890693,0.0,12.793415674106255,0.0,1094.957177018588,0.0,352.77899109535895,0.0,254.23902368803465,0.0,5.497578062257621,0.0,9.055651970492873,0.0,4925.89659054456,0.0,2518.5505151577,0.0,15.821144243282005,0.0,15.371906280920264,0.0,11.594225865037101,0.0
Wilfi,425.5803921568628,0.0,19.240524563200662,0.0,611.7422238460607,0.0,482.0,0.0,331.0010542367594,0.0,17.868678260332107,0.0,21.95449840010015,0.0,15.367561161876079,0.0,1100.8138956009348,0.0,375.230507031909,0.0,275.49045898822106,0.0,15.97657977092325,0.0,12.08499345504004,0.0,5379.241482845802,0.0,2887.4806688030167,0.0,17.868678285368716,0.0,17.776171105308347,0.0,14.139459239702191,0.0
Wille,458.28235294117644,0.0,19.998272128360334,0.0,579.149919465643,0.0,420.0,0.0,287.3459412913975,0.0,17.030352549895156,0.0,20.493901531919196,0.0,14.291756746388913,0.0,1097.5121703207735,0.0,358.40652255976397,0.0,259.877408468479,0.0,10.765687863891449,0.0,8.548518072584617,0.0,5252.138307463068,0.0,3527.516334053667,0.0,17.030352620160052,0.0,16.873525335755563,0.0,13.060576345353686,0.0
Winde,558.8392156862745,0.0,22.101086137524675,0.0,543.5137556798586,0.0,359.0,0.0,243.28431080944318,0.0,16.076215738842084,0.0,18.947295321496416,0.0,13.102917721262603,0.0,1097.156763602209,0.0,364.93094429662267,0.0,263.7203157997742,0.0,4.486399703620553,0.0,8.956775621733858,0.0,4992.811741769355,0.0,2559.7728567959307,0.0,16.0762157448905,0.0,15.827334917261286,0.0,11.901713774586844,0.0
Wirin,440.43529411764706,0.0,19.538801191947638,0.0,576.1775478103064,0.0,433.0,0.0,291.88114672690904,0.0,16.934192000184662,0.0,20.808652046684813,0.0,14.278260282866867,0.0,1095.5076445248408,0.0,356.08979653923507,0.0,256.18572229962905,0.0,12.441801486848172,0.0,9.213412434577466,0.0,6212.955319522464,0.0,5569.0530897581975,0.0,16.9341920639827,0.0,16.722804181188735,0.0,13.031101737925635,0.0
Wisch,512.5529411764705,0.0,21.040537209743164,0.0,549.2378211296766,0.0,364.0,0.0,249.31422705028132,0.0,16.26104871187402,0.0,19.078784028338912,0.0,13.331965329806179,0.0,1099.4035273499167,0.0,357.21795959918114,0.0,258.58194894056265,0.0,7.142581743662729,0.0,10.214353690525936,0.0,4863.157001235186,0.0,2517.4415750289427,0.0,16.261048703234458,0.0,15.469306017381708,0.0,12.091241073584458,0.0
Witin,460.25098039215686,0.0,19.99052293725411,0.0,578.4100771723265,0.0,430.0,0.0,292.38424922939186,0.0,17.02690561897299,0.0,20.73644135332772,0.0,14.359507135276154,0.0,1096.2664343372796,0.0,357.87311196093447,0.0,258.4161894434772,0.0,11.320199152170858,0.0,9.678937270050994,0.0,6652.317528115781,0.0,5671.496046286609,0.0,17.026905681385628,0.0,16.73913533702206,0.0,13.097527637887397,0.0
Witwe,554.4431372549019,0.0,22.036731769871643,0.0,619.4205303431844,0.0,477.0,0.0,333.26733186844865,0.0,18.06671572347603,0.0,21.840329667841555,0.0,15.58112220712255,0.0,1215.8538984529846,0.0,836.9082491069661,0.0,578.5113842164182,0.0,5.25126093231778,0.0,18.399977606272053,0.0,5447.254181599291,0.0,2820.681008417335,0.0,18.06671570831367,0.0,18.11743841667087,0.0,14.403529958135701,0.0
Witze,505.91372549019604,0.0,21.157681570227478,0.0,565.0828538151327,0.0,398.0,0.0,270.16409831538255,0.0,16.633308753222124,0.0,19.949937343260004,0.0,13.811544774775385,0.0,1096.5926944766752,0.0,360.37439277712264,0.0,260.5667673591899,0.0,6.804873575081006,0.0,10.9664619139763,0.0,5500.897231969471,0.0,2778.12980942741,0.0,16.633308738058265,0.0,16.24769575366532,0.0,12.567165376776984,0.0
Witzi,453.6078431372549,0.0,19.983870466349607,0.0,595.5169400031907,0.0,453.0,0.0,309.023599396893,0.0,17.416718484598892,0.0,21.283796653792763,0.0,14.802226968291382,0.0,1097.6624291079065,0.0,364.79816890219513,0.0,263.98141583072845,0.0,14.112154067272094,0.0,11.98619386596904,0.0,5549.891832537221,0.0,2781.672767608708,0.0,17.416718469308016,0.0,17.024528136968737,0.0,13.550065989132952,0.0
Wkrfc,507.0549019607843,0.0,20.993965556158372,0.0,588.4389127604509,0.0,437.0,0.0,301.2305008224969,0.0,17.318098065166826,0.0,20.904544960366874,0.0,14.707551160131617,0.0,1151.6944157468265,0.0,394.53990272614175,0.0,295.02505889605914,0.0,14.344951158410682,0.0,24.93964462455832,0.0,5214.738747738862,0.0,1371.8778027821365,0.0,17.318098103250627,0.0,16.737299854880856,0.0,13.491496315317764,0.0
Wnbnn,593.5058823529412,0.0,22.67678653255992,0.0,531.419238705892,0.0,340.0,0.0,231.22914331684896,0.0,15.813053667554358,0.0,18.439088914585774,0.0,12.791610946289525,0.0,1097.7273374930405,0.0,354.49001001206244,0.0,255.77549235588728,0.0,7.3735320152423505,0.0,13.395492474246469,0.0,2149.7701605075194,0.0,607.2123811618592,0.0,15.813053677046348,0.0,15.060245840063672,0.0,11.551416478902693,0.0
Wngst,582.0156862745098,0.0,22.490608745380662,0.0,556.2327238795082,0.0,361.0,0.0,249.9707547930377,0.0,16.441044379873688,0.0,19.0,0.0,13.450123218102414,0.0,1436.7876550500398,0.0,427.96744777183864,0.0,309.3392556248305,0.0,9.845497210694422,0.0,12.271579641994173,0.0,1744.6323533493032,0.0,541.756924247675,0.0,16.441044380767362,0.0,15.537153266704863,0.0,12.232791050056221,0.0
Wnstr,502.6313725490196,0.0,20.893742636333148,0.0,551.5776339194589,0.0,376.0,0.0,256.3234174012532,0.0,16.343348924098358,0.0,19.390719429665317,0.0,13.475061591232555,0.0,1096.1000228213288,0.0,356.9445634356175,0.0,257.80732217562326,0.0,15.529653343451061,0.0,12.703324127377893,0.0,3300.860671473644,0.0,581.4308780290712,0.0,16.343348930180838,0.0,15.542109156280691,0.0,12.245586998372913,0.0
Woche,572.478431372549,0.0,22.315702038651914,0.0,507.74015894171464,0.0,280.0,0.0,191.38989538252528,0.0,15.092640869831019,0.0,16.73320053068151,0.0,11.690511581288094,0.0,1095.8671874497186,0.0,350.64302321174495,0.0,252.90996273044973,0.0,6.375345009904669,0.0,9.666061921438933,0.0,1419.2253752440304,0.0,417.0940907161269,0.0,15.09264087550156,0.0,13.817554502250314,0.0,10.50023145423979,0.0
Wogon,611.5843137254902,0.0,23.030040726308762,0.0,530.3826505495022,0.0,312.0,0.0,214.48000295035308,0.0,15.67954278831111,0.0,17.663521732655695,0.0,12.43025970550101,0.0,1436.0205016306215,0.0,424.3140687787074,0.0,306.26128093308444,0.0,6.954218467606888,0.0,10.360976015757664,0.0,1759.3702664662808,0.0,869.8815227558729,0.0,15.679542797507644,0.0,14.659161309966322,0.0,11.269756676999817,0.0
Wohbo,613.3411764705882,0.0,23.05987859397649,0.0,523.5407973844762,0.0,310.0,0.0,212.74981723246526,0.0,15.560486434890263,0.0,17.60681686165901,0.0,12.352426033555371,0.0,1098.9074071835328,0.0,354.3685620491149,0.0,256.12247185917585,0.0,5.669501261587968,0.0,12.039332352308252,0.0,1375.9453564685923,0.0,615.840883538557,0.0,15.560486439992635,0.0,14.773807507659283,0.0,11.198841943599632,0.0
Wohrt,525.6392156862745,0.0,21.375787486252744,0.0,549.9411823026819,0.0,366.0,0.0,250.4003842320762,0.0,16.292712914727755,0.0,19.131126469708992,0.0,13.350604072552844,0.0,1097.7610595013177,0.0,355.0786060507988,0.0,256.56067651391294,0.0,13.788805837957193,0.0,9.934454885896058,0.0,2032.293549741563,0.0,607.4095478396804,0.0,16.29271290797583,0.0,15.502494255533716,0.0,12.171504046359242,0.0
Wolke,558.9372549019608,0.0,22.062714776611465,0.0,550.7037241350913,0.0,355.0,0.0,246.2652628473312,0.0,16.335314500936946,0.0,18.841443681416774,0.0,13.340406027386589,0.0,1100.938308647828,0.0,358.2010810006693,0.0,260.0433812878872,0.0,6.573489192509129,0.0,9.500935961050386,0.0,4611.819790776116,0.0,805.8409351647334,0.0,16.335314490911117,0.0,15.416281178972008,0.0,12.135494623193335,0.0
Wolle,504.1647058823529,0.0,20.966649704857783,0.0,546.553165883622,0.0,353.0,0.0,242.06320034443667,0.0,16.179160654240654,0.0,18.788294228055936,0.0,13.150819359583034,0.0,1097.0100893469441,0.0,355.2470508935216,0.0,257.71928143304285,0.0,11.320203965957633,0.0,8.484405072043423,0.0,2188.43949887957,0.0,2505.2205210732263,0.0,16.179160741057903,0.0,15.485250884093643,0.0,11.963306471637631,0.0
Worbt,536.4627450980392,0.0,21.620983158170088,0.0,544.5622111183723,0.0,353.0,0.0,241.25775625620736,0.0,16.121129308215167,0.0,18.788294228055936,0.0,13.10491340188756,0.0,1096.9718159342474,0.0,356.2188880881806,0.0,256.93413233836776,0.0,9.54112083953872,0.0,10.60218266837578,0.0,1537.8157308723098,0.0,793.4586128274354,0.0,16.121129312823822,0.0,15.20817181418261,0.0,11.924540205820742,0.0
Worfo,514.8039215686274,0.0,21.164262639456528,0.0,544.4017424238522,0.0,363.0,0.0,245.6012477250544,0.0,16.10337313984693,0.0,19.05255888325765,0.0,13.16080970227564,0.0,1098.4311228736908,0.0,366.93733623365426,0.0,268.538198515611,0.0,10.336139067764814,0.0,11.78873447837982,0.0,1821.1083381947294,0.0,1403.4597686228751,0.0,16.10337317773414,0.0,15.485636602839225,0.0,12.001953265398873,0.0
Worte,518.8980392156864,0.0,21.31279107571647,0.0,531.7745658949433,0.0,338.0,0.0,228.5690542230364,0.0,15.760286787543587,0.0,18.384776310850235,0.0,12.69699027696416,0.0,1095.3435630220065,0.0,353.52349623532507,0.0,255.15966451910575,0.0,9.757499545258995,0.0,8.30119983787471,0.0,3129.140992439396,0.0,718.8919629736195,0.0,15.76028679744544,0.0,14.888267659697517,0.0,11.532120545160389,0.0
Wotan,561.4392156862746,0.0,22.067494592050213,0.0,526.3289791605551,0.0,338.0,0.0,229.16193014866667,0.0,15.692786417728069,0.0,18.384776310850235,0.0,12.717516560434735,0.0,1095.6919638630384,0.0,354.3141103968082,0.0,255.79911659862267,0.0,7.4760985390016,0.0,9.372594594270604,0.0,2629.0086949351603,0.0,1316.2087379252346,0.0,15.692786419290838,0.0,14.833598168922821,0.0,11.469250388280035,0.0
Wprms,602.5411764705882,0.0,22.907017975078578,0.0,635.8117043265562,0.0,456.0,0.0,328.1854677939763,0.0,18.40558988175499,0.0,21.354156504062622,0.0,15.735345595351218,0.0,1742.6469286686288,0.0,574.4144739666655,0.0,482.4020128969507,0.0,6.868784241334704,0.0,14.000676795878324,0.0,1761.5336196939988,0.0,787.6653381519428,0.0,18.405589872432806,0.0,17.823785748686674,0.0,14.539630044883495,0.0
Wprst,529.0588235294117,0.0,21.46146641218448,0.0,556.3423356850394,0.0,372.0,0.0,255.78243441896055,0.0,16.457221396133242,0.0,19.28730152198591,0.0,13.55198863182218,0.0,1676.5667323536486,0.0,453.75279702997284,0.0,377.1792872883573,0.0,13.09449709725161,0.0,13.220100593831871,0.0,1460.9621968680071,0.0,718.0197593071081,0.0,16.45722139607951,0.0,15.49393165838762,0.0,12.3156834205285,0.0
Wrack,536.0980392156863,0.0,21.54085377583192,0.0,566.0573469804335,0.0,396.0,0.0,274.7137055924636,0.0,16.82017650169906,0.0,19.8997487421324,0.0,14.076333084681744,0.0,1109.467516078325,0.0,366.55540607333563,0.0,266.5316396705952,0.0,6.462283594837898,0.0,11.043261590251323,0.0,3093.5566296066127,0.0,687.4754682848337,0.0,16.82017650954637,0.0,16.021160111960175,0.0,12.753511741054016,0.0
Wrllr,414.2117647058824,0.0,18.97741509629339,0.0,600.5261914196183,0.0,465.0,0.0,318.4547122461971,0.0,17.59384316057808,0.0,21.563858652847824,0.0,15.037340780906186,0.0,1098.2292536376933,0.0,362.2650487449736,0.0,262.76602142529225,0.0,17.858343724694173,0.0,10.80108128681207,0.0,3611.459210415476,0.0,2556.124080679909,0.0,17.59384323673246,0.0,17.39922653128392,0.0,13.800201782535641,0.0
Wtstv,509.06666666666666,0.0,21.075400055628975,0.0,584.9348702616381,0.0,424.0,0.0,294.1813616567264,0.0,17.258358981104717,0.0,20.591260281974,0.0,14.56817301233566,0.0,1099.4310264609574,0.0,369.81840625542105,0.0,269.8336394050854,0.0,10.97065454934287,0.0,32.00559210255306,0.0,3389.939725769271,0.0,1036.838204298984,0.0,17.25835898945313,0.0,16.359573062062804,0.0,13.329439522617054,0.0
Wuchs,556.1490196078432,0.0,21.93940976608704,0.0,517.8316940003187,0.0,310.0,0.0,212.23798888814554,0.0,15.457380704869363,0.0,17.60681686165901,0.0,12.302637596638405,0.0,1096.1319534356128,0.0,352.42293476273227,0.0,254.13733931911167,0.0,7.822653524764149,0.0,10.096589374249568,0.0,3636.202489839176,0.0,292.27250513204973,0.0,15.457380711452405,0.0,14.38128635266723,0.0,11.100843649981343,0.0
Wucht,541.8196078431372,0.0,21.69724149173425,0.0,537.9529199064807,0.0,344.0,0.0,236.05190426446154,0.0,16.004765852420224,0.0,18.547236990991408,0.0,12.980262604934333,0.0,1096.6987255940353,0.0,354.6070275907821,0.0,255.84615713952695,0.0,9.841125109058588,0.0,10.007719729086592,0.0,3666.459409378049,0.0,302.37166559508955,0.0,16.004765858290526,0.0,14.962071573458369,0.0,11.75334838695163,0.0
Wulti,466.84705882352944,0.0,20.16227744469896,0.0,578.7154785490438,0.0,425.0,0.0,291.43012859767316,0.0,17.079981959708352,0.0,20.615528128088304,0.0,14.41855306986773,0.0,1097.6007060228035,0.0,360.79328451667624,0.0,261.4177115801001,0.0,17.355963084342186,0.0,10.441294232807012,0.0,4884.457994827679,0.0,811.7583765191009,0.0,17.079981964877582,0.0,16.502523869786895,0.0,13.21567387556855,0.0
Wunde,602.4352941176471,0.0,22.958473452474443,0.0,520.0869500035158,0.0,319.0,0.0,215.95361186728198,0.0,15.478061117910324,0.0,17.86057109949175,0.0,12.348668777493813,0.0,1096.8671303445042,0.0,363.2791917068895,0.0,262.5045232352546,0.0,4.764342510094071,0.0,9.319068016559834,0.0,3658.391746441297,0.0,565.6438639987441,0.0,15.478061133068474,0.0,14.910469089521412,0.0,11.173954617631354,0.0
Wurst,502.56862745098044,0.0,20.918465690473614,0.0,543.7974860244159,0.0,370.0,0.0,250.73447333618083,0.0,16.153168904480157,0.0,19.235384061671343,0.0,13.289980329882566,0.0,1095.4622214821939,0.0,354.825901676494,0.0,255.78265237575894,0.0,12.07903965558608,0.0,9.134148992200988,0.0,3627.1809019214943,0.0,583.0822700258803,0.0,16.153168905121355,0.0,15.288319112137867,0.0,12.086096813439273,0.0
Wvnkt,551.9607843137255,0.0,21.90922659336157,0.0,590.1348476193906,0.0,443.0,0.0,306.69005404978896,0.0,17.425790134758795,0.0,21.047565179849187,0.0,14.852082456146992,0.0,1105.9817352022467,0.0,383.1456218204658,0.0,281.96020661709133,0.0,8.84515576280184,0.0,24.293826209673902,0.0,6427.058601035463,0.0,676.7663384336972,0.0,17.425790135191907,0.0,16.65179400375033,0.0,13.618799640942585,0.0
Wärkt,553.7764705882353,0.0,21.949763691332628,0.0,577.2597683286418,0.0,417.0,0.0,288.8348151998094,0.0,17.09388046998446,0.0,20.42057785666214,0.0,14.425675827124348,0.0,1101.7950058100828,0.0,365.62232663862807,0.0,265.4807155331574,0.0,11.192513707803805,0.0,11.784891243193439,0.0,4479.311517946243,0.0,871.0684046027928,0.0,17.093880473109536,0.0,16.536973365598186,0.0,13.203396310036354,0.0
Wölfe,540.0980392156863,0.0,21.747719568281347,0.0,561.2508486554448,0.0,378.0,0.0,261.2932503803726,0.0,16.61576951142855,0.0,19.44222209522358,0.0,13.728433895003452,0.0,1100.4277268421972,0.0,373.3292160661336,0.0,274.99776549526274,0.0,9.876854186841454,0.0,14.761451957413424,0.0,2681.069885130389,0.0,1594.2639061493505,0.0,16.615769558691515,0.0,16.222086833755412,0.0,12.599540497337134,0.0
Würfe,535.2705882352941,0.0,21.67207207881051,0.0,562.473828135051,0.0,397.0,0.0,271.43941020376315,0.0,16.6614978795123,0.0,19.924858845171276,0.0,13.907757771166073,0.0,1099.7153395687226,0.0,372.89299682161334,0.0,274.21555495801755,0.0,9.889947477338643,0.0,12.88352857945358,0.0,5940.044763570045,0.0,2519.924181441412,0.0,16.66149792725348,0.0,16.38365657681295,0.0,12.758714753155804,0.0
Wüten,572.4823529411765,0.0,22.37661113472421,0.0,542.281993066669,0.0,364.0,0.0,248.59104327585283,0.0,16.149993468590363,0.0,19.078784028338912,0.0,13.306156265949145,0.0,1096.7634034545986,0.0,359.29373739815964,0.0,260.8803011291736,0.0,8.204725746552342,0.0,11.2705533441818,0.0,6289.575088025908,0.0,2497.720165979641,0.0,16.14999348417553,0.0,15.614389905298362,0.0,12.131921773338789,0.0
Xbllm,498.50980392156856,0.0,20.844222944073806,0.0,618.5048528168161,0.0,457.0,0.0,320.68154399543073,0.0,17.989039433399842,0.0,21.37755832643195,0.0,15.334235347819726,0.0,875.0712670839316,0.0,660.7490995865493,0.0,528.949565884213,0.0,6.403302495907328,0.0,41.856495939348605,0.0,2208.5741445032104,0.0,2493.3635907292855,0.0,17.989039507824664,0.0,17.1261246208748,0.0,14.076892063519715,0.0
Xdgzr,512.756862745098,0.0,21.278070362569984,0.0,522.6703474041177,0.0,337.0,0.0,221.29291932327124,0.0,15.41011399858243,0.0,18.35755975068582,0.0,12.277599130545322,0.0,1021.6359020224918,0.0,429.49195839770476,0.0,333.0842974158321,0.0,7.785265499939304,0.0,42.35095311788616,0.0,2956.036239871825,0.0,867.1340148815572,0.0,15.410114001807445,0.0,14.292068083519117,0.0,11.033971455880515,0.0
Xnprt,459.70196078431377,0.0,20.01480805129686,0.0,505.2696935234595,0.0,324.0,0.0,210.21505812367832,0.0,15.002112421337603,0.0,18.0,0.0,11.85528107364516,0.0,1032.2129623817589,0.0,210.33265018143982,0.0,190.91221116555613,0.0,6.4021285697672115,0.0,40.547301385121905,0.0,2407.1702348029244,0.0,718.1559868143657,0.0,15.002112412411057,0.0,13.556441437570294,0.0,10.519510126632952,0.0
Zahan,526.2549019607843,0.0,21.454813078401372,0.0,459.3167259310331,0.0,262.0,0.0,163.16751146263755,0.0,13.644296654800167,0.0,16.186414056238647,0.0,10.197384586228162,0.0,329.6847340201641,0.0,97.98816143815557,0.0,66.55209985681743,0.0,2.8643725481111075,0.0,12.422034712670516,0.0,868.5594404931776,0.0,611.9000846608026,0.0,13.644296659455357,0.0,12.686207507224859,0.0,8.75327974254948,0.0
Zahga,566.0980392156862,0.0,22.27644806535154,0.0,477.6976323413618,0.0,268.0,0.0,172.04551057410083,0.0,14.172448661413007,0.0,16.3707055437449,0.0,10.701894774224202,0.0,638.7206916413959,0.0,260.97860420674135,0.0,187.83734008383075,0.0,5.067446316671469,0.0,13.254606269315573,0.0,1006.8192223908677,0.0,499.29062161474246,0.0,14.172448676639986,0.0,13.281440531867185,0.0,9.342238167603435,0.0
Zahmt,548.6392156862745,0.0,21.98587467264169,0.0,569.4384087989143,0.0,382.0,0.0,263.5080638991667,0.0,16.72516039176607,0.0,19.544820285692065,0.0,13.790044681480405,0.0,580.1469628151997,0.0,368.49761656567125,0.0,310.5000142779017,0.0,4.803573443325358,0.0,13.249068054374073,0.0,1631.5684098932584,0.0,578.9885805664426,0.0,16.725160382882954,0.0,15.909449648393693,0.0,12.524311715204934,0.0
Zanga,550.7098039215687,0.0,21.974036267745483,0.0,466.49460239698965,0.0,256.0,0.0,161.40287041944742,0.0,13.806726331115547,0.0,16.0,0.0,10.251287945195022,0.0,634.1561011895972,0.0,258.37504662340734,0.0,184.95645197968975,0.0,5.056210792211806,0.0,12.284312940604984,0.0,1002.8088457122919,0.0,613.9980818748057,0.0,13.80672634689561,0.0,12.853998549527606,0.0,8.859433497412208,0.0
Zarig,455.8627450980392,0.0,20.045613114890365,0.0,504.22865136256576,0.0,318.0,0.0,204.1309064960951,0.0,14.870406046350437,0.0,17.832554500127006,0.0,11.642951884405141,0.0,5211.958609141747,0.0,482.97704025994454,0.0,349.60849322593907,0.0,6.500828523245126,0.0,13.578512178160393,0.0,3938.002153746732,0.0,4985.8476848403,0.0,14.870406135834365,0.0,14.087543468541226,0.0,10.345642356069536,0.0
Zatat,471.41568627450977,0.0,20.39470308387149,0.0,476.06907978133034,0.0,286.0,0.0,180.82930695854583,0.0,14.15380836898259,0.0,16.911534525287763,0.0,10.835642753083162,0.0,325.3441792827966,0.0,107.69852714873527,0.0,75.39516112231975,0.0,3.3276821145527133,0.0,12.34287925127673,0.0,2619.644775240528,0.0,1328.8447085068758,0.0,14.15380837072784,0.0,12.962456649380217,0.0,9.390738635813374,0.0
Zauga,550.6470588235294,0.0,21.997545212736576,0.0,470.0651599280241,0.0,263.0,0.0,165.96942884931042,0.0,13.917482961464728,0.0,16.217274740226856,0.0,10.399316179237317,0.0,634.2623932432944,0.0,258.96730588476333,0.0,185.31837834612128,0.0,5.191120497400521,0.0,12.807464608207116,0.0,1782.3091430507093,0.0,506.05464505600077,0.0,13.917482976328852,0.0,12.959982210763878,0.0,9.03440289165496,0.0
Zbgtn,533.9019607843137,0.0,21.70537009863689,0.0,509.46408922417663,0.0,305.0,0.0,200.0300105835352,0.0,15.030449717335845,0.0,17.46424919657298,0.0,11.688953080660017,0.0,998.3493410910442,0.0,271.2207403778217,0.0,197.53732573528123,0.0,4.424943320919033,0.0,18.818515875840646,0.0,3036.596887288697,0.0,507.8819759183211,0.0,15.030449717541128,0.0,13.906405781435705,0.0,10.385613701105235,0.0
Zcchc,439.7372549019608,0.0,19.614876777677196,0.0,457.04203567526287,0.0,233.0,0.0,143.51553378240482,0.0,13.390592522211877,0.0,15.264337522473747,0.0,9.515163231564475,0.0,327.1424542031426,0.0,107.11917150203998,0.0,71.7824739341016,0.0,3.3525677096639113,0.0,24.925183275441256,0.0,1698.0699652155158,0.0,341.26375787022,0.0,13.390592530796399,0.0,11.407397154995865,0.0,8.041362784798297,0.0
Zckhr,460.11764705882354,0.0,20.09360945921805,0.0,510.92704976663094,0.0,333.0,0.0,215.7401225768938,0.0,15.137604441678853,0.0,18.24828759089466,0.0,11.998898822822278,0.0,363.2085223018982,0.0,135.05387255774104,0.0,100.01453493635628,0.0,5.081155857794819,0.0,18.913859567789082,0.0,2455.0406647522677,0.0,463.71953828088533,0.0,15.137604450036378,0.0,13.939898855346694,0.0,10.637151446284646,0.0
Zebre,491.53725490196075,0.0,20.945667433548923,0.0,468.3213621027099,0.0,252.0,0.0,157.6998094277516,0.0,13.779854747318907,0.0,15.874507866387544,0.0,10.064214509537544,0.0,329.7603166949708,0.0,100.22720999706087,0.0,69.05489842092292,0.0,3.845020388706463,0.0,12.977877672093275,0.0,1881.5341104705885,0.0,551.0572962288359,0.0,13.779854737537315,0.0,12.482912952646705,0.0,8.744025226477957,0.0
Zefet,467.7450980392157,0.0,20.48108850973593,0.0,480.7822549963033,0.0,285.0,0.0,179.83183568589723,0.0,14.22868947955144,0.0,16.881943016134134,0.0,10.815442888893074,0.0,343.5285669750707,0.0,167.44779119297542,0.0,136.5484844311103,0.0,3.628314506288498,0.0,15.011772607261841,0.0,2288.152950069667,0.0,1036.0121457116288,0.0,14.228689483566884,0.0,13.13350593986163,0.0,9.494978135340698,0.0
Zehen,520.2549019607843,0.0,21.48316150788106,0.0,456.3094340981947,0.0,246.0,0.0,151.60305361581243,0.0,13.453077851275763,0.0,15.684387141358123,0.0,9.784207304188687,0.0,328.3283927826587,0.0,91.66837998477011,0.0,61.95253115579545,0.0,2.691388898114627,0.0,12.055486690655808,0.0,1109.6016168174283,0.0,636.7314286430928,0.0,13.453077863452451,0.0,12.291083499578225,0.0,8.43959380788356,0.0
Zehnt,491.88235294117646,0.0,20.864850254986596,0.0,473.5741693125501,0.0,272.0,0.0,171.0595329864953,0.0,14.017691871556842,0.0,16.492422502470642,0.0,10.512765810078841,0.0,329.98293924703614,0.0,98.22958116752538,0.0,68.03918539745686,0.0,4.0079200995879365,0.0,12.364825979270872,0.0,1730.0397808435546,0.0,504.7610656561191,0.0,14.017691881347341,0.0,12.7490505044148,0.0,9.170472642490946,0.0
Zeile,424.20784313725494,0.0,19.462978194113674,0.0,481.8170736267564,0.0,282.0,0.0,177.2857911321297,0.0,14.202957465277652,0.0,16.792855623746664,0.0,10.695678694627741,0.0,325.26429172755525,0.0,100.01980358520017,0.0,70.4092025617611,0.0,5.744231830125296,0.0,11.649378276934058,0.0,1892.2514153345137,0.0,2441.3504612380143,0.0,14.20295756494821,0.0,13.122229416331288,0.0,9.353775648937283,0.0
Zelle,430.8666666666667,0.0,19.613011475713822,0.0,486.9182964796452,0.0,288.0,0.0,182.7983814223793,0.0,14.37495623165493,0.0,16.97056274847714,0.0,10.929910652484,0.0,328.495719276492,0.0,106.03668371954464,0.0,77.51474405170875,0.0,5.439122878255848,0.0,11.629396754304587,0.0,2089.0632890826214,0.0,2494.718486441708,0.0,14.37495633022675,0.0,13.355929301630152,0.0,9.610245172347756,0.0
Zeugs,530.6039215686275,0.0,21.667772840186007,0.0,468.6274441191042,0.0,249.0,0.0,156.92272955722376,0.0,13.802458519295858,0.0,15.7797338380595,0.0,10.120455841949399,0.0,633.6872235777797,0.0,257.13432910093127,0.0,184.29684712790083,0.0,4.404972303158354,0.0,12.694105094389514,0.0,1722.8414947730182,0.0,413.6303604900133,0.0,13.802458535709098,0.0,12.513672309191954,0.0,8.840705979684488,0.0
Zfllm,449.93333333333334,0.0,19.968788025169584,0.0,637.3269465042606,0.0,489.0,0.0,341.7705932097275,0.0,18.390002608783227,0.0,22.11334438749598,0.0,15.8010316932259,0.0,971.2058143539961,0.0,827.9442396620765,0.0,693.6520200600888,0.0,8.688564650042442,0.0,24.23338955079191,0.0,2364.8458560971208,0.0,2841.83840365715,0.0,18.390002657482786,0.0,17.993059717309947,0.0,14.566686403139498,0.0
Zicke,449.25882352941176,0.0,19.920140831959255,0.0,495.6134923779679,0.0,294.0,0.0,189.82749866633756,0.0,14.635466816775937,0.0,17.146428199482248,0.0,11.232320240766937,0.0,339.2505180366713,0.0,115.95072443986223,0.0,82.61793680389763,0.0,6.892567616965442,0.0,12.378823418200227,0.0,6438.173169617611,0.0,2524.6363844719867,0.0,14.635466799824002,0.0,13.349869178166061,0.0,9.853904079059618,0.0
Zidim,480.56862745098044,0.0,20.621780701301713,0.0,612.9120533945362,0.0,444.0,0.0,307.2410853870025,0.0,17.713610931257012,0.0,21.071307505705477,0.0,14.910070060508726,0.0,860.1012776670885,0.0,663.0337762095302,0.0,529.4503442384892,0.0,8.810619205937584,0.0,14.602671099676849,0.0,6191.5000641852885,0.0,5554.704746806316,0.0,17.713610986319747,0.0,17.22100539394869,0.0,13.65657500562212,0.0
Zihlt,402.5764705882353,0.0,18.84973461866655,0.0,527.7654849815003,0.0,361.0,0.0,235.04038210507747,0.0,15.58380359837598,0.0,19.0,0.0,12.555101507548649,0.0,336.86355975925375,0.0,118.66289556607747,0.0,86.82410768146508,0.0,4.942208953076355,0.0,12.69093366573765,0.0,5006.151281465215,0.0,3468.302030060177,0.0,15.583803661574382,0.0,14.983221843965396,0.0,11.22805107477137,0.0
Zilti,343.52941176470586,0.0,17.445081179591938,0.0,540.0577528255642,0.0,388.0,0.0,252.38477171640278,0.0,15.898256935255835,0.0,19.697715603592208,0.0,13.013688393561322,0.0,331.39699877087776,0.0,126.49727428775876,0.0,91.75601518931475,0.0,7.204751465599385,0.0,13.076972153349482,0.0,5936.734692971812,0.0,2631.7606841524535,0.0,15.898256925536689,0.0,15.220924235845185,0.0,11.712570690737914,0.0
Zitat,416.1098039215686,0.0,19.19010462035717,0.0,508.3551882479874,0.0,341.0,0.0,218.63736931392287,0.0,15.055475562543304,0.0,18.466185312619388,0.0,12.001430107737223,0.0,326.8942224416054,0.0,115.4655479000623,0.0,81.28740602029823,0.0,4.903188687457919,0.0,12.542298578727374,0.0,5451.478939802078,0.0,2811.286126149869,0.0,15.055475554438948,0.0,14.253616803676717,0.0,10.603293510931136,0.0
Zjgst,488.5960784313726,0.0,20.774175847929744,0.0,541.3860321348379,0.0,346.0,0.0,233.1108145891547,0.0,15.929700172985193,0.0,18.601075237738275,0.0,12.814329115179259,0.0,22239.07480263709,0.0,2965.755308856639,0.0,2829.552426863147,0.0,5.297246335761419,0.0,34.224269314683035,0.0,1939.1247146007431,0.0,2284.1861772876455,0.0,15.929700169657613,0.0,14.7982756739211,0.0,11.567606872839528,0.0
Zlbqr,464.1137254901961,0.0,20.273696270703567,0.0,521.3616337410654,0.0,332.0,0.0,217.45462407865807,0.0,15.348047957631126,0.0,18.2208671582886,0.0,12.135800541791506,0.0,10603.668741820795,0.0,12837.305659191643,0.0,10598.611771640148,0.0,5.215033198346954,0.0,64.36984664087285,0.0,3889.3499473653083,0.0,1585.7517929832875,0.0,15.348047967888004,0.0,14.571031964213761,0.0,10.84919146097411,0.0
Zobel,487.6549019607843,0.0,20.777605280675118,0.0,479.208925162226,0.0,258.0,0.0,165.64933368325904,0.0,14.130375531546036,0.0,16.06237840420901,0.0,10.497676858391248,0.0,340.605541993285,0.0,119.02248675228437,0.0,92.071588664511,0.0,5.422571530652955,0.0,13.178933413170515,0.0,1437.2037225848546,0.0,701.7006434185264,0.0,14.130375543248,0.0,12.594699593423442,0.0,9.228307139079073,0.0
Zogig,525.8235294117646,0.0,21.519556657226186,0.0,514.856867376466,0.0,296.0,0.0,195.645216911014,0.0,15.102686754303512,0.0,17.204650534085253,0.0,11.62554521190314,0.0,5294.185454670843,0.0,538.2820350182078,0.0,390.063649398254,0.0,5.598599296162808,0.0,14.432041726511567,0.0,3916.347881598833,0.0,4964.3136216635985,0.0,15.102686831720694,0.0,14.010232043665898,0.0,10.39630537861539,0.0
Zokel,479.2156862745097,0.0,20.57207582450869,0.0,498.5537957497753,0.0,297.0,0.0,193.85234201457683,0.0,14.779702454778676,0.0,17.233687939614086,0.0,11.452201937728834,0.0,366.7024577376271,0.0,138.06763184362893,0.0,109.03601065048888,0.0,5.367046092769464,0.0,14.070298013339409,0.0,2290.9378776066924,0.0,768.6600051165892,0.0,14.77970246342407,0.0,13.307463149770536,0.0,10.181250722817667,0.0
Zonen,498.44313725490196,0.0,20.96476713384977,0.0,442.65674215797685,0.0,222.0,0.0,133.8491765597848,0.0,12.962755136604766,0.0,14.89966442575134,0.0,9.057303630074843,0.0,319.33097163144777,0.0,81.45278938854192,0.0,51.13704666677038,0.0,2.3895528077897823,0.0,11.602615604759553,0.0,1228.3991575431066,0.0,784.9844317325612,0.0,12.96275514774248,0.0,11.509660962660789,0.0,7.677208387899134,0.0
Zoten,478.71764705882356,0.0,20.5919850926925,0.0,459.09813904741253,0.0,245.0,0.0,151.58485816861943,0.0,13.507309610386377,0.0,15.652475842498529,0.0,9.806969072523186,0.0,322.7744032160449,0.0,95.24665135503597,0.0,65.77974081811493,0.0,2.525604855023325,0.0,11.77877883550365,0.0,2725.139085959098,0.0,1372.4821799268473,0.0,13.507309617772087,0.0,11.986776228008532,0.0,8.461797574125281,0.0
Zotis,421.0156862745098,0.0,19.256511653493483,0.0,475.12155318955456,0.0,265.0,0.0,167.48029112441048,0.0,14.020059382463758,0.0,16.278820596099706,0.0,10.427928592776349,0.0,323.5313847569901,0.0,99.06166074982895,0.0,69.62638569275619,0.0,5.848492975982664,0.0,12.283318056819546,0.0,4607.870197281995,0.0,5098.6949451090795,0.0,14.020059473285894,0.0,12.507625505282826,0.0,9.088618412915594,0.0
Ztltt,391.39607843137253,0.0,18.669418152791565,0.0,531.262124837688,0.0,367.0,0.0,240.36579202409703,0.0,15.7233435886603,0.0,19.157244060668017,0.0,12.756340485915368,0.0,336.4477763943901,0.0,135.65767828393552,0.0,104.50901465775254,0.0,4.827701295267822,0.0,14.463612718030063,0.0,3761.7180964024756,0.0,1258.4258971894778,0.0,15.723343595209647,0.0,14.694693988235935,0.0,11.413980113836452,0.0
Zuber,482.8274509803922,0.0,20.71381346916152,0.0,475.13683739264224,0.0,269.0,0.0,169.79636145946458,0.0,14.027469498008285,0.0,16.401219466856727,0.0,10.482531424311688,0.0,330.23178756598844,0.0,103.18722814366592,0.0,70.7261040118859,0.0,5.753085166620894,0.0,12.931854618886561,0.0,3574.8781601763103,0.0,627.219414675903,0.0,14.027469511971855,0.0,12.833482377387341,0.0,9.164248498753674,0.0
Zucht,462.09803921568624,0.0,20.179623603176033,0.0,475.86838850665805,0.0,267.0,0.0,169.67584844102993,0.0,14.082151231762047,0.0,16.34013463836819,0.0,10.523868016810653,0.0,327.4283026317119,0.0,101.84835437382921,0.0,69.98158523600735,0.0,3.164027085548063,0.0,12.60071824022051,0.0,3647.438120890933,0.0,352.8215231718687,0.0,14.082151237958437,0.0,12.450878850699732,0.0,9.158490366827719,0.0
Zuhun,502.835294117647,0.0,21.02875166933294,0.0,472.44432082692197,0.0,279.0,0.0,175.16903398223943,0.0,14.01550176175611,0.0,16.703293088490067,0.0,10.611415715703673,0.0,329.7782792360986,0.0,98.3438534187851,0.0,67.12880034831764,0.0,2.8142490199458274,0.0,13.594627976598535,0.0,5472.609157011294,0.0,576.0933740213654,0.0,14.015501768910111,0.0,12.930668386609657,0.0,9.294257027095906,0.0
Zunft,450.38823529411764,0.0,19.97807371720836,0.0,495.2938675531449,0.0,316.0,0.0,201.86265487211426,0.0,14.70814811961225,0.0,17.776388834631177,0.0,11.513147502682248,0.0,334.57799150774025,0.0,143.7379198374153,0.0,111.320465937469,0.0,4.489897792520361,0.0,13.939837825088523,0.0,3783.3643991339914,0.0,1343.7281405561828,0.0,14.708148156873,0.0,13.804802482887373,0.0,10.206015889309532,0.0
Zunge,536.0,0.0,21.781105992101015,0.0,470.8555853449763,0.0,254.0,0.0,160.30092472996537,0.0,13.869441281322471,0.0,15.937377450509228,0.0,10.229978717328306,0.0,633.8453565868954,0.0,257.38646013875467,0.0,184.42980941880325,0.0,5.408280906328451,0.0,12.164206990772305,0.0,3504.179884521114,0.0,532.412266370899,0.0,13.869441296346752,0.0,12.806769155073983,0.0,8.937719196902654,0.0
Zutar,439.89019607843136,0.0,19.72402988396423,0.0,486.46365078793326,0.0,308.0,0.0,194.8162080753919,0.0,14.435827113657895,0.0,17.549928774784245,0.0,11.232553673317934,0.0,325.1639944385085,0.0,110.27818038452465,0.0,76.25039538765111,0.0,5.092205446626042,0.0,12.786471980096273,0.0,4238.035788532736,0.0,1295.8424850731662,0.0,14.435827116286788,0.0,13.384496084212376,0.0,9.8609458043254,0.0
Zvhlg,492.4235294117647,0.0,20.835132840391005,0.0,546.0105444259759,0.0,380.0,0.0,252.61969978438398,0.0,16.109965978924716,0.0,19.493588689617926,0.0,13.213332079450577,0.0,5213.923892034642,0.0,503.3222558228887,0.0,369.15192089930474,0.0,5.401569285669161,0.0,26.794900747115864,0.0,4946.133885245237,0.0,2447.922129123066,0.0,16.109966059538085,0.0,15.410568161607468,0.0,11.995214197604188,0.0
Zwack,537.8039215686274,0.0,21.714218779255845,0.0,552.0143867467378,0.0,373.0,0.0,255.35099188481274,0.0,16.360483770242563,0.0,19.313207915827967,0.0,13.492574726615583,0.0,534.0243173733758,0.0,486.9322072547132,0.0,379.78077267437993,0.0,4.02950217682197,0.0,17.321209822497803,0.0,2574.194658507882,0.0,636.2690526481178,0.0,16.360483774696124,0.0,15.10654710604364,0.0,12.135926091487821,0.0
Zwerg,538.407843137255,0.0,21.857244010275434,0.0,568.3029669920629,0.0,398.0,0.0,270.31974764186134,0.0,16.6578250992171,0.0,19.949937343260004,0.0,13.839739392540686,0.0,5226.440254579352,0.0,673.5328732938831,0.0,507.26925625538416,0.0,5.118162671169264,0.0,17.69091376588497,0.0,3044.727312829961,0.0,750.3134198117016,0.0,16.657825093965233,0.0,16.13223338153278,0.0,12.658328784321212,0.0
Zwest,512.9843137254902,0.0,21.324634544271827,0.0,539.0757287115698,0.0,357.0,0.0,240.24673188320028,0.0,15.936311045954556,0.0,18.894443627691185,0.0,12.965818195895887,0.0,505.23489434084735,0.0,479.5227295263071,0.0,373.4906363365137,0.0,6.2836669945481365,0.0,16.446287907640034,0.0,2648.3717391518594,0.0,616.4387871255593,0.0,15.936311049832094,0.0,14.888966991750822,0.0,11.718348041284356,0.0
Zwoig,527.8666666666667,0.0,21.560712273148354,0.0,566.5777546781106,0.0,389.0,0.0,264.13396903158065,0.0,16.584591657829204,0.0,19.72308292331602,0.0,13.684428720369842,0.0,5226.423067582934,0.0,672.858329270528,0.0,506.8282858957557,0.0,5.423332753951766,0.0,17.731749501385345,0.0,4570.276910393186,0.0,4977.4768643600555,0.0,16.584591738512934,0.0,15.924644397617973,0.0,12.462480965193174,0.0
Zwong,571.5254901960784,0.0,22.415710629935038,0.0,547.6978498441622,0.0,361.0,0.0,243.88110007015638,0.0,16.10038814059648,0.0,19.0,0.0,13.12835648524423,0.0,5226.3615652881845,0.0,672.0853985096554,0.0,506.2349235755721,0.0,4.2796400852323835,0.0,17.37644341216901,0.0,2928.7123591820628,0.0,706.1415015406094,0.0,16.1003881498052,0.0,15.338245470325441,0.0,11.927733281022372,0.0
Zwöck,544.7098039215687,0.0,21.869993346970634,0.0,561.1976297683799,0.0,372.0,0.0,256.6605282161854,0.0,16.538647007315653,0.0,19.28730152198591,0.0,13.60028928847654,0.0,539.059591353053,0.0,493.50800435940135,0.0,386.8622081276862,0.0,4.046099644374831,0.0,24.156088465134577,0.0,2529.9223167160767,0.0,639.5738241406884,0.0,16.538647017211204,0.0,15.331661633612711,0.0,12.34215990658182,0.0
Zwölf,493.6156862745098,0.0,20.89070881337217,0.0,588.3063550956203,0.0,432.0,0.0,295.84215712004345,0.0,17.220484939134828,0.0,20.784609690826528,0.0,14.534526167639818,0.0,540.3800804185798,0.0,525.6946922477053,0.0,418.2712060129216,0.0,8.135939463651441,0.0,25.015398247197982,0.0,2760.1652202868777,0.0,2455.8893396265466,0.0,17.220485026653353,0.0,16.774652321672335,0.0,13.347809027914442,0.0
Zyste,476.4901960784314,0.0,20.586454824973362,0.0,514.6742555932353,0.0,328.0,0.0,215.6578286427859,0.0,15.245873346247484,0.0,18.110770276274835,0.0,12.132150147584516,0.0,698.8045932992142,0.0,479.1141311730965,0.0,377.91560989464955,0.0,3.0355886936880623,0.0,15.064406184788785,0.0,6073.952883707712,0.0,541.1759139588662,0.0,15.245873358613922,0.0,14.074043320513404,0.0,10.903036878536959,0.0
Zähne,539.5843137254901,0.0,21.811169623345087,0.0,462.9318039524437,0.0,253.0,0.0,159.14744597165253,0.0,13.728152516016456,0.0,15.905973720586866,0.0,10.1590694192272,0.0,331.9355239819498,0.0,109.77249862116896,0.0,79.17640327850692,0.0,2.81771493983621,0.0,13.63620481641471,0.0,1997.3620829475624,0.0,803.2023887211689,0.0,13.72815253404126,0.0,12.907738378119792,0.0,8.862448169981493,0.0
Zätzä,517.156862745098,0.0,21.46598715137344,0.0,501.1471938193521,0.0,319.0,0.0,206.8570310181634,0.0,14.916137591799703,0.0,17.86057109949175,0.0,11.786785528618362,0.0,362.62335625804513,0.0,208.25278226953662,0.0,178.12184987632781,0.0,4.1454527675703465,0.0,77.50540376457054,0.0,2912.7844035636404,0.0,1387.5654618059773,0.0,14.91613759384991,0.0,14.281214810859584,0.0,10.494339667852001,0.0
Zöhlö,503.0666666666666,0.0,21.027376381229615,0.0,503.0898152769979,0.0,301.0,0.0,197.13738286496456,0.0,14.904576371913311,0.0,17.349351572897472,0.0,11.58508449123005,0.0,369.1157846157356,0.0,199.721803456454,0.0,174.52284968302106,0.0,4.201558590193011,0.0,77.36260250234216,0.0,1942.487384352128,0.0,2494.534675804209,0.0,14.904494244010824,0.0,14.205627186260328,0.0,10.42127687547188,0.0
Zügel,515.3294117647058,0.0,21.37394023174887,0.0,515.1950842308751,0.0,316.0,0.0,208.58417993039225,0.0,15.218199317592775,0.0,17.776388834631177,0.0,11.990075822704542,0.0,988.6124760896206,0.0,273.79277064912355,0.0,202.19801842461513,0.0,6.4210537577930475,0.0,14.686979669873125,0.0,5830.563557631767,0.0,2219.9930748327474,0.0,15.218199330560257,0.0,14.279715072404988,0.0,10.797481166835535,0.0
Ädarn,517.5058823529412,0.0,21.299593417212503,0.0,511.043804858134,0.0,334.0,0.0,221.67559766098714,0.0,15.278012256120313,0.0,18.275666882497067,0.0,12.345466431334652,0.0,2207.408454189366,0.0,1943.080503564875,0.0,1557.0218661587617,0.0,7.344990397990295,0.0,27.410169660836743,0.0,3319.3094781662044,0.0,975.8740390753552,0.0,15.278012253737911,0.0,14.363511709994162,0.0,11.106401006245967,0.0
Ämter,521.9803921568628,0.0,21.503070066832684,0.0,616.5748437770701,0.0,454.0,0.0,320.14364962151456,0.0,17.959993607791503,0.0,21.307275752662516,0.0,15.369964091403485,0.0,2559.0033086812973,0.0,2202.5544407286898,0.0,1778.83640660916,0.0,11.07060487458564,0.0,25.485098651411434,0.0,4784.879987073942,0.0,1618.2661898538693,0.0,17.959993619298867,0.0,17.177691803997966,0.0,14.204195651381935,0.0
Äpfel,499.52156862745096,0.0,21.016836223473092,0.0,543.061677138706,0.0,362.0,0.0,246.69001494045278,0.0,16.13598030724779,0.0,19.026297590440446,0.0,13.252486198155184,0.0,2535.939192622441,0.0,1940.469239021723,0.0,1563.7704593393644,0.0,9.544088062323157,0.0,26.810126754663635,0.0,2427.032823992977,0.0,1132.4781282315028,0.0,16.135980308930414,0.0,15.118048268890636,0.0,12.036639740203553,0.0
Ärger,488.25098039215686,0.0,20.780076519625148,0.0,540.4856528771948,0.0,363.0,0.0,243.97590487511616,0.0,15.981683121015681,0.0,19.05255888325765,0.0,13.050930023292576,0.0,2379.7749435790415,0.0,1929.0304942025455,0.0,1543.1430537130293,0.0,7.165099809298815,0.0,23.903594520876418,0.0,3106.7765266896236,0.0,893.3214623551307,0.0,15.981683136683763,0.0,15.169979133566027,0.0,11.850732207884194,0.0
Ärmel,504.7058823529412,0.0,21.12194505391107,0.0,622.4424720531204,0.0,468.0,0.0,329.43792747962664,0.0,18.10952603301507,0.0,21.633307652783937,0.0,15.562735083933164,0.0,2223.518954477624,0.0,1936.9351390754769,0.0,1554.0250388396098,0.0,6.772595998300196,0.0,24.289444869387804,0.0,3964.2621108048493,0.0,1261.5722235221235,0.0,18.109526044280955,0.0,17.438131453664713,0.0,14.370309227343395,0.0
Ärzte,461.58039215686273,0.0,20.33398074110675,0.0,531.8304963626601,0.0,361.0,0.0,240.16231918364412,0.0,15.78410306724503,0.0,19.0,0.0,12.864453117088289,0.0,2191.525736716904,0.0,1915.2054630299237,0.0,1534.307393293916,0.0,4.226149316705254,0.0,26.165583701748446,0.0,4190.089808860189,0.0,749.4430934067846,0.0,15.784103079644042,0.0,14.849222245722709,0.0,11.606001148064353,0.0
Ödlor,480.29803921568634,0.0,20.4148207389989,0.0,513.533982068026,0.0,300.0,0.0,201.1808933738836,0.0,15.17663786896588,0.0,17.320508075688775,0.0,11.859147653292133,0.0,36037.51783288328,0.0,16424.161680997615,0.0,8336.287948936098,0.0,11.393781643410076,0.0,56.6574610803379,0.0,3538.4692158812322,0.0,1300.0226932602081,0.0,15.176637875535102,0.0,13.732894379686842,0.0,10.608548058951184,0.0
Öktie,491.09411764705885,0.0,20.682221701309427,0.0,538.2064880330574,0.0,344.0,0.0,234.4024920194655,0.0,15.945252231948858,0.0,18.547236990991408,0.0,12.895343337316504,0.0,36038.139215043804,0.0,16421.29573162889,0.0,8332.689386104836,0.0,8.916789340799552,0.0,56.38398128485098,0.0,6717.311366547036,0.0,5087.704422801371,0.0,15.945252319598636,0.0,14.544124369281928,0.0,11.581632093171564,0.0
Öllau,465.64313725490194,0.0,20.059180799149022,0.0,531.5705366041086,0.0,355.0,0.0,237.82399186251362,0.0,15.778089519077948,0.0,18.841443681416774,0.0,12.856473678091495,0.0,36036.58099983667,0.0,16420.855953795595,0.0,8332.02769715337,0.0,5.785581942868501,0.0,55.749482689341576,0.0,4225.630509518444,0.0,1719.844583838459,0.0,15.77808950646543,0.0,14.915388610698832,0.0,11.530569924994257,0.0
Öteme,579.3843137254902,0.0,22.56692520113116,0.0,590.6770460786884,0.0,383.0,0.0,273.555806449953,0.0,17.267859423777274,0.0,19.570385790780925,0.0,14.306990271414573,0.0,36039.67668285237,0.0,16424.621837929066,0.0,8337.467403691573,0.0,4.205002219451471,0.0,55.55735394621892,0.0,2102.046471771922,0.0,1061.6578430958155,0.0,17.267859417923063,0.0,16.216085493152033,0.0,13.063703828745929,0.0
Übles,503.8941176470588,0.0,20.972586783370463,0.0,490.8066852950603,0.0,272.0,0.0,178.948288194641,0.0,14.51901999413266,0.0,16.492422502470642,0.0,11.07366575578144,0.0,2622.2457591577627,0.0,1582.1172395570875,0.0,1476.149570660335,0.0,4.791713005921204,0.0,34.289675965185204,0.0,2037.000323849776,0.0,887.4052693455137,0.0,14.519019989430582,0.0,13.121944538289325,0.0,9.819572217951567,0.0
